f,t,cmd_vel,x,y,z,roll,pitch,yaw,wheel_mean,e,edot_f,tau_pd_raw,tau,qL,qR,wvFL,wvRL,wvFR,wvRR
0,0.0,0.5,19.967,-0.0,0.4468,0.06,-1.15,-0.0,-0.033,0.0,0.0,-0.0,0.0,0.0,0.0,-0.03,-0.03,-0.04,-0.02
1,0.0167,0.507,19.968,-0.001,0.4468,0.07,-1.15,-0.0,0.208,0.0,0.0,-0.0,0.0,0.0,0.0,0.15,0.24,0.33,0.11
2,0.0333,0.514,19.968,-0.001,0.4468,0.09,-1.16,-0.0,0.28,0.0,0.0,-0.0,0.0,0.0,0.0,0.31,0.32,0.21,0.29
3,0.05,0.522,19.969,-0.001,0.447,0.09,-1.15,-0.0,0.441,0.0,0.0,-0.0,0.0,0.0,0.0,0.69,0.38,0.39,0.3
4,0.0667,0.529,19.97,-0.001,0.4471,0.09,-1.15,-0.0,0.36,0.0,0.0,-0.0,0.0,0.0,0.0,0.44,0.52,0.41,0.07
5,0.0833,0.536,19.971,-0.001,0.4472,0.09,-1.15,-0.0,0.468,0.0,0.0,-0.0,0.0,0.0,0.0,0.46,0.53,0.47,0.42
6,0.1,0.543,19.972,-0.001,0.4474,0.08,-1.15,-0.0,0.473,0.0,0.0,-0.0,0.0,0.0,0.0,0.54,0.49,0.46,0.39
7,0.1167,0.551,19.973,-0.001,0.4475,0.08,-1.15,-0.0,0.45,0.0,0.0,-0.0,0.0,0.0,0.0,0.46,0.49,0.45,0.41
8,0.1333,0.558,19.974,-0.001,0.4477,0.08,-1.15,-0.0,0.456,0.0,0.0,-0.0,0.0,0.0,0.0,0.46,0.44,0.47,0.44
9,0.15,0.565,19.975,-0.001,0.4478,0.08,-1.15,-0.0,0.478,0.0,0.0,-0.0,0.0,0.0,0.0,0.48,0.49,0.47,0.47
10,0.1667,0.572,19.976,-0.001,0.4479,0.08,-1.15,-0.0,0.501,0.0,0.0,-0.0,0.0,0.0,0.0,0.58,0.49,0.47,0.47
11,0.1833,0.579,19.977,-0.001,0.448,0.08,-1.15,-0.0,0.491,0.0,0.0,-0.0,0.0,0.0,0.0,0.48,0.45,0.6,0.43
12,0.2,0.587,19.978,-0.001,0.4482,0.07,-1.15,-0.0,0.493,0.0,0.0,-0.0,0.0,0.0,0.0,0.49,0.52,0.47,0.48
13,0.2167,0.594,19.979,-0.001,0.4483,0.07,-1.15,-0.0,0.522,0.0,0.0,-0.0,0.0,0.0,0.0,0.49,0.46,0.59,0.54
14,0.2333,0.601,19.98,-0.0,0.4484,0.07,-1.15,-0.0,0.502,0.0,0.0,-0.0,0.0,0.0,0.0,0.4,0.51,0.58,0.52
15,0.25,0.608,19.981,-0.0,0.4485,0.07,-1.15,-0.0,0.49,0.0,0.0,-0.0,0.0,0.0,0.0,0.47,0.52,0.49,0.49
16,0.2667,0.616,19.982,-0.0,0.4486,0.06,-1.15,-0.0,0.513,0.0,0.0,-0.0,0.0,0.0,0.0,0.52,0.48,0.53,0.51
17,0.2833,0.623,19.983,-0.0,0.4487,0.06,-1.15,-0.0,0.627,0.0,0.0,-0.0,0.0,0.0,0.0,0.55,0.79,0.64,0.53
18,0.3,0.63,19.985,-0.0,0.4488,0.06,-1.15,-0.0,0.572,0.0,0.0,-0.0,0.0,0.0,0.0,0.59,0.57,0.59,0.54
19,0.3167,0.637,19.986,-0.0,0.4489,0.06,-1.15,-0.0,0.59,0.0,0.0,-0.0,0.0,0.0,0.0,0.62,0.55,0.62,0.57
20,0.3333,0.644,19.987,-0.0,0.4489,0.05,-1.15,-0.0,0.48,0.0,0.0,-0.0,0.0,0.0,0.0,0.64,0.21,0.49,0.57
21,0.35,0.652,19.988,-0.0,0.449,0.05,-1.15,-0.0,0.247,0.0,0.0,-0.0,0.0,0.0,0.0,0.42,-0.53,0.5,0.59
22,0.3667,0.659,19.99,-0.0,0.449,0.05,-1.15,-0.0,0.615,0.0,0.0,-0.0,0.0,0.0,0.0,0.62,0.62,0.6,0.63
23,0.3833,0.666,19.991,-0.0,0.4491,0.04,-1.15,-0.0,0.506,0.0,0.0,-0.0,0.0,0.0,0.0,0.65,0.16,0.59,0.62
24,0.4,0.673,19.993,-0.0,0.4491,0.04,-1.15,-0.0,0.663,0.0,0.0,-0.0,0.0,0.0,0.0,0.59,0.8,0.64,0.62
25,0.4167,0.681,19.994,-0.0,0.4491,0.04,-1.15,-0.0,0.625,0.0,0.0,-0.0,0.0,0.0,0.0,0.61,0.58,0.65,0.65
26,0.4333,0.688,19.996,-0.0,0.4491,0.03,-1.15,-0.0,0.642,0.0,0.0,-0.0,0.0,0.0,0.0,0.67,0.59,0.66,0.64
27,0.45,0.695,19.997,-0.0,0.449,0.03,-1.15,-0.0,0.666,0.0,0.0,-0.0,0.0,0.0,0.0,0.64,0.71,0.66,0.65
28,0.4667,0.702,19.999,-0.0,0.449,0.03,-1.15,-0.0,0.649,0.0,0.0,-0.0,0.0,0.0,0.0,0.68,0.55,0.68,0.68
29,0.4833,0.709,20.001,-0.0,0.449,0.03,-1.15,-0.0,0.702,0.0,0.0,-0.0,0.0,0.0,0.0,0.7,0.79,0.67,0.65
30,0.5,0.717,20.002,-0.0,0.4489,0.04,-1.15,-0.0,0.688,0.0,0.0,-0.0,0.0,0.0,0.0,0.71,0.63,0.69,0.72
31,0.5167,0.724,20.004,-0.0,0.4488,0.04,-1.16,-0.0,0.706,0.0,0.0,-0.0,0.0,0.0,0.0,0.7,0.72,0.7,0.7
32,0.5333,0.731,20.006,-0.0,0.4487,0.04,-1.15,-0.0,0.726,0.0,0.0,-0.0,0.0,0.0,0.0,0.73,0.79,0.7,0.68
33,0.55,0.738,20.007,-0.0,0.4488,0.03,-1.14,-0.0,0.713,0.0,0.0,-0.0,0.0,0.0,0.0,0.7,0.8,0.67,0.68
34,0.5667,0.746,20.009,-0.0,0.4488,0.02,-1.14,-0.0,0.679,0.0,0.0,-0.0,0.0,0.0,0.0,0.69,0.67,0.66,0.7
35,0.5833,0.753,20.011,0.0,0.4488,0.0,-1.14,-0.0,0.746,0.0,0.0,-0.0,0.0,0.0,0.0,0.75,0.81,0.71,0.71
36,0.6,0.76,20.013,0.0,0.4487,-0.02,-1.14,-0.0,0.752,0.0,0.0,-0.0,0.0,0.0,0.0,0.74,0.8,0.75,0.72
37,0.6167,0.767,20.014,0.0,0.4487,-0.03,-1.14,-0.0,0.734,0.0,0.0,-0.0,0.0,0.0,0.0,0.79,0.69,0.73,0.73
38,0.6333,0.774,20.016,0.0,0.4486,-0.05,-1.13,-0.0,0.749,0.0,0.0,-0.0,0.0,0.0,0.0,0.76,0.74,0.73,0.78
39,0.65,0.782,20.018,0.001,0.4485,-0.07,-1.13,-0.0,0.788,0.0,0.0,-0.0,0.0,0.0,0.0,0.83,0.75,0.79,0.79
40,0.6667,0.789,20.02,0.001,0.4484,-0.09,-1.13,-0.0,0.817,0.0,0.0,-0.0,0.0,0.0,0.0,0.84,0.89,0.74,0.79
41,0.6833,0.796,20.022,0.001,0.4482,-0.11,-1.13,-0.0,0.797,0.0,0.0,-0.0,0.0,0.0,0.0,0.83,0.79,0.77,0.8
42,0.7,0.803,20.024,0.001,0.4482,-0.11,-1.14,-0.0,0.726,0.0,0.0,-0.0,0.0,0.0,0.0,0.74,0.76,0.69,0.71
43,0.7167,0.811,20.026,0.001,0.4483,-0.07,-1.13,-0.0,0.756,0.0,0.0,-0.0,0.0,0.0,0.0,0.75,0.76,0.79,0.73
44,0.7333,0.818,20.027,0.0,0.4483,-0.03,-1.12,-0.0,0.77,0.0,0.0,-0.0,0.0,0.0,0.0,0.76,0.78,0.79,0.75
45,0.75,0.825,20.029,0.0,0.4484,0.0,-1.12,-0.0,0.774,0.0,0.0,-0.0,0.0,0.0,0.0,0.79,0.75,0.78,0.77
46,0.7667,0.832,20.031,-0.0,0.4484,0.05,-1.12,-0.0,0.818,0.0,0.0,-0.0,0.0,0.0,0.0,0.76,0.86,0.86,0.79
47,0.7833,0.839,20.033,-0.0,0.4485,0.06,-1.14,-0.0,0.828,0.0,0.0,-0.0,0.0,0.0,0.0,0.89,0.8,0.8,0.82
48,0.8,0.847,20.035,-0.0,0.4486,0.06,-1.15,-0.0,0.726,0.0,0.0,-0.0,0.0,0.0,0.0,0.65,0.78,0.74,0.74
49,0.8167,0.854,20.036,-0.0,0.4488,0.06,-1.15,-0.0,0.751,0.0,0.0,-0.0,0.0,0.0,0.0,0.76,0.76,0.74,0.74
50,0.8333,0.861,20.038,-0.0,0.449,0.06,-1.15,-0.0,0.786,0.0,0.0,-0.0,0.0,0.0,0.0,0.82,0.76,0.78,0.79
51,0.85,0.868,20.04,-0.0,0.4491,0.07,-1.15,-0.0,0.754,0.0,0.0,-0.0,0.0,0.0,0.0,0.8,0.79,0.67,0.76
52,0.8667,0.876,20.042,-0.0,0.4493,0.07,-1.15,-0.0,0.718,0.0,0.0,-0.0,0.0,0.0,0.0,0.8,0.51,0.77,0.79
53,0.8833,0.883,20.044,-0.0,0.4494,0.07,-1.15,-0.0,0.821,0.0,0.0,-0.0,0.0,0.0,0.0,0.85,0.83,0.81,0.8
54,0.9,0.89,20.046,-0.0,0.4494,0.07,-1.15,-0.0,0.77,0.0,0.0,-0.0,0.0,0.0,0.0,0.81,0.66,0.78,0.82
55,0.9167,0.897,20.048,-0.0,0.4495,0.07,-1.15,-0.0,0.854,0.0,0.0,-0.0,0.0,0.0,0.0,0.86,0.8,0.88,0.87
56,0.9333,0.904,20.05,-0.0,0.4495,0.07,-1.15,-0.0,0.727,0.0,0.0,-0.0,0.0,0.0,0.0,0.8,0.38,0.85,0.88
57,0.95,0.912,20.052,-0.0,0.4495,0.07,-1.15,-0.0,0.882,0.0,0.0,-0.0,0.0,0.0,0.0,0.87,0.87,0.9,0.88
58,0.9667,0.919,20.054,-0.0,0.4495,0.07,-1.15,-0.0,0.7,0.0,0.0,-0.0,0.0,0.0,0.0,0.08,0.94,0.89,0.89
59,0.9833,0.926,20.056,-0.0,0.4495,0.07,-1.15,-0.0,0.897,0.0,0.0,-0.0,0.0,0.0,0.0,0.94,0.82,0.94,0.89
60,1.0,0.933,20.058,-0.0,0.4494,0.07,-1.16,-0.0,0.894,0.0,0.0,-0.0,0.0,0.0,0.0,0.93,0.83,0.96,0.85
61,1.0167,0.941,20.06,-0.0,0.4493,0.08,-1.15,-0.0,0.955,0.0,0.0,-0.0,0.0,0.0,0.0,0.94,1.03,0.94,0.91
62,1.0333,0.948,20.062,-0.0,0.4491,0.07,-1.15,-0.0,0.95,0.0,0.0,-0.0,0.0,0.0,0.0,0.96,0.97,0.94,0.93
63,1.05,0.955,20.065,-0.0,0.449,0.05,-1.16,-0.0,0.934,0.0,0.0,-0.0,0.0,0.0,0.0,0.9,1.01,0.92,0.92
64,1.0667,0.962,20.067,-0.0,0.4488,0.05,-1.16,-0.0,0.908,0.0,0.0,-0.0,0.0,0.0,0.0,0.82,0.94,0.9,0.98
65,1.0833,0.969,20.069,-0.0,0.4485,0.05,-1.16,-0.0,0.977,0.0,0.0,-0.0,0.0,0.0,0.0,0.99,0.95,0.97,1.0
66,1.1,0.977,20.072,-0.0,0.4482,0.04,-1.16,-0.0,1.042,0.0,0.0,-0.0,0.0,0.0,0.0,1.07,1.07,1.0,1.03
67,1.1167,0.984,20.074,-0.0,0.4478,0.03,-1.16,-0.0,1.022,0.0,0.0,-0.0,0.0,0.0,0.0,1.03,1.0,1.01,1.04
68,1.1333,0.991,20.077,-0.0,0.4474,0.03,-1.16,-0.0,1.047,0.0,0.0,-0.0,0.0,0.0,0.0,1.06,1.06,0.99,1.08
69,1.15,0.998,20.08,-0.0,0.4471,0.09,-1.14,-0.0,1.023,0.0,0.0,-0.0,0.0,0.0,0.0,1.12,0.96,1.05,0.97
70,1.1667,1.006,20.082,-0.001,0.4473,0.13,-1.16,-0.0,0.873,0.0,0.0,-0.0,0.0,0.0,0.0,0.53,0.95,1.17,0.84
71,1.1833,1.013,20.084,-0.001,0.4477,0.13,-1.16,-0.0,0.857,0.0,0.0,-0.0,0.0,0.0,0.0,0.99,0.84,0.86,0.75
72,1.2,1.02,20.085,-0.001,0.4479,0.12,-1.15,-0.0,0.792,0.0,0.0,-0.0,0.0,0.0,0.0,0.79,0.9,0.87,0.6
73,1.2167,1.027,20.088,-0.001,0.4482,0.12,-1.15,-0.0,0.86,0.0,0.0,-0.0,0.0,0.0,0.0,0.85,0.97,0.94,0.69
74,1.2333,1.034,20.09,-0.001,0.4485,0.12,-1.15,-0.0,0.944,0.0,0.0,-0.0,0.0,0.0,0.0,0.99,0.94,0.93,0.92
75,1.25,1.042,20.092,-0.001,0.4487,0.11,-1.15,-0.0,0.915,0.0,0.0,-0.0,0.0,0.0,0.0,0.9,0.92,0.92,0.92
76,1.2667,1.049,20.094,-0.001,0.4489,0.1,-1.15,-0.0,0.929,0.0,0.0,-0.0,0.0,0.0,0.0,0.93,0.97,0.9,0.92
77,1.2833,1.056,20.096,-0.001,0.4491,0.1,-1.15,-0.0,0.718,0.0,0.0,-0.0,0.0,0.0,0.0,0.92,0.24,0.81,0.91
78,1.3,1.063,20.098,-0.001,0.4493,0.1,-1.15,-0.0,0.967,0.0,0.0,-0.0,0.0,0.0,0.0,0.96,0.87,1.05,0.99
79,1.3167,1.071,20.101,-0.0,0.4494,0.09,-1.15,-0.0,0.842,0.0,0.0,-0.0,0.0,0.0,0.0,0.9,0.52,0.96,0.98
80,1.3333,1.078,20.103,-0.0,0.4494,0.08,-1.15,-0.0,0.878,0.0,0.0,-0.0,0.0,0.0,0.0,0.99,0.45,1.1,0.97
81,1.35,1.085,20.105,-0.0,0.4495,0.08,-1.15,-0.0,0.981,0.0,0.0,-0.0,0.0,0.0,0.0,0.89,0.98,1.06,0.99
82,1.3667,1.092,20.108,-0.0,0.4495,0.07,-1.15,-0.0,0.93,0.0,0.0,-0.0,0.0,0.0,0.0,1.04,0.6,1.09,0.99
83,1.3833,1.099,20.11,-0.0,0.4494,0.07,-1.15,-0.0,1.077,0.0,0.0,-0.0,0.0,0.0,0.0,0.93,1.37,1.02,0.98
84,1.4,1.107,20.113,-0.0,0.4494,0.06,-1.15,-0.0,0.791,0.0,0.0,-0.0,0.0,0.0,0.0,1.12,0.97,0.96,0.12
85,1.4167,1.114,20.115,-0.0,0.4493,0.06,-1.15,-0.0,1.065,0.0,0.0,-0.0,0.0,0.0,0.0,0.94,1.12,1.11,1.09
86,1.4333,1.121,20.118,-0.0,0.4491,0.06,-1.16,-0.0,1.058,0.0,0.0,-0.0,0.0,0.0,0.0,1.06,1.11,0.97,1.09
87,1.45,1.128,20.121,-0.0,0.449,0.06,-1.16,-0.0,1.106,0.0,0.0,-0.0,0.0,0.0,0.0,1.1,1.17,1.05,1.11
88,1.4667,1.136,20.123,-0.0,0.4487,0.06,-1.16,-0.0,1.178,0.0,0.0,-0.0,0.0,0.0,0.0,1.11,1.37,1.09,1.14
89,1.4833,1.143,20.126,-0.0,0.4484,0.06,-1.16,-0.0,1.156,0.0,0.0,-0.0,0.0,0.0,0.0,1.19,1.12,1.15,1.16
90,1.5,1.15,20.129,-0.0,0.448,0.06,-1.16,-0.0,1.176,0.0,0.0,-0.0,0.0,0.0,0.0,1.17,1.16,1.18,1.19
91,1.5167,1.157,20.132,-0.0,0.4476,0.06,-1.16,-0.0,1.186,0.0,0.0,-0.0,0.0,0.0,0.0,1.22,1.22,1.08,1.22
92,1.5333,1.164,20.135,-0.0,0.447,0.06,-1.16,-0.01,1.168,0.0,0.0,-0.0,0.0,0.0,0.0,1.19,1.04,1.27,1.17
93,1.55,1.172,20.138,-0.0,0.4474,0.05,-1.15,-0.01,1.038,0.0,0.0,-0.0,0.0,0.0,0.0,1.07,1.12,1.0,0.96
94,1.5667,1.179,20.14,-0.0,0.4478,0.06,-1.15,-0.01,1.064,0.0,0.0,-0.0,0.0,0.0,0.0,1.05,1.05,1.03,1.12
95,1.5833,1.186,20.143,-0.0,0.4481,0.06,-1.15,-0.01,1.099,0.0,0.0,-0.0,0.0,0.0,0.0,1.15,1.07,1.05,1.12
96,1.6,1.193,20.145,-0.0,0.4484,0.06,-1.15,-0.01,1.095,0.0,0.0,-0.0,0.0,0.0,0.0,1.11,1.1,1.07,1.1
97,1.6167,1.201,20.148,-0.0,0.4487,0.07,-1.15,-0.01,1.11,0.0,0.0,-0.0,0.0,0.0,0.0,1.16,1.11,1.08,1.1
98,1.6333,1.208,20.15,-0.0,0.449,0.07,-1.15,-0.01,1.161,0.0,0.0,-0.0,0.0,0.0,0.0,1.14,1.17,1.21,1.12
99,1.65,1.215,20.153,-0.0,0.4492,0.07,-1.15,-0.0,1.041,0.0,0.0,-0.0,0.0,0.0,0.0,0.93,1.12,1.03,1.08
100,1.6667,1.222,20.155,-0.0,0.4494,0.07,-1.15,-0.0,1.082,0.0,0.0,-0.0,0.0,0.0,0.0,1.17,0.89,1.2,1.07
101,1.6833,1.229,20.158,-0.0,0.4495,0.07,-1.15,-0.0,1.17,0.0,0.0,-0.0,0.0,0.0,0.0,1.15,1.18,1.21,1.13
102,1.7,1.237,20.161,-0.0,0.4495,0.07,-1.15,-0.0,1.12,0.0,0.0,-0.0,0.0,0.0,0.0,1.17,0.96,1.25,1.11
103,1.7167,1.244,20.163,-0.0,0.4496,0.07,-1.15,-0.0,1.316,0.0,0.0,-0.0,0.0,0.0,0.0,1.18,1.61,1.3,1.17
104,1.7333,1.251,20.166,-0.0,0.4495,0.07,-1.15,-0.0,1.22,0.0,0.0,-0.0,0.0,0.0,0.0,1.2,1.17,1.26,1.25
105,1.75,1.258,20.169,-0.0,0.4494,0.07,-1.15,-0.01,0.888,0.0,0.0,-0.0,0.0,0.0,0.0,0.57,1.14,0.9,0.94
106,1.7667,1.266,20.172,-0.0,0.4493,0.06,-1.16,-0.01,1.238,0.0,0.0,-0.0,0.0,0.0,0.0,1.18,1.23,1.28,1.26
107,1.7833,1.273,20.175,-0.0,0.4491,0.06,-1.16,-0.01,1.275,0.0,0.0,-0.0,0.0,0.0,0.0,1.23,1.4,1.14,1.34
108,1.8,1.28,20.178,-0.0,0.4489,0.05,-1.16,-0.01,1.307,0.0,0.0,-0.0,0.0,0.0,0.0,1.28,1.28,1.35,1.33
109,1.8167,1.287,20.181,0.0,0.4486,0.04,-1.16,-0.01,1.267,0.0,0.0,-0.0,0.0,0.0,0.0,1.2,1.31,1.26,1.3
110,1.8333,1.294,20.184,0.0,0.4482,0.04,-1.15,-0.01,1.324,0.0,0.0,-0.0,0.0,0.0,0.0,1.36,1.29,1.31,1.34
111,1.85,1.302,20.188,-0.0,0.4477,0.06,-1.14,-0.01,0.79,0.0,0.0,-0.0,0.0,0.0,0.0,0.56,0.73,1.16,0.72
112,1.8667,1.309,20.19,-0.001,0.448,0.19,-1.07,-0.01,0.775,0.0,0.0,-0.0,0.0,0.0,0.0,1.07,0.98,0.37,0.67
113,1.8833,1.316,20.193,-0.001,0.4485,0.22,-1.02,-0.01,0.961,0.0,0.0,-0.0,0.0,0.0,0.0,0.87,1.34,0.44,1.19
114,1.9,1.323,20.195,-0.001,0.449,0.17,-1.03,-0.01,1.155,0.0,0.0,-0.0,0.0,0.0,0.0,0.96,1.2,1.25,1.22
115,1.9167,1.331,20.197,-0.001,0.4494,0.13,-1.02,-0.01,1.066,0.0,0.0,-0.0,0.0,0.0,0.0,0.95,1.08,1.22,1.02
116,1.9333,1.338,20.2,-0.001,0.4499,0.14,-0.99,-0.01,1.115,0.0,0.0,-0.0,0.0,0.0,0.0,1.05,1.07,1.3,1.05
117,1.95,1.345,20.203,-0.001,0.4503,0.13,-0.96,-0.01,1.119,0.0,0.0,-0.0,0.0,0.0,0.0,1.14,1.17,1.01,1.15
118,1.9667,1.352,20.206,-0.001,0.4508,0.14,-0.93,-0.01,1.179,0.0,0.0,-0.0,0.0,0.0,0.0,1.18,1.2,1.13,1.2
119,1.9833,1.359,20.208,-0.001,0.4512,0.14,-0.91,-0.01,1.213,0.0,0.0,-0.0,0.0,0.0,0.0,1.22,1.21,1.2,1.23
120,2.0,1.367,20.212,-0.001,0.4515,0.14,-0.88,-0.01,1.252,0.0,0.0,-0.0,0.0,0.0,0.0,1.35,1.23,1.18,1.23
121,2.0167,1.374,20.215,-0.001,0.4518,0.14,-0.85,-0.01,1.284,0.0,0.0,-0.0,0.0,0.0,0.0,1.32,1.26,1.28,1.28
122,2.0333,1.381,20.218,-0.001,0.4521,0.14,-0.82,-0.01,1.377,0.0,0.0,-0.0,0.0,0.0,0.0,1.31,1.23,1.68,1.28
123,2.05,1.388,20.221,-0.001,0.4522,0.13,-0.79,-0.01,1.313,0.0,0.0,-0.0,0.0,0.0,0.0,1.3,1.36,1.3,1.3
124,2.0667,1.396,20.224,-0.001,0.4524,0.13,-0.76,-0.0,1.315,0.0,0.0,-0.0,0.0,0.0,0.0,1.3,1.33,1.3,1.33
125,2.0833,1.403,20.228,-0.001,0.4524,0.14,-0.73,-0.0,1.33,0.0,0.0,-0.0,0.0,0.0,0.0,1.32,1.31,1.36,1.33
126,2.1,1.41,20.231,-0.001,0.4524,0.13,-0.7,-0.0,1.377,0.0,0.0,-0.0,0.0,0.0,0.0,1.41,1.37,1.38,1.35
127,2.1167,1.417,20.235,-0.001,0.4522,0.14,-0.66,-0.0,1.418,0.0,0.0,-0.0,0.0,0.0,0.0,1.44,1.4,1.43,1.4
128,2.1333,1.424,20.238,-0.001,0.4521,0.14,-0.64,-0.0,1.438,0.0,0.0,-0.0,0.0,0.0,0.0,1.39,1.41,1.53,1.42
129,2.15,1.432,20.242,-0.001,0.4519,0.15,-0.6,-0.0,1.276,0.0,0.0,-0.0,0.0,0.0,0.0,1.31,1.48,1.01,1.3
130,2.1667,1.439,20.246,-0.001,0.452,0.19,-0.59,-0.0,1.479,0.0,0.0,-0.0,0.0,0.0,0.0,1.54,1.39,1.49,1.49
131,2.1833,1.446,20.249,-0.001,0.4525,0.18,-0.6,-0.0,1.322,0.0,0.0,-0.0,0.0,0.0,0.0,1.26,1.35,1.33,1.34
132,2.2,1.453,20.252,-0.001,0.4528,0.17,-0.6,-0.0,1.354,0.0,0.0,-0.0,0.0,0.0,0.0,1.39,1.32,1.31,1.4
133,2.2167,1.461,20.255,-0.001,0.4531,0.16,-0.6,-0.0,1.388,0.0,0.0,-0.0,0.0,0.0,0.0,1.4,1.36,1.34,1.46
134,2.2333,1.468,20.258,-0.001,0.4534,0.14,-0.6,-0.0,1.388,0.0,0.0,-0.0,0.0,0.0,0.0,1.39,1.36,1.36,1.44
135,2.25,1.475,20.261,-0.0,0.4535,0.13,-0.61,-0.0,1.442,0.0,0.0,-0.0,0.0,0.0,0.0,1.43,1.5,1.4,1.44
136,2.2667,1.482,20.265,-0.0,0.4536,0.11,-0.61,-0.0,1.458,0.0,0.0,-0.0,0.0,0.0,0.0,1.44,1.52,1.4,1.47
137,2.2833,1.489,20.268,-0.0,0.4536,0.09,-0.6,-0.0,1.345,0.0,0.0,-0.0,0.0,0.0,0.0,1.18,1.42,1.43,1.35
138,2.3,1.497,20.272,-0.0,0.4536,0.07,-0.6,-0.0,1.405,0.0,0.0,-0.0,0.0,0.0,0.0,1.35,1.6,1.37,1.3
139,2.3167,1.504,20.275,-0.0,0.4537,0.07,-0.6,-0.0,1.552,0.0,0.0,-0.0,0.0,0.0,0.0,1.38,1.56,1.84,1.43
140,2.3333,1.511,20.278,-0.0,0.4537,0.07,-0.6,0.0,1.434,0.0,0.0,-0.0,0.0,0.0,0.0,1.36,1.39,1.55,1.43
141,2.35,1.518,20.282,-0.0,0.4536,0.07,-0.6,0.0,1.471,0.0,0.0,-0.0,0.0,0.0,0.0,1.41,1.57,1.47,1.43
142,2.3667,1.526,20.285,-0.0,0.4535,0.08,-0.6,-0.0,1.467,0.0,0.0,-0.0,0.0,0.0,0.0,1.46,1.49,1.44,1.48
143,2.3833,1.533,20.289,-0.0,0.4533,0.09,-0.58,-0.0,1.496,0.0,0.0,-0.0,0.0,0.0,0.0,1.47,1.44,1.56,1.52
144,2.4,1.54,20.293,-0.0,0.453,0.11,-0.56,-0.0,1.565,0.0,0.0,-0.0,0.0,0.0,0.0,1.62,1.48,1.55,1.6
145,2.4167,1.547,20.297,-0.0,0.4525,0.11,-0.55,-0.0,1.616,0.0,0.0,-0.0,0.0,0.0,0.0,1.66,1.59,1.58,1.63
146,2.4333,1.554,20.301,-0.0,0.452,0.12,-0.55,-0.0,1.514,0.0,0.0,-0.0,0.0,0.0,0.0,1.31,1.66,1.58,1.51
147,2.45,1.562,20.304,-0.001,0.4521,0.17,-0.59,0.0,1.333,0.0,0.0,-0.0,0.0,0.0,0.0,1.39,1.47,1.12,1.35
148,2.4667,1.569,20.307,-0.001,0.4528,0.21,-0.67,0.0,1.5,0.0,0.0,-0.0,0.0,0.0,0.0,1.61,1.39,1.57,1.42
149,2.4833,1.576,20.31,-0.001,0.4534,0.21,-0.72,-0.0,1.351,0.0,0.0,-0.0,0.0,0.0,0.0,1.48,1.24,1.36,1.32
150,2.5,1.583,20.313,-0.001,0.454,0.18,-0.75,-0.0,1.355,0.0,0.0,-0.0,0.0,0.0,0.0,1.45,1.44,1.5,1.03
151,2.5167,1.591,20.316,-0.001,0.4546,0.16,-0.78,-0.0,1.458,0.0,0.0,-0.0,0.0,0.0,0.0,1.46,1.47,1.49,1.41
152,2.5333,1.598,20.319,-0.0,0.455,0.13,-0.81,-0.0,1.542,0.0,0.0,-0.0,0.0,0.0,0.0,1.53,1.49,1.58,1.57
153,2.55,1.605,20.322,-0.0,0.4555,0.11,-0.85,-0.0,1.512,0.0,0.0,-0.0,0.0,0.0,0.0,1.5,1.51,1.54,1.5
154,2.5667,1.612,20.325,-0.0,0.4559,0.09,-0.89,-0.01,1.624,0.0,0.0,-0.0,0.0,0.0,0.0,1.64,1.63,1.48,1.75
155,2.5833,1.619,20.328,0.0,0.4563,0.07,-0.95,-0.0,1.498,0.0,0.0,-0.0,0.0,0.0,0.0,1.48,1.5,1.57,1.43
156,2.6,1.627,20.331,-0.0,0.4566,0.07,-0.98,-0.01,1.498,0.0,0.0,-0.0,0.0,0.0,0.0,1.53,1.39,1.6,1.48
157,2.6167,1.634,20.335,-0.0,0.4569,0.07,-1.01,-0.01,1.447,0.0,0.0,-0.0,0.0,0.0,0.0,1.54,1.23,1.52,1.5
158,2.6333,1.641,20.338,-0.0,0.457,0.07,-1.05,-0.01,1.608,0.0,0.0,-0.0,0.0,0.0,0.0,1.58,1.76,1.56,1.54
159,2.65,1.648,20.342,-0.0,0.4571,0.07,-1.09,-0.01,1.78,0.0,0.0,-0.0,0.0,0.0,0.0,1.57,1.51,1.58,2.46
160,2.6667,1.656,20.345,-0.0,0.4571,0.07,-1.12,-0.01,1.649,0.0,0.0,-0.0,0.0,0.0,0.0,1.61,1.7,1.72,1.57
161,2.6833,1.663,20.349,-0.0,0.457,0.07,-1.16,-0.01,1.657,0.0,0.0,-0.0,0.0,0.0,0.0,1.64,1.7,1.66,1.64
162,2.7,1.67,20.353,-0.0,0.4568,0.07,-1.2,-0.01,1.752,0.0,0.0,-0.0,0.0,0.0,0.0,1.68,1.96,1.69,1.68
163,2.7167,1.677,20.357,-0.0,0.4565,0.07,-1.25,-0.01,1.698,0.0,0.0,-0.0,0.0,0.0,0.0,1.69,1.74,1.76,1.61
164,2.7333,1.684,20.36,0.0,0.4567,0.05,-1.28,-0.01,1.095,0.0,0.0,-0.0,0.0,0.0,0.0,1.06,1.53,1.12,0.66
165,2.75,1.692,20.363,0.0,0.4572,0.05,-1.26,-0.0,1.553,0.0,0.0,-0.0,0.0,0.0,0.0,1.74,1.4,1.39,1.69
166,2.7667,1.699,20.367,0.0,0.4577,0.06,-1.26,-0.0,1.555,0.0,0.0,-0.0,0.0,0.0,0.0,1.55,1.51,1.48,1.68
167,2.7833,1.706,20.37,-0.0,0.4581,0.07,-1.26,-0.0,1.572,0.0,0.0,-0.0,0.0,0.0,0.0,1.65,1.56,1.54,1.53
168,2.8,1.713,20.374,-0.0,0.4584,0.07,-1.26,-0.01,1.543,0.0,0.0,-0.0,0.0,0.0,0.0,1.59,1.41,1.5,1.68
169,2.8167,1.721,20.378,-0.0,0.4587,0.08,-1.26,-0.0,1.636,0.0,0.0,-0.0,0.0,0.0,0.0,1.62,1.66,1.62,1.64
170,2.8333,1.728,20.382,-0.0,0.4588,0.08,-1.26,-0.01,1.647,0.0,0.0,-0.0,0.0,0.0,0.0,1.63,1.62,1.69,1.64
171,2.85,1.735,20.386,-0.0,0.4589,0.08,-1.26,-0.01,1.69,0.0,0.0,-0.0,0.0,0.0,0.0,1.67,1.66,1.73,1.71
172,2.8667,1.742,20.39,-0.0,0.4588,0.09,-1.26,-0.01,1.617,0.0,0.0,-0.0,0.0,0.0,0.0,1.74,1.45,1.74,1.53
173,2.8833,1.749,20.394,-0.0,0.4586,0.09,-1.26,-0.01,1.672,0.0,0.0,-0.0,0.0,0.0,0.0,1.63,1.6,1.79,1.67
174,2.9,1.757,20.398,0.0,0.4584,0.07,-1.27,-0.01,1.745,0.0,0.0,-0.0,0.0,0.0,0.0,1.71,2.13,1.74,1.41
175,2.9167,1.764,20.402,0.0,0.458,0.07,-1.27,-0.01,1.709,0.0,0.0,-0.0,0.0,0.0,0.0,1.78,1.61,1.65,1.79
176,2.9333,1.771,20.406,0.0,0.4575,0.06,-1.27,-0.01,1.808,0.0,0.0,-0.0,0.0,0.0,0.0,1.78,1.86,1.78,1.81
177,2.95,1.778,20.411,0.0,0.4568,0.05,-1.27,-0.01,1.826,0.0,0.0,-0.0,0.0,0.0,0.0,1.83,1.85,1.78,1.85
178,2.9667,1.786,20.415,-0.0,0.4561,0.09,-1.25,-0.01,1.82,0.0,0.0,-0.0,0.0,0.0,0.0,2.38,1.89,1.56,1.45
179,2.9833,1.793,20.419,-0.0,0.4567,0.13,-1.28,-0.01,1.42,0.0,0.0,-0.0,0.0,0.0,0.0,1.13,1.44,1.57,1.55
180,3.0,1.8,20.423,-0.0,0.4572,0.11,-1.27,-0.01,1.673,0.0,0.0,-0.0,0.0,0.0,0.0,1.79,1.6,1.57,1.72
181,3.0167,1.807,20.426,-0.0,0.4576,0.1,-1.26,-0.01,1.681,0.0,0.0,-0.0,0.0,0.0,0.0,1.72,1.69,1.67,1.64
182,3.0333,1.814,20.431,-0.0,0.4579,0.1,-1.26,-0.01,1.649,0.0,0.0,-0.0,0.0,0.0,0.0,1.54,1.69,1.67,1.69
183,3.05,1.822,20.435,-0.0,0.4582,0.1,-1.26,-0.01,1.654,0.0,0.0,-0.0,0.0,0.0,0.0,1.62,1.55,1.64,1.8
184,3.0667,1.829,20.439,-0.0,0.4584,0.1,-1.26,-0.01,1.794,0.0,0.0,-0.0,0.0,0.0,0.0,1.73,2.04,1.68,1.73
185,3.0833,1.836,20.443,-0.0,0.4585,0.1,-1.26,-0.01,1.83,0.0,0.0,-0.0,0.0,0.0,0.0,1.76,2.14,1.75,1.66
186,3.1,1.843,20.447,-0.0,0.4585,0.1,-1.26,-0.0,1.833,0.0,0.0,-0.0,0.0,0.0,0.0,1.92,1.79,1.85,1.77
187,3.1167,1.851,20.451,-0.0,0.4583,0.1,-1.26,-0.0,1.86,0.0,0.0,-0.0,0.0,0.0,0.0,1.78,2.06,1.81,1.79
188,3.1333,1.858,20.456,0.0,0.4583,0.07,-1.26,-0.0,1.945,0.0,0.0,-0.0,0.0,0.0,0.0,2.02,2.24,1.77,1.74
189,3.15,1.865,20.46,0.0,0.4582,0.03,-1.25,-0.0,1.814,0.0,0.0,-0.0,0.0,0.0,0.0,1.81,1.85,1.81,1.79
190,3.1667,1.872,20.465,0.001,0.458,-0.01,-1.24,-0.0,1.839,0.0,0.0,-0.0,0.0,0.0,0.0,1.88,1.81,1.82,1.85
191,3.1833,1.879,20.469,0.001,0.4577,-0.05,-1.23,-0.0,1.879,0.0,0.0,-0.0,0.0,0.0,0.0,1.86,1.87,1.88,1.9
192,3.2,1.887,20.474,0.001,0.4577,-0.06,-1.26,-0.0,1.651,0.0,0.0,-0.0,0.0,0.0,0.0,1.61,1.69,1.68,1.62
193,3.2167,1.894,20.478,0.0,0.4578,0.02,-1.25,-0.0,1.855,0.0,0.0,-0.0,0.0,0.0,0.0,1.87,1.88,1.83,1.84
194,3.2333,1.901,20.482,0.0,0.4581,0.08,-1.27,-0.0,1.807,0.0,0.0,-0.0,0.0,0.0,0.0,1.79,1.86,1.78,1.81
195,3.25,1.908,20.486,0.0,0.4584,0.08,-1.26,-0.0,1.729,0.0,0.0,-0.0,0.0,0.0,0.0,1.61,1.74,1.8,1.77
196,3.2667,1.916,20.491,0.0,0.4587,0.08,-1.26,0.0,1.825,0.0,0.0,-0.0,0.0,0.0,0.0,1.83,1.85,1.84,1.78
197,3.2833,1.923,20.495,0.0,0.4588,0.08,-1.26,0.0,1.875,0.0,0.0,-0.0,0.0,0.0,0.0,1.92,1.76,1.92,1.9
198,3.3,1.93,20.5,0.0,0.4589,0.08,-1.26,0.0,1.797,0.0,0.0,-0.0,0.0,0.0,0.0,1.94,1.43,1.95,1.87
199,3.3167,1.937,20.504,0.0,0.4587,0.08,-1.26,0.0,1.825,0.0,0.0,-0.0,0.0,0.0,0.0,1.99,1.46,1.94,1.91
200,3.3333,1.944,20.509,0.0,0.4585,0.08,-1.26,0.0,1.618,0.0,0.0,-0.0,0.0,0.0,0.0,0.75,2.0,1.84,1.89
201,3.35,1.952,20.514,0.0,0.4581,0.06,-1.26,0.0,1.931,0.0,0.0,-0.0,0.0,0.0,0.0,1.92,2.03,1.84,1.93
202,3.3667,1.959,20.518,0.0,0.4576,0.05,-1.27,0.0,1.941,0.0,0.0,-0.0,0.0,0.0,0.0,2.02,1.81,1.96,1.97
203,3.3833,1.966,20.523,0.0,0.4568,0.03,-1.27,0.0,2.033,0.0,0.0,-0.0,0.0,0.0,0.0,2.02,2.11,2.0,2.01
204,3.4,1.973,20.528,-0.0,0.4566,0.13,-1.27,0.01,1.899,0.0,0.0,-0.0,0.0,0.0,0.0,1.9,1.75,2.03,1.91
205,3.4167,1.981,20.532,-0.0,0.4573,0.14,-1.28,0.0,1.68,0.0,0.0,-0.0,0.0,0.0,0.0,1.67,1.72,1.71,1.62
206,3.4333,1.988,20.536,-0.0,0.4578,0.13,-1.28,0.0,1.826,0.0,0.0,-0.0,0.0,0.0,0.0,1.96,1.77,1.77,1.8
207,3.45,1.995,20.54,-0.0,0.4582,0.12,-1.26,0.0,1.903,0.0,0.0,-0.0,0.0,0.0,0.0,1.93,1.9,1.87,1.91
208,3.4667,2.002,20.545,-0.0,0.4586,0.11,-1.26,0.0,2.084,0.0,0.0,-0.0,0.0,0.0,0.0,1.8,2.5,2.14,1.89
209,3.4833,2.009,20.55,0.0,0.4588,0.1,-1.26,0.0,1.945,0.0,0.0,-0.0,0.0,0.0,0.0,1.92,1.98,1.98,1.89
210,3.5,2.017,20.554,0.0,0.4588,0.08,-1.26,0.0,1.998,0.0,0.0,-0.0,0.0,0.0,0.0,1.92,2.1,2.04,1.93
211,3.5167,2.024,20.559,0.0,0.4587,0.07,-1.26,0.0,1.757,0.0,0.0,-0.0,0.0,0.0,0.0,1.58,1.52,2.16,1.76
212,3.5333,2.031,20.563,0.0,0.4585,0.07,-1.26,0.0,2.001,0.0,0.0,-0.0,0.0,0.0,0.0,1.96,2.01,2.05,1.98
213,3.55,2.038,20.568,0.0,0.4582,0.06,-1.26,0.01,1.541,0.0,0.0,-0.0,0.0,0.0,0.0,0.31,2.2,1.9,1.75
214,3.5667,2.046,20.573,0.0,0.4576,0.06,-1.26,0.01,2.064,0.0,0.0,-0.0,0.0,0.0,0.0,2.04,2.1,2.04,2.08
215,3.5833,2.053,20.578,0.0,0.4569,0.06,-1.26,0.01,2.035,0.0,0.0,-0.0,0.0,0.0,0.0,2.04,1.91,2.09,2.09
216,3.6,2.06,20.583,0.0,0.4566,0.05,-1.27,0.01,1.598,0.0,0.0,-0.0,0.0,0.0,0.0,1.39,2.14,1.56,1.31
217,3.6167,2.067,20.587,0.0,0.4573,0.06,-1.26,0.01,1.847,0.0,0.0,-0.0,0.0,0.0,0.0,1.8,1.81,1.74,2.05
218,3.6333,2.074,20.592,0.0,0.4578,0.08,-1.27,0.01,1.881,0.0,0.0,-0.0,0.0,0.0,0.0,1.9,1.94,1.87,1.8
219,3.65,2.082,20.596,0.0,0.4583,0.08,-1.26,0.01,1.924,0.0,0.0,-0.0,0.0,0.0,0.0,1.88,1.96,1.93,1.92
220,3.6667,2.089,20.601,0.0,0.4586,0.08,-1.26,0.01,2.002,0.0,0.0,-0.0,0.0,0.0,0.0,1.99,2.02,2.04,1.95
221,3.6833,2.096,20.606,0.0,0.4588,0.08,-1.26,0.01,1.976,0.0,0.0,-0.0,0.0,0.0,0.0,2.04,1.76,2.11,2.0
222,3.7,2.103,20.61,0.0,0.4589,0.08,-1.26,0.01,1.973,0.0,0.0,-0.0,0.0,0.0,0.0,2.03,2.01,2.1,1.76
223,3.7167,2.111,20.615,0.0,0.4587,0.08,-1.26,0.01,2.114,0.0,0.0,-0.0,0.0,0.0,0.0,2.13,2.01,2.14,2.18
224,3.7333,2.118,20.62,0.0,0.4585,0.07,-1.26,0.0,2.202,0.0,0.0,-0.0,0.0,0.0,0.0,2.54,2.11,2.58,1.58
225,3.75,2.125,20.625,0.001,0.4581,0.06,-1.26,0.0,2.077,0.0,0.0,-0.0,0.0,0.0,0.0,1.94,2.12,2.07,2.17
226,3.7667,2.132,20.631,0.001,0.4575,0.04,-1.27,0.0,2.174,0.0,0.0,-0.0,0.0,0.0,0.0,2.21,2.2,2.08,2.21
227,3.7833,2.139,20.636,0.0,0.4571,0.13,-1.26,0.0,2.048,0.0,0.0,-0.0,0.0,0.0,0.0,2.05,1.97,2.09,2.09
228,3.8,2.147,20.641,-0.001,0.4572,0.24,-1.29,0.0,2.279,0.0,0.0,-0.0,0.0,0.0,0.0,1.94,2.5,2.35,2.33
229,3.8167,2.154,20.645,-0.0,0.4578,0.2,-1.28,-0.0,1.972,0.0,0.0,-0.0,0.0,0.0,0.0,2.14,2.02,1.84,1.88
230,3.8333,2.161,20.65,-0.0,0.4582,0.17,-1.27,0.0,2.1,0.0,0.0,-0.0,0.0,0.0,0.0,2.38,2.01,2.0,2.01
231,3.85,2.168,20.655,0.0,0.4584,0.12,-1.26,-0.0,2.096,0.0,0.0,-0.0,0.0,0.0,0.0,2.16,2.06,2.08,2.08
232,3.8667,2.176,20.66,0.0,0.4586,0.1,-1.26,0.0,2.087,0.0,0.0,-0.0,0.0,0.0,0.0,2.05,2.09,2.17,2.04
233,3.8833,2.183,20.665,0.0,0.4588,0.1,-1.26,-0.0,2.134,0.0,0.0,-0.0,0.0,0.0,0.0,2.02,2.15,2.23,2.14
234,3.9,2.19,20.67,0.0,0.4587,0.09,-1.26,-0.0,2.152,0.0,0.0,-0.0,0.0,0.0,0.0,2.17,2.16,2.13,2.15
235,3.9167,2.197,20.675,0.0,0.4585,0.08,-1.26,-0.01,2.186,0.0,0.0,-0.0,0.0,0.0,0.0,2.05,2.27,2.21,2.21
236,3.9333,2.204,20.68,0.0,0.4581,0.08,-1.25,-0.01,1.893,0.0,0.0,-0.0,0.0,0.0,0.0,2.23,2.25,2.43,0.67
237,3.95,2.212,20.686,0.0,0.4574,0.08,-1.25,-0.01,1.817,0.0,0.0,-0.0,0.0,0.0,0.0,2.0,0.88,2.28,2.11
238,3.9667,2.219,20.691,0.0,0.4582,0.14,-1.16,-0.01,2.005,0.0,0.0,-0.0,0.0,0.0,0.0,1.82,1.94,2.29,1.98
239,3.9833,2.226,20.695,0.0,0.4592,0.14,-1.1,-0.01,2.059,0.0,0.0,-0.0,0.0,0.0,0.0,1.83,2.26,2.21,1.93
240,4.0,2.233,20.7,0.0,0.46,0.11,-1.06,-0.01,2.109,0.0,0.0,-0.0,0.0,0.0,0.0,1.92,2.32,2.22,1.97
241,4.0167,2.241,20.705,0.0,0.4607,0.1,-1.0,-0.01,2.006,0.0,0.0,-0.0,0.0,0.0,0.0,1.93,1.99,2.23,1.88
242,4.0333,2.248,20.71,0.0,0.4612,0.1,-0.94,-0.01,2.049,0.0,0.0,-0.0,0.0,0.0,0.0,1.93,1.93,2.3,2.04
243,4.05,2.255,20.715,0.0,0.4616,0.1,-0.88,-0.01,2.279,0.0,0.0,-0.0,0.0,0.0,0.0,3.01,2.11,1.96,2.03
244,4.0667,2.262,20.721,0.0,0.462,0.1,-0.83,-0.0,2.5,0.0,0.0,-0.0,0.0,0.0,0.0,2.27,2.11,3.44,2.18
245,4.0833,2.269,20.726,0.0,0.4622,0.11,-0.79,-0.0,2.208,0.0,0.0,-0.0,0.0,0.0,0.0,2.13,2.29,2.25,2.16
246,4.1,2.277,20.732,0.0,0.4623,0.12,-0.74,-0.0,2.193,0.0,0.0,-0.0,0.0,0.0,0.0,2.15,2.24,2.2,2.18
247,4.1167,2.284,20.737,0.0,0.4621,0.13,-0.7,-0.0,2.308,0.0,0.0,-0.0,0.0,0.0,0.0,2.22,2.23,2.55,2.23
248,4.1333,2.291,20.743,0.0,0.4618,0.14,-0.65,-0.0,2.278,0.0,0.0,-0.0,0.0,0.0,0.0,2.27,2.27,2.32,2.26
249,4.15,2.298,20.749,-0.0,0.4617,0.16,-0.66,-0.01,2.294,0.0,0.0,-0.0,0.0,0.0,0.0,2.32,2.31,2.24,2.3
250,4.1667,2.306,20.754,-0.0,0.4622,0.2,-0.69,-0.0,2.249,0.0,0.0,-0.0,0.0,0.0,0.0,2.27,2.16,2.18,2.39
251,4.1833,2.313,20.759,-0.0,0.4628,0.22,-0.71,-0.01,2.052,0.0,0.0,-0.0,0.0,0.0,0.0,2.13,1.93,2.02,2.13
252,4.2,2.32,20.764,-0.0,0.4632,0.16,-0.69,-0.01,2.215,0.0,0.0,-0.0,0.0,0.0,0.0,2.32,2.12,2.11,2.32
253,4.2167,2.327,20.769,0.0,0.4634,0.13,-0.67,-0.01,2.272,0.0,0.0,-0.0,0.0,0.0,0.0,2.33,2.22,2.21,2.33
254,4.2333,2.334,20.775,0.0,0.4633,0.09,-0.66,-0.01,2.287,0.0,0.0,-0.0,0.0,0.0,0.0,2.35,2.23,2.23,2.34
255,4.25,2.342,20.78,0.001,0.4634,0.08,-0.66,-0.01,2.181,0.0,0.0,-0.0,0.0,0.0,0.0,2.21,2.27,2.05,2.19
256,4.2667,2.349,20.786,0.001,0.4634,0.08,-0.66,-0.0,2.249,0.0,0.0,-0.0,0.0,0.0,0.0,1.97,2.38,2.36,2.29
257,4.2833,2.356,20.791,0.001,0.4631,0.08,-0.66,-0.0,2.377,0.0,0.0,-0.0,0.0,0.0,0.0,2.3,2.57,2.34,2.29
258,4.3,2.363,20.797,0.001,0.4626,0.09,-0.65,-0.0,2.307,0.0,0.0,-0.0,0.0,0.0,0.0,1.63,2.42,2.41,2.78
259,4.3167,2.371,20.803,0.001,0.4618,0.09,-0.65,-0.01,2.367,0.0,0.0,-0.0,0.0,0.0,0.0,2.36,2.38,2.37,2.36
260,4.3333,2.378,20.807,0.0,0.4623,0.13,-0.8,0.0,2.601,0.0,0.0,-0.0,0.0,0.0,0.0,2.78,2.47,2.8,2.36
261,4.35,2.385,20.811,0.001,0.4633,0.08,-0.9,-0.0,2.062,0.0,0.0,-0.0,0.0,0.0,0.0,2.06,1.98,2.19,2.02
262,4.3667,2.392,20.816,0.001,0.4643,0.08,-0.94,0.0,2.171,0.0,0.0,-0.0,0.0,0.0,0.0,2.26,2.1,2.32,2.01
263,4.3833,2.399,20.82,0.001,0.4652,0.09,-0.98,0.0,2.215,0.0,0.0,-0.0,0.0,0.0,0.0,2.31,2.18,2.28,2.09
264,4.4,2.407,20.825,0.001,0.466,0.09,-1.03,0.0,2.171,0.0,0.0,-0.0,0.0,0.0,0.0,2.32,1.96,2.23,2.18
265,4.4167,2.414,20.83,0.001,0.4666,0.09,-1.07,-0.0,2.272,0.0,0.0,-0.0,0.0,0.0,0.0,2.35,2.24,2.28,2.22
266,4.4333,2.421,20.835,0.001,0.467,0.1,-1.12,-0.0,2.35,0.0,0.0,-0.0,0.0,0.0,0.0,2.37,2.48,2.26,2.29
267,4.45,2.428,20.841,0.001,0.4673,0.1,-1.17,-0.0,2.368,0.0,0.0,-0.0,0.0,0.0,0.0,2.38,2.38,2.41,2.31
268,4.4667,2.436,20.846,0.001,0.4673,0.09,-1.23,-0.0,2.398,0.0,0.0,-0.0,0.0,0.0,0.0,2.42,2.37,2.44,2.36
269,4.4833,2.443,20.851,0.001,0.4672,0.07,-1.28,-0.01,2.442,0.0,0.0,-0.0,0.0,0.0,0.0,2.38,2.51,2.42,2.46
270,4.5,2.45,20.857,0.001,0.4669,0.05,-1.33,-0.01,2.097,0.0,0.0,-0.0,0.0,0.0,0.0,2.43,2.28,2.42,1.26
271,4.5167,2.457,20.862,0.001,0.4666,0.07,-1.41,-0.0,2.142,0.0,0.0,-0.0,0.0,0.0,0.0,2.01,2.53,2.21,1.82
272,4.5333,2.464,20.867,0.0,0.4674,0.14,-1.44,-0.0,2.04,0.0,0.0,-0.0,0.0,0.0,0.0,2.29,1.7,2.12,2.05
273,4.55,2.472,20.872,0.001,0.4678,0.09,-1.39,-0.0,2.32,0.0,0.0,-0.0,0.0,0.0,0.0,2.31,2.23,2.26,2.48
274,4.5667,2.479,20.878,0.001,0.4682,0.09,-1.39,0.0,2.391,0.0,0.0,-0.0,0.0,0.0,0.0,2.64,2.3,2.3,2.33
275,4.5833,2.486,20.883,0.001,0.4685,0.08,-1.38,0.0,2.482,0.0,0.0,-0.0,0.0,0.0,0.0,2.39,2.58,2.57,2.38
276,4.6,2.493,20.889,0.001,0.4685,0.06,-1.37,0.0,2.491,0.0,0.0,-0.0,0.0,0.0,0.0,2.4,2.7,2.48,2.37
277,4.6167,2.501,20.895,0.001,0.4684,0.05,-1.38,0.0,2.388,0.0,0.0,-0.0,0.0,0.0,0.0,2.44,2.25,2.41,2.45
278,4.6333,2.508,20.901,0.001,0.4682,0.05,-1.39,0.0,2.653,0.0,0.0,-0.0,0.0,0.0,0.0,2.99,2.67,2.65,2.31
279,4.65,2.515,20.907,0.001,0.468,-0.01,-1.37,0.0,2.05,0.0,0.0,-0.0,0.0,0.0,0.0,2.53,0.96,2.31,2.4
280,4.6667,2.522,20.913,0.002,0.4677,-0.08,-1.35,-0.0,2.481,0.0,0.0,-0.0,0.0,0.0,0.0,2.51,2.49,2.48,2.44
281,4.6833,2.529,20.919,0.002,0.468,-0.07,-1.39,-0.0,2.492,0.0,0.0,-0.0,0.0,0.0,0.0,2.61,2.41,2.45,2.5
282,4.7,2.537,20.924,0.001,0.4681,0.02,-1.4,-0.01,2.47,0.0,0.0,-0.0,0.0,0.0,0.0,2.36,2.46,2.52,2.54
283,4.7167,2.544,20.93,0.001,0.4684,0.09,-1.4,-0.01,2.311,0.0,0.0,-0.0,0.0,0.0,0.0,2.04,2.4,2.47,2.33
284,4.7333,2.551,20.936,0.001,0.4688,0.09,-1.39,-0.01,2.38,0.0,0.0,-0.0,0.0,0.0,0.0,2.49,2.29,2.28,2.46
285,4.75,2.558,20.942,0.001,0.469,0.09,-1.38,-0.01,2.486,0.0,0.0,-0.0,0.0,0.0,0.0,3.02,2.13,2.37,2.43
286,4.7667,2.566,20.948,0.001,0.469,0.09,-1.38,-0.01,2.452,0.0,0.0,-0.0,0.0,0.0,0.0,2.59,2.18,2.56,2.48
287,4.7833,2.573,20.954,0.001,0.4687,0.09,-1.37,-0.01,2.574,0.0,0.0,-0.0,0.0,0.0,0.0,2.8,2.42,2.59,2.48
288,4.8,2.58,20.96,0.001,0.4682,0.08,-1.36,-0.01,2.555,0.0,0.0,-0.0,0.0,0.0,0.0,2.54,2.59,2.6,2.5
289,4.8167,2.587,20.966,0.001,0.4674,0.05,-1.35,-0.01,2.578,0.0,0.0,-0.0,0.0,0.0,0.0,2.56,2.69,2.51,2.55
290,4.8333,2.594,20.972,0.001,0.4671,0.06,-1.41,-0.01,2.794,0.0,0.0,-0.0,0.0,0.0,0.0,2.58,2.58,2.57,3.45
291,4.85,2.602,20.978,0.0,0.4675,0.16,-1.44,-0.01,2.396,0.0,0.0,-0.0,0.0,0.0,0.0,2.61,2.33,2.3,2.34
292,4.8667,2.609,20.983,0.0,0.4682,0.15,-1.43,-0.01,2.378,0.0,0.0,-0.0,0.0,0.0,0.0,2.6,2.34,2.29,2.28
293,4.8833,2.616,20.989,0.001,0.4686,0.13,-1.4,-0.01,2.437,0.0,0.0,-0.0,0.0,0.0,0.0,2.5,2.47,2.44,2.34
294,4.9,2.623,20.995,0.001,0.4688,0.12,-1.38,-0.01,2.43,0.0,0.0,-0.0,0.0,0.0,0.0,2.56,1.62,3.1,2.43
295,4.9167,2.631,21.001,0.001,0.4689,0.1,-1.37,-0.01,2.458,0.0,0.0,-0.0,0.0,0.0,0.0,2.44,1.68,2.62,3.1
296,4.9333,2.638,21.008,0.001,0.4688,0.08,-1.37,-0.01,2.643,0.0,0.0,-0.0,0.0,0.0,0.0,2.61,2.68,2.72,2.56
297,4.95,2.645,21.014,0.001,0.4684,0.08,-1.36,-0.01,2.492,0.0,0.0,-0.0,0.0,0.0,0.0,2.14,2.63,2.53,2.67
298,4.9667,2.652,21.02,0.001,0.4677,0.07,-1.35,-0.02,2.763,0.0,0.0,-0.0,0.0,0.0,0.0,2.84,2.76,2.82,2.63
299,4.9833,2.659,21.027,0.001,0.4668,0.06,-1.35,-0.02,2.933,0.0,0.0,-0.0,0.0,0.0,0.0,2.91,3.17,3.17,2.48
300,5.0,2.667,21.032,0.001,0.4673,0.08,-1.42,-0.02,2.144,0.0,0.0,-0.0,0.0,0.0,0.0,2.5,2.29,2.08,1.7
301,5.0167,2.674,21.038,0.001,0.468,0.09,-1.42,-0.02,2.531,0.0,0.0,-0.0,0.0,0.0,0.0,2.93,2.35,2.27,2.57
302,5.0333,2.681,21.044,0.001,0.4685,0.1,-1.4,-0.03,2.564,0.0,0.0,-0.0,0.0,0.0,0.0,2.47,2.62,2.68,2.48
303,5.05,2.688,21.05,0.001,0.4689,0.1,-1.39,-0.02,2.691,0.0,0.0,-0.0,0.0,0.0,0.0,2.97,2.63,2.69,2.47
304,5.0667,2.696,21.056,0.001,0.469,0.1,-1.38,-0.03,2.602,0.0,0.0,-0.0,0.0,0.0,0.0,2.63,2.59,2.66,2.52
305,5.0833,2.703,21.062,0.001,0.4688,0.09,-1.37,-0.03,2.759,0.0,0.0,-0.0,0.0,0.0,0.0,2.63,3.35,2.71,2.35
306,5.1,2.71,21.068,0.001,0.4685,0.09,-1.35,-0.03,2.494,0.0,0.0,-0.0,0.0,0.0,0.0,2.4,2.45,2.44,2.69
307,5.1167,2.717,21.075,0.001,0.4678,0.06,-1.35,-0.03,2.686,0.0,0.0,-0.0,0.0,0.0,0.0,2.8,2.64,2.73,2.58
308,5.1333,2.724,21.081,0.001,0.4676,0.08,-1.41,-0.03,2.716,0.0,0.0,-0.0,0.0,0.0,0.0,2.71,2.66,2.69,2.8
309,5.15,2.732,21.087,0.0,0.4675,0.22,-1.42,-0.03,2.886,0.0,0.0,-0.0,0.0,0.0,0.0,2.95,3.17,3.04,2.38
310,5.1667,2.739,21.093,-0.0,0.4682,0.24,-1.45,-0.03,2.472,0.0,0.0,-0.0,0.0,0.0,0.0,2.72,2.2,2.52,2.45
311,5.1833,2.746,21.099,0.0,0.4685,0.17,-1.41,-0.03,2.543,0.0,0.0,-0.0,0.0,0.0,0.0,2.76,2.5,2.58,2.33
312,5.2,2.753,21.105,0.001,0.4687,0.12,-1.38,-0.03,2.837,0.0,0.0,-0.0,0.0,0.0,0.0,2.59,2.69,3.44,2.63
313,5.2167,2.761,21.112,0.001,0.4689,0.11,-1.38,-0.03,2.643,0.0,0.0,-0.0,0.0,0.0,0.0,2.56,2.61,2.75,2.65
314,5.2333,2.768,21.118,0.001,0.4687,0.1,-1.36,-0.03,2.72,0.0,0.0,-0.0,0.0,0.0,0.0,2.66,2.67,2.81,2.75
315,5.25,2.775,21.125,0.001,0.4683,0.09,-1.35,-0.03,2.787,0.0,0.0,-0.0,0.0,0.0,0.0,2.74,2.88,2.82,2.72
316,5.2667,2.782,21.132,0.001,0.4677,0.09,-1.36,-0.03,3.082,0.0,0.0,-0.0,0.0,0.0,0.0,3.46,2.95,2.94,2.98
317,5.2833,2.789,21.138,0.001,0.4677,0.16,-1.41,-0.03,2.627,0.0,0.0,-0.0,0.0,0.0,0.0,2.7,2.54,2.81,2.46
318,5.3,2.797,21.144,-0.0,0.4683,0.24,-1.45,-0.03,2.723,0.0,0.0,-0.0,0.0,0.0,0.0,2.42,3.41,2.56,2.51
319,5.3167,2.804,21.15,0.0,0.4687,0.16,-1.4,-0.02,2.872,0.0,0.0,-0.0,0.0,0.0,0.0,2.73,2.29,3.84,2.62
320,5.3333,2.811,21.156,0.001,0.4689,0.11,-1.38,-0.03,2.681,0.0,0.0,-0.0,0.0,0.0,0.0,2.78,2.62,2.54,2.79
321,5.35,2.818,21.163,0.001,0.4688,0.09,-1.37,-0.03,3.142,0.0,0.0,-0.0,0.0,0.0,0.0,3.43,3.07,3.22,2.85
322,5.3667,2.826,21.169,0.001,0.4689,0.08,-1.37,-0.04,2.882,0.0,0.0,-0.0,0.0,0.0,0.0,3.56,2.65,2.71,2.61
323,5.3833,2.833,21.175,0.001,0.4686,0.09,-1.36,-0.05,2.751,0.0,0.0,-0.0,0.0,0.0,0.0,2.7,2.71,2.87,2.72
324,5.4,2.84,21.182,0.001,0.4681,0.09,-1.32,-0.05,2.77,0.0,0.0,-0.0,0.0,0.0,0.0,2.76,2.66,2.85,2.8
325,5.4167,2.847,21.189,0.001,0.4684,0.14,-1.22,-0.07,2.527,0.0,0.0,-0.0,0.0,0.0,0.0,2.83,2.75,2.23,2.29
326,5.4333,2.854,21.195,0.001,0.4698,0.13,-1.15,-0.07,2.892,0.0,0.0,-0.0,0.0,0.0,0.0,2.59,2.5,2.83,3.65
327,5.45,2.862,21.201,0.001,0.4709,0.12,-1.08,-0.07,2.613,0.0,0.0,-0.0,0.0,0.0,0.0,2.42,2.62,2.86,2.55
328,5.4667,2.869,21.208,0.001,0.4718,0.12,-1.0,-0.07,2.623,0.0,0.0,-0.0,0.0,0.0,0.0,2.55,2.56,2.76,2.62
329,5.4833,2.876,21.215,0.001,0.4724,0.11,-0.93,-0.06,2.688,0.0,0.0,-0.0,0.0,0.0,0.0,2.74,2.55,2.67,2.79
330,5.5,2.883,21.222,0.001,0.4728,0.11,-0.86,-0.06,2.891,0.0,0.0,-0.0,0.0,0.0,0.0,2.94,2.8,2.78,3.04
331,5.5167,2.891,21.229,0.001,0.4731,0.11,-0.82,-0.06,2.793,0.0,0.0,-0.0,0.0,0.0,0.0,2.88,2.77,2.75,2.77
332,5.5333,2.898,21.236,0.001,0.473,0.11,-0.77,-0.06,2.904,0.0,0.0,-0.0,0.0,0.0,0.0,2.87,2.9,3.02,2.83
333,5.55,2.905,21.243,0.001,0.4727,0.1,-0.73,-0.06,2.869,0.0,0.0,-0.0,0.0,0.0,0.0,2.89,2.9,2.91,2.79
334,5.5667,2.912,21.25,0.001,0.4722,0.08,-0.72,-0.06,3.156,0.0,0.0,-0.0,0.0,0.0,0.0,3.0,2.92,3.74,2.97
335,5.5833,2.919,21.257,0.001,0.4723,0.06,-0.8,-0.06,2.772,0.0,0.0,-0.0,0.0,0.0,0.0,2.87,2.57,2.79,2.86
336,5.6,2.927,21.263,0.001,0.4731,0.07,-0.77,-0.06,3.055,0.0,0.0,-0.0,0.0,0.0,0.0,4.09,2.65,2.6,2.89
337,5.6167,2.934,21.27,0.001,0.4737,0.1,-0.75,-0.06,2.646,0.0,0.0,-0.0,0.0,0.0,0.0,2.48,2.72,2.74,2.64
338,5.6333,2.941,21.277,0.001,0.474,0.1,-0.73,-0.06,2.832,0.0,0.0,-0.0,0.0,0.0,0.0,2.81,2.84,2.9,2.78
339,5.65,2.948,21.284,0.001,0.4741,0.11,-0.71,-0.06,3.109,0.0,0.0,-0.0,0.0,0.0,0.0,2.9,3.71,3.02,2.8
340,5.6667,2.956,21.291,0.001,0.4738,0.11,-0.69,-0.06,2.899,0.0,0.0,-0.0,0.0,0.0,0.0,2.94,2.86,2.92,2.88
341,5.6833,2.963,21.298,0.001,0.4732,0.1,-0.68,-0.06,2.959,0.0,0.0,-0.0,0.0,0.0,0.0,2.89,3.12,2.87,2.97
342,5.7,2.97,21.304,0.001,0.474,0.01,-0.82,-0.08,3.02,0.0,0.0,-0.0,0.0,0.0,0.0,2.96,2.98,3.18,2.96
343,5.7167,2.977,21.31,0.002,0.4746,-0.01,-1.03,-0.07,2.959,0.0,0.0,-0.0,0.0,0.0,0.0,3.07,2.81,3.04,2.92
344,5.7333,2.984,21.315,0.001,0.4757,0.05,-1.17,-0.07,2.788,0.0,0.0,-0.0,0.0,0.0,0.0,2.97,2.56,2.65,2.98
345,5.75,2.992,21.32,0.0,0.4768,0.14,-1.28,-0.07,2.642,0.0,0.0,-0.0,0.0,0.0,0.0,3.14,2.68,2.33,2.42
346,5.7667,2.999,21.326,0.001,0.4777,0.12,-1.32,-0.06,2.862,0.0,0.0,-0.0,0.0,0.0,0.0,3.1,2.81,2.81,2.72
347,5.7833,3.006,21.333,0.001,0.4785,0.12,-1.36,-0.07,2.875,0.0,0.0,-0.0,0.0,0.0,0.0,3.08,2.9,2.72,2.81
348,5.8,3.013,21.339,0.001,0.479,0.12,-1.4,-0.07,2.908,0.0,0.0,-0.0,0.0,0.0,0.0,3.01,2.92,2.86,2.84
349,5.8167,3.021,21.346,0.001,0.4792,0.12,-1.45,-0.07,3.071,0.0,0.0,-0.0,0.0,0.0,0.0,3.02,3.02,2.87,3.38
350,5.8333,3.028,21.353,0.001,0.4791,0.07,-1.45,-0.06,3.105,0.0,0.0,-0.0,0.0,0.0,0.0,2.99,4.09,2.69,2.65
351,5.85,3.035,21.36,0.002,0.4787,-0.01,-1.43,-0.06,2.978,0.0,0.0,-0.0,0.0,0.0,0.0,3.08,2.62,3.38,2.83
352,5.8667,3.042,21.367,0.001,0.4792,0.01,-1.5,-0.06,2.984,0.0,0.0,-0.0,0.0,0.0,0.0,2.96,3.01,2.98,2.98
353,5.8833,3.049,21.373,0.001,0.4794,0.04,-1.55,-0.06,2.95,0.0,0.0,-0.0,0.0,0.0,0.0,2.62,3.0,3.04,3.14
354,5.9,3.057,21.38,0.001,0.4797,0.13,-1.5,-0.06,3.093,0.0,0.0,-0.0,0.0,0.0,0.0,2.73,3.09,3.78,2.77
355,5.9167,3.064,21.387,0.001,0.4799,0.1,-1.49,-0.05,2.861,0.0,0.0,-0.0,0.0,0.0,0.0,2.79,2.87,3.02,2.77
356,5.9333,3.071,21.394,0.001,0.4798,0.11,-1.46,-0.05,2.962,0.0,0.0,-0.0,0.0,0.0,0.0,3.1,2.75,3.07,2.93
357,5.95,3.078,21.402,0.001,0.4793,0.11,-1.44,-0.05,2.842,0.0,0.0,-0.0,0.0,0.0,0.0,3.14,2.15,3.06,3.01
358,5.9667,3.086,21.409,0.001,0.4786,0.1,-1.4,-0.05,3.089,0.0,0.0,-0.0,0.0,0.0,0.0,3.11,3.06,3.05,3.13
359,5.9833,3.093,21.417,0.001,0.4783,0.11,-1.48,-0.05,3.118,0.0,0.0,-0.0,0.0,0.0,0.0,3.01,3.13,3.06,3.28
360,6.0,3.1,21.423,0.0,0.4783,0.16,-1.58,-0.04,2.667,0.0,0.0,-0.0,0.0,0.0,0.0,2.5,3.14,2.49,2.54
361,6.0167,3.107,21.43,0.0,0.4791,0.15,-1.55,-0.04,2.795,0.0,0.0,-0.0,0.0,0.0,0.0,3.13,2.7,2.67,2.68
362,6.0333,3.114,21.437,0.001,0.4796,0.14,-1.51,-0.04,2.751,0.0,0.0,-0.0,0.0,0.0,0.0,3.08,2.91,2.04,2.97
363,6.05,3.122,21.444,0.001,0.4798,0.12,-1.48,-0.04,2.988,0.0,0.0,-0.0,0.0,0.0,0.0,2.95,2.97,3.08,2.95
364,6.0667,3.129,21.452,0.001,0.4796,0.11,-1.45,-0.04,3.19,0.0,0.0,-0.0,0.0,0.0,0.0,3.14,3.43,3.08,3.11
365,6.0833,3.136,21.459,0.001,0.4792,0.09,-1.43,-0.04,3.052,0.0,0.0,-0.0,0.0,0.0,0.0,3.03,3.08,3.07,3.02
366,6.1,3.143,21.467,0.001,0.4784,0.09,-1.4,-0.04,3.057,0.0,0.0,-0.0,0.0,0.0,0.0,3.05,2.92,3.12,3.14
367,6.1167,3.151,21.474,0.001,0.4782,0.09,-1.5,-0.04,3.396,0.0,0.0,-0.0,0.0,0.0,0.0,3.56,3.33,3.32,3.38
368,6.1333,3.158,21.481,0.001,0.4785,0.11,-1.57,-0.04,2.57,0.0,0.0,-0.0,0.0,0.0,0.0,2.52,2.7,2.46,2.6
369,6.15,3.165,21.487,0.001,0.4793,0.1,-1.55,-0.04,2.894,0.0,0.0,-0.0,0.0,0.0,0.0,2.79,2.87,3.21,2.71
370,6.1667,3.172,21.495,0.001,0.4798,0.1,-1.51,-0.03,3.048,0.0,0.0,-0.0,0.0,0.0,0.0,2.98,3.2,3.15,2.87
371,6.1833,3.179,21.502,0.001,0.4799,0.11,-1.48,-0.03,3.104,0.0,0.0,-0.0,0.0,0.0,0.0,3.07,3.23,3.11,3.0
372,6.2,3.187,21.51,0.001,0.4797,0.11,-1.45,-0.04,3.152,0.0,0.0,-0.0,0.0,0.0,0.0,3.17,3.19,3.17,3.08
373,6.2167,3.194,21.517,0.001,0.479,0.11,-1.41,-0.05,3.09,0.0,0.0,-0.0,0.0,0.0,0.0,3.19,2.93,3.1,3.14
374,6.2333,3.201,21.525,0.001,0.4788,0.11,-1.47,-0.05,3.221,0.0,0.0,-0.0,0.0,0.0,0.0,3.17,3.24,3.06,3.4
375,6.25,3.208,21.532,0.001,0.4787,0.14,-1.56,-0.04,2.749,0.0,0.0,-0.0,0.0,0.0,0.0,2.49,3.08,3.25,2.18
376,6.2667,3.216,21.539,-0.0,0.4792,0.28,-1.59,-0.05,3.119,0.0,0.0,-0.0,0.0,0.0,0.0,2.94,4.03,2.6,2.9
377,6.2833,3.223,21.546,0.0,0.4795,0.18,-1.53,-0.05,2.991,0.0,0.0,-0.0,0.0,0.0,0.0,3.37,2.76,3.2,2.64
378,6.3,3.23,21.553,0.001,0.4796,0.14,-1.48,-0.05,3.327,0.0,0.0,-0.0,0.0,0.0,0.0,3.39,3.33,3.43,3.16
379,6.3167,3.237,21.561,0.001,0.4797,0.12,-1.46,-0.05,3.12,0.0,0.0,-0.0,0.0,0.0,0.0,3.1,3.05,3.23,3.11
380,6.3333,3.244,21.568,0.001,0.4793,0.11,-1.43,-0.06,3.144,0.0,0.0,-0.0,0.0,0.0,0.0,3.13,3.12,3.17,3.16
381,6.35,3.252,21.576,0.001,0.4791,0.14,-1.44,-0.06,3.282,0.0,0.0,-0.0,0.0,0.0,0.0,3.08,3.33,3.36,3.36
382,6.3667,3.259,21.584,0.0,0.4789,0.17,-1.53,-0.06,3.261,0.0,0.0,-0.0,0.0,0.0,0.0,3.23,3.26,3.24,3.31
383,6.3833,3.266,21.591,0.0,0.4793,0.22,-1.57,-0.06,3.098,0.0,0.0,-0.0,0.0,0.0,0.0,3.15,3.03,3.0,3.21
384,6.4,3.273,21.598,0.0,0.4797,0.19,-1.54,-0.06,3.004,0.0,0.0,-0.0,0.0,0.0,0.0,3.25,2.97,2.88,2.91
385,6.4167,3.281,21.606,0.001,0.4798,0.14,-1.49,-0.05,3.133,0.0,0.0,-0.0,0.0,0.0,0.0,3.24,3.06,3.08,3.16
386,6.4333,3.288,21.613,0.001,0.4798,0.1,-1.47,-0.05,3.321,0.0,0.0,-0.0,0.0,0.0,0.0,3.22,3.54,3.3,3.22
387,6.45,3.295,21.621,0.001,0.4795,0.1,-1.43,-0.06,3.212,0.0,0.0,-0.0,0.0,0.0,0.0,3.26,3.18,3.26,3.14
388,6.4667,3.302,21.629,0.001,0.4788,0.1,-1.39,-0.06,3.131,0.0,0.0,-0.0,0.0,0.0,0.0,2.65,3.25,3.14,3.5
389,6.4833,3.309,21.637,0.001,0.4791,0.14,-1.47,-0.07,3.317,0.0,0.0,-0.0,0.0,0.0,0.0,3.29,3.3,3.27,3.4
390,6.5,3.317,21.644,0.0,0.4788,0.18,-1.56,-0.07,3.115,0.0,0.0,-0.0,0.0,0.0,0.0,3.19,2.81,3.32,3.15
391,6.5167,3.324,21.651,-0.0,0.4795,0.23,-1.57,-0.07,2.817,0.0,0.0,-0.0,0.0,0.0,0.0,2.95,2.5,2.8,3.02
392,6.5333,3.331,21.659,0.0,0.4798,0.15,-1.51,-0.06,3.157,0.0,0.0,-0.0,0.0,0.0,0.0,3.35,2.95,3.0,3.32
393,6.55,3.338,21.667,0.001,0.4798,0.12,-1.47,-0.06,3.505,0.0,0.0,-0.0,0.0,0.0,0.0,3.76,2.97,4.48,2.81
394,6.5667,3.346,21.675,0.001,0.4797,0.09,-1.46,-0.06,3.273,0.0,0.0,-0.0,0.0,0.0,0.0,3.26,3.28,3.3,3.26
395,6.5833,3.353,21.682,0.001,0.4793,0.14,-1.37,-0.06,0.304,0.0,0.0,-0.0,0.0,0.0,0.0,0.79,4.31,0.0,-3.88
396,6.6,3.36,21.691,0.001,0.4801,0.12,-1.13,-0.07,3.829,0.0,0.0,-0.0,0.0,0.0,0.0,6.46,2.68,3.12,3.06
397,6.6167,3.367,21.699,0.001,0.482,0.12,-1.05,-0.07,3.147,0.0,0.0,-0.0,0.0,0.0,0.0,3.03,3.18,3.16,3.23
398,6.6333,3.374,21.707,0.001,0.4833,0.13,-0.99,-0.08,3.234,0.0,0.0,-0.0,0.0,0.0,0.0,3.38,3.23,3.13,3.2
399,6.65,3.382,21.715,0.001,0.4843,0.14,-0.92,-0.07,3.27,0.0,0.0,-0.0,0.0,0.0,0.0,3.48,3.23,3.22,3.15
400,6.6667,3.389,21.723,0.001,0.4848,0.14,-0.85,-0.07,3.554,0.0,0.0,-0.0,0.0,0.0,0.0,3.87,3.22,3.98,3.14
401,6.6833,3.396,21.731,0.001,0.4848,0.13,-0.78,-0.07,3.373,0.0,0.0,-0.0,0.0,0.0,0.0,3.34,3.33,3.5,3.32
402,6.7,3.403,21.74,0.001,0.4845,0.13,-0.71,-0.07,3.335,0.0,0.0,-0.0,0.0,0.0,0.0,3.48,3.08,3.43,3.34
403,6.7167,3.411,21.748,0.001,0.4837,0.13,-0.65,-0.07,3.514,0.0,0.0,-0.0,0.0,0.0,0.0,3.52,3.45,3.69,3.4
404,6.7333,3.418,21.756,0.001,0.4839,0.15,-0.76,-0.07,3.47,0.0,0.0,-0.0,0.0,0.0,0.0,3.59,3.09,3.63,3.58
405,6.75,3.425,21.764,0.001,0.4837,0.12,-0.9,-0.07,2.85,0.0,0.0,-0.0,0.0,0.0,0.0,2.62,3.44,3.19,2.16
406,6.7667,3.432,21.771,0.001,0.4844,0.11,-0.84,-0.06,3.121,0.0,0.0,-0.0,0.0,0.0,0.0,3.51,3.04,2.99,2.95
407,6.7833,3.439,21.779,0.001,0.4848,0.11,-0.79,-0.06,3.227,0.0,0.0,-0.0,0.0,0.0,0.0,3.4,3.16,3.13,3.21
408,6.8,3.447,21.787,0.001,0.4848,0.09,-0.73,-0.06,3.399,0.0,0.0,-0.0,0.0,0.0,0.0,3.68,3.3,3.24,3.38
409,6.8167,3.454,21.795,0.001,0.485,0.07,-0.76,-0.06,3.468,0.0,0.0,-0.0,0.0,0.0,0.0,3.41,3.54,3.47,3.45
410,6.8333,3.461,21.803,0.001,0.4852,0.11,-0.81,-0.05,3.434,0.0,0.0,-0.0,0.0,0.0,0.0,3.34,3.22,3.41,3.77
411,6.85,3.468,21.81,0.001,0.4867,0.15,-0.93,-0.05,3.397,0.0,0.0,-0.0,0.0,0.0,0.0,3.55,3.46,3.42,3.15
412,6.8667,3.476,21.817,0.001,0.4878,0.16,-1.07,-0.05,3.396,0.0,0.0,-0.0,0.0,0.0,0.0,3.49,3.47,3.39,3.23
413,6.8833,3.483,21.824,0.001,0.4885,0.15,-1.23,-0.05,3.424,0.0,0.0,-0.0,0.0,0.0,0.0,3.46,3.47,3.49,3.27
414,6.9,3.49,21.831,0.001,0.4892,0.1,-1.33,-0.05,3.042,0.0,0.0,-0.0,0.0,0.0,0.0,2.96,2.94,3.48,2.78
415,6.9167,3.497,21.838,0.001,0.49,0.12,-1.36,-0.05,3.292,0.0,0.0,-0.0,0.0,0.0,0.0,3.28,3.24,3.53,3.11
416,6.9333,3.504,21.846,0.001,0.4903,0.12,-1.39,-0.05,3.251,0.0,0.0,-0.0,0.0,0.0,0.0,3.48,2.65,3.55,3.32
417,6.95,3.512,21.854,0.001,0.4902,0.13,-1.43,-0.06,3.288,0.0,0.0,-0.0,0.0,0.0,0.0,3.25,3.06,3.45,3.39
418,6.9667,3.519,21.861,0.001,0.4906,0.15,-1.53,-0.06,3.503,0.0,0.0,-0.0,0.0,0.0,0.0,3.48,3.55,3.48,3.5
419,6.9833,3.526,21.869,0.001,0.4904,0.17,-1.65,-0.06,3.574,0.0,0.0,-0.0,0.0,0.0,0.0,3.47,3.77,3.52,3.54
420,7.0,3.533,21.877,0.001,0.4907,0.16,-1.67,-0.06,2.983,0.0,0.0,-0.0,0.0,0.0,0.0,3.02,3.02,2.95,2.93
421,7.0167,3.541,21.885,0.001,0.4912,0.15,-1.61,-0.05,3.295,0.0,0.0,-0.0,0.0,0.0,0.0,3.57,3.18,3.21,3.23
422,7.0333,3.548,21.893,0.001,0.4914,0.14,-1.55,-0.05,3.733,0.0,0.0,-0.0,0.0,0.0,0.0,3.59,3.35,4.62,3.38
423,7.05,3.555,21.902,0.001,0.491,0.12,-1.49,-0.05,3.708,0.0,0.0,-0.0,0.0,0.0,0.0,3.6,3.47,4.51,3.25
424,7.0667,3.562,21.91,0.001,0.4902,0.11,-1.43,-0.06,3.515,0.0,0.0,-0.0,0.0,0.0,0.0,3.04,3.89,3.43,3.7
425,7.0833,3.569,21.918,0.001,0.4905,0.15,-1.54,-0.06,3.675,0.0,0.0,-0.0,0.0,0.0,0.0,3.63,3.58,3.77,3.72
426,7.1,3.577,21.926,0.001,0.4903,0.15,-1.68,-0.05,3.686,0.0,0.0,-0.0,0.0,0.0,0.0,3.69,3.57,3.84,3.65
427,7.1167,3.584,21.934,0.001,0.491,0.09,-1.68,-0.05,3.138,0.0,0.0,-0.0,0.0,0.0,0.0,3.0,3.16,3.55,2.85
428,7.1333,3.591,21.942,0.001,0.4914,0.1,-1.61,-0.04,3.312,0.0,0.0,-0.0,0.0,0.0,0.0,3.26,3.25,3.57,3.17
429,7.15,3.598,21.951,0.001,0.4914,0.11,-1.54,-0.04,3.42,0.0,0.0,-0.0,0.0,0.0,0.0,3.4,3.44,3.47,3.37
430,7.1667,3.606,21.959,0.001,0.4909,0.12,-1.47,-0.04,3.505,0.0,0.0,-0.0,0.0,0.0,0.0,3.64,3.1,3.73,3.56
431,7.1833,3.613,21.968,0.001,0.4909,0.15,-1.51,-0.04,3.68,0.0,0.0,-0.0,0.0,0.0,0.0,3.67,3.71,3.55,3.8
432,7.2,3.62,21.976,0.0,0.4908,0.17,-1.6,-0.04,3.635,0.0,0.0,-0.0,0.0,0.0,0.0,3.6,3.63,3.62,3.7
433,7.2167,3.627,21.984,0.0,0.4904,0.21,-1.67,-0.03,3.51,0.0,0.0,-0.0,0.0,0.0,0.0,3.38,3.59,3.66,3.41
434,7.2333,3.634,21.992,-0.0,0.4911,0.23,-1.65,-0.03,3.459,0.0,0.0,-0.0,0.0,0.0,0.0,3.62,3.25,3.82,3.14
435,7.25,3.642,22.0,0.0,0.4913,0.17,-1.58,-0.03,3.873,0.0,0.0,-0.0,0.0,0.0,0.0,3.55,3.33,5.28,3.34
436,7.2667,3.649,22.009,0.001,0.4911,0.13,-1.52,-0.03,3.563,0.0,0.0,-0.0,0.0,0.0,0.0,3.38,3.63,3.65,3.59
437,7.2833,3.656,22.018,0.0,0.491,0.16,-1.49,-0.03,3.876,0.0,0.0,-0.0,0.0,0.0,0.0,3.66,4.03,3.92,3.89
438,7.3,3.663,22.026,0.0,0.4911,0.2,-1.55,-0.03,3.654,0.0,0.0,-0.0,0.0,0.0,0.0,3.64,3.66,3.64,3.68
439,7.3167,3.671,22.035,0.0,0.4907,0.2,-1.64,-0.03,3.694,0.0,0.0,-0.0,0.0,0.0,0.0,3.69,3.67,3.66,3.75
440,7.3333,3.678,22.043,-0.0,0.4912,0.22,-1.66,-0.03,3.19,0.0,0.0,-0.0,0.0,0.0,0.0,4.04,3.34,3.3,2.09
441,7.35,3.685,22.051,0.0,0.4915,0.17,-1.6,-0.03,3.451,0.0,0.0,-0.0,0.0,0.0,0.0,3.68,3.35,3.4,3.37
442,7.3667,3.692,22.06,0.001,0.4913,0.13,-1.53,-0.03,3.418,0.0,0.0,-0.0,0.0,0.0,0.0,3.12,3.66,3.44,3.46
443,7.3833,3.699,22.069,0.001,0.491,0.11,-1.48,-0.03,3.94,0.0,0.0,-0.0,0.0,0.0,0.0,4.22,3.54,3.86,4.14
444,7.4,3.707,22.078,0.001,0.491,0.12,-1.53,-0.02,3.973,0.0,0.0,-0.0,0.0,0.0,0.0,3.8,3.93,3.69,4.47
445,7.4167,3.714,22.086,0.001,0.491,0.12,-1.63,-0.02,3.732,0.0,0.0,-0.0,0.0,0.0,0.0,3.7,3.71,3.71,3.81
446,7.4333,3.721,22.094,0.0,0.4905,0.18,-1.67,-0.01,2.553,0.0,0.0,-0.0,0.0,0.0,0.0,3.2,3.11,0.84,3.05
447,7.45,3.728,22.102,0.0,0.4913,0.19,-1.64,-0.01,3.283,0.0,0.0,-0.0,0.0,0.0,0.0,3.73,2.78,3.32,3.3
448,7.4667,3.736,22.111,0.001,0.4915,0.15,-1.58,-0.0,3.447,0.0,0.0,-0.0,0.0,0.0,0.0,3.83,3.47,3.49,3.0
449,7.4833,3.743,22.12,0.001,0.4913,0.11,-1.52,-0.0,3.448,0.0,0.0,-0.0,0.0,0.0,0.0,3.31,3.66,3.31,3.51
450,7.5,3.75,22.129,0.001,0.4907,0.11,-1.46,-0.01,3.463,0.0,0.0,-0.0,0.0,0.0,0.0,3.73,3.77,3.26,3.09
451,7.5167,3.757,22.138,0.001,0.4906,0.15,-1.49,-0.01,3.898,0.0,0.0,-0.0,0.0,0.0,0.0,3.84,3.91,3.79,4.04
452,7.5333,3.764,22.147,0.0,0.4905,0.16,-1.63,-0.01,3.789,0.0,0.0,-0.0,0.0,0.0,0.0,3.82,3.75,3.75,3.84
453,7.55,3.772,22.155,0.001,0.4908,0.11,-1.69,-0.01,3.454,0.0,0.0,-0.0,0.0,0.0,0.0,3.18,3.55,3.79,3.29
454,7.5667,3.779,22.163,0.001,0.4913,0.07,-1.66,-0.0,3.638,0.0,0.0,-0.0,0.0,0.0,0.0,4.3,3.28,3.74,3.23
455,7.5833,3.786,22.172,0.001,0.4914,0.1,-1.57,-0.01,3.58,0.0,0.0,-0.0,0.0,0.0,0.0,3.71,3.46,3.77,3.38
456,7.6,3.793,22.181,0.001,0.4912,0.12,-1.45,-0.0,2.842,0.0,0.0,-0.0,0.0,0.0,0.0,2.43,3.84,2.01,3.09
457,7.6167,3.801,22.19,0.001,0.4921,0.13,-1.19,-0.01,4.625,0.0,0.0,-0.0,0.0,0.0,0.0,1.6,3.73,10.27,2.9
458,7.6333,3.808,22.198,0.0,0.4939,0.18,-1.05,-0.01,3.627,0.0,0.0,-0.0,0.0,0.0,0.0,3.42,3.8,3.8,3.49
459,7.65,3.815,22.207,0.0,0.4953,0.15,-0.99,-0.01,3.611,0.0,0.0,-0.0,0.0,0.0,0.0,3.51,3.5,3.8,3.63
460,7.6667,3.822,22.216,0.0,0.4963,0.14,-0.92,-0.0,3.643,0.0,0.0,-0.0,0.0,0.0,0.0,3.59,3.57,3.83,3.59
461,7.6833,3.829,22.225,0.001,0.4969,0.13,-0.86,-0.0,3.699,0.0,0.0,-0.0,0.0,0.0,0.0,3.67,3.64,3.89,3.6
462,7.7,3.837,22.235,0.001,0.497,0.13,-0.81,-0.0,4.174,0.0,0.0,-0.0,0.0,0.0,0.0,3.98,4.26,4.01,4.45
463,7.7167,3.844,22.244,0.0,0.4972,0.15,-0.82,0.01,3.806,0.0,0.0,-0.0,0.0,0.0,0.0,3.85,3.83,3.73,3.82
464,7.7333,3.851,22.253,0.001,0.4969,0.12,-0.78,0.0,3.751,0.0,0.0,-0.0,0.0,0.0,0.0,3.83,4.25,3.43,3.49
465,7.75,3.858,22.262,0.001,0.4972,0.05,-0.85,0.0,3.903,0.0,0.0,-0.0,0.0,0.0,0.0,3.96,3.87,3.86,3.92
466,7.7667,3.866,22.271,0.002,0.4973,-0.02,-0.95,0.0,3.701,0.0,0.0,-0.0,0.0,0.0,0.0,3.77,3.51,3.78,3.75
467,7.7833,3.873,22.279,0.001,0.4972,0.1,-0.87,0.01,3.489,0.0,0.0,-0.0,0.0,0.0,0.0,3.37,3.49,3.85,3.24
468,7.8,3.88,22.288,0.001,0.4973,0.12,-0.78,0.01,3.709,0.0,0.0,-0.0,0.0,0.0,0.0,3.76,3.64,3.93,3.51
469,7.8167,3.887,22.298,0.0,0.4967,0.14,-0.69,0.01,-0.275,0.0,0.0,-0.0,0.0,0.0,0.0,-5.43,4.56,-4.83,4.59
470,7.8333,3.894,22.306,0.001,0.4984,0.14,-0.95,0.01,3.865,0.0,0.0,-0.0,0.0,0.0,0.0,4.39,2.64,4.45,3.98
471,7.85,3.902,22.314,0.0,0.4993,0.15,-1.19,0.01,3.895,0.0,0.0,-0.0,0.0,0.0,0.0,3.96,3.74,3.98,3.9
472,7.8667,3.909,22.321,0.0,0.4996,0.14,-1.42,0.02,3.594,0.0,0.0,-0.0,0.0,0.0,0.0,3.98,2.84,3.78,3.78
473,7.8833,3.916,22.328,0.0,0.501,0.15,-1.45,0.01,3.474,0.0,0.0,-0.0,0.0,0.0,0.0,3.87,3.37,3.35,3.3
474,7.9,3.923,22.337,0.0,0.502,0.15,-1.46,0.01,3.717,0.0,0.0,-0.0,0.0,0.0,0.0,3.78,3.58,3.66,3.85
475,7.9167,3.931,22.346,0.0,0.5026,0.14,-1.47,0.01,3.776,0.0,0.0,-0.0,0.0,0.0,0.0,3.83,3.9,3.7,3.67
476,7.9333,3.938,22.355,0.001,0.5027,0.13,-1.51,-0.0,4.171,0.0,0.0,-0.0,0.0,0.0,0.0,4.63,4.16,3.89,3.99
477,7.95,3.945,22.363,0.001,0.5032,0.13,-1.65,-0.01,3.588,0.0,0.0,-0.0,0.0,0.0,0.0,3.88,3.42,3.93,3.12
478,7.9667,3.952,22.371,0.001,0.503,0.14,-1.77,-0.01,3.753,0.0,0.0,-0.0,0.0,0.0,0.0,3.84,3.33,3.94,3.9
479,7.9833,3.959,22.38,0.001,0.5033,0.09,-1.81,-0.01,3.451,0.0,0.0,-0.0,0.0,0.0,0.0,3.12,3.47,3.97,3.25
480,8.0,3.967,22.389,0.001,0.5037,0.11,-1.71,0.0,4.13,0.0,0.0,-0.0,0.0,0.0,0.0,5.6,3.53,4.0,3.39
481,8.0167,3.974,22.398,0.001,0.5036,0.12,-1.61,0.01,3.723,0.0,0.0,-0.0,0.0,0.0,0.0,3.59,3.69,3.97,3.64
482,8.0333,3.981,22.408,0.001,0.5034,0.15,-1.56,0.0,4.382,0.0,0.0,-0.0,0.0,0.0,0.0,4.85,4.03,4.21,4.44
483,8.05,3.988,22.417,0.001,0.5036,0.15,-1.65,-0.01,3.387,0.0,0.0,-0.0,0.0,0.0,0.0,3.86,4.05,3.99,1.65
484,8.0667,3.996,22.426,0.001,0.5032,0.15,-1.75,-0.01,3.987,0.0,0.0,-0.0,0.0,0.0,0.0,3.92,3.97,3.99,4.07
485,8.0833,4.003,22.435,0.0,0.5033,0.22,-1.76,-0.01,3.797,0.0,0.0,-0.0,0.0,0.0,0.0,3.92,3.66,3.71,3.89
486,8.1,4.01,22.444,0.0,0.5036,0.21,-1.69,-0.01,4.341,0.0,0.0,-0.0,0.0,0.0,0.0,3.96,5.76,4.26,3.38
487,8.1167,4.017,22.453,0.001,0.5034,0.15,-1.61,-0.01,3.599,0.0,0.0,-0.0,0.0,0.0,0.0,3.72,2.92,4.01,3.75
488,8.1333,4.024,22.463,0.001,0.5036,0.15,-1.61,-0.01,4.034,0.0,0.0,-0.0,0.0,0.0,0.0,3.92,4.12,4.0,4.1
489,8.15,4.032,22.472,0.001,0.5037,0.15,-1.69,-0.01,3.825,0.0,0.0,-0.0,0.0,0.0,0.0,3.91,4.33,4.03,3.02
490,8.1667,4.039,22.481,0.001,0.5032,0.15,-1.77,-0.01,3.626,0.0,0.0,-0.0,0.0,0.0,0.0,3.89,2.75,3.96,3.9
491,8.1833,4.046,22.49,0.0,0.5038,0.23,-1.76,-0.0,3.882,0.0,0.0,-0.0,0.0,0.0,0.0,4.07,3.77,3.75,3.94
492,8.2,4.053,22.499,0.0,0.5038,0.19,-1.67,-0.0,3.863,0.0,0.0,-0.0,0.0,0.0,0.0,4.05,4.11,3.66,3.64
493,8.2167,4.061,22.509,0.001,0.5035,0.13,-1.58,-0.0,4.392,0.0,0.0,-0.0,0.0,0.0,0.0,3.86,5.19,4.72,3.8
494,8.2333,4.068,22.519,0.001,0.5036,0.12,-1.6,-0.01,4.173,0.0,0.0,-0.0,0.0,0.0,0.0,4.15,4.09,4.11,4.33
495,8.25,4.075,22.528,0.001,0.5038,0.13,-1.68,-0.02,3.537,0.0,0.0,-0.0,0.0,0.0,0.0,4.27,3.55,4.07,2.26
496,8.2667,4.082,22.537,0.001,0.5034,0.13,-1.78,-0.02,4.205,0.0,0.0,-0.0,0.0,0.0,0.0,4.12,4.01,4.08,4.61
497,8.2833,4.089,22.546,0.0,0.5036,0.2,-1.76,-0.02,3.902,0.0,0.0,-0.0,0.0,0.0,0.0,3.94,3.85,3.8,4.02
498,8.3,4.097,22.555,0.0,0.5038,0.19,-1.69,-0.02,3.818,0.0,0.0,-0.0,0.0,0.0,0.0,4.09,3.61,3.96,3.61
499,8.3167,4.104,22.565,0.001,0.5035,0.14,-1.58,-0.02,4.468,0.0,0.0,-0.0,0.0,0.0,0.0,3.62,3.94,6.63,3.68
500,8.3333,4.111,22.575,0.001,0.5029,0.12,-1.51,-0.02,3.771,0.0,0.0,-0.0,0.0,0.0,0.0,3.21,3.93,4.14,3.8
501,8.35,4.118,22.585,0.001,0.5034,0.15,-1.62,-0.03,3.99,0.0,0.0,-0.0,0.0,0.0,0.0,4.22,4.47,4.05,3.23
502,8.3667,4.126,22.594,0.001,0.5032,0.15,-1.75,-0.03,4.231,0.0,0.0,-0.0,0.0,0.0,0.0,4.13,4.05,4.55,4.19
503,8.3833,4.133,22.603,0.001,0.5033,0.12,-1.8,-0.02,3.821,0.0,0.0,-0.0,0.0,0.0,0.0,3.39,4.27,4.08,3.55
504,8.4,4.14,22.612,0.001,0.5036,0.09,-1.72,-0.01,3.741,0.0,0.0,-0.0,0.0,0.0,0.0,3.9,3.47,4.11,3.49
505,8.4167,4.147,22.622,0.001,0.5035,0.12,-1.6,-0.01,4.131,0.0,0.0,-0.0,0.0,0.0,0.0,4.97,3.75,4.12,3.69
506,8.4333,4.154,22.632,0.001,0.5027,0.14,-1.47,-0.01,3.843,0.0,0.0,-0.0,0.0,0.0,0.0,5.12,3.35,3.12,3.78
507,8.45,4.162,22.641,0.001,0.5033,0.16,-1.61,-0.01,3.998,0.0,0.0,-0.0,0.0,0.0,0.0,2.28,4.59,3.75,5.37
508,8.4667,4.169,22.651,0.001,0.5031,0.14,-1.72,-0.01,4.211,0.0,0.0,-0.0,0.0,0.0,0.0,4.17,4.3,4.21,4.17
509,8.4833,4.176,22.66,0.001,0.5027,0.13,-1.78,-0.0,3.676,0.0,0.0,-0.0,0.0,0.0,0.0,4.45,3.7,3.05,3.5
510,8.5,4.183,22.669,0.001,0.5031,0.13,-1.67,-0.0,3.842,0.0,0.0,-0.0,0.0,0.0,0.0,4.15,3.8,3.49,3.93
511,8.5167,4.191,22.679,0.001,0.5039,0.05,-1.58,0.01,3.881,0.0,0.0,-0.0,0.0,0.0,0.0,5.28,3.46,3.17,3.61
512,8.5333,4.198,22.689,0.001,0.5055,0.06,-1.35,0.02,3.907,0.0,0.0,-0.0,0.0,0.0,0.0,4.24,3.75,3.29,4.35
513,8.55,4.205,22.699,0.001,0.5073,0.07,-1.21,0.02,4.11,0.0,0.0,-0.0,0.0,0.0,0.0,3.9,4.22,4.19,4.13
514,8.5667,4.212,22.709,0.001,0.5088,0.08,-1.11,0.02,3.995,0.0,0.0,-0.0,0.0,0.0,0.0,3.85,4.02,4.21,3.89
515,8.5833,4.219,22.719,0.001,0.5096,0.09,-1.0,0.02,4.439,0.0,0.0,-0.0,0.0,0.0,0.0,5.75,4.01,4.24,3.76
516,8.6,4.227,22.729,0.001,0.5099,0.13,-0.87,0.01,3.975,0.0,0.0,-0.0,0.0,0.0,0.0,3.83,3.75,4.32,4.0
517,8.6167,4.234,22.74,0.001,0.5094,0.14,-0.73,0.01,4.122,0.0,0.0,-0.0,0.0,0.0,0.0,4.14,4.07,4.28,4.0
518,8.6333,4.241,22.75,0.0,0.5098,0.19,-0.75,0.01,4.571,0.0,0.0,-0.0,0.0,0.0,0.0,4.66,4.26,4.81,4.55
519,8.65,4.248,22.76,0.0,0.5098,0.18,-0.88,0.01,3.989,0.0,0.0,-0.0,0.0,0.0,0.0,4.22,4.15,4.23,3.36
520,8.6667,4.256,22.77,0.001,0.5093,0.17,-1.0,0.01,3.948,0.0,0.0,-0.0,0.0,0.0,0.0,3.24,4.31,3.92,4.32
521,8.6833,4.263,22.779,0.0,0.5095,0.17,-0.94,0.01,3.889,0.0,0.0,-0.0,0.0,0.0,0.0,4.0,3.66,4.21,3.69
522,8.7,4.27,22.789,0.001,0.5096,0.16,-0.81,0.01,4.073,0.0,0.0,-0.0,0.0,0.0,0.0,4.08,3.89,4.15,4.17
523,8.7167,4.277,22.799,0.0,0.5106,0.19,-0.84,0.04,4.562,0.0,0.0,-0.0,0.0,0.0,0.0,4.94,4.31,4.58,4.41
524,8.7333,4.284,22.808,0.0,0.5124,0.25,-1.06,0.04,4.27,0.0,0.0,-0.0,0.0,0.0,0.0,4.59,4.32,4.45,3.72
525,8.75,4.292,22.816,0.0,0.5134,0.25,-1.3,0.03,4.262,0.0,0.0,-0.0,0.0,0.0,0.0,4.4,4.28,4.3,4.06
526,8.7667,4.299,22.824,0.0,0.5137,0.21,-1.57,0.02,3.929,0.0,0.0,-0.0,0.0,0.0,0.0,4.19,4.2,4.22,3.11
527,8.7833,4.306,22.832,0.001,0.515,0.1,-1.66,0.03,3.727,0.0,0.0,-0.0,0.0,0.0,0.0,3.62,3.68,4.39,3.22
528,8.8,4.313,22.841,0.001,0.516,0.13,-1.65,0.02,3.939,0.0,0.0,-0.0,0.0,0.0,0.0,3.89,3.87,4.33,3.66
529,8.8167,4.321,22.851,0.001,0.5167,0.15,-1.67,0.02,4.12,0.0,0.0,-0.0,0.0,0.0,0.0,4.28,3.69,4.29,4.21
530,8.8333,4.328,22.86,0.0,0.5169,0.16,-1.74,0.01,3.894,0.0,0.0,-0.0,0.0,0.0,0.0,4.09,4.19,4.32,2.98
531,8.85,4.335,22.87,0.001,0.5166,0.17,-1.81,0.01,4.273,0.0,0.0,-0.0,0.0,0.0,0.0,4.17,4.32,4.33,4.27
532,8.8667,4.342,22.879,0.0,0.5162,0.21,-1.87,0.01,3.934,0.0,0.0,-0.0,0.0,0.0,0.0,4.07,4.24,3.57,3.85
533,8.8833,4.349,22.889,-0.0,0.5164,0.26,-1.79,0.01,3.99,0.0,0.0,-0.0,0.0,0.0,0.0,4.13,4.21,4.06,3.56
534,8.9,4.357,22.899,0.0,0.5162,0.18,-1.67,0.01,3.914,0.0,0.0,-0.0,0.0,0.0,0.0,3.44,3.71,4.41,4.09
535,8.9167,4.364,22.909,0.0,0.517,0.16,-1.74,0.01,4.307,0.0,0.0,-0.0,0.0,0.0,0.0,4.29,4.29,4.33,4.33
536,8.9333,4.371,22.919,0.0,0.517,0.16,-1.8,0.0,4.116,0.0,0.0,-0.0,0.0,0.0,0.0,4.29,4.31,4.37,3.5
537,8.95,4.378,22.929,0.001,0.5163,0.16,-1.87,0.0,3.855,0.0,0.0,-0.0,0.0,0.0,0.0,5.23,3.42,4.38,2.38
538,8.9667,4.386,22.939,0.0,0.5167,0.21,-1.8,0.02,4.165,0.0,0.0,-0.0,0.0,0.0,0.0,4.4,3.97,3.9,4.39
539,8.9833,4.393,22.95,0.0,0.5165,0.18,-1.68,0.02,3.824,0.0,0.0,-0.0,0.0,0.0,0.0,0.16,4.97,6.38,3.78
540,9.0,4.4,22.96,0.0,0.5168,0.17,-1.66,0.02,4.494,0.0,0.0,-0.0,0.0,0.0,0.0,4.4,4.52,4.45,4.6
541,9.0167,4.407,22.97,0.001,0.5171,0.15,-1.75,0.01,4.078,0.0,0.0,-0.0,0.0,0.0,0.0,4.38,4.33,4.42,3.18
542,9.0333,4.414,22.98,0.001,0.5168,0.14,-1.83,0.01,4.245,0.0,0.0,-0.0,0.0,0.0,0.0,4.31,4.53,4.4,3.74
543,9.05,4.422,22.99,0.0,0.5164,0.16,-1.85,0.02,3.964,0.0,0.0,-0.0,0.0,0.0,0.0,4.64,4.75,3.21,3.26
544,9.0667,4.429,23.0,0.0,0.5167,0.22,-1.78,0.02,4.139,0.0,0.0,-0.0,0.0,0.0,0.0,4.48,3.91,5.59,2.57
545,9.0833,4.436,23.011,0.0,0.5164,0.18,-1.65,0.02,4.288,0.0,0.0,-0.0,0.0,0.0,0.0,4.25,4.42,4.23,4.25
546,9.1,4.443,23.021,0.001,0.5165,0.1,-1.64,0.02,4.363,0.0,0.0,-0.0,0.0,0.0,0.0,3.8,4.88,4.31,4.46
547,9.1167,4.451,23.031,0.001,0.5169,0.14,-1.75,0.0,4.415,0.0,0.0,-0.0,0.0,0.0,0.0,4.43,4.38,4.41,4.44
548,9.1333,4.458,23.041,0.001,0.5165,0.16,-1.86,0.0,4.475,0.0,0.0,-0.0,0.0,0.0,0.0,4.48,4.5,4.4,4.52
549,9.15,4.465,23.051,0.001,0.5164,0.11,-1.89,0.01,4.237,0.0,0.0,-0.0,0.0,0.0,0.0,3.92,4.34,4.93,3.76
550,9.1667,4.472,23.061,0.001,0.5165,0.11,-1.76,0.02,4.182,0.0,0.0,-0.0,0.0,0.0,0.0,4.33,3.79,4.46,4.16
551,9.1833,4.479,23.072,0.001,0.5161,0.14,-1.6,0.03,4.657,0.0,0.0,-0.0,0.0,0.0,0.0,4.71,4.13,4.46,5.33
552,9.2,4.487,23.083,0.001,0.5166,0.15,-1.67,0.03,4.606,0.0,0.0,-0.0,0.0,0.0,0.0,4.6,4.69,4.65,4.48
553,9.2167,4.494,23.093,0.001,0.5166,0.15,-1.77,0.02,4.803,0.0,0.0,-0.0,0.0,0.0,0.0,4.86,5.43,4.46,4.47
554,9.2333,4.501,23.103,0.001,0.5159,0.17,-1.88,0.02,4.535,0.0,0.0,-0.0,0.0,0.0,0.0,4.53,4.55,4.48,4.58
555,9.25,4.508,23.113,0.001,0.5161,0.15,-1.84,0.02,4.973,0.0,0.0,-0.0,0.0,0.0,0.0,8.36,4.34,3.4,3.79
556,9.2667,4.516,23.123,0.001,0.5166,0.15,-1.77,0.03,4.37,0.0,0.0,-0.0,0.0,0.0,0.0,4.51,4.21,4.19,4.57
557,9.2833,4.523,23.134,0.001,0.5165,0.15,-1.71,0.02,5.111,0.0,0.0,-0.0,0.0,0.0,0.0,4.57,4.91,5.14,5.82
558,9.3,4.53,23.145,0.001,0.5169,0.15,-1.77,0.01,3.983,0.0,0.0,-0.0,0.0,0.0,0.0,4.94,2.52,4.57,3.91
559,9.3167,4.537,23.155,0.001,0.5172,0.12,-1.8,0.02,4.434,0.0,0.0,-0.0,0.0,0.0,0.0,4.39,4.45,4.54,4.36
560,9.3333,4.544,23.166,0.002,0.5168,0.06,-1.85,0.02,4.224,0.0,0.0,-0.0,0.0,0.0,0.0,3.36,4.53,4.54,4.47
561,9.35,4.552,23.176,0.001,0.5164,0.13,-1.71,0.02,3.633,0.0,0.0,-0.0,0.0,0.0,0.0,4.46,1.74,4.43,3.9
562,9.3667,4.559,23.187,0.001,0.5179,0.16,-1.42,0.04,8.268,0.0,0.0,-0.0,0.0,0.0,0.0,12.79,4.97,4.11,11.21
563,9.3833,4.566,23.197,0.001,0.5202,0.17,-1.3,0.02,4.381,0.0,0.0,-0.0,0.0,0.0,0.0,4.85,4.43,4.07,4.18
564,9.4,4.573,23.208,0.001,0.5218,0.17,-1.18,0.02,4.499,0.0,0.0,-0.0,0.0,0.0,0.0,6.27,4.34,3.07,4.31
565,9.4167,4.581,23.219,0.001,0.5225,0.18,-1.05,0.02,4.368,0.0,0.0,-0.0,0.0,0.0,0.0,4.45,4.28,4.48,4.27
566,9.4333,4.588,23.23,0.001,0.5229,0.17,-0.88,0.03,4.239,0.0,0.0,-0.0,0.0,0.0,0.0,3.76,4.33,4.52,4.34
567,9.45,4.595,23.242,0.001,0.5229,0.14,-0.78,0.03,5.029,0.0,0.0,-0.0,0.0,0.0,0.0,4.5,5.53,5.52,4.56
568,9.4667,4.602,23.253,0.001,0.5237,0.12,-0.86,0.02,4.704,0.0,0.0,-0.0,0.0,0.0,0.0,4.81,4.81,4.6,4.6
569,9.4833,4.609,23.263,0.001,0.5235,0.17,-0.96,0.02,4.345,0.0,0.0,-0.0,0.0,0.0,0.0,4.53,4.62,4.61,3.61
570,9.5,4.617,23.274,0.001,0.5226,0.18,-1.05,0.01,3.9,0.0,0.0,-0.0,0.0,0.0,0.0,3.63,3.6,4.46,3.91
571,9.5167,4.624,23.284,0.002,0.523,0.1,-0.95,0.0,4.045,0.0,0.0,-0.0,0.0,0.0,0.0,3.35,4.15,4.64,4.04
572,9.5333,4.631,23.295,0.001,0.5237,0.17,-0.87,0.02,4.683,0.0,0.0,-0.0,0.0,0.0,0.0,4.76,4.62,4.74,4.6
573,9.55,4.638,23.304,0.001,0.5259,0.25,-1.08,0.02,4.516,0.0,0.0,-0.0,0.0,0.0,0.0,4.89,4.66,4.76,3.75
574,9.5667,4.646,23.313,0.001,0.5273,0.26,-1.33,0.01,4.571,0.0,0.0,-0.0,0.0,0.0,0.0,4.78,4.63,4.62,4.25
575,9.5833,4.653,23.322,0.001,0.5279,0.26,-1.58,-0.0,4.573,0.0,0.0,-0.0,0.0,0.0,0.0,4.54,4.63,4.69,4.43
576,9.6,4.66,23.331,0.0,0.5286,0.29,-1.74,-0.0,3.79,0.0,0.0,-0.0,0.0,0.0,0.0,4.24,3.92,3.98,3.02
577,9.6167,4.667,23.34,0.001,0.5296,0.25,-1.73,-0.0,4.282,0.0,0.0,-0.0,0.0,0.0,0.0,3.91,4.6,4.67,3.96
578,9.6333,4.674,23.35,0.001,0.5306,0.21,-1.79,-0.01,4.477,0.0,0.0,-0.0,0.0,0.0,0.0,4.29,4.62,4.66,4.33
579,9.65,4.682,23.36,0.001,0.5309,0.17,-1.86,-0.01,4.388,0.0,0.0,-0.0,0.0,0.0,0.0,4.39,4.41,4.67,4.09
580,9.6667,4.689,23.371,0.001,0.5304,0.16,-1.91,-0.0,4.789,0.0,0.0,-0.0,0.0,0.0,0.0,4.45,5.62,4.7,4.39
581,9.6833,4.696,23.381,0.001,0.5302,0.22,-1.87,-0.01,4.629,0.0,0.0,-0.0,0.0,0.0,0.0,4.16,4.07,5.66,4.63
582,9.7,4.703,23.392,0.001,0.53,0.23,-1.75,-0.01,4.622,0.0,0.0,-0.0,0.0,0.0,0.0,1.58,5.96,7.04,3.91
583,9.7167,4.711,23.403,0.001,0.5306,0.19,-1.75,-0.01,4.674,0.0,0.0,-0.0,0.0,0.0,0.0,4.6,4.78,4.73,4.59
584,9.7333,4.718,23.414,0.002,0.531,0.15,-1.85,-0.01,4.525,0.0,0.0,-0.0,0.0,0.0,0.0,4.68,4.71,4.72,3.99
585,9.75,4.725,23.425,0.002,0.5307,0.13,-1.91,-0.02,3.754,0.0,0.0,-0.0,0.0,0.0,0.0,4.39,4.07,4.76,1.79
586,9.7667,4.732,23.435,0.001,0.5301,0.2,-1.91,0.01,4.642,0.0,0.0,-0.0,0.0,0.0,0.0,6.24,4.48,3.44,4.41
587,9.7833,4.739,23.446,0.001,0.53,0.25,-1.79,-0.02,4.334,0.0,0.0,-0.0,0.0,0.0,0.0,5.62,4.38,3.71,3.61
588,9.8,4.747,23.457,0.001,0.5304,0.16,-1.74,-0.02,4.973,0.0,0.0,-0.0,0.0,0.0,0.0,5.22,5.16,4.81,4.7
589,9.8167,4.754,23.468,0.002,0.5308,0.11,-1.78,-0.01,4.538,0.0,0.0,-0.0,0.0,0.0,0.0,4.13,4.69,4.42,4.9
590,9.8333,4.761,23.479,0.001,0.5307,0.16,-1.87,-0.02,4.31,0.0,0.0,-0.0,0.0,0.0,0.0,4.65,3.7,4.05,4.83
591,9.85,4.768,23.49,0.001,0.5301,0.17,-1.97,-0.01,4.722,0.0,0.0,-0.0,0.0,0.0,0.0,4.64,4.73,4.75,4.76
592,9.8667,4.776,23.5,0.002,0.5302,0.12,-1.91,0.0,4.787,0.0,0.0,-0.0,0.0,0.0,0.0,6.41,4.12,4.82,3.79
593,9.8833,4.783,23.511,0.002,0.5299,0.14,-1.73,0.02,4.662,0.0,0.0,-0.0,0.0,0.0,0.0,5.72,4.25,3.81,4.87
594,9.9,4.79,23.523,0.002,0.5307,0.09,-1.73,0.02,4.859,0.0,0.0,-0.0,0.0,0.0,0.0,4.73,4.81,5.03,4.87
595,9.9167,4.797,23.534,0.002,0.5307,0.14,-1.82,0.02,4.529,0.0,0.0,-0.0,0.0,0.0,0.0,6.1,3.71,3.53,4.78
596,9.9333,4.804,23.545,0.001,0.5298,0.17,-1.91,0.01,4.606,0.0,0.0,-0.0,0.0,0.0,0.0,5.04,3.23,4.53,5.62
597,9.95,4.812,23.556,0.001,0.5299,0.16,-1.93,0.02,4.216,0.0,0.0,-0.0,0.0,0.0,0.0,4.61,4.21,3.93,4.11
598,9.9667,4.819,23.567,0.001,0.5302,0.14,-1.82,0.02,4.518,0.0,0.0,-0.0,0.0,0.0,0.0,4.84,4.4,4.35,4.49
599,9.9833,4.826,23.578,0.002,0.5305,0.1,-1.8,0.02,4.669,0.0,0.0,-0.0,0.0,0.0,0.0,3.77,5.16,4.78,4.97
600,10.0,4.833,23.589,0.002,0.5307,0.13,-1.9,0.02,4.692,0.0,0.0,-0.0,0.0,0.0,0.0,4.77,4.68,4.87,4.45
601,10.0167,4.841,23.6,0.002,0.531,0.12,-1.89,0.02,4.699,0.0,0.0,-0.0,0.0,0.0,0.0,4.64,4.86,4.83,4.47
602,10.0333,4.848,23.612,0.002,0.5304,0.08,-1.9,0.03,4.265,0.0,0.0,-0.0,0.0,0.0,0.0,4.38,3.17,4.82,4.69
603,10.05,4.855,23.623,0.002,0.5299,0.15,-1.73,0.03,4.117,0.0,0.0,-0.0,0.0,0.0,0.0,6.06,4.16,1.62,4.62
604,10.0667,4.862,23.635,0.002,0.5308,0.13,-1.77,0.03,5.077,0.0,0.0,-0.0,0.0,0.0,0.0,5.19,5.08,5.16,4.88
605,10.0833,4.869,23.646,0.001,0.5308,0.17,-1.86,0.03,4.295,0.0,0.0,-0.0,0.0,0.0,0.0,5.39,4.12,3.06,4.61
606,10.1,4.877,23.657,0.001,0.5302,0.21,-1.91,0.04,4.837,0.0,0.0,-0.0,0.0,0.0,0.0,4.8,4.84,4.86,4.84
607,10.1167,4.884,23.668,0.001,0.5298,0.2,-1.88,0.05,4.452,0.0,0.0,-0.0,0.0,0.0,0.0,4.15,4.18,5.2,4.27
608,10.1333,4.891,23.679,0.002,0.5308,0.12,-1.66,0.04,6.113,0.0,0.0,-0.0,0.0,0.0,0.0,14.09,3.55,2.28,4.54
609,10.15,4.898,23.69,0.002,0.5333,0.09,-1.43,0.02,4.601,0.0,0.0,-0.0,0.0,0.0,0.0,4.56,4.61,4.35,4.89
610,10.1667,4.906,23.702,0.002,0.5352,0.14,-1.29,0.01,5.219,0.0,0.0,-0.0,0.0,0.0,0.0,4.42,7.36,4.68,4.42
611,10.1833,4.913,23.713,0.002,0.5365,0.14,-1.18,0.02,4.709,0.0,0.0,-0.0,0.0,0.0,0.0,4.58,4.76,4.87,4.63
612,10.2,4.92,23.725,0.002,0.5372,0.14,-1.03,0.02,5.334,0.0,0.0,-0.0,0.0,0.0,0.0,7.52,4.49,4.96,4.37
613,10.2167,4.927,23.737,0.002,0.5371,0.15,-0.84,0.03,4.825,0.0,0.0,-0.0,0.0,0.0,0.0,4.09,5.5,4.99,4.72
614,10.2333,4.934,23.749,0.002,0.5379,0.18,-0.9,0.03,4.86,0.0,0.0,-0.0,0.0,0.0,0.0,4.76,4.9,5.18,4.61
615,10.25,4.942,23.761,0.002,0.5377,0.19,-0.96,0.03,4.865,0.0,0.0,-0.0,0.0,0.0,0.0,4.57,5.12,4.9,4.87
616,10.2667,4.949,23.772,0.002,0.5371,0.2,-1.04,0.03,4.876,0.0,0.0,-0.0,0.0,0.0,0.0,4.82,4.73,4.93,5.02
617,10.2833,4.956,23.784,0.001,0.5367,0.31,-0.92,0.02,5.161,0.0,0.0,-0.0,0.0,0.0,0.0,6.08,7.62,1.81,5.14
618,10.3,4.963,23.795,0.002,0.538,0.18,-0.95,0.04,5.545,0.0,0.0,-0.0,0.0,0.0,0.0,5.15,5.68,6.49,4.86
619,10.3167,4.971,23.805,0.002,0.5403,0.19,-1.24,0.03,5.015,0.0,0.0,-0.0,0.0,0.0,0.0,5.28,4.68,5.16,4.94
620,10.3333,4.978,23.814,0.002,0.5416,0.19,-1.49,0.03,4.835,0.0,0.0,-0.0,0.0,0.0,0.0,4.98,4.62,4.94,4.8
621,10.35,4.985,23.824,0.001,0.5422,0.2,-1.74,0.03,4.601,0.0,0.0,-0.0,0.0,0.0,0.0,4.91,4.75,4.38,4.37
622,10.3667,4.992,23.834,0.001,0.5438,0.27,-1.8,0.02,5.072,0.0,0.0,-0.0,0.0,0.0,0.0,5.07,5.61,4.95,4.66
623,10.3833,4.999,23.844,0.001,0.5448,0.19,-1.82,0.02,5.086,0.0,0.0,-0.0,0.0,0.0,0.0,4.98,4.84,4.87,5.64
624,10.4,5.007,23.855,0.002,0.5454,0.15,-1.91,0.02,4.703,0.0,0.0,-0.0,0.0,0.0,0.0,4.46,4.46,5.03,4.86
625,10.4167,5.014,23.866,0.002,0.5452,0.18,-1.94,0.01,4.831,0.0,0.0,-0.0,0.0,0.0,0.0,4.8,4.79,4.97,4.77
626,10.4333,5.021,23.878,0.002,0.5445,0.19,-2.0,0.02,5.11,0.0,0.0,-0.0,0.0,0.0,0.0,5.01,5.24,5.04,5.16
627,10.45,5.028,23.889,0.001,0.5443,0.27,-1.89,0.02,5.864,0.0,0.0,-0.0,0.0,0.0,0.0,4.16,9.2,5.08,5.01
628,10.4667,5.036,23.901,0.002,0.545,0.14,-1.82,0.03,4.85,0.0,0.0,-0.0,0.0,0.0,0.0,5.06,4.63,4.68,5.03
629,10.4833,5.043,23.912,0.002,0.5453,0.07,-1.83,0.02,5.434,0.0,0.0,-0.0,0.0,0.0,0.0,5.21,6.42,5.03,5.07
630,10.5,5.05,23.924,0.002,0.5451,0.18,-1.92,0.02,4.981,0.0,0.0,-0.0,0.0,0.0,0.0,5.46,4.96,4.6,4.91
631,10.5167,5.057,23.935,0.001,0.5445,0.2,-2.03,0.03,5.119,0.0,0.0,-0.0,0.0,0.0,0.0,5.46,4.97,5.01,5.04
632,10.5333,5.064,23.946,0.002,0.5446,0.11,-1.98,0.04,4.036,0.0,0.0,-0.0,0.0,0.0,0.0,2.73,3.84,5.04,4.54
633,10.55,5.072,23.958,0.002,0.5445,0.13,-1.81,0.05,5.451,0.0,0.0,-0.0,0.0,0.0,0.0,4.82,5.38,4.75,6.84
634,10.5667,5.079,23.97,0.002,0.5452,0.12,-1.82,0.04,5.243,0.0,0.0,-0.0,0.0,0.0,0.0,5.5,5.48,4.95,5.04
635,10.5833,5.086,23.982,0.002,0.5449,0.21,-1.91,0.04,4.942,0.0,0.0,-0.0,0.0,0.0,0.0,5.07,4.57,5.07,5.06
636,10.6,5.093,23.993,0.001,0.5443,0.23,-2.06,0.04,4.966,0.0,0.0,-0.0,0.0,0.0,0.0,5.09,4.77,5.12,4.89
637,10.6167,5.101,24.005,0.002,0.5442,0.15,-1.95,0.04,5.283,0.0,0.0,-0.0,0.0,0.0,0.0,6.09,4.94,5.42,4.68
638,10.6333,5.108,24.017,0.002,0.5449,0.15,-1.9,0.05,4.99,0.0,0.0,-0.0,0.0,0.0,0.0,5.09,4.81,4.94,5.11
639,10.65,5.115,24.029,0.002,0.5453,0.18,-1.92,0.04,5.057,0.0,0.0,-0.0,0.0,0.0,0.0,5.11,5.12,4.86,5.14
640,10.6667,5.122,24.041,0.002,0.5454,0.18,-1.92,0.04,4.978,0.0,0.0,-0.0,0.0,0.0,0.0,4.95,5.11,5.06,4.79
641,10.6833,5.129,24.053,0.002,0.5451,0.15,-1.94,0.04,4.981,0.0,0.0,-0.0,0.0,0.0,0.0,4.7,5.13,5.11,4.99
642,10.7,5.137,24.064,0.002,0.5445,0.12,-1.86,0.06,4.517,0.0,0.0,-0.0,0.0,0.0,0.0,4.19,4.45,5.17,4.26
643,10.7167,5.144,24.077,0.002,0.5453,0.11,-1.83,0.05,5.031,0.0,0.0,-0.0,0.0,0.0,0.0,4.78,5.16,5.07,5.11
644,10.7333,5.151,24.089,0.002,0.5454,0.18,-1.91,0.05,4.747,0.0,0.0,-0.0,0.0,0.0,0.0,5.05,4.1,4.71,5.13
645,10.75,5.158,24.1,0.002,0.5446,0.25,-1.97,0.06,5.063,0.0,0.0,-0.0,0.0,0.0,0.0,5.05,5.17,4.91,5.13
646,10.7667,5.166,24.112,0.002,0.5443,0.19,-1.94,0.07,4.74,0.0,0.0,-0.0,0.0,0.0,0.0,4.65,4.85,5.1,4.36
647,10.7833,5.173,24.124,0.002,0.5449,0.13,-1.85,0.07,4.982,0.0,0.0,-0.0,0.0,0.0,0.0,5.27,4.77,4.72,5.17
648,10.8,5.18,24.136,0.003,0.5454,0.1,-1.83,0.07,5.425,0.0,0.0,-0.0,0.0,0.0,0.0,5.15,5.17,6.16,5.23
649,10.8167,5.187,24.148,0.002,0.5451,0.2,-1.93,0.07,4.718,0.0,0.0,-0.0,0.0,0.0,0.0,5.12,5.33,3.06,5.36
650,10.8333,5.194,24.159,0.002,0.5442,0.23,-2.03,0.08,4.842,0.0,0.0,-0.0,0.0,0.0,0.0,5.07,4.81,5.02,4.47
651,10.85,5.202,24.171,0.003,0.5446,0.14,-1.91,0.1,6.46,0.0,0.0,-0.0,0.0,0.0,0.0,6.67,3.47,5.23,10.47
652,10.8667,5.209,24.182,0.002,0.5467,0.22,-1.64,0.1,4.528,0.0,0.0,-0.0,0.0,0.0,0.0,5.18,4.48,3.96,4.5
653,10.8833,5.216,24.194,0.002,0.549,0.24,-1.45,0.11,4.784,0.0,0.0,-0.0,0.0,0.0,0.0,5.13,4.79,4.85,4.37
654,10.9,5.223,24.206,0.002,0.5504,0.24,-1.24,0.11,4.43,0.0,0.0,-0.0,0.0,0.0,0.0,3.31,4.91,5.01,4.49
655,10.9167,5.231,24.219,0.002,0.5511,0.26,-1.06,0.11,4.958,0.0,0.0,-0.0,0.0,0.0,0.0,4.88,4.81,5.22,4.93
656,10.9333,5.238,24.232,0.002,0.552,0.19,-0.94,0.11,5.544,0.0,0.0,-0.0,0.0,0.0,0.0,5.33,6.42,5.11,5.32
657,10.95,5.245,24.245,0.003,0.5527,0.19,-0.98,0.1,5.175,0.0,0.0,-0.0,0.0,0.0,0.0,5.21,5.17,5.28,5.03
658,10.9667,5.252,24.257,0.003,0.5527,0.2,-0.98,0.09,5.395,0.0,0.0,-0.0,0.0,0.0,0.0,5.25,5.02,6.05,5.27
659,10.9833,5.259,24.27,0.002,0.5517,0.25,-1.0,0.09,5.427,0.0,0.0,-0.0,0.0,0.0,0.0,5.71,5.13,5.57,5.3
660,11.0,5.267,24.282,0.002,0.5515,0.24,-0.91,0.1,4.911,0.0,0.0,-0.0,0.0,0.0,0.0,4.71,5.13,5.11,4.69
661,11.0167,5.274,24.293,0.003,0.5533,0.1,-0.97,0.09,5.443,0.0,0.0,-0.0,0.0,0.0,0.0,5.29,4.86,6.35,5.27
662,11.0333,5.281,24.304,0.004,0.5558,0.01,-1.24,0.09,5.294,0.0,0.0,-0.0,0.0,0.0,0.0,5.49,5.11,5.29,5.29
663,11.05,5.288,24.314,0.004,0.5571,0.07,-1.49,0.09,5.844,0.0,0.0,-0.0,0.0,0.0,0.0,5.42,7.39,5.27,5.29
664,11.0667,5.296,24.324,0.003,0.5579,0.15,-1.81,0.07,5.226,0.0,0.0,-0.0,0.0,0.0,0.0,5.29,5.17,5.15,5.29
665,11.0833,5.303,24.334,0.003,0.559,0.21,-1.94,0.06,4.683,0.0,0.0,-0.0,0.0,0.0,0.0,5.27,4.38,4.61,4.47
666,11.1,5.31,24.345,0.003,0.5602,0.19,-1.96,0.07,5.497,0.0,0.0,-0.0,0.0,0.0,0.0,5.26,4.76,7.16,4.8
667,11.1167,5.317,24.357,0.003,0.5604,0.17,-1.98,0.06,5.636,0.0,0.0,-0.0,0.0,0.0,0.0,5.31,6.54,4.84,5.85
668,11.1333,5.324,24.369,0.003,0.5601,0.22,-2.02,0.05,5.476,0.0,0.0,-0.0,0.0,0.0,0.0,4.99,6.1,5.32,5.49
669,11.15,5.332,24.382,0.003,0.559,0.26,-2.03,0.05,4.76,0.0,0.0,-0.0,0.0,0.0,0.0,3.76,4.81,4.66,5.8
670,11.1667,5.339,24.394,0.004,0.5589,0.13,-1.91,0.05,5.243,0.0,0.0,-0.0,0.0,0.0,0.0,6.04,5.29,4.95,4.69
671,11.1833,5.346,24.406,0.004,0.56,0.12,-1.92,0.05,5.14,0.0,0.0,-0.0,0.0,0.0,0.0,5.07,5.1,5.08,5.31
672,11.2,5.353,24.418,0.003,0.5604,0.18,-1.95,0.05,5.269,0.0,0.0,-0.0,0.0,0.0,0.0,5.35,5.24,5.15,5.35
673,11.2167,5.361,24.43,0.003,0.56,0.26,-2.05,0.05,4.668,0.0,0.0,-0.0,0.0,0.0,0.0,5.34,2.15,5.78,5.4
674,11.2333,5.368,24.442,0.003,0.5594,0.2,-2.08,0.02,5.212,0.0,0.0,-0.0,0.0,0.0,0.0,5.41,5.23,5.92,4.28
675,11.25,5.375,24.454,0.004,0.5594,0.09,-1.94,0.02,5.413,0.0,0.0,-0.0,0.0,0.0,0.0,5.57,5.36,5.38,5.34
676,11.2667,5.382,24.467,0.004,0.5602,0.15,-1.99,0.01,5.076,0.0,0.0,-0.0,0.0,0.0,0.0,5.26,5.02,5.35,4.67
677,11.2833,5.389,24.479,0.003,0.5604,0.19,-2.01,0.01,5.226,0.0,0.0,-0.0,0.0,0.0,0.0,4.89,5.42,5.36,5.23
678,11.3,5.397,24.492,0.003,0.5601,0.2,-1.96,0.01,5.252,0.0,0.0,-0.0,0.0,0.0,0.0,5.31,5.39,5.39,4.92
679,11.3167,5.404,24.504,0.004,0.559,0.14,-1.91,0.01,4.87,0.0,0.0,-0.0,0.0,0.0,0.0,4.4,5.36,4.14,5.57
680,11.3333,5.411,24.517,0.004,0.5602,0.15,-1.95,0.0,5.265,0.0,0.0,-0.0,0.0,0.0,0.0,5.2,5.22,5.2,5.44
681,11.35,5.418,24.529,0.003,0.5605,0.21,-1.99,0.0,5.433,0.0,0.0,-0.0,0.0,0.0,0.0,5.43,5.3,5.59,5.41
682,11.3667,5.426,24.541,0.003,0.5597,0.26,-2.03,-0.01,5.401,0.0,0.0,-0.0,0.0,0.0,0.0,5.41,5.65,4.58,5.97
683,11.3833,5.433,24.554,0.003,0.5589,0.23,-1.97,-0.0,4.805,0.0,0.0,-0.0,0.0,0.0,0.0,4.73,4.04,5.5,4.95
684,11.4,5.44,24.566,0.004,0.5598,0.09,-1.91,-0.01,4.554,0.0,0.0,-0.0,0.0,0.0,0.0,2.88,4.89,5.01,5.44
685,11.4167,5.447,24.579,0.004,0.5605,0.16,-1.96,-0.01,5.338,0.0,0.0,-0.0,0.0,0.0,0.0,5.33,5.4,5.18,5.44
686,11.4333,5.454,24.591,0.003,0.5602,0.22,-2.02,-0.01,5.076,0.0,0.0,-0.0,0.0,0.0,0.0,3.97,5.44,5.42,5.48
687,11.45,5.462,24.604,0.003,0.559,0.23,-2.04,-0.0,5.023,0.0,0.0,-0.0,0.0,0.0,0.0,4.02,5.31,5.06,5.7
688,11.4667,5.469,24.616,0.004,0.5593,0.08,-1.99,0.01,5.586,0.0,0.0,-0.0,0.0,0.0,0.0,6.33,5.15,5.4,5.46
689,11.4833,5.476,24.628,0.003,0.5605,0.14,-1.98,0.0,5.306,0.0,0.0,-0.0,0.0,0.0,0.0,5.08,5.21,5.46,5.47
690,11.5,5.483,24.641,0.003,0.5603,0.22,-1.98,0.0,6.241,0.0,0.0,-0.0,0.0,0.0,0.0,5.85,5.71,5.53,7.87
691,11.5167,5.491,24.653,0.002,0.5594,0.28,-2.01,0.03,5.513,0.0,0.0,-0.0,0.0,0.0,0.0,5.21,5.51,5.5,5.83
692,11.5333,5.498,24.666,0.003,0.5589,0.23,-1.97,0.03,5.058,0.0,0.0,-0.0,0.0,0.0,0.0,6.5,3.34,5.52,4.87
693,11.55,5.505,24.678,0.003,0.5619,0.19,-1.74,0.0,5.804,0.0,0.0,-0.0,0.0,0.0,0.0,7.92,4.97,5.02,5.3
694,11.5667,5.512,24.69,0.003,0.5644,0.21,-1.51,0.02,5.376,0.0,0.0,-0.0,0.0,0.0,0.0,5.43,5.06,7.9,3.11
695,11.5833,5.519,24.704,0.003,0.5659,0.21,-1.26,0.0,5.279,0.0,0.0,-0.0,0.0,0.0,0.0,5.18,5.02,6.3,4.62
696,11.6,5.527,24.717,0.003,0.5665,0.21,-1.03,-0.0,5.619,0.0,0.0,-0.0,0.0,0.0,0.0,4.98,6.69,5.53,5.28
697,11.6167,5.534,24.731,0.003,0.5676,0.21,-0.96,-0.01,5.559,0.0,0.0,-0.0,0.0,0.0,0.0,5.54,5.54,5.6,5.56
698,11.6333,5.541,24.744,0.003,0.5682,0.19,-1.01,-0.02,5.565,0.0,0.0,-0.0,0.0,0.0,0.0,5.64,5.53,5.53,5.55
699,11.65,5.548,24.757,0.003,0.5679,0.21,-1.04,-0.02,5.755,0.0,0.0,-0.0,0.0,0.0,0.0,5.55,5.26,6.6,5.61
700,11.6667,5.556,24.77,0.002,0.5667,0.27,-1.08,-0.03,5.669,0.0,0.0,-0.0,0.0,0.0,0.0,5.24,5.44,6.41,5.58
701,11.6833,5.563,24.783,0.003,0.5667,0.17,-0.96,-0.03,5.776,0.0,0.0,-0.0,0.0,0.0,0.0,5.75,5.68,6.48,5.19
702,11.7,5.57,24.795,0.003,0.5692,0.14,-1.11,-0.02,6.053,0.0,0.0,-0.0,0.0,0.0,0.0,6.82,5.35,6.47,5.57
703,11.7167,5.577,24.806,0.003,0.5713,0.17,-1.46,-0.04,5.546,0.0,0.0,-0.0,0.0,0.0,0.0,5.58,5.18,5.85,5.58
704,11.7333,5.584,24.816,0.002,0.5729,0.26,-1.78,-0.04,5.497,0.0,0.0,-0.0,0.0,0.0,0.0,5.57,5.26,5.55,5.61
705,11.75,5.592,24.827,0.002,0.5737,0.21,-1.95,-0.12,5.427,0.0,0.0,-0.0,0.0,0.0,0.0,5.62,5.74,6.39,3.95
706,11.7667,5.599,24.838,0.003,0.5747,0.06,-2.05,-0.11,4.955,0.0,0.0,-0.0,0.0,0.0,0.0,4.5,4.83,5.59,4.89
707,11.7833,5.606,24.85,0.002,0.5757,0.15,-2.05,-0.11,5.35,0.0,0.0,-0.0,0.0,0.0,0.0,5.78,4.95,5.61,5.06
708,11.8,5.613,24.862,0.002,0.5758,0.25,-2.06,-0.11,5.292,0.0,0.0,-0.0,0.0,0.0,0.0,5.58,5.4,5.6,4.59
709,11.8167,5.621,24.875,0.001,0.5757,0.33,-2.19,-0.11,5.262,0.0,0.0,-0.0,0.0,0.0,0.0,5.61,4.81,5.57,5.07
710,11.8333,5.628,24.887,0.001,0.5748,0.21,-2.13,-0.18,4.717,0.0,0.0,-0.0,0.0,0.0,0.0,5.7,5.59,2.74,4.84
711,11.85,5.635,24.9,0.002,0.5756,0.12,-2.09,-0.18,5.404,0.0,0.0,-0.0,0.0,0.0,0.0,5.12,5.35,5.57,5.58
712,11.8667,5.642,24.913,0.001,0.5759,0.19,-2.1,-0.17,5.37,0.0,0.0,-0.0,0.0,0.0,0.0,5.32,5.28,5.62,5.26
713,11.8833,5.649,24.926,0.001,0.5758,0.22,-2.04,-0.17,5.181,0.0,0.0,-0.0,0.0,0.0,0.0,4.34,5.67,5.56,5.16
714,11.9,5.657,24.939,0.002,0.5749,0.18,-1.99,-0.16,5.376,0.0,0.0,-0.0,0.0,0.0,0.0,5.25,5.8,4.82,5.64
715,11.9167,5.664,24.952,0.002,0.5756,0.1,-2.09,-0.16,5.099,0.0,0.0,-0.0,0.0,0.0,0.0,4.84,5.27,5.59,4.69
716,11.9333,5.671,24.965,0.001,0.5761,0.18,-2.07,-0.15,5.449,0.0,0.0,-0.0,0.0,0.0,0.0,5.38,5.4,5.69,5.33
717,11.95,5.678,24.978,0.001,0.5756,0.26,-2.07,-0.15,6.161,0.0,0.0,-0.0,0.0,0.0,0.0,5.65,5.56,7.75,5.69
718,11.9667,5.686,24.992,0.001,0.5745,0.29,-2.12,-0.14,5.697,0.0,0.0,-0.0,0.0,0.0,0.0,5.47,5.37,6.17,5.78
719,11.9833,5.693,25.004,0.002,0.5751,0.11,-2.08,-0.13,6.333,0.0,0.0,-0.0,0.0,0.0,0.0,5.64,4.55,5.75,9.39
720,12.0,5.7,25.017,0.002,0.576,0.17,-2.07,-0.12,5.137,0.0,0.0,-0.0,0.0,0.0,0.0,5.15,5.17,4.55,5.68
721,12.0167,5.707,25.03,0.001,0.5759,0.23,-2.07,-0.11,5.936,0.0,0.0,-0.0,0.0,0.0,0.0,6.26,5.74,5.68,6.07
722,12.0333,5.714,25.043,0.001,0.5746,0.3,-2.08,-0.12,6.432,0.0,0.0,-0.0,0.0,0.0,0.0,7.04,8.46,5.72,4.51
723,12.05,5.722,25.056,0.002,0.5751,0.17,-2.05,-0.11,5.495,0.0,0.0,-0.0,0.0,0.0,0.0,5.78,5.07,5.32,5.82
724,12.0667,5.729,25.068,0.002,0.576,0.12,-2.1,-0.09,5.651,0.0,0.0,-0.0,0.0,0.0,0.0,6.32,5.0,5.8,5.49
725,12.0833,5.736,25.081,0.002,0.576,0.22,-2.06,-0.06,5.637,0.0,0.0,-0.0,0.0,0.0,0.0,5.55,5.71,5.73,5.56
726,12.1,5.743,25.094,0.001,0.5749,0.33,-2.05,-0.06,5.769,0.0,0.0,-0.0,0.0,0.0,0.0,5.93,5.15,4.31,7.69
727,12.1167,5.751,25.107,0.002,0.5751,0.23,-2.15,-0.08,5.15,0.0,0.0,-0.0,0.0,0.0,0.0,5.65,4.99,4.97,4.98
728,12.1333,5.758,25.12,0.002,0.5759,0.18,-2.09,-0.08,5.405,0.0,0.0,-0.0,0.0,0.0,0.0,5.24,5.36,5.28,5.74
729,12.15,5.765,25.133,0.002,0.5759,0.21,-2.07,-0.07,6.005,0.0,0.0,-0.0,0.0,0.0,0.0,5.87,5.21,6.2,6.75
730,12.1667,5.772,25.147,0.001,0.5751,0.31,-2.05,-0.06,5.762,0.0,0.0,-0.0,0.0,0.0,0.0,5.76,5.37,6.03,5.89
731,12.1833,5.779,25.16,0.002,0.5748,0.18,-2.06,-0.06,5.451,0.0,0.0,-0.0,0.0,0.0,0.0,5.57,5.94,5.14,5.15
732,12.2,5.787,25.172,0.002,0.5767,0.17,-1.96,-0.06,4.507,0.0,0.0,-0.0,0.0,0.0,0.0,3.74,5.28,4.15,4.86
733,12.2167,5.794,25.185,0.002,0.5793,0.18,-1.67,-0.06,5.234,0.0,0.0,-0.0,0.0,0.0,0.0,5.14,5.02,5.71,5.08
734,12.2333,5.801,25.199,0.002,0.5811,0.18,-1.4,-0.06,5.713,0.0,0.0,-0.0,0.0,0.0,0.0,5.72,5.86,5.77,5.49
735,12.25,5.808,25.213,0.002,0.5822,0.17,-1.17,-0.06,5.611,0.0,0.0,-0.0,0.0,0.0,0.0,5.77,5.47,5.8,5.4
736,12.2667,5.816,25.227,0.002,0.5836,0.12,-1.06,-0.06,5.707,0.0,0.0,-0.0,0.0,0.0,0.0,5.85,5.54,5.63,5.81
737,12.2833,5.823,25.242,0.002,0.5841,0.16,-1.03,-0.06,5.963,0.0,0.0,-0.0,0.0,0.0,0.0,6.07,6.18,5.8,5.8
738,12.3,5.83,25.255,0.001,0.5838,0.25,-1.06,-0.06,5.521,0.0,0.0,-0.0,0.0,0.0,0.0,5.23,5.83,5.92,5.1
739,12.3167,5.837,25.269,0.001,0.5826,0.3,-1.08,-0.07,5.758,0.0,0.0,-0.0,0.0,0.0,0.0,6.89,4.21,5.84,6.09
740,12.3333,5.844,25.282,0.003,0.5826,0.05,-1.06,-0.07,5.416,0.0,0.0,-0.0,0.0,0.0,0.0,4.66,5.91,5.68,5.41
741,12.35,5.852,25.294,0.002,0.5854,0.13,-1.29,-0.06,5.81,0.0,0.0,-0.0,0.0,0.0,0.0,6.1,5.46,5.91,5.77
742,12.3667,5.859,25.305,0.001,0.5879,0.23,-1.59,-0.07,5.832,0.0,0.0,-0.0,0.0,0.0,0.0,5.87,5.6,6.01,5.85
743,12.3833,5.866,25.317,0.0,0.5896,0.36,-1.94,-0.07,5.543,0.0,0.0,-0.0,0.0,0.0,0.0,5.85,4.84,5.86,5.62
744,12.4,5.873,25.328,0.0,0.5902,0.26,-2.05,-0.15,5.497,0.0,0.0,-0.0,0.0,0.0,0.0,5.87,5.82,5.88,4.41
745,12.4167,5.881,25.34,0.001,0.5916,0.1,-2.2,-0.15,5.209,0.0,0.0,-0.0,0.0,0.0,0.0,5.62,4.54,5.25,5.43
746,12.4333,5.888,25.352,0.002,0.5923,0.15,-2.21,-0.09,5.747,0.0,0.0,-0.0,0.0,0.0,0.0,5.94,5.11,5.88,6.06
747,12.45,5.895,25.365,0.001,0.592,0.16,-2.18,-0.09,6.585,0.0,0.0,-0.0,0.0,0.0,0.0,7.13,8.03,5.85,5.32
748,12.4667,5.902,25.379,0.002,0.5911,0.08,-2.13,-0.09,5.029,0.0,0.0,-0.0,0.0,0.0,0.0,7.28,3.83,3.94,5.08
749,12.4833,5.909,25.392,0.002,0.5918,0.06,-2.22,-0.07,5.313,0.0,0.0,-0.0,0.0,0.0,0.0,5.29,5.22,5.8,4.95
750,12.5,5.917,25.405,0.001,0.5924,0.16,-2.17,-0.06,6.165,0.0,0.0,-0.0,0.0,0.0,0.0,7.17,5.69,5.91,5.9
751,12.5167,5.924,25.419,0.001,0.5918,0.27,-2.13,-0.06,6.042,0.0,0.0,-0.0,0.0,0.0,0.0,6.48,5.87,6.09,5.73
752,12.5333,5.931,25.433,0.0,0.5918,0.3,-2.28,-0.06,6.041,0.0,0.0,-0.0,0.0,0.0,0.0,5.94,6.22,6.07,5.93
753,12.55,5.938,25.446,0.001,0.5915,0.11,-2.22,-0.15,5.011,0.0,0.0,-0.0,0.0,0.0,0.0,6.01,5.08,3.22,5.73
754,12.5667,5.946,25.46,0.001,0.5924,0.16,-2.16,-0.12,5.755,0.0,0.0,-0.0,0.0,0.0,0.0,6.17,5.49,5.88,5.49
755,12.5833,5.953,25.473,-0.0,0.5921,0.24,-2.14,-0.13,4.905,0.0,0.0,-0.0,0.0,0.0,0.0,4.87,5.31,5.97,3.47
756,12.6,5.96,25.487,-0.0,0.5914,0.28,-2.23,-0.15,5.758,0.0,0.0,-0.0,0.0,0.0,0.0,5.33,6.27,6.04,5.39
757,12.6167,5.967,25.501,0.0,0.5917,0.11,-2.23,-0.26,5.127,0.0,0.0,-0.0,0.0,0.0,0.0,3.2,5.72,5.89,5.7
758,12.6333,5.974,25.514,-0.0,0.5924,0.12,-2.16,-0.26,5.664,0.0,0.0,-0.0,0.0,0.0,0.0,5.3,5.41,5.97,5.97
759,12.65,5.982,25.528,-0.001,0.592,0.25,-2.13,-0.26,4.888,0.0,0.0,-0.0,0.0,0.0,0.0,5.54,5.55,5.97,2.48
760,12.6667,5.989,25.542,-0.001,0.592,0.31,-2.29,-0.26,6.058,0.0,0.0,-0.0,0.0,0.0,0.0,5.98,6.22,6.21,5.82
761,12.6833,5.996,25.555,-0.001,0.592,0.24,-2.27,-0.26,5.549,0.0,0.0,-0.0,0.0,0.0,0.0,5.99,5.97,4.24,5.99
762,12.7,6.003,25.569,-0.0,0.5922,0.18,-2.16,-0.21,6.179,0.0,0.0,-0.0,0.0,0.0,0.0,6.08,6.63,5.99,6.02
763,12.7167,6.011,25.583,-0.001,0.5918,0.25,-2.12,-0.2,6.017,0.0,0.0,-0.0,0.0,0.0,0.0,6.37,5.67,6.01,6.01
764,12.7333,6.018,25.597,-0.001,0.5919,0.3,-2.27,-0.2,6.092,0.0,0.0,-0.0,0.0,0.0,0.0,6.04,6.16,6.26,5.91
765,12.75,6.025,25.61,-0.001,0.5922,0.21,-2.22,-0.23,5.846,0.0,0.0,-0.0,0.0,0.0,0.0,6.07,5.1,6.18,6.03
766,12.7667,6.032,25.624,-0.001,0.5924,0.17,-2.15,-0.21,6.174,0.0,0.0,-0.0,0.0,0.0,0.0,6.83,6.04,6.02,5.81
767,12.7833,6.039,25.639,-0.001,0.5919,0.21,-2.14,-0.22,5.271,0.0,0.0,-0.0,0.0,0.0,0.0,4.86,5.28,6.02,4.93
768,12.8,6.047,25.653,-0.001,0.5919,0.28,-2.28,-0.24,6.176,0.0,0.0,-0.0,0.0,0.0,0.0,6.04,6.36,6.25,6.05
769,12.8167,6.054,25.666,-0.001,0.5919,0.19,-2.23,-0.27,3.71,0.0,0.0,-0.0,0.0,0.0,0.0,5.98,4.18,4.09,0.58
770,12.8333,6.061,25.679,-0.001,0.5946,0.14,-1.87,-0.28,5.216,0.0,0.0,-0.0,0.0,0.0,0.0,4.39,5.49,6.05,4.93
771,12.85,6.068,25.694,-0.001,0.5972,0.11,-1.6,-0.27,5.984,0.0,0.0,-0.0,0.0,0.0,0.0,6.76,5.48,6.05,5.65
772,12.8667,6.076,25.709,-0.001,0.5983,0.08,-1.32,-0.27,5.506,0.0,0.0,-0.0,0.0,0.0,0.0,4.82,5.56,6.06,5.58
773,12.8833,6.083,25.724,-0.001,0.5991,0.05,-1.13,-0.26,6.65,0.0,0.0,-0.0,0.0,0.0,0.0,5.69,6.32,9.28,5.31
774,12.9,6.09,25.739,-0.002,0.6004,0.13,-1.09,-0.23,5.887,0.0,0.0,-0.0,0.0,0.0,0.0,6.01,5.82,6.04,5.68
775,12.9167,6.097,25.753,-0.002,0.6005,0.22,-1.06,-0.2,6.249,0.0,0.0,-0.0,0.0,0.0,0.0,5.94,6.93,5.94,6.18
776,12.9333,6.104,25.768,-0.003,0.6007,0.29,-1.22,-0.19,6.213,0.0,0.0,-0.0,0.0,0.0,0.0,6.11,6.3,6.33,6.12
777,12.95,6.112,25.782,-0.003,0.5999,0.19,-1.22,-0.28,5.776,0.0,0.0,-0.0,0.0,0.0,0.0,6.12,6.07,6.12,4.79
778,12.9667,6.119,25.794,-0.003,0.6027,0.18,-1.43,-0.23,6.197,0.0,0.0,-0.0,0.0,0.0,0.0,6.59,6.06,6.29,5.84
779,12.9833,6.126,25.806,-0.003,0.6051,0.21,-1.76,-0.24,5.66,0.0,0.0,-0.0,0.0,0.0,0.0,5.12,6.82,6.1,4.61
780,13.0,6.133,25.818,-0.003,0.607,0.21,-1.96,-0.24,5.882,0.0,0.0,-0.0,0.0,0.0,0.0,5.88,6.13,6.13,5.39
781,13.0167,6.141,25.83,-0.003,0.608,0.16,-2.19,-0.24,6.047,0.0,0.0,-0.0,0.0,0.0,0.0,6.08,6.12,6.13,5.86
782,13.0333,6.148,25.842,-0.003,0.609,0.12,-2.28,-0.22,6.725,0.0,0.0,-0.0,0.0,0.0,0.0,7.79,5.16,6.09,7.86
783,13.05,6.155,25.856,-0.003,0.6091,0.21,-2.22,-0.22,5.359,0.0,0.0,-0.0,0.0,0.0,0.0,5.08,5.13,4.77,6.46
784,13.0667,6.162,25.869,-0.003,0.6093,0.24,-2.32,-0.23,6.132,0.0,0.0,-0.0,0.0,0.0,0.0,6.19,6.22,5.95,6.17
785,13.0833,6.169,25.883,-0.003,0.6083,0.2,-2.36,-0.26,5.386,0.0,0.0,-0.0,0.0,0.0,0.0,6.2,5.95,4.76,4.64
786,13.1,6.177,25.897,-0.003,0.6088,0.16,-2.25,-0.25,5.87,0.0,0.0,-0.0,0.0,0.0,0.0,5.72,5.76,6.21,5.79
787,13.1167,6.184,25.911,-0.003,0.6093,0.2,-2.23,-0.24,6.316,0.0,0.0,-0.0,0.0,0.0,0.0,6.39,6.25,6.16,6.46
788,13.1333,6.191,25.926,-0.004,0.6091,0.22,-2.3,-0.24,5.812,0.0,0.0,-0.0,0.0,0.0,0.0,6.19,4.5,6.38,6.18
789,13.15,6.198,25.94,-0.003,0.6082,0.15,-2.31,-0.26,4.938,0.0,0.0,-0.0,0.0,0.0,0.0,1.53,6.34,6.78,5.1
790,13.1667,6.206,25.954,-0.003,0.6091,0.11,-2.28,-0.26,5.898,0.0,0.0,-0.0,0.0,0.0,0.0,5.5,5.63,6.25,6.23
791,13.1833,6.213,25.968,-0.004,0.6092,0.2,-2.22,-0.26,7.909,0.0,0.0,-0.0,0.0,0.0,0.0,12.93,6.09,5.0,7.61
792,13.2,6.22,25.982,-0.004,0.6093,0.21,-2.3,-0.26,5.491,0.0,0.0,-0.0,0.0,0.0,0.0,6.21,2.94,6.59,6.22
793,13.2167,6.227,25.997,-0.004,0.6083,0.23,-2.34,-0.25,5.391,0.0,0.0,-0.0,0.0,0.0,0.0,6.24,5.54,4.54,5.25
794,13.2333,6.234,26.011,-0.004,0.609,0.21,-2.24,-0.24,6.775,0.0,0.0,-0.0,0.0,0.0,0.0,6.7,8.41,6.05,5.94
795,13.25,6.242,26.026,-0.004,0.6091,0.21,-2.23,-0.24,6.627,0.0,0.0,-0.0,0.0,0.0,0.0,6.82,6.95,6.84,5.9
796,13.2667,6.249,26.04,-0.004,0.6092,0.21,-2.32,-0.24,6.18,0.0,0.0,-0.0,0.0,0.0,0.0,6.22,6.11,6.16,6.22
797,13.2833,6.256,26.054,-0.004,0.6087,0.2,-2.27,-0.23,5.234,0.0,0.0,-0.0,0.0,0.0,0.0,0.71,5.64,9.42,5.16
798,13.3,6.263,26.069,-0.004,0.6094,0.21,-2.2,-0.23,6.118,0.0,0.0,-0.0,0.0,0.0,0.0,5.96,6.25,6.25,6.01
799,13.3167,6.271,26.084,-0.004,0.6092,0.18,-2.25,-0.21,6.543,0.0,0.0,-0.0,0.0,0.0,0.0,6.32,7.21,6.31,6.34
800,13.3333,6.278,26.098,-0.004,0.609,0.23,-2.37,-0.25,6.289,0.0,0.0,-0.0,0.0,0.0,0.0,6.31,6.25,6.3,6.3
801,13.35,6.285,26.112,-0.004,0.6084,0.19,-2.25,-0.24,6.08,0.0,0.0,-0.0,0.0,0.0,0.0,6.33,5.53,7.21,5.25
802,13.3667,6.292,26.127,-0.004,0.6094,0.2,-2.22,-0.23,6.219,0.0,0.0,-0.0,0.0,0.0,0.0,6.17,6.28,6.28,6.15
803,13.3833,6.299,26.142,-0.004,0.6091,0.18,-2.24,-0.22,6.217,0.0,0.0,-0.0,0.0,0.0,0.0,5.76,6.55,6.06,6.5
804,13.4,6.307,26.156,-0.004,0.6088,0.22,-2.34,-0.21,6.69,0.0,0.0,-0.0,0.0,0.0,0.0,6.29,8.16,6.18,6.12
805,13.4167,6.314,26.17,-0.004,0.6096,0.17,-2.19,-0.19,5.035,0.0,0.0,-0.0,0.0,0.0,0.0,6.29,5.53,3.71,4.6
806,13.4333,6.321,26.184,-0.004,0.6121,0.17,-1.82,-0.19,6.414,0.0,0.0,-0.0,0.0,0.0,0.0,4.11,8.17,8.25,5.13
807,13.45,6.328,26.199,-0.004,0.6146,0.15,-1.56,-0.19,5.616,0.0,0.0,-0.0,0.0,0.0,0.0,6.29,6.01,5.5,4.67
808,13.4667,6.336,26.214,-0.004,0.616,0.14,-1.36,-0.19,6.317,0.0,0.0,-0.0,0.0,0.0,0.0,6.32,5.99,6.85,6.11
809,13.4833,6.343,26.23,-0.004,0.6173,0.1,-1.25,-0.18,6.223,0.0,0.0,-0.0,0.0,0.0,0.0,6.21,6.0,6.38,6.31
810,13.5,6.35,26.245,-0.004,0.6179,0.14,-1.19,-0.15,6.221,0.0,0.0,-0.0,0.0,0.0,0.0,6.34,5.8,6.35,6.4
811,13.5167,6.357,26.26,-0.004,0.6176,0.14,-1.17,-0.14,6.194,0.0,0.0,-0.0,0.0,0.0,0.0,6.62,6.0,6.42,5.73
812,13.5333,6.364,26.275,-0.004,0.6171,0.06,-1.16,-0.14,6.766,0.0,0.0,-0.0,0.0,0.0,0.0,7.39,6.35,6.36,6.96
813,13.55,6.372,26.289,-0.004,0.6197,0.12,-1.45,-0.13,6.192,0.0,0.0,-0.0,0.0,0.0,0.0,6.38,6.32,6.38,5.69
814,13.5667,6.379,26.301,-0.004,0.6227,0.18,-1.77,-0.13,6.329,0.0,0.0,-0.0,0.0,0.0,0.0,6.4,6.4,6.38,6.14
815,13.5833,6.386,26.314,-0.005,0.6242,0.25,-2.04,-0.12,5.895,0.0,0.0,-0.0,0.0,0.0,0.0,5.77,5.21,6.41,6.19
816,13.6,6.393,26.327,-0.005,0.6247,0.3,-2.3,-0.13,5.834,0.0,0.0,-0.0,0.0,0.0,0.0,5.05,5.99,6.2,6.09
817,13.6167,6.401,26.339,-0.004,0.6261,0.16,-2.34,-0.13,6.494,0.0,0.0,-0.0,0.0,0.0,0.0,9.12,4.94,6.43,5.49
818,13.6333,6.408,26.352,-0.005,0.6267,0.15,-2.31,-0.12,6.825,0.0,0.0,-0.0,0.0,0.0,0.0,6.76,5.98,4.81,9.76
819,13.65,6.415,26.366,-0.005,0.6271,0.19,-2.38,-0.11,6.988,0.0,0.0,-0.0,0.0,0.0,0.0,6.49,9.13,5.9,6.43
820,13.6667,6.422,26.381,-0.005,0.6261,0.24,-2.45,-0.11,6.3,0.0,0.0,-0.0,0.0,0.0,0.0,6.3,7.4,6.15,5.35
821,13.6833,6.429,26.394,-0.004,0.6268,0.06,-2.45,-0.09,5.913,0.0,0.0,-0.0,0.0,0.0,0.0,5.89,4.6,6.42,6.74
822,13.7,6.437,26.409,-0.004,0.6271,0.11,-2.34,-0.05,5.578,0.0,0.0,-0.0,0.0,0.0,0.0,6.48,5.74,3.69,6.4
823,13.7167,6.444,26.423,-0.005,0.6272,0.16,-2.35,-0.03,6.698,0.0,0.0,-0.0,0.0,0.0,0.0,6.48,7.58,6.28,6.45
824,13.7333,6.451,26.438,-0.005,0.6261,0.23,-2.45,-0.03,7.066,0.0,0.0,-0.0,0.0,0.0,0.0,6.4,9.59,6.39,5.88
825,13.75,6.458,26.452,-0.005,0.6266,0.19,-2.35,-0.0,6.484,0.0,0.0,-0.0,0.0,0.0,0.0,5.95,7.34,6.42,6.23
826,13.7667,6.466,26.467,-0.005,0.6272,0.19,-2.38,0.0,6.373,0.0,0.0,-0.0,0.0,0.0,0.0,6.5,6.36,6.18,6.45
827,13.7833,6.473,26.482,-0.005,0.6271,0.24,-2.45,0.01,6.432,0.0,0.0,-0.0,0.0,0.0,0.0,6.5,6.27,6.48,6.48
828,13.8,6.48,26.497,-0.005,0.6266,0.21,-2.39,0.01,6.018,0.0,0.0,-0.0,0.0,0.0,0.0,5.05,5.97,6.56,6.5
829,13.8167,6.487,26.512,-0.005,0.6271,0.16,-2.34,0.04,6.702,0.0,0.0,-0.0,0.0,0.0,0.0,7.22,6.16,6.47,6.96
830,13.8333,6.494,26.527,-0.005,0.6273,0.17,-2.39,0.04,6.514,0.0,0.0,-0.0,0.0,0.0,0.0,6.47,6.73,6.36,6.5
831,13.85,6.502,26.542,-0.005,0.6265,0.23,-2.44,0.06,5.47,0.0,0.0,-0.0,0.0,0.0,0.0,6.52,4.6,4.17,6.58
832,13.8667,6.509,26.556,-0.005,0.6266,0.21,-2.37,0.06,6.323,0.0,0.0,-0.0,0.0,0.0,0.0,5.95,6.73,6.74,5.87
833,13.8833,6.516,26.571,-0.004,0.6271,0.17,-2.34,0.06,6.434,0.0,0.0,-0.0,0.0,0.0,0.0,6.27,6.13,6.55,6.78
834,13.9,6.523,26.586,-0.004,0.6271,0.18,-2.36,0.06,6.474,0.0,0.0,-0.0,0.0,0.0,0.0,6.46,6.77,6.11,6.55
835,13.9167,6.531,26.602,-0.005,0.6266,0.2,-2.45,0.07,6.423,0.0,0.0,-0.0,0.0,0.0,0.0,6.5,6.06,6.58,6.55
836,13.9333,6.538,26.616,-0.004,0.6267,0.1,-2.41,0.04,6.303,0.0,0.0,-0.0,0.0,0.0,0.0,5.94,5.7,6.54,7.04
837,13.95,6.545,26.631,-0.003,0.6271,0.13,-2.37,0.26,5.661,0.0,0.0,-0.0,0.0,0.0,0.0,6.6,5.34,4.56,6.14
838,13.9667,6.552,26.647,-0.002,0.6272,0.12,-2.3,0.32,6.5,0.0,0.0,-0.0,0.0,0.0,0.0,6.54,6.75,6.18,6.54
839,13.9833,6.559,26.662,-0.002,0.627,0.13,-2.32,0.3,5.309,0.0,0.0,-0.0,0.0,0.0,0.0,4.6,6.12,5.37,5.15
840,14.0,6.567,26.676,-0.001,0.6303,-0.05,-2.11,0.33,5.508,0.0,0.0,-0.0,0.0,0.0,0.0,3.33,6.46,6.48,5.76
841,14.0167,6.574,26.69,-0.0,0.6326,-0.1,-1.83,0.36,6.175,0.0,0.0,-0.0,0.0,0.0,0.0,6.6,4.91,6.6,6.59
842,14.0333,6.581,26.705,0.0,0.6336,-0.06,-1.51,0.41,5.057,0.0,0.0,-0.0,0.0,0.0,0.0,0.68,5.8,6.59,7.16
843,14.05,6.588,26.72,-0.0,0.6354,-0.01,-1.41,0.41,6.344,0.0,0.0,-0.0,0.0,0.0,0.0,6.27,6.28,6.58,6.25
844,14.0667,6.596,26.736,-0.0,0.6359,0.07,-1.27,0.43,6.137,0.0,0.0,-0.0,0.0,0.0,0.0,5.32,6.03,6.62,6.57
845,14.0833,6.603,26.752,-0.001,0.6362,0.16,-1.19,0.43,6.606,0.0,0.0,-0.0,0.0,0.0,0.0,6.61,6.52,6.7,6.59
846,14.1,6.61,26.768,-0.001,0.6351,0.25,-1.19,0.44,6.429,0.0,0.0,-0.0,0.0,0.0,0.0,5.66,6.78,6.67,6.61
847,14.1167,6.617,26.782,0.0,0.6366,0.02,-1.51,0.4,5.691,0.0,0.0,-0.0,0.0,0.0,0.0,4.91,5.83,6.08,5.95
848,14.1333,6.624,26.794,0.002,0.6404,-0.01,-1.74,0.54,8.605,0.0,0.0,-0.0,0.0,0.0,0.0,6.33,6.95,13.93,7.21
849,14.15,6.632,26.806,0.003,0.643,-0.05,-1.99,0.6,6.379,0.0,0.0,-0.0,0.0,0.0,0.0,6.63,5.62,6.62,6.64
850,14.1667,6.639,26.818,0.003,0.6444,-0.02,-2.22,0.62,6.858,0.0,0.0,-0.0,0.0,0.0,0.0,6.66,7.45,6.67,6.65
851,14.1833,6.646,26.831,0.003,0.6448,0.04,-2.51,0.62,7.545,0.0,0.0,-0.0,0.0,0.0,0.0,6.47,9.14,9.47,5.1
852,14.2,6.653,26.845,0.003,0.6453,0.02,-2.5,0.6,7.044,0.0,0.0,-0.0,0.0,0.0,0.0,6.65,5.44,9.42,6.66
853,14.2167,6.661,26.859,0.003,0.6459,0.16,-2.5,0.62,7.438,0.0,0.0,-0.0,0.0,0.0,0.0,5.23,6.49,11.39,6.64
854,14.2333,6.668,26.873,0.002,0.645,0.34,-2.52,0.6,4.704,0.0,0.0,-0.0,0.0,0.0,0.0,4.64,6.61,1.64,5.93
855,14.25,6.675,26.888,0.003,0.6455,0.13,-2.53,0.59,6.816,0.0,0.0,-0.0,0.0,0.0,0.0,5.86,6.58,8.54,6.28
856,14.2667,6.682,26.903,0.004,0.646,0.07,-2.48,0.61,6.571,0.0,0.0,-0.0,0.0,0.0,0.0,6.72,6.13,6.72,6.71
857,14.2833,6.689,26.918,0.004,0.6462,0.12,-2.5,0.59,6.917,0.0,0.0,-0.0,0.0,0.0,0.0,7.3,6.96,6.69,6.71
858,14.3,6.697,26.934,0.003,0.6457,0.19,-2.53,0.53,6.529,0.0,0.0,-0.0,0.0,0.0,0.0,7.02,6.54,6.61,5.94
859,14.3167,6.704,26.949,0.004,0.6459,0.11,-2.53,0.53,7.247,0.0,0.0,-0.0,0.0,0.0,0.0,6.66,6.23,6.23,9.86
860,14.3333,6.711,26.964,0.004,0.646,0.16,-2.52,0.52,6.776,0.0,0.0,-0.0,0.0,0.0,0.0,6.71,6.43,7.3,6.66
861,14.35,6.718,26.98,0.003,0.645,0.28,-2.52,0.51,5.606,0.0,0.0,-0.0,0.0,0.0,0.0,4.77,7.64,7.69,2.33
862,14.3667,6.726,26.995,0.004,0.646,0.26,-2.46,0.53,6.904,0.0,0.0,-0.0,0.0,0.0,0.0,7.13,6.72,6.98,6.79
863,14.3833,6.733,27.01,0.005,0.646,0.07,-2.47,0.57,6.51,0.0,0.0,-0.0,0.0,0.0,0.0,6.78,6.33,6.16,6.78
864,14.4,6.74,27.025,0.006,0.646,0.01,-2.42,0.54,6.693,0.0,0.0,-0.0,0.0,0.0,0.0,6.86,6.58,6.78,6.54
865,14.4167,6.747,27.041,0.005,0.6459,0.13,-2.53,0.58,7.022,0.0,0.0,-0.0,0.0,0.0,0.0,6.76,7.86,6.73,6.73
866,14.4333,6.754,27.056,0.005,0.6455,0.07,-2.52,0.57,6.413,0.0,0.0,-0.0,0.0,0.0,0.0,6.68,6.7,5.87,6.39
867,14.45,6.762,27.071,0.006,0.6459,0.02,-2.45,0.55,6.38,0.0,0.0,-0.0,0.0,0.0,0.0,6.69,6.21,5.89,6.74
868,14.4667,6.769,27.087,0.005,0.646,0.13,-2.48,0.52,6.955,0.0,0.0,-0.0,0.0,0.0,0.0,6.82,7.45,6.8,6.75
869,14.4833,6.776,27.102,0.005,0.6458,0.24,-2.5,0.51,6.358,0.0,0.0,-0.0,0.0,0.0,0.0,5.55,6.87,6.87,6.14
870,14.5,6.783,27.118,0.006,0.646,0.15,-2.54,0.51,6.468,0.0,0.0,-0.0,0.0,0.0,0.0,6.78,6.78,6.59,5.73
871,14.5167,6.791,27.133,0.006,0.6458,0.11,-2.51,0.49,6.85,0.0,0.0,-0.0,0.0,0.0,0.0,6.77,5.92,7.9,6.81
872,14.5333,6.798,27.149,0.006,0.6456,0.14,-2.58,0.48,6.789,0.0,0.0,-0.0,0.0,0.0,0.0,6.58,7.25,6.73,6.6
873,14.55,6.805,27.164,0.007,0.6474,0.07,-2.35,0.4,5.913,0.0,0.0,-0.0,0.0,0.0,0.0,4.32,6.33,6.64,6.36
874,14.5667,6.812,27.179,0.009,0.6498,-0.14,-2.06,0.42,11.163,0.0,0.0,-0.0,0.0,0.0,0.0,18.37,2.39,6.95,16.95
875,14.5833,6.819,27.194,0.008,0.6525,-0.06,-1.79,0.32,6.892,0.0,0.0,-0.0,0.0,0.0,0.0,6.95,7.07,6.81,6.74
876,14.6,6.827,27.209,0.006,0.6551,0.03,-1.67,0.04,6.774,0.0,0.0,-0.0,0.0,0.0,0.0,6.83,6.6,6.83,6.83
877,14.6167,6.834,27.224,0.003,0.6555,0.19,-1.52,-0.21,6.6,0.0,0.0,-0.0,0.0,0.0,0.0,6.87,5.81,6.86,6.86
878,14.6333,6.841,27.239,0.001,0.6553,0.29,-1.39,-0.31,6.558,0.0,0.0,-0.0,0.0,0.0,0.0,6.83,6.07,6.77,6.56
879,14.65,6.848,27.255,0.001,0.6547,0.3,-1.3,-0.33,5.374,0.0,0.0,-0.0,0.0,0.0,0.0,3.6,6.99,4.34,6.57
880,14.6667,6.856,27.271,0.002,0.6553,0.11,-1.31,-0.31,6.84,0.0,0.0,-0.0,0.0,0.0,0.0,6.33,6.88,7.35,6.8
881,14.6833,6.863,27.285,0.003,0.6578,0.09,-1.66,-0.25,6.365,0.0,0.0,-0.0,0.0,0.0,0.0,8.15,6.0,7.11,4.21
882,14.7,6.87,27.298,0.002,0.6607,0.29,-2.09,-0.24,6.703,0.0,0.0,-0.0,0.0,0.0,0.0,6.85,6.4,6.85,6.71
883,14.7167,6.877,27.311,0.001,0.6626,0.33,-2.35,-0.27,7.672,0.0,0.0,-0.0,0.0,0.0,0.0,6.74,6.74,12.2,5.01
884,14.7333,6.884,27.324,0.002,0.6644,0.23,-2.48,-0.28,6.46,0.0,0.0,-0.0,0.0,0.0,0.0,5.96,6.87,7.07,5.94
885,14.75,6.892,27.338,0.002,0.6655,0.15,-2.66,-0.28,6.407,0.0,0.0,-0.0,0.0,0.0,0.0,5.02,5.96,6.93,7.72
886,14.7667,6.899,27.352,0.001,0.6655,0.26,-2.74,-0.29,6.619,0.0,0.0,-0.0,0.0,0.0,0.0,6.9,5.78,6.9,6.9
887,14.7833,6.906,27.367,0.002,0.6657,0.15,-2.73,-0.29,5.11,0.0,0.0,-0.0,0.0,0.0,0.0,0.91,6.82,6.75,5.97
888,14.8,6.913,27.382,0.003,0.6662,0.05,-2.66,-0.27,6.443,0.0,0.0,-0.0,0.0,0.0,0.0,7.0,5.71,6.1,6.97
889,14.8167,6.921,27.398,0.003,0.666,0.05,-2.63,-0.28,7.095,0.0,0.0,-0.0,0.0,0.0,0.0,7.64,6.96,6.88,6.9
890,14.8333,6.928,27.414,0.001,0.6654,0.24,-2.77,-0.27,5.566,0.0,0.0,-0.0,0.0,0.0,0.0,5.65,3.79,6.8,6.02
891,14.85,6.935,27.429,0.001,0.6658,0.14,-2.68,-0.31,7.139,0.0,0.0,-0.0,0.0,0.0,0.0,8.04,6.98,6.81,6.73
892,14.8667,6.942,27.445,0.002,0.666,-0.0,-2.57,-0.3,6.592,0.0,0.0,-0.0,0.0,0.0,0.0,6.88,6.25,6.31,6.92
893,14.8833,6.949,27.462,0.002,0.6664,0.05,-2.66,-0.3,6.989,0.0,0.0,-0.0,0.0,0.0,0.0,6.82,7.34,6.85,6.95
894,14.9,6.957,27.477,0.001,0.6657,0.14,-2.72,-0.3,6.32,0.0,0.0,-0.0,0.0,0.0,0.0,5.82,6.92,5.24,7.31
895,14.9167,6.964,27.493,0.002,0.666,0.07,-2.73,-0.23,6.932,0.0,0.0,-0.0,0.0,0.0,0.0,6.78,6.79,8.31,5.84
896,14.9333,6.971,27.509,0.002,0.666,0.08,-2.63,-0.22,8.304,0.0,0.0,-0.0,0.0,0.0,0.0,6.07,6.48,13.58,7.09
897,14.95,6.978,27.524,0.0,0.6653,0.28,-2.74,-0.23,6.52,0.0,0.0,-0.0,0.0,0.0,0.0,6.44,6.86,6.05,6.74
898,14.9667,6.986,27.54,0.0,0.6658,0.11,-2.75,-0.27,6.827,0.0,0.0,-0.0,0.0,0.0,0.0,6.97,6.97,6.84,6.53
899,14.9833,6.993,27.556,0.001,0.6657,0.02,-2.67,-0.26,6.801,0.0,0.0,-0.0,0.0,0.0,0.0,5.87,6.48,7.87,6.98
900,15.0,7.0,27.572,0.0,0.6663,0.1,-2.71,-0.26,6.98,0.0,0.0,-0.0,0.0,0.0,0.0,6.75,7.16,7.01,6.99
901,15.0167,7.0,27.588,0.0,0.6658,0.15,-2.71,-0.27,6.58,0.0,0.0,-0.0,0.0,0.0,0.0,7.14,7.11,5.19,6.87
902,15.0333,7.0,27.604,0.001,0.6656,0.0,-2.71,-0.24,7.255,0.0,0.0,-0.0,0.0,0.0,0.0,7.21,6.86,5.69,9.26
903,15.05,7.0,27.62,0.001,0.6665,0.01,-2.65,-0.24,6.937,0.0,0.0,-0.0,0.0,0.0,0.0,6.98,6.88,6.94,6.95
904,15.0667,7.0,27.636,0.0,0.6663,0.14,-2.77,-0.21,7.077,0.0,0.0,-0.0,0.0,0.0,0.0,7.0,7.3,7.0,7.0
905,15.0833,7.0,27.652,0.0,0.6658,0.09,-2.71,-0.2,6.77,0.0,0.0,-0.0,0.0,0.0,0.0,6.95,6.7,6.63,6.8
906,15.1,7.0,27.667,0.001,0.6685,0.08,-2.36,-0.18,10.509,0.0,0.0,-0.0,0.0,0.0,0.0,21.63,6.33,7.06,7.02
907,15.1167,7.0,27.682,0.0,0.6707,0.27,-2.01,-0.06,7.022,0.0,0.0,-0.0,0.0,0.0,0.0,7.51,5.92,7.76,6.9
908,15.1333,7.0,27.698,-0.0,0.6739,0.34,-1.85,-0.04,7.203,0.0,0.0,-0.0,0.0,0.0,0.0,6.97,9.64,6.18,6.03
909,15.15,7.0,27.714,0.0,0.6759,0.32,-1.69,-0.03,6.801,0.0,0.0,-0.0,0.0,0.0,0.0,7.03,6.61,6.55,7.01
910,15.1667,7.0,27.731,-0.0,0.6764,0.36,-1.56,-0.02,6.828,0.0,0.0,-0.0,0.0,0.0,0.0,7.01,6.28,7.01,7.01
911,15.1833,7.0,27.748,0.0,0.6759,0.3,-1.39,-0.01,7.268,0.0,0.0,-0.0,0.0,0.0,0.0,7.05,7.06,7.81,7.15
912,15.2,7.0,27.764,0.002,0.6761,-0.01,-1.46,-0.01,6.636,0.0,0.0,-0.0,0.0,0.0,0.0,6.81,6.08,7.01,6.65
913,15.2167,7.0,27.779,0.003,0.6778,0.11,-1.59,0.16,7.608,0.0,0.0,-0.0,0.0,0.0,0.0,9.02,7.22,7.17,7.01
914,15.2333,7.0,27.792,0.001,0.681,0.32,-2.12,0.13,5.931,0.0,0.0,-0.0,0.0,0.0,0.0,6.69,5.68,4.58,6.78
915,15.25,7.0,27.805,0.001,0.6841,0.25,-2.37,0.1,6.723,0.0,0.0,-0.0,0.0,0.0,0.0,6.76,6.98,6.99,6.16
916,15.2667,7.0,27.818,0.002,0.6862,0.11,-2.72,0.08,5.209,0.0,0.0,-0.0,0.0,0.0,0.0,6.93,0.72,6.95,6.23
917,15.2833,7.0,27.831,0.002,0.6878,0.13,-2.92,0.11,6.702,0.0,0.0,-0.0,0.0,0.0,0.0,7.0,5.79,7.01,7.01
918,15.3,7.0,27.846,0.002,0.6878,0.25,-3.06,0.17,6.53,0.0,0.0,-0.0,0.0,0.0,0.0,6.78,7.46,6.88,4.99
919,15.3167,7.0,27.86,0.002,0.6872,0.04,-2.96,0.09,6.47,0.0,0.0,-0.0,0.0,0.0,0.0,7.05,7.11,6.22,5.51
920,15.3333,7.0,27.876,0.003,0.6876,-0.03,-2.8,0.08,8.157,0.0,0.0,-0.0,0.0,0.0,0.0,5.72,6.7,13.07,7.13
921,15.35,7.0,27.892,0.002,0.6879,0.1,-2.9,0.04,6.981,0.0,0.0,-0.0,0.0,0.0,0.0,7.41,6.89,6.61,7.01
922,15.3667,7.0,27.907,0.001,0.6877,0.17,-2.94,0.03,7.009,0.0,0.0,-0.0,0.0,0.0,0.0,7.01,7.01,6.98,7.04
923,15.3833,7.0,27.923,0.003,0.6876,-0.05,-3.03,0.09,6.621,0.0,0.0,-0.0,0.0,0.0,0.0,6.87,6.02,6.87,6.73
924,15.4,7.0,27.938,0.003,0.6882,-0.04,-2.89,0.1,7.519,0.0,0.0,-0.0,0.0,0.0,0.0,8.49,7.37,7.1,7.11
925,15.4167,7.0,27.954,0.001,0.6888,0.13,-3.02,-0.04,7.082,0.0,0.0,-0.0,0.0,0.0,0.0,6.96,7.42,6.98,6.97
926,15.4333,7.0,27.969,-0.0,0.688,0.17,-2.98,-0.22,5.685,0.0,0.0,-0.0,0.0,0.0,0.0,7.1,7.1,2.76,5.78
927,15.45,7.0,27.986,0.0,0.6873,0.05,-2.94,-0.29,6.881,0.0,0.0,-0.0,0.0,0.0,0.0,5.7,4.91,6.13,10.78
928,15.4667,7.0,28.002,-0.001,0.6879,0.11,-2.96,-0.27,6.813,0.0,0.0,-0.0,0.0,0.0,0.0,6.27,7.12,6.93,6.93
929,15.4833,7.0,28.018,-0.001,0.6873,0.1,-2.98,-0.28,6.514,0.0,0.0,-0.0,0.0,0.0,0.0,6.64,7.78,5.67,5.97
930,15.5,7.0,28.034,-0.0,0.6869,-0.04,-2.95,-0.36,6.153,0.0,0.0,-0.0,0.0,0.0,0.0,6.97,5.61,4.97,7.07
931,15.5167,7.0,28.05,0.0,0.6875,0.1,-2.9,-0.16,6.866,0.0,0.0,-0.0,0.0,0.0,0.0,6.48,6.99,7.01,6.99
932,15.5333,7.0,28.067,-0.001,0.6874,0.27,-2.94,-0.14,6.773,0.0,0.0,-0.0,0.0,0.0,0.0,7.02,5.65,7.45,6.97
933,15.55,7.0,28.083,-0.0,0.688,0.16,-2.94,-0.21,6.827,0.0,0.0,-0.0,0.0,0.0,0.0,6.99,7.07,6.68,6.56
934,15.5667,7.0,28.1,0.0,0.6876,0.08,-2.93,-0.2,7.063,0.0,0.0,-0.0,0.0,0.0,0.0,6.8,6.84,7.03,7.59
935,15.5833,7.0,28.116,-0.001,0.6878,0.19,-2.92,-0.3,7.185,0.0,0.0,-0.0,0.0,0.0,0.0,7.0,7.73,7.0,7.01
936,15.6,7.0,28.131,-0.001,0.688,0.16,-2.97,-0.29,6.448,0.0,0.0,-0.0,0.0,0.0,0.0,7.01,6.94,5.87,5.96
937,15.6167,7.0,28.147,-0.0,0.6874,-0.0,-2.96,-0.28,6.893,0.0,0.0,-0.0,0.0,0.0,0.0,6.84,5.64,7.15,7.95
938,15.6333,7.0,28.162,-0.0,0.6894,0.28,-2.69,-0.03,6.524,0.0,0.0,-0.0,0.0,0.0,0.0,6.85,5.25,6.97,7.03
939,15.65,7.0,28.177,-0.0,0.6928,0.28,-2.3,-0.0,6.796,0.0,0.0,-0.0,0.0,0.0,0.0,6.91,6.4,7.44,6.44
940,15.6667,7.0,28.193,-0.001,0.6962,0.28,-2.06,-0.02,6.841,0.0,0.0,-0.0,0.0,0.0,0.0,7.0,7.0,7.03,6.34
941,15.6833,7.0,28.209,-0.001,0.698,0.27,-1.85,-0.03,6.567,0.0,0.0,-0.0,0.0,0.0,0.0,7.0,6.11,7.0,6.16
942,15.7,7.0,28.226,-0.001,0.6981,0.27,-1.63,-0.05,6.387,0.0,0.0,-0.0,0.0,0.0,0.0,7.02,6.36,5.73,6.45
943,15.7167,7.0,28.243,0.0,0.6987,0.1,-1.57,-0.04,6.783,0.0,0.0,-0.0,0.0,0.0,0.0,6.84,6.67,7.06,6.57
944,15.7333,7.0,28.26,0.001,0.6987,-0.02,-1.46,-0.04,7.29,0.0,0.0,-0.0,0.0,0.0,0.0,6.16,7.07,8.85,7.08
945,15.75,7.0,28.276,0.0,0.7016,0.04,-1.79,-0.06,7.734,0.0,0.0,-0.0,0.0,0.0,0.0,8.34,7.02,8.57,7.01
946,15.7667,7.0,28.288,0.0,0.7053,0.08,-2.36,-0.09,7.154,0.0,0.0,-0.0,0.0,0.0,0.0,6.99,7.67,6.96,6.98
947,15.7833,7.0,28.3,-0.0,0.7074,0.07,-2.75,-0.14,6.578,0.0,0.0,-0.0,0.0,0.0,0.0,7.03,7.03,7.04,5.21
948,15.8,7.0,28.313,-0.0,0.7095,0.06,-2.96,-0.12,6.762,0.0,0.0,-0.0,0.0,0.0,0.0,7.06,6.31,5.87,7.81
949,15.8167,7.0,28.326,-0.001,0.7112,0.16,-3.19,-0.12,7.047,0.0,0.0,-0.0,0.0,0.0,0.0,6.99,6.47,7.69,7.04
950,15.8333,7.0,28.34,-0.002,0.712,0.2,-3.35,-0.17,6.05,0.0,0.0,-0.0,0.0,0.0,0.0,7.04,4.97,7.07,5.12
951,15.85,7.0,28.355,-0.001,0.7118,0.01,-3.35,-0.31,7.052,0.0,0.0,-0.0,0.0,0.0,0.0,7.03,8.44,7.03,5.71
952,15.8667,7.0,28.37,-0.001,0.7123,0.01,-3.38,-0.33,6.137,0.0,0.0,-0.0,0.0,0.0,0.0,4.35,6.26,7.08,6.87
953,15.8833,7.0,28.385,-0.003,0.7119,0.27,-3.35,-0.31,4.027,0.0,0.0,-0.0,0.0,0.0,0.0,7.21,1.45,0.44,7.01
954,15.9,7.0,28.401,-0.003,0.7125,0.25,-3.37,-0.35,6.537,0.0,0.0,-0.0,0.0,0.0,0.0,6.99,6.96,6.34,5.86
955,15.9167,7.0,28.417,-0.003,0.712,0.08,-3.33,-0.39,7.156,0.0,0.0,-0.0,0.0,0.0,0.0,6.44,6.94,6.93,8.31
956,15.9333,7.0,28.433,-0.001,0.7125,0.04,-3.36,-0.13,7.087,0.0,0.0,-0.0,0.0,0.0,0.0,10.07,5.35,7.01,5.93
957,15.95,7.0,28.449,0.0,0.7124,0.12,-3.34,0.04,6.757,0.0,0.0,-0.0,0.0,0.0,0.0,7.02,5.99,7.01,7.01
958,15.9667,7.0,28.465,0.001,0.7116,0.02,-3.28,0.04,7.899,0.0,0.0,-0.0,0.0,0.0,0.0,4.91,9.96,9.97,6.76
959,15.9833,7.0,28.481,0.001,0.7127,-0.03,-3.39,0.04,7.199,0.0,0.0,-0.0,0.0,0.0,0.0,7.82,6.96,7.01,7.01
960,16.0,7.0,28.497,-0.0,0.7135,0.06,-3.38,-0.06,6.937,0.0,0.0,-0.0,0.0,0.0,0.0,7.02,6.69,7.02,7.01
961,16.0167,7.0,28.512,-0.002,0.7122,0.15,-3.36,-0.16,6.709,0.0,0.0,-0.0,0.0,0.0,0.0,6.91,7.75,6.88,5.3
962,16.0333,7.0,28.528,-0.001,0.7124,0.12,-3.3,-0.17,6.89,0.0,0.0,-0.0,0.0,0.0,0.0,6.78,6.99,7.02,6.77
963,16.05,7.0,28.544,-0.002,0.7122,0.16,-3.32,-0.14,6.709,0.0,0.0,-0.0,0.0,0.0,0.0,6.39,6.5,6.98,6.96
964,16.0667,7.0,28.56,-0.002,0.7124,0.22,-3.38,-0.14,7.058,0.0,0.0,-0.0,0.0,0.0,0.0,6.95,9.36,5.4,6.52
965,16.0833,7.0,28.576,-0.001,0.7123,0.04,-3.36,-0.14,7.145,0.0,0.0,-0.0,0.0,0.0,0.0,7.29,6.87,6.88,7.54
966,16.1,7.0,28.592,0.0,0.713,-0.01,-3.42,-0.02,6.626,0.0,0.0,-0.0,0.0,0.0,0.0,7.09,5.31,7.05,7.06
967,16.1167,7.0,28.608,0.001,0.7126,0.12,-3.33,0.17,6.64,0.0,0.0,-0.0,0.0,0.0,0.0,7.02,5.5,7.02,7.02
968,16.1333,7.0,28.624,0.001,0.712,0.15,-3.35,0.18,6.259,0.0,0.0,-0.0,0.0,0.0,0.0,6.86,4.37,9.34,4.46
969,16.15,7.0,28.64,0.001,0.7124,0.06,-3.37,0.19,6.725,0.0,0.0,-0.0,0.0,0.0,0.0,6.82,6.05,6.99,7.04
970,16.1667,7.0,28.656,0.001,0.7138,0.1,-3.15,0.21,5.63,0.0,0.0,-0.0,0.0,0.0,0.0,4.33,6.14,6.93,5.12
971,16.1833,7.0,28.672,0.0,0.7172,0.12,-2.68,0.2,4.654,0.0,0.0,-0.0,0.0,0.0,0.0,6.95,1.04,4.41,6.21
972,16.2,7.0,28.688,0.001,0.72,0.11,-2.31,0.27,9.683,0.0,0.0,-0.0,0.0,0.0,0.0,7.02,18.47,6.98,6.26
973,16.2167,7.0,28.705,0.001,0.7222,0.18,-2.06,0.18,7.318,0.0,0.0,-0.0,0.0,0.0,0.0,6.12,9.47,6.96,6.73
974,16.2333,7.0,28.722,0.002,0.7231,0.17,-1.91,0.16,6.999,0.0,0.0,-0.0,0.0,0.0,0.0,7.1,7.46,6.33,7.09
975,16.25,7.0,28.739,0.002,0.724,0.05,-1.85,0.07,6.834,0.0,0.0,-0.0,0.0,0.0,0.0,7.02,6.92,7.02,6.37
976,16.2667,7.0,28.755,0.002,0.7244,0.04,-1.8,0.08,7.213,0.0,0.0,-0.0,0.0,0.0,0.0,5.76,7.11,7.12,8.86
977,16.2833,7.0,28.768,-0.001,0.7297,0.41,-2.31,0.15,8.43,0.0,0.0,-0.0,0.0,0.0,0.0,9.14,7.05,7.99,9.54
978,16.3,7.0,28.778,-0.002,0.7343,0.64,-2.89,0.05,6.778,0.0,0.0,-0.0,0.0,0.0,0.0,7.08,7.14,7.74,5.15
979,16.3167,7.0,28.79,-0.003,0.7381,0.57,-3.24,-0.1,6.625,0.0,0.0,-0.0,0.0,0.0,0.0,7.03,7.03,7.04,5.4
980,16.3333,7.0,28.802,-0.003,0.7403,0.43,-3.61,-0.23,6.977,0.0,0.0,-0.0,0.0,0.0,0.0,7.01,7.01,7.01,6.88
981,16.35,7.0,28.815,-0.002,0.7409,0.22,-3.99,-0.29,6.94,0.0,0.0,-0.0,0.0,0.0,0.0,6.93,6.99,7.0,6.84
982,16.3667,7.0,28.828,-0.001,0.7413,0.26,-4.2,-0.15,6.09,0.0,0.0,-0.0,0.0,0.0,0.0,5.09,5.4,7.01,6.86
983,16.3833,7.0,28.842,-0.0,0.7427,0.13,-4.31,-0.15,6.576,0.0,0.0,-0.0,0.0,0.0,0.0,6.13,6.99,6.99,6.19
984,16.4,7.0,28.856,0.001,0.7433,0.01,-4.37,-0.13,6.86,0.0,0.0,-0.0,0.0,0.0,0.0,7.84,5.54,7.03,7.03
985,16.4167,7.0,28.871,0.0,0.7431,0.08,-4.33,-0.09,6.279,0.0,0.0,-0.0,0.0,0.0,0.0,7.03,6.2,7.0,4.88
986,16.4333,7.0,28.887,0.001,0.7423,0.07,-4.29,-0.09,7.82,0.0,0.0,-0.0,0.0,0.0,0.0,7.86,9.02,6.98,7.41
987,16.45,7.0,28.903,0.001,0.7433,-0.0,-4.39,-0.09,6.852,0.0,0.0,-0.0,0.0,0.0,0.0,6.79,6.97,6.99,6.66
988,16.4667,7.0,28.919,0.001,0.7436,0.06,-4.34,-0.0,6.695,0.0,0.0,-0.0,0.0,0.0,0.0,7.01,5.75,7.01,7.01
989,16.4833,7.0,28.935,0.001,0.7424,0.2,-4.24,0.07,5.355,0.0,0.0,-0.0,0.0,0.0,0.0,1.24,6.04,7.08,7.07
990,16.5,7.0,28.951,0.0,0.7431,0.28,-4.18,0.07,6.581,0.0,0.0,-0.0,0.0,0.0,0.0,6.2,6.95,6.98,6.19
991,16.5167,7.0,28.967,0.0,0.7434,0.27,-4.15,0.08,6.725,0.0,0.0,-0.0,0.0,0.0,0.0,6.73,6.99,6.99,6.19
992,16.5333,7.0,28.983,0.001,0.7421,0.23,-4.21,0.06,7.209,0.0,0.0,-0.0,0.0,0.0,0.0,6.14,7.68,7.1,7.91
993,16.55,7.0,28.999,0.0,0.7431,0.22,-4.27,0.08,6.31,0.0,0.0,-0.0,0.0,0.0,0.0,5.31,7.06,6.97,5.9
994,16.5667,7.0,29.015,0.001,0.7433,0.12,-4.27,0.09,7.024,0.0,0.0,-0.0,0.0,0.0,0.0,7.24,6.97,6.99,6.89
995,16.5833,7.0,29.031,0.001,0.7431,0.11,-4.28,0.13,6.685,0.0,0.0,-0.0,0.0,0.0,0.0,7.04,5.66,7.02,7.02
996,16.6,7.0,29.047,0.001,0.7422,0.23,-4.25,0.12,7.746,0.0,0.0,-0.0,0.0,0.0,0.0,8.3,8.68,7.0,7.01
997,16.6167,7.0,29.062,-0.0,0.7431,0.33,-4.19,0.1,6.502,0.0,0.0,-0.0,0.0,0.0,0.0,5.82,6.99,7.03,6.17
998,16.6333,7.0,29.078,-0.0,0.7431,0.33,-4.11,0.09,6.801,0.0,0.0,-0.0,0.0,0.0,0.0,6.11,6.98,7.01,7.11
999,16.65,7.0,29.095,0.0,0.7417,0.33,-4.11,0.15,6.786,0.0,0.0,-0.0,0.0,0.0,0.0,6.05,7.09,7.09,6.91
1000,16.6667,7.0,29.11,0.001,0.7426,0.22,-4.21,0.15,6.613,0.0,0.0,-0.0,0.0,0.0,0.0,6.39,6.99,7.01,6.06
1001,16.6833,7.0,29.126,0.002,0.7434,0.08,-4.31,0.15,6.865,0.0,0.0,-0.0,0.0,0.0,0.0,5.87,6.43,7.11,8.05
1002,16.7,7.0,29.141,0.002,0.7433,0.09,-4.28,0.1,6.026,0.0,0.0,-0.0,0.0,0.0,0.0,6.93,8.67,6.96,1.54
1003,16.7167,7.0,29.156,0.002,0.7458,0.05,-3.65,0.1,5.828,0.0,0.0,-0.0,0.0,0.0,0.0,4.05,6.34,7.0,5.92
1004,16.7333,7.0,29.172,0.002,0.7502,0.07,-3.33,0.1,5.38,0.0,0.0,-0.0,0.0,0.0,0.0,6.41,1.58,6.94,6.58
1005,16.75,7.0,29.188,0.002,0.7534,0.07,-3.06,0.1,6.329,0.0,0.0,-0.0,0.0,0.0,0.0,7.01,3.91,7.03,7.37
1006,16.7667,7.0,29.205,0.002,0.755,0.08,-2.79,0.11,6.626,0.0,0.0,-0.0,0.0,0.0,0.0,7.01,6.13,7.01,6.36
1007,16.7833,7.0,29.222,0.001,0.7556,0.1,-2.59,0.1,7.266,0.0,0.0,-0.0,0.0,0.0,0.0,7.92,6.89,6.83,7.42
1008,16.8,7.0,29.238,0.002,0.7581,0.11,-2.64,0.17,4.005,0.0,0.0,-0.0,0.0,0.0,0.0,-5.81,6.63,6.67,8.53
1009,16.8167,7.0,29.248,-0.001,0.7649,0.42,-3.04,0.49,8.082,0.0,0.0,-0.0,0.0,0.0,0.0,12.2,6.7,6.76,6.68
1010,16.8333,7.0,29.258,-0.001,0.7681,0.7,-3.39,0.86,9.453,0.0,0.0,-0.0,0.0,0.0,0.0,5.2,6.37,19.24,7.01
1011,16.85,7.0,29.268,-0.002,0.7708,0.71,-4.12,0.96,5.446,0.0,0.0,-0.0,0.0,0.0,0.0,7.32,6.65,3.05,4.76
1012,16.8667,7.0,29.277,-0.001,0.7752,0.69,-4.56,0.77,12.384,0.0,0.0,-0.0,0.0,0.0,0.0,7.36,7.02,7.11,28.04
1013,16.8833,7.0,29.287,-0.0,0.7778,0.34,-5.11,0.81,5.293,0.0,0.0,-0.0,0.0,0.0,0.0,1.46,6.79,6.88,6.05
1014,16.9,7.0,29.297,0.002,0.7799,0.16,-5.64,0.91,6.561,0.0,0.0,-0.0,0.0,0.0,0.0,6.97,6.96,7.0,5.31
1015,16.9167,7.0,29.308,0.004,0.7815,-0.02,-6.02,1.01,6.57,0.0,0.0,-0.0,0.0,0.0,0.0,6.99,5.53,6.99,6.77
1016,16.9333,7.0,29.32,0.005,0.7832,0.08,-6.14,1.22,6.178,0.0,0.0,-0.0,0.0,0.0,0.0,7.03,5.09,7.02,5.57
1017,16.95,7.0,29.334,0.006,0.7844,0.17,-6.23,1.37,6.44,0.0,0.0,-0.0,0.0,0.0,0.0,7.01,5.44,7.02,6.29
1018,16.9667,7.0,29.348,0.007,0.7843,0.25,-6.33,1.48,6.904,0.0,0.0,-0.0,0.0,0.0,0.0,6.99,6.2,6.99,7.43
1019,16.9833,7.0,29.363,0.008,0.7831,0.14,-6.26,1.46,5.867,0.0,0.0,-0.0,0.0,0.0,0.0,4.46,6.81,6.85,5.35
1020,17.0,7.0,29.378,0.008,0.7838,0.13,-6.16,1.45,6.345,0.0,0.0,-0.0,0.0,0.0,0.0,6.02,6.1,7.0,6.26
1021,17.0167,7.0,29.394,0.008,0.7832,0.19,-6.06,1.45,6.31,0.0,0.0,-0.0,0.0,0.0,0.0,2.67,7.38,7.04,8.15
1022,17.0333,7.0,29.411,0.008,0.7829,0.3,-6.21,1.39,6.482,0.0,0.0,-0.0,0.0,0.0,0.0,6.15,6.81,6.71,6.26
1023,17.05,7.0,29.426,0.009,0.7836,0.23,-6.1,1.37,6.445,0.0,0.0,-0.0,0.0,0.0,0.0,5.49,7.04,7.04,6.21
1024,17.0667,7.0,29.442,0.01,0.7836,0.15,-6.08,1.35,6.559,0.0,0.0,-0.0,0.0,0.0,0.0,4.84,6.19,7.06,8.14
1025,17.0833,7.0,29.458,0.01,0.7832,0.25,-6.13,1.31,7.101,0.0,0.0,-0.0,0.0,0.0,0.0,7.32,7.0,7.0,7.08
1026,17.1,7.0,29.474,0.01,0.783,0.27,-6.21,1.21,6.768,0.0,0.0,-0.0,0.0,0.0,0.0,6.68,6.94,6.93,6.53
1027,17.1167,7.0,29.489,0.011,0.7838,0.24,-6.09,1.34,6.825,0.0,0.0,-0.0,0.0,0.0,0.0,7.01,7.01,7.02,6.26
1028,17.1333,7.0,29.505,0.013,0.7829,0.17,-6.03,1.4,7.766,0.0,0.0,-0.0,0.0,0.0,0.0,10.86,5.59,7.0,7.62
1029,17.15,7.0,29.521,0.013,0.7823,0.25,-6.18,1.42,6.582,0.0,0.0,-0.0,0.0,0.0,0.0,5.78,7.39,6.78,6.38
1030,17.1667,7.0,29.536,0.014,0.7839,0.19,-6.16,1.4,6.481,0.0,0.0,-0.0,0.0,0.0,0.0,6.5,6.3,7.0,6.12
1031,17.1833,7.0,29.552,0.015,0.7839,0.15,-6.14,1.37,6.723,0.0,0.0,-0.0,0.0,0.0,0.0,6.96,6.17,6.98,6.78
1032,17.2,7.0,29.568,0.015,0.7827,0.2,-6.06,1.39,5.72,0.0,0.0,-0.0,0.0,0.0,0.0,2.23,6.71,7.01,6.94
1033,17.2167,7.0,29.584,0.015,0.7829,0.28,-6.14,1.34,6.699,0.0,0.0,-0.0,0.0,0.0,0.0,6.25,6.81,6.87,6.87
1034,17.2333,7.0,29.599,0.016,0.7843,0.31,-6.03,1.48,8.555,0.0,0.0,-0.0,0.0,0.0,0.0,7.15,7.12,7.15,12.81
1035,17.25,7.0,29.614,0.018,0.7839,0.22,-5.85,1.54,6.264,0.0,0.0,-0.0,0.0,0.0,0.0,5.48,6.96,6.97,5.65
1036,17.2667,7.0,29.627,0.021,0.7883,-0.03,-5.62,1.44,6.269,0.0,0.0,-0.0,0.0,0.0,0.0,5.08,6.92,6.9,6.17
1037,17.2833,7.0,29.641,0.024,0.7926,-0.43,-5.56,1.4,2.951,0.0,0.0,-0.0,0.0,0.0,0.0,12.63,-21.37,6.63,13.92
1038,17.3,7.0,29.654,0.027,0.796,-0.35,-5.18,1.4,4.89,0.0,0.0,-0.0,0.0,0.0,0.0,6.72,-1.64,6.77,7.71
1039,17.3167,7.0,29.668,0.029,0.7979,-0.29,-4.74,1.53,7.73,0.0,0.0,-0.0,0.0,0.0,0.0,6.89,9.32,6.96,7.76
1040,17.3333,7.0,29.682,0.029,0.7995,-0.16,-4.39,1.63,11.504,0.0,0.0,-0.0,0.0,0.0,0.0,27.42,6.09,6.93,5.57
1041,17.35,7.0,29.696,0.029,0.801,-0.02,-4.12,1.62,8.932,0.0,0.0,-0.0,0.0,0.0,0.0,16.08,5.35,7.05,7.25
1042,17.3667,7.0,29.712,0.029,0.8008,0.13,-3.82,1.64,4.966,0.0,0.0,-0.0,0.0,0.0,0.0,0.49,6.42,7.11,5.84
1043,17.3833,7.0,29.729,0.028,0.8019,0.29,-3.8,1.6,6.948,0.0,0.0,-0.0,0.0,0.0,0.0,7.04,7.03,7.01,6.72
1044,17.4,7.0,29.739,0.026,0.8076,0.94,-4.13,1.85,7.167,0.0,0.0,-0.0,0.0,0.0,0.0,9.26,7.02,7.85,4.54
1045,17.4167,7.0,29.747,0.023,0.8144,1.33,-4.67,1.77,6.5,0.0,0.0,-0.0,0.0,0.0,0.0,7.01,6.97,7.06,4.95
1046,17.4333,7.0,29.757,0.021,0.8203,1.57,-5.11,1.64,6.558,0.0,0.0,-0.0,0.0,0.0,0.0,6.99,6.97,7.0,5.28
1047,17.45,7.0,29.767,0.02,0.8249,1.7,-5.55,1.57,7.061,0.0,0.0,-0.0,0.0,0.0,0.0,8.64,7.01,7.05,5.55
1048,17.4667,7.0,29.778,0.02,0.8284,1.77,-6.09,1.49,6.907,0.0,0.0,-0.0,0.0,0.0,0.0,7.65,6.98,7.01,5.99
1049,17.4833,7.0,29.789,0.019,0.8305,1.78,-6.67,1.39,6.303,0.0,0.0,-0.0,0.0,0.0,0.0,6.78,6.72,6.81,4.9
1050,17.5,7.0,29.801,0.021,0.8332,1.58,-6.96,1.32,6.959,0.0,0.0,-0.0,0.0,0.0,0.0,8.03,7.07,7.06,5.68
1051,17.5167,7.0,29.813,0.023,0.8352,1.3,-7.37,1.25,6.743,0.0,0.0,-0.0,0.0,0.0,0.0,6.8,6.99,7.0,6.19
1052,17.5333,7.0,29.826,0.025,0.8355,0.97,-7.81,1.16,6.777,0.0,0.0,-0.0,0.0,0.0,0.0,6.98,6.97,6.97,6.18
1053,17.55,7.0,29.839,0.028,0.8351,0.67,-8.33,1.12,6.317,0.0,0.0,-0.0,0.0,0.0,0.0,4.45,6.89,6.98,6.95
1054,17.5667,7.0,29.851,0.029,0.8363,0.51,-8.42,1.09,6.612,0.0,0.0,-0.0,0.0,0.0,0.0,6.7,6.96,6.97,5.82
1055,17.5833,7.0,29.865,0.03,0.8368,0.39,-8.43,1.09,6.525,0.0,0.0,-0.0,0.0,0.0,0.0,7.09,4.89,7.06,7.05
1056,17.6,7.0,29.879,0.03,0.8362,0.43,-8.34,1.1,6.59,0.0,0.0,-0.0,0.0,0.0,0.0,7.01,5.31,7.02,7.02
1057,17.6167,7.0,29.894,0.029,0.835,0.59,-8.31,1.06,6.508,0.0,0.0,-0.0,0.0,0.0,0.0,7.1,7.0,6.99,4.93
1058,17.6333,7.0,29.909,0.029,0.8365,0.67,-8.28,1.01,6.649,0.0,0.0,-0.0,0.0,0.0,0.0,6.4,6.96,7.0,6.24
1059,17.65,7.0,29.925,0.029,0.8366,0.65,-8.3,0.95,6.841,0.0,0.0,-0.0,0.0,0.0,0.0,7.01,7.01,7.01,6.34
1060,17.6667,7.0,29.941,0.03,0.8348,0.62,-8.3,0.91,6.642,0.0,0.0,-0.0,0.0,0.0,0.0,6.76,5.82,7.01,6.98
1061,17.6833,7.0,29.956,0.03,0.836,0.58,-8.29,0.87,6.685,0.0,0.0,-0.0,0.0,0.0,0.0,6.54,6.93,6.99,6.29
1062,17.7,7.0,29.971,0.031,0.8365,0.46,-8.37,0.82,6.408,0.0,0.0,-0.0,0.0,0.0,0.0,6.2,5.91,6.99,6.53
1063,17.7167,7.0,29.987,0.032,0.8361,0.46,-8.3,0.88,6.715,0.0,0.0,-0.0,0.0,0.0,0.0,7.01,5.82,7.01,7.01
1064,17.7333,7.0,30.003,0.032,0.8351,0.57,-8.33,0.84,6.948,0.0,0.0,-0.0,0.0,0.0,0.0,7.34,8.34,6.89,5.22
1065,17.75,7.0,30.018,0.032,0.8367,0.59,-8.33,0.76,6.774,0.0,0.0,-0.0,0.0,0.0,0.0,6.82,6.99,7.01,6.27
1066,17.7667,7.0,30.034,0.032,0.8369,0.55,-8.36,0.72,6.893,0.0,0.0,-0.0,0.0,0.0,0.0,6.99,6.99,7.0,6.59
1067,17.7833,7.0,30.049,0.032,0.8355,0.56,-8.27,0.71,6.636,0.0,0.0,-0.0,0.0,0.0,0.0,7.03,5.47,7.02,7.02
1068,17.8,7.0,30.065,0.032,0.8364,0.62,-8.31,0.69,6.522,0.0,0.0,-0.0,0.0,0.0,0.0,6.24,7.04,7.07,5.75
1069,17.8167,7.0,30.08,0.033,0.8368,0.53,-8.34,0.67,6.483,0.0,0.0,-0.0,0.0,0.0,0.0,5.5,6.98,6.98,6.48
1070,17.8333,7.0,30.095,0.034,0.8366,0.73,-8.07,0.71,6.968,0.0,0.0,-0.0,0.0,0.0,0.0,7.43,5.82,7.28,7.34
1071,17.85,7.0,30.109,0.033,0.8397,1.06,-7.32,0.61,0.755,0.0,0.0,-0.0,0.0,0.0,0.0,4.89,5.78,6.77,-14.41
1072,17.8667,7.0,30.122,0.031,0.8458,1.21,-6.83,0.58,9.033,0.0,0.0,-0.0,0.0,0.0,0.0,7.89,3.45,6.92,17.87
1073,17.8833,7.0,30.135,0.029,0.8492,1.2,-6.37,0.53,1.541,0.0,0.0,-0.0,0.0,0.0,0.0,3.03,6.75,6.79,-10.4
1074,17.9,7.0,30.149,0.028,0.8519,1.3,-5.91,0.44,11.581,0.0,0.0,-0.0,0.0,0.0,0.0,7.2,28.36,7.16,3.61
1075,17.9167,7.0,30.163,0.029,0.8548,1.29,-5.57,0.43,5.103,0.0,0.0,-0.0,0.0,0.0,0.0,5.54,2.3,6.92,5.64
1076,17.9333,7.0,30.178,0.029,0.8571,1.34,-5.24,0.45,8.423,0.0,0.0,-0.0,0.0,0.0,0.0,7.05,12.56,7.04,7.04
1077,17.95,7.0,30.194,0.029,0.8577,1.38,-4.94,0.42,6.863,0.0,0.0,-0.0,0.0,0.0,0.0,6.65,5.76,6.86,8.18
1078,17.9667,7.0,30.21,0.028,0.8595,1.46,-4.89,0.41,5.683,0.0,0.0,-0.0,0.0,0.0,0.0,6.54,3.67,6.95,5.58
1079,17.9833,7.0,30.22,0.028,0.8648,1.89,-4.9,0.8,6.202,0.0,0.0,-0.0,0.0,0.0,0.0,6.28,7.04,7.09,4.39
1080,18.0,7.0,30.226,0.024,0.8712,2.4,-5.22,0.82,7.152,0.0,0.0,-0.0,0.0,0.0,0.0,6.51,6.98,6.97,8.14
1081,18.0167,7.0,30.232,0.02,0.8763,2.79,-5.61,0.71,7.309,0.0,0.0,-0.0,0.0,0.0,0.0,6.95,7.01,7.01,8.26
1082,18.0333,7.0,30.238,0.017,0.8813,3.18,-6.13,0.63,4.305,0.0,0.0,-0.0,0.0,0.0,0.0,7.32,6.96,6.98,-4.04
1083,18.05,7.0,30.246,0.015,0.8859,3.39,-6.59,0.54,6.268,0.0,0.0,-0.0,0.0,0.0,0.0,6.56,7.02,7.01,4.48
1084,18.0667,7.0,30.255,0.014,0.8906,3.44,-7.02,0.44,6.96,0.0,0.0,-0.0,0.0,0.0,0.0,8.67,6.99,6.99,5.19
1085,18.0833,7.0,30.265,0.014,0.8944,3.4,-7.5,0.37,6.797,0.0,0.0,-0.0,0.0,0.0,0.0,7.61,7.02,7.01,5.55
1086,18.1,7.0,30.276,0.015,0.897,3.3,-8.04,0.32,6.664,0.0,0.0,-0.0,0.0,0.0,0.0,6.61,6.97,6.96,6.12
1087,18.1167,7.0,30.287,0.016,0.8982,3.16,-8.63,0.27,6.89,0.0,0.0,-0.0,0.0,0.0,0.0,6.79,6.97,6.97,6.83
1088,18.1333,7.0,30.298,0.018,0.9,2.86,-9.04,0.25,6.419,0.0,0.0,-0.0,0.0,0.0,0.0,6.06,6.93,6.93,5.76
1089,18.15,7.0,30.31,0.021,0.9013,2.48,-9.45,0.23,6.843,0.0,0.0,-0.0,0.0,0.0,0.0,7.18,6.78,6.77,6.64
1090,18.1667,7.0,30.323,0.024,0.9014,2.08,-9.91,0.17,7.001,0.0,0.0,-0.0,0.0,0.0,0.0,7.32,6.94,6.95,6.79
1091,18.1833,7.0,30.335,0.026,0.9007,1.66,-10.45,0.15,7.003,0.0,0.0,-0.0,0.0,0.0,0.0,6.94,6.96,6.98,7.14
1092,18.2,7.0,30.349,0.028,0.9013,1.5,-10.47,0.25,6.535,0.0,0.0,-0.0,0.0,0.0,0.0,8.09,5.44,6.97,5.64
1093,18.2167,7.0,30.363,0.03,0.9013,1.38,-10.47,0.34,6.543,0.0,0.0,-0.0,0.0,0.0,0.0,6.98,5.88,6.99,6.32
1094,18.2333,7.0,30.378,0.031,0.901,1.25,-10.67,0.32,7.455,0.0,0.0,-0.0,0.0,0.0,0.0,6.61,8.93,6.94,7.34
1095,18.25,7.0,30.393,0.031,0.902,1.36,-10.69,0.49,6.596,0.0,0.0,-0.0,0.0,0.0,0.0,7.02,5.31,7.04,7.02
1096,18.2667,7.0,30.407,0.031,0.9022,1.49,-10.56,0.56,7.165,0.0,0.0,-0.0,0.0,0.0,0.0,7.06,9.27,7.07,5.26
1097,18.2833,7.0,30.423,0.032,0.9013,1.44,-10.42,0.54,7.189,0.0,0.0,-0.0,0.0,0.0,0.0,6.7,7.9,7.08,7.07
1098,18.3,7.0,30.439,0.031,0.9016,1.45,-10.61,0.5,6.634,0.0,0.0,-0.0,0.0,0.0,0.0,6.45,7.0,6.99,6.1
1099,18.3167,7.0,30.455,0.031,0.9012,1.47,-10.57,0.44,6.311,0.0,0.0,-0.0,0.0,0.0,0.0,6.05,5.91,6.96,6.31
1100,18.3333,7.0,30.471,0.032,0.9013,1.4,-10.45,0.44,7.111,0.0,0.0,-0.0,0.0,0.0,0.0,7.0,7.98,6.99,6.47
1101,18.35,7.0,30.487,0.032,0.9015,1.38,-10.58,0.41,7.052,0.0,0.0,-0.0,0.0,0.0,0.0,7.06,7.0,7.0,7.15
1102,18.3667,7.0,30.503,0.032,0.9011,1.45,-10.68,0.43,6.558,0.0,0.0,-0.0,0.0,0.0,0.0,7.22,4.9,7.2,6.92
1103,18.3833,7.0,30.518,0.032,0.9011,1.55,-10.44,0.4,6.391,0.0,0.0,-0.0,0.0,0.0,0.0,5.83,7.15,7.0,5.59
1104,18.4,7.0,30.534,0.032,0.9019,1.54,-10.41,0.41,6.927,0.0,0.0,-0.0,0.0,0.0,0.0,6.75,6.99,6.99,6.97
1105,18.4167,7.0,30.551,0.032,0.9016,1.51,-10.54,0.38,7.0,0.0,0.0,-0.0,0.0,0.0,0.0,7.03,7.04,7.03,6.9
1106,18.4333,7.0,30.567,0.032,0.9006,1.54,-10.46,0.35,6.693,0.0,0.0,-0.0,0.0,0.0,0.0,6.68,6.68,6.99,6.42
1107,18.45,7.0,30.58,0.031,0.9046,1.85,-9.76,0.34,8.147,0.0,0.0,-0.0,0.0,0.0,0.0,11.07,5.85,7.35,8.32
1108,18.4667,7.0,30.593,0.029,0.9101,2.13,-9.11,0.26,6.651,0.0,0.0,-0.0,0.0,0.0,0.0,7.5,7.46,6.94,4.71
1109,18.4833,7.0,30.605,0.027,0.9152,2.25,-8.5,0.21,9.231,0.0,0.0,-0.0,0.0,0.0,0.0,7.13,11.63,6.89,11.28
1110,18.5,7.0,30.618,0.026,0.919,2.51,-7.98,0.19,6.679,0.0,0.0,-0.0,0.0,0.0,0.0,6.94,5.78,7.0,7.0
1111,18.5167,7.0,30.632,0.024,0.9215,2.75,-7.46,0.12,3.171,0.0,0.0,-0.0,0.0,0.0,0.0,6.79,10.51,6.75,-11.38
1112,18.5333,7.0,30.646,0.022,0.9237,2.86,-6.87,0.06,5.35,0.0,0.0,-0.0,0.0,0.0,0.0,0.71,10.81,6.88,3.0
1113,18.55,7.0,30.66,0.021,0.9264,2.9,-6.49,0.2,8.621,0.0,0.0,-0.0,0.0,0.0,0.0,7.08,18.72,6.87,1.82
1114,18.5667,7.0,30.674,0.021,0.9278,2.97,-6.09,0.27,6.645,0.0,0.0,-0.0,0.0,0.0,0.0,7.32,5.32,6.97,6.98
1115,18.5833,7.0,30.69,0.02,0.9302,3.1,-5.92,0.24,6.601,0.0,0.0,-0.0,0.0,0.0,0.0,6.31,7.01,7.01,6.08
1116,18.6,7.0,30.706,0.019,0.9313,3.17,-5.82,0.18,6.814,0.0,0.0,-0.0,0.0,0.0,0.0,7.05,6.14,7.03,7.04
1117,18.6167,7.0,30.722,0.018,0.9307,3.22,-5.64,0.08,7.765,0.0,0.0,-0.0,0.0,0.0,0.0,7.04,11.67,7.02,5.33
1118,18.6333,7.0,30.732,0.018,0.9372,3.74,-5.79,0.51,6.74,0.0,0.0,-0.0,0.0,0.0,0.0,5.99,7.08,7.18,6.71
1119,18.65,7.0,30.741,0.015,0.9433,4.09,-6.26,0.48,7.518,0.0,0.0,-0.0,0.0,0.0,0.0,7.92,7.1,7.14,7.92
1120,18.6667,7.0,30.749,0.012,0.9482,4.33,-6.81,0.34,7.898,0.0,0.0,-0.0,0.0,0.0,0.0,7.14,6.97,7.0,10.49
1121,18.6833,7.0,30.758,0.01,0.9516,4.52,-7.35,0.12,6.231,0.0,0.0,-0.0,0.0,0.0,0.0,6.62,6.98,7.02,4.3
1122,18.7,7.0,30.767,0.008,0.9555,4.57,-7.67,-0.06,6.373,0.0,0.0,-0.0,0.0,0.0,0.0,6.62,6.89,6.89,5.09
1123,18.7167,7.0,30.778,0.008,0.9588,4.48,-8.05,-0.17,6.769,0.0,0.0,-0.0,0.0,0.0,0.0,7.8,7.01,7.03,5.24
1124,18.7333,7.0,30.789,0.009,0.9609,4.34,-8.49,-0.24,8.324,0.0,0.0,-0.0,0.0,0.0,0.0,13.39,7.01,7.03,5.87
1125,18.75,7.0,30.801,0.01,0.9615,4.11,-8.99,-0.34,6.959,0.0,0.0,-0.0,0.0,0.0,0.0,6.87,6.95,6.95,7.07
1126,18.7667,7.0,30.813,0.011,0.9616,3.73,-9.4,-0.49,6.537,0.0,0.0,-0.0,0.0,0.0,0.0,7.09,7.07,7.14,4.85
1127,18.7833,7.0,30.825,0.014,0.9621,3.28,-9.7,-0.52,6.936,0.0,0.0,-0.0,0.0,0.0,0.0,8.07,6.98,6.99,5.7
1128,18.8,7.0,30.838,0.017,0.9618,2.88,-9.89,-0.48,6.341,0.0,0.0,-0.0,0.0,0.0,0.0,7.11,4.12,7.05,7.07
1129,18.8167,7.0,30.852,0.017,0.962,2.81,-9.88,-0.47,6.779,0.0,0.0,-0.0,0.0,0.0,0.0,6.16,7.03,6.97,6.96
1130,18.8333,7.0,30.866,0.017,0.9618,2.89,-10.1,-0.45,6.612,0.0,0.0,-0.0,0.0,0.0,0.0,3.61,11.12,6.7,5.02
1131,18.85,7.0,30.88,0.017,0.9623,2.84,-10.09,-0.48,6.585,0.0,0.0,-0.0,0.0,0.0,0.0,3.16,5.39,7.18,10.61
1132,18.8667,7.0,30.895,0.016,0.962,3.05,-9.97,-0.44,5.432,0.0,0.0,-0.0,0.0,0.0,0.0,7.02,5.25,7.02,2.43
1133,18.8833,7.0,30.911,0.015,0.9608,3.26,-9.93,-0.43,9.493,0.0,0.0,-0.0,0.0,0.0,0.0,6.6,18.03,6.56,6.78
1134,18.9,7.0,30.926,0.015,0.9621,3.18,-9.85,-0.43,7.208,0.0,0.0,-0.0,0.0,0.0,0.0,8.4,7.0,7.03,6.41
1135,18.9167,7.0,30.942,0.015,0.9617,3.08,-9.84,-0.46,6.778,0.0,0.0,-0.0,0.0,0.0,0.0,6.97,6.97,6.97,6.2
1136,18.9333,7.0,30.958,0.015,0.9616,3.13,-9.93,-0.44,6.805,0.0,0.0,-0.0,0.0,0.0,0.0,6.66,6.57,7.0,6.99
1137,18.95,7.0,30.974,0.015,0.9621,3.14,-9.92,-0.42,6.429,0.0,0.0,-0.0,0.0,0.0,0.0,6.26,6.99,7.08,5.39
1138,18.9667,7.0,30.99,0.015,0.9619,2.99,-9.88,-0.44,7.033,0.0,0.0,-0.0,0.0,0.0,0.0,7.05,6.99,6.99,7.1
1139,18.9833,7.0,31.006,0.015,0.9615,3.01,-9.84,-0.46,7.639,0.0,0.0,-0.0,0.0,0.0,0.0,8.72,7.86,6.99,6.99
1140,19.0,7.0,31.022,0.014,0.9616,3.22,-10.06,-0.53,6.895,0.0,0.0,-0.0,0.0,0.0,0.0,6.73,6.81,6.8,7.24
1141,19.0167,7.0,31.037,0.013,0.9621,3.13,-9.91,-0.64,6.963,0.0,0.0,-0.0,0.0,0.0,0.0,7.45,7.19,7.02,6.18
1142,19.0333,7.0,31.053,0.014,0.9617,3.01,-9.85,-0.66,6.682,0.0,0.0,-0.0,0.0,0.0,0.0,6.99,7.0,6.99,5.75
1143,19.05,7.0,31.067,0.013,0.962,3.33,-9.4,-0.61,6.051,0.0,0.0,-0.0,0.0,0.0,0.0,4.14,6.05,7.0,7.02
1144,19.0667,7.0,31.077,0.009,0.9654,4.11,-8.83,-0.6,6.977,0.0,0.0,-0.0,0.0,0.0,0.0,7.41,6.87,6.79,6.84
1145,19.0833,7.0,31.086,0.005,0.9666,4.88,-8.28,-0.55,13.065,0.0,0.0,-0.0,0.0,0.0,0.0,7.42,30.94,6.91,6.99
1146,19.1,7.0,31.095,0.001,0.9676,5.37,-7.49,-0.65,6.149,0.0,0.0,-0.0,0.0,0.0,0.0,6.44,9.26,6.83,2.06
1147,19.1167,7.0,31.104,-0.001,0.9697,5.67,-6.86,-0.78,9.858,0.0,0.0,-0.0,0.0,0.0,0.0,19.09,5.99,6.16,8.18
1148,19.1333,7.0,31.112,-0.003,0.9723,5.91,-6.3,-0.82,6.429,0.0,0.0,-0.0,0.0,0.0,0.0,7.73,7.12,7.09,3.78
1149,19.15,7.0,31.12,-0.004,0.9767,6.01,-5.92,-0.74,3.313,0.0,0.0,-0.0,0.0,0.0,0.0,-4.18,6.88,6.95,3.61
1150,19.1667,7.0,31.129,-0.005,0.9802,5.91,-5.64,-0.69,7.695,0.0,0.0,-0.0,0.0,0.0,0.0,9.85,7.03,7.05,6.85
1151,19.1833,7.0,31.138,-0.005,0.9822,5.69,-5.38,-0.7,7.517,0.0,0.0,-0.0,0.0,0.0,0.0,7.02,7.03,7.03,8.99
1152,19.2,7.0,31.148,-0.004,0.9845,5.5,-5.14,-0.69,5.641,0.0,0.0,-0.0,0.0,0.0,0.0,3.85,7.03,7.02,4.66
1153,19.2167,7.0,31.158,-0.003,0.9884,5.32,-5.04,-0.64,15.2,0.0,0.0,-0.0,0.0,0.0,0.0,28.51,4.63,7.09,20.58
1154,19.2333,7.0,31.17,-0.003,0.9912,5.29,-4.82,-0.59,6.328,0.0,0.0,-0.0,0.0,0.0,0.0,7.44,4.38,7.05,6.44
1155,19.25,7.0,31.183,-0.003,0.9934,5.26,-4.58,-0.55,6.575,0.0,0.0,-0.0,0.0,0.0,0.0,7.02,6.26,7.03,5.99
1156,19.2667,7.0,31.198,-0.003,0.9951,5.25,-4.39,-0.52,6.563,0.0,0.0,-0.0,0.0,0.0,0.0,7.01,5.75,7.02,6.46
1157,19.2833,7.0,31.213,-0.003,0.9959,5.18,-4.29,-0.51,6.596,0.0,0.0,-0.0,0.0,0.0,0.0,6.1,7.0,7.0,6.28
1158,19.3,7.0,31.23,-0.002,0.9964,5.02,-4.18,-0.52,6.535,0.0,0.0,-0.0,0.0,0.0,0.0,6.21,6.39,7.07,6.47
1159,19.3167,7.0,31.246,-0.001,0.9956,4.82,-4.15,-0.47,6.861,0.0,0.0,-0.0,0.0,0.0,0.0,6.94,7.0,6.96,6.55
1160,19.3333,7.0,31.262,-0.002,0.9974,5.07,-4.33,-0.43,6.05,0.0,0.0,-0.0,0.0,0.0,0.0,4.46,4.2,6.98,8.56
1161,19.35,7.0,31.274,-0.004,1.0013,5.3,-4.7,-0.44,6.864,0.0,0.0,-0.0,0.0,0.0,0.0,7.72,7.14,7.13,5.46
1162,19.3667,7.0,31.286,-0.006,1.0053,5.35,-5.05,-0.6,6.871,0.0,0.0,-0.0,0.0,0.0,0.0,7.1,7.08,7.09,6.22
1163,19.3833,7.0,31.298,-0.007,1.0078,5.35,-5.4,-0.79,6.562,0.0,0.0,-0.0,0.0,0.0,0.0,7.04,7.03,7.01,5.16
1164,19.4,7.0,31.312,-0.008,1.0085,5.22,-5.77,-0.96,7.569,0.0,0.0,-0.0,0.0,0.0,0.0,7.05,7.04,7.03,9.16
1165,19.4167,7.0,31.325,-0.009,1.0083,5.28,-5.88,-1.08,7.576,0.0,0.0,-0.0,0.0,0.0,0.0,4.22,14.51,7.01,4.56
1166,19.4333,7.0,31.339,-0.007,1.0102,5.02,-6.06,-1.08,6.627,0.0,0.0,-0.0,0.0,0.0,0.0,5.57,7.05,7.02,6.86
1167,19.45,7.0,31.353,-0.005,1.0105,4.73,-6.33,-1.08,6.808,0.0,0.0,-0.0,0.0,0.0,0.0,6.53,6.97,7.01,6.73
1168,19.4667,7.0,31.367,-0.005,1.0119,4.84,-6.05,-0.91,6.701,0.0,0.0,-0.0,0.0,0.0,0.0,7.02,5.75,7.01,7.03
1169,19.4833,7.0,31.383,-0.005,1.0111,4.89,-5.97,-0.79,6.035,0.0,0.0,-0.0,0.0,0.0,0.0,4.17,5.87,7.05,7.05
1170,19.5,7.0,31.398,-0.005,1.0109,4.98,-6.09,-0.76,6.514,0.0,0.0,-0.0,0.0,0.0,0.0,5.55,7.03,7.02,6.46
1171,19.5167,7.0,31.414,-0.006,1.0104,5.1,-6.04,-0.77,6.568,0.0,0.0,-0.0,0.0,0.0,0.0,6.81,5.77,6.89,6.81
1172,19.5333,7.0,31.43,-0.007,1.0082,5.28,-5.92,-0.77,6.681,0.0,0.0,-0.0,0.0,0.0,0.0,6.79,5.85,7.04,7.05
1173,19.55,7.0,31.446,-0.008,1.0099,5.33,-5.71,-0.75,6.665,0.0,0.0,-0.0,0.0,0.0,0.0,6.46,6.97,6.98,6.25
1174,19.5667,7.0,31.461,-0.009,1.0111,5.37,-5.78,-0.71,7.114,0.0,0.0,-0.0,0.0,0.0,0.0,6.71,6.98,6.99,7.78
1175,19.5833,7.0,31.477,-0.01,1.0104,5.37,-5.96,-0.7,6.964,0.0,0.0,-0.0,0.0,0.0,0.0,7.0,7.0,7.0,6.85
1176,19.6,7.0,31.493,-0.009,1.0097,5.24,-5.82,-0.73,6.438,0.0,0.0,-0.0,0.0,0.0,0.0,5.54,6.98,7.01,6.22
1177,19.6167,7.0,31.509,-0.009,1.0105,5.08,-5.94,-0.67,6.967,0.0,0.0,-0.0,0.0,0.0,0.0,6.36,6.97,6.97,7.57
1178,19.6333,7.0,31.524,-0.007,1.0104,5.12,-6.04,-0.53,6.782,0.0,0.0,-0.0,0.0,0.0,0.0,7.05,6.04,7.02,7.02
1179,19.65,7.0,31.54,-0.007,1.009,5.24,-5.99,-0.35,9.083,0.0,0.0,-0.0,0.0,0.0,0.0,6.99,15.69,6.88,6.78
1180,19.6667,7.0,31.556,-0.006,1.0096,5.04,-5.97,-0.33,7.144,0.0,0.0,-0.0,0.0,0.0,0.0,7.46,6.88,6.94,7.3
1181,19.6833,7.0,31.57,-0.006,1.0115,4.9,-6.32,-0.31,6.377,0.0,0.0,-0.0,0.0,0.0,0.0,7.04,7.06,7.08,4.33
1182,19.7,7.0,31.585,-0.006,1.0126,5.05,-6.33,-0.22,6.778,0.0,0.0,-0.0,0.0,0.0,0.0,7.0,6.06,7.02,7.04
1183,19.7167,7.0,31.6,-0.006,1.0125,5.28,-6.16,-0.11,5.12,0.0,0.0,-0.0,0.0,0.0,0.0,7.08,-1.69,7.32,7.77
1184,19.7333,7.0,31.612,-0.006,1.0136,5.5,-5.24,0.19,6.165,0.0,0.0,-0.0,0.0,0.0,0.0,6.91,6.87,6.92,3.96
1185,19.75,7.0,31.624,-0.007,1.0183,5.64,-4.63,0.21,5.204,0.0,0.0,-0.0,0.0,0.0,0.0,3.99,4.95,6.98,4.89
1186,19.7667,7.0,31.638,-0.009,1.0224,5.73,-4.0,0.28,7.854,0.0,0.0,-0.0,0.0,0.0,0.0,6.03,10.32,7.04,8.03
1187,19.7833,7.0,31.652,-0.01,1.0257,5.82,-3.42,0.35,7.508,0.0,0.0,-0.0,0.0,0.0,0.0,6.74,10.99,6.78,5.53
1188,19.8,7.0,31.667,-0.011,1.0295,5.93,-3.0,0.38,6.246,0.0,0.0,-0.0,0.0,0.0,0.0,5.76,6.38,6.93,5.91
1189,19.8167,7.0,31.682,-0.012,1.0327,6.0,-2.65,0.44,6.088,0.0,0.0,-0.0,0.0,0.0,0.0,7.0,4.47,6.99,5.89
1190,19.8333,7.0,31.699,-0.012,1.0344,6.08,-2.31,0.49,6.687,0.0,0.0,-0.0,0.0,0.0,0.0,7.0,5.93,7.0,6.82
1191,19.85,7.0,31.715,-0.012,1.0357,6.15,-2.08,0.49,6.824,0.0,0.0,-0.0,0.0,0.0,0.0,7.27,6.37,7.01,6.65
1192,19.8667,7.0,31.732,-0.013,1.0365,6.22,-1.98,0.49,6.866,0.0,0.0,-0.0,0.0,0.0,0.0,7.07,6.16,7.1,7.13
1193,19.8833,7.0,31.749,-0.014,1.0354,6.46,-1.8,0.54,7.06,0.0,0.0,-0.0,0.0,0.0,0.0,7.01,7.87,7.01,6.35
1194,19.9,7.0,31.766,-0.015,1.0347,6.67,-1.77,0.56,6.239,0.0,0.0,-0.0,0.0,0.0,0.0,4.38,6.74,6.6,7.24
1195,19.9167,7.0,31.781,-0.015,1.0362,6.79,-1.56,0.49,6.841,0.0,0.0,-0.0,0.0,0.0,0.0,6.98,6.99,7.02,6.37
1196,19.9333,7.0,31.797,-0.016,1.0354,6.82,-1.43,0.48,6.624,0.0,0.0,-0.0,0.0,0.0,0.0,7.0,7.01,7.01,5.47
1197,19.95,7.0,31.813,-0.014,1.0349,6.65,-1.72,0.46,7.015,0.0,0.0,-0.0,0.0,0.0,0.0,6.71,6.9,7.57,6.87
1198,19.9667,7.0,31.829,-0.014,1.0337,6.74,-1.91,0.49,6.779,0.0,0.0,-0.0,0.0,0.0,0.0,6.92,6.14,6.98,7.07
1199,19.9833,7.0,31.845,-0.013,1.0359,6.6,-1.62,0.49,6.713,0.0,0.0,-0.0,0.0,0.0,0.0,6.66,7.13,7.06,6.0
1200,20.0,7.0,31.862,-0.012,1.0343,6.45,-1.62,0.49,7.265,0.0,0.0,-0.0,0.0,0.0,0.0,6.86,7.11,7.63,7.47
1201,20.0167,7.0,31.879,-0.011,1.0332,6.34,-1.64,0.46,6.96,0.0,0.0,-0.0,0.0,0.0,0.0,6.93,7.11,6.84,6.96
1202,20.0333,7.0,31.895,-0.012,1.0362,6.37,-1.88,0.46,6.361,0.0,0.0,-0.0,0.0,0.0,0.0,5.8,6.92,6.97,5.76
1203,20.05,7.0,31.91,-0.011,1.0363,6.38,-1.84,0.48,7.01,0.0,0.0,-0.0,0.0,0.0,0.0,7.02,7.26,6.96,6.79
1204,20.0667,7.0,31.927,-0.011,1.0344,6.45,-1.79,0.52,6.386,0.0,0.0,-0.0,0.0,0.0,0.0,6.96,5.87,6.98,5.73
1205,20.0833,7.0,31.943,-0.011,1.0332,6.58,-2.02,0.48,6.965,0.0,0.0,-0.0,0.0,0.0,0.0,6.56,6.97,6.93,7.41
1206,20.1,7.0,31.959,-0.01,1.0359,6.4,-1.8,0.41,6.265,0.0,0.0,-0.0,0.0,0.0,0.0,7.24,4.61,7.05,6.16
1207,20.1167,7.0,31.976,-0.01,1.0351,6.41,-1.73,0.4,6.779,0.0,0.0,-0.0,0.0,0.0,0.0,7.0,6.14,7.0,6.97
1208,20.1333,7.0,31.993,-0.011,1.0329,6.48,-1.72,0.38,7.213,0.0,0.0,-0.0,0.0,0.0,0.0,7.06,7.52,7.25,7.02
1209,20.15,7.0,32.009,-0.01,1.036,6.48,-1.81,0.37,6.773,0.0,0.0,-0.0,0.0,0.0,0.0,7.06,7.0,7.05,5.98
1210,20.1667,7.0,32.025,-0.01,1.0358,6.39,-1.82,0.32,6.781,0.0,0.0,-0.0,0.0,0.0,0.0,6.98,5.59,7.04,7.5
1211,20.1833,7.0,32.041,-0.011,1.0346,6.5,-1.72,0.35,6.975,0.0,0.0,-0.0,0.0,0.0,0.0,6.87,7.09,6.97,6.98
1212,20.2,7.0,32.058,-0.013,1.0332,6.78,-1.93,0.32,7.363,0.0,0.0,-0.0,0.0,0.0,0.0,8.23,7.06,7.05,7.12
1213,20.2167,7.0,32.074,-0.013,1.0362,6.73,-1.56,0.27,6.793,0.0,0.0,-0.0,0.0,0.0,0.0,6.28,7.01,7.04,6.84
1214,20.2333,7.0,32.091,-0.012,1.0356,6.69,-1.64,0.27,7.189,0.0,0.0,-0.0,0.0,0.0,0.0,7.01,7.02,7.37,7.36
1215,20.25,7.0,32.108,-0.012,1.0331,6.64,-1.8,0.25,7.11,0.0,0.0,-0.0,0.0,0.0,0.0,7.05,7.04,7.07,7.29
1216,20.2667,7.0,32.124,-0.01,1.0361,6.47,-1.79,0.22,6.668,0.0,0.0,-0.0,0.0,0.0,0.0,6.35,6.95,7.05,6.32
1217,20.2833,7.0,32.14,-0.009,1.0361,6.36,-1.83,0.22,7.088,0.0,0.0,-0.0,0.0,0.0,0.0,7.13,7.08,7.08,7.06
1218,20.3,7.0,32.156,-0.01,1.0359,6.4,-1.72,0.19,4.278,0.0,0.0,-0.0,0.0,0.0,0.0,5.43,0.4,6.69,4.6
1219,20.3167,7.0,32.17,-0.01,1.0404,6.46,-1.32,0.2,10.153,0.0,0.0,-0.0,0.0,0.0,0.0,8.35,5.59,6.93,19.73
1220,20.3333,7.0,32.185,-0.011,1.0433,6.5,-0.9,0.21,6.844,0.0,0.0,-0.0,0.0,0.0,0.0,7.0,6.35,6.99,7.03
1221,20.35,7.0,32.201,-0.012,1.045,6.54,-0.51,0.22,7.175,0.0,0.0,-0.0,0.0,0.0,0.0,7.43,7.07,7.0,7.2
1222,20.3667,7.0,32.218,-0.013,1.0471,6.59,-0.32,0.21,6.721,0.0,0.0,-0.0,0.0,0.0,0.0,6.64,6.77,6.98,6.5
1223,20.3833,7.0,32.235,-0.013,1.0479,6.55,-0.16,0.14,6.605,0.0,0.0,-0.0,0.0,0.0,0.0,7.0,5.94,7.03,6.46
1224,20.4,7.0,32.252,-0.014,1.0483,6.64,0.04,0.15,6.938,0.0,0.0,-0.0,0.0,0.0,0.0,7.07,6.37,7.27,7.04
1225,20.4167,7.0,32.269,-0.014,1.0483,6.76,-0.01,0.06,6.916,0.0,0.0,-0.0,0.0,0.0,0.0,6.94,6.84,6.94,6.94
1226,20.4333,7.0,32.286,-0.015,1.046,6.89,-0.02,0.07,7.202,0.0,0.0,-0.0,0.0,0.0,0.0,6.98,6.93,8.07,6.83
1227,20.45,7.0,32.303,-0.013,1.0473,6.65,0.13,0.13,7.038,0.0,0.0,-0.0,0.0,0.0,0.0,7.03,7.06,6.24,7.83
1228,20.4667,7.0,32.32,-0.014,1.0477,6.8,0.02,-0.1,7.434,0.0,0.0,-0.0,0.0,0.0,0.0,7.01,6.36,7.08,9.28
1229,20.4833,7.0,32.337,-0.015,1.0459,6.85,-0.06,-0.17,6.994,0.0,0.0,-0.0,0.0,0.0,0.0,6.99,7.09,6.97,6.93
1230,20.5,7.0,32.353,-0.015,1.0446,6.73,0.44,-0.3,6.232,0.0,0.0,-0.0,0.0,0.0,0.0,7.06,5.87,6.99,5.01
1231,20.5167,7.0,32.37,-0.014,1.0474,6.58,0.25,-0.27,6.661,0.0,0.0,-0.0,0.0,0.0,0.0,6.86,6.78,6.03,6.98
1232,20.5333,7.0,32.387,-0.014,1.0462,6.53,0.25,-0.26,6.879,0.0,0.0,-0.0,0.0,0.0,0.0,7.01,6.52,6.98,7.01
1233,20.55,7.0,32.403,-0.013,1.0447,6.46,0.05,-0.26,7.12,0.0,0.0,-0.0,0.0,0.0,0.0,6.97,7.9,6.66,6.95
1234,20.5667,7.0,32.419,-0.014,1.0474,6.53,0.26,-0.3,6.731,0.0,0.0,-0.0,0.0,0.0,0.0,6.97,6.29,6.63,7.04
1235,20.5833,7.0,32.436,-0.015,1.0471,6.57,0.28,-0.28,6.857,0.0,0.0,-0.0,0.0,0.0,0.0,6.98,6.46,6.99,6.99
1236,20.6,7.0,32.453,-0.016,1.0444,6.68,0.24,-0.25,7.24,0.0,0.0,-0.0,0.0,0.0,0.0,7.12,6.77,8.0,7.07
1237,20.6167,7.0,32.468,-0.014,1.0449,6.37,0.09,-0.27,6.804,0.0,0.0,-0.0,0.0,0.0,0.0,7.02,6.86,7.17,6.16
1238,20.6333,7.0,32.485,-0.014,1.0471,6.31,0.44,-0.25,7.083,0.0,0.0,-0.0,0.0,0.0,0.0,6.92,5.97,8.56,6.89
1239,20.65,7.0,32.502,-0.014,1.0467,6.26,0.6,-0.18,7.165,0.0,0.0,-0.0,0.0,0.0,0.0,5.38,8.62,7.67,6.99
1240,20.6667,7.0,32.519,-0.015,1.0452,6.38,0.47,-0.16,7.508,0.0,0.0,-0.0,0.0,0.0,0.0,8.16,7.72,7.18,6.97
1241,20.6833,7.0,32.535,-0.014,1.0449,6.31,0.11,-0.15,7.079,0.0,0.0,-0.0,0.0,0.0,0.0,7.04,7.54,6.72,7.03
1242,20.7,7.0,32.551,-0.014,1.0466,6.33,0.45,-0.15,6.541,0.0,0.0,-0.0,0.0,0.0,0.0,7.32,7.87,4.34,6.63
1243,20.7167,7.0,32.567,-0.014,1.0449,6.43,0.47,-0.2,7.309,0.0,0.0,-0.0,0.0,0.0,0.0,7.89,7.17,7.17,7.01
1244,20.7333,7.0,32.583,-0.014,1.0452,6.36,0.14,-0.21,6.524,0.0,0.0,-0.0,0.0,0.0,0.0,7.02,5.94,7.46,5.68
1245,20.75,7.0,32.598,-0.014,1.0469,6.33,0.42,-0.18,6.761,0.0,0.0,-0.0,0.0,0.0,0.0,7.17,7.3,5.71,6.86
1246,20.7667,7.0,32.614,-0.014,1.0464,6.32,0.56,-0.14,6.788,0.0,0.0,-0.0,0.0,0.0,0.0,6.99,6.58,6.54,7.04
1247,20.7833,7.0,32.631,-0.014,1.0445,6.39,0.6,-0.13,6.764,0.0,0.0,-0.0,0.0,0.0,0.0,6.29,6.7,7.03,7.03
1248,20.8,7.0,32.647,-0.014,1.0452,6.33,0.12,-0.13,6.93,0.0,0.0,-0.0,0.0,0.0,0.0,7.0,7.34,6.5,6.88
1249,20.8167,7.0,32.663,-0.015,1.0468,6.55,0.34,-0.17,6.774,0.0,0.0,-0.0,0.0,0.0,0.0,7.04,6.83,5.87,7.35
1250,20.8333,7.0,32.679,-0.017,1.0454,6.7,0.34,-0.18,6.857,0.0,0.0,-0.0,0.0,0.0,0.0,7.0,6.46,6.99,6.99
1251,20.85,7.0,32.695,-0.016,1.0464,6.55,0.1,-0.19,6.775,0.0,0.0,-0.0,0.0,0.0,0.0,6.95,6.68,7.21,6.27
1252,20.8667,7.0,32.71,-0.016,1.0469,6.6,0.21,-0.16,6.178,0.0,0.0,-0.0,0.0,0.0,0.0,7.06,4.57,6.21,6.87
1253,20.8833,7.0,32.727,-0.017,1.0465,6.68,0.29,-0.1,6.696,0.0,0.0,-0.0,0.0,0.0,0.0,7.01,5.72,7.05,7.0
1254,20.9,7.0,32.743,-0.017,1.0445,6.68,0.47,-0.12,6.623,0.0,0.0,-0.0,0.0,0.0,0.0,6.98,6.97,6.98,5.56
1255,20.9167,7.0,32.759,-0.015,1.0452,6.41,0.07,-0.1,6.447,0.0,0.0,-0.0,0.0,0.0,0.0,7.28,6.87,4.68,6.96
1256,20.9333,7.0,32.776,-0.016,1.0464,6.51,0.39,-0.12,7.222,0.0,0.0,-0.0,0.0,0.0,0.0,7.0,7.06,7.79,7.04
1257,20.95,7.0,32.793,-0.016,1.0441,6.53,0.46,-0.1,6.928,0.0,0.0,-0.0,0.0,0.0,0.0,7.09,6.41,7.16,7.06
1258,20.9667,7.0,32.81,-0.017,1.0424,6.65,0.72,-0.06,6.855,0.0,0.0,-0.0,0.0,0.0,0.0,6.94,6.59,7.32,6.57
1259,20.9833,7.0,32.827,-0.018,1.0402,6.86,0.97,-0.07,7.034,0.0,0.0,-0.0,0.0,0.0,0.0,7.02,7.57,7.04,6.51
1260,21.0,7.0,32.845,-0.019,1.0359,7.08,1.19,-0.04,6.115,0.0,0.0,-0.0,0.0,0.0,0.0,6.99,6.24,6.99,4.25
1261,21.0167,7.0,32.863,-0.018,1.034,6.89,1.96,-0.05,7.563,0.0,0.0,-0.0,0.0,0.0,0.0,7.11,7.17,6.52,9.44
1262,21.0333,7.0,32.882,-0.014,1.0336,6.76,1.89,0.27,7.282,0.0,0.0,-0.0,0.0,0.0,0.0,7.15,7.76,7.13,7.09
1263,21.05,7.0,32.9,-0.011,1.0318,6.78,2.03,0.66,7.201,0.0,0.0,-0.0,0.0,0.0,0.0,7.07,7.75,6.92,7.07
1264,21.0667,7.0,32.919,-0.009,1.0317,6.51,1.98,0.69,7.196,0.0,0.0,-0.0,0.0,0.0,0.0,6.9,7.86,7.1,6.93
1265,21.0833,7.0,32.936,-0.007,1.0303,6.21,1.86,0.7,6.875,0.0,0.0,-0.0,0.0,0.0,0.0,6.99,6.49,7.02,7.01
1266,21.1,7.0,32.954,-0.007,1.0324,6.23,2.42,0.69,7.212,0.0,0.0,-0.0,0.0,0.0,0.0,6.85,6.5,8.41,7.09
1267,21.1167,7.0,32.972,-0.006,1.0309,6.17,2.68,0.71,6.88,0.0,0.0,-0.0,0.0,0.0,0.0,7.01,6.6,6.89,7.02
1268,21.1333,7.0,32.99,-0.005,1.0319,5.95,2.41,0.72,7.027,0.0,0.0,-0.0,0.0,0.0,0.0,6.99,7.47,6.63,7.01
1269,21.15,7.0,33.007,-0.004,1.0322,5.9,2.63,0.71,6.548,0.0,0.0,-0.0,0.0,0.0,0.0,7.02,6.01,6.15,7.01
1270,21.1667,7.0,33.024,-0.004,1.0312,5.8,2.87,0.68,6.931,0.0,0.0,-0.0,0.0,0.0,0.0,7.08,6.59,7.02,7.03
1271,21.1833,7.0,33.04,-0.003,1.0314,5.69,2.67,0.66,6.971,0.0,0.0,-0.0,0.0,0.0,0.0,7.0,7.39,6.49,7.01
1272,21.2,7.0,33.056,-0.002,1.0298,5.59,2.46,0.66,7.007,0.0,0.0,-0.0,0.0,0.0,0.0,7.01,7.01,7.0,7.01
1273,21.2167,7.0,33.073,-0.003,1.0317,5.79,2.87,0.64,7.364,0.0,0.0,-0.0,0.0,0.0,0.0,6.9,6.34,9.16,7.05
1274,21.2333,7.0,33.09,-0.004,1.0299,5.9,2.97,0.66,6.881,0.0,0.0,-0.0,0.0,0.0,0.0,6.99,6.55,6.98,7.0
1275,21.25,7.0,33.107,-0.004,1.0315,5.81,2.49,0.65,6.946,0.0,0.0,-0.0,0.0,0.0,0.0,6.99,7.34,6.46,6.99
1276,21.2667,7.0,33.122,-0.005,1.0321,5.95,2.66,0.6,6.708,0.0,0.0,-0.0,0.0,0.0,0.0,6.99,5.97,6.84,7.03
1277,21.2833,7.0,33.139,-0.006,1.0307,6.11,2.74,0.62,6.773,0.0,0.0,-0.0,0.0,0.0,0.0,6.98,6.15,6.97,6.99
1278,21.3,7.0,33.154,-0.006,1.0321,6.12,2.31,0.61,6.919,0.0,0.0,-0.0,0.0,0.0,0.0,7.01,7.2,6.47,7.0
1279,21.3167,7.0,33.17,-0.006,1.0302,6.2,1.99,0.59,7.014,0.0,0.0,-0.0,0.0,0.0,0.0,6.99,7.08,6.98,7.0
1280,21.3333,7.0,33.185,-0.007,1.0284,6.44,1.92,0.53,7.185,0.0,0.0,-0.0,0.0,0.0,0.0,6.96,7.7,7.07,7.02
1281,21.35,7.0,33.201,-0.006,1.0287,6.21,1.85,0.5,6.701,0.0,0.0,-0.0,0.0,0.0,0.0,7.01,7.01,6.92,5.87
1282,21.3667,7.0,33.216,-0.004,1.028,5.99,1.89,0.52,6.496,0.0,0.0,-0.0,0.0,0.0,0.0,7.16,6.19,5.6,7.03
1283,21.3833,7.0,33.232,-0.004,1.0278,5.93,2.11,0.54,6.654,0.0,0.0,-0.0,0.0,0.0,0.0,7.12,6.52,5.88,7.1
1284,21.4,7.0,33.249,-0.004,1.026,5.93,2.22,0.58,6.911,0.0,0.0,-0.0,0.0,0.0,0.0,7.06,6.56,6.94,7.09
1285,21.4167,7.0,33.265,-0.003,1.0273,5.85,2.06,0.58,6.314,0.0,0.0,-0.0,0.0,0.0,0.0,7.07,6.39,4.76,7.03
1286,21.4333,7.0,33.281,-0.003,1.0277,5.86,2.17,0.55,6.604,0.0,0.0,-0.0,0.0,0.0,0.0,7.11,5.07,7.28,6.96
1287,21.45,7.0,33.297,-0.003,1.0263,5.92,2.25,0.54,6.8,0.0,0.0,-0.0,0.0,0.0,0.0,6.98,7.1,6.19,6.94
1288,21.4667,7.0,33.313,-0.004,1.0236,5.97,2.31,0.46,6.364,0.0,0.0,-0.0,0.0,0.0,0.0,7.04,6.83,6.92,4.68
1289,21.4833,7.0,33.33,-0.004,1.0196,5.72,2.52,0.25,6.573,0.0,0.0,-0.0,0.0,0.0,0.0,6.99,7.05,7.01,5.24
1290,21.5,7.0,33.348,-0.005,1.0178,5.99,3.32,0.31,7.663,0.0,0.0,-0.0,0.0,0.0,0.0,6.86,6.43,10.32,7.04
1291,21.5167,7.0,33.367,-0.006,1.0137,6.1,3.65,0.36,8.075,0.0,0.0,-0.0,0.0,0.0,0.0,7.29,8.25,9.6,7.16
1292,21.5333,7.0,33.385,-0.005,1.0135,5.93,3.51,0.33,7.58,0.0,0.0,-0.0,0.0,0.0,0.0,7.06,7.04,8.65,7.56
1293,21.55,7.0,33.402,-0.005,1.0142,5.88,3.76,0.3,6.508,0.0,0.0,-0.0,0.0,0.0,0.0,7.0,6.03,5.99,7.01
1294,21.5667,7.0,33.42,-0.006,1.0138,5.86,3.98,0.33,6.869,0.0,0.0,-0.0,0.0,0.0,0.0,7.0,6.49,6.98,7.0
1295,21.5833,7.0,33.437,-0.005,1.0145,5.76,3.83,0.35,6.987,0.0,0.0,-0.0,0.0,0.0,0.0,7.01,7.18,6.75,7.01
1296,21.6,7.0,33.453,-0.004,1.0132,5.69,3.65,0.36,7.021,0.0,0.0,-0.0,0.0,0.0,0.0,7.0,7.09,6.99,7.0
1297,21.6167,7.0,33.47,-0.005,1.0134,5.81,3.95,0.34,6.657,0.0,0.0,-0.0,0.0,0.0,0.0,6.89,6.29,6.4,7.05
1298,21.6333,7.0,33.487,-0.006,1.0114,5.93,4.08,0.41,6.906,0.0,0.0,-0.0,0.0,0.0,0.0,7.01,6.88,6.74,7.0
1299,21.65,7.0,33.503,-0.005,1.0132,5.81,3.6,0.41,6.933,0.0,0.0,-0.0,0.0,0.0,0.0,7.0,7.25,6.63,6.85
1300,21.6667,7.0,33.519,-0.006,1.014,5.9,3.78,0.38,6.447,0.0,0.0,-0.0,0.0,0.0,0.0,7.08,5.72,6.12,6.86
1301,21.6833,7.0,33.535,-0.007,1.0131,6.01,3.93,0.42,6.82,0.0,0.0,-0.0,0.0,0.0,0.0,7.05,6.14,7.05,7.04
1302,21.7,7.0,33.551,-0.007,1.0145,6.03,3.58,0.39,6.852,0.0,0.0,-0.0,0.0,0.0,0.0,7.01,7.14,6.25,7.0
1303,21.7167,7.0,33.566,-0.007,1.0131,6.04,3.38,0.36,6.777,0.0,0.0,-0.0,0.0,0.0,0.0,6.98,6.94,7.0,6.18
1304,21.7333,7.0,33.582,-0.008,1.0135,6.23,3.67,0.35,6.916,0.0,0.0,-0.0,0.0,0.0,0.0,7.0,5.99,7.72,6.96
1305,21.75,7.0,33.599,-0.009,1.0122,6.24,3.92,0.29,6.719,0.0,0.0,-0.0,0.0,0.0,0.0,6.99,6.97,7.0,5.93
1306,21.7667,7.0,33.615,-0.007,1.0137,5.98,3.5,0.3,6.689,0.0,0.0,-0.0,0.0,0.0,0.0,6.98,6.74,6.05,6.98
1307,21.7833,7.0,33.631,-0.006,1.011,5.88,3.36,0.3,6.937,0.0,0.0,-0.0,0.0,0.0,0.0,6.98,6.78,7.0,6.99
1308,21.8,7.0,33.648,-0.007,1.0142,6.04,3.73,0.27,6.989,0.0,0.0,-0.0,0.0,0.0,0.0,6.98,6.88,7.05,7.04
1309,21.8167,7.0,33.665,-0.007,1.0146,6.03,3.58,0.32,7.012,0.0,0.0,-0.0,0.0,0.0,0.0,6.98,7.06,7.01,7.0
1310,21.8333,7.0,33.682,-0.007,1.013,6.07,3.45,0.29,7.01,0.0,0.0,-0.0,0.0,0.0,0.0,7.09,6.53,7.36,7.06
1311,21.85,7.0,33.698,-0.008,1.0096,6.11,3.32,0.27,7.008,0.0,0.0,-0.0,0.0,0.0,0.0,7.08,6.5,7.56,6.88
1312,21.8667,7.0,33.713,-0.006,1.0078,5.95,2.85,0.23,7.159,0.0,0.0,-0.0,0.0,0.0,0.0,7.01,7.72,6.9,7.0
1313,21.8833,7.0,33.728,-0.005,1.0042,5.79,2.38,0.2,6.997,0.0,0.0,-0.0,0.0,0.0,0.0,6.99,6.98,7.02,7.0
1314,21.9,7.0,33.743,-0.003,0.9979,5.65,1.88,0.17,6.993,0.0,0.0,-0.0,0.0,0.0,0.0,6.98,6.98,7.02,6.99
1315,21.9167,7.0,33.758,-0.0,0.9936,5.26,1.92,0.15,5.103,0.0,0.0,-0.0,0.0,0.0,0.0,5.36,0.68,7.08,7.29
1316,21.9333,7.0,33.774,0.001,0.993,5.03,1.8,0.16,7.07,0.0,0.0,-0.0,0.0,0.0,0.0,7.26,6.5,7.35,7.17
1317,21.95,7.0,33.79,0.001,0.994,5.07,2.1,0.19,7.91,0.0,0.0,-0.0,0.0,0.0,0.0,11.65,5.99,7.0,7.0
1318,21.9667,7.0,33.807,0.001,0.9926,5.1,2.31,0.28,3.16,0.0,0.0,-0.0,0.0,0.0,0.0,7.31,6.61,-8.59,7.3
1319,21.9833,7.0,33.822,0.003,0.9953,4.87,1.94,0.28,7.045,0.0,0.0,-0.0,0.0,0.0,0.0,6.98,6.46,7.73,7.0
1320,22.0,7.0,33.837,0.005,0.996,4.66,1.58,0.3,6.853,0.0,0.0,-0.0,0.0,0.0,0.0,7.01,6.4,6.99,7.01
1321,22.0167,7.0,33.851,0.005,0.9985,4.7,1.75,0.31,8.409,0.0,0.0,-0.0,0.0,0.0,0.0,6.71,5.41,14.25,7.27
1322,22.0333,7.0,33.867,0.005,1.0002,4.68,1.67,0.33,6.713,0.0,0.0,-0.0,0.0,0.0,0.0,7.01,6.29,6.54,7.01
1323,22.05,7.0,33.882,0.005,1.0004,4.74,1.51,0.35,6.97,0.0,0.0,-0.0,0.0,0.0,0.0,7.01,6.95,6.88,7.04
1324,22.0667,7.0,33.897,0.004,0.999,4.81,1.39,0.33,5.74,0.0,0.0,-0.0,0.0,0.0,0.0,7.03,6.92,1.67,7.35
1325,22.0833,7.0,33.913,0.003,0.9987,5.14,1.36,0.56,6.202,0.0,0.0,-0.0,0.0,0.0,0.0,6.96,6.1,4.68,7.06
1326,22.1,7.0,33.928,0.002,1.0003,5.25,1.15,0.57,6.774,0.0,0.0,-0.0,0.0,0.0,0.0,6.99,6.84,6.26,7.01
1327,22.1167,7.0,33.944,0.001,0.9999,5.31,1.01,0.45,6.833,0.0,0.0,-0.0,0.0,0.0,0.0,6.99,6.99,7.01,6.34
1328,22.1333,7.0,33.96,0.0,0.9993,5.45,1.0,0.43,6.436,0.0,0.0,-0.0,0.0,0.0,0.0,7.02,6.4,5.77,6.55
1329,22.15,7.0,33.976,0.0,1.0011,5.44,1.14,0.43,7.141,0.0,0.0,-0.0,0.0,0.0,0.0,6.99,7.0,7.11,7.47
1330,22.1667,7.0,33.992,0.001,1.001,5.37,1.01,0.36,6.824,0.0,0.0,-0.0,0.0,0.0,0.0,6.92,6.93,6.91,6.53
1331,22.1833,7.0,34.008,0.001,0.9991,5.32,0.94,0.35,6.635,0.0,0.0,-0.0,0.0,0.0,0.0,6.79,6.97,6.68,6.1
1332,22.2,7.0,34.025,0.001,0.9993,5.35,1.23,0.33,6.837,0.0,0.0,-0.0,0.0,0.0,0.0,7.24,6.72,6.82,6.56
1333,22.2167,7.0,34.042,0.001,1.0006,5.2,1.21,0.32,7.057,0.0,0.0,-0.0,0.0,0.0,0.0,7.02,6.95,7.23,7.03
1334,22.2333,7.0,34.058,0.002,1.0002,5.08,1.12,0.3,6.926,0.0,0.0,-0.0,0.0,0.0,0.0,6.99,6.72,6.99,7.0
1335,22.25,7.0,34.075,0.002,0.9995,5.1,1.28,0.29,6.579,0.0,0.0,-0.0,0.0,0.0,0.0,7.03,6.06,6.22,7.01
1336,22.2667,7.0,34.091,0.001,1.0004,5.09,1.33,0.29,6.665,0.0,0.0,-0.0,0.0,0.0,0.0,6.86,6.86,6.01,6.92
1337,22.2833,7.0,34.107,0.001,1.0007,5.07,1.25,0.21,6.996,0.0,0.0,-0.0,0.0,0.0,0.0,7.0,7.0,6.99,7.0
1338,22.3,7.0,34.123,0.0,1.0,5.14,1.22,0.19,6.408,0.0,0.0,-0.0,0.0,0.0,0.0,7.07,6.65,4.88,7.03
1339,22.3167,7.0,34.139,-0.001,0.9993,5.26,1.33,0.16,5.742,0.0,0.0,-0.0,0.0,0.0,0.0,7.08,5.94,3.02,6.93
1340,22.3333,7.0,34.155,-0.001,1.0,5.28,1.09,0.13,7.014,0.0,0.0,-0.0,0.0,0.0,0.0,6.99,6.87,7.23,6.96
1341,22.35,7.0,34.17,-0.001,0.9993,5.23,0.9,0.07,6.874,0.0,0.0,-0.0,0.0,0.0,0.0,6.91,7.12,6.93,6.53
1342,22.3667,7.0,34.186,-0.001,0.9966,5.21,0.77,0.0,6.942,0.0,0.0,-0.0,0.0,0.0,0.0,7.02,7.08,7.05,6.62
1343,22.3833,7.0,34.201,-0.001,0.9939,5.14,0.41,-0.03,6.992,0.0,0.0,-0.0,0.0,0.0,0.0,7.01,7.73,6.22,7.0
1344,22.4,7.0,34.216,0.0,0.9905,4.94,-0.04,-0.09,4.497,0.0,0.0,-0.0,0.0,0.0,0.0,7.19,-3.15,6.94,7.0
1345,22.4167,7.0,34.23,0.001,0.9859,4.81,-0.35,-0.06,6.195,0.0,0.0,-0.0,0.0,0.0,0.0,6.66,7.82,3.3,7.0
1346,22.4333,7.0,34.243,0.0,0.9866,4.75,-0.26,-0.18,9.037,0.0,0.0,-0.0,0.0,0.0,0.0,7.04,11.03,10.89,7.19
1347,22.45,7.0,34.25,0.001,0.9932,4.01,-0.46,0.01,6.865,0.0,0.0,-0.0,0.0,0.0,0.0,6.93,6.97,6.61,6.96
1348,22.4667,7.0,34.257,0.003,0.9972,3.51,-0.76,0.3,6.987,0.0,0.0,-0.0,0.0,0.0,0.0,6.98,6.96,7.03,6.98
1349,22.4833,7.0,34.264,0.004,0.9993,3.18,-1.16,0.43,14.763,0.0,0.0,-0.0,0.0,0.0,0.0,7.35,18.05,26.78,6.88
1350,22.5,7.0,34.271,0.005,1.0034,3.12,-1.39,0.51,7.595,0.0,0.0,-0.0,0.0,0.0,0.0,6.66,3.89,12.88,6.96
1351,22.5167,7.0,34.28,0.005,1.0071,3.16,-1.78,0.53,7.604,0.0,0.0,-0.0,0.0,0.0,0.0,6.89,4.58,11.95,6.99
1352,22.5333,7.0,34.291,0.004,1.0103,3.27,-2.26,0.52,7.178,0.0,0.0,-0.0,0.0,0.0,0.0,6.96,5.44,9.3,7.01
1353,22.55,7.0,34.302,0.003,1.0121,3.44,-2.78,0.5,6.726,0.0,0.0,-0.0,0.0,0.0,0.0,6.96,6.13,6.84,6.97
1354,22.5667,7.0,34.314,0.001,1.0136,3.69,-3.25,0.5,6.255,0.0,0.0,-0.0,0.0,0.0,0.0,6.99,5.79,5.25,6.99
1355,22.5833,7.0,34.326,-0.001,1.0155,4.06,-3.62,0.47,6.872,0.0,0.0,-0.0,0.0,0.0,0.0,6.93,6.04,7.56,6.96
1356,22.6,7.0,34.339,-0.004,1.0162,4.46,-4.05,0.41,6.919,0.0,0.0,-0.0,0.0,0.0,0.0,6.97,6.51,7.23,6.97
1357,22.6167,7.0,34.352,-0.007,1.0153,4.89,-4.48,0.38,6.759,0.0,0.0,-0.0,0.0,0.0,0.0,6.95,6.01,7.12,6.96
1358,22.6333,7.0,34.366,-0.009,1.0148,5.13,-4.53,0.31,6.019,0.0,0.0,-0.0,0.0,0.0,0.0,6.95,5.62,7.0,4.5
1359,22.65,7.0,34.38,-0.011,1.0166,5.35,-4.71,0.33,6.754,0.0,0.0,-0.0,0.0,0.0,0.0,6.97,6.65,6.4,6.99
1360,22.6667,7.0,34.395,-0.013,1.0168,5.62,-4.96,0.3,6.377,0.0,0.0,-0.0,0.0,0.0,0.0,7.06,5.6,5.82,7.02
1361,22.6833,7.0,34.41,-0.013,1.0185,5.54,-4.68,0.16,6.705,0.0,0.0,-0.0,0.0,0.0,0.0,6.99,7.01,7.01,5.81
1362,22.7,7.0,34.426,-0.013,1.0176,5.47,-4.65,0.08,6.779,0.0,0.0,-0.0,0.0,0.0,0.0,7.0,7.0,7.01,6.1
1363,22.7167,7.0,34.442,-0.012,1.017,5.39,-4.76,0.09,6.636,0.0,0.0,-0.0,0.0,0.0,0.0,7.04,6.62,5.97,6.92
1364,22.7333,7.0,34.458,-0.012,1.0165,5.18,-4.69,-0.04,6.72,0.0,0.0,-0.0,0.0,0.0,0.0,7.01,7.02,7.01,5.84
1365,22.75,7.0,34.474,-0.011,1.0145,4.89,-4.63,-0.19,6.665,0.0,0.0,-0.0,0.0,0.0,0.0,7.01,7.01,7.01,5.63
1366,22.7667,7.0,34.491,-0.011,1.0166,4.84,-4.31,-0.19,6.822,0.0,0.0,-0.0,0.0,0.0,0.0,6.97,6.48,6.86,6.98
1367,22.7833,7.0,34.508,-0.01,1.0169,4.72,-4.25,-0.19,6.91,0.0,0.0,-0.0,0.0,0.0,0.0,7.0,6.64,7.0,7.0
1368,22.8,7.0,34.525,-0.01,1.0151,4.67,-4.16,-0.18,6.743,0.0,0.0,-0.0,0.0,0.0,0.0,7.18,7.08,5.72,6.99
1369,22.8167,7.0,34.542,-0.01,1.0162,4.65,-4.08,-0.18,6.89,0.0,0.0,-0.0,0.0,0.0,0.0,6.89,6.96,6.81,6.89
1370,22.8333,7.0,34.558,-0.011,1.0163,4.56,-4.14,-0.26,6.942,0.0,0.0,-0.0,0.0,0.0,0.0,7.01,6.84,6.97,6.94
1371,22.85,7.0,34.575,-0.011,1.0152,4.59,-4.2,-0.23,6.482,0.0,0.0,-0.0,0.0,0.0,0.0,6.83,8.01,4.11,6.98
1372,22.8667,7.0,34.59,-0.012,1.0158,4.75,-4.11,-0.29,6.088,0.0,0.0,-0.0,0.0,0.0,0.0,6.8,2.06,8.54,6.95
1373,22.8833,7.0,34.606,-0.012,1.0167,4.84,-4.34,-0.23,7.35,0.0,0.0,-0.0,0.0,0.0,0.0,6.98,8.39,7.05,6.98
1374,22.9,7.0,34.622,-0.013,1.0161,4.93,-4.57,-0.31,7.011,0.0,0.0,-0.0,0.0,0.0,0.0,7.04,6.98,7.02,7.02
1375,22.9167,7.0,34.638,-0.014,1.0138,5.14,-4.68,-0.32,6.788,0.0,0.0,-0.0,0.0,0.0,0.0,7.07,7.25,5.8,7.03
1376,22.9333,7.0,34.653,-0.016,1.0131,5.26,-5.04,-0.37,7.193,0.0,0.0,-0.0,0.0,0.0,0.0,6.98,7.85,6.94,7.0
1377,22.95,7.0,34.668,-0.016,1.0133,4.95,-4.87,-0.61,6.505,0.0,0.0,-0.0,0.0,0.0,0.0,7.0,7.07,6.78,5.17
1378,22.9667,7.0,34.682,-0.015,1.0135,4.7,-4.51,-0.72,5.202,0.0,0.0,-0.0,0.0,0.0,0.0,7.18,4.8,1.76,7.06
1379,22.9833,7.0,34.698,-0.014,1.0145,4.63,-4.23,-0.6,8.369,0.0,0.0,-0.0,0.0,0.0,0.0,7.04,8.15,4.35,13.94
1380,23.0,7.0,34.711,-0.014,1.0174,4.44,-4.15,-0.82,8.479,0.0,0.0,-0.0,0.0,0.0,0.0,7.05,13.7,6.08,7.09
1381,23.0167,7.0,34.715,-0.009,1.0211,4.04,-4.3,-1.34,6.946,0.0,0.0,-0.0,0.0,0.0,0.0,6.93,6.95,6.93,6.98
1382,23.0333,7.0,34.72,-0.005,1.0237,3.46,-4.54,-1.6,5.136,0.0,0.0,-0.0,0.0,0.0,0.0,7.22,2.71,3.46,7.16
1383,23.05,7.0,34.724,-0.005,1.0288,2.49,-4.67,-1.25,5.717,0.0,0.0,-0.0,0.0,0.0,0.0,6.91,4.16,4.87,6.93
1384,23.0667,7.0,34.73,-0.003,1.034,2.21,-4.95,-1.21,7.769,0.0,0.0,-0.0,0.0,0.0,0.0,7.0,7.18,10.2,6.69
1385,23.0833,7.0,34.737,-0.002,1.0388,2.02,-5.36,-1.24,6.474,0.0,0.0,-0.0,0.0,0.0,0.0,7.06,4.88,6.99,6.97
1386,23.1,7.0,34.745,-0.001,1.0433,1.91,-5.86,-1.26,6.889,0.0,0.0,-0.0,0.0,0.0,0.0,6.99,7.74,5.82,7.0
1387,23.1167,7.0,34.754,-0.001,1.0474,1.84,-6.45,-1.22,7.357,0.0,0.0,-0.0,0.0,0.0,0.0,6.96,8.2,7.29,6.97
1388,23.1333,7.0,34.763,-0.002,1.05,1.84,-7.09,-1.2,6.093,0.0,0.0,-0.0,0.0,0.0,0.0,6.98,4.26,6.2,6.94
1389,23.15,7.0,34.773,-0.003,1.0537,2.02,-7.45,-1.14,6.952,0.0,0.0,-0.0,0.0,0.0,0.0,7.24,6.27,7.3,7.0
1390,23.1667,7.0,34.784,-0.005,1.0571,2.24,-7.92,-1.15,6.475,0.0,0.0,-0.0,0.0,0.0,0.0,6.97,4.89,7.05,6.99
1391,23.1833,7.0,34.795,-0.007,1.0591,2.52,-8.41,-1.15,6.616,0.0,0.0,-0.0,0.0,0.0,0.0,7.07,5.01,7.43,6.96
1392,23.2,7.0,34.807,-0.009,1.0597,2.84,-8.97,-1.16,6.819,0.0,0.0,-0.0,0.0,0.0,0.0,6.96,6.63,6.71,6.97
1393,23.2167,7.0,34.819,-0.012,1.0607,3.23,-9.35,-1.13,6.739,0.0,0.0,-0.0,0.0,0.0,0.0,7.13,6.5,6.24,7.08
1394,23.2333,7.0,34.831,-0.016,1.0614,3.77,-9.75,-1.18,8.172,0.0,0.0,-0.0,0.0,0.0,0.0,6.91,6.83,12.02,6.92
1395,23.25,7.0,34.845,-0.019,1.0605,4.32,-10.13,-1.18,5.933,0.0,0.0,-0.0,0.0,0.0,0.0,7.05,4.59,5.09,7.01
1396,23.2667,7.0,34.858,-0.02,1.0615,4.47,-10.32,-1.18,6.063,0.0,0.0,-0.0,0.0,0.0,0.0,6.87,6.91,5.5,4.97
1397,23.2833,7.0,34.872,-0.021,1.0616,4.44,-10.37,-1.14,6.828,0.0,0.0,-0.0,0.0,0.0,0.0,7.0,7.0,7.31,6.0
1398,23.3,7.0,34.887,-0.021,1.0614,4.5,-10.34,-1.1,6.747,0.0,0.0,-0.0,0.0,0.0,0.0,7.01,5.85,7.13,7.01
1399,23.3167,7.0,34.902,-0.022,1.0606,4.51,-10.22,-1.11,5.739,0.0,0.0,-0.0,0.0,0.0,0.0,7.21,7.19,2.92,5.64
1400,23.3333,7.0,34.918,-0.021,1.061,4.31,-10.25,-1.06,7.058,0.0,0.0,-0.0,0.0,0.0,0.0,7.14,7.57,6.43,7.08
1401,23.35,7.0,34.933,-0.02,1.0622,4.36,-10.27,-1.07,7.001,0.0,0.0,-0.0,0.0,0.0,0.0,7.0,7.0,7.0,7.0
1402,23.3667,7.0,34.948,-0.02,1.061,4.38,-10.35,-1.05,6.574,0.0,0.0,-0.0,0.0,0.0,0.0,6.94,5.34,7.01,7.01
1403,23.3833,7.0,34.963,-0.02,1.0605,4.35,-10.34,-1.05,6.799,0.0,0.0,-0.0,0.0,0.0,0.0,7.17,5.38,6.9,7.74
1404,23.4,7.0,34.979,-0.02,1.0619,4.39,-10.32,-0.98,6.828,0.0,0.0,-0.0,0.0,0.0,0.0,7.0,6.57,6.73,7.01
1405,23.4167,7.0,34.995,-0.021,1.0615,4.46,-10.36,-1.01,6.802,0.0,0.0,-0.0,0.0,0.0,0.0,6.99,6.24,6.99,6.99
1406,23.4333,7.0,35.011,-0.021,1.06,4.39,-10.25,-1.07,6.014,0.0,0.0,-0.0,0.0,0.0,0.0,7.11,7.1,3.32,6.52
1407,23.45,7.0,35.026,-0.02,1.0613,4.19,-10.19,-1.0,6.521,0.0,0.0,-0.0,0.0,0.0,0.0,7.08,5.36,6.58,7.06
1408,23.4667,7.0,35.042,-0.019,1.0619,4.13,-10.1,-0.93,6.652,0.0,0.0,-0.0,0.0,0.0,0.0,7.02,6.22,6.41,6.95
1409,23.4833,7.0,35.059,-0.019,1.0609,4.1,-10.02,-0.88,6.792,0.0,0.0,-0.0,0.0,0.0,0.0,7.0,6.15,7.0,7.0
1410,23.5,7.0,35.075,-0.018,1.06,4.02,-10.19,-0.84,7.287,0.0,0.0,-0.0,0.0,0.0,0.0,7.0,7.84,7.29,7.01
1411,23.5167,7.0,35.089,-0.017,1.0612,3.5,-9.72,-1.02,6.059,0.0,0.0,-0.0,0.0,0.0,0.0,7.02,4.79,7.52,4.9
1412,23.5333,7.0,35.104,-0.015,1.0624,2.88,-9.19,-1.31,5.562,0.0,0.0,-0.0,0.0,0.0,0.0,6.84,5.7,6.87,2.83
1413,23.55,7.0,35.118,-0.014,1.0638,2.57,-8.46,-1.48,4.129,0.0,0.0,-0.0,0.0,0.0,0.0,7.04,4.25,-1.58,6.81
1414,23.5667,7.0,35.133,-0.014,1.0678,2.4,-7.91,-1.39,5.735,0.0,0.0,-0.0,0.0,0.0,0.0,6.89,4.21,4.9,6.94
1415,23.5833,7.0,35.148,-0.014,1.0711,2.35,-7.49,-1.33,6.748,0.0,0.0,-0.0,0.0,0.0,0.0,6.97,5.04,7.97,7.01
1416,23.6,7.0,35.164,-0.014,1.0735,2.28,-7.1,-1.31,6.834,0.0,0.0,-0.0,0.0,0.0,0.0,7.01,7.3,7.01,6.02
1417,23.6167,7.0,35.181,-0.014,1.0755,2.14,-6.79,-1.26,6.7,0.0,0.0,-0.0,0.0,0.0,0.0,7.0,6.24,6.42,7.13
1418,23.6333,7.0,35.198,-0.013,1.0767,2.04,-6.6,-1.24,6.524,0.0,0.0,-0.0,0.0,0.0,0.0,7.02,6.46,5.83,6.79
1419,23.65,7.0,35.205,-0.009,1.0793,1.72,-6.22,-1.88,5.036,0.0,0.0,-0.0,0.0,0.0,0.0,7.06,7.03,-0.98,7.04
1420,23.6667,7.0,35.208,-0.0,1.0804,1.83,-5.89,-2.21,6.785,0.0,0.0,-0.0,0.0,0.0,0.0,6.96,6.98,6.22,6.97
1421,23.6833,7.0,35.21,0.008,1.0804,1.48,-6.03,-2.69,3.679,0.0,0.0,-0.0,0.0,0.0,0.0,7.08,7.22,-6.67,7.09
1422,23.7,7.0,35.212,0.012,1.0826,0.53,-6.17,-2.8,5.041,0.0,0.0,-0.0,0.0,0.0,0.0,7.21,0.25,5.65,7.05
1423,23.7167,7.0,35.216,0.016,1.0872,-0.07,-6.37,-2.94,6.5,0.0,0.0,-0.0,0.0,0.0,0.0,6.86,2.82,9.38,6.93
1424,23.7333,7.0,35.22,0.018,1.0932,-0.58,-6.69,-2.99,5.959,0.0,0.0,-0.0,0.0,0.0,0.0,7.05,3.61,6.16,7.02
1425,23.75,7.0,35.225,0.02,1.0998,-0.9,-7.15,-2.98,6.159,0.0,0.0,-0.0,0.0,0.0,0.0,6.94,4.02,6.69,6.99
1426,23.7667,7.0,35.231,0.021,1.1055,-1.07,-7.68,-2.95,6.344,0.0,0.0,-0.0,0.0,0.0,0.0,6.96,4.52,6.91,6.99
1427,23.7833,7.0,35.237,0.021,1.1107,-1.14,-8.29,-2.93,7.189,0.0,0.0,-0.0,0.0,0.0,0.0,6.99,5.09,9.69,6.99
1428,23.8,7.0,35.245,0.021,1.1151,-1.11,-9.03,-2.89,6.999,0.0,0.0,-0.0,0.0,0.0,0.0,7.04,6.54,7.37,7.05
1429,23.8167,7.0,35.253,0.02,1.1183,-1.05,-9.82,-2.84,7.406,0.0,0.0,-0.0,0.0,0.0,0.0,6.98,8.2,7.41,7.03
1430,23.8333,7.0,35.261,0.018,1.122,-0.79,-10.4,-2.75,6.388,0.0,0.0,-0.0,0.0,0.0,0.0,6.97,4.36,7.25,6.97
1431,23.85,7.0,35.27,0.016,1.125,-0.48,-11.05,-2.68,6.614,0.0,0.0,-0.0,0.0,0.0,0.0,6.96,5.83,6.69,6.98
1432,23.8667,7.0,35.28,0.013,1.1271,-0.1,-11.73,-2.63,9.197,0.0,0.0,-0.0,0.0,0.0,0.0,6.77,8.26,14.95,6.81
1433,23.8833,7.0,35.29,0.01,1.128,0.28,-12.36,-2.59,7.426,0.0,0.0,-0.0,0.0,0.0,0.0,6.96,8.76,7.01,6.97
1434,23.9,7.0,35.301,0.006,1.1295,0.82,-12.9,-2.59,6.359,0.0,0.0,-0.0,0.0,0.0,0.0,6.95,5.9,5.64,6.96
1435,23.9167,7.0,35.312,0.001,1.1307,1.37,-13.44,-2.55,6.752,0.0,0.0,-0.0,0.0,0.0,0.0,6.93,6.17,6.96,6.95
1436,23.9333,7.0,35.324,-0.003,1.1306,1.94,-14.05,-2.51,7.355,0.0,0.0,-0.0,0.0,0.0,0.0,6.87,6.19,9.44,6.91
1437,23.95,7.0,35.336,-0.006,1.1306,2.22,-14.19,-2.6,6.581,0.0,0.0,-0.0,0.0,0.0,0.0,6.95,7.0,7.0,5.37
1438,23.9667,7.0,35.35,-0.009,1.1316,2.51,-14.49,-2.57,6.793,0.0,0.0,-0.0,0.0,0.0,0.0,7.06,6.8,6.36,6.95
1439,23.9833,7.0,35.364,-0.009,1.1351,2.34,-14.36,-2.72,6.786,0.0,0.0,-0.0,0.0,0.0,0.0,6.98,6.98,7.0,6.18
1440,24.0,7.0,35.378,-0.01,1.1354,2.25,-14.53,-2.78,6.861,0.0,0.0,-0.0,0.0,0.0,0.0,7.0,7.0,7.0,6.43
1441,24.0167,7.0,35.393,-0.011,1.134,2.16,-14.68,-2.83,6.041,0.0,0.0,-0.0,0.0,0.0,0.0,6.84,5.55,7.07,4.7
1442,24.0333,7.0,35.408,-0.012,1.1334,2.19,-14.31,-2.74,6.579,0.0,0.0,-0.0,0.0,0.0,0.0,6.97,6.98,6.97,5.39
1443,24.05,7.0,35.424,-0.011,1.1322,2.04,-14.15,-2.66,6.714,0.0,0.0,-0.0,0.0,0.0,0.0,6.99,7.0,6.44,6.42
1444,24.0667,7.0,35.441,-0.011,1.1295,1.85,-14.11,-2.62,6.855,0.0,0.0,-0.0,0.0,0.0,0.0,6.77,1.39,6.88,12.38
1445,24.0833,7.0,35.457,-0.012,1.1286,1.97,-13.75,-2.52,6.342,0.0,0.0,-0.0,0.0,0.0,0.0,6.96,5.48,5.97,6.96
1446,24.1,7.0,35.473,-0.012,1.1323,1.9,-14.02,-2.44,6.57,0.0,0.0,-0.0,0.0,0.0,0.0,7.0,5.47,6.84,6.98
1447,24.1167,7.0,35.489,-0.013,1.1315,1.96,-14.11,-2.38,6.717,0.0,0.0,-0.0,0.0,0.0,0.0,7.01,5.87,7.0,6.99
1448,24.1333,7.0,35.505,-0.014,1.1302,1.96,-14.23,-2.31,7.365,0.0,0.0,-0.0,0.0,0.0,0.0,6.6,9.84,6.42,6.59
1449,24.15,7.0,35.519,-0.015,1.1325,2.02,-14.29,-2.32,6.264,0.0,0.0,-0.0,0.0,0.0,0.0,7.02,6.18,7.03,4.83
1450,24.1667,7.0,35.534,-0.016,1.1332,2.01,-14.37,-2.39,6.757,0.0,0.0,-0.0,0.0,0.0,0.0,7.0,7.01,7.01,6.01
1451,24.1833,7.0,35.548,-0.018,1.1342,1.86,-13.77,-2.54,5.457,0.0,0.0,-0.0,0.0,0.0,0.0,6.94,4.71,7.07,3.11
1452,24.2,7.0,35.558,-0.017,1.1378,1.46,-12.88,-2.34,5.425,0.0,0.0,-0.0,0.0,0.0,0.0,6.98,6.95,2.95,4.81
1453,24.2167,7.0,35.569,-0.015,1.142,1.05,-12.25,-2.27,7.197,0.0,0.0,-0.0,0.0,0.0,0.0,6.93,4.94,7.18,9.73
1454,24.2333,7.0,35.58,-0.013,1.1461,0.84,-11.65,-2.21,8.232,0.0,0.0,-0.0,0.0,0.0,0.0,7.04,1.93,7.13,16.84
1455,24.25,7.0,35.591,-0.013,1.1494,0.65,-11.04,-2.13,7.238,0.0,0.0,-0.0,0.0,0.0,0.0,7.01,12.03,7.01,2.9
1456,24.2667,7.0,35.603,-0.012,1.1529,0.46,-10.45,-2.1,15.77,0.0,0.0,-0.0,0.0,0.0,0.0,6.96,1.32,31.96,22.84
1457,24.2833,7.0,35.615,-0.011,1.1559,0.3,-9.92,-2.14,10.151,0.0,0.0,-0.0,0.0,0.0,0.0,7.21,14.26,4.82,14.31
1458,24.3,7.0,35.629,-0.011,1.1586,0.14,-9.41,-2.17,6.274,0.0,0.0,-0.0,0.0,0.0,0.0,7.02,6.26,7.04,4.79
1459,24.3167,7.0,35.643,-0.01,1.161,-0.12,-9.01,-2.11,5.373,0.0,0.0,-0.0,0.0,0.0,0.0,7.05,7.11,0.89,6.44
1460,24.3333,7.0,35.657,-0.008,1.1633,-0.48,-8.73,-2.05,6.41,0.0,0.0,-0.0,0.0,0.0,0.0,7.0,6.96,7.01,4.67
1461,24.35,7.0,35.673,-0.007,1.1645,-0.74,-8.42,-1.93,6.187,0.0,0.0,-0.0,0.0,0.0,0.0,6.99,3.74,7.01,7.01
1462,24.3667,7.0,35.689,-0.005,1.1645,-0.95,-8.14,-1.84,6.717,0.0,0.0,-0.0,0.0,0.0,0.0,7.0,7.04,7.01,5.82
1463,24.3833,7.0,35.706,-0.004,1.1642,-1.2,-7.97,-1.8,6.873,0.0,0.0,-0.0,0.0,0.0,0.0,6.95,6.7,6.83,7.01
1464,24.4,7.0,35.712,-0.003,1.1699,-1.99,-7.81,-2.35,6.896,0.0,0.0,-0.0,0.0,0.0,0.0,7.03,9.76,3.75,7.04
1465,24.4167,7.0,35.716,0.003,1.175,-2.47,-8.07,-2.4,8.376,0.0,0.0,-0.0,0.0,0.0,0.0,6.54,4.01,16.23,6.72
1466,24.4333,7.0,35.721,0.006,1.1818,-2.94,-8.47,-2.27,6.339,0.0,0.0,-0.0,0.0,0.0,0.0,6.95,4.24,7.24,6.92
1467,24.45,7.0,35.727,0.008,1.1878,-3.26,-9.05,-2.12,6.457,0.0,0.0,-0.0,0.0,0.0,0.0,6.98,4.47,7.43,6.95
1468,24.4667,7.0,35.733,0.01,1.193,-3.48,-9.66,-2.0,8.322,0.0,0.0,-0.0,0.0,0.0,0.0,7.02,12.1,7.08,7.09
1469,24.4833,7.0,35.741,0.011,1.1966,-3.62,-10.29,-1.92,6.316,0.0,0.0,-0.0,0.0,0.0,0.0,6.99,5.24,6.06,6.97
1470,24.5,7.0,35.749,0.011,1.2015,-3.54,-10.77,-1.81,6.847,0.0,0.0,-0.0,0.0,0.0,0.0,6.96,5.3,8.16,6.97
1471,24.5167,7.0,35.759,0.01,1.2053,-3.39,-11.36,-1.72,6.738,0.0,0.0,-0.0,0.0,0.0,0.0,6.97,5.73,7.25,6.99
1472,24.5333,7.0,35.769,0.008,1.2079,-3.18,-11.98,-1.65,6.773,0.0,0.0,-0.0,0.0,0.0,0.0,6.99,6.13,7.08,6.89
1473,24.55,7.0,35.779,0.006,1.2092,-2.92,-12.66,-1.6,6.813,0.0,0.0,-0.0,0.0,0.0,0.0,6.91,5.52,7.89,6.94
1474,24.5667,7.0,35.789,0.004,1.2105,-2.56,-13.23,-1.54,6.299,0.0,0.0,-0.0,0.0,0.0,0.0,6.98,5.35,5.9,6.97
1475,24.5833,7.0,35.801,-0.0,1.2118,-2.06,-13.74,-1.5,7.74,0.0,0.0,-0.0,0.0,0.0,0.0,6.88,6.26,10.86,6.97
1476,24.6,7.0,35.812,-0.004,1.2121,-1.5,-14.34,-1.41,6.753,0.0,0.0,-0.0,0.0,0.0,0.0,6.91,6.56,6.61,6.93
1477,24.6167,7.0,35.824,-0.007,1.2117,-1.09,-14.68,-1.38,6.387,0.0,0.0,-0.0,0.0,0.0,0.0,6.94,6.96,6.45,5.2
1478,24.6333,7.0,35.837,-0.008,1.213,-0.96,-14.66,-1.38,6.585,0.0,0.0,-0.0,0.0,0.0,0.0,7.03,7.02,7.02,5.28
1479,24.65,7.0,35.851,-0.009,1.213,-0.91,-14.7,-1.32,6.747,0.0,0.0,-0.0,0.0,0.0,0.0,7.01,7.01,7.02,5.95
1480,24.6667,7.0,35.865,-0.009,1.212,-1.02,-14.64,-1.28,6.112,0.0,0.0,-0.0,0.0,0.0,0.0,7.09,7.08,5.08,5.2
1481,24.6833,7.0,35.881,-0.008,1.2105,-1.25,-14.53,-1.23,6.697,0.0,0.0,-0.0,0.0,0.0,0.0,7.02,7.01,7.07,5.68
1482,24.7,7.0,35.896,-0.007,1.2118,-1.35,-14.5,-1.21,6.655,0.0,0.0,-0.0,0.0,0.0,0.0,6.99,6.26,6.38,6.99
1483,24.7167,7.0,35.911,-0.007,1.2121,-1.33,-14.52,-1.15,7.373,0.0,0.0,-0.0,0.0,0.0,0.0,7.0,8.51,7.0,6.98
1484,24.7333,7.0,35.927,-0.008,1.2104,-1.3,-14.52,-1.09,7.716,0.0,0.0,-0.0,0.0,0.0,0.0,6.96,11.59,6.8,5.51
1485,24.75,7.0,35.943,-0.007,1.2086,-1.43,-14.43,-1.09,8.867,0.0,0.0,-0.0,0.0,0.0,0.0,6.88,7.85,6.39,14.34
1486,24.7667,7.0,35.958,-0.008,1.2123,-1.37,-14.46,-1.08,6.979,0.0,0.0,-0.0,0.0,0.0,0.0,7.01,6.81,7.08,7.02
1487,24.7833,7.0,35.974,-0.008,1.2119,-1.32,-14.57,-1.05,7.383,0.0,0.0,-0.0,0.0,0.0,0.0,7.07,8.41,7.02,7.03
1488,24.8,7.0,35.99,-0.008,1.21,-1.36,-14.51,-1.03,6.614,0.0,0.0,-0.0,0.0,0.0,0.0,7.01,7.03,7.0,5.42
1489,24.8167,7.0,36.005,-0.008,1.2118,-1.38,-14.49,-1.0,6.825,0.0,0.0,-0.0,0.0,0.0,0.0,6.99,6.66,6.64,7.0
1490,24.8333,7.0,36.021,-0.009,1.2122,-1.3,-14.54,-0.97,7.445,0.0,0.0,-0.0,0.0,0.0,0.0,6.98,8.84,6.98,6.98
1491,24.85,7.0,36.035,-0.01,1.2112,-1.55,-14.16,-1.06,7.349,0.0,0.0,-0.0,0.0,0.0,0.0,8.33,8.24,3.58,9.24
1492,24.8667,7.0,36.044,-0.008,1.2154,-2.0,-13.32,-0.95,3.838,0.0,0.0,-0.0,0.0,0.0,0.0,6.98,1.53,1.92,4.92
1493,24.8833,7.0,36.052,-0.005,1.2196,-2.59,-12.8,-0.93,8.067,0.0,0.0,-0.0,0.0,0.0,0.0,6.9,6.97,8.58,9.83
1494,24.9,7.0,36.059,-0.001,1.2218,-2.98,-12.24,-0.89,11.3,0.0,0.0,-0.0,0.0,0.0,0.0,7.21,7.28,6.69,24.01
1495,24.9167,7.0,36.066,0.002,1.2235,-3.3,-11.59,-0.78,6.479,0.0,0.0,-0.0,0.0,0.0,0.0,6.97,1.62,10.23,7.1
1496,24.9333,7.0,36.074,0.003,1.2259,-3.66,-11.1,-0.68,4.063,0.0,0.0,-0.0,0.0,0.0,0.0,7.42,-1.48,8.26,2.06
1497,24.95,7.0,36.081,0.004,1.2293,-3.83,-10.61,-0.68,3.1,0.0,0.0,-0.0,0.0,0.0,0.0,7.14,3.49,2.17,-0.4
1498,24.9667,7.0,36.09,0.006,1.2331,-4.01,-10.17,-0.7,12.44,0.0,0.0,-0.0,0.0,0.0,0.0,6.42,-1.21,29.01,15.54
1499,24.9833,7.0,36.098,0.007,1.2355,-4.17,-9.67,-0.7,3.299,0.0,0.0,-0.0,0.0,0.0,0.0,7.01,6.93,-2.86,2.12
1500,25.0,7.0,36.107,0.008,1.2374,-4.32,-9.17,-0.66,6.064,0.0,0.0,-0.0,0.0,0.0,0.0,7.22,3.81,6.89,6.34
1501,25.0167,7.0,36.117,0.009,1.2412,-4.43,-8.76,-0.67,11.071,0.0,0.0,-0.0,0.0,0.0,0.0,6.05,3.15,23.28,11.8
1502,25.0333,7.0,36.128,0.01,1.2446,-4.55,-8.38,-0.65,10.786,0.0,0.0,-0.0,0.0,0.0,0.0,6.83,18.83,12.79,4.69
1503,25.05,7.0,36.139,0.012,1.2469,-4.69,-7.97,-0.65,11.623,0.0,0.0,-0.0,0.0,0.0,0.0,7.86,27.56,6.82,4.25
1504,25.0667,7.0,36.151,0.013,1.2484,-4.86,-7.58,-0.55,7.064,0.0,0.0,-0.0,0.0,0.0,0.0,7.14,5.38,4.97,10.75
1505,25.0833,7.0,36.164,0.013,1.251,-4.87,-7.33,-0.57,8.026,0.0,0.0,-0.0,0.0,0.0,0.0,6.47,3.84,27.76,-5.97
1506,25.1,7.0,36.178,0.014,1.2524,-4.99,-7.07,-0.61,6.924,0.0,0.0,-0.0,0.0,0.0,0.0,6.96,5.48,7.15,8.11
1507,25.1167,7.0,36.193,0.014,1.2538,-5.07,-6.89,-0.65,6.931,0.0,0.0,-0.0,0.0,0.0,0.0,6.97,6.05,7.01,7.69
1508,25.1333,7.0,36.209,0.014,1.2542,-5.16,-6.77,-0.65,7.518,0.0,0.0,-0.0,0.0,0.0,0.0,6.99,6.89,7.1,9.1
1509,25.15,7.0,36.226,0.015,1.2539,-5.3,-6.76,-0.63,6.896,0.0,0.0,-0.0,0.0,0.0,0.0,7.0,6.97,6.92,6.69
1510,25.1667,7.0,36.243,0.015,1.2527,-5.39,-6.54,-0.63,5.926,0.0,0.0,-0.0,0.0,0.0,0.0,7.0,6.78,2.82,7.1
1511,25.1833,7.0,36.257,0.015,1.2572,-5.54,-6.79,-0.81,7.291,0.0,0.0,-0.0,0.0,0.0,0.0,7.01,6.84,8.32,6.99
1512,25.2,7.0,36.27,0.017,1.2617,-5.65,-7.37,-0.79,7.242,0.0,0.0,-0.0,0.0,0.0,0.0,6.94,6.96,8.11,6.96
1513,25.2167,7.0,36.282,0.02,1.2639,-5.74,-7.97,-0.74,6.984,0.0,0.0,-0.0,0.0,0.0,0.0,6.97,6.96,7.02,6.98
1514,25.2333,7.0,36.294,0.022,1.2644,-5.89,-8.42,-0.56,6.828,0.0,0.0,-0.0,0.0,0.0,0.0,6.98,6.3,7.03,7.0
1515,25.25,7.0,36.307,0.021,1.2682,-5.73,-8.4,-0.45,6.785,0.0,0.0,-0.0,0.0,0.0,0.0,7.0,5.65,7.49,7.0
1516,25.2667,7.0,36.321,0.02,1.2694,-5.56,-8.67,-0.41,6.909,0.0,0.0,-0.0,0.0,0.0,0.0,6.99,6.89,6.76,6.99
1517,25.2833,7.0,36.334,0.019,1.2686,-5.35,-9.0,-0.38,6.777,0.0,0.0,-0.0,0.0,0.0,0.0,7.01,6.09,7.01,7.01
1518,25.3,7.0,36.348,0.019,1.2688,-5.45,-9.06,-0.36,6.292,0.0,0.0,-0.0,0.0,0.0,0.0,6.98,6.99,5.18,6.02
1519,25.3167,7.0,36.363,0.019,1.2711,-5.41,-8.96,-0.35,6.904,0.0,0.0,-0.0,0.0,0.0,0.0,7.05,6.71,6.84,7.02
1520,25.3333,7.0,36.379,0.018,1.2706,-5.38,-9.04,-0.32,6.862,0.0,0.0,-0.0,0.0,0.0,0.0,7.0,6.44,7.0,7.0
1521,25.35,7.0,36.395,0.017,1.2681,-5.28,-9.15,-0.28,6.865,0.0,0.0,-0.0,0.0,0.0,0.0,7.0,6.45,7.01,7.0
1522,25.3667,7.0,36.41,0.017,1.2705,-5.3,-9.04,-0.28,6.755,0.0,0.0,-0.0,0.0,0.0,0.0,7.02,7.17,6.53,6.3
1523,25.3833,7.0,36.426,0.016,1.2715,-5.18,-9.14,-0.28,6.914,0.0,0.0,-0.0,0.0,0.0,0.0,7.01,7.0,7.01,6.64
1524,25.4,7.0,36.442,0.015,1.2701,-5.11,-9.26,-0.29,6.831,0.0,0.0,-0.0,0.0,0.0,0.0,6.99,6.99,6.99,6.35
1525,25.4167,7.0,36.458,0.016,1.2697,-5.29,-9.03,-0.3,6.808,0.0,0.0,-0.0,0.0,0.0,0.0,7.1,5.15,7.21,7.77
1526,25.4333,7.0,36.474,0.017,1.2711,-5.29,-9.07,-0.06,6.688,0.0,0.0,-0.0,0.0,0.0,0.0,6.97,6.45,6.33,7.0
1527,25.45,7.0,36.491,0.018,1.2708,-5.24,-9.14,0.15,6.711,0.0,0.0,-0.0,0.0,0.0,0.0,7.04,5.68,7.07,7.06
1528,25.4667,7.0,36.507,0.019,1.2684,-5.16,-9.21,0.38,7.587,0.0,0.0,-0.0,0.0,0.0,0.0,7.11,9.48,7.06,6.69
1529,25.4833,7.0,36.524,0.02,1.27,-5.41,-9.03,0.39,7.373,0.0,0.0,-0.0,0.0,0.0,0.0,7.02,7.96,7.2,7.32
1530,25.5,7.0,36.54,0.019,1.2712,-5.23,-9.17,0.36,6.846,0.0,0.0,-0.0,0.0,0.0,0.0,7.01,6.82,7.02,6.52
1531,25.5167,7.0,36.556,0.018,1.27,-5.1,-9.3,0.31,6.78,0.0,0.0,-0.0,0.0,0.0,0.0,7.0,6.78,7.01,6.33
1532,25.5333,7.0,36.569,0.016,1.2689,-5.56,-8.56,-0.07,4.88,0.0,0.0,-0.0,0.0,0.0,0.0,7.29,7.25,1.76,3.22
1533,25.55,7.0,36.578,0.019,1.2716,-6.43,-8.0,-0.17,5.542,0.0,0.0,-0.0,0.0,0.0,0.0,6.79,8.22,2.78,4.37
1534,25.5667,7.0,36.587,0.023,1.2725,-7.18,-7.4,-0.33,6.757,0.0,0.0,-0.0,0.0,0.0,0.0,6.81,6.86,8.98,4.38
1535,25.5833,7.0,36.595,0.027,1.2749,-7.72,-6.65,-0.38,12.875,0.0,0.0,-0.0,0.0,0.0,0.0,6.61,3.17,23.08,18.64
1536,25.6,7.0,36.604,0.03,1.278,-8.09,-6.03,-0.36,4.842,0.0,0.0,-0.0,0.0,0.0,0.0,6.95,4.18,0.85,7.39
1537,25.6167,7.0,36.613,0.032,1.2808,-8.29,-5.54,-0.33,4.288,0.0,0.0,-0.0,0.0,0.0,0.0,7.63,-8.35,12.44,5.42
1538,25.6333,7.0,36.622,0.033,1.2843,-8.27,-5.11,-0.33,7.267,0.0,0.0,-0.0,0.0,0.0,0.0,7.43,7.53,8.11,5.99
1539,25.65,7.0,36.633,0.033,1.2875,-8.23,-4.73,-0.31,7.553,0.0,0.0,-0.0,0.0,0.0,0.0,6.87,5.17,10.74,7.43
1540,25.6667,7.0,36.644,0.034,1.29,-8.31,-4.25,-0.38,5.743,0.0,0.0,-0.0,0.0,0.0,0.0,7.02,5.57,7.03,3.35
1541,25.6833,7.0,36.656,0.034,1.2928,-8.38,-3.78,-0.42,13.039,0.0,0.0,-0.0,0.0,0.0,0.0,6.32,2.15,25.5,18.18
1542,25.7,7.0,36.668,0.035,1.2958,-8.47,-3.52,-0.51,9.881,0.0,0.0,-0.0,0.0,0.0,0.0,7.39,16.0,10.41,5.73
1543,25.7167,7.0,36.682,0.035,1.2982,-8.56,-3.16,-0.52,6.612,0.0,0.0,-0.0,0.0,0.0,0.0,6.99,4.98,7.49,6.98
1544,25.7333,7.0,36.697,0.036,1.2993,-8.66,-2.8,-0.54,6.715,0.0,0.0,-0.0,0.0,0.0,0.0,7.01,5.4,6.99,7.46
1545,25.75,7.0,36.713,0.036,1.2997,-8.72,-2.44,-0.55,6.787,0.0,0.0,-0.0,0.0,0.0,0.0,7.11,5.87,7.08,7.09
1546,25.7667,7.0,36.729,0.037,1.3022,-8.82,-2.46,-0.56,6.74,0.0,0.0,-0.0,0.0,0.0,0.0,7.0,6.23,6.74,7.0
1547,25.7833,7.0,36.746,0.037,1.3019,-8.89,-2.37,-0.57,6.816,0.0,0.0,-0.0,0.0,0.0,0.0,7.03,7.03,6.92,6.28
1548,25.8,7.0,36.762,0.038,1.2999,-9.15,-2.19,-0.62,6.941,0.0,0.0,-0.0,0.0,0.0,0.0,6.98,6.76,6.98,7.04
1549,25.8167,7.0,36.778,0.039,1.3019,-9.33,-2.07,-0.63,6.503,0.0,0.0,-0.0,0.0,0.0,0.0,6.98,5.53,6.5,7.0
1550,25.8333,7.0,36.795,0.04,1.302,-9.38,-1.96,-0.64,6.572,0.0,0.0,-0.0,0.0,0.0,0.0,7.04,6.26,6.01,6.98
1551,25.85,7.0,36.812,0.04,1.3005,-9.45,-1.89,-0.65,6.876,0.0,0.0,-0.0,0.0,0.0,0.0,7.02,6.4,7.09,7.0
1552,25.8667,7.0,36.828,0.04,1.2994,-9.63,-2.08,-0.65,7.427,0.0,0.0,-0.0,0.0,0.0,0.0,7.08,8.0,7.56,7.07
1553,25.8833,7.0,36.844,0.04,1.302,-9.55,-1.87,-0.64,6.794,0.0,0.0,-0.0,0.0,0.0,0.0,7.01,6.65,6.5,7.02
1554,25.9,7.0,36.861,0.039,1.3015,-9.44,-1.88,-0.63,6.926,0.0,0.0,-0.0,0.0,0.0,0.0,7.02,6.81,6.91,6.96
1555,25.9167,7.0,36.878,0.038,1.2991,-9.37,-1.91,-0.64,6.89,0.0,0.0,-0.0,0.0,0.0,0.0,7.0,6.61,6.94,7.0
1556,25.9333,7.0,36.893,0.038,1.302,-9.32,-2.07,-0.63,6.973,0.0,0.0,-0.0,0.0,0.0,0.0,7.01,6.2,6.52,8.16
1557,25.95,7.0,36.909,0.037,1.302,-9.18,-2.12,-0.53,7.341,0.0,0.0,-0.0,0.0,0.0,0.0,6.98,8.37,6.95,7.07
1558,25.9667,7.0,36.925,0.035,1.3003,-9.06,-2.16,-0.54,6.794,0.0,0.0,-0.0,0.0,0.0,0.0,7.1,7.93,5.96,6.19
1559,25.9833,7.0,36.941,0.036,1.2994,-9.3,-2.35,-0.53,6.626,0.0,0.0,-0.0,0.0,0.0,0.0,7.07,7.28,7.03,5.12
1560,26.0,7.0,36.957,0.035,1.3018,-9.2,-2.19,-0.53,6.944,0.0,0.0,-0.0,0.0,0.0,0.0,7.0,7.53,5.91,7.33
1561,26.0167,7.0,36.973,0.034,1.3014,-9.1,-2.21,-0.51,6.758,0.0,0.0,-0.0,0.0,0.0,0.0,6.92,6.17,6.96,6.98
1562,26.0333,7.0,36.989,0.033,1.2993,-9.12,-2.1,-0.5,6.887,0.0,0.0,-0.0,0.0,0.0,0.0,7.01,7.01,7.07,6.46
1563,26.05,7.0,37.005,0.034,1.3018,-9.19,-2.16,-0.49,6.864,0.0,0.0,-0.0,0.0,0.0,0.0,7.02,6.32,7.49,6.63
1564,26.0667,7.0,37.021,0.033,1.3021,-9.16,-2.16,-0.44,7.193,0.0,0.0,-0.0,0.0,0.0,0.0,7.11,8.08,6.47,7.12
1565,26.0833,7.0,37.037,0.032,1.3016,-9.17,-2.25,-0.37,7.036,0.0,0.0,-0.0,0.0,0.0,0.0,6.99,6.84,7.28,7.03
1566,26.1,7.0,37.053,0.033,1.3,-9.27,-2.31,-0.37,6.8,0.0,0.0,-0.0,0.0,0.0,0.0,6.94,7.08,6.46,6.72
1567,26.1167,7.0,37.069,0.033,1.302,-9.34,-2.04,-0.39,6.813,0.0,0.0,-0.0,0.0,0.0,0.0,6.99,7.0,6.29,6.98
1568,26.1333,7.0,37.086,0.033,1.3016,-9.37,-1.95,-0.38,6.802,0.0,0.0,-0.0,0.0,0.0,0.0,7.0,6.16,7.02,7.03
1569,26.15,7.0,37.103,0.034,1.3007,-9.45,-2.03,-0.37,7.026,0.0,0.0,-0.0,0.0,0.0,0.0,6.82,8.16,6.22,6.9
1570,26.1667,7.0,37.12,0.034,1.2991,-9.56,-2.25,-0.36,7.35,0.0,0.0,-0.0,0.0,0.0,0.0,7.04,8.25,7.08,7.04
1571,26.1833,7.0,37.136,0.032,1.3018,-9.38,-1.96,-0.31,6.845,0.0,0.0,-0.0,0.0,0.0,0.0,7.04,6.8,6.51,7.04
1572,26.2,7.0,37.153,0.032,1.301,-9.48,-1.79,-0.36,6.288,0.0,0.0,-0.0,0.0,0.0,0.0,7.14,7.15,7.1,3.77
1573,26.2167,7.0,37.168,0.034,1.3025,-10.04,-1.33,-0.42,6.345,0.0,0.0,-0.0,0.0,0.0,0.0,6.9,6.97,5.44,6.07
1574,26.2333,7.0,37.184,0.038,1.304,-10.47,-0.86,-0.52,6.562,0.0,0.0,-0.0,0.0,0.0,0.0,7.02,5.12,7.17,6.94
1575,26.25,7.0,37.2,0.04,1.3058,-10.7,-0.37,-0.58,6.559,0.0,0.0,-0.0,0.0,0.0,0.0,6.96,5.38,6.97,6.93
1576,26.2667,7.0,37.216,0.042,1.3062,-10.84,0.07,-0.6,6.709,0.0,0.0,-0.0,0.0,0.0,0.0,6.99,5.85,7.0,6.99
1577,26.2833,7.0,37.232,0.041,1.3089,-10.71,-0.05,-0.6,6.464,0.0,0.0,-0.0,0.0,0.0,0.0,5.46,7.09,6.28,7.03
1578,26.3,7.0,37.249,0.041,1.3088,-10.67,0.06,-0.62,6.968,0.0,0.0,-0.0,0.0,0.0,0.0,7.0,6.62,7.79,6.46
1579,26.3167,7.0,37.266,0.041,1.3071,-10.77,0.2,-0.64,6.475,0.0,0.0,-0.0,0.0,0.0,0.0,7.13,5.75,7.07,5.95
1580,26.3333,7.0,37.283,0.041,1.3057,-10.8,0.1,-0.63,7.111,0.0,0.0,-0.0,0.0,0.0,0.0,7.4,6.99,6.94,7.12
1581,26.35,7.0,37.3,0.039,1.3053,-10.66,0.43,-0.63,6.55,0.0,0.0,-0.0,0.0,0.0,0.0,7.02,6.3,5.9,6.98
1582,26.3667,7.0,37.317,0.038,1.3037,-10.71,0.72,-0.7,6.748,0.0,0.0,-0.0,0.0,0.0,0.0,7.02,6.72,7.02,6.24
1583,26.3833,7.0,37.335,0.037,1.3002,-10.73,1.03,-0.8,6.612,0.0,0.0,-0.0,0.0,0.0,0.0,6.97,6.64,6.97,5.86
1584,26.4,7.0,37.353,0.037,1.2946,-10.85,1.29,-0.87,6.833,0.0,0.0,-0.0,0.0,0.0,0.0,7.0,6.96,7.01,6.37
1585,26.4167,7.0,37.372,0.035,1.291,-10.73,2.33,-0.84,7.014,0.0,0.0,-0.0,0.0,0.0,0.0,6.94,7.3,6.96,6.85
1586,26.4333,7.0,37.392,0.035,1.289,-10.61,2.64,-0.88,7.041,0.0,0.0,-0.0,0.0,0.0,0.0,6.78,6.94,6.99,7.45
1587,26.45,7.0,37.41,0.033,1.2881,-10.4,2.6,-0.95,7.012,0.0,0.0,-0.0,0.0,0.0,0.0,6.99,6.99,7.0,7.08
1588,26.4667,7.0,37.429,0.031,1.285,-10.17,2.66,-0.95,6.337,0.0,0.0,-0.0,0.0,0.0,0.0,6.9,4.13,7.17,7.15
1589,26.4833,7.0,37.448,0.031,1.2862,-10.27,3.33,-0.95,7.252,0.0,0.0,-0.0,0.0,0.0,0.0,6.58,7.26,6.82,8.35
1590,26.5,7.0,37.466,0.029,1.2887,-9.97,3.05,-0.98,6.95,0.0,0.0,-0.0,0.0,0.0,0.0,9.1,7.22,9.15,2.32
1591,26.5167,7.0,37.483,0.029,1.2871,-10.0,2.78,-0.78,7.633,0.0,0.0,-0.0,0.0,0.0,0.0,6.97,6.98,9.64,6.94
1592,26.5333,7.0,37.501,0.031,1.2871,-10.47,3.0,-0.85,7.152,0.0,0.0,-0.0,0.0,0.0,0.0,6.88,6.99,6.95,7.78
1593,26.55,7.0,37.517,0.032,1.2892,-10.55,2.7,-0.83,7.08,0.0,0.0,-0.0,0.0,0.0,0.0,7.32,6.88,6.87,7.25
1594,26.5667,7.0,37.533,0.033,1.2887,-10.67,2.63,-0.7,6.674,0.0,0.0,-0.0,0.0,0.0,0.0,5.54,7.07,7.05,7.04
1595,26.5833,7.0,37.549,0.034,1.2874,-10.7,2.77,-0.63,6.335,0.0,0.0,-0.0,0.0,0.0,0.0,6.0,5.84,6.97,6.53
1596,26.6,7.0,37.565,0.034,1.286,-10.74,2.94,-0.68,6.875,0.0,0.0,-0.0,0.0,0.0,0.0,6.98,7.28,6.99,6.25
1597,26.6167,7.0,37.581,0.033,1.288,-10.57,2.6,-0.68,6.932,0.0,0.0,-0.0,0.0,0.0,0.0,7.18,6.94,6.98,6.62
1598,26.6333,7.0,37.597,0.032,1.2863,-10.35,2.61,-0.6,6.587,0.0,0.0,-0.0,0.0,0.0,0.0,6.95,5.44,7.01,6.95
1599,26.65,7.0,37.613,0.032,1.2866,-10.45,3.12,-0.59,4.161,0.0,0.0,-0.0,0.0,0.0,0.0,-3.83,7.11,7.23,6.13
1600,26.6667,7.0,37.63,0.031,1.2887,-10.26,2.87,-0.59,7.06,0.0,0.0,-0.0,0.0,0.0,0.0,7.41,6.98,6.98,6.87
1601,26.6833,7.0,37.646,0.03,1.2871,-10.17,2.75,-0.57,7.04,0.0,0.0,-0.0,0.0,0.0,0.0,6.96,6.97,6.98,7.25
1602,26.7,7.0,37.663,0.031,1.2872,-10.35,3.1,-0.55,6.989,0.0,0.0,-0.0,0.0,0.0,0.0,5.81,7.11,7.1,7.94
1603,26.7167,7.0,37.68,0.031,1.289,-10.38,2.84,-0.47,7.031,0.0,0.0,-0.0,0.0,0.0,0.0,7.37,7.0,7.01,6.75
1604,26.7333,7.0,37.696,0.031,1.2881,-10.38,2.68,-0.32,7.048,0.0,0.0,-0.0,0.0,0.0,0.0,7.02,7.02,7.02,7.13
1605,26.75,7.0,37.712,0.031,1.2859,-10.31,2.68,-0.25,7.788,0.0,0.0,-0.0,0.0,0.0,0.0,9.5,7.76,6.97,6.92
1606,26.7667,7.0,37.729,0.032,1.2866,-10.48,3.08,-0.23,6.676,0.0,0.0,-0.0,0.0,0.0,0.0,5.35,6.96,7.24,7.16
1607,26.7833,7.0,37.746,0.031,1.2886,-10.36,2.76,-0.27,7.15,0.0,0.0,-0.0,0.0,0.0,0.0,7.5,7.02,7.0,7.07
1608,26.8,7.0,37.762,0.031,1.2865,-10.34,2.59,-0.24,7.232,0.0,0.0,-0.0,0.0,0.0,0.0,6.98,6.98,6.99,7.98
1609,26.8167,7.0,37.779,0.033,1.2872,-10.6,2.89,-0.21,6.805,0.0,0.0,-0.0,0.0,0.0,0.0,5.93,6.72,6.92,7.65
1610,26.8333,7.0,37.796,0.034,1.2866,-10.76,2.81,-0.19,7.098,0.0,0.0,-0.0,0.0,0.0,0.0,7.98,7.5,7.02,5.89
1611,26.85,7.0,37.813,0.034,1.2841,-10.9,2.85,-0.27,6.949,0.0,0.0,-0.0,0.0,0.0,0.0,7.05,6.77,6.98,6.99
1612,26.8667,7.0,37.83,0.033,1.282,-10.72,3.45,-0.17,5.859,0.0,0.0,-0.0,0.0,0.0,0.0,5.77,6.07,7.06,4.53
1613,26.8833,7.0,37.849,0.033,1.2787,-10.75,3.87,-0.24,6.931,0.0,0.0,-0.0,0.0,0.0,0.0,6.84,7.05,7.0,6.83
1614,26.9,7.0,37.867,0.033,1.2736,-10.79,4.23,-0.28,6.717,0.0,0.0,-0.0,0.0,0.0,0.0,6.95,5.8,7.02,7.1
1615,26.9167,7.0,37.886,0.032,1.2664,-10.81,4.58,-0.29,6.69,0.0,0.0,-0.0,0.0,0.0,0.0,6.98,6.04,7.0,6.74
1616,26.9333,7.0,37.906,0.032,1.2622,-10.81,5.92,-0.29,6.93,0.0,0.0,-0.0,0.0,0.0,0.0,7.0,7.44,6.98,6.3
1617,26.95,7.0,37.926,0.032,1.2548,-10.81,6.71,-0.33,8.397,0.0,0.0,-0.0,0.0,0.0,0.0,6.86,14.16,6.87,5.7
1618,26.9667,7.0,37.947,0.031,1.2509,-10.7,6.79,-0.34,7.902,0.0,0.0,-0.0,0.0,0.0,0.0,9.05,6.97,6.95,8.64
1619,26.9833,7.0,37.967,0.031,1.251,-10.71,7.36,-0.33,7.357,0.0,0.0,-0.0,0.0,0.0,0.0,6.9,6.96,6.93,8.63
1620,27.0,7.0,37.986,0.03,1.2541,-10.45,7.22,-0.37,6.854,0.0,0.0,-0.0,0.0,0.0,0.0,7.41,7.05,7.03,5.93
1621,27.0167,7.0,38.004,0.029,1.2531,-10.28,7.37,-0.35,6.947,0.0,0.0,-0.0,0.0,0.0,0.0,7.0,7.0,7.0,6.79
1622,27.0333,7.0,38.022,0.029,1.2512,-10.26,7.71,-0.37,6.881,0.0,0.0,-0.0,0.0,0.0,0.0,6.05,7.02,7.03,7.42
1623,27.05,7.0,38.04,0.028,1.2534,-10.05,7.54,-0.37,7.259,0.0,0.0,-0.0,0.0,0.0,0.0,7.95,7.04,7.04,7.01
1624,27.0667,7.0,38.057,0.027,1.2524,-9.92,7.58,-0.38,6.293,0.0,0.0,-0.0,0.0,0.0,0.0,7.49,7.1,7.09,3.49
1625,27.0833,7.0,38.074,0.027,1.252,-9.91,7.88,-0.34,6.58,0.0,0.0,-0.0,0.0,0.0,0.0,5.11,6.99,7.0,7.22
1626,27.1,7.0,38.091,0.026,1.2537,-9.78,7.77,-0.31,7.137,0.0,0.0,-0.0,0.0,0.0,0.0,7.42,7.03,7.04,7.05
1627,27.1167,7.0,38.107,0.026,1.2526,-9.65,7.74,-0.25,7.082,0.0,0.0,-0.0,0.0,0.0,0.0,7.06,7.05,7.08,7.13
1628,27.1333,7.0,38.124,0.026,1.2497,-9.59,7.65,-0.22,7.069,0.0,0.0,-0.0,0.0,0.0,0.0,7.01,7.02,7.02,7.23
1629,27.15,7.0,38.141,0.027,1.2507,-9.83,8.12,-0.21,10.377,0.0,0.0,-0.0,0.0,0.0,0.0,18.12,7.17,7.16,9.05
1630,27.1667,7.0,38.157,0.026,1.2534,-9.65,7.8,-0.2,6.79,0.0,0.0,-0.0,0.0,0.0,0.0,6.39,6.84,6.89,7.03
1631,27.1833,7.0,38.173,0.027,1.2515,-9.52,7.79,-0.02,6.958,0.0,0.0,-0.0,0.0,0.0,0.0,7.0,7.0,7.0,6.82
1632,27.2,7.0,38.189,0.028,1.2495,-9.62,7.83,0.01,6.984,0.0,0.0,-0.0,0.0,0.0,0.0,6.85,7.01,7.02,7.05
1633,27.2167,7.0,38.205,0.027,1.2497,-9.51,7.4,0.04,7.3,0.0,0.0,-0.0,0.0,0.0,0.0,8.07,7.04,7.04,7.05
1634,27.2333,7.0,38.22,0.027,1.2467,-9.43,7.07,0.13,6.999,0.0,0.0,-0.0,0.0,0.0,0.0,7.02,7.02,7.02,6.94
1635,27.25,7.0,38.236,0.027,1.2412,-9.41,6.68,0.21,7.878,0.0,0.0,-0.0,0.0,0.0,0.0,10.59,7.0,7.01,6.91
1636,27.2667,7.0,38.251,0.026,1.2337,-9.43,6.18,0.23,7.097,0.0,0.0,-0.0,0.0,0.0,0.0,7.35,7.01,7.03,7.0
1637,27.2833,7.0,38.265,0.023,1.2302,-9.05,5.08,0.25,6.915,0.0,0.0,-0.0,0.0,0.0,0.0,6.3,6.83,6.94,7.58
1638,27.3,7.0,38.278,0.023,1.2294,-9.07,5.18,0.24,5.26,0.0,0.0,-0.0,0.0,0.0,0.0,1.81,7.01,6.89,5.33
1639,27.3167,7.0,38.292,0.024,1.229,-9.15,5.37,0.27,8.969,0.0,0.0,-0.0,0.0,0.0,0.0,14.67,6.86,6.88,7.47
1640,27.3333,7.0,38.306,0.025,1.2294,-9.18,5.28,0.38,6.983,0.0,0.0,-0.0,0.0,0.0,0.0,6.78,6.99,6.99,7.17
1641,27.35,7.0,38.32,0.026,1.2272,-9.31,5.22,0.43,6.731,0.0,0.0,-0.0,0.0,0.0,0.0,6.99,6.99,7.0,5.94
1642,27.3667,7.0,38.335,0.027,1.2236,-9.54,5.05,0.43,6.836,0.0,0.0,-0.0,0.0,0.0,0.0,6.64,7.02,7.02,6.67
1643,27.3833,7.0,38.351,0.03,1.2234,-10.05,5.36,0.43,6.543,0.0,0.0,-0.0,0.0,0.0,0.0,6.36,6.89,6.99,5.93
1644,27.4,7.0,38.368,0.033,1.2204,-10.21,5.66,0.53,6.407,0.0,0.0,-0.0,0.0,0.0,0.0,7.0,4.66,6.99,6.97
1645,27.4167,7.0,38.385,0.035,1.2161,-10.27,5.99,0.66,6.56,0.0,0.0,-0.0,0.0,0.0,0.0,6.99,5.27,6.99,6.99
1646,27.4333,7.0,38.403,0.036,1.2119,-10.14,6.72,0.86,6.201,0.0,0.0,-0.0,0.0,0.0,0.0,7.01,4.57,7.04,6.19
1647,27.45,7.0,38.422,0.037,1.2066,-10.09,7.42,0.93,7.614,0.0,0.0,-0.0,0.0,0.0,0.0,7.04,10.36,6.94,6.11
1648,27.4667,7.0,38.442,0.039,1.2001,-10.27,8.1,0.86,6.525,0.0,0.0,-0.0,0.0,0.0,0.0,6.92,5.45,6.95,6.78
1649,27.4833,7.0,38.462,0.04,1.1923,-10.54,8.81,0.75,6.731,0.0,0.0,-0.0,0.0,0.0,0.0,6.87,7.41,6.9,5.74
1650,27.5,7.0,38.482,0.041,1.1858,-10.5,10.12,0.79,6.566,0.0,0.0,-0.0,0.0,0.0,0.0,6.92,5.46,6.95,6.93
1651,27.5167,7.0,38.502,0.038,1.1858,-9.97,9.82,0.68,7.267,0.0,0.0,-0.0,0.0,0.0,0.0,7.13,6.96,6.94,8.03
1652,27.5333,7.0,38.52,0.037,1.1868,-9.71,10.13,0.61,6.732,0.0,0.0,-0.0,0.0,0.0,0.0,5.69,6.96,6.87,7.42
1653,27.55,7.0,38.538,0.035,1.1872,-9.48,10.29,0.74,7.156,0.0,0.0,-0.0,0.0,0.0,0.0,7.08,7.0,7.01,7.53
1654,27.5667,7.0,38.556,0.034,1.1861,-9.22,10.43,0.68,6.919,0.0,0.0,-0.0,0.0,0.0,0.0,6.99,6.99,7.0,6.7
1655,27.5833,7.0,38.574,0.033,1.1825,-9.03,10.54,0.63,6.845,0.0,0.0,-0.0,0.0,0.0,0.0,6.37,6.97,6.98,7.06
1656,27.6,7.0,38.591,0.033,1.1867,-8.89,10.81,0.59,6.591,0.0,0.0,-0.0,0.0,0.0,0.0,6.48,7.03,7.03,5.83
1657,27.6167,7.0,38.609,0.032,1.1866,-8.71,10.91,0.45,6.852,0.0,0.0,-0.0,0.0,0.0,0.0,6.02,7.07,7.05,7.27
1658,27.6333,7.0,38.627,0.032,1.1845,-8.55,10.95,0.36,6.96,0.0,0.0,-0.0,0.0,0.0,0.0,6.81,6.99,7.0,7.04
1659,27.65,7.0,38.644,0.032,1.1833,-8.62,11.41,0.34,5.265,0.0,0.0,-0.0,0.0,0.0,0.0,0.76,7.06,7.06,6.18
1660,27.6667,7.0,38.662,0.031,1.1867,-8.4,11.19,0.3,7.158,0.0,0.0,-0.0,0.0,0.0,0.0,7.43,7.02,7.02,7.16
1661,27.6833,7.0,38.679,0.031,1.1851,-8.3,11.18,0.29,6.985,0.0,0.0,-0.0,0.0,0.0,0.0,6.91,6.96,6.97,7.11
1662,27.7,7.0,38.696,0.031,1.1815,-8.34,11.28,0.23,7.037,0.0,0.0,-0.0,0.0,0.0,0.0,7.57,6.97,6.98,6.63
1663,27.7167,7.0,38.713,0.03,1.1826,-8.07,10.85,0.18,6.796,0.0,0.0,-0.0,0.0,0.0,0.0,6.29,6.98,6.98,6.94
1664,27.7333,7.0,38.729,0.029,1.1793,-7.91,10.62,0.19,5.988,0.0,0.0,-0.0,0.0,0.0,0.0,7.08,7.09,7.1,2.68
1665,27.75,7.0,38.745,0.028,1.1737,-7.78,10.38,0.22,7.416,0.0,0.0,-0.0,0.0,0.0,0.0,8.16,7.0,7.01,7.49
1666,27.7667,7.0,38.759,0.025,1.1708,-7.41,9.72,0.24,7.736,0.0,0.0,-0.0,0.0,0.0,0.0,7.02,6.95,7.16,9.8
1667,27.7833,7.0,38.773,0.023,1.166,-7.24,8.97,0.32,7.26,0.0,0.0,-0.0,0.0,0.0,0.0,6.95,6.97,8.12,7.0
1668,27.8,7.0,38.786,0.022,1.1597,-7.13,8.19,0.44,7.373,0.0,0.0,-0.0,0.0,0.0,0.0,6.91,6.91,8.72,6.94
1669,27.8167,7.0,38.799,0.022,1.1517,-7.15,7.36,0.54,7.551,0.0,0.0,-0.0,0.0,0.0,0.0,6.88,6.9,9.47,6.95
1670,27.8333,7.0,38.811,0.021,1.143,-7.13,6.37,0.62,7.544,0.0,0.0,-0.0,0.0,0.0,0.0,9.43,6.92,6.87,6.95
1671,27.85,7.0,38.824,0.024,1.1449,-7.49,6.59,0.64,6.515,0.0,0.0,-0.0,0.0,0.0,0.0,6.11,6.96,6.94,6.04
1672,27.8667,7.0,38.838,0.026,1.1425,-7.84,6.39,0.62,6.686,0.0,0.0,-0.0,0.0,0.0,0.0,6.65,6.99,6.99,6.11
1673,27.8833,7.0,38.852,0.029,1.1382,-8.25,6.16,0.63,7.229,0.0,0.0,-0.0,0.0,0.0,0.0,8.32,7.02,7.02,6.56
1674,27.9,7.0,38.868,0.033,1.1379,-8.73,6.54,0.61,6.691,0.0,0.0,-0.0,0.0,0.0,0.0,6.51,3.2,7.12,9.94
1675,27.9167,7.0,38.885,0.034,1.1347,-8.75,6.98,0.66,7.471,0.0,0.0,-0.0,0.0,0.0,0.0,7.05,6.86,7.01,8.97
1676,27.9333,7.0,38.902,0.036,1.13,-8.85,7.41,0.68,6.492,0.0,0.0,-0.0,0.0,0.0,0.0,7.01,5.22,7.0,6.74
1677,27.95,7.0,38.92,0.037,1.1242,-9.15,7.96,0.62,6.642,0.0,0.0,-0.0,0.0,0.0,0.0,7.01,6.8,7.01,5.75
1678,27.9667,7.0,38.939,0.038,1.1192,-9.03,9.02,0.76,6.484,0.0,0.0,-0.0,0.0,0.0,0.0,6.94,5.08,6.98,6.95
1679,27.9833,7.0,38.958,0.039,1.1119,-8.88,9.76,0.88,6.517,0.0,0.0,-0.0,0.0,0.0,0.0,6.95,5.19,6.97,6.96
1680,28.0,7.0,38.977,0.039,1.1092,-8.73,10.15,0.84,6.527,0.0,0.0,-0.0,0.0,0.0,0.0,6.04,6.98,7.04,6.04
1681,28.0167,7.0,38.996,0.037,1.1082,-8.56,10.33,0.76,7.335,0.0,0.0,-0.0,0.0,0.0,0.0,7.1,7.01,6.97,8.26
1682,28.0333,7.0,39.015,0.037,1.1053,-8.33,10.52,0.66,7.0,0.0,0.0,-0.0,0.0,0.0,0.0,7.38,7.0,7.03,6.59
1683,28.05,7.0,39.032,0.035,1.1084,-8.07,10.65,0.61,6.277,0.0,0.0,-0.0,0.0,0.0,0.0,5.49,6.96,6.97,5.68
1684,28.0667,7.0,39.049,0.034,1.1084,-7.89,10.87,0.55,6.874,0.0,0.0,-0.0,0.0,0.0,0.0,5.83,6.99,6.99,7.69
1685,28.0833,7.0,39.067,0.033,1.1068,-7.67,11.01,0.51,6.818,0.0,0.0,-0.0,0.0,0.0,0.0,6.92,7.01,7.02,6.32
1686,28.1,7.0,39.084,0.031,1.1059,-7.37,10.92,0.48,7.138,0.0,0.0,-0.0,0.0,0.0,0.0,7.69,7.05,7.07,6.74
1687,28.1167,7.0,39.101,0.031,1.1079,-7.31,11.34,0.44,6.713,0.0,0.0,-0.0,0.0,0.0,0.0,5.03,7.0,7.04,7.78
1688,28.1333,7.0,39.118,0.03,1.1067,-7.21,11.44,0.35,6.964,0.0,0.0,-0.0,0.0,0.0,0.0,7.0,7.0,7.02,6.84
1689,28.15,7.0,39.136,0.029,1.1033,-7.16,11.55,0.28,6.884,0.0,0.0,-0.0,0.0,0.0,0.0,6.99,7.0,7.01,6.54
1690,28.1667,7.0,39.153,0.028,1.1073,-6.96,11.62,0.24,6.355,0.0,0.0,-0.0,0.0,0.0,0.0,5.51,6.96,6.95,6.0
1691,28.1833,7.0,39.17,0.028,1.1071,-6.86,11.79,0.22,7.133,0.0,0.0,-0.0,0.0,0.0,0.0,8.37,7.18,5.02,7.96
1692,28.2,7.0,39.187,0.028,1.1051,-6.82,11.82,0.26,6.994,0.0,0.0,-0.0,0.0,0.0,0.0,6.99,7.0,7.0,6.98
1693,28.2167,7.0,39.202,0.028,1.1057,-6.88,11.36,0.26,6.483,0.0,0.0,-0.0,0.0,0.0,0.0,7.18,7.03,4.94,6.78
1694,28.2333,7.0,39.218,0.028,1.1036,-6.92,11.04,0.16,6.924,0.0,0.0,-0.0,0.0,0.0,0.0,6.98,6.99,6.99,6.73
1695,28.25,7.0,39.233,0.027,1.0994,-6.99,10.74,0.09,7.084,0.0,0.0,-0.0,0.0,0.0,0.0,7.16,6.97,6.97,7.23
1696,28.2667,7.0,39.248,0.028,1.0951,-7.16,10.15,0.16,7.25,0.0,0.0,-0.0,0.0,0.0,0.0,6.94,6.99,8.09,6.99
1697,28.2833,7.0,39.262,0.028,1.0924,-7.11,9.14,0.19,6.297,0.0,0.0,-0.0,0.0,0.0,0.0,8.51,7.08,7.1,2.49
1698,28.3,7.0,39.275,0.027,1.0865,-7.1,8.38,0.27,6.928,0.0,0.0,-0.0,0.0,0.0,0.0,6.88,6.94,6.94,6.95
1699,28.3167,7.0,39.288,0.027,1.0779,-7.1,7.67,0.34,7.952,0.0,0.0,-0.0,0.0,0.0,0.0,10.92,6.97,6.94,6.98
1700,28.3333,7.0,39.299,0.025,1.0708,-6.73,6.47,0.31,7.501,0.0,0.0,-0.0,0.0,0.0,0.0,9.03,6.97,7.03,6.97
1701,28.35,7.0,39.31,0.023,1.0612,-6.53,5.47,0.38,7.194,0.0,0.0,-0.0,0.0,0.0,0.0,6.82,6.92,8.14,6.89
1702,28.3667,7.0,39.322,0.024,1.0591,-6.7,5.45,0.36,5.774,0.0,0.0,-0.0,0.0,0.0,0.0,4.14,6.87,6.86,5.22
1703,28.3833,7.0,39.336,0.026,1.0578,-7.03,5.45,0.34,6.299,0.0,0.0,-0.0,0.0,0.0,0.0,5.42,6.96,6.96,5.86
1704,28.4,7.0,39.35,0.029,1.0551,-7.42,5.46,0.3,7.094,0.0,0.0,-0.0,0.0,0.0,0.0,7.03,2.25,7.04,12.06
1705,28.4167,7.0,39.366,0.031,1.0517,-7.71,5.7,0.29,7.078,0.0,0.0,-0.0,0.0,0.0,0.0,6.69,6.78,7.04,7.8
1706,28.4333,7.0,39.382,0.032,1.0504,-7.71,6.47,0.29,6.527,0.0,0.0,-0.0,0.0,0.0,0.0,6.99,5.17,6.97,6.98
1707,28.45,7.0,39.399,0.033,1.046,-7.71,6.98,0.33,6.472,0.0,0.0,-0.0,0.0,0.0,0.0,6.99,4.93,6.99,6.98
1708,28.4667,7.0,39.417,0.032,1.0411,-7.6,7.26,0.33,7.694,0.0,0.0,-0.0,0.0,0.0,0.0,8.62,8.19,6.99,6.98
1709,28.4833,7.0,39.435,0.031,1.0392,-7.41,7.49,0.31,7.576,0.0,0.0,-0.0,0.0,0.0,0.0,6.35,7.05,7.06,9.85
1710,28.5,7.0,39.453,0.03,1.0368,-7.24,7.81,0.3,6.984,0.0,0.0,-0.0,0.0,0.0,0.0,7.02,6.91,7.0,7.01
1711,28.5167,7.0,39.471,0.026,1.0377,-6.72,7.46,0.23,6.745,0.0,0.0,-0.0,0.0,0.0,0.0,6.5,6.97,6.95,6.57
1712,28.5333,7.0,39.488,0.026,1.0393,-6.61,8.07,0.22,5.694,0.0,0.0,-0.0,0.0,0.0,0.0,2.08,7.03,7.06,6.6
1713,28.55,7.0,39.507,0.025,1.0382,-6.52,8.22,0.19,7.635,0.0,0.0,-0.0,0.0,0.0,0.0,7.32,7.03,8.91,7.28
1714,28.5667,7.0,39.524,0.025,1.0386,-6.54,7.78,0.2,7.433,0.0,0.0,-0.0,0.0,0.0,0.0,8.53,7.0,6.99,7.2
1715,28.5833,7.0,39.541,0.027,1.0398,-6.76,7.91,0.24,6.756,0.0,0.0,-0.0,0.0,0.0,0.0,6.59,7.01,7.01,6.42
1716,28.6,7.0,39.558,0.029,1.0385,-6.98,7.89,0.24,6.742,0.0,0.0,-0.0,0.0,0.0,0.0,7.04,7.05,7.04,5.84
1717,28.6167,7.0,39.574,0.03,1.0392,-7.01,7.45,0.22,6.987,0.0,0.0,-0.0,0.0,0.0,0.0,6.68,6.99,7.02,7.26
1718,28.6333,7.0,39.589,0.03,1.0378,-6.98,7.18,0.25,6.798,0.0,0.0,-0.0,0.0,0.0,0.0,7.01,6.2,7.01,6.98
1719,28.65,7.0,39.605,0.031,1.0394,-7.21,7.61,0.26,6.773,0.0,0.0,-0.0,0.0,0.0,0.0,6.93,6.94,6.94,6.29
1720,28.6667,7.0,39.622,0.033,1.0378,-7.27,7.71,0.32,7.219,0.0,0.0,-0.0,0.0,0.0,0.0,7.17,7.35,7.18,7.17
1721,28.6833,7.0,39.638,0.032,1.0388,-7.08,7.29,0.3,5.4,0.0,0.0,-0.0,0.0,0.0,0.0,6.18,1.86,6.94,6.61
1722,28.7,7.0,39.655,0.033,1.0398,-7.19,7.57,0.31,6.525,0.0,0.0,-0.0,0.0,0.0,0.0,6.12,7.03,7.02,5.93
1723,28.7167,7.0,39.672,0.034,1.0382,-7.29,7.67,0.3,6.501,0.0,0.0,-0.0,0.0,0.0,0.0,8.12,5.53,7.02,5.34
1724,28.7333,7.0,39.688,0.033,1.0392,-7.1,7.35,0.28,6.602,0.0,0.0,-0.0,0.0,0.0,0.0,5.82,6.97,6.96,6.67
1725,28.75,7.0,39.704,0.032,1.0371,-6.98,7.23,0.3,7.196,0.0,0.0,-0.0,0.0,0.0,0.0,7.73,6.93,6.97,7.15
1726,28.7667,7.0,39.72,0.032,1.0332,-6.85,7.07,0.34,6.681,0.0,0.0,-0.0,0.0,0.0,0.0,6.65,6.8,7.0,6.27
1727,28.7833,7.0,39.735,0.03,1.0304,-6.58,6.6,0.36,7.16,0.0,0.0,-0.0,0.0,0.0,0.0,7.21,6.92,7.04,7.47
1728,28.8,7.0,39.75,0.028,1.0255,-6.28,6.21,0.43,7.733,0.0,0.0,-0.0,0.0,0.0,0.0,9.23,7.02,7.69,6.99
1729,28.8167,7.0,39.765,0.025,1.0194,-6.15,5.52,0.42,7.148,0.0,0.0,-0.0,0.0,0.0,0.0,7.09,6.96,7.56,6.98
1730,28.8333,7.0,39.779,0.024,1.0113,-5.99,4.78,0.51,7.148,0.0,0.0,-0.0,0.0,0.0,0.0,6.93,6.93,7.79,6.94
1731,28.85,7.0,39.792,0.023,1.0035,-6.17,3.64,0.72,7.213,0.0,0.0,-0.0,0.0,0.0,0.0,6.79,6.89,8.23,6.94
1732,28.8667,7.0,39.805,0.024,0.9993,-6.28,3.29,0.7,6.303,0.0,0.0,-0.0,0.0,0.0,0.0,5.87,6.89,6.96,5.49
1733,28.8833,7.0,39.82,0.026,0.9984,-6.64,3.28,0.69,6.796,0.0,0.0,-0.0,0.0,0.0,0.0,6.74,6.96,6.97,6.52
1734,28.9,7.0,39.834,0.029,0.9966,-6.77,3.43,0.76,6.522,0.0,0.0,-0.0,0.0,0.0,0.0,7.03,5.06,7.01,6.98
1735,28.9167,7.0,39.85,0.028,0.9964,-6.62,3.29,0.77,6.985,0.0,0.0,-0.0,0.0,0.0,0.0,6.66,7.33,6.97,6.98
1736,28.9333,7.0,39.864,0.028,0.9984,-6.5,3.34,0.78,6.865,0.0,0.0,-0.0,0.0,0.0,0.0,7.8,6.98,7.03,5.65
1737,28.95,7.0,39.88,0.028,0.9992,-6.46,3.34,0.78,7.017,0.0,0.0,-0.0,0.0,0.0,0.0,7.87,6.98,6.97,6.24
1738,28.9667,7.0,39.895,0.028,0.9998,-6.34,3.16,0.77,6.626,0.0,0.0,-0.0,0.0,0.0,0.0,6.01,6.96,6.97,6.56
1739,28.9833,7.0,39.91,0.028,0.9983,-6.27,2.96,0.82,6.897,0.0,0.0,-0.0,0.0,0.0,0.0,7.0,7.0,7.0,6.59
1740,29.0,7.0,39.926,0.03,0.9998,-6.47,3.22,0.82,6.492,0.0,0.0,-0.0,0.0,0.0,0.0,5.83,7.03,7.03,6.08
1741,29.0167,7.0,39.943,0.031,0.9984,-6.66,3.26,0.8,6.722,0.0,0.0,-0.0,0.0,0.0,0.0,6.28,7.01,7.02,6.57
1742,29.0333,7.0,39.958,0.031,0.9996,-6.63,2.83,0.76,7.254,0.0,0.0,-0.0,0.0,0.0,0.0,4.46,11.11,7.04,6.41
1743,29.05,7.0,39.973,0.032,1.0001,-6.74,2.93,0.73,7.016,0.0,0.0,-0.0,0.0,0.0,0.0,7.59,7.0,6.98,6.49
1744,29.0667,7.0,39.989,0.032,0.9994,-6.76,3.07,0.72,7.22,0.0,0.0,-0.0,0.0,0.0,0.0,7.06,6.8,7.03,7.98
1745,29.0833,7.0,40.005,0.032,0.9996,-6.63,2.98,0.69,6.938,0.0,0.0,-0.0,0.0,0.0,0.0,7.19,6.88,6.88,6.79
1746,29.1,7.0,40.021,0.032,0.998,-6.48,2.88,0.79,6.74,0.0,0.0,-0.0,0.0,0.0,0.0,6.22,6.99,6.99,6.75
1747,29.1167,7.0,40.037,0.033,0.9996,-6.59,3.15,0.78,6.733,0.0,0.0,-0.0,0.0,0.0,0.0,6.96,6.94,6.94,6.09
1748,29.1333,7.0,40.054,0.034,0.9981,-6.73,3.25,0.76,5.827,0.0,0.0,-0.0,0.0,0.0,0.0,4.46,5.56,6.94,6.35
1749,29.15,7.0,40.07,0.033,0.9997,-6.6,2.87,0.67,6.676,0.0,0.0,-0.0,0.0,0.0,0.0,6.31,6.98,6.98,6.44
1750,29.1667,7.0,40.085,0.033,0.9975,-6.55,2.7,0.67,6.848,0.0,0.0,-0.0,0.0,0.0,0.0,7.0,6.43,7.01,6.94
1751,29.1833,7.0,40.102,0.034,0.9988,-6.74,3.16,0.65,6.883,0.0,0.0,-0.0,0.0,0.0,0.0,5.61,6.61,7.12,8.19
1752,29.2,7.0,40.119,0.034,1.0,-6.63,2.93,0.6,6.868,0.0,0.0,-0.0,0.0,0.0,0.0,6.54,6.98,7.01,6.93
1753,29.2167,7.0,40.135,0.033,0.9986,-6.58,2.72,0.56,6.951,0.0,0.0,-0.0,0.0,0.0,0.0,6.98,7.07,7.0,6.76
1754,29.2333,7.0,40.151,0.034,0.9989,-6.7,2.96,0.55,6.87,0.0,0.0,-0.0,0.0,0.0,0.0,6.4,7.04,7.05,7.0
1755,29.25,7.0,40.168,0.035,0.9972,-6.67,3.07,0.6,6.831,0.0,0.0,-0.0,0.0,0.0,0.0,7.0,6.46,7.0,6.86
1756,29.2667,7.0,40.184,0.034,0.9978,-6.44,2.75,0.57,6.899,0.0,0.0,-0.0,0.0,0.0,0.0,6.51,6.95,6.95,7.18
1757,29.2833,7.0,40.201,0.033,0.9946,-6.26,2.59,0.61,6.995,0.0,0.0,-0.0,0.0,0.0,0.0,6.99,7.0,7.0,6.99
1758,29.3,7.0,40.217,0.032,0.9889,-6.16,2.4,0.63,4.195,0.0,0.0,-0.0,0.0,0.0,0.0,7.24,7.27,7.3,-5.03
1759,29.3167,7.0,40.232,0.03,0.9857,-5.8,1.77,0.58,0.253,0.0,0.0,-0.0,0.0,0.0,0.0,6.42,7.4,7.44,-20.25
1760,29.3333,7.0,40.246,0.028,0.9786,-5.41,1.25,0.6,0.686,0.0,0.0,-0.0,0.0,0.0,0.0,16.39,8.0,8.18,-29.83
1761,29.35,7.0,40.261,0.026,0.9756,-5.19,1.3,0.41,6.03,0.0,0.0,-0.0,0.0,0.0,0.0,5.97,6.96,7.04,4.15
1762,29.3667,7.0,40.276,0.025,0.9763,-5.0,1.25,0.38,6.892,0.0,0.0,-0.0,0.0,0.0,0.0,6.51,7.03,7.02,7.01
1763,29.3833,7.0,40.289,0.023,0.9792,-4.56,0.87,0.44,7.293,0.0,0.0,-0.0,0.0,0.0,0.0,8.79,7.01,7.02,6.35
1764,29.4,7.0,40.302,0.021,0.9838,-4.34,0.8,0.39,9.008,0.0,0.0,-0.0,0.0,0.0,0.0,14.94,7.12,7.14,6.83
1765,29.4167,7.0,40.315,0.02,0.987,-4.15,0.6,0.37,6.776,0.0,0.0,-0.0,0.0,0.0,0.0,6.71,7.0,7.0,6.4
1766,29.4333,7.0,40.328,0.019,0.9887,-4.0,0.35,0.36,6.773,0.0,0.0,-0.0,0.0,0.0,0.0,6.33,6.98,6.98,6.79
1767,29.45,7.0,40.342,0.018,0.9888,-3.91,0.06,0.37,7.115,0.0,0.0,-0.0,0.0,0.0,0.0,7.07,6.99,6.99,7.42
1768,29.4667,7.0,40.357,0.019,0.9911,-4.02,0.13,0.37,6.733,0.0,0.0,-0.0,0.0,0.0,0.0,6.57,7.02,7.02,6.33
1769,29.4833,7.0,40.372,0.02,0.9925,-4.12,-0.04,0.36,7.022,0.0,0.0,-0.0,0.0,0.0,0.0,6.63,6.97,6.98,7.51
1770,29.5,7.0,40.387,0.021,0.9921,-4.22,-0.29,0.43,6.89,0.0,0.0,-0.0,0.0,0.0,0.0,6.98,6.97,6.98,6.63
1771,29.5167,7.0,40.402,0.022,0.9919,-4.43,-0.36,0.43,6.369,0.0,0.0,-0.0,0.0,0.0,0.0,6.17,7.02,7.03,5.26
1772,29.5333,7.0,40.417,0.025,0.9913,-4.75,-0.37,0.41,6.503,0.0,0.0,-0.0,0.0,0.0,0.0,5.27,7.04,7.04,6.66
1773,29.55,7.0,40.432,0.026,0.9928,-4.91,-0.76,0.39,6.675,0.0,0.0,-0.0,0.0,0.0,0.0,5.87,6.92,6.92,6.99
1774,29.5667,7.0,40.447,0.028,0.9916,-5.07,-1.08,0.49,6.878,0.0,0.0,-0.0,0.0,0.0,0.0,6.97,6.97,6.97,6.6
1775,29.5833,7.0,40.461,0.03,0.9921,-5.43,-1.1,0.48,6.625,0.0,0.0,-0.0,0.0,0.0,0.0,6.14,6.99,7.0,6.37
1776,29.6,7.0,40.477,0.033,0.991,-5.88,-1.21,0.48,6.458,0.0,0.0,-0.0,0.0,0.0,0.0,5.25,6.97,6.98,6.64
1777,29.6167,7.0,40.491,0.035,0.9928,-6.1,-1.8,0.45,6.826,0.0,0.0,-0.0,0.0,0.0,0.0,6.45,6.98,6.99,6.89
1778,29.6333,7.0,40.506,0.037,0.9915,-6.29,-2.06,0.5,6.645,0.0,0.0,-0.0,0.0,0.0,0.0,7.02,5.6,6.99,6.98
1779,29.65,7.0,40.521,0.038,0.992,-6.26,-1.67,0.64,6.653,0.0,0.0,-0.0,0.0,0.0,0.0,7.03,5.58,7.02,6.98
1780,29.6667,7.0,40.537,0.038,0.9931,-6.2,-1.8,0.61,7.103,0.0,0.0,-0.0,0.0,0.0,0.0,6.89,6.98,6.98,7.57
1781,29.6833,7.0,40.553,0.038,0.9917,-6.16,-1.94,0.69,6.288,0.0,0.0,-0.0,0.0,0.0,0.0,5.69,6.57,7.05,5.84
1782,29.7,7.0,40.569,0.038,0.9888,-6.13,-2.09,0.71,6.902,0.0,0.0,-0.0,0.0,0.0,0.0,6.87,6.73,6.95,7.06
1783,29.7167,7.0,40.586,0.039,0.9907,-6.29,-1.51,0.67,9.523,0.0,0.0,-0.0,0.0,0.0,0.0,17.79,5.37,7.01,7.92
1784,29.7333,7.0,40.603,0.038,0.993,-5.99,-1.72,0.72,6.554,0.0,0.0,-0.0,0.0,0.0,0.0,5.19,6.95,6.94,7.14
1785,29.75,7.0,40.62,0.038,0.9911,-5.75,-1.72,0.86,7.166,0.0,0.0,-0.0,0.0,0.0,0.0,6.98,6.98,6.98,7.74
1786,29.7667,7.0,40.637,0.039,0.9903,-5.86,-1.32,0.84,6.894,0.0,0.0,-0.0,0.0,0.0,0.0,6.67,7.0,6.99,6.91
1787,29.7833,7.0,40.654,0.038,0.9916,-5.73,-1.57,0.81,6.683,0.0,0.0,-0.0,0.0,0.0,0.0,5.56,7.0,6.99,7.18
1788,29.8,7.0,40.671,0.037,0.99,-5.59,-1.76,0.85,8.03,0.0,0.0,-0.0,0.0,0.0,0.0,6.88,6.87,6.87,11.5
1789,29.8167,7.0,40.687,0.037,0.9861,-5.58,-1.86,0.86,6.997,0.0,0.0,-0.0,0.0,0.0,0.0,6.99,7.0,7.0,7.0
1790,29.8333,7.0,40.703,0.035,0.982,-5.29,-2.49,0.79,7.319,0.0,0.0,-0.0,0.0,0.0,0.0,8.46,6.94,6.93,6.94
1791,29.85,7.0,40.718,0.033,0.9785,-4.56,-2.41,1.07,6.241,0.0,0.0,-0.0,0.0,0.0,0.0,6.46,8.62,6.51,3.37
1792,29.8667,7.0,40.733,0.031,0.9752,-4.17,-2.13,1.05,6.908,0.0,0.0,-0.0,0.0,0.0,0.0,7.28,6.41,6.93,7.0
1793,29.8833,7.0,40.75,0.029,0.9757,-4.02,-1.44,0.93,7.005,0.0,0.0,-0.0,0.0,0.0,0.0,7.7,7.03,7.09,6.2
1794,29.9,7.0,40.762,0.025,0.9814,-3.14,-1.56,1.08,5.99,0.0,0.0,-0.0,0.0,0.0,0.0,5.54,6.99,7.01,4.42
1795,29.9167,7.0,40.773,0.02,0.9846,-2.44,-1.71,1.04,6.553,0.0,0.0,-0.0,0.0,0.0,0.0,6.69,7.03,7.11,5.38
1796,29.9333,7.0,40.786,0.017,0.987,-1.84,-1.9,1.06,5.73,0.0,0.0,-0.0,0.0,0.0,0.0,4.49,6.66,6.62,5.15
1797,29.95,7.0,40.799,0.014,0.9923,-1.5,-1.79,1.0,7.005,0.0,0.0,-0.0,0.0,0.0,0.0,7.07,6.58,6.68,7.68
1798,29.9667,7.0,40.812,0.012,0.9946,-1.21,-1.84,0.96,6.866,0.0,0.0,-0.0,0.0,0.0,0.0,7.43,6.99,7.0,6.04
1799,29.9833,7.0,40.827,0.011,0.9961,-0.94,-1.97,0.92,6.785,0.0,0.0,-0.0,0.0,0.0,0.0,6.94,7.0,7.01,6.19
1800,30.0,7.0,40.842,0.01,0.996,-0.73,-2.13,0.87,6.558,0.0,0.0,-0.0,0.0,0.0,0.0,6.12,6.68,6.7,6.74
1801,30.0167,7.0,40.857,0.01,0.9986,-0.68,-1.97,0.87,6.847,0.0,0.0,-0.0,0.0,0.0,0.0,7.19,7.01,7.01,6.18
1802,30.0333,7.0,40.872,0.01,0.9988,-0.67,-1.99,0.85,6.898,0.0,0.0,-0.0,0.0,0.0,0.0,7.0,7.0,7.0,6.59
1803,30.05,7.0,40.888,0.011,0.9968,-0.71,-2.03,0.83,6.779,0.0,0.0,-0.0,0.0,0.0,0.0,6.97,6.98,6.98,6.18
1804,30.0667,7.0,40.903,0.011,0.9978,-0.74,-2.15,0.81,6.588,0.0,0.0,-0.0,0.0,0.0,0.0,6.31,6.97,6.97,6.11
1805,30.0833,7.0,40.918,0.012,0.9992,-0.86,-2.16,0.79,6.872,0.0,0.0,-0.0,0.0,0.0,0.0,7.04,7.01,7.01,6.43
1806,30.1,7.0,40.933,0.013,0.9987,-1.0,-2.25,0.74,6.825,0.0,0.0,-0.0,0.0,0.0,0.0,7.0,7.01,7.01,6.29
1807,30.1167,7.0,40.949,0.015,0.9963,-1.17,-2.36,0.71,7.388,0.0,0.0,-0.0,0.0,0.0,0.0,8.37,7.02,6.98,7.17
1808,30.1333,7.0,40.964,0.016,0.9993,-1.29,-2.51,0.69,6.759,0.0,0.0,-0.0,0.0,0.0,0.0,6.59,7.0,7.0,6.45
1809,30.15,7.0,40.979,0.017,0.9996,-1.49,-2.67,0.66,6.952,0.0,0.0,-0.0,0.0,0.0,0.0,7.28,7.01,7.01,6.5
1810,30.1667,7.0,40.994,0.019,0.9978,-1.72,-2.83,0.66,6.696,0.0,0.0,-0.0,0.0,0.0,0.0,6.03,7.02,7.0,6.74
1811,30.1833,7.0,41.009,0.02,0.9971,-1.86,-3.26,0.61,6.808,0.0,0.0,-0.0,0.0,0.0,0.0,6.6,6.69,6.67,7.27
1812,30.2,7.0,41.023,0.023,0.9999,-2.19,-3.26,0.58,6.852,0.0,0.0,-0.0,0.0,0.0,0.0,6.61,7.0,7.0,6.8
1813,30.2167,7.0,41.037,0.025,0.9995,-2.54,-3.47,0.57,6.967,0.0,0.0,-0.0,0.0,0.0,0.0,7.0,7.0,7.0,6.86
1814,30.2333,7.0,41.052,0.027,0.9971,-2.91,-3.69,0.56,6.747,0.0,0.0,-0.0,0.0,0.0,0.0,6.08,7.02,7.02,6.87
1815,30.25,7.0,41.066,0.029,0.9995,-3.14,-4.04,0.53,6.584,0.0,0.0,-0.0,0.0,0.0,0.0,6.26,6.99,7.0,6.08
1816,30.2667,7.0,41.08,0.032,1.0,-3.49,-4.28,0.53,7.01,0.0,0.0,-0.0,0.0,0.0,0.0,7.07,7.03,7.02,6.92
1817,30.2833,7.0,41.094,0.035,0.9994,-3.9,-4.51,0.52,6.585,0.0,0.0,-0.0,0.0,0.0,0.0,6.43,6.93,6.94,6.04
1818,30.3,7.0,41.108,0.037,1.0003,-4.26,-4.89,0.5,6.849,0.0,0.0,-0.0,0.0,0.0,0.0,6.5,6.97,6.99,6.93
1819,30.3167,7.0,41.123,0.039,1.0007,-4.46,-5.09,0.53,6.791,0.0,0.0,-0.0,0.0,0.0,0.0,7.28,5.89,6.99,7.0
1820,30.3333,7.0,41.137,0.04,1.0012,-4.24,-4.81,0.71,6.357,0.0,0.0,-0.0,0.0,0.0,0.0,7.0,4.42,7.01,7.01
1821,30.35,7.0,41.15,0.04,1.0007,-3.86,-4.4,0.96,2.409,0.0,0.0,-0.0,0.0,0.0,0.0,6.61,-10.58,6.77,6.84
1822,30.3667,7.0,41.164,0.038,1.0008,-3.26,-4.02,1.05,10.122,0.0,0.0,-0.0,0.0,0.0,0.0,7.44,18.83,7.08,7.13
1823,30.3833,7.0,41.178,0.035,0.9995,-2.6,-3.75,1.11,6.037,0.0,0.0,-0.0,0.0,0.0,0.0,6.96,3.33,6.93,6.93
1824,30.4,7.0,41.193,0.031,0.9967,-1.94,-3.52,1.18,1.79,0.0,0.0,-0.0,0.0,0.0,0.0,6.69,-13.06,6.74,6.79
1825,30.4167,7.0,41.209,0.027,0.9927,-1.14,-3.24,1.23,10.818,0.0,0.0,-0.0,0.0,0.0,0.0,6.71,22.36,7.09,7.11
1826,30.4333,7.0,41.224,0.024,0.9924,-0.66,-2.82,1.19,6.259,0.0,0.0,-0.0,0.0,0.0,0.0,5.53,7.0,6.98,5.53
1827,30.45,7.0,41.241,0.022,0.9916,-0.32,-2.47,1.15,6.779,0.0,0.0,-0.0,0.0,0.0,0.0,6.4,6.95,6.98,6.78
1828,30.4667,7.0,41.256,0.02,0.9934,0.34,-2.51,1.39,6.541,0.0,0.0,-0.0,0.0,0.0,0.0,6.38,6.96,7.0,5.82
1829,30.4833,7.0,41.267,0.017,0.9996,0.89,-2.66,1.35,6.672,0.0,0.0,-0.0,0.0,0.0,0.0,7.98,6.95,6.95,4.8
1830,30.5,7.0,41.279,0.014,1.0053,1.3,-2.9,1.22,6.206,0.0,0.0,-0.0,0.0,0.0,0.0,5.37,7.0,7.03,5.43
1831,30.5167,7.0,41.291,0.011,1.0096,1.62,-3.18,1.11,6.748,0.0,0.0,-0.0,0.0,0.0,0.0,6.97,7.0,7.0,6.02
1832,30.5333,7.0,41.303,0.009,1.0121,1.83,-3.5,1.01,6.623,0.0,0.0,-0.0,0.0,0.0,0.0,6.94,6.96,6.96,5.62
1833,30.55,7.0,41.316,0.009,1.0145,1.89,-3.63,0.94,6.407,0.0,0.0,-0.0,0.0,0.0,0.0,5.93,7.02,7.02,5.67
1834,30.5667,7.0,41.33,0.009,1.0164,1.84,-3.78,0.91,7.392,0.0,0.0,-0.0,0.0,0.0,0.0,9.87,7.06,7.06,5.57
1835,30.5833,7.0,41.344,0.01,1.0171,1.72,-4.03,0.85,7.257,0.0,0.0,-0.0,0.0,0.0,0.0,7.89,7.08,7.09,6.97
1836,30.6,7.0,41.359,0.011,1.0169,1.58,-4.42,0.78,6.838,0.0,0.0,-0.0,0.0,0.0,0.0,6.99,6.99,6.98,6.39
1837,30.6167,7.0,41.373,0.014,1.0171,1.27,-4.55,0.76,6.621,0.0,0.0,-0.0,0.0,0.0,0.0,6.31,6.99,6.98,6.21
1838,30.6333,7.0,41.387,0.016,1.0164,0.87,-4.71,0.73,6.78,0.0,0.0,-0.0,0.0,0.0,0.0,6.9,6.95,6.93,6.34
1839,30.65,7.0,41.402,0.019,1.0161,0.49,-5.11,0.7,7.26,0.0,0.0,-0.0,0.0,0.0,0.0,7.12,6.98,6.96,7.97
1840,30.6667,7.0,41.416,0.022,1.0152,0.13,-5.57,0.66,6.871,0.0,0.0,-0.0,0.0,0.0,0.0,7.48,6.75,6.77,6.47
1841,30.6833,7.0,41.429,0.025,1.0158,-0.35,-5.84,0.63,7.337,0.0,0.0,-0.0,0.0,0.0,0.0,9.13,6.95,6.95,6.33
1842,30.7,7.0,41.442,0.029,1.0155,-0.86,-6.06,0.63,5.652,0.0,0.0,-0.0,0.0,0.0,0.0,1.97,7.07,7.09,6.48
1843,30.7167,7.0,41.456,0.03,1.0171,-1.0,-6.07,0.61,6.884,0.0,0.0,-0.0,0.0,0.0,0.0,7.16,6.53,6.92,6.93
1844,30.7333,7.0,41.471,0.031,1.0174,-0.95,-6.27,0.61,6.944,0.0,0.0,-0.0,0.0,0.0,0.0,7.01,6.74,7.01,7.01
1845,30.75,7.0,41.485,0.031,1.0161,-0.98,-6.33,0.59,6.049,0.0,0.0,-0.0,0.0,0.0,0.0,7.03,4.99,7.1,5.07
1846,30.7667,7.0,41.501,0.03,1.0156,-0.8,-6.12,0.6,6.235,0.0,0.0,-0.0,0.0,0.0,0.0,5.95,7.28,6.97,4.74
1847,30.7833,7.0,41.517,0.029,1.0165,-0.62,-6.05,0.51,6.817,0.0,0.0,-0.0,0.0,0.0,0.0,6.9,7.01,7.01,6.35
1848,30.8,7.0,41.534,0.028,1.016,-0.46,-5.97,0.5,6.827,0.0,0.0,-0.0,0.0,0.0,0.0,7.0,7.0,7.0,6.3
1849,30.8167,7.0,41.551,0.028,1.0154,-0.43,-5.74,0.48,7.329,0.0,0.0,-0.0,0.0,0.0,0.0,8.42,7.04,7.04,6.81
1850,30.8333,7.0,41.567,0.028,1.016,-0.35,-5.82,0.45,6.974,0.0,0.0,-0.0,0.0,0.0,0.0,7.02,7.0,7.0,6.87
1851,30.85,7.0,41.583,0.028,1.015,-0.26,-5.94,0.42,6.596,0.0,0.0,-0.0,0.0,0.0,0.0,6.7,6.76,6.77,6.16
1852,30.8667,7.0,41.599,0.028,1.0158,-0.32,-5.75,0.4,6.913,0.0,0.0,-0.0,0.0,0.0,0.0,7.52,7.01,7.01,6.11
1853,30.8833,7.0,41.616,0.029,1.0154,-0.4,-5.71,0.37,7.568,0.0,0.0,-0.0,0.0,0.0,0.0,8.64,6.92,6.93,7.78
1854,30.9,7.0,41.63,0.029,1.0176,0.04,-5.42,0.53,6.394,0.0,0.0,-0.0,0.0,0.0,0.0,7.03,4.48,7.05,7.02
1855,30.9167,7.0,41.644,0.028,1.0191,0.5,-4.95,0.83,6.755,0.0,0.0,-0.0,0.0,0.0,0.0,6.99,6.01,6.99,7.03
1856,30.9333,7.0,41.659,0.026,1.02,0.82,-4.33,1.0,9.083,0.0,0.0,-0.0,0.0,0.0,0.0,5.79,19.02,7.03,4.49
1857,30.95,7.0,41.674,0.025,1.0229,1.01,-3.92,0.98,5.862,0.0,0.0,-0.0,0.0,0.0,0.0,5.38,4.99,6.99,6.09
1858,30.9667,7.0,41.691,0.025,1.025,1.14,-3.58,0.96,7.011,0.0,0.0,-0.0,0.0,0.0,0.0,6.49,6.85,6.82,7.88
1859,30.9833,7.0,41.707,0.024,1.0254,1.23,-3.23,0.94,7.863,0.0,0.0,-0.0,0.0,0.0,0.0,7.03,11.49,7.01,5.93
1860,31.0,7.0,41.724,0.024,1.0268,1.37,-3.21,0.91,6.983,0.0,0.0,-0.0,0.0,0.0,0.0,7.11,7.02,7.01,6.8
1861,31.0167,7.0,41.741,0.023,1.0269,1.48,-3.29,0.86,6.888,0.0,0.0,-0.0,0.0,0.0,0.0,7.0,6.97,7.0,6.58
1862,31.0333,7.0,41.757,0.023,1.0264,1.46,-3.16,0.83,6.337,0.0,0.0,-0.0,0.0,0.0,0.0,5.15,6.91,7.04,6.25
1863,31.05,7.0,41.771,0.023,1.031,1.66,-3.43,0.97,7.279,0.0,0.0,-0.0,0.0,0.0,0.0,8.76,7.07,7.06,6.22
1864,31.0667,7.0,41.783,0.022,1.0354,1.83,-3.97,0.85,7.094,0.0,0.0,-0.0,0.0,0.0,0.0,6.95,7.11,7.11,7.2
1865,31.0833,7.0,41.795,0.021,1.0379,1.93,-4.47,0.77,6.931,0.0,0.0,-0.0,0.0,0.0,0.0,6.98,6.97,6.98,6.8
1866,31.1,7.0,41.807,0.021,1.0401,1.87,-4.7,0.67,6.699,0.0,0.0,-0.0,0.0,0.0,0.0,7.35,7.05,7.07,5.33
1867,31.1167,7.0,41.82,0.022,1.0422,1.7,-4.96,0.63,8.132,0.0,0.0,-0.0,0.0,0.0,0.0,12.82,6.99,6.99,5.73
1868,31.1333,7.0,41.833,0.024,1.0428,1.47,-5.29,0.57,6.813,0.0,0.0,-0.0,0.0,0.0,0.0,6.86,7.01,7.01,6.38
1869,31.15,7.0,41.847,0.025,1.042,1.26,-5.57,0.55,6.693,0.0,0.0,-0.0,0.0,0.0,0.0,7.31,5.41,7.03,7.02
1870,31.1667,7.0,41.862,0.025,1.0424,1.37,-5.41,0.59,6.365,0.0,0.0,-0.0,0.0,0.0,0.0,5.34,7.36,6.97,5.79
1871,31.1833,7.0,41.877,0.024,1.0434,1.32,-5.47,0.39,7.053,0.0,0.0,-0.0,0.0,0.0,0.0,7.21,7.74,7.0,6.26
1872,31.2,7.0,41.894,0.024,1.0428,1.22,-5.59,0.21,7.207,0.0,0.0,-0.0,0.0,0.0,0.0,6.98,8.55,6.99,6.31
1873,31.2167,7.0,41.909,0.023,1.0419,1.33,-5.43,0.2,6.907,0.0,0.0,-0.0,0.0,0.0,0.0,6.49,7.14,6.97,7.03
1874,31.2333,7.0,41.925,0.022,1.0433,1.55,-5.35,0.17,6.639,0.0,0.0,-0.0,0.0,0.0,0.0,6.65,7.06,7.06,5.79
1875,31.25,7.0,41.942,0.02,1.0435,1.61,-5.27,0.04,7.323,0.0,0.0,-0.0,0.0,0.0,0.0,6.99,6.99,7.0,8.31
1876,31.2667,7.0,41.959,0.02,1.0418,1.57,-5.22,-0.11,6.815,0.0,0.0,-0.0,0.0,0.0,0.0,7.0,6.99,7.0,6.27
1877,31.2833,7.0,41.975,0.02,1.0429,1.58,-5.3,-0.13,6.543,0.0,0.0,-0.0,0.0,0.0,0.0,6.32,7.08,7.09,5.69
1878,31.3,7.0,41.99,0.02,1.0437,1.46,-5.37,-0.16,6.82,0.0,0.0,-0.0,0.0,0.0,0.0,6.6,6.99,6.99,6.69
1879,31.3167,7.0,42.006,0.022,1.043,1.32,-5.47,-0.13,6.07,0.0,0.0,-0.0,0.0,0.0,0.0,6.9,3.7,6.91,6.77
1880,31.3333,7.0,42.022,0.022,1.0407,1.3,-5.45,-0.07,6.516,0.0,0.0,-0.0,0.0,0.0,0.0,5.94,6.3,6.94,6.88
1881,31.35,7.0,42.038,0.022,1.0426,1.4,-5.38,-0.08,6.541,0.0,0.0,-0.0,0.0,0.0,0.0,6.02,6.97,6.98,6.2
1882,31.3667,7.0,42.053,0.022,1.0436,1.37,-5.44,-0.09,6.806,0.0,0.0,-0.0,0.0,0.0,0.0,6.64,6.98,6.98,6.62
1883,31.3833,7.0,42.069,0.022,1.0426,1.27,-5.55,-0.14,6.964,0.0,0.0,-0.0,0.0,0.0,0.0,7.01,7.01,7.02,6.81
1884,31.4,7.0,42.085,0.022,1.0414,1.35,-5.37,-0.15,6.614,0.0,0.0,-0.0,0.0,0.0,0.0,7.47,7.22,6.96,4.8
1885,31.4167,7.0,42.101,0.02,1.0434,1.48,-5.3,-0.18,6.786,0.0,0.0,-0.0,0.0,0.0,0.0,6.79,6.99,6.99,6.37
1886,31.4333,7.0,42.116,0.019,1.0443,1.84,-5.06,-0.17,6.665,0.0,0.0,-0.0,0.0,0.0,0.0,7.3,5.06,7.16,7.14
1887,31.45,7.0,42.131,0.018,1.0449,2.4,-4.41,0.1,6.356,0.0,0.0,-0.0,0.0,0.0,0.0,6.96,4.52,6.95,7.0
1888,31.4667,7.0,42.146,0.014,1.0455,3.06,-3.86,0.23,6.43,0.0,0.0,-0.0,0.0,0.0,0.0,5.69,6.13,6.91,6.98
1889,31.4833,7.0,42.16,0.009,1.0464,3.75,-3.4,0.19,0.58,0.0,0.0,-0.0,0.0,0.0,0.0,-5.38,20.3,6.35,-18.94
1890,31.5,7.0,42.175,0.006,1.0489,4.09,-2.7,-0.09,6.67,0.0,0.0,-0.0,0.0,0.0,0.0,6.13,6.81,6.85,6.89
1891,31.5167,7.0,42.19,0.004,1.0502,4.34,-2.23,-0.15,6.514,0.0,0.0,-0.0,0.0,0.0,0.0,5.51,7.0,7.01,6.55
1892,31.5333,7.0,42.205,0.003,1.0531,4.5,-1.96,-0.09,6.519,0.0,0.0,-0.0,0.0,0.0,0.0,6.89,6.95,6.94,5.29
1893,31.55,7.0,42.221,0.002,1.0542,4.56,-1.79,-0.09,6.812,0.0,0.0,-0.0,0.0,0.0,0.0,7.01,7.01,7.01,6.22
1894,31.5667,7.0,42.238,0.002,1.0535,4.57,-1.63,-0.11,6.593,0.0,0.0,-0.0,0.0,0.0,0.0,6.99,6.96,6.96,5.46
1895,31.5833,7.0,42.254,0.002,1.0551,4.57,-1.58,-0.12,6.732,0.0,0.0,-0.0,0.0,0.0,0.0,6.56,7.01,7.02,6.34
1896,31.6,7.0,42.27,0.002,1.056,4.5,-1.62,-0.13,6.877,0.0,0.0,-0.0,0.0,0.0,0.0,6.63,6.98,6.99,6.91
1897,31.6167,7.0,42.287,0.002,1.0553,4.42,-1.71,-0.14,6.891,0.0,0.0,-0.0,0.0,0.0,0.0,6.96,6.97,6.97,6.65
1898,31.6333,7.0,42.302,0.003,1.0547,4.33,-1.83,-0.15,6.777,0.0,0.0,-0.0,0.0,0.0,0.0,6.08,6.99,7.01,7.03
1899,31.65,7.0,42.317,0.004,1.0566,4.23,-1.93,-0.06,6.918,0.0,0.0,-0.0,0.0,0.0,0.0,6.98,7.0,7.0,6.69
1900,31.6667,7.0,42.331,0.005,1.0562,4.12,-2.05,0.0,6.823,0.0,0.0,-0.0,0.0,0.0,0.0,7.01,7.01,7.02,6.26
1901,31.6833,7.0,42.346,0.007,1.0539,3.92,-2.17,0.04,5.032,0.0,0.0,-0.0,0.0,0.0,0.0,4.13,4.28,6.86,4.85
1902,31.7,7.0,42.361,0.006,1.0548,3.92,-2.18,0.05,6.56,0.0,0.0,-0.0,0.0,0.0,0.0,5.92,7.07,7.1,6.15
1903,31.7167,7.0,42.376,0.007,1.0551,3.7,-2.24,-0.03,6.981,0.0,0.0,-0.0,0.0,0.0,0.0,7.58,6.32,7.07,6.96
1904,31.7333,7.0,42.391,0.008,1.0537,3.52,-2.3,-0.06,7.655,0.0,0.0,-0.0,0.0,0.0,0.0,5.2,5.83,6.93,12.65
1905,31.75,7.0,42.406,0.006,1.0543,3.81,-2.22,-0.04,6.309,0.0,0.0,-0.0,0.0,0.0,0.0,5.65,5.55,7.02,7.01
1906,31.7667,7.0,42.421,0.005,1.0554,3.99,-2.05,-0.05,6.517,0.0,0.0,-0.0,0.0,0.0,0.0,6.14,6.99,7.0,5.93
1907,31.7833,7.0,42.438,0.004,1.0551,4.06,-1.93,-0.05,6.796,0.0,0.0,-0.0,0.0,0.0,0.0,7.01,7.01,7.01,6.16
1908,31.8,7.0,42.454,0.004,1.0529,4.1,-1.83,-0.08,6.265,0.0,0.0,-0.0,0.0,0.0,0.0,3.95,7.1,7.1,6.91
1909,31.8167,7.0,42.47,0.003,1.0547,4.17,-1.92,-0.09,6.352,0.0,0.0,-0.0,0.0,0.0,0.0,5.64,7.03,7.04,5.69
1910,31.8333,7.0,42.486,0.003,1.0557,4.11,-1.93,-0.06,6.72,0.0,0.0,-0.0,0.0,0.0,0.0,6.29,7.0,7.0,6.58
1911,31.85,7.0,42.502,0.004,1.0551,4.03,-1.99,-0.07,6.18,0.0,0.0,-0.0,0.0,0.0,0.0,4.02,7.07,7.07,6.56
1912,31.8667,7.0,42.518,0.004,1.0531,3.93,-2.07,-0.09,6.089,0.0,0.0,-0.0,0.0,0.0,0.0,6.29,4.0,6.78,7.29
1913,31.8833,7.0,42.533,0.004,1.0551,3.89,-2.09,-0.06,6.63,0.0,0.0,-0.0,0.0,0.0,0.0,5.82,7.0,7.0,6.7
1914,31.9,7.0,42.548,0.005,1.0552,3.84,-2.13,-0.03,6.862,0.0,0.0,-0.0,0.0,0.0,0.0,7.0,6.99,7.0,6.46
1915,31.9167,7.0,42.564,0.005,1.0534,3.78,-2.11,0.0,6.599,0.0,0.0,-0.0,0.0,0.0,0.0,6.96,5.3,7.06,7.08
1916,31.9333,7.0,42.579,0.004,1.0539,4.02,-2.09,0.01,6.314,0.0,0.0,-0.0,0.0,0.0,0.0,4.96,6.86,6.83,6.6
1917,31.95,7.0,42.594,0.004,1.0556,4.07,-2.01,0.08,7.261,0.0,0.0,-0.0,0.0,0.0,0.0,6.34,6.92,6.94,8.83
1918,31.9667,7.0,42.609,0.004,1.0552,4.05,-2.02,0.09,6.851,0.0,0.0,-0.0,0.0,0.0,0.0,6.98,6.98,6.98,6.46
1919,31.9833,7.0,42.625,0.004,1.0532,3.99,-2.07,0.08,6.655,0.0,0.0,-0.0,0.0,0.0,0.0,7.17,6.91,6.89,5.64
1920,32.0,7.0,42.64,0.005,1.0553,3.85,-2.17,0.06,3.46,0.0,0.0,-0.0,0.0,0.0,0.0,7.38,-5.98,7.0,5.44
1921,32.0167,7.0,42.654,0.005,1.0569,4.26,-1.71,0.28,6.418,0.0,0.0,-0.0,0.0,0.0,0.0,7.0,4.6,7.03,7.04
1922,32.0333,7.0,42.668,0.003,1.0569,4.67,-1.29,0.52,0.801,0.0,0.0,-0.0,0.0,0.0,0.0,6.55,-16.64,6.62,6.67
1923,32.05,7.0,42.683,0.001,1.0564,5.27,-0.85,0.63,12.716,0.0,0.0,-0.0,0.0,0.0,0.0,4.75,31.52,7.2,7.4
1924,32.0667,7.0,42.698,-0.001,1.0577,5.63,-0.49,0.65,11.777,0.0,0.0,-0.0,0.0,0.0,0.0,17.85,6.29,17.27,5.69
1925,32.0833,7.0,42.713,-0.002,1.059,5.69,-0.2,0.62,6.64,0.0,0.0,-0.0,0.0,0.0,0.0,6.72,7.0,7.02,5.82
1926,32.1,7.0,42.73,-0.002,1.0598,5.74,-0.05,0.61,7.004,0.0,0.0,-0.0,0.0,0.0,0.0,6.91,6.96,7.11,7.02
1927,32.1167,7.0,42.746,-0.002,1.0612,5.67,-0.02,0.51,6.993,0.0,0.0,-0.0,0.0,0.0,0.0,6.57,7.01,7.86,6.54
1928,32.1333,7.0,42.763,-0.002,1.061,5.55,-0.02,0.42,6.782,0.0,0.0,-0.0,0.0,0.0,0.0,7.05,7.05,7.04,5.99
1929,32.15,7.0,42.78,-0.002,1.0599,5.6,0.18,0.41,6.699,0.0,0.0,-0.0,0.0,0.0,0.0,6.21,6.53,7.01,7.04
1930,32.1667,7.0,42.797,-0.003,1.0582,5.78,0.33,0.42,6.914,0.0,0.0,-0.0,0.0,0.0,0.0,7.01,7.48,6.77,6.39
1931,32.1833,7.0,42.814,-0.003,1.057,5.8,0.64,0.39,6.436,0.0,0.0,-0.0,0.0,0.0,0.0,4.96,7.02,6.9,6.86
1932,32.2,7.0,42.832,-0.002,1.0559,5.86,0.84,0.62,7.028,0.0,0.0,-0.0,0.0,0.0,0.0,6.98,6.98,7.0,7.16
1933,32.2167,7.0,42.849,-0.003,1.0562,6.02,0.58,0.61,7.009,0.0,0.0,-0.0,0.0,0.0,0.0,6.52,7.0,7.0,7.52
1934,32.2333,7.0,42.865,-0.003,1.0575,5.96,0.73,0.55,6.808,0.0,0.0,-0.0,0.0,0.0,0.0,6.68,7.03,7.03,6.49
1935,32.25,7.0,42.882,-0.003,1.057,5.83,0.73,0.51,6.864,0.0,0.0,-0.0,0.0,0.0,0.0,7.0,7.0,7.0,6.46
1936,32.2667,7.0,42.898,-0.002,1.0543,5.7,0.73,0.42,6.935,0.0,0.0,-0.0,0.0,0.0,0.0,7.14,7.15,7.15,6.3
1937,32.2833,7.0,42.914,-0.004,1.0549,6.04,0.47,0.39,6.732,0.0,0.0,-0.0,0.0,0.0,0.0,6.25,7.2,7.72,5.76
1938,32.3,7.0,42.93,-0.004,1.0576,5.91,0.69,0.31,7.172,0.0,0.0,-0.0,0.0,0.0,0.0,7.46,7.12,7.04,7.07
1939,32.3167,7.0,42.947,-0.004,1.0569,5.79,0.66,0.18,6.863,0.0,0.0,-0.0,0.0,0.0,0.0,7.18,7.18,7.18,5.91
1940,32.3333,7.0,42.963,-0.004,1.0547,5.77,0.77,0.18,5.498,0.0,0.0,-0.0,0.0,0.0,0.0,7.31,4.58,2.94,7.16
1941,32.35,7.0,42.979,-0.004,1.0573,5.82,0.65,0.17,6.526,0.0,0.0,-0.0,0.0,0.0,0.0,6.48,6.96,6.86,5.81
1942,32.3667,7.0,42.995,-0.004,1.0568,5.69,0.65,0.18,6.665,0.0,0.0,-0.0,0.0,0.0,0.0,6.0,7.01,7.02,6.63
1943,32.3833,7.0,43.011,-0.003,1.0557,5.63,0.52,0.15,8.121,0.0,0.0,-0.0,0.0,0.0,0.0,10.05,7.2,7.23,8.0
1944,32.4,7.0,43.026,-0.004,1.0573,5.92,0.33,0.24,6.938,0.0,0.0,-0.0,0.0,0.0,0.0,6.97,6.81,6.99,6.98
1945,32.4167,7.0,43.042,-0.004,1.0582,5.84,0.49,0.16,6.817,0.0,0.0,-0.0,0.0,0.0,0.0,6.99,7.08,7.0,6.21
1946,32.4333,7.0,43.058,-0.003,1.057,5.72,0.54,0.08,6.755,0.0,0.0,-0.0,0.0,0.0,0.0,7.0,7.01,7.01,6.0
1947,32.45,7.0,43.074,-0.003,1.0548,5.71,0.76,0.1,5.774,0.0,0.0,-0.0,0.0,0.0,0.0,6.75,6.11,3.23,7.0
1948,32.4667,7.0,43.09,-0.004,1.0575,5.82,0.62,0.09,6.401,0.0,0.0,-0.0,0.0,0.0,0.0,6.42,6.95,6.76,5.47
1949,32.4833,7.0,43.106,-0.004,1.0569,5.75,0.68,0.09,6.622,0.0,0.0,-0.0,0.0,0.0,0.0,6.55,7.04,7.04,5.86
1950,32.5,7.0,43.122,-0.004,1.0564,5.75,0.55,0.06,6.638,0.0,0.0,-0.0,0.0,0.0,0.0,5.84,6.53,6.99,7.19
1951,32.5167,7.0,43.138,-0.005,1.0562,5.98,0.36,0.14,6.826,0.0,0.0,-0.0,0.0,0.0,0.0,6.97,6.3,7.02,7.01
1952,32.5333,7.0,43.154,-0.005,1.0573,5.94,0.73,0.1,6.549,0.0,0.0,-0.0,0.0,0.0,0.0,6.38,7.03,7.03,5.75
1953,32.55,7.0,43.17,-0.005,1.0563,5.9,0.88,0.16,6.802,0.0,0.0,-0.0,0.0,0.0,0.0,7.0,7.0,7.0,6.21
1954,32.5667,7.0,43.186,-0.006,1.0567,6.0,0.65,0.16,6.924,0.0,0.0,-0.0,0.0,0.0,0.0,6.54,6.99,7.02,7.15
1955,32.5833,7.0,43.202,-0.006,1.0543,6.07,0.5,0.21,7.134,0.0,0.0,-0.0,0.0,0.0,0.0,6.86,6.89,7.24,7.54
1956,32.6,7.0,43.219,-0.004,1.0568,5.82,0.73,0.19,7.219,0.0,0.0,-0.0,0.0,0.0,0.0,7.66,6.98,7.05,7.18
1957,32.6167,7.0,43.235,-0.004,1.0577,5.73,0.43,0.19,6.535,0.0,0.0,-0.0,0.0,0.0,0.0,6.82,8.75,6.99,3.58
1958,32.6333,7.0,43.25,-0.003,1.0569,5.94,0.3,0.19,6.965,0.0,0.0,-0.0,0.0,0.0,0.0,6.99,6.83,7.02,7.01
1959,32.65,7.0,43.266,-0.002,1.0562,5.75,0.67,0.15,6.939,0.0,0.0,-0.0,0.0,0.0,0.0,7.03,7.17,7.03,6.52
1960,32.6667,7.0,43.283,-0.001,1.0539,5.57,0.87,0.14,6.773,0.0,0.0,-0.0,0.0,0.0,0.0,6.41,7.0,7.0,6.68
1961,32.6833,7.0,43.3,-0.001,1.0535,5.71,1.0,0.16,6.868,0.0,0.0,-0.0,0.0,0.0,0.0,6.37,7.08,7.01,7.01
1962,32.7,7.0,43.318,-0.001,1.0501,5.86,1.22,0.15,6.873,0.0,0.0,-0.0,0.0,0.0,0.0,6.9,6.53,7.03,7.03
1963,32.7167,7.0,43.336,-0.001,1.0474,5.75,1.88,0.11,6.77,0.0,0.0,-0.0,0.0,0.0,0.0,6.8,7.02,7.03,6.23
1964,32.7333,7.0,43.354,-0.0,1.0426,5.69,2.34,0.13,6.981,0.0,0.0,-0.0,0.0,0.0,0.0,6.96,4.57,7.04,9.35
1965,32.75,7.0,43.373,-0.0,1.0367,5.88,2.87,0.3,6.613,0.0,0.0,-0.0,0.0,0.0,0.0,6.96,5.51,6.96,7.02
1966,32.7667,7.0,43.392,0.002,1.0344,5.55,3.35,0.3,8.719,0.0,0.0,-0.0,0.0,0.0,0.0,7.59,6.75,11.4,9.13
1967,32.7833,7.0,43.41,0.006,1.036,5.23,3.52,0.47,6.678,0.0,0.0,-0.0,0.0,0.0,0.0,6.98,5.75,6.96,7.02
1968,32.8,7.0,43.428,0.007,1.0387,5.07,3.39,0.51,6.898,0.0,0.0,-0.0,0.0,0.0,0.0,7.28,6.31,6.99,7.01
1969,32.8167,7.0,43.445,0.008,1.0382,4.97,3.32,0.61,6.958,0.0,0.0,-0.0,0.0,0.0,0.0,6.99,6.84,7.0,7.0
1970,32.8333,7.0,43.462,0.009,1.037,5.08,3.42,0.72,7.511,0.0,0.0,-0.0,0.0,0.0,0.0,7.43,8.44,7.09,7.08
1971,32.85,7.0,43.479,0.006,1.0371,5.4,3.34,0.42,6.992,0.0,0.0,-0.0,0.0,0.0,0.0,6.98,7.0,6.98,7.01
1972,32.8667,7.0,43.496,0.004,1.0354,5.75,3.17,0.36,8.11,0.0,0.0,-0.0,0.0,0.0,0.0,6.87,7.43,11.15,7.0
1973,32.8833,7.0,43.512,0.003,1.0348,5.81,3.47,0.3,6.597,0.0,0.0,-0.0,0.0,0.0,0.0,7.01,7.06,7.03,5.29
1974,32.9,7.0,43.528,0.004,1.0366,5.62,3.2,0.31,6.46,0.0,0.0,-0.0,0.0,0.0,0.0,7.5,6.43,4.93,6.98
1975,32.9167,7.0,43.544,0.004,1.0362,5.6,3.26,0.27,6.588,0.0,0.0,-0.0,0.0,0.0,0.0,7.01,6.16,6.28,6.9
1976,32.9333,7.0,43.561,0.004,1.0342,5.61,3.37,0.31,6.28,0.0,0.0,-0.0,0.0,0.0,0.0,6.66,6.98,3.57,7.91
1977,32.95,7.0,43.577,0.006,1.0362,5.35,3.45,0.32,6.775,0.0,0.0,-0.0,0.0,0.0,0.0,7.0,6.29,6.85,6.96
1978,32.9667,7.0,43.594,0.007,1.037,5.34,3.3,0.2,7.239,0.0,0.0,-0.0,0.0,0.0,0.0,7.82,7.17,6.99,6.99
1979,32.9833,7.0,43.61,0.007,1.0355,5.34,3.21,0.22,6.485,0.0,0.0,-0.0,0.0,0.0,0.0,6.72,5.57,6.82,6.83
1980,33.0,7.0,43.626,0.006,1.0348,5.6,3.4,0.23,7.067,0.0,0.0,-0.0,0.0,0.0,0.0,9.96,7.73,7.06,3.52
1981,33.0167,7.0,43.642,0.004,1.037,5.8,3.17,0.2,6.87,0.0,0.0,-0.0,0.0,0.0,0.0,7.0,7.0,7.1,6.38
1982,33.0333,7.0,43.658,0.002,1.0368,5.97,3.03,0.15,6.878,0.0,0.0,-0.0,0.0,0.0,0.0,7.01,7.01,7.01,6.48
1983,33.05,7.0,43.675,0.002,1.0356,5.96,3.07,0.05,7.601,0.0,0.0,-0.0,0.0,0.0,0.0,7.06,7.06,8.69,7.6
1984,33.0667,7.0,43.691,0.004,1.0348,5.94,2.75,0.3,7.046,0.0,0.0,-0.0,0.0,0.0,0.0,6.95,6.94,7.24,7.05
1985,33.0833,7.0,43.707,0.005,1.0325,5.89,2.49,0.46,7.165,0.0,0.0,-0.0,0.0,0.0,0.0,7.24,7.23,7.07,7.11
1986,33.1,7.0,43.724,0.006,1.0306,5.86,2.48,0.41,6.886,0.0,0.0,-0.0,0.0,0.0,0.0,6.99,6.57,6.99,7.0
1987,33.1167,7.0,43.74,0.006,1.0273,5.67,2.67,0.31,7.036,0.0,0.0,-0.0,0.0,0.0,0.0,7.04,7.54,7.06,6.51
1988,33.1333,7.0,43.756,0.007,1.0325,5.52,2.78,0.32,6.624,0.0,0.0,-0.0,0.0,0.0,0.0,7.04,6.54,5.95,6.97
1989,33.15,7.0,43.774,0.008,1.0323,5.4,2.94,0.36,5.954,0.0,0.0,-0.0,0.0,0.0,0.0,2.97,6.68,7.08,7.08
1990,33.1667,7.0,43.791,0.008,1.0302,5.35,2.99,0.36,6.944,0.0,0.0,-0.0,0.0,0.0,0.0,6.98,6.72,7.08,7.0
1991,33.1833,7.0,43.809,0.008,1.029,5.44,3.23,0.36,6.761,0.0,0.0,-0.0,0.0,0.0,0.0,7.6,6.63,5.74,7.07
1992,33.2,7.0,43.826,0.007,1.027,5.52,3.46,0.37,6.887,0.0,0.0,-0.0,0.0,0.0,0.0,7.0,6.54,7.0,7.0
1993,33.2167,7.0,43.844,0.006,1.0228,5.65,3.68,0.38,6.773,0.0,0.0,-0.0,0.0,0.0,0.0,7.0,6.09,7.0,7.0
1994,33.2333,7.0,43.862,0.005,1.0175,5.94,4.2,0.47,6.423,0.0,0.0,-0.0,0.0,0.0,0.0,7.04,5.54,6.12,6.99
1995,33.25,7.0,43.88,0.004,1.013,6.15,4.82,0.52,6.685,0.0,0.0,-0.0,0.0,0.0,0.0,6.98,5.8,6.97,6.99
1996,33.2667,7.0,43.899,0.004,1.0095,6.15,5.25,0.51,7.009,0.0,0.0,-0.0,0.0,0.0,0.0,6.9,6.88,6.36,7.89
1997,33.2833,7.0,43.918,0.005,1.0062,5.89,5.57,0.55,7.057,0.0,0.0,-0.0,0.0,0.0,0.0,6.95,6.96,6.3,8.03
1998,33.3,7.0,43.935,0.009,1.0103,5.45,5.67,0.58,6.423,0.0,0.0,-0.0,0.0,0.0,0.0,6.98,6.27,5.43,7.01
1999,33.3167,7.0,43.953,0.011,1.0095,5.14,5.99,0.66,6.791,0.0,0.0,-0.0,0.0,0.0,0.0,6.98,6.22,6.98,6.98
2000,33.3333,7.0,43.972,0.013,1.0081,4.83,6.1,0.65,7.393,0.0,0.0,-0.0,0.0,0.0,0.0,6.88,7.23,8.49,6.97
2001,33.35,7.0,43.989,0.015,1.0088,4.48,5.73,0.63,5.626,0.0,0.0,-0.0,0.0,0.0,0.0,7.71,0.8,6.98,7.01
2002,33.3667,7.0,44.005,0.016,1.011,4.74,6.1,0.85,7.006,0.0,0.0,-0.0,0.0,0.0,0.0,7.0,7.01,6.99,7.02
2003,33.3833,7.0,44.022,0.017,1.0097,4.83,6.12,0.97,6.808,0.0,0.0,-0.0,0.0,0.0,0.0,7.0,6.23,7.0,7.0
2004,33.4,7.0,44.039,0.017,1.0095,4.81,6.16,0.96,6.04,0.0,0.0,-0.0,0.0,0.0,0.0,5.17,5.67,6.31,7.01
2005,33.4167,7.0,44.055,0.017,1.0098,4.85,6.18,0.92,7.102,0.0,0.0,-0.0,0.0,0.0,0.0,6.75,7.7,6.98,6.98
2006,33.4333,7.0,44.071,0.016,1.0081,4.95,6.16,0.88,6.994,0.0,0.0,-0.0,0.0,0.0,0.0,7.02,6.9,6.99,7.06
2007,33.45,7.0,44.086,0.016,1.0087,5.02,6.04,0.83,6.323,0.0,0.0,-0.0,0.0,0.0,0.0,7.0,5.61,5.65,7.03
2008,33.4667,7.0,44.101,0.015,1.0098,5.1,6.0,0.79,6.712,0.0,0.0,-0.0,0.0,0.0,0.0,6.99,6.72,6.14,7.0
2009,33.4833,7.0,44.117,0.014,1.0093,5.22,5.9,0.76,6.442,0.0,0.0,-0.0,0.0,0.0,0.0,6.94,6.92,4.83,7.07
2010,33.5,7.0,44.133,0.013,1.0077,5.35,5.71,0.72,7.697,0.0,0.0,-0.0,0.0,0.0,0.0,7.04,6.49,10.32,6.94
2011,33.5167,7.0,44.147,0.012,1.0099,5.52,5.57,0.78,6.806,0.0,0.0,-0.0,0.0,0.0,0.0,6.99,6.03,7.2,7.01
2012,33.5333,7.0,44.161,0.011,1.0105,5.71,5.45,0.82,6.782,0.0,0.0,-0.0,0.0,0.0,0.0,7.01,6.11,7.01,7.01
2013,33.55,7.0,44.176,0.01,1.0091,6.0,5.32,0.84,6.989,0.0,0.0,-0.0,0.0,0.0,0.0,6.94,7.24,6.7,7.07
2014,33.5667,7.0,44.192,0.008,1.0062,6.32,5.14,0.79,7.084,0.0,0.0,-0.0,0.0,0.0,0.0,7.03,7.03,7.27,7.01
2015,33.5833,7.0,44.206,0.008,1.0073,6.38,4.42,0.74,6.855,0.0,0.0,-0.0,0.0,0.0,0.0,7.0,6.86,6.56,6.99
2016,33.6,7.0,44.22,0.007,1.0045,6.5,4.03,0.68,6.912,0.0,0.0,-0.0,0.0,0.0,0.0,6.99,7.02,6.96,6.68
2017,33.6167,7.0,44.233,0.007,0.9999,6.55,3.57,0.6,7.13,0.0,0.0,-0.0,0.0,0.0,0.0,7.1,6.86,9.8,4.76
2018,33.6333,7.0,44.246,0.008,0.9956,6.4,2.83,0.5,6.277,0.0,0.0,-0.0,0.0,0.0,0.0,6.79,6.36,5.09,6.87
2019,33.65,7.0,44.26,0.01,0.9923,6.09,2.68,0.46,6.376,0.0,0.0,-0.0,0.0,0.0,0.0,6.99,6.99,6.29,5.23
2020,33.6667,7.0,44.274,0.013,0.9879,5.73,2.63,0.46,5.356,0.0,0.0,-0.0,0.0,0.0,0.0,7.24,5.46,0.62,8.1
2021,33.6833,7.0,44.289,0.015,0.9871,5.56,3.09,0.64,6.757,0.0,0.0,-0.0,0.0,0.0,0.0,6.94,6.91,6.98,6.2
2022,33.7,7.0,44.305,0.018,0.9843,5.29,3.22,0.7,6.635,0.0,0.0,-0.0,0.0,0.0,0.0,6.96,6.96,7.26,5.36
2023,33.7167,7.0,44.322,0.019,0.9832,5.18,3.76,0.74,6.779,0.0,0.0,-0.0,0.0,0.0,0.0,7.01,5.21,7.86,7.03
2024,33.7333,7.0,44.339,0.02,0.9799,5.12,4.18,0.82,6.705,0.0,0.0,-0.0,0.0,0.0,0.0,6.99,5.82,6.99,7.01
2025,33.75,7.0,44.357,0.02,0.9746,5.16,4.54,0.86,6.432,0.0,0.0,-0.0,0.0,0.0,0.0,6.74,5.3,6.84,6.84
2026,33.7667,7.0,44.375,0.02,0.9691,5.5,5.23,1.04,7.17,0.0,0.0,-0.0,0.0,0.0,0.0,7.13,6.15,8.33,7.07
2027,33.7833,7.0,44.394,0.019,0.9662,5.69,5.52,1.09,6.93,0.0,0.0,-0.0,0.0,0.0,0.0,6.75,8.27,5.85,6.84
2028,33.8,7.0,44.411,0.021,0.9671,5.44,5.48,1.03,7.207,0.0,0.0,-0.0,0.0,0.0,0.0,7.05,7.06,7.54,7.17
2029,33.8167,7.0,44.428,0.022,0.9656,5.17,5.32,0.99,6.51,0.0,0.0,-0.0,0.0,0.0,0.0,7.14,6.84,7.13,4.93
2030,33.8333,7.0,44.445,0.022,0.9667,5.22,5.8,0.96,6.7,0.0,0.0,-0.0,0.0,0.0,0.0,7.01,6.42,6.35,7.01
2031,33.85,7.0,44.462,0.023,0.9671,5.12,5.79,0.98,6.443,0.0,0.0,-0.0,0.0,0.0,0.0,6.87,7.03,4.94,6.93
2032,33.8667,7.0,44.479,0.023,0.967,5.0,5.81,0.93,6.678,0.0,0.0,-0.0,0.0,0.0,0.0,7.2,5.27,7.24,7.0
2033,33.8833,7.0,44.496,0.024,0.9671,5.05,5.85,0.97,6.926,0.0,0.0,-0.0,0.0,0.0,0.0,7.02,6.64,7.02,7.02
2034,33.9,7.0,44.512,0.024,0.9655,5.05,5.92,0.98,7.761,0.0,0.0,-0.0,0.0,0.0,0.0,7.08,8.87,7.88,7.21
2035,33.9167,7.0,44.529,0.025,0.9664,4.99,5.86,0.93,7.807,0.0,0.0,-0.0,0.0,0.0,0.0,7.37,5.99,10.75,7.12
2036,33.9333,7.0,44.544,0.027,0.9686,5.16,5.58,1.19,6.795,0.0,0.0,-0.0,0.0,0.0,0.0,7.01,6.13,7.04,7.01
2037,33.95,7.0,44.56,0.028,0.9688,5.37,5.38,1.48,6.741,0.0,0.0,-0.0,0.0,0.0,0.0,6.98,5.97,7.01,7.01
2038,33.9667,7.0,44.576,0.03,0.9676,5.38,5.42,1.63,6.869,0.0,0.0,-0.0,0.0,0.0,0.0,6.93,6.91,6.96,6.68
2039,33.9833,7.0,44.593,0.031,0.9648,5.13,5.4,1.63,6.943,0.0,0.0,-0.0,0.0,0.0,0.0,6.95,6.95,7.27,6.61
2040,34.0,7.0,44.609,0.032,0.9668,5.1,5.87,1.6,7.767,0.0,0.0,-0.0,0.0,0.0,0.0,6.8,5.93,11.09,7.25
2041,34.0167,7.0,44.626,0.033,0.965,5.02,6.09,1.61,6.848,0.0,0.0,-0.0,0.0,0.0,0.0,7.0,6.38,7.01,7.0
2042,34.0333,7.0,44.643,0.035,0.9656,4.74,5.84,1.61,6.42,0.0,0.0,-0.0,0.0,0.0,0.0,6.81,5.67,6.26,6.94
2043,34.05,7.0,44.659,0.036,0.9661,4.64,6.07,1.57,6.496,0.0,0.0,-0.0,0.0,0.0,0.0,7.13,6.38,5.55,6.93
2044,34.0667,7.0,44.676,0.036,0.9653,4.55,6.3,1.45,5.038,0.0,0.0,-0.0,0.0,0.0,0.0,7.1,6.14,-0.18,7.1
2045,34.0833,7.0,44.692,0.037,0.9655,4.46,6.14,1.41,7.619,0.0,0.0,-0.0,0.0,0.0,0.0,8.1,7.01,8.35,7.02
2046,34.1,7.0,44.708,0.038,0.9641,4.43,5.84,1.38,7.739,0.0,0.0,-0.0,0.0,0.0,0.0,6.93,10.14,6.95,6.94
2047,34.1167,7.0,44.724,0.039,0.9604,4.52,5.56,1.3,6.998,0.0,0.0,-0.0,0.0,0.0,0.0,7.0,7.0,7.0,7.0
2048,34.1333,7.0,44.739,0.039,0.9559,4.51,4.93,1.19,1.646,0.0,0.0,-0.0,0.0,0.0,0.0,-12.67,6.88,5.48,6.9
2049,34.15,7.0,44.754,0.041,0.9507,4.31,4.12,1.08,7.392,0.0,0.0,-0.0,0.0,0.0,0.0,8.73,6.92,6.95,6.98
2050,34.1667,7.0,44.767,0.042,0.9434,4.15,3.35,1.02,9.751,0.0,0.0,-0.0,0.0,0.0,0.0,18.05,6.96,6.95,7.04
2051,34.1833,7.0,44.78,0.04,0.941,4.45,3.15,0.98,6.496,0.0,0.0,-0.0,0.0,0.0,0.0,6.92,6.89,5.19,6.99
2052,34.2,7.0,44.795,0.038,0.9402,4.73,3.02,0.91,7.146,0.0,0.0,-0.0,0.0,0.0,0.0,6.97,6.37,8.26,6.98
2053,34.2167,7.0,44.81,0.037,0.9384,4.83,3.06,0.8,6.473,0.0,0.0,-0.0,0.0,0.0,0.0,6.99,6.97,6.99,4.94
2054,34.2333,7.0,44.826,0.037,0.9352,4.82,3.11,0.69,6.656,0.0,0.0,-0.0,0.0,0.0,0.0,7.0,7.0,7.0,5.63
2055,34.25,7.0,44.843,0.037,0.9336,4.89,3.78,0.66,6.52,0.0,0.0,-0.0,0.0,0.0,0.0,6.99,6.39,7.04,5.67
2056,34.2667,7.0,44.86,0.038,0.9342,4.66,3.72,0.64,7.216,0.0,0.0,-0.0,0.0,0.0,0.0,6.97,7.71,7.21,6.97
2057,34.2833,7.0,44.876,0.039,0.9342,4.48,3.82,0.68,6.081,0.0,0.0,-0.0,0.0,0.0,0.0,7.18,6.41,3.76,6.97
2058,34.3,7.0,44.892,0.04,0.9345,4.36,4.07,0.64,5.503,0.0,0.0,-0.0,0.0,0.0,0.0,7.16,6.2,1.66,6.99
2059,34.3167,7.0,44.909,0.041,0.9355,4.22,4.03,0.66,6.838,0.0,0.0,-0.0,0.0,0.0,0.0,6.99,6.46,6.92,6.98
2060,34.3333,7.0,44.925,0.042,0.9349,4.17,3.95,0.73,6.714,0.0,0.0,-0.0,0.0,0.0,0.0,6.85,6.06,6.97,6.97
2061,34.35,7.0,44.942,0.042,0.9345,4.19,4.18,0.76,6.819,0.0,0.0,-0.0,0.0,0.0,0.0,7.0,6.71,6.5,7.07
2062,34.3667,7.0,44.958,0.042,0.9345,4.16,4.14,0.74,6.904,0.0,0.0,-0.0,0.0,0.0,0.0,6.93,6.55,7.18,6.96
2063,34.3833,7.0,44.974,0.043,0.9342,4.11,3.96,0.81,6.251,0.0,0.0,-0.0,0.0,0.0,0.0,6.82,6.37,4.95,6.87
2064,34.4,7.0,44.99,0.043,0.9349,4.14,4.13,0.77,6.67,0.0,0.0,-0.0,0.0,0.0,0.0,7.06,6.6,6.07,6.95
2065,34.4167,7.0,45.006,0.042,0.9343,4.23,4.17,0.72,7.22,0.0,0.0,-0.0,0.0,0.0,0.0,7.26,7.56,6.87,7.19
2066,34.4333,7.0,45.021,0.042,0.9348,4.23,3.94,0.66,7.168,0.0,0.0,-0.0,0.0,0.0,0.0,6.98,7.37,7.34,6.97
2067,34.45,7.0,45.037,0.041,0.9349,4.29,3.88,0.6,6.416,0.0,0.0,-0.0,0.0,0.0,0.0,7.11,6.38,5.14,7.04
2068,34.4667,7.0,45.052,0.04,0.935,4.44,3.95,0.55,6.705,0.0,0.0,-0.0,0.0,0.0,0.0,6.98,5.86,6.98,6.99
2069,34.4833,7.0,45.067,0.039,0.935,4.58,3.81,0.53,7.039,0.0,0.0,-0.0,0.0,0.0,0.0,6.96,6.75,7.46,6.98
2070,34.5,7.0,45.082,0.039,0.9352,4.7,3.45,0.56,6.982,0.0,0.0,-0.0,0.0,0.0,0.0,6.82,6.2,6.82,8.08
2071,34.5167,7.0,45.097,0.038,0.9345,4.78,3.42,0.54,6.351,0.0,0.0,-0.0,0.0,0.0,0.0,7.0,7.13,3.94,7.33
2072,34.5333,7.0,45.112,0.037,0.9351,4.81,3.63,0.43,6.602,0.0,0.0,-0.0,0.0,0.0,0.0,6.85,6.16,6.82,6.57
2073,34.55,7.0,45.128,0.037,0.9358,4.82,3.56,0.42,6.71,0.0,0.0,-0.0,0.0,0.0,0.0,7.04,6.82,5.99,6.99
2074,34.5667,7.0,45.143,0.037,0.9355,4.82,3.43,0.34,6.901,0.0,0.0,-0.0,0.0,0.0,0.0,7.01,6.6,7.0,7.0
2075,34.5833,7.0,45.159,0.036,0.9339,4.84,3.44,0.28,6.622,0.0,0.0,-0.0,0.0,0.0,0.0,6.96,5.94,6.67,6.92
2076,34.6,7.0,45.175,0.037,0.9332,4.81,3.39,0.26,7.435,0.0,0.0,-0.0,0.0,0.0,0.0,7.07,7.55,8.1,7.02
2077,34.6167,7.0,45.191,0.037,0.9329,4.79,3.03,0.28,7.004,0.0,0.0,-0.0,0.0,0.0,0.0,7.0,7.03,6.99,7.0
2078,34.6333,7.0,45.206,0.038,0.9301,4.84,2.66,0.32,7.883,0.0,0.0,-0.0,0.0,0.0,0.0,6.9,10.65,6.99,6.99
2079,34.65,7.0,45.221,0.039,0.925,4.94,2.29,0.37,7.059,0.0,0.0,-0.0,0.0,0.0,0.0,7.01,7.01,7.22,6.99
2080,34.6667,7.0,45.236,0.04,0.9208,4.77,1.56,0.32,6.971,0.0,0.0,-0.0,0.0,0.0,0.0,7.05,6.81,7.01,7.02
2081,34.6833,7.0,45.249,0.041,0.9152,4.57,0.9,0.24,6.961,0.0,0.0,-0.0,0.0,0.0,0.0,6.95,6.95,6.96,6.98
2082,34.7,7.0,45.263,0.042,0.912,4.51,0.8,0.22,4.673,0.0,0.0,-0.0,0.0,0.0,0.0,7.06,4.97,4.66,2.0
2083,34.7167,7.0,45.275,0.043,0.9158,4.29,0.58,0.19,6.783,0.0,0.0,-0.0,0.0,0.0,0.0,6.84,5.02,8.37,6.9
2084,34.7333,7.0,45.286,0.044,0.9197,4.12,0.16,0.18,6.814,0.0,0.0,-0.0,0.0,0.0,0.0,6.99,6.22,6.99,7.05
2085,34.75,7.0,45.298,0.044,0.9224,4.0,-0.29,0.12,6.89,0.0,0.0,-0.0,0.0,0.0,0.0,7.0,6.06,7.51,7.0
2086,34.7667,7.0,45.31,0.045,0.9249,4.01,-0.64,0.17,6.379,0.0,0.0,-0.0,0.0,0.0,0.0,6.96,5.12,6.54,6.88
2087,34.7833,7.0,45.322,0.044,0.9273,4.13,-0.82,0.13,7.211,0.0,0.0,-0.0,0.0,0.0,0.0,6.98,5.79,9.09,6.99
2088,34.8,7.0,45.335,0.043,0.9287,4.31,-1.12,0.1,8.05,0.0,0.0,-0.0,0.0,0.0,0.0,7.01,5.93,12.18,7.07
2089,34.8167,7.0,45.349,0.041,0.9288,4.55,-1.46,0.07,7.041,0.0,0.0,-0.0,0.0,0.0,0.0,6.96,6.23,7.91,7.06
2090,34.8333,7.0,45.363,0.04,0.9294,4.44,-1.34,-0.15,5.978,0.0,0.0,-0.0,0.0,0.0,0.0,6.94,5.1,6.99,4.88
2091,34.85,7.0,45.378,0.04,0.9299,4.39,-1.35,-0.16,6.947,0.0,0.0,-0.0,0.0,0.0,0.0,7.03,6.27,7.38,7.11
2092,34.8667,7.0,45.394,0.041,0.9301,4.36,-1.53,-0.11,6.921,0.0,0.0,-0.0,0.0,0.0,0.0,7.03,6.59,7.04,7.02
2093,34.8833,7.0,45.41,0.041,0.9294,4.41,-1.42,-0.08,6.453,0.0,0.0,-0.0,0.0,0.0,0.0,7.03,5.86,6.32,6.6
2094,34.9,7.0,45.426,0.041,0.9302,4.4,-1.33,-0.06,7.135,0.0,0.0,-0.0,0.0,0.0,0.0,7.24,7.07,7.14,7.08
2095,34.9167,7.0,45.442,0.041,0.9311,4.38,-1.53,-0.15,7.085,0.0,0.0,-0.0,0.0,0.0,0.0,7.06,7.2,7.04,7.04
2096,34.9333,7.0,45.458,0.041,0.9299,4.35,-1.68,-0.16,6.93,0.0,0.0,-0.0,0.0,0.0,0.0,6.57,7.4,6.88,6.87
2097,34.95,7.0,45.474,0.04,0.9289,4.43,-1.33,-0.12,5.319,0.0,0.0,-0.0,0.0,0.0,0.0,7.15,7.21,1.46,5.45
2098,34.9667,7.0,45.49,0.04,0.9306,4.34,-1.33,-0.07,6.725,0.0,0.0,-0.0,0.0,0.0,0.0,7.05,6.78,6.02,7.04
2099,34.9833,7.0,45.507,0.04,0.9307,4.24,-1.43,-0.13,7.381,0.0,0.0,-0.0,0.0,0.0,0.0,7.12,8.63,6.9,6.88
2100,35.0,7.0,45.523,0.04,0.9284,4.18,-1.48,-0.18,6.155,0.0,0.0,-0.0,0.0,0.0,0.0,6.54,6.42,6.79,4.88
2101,35.0167,7.0,45.539,0.04,0.9295,4.15,-1.2,-0.16,6.614,0.0,0.0,-0.0,0.0,0.0,0.0,6.97,6.23,6.28,6.97
2102,35.0333,7.0,45.555,0.04,0.9307,4.07,-1.15,-0.16,6.841,0.0,0.0,-0.0,0.0,0.0,0.0,7.01,6.38,7.01,6.97
2103,35.05,7.0,45.572,0.04,0.9302,4.06,-1.17,-0.17,6.865,0.0,0.0,-0.0,0.0,0.0,0.0,7.01,6.43,7.01,7.01
2104,35.0667,7.0,45.588,0.039,0.9277,4.09,-1.14,-0.15,6.187,0.0,0.0,-0.0,0.0,0.0,0.0,7.08,6.51,4.08,7.08
2105,35.0833,7.0,45.604,0.039,0.9298,4.1,-1.16,-0.17,6.916,0.0,0.0,-0.0,0.0,0.0,0.0,7.0,7.27,6.39,7.0
2106,35.1,7.0,45.619,0.038,0.9304,4.11,-1.25,-0.19,6.929,0.0,0.0,-0.0,0.0,0.0,0.0,6.99,6.78,6.97,6.98
2107,35.1167,7.0,45.635,0.038,0.9286,4.19,-1.35,-0.22,6.83,0.0,0.0,-0.0,0.0,0.0,0.0,7.0,6.32,7.0,7.01
2108,35.1333,7.0,45.651,0.037,0.9281,4.26,-1.51,-0.23,6.983,0.0,0.0,-0.0,0.0,0.0,0.0,6.95,7.1,6.88,6.99
2109,35.15,7.0,45.666,0.037,0.9274,4.29,-1.78,-0.25,6.851,0.0,0.0,-0.0,0.0,0.0,0.0,7.18,7.12,7.17,5.93
2110,35.1667,7.0,45.681,0.038,0.9244,4.26,-2.02,-0.33,7.062,0.0,0.0,-0.0,0.0,0.0,0.0,7.24,7.22,6.1,7.7
2111,35.1833,7.0,45.696,0.038,0.9196,4.21,-2.3,-0.37,7.794,0.0,0.0,-0.0,0.0,0.0,0.0,7.28,18.54,5.69,-0.33
2112,35.2,7.0,45.71,0.041,0.9184,3.96,-2.54,-0.43,6.834,0.0,0.0,-0.0,0.0,0.0,0.0,6.86,7.78,2.96,9.74
2113,35.2167,7.0,45.725,0.039,0.919,3.92,-2.5,-0.6,7.672,0.0,0.0,-0.0,0.0,0.0,0.0,6.99,8.27,8.98,6.46
2114,35.2333,7.0,45.74,0.039,0.9189,3.71,-2.42,-0.86,-2.435,0.0,0.0,-0.0,0.0,0.0,0.0,7.74,6.07,-33.93,10.39
2115,35.25,7.0,45.75,0.043,0.9258,3.07,-2.82,-0.96,6.569,0.0,0.0,-0.0,0.0,0.0,0.0,6.95,5.04,7.25,7.04
2116,35.2667,7.0,45.76,0.045,0.9311,2.67,-3.04,-0.97,6.551,0.0,0.0,-0.0,0.0,0.0,0.0,7.01,5.16,7.0,7.04
2117,35.2833,7.0,45.772,0.047,0.9355,2.35,-3.31,-0.99,6.714,0.0,0.0,-0.0,0.0,0.0,0.0,7.0,5.68,7.17,7.01
2118,35.3,7.0,45.784,0.048,0.9387,2.08,-3.65,-1.0,6.725,0.0,0.0,-0.0,0.0,0.0,0.0,7.0,5.87,7.01,7.01
2119,35.3167,7.0,45.796,0.049,0.9413,1.92,-3.92,-0.98,6.312,0.0,0.0,-0.0,0.0,0.0,0.0,7.05,5.37,5.8,7.04
2120,35.3333,7.0,45.809,0.049,0.944,1.88,-4.12,-0.99,6.933,0.0,0.0,-0.0,0.0,0.0,0.0,6.98,6.06,7.7,6.98
2121,35.35,7.0,45.822,0.048,0.9455,1.92,-4.41,-0.99,6.91,0.0,0.0,-0.0,0.0,0.0,0.0,7.07,7.1,6.49,6.97
2122,35.3667,7.0,45.836,0.047,0.9457,2.03,-4.76,-1.02,6.683,0.0,0.0,-0.0,0.0,0.0,0.0,6.97,5.86,6.95,6.95
2123,35.3833,7.0,45.849,0.046,0.9476,2.23,-4.9,-0.99,6.545,0.0,0.0,-0.0,0.0,0.0,0.0,7.03,5.92,6.23,6.99
2124,35.4,7.0,45.864,0.044,0.9481,2.51,-5.13,-0.99,6.815,0.0,0.0,-0.0,0.0,0.0,0.0,7.05,7.02,6.16,7.03
2125,35.4167,7.0,45.878,0.041,0.9469,2.83,-5.36,-1.01,6.574,0.0,0.0,-0.0,0.0,0.0,0.0,6.93,5.5,6.92,6.94
2126,35.4333,7.0,45.892,0.039,0.9463,3.13,-5.71,-1.0,6.859,0.0,0.0,-0.0,0.0,0.0,0.0,6.98,8.22,5.15,7.08
2127,35.45,7.0,45.905,0.037,0.9487,3.54,-5.96,-1.17,6.976,0.0,0.0,-0.0,0.0,0.0,0.0,6.98,6.96,6.98,6.98
2128,35.4667,7.0,45.917,0.035,0.9484,3.93,-6.28,-1.32,6.333,0.0,0.0,-0.0,0.0,0.0,0.0,6.86,4.74,6.88,6.85
2129,35.4833,7.0,45.93,0.033,0.9484,3.92,-6.13,-1.48,6.4,0.0,0.0,-0.0,0.0,0.0,0.0,6.98,7.01,6.99,4.62
2130,35.5,7.0,45.944,0.034,0.9482,3.81,-6.17,-1.47,6.736,0.0,0.0,-0.0,0.0,0.0,0.0,6.97,6.97,6.65,6.35
2131,35.5167,7.0,45.959,0.034,0.9481,3.76,-6.16,-1.44,6.549,0.0,0.0,-0.0,0.0,0.0,0.0,7.07,5.34,6.76,7.03
2132,35.5333,7.0,45.974,0.033,0.9477,3.85,-6.12,-1.37,6.668,0.0,0.0,-0.0,0.0,0.0,0.0,6.99,5.8,6.89,6.99
2133,35.55,7.0,45.99,0.033,0.9474,3.8,-6.05,-1.35,7.131,0.0,0.0,-0.0,0.0,0.0,0.0,6.99,6.98,7.33,7.23
2134,35.5667,7.0,46.006,0.034,0.9475,3.62,-6.14,-1.29,6.409,0.0,0.0,-0.0,0.0,0.0,0.0,7.26,6.07,5.24,7.07
2135,35.5833,7.0,46.021,0.034,0.9479,3.6,-6.01,-1.24,6.866,0.0,0.0,-0.0,0.0,0.0,0.0,7.04,6.94,6.51,6.98
2136,35.6,7.0,46.038,0.033,0.947,3.65,-5.98,-1.21,7.078,0.0,0.0,-0.0,0.0,0.0,0.0,7.1,7.16,7.02,7.03
2137,35.6167,7.0,46.054,0.034,0.9465,3.55,-6.17,-1.2,6.304,0.0,0.0,-0.0,0.0,0.0,0.0,7.0,4.66,6.9,6.66
2138,35.6333,7.0,46.069,0.033,0.9479,3.55,-6.03,-1.16,6.626,0.0,0.0,-0.0,0.0,0.0,0.0,7.1,6.49,5.9,7.02
2139,35.65,7.0,46.085,0.032,0.948,3.62,-5.97,-1.14,6.777,0.0,0.0,-0.0,0.0,0.0,0.0,6.97,6.14,7.0,6.99
2140,35.6667,7.0,46.101,0.031,0.9473,3.71,-6.03,-1.13,7.677,0.0,0.0,-0.0,0.0,0.0,0.0,7.02,7.81,8.89,6.99
2141,35.6833,7.0,46.116,0.031,0.9479,3.74,-6.32,-1.06,6.403,0.0,0.0,-0.0,0.0,0.0,0.0,7.07,4.11,7.26,7.17
2142,35.7,7.0,46.131,0.031,0.9492,3.69,-5.93,-1.06,5.707,0.0,0.0,-0.0,0.0,0.0,0.0,6.97,7.0,3.77,5.09
2143,35.7167,7.0,46.145,0.032,0.9507,3.34,-5.42,-1.07,5.42,0.0,0.0,-0.0,0.0,0.0,0.0,6.89,6.91,6.92,0.96
2144,35.7333,7.0,46.16,0.034,0.9514,2.88,-4.99,-1.06,7.259,0.0,0.0,-0.0,0.0,0.0,0.0,7.03,7.07,6.85,8.09
2145,35.75,7.0,46.175,0.037,0.9522,2.46,-4.6,-0.97,5.564,0.0,0.0,-0.0,0.0,0.0,0.0,6.98,4.49,3.86,6.93
2146,35.7667,7.0,46.191,0.039,0.9531,2.26,-4.1,-0.88,6.247,0.0,0.0,-0.0,0.0,0.0,0.0,6.97,4.0,7.01,7.01
2147,35.7833,7.0,46.207,0.04,0.9542,2.08,-3.78,-0.85,6.803,0.0,0.0,-0.0,0.0,0.0,0.0,6.94,6.62,6.68,6.97
2148,35.8,7.0,46.216,0.044,0.9588,1.48,-3.71,-1.34,6.249,0.0,0.0,-0.0,0.0,0.0,0.0,7.06,7.07,3.84,7.02
2149,35.8167,7.0,46.223,0.049,0.9642,0.67,-3.85,-1.43,7.407,0.0,0.0,-0.0,0.0,0.0,0.0,7.23,8.29,7.03,7.08
2150,35.8333,7.0,46.229,0.053,0.9699,-0.13,-4.0,-1.4,6.063,0.0,0.0,-0.0,0.0,0.0,0.0,7.0,3.42,6.85,6.99
2151,35.85,7.0,46.236,0.057,0.975,-0.72,-4.19,-1.41,6.838,0.0,0.0,-0.0,0.0,0.0,0.0,6.82,4.13,9.29,7.11
2152,35.8667,7.0,46.245,0.06,0.9809,-1.16,-4.53,-1.41,6.549,0.0,0.0,-0.0,0.0,0.0,0.0,6.99,5.1,7.11,7.0
2153,35.8833,7.0,46.254,0.063,0.9848,-1.56,-4.99,-1.46,6.972,0.0,0.0,-0.0,0.0,0.0,0.0,6.97,6.94,6.99,6.99
2154,35.9,7.0,46.263,0.064,0.9895,-1.74,-5.27,-1.42,6.416,0.0,0.0,-0.0,0.0,0.0,0.0,7.11,4.7,6.82,7.03
2155,35.9167,7.0,46.273,0.064,0.994,-1.78,-5.62,-1.39,9.348,0.0,0.0,-0.0,0.0,0.0,0.0,6.63,5.28,18.31,7.16
2156,35.9333,7.0,46.284,0.064,0.9969,-1.75,-6.02,-1.37,8.524,0.0,0.0,-0.0,0.0,0.0,0.0,6.79,6.27,14.22,6.82
2157,35.95,7.0,46.295,0.063,0.9988,-1.62,-6.54,-1.36,5.648,0.0,0.0,-0.0,0.0,0.0,0.0,6.97,4.44,4.17,7.01
2158,35.9667,7.0,46.307,0.062,0.9992,-1.49,-7.08,-1.35,6.178,0.0,0.0,-0.0,0.0,0.0,0.0,6.79,4.83,6.22,6.88
2159,35.9833,7.0,46.319,0.059,1.0013,-1.14,-7.34,-1.32,6.782,0.0,0.0,-0.0,0.0,0.0,0.0,7.0,5.77,7.36,7.0
2160,36.0,7.0,46.331,0.057,1.002,-0.75,-7.71,-1.31,4.988,0.0,0.0,-0.0,0.0,0.0,0.0,7.15,5.89,-0.2,7.12
2161,36.0167,7.0,46.344,0.053,1.0016,-0.37,-8.15,-1.35,6.854,0.0,0.0,-0.0,0.0,0.0,0.0,6.96,6.49,6.98,6.98
2162,36.0333,7.0,46.357,0.05,0.9993,0.09,-8.49,-1.35,4.742,0.0,0.0,-0.0,0.0,0.0,0.0,7.3,4.82,-0.53,7.38
2163,36.05,7.0,46.37,0.047,1.0014,0.55,-8.86,-1.34,6.697,0.0,0.0,-0.0,0.0,0.0,0.0,6.98,6.29,6.51,7.01
2164,36.0667,7.0,46.383,0.043,1.002,1.03,-9.27,-1.33,6.918,0.0,0.0,-0.0,0.0,0.0,0.0,6.95,6.79,6.93,6.99
2165,36.0833,7.0,46.396,0.039,1.0009,1.51,-9.66,-1.34,6.613,0.0,0.0,-0.0,0.0,0.0,0.0,7.07,7.92,4.35,7.11
2166,36.1,7.0,46.409,0.036,1.0009,1.97,-10.09,-1.35,6.621,0.0,0.0,-0.0,0.0,0.0,0.0,6.97,6.57,5.95,6.99
2167,36.1167,7.0,46.422,0.032,1.0021,2.44,-10.48,-1.37,7.185,0.0,0.0,-0.0,0.0,0.0,0.0,6.92,6.1,8.75,6.98
2168,36.1333,7.0,46.435,0.03,1.004,2.59,-10.44,-1.54,6.504,0.0,0.0,-0.0,0.0,0.0,0.0,6.95,6.97,6.98,5.12
2169,36.15,7.0,46.449,0.028,1.0047,2.61,-10.46,-1.68,6.66,0.0,0.0,-0.0,0.0,0.0,0.0,7.01,7.01,7.01,5.61
2170,36.1667,7.0,46.464,0.027,1.0039,2.56,-10.55,-1.8,6.793,0.0,0.0,-0.0,0.0,0.0,0.0,7.0,7.0,6.99,6.18
2171,36.1833,7.0,46.48,0.027,1.0025,2.44,-10.44,-1.91,5.113,0.0,0.0,-0.0,0.0,0.0,0.0,7.16,5.8,1.74,5.76
2172,36.2,7.0,46.496,0.028,1.0017,2.24,-10.29,-1.87,6.772,0.0,0.0,-0.0,0.0,0.0,0.0,7.02,7.01,7.01,6.05
2173,36.2167,7.0,46.512,0.029,1.0011,2.04,-10.13,-1.83,6.693,0.0,0.0,-0.0,0.0,0.0,0.0,7.02,6.37,6.38,7.0
2174,36.2333,7.0,46.528,0.029,1.0032,1.87,-10.07,-1.82,6.608,0.0,0.0,-0.0,0.0,0.0,0.0,7.0,5.43,7.0,7.0
2175,36.25,7.0,46.543,0.029,1.0031,1.76,-10.05,-1.79,6.757,0.0,0.0,-0.0,0.0,0.0,0.0,7.01,6.01,7.0,7.0
2176,36.2667,7.0,46.56,0.029,1.0012,1.71,-10.03,-1.75,6.81,0.0,0.0,-0.0,0.0,0.0,0.0,6.99,6.27,6.99,6.99
2177,36.2833,7.0,46.575,0.028,1.0016,1.76,-9.88,-1.71,6.657,0.0,0.0,-0.0,0.0,0.0,0.0,7.0,6.09,6.54,7.0
2178,36.3,7.0,46.591,0.028,1.0023,1.83,-9.9,-1.67,7.045,0.0,0.0,-0.0,0.0,0.0,0.0,7.05,7.18,6.92,7.03
2179,36.3167,7.0,46.606,0.027,1.0045,1.49,-9.18,-1.98,5.796,0.0,0.0,-0.0,0.0,0.0,0.0,7.05,4.32,6.45,5.36
2180,36.3333,7.0,46.62,0.028,1.0087,1.22,-8.55,-1.93,5.074,0.0,0.0,-0.0,0.0,0.0,0.0,6.93,1.35,5.91,6.11
2181,36.35,7.0,46.636,0.03,1.0131,0.96,-8.05,-1.87,6.679,0.0,0.0,-0.0,0.0,0.0,0.0,6.97,6.33,6.99,6.42
2182,36.3667,7.0,46.652,0.031,1.0163,0.73,-7.61,-1.81,6.461,0.0,0.0,-0.0,0.0,0.0,0.0,6.97,5.6,7.01,6.26
2183,36.3833,7.0,46.669,0.032,1.0185,0.52,-7.2,-1.76,6.579,0.0,0.0,-0.0,0.0,0.0,0.0,6.97,5.9,7.02,6.43
2184,36.4,7.0,46.687,0.033,1.0194,0.32,-6.83,-1.72,6.589,0.0,0.0,-0.0,0.0,0.0,0.0,6.99,6.06,7.02,6.28
2185,36.4167,7.0,46.705,0.033,1.0186,0.13,-6.49,-1.69,6.774,0.0,0.0,-0.0,0.0,0.0,0.0,6.98,6.33,7.01,6.77
2186,36.4333,7.0,46.716,0.034,1.0212,-0.64,-6.13,-2.33,6.688,0.0,0.0,-0.0,0.0,0.0,0.0,7.08,10.51,2.1,7.06
2187,36.45,7.0,46.719,0.04,1.0257,-1.35,-6.21,-2.49,9.446,0.0,0.0,-0.0,0.0,0.0,0.0,6.85,15.04,9.03,6.86
2188,36.4667,7.0,46.723,0.045,1.0283,-1.9,-6.34,-2.38,1.052,0.0,0.0,-0.0,0.0,0.0,0.0,6.95,-2.38,-7.0,6.64
2189,36.4833,7.0,46.727,0.045,1.0364,-2.85,-6.29,-1.8,6.683,0.0,0.0,-0.0,0.0,0.0,0.0,6.81,6.16,6.92,6.84
2190,36.5,7.0,46.73,0.046,1.0427,-3.43,-6.41,-1.41,6.944,0.0,0.0,-0.0,0.0,0.0,0.0,6.93,6.91,6.97,6.96
2191,36.5167,7.0,46.734,0.048,1.0466,-3.84,-6.62,-1.12,6.825,0.0,0.0,-0.0,0.0,0.0,0.0,6.95,6.37,6.98,7.0
2192,36.5333,7.0,46.739,0.049,1.0497,-3.95,-7.12,-1.07,6.128,0.0,0.0,-0.0,0.0,0.0,0.0,7.02,3.14,7.34,7.01
2193,36.55,7.0,46.746,0.049,1.053,-3.96,-7.78,-1.02,9.329,0.0,0.0,-0.0,0.0,0.0,0.0,6.62,4.73,19.05,6.91
2194,36.5667,7.0,46.754,0.047,1.0572,-3.74,-8.35,-0.98,7.365,0.0,0.0,-0.0,0.0,0.0,0.0,6.9,5.29,10.25,7.01
2195,36.5833,7.0,46.762,0.045,1.0609,-3.42,-9.04,-0.94,6.614,0.0,0.0,-0.0,0.0,0.0,0.0,6.95,5.89,6.65,6.96
2196,36.6,7.0,46.772,0.043,1.0632,-3.06,-9.76,-0.91,7.486,0.0,0.0,-0.0,0.0,0.0,0.0,7.07,8.31,7.62,6.95
2197,36.6167,7.0,46.782,0.04,1.0643,-2.67,-10.52,-0.87,6.88,0.0,0.0,-0.0,0.0,0.0,0.0,6.94,6.73,6.9,6.95
2198,36.6333,7.0,46.792,0.037,1.0639,-2.26,-11.31,-0.85,7.091,0.0,0.0,-0.0,0.0,0.0,0.0,6.95,7.6,6.85,6.96
2199,36.65,7.0,46.803,0.033,1.0661,-1.62,-11.79,-0.82,6.624,0.0,0.0,-0.0,0.0,0.0,0.0,6.89,6.38,6.3,6.93
2200,36.6667,7.0,46.814,0.028,1.0665,-0.99,-12.43,-0.82,6.814,0.0,0.0,-0.0,0.0,0.0,0.0,6.91,6.92,6.49,6.93
2201,36.6833,7.0,46.826,0.024,1.0652,-0.35,-13.1,-0.83,6.776,0.0,0.0,-0.0,0.0,0.0,0.0,6.92,7.66,5.59,6.92
2202,36.7,7.0,46.838,0.021,1.065,0.02,-13.32,-0.88,5.958,0.0,0.0,-0.0,0.0,0.0,0.0,6.94,4.76,6.96,5.18
2203,36.7167,7.0,46.852,0.019,1.0653,0.26,-13.38,-0.92,7.471,0.0,0.0,-0.0,0.0,0.0,0.0,6.82,10.93,6.86,5.28
2204,36.7333,7.0,46.866,0.019,1.066,0.1,-13.31,-1.0,6.803,0.0,0.0,-0.0,0.0,0.0,0.0,7.02,7.02,7.42,5.76
2205,36.75,7.0,46.881,0.02,1.0654,-0.13,-13.37,-1.05,6.041,0.0,0.0,-0.0,0.0,0.0,0.0,6.86,3.83,6.89,6.58
2206,36.7667,7.0,46.896,0.02,1.0651,-0.13,-13.14,-1.03,7.574,0.0,0.0,-0.0,0.0,0.0,0.0,7.0,6.13,10.14,7.03
2207,36.7833,7.0,46.912,0.019,1.065,-0.11,-13.05,-1.07,7.503,0.0,0.0,-0.0,0.0,0.0,0.0,7.04,8.38,7.56,7.04
2208,36.8,7.0,46.928,0.019,1.0658,-0.07,-13.36,-1.17,8.046,0.0,0.0,-0.0,0.0,0.0,0.0,6.85,10.76,6.89,7.68
2209,36.8167,7.0,46.943,0.018,1.0655,-0.12,-13.33,-1.2,6.634,0.0,0.0,-0.0,0.0,0.0,0.0,7.09,5.23,7.11,7.11
2210,36.8333,7.0,46.959,0.016,1.0645,0.06,-13.17,-1.17,7.228,0.0,0.0,-0.0,0.0,0.0,0.0,7.17,7.71,6.91,7.12
2211,36.85,7.0,46.974,0.015,1.0661,0.12,-13.33,-1.18,6.748,0.0,0.0,-0.0,0.0,0.0,0.0,7.03,7.02,6.28,6.66
2212,36.8667,7.0,46.989,0.016,1.066,0.0,-13.37,-1.19,6.68,0.0,0.0,-0.0,0.0,0.0,0.0,7.0,6.99,7.0,5.72
2213,36.8833,7.0,47.005,0.016,1.0652,-0.01,-13.23,-1.12,6.93,0.0,0.0,-0.0,0.0,0.0,0.0,6.99,6.08,6.21,8.44
2214,36.9,7.0,47.021,0.015,1.0653,-0.02,-13.17,-1.09,7.135,0.0,0.0,-0.0,0.0,0.0,0.0,7.01,7.47,7.07,6.99
2215,36.9167,7.0,47.037,0.015,1.0661,-0.05,-13.37,-1.09,7.677,0.0,0.0,-0.0,0.0,0.0,0.0,6.95,6.72,6.94,10.1
2216,36.9333,7.0,47.051,0.015,1.0666,-0.47,-12.8,-1.29,8.008,0.0,0.0,-0.0,0.0,0.0,0.0,7.25,18.5,2.39,3.9
2217,36.95,7.0,47.061,0.017,1.0703,-0.77,-11.89,-1.22,2.938,0.0,0.0,-0.0,0.0,0.0,0.0,6.72,-3.88,9.1,-0.18
2218,36.9667,7.0,47.072,0.018,1.0761,-1.01,-11.24,-1.19,14.75,0.0,0.0,-0.0,0.0,0.0,0.0,6.22,4.18,27.73,20.87
2219,36.9833,7.0,47.082,0.019,1.0808,-1.18,-10.66,-1.23,10.069,0.0,0.0,-0.0,0.0,0.0,0.0,7.11,5.45,9.8,17.91
2220,37.0,7.0,47.094,0.019,1.0848,-1.32,-10.07,-1.26,10.877,0.0,0.0,-0.0,0.0,0.0,0.0,7.04,4.37,7.34,24.75
2221,37.0167,7.0,47.105,0.02,1.0876,-1.42,-9.44,-1.3,11.602,0.0,0.0,-0.0,0.0,0.0,0.0,7.27,28.06,6.9,4.18
2222,37.0333,7.0,47.116,0.022,1.0903,-1.86,-9.08,-1.26,-1.279,0.0,0.0,-0.0,0.0,0.0,0.0,6.83,-15.72,-1.01,4.79
2223,37.05,7.0,47.129,0.024,1.0935,-2.09,-8.6,-1.17,0.608,0.0,0.0,-0.0,0.0,0.0,0.0,6.76,-27.49,3.9,19.27
2224,37.0667,7.0,47.142,0.025,1.097,-2.17,-8.17,-1.15,6.848,0.0,0.0,-0.0,0.0,0.0,0.0,6.99,6.96,6.97,6.48
2225,37.0833,7.0,47.156,0.027,1.0988,-2.39,-7.81,-1.08,6.973,0.0,0.0,-0.0,0.0,0.0,0.0,6.99,6.99,6.99,6.93
2226,37.1,7.0,47.17,0.028,1.0998,-2.61,-7.45,-1.04,7.258,0.0,0.0,-0.0,0.0,0.0,0.0,7.03,5.12,6.33,10.55
2227,37.1167,7.0,47.186,0.029,1.1007,-2.75,-7.14,-1.03,6.541,0.0,0.0,-0.0,0.0,0.0,0.0,7.01,6.28,6.99,5.88
2228,37.1333,7.0,47.203,0.029,1.1018,-2.89,-7.01,-1.01,7.122,0.0,0.0,-0.0,0.0,0.0,0.0,6.93,8.28,6.21,7.07
2229,37.15,7.0,47.219,0.029,1.1036,-2.95,-6.89,-1.03,6.821,0.0,0.0,-0.0,0.0,0.0,0.0,7.0,6.27,7.01,7.0
2230,37.1667,7.0,47.229,0.03,1.1095,-3.41,-7.22,-1.43,6.832,0.0,0.0,-0.0,0.0,0.0,0.0,7.07,5.28,7.97,7.02
2231,37.1833,7.0,47.237,0.033,1.115,-3.78,-7.86,-1.37,4.691,0.0,0.0,-0.0,0.0,0.0,0.0,6.94,-3.66,8.46,7.02
2232,37.2,7.0,47.245,0.035,1.1194,-4.13,-8.47,-1.16,6.983,0.0,0.0,-0.0,0.0,0.0,0.0,6.97,6.94,7.05,6.97
2233,37.2167,7.0,47.253,0.036,1.1244,-4.16,-8.78,-0.99,6.685,0.0,0.0,-0.0,0.0,0.0,0.0,6.96,5.08,7.73,6.97
2234,37.2333,7.0,47.263,0.037,1.1283,-4.13,-9.25,-0.88,8.214,0.0,0.0,-0.0,0.0,0.0,0.0,6.89,6.25,12.55,7.16
2235,37.25,7.0,47.273,0.036,1.1309,-4.03,-9.82,-0.81,7.29,0.0,0.0,-0.0,0.0,0.0,0.0,7.08,6.02,9.26,6.8
2236,37.2667,7.0,47.284,0.036,1.1321,-3.88,-10.39,-0.73,7.165,0.0,0.0,-0.0,0.0,0.0,0.0,6.94,6.6,8.16,6.96
2237,37.2833,7.0,47.295,0.034,1.1338,-3.58,-10.83,-0.7,6.465,0.0,0.0,-0.0,0.0,0.0,0.0,6.99,5.65,6.3,6.92
2238,37.3,7.0,47.306,0.031,1.1353,-3.17,-11.26,-0.68,6.723,0.0,0.0,-0.0,0.0,0.0,0.0,6.97,6.21,6.75,6.97
2239,37.3167,7.0,47.318,0.028,1.1362,-2.87,-11.64,-0.63,7.121,0.0,0.0,-0.0,0.0,0.0,0.0,6.89,6.94,8.69,5.96
2240,37.3333,7.0,47.331,0.027,1.1361,-2.75,-11.92,-0.64,6.738,0.0,0.0,-0.0,0.0,0.0,0.0,7.0,7.0,6.84,6.11
2241,37.35,7.0,47.345,0.027,1.137,-2.93,-11.77,-0.75,6.835,0.0,0.0,-0.0,0.0,0.0,0.0,7.01,7.81,7.0,5.52
2242,37.3667,7.0,47.359,0.027,1.1368,-2.94,-11.68,-0.72,6.808,0.0,0.0,-0.0,0.0,0.0,0.0,6.99,6.85,7.0,6.38
2243,37.3833,7.0,47.375,0.027,1.1365,-3.06,-11.63,-0.72,6.837,0.0,0.0,-0.0,0.0,0.0,0.0,7.01,7.08,6.77,6.5
2244,37.4,7.0,47.391,0.029,1.1353,-3.28,-11.71,-0.69,6.735,0.0,0.0,-0.0,0.0,0.0,0.0,7.01,6.42,7.02,6.49
2245,37.4167,7.0,47.407,0.028,1.1355,-3.19,-11.4,-0.62,6.718,0.0,0.0,-0.0,0.0,0.0,0.0,7.02,6.0,6.83,7.03
2246,37.4333,7.0,47.424,0.028,1.1365,-3.13,-11.51,-0.62,7.091,0.0,0.0,-0.0,0.0,0.0,0.0,7.01,7.3,7.04,7.02
2247,37.45,7.0,47.44,0.027,1.1362,-3.06,-11.78,-0.61,7.087,0.0,0.0,-0.0,0.0,0.0,0.0,6.99,7.24,7.06,7.06
2248,37.4667,7.0,47.455,0.027,1.136,-3.04,-11.6,-0.61,7.667,0.0,0.0,-0.0,0.0,0.0,0.0,6.96,5.79,10.97,6.95
2249,37.4833,7.0,47.472,0.026,1.1355,-2.99,-11.42,-0.57,6.647,0.0,0.0,-0.0,0.0,0.0,0.0,7.01,6.21,6.94,6.43
2250,37.5,7.0,47.489,0.026,1.1364,-3.02,-11.65,-0.55,7.104,0.0,0.0,-0.0,0.0,0.0,0.0,7.0,7.22,7.21,6.98
2251,37.5167,7.0,47.505,0.026,1.1348,-3.02,-11.88,-0.53,6.897,0.0,0.0,-0.0,0.0,0.0,0.0,7.0,6.63,6.99,6.97
2252,37.5333,7.0,47.521,0.025,1.1367,-3.03,-11.63,-0.53,6.993,0.0,0.0,-0.0,0.0,0.0,0.0,7.04,6.86,7.49,6.59
2253,37.55,7.0,47.538,0.025,1.1365,-2.99,-11.56,-0.51,6.839,0.0,0.0,-0.0,0.0,0.0,0.0,7.01,6.48,6.99,6.87
2254,37.5667,7.0,47.555,0.025,1.136,-3.01,-11.75,-0.49,7.089,0.0,0.0,-0.0,0.0,0.0,0.0,7.0,7.26,7.12,6.97
2255,37.5833,7.0,47.564,0.026,1.1393,-3.71,-10.71,-0.71,6.621,0.0,0.0,-0.0,0.0,0.0,0.0,6.91,7.72,7.2,4.65
2256,37.6,7.0,47.573,0.029,1.1422,-4.05,-9.88,-0.83,8.083,0.0,0.0,-0.0,0.0,0.0,0.0,6.8,3.01,12.62,9.9
2257,37.6167,7.0,47.583,0.031,1.1476,-4.36,-9.27,-0.83,5.593,0.0,0.0,-0.0,0.0,0.0,0.0,6.97,6.25,3.49,5.66
2258,37.6333,7.0,47.593,0.034,1.1524,-4.68,-8.66,-0.8,10.612,0.0,0.0,-0.0,0.0,0.0,0.0,7.07,9.22,7.43,18.72
2259,37.65,7.0,47.604,0.037,1.1561,-5.03,-8.08,-0.76,6.085,0.0,0.0,-0.0,0.0,0.0,0.0,6.92,3.56,7.01,6.84
2260,37.6667,7.0,47.615,0.039,1.1596,-5.31,-7.49,-0.72,7.862,0.0,0.0,-0.0,0.0,0.0,0.0,7.06,15.47,6.89,2.03
2261,37.6833,7.0,47.626,0.042,1.1617,-5.7,-6.99,-0.67,10.268,0.0,0.0,-0.0,0.0,0.0,0.0,7.17,7.48,7.3,19.13
2262,37.7,7.0,47.638,0.044,1.1627,-5.8,-6.44,-0.57,13.031,0.0,0.0,-0.0,0.0,0.0,0.0,7.31,30.22,7.29,7.31
2263,37.7167,7.0,47.65,0.045,1.1631,-5.84,-5.92,-0.5,6.946,0.0,0.0,-0.0,0.0,0.0,0.0,7.03,4.41,9.26,7.09
2264,37.7333,7.0,47.662,0.046,1.1671,-5.92,-5.79,-0.52,3.62,0.0,0.0,-0.0,0.0,0.0,0.0,6.93,4.65,4.73,-1.83
2265,37.75,7.0,47.676,0.046,1.169,-6.06,-5.51,-0.56,6.572,0.0,0.0,-0.0,0.0,0.0,0.0,6.95,6.98,7.95,4.41
2266,37.7667,7.0,47.69,0.047,1.1699,-6.16,-5.19,-0.61,4.706,0.0,0.0,-0.0,0.0,0.0,0.0,6.98,3.62,6.95,1.28
2267,37.7833,7.0,47.706,0.047,1.1699,-6.29,-4.91,-0.64,7.077,0.0,0.0,-0.0,0.0,0.0,0.0,6.99,8.48,7.0,5.84
2268,37.8,7.0,47.722,0.048,1.1712,-6.49,-4.92,-0.67,6.539,0.0,0.0,-0.0,0.0,0.0,0.0,6.86,7.46,4.98,6.86
2269,37.8167,7.0,47.738,0.049,1.172,-6.5,-4.68,-0.71,7.074,0.0,0.0,-0.0,0.0,0.0,0.0,7.05,6.55,7.68,7.01
2270,37.8333,7.0,47.754,0.048,1.1713,-6.52,-4.52,-0.7,6.625,0.0,0.0,-0.0,0.0,0.0,0.0,6.88,5.73,6.94,6.95
2271,37.85,7.0,47.77,0.048,1.1733,-6.67,-4.79,-0.83,6.854,0.0,0.0,-0.0,0.0,0.0,0.0,7.06,7.32,6.02,7.02
2272,37.8667,7.0,47.782,0.05,1.1757,-6.94,-5.34,-0.77,6.956,0.0,0.0,-0.0,0.0,0.0,0.0,6.98,5.89,7.97,6.98
2273,37.8833,7.0,47.794,0.051,1.1804,-6.92,-5.46,-0.63,6.805,0.0,0.0,-0.0,0.0,0.0,0.0,7.04,5.98,7.18,7.02
2274,37.9,7.0,47.807,0.052,1.1827,-6.92,-5.76,-0.49,7.84,0.0,0.0,-0.0,0.0,0.0,0.0,7.07,9.66,7.59,7.04
2275,37.9167,7.0,47.82,0.051,1.1835,-6.91,-6.09,-0.35,6.691,0.0,0.0,-0.0,0.0,0.0,0.0,6.98,5.95,6.85,6.98
2276,37.9333,7.0,47.833,0.051,1.1828,-6.81,-6.45,-0.26,6.825,0.0,0.0,-0.0,0.0,0.0,0.0,7.0,6.3,7.0,7.0
2277,37.95,7.0,47.847,0.049,1.1845,-6.51,-6.48,-0.23,6.287,0.0,0.0,-0.0,0.0,0.0,0.0,7.12,5.64,5.95,6.44
2278,37.9667,7.0,47.862,0.048,1.1857,-6.43,-6.65,-0.22,7.19,0.0,0.0,-0.0,0.0,0.0,0.0,7.01,7.61,7.16,6.98
2279,37.9833,7.0,47.877,0.048,1.1852,-6.36,-6.85,-0.17,6.775,0.0,0.0,-0.0,0.0,0.0,0.0,7.0,6.5,7.0,6.6
2280,38.0,7.0,47.892,0.048,1.1856,-6.49,-6.69,-0.18,6.5,0.0,0.0,-0.0,0.0,0.0,0.0,7.06,6.29,6.18,6.46
2281,38.0167,7.0,47.909,0.048,1.1859,-6.44,-6.58,-0.09,6.698,0.0,0.0,-0.0,0.0,0.0,0.0,7.02,6.03,6.86,6.88
2282,38.0333,7.0,47.925,0.048,1.1844,-6.39,-6.51,-0.04,6.604,0.0,0.0,-0.0,0.0,0.0,0.0,7.01,5.87,7.0,6.53
2283,38.05,7.0,47.942,0.048,1.1844,-6.47,-6.78,-0.04,7.034,0.0,0.0,-0.0,0.0,0.0,0.0,6.98,7.2,7.03,6.93
2284,38.0667,7.0,47.959,0.049,1.1844,-6.48,-6.43,-0.05,7.472,0.0,0.0,-0.0,0.0,0.0,0.0,7.04,7.08,7.78,7.99
2285,38.0833,7.0,47.975,0.048,1.1864,-6.55,-6.54,0.0,7.085,0.0,0.0,-0.0,0.0,0.0,0.0,7.02,7.53,6.77,7.01
2286,38.1,7.0,47.992,0.048,1.1857,-6.57,-6.64,0.1,7.019,0.0,0.0,-0.0,0.0,0.0,0.0,6.98,6.92,7.11,7.07
2287,38.1167,7.0,48.008,0.048,1.1827,-6.49,-6.76,0.2,6.885,0.0,0.0,-0.0,0.0,0.0,0.0,7.01,6.36,7.15,7.02
2288,38.1333,7.0,48.026,0.047,1.1831,-6.44,-6.21,0.21,6.767,0.0,0.0,-0.0,0.0,0.0,0.0,7.01,6.07,7.55,6.43
2289,38.15,7.0,48.043,0.048,1.1862,-6.59,-6.55,0.22,6.794,0.0,0.0,-0.0,0.0,0.0,0.0,7.0,6.82,6.39,6.96
2290,38.1667,7.0,48.06,0.048,1.1846,-6.63,-6.68,0.28,7.0,0.0,0.0,-0.0,0.0,0.0,0.0,7.0,6.99,7.01,7.0
2291,38.1833,7.0,48.077,0.048,1.184,-6.47,-6.35,0.32,6.381,0.0,0.0,-0.0,0.0,0.0,0.0,7.02,5.56,7.04,5.91
2292,38.2,7.0,48.093,0.048,1.1869,-6.72,-6.35,0.27,6.334,0.0,0.0,-0.0,0.0,0.0,0.0,7.18,6.97,4.47,6.72
2293,38.2167,7.0,48.105,0.051,1.1887,-7.39,-5.53,0.22,6.934,0.0,0.0,-0.0,0.0,0.0,0.0,6.93,6.96,7.37,6.47
2294,38.2333,7.0,48.118,0.055,1.1895,-8.04,-4.82,0.07,7.13,0.0,0.0,-0.0,0.0,0.0,0.0,6.9,6.96,6.95,7.71
2295,38.25,7.0,48.131,0.059,1.1914,-8.63,-4.14,0.03,5.222,0.0,0.0,-0.0,0.0,0.0,0.0,6.95,3.51,3.4,7.03
2296,38.2667,7.0,48.143,0.062,1.1958,-8.88,-3.54,-0.08,7.186,0.0,0.0,-0.0,0.0,0.0,0.0,6.85,5.27,9.63,6.99
2297,38.2833,7.0,48.156,0.064,1.1989,-8.94,-3.06,-0.15,7.037,0.0,0.0,-0.0,0.0,0.0,0.0,6.96,7.23,6.98,6.98
2298,38.3,7.0,48.169,0.065,1.2011,-8.99,-2.61,-0.19,5.58,0.0,0.0,-0.0,0.0,0.0,0.0,7.4,5.96,1.83,7.12
2299,38.3167,7.0,48.184,0.065,1.2043,-8.98,-2.37,-0.23,6.956,0.0,0.0,-0.0,0.0,0.0,0.0,7.28,6.37,7.18,7.0
2300,38.3333,7.0,48.199,0.065,1.2062,-8.89,-2.21,-0.18,6.663,0.0,0.0,-0.0,0.0,0.0,0.0,7.01,5.64,6.99,7.01
2301,38.35,7.0,48.214,0.065,1.2069,-8.83,-1.97,-0.19,6.665,0.0,0.0,-0.0,0.0,0.0,0.0,6.97,7.7,7.01,4.98
2302,38.3667,7.0,48.23,0.065,1.2061,-8.78,-1.67,-0.21,6.878,0.0,0.0,-0.0,0.0,0.0,0.0,7.09,6.22,7.08,7.13
2303,38.3833,7.0,48.246,0.066,1.2091,-8.87,-1.85,-0.25,6.801,0.0,0.0,-0.0,0.0,0.0,0.0,7.0,6.61,6.83,6.77
2304,38.4,7.0,48.262,0.066,1.2082,-8.82,-1.89,-0.21,6.761,0.0,0.0,-0.0,0.0,0.0,0.0,7.02,6.0,7.01,7.01
2305,38.4167,7.0,48.279,0.066,1.2064,-8.94,-1.63,-0.27,6.693,0.0,0.0,-0.0,0.0,0.0,0.0,7.03,7.07,6.91,5.77
2306,38.4333,7.0,48.295,0.067,1.2084,-9.15,-1.67,-0.28,6.602,0.0,0.0,-0.0,0.0,0.0,0.0,6.99,5.88,6.58,6.95
2307,38.45,7.0,48.311,0.068,1.2087,-9.2,-1.62,-0.29,7.013,0.0,0.0,-0.0,0.0,0.0,0.0,7.02,7.14,6.95,6.95
2308,38.4667,7.0,48.328,0.069,1.2083,-9.25,-1.72,-0.26,6.989,0.0,0.0,-0.0,0.0,0.0,0.0,7.02,6.91,7.01,7.01
2309,38.4833,7.0,48.345,0.069,1.2059,-9.31,-1.83,-0.2,7.82,0.0,0.0,-0.0,0.0,0.0,0.0,7.04,8.63,8.47,7.14
2310,38.5,7.0,48.361,0.068,1.209,-9.17,-1.63,-0.19,7.015,0.0,0.0,-0.0,0.0,0.0,0.0,6.94,7.29,6.84,6.99
2311,38.5167,7.0,48.378,0.067,1.2082,-9.06,-1.7,-0.2,6.987,0.0,0.0,-0.0,0.0,0.0,0.0,7.0,6.96,6.99,7.0
2312,38.5333,7.0,48.394,0.067,1.2068,-9.15,-1.8,-0.21,6.882,0.0,0.0,-0.0,0.0,0.0,0.0,6.89,7.02,7.41,6.2
2313,38.55,7.0,48.41,0.067,1.2087,-9.18,-1.63,-0.25,6.832,0.0,0.0,-0.0,0.0,0.0,0.0,6.99,7.19,6.11,7.04
2314,38.5667,7.0,48.427,0.067,1.2087,-9.17,-1.59,-0.29,6.597,0.0,0.0,-0.0,0.0,0.0,0.0,6.99,6.63,5.77,6.99
2315,38.5833,7.0,48.443,0.067,1.2069,-9.14,-1.58,-0.33,6.91,0.0,0.0,-0.0,0.0,0.0,0.0,7.0,6.64,7.0,7.0
2316,38.6,7.0,48.459,0.067,1.2061,-9.24,-1.88,-0.34,7.086,0.0,0.0,-0.0,0.0,0.0,0.0,6.73,6.75,5.86,9.01
2317,38.6167,7.0,48.475,0.066,1.2089,-9.22,-1.58,-0.41,7.244,0.0,0.0,-0.0,0.0,0.0,0.0,6.99,7.33,7.66,6.99
2318,38.6333,7.0,48.492,0.066,1.2081,-9.23,-1.57,-0.44,7.2,0.0,0.0,-0.0,0.0,0.0,0.0,7.1,7.75,6.94,7.01
2319,38.65,7.0,48.508,0.065,1.2051,-9.22,-1.56,-0.43,6.859,0.0,0.0,-0.0,0.0,0.0,0.0,7.0,6.44,6.99,7.0
2320,38.6667,7.0,48.524,0.065,1.2085,-9.18,-1.67,-0.43,6.563,0.0,0.0,-0.0,0.0,0.0,0.0,6.98,5.89,6.4,6.97
2321,38.6833,7.0,48.54,0.064,1.2086,-9.01,-1.74,-0.43,7.01,0.0,0.0,-0.0,0.0,0.0,0.0,7.05,7.35,6.64,7.0
2322,38.7,7.0,48.556,0.063,1.2072,-8.99,-1.74,-0.49,6.633,0.0,0.0,-0.0,0.0,0.0,0.0,7.1,7.1,7.07,5.26
2323,38.7167,7.0,48.572,0.064,1.2061,-9.23,-1.86,-0.56,6.83,0.0,0.0,-0.0,0.0,0.0,0.0,7.0,7.01,6.68,6.62
2324,38.7333,7.0,48.588,0.064,1.2089,-9.23,-1.57,-0.57,6.76,0.0,0.0,-0.0,0.0,0.0,0.0,7.01,6.57,6.45,7.0
2325,38.75,7.0,48.605,0.064,1.2081,-9.21,-1.55,-0.58,6.892,0.0,0.0,-0.0,0.0,0.0,0.0,6.98,7.02,6.63,6.94
2326,38.7667,7.0,48.622,0.064,1.2053,-9.23,-1.55,-0.62,6.899,0.0,0.0,-0.0,0.0,0.0,0.0,7.0,6.63,6.96,7.0
2327,38.7833,7.0,48.638,0.064,1.2088,-9.22,-1.6,-0.63,6.588,0.0,0.0,-0.0,0.0,0.0,0.0,6.99,5.79,6.52,7.04
2328,38.8,7.0,48.654,0.063,1.2088,-9.15,-1.6,-0.58,6.844,0.0,0.0,-0.0,0.0,0.0,0.0,7.04,7.2,6.1,7.04
2329,38.8167,7.0,48.67,0.062,1.2081,-9.36,-1.34,-0.68,6.443,0.0,0.0,-0.0,0.0,0.0,0.0,6.99,6.92,6.96,4.9
2330,38.8333,7.0,48.685,0.065,1.2105,-9.64,-0.93,-0.76,7.006,0.0,0.0,-0.0,0.0,0.0,0.0,6.97,5.66,5.29,10.11
2331,38.85,7.0,48.701,0.065,1.2131,-9.69,-0.67,-0.82,5.696,0.0,0.0,-0.0,0.0,0.0,0.0,6.91,6.17,10.29,-0.59
2332,38.8667,7.0,48.717,0.066,1.2143,-9.81,-0.38,-0.89,7.795,0.0,0.0,-0.0,0.0,0.0,0.0,7.03,3.16,7.08,13.92
2333,38.8833,7.0,48.734,0.067,1.2141,-9.91,-0.15,-0.92,6.089,0.0,0.0,-0.0,0.0,0.0,0.0,5.94,4.39,6.82,7.21
2334,38.9,7.0,48.751,0.067,1.216,-9.98,-0.02,-0.95,6.909,0.0,0.0,-0.0,0.0,0.0,0.0,6.99,6.84,6.82,7.0
2335,38.9167,7.0,48.768,0.068,1.216,-10.04,0.06,-0.95,6.612,0.0,0.0,-0.0,0.0,0.0,0.0,7.02,6.65,5.85,6.93
2336,38.9333,7.0,48.785,0.068,1.2146,-10.11,0.11,-0.99,6.798,0.0,0.0,-0.0,0.0,0.0,0.0,7.12,6.79,6.25,7.04
2337,38.95,7.0,48.803,0.068,1.2118,-10.28,0.14,-1.05,6.882,0.0,0.0,-0.0,0.0,0.0,0.0,7.01,7.04,7.0,6.47
2338,38.9667,7.0,48.82,0.067,1.2113,-10.14,0.79,-1.02,7.104,0.0,0.0,-0.0,0.0,0.0,0.0,6.99,7.28,7.32,6.82
2339,38.9833,7.0,48.839,0.066,1.2079,-10.07,1.1,-1.03,6.801,0.0,0.0,-0.0,0.0,0.0,0.0,6.97,6.24,7.0,7.0
2340,39.0,7.0,48.857,0.065,1.2028,-10.12,1.52,-1.09,6.727,0.0,0.0,-0.0,0.0,0.0,0.0,7.03,7.02,7.03,5.83
2341,39.0167,7.0,48.876,0.063,1.1998,-9.83,2.02,-1.12,7.409,0.0,0.0,-0.0,0.0,0.0,0.0,6.29,9.3,7.0,7.05
2342,39.0333,7.0,48.893,0.06,1.2013,-9.45,2.33,-1.21,6.803,0.0,0.0,-0.0,0.0,0.0,0.0,7.08,6.96,7.0,6.18
2343,39.05,7.0,48.911,0.058,1.2013,-9.18,2.57,-1.3,6.82,0.0,0.0,-0.0,0.0,0.0,0.0,7.02,6.98,7.01,6.27
2344,39.0667,7.0,48.929,0.056,1.2003,-9.03,2.58,-1.31,7.62,0.0,0.0,-0.0,0.0,0.0,0.0,7.29,6.99,8.42,7.78
2345,39.0833,7.0,48.947,0.055,1.198,-9.09,2.32,-1.35,5.665,0.0,0.0,-0.0,0.0,0.0,0.0,7.15,7.08,7.1,1.32
2346,39.1,7.0,48.964,0.056,1.201,-9.27,2.54,-1.4,7.4,0.0,0.0,-0.0,0.0,0.0,0.0,8.23,7.04,7.02,7.32
2347,39.1167,7.0,48.982,0.056,1.1999,-9.41,2.41,-1.44,7.025,0.0,0.0,-0.0,0.0,0.0,0.0,6.99,7.0,7.01,7.1
2348,39.1333,7.0,48.999,0.057,1.1963,-9.58,2.29,-1.44,6.365,0.0,0.0,-0.0,0.0,0.0,0.0,7.08,7.55,6.66,4.17
2349,39.15,7.0,49.015,0.056,1.2013,-9.55,2.29,-1.43,6.606,0.0,0.0,-0.0,0.0,0.0,0.0,5.42,7.05,7.47,6.49
2350,39.1667,7.0,49.032,0.056,1.2008,-9.58,2.32,-1.38,6.62,0.0,0.0,-0.0,0.0,0.0,0.0,6.08,7.01,7.0,6.4
2351,39.1833,7.0,49.048,0.056,1.1986,-9.53,2.32,-1.26,7.015,0.0,0.0,-0.0,0.0,0.0,0.0,6.97,6.98,6.98,7.12
2352,39.2,7.0,49.064,0.056,1.2008,-9.57,2.27,-1.23,6.787,0.0,0.0,-0.0,0.0,0.0,0.0,5.59,7.16,7.15,7.24
2353,39.2167,7.0,49.079,0.056,1.2011,-9.67,2.17,-1.15,7.084,0.0,0.0,-0.0,0.0,0.0,0.0,6.92,7.01,7.01,7.39
2354,39.2333,7.0,49.095,0.056,1.2005,-9.81,2.2,-1.17,6.315,0.0,0.0,-0.0,0.0,0.0,0.0,5.16,6.99,6.97,6.14
2355,39.25,7.0,49.111,0.057,1.1987,-9.91,2.25,-1.1,6.642,0.0,0.0,-0.0,0.0,0.0,0.0,6.98,6.01,7.01,6.57
2356,39.2667,7.0,49.126,0.057,1.2013,-9.83,2.06,-1.1,6.685,0.0,0.0,-0.0,0.0,0.0,0.0,6.28,7.02,7.03,6.41
2357,39.2833,7.0,49.141,0.057,1.2006,-9.89,2.05,-1.07,6.062,0.0,0.0,-0.0,0.0,0.0,0.0,3.87,6.99,6.99,6.4
2358,39.3,7.0,49.157,0.057,1.199,-9.83,2.12,-1.03,6.61,0.0,0.0,-0.0,0.0,0.0,0.0,6.97,5.54,7.0,6.93
2359,39.3167,7.0,49.173,0.056,1.2006,-9.73,2.18,-1.01,6.678,0.0,0.0,-0.0,0.0,0.0,0.0,6.29,6.94,6.94,6.55
2360,39.3333,7.0,49.189,0.056,1.2011,-9.7,2.21,-0.95,6.684,0.0,0.0,-0.0,0.0,0.0,0.0,5.89,6.99,6.98,6.88
2361,39.35,7.0,49.205,0.055,1.1996,-9.68,2.21,-0.9,6.498,0.0,0.0,-0.0,0.0,0.0,0.0,5.36,7.08,7.07,6.48
2362,39.3667,7.0,49.221,0.055,1.1966,-9.61,2.22,-0.92,6.722,0.0,0.0,-0.0,0.0,0.0,0.0,6.91,6.11,6.96,6.91
2363,39.3833,7.0,49.237,0.054,1.2012,-9.49,2.35,-0.92,6.615,0.0,0.0,-0.0,0.0,0.0,0.0,5.96,6.57,7.11,6.81
2364,39.4,7.0,49.253,0.053,1.2008,-9.4,2.44,-0.83,6.288,0.0,0.0,-0.0,0.0,0.0,0.0,4.03,6.98,6.98,7.16
2365,39.4167,7.0,49.27,0.052,1.1987,-9.4,2.41,-0.94,6.849,0.0,0.0,-0.0,0.0,0.0,0.0,7.05,7.06,7.05,6.24
2366,39.4333,7.0,49.286,0.052,1.199,-9.5,2.59,-0.96,6.966,0.0,0.0,-0.0,0.0,0.0,0.0,6.55,7.11,7.11,7.1
2367,39.45,7.0,49.303,0.052,1.1976,-9.65,2.69,-0.91,6.902,0.0,0.0,-0.0,0.0,0.0,0.0,5.63,7.02,7.03,7.93
2368,39.4667,7.0,49.32,0.052,1.1944,-9.78,2.78,-0.95,6.464,0.0,0.0,-0.0,0.0,0.0,0.0,6.9,6.97,6.97,5.02
2369,39.4833,7.0,49.337,0.052,1.1907,-9.81,3.16,-0.96,6.476,0.0,0.0,-0.0,0.0,0.0,0.0,6.95,5.06,6.95,6.95
2370,39.5,7.0,49.354,0.053,1.1874,-10.04,3.68,-1.0,6.755,0.0,0.0,-0.0,0.0,0.0,0.0,6.5,6.99,7.0,6.53
2371,39.5167,7.0,49.373,0.053,1.1822,-10.25,4.09,-1.06,6.743,0.0,0.0,-0.0,0.0,0.0,0.0,6.97,6.91,7.0,6.1
2372,39.5333,7.0,49.392,0.053,1.1776,-10.1,4.99,-0.93,6.604,0.0,0.0,-0.0,0.0,0.0,0.0,6.99,5.3,7.01,7.12
2373,39.55,7.0,49.411,0.052,1.1737,-9.99,5.47,-0.91,7.284,0.0,0.0,-0.0,0.0,0.0,0.0,8.58,6.6,6.91,7.05
2374,39.5667,7.0,49.429,0.051,1.1741,-9.83,5.47,-0.84,6.995,0.0,0.0,-0.0,0.0,0.0,0.0,7.0,7.0,7.0,6.98
2375,39.5833,7.0,49.448,0.05,1.172,-9.7,5.48,-0.84,7.079,0.0,0.0,-0.0,0.0,0.0,0.0,6.98,6.99,6.99,7.36
2376,39.6,7.0,49.465,0.05,1.1733,-9.66,5.71,-0.85,6.393,0.0,0.0,-0.0,0.0,0.0,0.0,5.6,7.03,7.02,5.93
2377,39.6167,7.0,49.483,0.049,1.1735,-9.61,5.79,-0.86,6.381,0.0,0.0,-0.0,0.0,0.0,0.0,4.85,7.05,7.04,6.58
2378,39.6333,7.0,49.5,0.048,1.1718,-9.55,5.81,-0.86,6.899,0.0,0.0,-0.0,0.0,0.0,0.0,6.5,7.03,7.05,7.02
2379,39.65,7.0,49.517,0.048,1.1678,-9.57,5.84,-0.87,6.25,0.0,0.0,-0.0,0.0,0.0,0.0,6.77,6.4,6.78,5.05
2380,39.6667,7.0,49.533,0.047,1.1732,-9.43,5.9,-0.88,6.56,0.0,0.0,-0.0,0.0,0.0,0.0,5.87,7.24,7.03,6.1
2381,39.6833,7.0,49.55,0.046,1.173,-9.36,6.04,-0.93,7.022,0.0,0.0,-0.0,0.0,0.0,0.0,6.78,7.08,7.12,7.11
2382,39.7,7.0,49.567,0.046,1.1715,-9.35,6.19,-0.85,6.869,0.0,0.0,-0.0,0.0,0.0,0.0,6.94,6.96,6.96,6.61
2383,39.7167,7.0,49.583,0.046,1.1734,-9.23,6.05,-0.85,6.537,0.0,0.0,-0.0,0.0,0.0,0.0,6.06,6.84,6.86,6.39
2384,39.7333,7.0,49.6,0.046,1.1731,-9.24,6.11,-0.81,7.03,0.0,0.0,-0.0,0.0,0.0,0.0,7.6,6.95,6.94,6.63
2385,39.75,7.0,49.616,0.045,1.1712,-9.4,5.97,-0.97,6.862,0.0,0.0,-0.0,0.0,0.0,0.0,6.99,7.0,7.0,6.44
2386,39.7667,7.0,49.633,0.045,1.1672,-9.56,5.88,-1.1,7.571,0.0,0.0,-0.0,0.0,0.0,0.0,7.09,9.53,6.85,6.81
2387,39.7833,7.0,49.649,0.045,1.1732,-9.51,5.89,-1.1,6.666,0.0,0.0,-0.0,0.0,0.0,0.0,6.09,6.91,6.93,6.73
2388,39.8,7.0,49.666,0.045,1.1722,-9.5,5.89,-1.13,6.966,0.0,0.0,-0.0,0.0,0.0,0.0,7.23,6.97,7.0,6.67
2389,39.8167,7.0,49.683,0.045,1.1696,-9.53,5.88,-1.04,7.001,0.0,0.0,-0.0,0.0,0.0,0.0,6.95,6.98,6.96,7.11
2390,39.8333,7.0,49.698,0.044,1.1705,-9.42,5.48,-1.02,7.331,0.0,0.0,-0.0,0.0,0.0,0.0,7.83,7.05,7.05,7.4
2391,39.85,7.0,49.714,0.044,1.1677,-9.38,5.2,-0.94,5.57,0.0,0.0,-0.0,0.0,0.0,0.0,7.14,7.13,7.09,0.91
2392,39.8667,7.0,49.73,0.043,1.1627,-9.4,4.9,-0.87,7.408,0.0,0.0,-0.0,0.0,0.0,0.0,7.94,6.98,6.99,7.72
2393,39.8833,7.0,49.744,0.042,1.1596,-9.19,4.19,-0.79,3.309,0.0,0.0,-0.0,0.0,0.0,0.0,8.49,7.28,7.22,-9.75
2394,39.9,7.0,49.758,0.04,1.154,-8.9,3.56,-0.65,6.649,0.0,0.0,-0.0,0.0,0.0,0.0,7.04,7.03,7.02,5.51
2395,39.9167,7.0,49.773,0.04,1.1517,-8.94,3.52,-0.61,6.032,0.0,0.0,-0.0,0.0,0.0,0.0,5.79,5.07,6.94,6.33
2396,39.9333,7.0,49.788,0.04,1.1498,-8.73,3.69,-0.46,6.623,0.0,0.0,-0.0,0.0,0.0,0.0,7.03,5.24,7.03,7.2
2397,39.95,7.0,49.804,0.04,1.1507,-8.77,4.01,-0.46,7.318,0.0,0.0,-0.0,0.0,0.0,0.0,7.86,7.1,7.08,7.23
2398,39.9667,7.0,49.821,0.04,1.1487,-8.85,4.16,-0.42,6.601,0.0,0.0,-0.0,0.0,0.0,0.0,5.54,6.98,6.99,6.89
2399,39.9833,7.0,49.838,0.04,1.1451,-8.82,4.33,-0.38,6.489,0.0,0.0,-0.0,0.0,0.0,0.0,6.96,5.04,7.04,6.92
2400,40.0,7.0,49.856,0.041,1.1422,-8.98,4.91,-0.43,6.556,0.0,0.0,-0.0,0.0,0.0,0.0,6.06,6.97,7.01,6.19
2401,40.0167,7.0,49.874,0.041,1.1375,-9.19,5.34,-0.43,6.948,0.0,0.0,-0.0,0.0,0.0,0.0,6.97,6.98,7.01,6.82
2402,40.0333,7.0,49.892,0.042,1.1308,-9.38,5.75,-0.47,6.494,0.0,0.0,-0.0,0.0,0.0,0.0,6.97,5.47,7.02,6.52
2403,40.05,7.0,49.911,0.041,1.1257,-9.03,6.85,-0.21,6.515,0.0,0.0,-0.0,0.0,0.0,0.0,6.99,5.04,7.02,7.02
2404,40.0667,7.0,49.93,0.039,1.1265,-8.77,7.07,-0.25,6.634,0.0,0.0,-0.0,0.0,0.0,0.0,6.53,6.92,6.99,6.1
2405,40.0833,7.0,49.949,0.038,1.1252,-8.48,7.27,-0.33,7.16,0.0,0.0,-0.0,0.0,0.0,0.0,6.98,7.0,7.01,7.65
2406,40.1,7.0,49.967,0.037,1.1216,-8.23,7.44,-0.45,6.995,0.0,0.0,-0.0,0.0,0.0,0.0,7.01,6.97,6.99,7.01
2407,40.1167,7.0,49.985,0.035,1.1259,-8.02,7.66,-0.48,6.663,0.0,0.0,-0.0,0.0,0.0,0.0,6.55,7.01,7.0,6.09
2408,40.1333,7.0,50.004,0.034,1.1257,-7.85,7.88,-0.6,6.948,0.0,0.0,-0.0,0.0,0.0,0.0,6.63,7.01,6.98,7.17
2409,40.15,7.0,50.022,0.034,1.1244,-7.65,8.13,-0.55,6.963,0.0,0.0,-0.0,0.0,0.0,0.0,6.97,6.99,6.99,6.89
2410,40.1667,7.0,50.039,0.032,1.1258,-7.42,8.16,-0.57,6.389,0.0,0.0,-0.0,0.0,0.0,0.0,5.25,6.84,6.89,6.58
2411,40.1833,7.0,50.056,0.031,1.1255,-7.29,8.3,-0.57,6.58,0.0,0.0,-0.0,0.0,0.0,0.0,7.05,7.07,5.49,6.7
2412,40.2,7.0,50.074,0.031,1.1238,-7.27,8.26,-0.58,7.177,0.0,0.0,-0.0,0.0,0.0,0.0,7.19,7.0,7.23,7.29
2413,40.2167,7.0,50.091,0.032,1.1202,-7.3,8.15,-0.56,7.149,0.0,0.0,-0.0,0.0,0.0,0.0,6.98,6.99,7.03,7.6
2414,40.2333,7.0,50.107,0.032,1.1254,-7.42,8.22,-0.54,6.835,0.0,0.0,-0.0,0.0,0.0,0.0,6.79,6.99,7.17,6.39
2415,40.25,7.0,50.124,0.033,1.1243,-7.48,8.13,-0.63,6.951,0.0,0.0,-0.0,0.0,0.0,0.0,7.05,6.99,7.0,6.76
2416,40.2667,7.0,50.141,0.033,1.1229,-7.46,7.85,-0.61,6.863,0.0,0.0,-0.0,0.0,0.0,0.0,6.26,6.83,6.91,7.44
2417,40.2833,7.0,50.156,0.033,1.1257,-7.59,8.04,-0.6,7.063,0.0,0.0,-0.0,0.0,0.0,0.0,6.45,7.03,7.0,7.76
2418,40.3,7.0,50.172,0.033,1.1254,-7.72,7.94,-0.56,6.8,0.0,0.0,-0.0,0.0,0.0,0.0,6.34,6.94,6.92,6.99
2419,40.3167,7.0,50.187,0.034,1.1233,-7.78,7.88,-0.57,6.746,0.0,0.0,-0.0,0.0,0.0,0.0,6.81,6.97,6.99,6.22
2420,40.3333,7.0,50.203,0.034,1.1231,-7.76,7.54,-0.56,6.932,0.0,0.0,-0.0,0.0,0.0,0.0,6.96,6.98,6.97,6.82
2421,40.35,7.0,50.218,0.034,1.1209,-7.72,7.22,-0.48,7.33,0.0,0.0,-0.0,0.0,0.0,0.0,8.89,7.05,7.06,6.32
2422,40.3667,7.0,50.232,0.033,1.1171,-7.8,6.78,-0.54,7.199,0.0,0.0,-0.0,0.0,0.0,0.0,7.04,6.99,7.02,7.76
2423,40.3833,7.0,50.247,0.032,1.1112,-7.84,6.37,-0.57,7.118,0.0,0.0,-0.0,0.0,0.0,0.0,7.39,7.17,7.18,6.74
2424,40.4,7.0,50.26,0.03,1.1082,-7.57,5.51,-0.53,6.503,0.0,0.0,-0.0,0.0,0.0,0.0,6.87,7.0,7.0,5.13
2425,40.4167,7.0,50.273,0.029,1.1013,-7.32,4.92,-0.42,7.079,0.0,0.0,-0.0,0.0,0.0,0.0,7.25,7.01,7.04,7.02
2426,40.4333,7.0,50.286,0.028,1.0933,-7.25,4.06,-0.31,7.355,0.0,0.0,-0.0,0.0,0.0,0.0,6.94,6.96,8.56,6.96
2427,40.45,7.0,50.298,0.029,1.0909,-7.42,3.93,-0.31,5.977,0.0,0.0,-0.0,0.0,0.0,0.0,5.54,6.9,6.65,4.82
2428,40.4667,7.0,50.312,0.031,1.0901,-7.78,3.88,-0.32,7.993,0.0,0.0,-0.0,0.0,0.0,0.0,11.32,6.99,7.0,6.66
2429,40.4833,7.0,50.326,0.033,1.0877,-8.05,3.86,-0.33,6.448,0.0,0.0,-0.0,0.0,0.0,0.0,6.2,3.94,7.03,8.62
2430,40.5,7.0,50.341,0.033,1.084,-8.16,3.94,-0.3,6.51,0.0,0.0,-0.0,0.0,0.0,0.0,7.0,5.07,7.0,6.97
2431,40.5167,7.0,50.357,0.033,1.0822,-7.93,4.72,-0.14,6.579,0.0,0.0,-0.0,0.0,0.0,0.0,7.09,6.08,7.06,6.08
2432,40.5333,7.0,50.374,0.033,1.0782,-7.96,5.23,-0.11,6.837,0.0,0.0,-0.0,0.0,0.0,0.0,6.98,6.59,6.99,6.78
2433,40.55,7.0,50.392,0.034,1.0726,-8.01,5.67,-0.13,6.468,0.0,0.0,-0.0,0.0,0.0,0.0,6.99,5.73,6.99,6.16
2434,40.5667,7.0,50.41,0.03,1.0723,-7.54,5.74,-0.15,7.26,0.0,0.0,-0.0,0.0,0.0,0.0,6.88,8.25,6.94,6.97
2435,40.5833,7.0,50.428,0.028,1.0741,-7.33,6.18,-0.21,6.951,0.0,0.0,-0.0,0.0,0.0,0.0,7.28,7.01,7.02,6.5
2436,40.6,7.0,50.446,0.027,1.0735,-7.12,6.48,-0.34,6.733,0.0,0.0,-0.0,0.0,0.0,0.0,6.98,6.98,6.99,5.98
2437,40.6167,7.0,50.464,0.026,1.071,-7.02,6.81,-0.41,6.918,0.0,0.0,-0.0,0.0,0.0,0.0,6.97,6.97,7.0,6.73
2438,40.6333,7.0,50.48,0.026,1.0743,-7.05,6.41,-0.42,6.167,0.0,0.0,-0.0,0.0,0.0,0.0,5.25,6.89,6.31,6.22
2439,40.65,7.0,50.497,0.026,1.0736,-7.04,6.49,-0.4,6.412,0.0,0.0,-0.0,0.0,0.0,0.0,7.07,7.07,4.68,6.83
2440,40.6667,7.0,50.514,0.026,1.0711,-7.11,6.5,-0.41,6.869,0.0,0.0,-0.0,0.0,0.0,0.0,6.9,7.02,6.93,6.63
2441,40.6833,7.0,50.53,0.025,1.0712,-7.04,6.04,-0.4,6.727,0.0,0.0,-0.0,0.0,0.0,0.0,5.74,6.97,6.7,7.49
2442,40.7,7.0,50.546,0.027,1.0737,-7.23,6.35,-0.37,6.744,0.0,0.0,-0.0,0.0,0.0,0.0,5.65,6.96,7.05,7.32
2443,40.7167,7.0,50.563,0.028,1.0722,-7.32,6.32,-0.33,7.002,0.0,0.0,-0.0,0.0,0.0,0.0,6.99,7.0,7.0,7.02
2444,40.7333,7.0,50.578,0.028,1.0723,-7.29,5.9,-0.31,7.059,0.0,0.0,-0.0,0.0,0.0,0.0,6.94,7.01,6.85,7.43
2445,40.75,7.0,50.594,0.029,1.0742,-7.52,6.05,-0.31,7.181,0.0,0.0,-0.0,0.0,0.0,0.0,7.13,7.05,7.08,7.46
2446,40.7667,7.0,50.61,0.03,1.0733,-7.75,5.97,-0.26,7.171,0.0,0.0,-0.0,0.0,0.0,0.0,6.98,6.98,6.98,7.74
2447,40.7833,7.0,50.626,0.032,1.0702,-7.97,5.91,-0.27,6.899,0.0,0.0,-0.0,0.0,0.0,0.0,7.06,7.1,7.12,6.31
2448,40.8,7.0,50.641,0.029,1.073,-7.63,5.73,-0.26,6.921,0.0,0.0,-0.0,0.0,0.0,0.0,6.54,6.45,7.01,7.68
2449,40.8167,7.0,50.657,0.029,1.0741,-7.61,6.02,-0.24,7.672,0.0,0.0,-0.0,0.0,0.0,0.0,9.89,7.09,7.07,6.65
2450,40.8333,7.0,50.674,0.029,1.0723,-7.58,6.09,-0.23,6.819,0.0,0.0,-0.0,0.0,0.0,0.0,6.98,6.98,6.99,6.32
2451,40.85,7.0,50.69,0.028,1.0725,-7.44,5.81,-0.24,6.75,0.0,0.0,-0.0,0.0,0.0,0.0,5.93,6.96,6.97,7.14
2452,40.8667,7.0,50.706,0.028,1.0705,-7.28,5.64,-0.15,7.05,0.0,0.0,-0.0,0.0,0.0,0.0,7.03,7.03,7.04,7.1
2453,40.8833,7.0,50.722,0.027,1.0659,-7.2,5.47,-0.1,7.216,0.0,0.0,-0.0,0.0,0.0,0.0,6.98,6.98,6.98,7.92
2454,40.9,7.0,50.738,0.026,1.0593,-7.15,5.22,-0.1,6.839,0.0,0.0,-0.0,0.0,0.0,0.0,7.43,7.01,7.06,5.85
2455,40.9167,7.0,50.751,0.025,1.0574,-7.05,4.11,-0.02,5.969,0.0,0.0,-0.0,0.0,0.0,0.0,8.09,7.12,8.05,0.6
2456,40.9333,7.0,50.765,0.024,1.0509,-6.99,3.39,0.09,7.267,0.0,0.0,-0.0,0.0,0.0,0.0,6.95,6.96,8.18,6.98
2457,40.95,7.0,50.777,0.023,1.0422,-7.01,2.65,0.22,7.27,0.0,0.0,-0.0,0.0,0.0,0.0,7.1,6.93,8.1,6.95
2458,40.9667,7.0,50.784,0.022,1.0476,-6.61,2.18,0.31,5.833,0.0,0.0,-0.0,0.0,0.0,0.0,5.5,6.9,6.88,4.05
2459,40.9833,7.0,50.793,0.022,1.0516,-6.55,1.92,0.33,6.214,0.0,0.0,-0.0,0.0,0.0,0.0,6.36,6.98,7.0,4.52
2460,41.0,7.0,50.803,0.023,1.0557,-6.58,1.56,0.4,6.473,0.0,0.0,-0.0,0.0,0.0,0.0,6.5,7.01,7.01,5.37
2461,41.0167,7.0,50.814,0.024,1.0588,-6.69,1.09,0.49,7.248,0.0,0.0,-0.0,0.0,0.0,0.0,8.79,6.96,7.0,6.24
2462,41.0333,7.0,50.825,0.025,1.0606,-6.83,0.6,0.56,6.681,0.0,0.0,-0.0,0.0,0.0,0.0,6.88,6.96,6.99,5.9
2463,41.05,7.0,50.837,0.027,1.0611,-6.9,0.15,0.62,6.389,0.0,0.0,-0.0,0.0,0.0,0.0,6.76,4.97,6.96,6.87
2464,41.0667,7.0,50.85,0.028,1.0636,-7.09,0.12,0.65,6.818,0.0,0.0,-0.0,0.0,0.0,0.0,7.01,7.01,7.01,6.24
2465,41.0833,7.0,50.864,0.03,1.0646,-7.26,-0.16,0.67,6.746,0.0,0.0,-0.0,0.0,0.0,0.0,6.94,7.0,7.0,6.05
2466,41.1,7.0,50.878,0.031,1.0658,-7.21,-0.18,0.83,6.511,0.0,0.0,-0.0,0.0,0.0,0.0,7.03,5.77,7.02,6.22
2467,41.1167,7.0,50.893,0.032,1.0655,-7.14,-0.22,0.99,6.935,0.0,0.0,-0.0,0.0,0.0,0.0,6.98,9.45,6.96,4.34
2468,41.1333,7.0,50.909,0.033,1.0635,-7.02,-0.25,1.16,6.636,0.0,0.0,-0.0,0.0,0.0,0.0,7.0,5.54,7.0,7.01
2469,41.15,7.0,50.925,0.034,1.0647,-7.17,-0.08,1.16,7.425,0.0,0.0,-0.0,0.0,0.0,0.0,7.53,7.55,6.95,7.67
2470,41.1667,7.0,50.941,0.034,1.0645,-6.97,-0.17,1.31,6.814,0.0,0.0,-0.0,0.0,0.0,0.0,6.98,6.25,7.01,7.01
2471,41.1833,7.0,50.958,0.035,1.0646,-7.04,0.11,1.28,6.562,0.0,0.0,-0.0,0.0,0.0,0.0,5.45,7.12,7.06,6.62
2472,41.2,7.0,50.975,0.035,1.0652,-7.03,0.05,1.26,7.002,0.0,0.0,-0.0,0.0,0.0,0.0,7.28,6.86,6.85,7.01
2473,41.2167,7.0,50.991,0.036,1.0648,-6.9,-0.05,1.38,6.982,0.0,0.0,-0.0,0.0,0.0,0.0,7.02,7.04,7.03,6.85
2474,41.2333,7.0,51.007,0.037,1.0622,-6.79,-0.13,1.43,6.775,0.0,0.0,-0.0,0.0,0.0,0.0,7.6,5.78,7.01,6.71
2475,41.25,7.0,51.023,0.038,1.0638,-6.89,0.31,1.4,6.774,0.0,0.0,-0.0,0.0,0.0,0.0,5.47,7.35,6.97,7.31
2476,41.2667,7.0,51.04,0.037,1.0651,-6.8,0.17,1.33,7.009,0.0,0.0,-0.0,0.0,0.0,0.0,7.04,6.97,6.96,7.06
2477,41.2833,7.0,51.057,0.037,1.0642,-6.69,0.03,1.34,6.968,0.0,0.0,-0.0,0.0,0.0,0.0,6.97,6.98,6.98,6.94
2478,41.3,7.0,51.073,0.038,1.0646,-6.8,0.26,1.3,6.711,0.0,0.0,-0.0,0.0,0.0,0.0,6.36,7.07,7.06,6.34
2479,41.3167,7.0,51.09,0.039,1.0632,-6.95,0.37,1.29,6.906,0.0,0.0,-0.0,0.0,0.0,0.0,6.84,7.01,7.01,6.78
2480,41.3333,7.0,51.105,0.039,1.0646,-6.88,-0.02,1.24,6.79,0.0,0.0,-0.0,0.0,0.0,0.0,6.36,6.99,7.0,6.8
2481,41.35,7.0,51.121,0.039,1.0628,-6.79,-0.16,1.23,6.647,0.0,0.0,-0.0,0.0,0.0,0.0,7.03,5.59,7.03,6.94
2482,41.3667,7.0,51.138,0.04,1.0632,-6.94,0.24,1.21,10.085,0.0,0.0,-0.0,0.0,0.0,0.0,18.29,7.26,7.02,7.77
2483,41.3833,7.0,51.153,0.04,1.0644,-6.83,0.03,1.22,6.698,0.0,0.0,-0.0,0.0,0.0,0.0,6.05,7.0,7.0,6.74
2484,41.4,7.0,51.169,0.04,1.0631,-6.79,-0.14,1.21,6.915,0.0,0.0,-0.0,0.0,0.0,0.0,7.01,7.02,7.02,6.6
2485,41.4167,7.0,51.185,0.04,1.0596,-6.8,-0.35,1.19,7.412,0.0,0.0,-0.0,0.0,0.0,0.0,6.72,6.86,6.87,9.21
2486,41.4333,7.0,51.201,0.04,1.055,-6.75,-0.62,1.25,7.39,0.0,0.0,-0.0,0.0,0.0,0.0,6.93,8.62,7.01,7.0
2487,41.45,7.0,51.215,0.039,1.0515,-6.42,-1.32,1.13,3.441,0.0,0.0,-0.0,0.0,0.0,0.0,4.44,7.22,7.05,-4.95
2488,41.4667,7.0,51.23,0.038,1.0449,-5.86,-1.92,1.15,7.256,0.0,0.0,-0.0,0.0,0.0,0.0,6.91,6.9,6.97,8.25
2489,41.4833,7.0,51.243,0.039,1.0449,-5.8,-1.5,1.23,7.033,0.0,0.0,-0.0,0.0,0.0,0.0,10.93,6.98,7.09,3.13
2490,41.5,7.0,51.248,0.037,1.0493,-5.22,-1.66,1.43,5.469,0.0,0.0,-0.0,0.0,0.0,0.0,3.59,6.88,6.92,4.49
2491,41.5167,7.0,51.256,0.035,1.0543,-4.83,-2.04,1.42,6.223,0.0,0.0,-0.0,0.0,0.0,0.0,6.64,7.0,7.0,4.25
2492,41.5333,7.0,51.265,0.034,1.0584,-4.56,-2.52,1.41,6.78,0.0,0.0,-0.0,0.0,0.0,0.0,7.72,6.99,7.0,5.4
2493,41.55,7.0,51.274,0.033,1.0614,-4.35,-3.04,1.47,6.162,0.0,0.0,-0.0,0.0,0.0,0.0,4.9,7.01,7.02,5.72
2494,41.5667,7.0,51.285,0.034,1.0664,-4.38,-3.31,1.46,6.703,0.0,0.0,-0.0,0.0,0.0,0.0,7.03,6.98,6.98,5.83
2495,41.5833,7.0,51.296,0.035,1.0698,-4.43,-3.75,1.45,6.801,0.0,0.0,-0.0,0.0,0.0,0.0,7.4,7.0,6.99,5.82
2496,41.6,7.0,51.308,0.036,1.0724,-4.58,-4.15,1.42,6.564,0.0,0.0,-0.0,0.0,0.0,0.0,6.65,6.99,6.97,5.65
2497,41.6167,7.0,51.321,0.038,1.074,-4.81,-4.58,1.42,6.881,0.0,0.0,-0.0,0.0,0.0,0.0,7.22,7.0,6.98,6.32
2498,41.6333,7.0,51.334,0.04,1.075,-5.09,-4.97,1.41,7.046,0.0,0.0,-0.0,0.0,0.0,0.0,6.66,7.07,7.09,7.36
2499,41.65,7.0,51.347,0.043,1.076,-5.46,-5.36,1.46,7.708,0.0,0.0,-0.0,0.0,0.0,0.0,9.79,7.01,7.02,7.01
2500,41.6667,7.0,51.36,0.045,1.0757,-5.85,-5.74,1.49,6.956,0.0,0.0,-0.0,0.0,0.0,0.0,6.97,6.98,6.98,6.89
2501,41.6833,7.0,51.374,0.048,1.0734,-6.24,-6.15,1.53,6.835,0.0,0.0,-0.0,0.0,0.0,0.0,7.0,6.98,6.98,6.39
2502,41.7,7.0,51.387,0.052,1.0758,-6.75,-6.4,1.53,6.499,0.0,0.0,-0.0,0.0,0.0,0.0,6.08,7.06,6.97,5.9
2503,41.7167,7.0,51.401,0.055,1.0763,-7.21,-6.82,1.55,6.974,0.0,0.0,-0.0,0.0,0.0,0.0,6.8,6.99,6.99,7.12
2504,41.7333,7.0,51.414,0.058,1.0758,-7.51,-7.07,1.62,6.799,0.0,0.0,-0.0,0.0,0.0,0.0,7.0,6.23,6.97,7.0
2505,41.75,7.0,51.429,0.059,1.0775,-7.31,-6.68,1.88,6.554,0.0,0.0,-0.0,0.0,0.0,0.0,7.01,5.19,7.0,7.01
2506,41.7667,7.0,51.444,0.06,1.0766,-7.17,-6.68,1.99,6.967,0.0,0.0,-0.0,0.0,0.0,0.0,6.68,7.17,7.01,7.01
2507,41.7833,7.0,51.46,0.06,1.0759,-7.1,-6.79,1.89,6.058,0.0,0.0,-0.0,0.0,0.0,0.0,4.36,6.93,6.95,5.99
2508,41.8,7.0,51.476,0.06,1.0737,-7.12,-6.86,1.82,6.806,0.0,0.0,-0.0,0.0,0.0,0.0,6.97,7.01,7.01,6.23
2509,41.8167,7.0,51.493,0.059,1.0738,-7.03,-6.35,1.73,10.607,0.0,0.0,-0.0,0.0,0.0,0.0,19.13,10.92,7.1,5.28
2510,41.8333,7.0,51.51,0.059,1.0766,-6.83,-6.53,1.71,6.666,0.0,0.0,-0.0,0.0,0.0,0.0,5.69,6.96,7.01,7.0
2511,41.85,7.0,51.527,0.059,1.0756,-6.7,-6.58,1.75,7.445,0.0,0.0,-0.0,0.0,0.0,0.0,6.93,6.93,6.93,8.99
2512,41.8667,7.0,51.544,0.059,1.0723,-6.55,-6.57,1.81,6.497,0.0,0.0,-0.0,0.0,0.0,0.0,6.98,5.12,7.05,6.83
2513,41.8833,7.0,51.561,0.06,1.076,-6.52,-6.21,1.76,6.943,0.0,0.0,-0.0,0.0,0.0,0.0,6.66,7.05,7.09,6.97
2514,41.9,7.0,51.578,0.06,1.0763,-6.37,-6.22,1.74,7.006,0.0,0.0,-0.0,0.0,0.0,0.0,7.06,7.09,7.09,6.79
2515,41.9167,7.0,51.595,0.059,1.0742,-6.27,-6.24,1.73,6.943,0.0,0.0,-0.0,0.0,0.0,0.0,7.0,7.01,7.01,6.75
2516,41.9333,7.0,51.612,0.061,1.0727,-6.44,-5.87,1.67,6.803,0.0,0.0,-0.0,0.0,0.0,0.0,6.0,7.05,7.05,7.11
2517,41.95,7.0,51.629,0.06,1.0752,-6.32,-6.28,1.63,6.768,0.0,0.0,-0.0,0.0,0.0,0.0,6.16,7.05,7.05,6.8
2518,41.9667,7.0,51.644,0.06,1.0755,-5.77,-5.74,1.87,6.453,0.0,0.0,-0.0,0.0,0.0,0.0,6.99,4.82,7.0,7.0
2519,41.9833,7.0,51.66,0.059,1.0753,-5.36,-5.26,1.99,-0.449,0.0,0.0,-0.0,0.0,0.0,0.0,3.21,-16.12,6.76,4.36
2520,42.0,7.0,51.676,0.057,1.0784,-5.05,-4.84,1.8,6.654,0.0,0.0,-0.0,0.0,0.0,0.0,7.06,7.09,6.96,5.51
2521,42.0167,7.0,51.694,0.056,1.0803,-4.83,-4.49,1.64,6.701,0.0,0.0,-0.0,0.0,0.0,0.0,7.01,7.0,6.99,5.8
2522,42.0333,7.0,51.712,0.055,1.0804,-4.69,-4.17,1.52,6.672,0.0,0.0,-0.0,0.0,0.0,0.0,6.97,6.96,6.96,5.79
2523,42.05,7.0,51.725,0.054,1.0835,-4.18,-3.99,1.65,6.86,0.0,0.0,-0.0,0.0,0.0,0.0,6.51,7.13,7.06,6.74
2524,42.0667,7.0,51.732,0.05,1.0889,-3.35,-4.08,1.83,6.097,0.0,0.0,-0.0,0.0,0.0,0.0,7.01,6.97,6.95,3.45
2525,42.0833,7.0,51.74,0.047,1.0933,-2.67,-4.18,2.0,6.218,0.0,0.0,-0.0,0.0,0.0,0.0,6.89,6.86,6.84,4.28
2526,42.1,7.0,51.75,0.046,1.0969,-2.19,-4.2,2.13,3.139,0.0,0.0,-0.0,0.0,0.0,0.0,-6.49,7.12,7.15,4.78
2527,42.1167,7.0,51.759,0.043,1.1018,-1.74,-4.54,2.14,6.691,0.0,0.0,-0.0,0.0,0.0,0.0,7.16,7.04,7.05,5.52
2528,42.1333,7.0,51.77,0.041,1.1057,-1.36,-4.92,2.1,5.99,0.0,0.0,-0.0,0.0,0.0,0.0,4.15,7.03,7.02,5.76
2529,42.15,7.0,51.782,0.041,1.1101,-1.17,-5.18,2.08,6.751,0.0,0.0,-0.0,0.0,0.0,0.0,7.22,7.02,7.01,5.76
2530,42.1667,7.0,51.794,0.04,1.1132,-1.03,-5.55,2.04,6.813,0.0,0.0,-0.0,0.0,0.0,0.0,7.11,7.01,7.02,6.11
2531,42.1833,7.0,51.807,0.04,1.1147,-0.95,-5.95,1.99,6.353,0.0,0.0,-0.0,0.0,0.0,0.0,5.54,6.98,6.99,5.9
2532,42.2,7.0,51.82,0.041,1.1172,-1.03,-6.12,1.92,6.589,0.0,0.0,-0.0,0.0,0.0,0.0,6.52,7.01,7.02,5.8
2533,42.2167,7.0,51.833,0.042,1.1185,-1.2,-6.33,1.85,6.148,0.0,0.0,-0.0,0.0,0.0,0.0,4.92,6.94,6.95,5.78
2534,42.2333,7.0,51.847,0.044,1.1194,-1.33,-6.64,1.78,7.071,0.0,0.0,-0.0,0.0,0.0,0.0,5.72,7.0,7.01,8.55
2535,42.25,7.0,51.861,0.046,1.1183,-1.52,-6.99,1.73,7.1,0.0,0.0,-0.0,0.0,0.0,0.0,6.11,7.06,7.05,8.18
2536,42.2667,7.0,51.875,0.048,1.1191,-1.88,-7.08,1.73,6.672,0.0,0.0,-0.0,0.0,0.0,0.0,6.52,7.01,7.02,6.14
2537,42.2833,7.0,51.89,0.051,1.1184,-2.3,-7.2,1.69,6.181,0.0,0.0,-0.0,0.0,0.0,0.0,4.52,6.97,6.99,6.25
2538,42.3,7.0,51.904,0.053,1.1196,-2.54,-7.72,1.62,7.008,0.0,0.0,-0.0,0.0,0.0,0.0,7.23,7.0,7.02,6.79
2539,42.3167,7.0,51.918,0.056,1.118,-2.85,-8.12,1.57,7.447,0.0,0.0,-0.0,0.0,0.0,0.0,9.25,7.0,7.0,6.54
2540,42.3333,7.0,51.932,0.059,1.1188,-3.32,-8.18,1.55,6.732,0.0,0.0,-0.0,0.0,0.0,0.0,6.69,6.99,7.01,6.24
2541,42.35,7.0,51.947,0.062,1.1194,-3.71,-8.58,1.52,6.678,0.0,0.0,-0.0,0.0,0.0,0.0,6.32,6.96,6.96,6.47
2542,42.3667,7.0,51.96,0.065,1.119,-4.02,-9.06,1.51,6.967,0.0,0.0,-0.0,0.0,0.0,0.0,6.97,6.95,6.98,6.96
2543,42.3833,7.0,51.974,0.068,1.1169,-4.42,-9.48,1.48,6.494,0.0,0.0,-0.0,0.0,0.0,0.0,6.51,8.0,6.49,4.97
2544,42.4,7.0,51.989,0.072,1.1181,-4.75,-9.32,1.48,6.506,0.0,0.0,-0.0,0.0,0.0,0.0,7.1,5.39,7.07,6.46
2545,42.4167,7.0,52.003,0.073,1.1193,-4.82,-9.6,1.44,6.556,0.0,0.0,-0.0,0.0,0.0,0.0,6.2,6.7,7.03,6.3
2546,42.4333,7.0,52.018,0.074,1.118,-4.91,-9.79,1.45,6.416,0.0,0.0,-0.0,0.0,0.0,0.0,6.04,6.85,7.03,5.75
2547,42.45,7.0,52.034,0.073,1.1186,-4.65,-9.45,1.5,6.673,0.0,0.0,-0.0,0.0,0.0,0.0,6.96,5.7,7.02,7.02
2548,42.4667,7.0,52.05,0.072,1.119,-4.57,-9.32,1.44,6.883,0.0,0.0,-0.0,0.0,0.0,0.0,6.89,6.97,6.93,6.75
2549,42.4833,7.0,52.066,0.072,1.1192,-4.45,-9.42,1.38,6.806,0.0,0.0,-0.0,0.0,0.0,0.0,7.0,7.0,7.0,6.22
2550,42.5,7.0,52.083,0.072,1.1172,-4.45,-9.51,1.31,6.796,0.0,0.0,-0.0,0.0,0.0,0.0,7.02,7.02,7.02,6.13
2551,42.5167,7.0,52.096,0.071,1.1179,-3.97,-8.57,1.51,5.806,0.0,0.0,-0.0,0.0,0.0,0.0,2.77,4.44,7.0,9.01
2552,42.5333,7.0,52.109,0.067,1.1205,-3.19,-8.11,1.43,6.292,0.0,0.0,-0.0,0.0,0.0,0.0,6.29,5.0,6.91,6.96
2553,42.55,7.0,52.123,0.063,1.122,-2.68,-7.48,1.36,6.254,0.0,0.0,-0.0,0.0,0.0,0.0,7.57,6.85,6.9,3.7
2554,42.5667,7.0,52.137,0.061,1.1243,-2.44,-6.82,1.19,6.146,0.0,0.0,-0.0,0.0,0.0,0.0,6.94,6.91,6.93,3.8
2555,42.5833,7.0,52.151,0.061,1.1272,-2.24,-6.29,1.1,6.058,0.0,0.0,-0.0,0.0,0.0,0.0,4.86,6.88,6.92,5.57
2556,42.6,7.0,52.167,0.06,1.1305,-2.13,-5.97,1.02,8.637,0.0,0.0,-0.0,0.0,0.0,0.0,14.78,7.06,7.05,5.66
2557,42.6167,7.0,52.183,0.061,1.1322,-2.14,-5.7,0.94,7.069,0.0,0.0,-0.0,0.0,0.0,0.0,7.0,7.0,7.01,7.27
2558,42.6333,7.0,52.199,0.061,1.1324,-2.12,-5.4,0.94,6.592,0.0,0.0,-0.0,0.0,0.0,0.0,7.02,5.47,7.01,6.88
2559,42.65,7.0,52.207,0.058,1.1355,-1.68,-5.15,1.39,5.298,0.0,0.0,-0.0,0.0,0.0,0.0,0.03,7.06,7.05,7.06
2560,42.6667,7.0,52.211,0.051,1.1371,-1.38,-5.15,1.79,7.962,0.0,0.0,-0.0,0.0,0.0,0.0,12.05,6.54,6.62,6.63
2561,42.6833,7.0,52.215,0.044,1.1364,-0.99,-5.28,2.18,7.722,0.0,0.0,-0.0,0.0,0.0,0.0,13.67,6.34,6.29,4.6
2562,42.7,7.0,52.22,0.042,1.1363,-0.55,-4.85,2.09,-10.075,0.0,0.0,-0.0,0.0,0.0,0.0,-57.87,7.04,7.19,3.35
2563,42.7167,7.0,52.221,0.04,1.1436,0.33,-4.99,2.73,6.128,0.0,0.0,-0.0,0.0,0.0,0.0,6.95,7.04,7.01,3.52
2564,42.7333,7.0,52.224,0.039,1.1498,0.95,-5.12,3.18,5.988,0.0,0.0,-0.0,0.0,0.0,0.0,6.87,6.95,6.92,3.21
2565,42.75,7.0,52.228,0.04,1.1547,1.37,-5.3,3.56,6.16,0.0,0.0,-0.0,0.0,0.0,0.0,6.95,6.99,7.01,3.68
2566,42.7667,7.0,52.234,0.041,1.1582,1.63,-5.54,3.9,5.067,0.0,0.0,-0.0,0.0,0.0,0.0,6.88,6.88,7.33,-0.82
2567,42.7833,7.0,52.24,0.043,1.1605,1.64,-6.02,4.09,11.994,0.0,0.0,-0.0,0.0,0.0,0.0,6.86,6.71,25.46,8.94
2568,42.8,7.0,52.247,0.046,1.1615,1.58,-6.29,4.3,6.286,0.0,0.0,-0.0,0.0,0.0,0.0,7.09,7.09,7.12,3.85
2569,42.8167,7.0,52.255,0.05,1.1619,1.27,-6.46,4.44,6.4,0.0,0.0,-0.0,0.0,0.0,0.0,6.99,7.0,7.0,4.61
2570,42.8333,7.0,52.263,0.054,1.1636,0.95,-6.94,4.56,6.365,0.0,0.0,-0.0,0.0,0.0,0.0,6.2,7.03,7.05,5.18
2571,42.85,7.0,52.27,0.057,1.1676,0.64,-7.87,4.47,7.395,0.0,0.0,-0.0,0.0,0.0,0.0,8.03,6.91,6.93,7.7
2572,42.8667,7.0,52.276,0.059,1.1708,0.3,-8.73,4.27,6.631,0.0,0.0,-0.0,0.0,0.0,0.0,7.59,6.85,6.89,5.19
2573,42.8833,7.0,52.284,0.062,1.1728,-0.05,-9.55,4.17,6.531,0.0,0.0,-0.0,0.0,0.0,0.0,6.93,6.88,6.89,5.43
2574,42.9,7.0,52.293,0.066,1.1759,-0.55,-10.18,4.05,6.58,0.0,0.0,-0.0,0.0,0.0,0.0,7.06,6.93,6.96,5.38
2575,42.9167,7.0,52.302,0.07,1.1782,-1.09,-10.84,3.95,6.704,0.0,0.0,-0.0,0.0,0.0,0.0,5.94,6.95,6.96,6.97
2576,42.9333,7.0,52.312,0.075,1.1795,-1.65,-11.55,3.88,6.926,0.0,0.0,-0.0,0.0,0.0,0.0,7.15,6.93,6.95,6.67
2577,42.95,7.0,52.323,0.078,1.18,-1.95,-12.0,3.88,6.111,0.0,0.0,-0.0,0.0,0.0,0.0,6.99,3.54,6.94,6.97
2578,42.9667,7.0,52.335,0.081,1.1796,-2.07,-12.3,3.93,6.45,0.0,0.0,-0.0,0.0,0.0,0.0,7.01,4.79,7.0,7.0
2579,42.9833,7.0,52.348,0.082,1.1819,-1.92,-12.12,4.05,6.451,0.0,0.0,-0.0,0.0,0.0,0.0,7.0,5.97,7.04,5.8
2580,43.0,7.0,52.362,0.083,1.1823,-1.82,-12.16,4.1,6.681,0.0,0.0,-0.0,0.0,0.0,0.0,7.02,6.11,7.03,6.57
2581,43.0167,7.0,52.377,0.085,1.1812,-1.75,-12.24,4.13,7.04,0.0,0.0,-0.0,0.0,0.0,0.0,7.05,9.04,7.05,5.02
2582,43.0333,7.0,52.392,0.088,1.1808,-1.98,-12.12,4.03,6.458,0.0,0.0,-0.0,0.0,0.0,0.0,5.88,7.11,7.1,5.74
2583,43.05,7.0,52.408,0.088,1.1824,-1.87,-12.08,3.92,7.095,0.0,0.0,-0.0,0.0,0.0,0.0,7.13,7.21,7.01,7.02
2584,43.0667,7.0,52.424,0.089,1.1817,-1.77,-12.2,3.79,6.607,0.0,0.0,-0.0,0.0,0.0,0.0,6.99,6.95,6.99,5.5
2585,43.0833,7.0,52.44,0.09,1.1797,-1.81,-12.22,3.65,6.916,0.0,0.0,-0.0,0.0,0.0,0.0,7.96,6.74,6.89,6.07
2586,43.1,7.0,52.457,0.091,1.1809,-1.85,-12.01,3.5,6.662,0.0,0.0,-0.0,0.0,0.0,0.0,7.48,6.63,6.97,5.57
2587,43.1167,7.0,52.473,0.092,1.1817,-1.8,-12.09,3.36,7.379,0.0,0.0,-0.0,0.0,0.0,0.0,7.62,7.04,7.05,7.8
2588,43.1333,7.0,52.49,0.092,1.1808,-1.76,-12.24,3.23,6.879,0.0,0.0,-0.0,0.0,0.0,0.0,6.99,6.99,6.99,6.54
2589,43.15,7.0,52.506,0.092,1.1794,-1.61,-12.05,3.22,5.41,0.0,0.0,-0.0,0.0,0.0,0.0,2.47,6.34,6.99,5.84
2590,43.1667,7.0,52.523,0.093,1.182,-1.52,-11.91,3.13,6.934,0.0,0.0,-0.0,0.0,0.0,0.0,7.04,7.01,7.01,6.69
2591,43.1833,7.0,52.539,0.093,1.182,-1.44,-11.87,3.01,6.77,0.0,0.0,-0.0,0.0,0.0,0.0,7.0,7.01,7.01,6.06
2592,43.2,7.0,52.556,0.094,1.1802,-1.45,-11.83,2.9,6.808,0.0,0.0,-0.0,0.0,0.0,0.0,7.01,7.0,7.0,6.22
2593,43.2167,7.0,52.57,0.097,1.1852,-1.5,-11.36,2.59,6.624,0.0,0.0,-0.0,0.0,0.0,0.0,6.9,6.91,6.97,5.72
2594,43.2333,7.0,52.582,0.099,1.1909,-1.61,-10.99,2.49,9.378,0.0,0.0,-0.0,0.0,0.0,0.0,19.08,4.04,7.11,7.27
2595,43.25,7.0,52.594,0.1,1.1953,-1.36,-10.43,2.46,8.329,0.0,0.0,-0.0,0.0,0.0,0.0,7.08,14.23,7.27,4.73
2596,43.2667,7.0,52.606,0.101,1.1987,-1.28,-9.82,2.53,8.127,0.0,0.0,-0.0,0.0,0.0,0.0,7.0,10.58,7.09,7.83
2597,43.2833,7.0,52.619,0.101,1.2014,-1.05,-9.27,2.55,12.69,0.0,0.0,-0.0,0.0,0.0,0.0,7.87,6.91,6.72,29.25
2598,43.3,7.0,52.631,0.101,1.2028,-0.73,-8.72,2.66,6.026,0.0,0.0,-0.0,0.0,0.0,0.0,6.1,4.24,6.96,6.8
2599,43.3167,7.0,52.645,0.099,1.2041,-0.39,-8.22,2.65,6.901,0.0,0.0,-0.0,0.0,0.0,0.0,6.96,7.45,6.95,6.25
2600,43.3333,7.0,52.659,0.098,1.2058,-0.12,-7.79,2.58,7.207,0.0,0.0,-0.0,0.0,0.0,0.0,10.31,6.1,7.01,5.41
2601,43.35,7.0,52.675,0.097,1.2073,0.21,-7.46,2.51,6.253,0.0,0.0,-0.0,0.0,0.0,0.0,6.98,5.64,6.98,5.41
2602,43.3667,7.0,52.692,0.096,1.2073,0.49,-7.14,2.41,8.297,0.0,0.0,-0.0,0.0,0.0,0.0,6.96,6.12,7.01,13.1
2603,43.3833,7.0,52.708,0.094,1.2086,0.71,-6.93,2.38,6.595,0.0,0.0,-0.0,0.0,0.0,0.0,6.22,7.11,7.09,5.95
2604,43.4,7.0,52.724,0.094,1.2106,0.74,-6.98,2.25,8.778,0.0,0.0,-0.0,0.0,0.0,0.0,6.98,6.98,10.74,10.41
2605,43.4167,7.0,52.735,0.095,1.2158,0.72,-7.68,2.21,7.117,0.0,0.0,-0.0,0.0,0.0,0.0,7.3,5.34,8.85,6.98
2606,43.4333,7.0,52.744,0.095,1.2199,0.83,-8.41,2.21,7.121,0.0,0.0,-0.0,0.0,0.0,0.0,8.56,6.03,6.94,6.95
2607,43.45,7.0,52.752,0.095,1.2244,0.83,-9.03,2.06,6.5,0.0,0.0,-0.0,0.0,0.0,0.0,7.23,6.92,6.96,4.89
2608,43.4667,7.0,52.76,0.096,1.2286,0.7,-9.61,1.93,7.759,0.0,0.0,-0.0,0.0,0.0,0.0,9.86,7.04,7.02,7.11
2609,43.4833,7.0,52.77,0.096,1.2319,0.71,-10.02,1.88,6.561,0.0,0.0,-0.0,0.0,0.0,0.0,6.93,5.36,6.97,6.99
2610,43.5,7.0,52.78,0.096,1.2338,0.81,-10.43,1.8,6.848,0.0,0.0,-0.0,0.0,0.0,0.0,6.98,6.42,6.99,7.0
2611,43.5167,7.0,52.791,0.096,1.2355,0.81,-10.72,1.72,6.335,0.0,0.0,-0.0,0.0,0.0,0.0,6.7,6.74,7.01,4.89
2612,43.5333,7.0,52.802,0.098,1.2376,0.62,-11.01,1.65,6.51,0.0,0.0,-0.0,0.0,0.0,0.0,7.07,5.72,7.09,6.16
2613,43.55,7.0,52.815,0.099,1.2395,0.72,-11.17,1.74,7.098,0.0,0.0,-0.0,0.0,0.0,0.0,7.0,5.62,7.01,8.77
2614,43.5667,7.0,52.829,0.1,1.2402,0.83,-11.33,1.81,6.726,0.0,0.0,-0.0,0.0,0.0,0.0,7.0,6.01,7.03,6.86
2615,43.5833,7.0,52.843,0.101,1.2399,0.76,-11.35,1.77,6.54,0.0,0.0,-0.0,0.0,0.0,0.0,7.04,7.08,7.05,4.98
2616,43.6,7.0,52.857,0.102,1.2395,0.68,-11.17,1.77,7.955,0.0,0.0,-0.0,0.0,0.0,0.0,7.02,5.18,7.03,12.59
2617,43.6167,7.0,52.872,0.102,1.2397,0.75,-11.2,1.7,6.772,0.0,0.0,-0.0,0.0,0.0,0.0,6.65,6.63,6.98,6.82
2618,43.6333,7.0,52.888,0.102,1.239,0.89,-11.28,1.64,6.852,0.0,0.0,-0.0,0.0,0.0,0.0,7.0,6.46,7.0,6.95
2619,43.65,7.0,52.904,0.103,1.2386,0.82,-11.11,1.57,6.681,0.0,0.0,-0.0,0.0,0.0,0.0,7.07,6.89,7.02,5.74
2620,43.6667,7.0,52.92,0.104,1.2394,0.79,-11.12,1.46,7.43,0.0,0.0,-0.0,0.0,0.0,0.0,7.62,7.94,6.97,7.19
2621,43.6833,7.0,52.935,0.105,1.2402,0.74,-11.3,1.35,6.717,0.0,0.0,-0.0,0.0,0.0,0.0,7.01,6.95,7.0,5.9
2622,43.7,7.0,52.951,0.106,1.2397,0.6,-11.32,1.24,6.539,0.0,0.0,-0.0,0.0,0.0,0.0,6.77,5.73,6.84,6.82
2623,43.7167,7.0,52.966,0.106,1.2388,0.68,-11.05,1.18,8.27,0.0,0.0,-0.0,0.0,0.0,0.0,8.54,6.62,6.89,11.03
2624,43.7333,7.0,52.982,0.105,1.2393,0.84,-11.05,1.1,6.938,0.0,0.0,-0.0,0.0,0.0,0.0,6.99,6.95,6.98,6.82
2625,43.75,7.0,52.998,0.105,1.239,0.94,-11.21,1.01,7.017,0.0,0.0,-0.0,0.0,0.0,0.0,7.24,7.0,7.01,6.83
2626,43.7667,7.0,53.014,0.106,1.2395,0.85,-11.15,0.94,6.663,0.0,0.0,-0.0,0.0,0.0,0.0,6.64,6.96,7.0,6.05
2627,43.7833,7.0,53.03,0.107,1.2392,0.7,-11.09,0.88,7.417,0.0,0.0,-0.0,0.0,0.0,0.0,7.03,5.63,7.04,9.97
2628,43.8,7.0,53.046,0.107,1.2394,0.8,-11.13,0.83,8.144,0.0,0.0,-0.0,0.0,0.0,0.0,6.68,11.33,6.95,7.62
2629,43.8167,7.0,53.056,0.106,1.2443,0.86,-10.51,0.72,5.223,0.0,0.0,-0.0,0.0,0.0,0.0,2.7,7.11,7.15,3.93
2630,43.8333,7.0,53.066,0.107,1.2496,0.76,-9.85,0.64,6.862,0.0,0.0,-0.0,0.0,0.0,0.0,9.29,7.0,7.02,4.13
2631,43.85,7.0,53.075,0.107,1.2537,0.94,-9.17,0.59,5.372,0.0,0.0,-0.0,0.0,0.0,0.0,2.8,4.77,6.95,6.97
2632,43.8667,7.0,53.085,0.106,1.2593,1.12,-8.55,0.51,11.125,0.0,0.0,-0.0,0.0,0.0,0.0,9.08,9.58,6.54,19.31
2633,43.8833,7.0,53.095,0.106,1.2636,1.25,-7.96,0.46,16.351,0.0,0.0,-0.0,0.0,0.0,0.0,28.08,23.38,7.08,6.86
2634,43.9,7.0,53.105,0.105,1.2669,1.43,-7.37,0.41,9.044,0.0,0.0,-0.0,0.0,0.0,0.0,7.35,4.5,7.05,17.28
2635,43.9167,7.0,53.115,0.104,1.2694,1.6,-6.74,0.33,16.927,0.0,0.0,-0.0,0.0,0.0,0.0,28.37,27.81,7.06,4.47
2636,43.9333,7.0,53.125,0.103,1.2735,1.77,-6.34,0.25,4.645,0.0,0.0,-0.0,0.0,0.0,0.0,3.56,3.93,6.87,4.22
2637,43.95,7.0,53.136,0.103,1.2772,1.83,-5.93,0.26,13.343,0.0,0.0,-0.0,0.0,0.0,0.0,14.2,28.85,6.93,3.39
2638,43.9667,7.0,53.147,0.103,1.2801,1.9,-5.49,0.3,7.122,0.0,0.0,-0.0,0.0,0.0,0.0,6.9,4.25,6.98,10.36
2639,43.9833,7.0,53.16,0.103,1.2824,1.96,-5.05,0.3,15.156,0.0,0.0,-0.0,0.0,0.0,0.0,23.02,27.57,6.92,3.12
2640,44.0,7.0,53.173,0.103,1.2853,1.87,-4.91,0.2,6.194,0.0,0.0,-0.0,0.0,0.0,0.0,5.6,6.98,6.99,5.21
2641,44.0167,7.0,53.186,0.103,1.2874,1.84,-4.68,0.13,6.438,0.0,0.0,-0.0,0.0,0.0,0.0,6.99,5.26,7.03,6.48
2642,44.0333,7.0,53.201,0.103,1.2884,1.85,-4.45,0.07,6.364,0.0,0.0,-0.0,0.0,0.0,0.0,7.04,4.76,7.01,6.66
2643,44.05,7.0,53.217,0.103,1.2897,1.83,-4.33,0.04,6.672,0.0,0.0,-0.0,0.0,0.0,0.0,6.35,7.02,7.01,6.3
2644,44.0667,7.0,53.233,0.103,1.2898,1.75,-4.28,-0.03,6.822,0.0,0.0,-0.0,0.0,0.0,0.0,7.01,7.01,7.01,6.25
2645,44.0833,7.0,53.249,0.102,1.2895,1.83,-4.24,-0.07,6.983,0.0,0.0,-0.0,0.0,0.0,0.0,6.94,7.08,6.96,6.95
2646,44.1,7.0,53.265,0.101,1.2889,2.1,-4.38,-0.11,6.763,0.0,0.0,-0.0,0.0,0.0,0.0,7.03,6.0,7.02,7.0
2647,44.1167,7.0,53.282,0.1,1.2898,2.17,-4.04,-0.14,3.101,0.0,0.0,-0.0,0.0,0.0,0.0,-8.86,7.38,7.4,6.48
2648,44.1333,7.0,53.297,0.098,1.2935,2.47,-4.26,-0.12,6.984,0.0,0.0,-0.0,0.0,0.0,0.0,7.41,7.05,7.04,6.44
2649,44.15,7.0,53.312,0.097,1.295,2.72,-4.5,-0.19,6.873,0.0,0.0,-0.0,0.0,0.0,0.0,6.92,7.0,7.0,6.57
2650,44.1667,7.0,53.327,0.095,1.2945,2.92,-4.71,-0.25,7.031,0.0,0.0,-0.0,0.0,0.0,0.0,7.2,7.04,7.01,6.87
2651,44.1833,7.0,53.343,0.095,1.2969,2.91,-4.49,-0.28,9.48,0.0,0.0,-0.0,0.0,0.0,0.0,17.48,6.95,6.96,6.53
2652,44.2,7.0,53.359,0.095,1.2966,2.87,-4.45,-0.28,6.734,0.0,0.0,-0.0,0.0,0.0,0.0,5.86,7.11,7.11,6.86
2653,44.2167,7.0,53.374,0.095,1.298,2.87,-4.65,-0.29,7.007,0.0,0.0,-0.0,0.0,0.0,0.0,6.98,7.01,7.01,7.03
2654,44.2333,7.0,53.39,0.095,1.298,2.85,-4.84,-0.35,6.905,0.0,0.0,-0.0,0.0,0.0,0.0,7.0,7.0,7.0,6.61
2655,44.25,7.0,53.406,0.095,1.2983,2.7,-4.77,-0.38,6.815,0.0,0.0,-0.0,0.0,0.0,0.0,6.77,7.0,7.0,6.5
2656,44.2667,7.0,53.422,0.096,1.2969,2.53,-4.83,-0.43,7.37,0.0,0.0,-0.0,0.0,0.0,0.0,8.21,7.0,7.05,7.23
2657,44.2833,7.0,53.437,0.097,1.2965,2.46,-5.21,-0.49,7.147,0.0,0.0,-0.0,0.0,0.0,0.0,7.42,7.0,7.0,7.16
2658,44.3,7.0,53.453,0.098,1.2981,2.22,-5.09,-0.51,6.878,0.0,0.0,-0.0,0.0,0.0,0.0,6.79,7.04,7.02,6.67
2659,44.3167,7.0,53.469,0.1,1.2971,1.94,-5.19,-0.55,7.61,0.0,0.0,-0.0,0.0,0.0,0.0,8.5,7.0,6.99,7.94
2660,44.3333,7.0,53.484,0.1,1.2974,1.91,-5.43,-0.6,6.769,0.0,0.0,-0.0,0.0,0.0,0.0,6.51,6.71,7.0,6.86
2661,44.35,7.0,53.499,0.099,1.2964,2.02,-5.65,-0.64,6.929,0.0,0.0,-0.0,0.0,0.0,0.0,7.0,6.75,7.0,6.97
2662,44.3667,7.0,53.515,0.1,1.2982,1.89,-5.34,-0.67,6.831,0.0,0.0,-0.0,0.0,0.0,0.0,6.63,7.03,6.99,6.68
2663,44.3833,7.0,53.531,0.1,1.2973,1.88,-5.28,-0.7,7.948,0.0,0.0,-0.0,0.0,0.0,0.0,8.92,8.73,7.03,7.11
2664,44.4,7.0,53.547,0.098,1.297,2.08,-5.49,-0.79,5.942,0.0,0.0,-0.0,0.0,0.0,0.0,7.05,2.82,7.05,6.84
2665,44.4167,7.0,53.562,0.097,1.2984,2.07,-5.26,-0.8,6.71,0.0,0.0,-0.0,0.0,0.0,0.0,6.27,7.02,7.01,6.53
2666,44.4333,7.0,53.579,0.097,1.2976,2.02,-5.18,-0.83,6.764,0.0,0.0,-0.0,0.0,0.0,0.0,6.94,7.01,7.02,6.08
2667,44.45,7.0,53.595,0.097,1.2971,2.05,-5.36,-0.85,7.095,0.0,0.0,-0.0,0.0,0.0,0.0,7.15,7.01,7.0,7.22
2668,44.4667,7.0,53.607,0.096,1.2993,2.86,-4.65,-0.51,6.283,0.0,0.0,-0.0,0.0,0.0,0.0,6.47,4.79,7.02,6.85
2669,44.4833,7.0,53.62,0.093,1.3017,3.23,-3.93,-0.39,5.413,0.0,0.0,-0.0,0.0,0.0,0.0,4.79,5.77,6.89,4.2
2670,44.5,7.0,53.632,0.09,1.3058,3.51,-3.23,-0.56,10.464,0.0,0.0,-0.0,0.0,0.0,0.0,23.36,6.15,6.32,6.03
2671,44.5167,7.0,53.645,0.087,1.3095,3.65,-2.61,-0.68,12.145,0.0,0.0,-0.0,0.0,0.0,0.0,29.58,7.29,7.24,4.48
2672,44.5333,7.0,53.657,0.086,1.3131,3.75,-2.1,-0.76,6.511,0.0,0.0,-0.0,0.0,0.0,0.0,7.38,6.96,6.95,4.76
2673,44.55,7.0,53.671,0.085,1.3155,3.74,-1.61,-0.88,6.371,0.0,0.0,-0.0,0.0,0.0,0.0,5.61,6.84,6.86,6.17
2674,44.5667,7.0,53.685,0.085,1.3195,3.73,-1.32,-0.88,6.291,0.0,0.0,-0.0,0.0,0.0,0.0,5.5,6.94,6.97,5.75
2675,44.5833,7.0,53.699,0.085,1.3224,3.65,-1.1,-0.86,6.893,0.0,0.0,-0.0,0.0,0.0,0.0,7.69,7.0,7.0,5.89
2676,44.6,7.0,53.715,0.086,1.3238,3.5,-0.94,-0.88,6.74,0.0,0.0,-0.0,0.0,0.0,0.0,7.02,7.03,7.03,5.88
2677,44.6167,7.0,53.731,0.086,1.3243,3.32,-0.86,-0.89,7.276,0.0,0.0,-0.0,0.0,0.0,0.0,8.19,6.99,6.98,6.95
2678,44.6333,7.0,53.746,0.087,1.3259,3.2,-1.08,-0.94,6.942,0.0,0.0,-0.0,0.0,0.0,0.0,6.99,7.0,7.0,6.78
2679,44.65,7.0,53.762,0.087,1.3257,3.12,-1.19,-0.95,6.605,0.0,0.0,-0.0,0.0,0.0,0.0,7.2,5.62,7.14,6.46
2680,44.6667,7.0,53.778,0.087,1.3241,3.22,-1.13,-0.87,6.722,0.0,0.0,-0.0,0.0,0.0,0.0,7.0,5.88,7.01,7.0
2681,44.6833,7.0,53.794,0.086,1.3242,3.24,-0.89,-0.88,7.428,0.0,0.0,-0.0,0.0,0.0,0.0,8.07,7.03,6.95,7.66
2682,44.7,7.0,53.809,0.085,1.3257,3.26,-1.05,-0.92,6.924,0.0,0.0,-0.0,0.0,0.0,0.0,7.09,7.07,7.1,6.44
2683,44.7167,7.0,53.825,0.084,1.3256,3.23,-1.06,-1.04,6.824,0.0,0.0,-0.0,0.0,0.0,0.0,7.01,7.01,7.01,6.27
2684,44.7333,7.0,53.842,0.084,1.3238,3.19,-1.03,-1.13,6.737,0.0,0.0,-0.0,0.0,0.0,0.0,7.03,5.88,7.03,7.01
2685,44.75,7.0,53.858,0.083,1.3249,3.27,-0.92,-1.13,6.874,0.0,0.0,-0.0,0.0,0.0,0.0,6.79,7.02,7.01,6.68
2686,44.7667,7.0,53.874,0.082,1.3247,3.37,-0.98,-1.16,6.853,0.0,0.0,-0.0,0.0,0.0,0.0,7.0,7.0,7.0,6.41
2687,44.7833,7.0,53.89,0.081,1.3223,3.41,-1.04,-1.21,7.453,0.0,0.0,-0.0,0.0,0.0,0.0,9.47,6.79,7.0,6.55
2688,44.8,7.0,53.907,0.08,1.3246,3.4,-0.79,-1.22,7.146,0.0,0.0,-0.0,0.0,0.0,0.0,7.13,6.99,6.95,7.51
2689,44.8167,7.0,53.923,0.079,1.3254,3.48,-0.93,-1.24,6.957,0.0,0.0,-0.0,0.0,0.0,0.0,7.0,7.0,7.0,6.83
2690,44.8333,7.0,53.939,0.078,1.324,3.51,-1.04,-1.31,6.883,0.0,0.0,-0.0,0.0,0.0,0.0,7.0,7.0,7.0,6.53
2691,44.85,7.0,53.955,0.078,1.3239,3.42,-0.79,-1.31,6.805,0.0,0.0,-0.0,0.0,0.0,0.0,7.05,7.06,7.04,6.08
2692,44.8667,7.0,53.971,0.078,1.3252,3.42,-0.84,-1.32,6.984,0.0,0.0,-0.0,0.0,0.0,0.0,6.81,7.0,6.99,7.13
2693,44.8833,7.0,53.987,0.078,1.3249,3.42,-0.98,-1.33,6.829,0.0,0.0,-0.0,0.0,0.0,0.0,6.91,6.94,6.91,6.56
2694,44.9,7.0,54.003,0.077,1.3227,3.42,-1.06,-1.32,6.649,0.0,0.0,-0.0,0.0,0.0,0.0,7.15,5.58,7.07,6.8
2695,44.9167,7.0,54.019,0.077,1.3244,3.44,-0.77,-1.31,7.238,0.0,0.0,-0.0,0.0,0.0,0.0,7.5,6.97,6.95,7.53
2696,44.9333,7.0,54.035,0.075,1.3256,3.54,-0.93,-1.33,6.96,0.0,0.0,-0.0,0.0,0.0,0.0,7.0,7.0,7.0,6.84
2697,44.95,7.0,54.051,0.074,1.3247,3.61,-1.06,-1.4,6.894,0.0,0.0,-0.0,0.0,0.0,0.0,7.0,7.0,7.0,6.57
2698,44.9667,7.0,54.066,0.074,1.3238,3.49,-0.81,-1.49,6.334,0.0,0.0,-0.0,0.0,0.0,0.0,4.44,6.88,6.84,7.17
2699,44.9833,7.0,54.082,0.074,1.3251,3.57,-0.75,-1.29,6.974,0.0,0.0,-0.0,0.0,0.0,0.0,7.16,7.04,7.03,6.67
2700,45.0,7.0,54.099,0.074,1.3247,3.55,-0.86,-1.26,6.92,0.0,0.0,-0.0,0.0,0.0,0.0,6.98,6.98,6.98,6.73
2701,45.0167,7.0,54.115,0.075,1.3221,3.48,-0.95,-1.28,7.069,0.0,0.0,-0.0,0.0,0.0,0.0,6.61,7.17,7.16,7.34
2702,45.0333,7.0,54.131,0.073,1.3221,3.58,-1.18,-1.3,6.107,0.0,0.0,-0.0,0.0,0.0,0.0,4.88,6.02,6.9,6.63
2703,45.05,7.0,54.146,0.072,1.3216,3.72,-1.13,-1.22,6.424,0.0,0.0,-0.0,0.0,0.0,0.0,4.73,7.09,6.88,6.99
2704,45.0667,7.0,54.162,0.071,1.3197,3.87,-1.09,-1.24,6.724,0.0,0.0,-0.0,0.0,0.0,0.0,6.99,5.96,6.98,6.97
2705,45.0833,7.0,54.178,0.069,1.3201,4.19,-0.75,-1.29,5.983,0.0,0.0,-0.0,0.0,0.0,0.0,3.06,5.22,6.6,9.06
2706,45.1,7.0,54.191,0.069,1.3239,4.4,-0.34,-1.18,7.044,0.0,0.0,-0.0,0.0,0.0,0.0,6.82,6.92,6.94,7.51
2707,45.1167,7.0,54.204,0.068,1.325,4.57,-0.22,-1.06,7.028,0.0,0.0,-0.0,0.0,0.0,0.0,6.99,6.99,6.99,7.14
2708,45.1333,7.0,54.218,0.067,1.3235,4.72,-0.17,-0.96,7.0,0.0,0.0,-0.0,0.0,0.0,0.0,7.0,7.0,7.0,7.0
2709,45.15,7.0,54.232,0.067,1.3225,4.7,0.09,-0.95,6.642,0.0,0.0,-0.0,0.0,0.0,0.0,6.75,6.99,6.99,5.83
2710,45.1667,7.0,54.247,0.066,1.3239,4.74,0.02,-0.94,7.854,0.0,0.0,-0.0,0.0,0.0,0.0,11.17,5.59,7.03,7.63
2711,45.1833,7.0,54.262,0.065,1.3236,4.86,0.0,-0.93,6.756,0.0,0.0,-0.0,0.0,0.0,0.0,7.01,6.01,7.01,7.0
2712,45.2,7.0,54.277,0.064,1.3213,5.05,-0.02,-0.93,6.767,0.0,0.0,-0.0,0.0,0.0,0.0,7.01,6.07,7.0,7.0
2713,45.2167,7.0,54.293,0.062,1.3176,5.42,0.15,-0.87,6.4,0.0,0.0,-0.0,0.0,0.0,0.0,6.96,4.73,6.97,6.94
2714,45.2333,7.0,54.309,0.06,1.3129,5.95,0.47,-0.81,6.94,0.0,0.0,-0.0,0.0,0.0,0.0,6.89,7.27,7.02,6.58
2715,45.25,7.0,54.325,0.056,1.3067,6.51,0.79,-0.71,6.56,0.0,0.0,-0.0,0.0,0.0,0.0,6.98,5.31,6.96,6.99
2716,45.2667,7.0,54.342,0.053,1.2986,7.14,1.04,-0.68,6.475,0.0,0.0,-0.0,0.0,0.0,0.0,6.98,5.49,6.96,6.47
2717,45.2833,7.0,54.36,0.05,1.2905,7.4,1.7,-0.8,5.928,0.0,0.0,-0.0,0.0,0.0,0.0,7.0,6.93,6.99,2.79
2718,45.3,7.0,54.378,0.048,1.2922,7.64,1.9,-0.83,6.749,0.0,0.0,-0.0,0.0,0.0,0.0,7.25,6.73,6.62,6.39
2719,45.3167,7.0,54.395,0.047,1.292,7.57,1.81,-0.8,7.218,0.0,0.0,-0.0,0.0,0.0,0.0,7.06,7.78,7.01,7.02
2720,45.3333,7.0,54.412,0.047,1.2911,7.62,1.91,-0.83,6.508,0.0,0.0,-0.0,0.0,0.0,0.0,7.05,6.55,5.39,7.03
2721,45.35,7.0,54.429,0.046,1.2903,7.79,2.04,-0.88,6.987,0.0,0.0,-0.0,0.0,0.0,0.0,6.98,6.98,6.97,7.02
2722,45.3667,7.0,54.445,0.046,1.292,7.75,1.71,-0.87,6.522,0.0,0.0,-0.0,0.0,0.0,0.0,5.7,6.99,6.46,6.94
2723,45.3833,7.0,54.461,0.045,1.2909,7.58,1.75,-1.02,6.645,0.0,0.0,-0.0,0.0,0.0,0.0,6.97,6.97,6.96,5.67
2724,45.4,7.0,54.478,0.044,1.2902,7.75,2.0,-1.02,6.581,0.0,0.0,-0.0,0.0,0.0,0.0,6.69,6.73,6.97,5.93
2725,45.4167,7.0,54.493,0.044,1.2921,7.8,1.76,-1.01,7.006,0.0,0.0,-0.0,0.0,0.0,0.0,6.89,7.05,7.1,6.99
2726,45.4333,7.0,54.509,0.042,1.2914,7.87,1.57,-1.08,6.952,0.0,0.0,-0.0,0.0,0.0,0.0,7.0,6.8,7.0,7.01
2727,45.45,7.0,54.525,0.042,1.2909,7.65,1.87,-1.26,6.7,0.0,0.0,-0.0,0.0,0.0,0.0,7.02,6.35,7.02,6.4
2728,45.4667,7.0,54.542,0.041,1.289,7.77,2.12,-1.28,6.904,0.0,0.0,-0.0,0.0,0.0,0.0,6.47,7.15,6.99,7.01
2729,45.4833,7.0,54.558,0.041,1.2911,7.68,1.66,-1.25,6.183,0.0,0.0,-0.0,0.0,0.0,0.0,6.11,5.13,6.62,6.87
2730,45.5,7.0,54.574,0.04,1.2912,7.74,1.88,-1.24,7.542,0.0,0.0,-0.0,0.0,0.0,0.0,6.98,7.6,9.46,6.12
2731,45.5167,7.0,54.59,0.04,1.2916,7.73,1.85,-1.25,6.862,0.0,0.0,-0.0,0.0,0.0,0.0,6.13,6.93,7.26,7.12
2732,45.5333,7.0,54.606,0.039,1.2916,7.61,1.8,-1.33,6.476,0.0,0.0,-0.0,0.0,0.0,0.0,7.07,6.42,5.38,7.03
2733,45.55,7.0,54.622,0.038,1.2913,7.68,1.76,-1.34,5.582,0.0,0.0,-0.0,0.0,0.0,0.0,7.11,3.46,4.66,7.09
2734,45.5667,7.0,54.638,0.037,1.2914,7.74,1.91,-1.44,6.789,0.0,0.0,-0.0,0.0,0.0,0.0,6.96,7.0,6.94,6.26
2735,45.5833,7.0,54.654,0.036,1.2921,7.75,1.75,-1.43,7.04,0.0,0.0,-0.0,0.0,0.0,0.0,7.04,6.95,7.16,7.01
2736,45.6,7.0,54.67,0.035,1.2911,7.78,1.58,-1.47,6.938,0.0,0.0,-0.0,0.0,0.0,0.0,7.01,6.74,7.0,7.0
2737,45.6167,7.0,54.686,0.035,1.2899,7.57,1.83,-1.62,5.64,0.0,0.0,-0.0,0.0,0.0,0.0,2.58,7.4,6.72,5.86
2738,45.6333,7.0,54.703,0.035,1.2902,7.75,2.03,-1.49,6.653,0.0,0.0,-0.0,0.0,0.0,0.0,6.47,6.36,6.95,6.84
2739,45.65,7.0,54.719,0.035,1.2923,7.68,1.82,-1.43,7.05,0.0,0.0,-0.0,0.0,0.0,0.0,7.04,6.96,7.21,7.0
2740,45.6667,7.0,54.735,0.034,1.2909,7.68,1.73,-1.47,7.057,0.0,0.0,-0.0,0.0,0.0,0.0,6.95,7.32,6.97,6.99
2741,45.6833,7.0,54.752,0.034,1.2902,7.59,1.95,-1.45,6.768,0.0,0.0,-0.0,0.0,0.0,0.0,6.63,7.07,7.44,5.93
2742,45.7,7.0,54.769,0.034,1.2921,7.6,1.86,-1.48,7.206,0.0,0.0,-0.0,0.0,0.0,0.0,7.02,7.68,7.13,7.0
2743,45.7167,7.0,54.785,0.033,1.2913,7.63,1.72,-1.51,7.005,0.0,0.0,-0.0,0.0,0.0,0.0,7.02,6.97,7.02,7.01
2744,45.7333,7.0,54.802,0.032,1.29,7.64,1.94,-1.47,6.266,0.0,0.0,-0.0,0.0,0.0,0.0,6.79,6.1,5.06,7.11
2745,45.75,7.0,54.819,0.032,1.2887,7.75,2.24,-1.32,6.544,0.0,0.0,-0.0,0.0,0.0,0.0,7.01,6.57,7.01,5.59
2746,45.7667,7.0,54.837,0.031,1.2858,7.87,2.46,-1.26,6.514,0.0,0.0,-0.0,0.0,0.0,0.0,6.96,6.3,6.8,5.99
2747,45.7833,7.0,54.854,0.03,1.2811,8.0,2.67,-1.23,6.809,0.0,0.0,-0.0,0.0,0.0,0.0,7.0,7.02,6.84,6.38
2748,45.8,7.0,54.873,0.03,1.2778,7.76,3.6,-1.34,6.338,0.0,0.0,-0.0,0.0,0.0,0.0,7.04,6.21,6.99,5.12
2749,45.8167,7.0,54.893,0.03,1.2723,7.83,4.25,-1.29,7.492,0.0,0.0,-0.0,0.0,0.0,0.0,7.06,6.31,7.16,9.45
2750,45.8333,7.0,54.912,0.029,1.2649,7.97,4.83,-1.25,6.806,0.0,0.0,-0.0,0.0,0.0,0.0,7.01,7.67,6.98,5.57
2751,45.85,7.0,54.933,0.03,1.2579,7.57,5.86,-1.43,6.672,0.0,0.0,-0.0,0.0,0.0,0.0,6.98,6.89,7.0,5.82
2752,45.8667,7.0,54.952,0.032,1.2613,7.17,6.16,-1.4,7.032,0.0,0.0,-0.0,0.0,0.0,0.0,6.89,6.73,7.58,6.93
2753,45.8833,7.0,54.972,0.034,1.2604,6.79,6.38,-1.35,7.012,0.0,0.0,-0.0,0.0,0.0,0.0,7.01,7.01,7.02,7.01
2754,45.9,7.0,54.991,0.034,1.2596,6.69,6.72,-1.36,7.931,0.0,0.0,-0.0,0.0,0.0,0.0,8.25,9.53,6.94,6.99
2755,45.9167,7.0,55.01,0.035,1.2609,6.51,6.63,-1.31,7.028,0.0,0.0,-0.0,0.0,0.0,0.0,7.23,7.76,6.23,6.89
2756,45.9333,7.0,55.027,0.035,1.2601,6.49,6.53,-1.34,6.578,0.0,0.0,-0.0,0.0,0.0,0.0,8.27,4.53,6.76,6.76
2757,45.95,7.0,55.044,0.033,1.2595,6.83,6.59,-1.17,6.861,0.0,0.0,-0.0,0.0,0.0,0.0,7.01,6.38,7.03,7.02
2758,45.9667,7.0,55.061,0.032,1.2611,6.9,6.36,-1.13,6.921,0.0,0.0,-0.0,0.0,0.0,0.0,7.0,7.02,6.66,7.01
2759,45.9833,7.0,55.077,0.031,1.2605,7.04,6.12,-1.09,6.966,0.0,0.0,-0.0,0.0,0.0,0.0,6.98,6.88,7.0,7.0
2760,46.0,7.0,55.093,0.03,1.2575,7.23,5.89,-1.04,6.985,0.0,0.0,-0.0,0.0,0.0,0.0,7.01,6.85,7.08,7.01
2761,46.0167,7.0,55.11,0.027,1.2583,7.63,6.15,-1.06,6.827,0.0,0.0,-0.0,0.0,0.0,0.0,6.99,6.53,6.68,7.11
2762,46.0333,7.0,55.125,0.026,1.2614,7.7,5.67,-0.97,6.723,0.0,0.0,-0.0,0.0,0.0,0.0,7.0,6.65,6.3,6.95
2763,46.05,7.0,55.141,0.024,1.2604,7.82,5.55,-0.99,6.758,0.0,0.0,-0.0,0.0,0.0,0.0,7.0,6.99,6.99,6.05
2764,46.0667,7.0,55.157,0.023,1.2575,7.87,5.48,-1.05,6.824,0.0,0.0,-0.0,0.0,0.0,0.0,7.01,7.0,7.01,6.28
2765,46.0833,7.0,55.173,0.026,1.2588,7.43,5.65,-1.09,6.989,0.0,0.0,-0.0,0.0,0.0,0.0,7.02,7.05,7.44,6.45
2766,46.1,7.0,55.19,0.028,1.2569,7.14,5.64,-1.05,6.996,0.0,0.0,-0.0,0.0,0.0,0.0,7.04,6.92,7.02,7.0
2767,46.1167,7.0,55.207,0.029,1.2533,6.84,5.63,-1.08,6.556,0.0,0.0,-0.0,0.0,0.0,0.0,7.02,5.15,7.03,7.03
2768,46.1333,7.0,55.223,0.032,1.2504,6.45,5.28,-1.08,7.47,0.0,0.0,-0.0,0.0,0.0,0.0,6.83,9.28,6.77,7.0
2769,46.15,7.0,55.239,0.035,1.2465,6.09,4.86,-1.14,6.962,0.0,0.0,-0.0,0.0,0.0,0.0,7.96,6.06,6.91,6.92
2770,46.1667,7.0,55.254,0.033,1.2461,6.24,4.47,-1.12,6.223,0.0,0.0,-0.0,0.0,0.0,0.0,4.6,6.32,6.97,7.01
2771,46.1833,7.0,55.268,0.032,1.2432,6.51,4.15,-1.04,6.852,0.0,0.0,-0.0,0.0,0.0,0.0,6.99,6.42,6.99,7.0
2772,46.2,7.0,55.284,0.029,1.246,6.95,4.3,-1.08,6.86,0.0,0.0,-0.0,0.0,0.0,0.0,6.97,6.74,6.66,7.07
2773,46.2167,7.0,55.299,0.026,1.246,7.2,4.06,-1.09,6.981,0.0,0.0,-0.0,0.0,0.0,0.0,7.07,8.0,5.8,7.05
2774,46.2333,7.0,55.315,0.023,1.2439,7.45,3.8,-1.14,6.006,0.0,0.0,-0.0,0.0,0.0,0.0,6.99,3.39,7.02,6.63
2775,46.25,7.0,55.331,0.022,1.2432,7.48,4.22,-1.26,6.652,0.0,0.0,-0.0,0.0,0.0,0.0,7.03,6.46,7.23,5.89
2776,46.2667,7.0,55.348,0.02,1.2411,7.46,4.52,-1.32,6.648,0.0,0.0,-0.0,0.0,0.0,0.0,7.0,7.01,7.0,5.57
2777,46.2833,7.0,55.366,0.02,1.237,7.4,4.79,-1.41,6.547,0.0,0.0,-0.0,0.0,0.0,0.0,6.96,6.46,7.01,5.76
2778,46.3,7.0,55.384,0.019,1.2311,7.35,5.07,-1.47,6.785,0.0,0.0,-0.0,0.0,0.0,0.0,7.0,7.01,7.01,6.12
2779,46.3167,7.0,55.403,0.018,1.2274,7.53,6.19,-1.37,6.983,0.0,0.0,-0.0,0.0,0.0,0.0,6.93,9.03,6.94,5.03
2780,46.3333,7.0,55.423,0.018,1.2212,7.46,6.91,-1.37,6.769,0.0,0.0,-0.0,0.0,0.0,0.0,6.96,7.43,6.95,5.74
2781,46.35,7.0,55.443,0.017,1.2138,7.64,7.74,-1.28,6.738,0.0,0.0,-0.0,0.0,0.0,0.0,6.93,6.04,6.99,6.99
2782,46.3667,7.0,55.462,0.017,1.215,7.41,7.79,-1.21,7.196,0.0,0.0,-0.0,0.0,0.0,0.0,6.92,7.21,7.71,6.94
2783,46.3833,7.0,55.481,0.018,1.2136,7.2,7.85,-1.16,6.514,0.0,0.0,-0.0,0.0,0.0,0.0,6.75,5.79,6.76,6.76
2784,46.4,7.0,55.499,0.018,1.2119,7.24,8.28,-1.01,6.838,0.0,0.0,-0.0,0.0,0.0,0.0,7.02,6.8,6.44,7.1
2785,46.4167,7.0,55.517,0.019,1.2148,7.03,8.12,-0.97,6.644,0.0,0.0,-0.0,0.0,0.0,0.0,7.03,6.92,5.56,7.06
2786,46.4333,7.0,55.534,0.019,1.214,6.85,8.14,-0.97,7.0,0.0,0.0,-0.0,0.0,0.0,0.0,7.0,7.01,6.99,7.0
2787,46.45,7.0,55.551,0.019,1.212,6.86,8.39,-0.91,6.369,0.0,0.0,-0.0,0.0,0.0,0.0,6.94,6.3,5.32,6.91
2788,46.4667,7.0,55.568,0.02,1.2146,6.74,8.39,-0.86,6.757,0.0,0.0,-0.0,0.0,0.0,0.0,6.94,6.96,6.19,6.94
2789,46.4833,7.0,55.585,0.019,1.2142,6.6,8.46,-0.9,6.732,0.0,0.0,-0.0,0.0,0.0,0.0,7.0,5.9,7.01,7.02
2790,46.5,7.0,55.601,0.018,1.2117,6.52,8.53,-0.85,6.873,0.0,0.0,-0.0,0.0,0.0,0.0,5.94,7.6,6.98,6.98
2791,46.5167,7.0,55.618,0.017,1.2083,6.7,8.23,-0.85,7.647,0.0,0.0,-0.0,0.0,0.0,0.0,9.28,8.21,6.08,7.02
2792,46.5333,7.0,55.633,0.014,1.2144,7.03,8.15,-0.85,7.055,0.0,0.0,-0.0,0.0,0.0,0.0,6.93,7.13,7.02,7.14
2793,46.55,7.0,55.649,0.011,1.2143,7.32,7.93,-0.78,6.996,0.0,0.0,-0.0,0.0,0.0,0.0,7.02,6.95,7.01,7.0
2794,46.5667,7.0,55.665,0.009,1.2125,7.57,7.89,-0.8,6.576,0.0,0.0,-0.0,0.0,0.0,0.0,7.07,7.09,6.57,5.57
2795,46.5833,7.0,55.68,0.009,1.2126,7.47,7.41,-0.74,7.254,0.0,0.0,-0.0,0.0,0.0,0.0,6.93,6.9,8.35,6.83
2796,46.6,7.0,55.696,0.009,1.2114,7.15,7.53,-0.96,6.796,0.0,0.0,-0.0,0.0,0.0,0.0,6.99,6.77,7.01,6.41
2797,46.6167,7.0,55.712,0.009,1.2078,6.91,7.52,-1.13,6.902,0.0,0.0,-0.0,0.0,0.0,0.0,7.04,7.04,7.04,6.49
2798,46.6333,7.0,55.728,0.011,1.2046,6.6,7.11,-1.12,6.9,0.0,0.0,-0.0,0.0,0.0,0.0,6.93,8.14,5.47,7.05
2799,46.65,7.0,55.743,0.013,1.2002,6.17,6.72,-1.18,6.985,0.0,0.0,-0.0,0.0,0.0,0.0,6.98,6.96,7.01,7.0
2800,46.6667,7.0,55.758,0.014,1.1931,5.85,6.29,-1.2,7.417,0.0,0.0,-0.0,0.0,0.0,0.0,8.74,6.95,6.99,6.99
2801,46.6833,7.0,55.772,0.014,1.1889,6.1,5.0,-1.4,7.394,0.0,0.0,-0.0,0.0,0.0,0.0,7.57,6.93,6.76,8.32
2802,46.7,7.0,55.785,0.014,1.1816,6.03,4.24,-1.43,7.553,0.0,0.0,-0.0,0.0,0.0,0.0,9.36,6.92,6.96,6.97
2803,46.7167,7.0,55.798,0.012,1.1803,6.27,4.07,-1.43,6.331,0.0,0.0,-0.0,0.0,0.0,0.0,7.06,5.49,5.78,7.0
2804,46.7333,7.0,55.812,0.009,1.1794,6.46,3.99,-1.45,6.404,0.0,0.0,-0.0,0.0,0.0,0.0,7.02,6.95,7.0,4.65
2805,46.75,7.0,55.827,0.008,1.1775,6.46,4.05,-1.54,6.536,0.0,0.0,-0.0,0.0,0.0,0.0,7.01,7.0,7.01,5.13
2806,46.7667,7.0,55.842,0.007,1.1751,6.71,4.37,-1.48,6.668,0.0,0.0,-0.0,0.0,0.0,0.0,7.01,5.62,6.99,7.05
2807,46.7833,7.0,55.859,0.006,1.1724,6.66,4.96,-1.52,6.521,0.0,0.0,-0.0,0.0,0.0,0.0,7.0,6.98,7.02,5.09
2808,46.8,7.0,55.876,0.006,1.1679,6.54,5.43,-1.55,6.527,0.0,0.0,-0.0,0.0,0.0,0.0,7.0,6.99,7.01,5.11
2809,46.8167,7.0,55.894,0.005,1.1624,6.62,6.04,-1.47,6.615,0.0,0.0,-0.0,0.0,0.0,0.0,6.99,5.4,7.05,7.03
2810,46.8333,7.0,55.912,0.005,1.1571,6.51,6.73,-1.44,5.585,0.0,0.0,-0.0,0.0,0.0,0.0,6.89,2.81,3.99,8.65
2811,46.85,7.0,55.931,0.006,1.1562,6.3,6.87,-1.38,6.612,0.0,0.0,-0.0,0.0,0.0,0.0,4.73,7.5,7.08,7.14
2812,46.8667,7.0,55.949,0.005,1.158,6.25,6.91,-1.3,6.804,0.0,0.0,-0.0,0.0,0.0,0.0,6.59,6.92,6.83,6.88
2813,46.8833,7.0,55.967,0.005,1.1582,6.28,6.87,-1.28,7.191,0.0,0.0,-0.0,0.0,0.0,0.0,7.71,7.01,7.02,7.03
2814,46.9,7.0,55.985,0.004,1.1564,6.32,6.74,-1.27,6.579,0.0,0.0,-0.0,0.0,0.0,0.0,12.8,-0.54,6.79,7.27
2815,46.9167,7.0,56.001,0.004,1.1547,6.28,6.85,-1.29,6.917,0.0,0.0,-0.0,0.0,0.0,0.0,6.54,7.01,7.03,7.1
2816,46.9333,7.0,56.018,0.003,1.1578,6.28,6.89,-1.26,6.728,0.0,0.0,-0.0,0.0,0.0,0.0,6.92,6.19,6.67,7.13
2817,46.95,7.0,56.035,0.003,1.1573,6.34,6.79,-1.17,7.337,0.0,0.0,-0.0,0.0,0.0,0.0,8.01,7.32,7.01,7.01
2818,46.9667,7.0,56.052,0.002,1.1562,6.38,6.78,-1.13,6.774,0.0,0.0,-0.0,0.0,0.0,0.0,6.19,7.01,7.03,6.87
2819,46.9833,7.0,56.068,0.001,1.1573,6.42,6.75,-1.11,6.405,0.0,0.0,-0.0,0.0,0.0,0.0,7.09,5.49,6.03,7.01
2820,47.0,7.0,56.085,0.0,1.1577,6.47,6.79,-1.01,6.939,0.0,0.0,-0.0,0.0,0.0,0.0,7.03,6.85,6.86,7.02
2821,47.0167,7.0,56.101,-0.001,1.1565,6.48,6.84,-1.08,6.862,0.0,0.0,-0.0,0.0,0.0,0.0,7.09,7.07,7.09,6.2
2822,47.0333,7.0,56.117,-0.001,1.1561,6.3,6.64,-1.07,6.505,0.0,0.0,-0.0,0.0,0.0,0.0,6.7,6.42,7.51,5.39
2823,47.05,7.0,56.133,-0.001,1.1575,6.32,6.81,-1.08,6.743,0.0,0.0,-0.0,0.0,0.0,0.0,7.25,6.02,6.69,7.01
2824,47.0667,7.0,56.149,-0.003,1.1567,6.45,6.82,-1.01,6.622,0.0,0.0,-0.0,0.0,0.0,0.0,5.83,9.34,6.9,4.42
2825,47.0833,7.0,56.166,-0.003,1.1559,6.43,6.82,-1.01,6.86,0.0,0.0,-0.0,0.0,0.0,0.0,6.99,7.02,7.02,6.41
2826,47.1,7.0,56.181,-0.003,1.1553,6.31,6.49,-0.99,7.321,0.0,0.0,-0.0,0.0,0.0,0.0,6.99,7.02,7.53,7.74
2827,47.1167,7.0,56.197,-0.003,1.1536,6.32,6.28,-0.99,7.391,0.0,0.0,-0.0,0.0,0.0,0.0,8.11,7.44,6.97,7.04
2828,47.1333,7.0,56.213,-0.003,1.1528,6.21,6.16,-1.01,7.184,0.0,0.0,-0.0,0.0,0.0,0.0,7.14,7.02,6.98,7.61
2829,47.15,7.0,56.228,-0.003,1.1496,6.15,5.86,-1.02,7.323,0.0,0.0,-0.0,0.0,0.0,0.0,7.55,7.09,8.24,6.41
2830,47.1667,7.0,56.243,-0.001,1.1453,6.01,5.33,-0.97,6.976,0.0,0.0,-0.0,0.0,0.0,0.0,6.98,6.97,6.95,7.0
2831,47.1833,7.0,56.258,-0.001,1.1418,6.06,4.46,-1.01,5.672,0.0,0.0,-0.0,0.0,0.0,0.0,8.57,7.07,7.06,0.0
2832,47.2,7.0,56.271,-0.001,1.1344,6.27,3.71,-0.96,7.331,0.0,0.0,-0.0,0.0,0.0,0.0,6.85,6.9,6.91,8.66
2833,47.2167,7.0,56.285,0.0,1.1259,6.17,2.81,-0.98,7.931,0.0,0.0,-0.0,0.0,0.0,0.0,9.34,6.95,8.45,6.99
2834,47.2333,7.0,56.298,-0.001,1.1266,6.34,2.89,-0.95,4.931,0.0,0.0,-0.0,0.0,0.0,0.0,6.74,4.98,5.46,2.55
2835,47.25,7.0,56.312,-0.001,1.1256,6.3,3.1,-0.94,6.729,0.0,0.0,-0.0,0.0,0.0,0.0,7.01,7.45,7.15,5.31
2836,47.2667,7.0,56.328,-0.001,1.1232,6.23,3.27,-0.91,6.624,0.0,0.0,-0.0,0.0,0.0,0.0,7.0,7.01,7.01,5.48
2837,47.2833,7.0,56.344,-0.001,1.1228,6.2,3.48,-0.89,7.023,0.0,0.0,-0.0,0.0,0.0,0.0,7.05,6.35,7.59,7.1
2838,47.3,7.0,56.36,-0.001,1.1249,6.01,3.36,-0.87,6.932,0.0,0.0,-0.0,0.0,0.0,0.0,6.99,6.68,7.03,7.03
2839,47.3167,7.0,56.375,-0.001,1.1248,5.9,3.19,-0.86,7.069,0.0,0.0,-0.0,0.0,0.0,0.0,7.06,5.86,8.4,6.96
2840,47.3333,7.0,56.39,-0.001,1.1265,5.91,3.2,-0.81,6.956,0.0,0.0,-0.0,0.0,0.0,0.0,7.0,6.39,7.4,7.04
2841,47.35,7.0,56.406,-0.002,1.1266,5.99,3.19,-0.83,6.808,0.0,0.0,-0.0,0.0,0.0,0.0,7.01,6.2,7.01,7.01
2842,47.3667,7.0,56.421,-0.003,1.1249,6.1,3.18,-0.82,6.913,0.0,0.0,-0.0,0.0,0.0,0.0,7.16,6.84,6.53,7.13
2843,47.3833,7.0,56.437,-0.003,1.1248,6.03,2.9,-0.85,7.238,0.0,0.0,-0.0,0.0,0.0,0.0,6.99,6.73,7.43,7.8
2844,47.4,7.0,56.452,-0.004,1.1265,6.11,3.05,-0.85,6.401,0.0,0.0,-0.0,0.0,0.0,0.0,7.07,5.91,5.8,6.83
2845,47.4167,7.0,56.468,-0.005,1.1261,6.22,3.1,-0.79,6.84,0.0,0.0,-0.0,0.0,0.0,0.0,7.06,6.8,6.48,7.03
2846,47.4333,7.0,56.484,-0.006,1.1244,6.27,3.2,-0.81,6.701,0.0,0.0,-0.0,0.0,0.0,0.0,7.0,7.0,7.0,5.81
2847,47.45,7.0,56.5,-0.005,1.1244,6.1,2.75,-0.79,6.864,0.0,0.0,-0.0,0.0,0.0,0.0,6.98,7.1,6.49,6.88
2848,47.4667,7.0,56.516,-0.006,1.1262,6.19,3.01,-0.81,6.896,0.0,0.0,-0.0,0.0,0.0,0.0,6.97,5.65,7.92,7.04
2849,47.4833,7.0,56.532,-0.008,1.1255,6.29,3.14,-0.74,6.146,0.0,0.0,-0.0,0.0,0.0,0.0,6.98,6.11,6.99,4.51
2850,47.5,7.0,56.548,-0.008,1.1264,6.27,2.89,-0.71,6.762,0.0,0.0,-0.0,0.0,0.0,0.0,7.01,6.77,6.3,6.97
2851,47.5167,7.0,56.563,-0.008,1.1251,6.31,2.66,-0.69,6.928,0.0,0.0,-0.0,0.0,0.0,0.0,7.0,6.71,7.0,6.99
2852,47.5333,7.0,56.58,-0.008,1.1255,6.21,3.1,-0.68,6.039,0.0,0.0,-0.0,0.0,0.0,0.0,7.06,5.24,4.19,7.66
2853,47.55,7.0,56.597,-0.008,1.1232,6.24,3.33,-0.6,6.721,0.0,0.0,-0.0,0.0,0.0,0.0,7.0,6.02,6.87,7.0
2854,47.5667,7.0,56.614,-0.007,1.1253,6.03,2.92,-0.56,6.872,0.0,0.0,-0.0,0.0,0.0,0.0,6.99,7.13,6.38,6.99
2855,47.5833,7.0,56.63,-0.007,1.1258,6.05,3.16,-0.57,7.086,0.0,0.0,-0.0,0.0,0.0,0.0,6.99,6.17,8.0,7.18
2856,47.6,7.0,56.646,-0.008,1.1264,6.05,3.21,-0.47,7.111,0.0,0.0,-0.0,0.0,0.0,0.0,6.88,7.12,7.54,6.9
2857,47.6167,7.0,56.663,-0.008,1.1267,5.96,3.11,-0.57,7.027,0.0,0.0,-0.0,0.0,0.0,0.0,7.01,7.13,6.99,6.98
2858,47.6333,7.0,56.679,-0.009,1.1247,5.94,3.02,-0.65,6.97,0.0,0.0,-0.0,0.0,0.0,0.0,6.99,6.91,6.99,6.99
2859,47.65,7.0,56.695,-0.01,1.121,6.01,2.86,-0.65,7.121,0.0,0.0,-0.0,0.0,0.0,0.0,7.03,7.26,7.17,7.03
2860,47.6667,7.0,56.71,-0.009,1.1192,5.91,2.3,-0.66,7.17,0.0,0.0,-0.0,0.0,0.0,0.0,7.01,7.62,7.04,7.01
2861,47.6833,7.0,56.725,-0.008,1.1154,5.81,1.79,-0.66,6.999,0.0,0.0,-0.0,0.0,0.0,0.0,6.99,6.97,7.03,7.0
2862,47.7,7.0,56.74,-0.007,1.1088,5.73,1.27,-0.66,6.993,0.0,0.0,-0.0,0.0,0.0,0.0,6.99,6.97,7.02,7.0
2863,47.7167,7.0,56.754,-0.007,1.1028,5.69,0.97,-0.6,6.26,0.0,0.0,-0.0,0.0,0.0,0.0,7.18,5.71,5.02,7.12
2864,47.7333,7.0,56.766,-0.006,1.1065,5.4,0.57,-0.76,6.546,0.0,0.0,-0.0,0.0,0.0,0.0,7.06,2.44,9.62,7.06
2865,47.75,7.0,56.774,-0.005,1.11,4.91,0.27,-0.95,6.315,0.0,0.0,-0.0,0.0,0.0,0.0,6.97,4.34,6.92,7.02
2866,47.7667,7.0,56.783,-0.004,1.1137,4.73,0.15,-1.02,5.051,0.0,0.0,-0.0,0.0,0.0,0.0,7.14,5.3,0.82,6.94
2867,47.7833,7.0,56.793,-0.004,1.1169,4.66,-0.13,-1.04,6.574,0.0,0.0,-0.0,0.0,0.0,0.0,7.02,5.27,6.98,7.03
2868,47.8,7.0,56.804,-0.005,1.1199,4.66,-0.6,-1.06,7.966,0.0,0.0,-0.0,0.0,0.0,0.0,6.82,6.31,11.87,6.87
2869,47.8167,7.0,56.816,-0.006,1.1216,4.7,-1.08,-1.13,7.049,0.0,0.0,-0.0,0.0,0.0,0.0,6.63,6.21,8.58,6.79
2870,47.8333,7.0,56.827,-0.008,1.1241,4.92,-1.31,-1.16,5.221,0.0,0.0,-0.0,0.0,0.0,0.0,7.04,3.94,2.99,6.92
2871,47.85,7.0,56.84,-0.01,1.1259,5.18,-1.65,-1.16,6.665,0.0,0.0,-0.0,0.0,0.0,0.0,7.01,5.61,7.03,7.01
2872,47.8667,7.0,56.853,-0.013,1.1261,5.53,-2.05,-1.17,8.237,0.0,0.0,-0.0,0.0,0.0,0.0,6.97,6.8,12.19,7.0
2873,47.8833,7.0,56.866,-0.015,1.1246,5.93,-2.5,-1.16,7.062,0.0,0.0,-0.0,0.0,0.0,0.0,6.97,6.5,7.81,6.97
2874,47.9,7.0,56.88,-0.018,1.1256,6.24,-2.57,-1.16,6.937,0.0,0.0,-0.0,0.0,0.0,0.0,7.05,6.52,7.21,6.98
2875,47.9167,7.0,56.894,-0.02,1.1272,6.42,-2.8,-1.11,6.971,0.0,0.0,-0.0,0.0,0.0,0.0,7.01,6.75,7.12,7.0
2876,47.9333,7.0,56.909,-0.022,1.127,6.63,-3.07,-1.16,6.851,0.0,0.0,-0.0,0.0,0.0,0.0,7.01,6.41,7.0,6.98
2877,47.95,7.0,56.924,-0.022,1.128,6.43,-2.73,-1.39,6.626,0.0,0.0,-0.0,0.0,0.0,0.0,7.01,6.98,7.01,5.49
2878,47.9667,7.0,56.94,-0.023,1.1266,6.25,-2.7,-1.5,6.985,0.0,0.0,-0.0,0.0,0.0,0.0,7.02,7.03,6.34,7.55
2879,47.9833,7.0,56.957,-0.022,1.1275,6.17,-2.63,-1.42,6.662,0.0,0.0,-0.0,0.0,0.0,0.0,7.0,5.88,6.78,6.99
2880,48.0,7.0,56.973,-0.023,1.1268,6.09,-2.55,-1.37,6.772,0.0,0.0,-0.0,0.0,0.0,0.0,6.98,6.13,6.99,6.98
2881,48.0167,7.0,56.99,-0.023,1.1241,6.06,-2.46,-1.34,6.657,0.0,0.0,-0.0,0.0,0.0,0.0,7.02,6.96,6.96,5.68
2882,48.0333,7.0,57.006,-0.022,1.127,5.91,-2.45,-1.28,6.451,0.0,0.0,-0.0,0.0,0.0,0.0,7.01,5.91,5.89,7.0
2883,48.05,7.0,57.023,-0.022,1.1271,5.81,-2.38,-1.19,6.738,0.0,0.0,-0.0,0.0,0.0,0.0,6.97,6.03,6.97,6.98
2884,48.0667,7.0,57.039,-0.022,1.125,5.8,-2.37,-1.13,7.057,0.0,0.0,-0.0,0.0,0.0,0.0,7.04,7.24,6.95,7.0
2885,48.0833,7.0,57.055,-0.022,1.1238,5.7,-2.67,-1.11,7.151,0.0,0.0,-0.0,0.0,0.0,0.0,7.0,7.55,6.98,7.06
2886,48.1,7.0,57.071,-0.023,1.1273,5.85,-2.39,-1.12,7.251,0.0,0.0,-0.0,0.0,0.0,0.0,7.21,8.55,6.36,6.87
2887,48.1167,7.0,57.088,-0.025,1.1264,5.95,-2.38,-1.09,6.842,0.0,0.0,-0.0,0.0,0.0,0.0,6.95,7.05,6.35,7.02
2888,48.1333,7.0,57.104,-0.026,1.1236,6.06,-2.44,-1.09,6.577,0.0,0.0,-0.0,0.0,0.0,0.0,7.03,5.71,6.95,6.63
2889,48.15,7.0,57.12,-0.026,1.1269,6.08,-2.56,-1.05,6.482,0.0,0.0,-0.0,0.0,0.0,0.0,6.99,5.59,6.35,7.0
2890,48.1667,7.0,57.136,-0.027,1.1268,6.18,-2.62,-0.99,6.861,0.0,0.0,-0.0,0.0,0.0,0.0,6.95,6.5,6.96,7.04
2891,48.1833,7.0,57.152,-0.029,1.125,6.27,-2.71,-1.0,7.204,0.0,0.0,-0.0,0.0,0.0,0.0,6.98,7.88,6.98,6.98
2892,48.2,7.0,57.167,-0.029,1.1241,6.31,-3.15,-1.0,9.267,0.0,0.0,-0.0,0.0,0.0,0.0,6.77,6.55,5.52,18.22
2893,48.2167,7.0,57.182,-0.029,1.1216,6.09,-3.42,-1.06,7.0,0.0,0.0,-0.0,0.0,0.0,0.0,7.0,7.0,6.99,7.01
2894,48.2333,7.0,57.196,-0.028,1.1182,5.71,-3.38,-1.28,6.324,0.0,0.0,-0.0,0.0,0.0,0.0,7.0,7.0,6.98,4.32
2895,48.25,7.0,57.211,-0.027,1.1152,5.24,-2.93,-1.43,6.459,0.0,0.0,-0.0,0.0,0.0,0.0,7.15,4.45,7.09,7.15
2896,48.2667,7.0,57.226,-0.026,1.1173,5.02,-2.94,-1.4,6.356,0.0,0.0,-0.0,0.0,0.0,0.0,6.93,5.82,5.72,6.95
2897,48.2833,7.0,57.241,-0.026,1.1168,4.93,-2.86,-1.35,8.555,0.0,0.0,-0.0,0.0,0.0,0.0,6.99,10.48,11.74,5.01
2898,48.3,7.0,57.251,-0.023,1.1219,4.26,-3.26,-1.4,5.145,0.0,0.0,-0.0,0.0,0.0,0.0,6.95,-0.19,7.01,6.81
2899,48.3167,7.0,57.259,-0.019,1.127,3.88,-3.53,-1.23,6.512,0.0,0.0,-0.0,0.0,0.0,0.0,7.0,5.0,7.67,6.37
2900,48.3333,7.0,57.269,-0.017,1.1312,3.63,-3.75,-1.06,8.38,0.0,0.0,-0.0,0.0,0.0,0.0,7.39,12.09,7.81,6.24
2901,48.35,7.0,57.279,-0.016,1.1345,3.38,-4.0,-0.98,3.762,0.0,0.0,-0.0,0.0,0.0,0.0,7.46,-7.89,9.26,6.22
2902,48.3667,7.0,57.291,-0.015,1.1367,3.22,-4.34,-0.96,7.046,0.0,0.0,-0.0,0.0,0.0,0.0,6.99,6.08,8.16,6.96
2903,48.3833,7.0,57.303,-0.016,1.1391,3.15,-4.59,-0.95,6.274,0.0,0.0,-0.0,0.0,0.0,0.0,7.1,4.59,6.49,6.93
2904,48.4,7.0,57.316,-0.017,1.1415,3.23,-4.81,-0.99,6.614,0.0,0.0,-0.0,0.0,0.0,0.0,7.1,5.62,7.14,6.59
2905,48.4167,7.0,57.329,-0.018,1.1427,3.4,-5.06,-1.02,6.736,0.0,0.0,-0.0,0.0,0.0,0.0,6.99,6.46,6.52,6.98
2906,48.4333,7.0,57.343,-0.02,1.1427,3.61,-5.43,-1.01,7.112,0.0,0.0,-0.0,0.0,0.0,0.0,6.98,6.85,7.62,7.0
2907,48.45,7.0,57.357,-0.021,1.1425,3.81,-5.86,-0.96,6.346,0.0,0.0,-0.0,0.0,0.0,0.0,6.73,6.53,5.03,7.1
2908,48.4667,7.0,57.37,-0.024,1.1438,4.18,-5.96,-0.91,7.626,0.0,0.0,-0.0,0.0,0.0,0.0,6.95,7.67,8.88,7.01
2909,48.4833,7.0,57.384,-0.027,1.1436,4.63,-6.16,-0.93,6.765,0.0,0.0,-0.0,0.0,0.0,0.0,6.99,7.24,5.83,7.0
2910,48.5,7.0,57.398,-0.03,1.1438,5.02,-6.54,-0.94,6.938,0.0,0.0,-0.0,0.0,0.0,0.0,6.92,6.99,6.84,7.0
2911,48.5167,7.0,57.412,-0.033,1.1436,5.27,-7.0,-1.04,6.687,0.0,0.0,-0.0,0.0,0.0,0.0,6.92,7.14,6.97,5.71
2912,48.5333,7.0,57.426,-0.034,1.1452,5.01,-6.7,-1.37,6.586,0.0,0.0,-0.0,0.0,0.0,0.0,7.02,7.01,7.02,5.3
2913,48.55,7.0,57.441,-0.035,1.1445,4.94,-6.59,-1.54,6.495,0.0,0.0,-0.0,0.0,0.0,0.0,7.01,6.19,7.01,5.76
2914,48.5667,7.0,57.457,-0.036,1.1432,4.93,-6.67,-1.49,7.243,0.0,0.0,-0.0,0.0,0.0,0.0,7.21,4.45,8.73,8.59
2915,48.5833,7.0,57.472,-0.035,1.1437,4.9,-6.59,-1.4,6.776,0.0,0.0,-0.0,0.0,0.0,0.0,6.96,4.29,8.65,7.2
2916,48.6,7.0,57.488,-0.035,1.1434,4.95,-6.4,-1.26,6.712,0.0,0.0,-0.0,0.0,0.0,0.0,7.04,5.36,6.83,7.62
2917,48.6167,7.0,57.504,-0.036,1.144,4.95,-6.46,-1.23,6.946,0.0,0.0,-0.0,0.0,0.0,0.0,6.94,7.02,6.8,7.02
2918,48.6333,7.0,57.52,-0.036,1.1433,4.93,-6.64,-1.2,7.211,0.0,0.0,-0.0,0.0,0.0,0.0,6.96,7.07,7.87,6.94
2919,48.65,7.0,57.536,-0.037,1.1438,4.97,-6.49,-1.15,5.962,0.0,0.0,-0.0,0.0,0.0,0.0,7.15,8.29,8.1,0.31
2920,48.6667,7.0,57.553,-0.037,1.1438,5.04,-6.48,-1.16,8.997,0.0,0.0,-0.0,0.0,0.0,0.0,7.28,5.95,10.4,12.37
2921,48.6833,7.0,57.569,-0.038,1.1441,5.1,-6.73,-1.06,8.956,0.0,0.0,-0.0,0.0,0.0,0.0,6.66,8.22,7.05,13.9
2922,48.7,7.0,57.584,-0.037,1.1438,4.8,-6.58,-1.26,6.867,0.0,0.0,-0.0,0.0,0.0,0.0,6.86,5.92,6.93,7.76
2923,48.7167,7.0,57.6,-0.038,1.1431,4.83,-6.28,-1.24,6.451,0.0,0.0,-0.0,0.0,0.0,0.0,7.13,8.86,2.6,7.22
2924,48.7333,7.0,57.615,-0.038,1.1444,4.82,-6.38,-1.19,6.958,0.0,0.0,-0.0,0.0,0.0,0.0,7.03,6.62,7.16,7.02
2925,48.75,7.0,57.63,-0.038,1.1459,4.45,-5.98,-1.39,6.331,0.0,0.0,-0.0,0.0,0.0,0.0,7.01,7.0,6.25,5.06
2926,48.7667,7.0,57.645,-0.036,1.1468,3.9,-5.55,-1.56,6.638,0.0,0.0,-0.0,0.0,0.0,0.0,6.94,6.98,6.98,5.65
2927,48.7833,7.0,57.66,-0.035,1.1466,3.44,-5.07,-1.72,6.232,0.0,0.0,-0.0,0.0,0.0,0.0,6.93,4.05,6.98,6.97
2928,48.8,7.0,57.675,-0.033,1.1475,3.09,-4.61,-1.64,7.825,0.0,0.0,-0.0,0.0,0.0,0.0,6.91,-0.19,5.67,18.9
2929,48.8167,7.0,57.691,-0.033,1.1492,2.92,-4.24,-1.57,6.486,0.0,0.0,-0.0,0.0,0.0,0.0,6.94,6.85,7.0,5.16
2930,48.8333,7.0,57.708,-0.033,1.1491,2.81,-3.9,-1.54,6.04,0.0,0.0,-0.0,0.0,0.0,0.0,6.97,4.88,6.09,6.22
2931,48.85,7.0,57.725,-0.032,1.1501,2.61,-3.84,-1.48,6.945,0.0,0.0,-0.0,0.0,0.0,0.0,6.99,6.63,7.16,7.0
2932,48.8667,7.0,57.735,-0.029,1.1547,1.82,-4.07,-1.71,5.13,0.0,0.0,-0.0,0.0,0.0,0.0,6.86,0.12,6.68,6.86
2933,48.8833,7.0,57.744,-0.025,1.1598,1.22,-4.14,-1.63,5.277,0.0,0.0,-0.0,0.0,0.0,0.0,6.99,4.12,3.03,6.97
2934,48.9,7.0,57.753,-0.022,1.1651,0.71,-4.32,-1.59,6.434,0.0,0.0,-0.0,0.0,0.0,0.0,6.97,4.91,6.9,6.96
2935,48.9167,7.0,57.764,-0.019,1.1696,0.29,-4.56,-1.57,6.816,0.0,0.0,-0.0,0.0,0.0,0.0,6.99,6.98,6.28,7.01
2936,48.9333,7.0,57.775,-0.017,1.1735,-0.03,-4.85,-1.53,7.344,0.0,0.0,-0.0,0.0,0.0,0.0,7.04,8.58,6.71,7.04
2937,48.95,7.0,57.786,-0.016,1.1766,-0.25,-5.19,-1.45,7.29,0.0,0.0,-0.0,0.0,0.0,0.0,6.93,8.26,6.97,7.01
2938,48.9667,7.0,57.799,-0.016,1.1785,-0.35,-5.6,-1.42,6.19,0.0,0.0,-0.0,0.0,0.0,0.0,6.86,4.6,6.43,6.87
2939,48.9833,7.0,57.811,-0.017,1.1814,-0.25,-5.81,-1.36,6.586,0.0,0.0,-0.0,0.0,0.0,0.0,7.22,5.87,6.37,6.89
2940,49.0,7.0,57.824,-0.018,1.183,-0.07,-6.1,-1.31,6.689,0.0,0.0,-0.0,0.0,0.0,0.0,6.99,6.21,6.57,6.99
2941,49.0167,7.0,57.837,-0.02,1.1836,0.14,-6.45,-1.28,7.052,0.0,0.0,-0.0,0.0,0.0,0.0,7.01,7.07,7.14,6.99
2942,49.0333,7.0,57.851,-0.022,1.1836,0.32,-6.81,-1.22,6.713,0.0,0.0,-0.0,0.0,0.0,0.0,6.96,7.82,4.96,7.11
2943,49.05,7.0,57.864,-0.024,1.1847,0.63,-6.93,-1.23,6.658,0.0,0.0,-0.0,0.0,0.0,0.0,7.04,5.91,6.64,7.04
2944,49.0667,7.0,57.877,-0.027,1.1839,0.97,-7.1,-1.23,6.477,0.0,0.0,-0.0,0.0,0.0,0.0,7.05,4.84,7.01,7.01
2945,49.0833,7.0,57.891,-0.03,1.1833,1.31,-7.54,-1.22,6.965,0.0,0.0,-0.0,0.0,0.0,0.0,6.92,7.2,6.76,6.98
2946,49.1,7.0,57.904,-0.032,1.1843,1.66,-7.83,-1.17,6.519,0.0,0.0,-0.0,0.0,0.0,0.0,6.98,5.24,6.86,6.99
2947,49.1167,7.0,57.918,-0.036,1.185,2.1,-8.06,-1.12,7.056,0.0,0.0,-0.0,0.0,0.0,0.0,7.02,7.03,7.03,7.13
2948,49.1333,7.0,57.932,-0.039,1.1844,2.55,-8.34,-1.08,7.716,0.0,0.0,-0.0,0.0,0.0,0.0,6.71,10.05,7.58,6.53
2949,49.15,7.0,57.945,-0.04,1.1853,2.66,-8.63,-1.05,6.748,0.0,0.0,-0.0,0.0,0.0,0.0,6.97,6.97,6.95,6.11
2950,49.1667,7.0,57.959,-0.041,1.1855,2.54,-8.6,-1.17,6.582,0.0,0.0,-0.0,0.0,0.0,0.0,7.04,7.05,7.04,5.21
2951,49.1833,7.0,57.974,-0.041,1.1854,2.48,-8.43,-1.21,7.042,0.0,0.0,-0.0,0.0,0.0,0.0,7.06,5.75,6.98,8.38
2952,49.2,7.0,57.989,-0.042,1.1846,2.49,-8.42,-1.16,7.562,0.0,0.0,-0.0,0.0,0.0,0.0,6.95,6.99,6.68,9.63
2953,49.2167,7.0,58.004,-0.042,1.1842,2.45,-8.66,-1.15,6.47,0.0,0.0,-0.0,0.0,0.0,0.0,6.71,5.36,6.94,6.87
2954,49.2333,7.0,58.02,-0.042,1.1849,2.51,-8.46,-1.1,7.097,0.0,0.0,-0.0,0.0,0.0,0.0,6.98,6.55,8.87,5.98
2955,49.25,7.0,58.037,-0.043,1.1846,2.49,-8.32,-1.07,6.719,0.0,0.0,-0.0,0.0,0.0,0.0,7.2,6.15,6.05,7.47
2956,49.2667,7.0,58.053,-0.042,1.1849,2.37,-8.44,-1.06,6.603,0.0,0.0,-0.0,0.0,0.0,0.0,6.97,6.6,5.93,6.91
2957,49.2833,7.0,58.069,-0.043,1.1848,2.39,-8.42,-1.01,6.703,0.0,0.0,-0.0,0.0,0.0,0.0,6.99,6.22,6.61,7.0
2958,49.3,7.0,58.086,-0.043,1.1844,2.48,-8.32,-0.95,6.952,0.0,0.0,-0.0,0.0,0.0,0.0,7.0,7.97,6.86,5.97
2959,49.3167,7.0,58.101,-0.042,1.1849,2.01,-7.94,-0.84,6.158,0.0,0.0,-0.0,0.0,0.0,0.0,6.99,6.98,5.32,5.33
2960,49.3333,7.0,58.115,-0.039,1.1867,1.34,-7.34,-0.8,9.594,0.0,0.0,-0.0,0.0,0.0,0.0,6.78,6.82,17.91,6.87
2961,49.35,7.0,58.129,-0.035,1.1869,0.65,-6.81,-0.78,7.136,0.0,0.0,-0.0,0.0,0.0,0.0,6.91,6.99,6.98,7.67
2962,49.3667,7.0,58.143,-0.032,1.1879,0.23,-6.12,-0.72,6.218,0.0,0.0,-0.0,0.0,0.0,0.0,7.0,3.75,7.1,7.02
2963,49.3833,7.0,58.157,-0.032,1.1912,0.09,-5.64,-0.7,8.733,0.0,0.0,-0.0,0.0,0.0,0.0,6.61,5.02,16.08,7.22
2964,49.4,7.0,58.173,-0.032,1.1938,0.03,-5.32,-0.71,6.799,0.0,0.0,-0.0,0.0,0.0,0.0,6.89,5.77,7.56,6.98
2965,49.4167,7.0,58.188,-0.032,1.1949,0.05,-5.07,-0.71,8.181,0.0,0.0,-0.0,0.0,0.0,0.0,7.05,11.58,7.04,7.05
2966,49.4333,7.0,58.204,-0.032,1.196,0.06,-4.96,-0.7,7.494,0.0,0.0,-0.0,0.0,0.0,0.0,6.97,9.37,6.72,6.93
2967,49.45,7.0,58.221,-0.032,1.1965,-0.05,-4.94,-0.67,8.013,0.0,0.0,-0.0,0.0,0.0,0.0,6.97,12.69,7.0,5.4
2968,49.4667,7.0,58.23,-0.029,1.2019,-0.76,-5.01,-0.87,6.319,0.0,0.0,-0.0,0.0,0.0,0.0,7.32,3.17,7.58,7.2
2969,49.4833,7.0,58.239,-0.025,1.2082,-1.26,-5.26,-0.73,6.505,0.0,0.0,-0.0,0.0,0.0,0.0,7.01,4.78,7.27,6.96
2970,49.5,7.0,58.248,-0.022,1.2142,-1.66,-5.57,-0.7,6.588,0.0,0.0,-0.0,0.0,0.0,0.0,7.01,5.04,7.3,7.0
2971,49.5167,7.0,58.258,-0.02,1.2189,-1.96,-5.95,-0.67,6.613,0.0,0.0,-0.0,0.0,0.0,0.0,7.0,5.5,6.97,6.99
2972,49.5333,7.0,58.27,-0.019,1.222,-2.17,-6.38,-0.65,7.069,0.0,0.0,-0.0,0.0,0.0,0.0,7.07,6.97,7.2,7.03
2973,49.55,7.0,58.281,-0.018,1.2236,-2.33,-6.89,-0.62,6.589,0.0,0.0,-0.0,0.0,0.0,0.0,6.94,6.77,5.63,7.01
2974,49.5667,7.0,58.293,-0.019,1.2281,-2.17,-7.05,-0.59,7.094,0.0,0.0,-0.0,0.0,0.0,0.0,7.16,6.65,7.65,6.92
2975,49.5833,7.0,58.306,-0.02,1.23,-2.0,-7.41,-0.56,6.871,0.0,0.0,-0.0,0.0,0.0,0.0,7.0,6.7,6.78,7.01
2976,49.6,7.0,58.319,-0.021,1.2301,-1.79,-7.83,-0.54,6.709,0.0,0.0,-0.0,0.0,0.0,0.0,6.99,6.48,6.36,7.0
2977,49.6167,7.0,58.332,-0.022,1.2292,-1.58,-8.34,-0.52,6.757,0.0,0.0,-0.0,0.0,0.0,0.0,6.76,7.51,5.91,6.85
2978,49.6333,7.0,58.345,-0.025,1.2316,-1.14,-8.51,-0.49,9.398,0.0,0.0,-0.0,0.0,0.0,0.0,6.65,6.24,17.69,7.02
2979,49.65,7.0,58.358,-0.028,1.2306,-0.72,-8.81,-0.47,6.814,0.0,0.0,-0.0,0.0,0.0,0.0,7.01,6.07,7.14,7.03
2980,49.6667,7.0,58.372,-0.031,1.2282,-0.26,-9.2,-0.48,6.553,0.0,0.0,-0.0,0.0,0.0,0.0,6.88,5.26,7.08,6.99
2981,49.6833,7.0,58.385,-0.033,1.2296,0.06,-9.49,-0.45,6.451,0.0,0.0,-0.0,0.0,0.0,0.0,6.9,6.99,5.76,6.16
2982,49.7,7.0,58.399,-0.035,1.2313,0.14,-9.44,-0.57,6.544,0.0,0.0,-0.0,0.0,0.0,0.0,7.0,7.03,7.03,5.12
2983,49.7167,7.0,58.413,-0.036,1.2318,0.11,-9.42,-0.71,6.78,0.0,0.0,-0.0,0.0,0.0,0.0,7.0,7.0,7.0,6.12
2984,49.7333,7.0,58.428,-0.037,1.2307,-0.02,-9.45,-0.82,6.929,0.0,0.0,-0.0,0.0,0.0,0.0,7.0,7.0,7.0,6.72
2985,49.75,7.0,58.444,-0.037,1.2302,-0.02,-9.44,-0.79,6.542,0.0,0.0,-0.0,0.0,0.0,0.0,6.88,6.59,5.75,6.95
2986,49.7667,7.0,58.459,-0.037,1.2302,-0.05,-9.39,-0.83,6.718,0.0,0.0,-0.0,0.0,0.0,0.0,7.05,7.06,7.05,5.72
2987,49.7833,7.0,58.475,-0.037,1.2289,-0.21,-9.29,-0.89,6.191,0.0,0.0,-0.0,0.0,0.0,0.0,6.96,1.1,6.95,9.75
2988,49.8,7.0,58.492,-0.037,1.23,-0.29,-9.21,-0.86,6.829,0.0,0.0,-0.0,0.0,0.0,0.0,6.99,6.58,6.74,7.0
2989,49.8167,7.0,58.508,-0.037,1.2303,-0.29,-9.19,-0.8,6.78,0.0,0.0,-0.0,0.0,0.0,0.0,7.01,6.1,7.01,7.0
2990,49.8333,7.0,58.524,-0.037,1.2301,-0.28,-9.31,-0.77,7.047,0.0,0.0,-0.0,0.0,0.0,0.0,7.0,7.11,7.09,7.0
2991,49.85,7.0,58.54,-0.038,1.2297,-0.17,-9.28,-0.72,6.298,0.0,0.0,-0.0,0.0,0.0,0.0,7.03,6.3,4.89,6.97
2992,49.8667,7.0,58.556,-0.039,1.2304,-0.06,-9.39,-0.7,6.76,0.0,0.0,-0.0,0.0,0.0,0.0,7.02,6.3,6.81,6.91
2993,49.8833,7.0,58.572,-0.039,1.23,-0.09,-9.35,-0.67,6.568,0.0,0.0,-0.0,0.0,0.0,0.0,6.99,6.51,6.78,5.99
2994,49.9,7.0,58.586,-0.039,1.2297,-0.72,-8.65,-0.8,4.934,0.0,0.0,-0.0,0.0,0.0,0.0,7.06,7.04,0.41,5.23
2995,49.9167,7.0,58.598,-0.035,1.2326,-1.54,-8.04,-0.65,5.711,0.0,0.0,-0.0,0.0,0.0,0.0,6.76,6.84,4.44,4.81
2996,49.9333,7.0,58.611,-0.031,1.2355,-2.13,-7.4,-0.6,7.092,0.0,0.0,-0.0,0.0,0.0,0.0,7.4,4.65,9.81,6.51
2997,49.95,7.0,58.623,-0.029,1.2386,-2.36,-6.73,-0.42,6.0,0.0,0.0,-0.0,0.0,0.0,0.0,6.93,4.08,6.09,6.9
2998,49.9667,7.0,58.637,-0.027,1.2412,-2.52,-6.11,-0.25,6.712,0.0,0.0,-0.0,0.0,0.0,0.0,6.95,6.37,7.0,6.53
2999,49.9833,7.0,58.65,-0.026,1.2455,-2.65,-5.71,-0.24,6.238,0.0,0.0,-0.0,0.0,0.0,0.0,7.16,5.52,5.38,6.89
3000,50.0,7.0,58.665,-0.026,1.2487,-2.67,-5.38,-0.2,9.005,0.0,0.0,-0.0,0.0,0.0,0.0,6.97,7.6,15.26,6.19
3001,50.0167,7.0,58.681,-0.026,1.2507,-2.71,-5.03,-0.19,6.551,0.0,0.0,-0.0,0.0,0.0,0.0,7.01,6.0,7.01,6.19
3002,50.0333,7.0,58.697,-0.025,1.2522,-2.77,-4.78,-0.18,7.22,0.0,0.0,-0.0,0.0,0.0,0.0,7.03,7.43,7.4,7.01
3003,50.05,7.0,58.714,-0.025,1.2541,-2.76,-4.7,-0.14,6.962,0.0,0.0,-0.0,0.0,0.0,0.0,7.03,7.16,7.0,6.66
3004,50.0667,7.0,58.731,-0.025,1.2543,-2.81,-4.54,-0.1,6.713,0.0,0.0,-0.0,0.0,0.0,0.0,7.01,5.78,7.01,7.05
3005,50.0833,7.0,58.748,-0.025,1.2526,-2.82,-4.38,-0.07,6.686,0.0,0.0,-0.0,0.0,0.0,0.0,7.0,5.81,6.99,6.94
3006,50.1,7.0,58.765,-0.024,1.253,-2.96,-4.66,-0.05,7.232,0.0,0.0,-0.0,0.0,0.0,0.0,7.02,7.4,7.48,7.03
3007,50.1167,7.0,58.78,-0.024,1.2568,-2.9,-4.71,-0.04,7.408,0.0,0.0,-0.0,0.0,0.0,0.0,7.03,7.1,8.48,7.02
3008,50.1333,7.0,58.795,-0.024,1.2601,-2.93,-5.17,0.02,7.591,0.0,0.0,-0.0,0.0,0.0,0.0,6.98,6.89,9.48,7.01
3009,50.15,7.0,58.809,-0.023,1.2611,-2.94,-5.58,0.1,6.897,0.0,0.0,-0.0,0.0,0.0,0.0,7.0,6.66,6.92,7.0
3010,50.1667,7.0,58.823,-0.024,1.2624,-2.81,-5.76,0.11,6.849,0.0,0.0,-0.0,0.0,0.0,0.0,7.01,5.7,7.66,7.02
3011,50.1833,7.0,58.837,-0.025,1.2637,-2.7,-5.79,0.13,6.737,0.0,0.0,-0.0,0.0,0.0,0.0,7.02,7.02,7.03,5.88
3012,50.2,7.0,58.851,-0.025,1.2636,-2.74,-5.84,0.16,7.169,0.0,0.0,-0.0,0.0,0.0,0.0,7.03,7.03,6.87,7.75
3013,50.2167,7.0,58.866,-0.024,1.263,-2.83,-6.09,0.17,7.124,0.0,0.0,-0.0,0.0,0.0,0.0,7.05,7.85,6.57,7.03
3014,50.2333,7.0,58.881,-0.025,1.2645,-2.67,-6.02,0.19,6.858,0.0,0.0,-0.0,0.0,0.0,0.0,6.98,7.43,7.22,5.81
3015,50.25,7.0,58.897,-0.025,1.2643,-2.78,-5.9,0.19,6.418,0.0,0.0,-0.0,0.0,0.0,0.0,7.02,5.58,7.1,5.97
3016,50.2667,7.0,58.914,-0.024,1.2635,-2.83,-5.94,0.16,7.423,0.0,0.0,-0.0,0.0,0.0,0.0,6.95,7.33,7.45,7.96
3017,50.2833,7.0,58.93,-0.023,1.2621,-2.92,-6.19,0.16,6.079,0.0,0.0,-0.0,0.0,0.0,0.0,7.12,4.31,7.08,5.8
3018,50.3,7.0,58.946,-0.024,1.2645,-2.75,-5.99,0.17,6.854,0.0,0.0,-0.0,0.0,0.0,0.0,7.0,6.53,6.91,6.97
3019,50.3167,7.0,58.963,-0.024,1.2644,-2.79,-5.99,0.2,7.376,0.0,0.0,-0.0,0.0,0.0,0.0,6.84,9.75,6.86,6.05
3020,50.3333,7.0,58.979,-0.022,1.2633,-3.03,-5.93,0.19,7.048,0.0,0.0,-0.0,0.0,0.0,0.0,6.98,6.97,7.13,7.11
3021,50.35,7.0,58.996,-0.022,1.2649,-3.09,-5.68,0.19,6.679,0.0,0.0,-0.0,0.0,0.0,0.0,6.98,6.46,6.27,7.0
3022,50.3667,7.0,59.013,-0.021,1.2643,-3.11,-5.55,0.2,6.855,0.0,0.0,-0.0,0.0,0.0,0.0,7.06,6.32,6.96,7.08
3023,50.3833,7.0,59.03,-0.021,1.264,-3.19,-5.71,0.24,7.209,0.0,0.0,-0.0,0.0,0.0,0.0,6.98,7.42,7.43,7.0
3024,50.4,7.0,59.046,-0.021,1.2646,-3.14,-5.71,0.24,6.474,0.0,0.0,-0.0,0.0,0.0,0.0,7.04,5.58,6.26,7.02
3025,50.4167,7.0,59.062,-0.022,1.2643,-2.93,-5.71,0.35,6.743,0.0,0.0,-0.0,0.0,0.0,0.0,7.04,5.89,7.02,7.03
3026,50.4333,7.0,59.078,-0.022,1.2623,-2.74,-5.66,0.43,6.725,0.0,0.0,-0.0,0.0,0.0,0.0,7.08,7.07,7.2,5.55
3027,50.45,7.0,59.092,-0.021,1.2637,-3.14,-5.79,0.46,6.223,0.0,0.0,-0.0,0.0,0.0,0.0,6.91,6.84,4.05,7.09
3028,50.4667,7.0,59.104,-0.018,1.2656,-3.8,-5.07,0.42,7.053,0.0,0.0,-0.0,0.0,0.0,0.0,6.74,7.3,8.71,5.46
3029,50.4833,7.0,59.115,-0.013,1.2654,-4.51,-4.37,0.34,9.707,0.0,0.0,-0.0,0.0,0.0,0.0,7.07,20.01,7.05,4.7
3030,50.5,7.0,59.127,-0.008,1.2653,-5.42,-3.86,0.3,9.304,0.0,0.0,-0.0,0.0,0.0,0.0,6.11,-2.65,29.08,4.67
3031,50.5167,7.0,59.14,-0.005,1.2678,-5.94,-3.13,0.15,5.962,0.0,0.0,-0.0,0.0,0.0,0.0,7.14,4.09,5.41,7.2
3032,50.5333,7.0,59.153,-0.003,1.2714,-6.16,-2.48,0.07,6.759,0.0,0.0,-0.0,0.0,0.0,0.0,6.93,5.16,7.94,7.01
3033,50.55,7.0,59.166,-0.001,1.2733,-6.26,-1.95,0.03,6.97,0.0,0.0,-0.0,0.0,0.0,0.0,6.95,6.95,6.98,7.01
3034,50.5667,7.0,59.18,-0.0,1.2769,-6.37,-1.63,-0.0,5.888,0.0,0.0,-0.0,0.0,0.0,0.0,6.88,5.47,4.04,7.16
3035,50.5833,7.0,59.194,-0.0,1.2796,-6.36,-1.39,-0.02,6.924,0.0,0.0,-0.0,0.0,0.0,0.0,6.98,6.11,7.59,7.02
3036,50.6,7.0,59.209,-0.0,1.2809,-6.26,-1.19,-0.01,10.895,0.0,0.0,-0.0,0.0,0.0,0.0,7.19,22.08,7.16,7.15
3037,50.6167,7.0,59.224,-0.001,1.2801,-6.06,-1.01,0.02,6.617,0.0,0.0,-0.0,0.0,0.0,0.0,7.0,5.47,7.0,7.0
3038,50.6333,7.0,59.24,-0.001,1.2825,-6.03,-1.29,0.03,6.619,0.0,0.0,-0.0,0.0,0.0,0.0,6.99,6.65,5.85,6.99
3039,50.65,7.0,59.255,-0.002,1.2821,-5.89,-1.33,0.07,6.17,0.0,0.0,-0.0,0.0,0.0,0.0,6.99,5.77,5.47,6.45
3040,50.6667,7.0,59.271,-0.003,1.282,-5.73,-1.2,0.1,6.8,0.0,0.0,-0.0,0.0,0.0,0.0,7.0,6.54,7.0,6.66
3041,50.6833,7.0,59.286,-0.003,1.2835,-5.7,-1.4,0.12,6.844,0.0,0.0,-0.0,0.0,0.0,0.0,7.0,7.1,6.31,6.97
3042,50.7,7.0,59.302,-0.003,1.2826,-5.63,-1.61,0.16,7.07,0.0,0.0,-0.0,0.0,0.0,0.0,6.95,7.2,7.08,7.05
3043,50.7167,7.0,59.318,-0.003,1.2819,-5.92,-1.32,0.06,6.85,0.0,0.0,-0.0,0.0,0.0,0.0,7.02,7.22,7.02,6.14
3044,50.7333,7.0,59.334,-0.003,1.2806,-5.85,-0.91,0.11,6.781,0.0,0.0,-0.0,0.0,0.0,0.0,7.01,6.61,6.52,6.98
3045,50.75,7.0,59.351,-0.002,1.283,-5.96,-1.23,0.07,7.038,0.0,0.0,-0.0,0.0,0.0,0.0,6.97,7.13,7.1,6.94
3046,50.7667,7.0,59.367,-0.001,1.2815,-6.04,-1.43,0.13,5.695,0.0,0.0,-0.0,0.0,0.0,0.0,6.59,2.37,6.31,7.51
3047,50.7833,7.0,59.383,0.0,1.2828,-6.11,-1.08,0.19,6.935,0.0,0.0,-0.0,0.0,0.0,0.0,6.99,6.37,7.38,7.0
3048,50.8,7.0,59.4,0.001,1.2819,-6.16,-0.89,0.24,7.155,0.0,0.0,-0.0,0.0,0.0,0.0,7.0,7.63,6.99,7.01
3049,50.8167,7.0,59.416,0.002,1.2823,-6.28,-1.03,0.24,6.947,0.0,0.0,-0.0,0.0,0.0,0.0,6.99,6.83,6.96,7.01
3050,50.8333,7.0,59.433,0.001,1.2818,-6.22,-0.82,0.21,6.373,0.0,0.0,-0.0,0.0,0.0,0.0,7.02,6.94,4.51,7.02
3051,50.85,7.0,59.449,0.001,1.2837,-6.21,-0.97,0.2,6.711,0.0,0.0,-0.0,0.0,0.0,0.0,6.99,6.99,5.88,6.98
3052,50.8667,7.0,59.466,0.001,1.2833,-6.17,-1.1,0.15,7.41,0.0,0.0,-0.0,0.0,0.0,0.0,7.04,8.67,6.95,6.98
3053,50.8833,7.0,59.482,-0.0,1.2805,-6.09,-1.22,0.16,7.068,0.0,0.0,-0.0,0.0,0.0,0.0,6.88,6.97,6.61,7.81
3054,50.9,7.0,59.499,-0.002,1.2806,-5.91,-0.87,0.15,6.758,0.0,0.0,-0.0,0.0,0.0,0.0,7.0,7.03,6.01,6.99
3055,50.9167,7.0,59.515,-0.002,1.2837,-5.89,-1.25,0.17,6.866,0.0,0.0,-0.0,0.0,0.0,0.0,7.01,6.77,6.68,7.01
3056,50.9333,7.0,59.531,-0.002,1.2828,-5.81,-1.4,0.18,6.375,0.0,0.0,-0.0,0.0,0.0,0.0,6.85,6.52,6.87,5.26
3057,50.95,7.0,59.547,-0.002,1.2809,-5.94,-1.16,0.05,6.657,0.0,0.0,-0.0,0.0,0.0,0.0,6.98,6.99,7.02,5.64
3058,50.9667,7.0,59.563,-0.001,1.2836,-5.99,-1.16,0.04,6.535,0.0,0.0,-0.0,0.0,0.0,0.0,7.0,6.16,5.98,7.0
3059,50.9833,7.0,59.579,-0.001,1.283,-5.96,-1.26,0.04,7.032,0.0,0.0,-0.0,0.0,0.0,0.0,7.03,7.17,6.91,7.02
3060,51.0,7.0,59.595,-0.001,1.2811,-6.07,-1.31,0.03,6.914,0.0,0.0,-0.0,0.0,0.0,0.0,7.02,6.93,7.04,6.66
3061,51.0167,7.0,59.611,-0.001,1.2798,-5.96,-0.84,0.11,6.501,0.0,0.0,-0.0,0.0,0.0,0.0,7.01,5.88,6.17,6.95
3062,51.0333,7.0,59.627,-0.001,1.2835,-6.04,-1.16,0.1,6.91,0.0,0.0,-0.0,0.0,0.0,0.0,6.99,7.69,5.97,7.0
3063,51.05,7.0,59.644,-0.001,1.2825,-6.05,-1.25,0.12,7.0,0.0,0.0,-0.0,0.0,0.0,0.0,7.0,7.0,7.0,7.0
3064,51.0667,7.0,59.66,-0.001,1.2797,-6.14,-1.22,0.06,6.538,0.0,0.0,-0.0,0.0,0.0,0.0,7.0,6.9,7.0,5.25
3065,51.0833,7.0,59.676,-0.001,1.2836,-6.13,-1.05,0.06,5.067,0.0,0.0,-0.0,0.0,0.0,0.0,6.58,6.42,5.19,2.07
3066,51.1,7.0,59.693,0.0,1.2844,-6.46,-0.7,-0.1,6.661,0.0,0.0,-0.0,0.0,0.0,0.0,7.0,7.0,7.02,5.63
3067,51.1167,7.0,59.709,0.002,1.2835,-6.86,-0.35,-0.24,6.694,0.0,0.0,-0.0,0.0,0.0,0.0,6.97,6.99,7.0,5.81
3068,51.1333,7.0,59.726,0.004,1.2843,-7.14,-0.11,-0.28,6.695,0.0,0.0,-0.0,0.0,0.0,0.0,6.56,6.88,6.39,6.95
3069,51.15,7.0,59.744,0.006,1.2848,-7.35,0.06,-0.24,6.777,0.0,0.0,-0.0,0.0,0.0,0.0,6.94,6.28,6.85,7.04
3070,51.1667,7.0,59.761,0.007,1.2837,-7.51,0.2,-0.28,6.49,0.0,0.0,-0.0,0.0,0.0,0.0,6.57,5.59,6.95,6.85
3071,51.1833,7.0,59.778,0.006,1.2844,-7.31,0.24,-0.33,6.868,0.0,0.0,-0.0,0.0,0.0,0.0,6.07,7.22,7.16,7.02
3072,51.2,7.0,59.795,0.005,1.2823,-7.15,0.38,-0.34,6.512,0.0,0.0,-0.0,0.0,0.0,0.0,7.03,5.08,6.93,7.01
3073,51.2167,7.0,59.812,0.004,1.2803,-7.12,0.63,-0.39,6.654,0.0,0.0,-0.0,0.0,0.0,0.0,6.93,6.92,6.93,5.84
3074,51.2333,7.0,59.829,0.003,1.2768,-7.27,0.97,-0.46,6.809,0.0,0.0,-0.0,0.0,0.0,0.0,6.99,6.98,6.99,6.27
3075,51.25,7.0,59.847,0.002,1.2729,-7.22,1.6,-0.46,6.738,0.0,0.0,-0.0,0.0,0.0,0.0,7.0,6.36,6.98,6.61
3076,51.2667,7.0,59.865,0.003,1.2722,-7.31,1.68,-0.46,6.93,0.0,0.0,-0.0,0.0,0.0,0.0,7.05,7.19,6.53,6.95
3077,51.2833,7.0,59.883,0.003,1.2712,-7.27,1.45,-0.47,7.485,0.0,0.0,-0.0,0.0,0.0,0.0,8.93,7.04,6.93,7.04
3078,51.3,7.0,59.9,0.002,1.2728,-7.16,1.61,-0.44,7.448,0.0,0.0,-0.0,0.0,0.0,0.0,7.13,7.8,7.63,7.23
3079,51.3167,7.0,59.917,0.001,1.2734,-6.96,1.34,-0.41,6.949,0.0,0.0,-0.0,0.0,0.0,0.0,7.0,7.28,7.09,6.43
3080,51.3333,7.0,59.933,0.001,1.2736,-7.07,1.57,-0.46,6.795,0.0,0.0,-0.0,0.0,0.0,0.0,6.97,6.96,6.97,6.29
3081,51.35,7.0,59.95,0.001,1.2724,-7.14,1.7,-0.45,7.072,0.0,0.0,-0.0,0.0,0.0,0.0,6.35,7.02,7.03,7.89
3082,51.3667,7.0,59.966,0.001,1.2731,-7.15,1.6,-0.42,6.824,0.0,0.0,-0.0,0.0,0.0,0.0,6.91,6.44,7.19,6.76
3083,51.3833,7.0,59.983,0.001,1.2722,-7.09,1.51,-0.39,6.862,0.0,0.0,-0.0,0.0,0.0,0.0,6.99,6.46,6.99,7.01
3084,51.4,7.0,59.999,0.001,1.2725,-7.17,1.66,-0.37,6.953,0.0,0.0,-0.0,0.0,0.0,0.0,7.41,7.05,7.02,6.33
3085,51.4167,7.0,60.016,0.001,1.2731,-7.19,1.64,-0.35,6.977,0.0,0.0,-0.0,0.0,0.0,0.0,7.16,6.71,6.91,7.12
3086,51.4333,7.0,60.032,0.002,1.2727,-7.15,1.54,-0.25,6.94,0.0,0.0,-0.0,0.0,0.0,0.0,7.02,6.74,6.99,7.01
3087,51.45,7.0,60.049,0.002,1.2724,-7.21,1.63,-0.24,6.727,0.0,0.0,-0.0,0.0,0.0,0.0,6.91,7.37,6.99,5.65
3088,51.4667,7.0,60.065,0.002,1.2729,-7.21,1.58,-0.18,6.312,0.0,0.0,-0.0,0.0,0.0,0.0,7.04,5.46,7.07,5.69
3089,51.4833,7.0,60.081,0.002,1.273,-7.14,1.6,-0.16,6.715,0.0,0.0,-0.0,0.0,0.0,0.0,7.02,6.65,6.94,6.24
3090,51.5,7.0,60.098,0.002,1.272,-7.04,1.46,-0.03,6.969,0.0,0.0,-0.0,0.0,0.0,0.0,6.94,6.74,7.1,7.1
3091,51.5167,7.0,60.114,0.003,1.2725,-7.18,1.67,-0.01,6.943,0.0,0.0,-0.0,0.0,0.0,0.0,7.28,7.06,7.01,6.42
3092,51.5333,7.0,60.131,0.003,1.2731,-7.2,1.64,-0.0,6.858,0.0,0.0,-0.0,0.0,0.0,0.0,7.12,6.53,6.67,7.12
3093,51.55,7.0,60.148,0.003,1.2725,-7.19,1.58,0.05,6.876,0.0,0.0,-0.0,0.0,0.0,0.0,6.93,6.64,6.96,6.97
3094,51.5667,7.0,60.164,0.004,1.2725,-7.22,1.62,0.05,6.416,0.0,0.0,-0.0,0.0,0.0,0.0,6.21,6.89,7.06,5.49
3095,51.5833,7.0,60.181,0.004,1.2725,-7.21,1.62,0.12,6.1,0.0,0.0,-0.0,0.0,0.0,0.0,7.11,5.31,5.58,6.4
3096,51.6,7.0,60.197,0.004,1.273,-7.16,1.61,0.09,6.998,0.0,0.0,-0.0,0.0,0.0,0.0,7.01,7.11,6.86,7.0
3097,51.6167,7.0,60.213,0.003,1.2716,-7.13,1.53,0.06,7.152,0.0,0.0,-0.0,0.0,0.0,0.0,7.04,7.69,6.9,6.96
3098,51.6333,7.0,60.23,0.003,1.2725,-7.18,1.66,0.06,6.818,0.0,0.0,-0.0,0.0,0.0,0.0,7.39,7.21,6.83,5.84
3099,51.65,7.0,60.246,0.003,1.2729,-7.13,1.6,0.06,7.183,0.0,0.0,-0.0,0.0,0.0,0.0,6.99,7.5,7.27,6.97
3100,51.6667,7.0,60.263,0.003,1.2724,-7.07,1.47,0.06,6.977,0.0,0.0,-0.0,0.0,0.0,0.0,7.09,7.62,6.18,7.01
3101,51.6833,7.0,60.279,0.003,1.2718,-7.34,1.56,-0.04,6.856,0.0,0.0,-0.0,0.0,0.0,0.0,7.03,7.03,7.03,6.33
3102,51.7,7.0,60.296,0.003,1.271,-7.35,1.89,-0.06,6.841,0.0,0.0,-0.0,0.0,0.0,0.0,6.99,7.17,6.14,7.07
3103,51.7167,7.0,60.313,0.003,1.2692,-7.28,2.09,-0.16,7.024,0.0,0.0,-0.0,0.0,0.0,0.0,7.03,7.02,7.02,7.03
3104,51.7333,7.0,60.33,0.002,1.2657,-7.25,2.41,-0.22,7.075,0.0,0.0,-0.0,0.0,0.0,0.0,7.4,6.94,7.34,6.62
3105,51.75,7.0,60.348,0.002,1.2617,-7.23,3.01,-0.24,6.842,0.0,0.0,-0.0,0.0,0.0,0.0,6.93,7.17,7.14,6.14
3106,51.7667,7.0,60.366,0.001,1.2565,-7.08,3.62,-0.17,6.765,0.0,0.0,-0.0,0.0,0.0,0.0,6.95,6.53,6.98,6.59
3107,51.7833,7.0,60.385,0.001,1.2504,-7.13,4.38,-0.21,6.785,0.0,0.0,-0.0,0.0,0.0,0.0,6.99,7.56,6.99,5.6
3108,51.8,7.0,60.404,0.002,1.2457,-7.21,5.05,-0.15,7.337,0.0,0.0,-0.0,0.0,0.0,0.0,7.81,6.94,6.95,7.65
3109,51.8167,7.0,60.423,0.001,1.2448,-7.13,5.13,-0.19,7.062,0.0,0.0,-0.0,0.0,0.0,0.0,6.96,8.35,6.95,5.99
3110,51.8333,7.0,60.442,0.0,1.2417,-6.94,5.28,-0.2,6.846,0.0,0.0,-0.0,0.0,0.0,0.0,7.0,6.49,6.93,6.97
3111,51.85,7.0,60.46,-0.002,1.2454,-6.7,5.43,-0.22,6.463,0.0,0.0,-0.0,0.0,0.0,0.0,5.74,6.97,6.99,6.15
3112,51.8667,7.0,60.478,-0.003,1.2452,-6.53,5.62,-0.24,6.665,0.0,0.0,-0.0,0.0,0.0,0.0,6.83,7.02,7.03,5.77
3113,51.8833,7.0,60.495,-0.004,1.2431,-6.31,5.76,-0.21,6.951,0.0,0.0,-0.0,0.0,0.0,0.0,7.08,7.06,6.77,6.9
3114,51.9,7.0,60.512,-0.006,1.2422,-6.07,5.53,-0.2,7.163,0.0,0.0,-0.0,0.0,0.0,0.0,7.11,6.99,7.04,7.51
3115,51.9167,7.0,60.53,-0.005,1.2453,-6.2,5.85,-0.2,7.376,0.0,0.0,-0.0,0.0,0.0,0.0,6.99,6.99,7.62,7.91
3116,51.9333,7.0,60.547,-0.004,1.2441,-6.32,5.71,-0.22,7.099,0.0,0.0,-0.0,0.0,0.0,0.0,7.01,7.01,7.01,7.37
3117,51.95,7.0,60.563,-0.004,1.2404,-6.48,5.58,-0.24,6.986,0.0,0.0,-0.0,0.0,0.0,0.0,6.98,6.99,6.98,6.99
3118,51.9667,7.0,60.579,-0.003,1.2451,-6.58,5.59,-0.22,6.75,0.0,0.0,-0.0,0.0,0.0,0.0,6.19,7.22,7.05,6.54
3119,51.9833,7.0,60.596,-0.002,1.2446,-6.68,5.53,-0.27,6.907,0.0,0.0,-0.0,0.0,0.0,0.0,7.12,7.0,7.0,6.5
3120,52.0,7.0,60.612,-0.001,1.2421,-6.79,5.44,-0.27,7.044,0.0,0.0,-0.0,0.0,0.0,0.0,7.04,7.03,7.03,7.08
3121,52.0167,7.0,60.628,-0.0,1.2454,-6.87,5.3,-0.25,6.454,0.0,0.0,-0.0,0.0,0.0,0.0,5.53,7.28,6.99,6.01
3122,52.0333,7.0,60.643,0.001,1.2455,-7.01,5.22,-0.23,6.96,0.0,0.0,-0.0,0.0,0.0,0.0,6.38,6.99,6.99,7.49
3123,52.05,7.0,60.659,0.002,1.244,-7.06,5.13,-0.19,6.584,0.0,0.0,-0.0,0.0,0.0,0.0,6.94,5.41,6.99,6.99
3124,52.0667,7.0,60.674,0.002,1.2414,-7.01,5.26,-0.08,6.751,0.0,0.0,-0.0,0.0,0.0,0.0,6.99,7.06,6.99,5.96
3125,52.0833,7.0,60.69,0.001,1.2425,-6.85,4.89,-0.08,6.696,0.0,0.0,-0.0,0.0,0.0,0.0,5.91,7.09,7.0,6.79
3126,52.1,7.0,60.705,0.0,1.2398,-6.81,4.7,-0.06,6.921,0.0,0.0,-0.0,0.0,0.0,0.0,6.98,6.92,6.99,6.79
3127,52.1167,7.0,60.72,-0.0,1.2348,-6.79,4.51,-0.05,7.037,0.0,0.0,-0.0,0.0,0.0,0.0,6.91,6.9,6.91,7.42
3128,52.1333,7.0,60.735,-0.002,1.2332,-6.55,3.92,-0.11,5.646,0.0,0.0,-0.0,0.0,0.0,0.0,3.97,6.71,6.59,5.31
3129,52.15,7.0,60.748,-0.001,1.233,-6.4,4.07,-0.03,6.87,0.0,0.0,-0.0,0.0,0.0,0.0,6.99,7.0,7.0,6.49
3130,52.1667,7.0,60.763,-0.001,1.2318,-6.52,4.19,-0.05,9.365,0.0,0.0,-0.0,0.0,0.0,0.0,16.63,6.9,6.91,7.02
3131,52.1833,7.0,60.778,-0.0,1.2322,-6.57,4.02,0.0,6.803,0.0,0.0,-0.0,0.0,0.0,0.0,6.58,6.97,6.98,6.69
3132,52.2,7.0,60.793,0.001,1.2309,-6.61,3.85,0.1,6.91,0.0,0.0,-0.0,0.0,0.0,0.0,6.99,7.0,7.0,6.64
3133,52.2167,7.0,60.809,0.003,1.2311,-6.91,3.95,0.13,6.959,0.0,0.0,-0.0,0.0,0.0,0.0,6.63,6.95,6.95,7.3
3134,52.2333,7.0,60.825,0.005,1.2284,-7.15,3.86,0.15,6.463,0.0,0.0,-0.0,0.0,0.0,0.0,6.88,5.18,7.07,6.72
3135,52.25,7.0,60.842,0.006,1.2246,-7.17,4.01,0.29,6.676,0.0,0.0,-0.0,0.0,0.0,0.0,6.98,5.07,6.99,7.66
3136,52.2667,7.0,60.859,0.007,1.223,-7.31,4.71,0.32,7.066,0.0,0.0,-0.0,0.0,0.0,0.0,9.13,6.75,6.99,5.39
3137,52.2833,7.0,60.878,0.008,1.2184,-7.15,5.21,0.5,6.983,0.0,0.0,-0.0,0.0,0.0,0.0,6.96,7.07,6.98,6.92
3138,52.3,7.0,60.897,0.008,1.2122,-6.97,5.67,0.64,6.493,0.0,0.0,-0.0,0.0,0.0,0.0,6.95,5.27,6.97,6.77
3139,52.3167,7.0,60.916,0.009,1.2067,-7.31,6.73,0.51,6.808,0.0,0.0,-0.0,0.0,0.0,0.0,6.95,6.98,6.97,6.33
3140,52.3333,7.0,60.936,0.01,1.1995,-7.26,7.61,0.58,6.583,0.0,0.0,-0.0,0.0,0.0,0.0,6.94,5.43,7.0,6.97
3141,52.35,7.0,60.956,0.008,1.1955,-6.99,7.88,0.52,7.593,0.0,0.0,-0.0,0.0,0.0,0.0,7.5,7.38,7.03,8.46
3142,52.3667,7.0,60.975,0.007,1.1968,-6.84,8.33,0.47,7.141,0.0,0.0,-0.0,0.0,0.0,0.0,7.81,7.04,7.05,6.66
3143,52.3833,7.0,60.994,0.006,1.1956,-6.65,8.54,0.43,7.087,0.0,0.0,-0.0,0.0,0.0,0.0,6.92,6.99,6.99,7.45
3144,52.4,7.0,61.012,0.004,1.195,-6.31,8.49,0.37,7.052,0.0,0.0,-0.0,0.0,0.0,0.0,6.89,6.99,7.0,7.32
3145,52.4167,7.0,61.03,0.003,1.1963,-6.11,8.87,0.36,6.543,0.0,0.0,-0.0,0.0,0.0,0.0,6.93,7.06,7.06,5.12
3146,52.4333,7.0,61.048,0.002,1.1956,-5.98,9.1,0.32,7.278,0.0,0.0,-0.0,0.0,0.0,0.0,6.98,6.99,7.0,8.14
3147,52.45,7.0,61.066,0.001,1.1925,-5.86,9.31,0.25,6.699,0.0,0.0,-0.0,0.0,0.0,0.0,6.95,6.96,6.98,5.91
3148,52.4667,7.0,61.083,-0.001,1.1933,-5.47,9.01,0.21,6.907,0.0,0.0,-0.0,0.0,0.0,0.0,6.66,7.0,7.0,6.96
3149,52.4833,7.0,61.1,-0.002,1.1949,-5.41,9.58,0.21,6.801,0.0,0.0,-0.0,0.0,0.0,0.0,7.06,7.02,7.02,6.1
3150,52.5,7.0,61.118,-0.003,1.1946,-5.21,9.63,0.14,7.178,0.0,0.0,-0.0,0.0,0.0,0.0,7.89,6.98,7.0,6.83
3151,52.5167,7.0,61.135,-0.004,1.1943,-4.95,9.45,0.07,6.968,0.0,0.0,-0.0,0.0,0.0,0.0,6.99,6.99,6.99,6.9
3152,52.5333,7.0,61.152,-0.004,1.1952,-5.07,9.77,-0.01,7.253,0.0,0.0,-0.0,0.0,0.0,0.0,7.01,7.01,7.25,7.75
3153,52.55,7.0,61.169,-0.003,1.1945,-5.24,9.76,0.05,7.838,0.0,0.0,-0.0,0.0,0.0,0.0,7.01,7.0,10.36,6.98
3154,52.5667,7.0,61.186,-0.002,1.1948,-5.29,9.4,0.05,6.919,0.0,0.0,-0.0,0.0,0.0,0.0,7.3,6.99,6.99,6.4
3155,52.5833,7.0,61.202,-0.002,1.1933,-5.41,9.13,0.02,7.064,0.0,0.0,-0.0,0.0,0.0,0.0,7.14,7.01,7.01,7.09
3156,52.6,7.0,61.218,-0.001,1.1897,-5.52,8.9,0.05,7.321,0.0,0.0,-0.0,0.0,0.0,0.0,7.75,7.02,7.02,7.49
3157,52.6167,7.0,61.232,-0.001,1.1877,-5.43,8.38,0.1,6.919,0.0,0.0,-0.0,0.0,0.0,0.0,6.3,7.0,6.93,7.45
3158,52.6333,7.0,61.247,-0.002,1.1836,-5.31,7.89,0.16,8.546,0.0,0.0,-0.0,0.0,0.0,0.0,13.12,7.01,7.03,7.02
3159,52.65,7.0,61.261,-0.004,1.1782,-5.39,7.18,0.0,6.999,0.0,0.0,-0.0,0.0,0.0,0.0,7.09,6.95,6.97,6.99
3160,52.6667,7.0,61.274,-0.006,1.1716,-5.12,6.39,0.02,7.709,0.0,0.0,-0.0,0.0,0.0,0.0,7.61,6.76,6.78,9.69
3161,52.6833,7.0,61.286,-0.01,1.1653,-4.83,5.64,0.02,6.935,0.0,0.0,-0.0,0.0,0.0,0.0,6.92,6.95,6.96,6.92
3162,52.7,7.0,61.298,-0.011,1.1644,-4.7,5.74,0.01,5.722,0.0,0.0,-0.0,0.0,0.0,0.0,4.33,6.89,6.95,4.71
3163,52.7167,7.0,61.312,-0.01,1.1641,-4.74,5.88,0.01,6.912,0.0,0.0,-0.0,0.0,0.0,0.0,7.92,6.99,7.0,5.73
3164,52.7333,7.0,61.327,-0.01,1.162,-4.85,5.94,0.02,6.567,0.0,0.0,-0.0,0.0,0.0,0.0,6.99,7.0,7.0,5.28
3165,52.75,7.0,61.343,-0.009,1.1584,-5.03,5.96,0.03,6.826,0.0,0.0,-0.0,0.0,0.0,0.0,6.74,7.01,7.01,6.55
3166,52.7667,7.0,61.359,-0.007,1.1565,-5.38,6.28,0.01,6.588,0.0,0.0,-0.0,0.0,0.0,0.0,5.94,7.01,7.02,6.38
3167,52.7833,7.0,61.376,-0.004,1.1529,-5.78,6.53,0.0,6.897,0.0,0.0,-0.0,0.0,0.0,0.0,6.94,7.0,7.01,6.64
3168,52.8,7.0,61.392,-0.002,1.1471,-6.18,6.75,-0.01,4.356,0.0,0.0,-0.0,0.0,0.0,0.0,6.61,-1.2,6.79,5.22
3169,52.8167,7.0,61.41,-0.0,1.141,-6.29,7.26,0.13,6.325,0.0,0.0,-0.0,0.0,0.0,0.0,7.02,4.04,6.99,7.25
3170,52.8333,7.0,61.428,0.002,1.1345,-6.75,8.08,0.06,7.186,0.0,0.0,-0.0,0.0,0.0,0.0,7.01,6.94,7.05,7.74
3171,52.85,7.0,61.447,-0.001,1.1349,-6.32,8.34,0.07,7.335,0.0,0.0,-0.0,0.0,0.0,0.0,8.36,7.07,6.95,6.97
3172,52.8667,7.0,61.465,-0.004,1.1331,-6.02,8.27,-0.04,7.275,0.0,0.0,-0.0,0.0,0.0,0.0,8.25,6.92,6.95,6.98
3173,52.8833,7.0,61.482,-0.004,1.1339,-5.84,8.77,-0.02,7.524,0.0,0.0,-0.0,0.0,0.0,0.0,9.91,7.03,7.03,6.13
3174,52.9,7.0,61.5,-0.005,1.1321,-5.71,9.11,-0.05,6.904,0.0,0.0,-0.0,0.0,0.0,0.0,6.94,7.01,7.02,6.66
3175,52.9167,7.0,61.518,-0.008,1.1337,-5.3,8.93,-0.11,6.732,0.0,0.0,-0.0,0.0,0.0,0.0,6.41,6.98,6.99,6.54
3176,52.9333,7.0,61.535,-0.01,1.1312,-5.03,8.93,-0.14,6.919,0.0,0.0,-0.0,0.0,0.0,0.0,6.98,6.98,6.99,6.72
3177,52.95,7.0,61.553,-0.01,1.1318,-5.02,9.63,-0.14,9.177,0.0,0.0,-0.0,0.0,0.0,0.0,13.84,6.98,6.97,8.91
3178,52.9667,7.0,61.57,-0.013,1.1333,-4.68,9.51,-0.2,7.014,0.0,0.0,-0.0,0.0,0.0,0.0,7.65,6.98,6.95,6.48
3179,52.9833,7.0,61.586,-0.015,1.1322,-4.42,9.42,-0.2,8.086,0.0,0.0,-0.0,0.0,0.0,0.0,7.09,7.1,9.12,9.03
3180,53.0,7.0,61.603,-0.015,1.1329,-4.78,9.64,-0.37,7.025,0.0,0.0,-0.0,0.0,0.0,0.0,6.96,6.99,6.99,7.16
3181,53.0167,7.0,61.619,-0.015,1.1339,-4.77,9.52,-0.34,6.917,0.0,0.0,-0.0,0.0,0.0,0.0,7.09,6.98,6.98,6.62
3182,53.0333,7.0,61.635,-0.015,1.1331,-4.76,9.35,-0.34,6.891,0.0,0.0,-0.0,0.0,0.0,0.0,6.99,7.0,7.0,6.58
3183,53.05,7.0,61.651,-0.014,1.1327,-4.87,9.55,-0.33,6.588,0.0,0.0,-0.0,0.0,0.0,0.0,5.48,7.03,7.02,6.81
3184,53.0667,7.0,61.667,-0.013,1.1313,-5.04,9.66,-0.33,6.97,0.0,0.0,-0.0,0.0,0.0,0.0,7.03,7.0,7.0,6.84
3185,53.0833,7.0,61.683,-0.014,1.1336,-4.93,9.37,-0.32,6.818,0.0,0.0,-0.0,0.0,0.0,0.0,6.71,7.01,7.01,6.55
3186,53.1,7.0,61.699,-0.013,1.1325,-4.95,9.24,-0.33,6.87,0.0,0.0,-0.0,0.0,0.0,0.0,7.0,7.0,7.0,6.47
3187,53.1167,7.0,61.715,-0.013,1.1292,-5.03,9.11,-0.34,7.033,0.0,0.0,-0.0,0.0,0.0,0.0,7.34,7.01,7.03,6.75
3188,53.1333,7.0,61.73,-0.014,1.1284,-4.86,8.6,-0.3,7.178,0.0,0.0,-0.0,0.0,0.0,0.0,7.41,7.03,7.03,7.23
3189,53.15,7.0,61.744,-0.015,1.1246,-4.73,8.17,-0.26,6.996,0.0,0.0,-0.0,0.0,0.0,0.0,6.98,7.0,7.0,7.0
3190,53.1667,7.0,61.759,-0.015,1.1184,-4.68,7.64,-0.21,7.616,0.0,0.0,-0.0,0.0,0.0,0.0,7.04,6.98,9.47,6.98
3191,53.1833,7.0,61.773,-0.015,1.1111,-4.74,6.92,-0.09,7.546,0.0,0.0,-0.0,0.0,0.0,0.0,6.63,6.92,9.71,6.93
3192,53.2,7.0,61.785,-0.016,1.1056,-4.52,5.67,-0.11,6.586,0.0,0.0,-0.0,0.0,0.0,0.0,5.58,6.89,6.96,6.91
3193,53.2167,7.0,61.797,-0.018,1.0969,-4.39,4.76,-0.05,6.285,0.0,0.0,-0.0,0.0,0.0,0.0,4.61,6.85,6.82,6.86
3194,53.2333,7.0,61.809,-0.018,1.092,-4.36,4.46,-0.03,5.607,0.0,0.0,-0.0,0.0,0.0,0.0,4.7,7.03,7.0,3.71
3195,53.25,7.0,61.821,-0.016,1.0907,-4.62,4.53,-0.05,5.014,0.0,0.0,-0.0,0.0,0.0,0.0,1.7,6.98,7.0,4.38
3196,53.2667,7.0,61.835,-0.014,1.0883,-4.91,4.54,-0.01,6.746,0.0,0.0,-0.0,0.0,0.0,0.0,7.01,7.01,7.02,5.94
3197,53.2833,7.0,61.85,-0.012,1.0844,-5.19,4.59,0.05,6.276,0.0,0.0,-0.0,0.0,0.0,0.0,7.01,3.98,7.02,7.09
3198,53.3,7.0,61.866,-0.011,1.0821,-5.05,5.3,0.27,6.573,0.0,0.0,-0.0,0.0,0.0,0.0,7.01,4.83,7.0,7.46
3199,53.3167,7.0,61.883,-0.01,1.0781,-5.01,5.83,0.38,6.488,0.0,0.0,-0.0,0.0,0.0,0.0,6.98,5.56,6.98,6.44
3200,53.3333,7.0,61.902,-0.01,1.0734,-4.96,6.19,0.38,7.102,0.0,0.0,-0.0,0.0,0.0,0.0,9.01,8.46,6.81,4.13
3201,53.35,7.0,61.92,-0.011,1.0724,-4.92,6.53,0.27,6.664,0.0,0.0,-0.0,0.0,0.0,0.0,6.88,6.87,6.96,5.93
3202,53.3667,7.0,61.938,-0.013,1.075,-4.63,6.51,0.22,6.805,0.0,0.0,-0.0,0.0,0.0,0.0,6.4,6.97,6.99,6.86
3203,53.3833,7.0,61.956,-0.014,1.0741,-4.46,6.6,0.18,6.972,0.0,0.0,-0.0,0.0,0.0,0.0,7.0,7.0,7.0,6.9
3204,53.4,7.0,61.974,-0.014,1.0709,-4.34,6.69,0.14,6.931,0.0,0.0,-0.0,0.0,0.0,0.0,6.96,7.0,7.0,6.76
3205,53.4167,7.0,61.991,-0.015,1.0744,-4.19,6.91,0.13,7.156,0.0,0.0,-0.0,0.0,0.0,0.0,7.3,7.0,7.19,7.14
3206,53.4333,7.0,62.009,-0.016,1.0742,-4.05,6.94,0.09,6.965,0.0,0.0,-0.0,0.0,0.0,0.0,7.0,7.0,7.0,6.85
3207,53.45,7.0,62.026,-0.017,1.0727,-4.02,6.78,0.1,7.85,0.0,0.0,-0.0,0.0,0.0,0.0,7.17,7.24,9.99,7.0
3208,53.4667,7.0,62.042,-0.015,1.074,-4.27,6.84,0.13,7.138,0.0,0.0,-0.0,0.0,0.0,0.0,7.8,7.05,7.05,6.64
3209,53.4833,7.0,62.058,-0.014,1.0748,-4.49,6.62,0.06,6.913,0.0,0.0,-0.0,0.0,0.0,0.0,7.03,7.01,7.0,6.61
3210,53.5,7.0,62.073,-0.012,1.0738,-4.68,6.4,0.09,6.94,0.0,0.0,-0.0,0.0,0.0,0.0,6.98,6.98,6.98,6.81
3211,53.5167,7.0,62.089,-0.01,1.0723,-4.97,6.43,0.11,6.469,0.0,0.0,-0.0,0.0,0.0,0.0,5.41,7.05,7.0,6.42
3212,53.5333,7.0,62.104,-0.009,1.0747,-5.05,6.21,0.14,6.32,0.0,0.0,-0.0,0.0,0.0,0.0,5.44,5.88,7.01,6.95
3213,53.55,7.0,62.12,-0.009,1.0747,-5.06,6.2,0.13,6.991,0.0,0.0,-0.0,0.0,0.0,0.0,5.93,8.26,6.82,6.96
3214,53.5667,7.0,62.136,-0.008,1.0742,-5.1,6.26,0.13,6.811,0.0,0.0,-0.0,0.0,0.0,0.0,6.99,7.0,7.0,6.24
3215,53.5833,7.0,62.152,-0.009,1.0744,-4.98,6.26,0.11,6.681,0.0,0.0,-0.0,0.0,0.0,0.0,7.49,6.46,6.97,5.81
3216,53.6,7.0,62.168,-0.009,1.075,-4.9,6.26,0.11,6.905,0.0,0.0,-0.0,0.0,0.0,0.0,7.01,6.99,6.99,6.63
3217,53.6167,7.0,62.185,-0.009,1.0739,-4.88,6.19,0.1,7.003,0.0,0.0,-0.0,0.0,0.0,0.0,7.01,7.01,7.01,6.98
3218,53.6333,7.0,62.201,-0.009,1.0712,-4.86,6.12,0.11,7.506,0.0,0.0,-0.0,0.0,0.0,0.0,8.53,7.04,7.03,7.43
3219,53.65,7.0,62.217,-0.01,1.0695,-4.74,5.69,0.08,8.476,0.0,0.0,-0.0,0.0,0.0,0.0,7.65,6.9,6.85,12.51
3220,53.6667,7.0,62.232,-0.011,1.0667,-4.56,5.33,0.31,6.997,0.0,0.0,-0.0,0.0,0.0,0.0,7.0,7.0,7.01,6.98
3221,53.6833,7.0,62.247,-0.012,1.0612,-4.37,4.91,0.53,6.998,0.0,0.0,-0.0,0.0,0.0,0.0,7.0,6.99,7.01,6.99
3222,53.7,7.0,62.263,-0.013,1.0529,-4.21,4.43,0.72,6.996,0.0,0.0,-0.0,0.0,0.0,0.0,6.99,6.98,7.02,7.0
3223,53.7167,7.0,62.277,-0.016,1.0462,-3.74,3.29,0.72,1.059,0.0,0.0,-0.0,0.0,0.0,0.0,-22.0,6.99,12.51,6.73
3224,53.7333,7.0,62.291,-0.014,1.0426,-3.95,2.88,0.75,6.528,0.0,0.0,-0.0,0.0,0.0,0.0,6.19,6.85,6.93,6.14
3225,53.75,7.0,62.305,-0.012,1.0401,-4.26,2.63,0.78,6.817,0.0,0.0,-0.0,0.0,0.0,0.0,6.99,7.0,7.01,6.27
3226,53.7667,7.0,62.317,-0.01,1.045,-4.39,2.33,0.84,6.882,0.0,0.0,-0.0,0.0,0.0,0.0,7.66,7.08,7.03,5.76
3227,53.7833,7.0,62.329,-0.009,1.048,-4.51,1.9,0.87,6.819,0.0,0.0,-0.0,0.0,0.0,0.0,6.73,6.98,7.02,6.55
3228,53.8,7.0,62.342,-0.008,1.0496,-4.57,1.47,0.95,6.628,0.0,0.0,-0.0,0.0,0.0,0.0,6.99,6.04,6.99,6.49
3229,53.8167,7.0,62.355,-0.007,1.0505,-4.36,1.33,1.17,6.584,0.0,0.0,-0.0,0.0,0.0,0.0,7.01,5.21,7.02,7.1
3230,53.8333,7.0,62.369,-0.006,1.0512,-4.35,1.57,1.26,6.685,0.0,0.0,-0.0,0.0,0.0,0.0,7.02,7.03,7.03,5.66
3231,53.85,7.0,62.384,-0.005,1.0511,-4.44,1.55,1.25,9.038,0.0,0.0,-0.0,0.0,0.0,0.0,13.66,7.01,7.01,8.47
3232,53.8667,7.0,62.399,-0.004,1.0495,-4.54,1.45,1.31,7.267,0.0,0.0,-0.0,0.0,0.0,0.0,8.14,7.04,7.03,6.86
3233,53.8833,7.0,62.414,-0.004,1.0511,-4.44,1.43,1.28,6.065,0.0,0.0,-0.0,0.0,0.0,0.0,6.15,5.22,7.06,5.82
3234,53.9,7.0,62.429,-0.004,1.0519,-4.48,1.42,1.26,6.754,0.0,0.0,-0.0,0.0,0.0,0.0,7.0,6.32,7.0,6.7
3235,53.9167,7.0,62.444,-0.003,1.0509,-4.55,1.41,1.24,6.784,0.0,0.0,-0.0,0.0,0.0,0.0,6.04,7.13,6.93,7.04
3236,53.9333,7.0,62.46,-0.003,1.0504,-4.39,1.42,1.23,7.219,0.0,0.0,-0.0,0.0,0.0,0.0,8.08,7.28,6.92,6.59
3237,53.95,7.0,62.475,-0.004,1.0514,-4.26,1.57,1.17,6.472,0.0,0.0,-0.0,0.0,0.0,0.0,5.97,6.97,6.98,5.97
3238,53.9667,7.0,62.491,-0.005,1.0516,-4.19,1.7,1.12,6.98,0.0,0.0,-0.0,0.0,0.0,0.0,7.26,6.99,7.0,6.67
3239,53.9833,7.0,62.508,-0.005,1.0501,-4.16,1.75,1.08,6.791,0.0,0.0,-0.0,0.0,0.0,0.0,6.91,6.98,6.98,6.3
3240,54.0,7.0,62.524,-0.005,1.0492,-4.04,1.58,1.04,6.872,0.0,0.0,-0.0,0.0,0.0,0.0,6.35,6.98,6.99,7.17
3241,54.0167,7.0,62.54,-0.005,1.0511,-4.07,1.78,0.99,6.75,0.0,0.0,-0.0,0.0,0.0,0.0,6.38,7.0,7.0,6.62
3242,54.0333,7.0,62.557,-0.004,1.0506,-4.1,1.84,0.94,6.479,0.0,0.0,-0.0,0.0,0.0,0.0,4.74,6.9,6.85,7.42
3243,54.05,7.0,62.573,-0.003,1.0514,-4.09,1.79,0.9,6.763,0.0,0.0,-0.0,0.0,0.0,0.0,6.14,6.87,6.85,7.19
3244,54.0667,7.0,62.589,-0.002,1.0509,-4.01,1.7,1.01,6.723,0.0,0.0,-0.0,0.0,0.0,0.0,5.96,7.02,7.02,6.89
3245,54.0833,7.0,62.606,-0.001,1.0514,-4.12,1.77,1.0,6.988,0.0,0.0,-0.0,0.0,0.0,0.0,7.26,7.02,7.02,6.65
3246,54.1,7.0,62.622,-0.0,1.0497,-4.28,1.74,0.96,6.962,0.0,0.0,-0.0,0.0,0.0,0.0,6.96,6.99,6.99,6.9
3247,54.1167,7.0,62.637,-0.0,1.0498,-4.19,1.43,0.95,6.528,0.0,0.0,-0.0,0.0,0.0,0.0,5.31,6.5,7.14,7.15
3248,54.1333,7.0,62.653,-0.001,1.0504,-4.06,1.61,0.9,9.59,0.0,0.0,-0.0,0.0,0.0,0.0,16.47,7.19,7.19,7.51
3249,54.15,7.0,62.669,-0.002,1.0486,-3.98,1.66,0.87,6.934,0.0,0.0,-0.0,0.0,0.0,0.0,7.22,7.05,7.05,6.42
3250,54.1667,7.0,62.685,-0.003,1.0473,-3.8,1.47,0.85,7.017,0.0,0.0,-0.0,0.0,0.0,0.0,6.89,6.96,6.98,7.23
3251,54.1833,7.0,62.701,-0.004,1.0448,-3.54,1.2,0.91,6.996,0.0,0.0,-0.0,0.0,0.0,0.0,6.98,6.99,7.0,7.0
3252,54.2,7.0,62.716,-0.005,1.0395,-3.31,0.83,0.97,7.756,0.0,0.0,-0.0,0.0,0.0,0.0,6.93,6.94,6.95,10.2
3253,54.2167,7.0,62.732,-0.006,1.0317,-3.17,0.45,1.02,7.0,0.0,0.0,-0.0,0.0,0.0,0.0,7.0,7.0,7.0,7.0
3254,54.2333,7.0,62.746,-0.009,1.0277,-2.79,-0.24,0.99,6.368,0.0,0.0,-0.0,0.0,0.0,0.0,6.06,7.03,7.04,5.34
3255,54.25,7.0,62.755,-0.011,1.0341,-2.22,-0.27,1.14,6.313,0.0,0.0,-0.0,0.0,0.0,0.0,7.19,6.97,6.98,4.11
3256,54.2667,7.0,62.764,-0.014,1.0396,-1.69,-0.53,1.17,6.443,0.0,0.0,-0.0,0.0,0.0,0.0,6.93,6.96,6.97,4.92
3257,54.2833,7.0,62.774,-0.016,1.0436,-1.28,-0.8,1.21,6.625,0.0,0.0,-0.0,0.0,0.0,0.0,6.96,6.99,7.0,5.56
3258,54.3,7.0,62.785,-0.017,1.046,-0.96,-1.1,1.27,3.708,0.0,0.0,-0.0,0.0,0.0,0.0,-3.43,7.15,7.17,3.95
3259,54.3167,7.0,62.797,-0.019,1.0494,-0.76,-1.44,1.23,6.307,0.0,0.0,-0.0,0.0,0.0,0.0,6.09,7.0,7.01,5.14
3260,54.3333,7.0,62.809,-0.018,1.0533,-0.73,-1.64,1.23,6.795,0.0,0.0,-0.0,0.0,0.0,0.0,7.15,7.02,7.02,6.0
3261,54.35,7.0,62.822,-0.018,1.0558,-0.74,-1.94,1.22,6.035,0.0,0.0,-0.0,0.0,0.0,0.0,3.24,7.06,7.06,6.78
3262,54.3667,7.0,62.835,-0.017,1.0568,-0.82,-2.33,1.15,6.668,0.0,0.0,-0.0,0.0,0.0,0.0,6.99,6.99,6.99,5.7
3263,54.3833,7.0,62.849,-0.016,1.0568,-0.97,-2.62,1.13,6.22,0.0,0.0,-0.0,0.0,0.0,0.0,4.31,7.06,7.06,6.45
3264,54.4,7.0,62.863,-0.014,1.059,-1.29,-2.76,1.1,6.945,0.0,0.0,-0.0,0.0,0.0,0.0,6.98,6.97,6.97,6.86
3265,54.4167,7.0,62.877,-0.012,1.0599,-1.54,-3.1,1.09,6.963,0.0,0.0,-0.0,0.0,0.0,0.0,6.47,6.98,6.98,7.42
3266,54.4333,7.0,62.891,-0.009,1.0589,-1.79,-3.44,1.11,6.888,0.0,0.0,-0.0,0.0,0.0,0.0,7.0,6.99,6.99,6.57
3267,54.45,7.0,62.905,-0.006,1.0588,-2.2,-3.54,1.1,6.546,0.0,0.0,-0.0,0.0,0.0,0.0,6.2,7.02,7.02,5.95
3268,54.4667,7.0,62.919,-0.003,1.0581,-2.67,-3.65,1.07,6.975,0.0,0.0,-0.0,0.0,0.0,0.0,7.45,6.97,6.99,6.49
3269,54.4833,7.0,62.934,-0.0,1.0603,-2.93,-4.22,1.05,7.007,0.0,0.0,-0.0,0.0,0.0,0.0,6.96,6.98,7.0,7.08
3270,54.5,7.0,62.948,0.003,1.0589,-3.26,-4.64,1.1,7.082,0.0,0.0,-0.0,0.0,0.0,0.0,6.98,6.95,6.96,7.44
3271,54.5167,7.0,62.962,0.006,1.059,-3.77,-4.72,1.08,6.764,0.0,0.0,-0.0,0.0,0.0,0.0,6.89,6.98,7.0,6.19
3272,54.5333,7.0,62.976,0.008,1.0609,-4.05,-5.09,1.05,7.026,0.0,0.0,-0.0,0.0,0.0,0.0,7.22,6.6,7.13,7.16
3273,54.55,7.0,62.99,0.008,1.0612,-4.16,-5.23,0.91,6.193,0.0,0.0,-0.0,0.0,0.0,0.0,6.99,6.84,7.01,3.93
3274,54.5667,7.0,63.005,0.009,1.0605,-4.16,-5.2,0.86,6.553,0.0,0.0,-0.0,0.0,0.0,0.0,7.04,4.99,7.13,7.06
3275,54.5833,7.0,63.02,0.008,1.0601,-4.03,-5.02,0.83,8.158,0.0,0.0,-0.0,0.0,0.0,0.0,5.95,13.05,6.9,6.73
3276,54.6,7.0,63.036,0.008,1.061,-3.94,-5.05,0.8,7.275,0.0,0.0,-0.0,0.0,0.0,0.0,8.54,6.93,6.93,6.69
3277,54.6167,7.0,63.052,0.008,1.0598,-3.87,-5.11,0.82,6.864,0.0,0.0,-0.0,0.0,0.0,0.0,7.01,7.01,7.01,6.43
3278,54.6333,7.0,63.068,0.008,1.0594,-3.96,-4.92,0.79,6.674,0.0,0.0,-0.0,0.0,0.0,0.0,6.59,7.03,7.03,6.04
3279,54.65,7.0,63.084,0.009,1.061,-3.96,-5.03,0.77,6.903,0.0,0.0,-0.0,0.0,0.0,0.0,7.37,6.98,6.97,6.29
3280,54.6667,7.0,63.1,0.01,1.0607,-3.93,-5.17,0.87,7.011,0.0,0.0,-0.0,0.0,0.0,0.0,7.08,7.08,7.06,6.83
3281,54.6833,7.0,63.116,0.01,1.0582,-3.96,-5.26,0.95,6.927,0.0,0.0,-0.0,0.0,0.0,0.0,7.0,6.98,7.0,6.73
3282,54.7,7.0,63.132,0.011,1.0564,-3.97,-4.96,1.0,6.573,0.0,0.0,-0.0,0.0,0.0,0.0,6.78,5.87,7.01,6.63
3283,54.7167,7.0,63.148,0.01,1.0573,-3.73,-5.28,0.98,7.027,0.0,0.0,-0.0,0.0,0.0,0.0,7.1,6.99,7.0,7.01
3284,54.7333,7.0,63.164,0.008,1.0558,-3.33,-5.19,1.08,6.357,0.0,0.0,-0.0,0.0,0.0,0.0,6.99,4.45,7.0,7.0
3285,54.75,7.0,63.179,0.006,1.0539,-2.69,-4.87,1.28,7.397,0.0,0.0,-0.0,0.0,0.0,0.0,6.96,8.64,6.97,7.02
3286,54.7667,7.0,63.195,0.003,1.0509,-1.94,-4.6,1.42,6.518,0.0,0.0,-0.0,0.0,0.0,0.0,6.16,5.96,6.95,7.01
3287,54.7833,7.0,63.212,-0.002,1.0475,-1.23,-4.36,1.41,6.449,0.0,0.0,-0.0,0.0,0.0,0.0,6.98,7.0,6.98,4.83
3288,54.8,7.0,63.226,-0.005,1.0478,-0.47,-3.92,1.65,5.668,0.0,0.0,-0.0,0.0,0.0,0.0,4.96,7.22,7.23,3.27
3289,54.8167,7.0,63.234,-0.01,1.0541,0.48,-3.85,1.73,6.224,0.0,0.0,-0.0,0.0,0.0,0.0,5.9,6.91,6.89,5.21
3290,54.8333,7.0,63.242,-0.016,1.0611,1.2,-3.96,1.61,6.143,0.0,0.0,-0.0,0.0,0.0,0.0,6.83,6.95,6.96,3.83
3291,54.85,7.0,63.251,-0.02,1.0669,1.8,-4.19,1.55,6.508,0.0,0.0,-0.0,0.0,0.0,0.0,6.97,6.93,6.94,5.2
3292,54.8667,7.0,63.261,-0.023,1.0711,2.28,-4.47,1.5,6.648,0.0,0.0,-0.0,0.0,0.0,0.0,6.99,6.98,7.0,5.63
3293,54.8833,7.0,63.272,-0.026,1.0751,2.66,-4.72,1.45,6.433,0.0,0.0,-0.0,0.0,0.0,0.0,6.42,7.13,7.15,5.03
3294,54.9,7.0,63.283,-0.027,1.0795,2.84,-4.92,1.4,6.596,0.0,0.0,-0.0,0.0,0.0,0.0,7.0,7.02,7.03,5.33
3295,54.9167,7.0,63.295,-0.028,1.0829,2.92,-5.22,1.37,6.57,0.0,0.0,-0.0,0.0,0.0,0.0,6.22,7.02,7.03,6.01
3296,54.9333,7.0,63.308,-0.028,1.0848,2.92,-5.59,1.3,6.304,0.0,0.0,-0.0,0.0,0.0,0.0,5.9,6.97,7.0,5.34
3297,54.95,7.0,63.321,-0.027,1.0855,2.85,-5.9,1.29,5.717,0.0,0.0,-0.0,0.0,0.0,0.0,2.7,6.96,6.93,6.28
3298,54.9667,7.0,63.334,-0.025,1.0871,2.68,-6.05,1.42,6.727,0.0,0.0,-0.0,0.0,0.0,0.0,6.99,7.0,7.0,5.92
3299,54.9833,7.0,63.347,-0.023,1.0871,2.45,-6.26,1.47,5.765,0.0,0.0,-0.0,0.0,0.0,0.0,2.7,7.06,7.06,6.24
3300,55.0,7.0,63.361,-0.02,1.0872,2.17,-6.73,1.44,6.5,0.0,0.0,-0.0,0.0,0.0,0.0,6.72,7.0,7.0,5.29
3301,55.0167,7.0,63.374,-0.018,1.0866,1.82,-7.09,1.42,6.343,0.0,0.0,-0.0,0.0,0.0,0.0,5.22,7.02,7.02,6.12
3302,55.0333,7.0,63.388,-0.014,1.0863,1.32,-7.31,1.44,5.729,0.0,0.0,-0.0,0.0,0.0,0.0,2.72,7.01,7.03,6.16
3303,55.05,7.0,63.401,-0.01,1.0851,0.82,-7.66,1.42,7.71,0.0,0.0,-0.0,0.0,0.0,0.0,8.98,7.0,7.02,7.84
3304,55.0667,7.0,63.415,-0.007,1.0856,0.35,-8.19,1.38,6.694,0.0,0.0,-0.0,0.0,0.0,0.0,6.82,6.92,6.95,6.09
3305,55.0833,7.0,63.428,-0.003,1.0849,-0.16,-8.6,1.35,6.787,0.0,0.0,-0.0,0.0,0.0,0.0,6.03,6.97,6.99,7.16
3306,55.1,7.0,63.441,0.001,1.0856,-0.65,-8.97,1.35,6.7,0.0,0.0,-0.0,0.0,0.0,0.0,6.46,6.94,6.96,6.45
3307,55.1167,7.0,63.455,0.005,1.0852,-1.09,-9.24,1.43,6.531,0.0,0.0,-0.0,0.0,0.0,0.0,6.83,5.0,6.94,7.35
3308,55.1333,7.0,63.468,0.007,1.0855,-1.13,-9.27,1.54,6.973,0.0,0.0,-0.0,0.0,0.0,0.0,7.06,6.84,7.0,6.99
3309,55.15,7.0,63.483,0.008,1.0855,-1.19,-9.43,1.5,6.832,0.0,0.0,-0.0,0.0,0.0,0.0,7.24,6.88,6.98,6.22
3310,55.1667,7.0,63.498,0.009,1.0859,-1.35,-9.51,1.46,6.873,0.0,0.0,-0.0,0.0,0.0,0.0,7.01,7.01,7.02,6.46
3311,55.1833,7.0,63.513,0.01,1.0864,-1.23,-9.28,1.55,6.696,0.0,0.0,-0.0,0.0,0.0,0.0,7.01,5.75,7.01,7.02
3312,55.2,7.0,63.529,0.009,1.0854,-1.09,-9.34,1.51,6.86,0.0,0.0,-0.0,0.0,0.0,0.0,6.54,6.96,6.97,6.97
3313,55.2167,7.0,63.544,0.009,1.0857,-1.0,-9.25,1.49,6.616,0.0,0.0,-0.0,0.0,0.0,0.0,6.38,6.98,6.98,6.12
3314,55.2333,7.0,63.56,0.01,1.0852,-1.0,-9.17,1.45,6.926,0.0,0.0,-0.0,0.0,0.0,0.0,7.0,7.0,7.0,6.69
3315,55.25,7.0,63.576,0.009,1.0843,-0.92,-9.29,1.41,7.041,0.0,0.0,-0.0,0.0,0.0,0.0,7.06,6.2,6.97,7.94
3316,55.2667,7.0,63.591,0.009,1.0851,-0.59,-9.0,1.49,6.159,0.0,0.0,-0.0,0.0,0.0,0.0,6.45,4.45,6.98,6.75
3317,55.2833,7.0,63.604,0.008,1.0861,0.04,-8.36,1.76,6.388,0.0,0.0,-0.0,0.0,0.0,0.0,6.89,4.53,7.03,7.09
3318,55.3,7.0,63.617,0.006,1.088,0.43,-7.63,1.77,4.695,0.0,0.0,-0.0,0.0,0.0,0.0,2.25,6.05,6.92,3.56
3319,55.3167,7.0,63.631,0.004,1.0926,0.75,-7.09,1.72,8.753,0.0,0.0,-0.0,0.0,0.0,0.0,13.74,8.94,6.89,5.44
3320,55.3333,7.0,63.646,0.002,1.0952,0.98,-6.55,1.61,7.136,0.0,0.0,-0.0,0.0,0.0,0.0,9.33,5.52,7.0,6.69
3321,55.35,7.0,63.662,0.001,1.0975,1.19,-6.03,1.56,6.663,0.0,0.0,-0.0,0.0,0.0,0.0,6.98,5.64,6.98,7.05
3322,55.3667,7.0,63.679,-0.0,1.0998,1.39,-5.68,1.53,6.854,0.0,0.0,-0.0,0.0,0.0,0.0,6.61,7.45,6.95,6.41
3323,55.3833,7.0,63.696,-0.001,1.1018,1.55,-5.45,1.47,6.781,0.0,0.0,-0.0,0.0,0.0,0.0,7.05,7.05,7.06,5.96
3324,55.4,7.0,63.713,-0.001,1.1021,1.62,-5.2,1.4,6.701,0.0,0.0,-0.0,0.0,0.0,0.0,6.95,6.49,6.98,6.39
3325,55.4167,7.0,63.73,-0.001,1.1026,1.74,-5.15,1.36,7.111,0.0,0.0,-0.0,0.0,0.0,0.0,7.33,7.02,7.01,7.08
3326,55.4333,7.0,63.74,-0.006,1.1085,2.4,-5.6,1.43,7.124,0.0,0.0,-0.0,0.0,0.0,0.0,6.75,6.91,6.94,7.89
3327,55.45,7.0,63.749,-0.009,1.1139,2.9,-5.82,1.39,6.17,0.0,0.0,-0.0,0.0,0.0,0.0,6.15,6.98,6.99,4.57
3328,55.4667,7.0,63.759,-0.011,1.1191,3.25,-6.05,1.37,6.548,0.0,0.0,-0.0,0.0,0.0,0.0,6.97,6.97,6.96,5.3
3329,55.4833,7.0,63.77,-0.013,1.1235,3.5,-6.37,1.34,6.788,0.0,0.0,-0.0,0.0,0.0,0.0,7.48,7.01,7.02,5.65
3330,55.5,7.0,63.781,-0.014,1.1265,3.66,-6.79,1.28,6.398,0.0,0.0,-0.0,0.0,0.0,0.0,5.7,7.0,7.01,5.89
3331,55.5167,7.0,63.793,-0.015,1.1282,3.76,-7.17,1.25,5.495,0.0,0.0,-0.0,0.0,0.0,0.0,2.3,6.89,6.88,5.9
3332,55.5333,7.0,63.805,-0.014,1.1311,3.7,-7.33,1.31,7.154,0.0,0.0,-0.0,0.0,0.0,0.0,7.0,7.0,7.0,7.61
3333,55.55,7.0,63.817,-0.012,1.1324,3.6,-7.55,1.34,6.683,0.0,0.0,-0.0,0.0,0.0,0.0,7.02,7.02,7.02,5.67
3334,55.5667,7.0,63.83,-0.011,1.1327,3.38,-7.89,1.31,6.948,0.0,0.0,-0.0,0.0,0.0,0.0,7.35,6.98,6.98,6.49
3335,55.5833,7.0,63.844,-0.009,1.1314,3.12,-8.29,1.25,6.978,0.0,0.0,-0.0,0.0,0.0,0.0,6.53,6.95,6.97,7.46
3336,55.6,7.0,63.857,-0.006,1.1336,2.73,-8.58,1.21,6.828,0.0,0.0,-0.0,0.0,0.0,0.0,6.78,6.98,6.99,6.56
3337,55.6167,7.0,63.871,-0.003,1.134,2.33,-8.99,1.16,6.975,0.0,0.0,-0.0,0.0,0.0,0.0,7.07,6.97,6.99,6.87
3338,55.6333,7.0,63.884,0.001,1.1327,1.95,-9.4,1.12,6.805,0.0,0.0,-0.0,0.0,0.0,0.0,6.98,6.95,6.97,6.31
3339,55.65,7.0,63.898,0.004,1.1307,1.45,-9.69,1.08,6.38,0.0,0.0,-0.0,0.0,0.0,0.0,5.15,6.71,7.07,6.59
3340,55.6667,7.0,63.912,0.006,1.1344,1.32,-9.47,1.03,7.07,0.0,0.0,-0.0,0.0,0.0,0.0,7.04,7.13,7.06,7.05
3341,55.6833,7.0,63.927,0.007,1.1355,1.14,-9.64,0.92,7.245,0.0,0.0,-0.0,0.0,0.0,0.0,6.99,7.96,7.01,7.01
3342,55.7,7.0,63.941,0.007,1.1352,1.1,-9.58,0.94,6.515,0.0,0.0,-0.0,0.0,0.0,0.0,7.26,4.49,7.15,7.16
3343,55.7167,7.0,63.956,0.007,1.1345,1.24,-9.39,0.93,7.041,0.0,0.0,-0.0,0.0,0.0,0.0,6.13,7.79,7.14,7.1
3344,55.7333,7.0,63.972,0.005,1.134,1.59,-9.49,0.85,6.943,0.0,0.0,-0.0,0.0,0.0,0.0,6.98,6.77,7.01,7.02
3345,55.75,7.0,63.987,0.003,1.1326,1.85,-9.49,0.76,6.406,0.0,0.0,-0.0,0.0,0.0,0.0,5.74,7.0,7.03,5.86
3346,55.7667,7.0,64.003,0.002,1.1315,1.95,-9.31,0.73,6.337,0.0,0.0,-0.0,0.0,0.0,0.0,5.18,7.11,7.1,5.96
3347,55.7833,7.0,64.019,0.002,1.1332,1.91,-9.33,0.71,6.73,0.0,0.0,-0.0,0.0,0.0,0.0,6.24,6.94,6.95,6.78
3348,55.8,7.0,64.035,0.003,1.1333,1.88,-9.4,0.72,6.888,0.0,0.0,-0.0,0.0,0.0,0.0,7.01,7.01,7.01,6.52
3349,55.8167,7.0,64.052,0.004,1.1314,1.8,-9.51,0.71,6.556,0.0,0.0,-0.0,0.0,0.0,0.0,6.67,6.8,6.81,5.94
3350,55.8333,7.0,64.068,0.004,1.1322,1.74,-9.37,0.69,7.459,0.0,0.0,-0.0,0.0,0.0,0.0,8.11,7.59,6.89,7.24
3351,55.85,7.0,64.081,0.005,1.1354,2.14,-9.0,0.87,6.254,0.0,0.0,-0.0,0.0,0.0,0.0,6.57,4.42,7.01,7.01
3352,55.8667,7.0,64.093,0.004,1.1379,2.62,-8.32,1.24,6.642,0.0,0.0,-0.0,0.0,0.0,0.0,6.82,5.56,7.06,7.13
3353,55.8833,7.0,64.106,0.003,1.1392,3.18,-7.65,1.59,6.09,0.0,0.0,-0.0,0.0,0.0,0.0,5.87,3.99,7.17,7.33
3354,55.9,7.0,64.118,-0.001,1.1416,3.68,-7.07,1.62,3.318,0.0,0.0,-0.0,0.0,0.0,0.0,3.36,4.85,6.63,-1.57
3355,55.9167,7.0,64.131,-0.003,1.145,3.99,-6.43,1.66,7.29,0.0,0.0,-0.0,0.0,0.0,0.0,4.51,7.83,7.11,9.71
3356,55.9333,7.0,64.145,-0.004,1.147,4.24,-5.84,1.65,1.783,0.0,0.0,-0.0,0.0,0.0,0.0,6.06,4.73,6.85,-10.51
3357,55.95,7.0,64.16,-0.005,1.1504,4.47,-5.41,1.64,9.508,0.0,0.0,-0.0,0.0,0.0,0.0,4.05,6.94,7.1,19.95
3358,55.9667,7.0,64.176,-0.007,1.153,4.68,-5.03,1.74,6.749,0.0,0.0,-0.0,0.0,0.0,0.0,6.98,6.66,6.99,6.37
3359,55.9833,7.0,64.192,-0.008,1.154,4.96,-4.68,1.77,10.967,0.0,0.0,-0.0,0.0,0.0,0.0,7.07,8.59,7.34,20.87
3360,56.0,7.0,64.208,-0.009,1.1538,5.15,-4.37,1.82,7.835,0.0,0.0,-0.0,0.0,0.0,0.0,6.94,10.58,7.06,6.77
3361,56.0167,7.0,64.225,-0.01,1.1555,5.32,-4.2,1.77,6.715,0.0,0.0,-0.0,0.0,0.0,0.0,6.53,6.99,7.01,6.33
3362,56.0333,7.0,64.243,-0.01,1.1561,5.41,-4.07,1.72,6.862,0.0,0.0,-0.0,0.0,0.0,0.0,6.98,6.98,6.99,6.5
3363,56.05,7.0,64.26,-0.01,1.1545,5.43,-3.96,1.63,6.837,0.0,0.0,-0.0,0.0,0.0,0.0,6.99,6.99,6.99,6.37
3364,56.0667,7.0,64.277,-0.01,1.1514,5.28,-3.72,1.48,6.915,0.0,0.0,-0.0,0.0,0.0,0.0,7.83,7.18,7.16,5.48
3365,56.0833,7.0,64.293,-0.01,1.1563,5.36,-4.09,1.41,6.834,0.0,0.0,-0.0,0.0,0.0,0.0,6.79,6.97,6.98,6.59
3366,56.1,7.0,64.31,-0.009,1.1559,5.26,-4.19,1.32,6.678,0.0,0.0,-0.0,0.0,0.0,0.0,6.97,6.94,6.94,5.86
3367,56.1167,7.0,64.325,-0.009,1.1557,5.23,-4.51,1.27,6.94,0.0,0.0,-0.0,0.0,0.0,0.0,7.7,7.02,6.93,6.11
3368,56.1333,7.0,64.34,-0.008,1.1574,5.07,-4.62,1.23,6.871,0.0,0.0,-0.0,0.0,0.0,0.0,6.52,7.21,7.13,6.63
3369,56.15,7.0,64.355,-0.007,1.1584,5.09,-4.66,1.27,6.617,0.0,0.0,-0.0,0.0,0.0,0.0,7.0,5.9,7.03,6.55
3370,56.1667,7.0,64.37,-0.006,1.1579,5.08,-4.7,1.31,6.799,0.0,0.0,-0.0,0.0,0.0,0.0,6.99,6.31,7.0,6.9
3371,56.1833,7.0,64.386,-0.005,1.1575,5.06,-4.78,1.28,6.845,0.0,0.0,-0.0,0.0,0.0,0.0,6.35,7.26,6.95,6.82
3372,56.2,7.0,64.4,-0.004,1.16,5.06,-4.86,1.29,7.675,0.0,0.0,-0.0,0.0,0.0,0.0,7.09,9.55,7.0,7.06
3373,56.2167,7.0,64.415,-0.004,1.1607,5.13,-4.95,1.29,6.957,0.0,0.0,-0.0,0.0,0.0,0.0,6.99,6.58,7.07,7.19
3374,56.2333,7.0,64.43,-0.003,1.1597,5.17,-4.98,1.28,6.737,0.0,0.0,-0.0,0.0,0.0,0.0,7.02,5.93,7.0,7.0
3375,56.25,7.0,64.445,-0.003,1.158,5.15,-4.77,1.25,5.329,0.0,0.0,-0.0,0.0,0.0,0.0,2.63,6.13,7.12,5.44
3376,56.2667,7.0,64.461,-0.003,1.1586,5.15,-4.65,1.25,6.585,0.0,0.0,-0.0,0.0,0.0,0.0,6.48,6.48,7.03,6.35
3377,56.2833,7.0,64.478,-0.002,1.1576,5.16,-4.57,1.22,6.887,0.0,0.0,-0.0,0.0,0.0,0.0,7.0,7.29,7.05,6.21
3378,56.3,7.0,64.494,-0.003,1.1575,5.22,-4.67,1.19,6.808,0.0,0.0,-0.0,0.0,0.0,0.0,6.08,6.71,6.81,7.63
3379,56.3167,7.0,64.509,-0.002,1.1596,5.31,-4.54,1.31,6.994,0.0,0.0,-0.0,0.0,0.0,0.0,6.99,7.0,7.0,6.99
3380,56.3333,7.0,64.523,-0.001,1.1591,5.39,-4.5,1.44,6.504,0.0,0.0,-0.0,0.0,0.0,0.0,6.98,6.98,6.98,5.08
3381,56.35,7.0,64.539,0.0,1.1575,5.37,-4.54,1.43,7.664,0.0,0.0,-0.0,0.0,0.0,0.0,10.24,7.02,7.02,6.37
3382,56.3667,7.0,64.554,-0.0,1.1562,5.21,-4.96,1.1,6.817,0.0,0.0,-0.0,0.0,0.0,0.0,6.98,6.94,6.99,6.36
3383,56.3833,7.0,64.571,-0.0,1.1579,5.14,-4.58,0.95,6.273,0.0,0.0,-0.0,0.0,0.0,0.0,5.37,6.61,6.94,6.17
3384,56.4,7.0,64.587,-0.0,1.1585,5.13,-4.63,0.93,6.867,0.0,0.0,-0.0,0.0,0.0,0.0,6.28,7.0,7.01,7.18
3385,56.4167,7.0,64.604,-0.0,1.1581,5.24,-4.75,0.93,6.953,0.0,0.0,-0.0,0.0,0.0,0.0,7.17,6.14,7.18,7.31
3386,56.4333,7.0,64.618,-0.001,1.1586,5.85,-4.02,1.32,7.332,0.0,0.0,-0.0,0.0,0.0,0.0,9.64,4.79,7.06,7.83
3387,56.45,7.0,64.632,-0.002,1.1587,6.52,-3.31,1.77,6.634,0.0,0.0,-0.0,0.0,0.0,0.0,12.4,5.85,6.93,1.35
3388,56.4667,7.0,64.646,-0.005,1.1633,6.9,-2.62,1.94,5.557,0.0,0.0,-0.0,0.0,0.0,0.0,3.65,6.45,6.62,5.5
3389,56.4833,7.0,64.661,-0.007,1.167,7.19,-2.08,1.99,11.086,0.0,0.0,-0.0,0.0,0.0,0.0,24.34,6.98,7.07,5.95
3390,56.5,7.0,64.676,-0.008,1.1691,7.38,-1.59,2.01,7.073,0.0,0.0,-0.0,0.0,0.0,0.0,6.99,6.97,7.01,7.32
3391,56.5167,7.0,64.692,-0.009,1.1698,7.47,-1.12,1.99,5.15,0.0,0.0,-0.0,0.0,0.0,0.0,6.82,-8.22,6.89,15.11
3392,56.5333,7.0,64.708,-0.01,1.1722,7.74,-0.86,2.04,6.619,0.0,0.0,-0.0,0.0,0.0,0.0,6.33,6.98,6.97,6.21
3393,56.55,7.0,64.724,-0.011,1.1732,7.97,-0.63,2.04,5.174,0.0,0.0,-0.0,0.0,0.0,0.0,0.3,7.1,7.12,6.18
3394,56.5667,7.0,64.742,-0.013,1.1734,7.98,-0.42,1.87,6.715,0.0,0.0,-0.0,0.0,0.0,0.0,7.0,7.01,7.0,5.84
3395,56.5833,7.0,64.759,-0.013,1.1718,7.99,-0.22,1.69,6.47,0.0,0.0,-0.0,0.0,0.0,0.0,6.99,6.21,6.98,5.7
3396,56.6,7.0,64.776,-0.014,1.173,8.2,-0.42,1.65,6.445,0.0,0.0,-0.0,0.0,0.0,0.0,5.31,7.06,7.0,6.41
3397,56.6167,7.0,64.793,-0.014,1.1728,8.27,-0.21,1.68,6.475,0.0,0.0,-0.0,0.0,0.0,0.0,6.5,7.09,7.1,5.21
3398,56.6333,7.0,64.811,-0.014,1.1717,8.17,-0.02,1.59,6.756,0.0,0.0,-0.0,0.0,0.0,0.0,7.01,7.02,7.02,5.98
3399,56.65,7.0,64.828,-0.015,1.1738,8.32,-0.27,1.56,6.79,0.0,0.0,-0.0,0.0,0.0,0.0,6.14,6.99,7.0,7.04
3400,56.6667,7.0,64.844,-0.015,1.1724,8.42,-0.4,1.51,6.935,0.0,0.0,-0.0,0.0,0.0,0.0,6.99,6.99,7.0,6.75
3401,56.6833,7.0,64.861,-0.014,1.1729,8.31,-0.1,1.48,6.754,0.0,0.0,-0.0,0.0,0.0,0.0,6.7,6.92,7.04,6.36
3402,56.7,7.0,64.878,-0.012,1.1711,8.15,0.01,1.47,6.892,0.0,0.0,-0.0,0.0,0.0,0.0,6.99,7.0,7.0,6.57
3403,56.7167,7.0,64.895,-0.013,1.1728,8.26,-0.44,1.44,6.895,0.0,0.0,-0.0,0.0,0.0,0.0,6.36,6.93,6.94,7.35
3404,56.7333,7.0,64.911,-0.013,1.1712,8.53,-0.36,1.49,6.868,0.0,0.0,-0.0,0.0,0.0,0.0,7.02,6.42,7.01,7.02
3405,56.75,7.0,64.928,-0.012,1.1732,8.49,-0.02,1.46,6.709,0.0,0.0,-0.0,0.0,0.0,0.0,6.55,7.0,6.93,6.35
3406,56.7667,7.0,64.945,-0.012,1.1736,8.56,-0.12,1.53,7.116,0.0,0.0,-0.0,0.0,0.0,0.0,7.07,7.07,7.07,7.25
3407,56.7833,7.0,64.961,-0.011,1.1733,8.57,-0.08,1.5,6.392,0.0,0.0,-0.0,0.0,0.0,0.0,5.38,7.17,7.15,5.87
3408,56.8,7.0,64.978,-0.01,1.1727,8.47,0.08,1.49,6.873,0.0,0.0,-0.0,0.0,0.0,0.0,5.78,7.07,7.06,7.58
3409,56.8167,7.0,64.994,-0.01,1.1739,8.48,-0.11,1.49,7.142,0.0,0.0,-0.0,0.0,0.0,0.0,7.21,7.02,7.02,7.32
3410,56.8333,7.0,65.01,-0.009,1.1724,8.46,-0.27,1.45,6.97,0.0,0.0,-0.0,0.0,0.0,0.0,7.0,7.0,7.0,6.88
3411,56.85,7.0,65.026,-0.008,1.1728,8.29,-0.17,1.39,7.069,0.0,0.0,-0.0,0.0,0.0,0.0,7.8,6.79,6.88,6.8
3412,56.8667,7.0,65.042,-0.007,1.1749,8.15,-0.44,1.39,7.134,0.0,0.0,-0.0,0.0,0.0,0.0,6.99,6.99,6.99,7.57
3413,56.8833,7.0,65.057,-0.006,1.1751,8.14,-0.55,1.35,6.746,0.0,0.0,-0.0,0.0,0.0,0.0,7.02,5.93,7.02,7.02
3414,56.9,7.0,65.072,-0.006,1.1737,8.26,-0.52,1.37,6.65,0.0,0.0,-0.0,0.0,0.0,0.0,6.99,5.61,7.0,7.0
3415,56.9167,7.0,65.088,-0.006,1.1721,8.12,-0.16,1.25,6.576,0.0,0.0,-0.0,0.0,0.0,0.0,7.0,6.99,7.0,5.32
3416,56.9333,7.0,65.104,-0.006,1.174,8.17,-0.37,1.23,6.936,0.0,0.0,-0.0,0.0,0.0,0.0,7.12,7.01,7.01,6.61
3417,56.95,7.0,65.12,-0.006,1.173,8.27,-0.36,1.16,6.909,0.0,0.0,-0.0,0.0,0.0,0.0,6.97,6.65,7.01,7.01
3418,56.9667,7.0,65.136,-0.007,1.17,8.44,-0.26,1.15,6.71,0.0,0.0,-0.0,0.0,0.0,0.0,6.97,5.99,6.99,6.89
3419,56.9833,7.0,65.153,-0.007,1.1734,8.49,-0.04,1.13,6.712,0.0,0.0,-0.0,0.0,0.0,0.0,6.52,7.1,7.0,6.23
3420,57.0,7.0,65.169,-0.007,1.1737,8.51,-0.15,1.07,7.524,0.0,0.0,-0.0,0.0,0.0,0.0,9.32,6.93,6.94,6.91
3421,57.0167,7.0,65.186,-0.008,1.1724,8.53,-0.37,0.95,6.927,0.0,0.0,-0.0,0.0,0.0,0.0,6.93,6.94,6.93,6.91
3422,57.0333,7.0,65.202,-0.007,1.1721,8.22,-0.08,0.71,6.697,0.0,0.0,-0.0,0.0,0.0,0.0,7.11,7.0,7.0,5.68
3423,57.05,7.0,65.219,-0.007,1.1739,8.29,-0.23,0.74,6.532,0.0,0.0,-0.0,0.0,0.0,0.0,7.73,4.71,7.07,6.62
3424,57.0667,7.0,65.236,-0.009,1.1729,8.56,-0.05,0.8,6.698,0.0,0.0,-0.0,0.0,0.0,0.0,6.37,6.43,6.99,6.99
3425,57.0833,7.0,65.253,-0.011,1.1702,8.91,0.06,0.79,6.785,0.0,0.0,-0.0,0.0,0.0,0.0,6.98,6.12,7.0,7.04
3426,57.1,7.0,65.27,-0.011,1.1727,9.04,0.54,0.79,6.881,0.0,0.0,-0.0,0.0,0.0,0.0,7.48,7.03,7.11,5.9
3427,57.1167,7.0,65.288,-0.013,1.1717,9.15,0.67,0.76,6.914,0.0,0.0,-0.0,0.0,0.0,0.0,7.04,6.99,7.0,6.63
3428,57.1333,7.0,65.306,-0.014,1.1685,9.26,0.77,0.73,6.833,0.0,0.0,-0.0,0.0,0.0,0.0,6.9,6.9,6.89,6.64
3429,57.15,7.0,65.324,-0.013,1.1668,9.1,1.32,0.65,7.299,0.0,0.0,-0.0,0.0,0.0,0.0,7.12,7.01,7.01,8.06
3430,57.1667,7.0,65.343,-0.012,1.1631,8.99,1.69,0.59,6.761,0.0,0.0,-0.0,0.0,0.0,0.0,6.98,7.0,7.0,6.07
3431,57.1833,7.0,65.362,-0.011,1.1573,8.81,2.01,0.52,7.873,0.0,0.0,-0.0,0.0,0.0,0.0,6.74,9.31,6.74,8.7
3432,57.2,7.0,65.381,-0.011,1.1506,8.96,2.58,0.69,6.565,0.0,0.0,-0.0,0.0,0.0,0.0,6.97,5.32,6.98,6.99
3433,57.2167,7.0,65.401,-0.009,1.1463,8.68,3.53,0.65,8.248,0.0,0.0,-0.0,0.0,0.0,0.0,7.03,8.19,8.17,9.6
3434,57.2333,7.0,65.421,-0.006,1.1458,8.32,3.87,0.71,6.717,0.0,0.0,-0.0,0.0,0.0,0.0,6.95,6.27,6.73,6.92
3435,57.25,7.0,65.441,-0.004,1.1449,8.02,4.14,0.71,7.269,0.0,0.0,-0.0,0.0,0.0,0.0,7.93,7.2,7.01,6.93
3436,57.2667,7.0,65.46,-0.004,1.1452,8.15,3.79,0.65,7.569,0.0,0.0,-0.0,0.0,0.0,0.0,9.29,6.98,7.0,7.0
3437,57.2833,7.0,65.478,-0.004,1.1459,8.29,3.85,0.59,7.267,0.0,0.0,-0.0,0.0,0.0,0.0,6.92,7.87,7.33,6.96
3438,57.3,7.0,65.496,-0.005,1.1446,8.39,3.79,0.59,6.855,0.0,0.0,-0.0,0.0,0.0,0.0,7.0,6.43,7.0,7.0
3439,57.3167,7.0,65.513,-0.005,1.1456,8.43,3.65,0.57,6.919,0.0,0.0,-0.0,0.0,0.0,0.0,7.19,7.39,5.93,7.16
3440,57.3333,7.0,65.528,-0.006,1.1461,8.52,3.62,0.5,6.721,0.0,0.0,-0.0,0.0,0.0,0.0,7.0,6.88,6.02,6.99
3441,57.35,7.0,65.544,-0.007,1.1452,8.6,3.61,0.41,6.934,0.0,0.0,-0.0,0.0,0.0,0.0,7.02,6.72,6.99,7.0
3442,57.3667,7.0,65.561,-0.008,1.1421,8.78,3.55,0.4,7.153,0.0,0.0,-0.0,0.0,0.0,0.0,6.98,7.25,8.1,6.28
3443,57.3833,7.0,65.576,-0.006,1.1457,8.52,3.58,0.44,6.079,0.0,0.0,-0.0,0.0,0.0,0.0,6.99,6.45,5.45,5.43
3444,57.4,7.0,65.592,-0.007,1.1462,8.68,3.51,0.42,6.86,0.0,0.0,-0.0,0.0,0.0,0.0,6.98,7.2,6.88,6.38
3445,57.4167,7.0,65.608,-0.008,1.1445,8.81,3.45,0.4,6.775,0.0,0.0,-0.0,0.0,0.0,0.0,7.0,6.92,6.95,6.24
3446,57.4333,7.0,65.624,-0.007,1.1454,8.56,3.55,0.35,6.862,0.0,0.0,-0.0,0.0,0.0,0.0,7.01,6.66,7.0,6.79
3447,57.45,7.0,65.64,-0.006,1.1457,8.39,3.68,0.35,6.31,0.0,0.0,-0.0,0.0,0.0,0.0,7.1,5.6,5.48,7.06
3448,57.4667,7.0,65.657,-0.006,1.1454,8.32,3.9,0.44,6.421,0.0,0.0,-0.0,0.0,0.0,0.0,7.08,6.0,5.59,7.01
3449,57.4833,7.0,65.674,-0.005,1.1435,8.44,3.92,0.53,7.226,0.0,0.0,-0.0,0.0,0.0,0.0,6.75,8.19,6.99,6.98
3450,57.5,7.0,65.69,-0.006,1.1445,8.48,3.42,0.52,6.853,0.0,0.0,-0.0,0.0,0.0,0.0,6.94,7.55,5.97,6.94
3451,57.5167,7.0,65.706,-0.007,1.1456,8.73,3.46,0.44,6.975,0.0,0.0,-0.0,0.0,0.0,0.0,7.0,7.47,6.45,6.98
3452,57.5333,7.0,65.722,-0.009,1.1444,9.02,3.34,0.36,6.759,0.0,0.0,-0.0,0.0,0.0,0.0,7.07,7.07,5.83,7.06
3453,57.55,7.0,65.737,-0.009,1.1455,9.01,3.13,0.34,7.161,0.0,0.0,-0.0,0.0,0.0,0.0,7.0,6.89,7.91,6.85
3454,57.5667,7.0,65.753,-0.009,1.1447,8.91,3.13,0.3,6.743,0.0,0.0,-0.0,0.0,0.0,0.0,7.0,7.0,6.52,6.45
3455,57.5833,7.0,65.769,-0.009,1.1453,8.98,3.37,0.29,7.619,0.0,0.0,-0.0,0.0,0.0,0.0,6.9,7.05,9.35,7.18
3456,57.6,7.0,65.786,-0.009,1.1432,9.06,3.46,0.28,6.828,0.0,0.0,-0.0,0.0,0.0,0.0,7.0,6.34,6.98,7.0
3457,57.6167,7.0,65.802,-0.009,1.1426,8.95,3.48,0.32,7.037,0.0,0.0,-0.0,0.0,0.0,0.0,7.0,6.55,6.74,7.87
3458,57.6333,7.0,65.819,-0.01,1.1416,9.19,3.67,0.34,6.845,0.0,0.0,-0.0,0.0,0.0,0.0,7.02,7.06,6.29,7.01
3459,57.65,7.0,65.836,-0.011,1.1388,9.43,3.78,0.36,6.922,0.0,0.0,-0.0,0.0,0.0,0.0,7.09,6.46,7.05,7.08
3460,57.6667,7.0,65.853,-0.012,1.1364,9.34,4.43,0.18,6.595,0.0,0.0,-0.0,0.0,0.0,0.0,6.99,7.0,7.0,5.38
3461,57.6833,7.0,65.871,-0.013,1.1318,9.19,4.9,0.02,5.969,0.0,0.0,-0.0,0.0,0.0,0.0,6.94,4.98,6.95,5.01
3462,57.7,7.0,65.889,-0.014,1.1264,9.27,5.53,0.04,6.637,0.0,0.0,-0.0,0.0,0.0,0.0,7.0,5.57,7.01,6.96
3463,57.7167,7.0,65.908,-0.015,1.119,9.47,6.09,0.04,6.782,0.0,0.0,-0.0,0.0,0.0,0.0,6.98,6.21,6.98,6.96
3464,57.7333,7.0,65.928,-0.015,1.1128,9.22,7.27,-0.2,6.604,0.0,0.0,-0.0,0.0,0.0,0.0,6.97,6.93,6.97,5.55
3465,57.75,7.0,65.948,-0.015,1.1104,9.11,7.58,-0.2,7.155,0.0,0.0,-0.0,0.0,0.0,0.0,6.8,5.13,9.76,6.93
3466,57.7667,7.0,65.966,-0.013,1.1114,8.83,7.55,-0.16,6.388,0.0,0.0,-0.0,0.0,0.0,0.0,7.05,7.42,4.05,7.03
3467,57.7833,7.0,65.983,-0.013,1.1124,8.54,7.84,-0.31,6.931,0.0,0.0,-0.0,0.0,0.0,0.0,6.98,6.71,7.03,7.01
3468,57.8,7.0,66.001,-0.013,1.1112,8.3,8.11,-0.42,6.937,0.0,0.0,-0.0,0.0,0.0,0.0,7.04,6.67,7.02,7.01
3469,57.8167,7.0,66.018,-0.014,1.1077,8.14,8.35,-0.53,6.916,0.0,0.0,-0.0,0.0,0.0,0.0,7.01,6.65,7.0,7.0
3470,57.8333,7.0,66.034,-0.013,1.1113,7.97,8.31,-0.49,6.35,0.0,0.0,-0.0,0.0,0.0,0.0,6.98,6.2,5.22,7.0
3471,57.85,7.0,66.051,-0.013,1.1113,7.89,8.48,-0.43,6.876,0.0,0.0,-0.0,0.0,0.0,0.0,7.01,6.47,7.01,7.01
3472,57.8667,7.0,66.068,-0.013,1.1104,7.84,8.47,-0.38,7.642,0.0,0.0,-0.0,0.0,0.0,0.0,6.89,8.83,7.86,6.98
3473,57.8833,7.0,66.085,-0.013,1.1106,7.6,8.24,-0.42,7.05,0.0,0.0,-0.0,0.0,0.0,0.0,6.99,7.2,7.01,7.0
3474,57.9,7.0,66.101,-0.013,1.1106,7.77,8.49,-0.3,6.368,0.0,0.0,-0.0,0.0,0.0,0.0,6.77,5.15,6.44,7.11
3475,57.9167,7.0,66.117,-0.014,1.1098,7.81,8.73,-0.27,6.676,0.0,0.0,-0.0,0.0,0.0,0.0,7.02,6.08,6.62,6.97
3476,57.9333,7.0,66.134,-0.014,1.1108,7.77,8.52,-0.23,6.809,0.0,0.0,-0.0,0.0,0.0,0.0,7.0,6.47,6.78,7.0
3477,57.95,7.0,66.15,-0.014,1.11,7.78,8.27,-0.17,6.931,0.0,0.0,-0.0,0.0,0.0,0.0,6.99,6.74,7.0,7.0
3478,57.9667,7.0,66.166,-0.015,1.1099,7.93,8.41,-0.18,6.749,0.0,0.0,-0.0,0.0,0.0,0.0,7.18,7.28,5.71,6.82
3479,57.9833,7.0,66.183,-0.016,1.1076,8.1,8.42,-0.23,6.692,0.0,0.0,-0.0,0.0,0.0,0.0,6.97,6.4,6.42,6.98
3480,58.0,7.0,66.198,-0.016,1.1092,8.01,7.94,-0.18,6.728,0.0,0.0,-0.0,0.0,0.0,0.0,6.94,7.16,5.94,6.88
3481,58.0167,7.0,66.214,-0.016,1.1063,7.93,7.7,-0.28,7.168,0.0,0.0,-0.0,0.0,0.0,0.0,6.9,7.83,6.96,6.97
3482,58.0333,7.0,66.229,-0.016,1.1011,8.0,7.42,-0.39,7.59,0.0,0.0,-0.0,0.0,0.0,0.0,7.05,7.04,9.29,6.99
3483,58.05,7.0,66.244,-0.015,1.0982,7.77,6.6,-0.45,7.042,0.0,0.0,-0.0,0.0,0.0,0.0,6.91,6.68,7.7,6.87
3484,58.0667,7.0,66.257,-0.013,1.0915,7.55,5.91,-0.55,7.371,0.0,0.0,-0.0,0.0,0.0,0.0,6.91,6.9,8.72,6.96
3485,58.0833,7.0,66.271,-0.011,1.0829,7.3,5.23,-0.65,7.588,0.0,0.0,-0.0,0.0,0.0,0.0,6.95,6.93,9.48,6.99
3486,58.1,7.0,66.284,-0.011,1.0799,7.29,5.29,-0.61,5.979,0.0,0.0,-0.0,0.0,0.0,0.0,6.94,5.17,4.8,7.0
3487,58.1167,7.0,66.298,-0.011,1.0817,7.26,4.95,-0.58,6.54,0.0,0.0,-0.0,0.0,0.0,0.0,6.94,5.88,6.41,6.93
3488,58.1333,7.0,66.313,-0.012,1.0792,7.34,4.82,-0.62,6.51,0.0,0.0,-0.0,0.0,0.0,0.0,7.06,6.31,5.66,7.01
3489,58.15,7.0,66.329,-0.014,1.0797,7.67,5.01,-0.63,6.646,0.0,0.0,-0.0,0.0,0.0,0.0,6.99,6.07,6.51,7.0
3490,58.1667,7.0,66.345,-0.017,1.0773,8.0,5.09,-0.55,6.735,0.0,0.0,-0.0,0.0,0.0,0.0,7.0,5.94,7.0,7.0
3491,58.1833,7.0,66.362,-0.019,1.0739,8.19,5.4,-0.59,6.226,0.0,0.0,-0.0,0.0,0.0,0.0,6.99,6.97,5.8,5.15
3492,58.2,7.0,66.379,-0.02,1.0699,8.22,5.84,-0.65,6.041,0.0,0.0,-0.0,0.0,0.0,0.0,6.99,5.2,7.07,4.9
3493,58.2167,7.0,66.397,-0.022,1.0648,8.36,6.31,-0.58,7.068,0.0,0.0,-0.0,0.0,0.0,0.0,7.01,6.52,7.05,7.7
3494,58.2333,7.0,66.415,-0.023,1.0593,8.27,7.14,-0.67,6.533,0.0,0.0,-0.0,0.0,0.0,0.0,7.0,6.97,7.0,5.16
3495,58.25,7.0,66.434,-0.023,1.053,8.22,7.97,-0.7,6.631,0.0,0.0,-0.0,0.0,0.0,0.0,6.91,6.29,6.92,6.4
3496,58.2667,7.0,66.454,-0.024,1.0456,8.29,8.76,-0.63,6.413,0.0,0.0,-0.0,0.0,0.0,0.0,6.93,6.2,6.95,5.58
3497,58.2833,7.0,66.474,-0.022,1.0453,8.02,8.68,-0.6,7.515,0.0,0.0,-0.0,0.0,0.0,0.0,6.93,7.8,8.41,6.92
3498,58.3,7.0,66.492,-0.022,1.0452,7.93,9.07,-0.55,6.849,0.0,0.0,-0.0,0.0,0.0,0.0,7.13,6.81,6.52,6.92
3499,58.3167,7.0,66.511,-0.022,1.0433,7.87,9.4,-0.5,6.964,0.0,0.0,-0.0,0.0,0.0,0.0,7.0,6.85,7.0,7.0
3500,58.3333,7.0,66.528,-0.02,1.0456,7.57,9.16,-0.41,6.35,0.0,0.0,-0.0,0.0,0.0,0.0,7.0,6.82,4.59,6.99
3501,58.35,7.0,66.545,-0.019,1.0433,7.37,9.13,-0.4,6.974,0.0,0.0,-0.0,0.0,0.0,0.0,7.01,6.9,6.99,7.0
3502,58.3667,7.0,66.562,-0.019,1.0448,7.38,9.54,-0.38,6.781,0.0,0.0,-0.0,0.0,0.0,0.0,7.02,6.21,6.89,7.01
3503,58.3833,7.0,66.579,-0.019,1.0463,7.3,9.48,-0.26,6.92,0.0,0.0,-0.0,0.0,0.0,0.0,7.0,6.68,7.0,7.0
3504,58.4,7.0,66.596,-0.018,1.0455,7.28,9.43,-0.09,6.956,0.0,0.0,-0.0,0.0,0.0,0.0,6.99,6.83,7.0,7.0
3505,58.4167,7.0,66.613,-0.018,1.0425,7.34,9.35,-0.02,7.166,0.0,0.0,-0.0,0.0,0.0,0.0,7.07,7.44,7.13,7.02
3506,58.4333,7.0,66.63,-0.019,1.0457,7.4,9.41,-0.02,6.749,0.0,0.0,-0.0,0.0,0.0,0.0,7.0,6.44,6.54,7.01
3507,58.45,7.0,66.646,-0.019,1.0457,7.46,9.28,0.06,6.94,0.0,0.0,-0.0,0.0,0.0,0.0,6.97,6.85,6.99,6.95
3508,58.4667,7.0,66.663,-0.02,1.0435,7.52,9.16,0.16,6.995,0.0,0.0,-0.0,0.0,0.0,0.0,7.0,6.98,7.0,7.0
3509,58.4833,7.0,66.68,-0.022,1.042,7.75,9.25,0.14,7.064,0.0,0.0,-0.0,0.0,0.0,0.0,6.99,7.53,6.77,6.97
3510,58.5,7.0,66.696,-0.021,1.0438,7.72,8.75,0.16,6.725,0.0,0.0,-0.0,0.0,0.0,0.0,7.01,6.33,6.55,7.01
3511,58.5167,7.0,66.712,-0.022,1.0418,7.8,8.39,0.17,8.02,0.0,0.0,-0.0,0.0,0.0,0.0,6.9,11.24,6.97,6.97
3512,58.5333,7.0,66.727,-0.022,1.0381,7.82,8.25,0.14,7.006,0.0,0.0,-0.0,0.0,0.0,0.0,7.03,7.03,6.9,7.05
3513,58.55,7.0,66.742,-0.02,1.0352,7.58,7.6,0.15,7.43,0.0,0.0,-0.0,0.0,0.0,0.0,6.94,6.95,8.84,6.99
3514,58.5667,7.0,66.757,-0.019,1.0294,7.36,7.07,0.04,6.991,0.0,0.0,-0.0,0.0,0.0,0.0,6.98,6.97,7.02,7.0
3515,58.5833,7.0,66.771,-0.018,1.0216,7.17,6.44,-0.03,7.403,0.0,0.0,-0.0,0.0,0.0,0.0,6.98,6.96,8.68,6.99
3516,58.6,7.0,66.785,-0.015,1.0118,6.99,5.81,-0.14,7.294,0.0,0.0,-0.0,0.0,0.0,0.0,6.97,6.95,8.29,6.97
3517,58.6167,7.0,66.798,-0.012,1.0035,6.43,4.56,-0.15,7.608,0.0,0.0,-0.0,0.0,0.0,0.0,7.01,6.99,9.41,7.02
3518,58.6333,7.0,66.812,-0.012,1.005,6.51,5.0,-0.19,6.462,0.0,0.0,-0.0,0.0,0.0,0.0,6.93,6.12,5.74,7.06
3519,58.65,7.0,66.827,-0.013,1.0031,6.61,5.09,-0.15,6.264,0.0,0.0,-0.0,0.0,0.0,0.0,6.95,6.2,4.91,6.99
3520,58.6667,7.0,66.843,-0.015,1.0013,6.84,5.31,-0.15,6.819,0.0,0.0,-0.0,0.0,0.0,0.0,7.03,6.08,7.13,7.03
3521,58.6833,7.0,66.859,-0.016,0.9976,7.11,5.46,-0.1,7.418,0.0,0.0,-0.0,0.0,0.0,0.0,7.03,11.15,7.01,4.49
3522,58.7,7.0,66.876,-0.017,0.9944,6.93,6.13,-0.27,6.57,0.0,0.0,-0.0,0.0,0.0,0.0,6.99,6.98,6.99,5.31
3523,58.7167,7.0,66.893,-0.017,0.9896,6.86,6.76,-0.35,6.786,0.0,0.0,-0.0,0.0,0.0,0.0,6.99,5.54,7.01,7.61
3524,58.7333,7.0,66.911,-0.018,0.9834,6.95,7.39,-0.34,5.905,0.0,0.0,-0.0,0.0,0.0,0.0,6.99,5.74,6.98,3.91
3525,58.75,7.0,66.93,-0.018,0.9795,6.96,7.53,-0.34,7.258,0.0,0.0,-0.0,0.0,0.0,0.0,6.94,8.01,7.26,6.83
3526,58.7667,7.0,66.948,-0.017,0.9816,6.71,7.83,-0.35,6.957,0.0,0.0,-0.0,0.0,0.0,0.0,7.18,6.4,7.07,7.16
3527,58.7833,7.0,66.966,-0.017,0.9821,6.65,7.84,-0.23,7.011,0.0,0.0,-0.0,0.0,0.0,0.0,7.0,7.05,7.0,7.0
3528,58.8,7.0,66.984,-0.018,0.9802,6.64,7.84,-0.13,7.787,0.0,0.0,-0.0,0.0,0.0,0.0,7.11,7.49,9.48,7.06
3529,58.8167,7.0,67.002,-0.018,0.9771,6.49,7.92,-0.27,6.825,0.0,0.0,-0.0,0.0,0.0,0.0,7.18,7.2,7.13,5.79
3530,58.8333,7.0,67.019,-0.017,0.9812,6.34,8.11,-0.24,6.529,0.0,0.0,-0.0,0.0,0.0,0.0,6.96,6.17,6.0,6.99
3531,58.85,7.0,67.037,-0.017,0.9814,6.23,8.25,-0.15,7.052,0.0,0.0,-0.0,0.0,0.0,0.0,7.0,7.26,6.92,7.04
3532,58.8667,7.0,67.054,-0.017,0.9797,6.08,8.36,-0.17,7.042,0.0,0.0,-0.0,0.0,0.0,0.0,6.98,7.13,7.03,7.03
3533,58.8833,7.0,67.071,-0.016,0.979,5.88,8.15,-0.15,7.066,0.0,0.0,-0.0,0.0,0.0,0.0,7.0,7.26,7.02,7.0
3534,58.9,7.0,67.088,-0.016,0.981,5.83,8.47,-0.16,7.138,0.0,0.0,-0.0,0.0,0.0,0.0,7.43,7.81,7.28,6.04
3535,58.9167,7.0,67.105,-0.015,0.9793,5.79,8.61,-0.12,7.369,0.0,0.0,-0.0,0.0,0.0,0.0,7.08,8.35,7.01,7.04
3536,58.9333,7.0,67.122,-0.016,0.9779,5.91,8.64,-0.12,6.71,0.0,0.0,-0.0,0.0,0.0,0.0,6.23,7.2,6.36,7.05
3537,58.95,7.0,67.137,-0.018,0.9814,6.08,8.31,-0.1,6.591,0.0,0.0,-0.0,0.0,0.0,0.0,6.95,6.53,5.97,6.92
3538,58.9667,7.0,67.153,-0.02,0.9812,6.28,8.21,-0.15,6.815,0.0,0.0,-0.0,0.0,0.0,0.0,7.02,6.46,6.77,7.02
3539,58.9833,7.0,67.168,-0.022,0.9791,6.59,8.02,-0.16,6.86,0.0,0.0,-0.0,0.0,0.0,0.0,6.95,6.86,6.66,6.98
3540,59.0,7.0,67.183,-0.023,0.9799,6.56,7.65,-0.16,6.696,0.0,0.0,-0.0,0.0,0.0,0.0,7.03,6.87,6.97,5.92
3541,59.0167,7.0,67.198,-0.023,0.9787,6.56,7.53,-0.17,6.79,0.0,0.0,-0.0,0.0,0.0,0.0,6.9,6.14,7.09,7.04
3542,59.0333,7.0,67.213,-0.023,0.9755,6.54,7.38,-0.19,6.707,0.0,0.0,-0.0,0.0,0.0,0.0,6.99,6.99,6.96,5.88
3543,59.05,7.0,67.229,-0.022,0.9708,6.43,7.35,-0.23,6.859,0.0,0.0,-0.0,0.0,0.0,0.0,6.98,6.98,6.97,6.51
3544,59.0667,7.0,67.243,-0.019,0.9689,6.01,6.61,-0.22,6.911,0.0,0.0,-0.0,0.0,0.0,0.0,6.95,7.12,6.48,7.09
3545,59.0833,7.0,67.257,-0.016,0.9634,5.74,6.18,-0.25,6.98,0.0,0.0,-0.0,0.0,0.0,0.0,7.0,6.98,6.94,7.01
3546,59.1,7.0,67.271,-0.015,0.9567,5.61,5.42,-0.37,7.447,0.0,0.0,-0.0,0.0,0.0,0.0,8.84,6.97,6.99,7.0
3547,59.1167,7.0,67.283,-0.013,0.95,5.55,4.44,-0.51,7.363,0.0,0.0,-0.0,0.0,0.0,0.0,6.89,6.96,8.64,6.96
3548,59.1333,7.0,67.295,-0.012,0.9416,5.4,3.51,-0.63,7.198,0.0,0.0,-0.0,0.0,0.0,0.0,6.81,6.88,8.15,6.95
3549,59.15,7.0,67.308,-0.013,0.9398,5.51,3.44,-0.63,6.237,0.0,0.0,-0.0,0.0,0.0,0.0,6.9,5.47,5.42,7.17
3550,59.1667,7.0,67.322,-0.014,0.9381,5.6,3.54,-0.61,1.902,0.0,0.0,-0.0,0.0,0.0,0.0,7.4,4.63,-10.65,6.23
3551,59.1833,7.0,67.336,-0.013,0.942,5.49,3.33,-0.63,6.861,0.0,0.0,-0.0,0.0,0.0,0.0,7.02,6.42,6.99,7.02
3552,59.2,7.0,67.35,-0.014,0.9441,5.42,3.12,-0.63,6.702,0.0,0.0,-0.0,0.0,0.0,0.0,6.98,5.83,6.99,6.99
3553,59.2167,7.0,67.365,-0.014,0.9444,5.43,2.86,-0.63,7.157,0.0,0.0,-0.0,0.0,0.0,0.0,7.09,6.71,7.79,7.04
3554,59.2333,7.0,67.379,-0.014,0.9442,5.34,2.59,-0.69,6.873,0.0,0.0,-0.0,0.0,0.0,0.0,7.07,7.14,7.07,6.21
3555,59.25,7.0,67.394,-0.016,0.9461,5.49,2.81,-0.68,7.779,0.0,0.0,-0.0,0.0,0.0,0.0,6.9,5.84,11.39,6.99
3556,59.2667,7.0,67.41,-0.017,0.9454,5.64,2.8,-0.61,6.75,0.0,0.0,-0.0,0.0,0.0,0.0,7.02,6.43,6.54,7.0
3557,59.2833,7.0,67.425,-0.017,0.9451,5.62,2.68,-0.61,6.537,0.0,0.0,-0.0,0.0,0.0,0.0,6.95,6.92,6.92,5.36
3558,59.3,7.0,67.441,-0.016,0.9444,5.39,2.56,-0.61,6.835,0.0,0.0,-0.0,0.0,0.0,0.0,6.99,7.02,6.99,6.35
3559,59.3167,7.0,67.456,-0.016,0.9457,5.41,2.88,-0.6,6.578,0.0,0.0,-0.0,0.0,0.0,0.0,7.01,5.91,6.42,6.98
3560,59.3333,7.0,67.473,-0.017,0.9449,5.46,3.02,-0.52,6.071,0.0,0.0,-0.0,0.0,0.0,0.0,7.04,6.14,4.07,7.03
3561,59.35,7.0,67.489,-0.017,0.9457,5.42,2.78,-0.45,6.84,0.0,0.0,-0.0,0.0,0.0,0.0,7.0,6.65,6.69,7.0
3562,59.3667,7.0,67.505,-0.017,0.9456,5.47,2.72,-0.42,6.611,0.0,0.0,-0.0,0.0,0.0,0.0,6.99,6.02,6.46,6.98
3563,59.3833,7.0,67.521,-0.019,0.9453,5.53,2.87,-0.52,6.837,0.0,0.0,-0.0,0.0,0.0,0.0,7.01,6.32,7.0,7.01
3564,59.4,7.0,67.536,-0.02,0.9428,5.63,2.99,-0.57,7.867,0.0,0.0,-0.0,0.0,0.0,0.0,7.04,12.63,6.95,4.85
3565,59.4167,7.0,67.552,-0.019,0.9446,5.42,2.6,-0.5,6.548,0.0,0.0,-0.0,0.0,0.0,0.0,7.0,6.19,6.05,6.95
3566,59.4333,7.0,67.567,-0.02,0.9456,5.52,2.82,-0.53,8.373,0.0,0.0,-0.0,0.0,0.0,0.0,6.83,6.24,13.18,7.24
3567,59.45,7.0,67.583,-0.021,0.9458,5.63,2.79,-0.42,6.803,0.0,0.0,-0.0,0.0,0.0,0.0,6.95,6.56,6.76,6.95
3568,59.4667,7.0,67.599,-0.022,0.9466,5.6,2.57,-0.47,6.982,0.0,0.0,-0.0,0.0,0.0,0.0,7.01,6.92,7.0,7.0
3569,59.4833,7.0,67.614,-0.023,0.9456,5.74,2.53,-0.47,6.85,0.0,0.0,-0.0,0.0,0.0,0.0,7.19,6.04,6.9,7.27
3570,59.5,7.0,67.63,-0.024,0.945,6.02,2.56,-0.5,6.813,0.0,0.0,-0.0,0.0,0.0,0.0,6.98,7.14,6.1,7.03
3571,59.5167,7.0,67.647,-0.026,0.945,5.95,2.93,-0.64,6.92,0.0,0.0,-0.0,0.0,0.0,0.0,7.02,7.01,7.03,6.61
3572,59.5333,7.0,67.663,-0.024,0.946,5.72,2.57,-0.62,7.357,0.0,0.0,-0.0,0.0,0.0,0.0,6.89,6.89,6.5,9.15
3573,59.55,7.0,67.679,-0.024,0.9429,5.52,2.53,-0.72,6.689,0.0,0.0,-0.0,0.0,0.0,0.0,6.99,6.99,7.0,5.79
3574,59.5667,7.0,67.695,-0.023,0.941,5.32,2.3,-0.7,6.654,0.0,0.0,-0.0,0.0,0.0,0.0,6.98,7.16,5.87,6.61
3575,59.5833,7.0,67.71,-0.022,0.9381,5.02,2.02,-0.78,4.742,0.0,0.0,-0.0,0.0,0.0,0.0,7.21,-2.27,7.02,7.01
3576,59.6,7.0,67.726,-0.02,0.9326,4.74,1.73,-0.86,3.801,0.0,0.0,-0.0,0.0,0.0,0.0,7.24,-6.05,7.02,7.0
3577,59.6167,7.0,67.741,-0.019,0.9249,4.52,1.33,-0.83,2.794,0.0,0.0,-0.0,0.0,0.0,0.0,7.03,-10.69,7.9,6.94
3578,59.6333,7.0,67.755,-0.016,0.919,4.01,0.47,-0.77,-1.167,0.0,0.0,-0.0,0.0,0.0,0.0,6.77,-25.89,7.54,6.91
3579,59.65,7.0,67.766,-0.014,0.9211,3.64,0.61,-0.76,5.555,0.0,0.0,-0.0,0.0,0.0,0.0,7.13,2.94,5.04,7.12
3580,59.6667,7.0,67.775,-0.012,0.9256,3.18,0.46,-0.79,6.571,0.0,0.0,-0.0,0.0,0.0,0.0,6.97,4.35,7.81,7.16
3581,59.6833,7.0,67.786,-0.01,0.9294,2.84,0.3,-0.83,6.42,0.0,0.0,-0.0,0.0,0.0,0.0,7.03,4.6,7.03,7.02
3582,59.7,7.0,67.797,-0.009,0.9324,2.58,0.05,-0.86,6.638,0.0,0.0,-0.0,0.0,0.0,0.0,6.98,5.86,6.76,6.95
3583,59.7167,7.0,67.809,-0.008,0.9354,2.35,-0.39,-0.84,6.78,0.0,0.0,-0.0,0.0,0.0,0.0,6.94,6.2,7.01,6.97
3584,59.7333,7.0,67.821,-0.008,0.9376,2.31,-0.56,-0.75,6.476,0.0,0.0,-0.0,0.0,0.0,0.0,6.99,4.89,7.0,7.02
3585,59.75,7.0,67.834,-0.008,0.9394,2.38,-0.66,-0.71,10.679,0.0,0.0,-0.0,0.0,0.0,0.0,6.75,6.82,22.41,6.73
3586,59.7667,7.0,67.848,-0.009,0.9405,2.54,-0.89,-0.64,6.928,0.0,0.0,-0.0,0.0,0.0,0.0,6.95,6.26,7.49,7.02
3587,59.7833,7.0,67.862,-0.01,0.9402,2.71,-1.17,-0.6,7.278,0.0,0.0,-0.0,0.0,0.0,0.0,7.03,7.24,7.82,7.03
3588,59.8,7.0,67.876,-0.012,0.9386,2.93,-1.48,-0.59,7.396,0.0,0.0,-0.0,0.0,0.0,0.0,6.88,9.28,6.46,6.96
3589,59.8167,7.0,67.889,-0.013,0.9415,3.13,-1.6,-0.56,7.574,0.0,0.0,-0.0,0.0,0.0,0.0,6.83,5.36,11.05,7.06
3590,59.8333,7.0,67.902,-0.015,0.9423,3.41,-1.77,-0.54,6.639,0.0,0.0,-0.0,0.0,0.0,0.0,7.02,5.49,7.02,7.02
3591,59.85,7.0,67.916,-0.017,0.9413,3.74,-1.94,-0.53,5.101,0.0,0.0,-0.0,0.0,0.0,0.0,7.13,6.33,-0.18,7.12
3592,59.8667,7.0,67.931,-0.019,0.9408,4.04,-2.33,-0.51,7.509,0.0,0.0,-0.0,0.0,0.0,0.0,6.96,8.07,8.02,6.99
3593,59.8833,7.0,67.944,-0.022,0.942,4.33,-2.58,-0.54,6.122,0.0,0.0,-0.0,0.0,0.0,0.0,7.03,5.08,5.36,7.01
3594,59.9,7.0,67.958,-0.025,0.9422,4.66,-2.79,-0.56,6.398,0.0,0.0,-0.0,0.0,0.0,0.0,7.05,6.04,5.49,7.01
3595,59.9167,7.0,67.973,-0.027,0.9409,5.07,-3.08,-0.5,6.45,0.0,0.0,-0.0,0.0,0.0,0.0,7.02,5.85,5.9,7.03
3596,59.9333,7.0,67.987,-0.029,0.9412,5.28,-3.44,-0.48,6.579,0.0,0.0,-0.0,0.0,0.0,0.0,7.0,7.02,6.48,5.81
3597,59.95,7.0,68.0,-0.031,0.9425,5.51,-3.52,-0.45,6.683,0.0,0.0,-0.0,0.0,0.0,0.0,7.07,6.23,6.43,7.0
3598,59.9667,7.0,68.014,-0.033,0.9424,5.79,-3.64,-0.47,6.953,0.0,0.0,-0.0,0.0,0.0,0.0,7.09,6.6,7.07,7.05
3599,59.9833,7.0,68.029,-0.034,0.9428,5.73,-3.38,-0.64,6.076,0.0,0.0,-0.0,0.0,0.0,0.0,7.02,7.02,3.76,6.51
