f,t,cmd_vel,x,y,z,roll,pitch,yaw,wheel_mean,e,edot_f,tau_pd_raw,tau,qL,qR,wvFL,wvRL,wvFR,wvRR
0,0.0,0.5,19.967,-0.0,0.4468,0.06,-1.15,-0.0,-0.033,0.0,0.0,-0.0,0.0,0.0,0.0,-0.03,-0.03,-0.04,-0.02
1,0.0167,0.514,19.968,-0.001,0.4468,0.07,-1.15,-0.0,0.208,0.0,0.0,-0.0,0.0,0.0,0.0,0.15,0.24,0.33,0.11
2,0.0333,0.528,19.968,-0.001,0.4468,0.09,-1.16,-0.0,0.276,0.0,0.0,-0.0,0.0,0.0,0.0,0.29,0.31,0.21,0.29
3,0.05,0.542,19.969,-0.001,0.447,0.09,-1.15,-0.0,0.399,0.0,0.0,-0.0,0.0,0.0,0.0,0.44,0.41,0.4,0.35
4,0.0667,0.556,19.97,-0.001,0.4471,0.09,-1.15,-0.0,0.489,0.0,0.0,-0.0,0.0,0.0,0.0,0.38,0.5,0.44,0.63
5,0.0833,0.569,19.971,-0.001,0.4473,0.09,-1.15,-0.0,0.454,0.0,0.0,-0.0,0.0,0.0,0.0,0.46,0.46,0.5,0.4
6,0.1,0.583,19.972,-0.001,0.4474,0.08,-1.15,-0.0,0.487,0.0,0.0,-0.0,0.0,0.0,0.0,0.46,0.51,0.53,0.45
7,0.1167,0.597,19.973,-0.001,0.4476,0.08,-1.15,-0.0,0.48,0.0,0.0,-0.0,0.0,0.0,0.0,0.49,0.45,0.51,0.46
8,0.1333,0.611,19.974,-0.001,0.4477,0.08,-1.15,-0.0,0.494,0.0,0.0,-0.0,0.0,0.0,0.0,0.5,0.49,0.49,0.5
9,0.15,0.625,19.975,-0.001,0.4478,0.08,-1.15,-0.0,0.563,0.0,0.0,-0.0,0.0,0.0,0.0,0.5,0.51,0.74,0.51
10,0.1667,0.639,19.976,-0.001,0.448,0.08,-1.15,-0.0,0.573,0.0,0.0,-0.0,0.0,0.0,0.0,0.64,0.51,0.62,0.53
11,0.1833,0.653,19.977,-0.001,0.4481,0.08,-1.15,-0.0,0.56,0.0,0.0,-0.0,0.0,0.0,0.0,0.52,0.46,0.71,0.55
12,0.2,0.667,19.978,-0.001,0.4483,0.07,-1.15,-0.0,0.593,0.0,0.0,-0.0,0.0,0.0,0.0,0.62,0.57,0.6,0.58
13,0.2167,0.681,19.98,-0.0,0.4484,0.07,-1.15,-0.0,0.641,0.0,0.0,-0.0,0.0,0.0,0.0,0.69,0.54,0.73,0.61
14,0.2333,0.694,19.981,-0.0,0.4485,0.07,-1.15,-0.0,0.584,0.0,0.0,-0.0,0.0,0.0,0.0,0.59,0.57,0.6,0.57
15,0.25,0.708,19.982,-0.0,0.4486,0.06,-1.15,-0.0,0.682,0.0,0.0,-0.0,0.0,0.0,0.0,0.6,0.91,0.6,0.61
16,0.2667,0.722,19.984,-0.0,0.4487,0.06,-1.15,-0.0,0.648,0.0,0.0,-0.0,0.0,0.0,0.0,0.65,0.63,0.67,0.65
17,0.2833,0.736,19.985,-0.0,0.4488,0.06,-1.15,-0.0,0.646,0.0,0.0,-0.0,0.0,0.0,0.0,0.66,0.64,0.63,0.66
18,0.3,0.75,19.987,-0.0,0.4489,0.05,-1.15,-0.0,0.713,0.0,0.0,-0.0,0.0,0.0,0.0,0.64,0.89,0.66,0.65
19,0.3167,0.764,19.988,-0.0,0.449,0.05,-1.15,-0.0,0.757,0.0,0.0,-0.0,0.0,0.0,0.0,0.69,0.94,0.74,0.67
20,0.3333,0.778,19.99,-0.0,0.449,0.05,-1.15,-0.0,0.775,0.0,0.0,-0.0,0.0,0.0,0.0,0.69,0.92,0.77,0.73
21,0.35,0.792,19.992,-0.0,0.4491,0.04,-1.15,-0.0,0.61,0.0,0.0,-0.0,0.0,0.0,0.0,0.76,0.75,0.75,0.18
22,0.3667,0.806,19.993,-0.0,0.4491,0.04,-1.15,-0.0,0.742,0.0,0.0,-0.0,0.0,0.0,0.0,0.72,0.7,0.79,0.76
23,0.3833,0.819,19.995,-0.0,0.4491,0.04,-1.15,-0.0,0.695,0.0,0.0,-0.0,0.0,0.0,0.0,0.8,0.39,0.79,0.8
24,0.4,0.833,19.997,-0.0,0.449,0.03,-1.15,-0.0,0.798,0.0,0.0,-0.0,0.0,0.0,0.0,0.8,0.79,0.81,0.79
25,0.4167,0.847,19.999,-0.0,0.449,0.03,-1.15,-0.0,0.647,0.0,0.0,-0.0,0.0,0.0,0.0,0.78,0.18,0.82,0.81
26,0.4333,0.861,20.001,-0.0,0.449,0.03,-1.15,-0.0,0.718,0.0,0.0,-0.0,0.0,0.0,0.0,0.68,0.51,0.85,0.82
27,0.45,0.875,20.003,-0.0,0.4489,0.04,-1.15,-0.0,0.802,0.0,0.0,-0.0,0.0,0.0,0.0,0.83,0.73,0.83,0.82
28,0.4667,0.889,20.005,-0.0,0.4488,0.04,-1.16,-0.0,0.856,0.0,0.0,-0.0,0.0,0.0,0.0,0.88,0.82,0.86,0.86
29,0.4833,0.903,20.007,-0.0,0.4488,0.04,-1.14,-0.0,0.904,0.0,0.0,-0.0,0.0,0.0,0.0,0.97,0.98,0.83,0.83
30,0.5,0.917,20.009,-0.0,0.4488,0.02,-1.14,-0.0,0.858,0.0,0.0,-0.0,0.0,0.0,0.0,0.87,0.87,0.83,0.86
31,0.5167,0.931,20.011,0.0,0.4488,-0.0,-1.14,-0.0,0.863,0.0,0.0,-0.0,0.0,0.0,0.0,0.85,0.85,0.88,0.87
32,0.5333,0.944,20.013,0.0,0.4487,-0.03,-1.14,-0.0,0.919,0.0,0.0,-0.0,0.0,0.0,0.0,0.88,0.89,1.0,0.91
33,0.55,0.958,20.016,0.0,0.4486,-0.05,-1.13,-0.0,0.933,0.0,0.0,-0.0,0.0,0.0,0.0,0.9,1.0,0.91,0.91
34,0.5667,0.972,20.018,0.001,0.4485,-0.07,-1.13,-0.0,0.909,0.0,0.0,-0.0,0.0,0.0,0.0,0.98,0.94,0.78,0.93
35,0.5833,0.986,20.02,0.001,0.4483,-0.09,-1.13,-0.0,0.987,0.0,0.0,-0.0,0.0,0.0,0.0,1.0,1.01,0.95,0.98
36,0.6,1.0,20.023,0.001,0.4481,-0.12,-1.13,-0.0,1.01,0.0,0.0,-0.0,0.0,0.0,0.0,1.04,0.99,1.0,1.02
37,0.6167,1.014,20.025,0.001,0.4483,-0.1,-1.15,-0.0,0.89,0.0,0.0,-0.0,0.0,0.0,0.0,0.91,0.95,0.82,0.88
38,0.6333,1.028,20.027,0.0,0.4483,-0.03,-1.13,-0.0,0.984,0.0,0.0,-0.0,0.0,0.0,0.0,0.97,1.01,1.0,0.95
39,0.65,1.042,20.03,-0.0,0.4484,0.01,-1.12,-0.0,0.974,0.0,0.0,-0.0,0.0,0.0,0.0,0.97,0.95,0.99,0.98
40,0.6667,1.056,20.032,-0.0,0.4485,0.06,-1.13,-0.0,1.098,0.0,0.0,-0.0,0.0,0.0,0.0,1.12,1.11,1.07,1.08
41,0.6833,1.069,20.034,-0.0,0.4486,0.06,-1.15,-0.0,0.886,0.0,0.0,-0.0,0.0,0.0,0.0,0.92,0.89,0.88,0.85
42,0.7,1.083,20.036,-0.0,0.4488,0.06,-1.15,-0.0,0.963,0.0,0.0,-0.0,0.0,0.0,0.0,0.95,0.98,0.93,0.98
43,0.7167,1.097,20.039,-0.0,0.449,0.06,-1.15,-0.0,1.013,0.0,0.0,-0.0,0.0,0.0,0.0,0.98,1.04,1.07,0.96
44,0.7333,1.111,20.041,-0.0,0.4492,0.07,-1.15,-0.0,1.045,0.0,0.0,-0.0,0.0,0.0,0.0,1.05,1.04,1.09,1.01
45,0.75,1.125,20.043,-0.0,0.4494,0.07,-1.15,-0.0,1.044,0.0,0.0,-0.0,0.0,0.0,0.0,1.06,1.05,1.05,1.03
46,0.7667,1.139,20.046,-0.0,0.4495,0.07,-1.15,-0.0,1.054,0.0,0.0,-0.0,0.0,0.0,0.0,1.09,0.97,1.09,1.07
47,0.7833,1.153,20.048,-0.0,0.4495,0.07,-1.15,-0.0,1.024,0.0,0.0,-0.0,0.0,0.0,0.0,0.82,1.09,1.09,1.09
48,0.8,1.167,20.051,-0.0,0.4496,0.07,-1.15,-0.0,1.048,0.0,0.0,-0.0,0.0,0.0,0.0,0.88,1.07,1.13,1.1
49,0.8167,1.181,20.054,-0.0,0.4495,0.07,-1.15,-0.0,1.108,0.0,0.0,-0.0,0.0,0.0,0.0,1.07,1.03,1.2,1.12
50,0.8333,1.194,20.056,-0.0,0.4494,0.07,-1.15,-0.0,1.073,0.0,0.0,-0.0,0.0,0.0,0.0,0.85,1.16,1.19,1.1
51,0.85,1.208,20.059,-0.0,0.4493,0.07,-1.16,-0.0,1.198,0.0,0.0,-0.0,0.0,0.0,0.0,1.18,1.23,1.24,1.14
52,0.8667,1.222,20.062,-0.0,0.4492,0.06,-1.16,-0.0,1.243,0.0,0.0,-0.0,0.0,0.0,0.0,1.41,1.22,1.16,1.18
53,0.8833,1.236,20.065,-0.0,0.4489,0.06,-1.16,-0.0,1.255,0.0,0.0,-0.0,0.0,0.0,0.0,1.27,1.2,1.31,1.24
54,0.9,1.25,20.068,-0.0,0.4487,0.05,-1.16,0.0,1.163,0.0,0.0,-0.0,0.0,0.0,0.0,1.21,1.14,1.14,1.16
55,0.9167,1.264,20.071,-0.0,0.4483,0.05,-1.15,0.0,1.293,0.0,0.0,-0.0,0.0,0.0,0.0,1.3,1.29,1.29,1.29
56,0.9333,1.278,20.074,-0.0,0.4478,0.04,-1.16,0.0,1.324,0.0,0.0,-0.0,0.0,0.0,0.0,1.32,1.33,1.31,1.33
57,0.95,1.292,20.078,-0.0,0.4473,0.03,-1.16,0.0,1.338,0.0,0.0,-0.0,0.0,0.0,0.0,1.38,1.45,1.18,1.34
58,0.9667,1.306,20.081,-0.001,0.4472,0.12,-1.15,0.0,1.288,0.0,0.0,-0.0,0.0,0.0,0.0,1.36,1.24,1.25,1.3
59,0.9833,1.319,20.083,-0.001,0.4476,0.13,-1.16,0.0,1.159,0.0,0.0,-0.0,0.0,0.0,0.0,1.21,1.15,1.13,1.15
60,1.0,1.333,20.086,-0.001,0.448,0.12,-1.15,0.0,1.211,0.0,0.0,-0.0,0.0,0.0,0.0,1.29,1.2,1.17,1.19
61,1.0167,1.347,20.089,-0.001,0.4484,0.12,-1.15,0.0,1.206,0.0,0.0,-0.0,0.0,0.0,0.0,1.25,1.23,1.22,1.13
62,1.0333,1.361,20.092,-0.001,0.4487,0.11,-1.15,0.0,1.232,0.0,0.0,-0.0,0.0,0.0,0.0,1.26,1.23,1.21,1.22
63,1.05,1.375,20.095,-0.001,0.449,0.1,-1.15,0.0,1.402,0.0,0.0,-0.0,0.0,0.0,0.0,1.27,1.49,1.61,1.24
64,1.0667,1.389,20.098,-0.0,0.4492,0.1,-1.15,0.0,1.254,0.0,0.0,-0.0,0.0,0.0,0.0,1.25,1.22,1.31,1.23
65,1.0833,1.403,20.101,-0.0,0.4494,0.09,-1.15,0.0,1.213,0.0,0.0,-0.0,0.0,0.0,0.0,1.07,1.28,1.23,1.26
66,1.1,1.417,20.104,-0.0,0.4495,0.08,-1.15,0.0,1.347,0.0,0.0,-0.0,0.0,0.0,0.0,1.3,1.45,1.33,1.3
67,1.1167,1.431,20.107,-0.0,0.4495,0.07,-1.15,0.0,1.321,0.0,0.0,-0.0,0.0,0.0,0.0,1.2,1.39,1.41,1.29
68,1.1333,1.444,20.11,-0.0,0.4495,0.07,-1.15,0.0,1.328,0.0,0.0,-0.0,0.0,0.0,0.0,1.37,1.26,1.37,1.3
69,1.15,1.458,20.113,-0.0,0.4494,0.06,-1.15,0.0,1.241,0.0,0.0,-0.0,0.0,0.0,0.0,1.3,1.34,1.44,0.87
70,1.1667,1.472,20.116,-0.0,0.4492,0.06,-1.16,0.0,1.407,0.0,0.0,-0.0,0.0,0.0,0.0,1.37,1.43,1.43,1.39
71,1.1833,1.486,20.12,-0.0,0.449,0.06,-1.16,0.0,1.615,0.0,0.0,-0.0,0.0,0.0,0.0,1.79,1.76,1.48,1.43
72,1.2,1.5,20.123,-0.0,0.4487,0.06,-1.16,0.0,1.473,0.0,0.0,-0.0,0.0,0.0,0.0,1.43,1.51,1.48,1.47
73,1.2167,1.514,20.127,-0.0,0.4483,0.06,-1.16,0.0,1.564,0.0,0.0,-0.0,0.0,0.0,0.0,1.52,1.76,1.45,1.52
74,1.2333,1.528,20.131,-0.0,0.4478,0.06,-1.16,0.0,1.57,0.0,0.0,-0.0,0.0,0.0,0.0,1.5,1.58,1.63,1.56
75,1.25,1.542,20.135,-0.0,0.4471,0.06,-1.16,0.0,1.586,0.0,0.0,-0.0,0.0,0.0,0.0,1.59,1.54,1.64,1.58
76,1.2667,1.556,20.138,-0.0,0.4475,0.05,-1.14,0.0,1.402,0.0,0.0,-0.0,0.0,0.0,0.0,1.35,1.52,1.41,1.33
77,1.2833,1.569,20.142,-0.0,0.448,0.05,-1.14,0.0,1.488,0.0,0.0,-0.0,0.0,0.0,0.0,1.52,1.44,1.42,1.56
78,1.3,1.583,20.145,-0.0,0.4485,0.07,-1.15,0.0,1.462,0.0,0.0,-0.0,0.0,0.0,0.0,1.47,1.46,1.43,1.49
79,1.3167,1.597,20.148,-0.0,0.4488,0.07,-1.15,0.0,1.453,0.0,0.0,-0.0,0.0,0.0,0.0,1.47,1.46,1.43,1.46
80,1.3333,1.611,20.152,-0.0,0.4491,0.07,-1.15,0.0,1.46,0.0,0.0,-0.0,0.0,0.0,0.0,1.47,1.47,1.46,1.45
81,1.35,1.625,20.155,-0.0,0.4494,0.07,-1.15,0.0,1.59,0.0,0.0,-0.0,0.0,0.0,0.0,1.5,1.9,1.52,1.44
82,1.3667,1.639,20.159,-0.0,0.4495,0.07,-1.15,0.0,1.526,0.0,0.0,-0.0,0.0,0.0,0.0,1.53,1.52,1.58,1.48
83,1.3833,1.653,20.162,-0.0,0.4496,0.07,-1.15,0.0,1.556,0.0,0.0,-0.0,0.0,0.0,0.0,1.52,1.58,1.61,1.51
84,1.4,1.667,20.166,-0.0,0.4495,0.07,-1.15,0.0,1.41,0.0,0.0,-0.0,0.0,0.0,0.0,1.61,1.44,1.59,0.99
85,1.4167,1.681,20.17,-0.0,0.4494,0.07,-1.16,-0.0,1.577,0.0,0.0,-0.0,0.0,0.0,0.0,1.63,1.49,1.62,1.57
86,1.4333,1.694,20.174,-0.0,0.4492,0.05,-1.16,0.0,1.733,0.0,0.0,-0.0,0.0,0.0,0.0,1.6,2.04,1.75,1.55
87,1.45,1.708,20.178,0.0,0.4489,0.04,-1.16,0.0,1.698,0.0,0.0,-0.0,0.0,0.0,0.0,1.68,1.69,1.71,1.72
88,1.4667,1.722,20.182,0.0,0.4484,0.03,-1.16,-0.0,1.693,0.0,0.0,-0.0,0.0,0.0,0.0,1.7,1.71,1.66,1.71
89,1.4833,1.736,20.186,0.0,0.4479,0.03,-1.16,0.0,1.638,0.0,0.0,-0.0,0.0,0.0,0.0,1.67,1.97,1.37,1.54
90,1.5,1.75,20.19,-0.001,0.4481,0.16,-1.1,0.0,1.116,0.0,0.0,-0.0,0.0,0.0,0.0,1.27,1.48,0.75,0.96
91,1.5167,1.764,20.194,-0.001,0.4488,0.15,-1.05,0.0,1.592,0.0,0.0,-0.0,0.0,0.0,0.0,1.44,1.51,1.74,1.68
92,1.5333,1.778,20.198,-0.001,0.4495,0.13,-1.02,0.0,1.546,0.0,0.0,-0.0,0.0,0.0,0.0,1.45,1.52,1.77,1.45
93,1.55,1.792,20.201,-0.001,0.4501,0.13,-0.97,0.0,1.594,0.0,0.0,-0.0,0.0,0.0,0.0,1.46,1.57,1.83,1.53
94,1.5667,1.806,20.205,-0.001,0.4507,0.13,-0.93,0.0,1.623,0.0,0.0,-0.0,0.0,0.0,0.0,1.61,1.64,1.61,1.64
95,1.5833,1.819,20.209,-0.001,0.4513,0.13,-0.89,0.0,1.668,0.0,0.0,-0.0,0.0,0.0,0.0,1.68,1.65,1.65,1.69
96,1.6,1.833,20.213,-0.001,0.4517,0.13,-0.86,0.0,1.731,0.0,0.0,-0.0,0.0,0.0,0.0,1.87,1.7,1.68,1.68
97,1.6167,1.847,20.218,-0.001,0.4521,0.13,-0.82,0.0,1.721,0.0,0.0,-0.0,0.0,0.0,0.0,1.79,1.72,1.72,1.65
98,1.6333,1.861,20.222,-0.001,0.4523,0.13,-0.78,0.01,1.753,0.0,0.0,-0.0,0.0,0.0,0.0,1.82,1.74,1.73,1.73
99,1.65,1.875,20.227,-0.001,0.4524,0.13,-0.74,0.01,1.868,0.0,0.0,-0.0,0.0,0.0,0.0,2.04,1.8,1.77,1.86
100,1.6667,1.889,20.231,-0.001,0.4524,0.13,-0.7,0.01,1.824,0.0,0.0,-0.0,0.0,0.0,0.0,1.84,1.85,1.8,1.8
101,1.6833,1.903,20.236,-0.001,0.4523,0.13,-0.66,0.01,1.804,0.0,0.0,-0.0,0.0,0.0,0.0,1.69,1.87,1.83,1.83
102,1.7,1.917,20.241,-0.001,0.452,0.14,-0.62,0.01,1.962,0.0,0.0,-0.0,0.0,0.0,0.0,1.98,1.9,2.01,1.95
103,1.7167,1.931,20.245,-0.001,0.452,0.2,-0.59,0.0,2.063,0.0,0.0,-0.0,0.0,0.0,0.0,2.06,1.95,2.08,2.16
104,1.7333,1.944,20.25,-0.001,0.4526,0.19,-0.6,0.0,1.834,0.0,0.0,-0.0,0.0,0.0,0.0,1.96,1.61,1.85,1.91
105,1.75,1.958,20.254,-0.001,0.4531,0.18,-0.62,0.0,1.876,0.0,0.0,-0.0,0.0,0.0,0.0,1.93,1.82,1.81,1.95
106,1.7667,1.972,20.258,-0.001,0.4534,0.17,-0.62,0.0,1.794,0.0,0.0,-0.0,0.0,0.0,0.0,1.94,1.69,1.75,1.79
107,1.7833,1.986,20.263,-0.001,0.4536,0.12,-0.61,0.0,1.899,0.0,0.0,-0.0,0.0,0.0,0.0,1.91,1.86,1.84,1.99
108,1.8,2.0,20.267,-0.0,0.4537,0.1,-0.6,0.0,1.949,0.0,0.0,-0.0,0.0,0.0,0.0,1.98,1.92,1.91,2.0
109,1.8167,2.014,20.272,-0.0,0.4537,0.07,-0.6,0.0,1.835,0.0,0.0,-0.0,0.0,0.0,0.0,1.72,1.93,1.9,1.78
110,1.8333,2.028,20.277,-0.0,0.4538,0.07,-0.6,0.0,2.01,0.0,0.0,-0.0,0.0,0.0,0.0,1.87,2.01,2.22,1.94
111,1.85,2.042,20.281,-0.0,0.4537,0.07,-0.6,0.0,1.985,0.0,0.0,-0.0,0.0,0.0,0.0,1.98,1.99,2.03,1.95
112,1.8667,2.056,20.286,-0.0,0.4535,0.07,-0.6,0.0,2.091,0.0,0.0,-0.0,0.0,0.0,0.0,2.16,1.91,2.32,1.96
113,1.8833,2.069,20.291,-0.0,0.4532,0.08,-0.58,-0.0,2.022,0.0,0.0,-0.0,0.0,0.0,0.0,1.98,2.05,2.04,2.02
114,1.9,2.083,20.296,-0.0,0.4527,0.09,-0.57,-0.0,2.252,0.0,0.0,-0.0,0.0,0.0,0.0,2.07,2.15,2.18,2.61
115,1.9167,2.097,20.301,-0.0,0.4521,0.11,-0.56,-0.0,2.209,0.0,0.0,-0.0,0.0,0.0,0.0,2.46,2.05,2.13,2.2
116,1.9333,2.111,20.305,-0.001,0.4523,0.18,-0.62,-0.0,2.129,0.0,0.0,-0.0,0.0,0.0,0.0,2.21,2.2,2.3,1.8
117,1.95,2.125,20.309,-0.001,0.4533,0.16,-0.66,-0.0,1.978,0.0,0.0,-0.0,0.0,0.0,0.0,2.09,1.79,1.93,2.1
118,1.9667,2.139,20.313,-0.001,0.4541,0.15,-0.73,-0.0,2.017,0.0,0.0,-0.0,0.0,0.0,0.0,2.05,1.87,2.02,2.12
119,1.9833,2.153,20.317,-0.001,0.4548,0.14,-0.79,-0.0,1.942,0.0,0.0,-0.0,0.0,0.0,0.0,2.03,1.85,1.97,1.92
120,2.0,2.167,20.321,-0.0,0.4554,0.11,-0.84,-0.01,2.076,0.0,0.0,-0.0,0.0,0.0,0.0,2.06,2.02,2.07,2.14
121,2.0167,2.181,20.326,-0.0,0.456,0.08,-0.9,-0.01,2.136,0.0,0.0,-0.0,0.0,0.0,0.0,2.13,2.18,2.19,2.05
122,2.0333,2.194,20.33,-0.0,0.4565,0.07,-0.96,-0.01,1.901,0.0,0.0,-0.0,0.0,0.0,0.0,2.09,1.84,2.0,1.67
123,2.05,2.208,20.335,-0.0,0.4569,0.07,-1.01,-0.01,2.048,0.0,0.0,-0.0,0.0,0.0,0.0,2.08,1.98,2.07,2.06
124,2.0667,2.222,20.339,-0.0,0.4571,0.08,-1.06,-0.01,1.955,0.0,0.0,-0.0,0.0,0.0,0.0,2.13,1.95,2.18,1.56
125,2.0833,2.236,20.344,-0.0,0.4571,0.08,-1.11,-0.01,2.161,0.0,0.0,-0.0,0.0,0.0,0.0,2.16,2.23,2.12,2.13
126,2.1,2.25,20.349,-0.0,0.457,0.08,-1.16,-0.01,2.24,0.0,0.0,-0.0,0.0,0.0,0.0,2.21,2.27,2.24,2.23
127,2.1167,2.264,20.354,-0.0,0.4567,0.08,-1.21,-0.01,2.365,0.0,0.0,-0.0,0.0,0.0,0.0,2.25,2.7,2.25,2.27
128,2.1333,2.278,20.359,0.0,0.4566,0.06,-1.29,-0.01,1.774,0.0,0.0,-0.0,0.0,0.0,0.0,1.81,1.57,1.72,2.0
129,2.15,2.292,20.363,0.0,0.4572,0.05,-1.26,-0.01,2.194,0.0,0.0,-0.0,0.0,0.0,0.0,2.65,1.99,1.89,2.24
130,2.1667,2.306,20.368,0.0,0.4579,0.06,-1.26,-0.01,2.272,0.0,0.0,-0.0,0.0,0.0,0.0,2.83,2.03,2.05,2.18
131,2.1833,2.319,20.373,0.0,0.4584,0.07,-1.26,-0.01,2.198,0.0,0.0,-0.0,0.0,0.0,0.0,2.21,2.17,2.26,2.15
132,2.2,2.333,20.378,-0.0,0.4587,0.07,-1.26,-0.01,2.32,0.0,0.0,-0.0,0.0,0.0,0.0,2.14,2.65,2.29,2.2
133,2.2167,2.347,20.384,-0.0,0.4589,0.08,-1.26,-0.01,2.276,0.0,0.0,-0.0,0.0,0.0,0.0,2.29,2.18,2.36,2.27
134,2.2333,2.361,20.389,-0.0,0.4588,0.09,-1.26,-0.01,2.292,0.0,0.0,-0.0,0.0,0.0,0.0,2.29,2.3,2.3,2.28
135,2.25,2.375,20.395,-0.0,0.4586,0.09,-1.26,-0.01,2.349,0.0,0.0,-0.0,0.0,0.0,0.0,2.38,2.27,2.43,2.31
136,2.2667,2.389,20.4,0.0,0.4582,0.08,-1.27,-0.02,2.634,0.0,0.0,-0.0,0.0,0.0,0.0,3.19,2.82,2.14,2.39
137,2.2833,2.403,20.406,0.0,0.4576,0.07,-1.27,-0.02,2.316,0.0,0.0,-0.0,0.0,0.0,0.0,2.39,2.13,2.35,2.4
138,2.3,2.417,20.412,0.0,0.4567,0.06,-1.27,-0.02,2.395,0.0,0.0,-0.0,0.0,0.0,0.0,2.36,2.42,2.42,2.38
139,2.3167,2.431,20.417,-0.0,0.4566,0.11,-1.27,-0.02,2.193,0.0,0.0,-0.0,0.0,0.0,0.0,2.23,2.16,2.24,2.14
140,2.3333,2.444,20.422,-0.0,0.4573,0.11,-1.27,-0.02,2.262,0.0,0.0,-0.0,0.0,0.0,0.0,2.41,2.19,2.21,2.23
141,2.35,2.458,20.428,-0.0,0.4578,0.1,-1.26,-0.02,2.241,0.0,0.0,-0.0,0.0,0.0,0.0,2.38,2.34,2.31,1.94
142,2.3667,2.472,20.433,-0.0,0.4582,0.09,-1.26,-0.01,2.234,0.0,0.0,-0.0,0.0,0.0,0.0,2.17,2.3,2.26,2.22
143,2.3833,2.486,20.439,-0.0,0.4585,0.1,-1.26,-0.02,2.432,0.0,0.0,-0.0,0.0,0.0,0.0,2.41,2.52,2.39,2.42
144,2.4,2.5,20.445,-0.0,0.4586,0.1,-1.26,-0.01,2.358,0.0,0.0,-0.0,0.0,0.0,0.0,2.44,2.23,2.49,2.28
145,2.4167,2.514,20.451,-0.0,0.4584,0.1,-1.26,-0.01,2.431,0.0,0.0,-0.0,0.0,0.0,0.0,2.47,2.29,2.51,2.46
146,2.4333,2.528,20.457,0.0,0.4584,0.07,-1.25,-0.01,2.474,0.0,0.0,-0.0,0.0,0.0,0.0,2.42,2.5,2.53,2.45
147,2.45,2.542,20.463,0.001,0.4582,0.01,-1.24,-0.01,2.612,0.0,0.0,-0.0,0.0,0.0,0.0,2.71,2.77,2.49,2.47
148,2.4667,2.556,20.469,0.001,0.4578,-0.06,-1.24,-0.01,2.539,0.0,0.0,-0.0,0.0,0.0,0.0,2.55,2.54,2.53,2.53
149,2.4833,2.569,20.475,0.001,0.4578,-0.03,-1.26,-0.01,2.274,0.0,0.0,-0.0,0.0,0.0,0.0,2.16,2.35,2.31,2.28
150,2.5,2.583,20.48,0.0,0.4579,0.07,-1.27,-0.01,2.343,0.0,0.0,-0.0,0.0,0.0,0.0,2.25,2.4,2.29,2.43
151,2.5167,2.597,20.486,0.0,0.4585,0.08,-1.25,-0.01,2.536,0.0,0.0,-0.0,0.0,0.0,0.0,2.38,2.31,3.07,2.38
152,2.5333,2.611,20.492,0.0,0.4588,0.08,-1.26,-0.01,2.222,0.0,0.0,-0.0,0.0,0.0,0.0,2.53,1.4,2.47,2.49
153,2.55,2.625,20.498,0.0,0.4589,0.08,-1.26,-0.01,2.785,0.0,0.0,-0.0,0.0,0.0,0.0,4.19,1.59,2.81,2.55
154,2.5667,2.639,20.504,0.0,0.4588,0.09,-1.27,-0.01,2.632,0.0,0.0,-0.0,0.0,0.0,0.0,2.82,2.49,2.55,2.67
155,2.5833,2.653,20.511,0.0,0.4584,0.08,-1.26,-0.01,2.612,0.0,0.0,-0.0,0.0,0.0,0.0,2.54,2.63,2.67,2.6
156,2.6,2.667,20.517,0.0,0.4578,0.06,-1.27,-0.01,2.592,0.0,0.0,-0.0,0.0,0.0,0.0,2.71,2.31,2.68,2.67
157,2.6167,2.681,20.523,0.0,0.4568,0.05,-1.27,-0.02,2.628,0.0,0.0,-0.0,0.0,0.0,0.0,2.65,2.75,2.65,2.46
158,2.6333,2.694,20.529,-0.0,0.457,0.13,-1.27,-0.01,2.337,0.0,0.0,-0.0,0.0,0.0,0.0,2.32,2.38,2.35,2.3
159,2.65,2.708,20.535,-0.0,0.4578,0.11,-1.26,-0.01,2.426,0.0,0.0,-0.0,0.0,0.0,0.0,2.69,2.42,2.41,2.19
160,2.6667,2.722,20.541,0.0,0.4584,0.11,-1.26,-0.01,2.555,0.0,0.0,-0.0,0.0,0.0,0.0,2.55,2.56,2.55,2.56
161,2.6833,2.736,20.548,0.0,0.4588,0.1,-1.26,-0.01,3.043,0.0,0.0,-0.0,0.0,0.0,0.0,3.94,2.67,3.01,2.54
162,2.7,2.75,20.554,0.0,0.4589,0.08,-1.26,-0.02,2.659,0.0,0.0,-0.0,0.0,0.0,0.0,2.66,2.62,2.75,2.6
163,2.7167,2.764,20.56,0.0,0.4587,0.07,-1.26,-0.02,2.232,0.0,0.0,-0.0,0.0,0.0,0.0,1.6,1.89,2.84,2.6
164,2.7333,2.778,20.567,0.0,0.4583,0.07,-1.27,-0.02,2.727,0.0,0.0,-0.0,0.0,0.0,0.0,2.74,2.73,2.76,2.68
165,2.75,2.792,20.573,0.0,0.4577,0.07,-1.27,-0.02,2.703,0.0,0.0,-0.0,0.0,0.0,0.0,2.82,2.41,2.79,2.79
166,2.7667,2.806,20.58,0.0,0.4567,0.07,-1.28,-0.02,2.839,0.0,0.0,-0.0,0.0,0.0,0.0,2.83,2.84,2.84,2.85
167,2.7833,2.819,20.586,0.001,0.4572,0.04,-1.25,-0.02,2.657,0.0,0.0,-0.0,0.0,0.0,0.0,2.57,2.74,2.63,2.69
168,2.8,2.833,20.593,0.0,0.458,0.06,-1.25,-0.02,2.713,0.0,0.0,-0.0,0.0,0.0,0.0,2.7,2.69,2.67,2.79
169,2.8167,2.847,20.599,0.0,0.4586,0.08,-1.25,-0.02,2.688,0.0,0.0,-0.0,0.0,0.0,0.0,2.67,2.72,2.69,2.68
170,2.8333,2.861,20.606,0.0,0.4589,0.08,-1.26,-0.02,2.804,0.0,0.0,-0.0,0.0,0.0,0.0,2.79,2.66,2.91,2.86
171,2.85,2.875,20.612,0.0,0.4589,0.09,-1.26,-0.02,2.837,0.0,0.0,-0.0,0.0,0.0,0.0,2.81,2.9,2.88,2.76
172,2.8667,2.889,20.619,0.0,0.4587,0.08,-1.26,-0.02,2.738,0.0,0.0,-0.0,0.0,0.0,0.0,2.48,2.68,2.89,2.89
173,2.8833,2.903,20.625,0.0,0.4581,0.06,-1.27,-0.02,2.849,0.0,0.0,-0.0,0.0,0.0,0.0,2.83,2.85,2.86,2.87
174,2.9,2.917,20.632,0.001,0.4573,0.05,-1.28,-0.02,2.626,0.0,0.0,-0.0,0.0,0.0,0.0,2.65,2.29,2.98,2.58
175,2.9167,2.931,20.639,-0.001,0.457,0.23,-1.26,-0.02,2.889,0.0,0.0,-0.0,0.0,0.0,0.0,3.15,3.02,2.76,2.63
176,2.9333,2.944,20.645,-0.0,0.4579,0.18,-1.27,-0.02,2.733,0.0,0.0,-0.0,0.0,0.0,0.0,2.97,2.67,2.62,2.67
177,2.95,2.958,20.652,-0.0,0.4584,0.14,-1.26,-0.02,2.669,0.0,0.0,-0.0,0.0,0.0,0.0,2.33,2.79,2.77,2.79
178,2.9667,2.972,20.659,0.0,0.4587,0.09,-1.26,-0.02,2.816,0.0,0.0,-0.0,0.0,0.0,0.0,2.74,2.85,2.91,2.76
179,2.9833,2.986,20.666,0.0,0.4589,0.1,-1.25,-0.02,2.927,0.0,0.0,-0.0,0.0,0.0,0.0,2.89,2.88,3.03,2.91
180,3.0,3.0,20.673,0.0,0.4587,0.09,-1.26,-0.02,2.952,0.0,0.0,-0.0,0.0,0.0,0.0,2.88,2.97,2.99,2.96
181,3.0167,3.014,20.68,0.0,0.4582,0.08,-1.27,-0.02,3.112,0.0,0.0,-0.0,0.0,0.0,0.0,2.87,3.69,2.92,2.96
182,3.0333,3.028,20.687,0.0,0.4574,0.12,-1.23,-0.01,1.529,0.0,0.0,-0.0,0.0,0.0,0.0,2.03,2.55,1.8,-0.26
183,3.05,3.042,20.694,-0.0,0.4588,0.19,-1.08,0.0,2.524,0.0,0.0,-0.0,0.0,0.0,0.0,1.42,3.01,2.83,2.83
184,3.0667,3.056,20.7,0.0,0.4601,0.13,-1.04,0.0,2.922,0.0,0.0,-0.0,0.0,0.0,0.0,2.72,3.13,3.05,2.79
185,3.0833,3.069,20.707,0.0,0.461,0.1,-0.98,-0.0,2.773,0.0,0.0,-0.0,0.0,0.0,0.0,2.63,2.77,3.04,2.64
186,3.1,3.083,20.715,0.0,0.4617,0.1,-0.9,0.0,2.849,0.0,0.0,-0.0,0.0,0.0,0.0,2.75,2.8,3.09,2.76
187,3.1167,3.097,20.722,0.0,0.4621,0.1,-0.82,0.01,2.912,0.0,0.0,-0.0,0.0,0.0,0.0,3.14,3.02,2.98,2.5
188,3.1333,3.111,20.729,0.0,0.4624,0.12,-0.76,0.0,3.031,0.0,0.0,-0.0,0.0,0.0,0.0,3.0,3.07,3.07,2.98
189,3.15,3.125,20.737,-0.0,0.4623,0.13,-0.71,0.0,3.061,0.0,0.0,-0.0,0.0,0.0,0.0,3.04,3.15,3.07,2.98
190,3.1667,3.139,20.745,-0.0,0.4618,0.13,-0.66,0.0,3.114,0.0,0.0,-0.0,0.0,0.0,0.0,3.11,3.15,3.12,3.08
191,3.1833,3.153,20.752,-0.0,0.4621,0.18,-0.66,0.0,2.954,0.0,0.0,-0.0,0.0,0.0,0.0,2.89,3.21,3.01,2.7
192,3.2,3.167,20.759,-0.0,0.4629,0.14,-0.65,-0.0,3.252,0.0,0.0,-0.0,0.0,0.0,0.0,3.9,3.0,2.96,3.15
193,3.2167,3.181,20.766,-0.0,0.4634,0.13,-0.67,-0.0,3.101,0.0,0.0,-0.0,0.0,0.0,0.0,3.17,3.03,3.03,3.17
194,3.2333,3.194,20.774,0.0,0.4634,0.1,-0.66,-0.0,2.854,0.0,0.0,-0.0,0.0,0.0,0.0,2.91,3.08,2.41,3.02
195,3.25,3.208,20.781,0.0,0.4635,0.08,-0.66,-0.0,2.943,0.0,0.0,-0.0,0.0,0.0,0.0,3.29,2.13,2.97,3.38
196,3.2667,3.222,20.789,0.0,0.4634,0.08,-0.67,-0.0,3.32,0.0,0.0,-0.0,0.0,0.0,0.0,3.71,3.16,3.26,3.14
197,3.2833,3.236,20.796,0.0,0.4628,0.08,-0.68,0.0,3.161,0.0,0.0,-0.0,0.0,0.0,0.0,3.21,3.07,3.22,3.15
198,3.3,3.25,20.804,0.0,0.4619,0.08,-0.69,0.0,3.265,0.0,0.0,-0.0,0.0,0.0,0.0,2.84,3.57,3.02,3.63
199,3.3167,3.264,20.81,0.0,0.4631,0.1,-0.87,0.0,2.946,0.0,0.0,-0.0,0.0,0.0,0.0,3.01,3.13,2.98,2.66
200,3.3333,3.278,20.816,0.0,0.4645,0.1,-0.93,0.0,2.991,0.0,0.0,-0.0,0.0,0.0,0.0,3.07,2.85,3.31,2.74
201,3.35,3.292,20.822,0.0,0.4657,0.1,-1.0,-0.0,3.096,0.0,0.0,-0.0,0.0,0.0,0.0,3.17,2.98,3.31,2.92
202,3.3667,3.306,20.829,0.0,0.4667,0.1,-1.07,-0.0,3.164,0.0,0.0,-0.0,0.0,0.0,0.0,3.2,3.06,3.34,3.05
203,3.3833,3.319,20.836,0.0,0.4672,0.09,-1.14,-0.0,3.352,0.0,0.0,-0.0,0.0,0.0,0.0,3.22,3.7,3.35,3.13
204,3.4,3.333,20.843,0.0,0.4675,0.09,-1.22,-0.01,3.306,0.0,0.0,-0.0,0.0,0.0,0.0,3.25,3.35,3.43,3.19
205,3.4167,3.347,20.85,0.0,0.4674,0.06,-1.29,-0.01,3.313,0.0,0.0,-0.0,0.0,0.0,0.0,3.26,3.33,3.35,3.31
206,3.4333,3.361,20.858,0.001,0.4669,0.03,-1.38,-0.01,3.312,0.0,0.0,-0.0,0.0,0.0,0.0,3.3,3.29,3.33,3.33
207,3.45,3.375,20.865,0.0,0.4673,0.07,-1.38,-0.01,3.144,0.0,0.0,-0.0,0.0,0.0,0.0,3.32,2.97,2.92,3.38
208,3.4667,3.389,20.872,0.0,0.4681,0.1,-1.4,-0.01,3.251,0.0,0.0,-0.0,0.0,0.0,0.0,3.37,3.15,3.11,3.37
209,3.4833,3.403,20.88,0.0,0.4685,0.09,-1.38,-0.01,3.173,0.0,0.0,-0.0,0.0,0.0,0.0,3.38,3.13,3.07,3.11
210,3.5,3.417,20.888,0.001,0.4687,0.06,-1.38,-0.01,3.272,0.0,0.0,-0.0,0.0,0.0,0.0,3.22,3.1,3.51,3.26
211,3.5167,3.431,20.896,0.001,0.4685,0.05,-1.38,-0.01,3.385,0.0,0.0,-0.0,0.0,0.0,0.0,3.43,3.31,3.38,3.42
212,3.5333,3.444,20.904,0.001,0.4683,0.03,-1.38,-0.01,3.109,0.0,0.0,-0.0,0.0,0.0,0.0,3.4,2.3,3.61,3.12
213,3.55,3.458,20.912,0.001,0.4681,-0.02,-1.35,-0.01,3.346,0.0,0.0,-0.0,0.0,0.0,0.0,3.36,3.45,3.31,3.25
214,3.5667,3.472,20.92,0.001,0.4676,-0.06,-1.34,-0.01,3.855,0.0,0.0,-0.0,0.0,0.0,0.0,4.79,3.85,3.4,3.38
215,3.5833,3.486,20.928,0.0,0.4684,0.09,-1.39,-0.01,3.267,0.0,0.0,-0.0,0.0,0.0,0.0,3.53,3.64,3.18,2.71
216,3.6,3.5,20.935,0.0,0.4688,0.1,-1.38,-0.01,3.218,0.0,0.0,-0.0,0.0,0.0,0.0,3.42,3.26,3.08,3.12
217,3.6167,3.514,20.943,0.0,0.4691,0.09,-1.38,-0.01,3.327,0.0,0.0,-0.0,0.0,0.0,0.0,3.39,3.25,3.34,3.33
218,3.6333,3.528,20.952,0.0,0.469,0.09,-1.39,-0.01,3.482,0.0,0.0,-0.0,0.0,0.0,0.0,3.5,3.51,3.51,3.41
219,3.65,3.542,20.96,0.001,0.4684,0.08,-1.38,-0.0,3.428,0.0,0.0,-0.0,0.0,0.0,0.0,3.5,3.29,3.51,3.41
220,3.6667,3.556,20.968,0.001,0.4674,0.04,-1.39,-0.01,3.539,0.0,0.0,-0.0,0.0,0.0,0.0,3.57,3.53,3.52,3.53
221,3.6833,3.569,20.976,0.001,0.4675,0.09,-1.37,-0.01,3.27,0.0,0.0,-0.0,0.0,0.0,0.0,3.28,3.38,3.29,3.13
222,3.7,3.583,20.984,0.0,0.4684,0.1,-1.37,-0.01,3.356,0.0,0.0,-0.0,0.0,0.0,0.0,3.21,3.33,3.31,3.57
223,3.7167,3.597,20.992,0.0,0.4689,0.12,-1.38,-0.01,3.336,0.0,0.0,-0.0,0.0,0.0,0.0,3.55,3.22,3.26,3.32
224,3.7333,3.611,21.001,0.0,0.4691,0.1,-1.38,-0.01,3.64,0.0,0.0,-0.0,0.0,0.0,0.0,3.43,4.14,3.62,3.37
225,3.75,3.625,21.009,0.001,0.4688,0.08,-1.39,-0.01,3.495,0.0,0.0,-0.0,0.0,0.0,0.0,3.67,3.27,3.54,3.5
226,3.7667,3.639,21.017,0.001,0.4682,0.07,-1.39,-0.02,3.522,0.0,0.0,-0.0,0.0,0.0,0.0,3.61,3.34,3.59,3.54
227,3.7833,3.653,21.026,0.001,0.4671,0.06,-1.4,-0.02,3.565,0.0,0.0,-0.0,0.0,0.0,0.0,3.73,3.25,3.63,3.65
228,3.8,3.667,21.034,0.001,0.4678,0.05,-1.38,-0.02,3.461,0.0,0.0,-0.0,0.0,0.0,0.0,3.51,3.51,3.32,3.51
229,3.8167,3.681,21.043,0.001,0.4686,0.08,-1.37,-0.02,3.602,0.0,0.0,-0.0,0.0,0.0,0.0,3.66,3.53,3.56,3.66
230,3.8333,3.694,21.051,0.0,0.469,0.1,-1.37,-0.02,3.668,0.0,0.0,-0.0,0.0,0.0,0.0,3.92,3.33,3.67,3.76
231,3.85,3.708,21.06,0.0,0.4691,0.09,-1.38,-0.02,3.689,0.0,0.0,-0.0,0.0,0.0,0.0,3.83,3.67,3.7,3.55
232,3.8667,3.722,21.068,0.001,0.4687,0.08,-1.39,-0.03,3.526,0.0,0.0,-0.0,0.0,0.0,0.0,3.44,3.4,3.82,3.44
233,3.8833,3.736,21.077,0.001,0.4679,0.04,-1.4,-0.04,3.655,0.0,0.0,-0.0,0.0,0.0,0.0,3.76,3.57,3.7,3.59
234,3.9,3.75,21.085,-0.0,0.4675,0.19,-1.37,-0.04,3.558,0.0,0.0,-0.0,0.0,0.0,0.0,4.02,3.73,2.67,3.81
235,3.9167,3.764,21.094,-0.001,0.4684,0.23,-1.43,-0.04,3.279,0.0,0.0,-0.0,0.0,0.0,0.0,3.59,2.56,3.46,3.51
236,3.9333,3.778,21.102,0.0,0.4687,0.12,-1.39,-0.04,3.779,0.0,0.0,-0.0,0.0,0.0,0.0,3.96,3.51,3.56,4.08
237,3.95,3.792,21.111,0.0,0.469,0.1,-1.38,-0.04,3.631,0.0,0.0,-0.0,0.0,0.0,0.0,3.58,3.6,3.63,3.71
238,3.9667,3.806,21.12,0.0,0.4689,0.09,-1.39,-0.04,3.956,0.0,0.0,-0.0,0.0,0.0,0.0,3.55,4.79,3.83,3.66
239,3.9833,3.819,21.129,0.001,0.4682,0.07,-1.39,-0.04,3.765,0.0,0.0,-0.0,0.0,0.0,0.0,3.73,3.81,3.75,3.77
240,4.0,3.833,21.137,-0.0,0.4677,0.18,-1.38,-0.04,3.513,0.0,0.0,-0.0,0.0,0.0,0.0,3.79,3.61,2.88,3.77
241,4.0167,3.847,21.146,-0.001,0.4687,0.22,-1.43,-0.05,3.638,0.0,0.0,-0.0,0.0,0.0,0.0,3.71,3.88,3.56,3.4
242,4.0333,3.861,21.154,-0.0,0.469,0.14,-1.39,-0.04,3.613,0.0,0.0,-0.0,0.0,0.0,0.0,3.86,3.55,3.56,3.48
243,4.05,3.875,21.163,0.0,0.469,0.08,-1.38,-0.04,3.614,0.0,0.0,-0.0,0.0,0.0,0.0,3.33,3.75,3.8,3.57
244,4.0667,3.889,21.172,0.0,0.469,0.08,-1.38,-0.04,3.737,0.0,0.0,-0.0,0.0,0.0,0.0,3.7,3.71,3.8,3.74
245,4.0833,3.903,21.181,0.001,0.4685,0.07,-1.37,-0.05,3.827,0.0,0.0,-0.0,0.0,0.0,0.0,3.79,3.83,3.89,3.8
246,4.1,3.917,21.19,0.0,0.4686,0.12,-1.18,-0.06,3.309,0.0,0.0,-0.0,0.0,0.0,0.0,2.49,3.27,3.84,3.62
247,4.1167,3.931,21.199,0.0,0.4705,0.11,-1.09,-0.06,3.725,0.0,0.0,-0.0,0.0,0.0,0.0,3.63,3.65,3.92,3.7
248,4.1333,3.944,21.209,0.0,0.4719,0.1,-1.0,-0.06,3.711,0.0,0.0,-0.0,0.0,0.0,0.0,3.5,3.63,3.96,3.75
249,4.15,3.958,21.218,0.0,0.4727,0.1,-0.91,-0.06,3.767,0.0,0.0,-0.0,0.0,0.0,0.0,3.7,3.77,3.84,3.76
250,4.1667,3.972,21.228,0.0,0.4732,0.1,-0.84,-0.05,3.949,0.0,0.0,-0.0,0.0,0.0,0.0,3.98,3.78,4.0,4.03
251,4.1833,3.986,21.237,0.0,0.4733,0.09,-0.81,-0.05,3.683,0.0,0.0,-0.0,0.0,0.0,0.0,3.07,3.9,3.96,3.8
252,4.2,4.0,21.247,0.0,0.4727,0.09,-0.76,-0.05,4.014,0.0,0.0,-0.0,0.0,0.0,0.0,4.01,4.24,3.98,3.83
253,4.2167,4.014,21.257,0.001,0.4725,0.05,-0.79,-0.04,3.886,0.0,0.0,-0.0,0.0,0.0,0.0,3.43,5.16,3.45,3.51
254,4.2333,4.028,21.266,0.001,0.4735,0.06,-0.73,-0.04,3.827,0.0,0.0,-0.0,0.0,0.0,0.0,3.05,3.63,4.64,3.99
255,4.25,4.042,21.275,0.0,0.4741,0.1,-0.72,-0.04,3.834,0.0,0.0,-0.0,0.0,0.0,0.0,3.96,3.94,4.3,3.14
256,4.2667,4.056,21.284,0.0,0.4743,0.11,-0.72,-0.04,3.961,0.0,0.0,-0.0,0.0,0.0,0.0,3.88,4.16,3.94,3.87
257,4.2833,4.069,21.293,0.0,0.4738,0.11,-0.72,-0.04,3.508,0.0,0.0,-0.0,0.0,0.0,0.0,2.36,3.66,4.04,3.96
258,4.3,4.083,21.303,0.001,0.4739,0.04,-0.82,-0.06,4.65,0.0,0.0,-0.0,0.0,0.0,0.0,4.45,4.96,4.89,4.3
259,4.3167,4.097,21.311,0.001,0.475,0.01,-1.09,-0.05,3.268,0.0,0.0,-0.0,0.0,0.0,0.0,3.1,3.6,2.84,3.54
260,4.3333,4.111,21.318,0.001,0.4767,0.03,-1.17,-0.03,3.907,0.0,0.0,-0.0,0.0,0.0,0.0,4.32,3.43,3.77,4.11
261,4.35,4.125,21.327,0.0,0.4779,0.08,-1.29,-0.03,3.938,0.0,0.0,-0.0,0.0,0.0,0.0,4.04,3.77,3.84,4.11
262,4.3667,4.139,21.335,0.0,0.4789,0.12,-1.38,-0.03,3.874,0.0,0.0,-0.0,0.0,0.0,0.0,4.15,3.81,3.75,3.78
263,4.3833,4.153,21.344,0.0,0.4793,0.13,-1.45,-0.03,4.016,0.0,0.0,-0.0,0.0,0.0,0.0,4.14,4.11,3.91,3.91
264,4.4,4.167,21.353,0.001,0.4792,0.04,-1.44,-0.02,4.243,0.0,0.0,-0.0,0.0,0.0,0.0,4.16,5.05,3.85,3.92
265,4.4167,4.181,21.363,0.001,0.4787,-0.05,-1.45,-0.02,3.983,0.0,0.0,-0.0,0.0,0.0,0.0,3.85,4.12,3.89,4.07
266,4.4333,4.194,21.372,0.001,0.4791,0.07,-1.5,-0.02,3.076,0.0,0.0,-0.0,0.0,0.0,0.0,3.96,3.79,1.78,2.77
267,4.45,4.208,21.382,0.0,0.4799,0.1,-1.49,-0.02,3.97,0.0,0.0,-0.0,0.0,0.0,0.0,3.76,4.16,4.16,3.79
268,4.4667,4.222,21.391,0.0,0.4801,0.11,-1.48,-0.02,3.912,0.0,0.0,-0.0,0.0,0.0,0.0,4.07,3.4,4.18,4.0
269,4.4833,4.236,21.401,0.0,0.4797,0.12,-1.48,-0.02,3.849,0.0,0.0,-0.0,0.0,0.0,0.0,3.14,3.94,4.23,4.09
270,4.5,4.25,21.411,0.0,0.4787,0.1,-1.46,-0.02,4.233,0.0,0.0,-0.0,0.0,0.0,0.0,4.25,4.24,4.23,4.22
271,4.5167,4.264,21.421,0.0,0.4784,0.1,-1.51,-0.02,3.611,0.0,0.0,-0.0,0.0,0.0,0.0,3.19,3.69,3.59,3.97
272,4.5333,4.278,21.43,0.0,0.4794,0.11,-1.5,-0.01,5.309,0.0,0.0,-0.0,0.0,0.0,0.0,9.29,3.8,3.89,4.25
273,4.55,4.292,21.44,0.0,0.4799,0.12,-1.48,-0.01,4.116,0.0,0.0,-0.0,0.0,0.0,0.0,3.85,3.79,4.79,4.03
274,4.5667,4.306,21.45,0.0,0.48,0.11,-1.48,-0.01,4.096,0.0,0.0,-0.0,0.0,0.0,0.0,4.68,3.35,4.24,4.11
275,4.5833,4.319,21.46,0.0,0.4793,0.1,-1.46,-0.01,3.924,0.0,0.0,-0.0,0.0,0.0,0.0,3.94,4.29,4.2,3.26
276,4.6,4.333,21.47,0.0,0.4781,0.1,-1.47,-0.01,5.321,0.0,0.0,-0.0,0.0,0.0,0.0,5.68,5.28,4.89,5.43
277,4.6167,4.347,21.479,0.001,0.4787,0.05,-1.51,-0.0,3.476,0.0,0.0,-0.0,0.0,0.0,0.0,3.09,3.84,3.11,3.87
278,4.6333,4.361,21.489,0.0,0.4797,0.09,-1.5,-0.0,4.043,0.0,0.0,-0.0,0.0,0.0,0.0,4.0,3.81,4.31,4.04
279,4.65,4.375,21.499,0.0,0.4801,0.1,-1.49,-0.0,4.259,0.0,0.0,-0.0,0.0,0.0,0.0,4.33,4.16,4.47,4.08
280,4.6667,4.389,21.509,0.0,0.4799,0.12,-1.47,-0.01,4.35,0.0,0.0,-0.0,0.0,0.0,0.0,4.62,4.4,4.37,4.01
281,4.6833,4.403,21.519,0.0,0.479,0.11,-1.45,-0.01,4.343,0.0,0.0,-0.0,0.0,0.0,0.0,4.28,4.38,4.35,4.36
282,4.7,4.417,21.529,-0.0,0.4785,0.17,-1.51,-0.01,3.995,0.0,0.0,-0.0,0.0,0.0,0.0,3.66,4.28,3.75,4.29
283,4.7167,4.431,21.539,-0.001,0.4797,0.26,-1.54,-0.02,4.078,0.0,0.0,-0.0,0.0,0.0,0.0,4.44,4.44,3.77,3.67
284,4.7333,4.444,21.548,0.0,0.4798,0.14,-1.49,-0.02,3.511,0.0,0.0,-0.0,0.0,0.0,0.0,1.17,3.21,5.62,4.05
285,4.75,4.458,21.559,0.0,0.48,0.12,-1.48,-0.02,4.408,0.0,0.0,-0.0,0.0,0.0,0.0,4.29,4.83,4.38,4.13
286,4.7667,4.472,21.569,0.001,0.4795,0.1,-1.47,-0.02,4.243,0.0,0.0,-0.0,0.0,0.0,0.0,4.23,4.41,4.49,3.85
287,4.7833,4.486,21.58,0.0,0.4788,0.13,-1.52,-0.02,4.161,0.0,0.0,-0.0,0.0,0.0,0.0,4.4,4.19,4.46,3.59
288,4.8,4.5,21.589,-0.0,0.4798,0.26,-1.56,-0.04,4.279,0.0,0.0,-0.0,0.0,0.0,0.0,4.43,4.41,3.99,4.29
289,4.8167,4.514,21.599,0.0,0.48,0.15,-1.49,-0.03,5.221,0.0,0.0,-0.0,0.0,0.0,0.0,4.46,4.0,4.62,7.8
290,4.8333,4.528,21.61,0.001,0.48,0.11,-1.49,-0.06,4.25,0.0,0.0,-0.0,0.0,0.0,0.0,4.31,3.08,4.93,4.68
291,4.85,4.542,21.62,0.001,0.4798,0.09,-1.47,-0.05,5.333,0.0,0.0,-0.0,0.0,0.0,0.0,6.83,4.71,4.54,5.25
292,4.8667,4.556,21.631,0.001,0.4788,0.08,-1.45,-0.05,4.459,0.0,0.0,-0.0,0.0,0.0,0.0,4.33,4.46,4.55,4.51
293,4.8833,4.569,21.641,0.0,0.4789,0.19,-1.52,-0.04,4.616,0.0,0.0,-0.0,0.0,0.0,0.0,4.75,4.1,4.65,4.97
294,4.9,4.583,21.651,0.001,0.4798,0.17,-1.51,-0.04,4.453,0.0,0.0,-0.0,0.0,0.0,0.0,4.62,4.2,4.41,4.59
295,4.9167,4.597,21.661,0.001,0.48,0.11,-1.48,-0.04,4.024,0.0,0.0,-0.0,0.0,0.0,0.0,2.14,4.42,5.34,4.2
296,4.9333,4.611,21.672,0.001,0.48,0.1,-1.48,-0.03,4.533,0.0,0.0,-0.0,0.0,0.0,0.0,4.4,3.45,4.6,5.68
297,4.95,4.625,21.683,0.001,0.4793,0.12,-1.45,-0.03,2.092,0.0,0.0,-0.0,0.0,0.0,0.0,5.89,-0.48,4.3,-1.34
298,4.9667,4.639,21.694,0.001,0.4808,0.1,-1.19,-0.02,5.121,0.0,0.0,-0.0,0.0,0.0,0.0,4.06,4.09,4.31,8.02
299,4.9833,4.653,21.704,0.001,0.4828,0.15,-1.11,-0.02,4.106,0.0,0.0,-0.0,0.0,0.0,0.0,4.59,4.38,4.08,3.38
300,5.0,4.667,21.715,0.001,0.4839,0.15,-1.0,-0.03,4.236,0.0,0.0,-0.0,0.0,0.0,0.0,4.41,3.76,4.79,3.98
301,5.0167,4.681,21.726,0.001,0.4844,0.16,-0.89,-0.04,4.346,0.0,0.0,-0.0,0.0,0.0,0.0,4.66,4.5,4.25,3.97
302,5.0333,4.694,21.738,0.001,0.4841,0.15,-0.79,-0.02,4.61,0.0,0.0,-0.0,0.0,0.0,0.0,4.49,4.69,4.71,4.54
303,5.05,4.708,21.749,0.001,0.4834,0.14,-0.75,-0.02,5.592,0.0,0.0,-0.0,0.0,0.0,0.0,6.01,4.96,6.03,5.37
304,5.0667,4.722,21.76,0.001,0.4843,0.09,-0.85,-0.03,4.321,0.0,0.0,-0.0,0.0,0.0,0.0,4.11,4.2,4.7,4.28
305,5.0833,4.736,21.77,0.001,0.485,0.09,-0.79,-0.03,4.799,0.0,0.0,-0.0,0.0,0.0,0.0,5.77,4.32,4.74,4.37
306,5.1,4.75,21.781,0.001,0.4851,0.09,-0.75,-0.03,4.581,0.0,0.0,-0.0,0.0,0.0,0.0,4.74,4.36,4.77,4.45
307,5.1167,4.764,21.793,0.001,0.4851,0.09,-0.78,-0.03,4.435,0.0,0.0,-0.0,0.0,0.0,0.0,4.86,4.91,4.56,3.41
308,5.1333,4.778,21.803,0.002,0.4856,0.08,-0.8,-0.03,5.01,0.0,0.0,-0.0,0.0,0.0,0.0,5.19,4.96,5.04,4.84
309,5.15,4.792,21.813,0.001,0.4873,0.17,-1.01,-0.03,4.939,0.0,0.0,-0.0,0.0,0.0,0.0,5.44,4.82,4.86,4.64
310,5.1667,4.806,21.823,0.001,0.4887,0.15,-1.18,-0.03,4.527,0.0,0.0,-0.0,0.0,0.0,0.0,4.47,4.79,4.72,4.13
311,5.1833,4.819,21.833,0.001,0.4898,0.11,-1.31,-0.03,4.47,0.0,0.0,-0.0,0.0,0.0,0.0,4.52,4.41,4.88,4.06
312,5.2,4.833,21.843,0.001,0.4903,0.14,-1.39,-0.03,4.785,0.0,0.0,-0.0,0.0,0.0,0.0,4.52,5.32,4.82,4.48
313,5.2167,4.847,21.854,0.001,0.4901,0.14,-1.46,-0.04,4.361,0.0,0.0,-0.0,0.0,0.0,0.0,4.64,4.88,3.08,4.84
314,5.2333,4.861,21.864,0.001,0.49,0.14,-1.67,-0.03,4.187,0.0,0.0,-0.0,0.0,0.0,0.0,3.65,4.27,4.35,4.48
315,5.25,4.875,21.874,0.001,0.4912,0.14,-1.62,-0.03,4.513,0.0,0.0,-0.0,0.0,0.0,0.0,4.49,4.45,4.96,4.15
316,5.2667,4.889,21.885,0.001,0.4918,0.13,-1.57,-0.03,4.662,0.0,0.0,-0.0,0.0,0.0,0.0,4.77,4.63,4.87,4.38
317,5.2833,4.903,21.896,0.001,0.4915,0.12,-1.54,-0.03,4.959,0.0,0.0,-0.0,0.0,0.0,0.0,4.12,4.65,4.81,6.26
318,5.3,4.917,21.908,0.001,0.4905,0.12,-1.51,-0.03,4.842,0.0,0.0,-0.0,0.0,0.0,0.0,5.7,4.89,3.74,5.04
319,5.3167,4.931,21.919,0.001,0.4903,0.07,-1.64,-0.03,4.994,0.0,0.0,-0.0,0.0,0.0,0.0,4.94,5.06,5.08,4.89
320,5.3333,4.944,21.93,0.001,0.4913,0.1,-1.63,-0.03,4.576,0.0,0.0,-0.0,0.0,0.0,0.0,4.46,4.34,4.94,4.56
321,5.35,4.958,21.941,0.001,0.4919,0.1,-1.59,-0.03,4.806,0.0,0.0,-0.0,0.0,0.0,0.0,4.92,4.86,4.98,4.46
322,5.3667,4.972,21.953,0.001,0.4916,0.13,-1.54,-0.03,4.881,0.0,0.0,-0.0,0.0,0.0,0.0,5.69,4.78,5.04,4.02
323,5.3833,4.986,21.965,0.001,0.4904,0.14,-1.49,-0.04,5.246,0.0,0.0,-0.0,0.0,0.0,0.0,5.73,5.05,5.03,5.17
324,5.4,5.0,21.976,0.001,0.4908,0.18,-1.66,-0.03,4.775,0.0,0.0,-0.0,0.0,0.0,0.0,4.86,5.65,4.06,4.53
325,5.4167,5.014,21.987,0.0,0.4915,0.21,-1.62,-0.04,4.874,0.0,0.0,-0.0,0.0,0.0,0.0,5.02,5.02,5.36,4.09
326,5.4333,5.028,21.998,0.001,0.4917,0.15,-1.56,-0.04,4.842,0.0,0.0,-0.0,0.0,0.0,0.0,4.65,5.02,5.03,4.66
327,5.45,5.042,22.009,0.001,0.4914,0.12,-1.54,-0.04,5.331,0.0,0.0,-0.0,0.0,0.0,0.0,7.29,4.71,5.04,4.28
328,5.4667,5.056,22.021,0.001,0.4909,0.13,-1.59,-0.05,5.289,0.0,0.0,-0.0,0.0,0.0,0.0,5.46,5.24,5.04,5.42
329,5.4833,5.069,22.032,0.0,0.4915,0.2,-1.65,-0.05,4.907,0.0,0.0,-0.0,0.0,0.0,0.0,5.05,4.84,4.79,4.96
330,5.5,5.083,22.044,0.0,0.4918,0.18,-1.59,-0.09,4.751,0.0,0.0,-0.0,0.0,0.0,0.0,5.08,4.65,4.96,4.31
331,5.5167,5.097,22.056,0.0,0.4918,0.12,-1.55,-0.09,5.046,0.0,0.0,-0.0,0.0,0.0,0.0,5.0,5.09,5.13,4.97
332,5.5333,5.111,22.067,0.001,0.4911,0.1,-1.52,-0.1,5.231,0.0,0.0,-0.0,0.0,0.0,0.0,6.16,5.18,5.09,4.48
333,5.55,5.125,22.079,0.0,0.4909,0.13,-1.58,-0.1,5.19,0.0,0.0,-0.0,0.0,0.0,0.0,5.15,5.13,5.13,5.35
334,5.5667,5.139,22.091,-0.0,0.4915,0.2,-1.65,-0.09,4.96,0.0,0.0,-0.0,0.0,0.0,0.0,5.11,4.86,4.85,5.03
335,5.5833,5.153,22.102,-0.0,0.4917,0.17,-1.59,-0.13,4.972,0.0,0.0,-0.0,0.0,0.0,0.0,5.14,5.54,4.88,4.33
336,5.6,5.167,22.114,0.0,0.4918,0.11,-1.55,-0.13,5.086,0.0,0.0,-0.0,0.0,0.0,0.0,4.95,5.13,5.21,5.05
337,5.6167,5.181,22.126,0.0,0.4911,0.1,-1.51,-0.13,5.546,0.0,0.0,-0.0,0.0,0.0,0.0,6.73,4.7,5.15,5.6
338,5.6333,5.194,22.139,0.001,0.4907,0.05,-1.6,-0.12,5.272,0.0,0.0,-0.0,0.0,0.0,0.0,5.19,5.36,5.33,5.2
339,5.65,5.208,22.15,-0.0,0.4911,0.12,-1.64,-0.12,4.602,0.0,0.0,-0.0,0.0,0.0,0.0,3.49,4.69,6.14,4.08
340,5.6667,5.222,22.162,-0.0,0.4918,0.12,-1.59,-0.11,4.961,0.0,0.0,-0.0,0.0,0.0,0.0,4.85,5.0,5.2,4.8
341,5.6833,5.236,22.174,-0.0,0.4917,0.12,-1.53,-0.11,5.103,0.0,0.0,-0.0,0.0,0.0,0.0,6.02,5.0,5.27,4.11
342,5.7,5.25,22.187,-0.0,0.4919,0.13,-1.29,-0.1,5.395,0.0,0.0,-0.0,0.0,0.0,0.0,7.18,4.11,5.06,5.23
343,5.7167,5.264,22.199,0.0,0.4945,0.09,-1.08,-0.1,4.999,0.0,0.0,-0.0,0.0,0.0,0.0,4.57,5.36,4.84,5.22
344,5.7333,5.278,22.212,-0.0,0.496,0.14,-0.96,-0.1,6.179,0.0,0.0,-0.0,0.0,0.0,0.0,5.03,6.74,8.08,4.86
345,5.75,5.292,22.225,-0.0,0.4971,0.11,-0.89,-0.09,4.972,0.0,0.0,-0.0,0.0,0.0,0.0,3.84,4.82,5.27,5.96
346,5.7667,5.306,22.238,-0.0,0.4971,0.11,-0.81,-0.09,5.225,0.0,0.0,-0.0,0.0,0.0,0.0,5.36,5.19,5.27,5.08
347,5.7833,5.319,22.251,0.001,0.4968,0.03,-0.78,-0.1,5.334,0.0,0.0,-0.0,0.0,0.0,0.0,5.37,5.5,5.37,5.09
348,5.8,5.333,22.263,0.001,0.4974,0.01,-0.9,-0.1,5.419,0.0,0.0,-0.0,0.0,0.0,0.0,5.51,5.33,5.32,5.51
349,5.8167,5.347,22.276,-0.0,0.4977,0.11,-0.84,-0.09,4.99,0.0,0.0,-0.0,0.0,0.0,0.0,4.35,5.21,5.29,5.11
350,5.8333,5.361,22.288,-0.0,0.4976,0.14,-0.77,-0.09,4.988,0.0,0.0,-0.0,0.0,0.0,0.0,4.69,4.68,5.63,4.97
351,5.85,5.375,22.301,-0.0,0.4975,0.16,-0.84,-0.09,6.521,0.0,0.0,-0.0,0.0,0.0,0.0,6.76,6.05,6.96,6.31
352,5.8667,5.389,22.312,-0.0,0.499,0.15,-1.22,-0.09,5.502,0.0,0.0,-0.0,0.0,0.0,0.0,5.82,5.27,5.78,5.14
353,5.8833,5.403,22.322,-0.001,0.5007,0.17,-1.38,-0.1,4.836,0.0,0.0,-0.0,0.0,0.0,0.0,5.16,4.69,4.89,4.6
354,5.9,5.417,22.333,-0.0,0.5023,0.15,-1.43,-0.09,5.382,0.0,0.0,-0.0,0.0,0.0,0.0,5.27,4.97,6.09,5.19
355,5.9167,5.431,22.345,-0.0,0.503,0.12,-1.5,-0.08,5.666,0.0,0.0,-0.0,0.0,0.0,0.0,5.49,5.35,5.9,5.93
356,5.9333,5.444,22.357,-0.0,0.5035,0.1,-1.63,-0.09,5.677,0.0,0.0,-0.0,0.0,0.0,0.0,5.44,6.75,5.26,5.25
357,5.95,5.458,22.369,-0.0,0.5029,0.11,-1.8,-0.09,4.056,0.0,0.0,-0.0,0.0,0.0,0.0,3.75,3.1,5.14,4.23
358,5.9667,5.472,22.38,-0.0,0.504,0.1,-1.73,-0.08,5.153,0.0,0.0,-0.0,0.0,0.0,0.0,4.82,4.92,5.43,5.43
359,5.9833,5.486,22.393,-0.0,0.5042,0.13,-1.64,-0.07,5.311,0.0,0.0,-0.0,0.0,0.0,0.0,5.75,5.19,5.51,4.79
360,6.0,5.5,22.406,-0.0,0.5033,0.15,-1.55,-0.08,5.327,0.0,0.0,-0.0,0.0,0.0,0.0,5.23,6.15,4.32,5.61
361,6.0167,5.514,22.419,-0.0,0.5035,0.16,-1.72,-0.09,5.494,0.0,0.0,-0.0,0.0,0.0,0.0,5.41,5.84,5.9,4.82
362,6.0333,5.528,22.431,-0.001,0.5038,0.27,-1.76,-0.09,4.73,0.0,0.0,-0.0,0.0,0.0,0.0,5.45,4.97,3.8,4.69
363,6.05,5.542,22.444,-0.001,0.504,0.2,-1.64,-0.09,5.365,0.0,0.0,-0.0,0.0,0.0,0.0,5.18,5.53,5.55,5.2
364,6.0667,5.556,22.457,-0.0,0.5036,0.14,-1.58,-0.08,5.258,0.0,0.0,-0.0,0.0,0.0,0.0,5.33,5.2,5.55,4.95
365,6.0833,5.569,22.47,-0.0,0.5037,0.15,-1.71,-0.09,5.395,0.0,0.0,-0.0,0.0,0.0,0.0,5.69,5.69,5.84,4.36
366,6.1,5.583,22.482,-0.001,0.504,0.23,-1.76,-0.08,5.397,0.0,0.0,-0.0,0.0,0.0,0.0,5.58,4.86,5.51,5.64
367,6.1167,5.597,22.495,-0.001,0.504,0.2,-1.63,-0.12,5.101,0.0,0.0,-0.0,0.0,0.0,0.0,3.17,5.5,6.52,5.21
368,6.1333,5.611,22.508,-0.001,0.5039,0.14,-1.59,-0.13,5.716,0.0,0.0,-0.0,0.0,0.0,0.0,6.32,5.59,5.62,5.34
369,6.15,5.625,22.521,-0.0,0.5037,0.12,-1.64,-0.13,5.753,0.0,0.0,-0.0,0.0,0.0,0.0,5.77,5.69,5.6,5.95
370,6.1667,5.639,22.533,-0.001,0.5037,0.15,-1.75,-0.11,4.854,0.0,0.0,-0.0,0.0,0.0,0.0,4.08,4.72,4.95,5.66
371,6.1833,5.653,22.546,-0.001,0.5041,0.25,-1.71,-0.12,6.034,0.0,0.0,-0.0,0.0,0.0,0.0,5.59,7.94,5.81,4.79
372,6.2,5.667,22.558,-0.001,0.5041,0.16,-1.62,-0.11,5.481,0.0,0.0,-0.0,0.0,0.0,0.0,5.33,5.65,5.66,5.28
373,6.2167,5.681,22.572,-0.0,0.5035,0.1,-1.58,-0.11,6.52,0.0,0.0,-0.0,0.0,0.0,0.0,6.65,5.77,5.92,7.74
374,6.2333,5.694,22.585,-0.0,0.5034,0.06,-1.7,-0.12,5.441,0.0,0.0,-0.0,0.0,0.0,0.0,5.67,4.66,5.75,5.68
375,6.25,5.708,22.597,-0.001,0.5035,0.18,-1.74,-0.12,5.47,0.0,0.0,-0.0,0.0,0.0,0.0,4.26,5.27,7.48,4.87
376,6.2667,5.722,22.61,-0.001,0.5042,0.16,-1.65,-0.11,5.487,0.0,0.0,-0.0,0.0,0.0,0.0,5.32,5.64,5.74,5.24
377,6.2833,5.736,22.624,-0.0,0.5038,0.12,-1.58,-0.1,5.845,0.0,0.0,-0.0,0.0,0.0,0.0,5.35,6.05,5.73,6.25
378,6.3,5.75,22.637,0.0,0.5033,0.05,-1.65,-0.1,5.958,0.0,0.0,-0.0,0.0,0.0,0.0,5.81,6.15,6.04,5.83
379,6.3167,5.764,22.65,-0.0,0.5033,0.12,-1.74,-0.09,5.158,0.0,0.0,-0.0,0.0,0.0,0.0,4.97,5.01,5.17,5.48
380,6.3333,5.778,22.663,-0.001,0.5039,0.18,-1.69,-0.09,5.316,0.0,0.0,-0.0,0.0,0.0,0.0,5.72,5.76,4.77,5.02
381,6.35,5.792,22.676,-0.0,0.5036,0.08,-1.63,-0.08,2.495,0.0,0.0,-0.0,0.0,0.0,0.0,5.66,-6.65,5.62,5.35
382,6.3667,5.806,22.69,-0.0,0.506,0.07,-1.32,-0.1,5.173,0.0,0.0,-0.0,0.0,0.0,0.0,5.79,5.66,4.69,4.55
383,6.3833,5.819,22.703,-0.0,0.5085,0.08,-1.14,-0.09,5.636,0.0,0.0,-0.0,0.0,0.0,0.0,5.19,6.04,5.81,5.5
384,6.4,5.833,22.718,-0.0,0.5099,0.06,-1.02,-0.09,5.455,0.0,0.0,-0.0,0.0,0.0,0.0,4.61,5.84,5.81,5.56
385,6.4167,5.847,22.732,0.0,0.5101,0.05,-0.89,-0.08,5.685,0.0,0.0,-0.0,0.0,0.0,0.0,5.7,5.59,5.83,5.62
386,6.4333,5.861,22.746,0.0,0.5096,0.05,-0.83,-0.09,6.277,0.0,0.0,-0.0,0.0,0.0,0.0,6.35,6.18,6.63,5.95
387,6.45,5.875,22.76,-0.0,0.5098,0.11,-0.98,-0.08,4.364,0.0,0.0,-0.0,0.0,0.0,0.0,1.06,5.3,5.87,5.22
388,6.4667,5.889,22.774,-0.001,0.5102,0.25,-0.9,-0.08,5.431,0.0,0.0,-0.0,0.0,0.0,0.0,5.52,7.69,3.63,4.89
389,6.4833,5.903,22.788,-0.001,0.5101,0.2,-0.75,-0.08,5.728,0.0,0.0,-0.0,0.0,0.0,0.0,5.7,5.87,5.72,5.63
390,6.5,5.917,22.801,-0.001,0.5114,0.19,-0.92,-0.05,6.138,0.0,0.0,-0.0,0.0,0.0,0.0,6.93,5.97,7.08,4.58
391,6.5167,5.931,22.813,-0.001,0.5132,0.2,-1.32,-0.14,5.87,0.0,0.0,-0.0,0.0,0.0,0.0,6.3,5.91,5.93,5.34
392,6.5333,5.944,22.825,-0.002,0.5145,0.22,-1.51,-0.14,5.511,0.0,0.0,-0.0,0.0,0.0,0.0,5.29,5.64,5.88,5.23
393,6.55,5.958,22.837,-0.001,0.516,0.17,-1.57,-0.12,5.637,0.0,0.0,-0.0,0.0,0.0,0.0,5.64,5.11,5.95,5.85
394,6.5667,5.972,22.849,-0.001,0.5167,0.12,-1.68,-0.13,5.612,0.0,0.0,-0.0,0.0,0.0,0.0,4.16,7.64,5.73,4.92
395,6.5833,5.986,22.862,-0.001,0.517,0.09,-1.84,-0.13,4.79,0.0,0.0,-0.0,0.0,0.0,0.0,5.62,3.43,5.96,4.15
396,6.6,6.0,22.875,-0.001,0.5168,0.24,-1.8,-0.06,5.746,0.0,0.0,-0.0,0.0,0.0,0.0,5.58,5.73,5.94,5.74
397,6.6167,6.014,22.889,-0.002,0.5169,0.31,-1.66,-0.07,5.993,0.0,0.0,-0.0,0.0,0.0,0.0,8.88,6.02,3.77,5.3
398,6.6333,6.028,22.902,-0.001,0.517,0.13,-1.72,-0.06,5.995,0.0,0.0,-0.0,0.0,0.0,0.0,5.29,5.34,5.88,7.47
399,6.65,6.042,22.916,-0.0,0.5171,0.11,-1.88,-0.07,4.721,0.0,0.0,-0.0,0.0,0.0,0.0,4.85,5.51,6.03,2.49
400,6.6667,6.056,22.929,-0.002,0.5171,0.26,-1.79,-0.06,5.798,0.0,0.0,-0.0,0.0,0.0,0.0,6.07,5.5,5.6,6.02
401,6.6833,6.069,22.943,-0.002,0.5171,0.29,-1.61,-0.07,5.64,0.0,0.0,-0.0,0.0,0.0,0.0,5.19,6.1,5.76,5.52
402,6.7,6.083,22.957,-0.001,0.517,0.13,-1.69,-0.03,5.723,0.0,0.0,-0.0,0.0,0.0,0.0,3.99,6.08,6.31,6.51
403,6.7167,6.097,22.971,-0.001,0.5172,0.05,-1.88,-0.03,5.443,0.0,0.0,-0.0,0.0,0.0,0.0,6.22,5.18,6.02,4.35
404,6.7333,6.111,22.985,-0.002,0.517,0.18,-1.77,-0.01,4.826,0.0,0.0,-0.0,0.0,0.0,0.0,4.55,6.22,2.6,5.93
405,6.75,6.125,22.999,-0.002,0.517,0.27,-1.64,-0.02,5.69,0.0,0.0,-0.0,0.0,0.0,0.0,5.42,6.12,5.91,5.31
406,6.7667,6.139,23.013,-0.002,0.5172,0.13,-1.71,-0.01,6.113,0.0,0.0,-0.0,0.0,0.0,0.0,6.16,6.12,6.1,6.07
407,6.7833,6.153,23.027,-0.001,0.5168,0.07,-1.81,-0.02,6.62,0.0,0.0,-0.0,0.0,0.0,0.0,7.3,6.95,6.09,6.15
408,6.8,6.167,23.041,-0.002,0.5166,0.23,-1.84,0.02,5.013,0.0,0.0,-0.0,0.0,0.0,0.0,3.06,5.78,6.12,5.1
409,6.8167,6.181,23.055,-0.003,0.5172,0.18,-1.73,-0.09,5.937,0.0,0.0,-0.0,0.0,0.0,0.0,6.57,5.87,6.2,5.11
410,6.8333,6.194,23.069,-0.002,0.5168,0.13,-1.67,-0.09,5.894,0.0,0.0,-0.0,0.0,0.0,0.0,5.93,2.41,7.99,7.25
411,6.85,6.208,23.084,-0.001,0.5167,0.02,-1.83,-0.06,7.381,0.0,0.0,-0.0,0.0,0.0,0.0,9.1,7.73,6.2,6.49
412,6.8667,6.222,23.098,-0.002,0.5172,0.1,-1.83,-0.09,6.044,0.0,0.0,-0.0,0.0,0.0,0.0,6.33,5.43,6.21,6.2
413,6.8833,6.236,23.112,-0.003,0.517,0.21,-1.78,-0.09,5.792,0.0,0.0,-0.0,0.0,0.0,0.0,6.07,6.27,4.89,5.94
414,6.9,6.25,23.126,-0.002,0.5171,0.11,-1.73,-0.1,6.153,0.0,0.0,-0.0,0.0,0.0,0.0,6.22,6.25,5.92,6.22
415,6.9167,6.264,23.14,-0.002,0.5173,0.05,-1.83,-0.09,6.175,0.0,0.0,-0.0,0.0,0.0,0.0,5.93,6.2,6.28,6.28
416,6.9333,6.278,23.154,-0.001,0.5177,0.07,-1.83,-0.02,5.77,0.0,0.0,-0.0,0.0,0.0,0.0,5.39,5.15,6.27,6.27
417,6.95,6.292,23.169,-0.002,0.5171,0.17,-1.7,0.03,5.947,0.0,0.0,-0.0,0.0,0.0,0.0,5.16,7.05,6.3,5.28
418,6.9667,6.306,23.183,-0.001,0.5185,0.06,-1.5,0.06,4.781,0.0,0.0,-0.0,0.0,0.0,0.0,3.73,5.84,4.18,5.38
419,6.9833,6.319,23.198,-0.002,0.5215,0.16,-1.24,0.03,6.438,0.0,0.0,-0.0,0.0,0.0,0.0,6.75,6.23,7.1,5.68
420,7.0,6.333,23.213,-0.002,0.5231,0.19,-1.02,0.02,6.186,0.0,0.0,-0.0,0.0,0.0,0.0,6.14,6.38,6.29,5.93
421,7.0167,6.347,23.229,-0.002,0.5234,0.15,-0.85,0.03,6.678,0.0,0.0,-0.0,0.0,0.0,0.0,7.05,6.49,6.7,6.47
422,7.0333,6.361,23.244,-0.001,0.5236,0.03,-0.87,0.04,5.987,0.0,0.0,-0.0,0.0,0.0,0.0,7.06,6.56,3.98,6.34
423,7.05,6.375,23.259,-0.001,0.5236,0.07,-1.08,0.02,5.344,0.0,0.0,-0.0,0.0,0.0,0.0,4.78,8.76,6.17,1.67
424,7.0667,6.389,23.273,-0.002,0.5235,0.24,-0.91,0.06,6.69,0.0,0.0,-0.0,0.0,0.0,0.0,9.2,6.32,6.31,4.93
425,7.0833,6.403,23.288,-0.002,0.5238,0.19,-0.81,0.06,6.568,0.0,0.0,-0.0,0.0,0.0,0.0,6.45,6.36,6.82,6.64
426,7.1,6.417,23.301,-0.001,0.526,0.09,-1.2,0.09,7.105,0.0,0.0,-0.0,0.0,0.0,0.0,7.32,5.35,6.85,8.9
427,7.1167,6.431,23.313,-0.001,0.5279,0.13,-1.51,0.06,6.341,0.0,0.0,-0.0,0.0,0.0,0.0,7.94,5.67,5.42,6.34
428,7.1333,6.444,23.325,-0.002,0.5299,0.25,-1.75,0.06,6.134,0.0,0.0,-0.0,0.0,0.0,0.0,6.42,5.74,5.94,6.43
429,7.15,6.458,23.338,-0.002,0.5314,0.26,-1.84,0.03,6.233,0.0,0.0,-0.0,0.0,0.0,0.0,6.46,6.46,6.65,5.36
430,7.1667,6.472,23.351,-0.002,0.5316,0.19,-1.9,0.02,6.235,0.0,0.0,-0.0,0.0,0.0,0.0,6.46,6.46,6.43,5.58
431,7.1833,6.486,23.365,-0.002,0.5308,0.2,-1.86,0.05,5.982,0.0,0.0,-0.0,0.0,0.0,0.0,5.4,5.62,6.45,6.46
432,7.2,6.5,23.379,-0.002,0.5303,0.29,-1.75,0.04,6.134,0.0,0.0,-0.0,0.0,0.0,0.0,6.36,6.57,4.99,6.62
433,7.2167,6.514,23.393,-0.001,0.5311,0.13,-1.81,0.07,6.899,0.0,0.0,-0.0,0.0,0.0,0.0,7.12,8.03,6.49,5.96
434,7.2333,6.528,23.408,-0.001,0.5312,0.07,-1.94,0.02,6.291,0.0,0.0,-0.0,0.0,0.0,0.0,6.43,5.9,6.47,6.37
435,7.25,6.542,23.422,-0.001,0.531,0.17,-1.86,0.1,6.384,0.0,0.0,-0.0,0.0,0.0,0.0,6.68,5.79,6.53,6.54
436,7.2667,6.556,23.437,-0.002,0.5307,0.25,-1.8,0.09,7.487,0.0,0.0,-0.0,0.0,0.0,0.0,6.41,9.93,6.93,6.68
437,7.2833,6.569,23.452,-0.0,0.5312,0.12,-1.81,0.14,6.518,0.0,0.0,-0.0,0.0,0.0,0.0,6.55,6.21,6.71,6.6
438,7.3,6.583,23.467,0.0,0.5311,0.07,-1.95,0.13,5.952,0.0,0.0,-0.0,0.0,0.0,0.0,6.71,4.67,6.51,5.92
439,7.3167,6.597,23.482,0.001,0.5306,0.19,-1.94,0.25,6.14,0.0,0.0,-0.0,0.0,0.0,0.0,6.59,4.97,6.59,6.41
440,7.3333,6.611,23.497,0.001,0.5305,0.17,-1.75,0.27,6.758,0.0,0.0,-0.0,0.0,0.0,0.0,6.69,6.99,7.06,6.28
441,7.35,6.625,23.512,0.001,0.5313,0.14,-1.83,0.29,6.693,0.0,0.0,-0.0,0.0,0.0,0.0,6.62,6.93,6.6,6.62
442,7.3667,6.639,23.527,0.002,0.5306,0.1,-1.92,0.28,6.387,0.0,0.0,-0.0,0.0,0.0,0.0,6.46,6.75,6.61,5.73
443,7.3833,6.653,23.542,0.001,0.5306,0.17,-1.88,0.27,6.236,0.0,0.0,-0.0,0.0,0.0,0.0,6.56,5.84,6.07,6.47
444,7.4,6.667,23.558,0.001,0.531,0.15,-1.82,0.27,6.438,0.0,0.0,-0.0,0.0,0.0,0.0,6.61,6.61,6.08,6.45
445,7.4167,6.681,23.573,0.002,0.5312,0.08,-1.93,0.26,6.716,0.0,0.0,-0.0,0.0,0.0,0.0,6.58,6.93,6.67,6.68
446,7.4333,6.694,23.588,0.003,0.5313,-0.0,-1.96,0.26,6.625,0.0,0.0,-0.0,0.0,0.0,0.0,8.92,4.48,6.69,6.42
447,7.45,6.708,23.604,0.002,0.5308,0.15,-1.79,0.4,6.35,0.0,0.0,-0.0,0.0,0.0,0.0,6.71,5.26,6.71,6.71
448,7.4667,6.722,23.619,0.003,0.5313,0.16,-1.81,0.39,6.567,0.0,0.0,-0.0,0.0,0.0,0.0,6.58,6.49,6.53,6.66
449,7.4833,6.736,23.635,0.003,0.5311,0.13,-1.92,0.38,6.656,0.0,0.0,-0.0,0.0,0.0,0.0,6.64,6.73,6.74,6.52
450,7.5,6.75,23.65,0.003,0.5301,0.22,-1.86,0.44,6.3,0.0,0.0,-0.0,0.0,0.0,0.0,6.78,5.02,6.76,6.65
451,7.5167,6.764,23.665,0.003,0.5311,0.2,-1.82,0.43,6.638,0.0,0.0,-0.0,0.0,0.0,0.0,6.43,6.4,6.59,7.13
452,7.5333,6.778,23.68,0.004,0.5336,0.06,-1.62,0.41,6.439,0.0,0.0,-0.0,0.0,0.0,0.0,5.93,6.2,6.82,6.81
453,7.55,6.792,23.696,0.005,0.536,-0.06,-1.44,0.39,6.368,0.0,0.0,-0.0,0.0,0.0,0.0,6.8,5.24,6.77,6.66
454,7.5667,6.806,23.712,0.006,0.5371,-0.03,-1.13,0.44,6.464,0.0,0.0,-0.0,0.0,0.0,0.0,6.79,5.47,6.79,6.8
455,7.5833,6.819,23.728,0.005,0.5379,0.11,-1.02,0.43,7.499,0.0,0.0,-0.0,0.0,0.0,0.0,6.87,10.97,6.7,5.45
456,7.6,6.833,23.744,0.005,0.5381,0.13,-1.02,0.42,6.937,0.0,0.0,-0.0,0.0,0.0,0.0,7.41,6.74,6.74,6.86
457,7.6167,6.847,23.76,0.004,0.5375,0.25,-0.99,0.44,6.529,0.0,0.0,-0.0,0.0,0.0,0.0,6.84,5.76,6.84,6.67
458,7.6333,6.861,23.776,0.005,0.5383,0.23,-0.96,0.44,6.582,0.0,0.0,-0.0,0.0,0.0,0.0,6.92,6.47,6.36,6.57
459,7.65,6.875,23.792,0.005,0.5386,0.14,-0.94,0.43,3.664,0.0,0.0,-0.0,0.0,0.0,0.0,8.0,7.27,-7.87,7.25
460,7.6667,6.889,23.807,0.006,0.5415,0.09,-1.48,0.42,7.056,0.0,0.0,-0.0,0.0,0.0,0.0,6.5,8.82,6.35,6.55
461,7.6833,6.903,23.821,0.005,0.5439,0.18,-1.66,0.45,6.672,0.0,0.0,-0.0,0.0,0.0,0.0,6.87,6.07,6.83,6.91
462,7.7,6.917,23.835,0.005,0.545,0.22,-1.77,0.41,6.707,0.0,0.0,-0.0,0.0,0.0,0.0,6.82,6.88,7.21,5.92
463,7.7167,6.931,23.85,0.005,0.5453,0.15,-1.91,0.4,6.649,0.0,0.0,-0.0,0.0,0.0,0.0,6.67,6.41,7.1,6.42
464,7.7333,6.944,23.864,0.005,0.5448,0.17,-1.91,0.45,6.478,0.0,0.0,-0.0,0.0,0.0,0.0,7.05,4.83,7.03,6.99
465,7.75,6.958,23.88,0.005,0.5456,0.24,-1.92,0.44,6.389,0.0,0.0,-0.0,0.0,0.0,0.0,6.67,6.71,6.43,5.75
466,7.7667,6.972,23.895,0.005,0.5459,0.16,-1.92,0.4,6.633,0.0,0.0,-0.0,0.0,0.0,0.0,5.12,7.54,6.93,6.94
467,7.7833,6.986,23.911,0.006,0.5454,0.13,-1.98,0.48,6.698,0.0,0.0,-0.0,0.0,0.0,0.0,7.21,6.01,6.97,6.61
468,7.8,7.0,23.927,0.006,0.5443,0.16,-1.92,0.48,6.098,0.0,0.0,-0.0,0.0,0.0,0.0,6.94,5.14,7.15,5.17
469,7.8167,7.014,23.943,0.006,0.5455,0.14,-1.84,0.48,6.845,0.0,0.0,-0.0,0.0,0.0,0.0,6.93,6.73,6.72,7.0
470,7.8333,7.028,23.959,0.006,0.5456,0.19,-1.9,0.45,7.07,0.0,0.0,-0.0,0.0,0.0,0.0,7.33,7.0,7.01,6.94
471,7.85,7.042,23.976,0.006,0.5446,0.17,-2.0,0.43,6.922,0.0,0.0,-0.0,0.0,0.0,0.0,7.05,7.05,6.36,7.23
472,7.8667,7.056,23.992,0.006,0.5451,0.14,-1.91,0.42,6.754,0.0,0.0,-0.0,0.0,0.0,0.0,6.96,6.67,6.42,6.96
473,7.8833,7.069,24.008,0.007,0.5459,0.16,-1.93,0.41,7.373,0.0,0.0,-0.0,0.0,0.0,0.0,7.53,7.88,7.04,7.04
474,7.9,7.083,24.024,0.006,0.5456,0.17,-1.91,0.39,6.699,0.0,0.0,-0.0,0.0,0.0,0.0,6.01,7.07,7.03,6.69
475,7.9167,7.097,24.04,0.007,0.5446,0.14,-1.85,0.42,5.474,0.0,0.0,-0.0,0.0,0.0,0.0,6.59,2.2,5.37,7.74
476,7.9333,7.111,24.057,0.007,0.5459,0.17,-1.89,0.4,6.902,0.0,0.0,-0.0,0.0,0.0,0.0,6.87,6.93,6.71,7.09
477,7.95,7.125,24.073,0.007,0.5458,0.19,-1.96,0.36,6.572,0.0,0.0,-0.0,0.0,0.0,0.0,7.12,5.45,7.13,6.58
478,7.9667,7.139,24.09,0.007,0.5439,0.19,-1.96,0.35,5.368,0.0,0.0,-0.0,0.0,0.0,0.0,6.67,6.43,2.33,6.03
479,7.9833,7.153,24.106,0.007,0.5456,0.16,-1.9,0.33,6.926,0.0,0.0,-0.0,0.0,0.0,0.0,7.15,6.9,6.52,7.13
480,8.0,7.167,24.122,0.007,0.546,0.17,-1.93,0.32,6.698,0.0,0.0,-0.0,0.0,0.0,0.0,6.87,5.86,7.14,6.92
481,8.0167,7.181,24.139,0.007,0.5449,0.19,-2.01,0.28,6.553,0.0,0.0,-0.0,0.0,0.0,0.0,7.19,6.68,7.14,5.2
482,8.0333,7.194,24.155,0.007,0.5453,0.13,-1.93,0.29,6.771,0.0,0.0,-0.0,0.0,0.0,0.0,6.5,6.7,7.16,6.72
483,8.05,7.208,24.171,0.008,0.5462,0.16,-1.92,0.31,3.712,0.0,0.0,-0.0,0.0,0.0,0.0,6.61,9.74,6.6,-8.1
484,8.0667,7.222,24.187,0.009,0.549,0.04,-1.56,0.29,4.214,0.0,0.0,-0.0,0.0,0.0,0.0,-3.69,5.86,7.29,7.39
485,8.0833,7.236,24.204,0.008,0.5503,0.16,-1.24,0.25,2.398,0.0,0.0,-0.0,0.0,0.0,0.0,4.58,-0.37,6.79,-1.41
486,8.1,7.25,24.221,0.008,0.5524,0.18,-1.09,0.32,7.302,0.0,0.0,-0.0,0.0,0.0,0.0,6.4,7.29,7.54,7.97
487,8.1167,7.264,24.238,0.007,0.5526,0.19,-1.05,0.32,6.874,0.0,0.0,-0.0,0.0,0.0,0.0,6.96,6.54,7.23,6.77
488,8.1333,7.278,24.256,0.007,0.5515,0.25,-0.94,0.31,7.434,0.0,0.0,-0.0,0.0,0.0,0.0,8.76,7.44,6.26,7.28
489,8.15,7.292,24.273,0.008,0.5531,0.19,-0.97,0.28,7.082,0.0,0.0,-0.0,0.0,0.0,0.0,7.27,7.15,6.88,7.03
490,8.1667,7.306,24.289,0.008,0.5532,0.17,-0.98,0.3,7.249,0.0,0.0,-0.0,0.0,0.0,0.0,7.3,6.91,7.29,7.49
491,8.1833,7.319,24.305,0.009,0.5553,0.14,-1.42,0.29,7.78,0.0,0.0,-0.0,0.0,0.0,0.0,8.16,7.4,8.27,7.29
492,8.2,7.333,24.319,0.008,0.5577,0.26,-1.66,0.3,6.501,0.0,0.0,-0.0,0.0,0.0,0.0,6.68,6.04,7.33,5.95
493,8.2167,7.347,24.334,0.008,0.5594,0.18,-1.8,0.26,7.332,0.0,0.0,-0.0,0.0,0.0,0.0,7.31,6.64,7.34,8.04
494,8.2333,7.361,24.349,0.009,0.5598,0.18,-1.9,0.25,7.822,0.0,0.0,-0.0,0.0,0.0,0.0,7.55,8.9,7.34,7.5
495,8.25,7.375,24.365,0.009,0.5587,0.17,-2.03,0.23,6.276,0.0,0.0,-0.0,0.0,0.0,0.0,7.67,5.35,5.66,6.43
496,8.2667,7.389,24.381,0.009,0.5607,0.07,-1.94,0.24,6.796,0.0,0.0,-0.0,0.0,0.0,0.0,6.16,6.36,7.33,7.33
497,8.2833,7.403,24.397,0.009,0.5611,0.14,-1.97,0.29,7.229,0.0,0.0,-0.0,0.0,0.0,0.0,7.39,6.75,7.39,7.39
498,8.3,7.417,24.414,0.009,0.5599,0.22,-2.05,0.27,7.622,0.0,0.0,-0.0,0.0,0.0,0.0,7.48,8.75,6.9,7.37
499,8.3167,7.431,24.43,0.009,0.56,0.1,-2.03,0.28,7.325,0.0,0.0,-0.0,0.0,0.0,0.0,7.51,7.99,6.58,7.22
500,8.3333,7.444,24.447,0.009,0.5609,0.19,-2.01,0.21,7.071,0.0,0.0,-0.0,0.0,0.0,0.0,6.35,7.61,7.31,7.02
501,8.35,7.458,24.464,0.009,0.5607,0.22,-1.95,0.19,7.133,0.0,0.0,-0.0,0.0,0.0,0.0,7.47,7.47,7.47,6.12
502,8.3667,7.472,24.482,0.01,0.5598,0.1,-2.0,0.17,7.685,0.0,0.0,-0.0,0.0,0.0,0.0,6.85,6.1,7.85,9.94
503,8.3833,7.486,24.498,0.009,0.5611,0.18,-1.98,0.19,7.11,0.0,0.0,-0.0,0.0,0.0,0.0,6.33,6.71,7.47,7.93
504,8.4,7.5,24.515,0.008,0.561,0.23,-2.03,0.11,7.486,0.0,0.0,-0.0,0.0,0.0,0.0,7.61,7.61,7.6,7.13
505,8.4167,7.514,24.533,0.008,0.5596,0.24,-2.12,0.07,7.698,0.0,0.0,-0.0,0.0,0.0,0.0,7.23,7.45,8.92,7.2
506,8.4333,7.528,24.549,0.01,0.5608,0.18,-2.0,0.22,6.477,0.0,0.0,-0.0,0.0,0.0,0.0,3.49,5.85,7.56,9.01
507,8.45,7.542,24.567,0.01,0.5608,0.18,-1.98,0.26,6.886,0.0,0.0,-0.0,0.0,0.0,0.0,5.82,6.91,7.55,7.26
508,8.4667,7.556,24.584,0.01,0.5592,0.21,-2.03,0.25,5.918,0.0,0.0,-0.0,0.0,0.0,0.0,5.43,6.69,7.02,4.53
509,8.4833,7.569,24.601,0.011,0.5608,0.12,-2.03,0.28,7.355,0.0,0.0,-0.0,0.0,0.0,0.0,6.63,7.32,7.65,7.82
510,8.5,7.583,24.618,0.01,0.561,0.22,-1.95,0.24,7.468,0.0,0.0,-0.0,0.0,0.0,0.0,7.37,7.59,7.58,7.34
511,8.5167,7.597,24.636,0.01,0.5599,0.24,-2.02,0.25,7.984,0.0,0.0,-0.0,0.0,0.0,0.0,7.6,7.63,8.07,8.64
512,8.5333,7.611,24.653,0.01,0.5608,0.2,-2.03,0.23,7.521,0.0,0.0,-0.0,0.0,0.0,0.0,7.46,6.85,8.21,7.56
513,8.55,7.625,24.67,0.01,0.561,0.19,-2.0,0.24,1.702,0.0,0.0,-0.0,0.0,0.0,0.0,7.07,5.56,7.16,-12.99
514,8.5667,7.639,24.688,0.011,0.5633,0.11,-1.54,0.25,10.629,0.0,0.0,-0.0,0.0,0.0,0.0,14.23,7.54,7.65,13.09
515,8.5833,7.653,24.706,0.011,0.5662,0.17,-1.31,0.22,7.251,0.0,0.0,-0.0,0.0,0.0,0.0,6.81,7.67,7.61,6.9
516,8.6,7.667,24.724,0.01,0.5681,0.18,-1.2,0.19,7.513,0.0,0.0,-0.0,0.0,0.0,0.0,7.65,7.08,7.65,7.67
517,8.6167,7.681,24.742,0.01,0.5679,0.22,-1.12,0.18,7.516,0.0,0.0,-0.0,0.0,0.0,0.0,7.68,7.03,7.67,7.68
518,8.6333,7.694,24.76,0.01,0.5683,0.22,-1.1,0.18,6.847,0.0,0.0,-0.0,0.0,0.0,0.0,7.66,7.77,6.29,5.67
519,8.65,7.708,24.777,0.01,0.5689,0.19,-1.02,0.12,7.336,0.0,0.0,-0.0,0.0,0.0,0.0,7.81,9.06,7.73,4.74
520,8.6667,7.722,24.795,0.01,0.57,0.14,-1.18,0.08,8.203,0.0,0.0,-0.0,0.0,0.0,0.0,8.56,7.87,8.62,7.76
521,8.6833,7.736,24.811,0.011,0.5725,0.01,-1.66,0.07,8.157,0.0,0.0,-0.0,0.0,0.0,0.0,9.14,7.85,7.83,7.8
522,8.7,7.75,24.827,0.011,0.5747,0.12,-1.88,0.16,7.477,0.0,0.0,-0.0,0.0,0.0,0.0,7.69,7.15,7.12,7.94
523,8.7167,7.764,24.842,0.01,0.5763,0.2,-2.04,0.12,7.658,0.0,0.0,-0.0,0.0,0.0,0.0,7.75,7.38,7.75,7.76
524,8.7333,7.778,24.858,0.009,0.5758,0.31,-2.24,0.1,5.2,0.0,0.0,-0.0,0.0,0.0,0.0,7.76,6.59,2.51,3.93
525,8.75,7.792,24.875,0.01,0.5761,0.15,-2.16,0.09,7.766,0.0,0.0,-0.0,0.0,0.0,0.0,5.95,9.47,7.74,7.89
526,8.7667,7.806,24.892,0.011,0.5766,0.18,-2.12,0.25,7.245,0.0,0.0,-0.0,0.0,0.0,0.0,7.96,6.02,7.73,7.27
527,8.7833,7.819,24.91,0.013,0.5758,0.11,-2.03,0.31,6.591,0.0,0.0,-0.0,0.0,0.0,0.0,2.95,7.73,6.13,9.56
528,8.8,7.833,24.928,0.013,0.5765,0.09,-2.19,0.27,7.584,0.0,0.0,-0.0,0.0,0.0,0.0,7.69,7.45,7.81,7.39
529,8.8167,7.847,24.945,0.014,0.5775,0.12,-2.15,0.39,7.516,0.0,0.0,-0.0,0.0,0.0,0.0,7.85,6.51,7.85,7.85
530,8.8333,7.861,24.963,0.014,0.5765,0.23,-2.13,0.5,7.128,0.0,0.0,-0.0,0.0,0.0,0.0,7.87,5.67,7.11,7.86
531,8.85,7.875,24.981,0.015,0.5762,0.13,-2.14,0.48,7.756,0.0,0.0,-0.0,0.0,0.0,0.0,8.59,7.59,7.37,7.47
532,8.8667,7.889,24.999,0.015,0.5777,0.18,-2.21,0.56,7.403,0.0,0.0,-0.0,0.0,0.0,0.0,7.91,6.71,7.91,7.07
533,8.8833,7.903,25.016,0.016,0.5772,0.3,-2.28,0.66,7.699,0.0,0.0,-0.0,0.0,0.0,0.0,7.91,7.1,7.9,7.9
534,8.9,7.917,25.034,0.017,0.5762,0.2,-2.09,0.63,10.037,0.0,0.0,-0.0,0.0,0.0,0.0,5.93,7.6,19.25,7.37
535,8.9167,7.931,25.052,0.017,0.5768,0.12,-2.06,0.61,7.715,0.0,0.0,-0.0,0.0,0.0,0.0,7.79,7.09,7.99,8.0
536,8.9333,7.944,25.071,0.017,0.5764,0.15,-2.02,0.59,8.214,0.0,0.0,-0.0,0.0,0.0,0.0,8.3,9.28,7.27,8.01
537,8.95,7.958,25.089,0.017,0.5762,0.18,-2.16,0.5,7.622,0.0,0.0,-0.0,0.0,0.0,0.0,7.54,8.73,8.18,6.04
538,8.9667,7.972,25.107,0.017,0.5762,0.21,-2.04,0.47,8.121,0.0,0.0,-0.0,0.0,0.0,0.0,8.86,8.29,7.91,7.42
539,8.9833,7.986,25.126,0.017,0.5763,0.23,-2.07,0.44,8.261,0.0,0.0,-0.0,0.0,0.0,0.0,7.99,8.09,9.03,7.93
540,9.0,8.0,25.144,0.018,0.5772,0.14,-2.23,0.43,7.508,0.0,0.0,-0.0,0.0,0.0,0.0,8.03,7.28,8.13,6.58
541,9.0167,8.014,25.162,0.018,0.577,0.17,-2.1,0.48,7.532,0.0,0.0,-0.0,0.0,0.0,0.0,8.01,6.09,8.01,8.02
542,9.0333,8.028,25.181,0.019,0.5779,0.05,-1.74,0.45,8.574,0.0,0.0,-0.0,0.0,0.0,0.0,9.33,0.17,18.37,6.44
543,9.05,8.042,25.199,0.019,0.5814,0.12,-1.43,0.44,7.007,0.0,0.0,-0.0,0.0,0.0,0.0,7.27,7.15,5.71,7.9
544,9.0667,8.056,25.218,0.019,0.5835,0.21,-1.24,0.49,7.809,0.0,0.0,-0.0,0.0,0.0,0.0,8.04,8.06,8.05,7.09
545,9.0833,8.069,25.238,0.019,0.5835,0.22,-1.14,0.48,7.235,0.0,0.0,-0.0,0.0,0.0,0.0,8.18,5.2,7.6,7.96
546,9.1,8.083,25.257,0.02,0.5838,0.31,-1.28,0.39,7.922,0.0,0.0,-0.0,0.0,0.0,0.0,8.04,8.04,8.03,7.58
547,9.1167,8.097,25.276,0.021,0.5842,0.15,-1.04,0.38,7.738,0.0,0.0,-0.0,0.0,0.0,0.0,10.99,6.99,4.85,8.11
548,9.1333,8.111,25.295,0.022,0.5864,0.03,-1.16,0.32,8.401,0.0,0.0,-0.0,0.0,0.0,0.0,8.25,8.03,9.21,8.11
549,9.15,8.125,25.312,0.023,0.5901,-0.14,-1.63,0.3,8.422,0.0,0.0,-0.0,0.0,0.0,0.0,9.41,8.09,8.08,8.1
550,9.1667,8.139,25.327,0.024,0.5928,-0.15,-2.03,0.37,7.66,0.0,0.0,-0.0,0.0,0.0,0.0,8.2,6.18,8.12,8.13
551,9.1833,8.153,25.344,0.024,0.5941,0.02,-2.29,0.5,7.914,0.0,0.0,-0.0,0.0,0.0,0.0,8.15,7.18,8.17,8.16
552,9.2,8.167,25.36,0.024,0.594,0.18,-2.44,0.61,7.408,0.0,0.0,-0.0,0.0,0.0,0.0,8.05,8.04,8.05,5.49
553,9.2167,8.181,25.377,0.025,0.5933,0.09,-2.32,0.59,8.706,0.0,0.0,-0.0,0.0,0.0,0.0,8.1,6.49,8.22,12.02
554,9.2333,8.194,25.395,0.025,0.5928,0.18,-2.14,0.61,7.993,0.0,0.0,-0.0,0.0,0.0,0.0,8.17,9.48,6.08,8.24
555,9.25,8.208,25.413,0.024,0.593,0.27,-2.26,0.35,8.432,0.0,0.0,-0.0,0.0,0.0,0.0,7.86,7.83,12.71,5.33
556,9.2667,8.222,25.432,0.024,0.5927,0.15,-2.18,0.2,7.64,0.0,0.0,-0.0,0.0,0.0,0.0,7.97,6.62,8.18,7.79
557,9.2833,8.236,25.451,0.025,0.5925,0.16,-2.1,0.23,7.119,0.0,0.0,-0.0,0.0,0.0,0.0,4.64,9.78,5.85,8.21
558,9.3,8.25,25.471,0.024,0.5924,0.2,-2.19,-0.09,6.5,0.0,0.0,-0.0,0.0,0.0,0.0,7.02,8.22,8.23,2.54
559,9.3167,8.264,25.49,0.025,0.5926,0.11,-2.18,-0.11,7.523,0.0,0.0,-0.0,0.0,0.0,0.0,7.79,6.27,8.23,7.8
560,9.3333,8.278,25.509,0.024,0.593,0.17,-2.12,-0.13,8.648,0.0,0.0,-0.0,0.0,0.0,0.0,9.13,8.68,8.5,8.27
561,9.35,8.292,25.529,0.024,0.5934,0.22,-2.33,-0.17,8.276,0.0,0.0,-0.0,0.0,0.0,0.0,8.28,8.27,8.28,8.28
562,9.3667,8.306,25.548,0.024,0.593,0.2,-2.19,-0.22,7.76,0.0,0.0,-0.0,0.0,0.0,0.0,8.37,7.15,8.31,7.21
563,9.3833,8.319,25.567,0.024,0.5931,0.19,-2.15,-0.23,8.096,0.0,0.0,-0.0,0.0,0.0,0.0,8.26,7.87,7.98,8.27
564,9.4,8.333,25.587,0.024,0.5929,0.12,-2.29,-0.22,7.966,0.0,0.0,-0.0,0.0,0.0,0.0,7.71,7.87,7.8,8.49
565,9.4167,8.347,25.606,0.025,0.5925,0.18,-2.09,-0.4,8.132,0.0,0.0,-0.0,0.0,0.0,0.0,6.67,6.65,8.1,11.1
566,9.4333,8.361,25.625,0.025,0.5931,0.15,-2.14,-0.42,8.105,0.0,0.0,-0.0,0.0,0.0,0.0,8.32,7.93,7.79,8.38
567,9.45,8.375,25.645,0.025,0.5928,0.11,-2.28,-0.45,7.575,0.0,0.0,-0.0,0.0,0.0,0.0,7.82,7.65,7.92,6.9
568,9.4667,8.389,25.664,0.025,0.5926,0.13,-2.08,-0.47,8.545,0.0,0.0,-0.0,0.0,0.0,0.0,7.09,10.69,8.19,8.21
569,9.4833,8.403,25.682,0.024,0.5963,0.27,-1.72,-0.45,7.764,0.0,0.0,-0.0,0.0,0.0,0.0,8.4,7.25,7.0,8.41
570,9.5,8.417,25.7,0.023,0.5993,0.4,-1.53,-0.44,7.313,0.0,0.0,-0.0,0.0,0.0,0.0,8.57,4.18,8.24,8.27
571,9.5167,8.431,25.72,0.021,0.6009,0.52,-1.35,-0.45,9.438,0.0,0.0,-0.0,0.0,0.0,0.0,8.49,16.0,5.71,7.55
572,9.5333,8.444,25.739,0.022,0.6017,0.45,-1.32,-0.43,7.411,0.0,0.0,-0.0,0.0,0.0,0.0,8.26,8.26,7.52,5.61
573,9.55,8.458,25.759,0.023,0.6009,0.16,-1.17,-0.53,7.362,0.0,0.0,-0.0,0.0,0.0,0.0,5.34,8.19,8.45,7.47
574,9.5667,8.472,25.779,0.024,0.6005,0.06,-1.01,-0.34,5.173,0.0,0.0,-0.0,0.0,0.0,0.0,0.54,7.22,4.34,8.59
575,9.5833,8.486,25.797,0.023,0.6041,0.26,-1.48,-0.33,9.153,0.0,0.0,-0.0,0.0,0.0,0.0,9.84,8.44,8.97,9.36
576,9.6,8.5,25.814,0.022,0.608,0.31,-1.9,-0.45,8.107,0.0,0.0,-0.0,0.0,0.0,0.0,8.43,8.44,8.46,7.11
577,9.6167,8.514,25.831,0.021,0.6102,0.24,-2.3,-0.6,9.296,0.0,0.0,-0.0,0.0,0.0,0.0,8.45,8.78,8.45,11.5
578,9.6333,8.528,25.847,0.02,0.611,0.34,-2.55,-0.64,8.875,0.0,0.0,-0.0,0.0,0.0,0.0,8.45,13.46,8.5,5.09
579,9.65,8.542,25.865,0.02,0.6112,0.15,-2.54,-0.77,8.036,0.0,0.0,-0.0,0.0,0.0,0.0,8.51,8.32,8.51,6.81
580,9.6667,8.556,25.882,0.02,0.6109,0.07,-2.32,-0.81,8.023,0.0,0.0,-0.0,0.0,0.0,0.0,8.57,6.36,8.58,8.58
581,9.6833,8.569,25.901,0.019,0.6098,0.16,-2.25,-0.82,8.468,0.0,0.0,-0.0,0.0,0.0,0.0,7.99,8.75,8.57,8.56
582,9.7,8.583,25.92,0.018,0.6092,0.19,-2.15,-0.85,7.579,0.0,0.0,-0.0,0.0,0.0,0.0,10.33,8.7,3.21,8.07
583,9.7167,8.597,25.94,0.018,0.6101,0.19,-2.26,-0.85,8.551,0.0,0.0,-0.0,0.0,0.0,0.0,10.92,6.92,7.74,8.61
584,9.7333,8.611,25.959,0.019,0.61,0.3,-2.39,-0.53,8.751,0.0,0.0,-0.0,0.0,0.0,0.0,8.68,7.57,8.49,10.27
585,9.75,8.625,25.978,0.021,0.6093,0.18,-2.19,-0.38,6.708,0.0,0.0,-0.0,0.0,0.0,0.0,5.23,8.84,5.29,7.47
586,9.7667,8.639,25.998,0.021,0.6101,0.14,-2.26,-0.38,8.457,0.0,0.0,-0.0,0.0,0.0,0.0,8.28,8.33,8.62,8.6
587,9.7833,8.653,26.018,0.021,0.6098,0.2,-2.35,-0.37,9.013,0.0,0.0,-0.0,0.0,0.0,0.0,8.53,11.57,8.42,7.53
588,9.8,8.667,26.037,0.021,0.6094,0.14,-2.17,-0.38,9.286,0.0,0.0,-0.0,0.0,0.0,0.0,7.12,8.02,9.96,12.04
589,9.8167,8.681,26.057,0.022,0.6112,0.09,-2.31,-0.3,8.717,0.0,0.0,-0.0,0.0,0.0,0.0,8.9,8.36,8.81,8.8
590,9.8333,8.694,26.077,0.023,0.6107,0.12,-2.48,-0.2,9.212,0.0,0.0,-0.0,0.0,0.0,0.0,8.27,6.71,8.25,13.61
591,9.85,8.708,26.097,0.023,0.6099,0.13,-2.21,-0.15,7.694,0.0,0.0,-0.0,0.0,0.0,0.0,7.91,5.55,8.67,8.65
592,9.8667,8.722,26.117,0.023,0.6097,0.16,-2.23,-0.16,8.062,0.0,0.0,-0.0,0.0,0.0,0.0,7.76,7.61,8.21,8.67
593,9.8833,8.736,26.137,0.023,0.6098,0.17,-2.24,-0.16,8.41,0.0,0.0,-0.0,0.0,0.0,0.0,8.8,8.8,7.71,8.33
594,9.9,8.75,26.157,0.024,0.6097,0.07,-2.22,-0.09,7.366,0.0,0.0,-0.0,0.0,0.0,0.0,4.27,9.64,6.83,8.73
595,9.9167,8.764,26.177,0.023,0.6122,0.23,-1.95,-0.1,7.294,0.0,0.0,-0.0,0.0,0.0,0.0,-2.29,7.58,19.29,4.59
596,9.9333,8.778,26.197,0.022,0.6157,0.25,-1.55,-0.22,7.926,0.0,0.0,-0.0,0.0,0.0,0.0,8.69,8.01,8.69,6.32
597,9.95,8.792,26.218,0.022,0.618,0.24,-1.31,-0.2,8.486,0.0,0.0,-0.0,0.0,0.0,0.0,8.73,8.51,7.78,8.92
598,9.9667,8.806,26.239,0.022,0.6188,0.14,-1.26,-0.26,8.763,0.0,0.0,-0.0,0.0,0.0,0.0,8.79,8.68,8.79,8.79
599,9.9833,8.819,26.261,0.022,0.6176,-0.0,-1.16,-0.34,7.499,0.0,0.0,-0.0,0.0,0.0,0.0,5.31,7.5,8.98,8.2
600,10.0,8.833,26.282,0.022,0.6187,0.17,-1.13,-0.11,9.052,0.0,0.0,-0.0,0.0,0.0,0.0,8.87,8.91,9.59,8.83
601,10.0167,8.847,26.301,0.022,0.6223,0.28,-1.64,-0.12,7.878,0.0,0.0,-0.0,0.0,0.0,0.0,6.85,8.57,6.96,9.14
602,10.0333,8.861,26.317,0.022,0.6273,0.39,-1.92,-0.11,8.845,0.0,0.0,-0.0,0.0,0.0,0.0,8.84,8.85,8.85,8.85
603,10.05,8.875,26.333,0.023,0.6296,0.51,-2.33,-0.12,8.86,0.0,0.0,-0.0,0.0,0.0,0.0,8.85,8.86,8.86,8.86
604,10.0667,8.889,26.349,0.023,0.6303,0.36,-2.6,-0.16,8.308,0.0,0.0,-0.0,0.0,0.0,0.0,8.89,8.91,8.91,6.52
605,10.0833,8.903,26.366,0.025,0.63,0.06,-2.79,-0.25,11.358,0.0,0.0,-0.0,0.0,0.0,0.0,8.55,6.9,8.86,21.12
606,10.1,8.917,26.383,0.025,0.6296,0.13,-2.6,-0.19,8.533,0.0,0.0,-0.0,0.0,0.0,0.0,8.78,7.57,8.89,8.9
607,10.1167,8.931,26.4,0.025,0.6276,0.21,-2.44,-0.14,7.998,0.0,0.0,-0.0,0.0,0.0,0.0,8.75,8.75,8.77,5.73
608,10.1333,8.944,26.419,0.025,0.6274,0.15,-2.4,-0.15,8.423,0.0,0.0,-0.0,0.0,0.0,0.0,2.49,8.87,7.56,14.77
609,10.15,8.958,26.439,0.024,0.6279,0.24,-2.41,-0.19,8.665,0.0,0.0,-0.0,0.0,0.0,0.0,9.02,7.66,8.99,8.99
610,10.1667,8.972,26.459,0.024,0.6279,0.21,-2.35,-0.23,9.037,0.0,0.0,-0.0,0.0,0.0,0.0,8.97,8.97,8.65,9.56
611,10.1833,8.986,26.479,0.026,0.6288,0.11,-2.43,-0.0,8.572,0.0,0.0,-0.0,0.0,0.0,0.0,9.05,7.2,9.02,9.02
612,10.2,9.0,26.5,0.028,0.6283,0.13,-2.43,0.25,8.553,0.0,0.0,-0.0,0.0,0.0,0.0,9.02,7.17,9.01,9.01
613,10.2167,9.014,26.521,0.029,0.6271,0.04,-2.37,0.29,10.922,0.0,0.0,-0.0,0.0,0.0,0.0,17.07,9.88,8.87,7.87
614,10.2333,9.028,26.541,0.026,0.6299,0.16,-2.54,-0.05,9.029,0.0,0.0,-0.0,0.0,0.0,0.0,8.96,9.14,8.99,9.02
615,10.25,9.042,26.561,0.022,0.6305,0.28,-2.69,-0.38,8.336,0.0,0.0,-0.0,0.0,0.0,0.0,8.97,8.94,8.98,6.44
616,10.2667,9.056,26.581,0.02,0.6301,0.18,-2.69,-0.78,8.395,0.0,0.0,-0.0,0.0,0.0,0.0,8.97,8.97,8.97,6.66
617,10.2833,9.069,26.601,0.018,0.6288,0.19,-2.46,-1.03,8.696,0.0,0.0,-0.0,0.0,0.0,0.0,9.04,7.65,9.04,9.06
618,10.3,9.083,26.622,0.017,0.6276,0.21,-2.38,-1.02,9.597,0.0,0.0,-0.0,0.0,0.0,0.0,8.79,9.03,10.58,9.98
619,10.3167,9.097,26.642,0.02,0.6292,-0.09,-2.51,-0.83,8.628,0.0,0.0,-0.0,0.0,0.0,0.0,9.06,7.12,9.16,9.17
620,10.3333,9.111,26.662,0.022,0.6301,-0.18,-2.39,-0.54,10.414,0.0,0.0,-0.0,0.0,0.0,0.0,8.96,14.77,8.97,8.95
621,10.35,9.125,26.682,0.024,0.6313,0.09,-1.91,-0.14,7.269,0.0,0.0,-0.0,0.0,0.0,0.0,6.83,6.61,8.59,7.05
622,10.3667,9.139,26.703,0.022,0.6349,0.13,-1.6,-0.18,9.146,0.0,0.0,-0.0,0.0,0.0,0.0,9.14,10.31,9.15,7.98
623,10.3833,9.153,26.725,0.022,0.6366,0.12,-1.35,-0.23,8.844,0.0,0.0,-0.0,0.0,0.0,0.0,9.17,8.99,9.18,8.04
624,10.4,9.167,26.747,0.022,0.6368,0.09,-1.26,-0.22,9.259,0.0,0.0,-0.0,0.0,0.0,0.0,9.09,9.04,9.04,9.87
625,10.4167,9.181,26.768,0.022,0.6374,0.23,-1.31,-0.12,8.959,0.0,0.0,-0.0,0.0,0.0,0.0,9.32,8.0,9.27,9.26
626,10.4333,9.194,26.789,0.022,0.6398,0.19,-1.55,-0.11,9.984,0.0,0.0,-0.0,0.0,0.0,0.0,10.82,9.02,10.64,9.46
627,10.45,9.208,26.807,0.023,0.645,0.07,-2.2,-0.05,9.157,0.0,0.0,-0.0,0.0,0.0,0.0,9.17,9.15,9.16,9.16
628,10.4667,9.222,26.825,0.025,0.6483,0.06,-2.68,0.08,8.765,0.0,0.0,-0.0,0.0,0.0,0.0,9.21,7.46,9.2,9.2
629,10.4833,9.236,26.843,0.025,0.6502,0.12,-3.04,0.24,8.835,0.0,0.0,-0.0,0.0,0.0,0.0,9.2,9.27,9.22,7.66
630,10.5,9.25,26.86,0.026,0.651,0.07,-3.13,0.34,8.797,0.0,0.0,-0.0,0.0,0.0,0.0,9.11,7.93,9.08,9.07
631,10.5167,9.264,26.879,0.027,0.6511,0.24,-3.02,0.52,9.245,0.0,0.0,-0.0,0.0,0.0,0.0,9.25,9.24,9.25,9.24
632,10.5333,9.278,26.897,0.028,0.6497,0.3,-2.84,0.64,8.767,0.0,0.0,-0.0,0.0,0.0,0.0,9.27,9.27,9.27,7.26
633,10.55,9.292,26.917,0.029,0.647,0.31,-2.7,0.75,11.09,0.0,0.0,-0.0,0.0,0.0,0.0,9.07,8.03,9.19,18.07
634,10.5667,9.306,26.937,0.03,0.6466,0.23,-2.59,0.67,8.524,0.0,0.0,-0.0,0.0,0.0,0.0,9.12,7.43,7.5,10.04
635,10.5833,9.319,26.958,0.032,0.6461,0.03,-2.55,0.67,7.673,0.0,0.0,-0.0,0.0,0.0,0.0,5.87,10.01,5.22,9.6
636,10.6,9.333,26.979,0.033,0.6466,0.09,-2.41,0.5,8.088,0.0,0.0,-0.0,0.0,0.0,0.0,8.47,9.46,5.14,9.29
637,10.6167,9.347,27.0,0.033,0.6468,0.11,-2.55,0.48,10.028,0.0,0.0,-0.0,0.0,0.0,0.0,12.17,9.97,9.64,8.33
638,10.6333,9.361,27.021,0.032,0.6475,0.1,-2.68,0.34,9.106,0.0,0.0,-0.0,0.0,0.0,0.0,9.84,7.29,9.65,9.64
639,10.65,9.375,27.041,0.031,0.647,0.27,-2.61,0.32,9.439,0.0,0.0,-0.0,0.0,0.0,0.0,9.16,15.47,5.52,7.61
640,10.6667,9.389,27.063,0.032,0.6468,0.18,-2.54,0.29,9.216,0.0,0.0,-0.0,0.0,0.0,0.0,9.39,9.38,9.47,8.62
641,10.6833,9.403,27.084,0.033,0.6458,0.07,-2.43,0.28,8.835,0.0,0.0,-0.0,0.0,0.0,0.0,9.32,10.0,6.55,9.47
642,10.7,9.417,27.106,0.032,0.6469,0.16,-2.56,0.2,8.81,0.0,0.0,-0.0,0.0,0.0,0.0,8.97,9.33,8.16,8.78
643,10.7167,9.431,27.127,0.032,0.6477,0.19,-2.64,0.17,9.415,0.0,0.0,-0.0,0.0,0.0,0.0,9.42,9.41,9.42,9.41
644,10.7333,9.444,27.148,0.033,0.6469,0.27,-2.6,0.25,8.159,0.0,0.0,-0.0,0.0,0.0,0.0,9.34,7.82,9.11,6.37
645,10.75,9.458,27.169,0.034,0.6487,0.11,-2.26,0.21,8.726,0.0,0.0,-0.0,0.0,0.0,0.0,6.27,9.46,11.53,7.65
646,10.7667,9.472,27.19,0.035,0.6523,-0.07,-1.93,0.22,7.665,0.0,0.0,-0.0,0.0,0.0,0.0,6.53,4.86,9.36,9.91
647,10.7833,9.486,27.211,0.036,0.6548,-0.03,-1.63,0.23,7.794,0.0,0.0,-0.0,0.0,0.0,0.0,5.5,6.9,9.5,9.26
648,10.8,9.5,27.232,0.034,0.6568,0.01,-1.5,0.14,9.486,0.0,0.0,-0.0,0.0,0.0,0.0,9.48,9.49,9.49,9.49
649,10.8167,9.514,27.254,0.032,0.6566,0.18,-1.37,0.04,8.695,0.0,0.0,-0.0,0.0,0.0,0.0,9.62,8.05,7.53,9.58
650,10.8333,9.528,27.275,0.032,0.6568,0.24,-1.31,0.03,8.735,0.0,0.0,-0.0,0.0,0.0,0.0,9.53,9.52,7.47,8.42
651,10.85,9.542,27.295,0.033,0.6601,0.09,-1.8,-0.0,9.416,0.0,0.0,-0.0,0.0,0.0,0.0,9.87,7.98,10.09,9.72
652,10.8667,9.556,27.313,0.033,0.6646,0.09,-2.38,-0.02,9.078,0.0,0.0,-0.0,0.0,0.0,0.0,9.58,7.48,9.62,9.63
653,10.8833,9.569,27.331,0.033,0.6674,0.08,-2.87,-0.04,9.252,0.0,0.0,-0.0,0.0,0.0,0.0,9.65,9.44,9.65,8.26
654,10.9,9.583,27.349,0.033,0.6695,0.17,-3.11,-0.01,9.073,0.0,0.0,-0.0,0.0,0.0,0.0,9.54,7.63,9.56,9.57
655,10.9167,9.597,27.367,0.033,0.6706,0.15,-3.26,-0.06,8.338,0.0,0.0,-0.0,0.0,0.0,0.0,9.67,6.62,9.64,7.42
656,10.9333,9.611,27.387,0.033,0.6708,0.06,-3.34,-0.13,9.054,0.0,0.0,-0.0,0.0,0.0,0.0,9.67,7.03,9.7,9.82
657,10.95,9.625,27.407,0.032,0.6702,0.17,-3.15,-0.09,10.116,0.0,0.0,-0.0,0.0,0.0,0.0,9.68,11.31,9.76,9.72
658,10.9667,9.639,27.427,0.032,0.6683,0.12,-2.94,-0.13,7.706,0.0,0.0,-0.0,0.0,0.0,0.0,9.59,3.95,9.6,7.69
659,10.9833,9.653,27.448,0.033,0.6657,0.08,-2.77,-0.14,11.476,0.0,0.0,-0.0,0.0,0.0,0.0,7.65,9.99,0.26,28.0
660,11.0,9.667,27.469,0.03,0.6673,0.18,-2.73,-0.25,10.987,0.0,0.0,-0.0,0.0,0.0,0.0,9.48,10.55,14.63,9.28
661,11.0167,9.681,27.491,0.028,0.6673,0.04,-2.68,-0.26,9.665,0.0,0.0,-0.0,0.0,0.0,0.0,9.66,9.66,9.67,9.66
662,11.0333,9.694,27.513,0.027,0.6668,0.12,-2.77,-0.26,9.905,0.0,0.0,-0.0,0.0,0.0,0.0,9.74,7.18,11.63,11.08
663,11.05,9.708,27.534,0.028,0.6678,0.16,-2.8,-0.23,9.323,0.0,0.0,-0.0,0.0,0.0,0.0,9.91,9.57,9.96,7.85
664,11.0667,9.722,27.556,0.029,0.6666,0.11,-2.87,-0.15,9.624,0.0,0.0,-0.0,0.0,0.0,0.0,9.69,6.75,9.76,12.3
665,11.0833,9.736,27.578,0.028,0.6668,0.18,-2.7,-0.15,9.512,0.0,0.0,-0.0,0.0,0.0,0.0,9.89,8.35,11.55,8.25
666,11.1,9.75,27.6,0.028,0.667,0.24,-2.66,-0.08,9.487,0.0,0.0,-0.0,0.0,0.0,0.0,9.92,9.98,6.83,11.22
667,11.1167,9.764,27.622,0.029,0.6674,0.18,-2.8,-0.11,9.329,0.0,0.0,-0.0,0.0,0.0,0.0,9.44,11.35,6.96,9.56
668,11.1333,9.778,27.644,0.028,0.669,0.2,-2.72,-0.28,9.765,0.0,0.0,-0.0,0.0,0.0,0.0,9.76,9.76,9.77,9.76
669,11.15,9.792,27.665,0.028,0.6691,0.35,-2.61,-0.34,8.245,0.0,0.0,-0.0,0.0,0.0,0.0,9.57,7.88,5.86,9.67
670,11.1667,9.806,27.686,0.026,0.6739,0.37,-2.17,-0.44,9.252,0.0,0.0,-0.0,0.0,0.0,0.0,9.76,9.31,9.77,8.17
671,11.1833,9.819,27.707,0.026,0.6771,0.37,-1.86,-0.52,9.577,0.0,0.0,-0.0,0.0,0.0,0.0,9.77,9.77,9.78,8.99
672,11.2,9.833,27.728,0.025,0.6786,0.31,-1.64,-0.59,9.274,0.0,0.0,-0.0,0.0,0.0,0.0,9.86,9.87,9.87,7.5
673,11.2167,9.847,27.751,0.026,0.6784,0.19,-1.49,-0.65,9.541,0.0,0.0,-0.0,0.0,0.0,0.0,9.79,9.81,9.79,8.76
674,11.2333,9.861,27.773,0.026,0.6771,0.08,-1.38,-0.64,9.313,0.0,0.0,-0.0,0.0,0.0,0.0,9.87,10.31,7.28,9.78
675,11.25,9.875,27.793,0.023,0.6829,0.47,-1.89,-0.63,9.519,0.0,0.0,-0.0,0.0,0.0,0.0,11.4,10.1,8.47,8.1
676,11.2667,9.889,27.811,0.023,0.689,0.54,-2.4,-0.8,9.866,0.0,0.0,-0.0,0.0,0.0,0.0,9.85,9.87,9.86,9.88
677,11.2833,9.903,27.829,0.024,0.6923,0.63,-2.99,-0.95,9.871,0.0,0.0,-0.0,0.0,0.0,0.0,9.85,9.87,9.87,9.89
678,11.3,9.917,27.848,0.024,0.6941,0.42,-3.4,-1.05,9.349,0.0,0.0,-0.0,0.0,0.0,0.0,9.88,9.9,9.91,7.71
679,11.3167,9.931,27.866,0.025,0.6944,0.12,-3.81,-1.15,9.831,0.0,0.0,-0.0,0.0,0.0,0.0,9.76,9.73,9.79,10.05
680,11.3333,9.944,27.886,0.025,0.6952,0.02,-3.75,-1.11,9.305,0.0,0.0,-0.0,0.0,0.0,0.0,9.96,7.37,9.95,9.94
681,11.35,9.958,27.905,0.025,0.6944,0.0,-3.74,-1.1,8.786,0.0,0.0,-0.0,0.0,0.0,0.0,9.93,5.33,9.95,9.94
682,11.3667,9.972,27.926,0.025,0.6931,0.01,-3.64,-1.12,10.687,0.0,0.0,-0.0,0.0,0.0,0.0,9.87,7.5,10.0,15.38
683,11.3833,9.986,27.948,0.024,0.6917,0.11,-3.34,-1.06,9.228,0.0,0.0,-0.0,0.0,0.0,0.0,10.52,5.68,10.47,10.24
684,11.4,10.0,27.97,0.024,0.6893,0.12,-3.1,-1.02,9.477,0.0,0.0,-0.0,0.0,0.0,0.0,10.0,10.03,10.0,7.87
685,11.4167,10.014,27.994,0.023,0.688,0.19,-2.84,-1.02,10.694,0.0,0.0,-0.0,0.0,0.0,0.0,7.87,8.29,22.67,3.94
686,11.4333,10.028,28.017,0.022,0.69,0.23,-2.96,-1.05,9.541,0.0,0.0,-0.0,0.0,0.0,0.0,9.96,9.94,9.92,8.34
687,11.45,10.042,28.04,0.021,0.69,0.23,-3.18,-1.09,10.223,0.0,0.0,-0.0,0.0,0.0,0.0,9.66,10.26,9.89,11.08
688,11.4667,10.056,28.063,0.02,0.6899,0.3,-2.89,-1.02,8.709,0.0,0.0,-0.0,0.0,0.0,0.0,10.2,10.17,6.35,8.12
689,11.4833,10.069,28.086,0.02,0.689,0.17,-3.0,-0.95,9.926,0.0,0.0,-0.0,0.0,0.0,0.0,10.14,10.04,9.48,10.04
690,11.5,10.083,28.109,0.02,0.688,0.21,-2.88,-0.85,8.864,0.0,0.0,-0.0,0.0,0.0,0.0,10.35,10.57,5.21,9.33
691,11.5167,10.097,28.133,0.02,0.6888,0.09,-3.0,-1.11,11.064,0.0,0.0,-0.0,0.0,0.0,0.0,10.42,9.96,13.75,10.13
692,11.5333,10.111,28.155,0.019,0.6906,0.44,-2.83,-0.81,8.965,0.0,0.0,-0.0,0.0,0.0,0.0,10.16,6.24,9.33,10.13
693,11.55,10.125,28.177,0.018,0.6947,0.43,-2.27,-0.65,9.488,0.0,0.0,-0.0,0.0,0.0,0.0,10.17,10.17,8.47,9.14
694,11.5667,10.139,28.199,0.019,0.6992,0.23,-1.95,-0.61,9.988,0.0,0.0,-0.0,0.0,0.0,0.0,10.09,10.09,10.11,9.66
695,11.5833,10.153,28.221,0.02,0.7014,0.02,-1.75,-0.63,10.125,0.0,0.0,-0.0,0.0,0.0,0.0,10.12,10.14,10.13,10.11
696,11.6,10.167,28.243,0.022,0.7012,-0.19,-1.65,-0.63,9.31,0.0,0.0,-0.0,0.0,0.0,0.0,10.01,7.03,10.1,10.09
697,11.6167,10.181,28.265,0.022,0.7008,-0.2,-1.42,-0.64,9.656,0.0,0.0,-0.0,0.0,0.0,0.0,8.74,9.58,10.17,10.13
698,11.6333,10.194,28.285,0.017,0.7065,0.44,-2.09,-0.6,9.205,0.0,0.0,-0.0,0.0,0.0,0.0,10.5,10.2,7.13,8.99
699,11.65,10.208,28.303,0.014,0.7125,0.75,-2.63,-0.57,10.164,0.0,0.0,-0.0,0.0,0.0,0.0,10.13,10.14,10.26,10.13
700,11.6667,10.222,28.322,0.012,0.7174,0.93,-3.15,-0.67,10.02,0.0,0.0,-0.0,0.0,0.0,0.0,10.75,10.67,10.82,7.84
701,11.6833,10.236,28.341,0.011,0.7206,0.91,-3.66,-0.73,9.703,0.0,0.0,-0.0,0.0,0.0,0.0,10.25,10.24,10.27,8.06
702,11.7,10.25,28.36,0.011,0.7224,0.91,-4.08,-0.94,9.78,0.0,0.0,-0.0,0.0,0.0,0.0,10.17,10.19,10.19,8.57
703,11.7167,10.264,28.38,0.011,0.7235,0.56,-4.3,-1.13,9.831,0.0,0.0,-0.0,0.0,0.0,0.0,10.22,10.22,10.24,8.64
704,11.7333,10.278,28.401,0.012,0.7223,0.21,-4.64,-1.27,7.613,0.0,0.0,-0.0,0.0,0.0,0.0,10.22,10.23,10.24,-0.25
705,11.75,10.292,28.422,0.012,0.7218,0.15,-4.53,-1.2,9.299,0.0,0.0,-0.0,0.0,0.0,0.0,10.19,8.3,10.18,8.53
706,11.7667,10.306,28.444,0.013,0.7206,-0.03,-4.45,-1.21,10.696,0.0,0.0,-0.0,0.0,0.0,0.0,10.15,7.26,10.16,15.21
707,11.7833,10.319,28.467,0.013,0.7195,0.01,-4.09,-1.07,10.016,0.0,0.0,-0.0,0.0,0.0,0.0,10.38,9.08,10.31,10.3
708,11.8,10.333,28.491,0.013,0.7169,0.05,-3.84,-0.98,10.148,0.0,0.0,-0.0,0.0,0.0,0.0,10.33,11.46,10.3,8.5
709,11.8167,10.347,28.516,0.013,0.7138,0.07,-3.45,-0.92,9.688,0.0,0.0,-0.0,0.0,0.0,0.0,10.44,7.39,10.45,10.47
710,11.8333,10.361,28.54,0.012,0.7134,0.12,-3.29,-0.9,9.626,0.0,0.0,-0.0,0.0,0.0,0.0,8.96,9.37,10.04,10.14
711,11.85,10.375,28.565,0.013,0.7136,-0.03,-3.34,-0.84,9.937,0.0,0.0,-0.0,0.0,0.0,0.0,10.03,9.38,10.17,10.17
712,11.8667,10.389,28.59,0.013,0.7138,-0.03,-3.28,-0.77,11.122,0.0,0.0,-0.0,0.0,0.0,0.0,12.58,11.08,10.47,10.36
713,11.8833,10.403,28.614,0.009,0.7153,0.18,-3.5,-0.86,10.386,0.0,0.0,-0.0,0.0,0.0,0.0,10.38,10.39,10.39,10.39
714,11.9,10.417,28.638,0.006,0.7154,0.28,-3.51,-1.12,10.062,0.0,0.0,-0.0,0.0,0.0,0.0,10.91,10.89,10.9,7.55
715,11.9167,10.431,28.662,0.003,0.7174,0.58,-3.15,-1.05,8.582,0.0,0.0,-0.0,0.0,0.0,0.0,10.21,7.12,6.58,10.41
716,11.9333,10.444,28.684,0.0,0.7229,0.78,-2.6,-1.2,9.555,0.0,0.0,-0.0,0.0,0.0,0.0,10.41,10.42,9.1,8.29
717,11.95,10.458,28.708,-0.002,0.7274,0.89,-2.23,-1.29,9.881,0.0,0.0,-0.0,0.0,0.0,0.0,10.44,10.44,8.82,9.81
718,11.9667,10.472,28.732,-0.003,0.7308,0.93,-2.02,-1.32,10.459,0.0,0.0,-0.0,0.0,0.0,0.0,10.46,10.46,10.46,10.46
719,11.9833,10.486,28.755,-0.004,0.7318,0.93,-1.95,-1.33,9.971,0.0,0.0,-0.0,0.0,0.0,0.0,10.33,10.33,10.36,8.86
720,12.0,10.5,28.777,-0.005,0.7375,1.19,-2.41,-1.24,11.074,0.0,0.0,-0.0,0.0,0.0,0.0,14.29,10.42,9.72,9.87
721,12.0167,10.514,28.796,-0.008,0.7447,1.38,-3.26,-1.41,10.475,0.0,0.0,-0.0,0.0,0.0,0.0,10.5,10.42,10.55,10.43
722,12.0333,10.528,28.815,-0.01,0.7501,1.37,-3.88,-1.6,10.074,0.0,0.0,-0.0,0.0,0.0,0.0,10.5,10.45,10.55,8.8
723,12.05,10.542,28.835,-0.011,0.7536,1.31,-4.5,-1.8,10.514,0.0,0.0,-0.0,0.0,0.0,0.0,10.53,10.48,10.56,10.49
724,12.0667,10.556,28.855,-0.013,0.7554,1.1,-4.96,-2.04,9.959,0.0,0.0,-0.0,0.0,0.0,0.0,10.71,10.7,10.74,7.68
725,12.0833,10.569,28.875,-0.013,0.7561,0.71,-5.36,-2.28,10.307,0.0,0.0,-0.0,0.0,0.0,0.0,10.59,10.55,10.61,9.48
726,12.1,10.583,28.896,-0.013,0.7548,0.26,-5.8,-2.48,8.661,0.0,0.0,-0.0,0.0,0.0,0.0,9.98,7.21,10.07,7.39
727,12.1167,10.597,28.917,-0.014,0.7539,-0.08,-5.79,-2.6,10.876,0.0,0.0,-0.0,0.0,0.0,0.0,10.62,13.59,10.5,8.79
728,12.1333,10.611,28.939,-0.015,0.7532,-0.26,-5.47,-2.64,9.731,0.0,0.0,-0.0,0.0,0.0,0.0,10.61,7.17,10.58,10.55
729,12.15,10.625,28.961,-0.017,0.7521,-0.21,-5.13,-2.66,10.024,0.0,0.0,-0.0,0.0,0.0,0.0,10.61,8.25,10.63,10.61
730,12.1667,10.639,28.984,-0.019,0.749,-0.11,-4.92,-2.72,9.916,0.0,0.0,-0.0,0.0,0.0,0.0,10.55,7.73,10.7,10.69
731,12.1833,10.653,29.008,-0.022,0.7456,0.14,-4.54,-2.68,12.477,0.0,0.0,-0.0,0.0,0.0,0.0,10.72,24.91,10.65,3.64
732,12.2,10.667,29.032,-0.024,0.7437,0.15,-4.17,-2.56,9.963,0.0,0.0,-0.0,0.0,0.0,0.0,10.83,7.26,10.78,10.99
733,12.2167,10.681,29.057,-0.026,0.7451,0.19,-4.43,-2.58,10.293,0.0,0.0,-0.0,0.0,0.0,0.0,10.58,9.36,10.62,10.62
734,12.2333,10.694,29.081,-0.028,0.7456,0.21,-4.33,-2.57,10.249,0.0,0.0,-0.0,0.0,0.0,0.0,10.68,10.68,10.68,8.95
735,12.25,10.708,29.106,-0.029,0.7443,0.13,-4.26,-2.58,9.916,0.0,0.0,-0.0,0.0,0.0,0.0,9.74,8.58,10.7,10.65
736,12.2667,10.722,29.131,-0.03,0.7437,0.27,-3.97,-2.41,8.329,0.0,0.0,-0.0,0.0,0.0,0.0,4.42,3.56,11.05,14.29
737,12.2833,10.736,29.153,-0.035,0.7489,0.76,-3.72,-2.25,10.261,0.0,0.0,-0.0,0.0,0.0,0.0,10.53,10.65,9.18,10.68
738,12.3,10.75,29.176,-0.04,0.7556,0.99,-3.49,-2.24,10.047,0.0,0.0,-0.0,0.0,0.0,0.0,10.66,10.61,10.64,8.28
739,12.3167,10.764,29.198,-0.043,0.7614,1.09,-3.11,-2.4,10.286,0.0,0.0,-0.0,0.0,0.0,0.0,10.71,10.67,10.7,9.06
740,12.3333,10.778,29.221,-0.046,0.7653,1.01,-2.87,-2.5,10.752,0.0,0.0,-0.0,0.0,0.0,0.0,10.74,10.75,10.76,10.75
741,12.35,10.792,29.244,-0.048,0.7691,1.28,-3.01,-2.35,10.506,0.0,0.0,-0.0,0.0,0.0,0.0,10.59,10.97,10.96,9.51
742,12.3667,10.806,29.262,-0.052,0.7775,1.74,-3.46,-1.99,10.735,0.0,0.0,-0.0,0.0,0.0,0.0,10.68,10.77,10.76,10.73
743,12.3833,10.819,29.281,-0.055,0.7832,2.13,-3.97,-1.7,8.784,0.0,0.0,-0.0,0.0,0.0,0.0,10.45,10.47,10.49,3.72
744,12.4,10.833,29.299,-0.057,0.7881,2.31,-4.54,-1.63,10.638,0.0,0.0,-0.0,0.0,0.0,0.0,10.85,10.87,12.74,8.09
745,12.4167,10.847,29.318,-0.058,0.7924,2.31,-5.19,-1.57,10.582,0.0,0.0,-0.0,0.0,0.0,0.0,10.65,10.86,10.64,10.18
746,12.4333,10.861,29.336,-0.057,0.7966,2.04,-5.33,-1.82,10.835,0.0,0.0,-0.0,0.0,0.0,0.0,10.83,10.84,10.85,10.82
747,12.45,10.875,29.354,-0.056,0.7982,1.81,-5.62,-2.03,10.855,0.0,0.0,-0.0,0.0,0.0,0.0,10.84,10.86,10.85,10.86
748,12.4667,10.889,29.372,-0.056,0.7971,1.63,-6.05,-2.22,10.866,0.0,0.0,-0.0,0.0,0.0,0.0,10.86,10.87,10.86,10.88
749,12.4833,10.903,29.391,-0.055,0.7937,1.27,-6.55,-2.26,8.706,0.0,0.0,-0.0,0.0,0.0,0.0,10.55,10.49,10.56,3.22
750,12.5,10.917,29.411,-0.053,0.791,0.58,-6.68,-2.4,10.154,0.0,0.0,-0.0,0.0,0.0,0.0,10.86,10.89,10.86,8.01
751,12.5167,10.931,29.431,-0.051,0.7883,0.03,-6.53,-2.44,9.769,0.0,0.0,-0.0,0.0,0.0,0.0,10.89,6.37,10.89,10.93
752,12.5333,10.944,29.451,-0.051,0.7861,-0.14,-6.14,-2.36,10.078,0.0,0.0,-0.0,0.0,0.0,0.0,10.9,7.57,10.92,10.92
753,12.55,10.958,29.473,-0.053,0.785,-0.0,-6.24,-2.27,10.283,0.0,0.0,-0.0,0.0,0.0,0.0,12.68,8.51,10.72,9.22
754,12.5667,10.972,29.495,-0.056,0.7844,0.33,-5.99,-2.11,9.374,0.0,0.0,-0.0,0.0,0.0,0.0,10.9,10.9,10.91,4.79
755,12.5833,10.986,29.518,-0.058,0.7852,0.51,-5.79,-2.01,10.208,0.0,0.0,-0.0,0.0,0.0,0.0,9.17,10.94,10.96,9.75
756,12.6,11.0,29.541,-0.06,0.7859,0.66,-5.8,-1.94,10.985,0.0,0.0,-0.0,0.0,0.0,0.0,10.99,10.98,10.99,10.98
757,12.6167,11.014,29.565,-0.061,0.7851,0.61,-5.72,-1.96,10.438,0.0,0.0,-0.0,0.0,0.0,0.0,11.19,11.2,11.18,8.18
758,12.6333,11.028,29.589,-0.061,0.7842,0.48,-5.78,-1.85,10.533,0.0,0.0,-0.0,0.0,0.0,0.0,9.92,10.98,10.98,10.25
759,12.65,11.042,29.614,-0.061,0.7829,0.27,-5.98,-1.75,11.193,0.0,0.0,-0.0,0.0,0.0,0.0,10.97,10.95,10.98,11.88
760,12.6667,11.056,29.635,-0.065,0.7866,1.17,-4.95,-1.28,9.965,0.0,0.0,-0.0,0.0,0.0,0.0,9.65,8.04,11.07,11.1
761,12.6833,11.069,29.657,-0.066,0.7915,1.18,-4.11,-1.15,11.59,0.0,0.0,-0.0,0.0,0.0,0.0,17.8,11.16,8.77,8.63
762,12.7,11.083,29.679,-0.065,0.7979,0.92,-3.86,-1.15,10.075,0.0,0.0,-0.0,0.0,0.0,0.0,9.05,11.02,11.04,9.2
763,12.7167,11.097,29.701,-0.064,0.8022,0.62,-3.71,-1.18,11.079,0.0,0.0,-0.0,0.0,0.0,0.0,11.07,11.08,11.08,11.08
764,12.7333,11.111,29.723,-0.062,0.8038,0.3,-3.74,-1.22,10.968,0.0,0.0,-0.0,0.0,0.0,0.0,10.53,11.12,11.1,11.12
765,12.75,11.125,29.73,-0.068,0.8139,1.13,-4.78,-0.71,10.9,0.0,0.0,-0.0,0.0,0.0,0.0,10.24,11.13,11.11,11.12
766,12.7667,11.139,29.74,-0.075,0.8206,1.31,-5.6,-0.95,9.258,0.0,0.0,-0.0,0.0,0.0,0.0,11.02,11.06,11.04,3.91
767,12.7833,11.153,29.752,-0.079,0.8273,1.41,-6.21,-1.31,9.791,0.0,0.0,-0.0,0.0,0.0,0.0,11.04,11.06,11.1,5.97
768,12.8,11.167,29.764,-0.082,0.8324,1.42,-6.86,-1.62,10.093,0.0,0.0,-0.0,0.0,0.0,0.0,11.07,11.07,11.11,7.12
769,12.8167,11.181,29.777,-0.085,0.8355,1.39,-7.56,-1.88,10.739,0.0,0.0,-0.0,0.0,0.0,0.0,11.17,11.16,11.2,9.43
770,12.8333,11.194,29.792,-0.086,0.8387,1.09,-8.03,-2.14,10.034,0.0,0.0,-0.0,0.0,0.0,0.0,11.11,11.11,11.13,6.79
771,12.85,11.208,29.807,-0.087,0.8403,0.72,-8.59,-2.32,10.333,0.0,0.0,-0.0,0.0,0.0,0.0,11.12,11.12,11.13,7.96
772,12.8667,11.222,29.823,-0.087,0.841,0.47,-9.01,-2.44,10.783,0.0,0.0,-0.0,0.0,0.0,0.0,11.12,9.6,11.09,11.32
773,12.8833,11.236,29.84,-0.088,0.8422,0.4,-9.17,-2.45,10.352,0.0,0.0,-0.0,0.0,0.0,0.0,11.32,11.3,11.33,7.46
774,12.9,11.25,29.858,-0.09,0.8429,0.33,-9.25,-2.45,10.17,0.0,0.0,-0.0,0.0,0.0,0.0,11.3,6.81,11.28,11.28
775,12.9167,11.264,29.876,-0.092,0.8433,0.42,-9.29,-2.43,10.621,0.0,0.0,-0.0,0.0,0.0,0.0,11.15,11.25,11.18,8.9
776,12.9333,11.278,29.897,-0.093,0.8438,0.4,-9.35,-2.36,10.676,0.0,0.0,-0.0,0.0,0.0,0.0,11.27,11.27,11.27,8.9
777,12.95,11.292,29.918,-0.095,0.8436,0.46,-9.37,-2.27,10.522,0.0,0.0,-0.0,0.0,0.0,0.0,11.28,8.28,11.28,11.24
778,12.9667,11.306,29.94,-0.096,0.8434,0.49,-9.22,-2.21,10.554,0.0,0.0,-0.0,0.0,0.0,0.0,11.27,11.27,11.27,8.41
779,12.9833,11.319,29.962,-0.097,0.8418,0.43,-9.09,-2.17,9.922,0.0,0.0,-0.0,0.0,0.0,0.0,11.2,7.8,11.22,9.46
780,13.0,11.333,29.985,-0.099,0.8405,0.45,-8.78,-2.11,10.527,0.0,0.0,-0.0,0.0,0.0,0.0,11.32,11.31,11.33,8.15
781,13.0167,11.347,30.009,-0.1,0.8381,0.34,-8.51,-2.11,9.245,0.0,0.0,-0.0,0.0,0.0,0.0,6.32,8.07,11.36,11.22
782,13.0333,11.361,30.034,-0.102,0.8364,0.45,-8.25,-1.98,7.294,0.0,0.0,-0.0,0.0,0.0,0.0,-2.44,10.35,11.03,10.24
783,13.05,11.375,30.06,-0.102,0.8368,0.48,-8.02,-1.93,11.348,0.0,0.0,-0.0,0.0,0.0,0.0,11.35,11.36,11.35,11.34
784,13.0667,11.389,30.086,-0.103,0.8367,0.51,-8.18,-1.82,11.125,0.0,0.0,-0.0,0.0,0.0,0.0,8.75,10.69,10.73,14.33
785,13.0833,11.403,30.108,-0.104,0.8421,1.17,-7.0,-0.94,10.363,0.0,0.0,-0.0,0.0,0.0,0.0,11.37,7.32,11.37,11.38
786,13.1,11.417,30.131,-0.105,0.8455,1.62,-6.34,-0.37,7.069,0.0,0.0,-0.0,0.0,0.0,0.0,10.26,15.77,10.23,-7.99
787,13.1167,11.431,30.153,-0.105,0.8494,1.33,-5.3,-0.15,11.194,0.0,0.0,-0.0,0.0,0.0,0.0,11.18,11.19,11.25,11.15
788,13.1333,11.444,30.176,-0.106,0.8556,1.38,-5.15,-0.05,9.873,0.0,0.0,-0.0,0.0,0.0,0.0,7.71,11.31,11.37,9.1
789,13.15,11.458,30.199,-0.106,0.8584,1.27,-4.86,-0.05,10.287,0.0,0.0,-0.0,0.0,0.0,0.0,11.43,6.88,11.42,11.41
790,13.1667,11.472,30.214,-0.109,0.8644,1.97,-4.91,0.48,9.034,0.0,0.0,-0.0,0.0,0.0,0.0,5.91,11.39,11.41,7.43
791,13.1833,11.486,30.224,-0.115,0.8725,2.65,-5.02,0.77,9.147,0.0,0.0,-0.0,0.0,0.0,0.0,9.31,11.36,11.36,4.56
792,13.2,11.5,30.234,-0.12,0.8792,3.31,-5.37,0.95,11.458,0.0,0.0,-0.0,0.0,0.0,0.0,11.48,11.45,11.44,11.46
793,13.2167,11.514,30.244,-0.125,0.8842,3.95,-5.74,0.97,9.87,0.0,0.0,-0.0,0.0,0.0,0.0,11.23,11.17,11.24,5.85
794,13.2333,11.528,30.256,-0.127,0.8906,4.13,-6.2,0.92,8.935,0.0,0.0,-0.0,0.0,0.0,0.0,11.56,11.46,5.94,6.77
795,13.25,11.542,30.269,-0.129,0.8957,4.26,-6.84,0.85,10.383,0.0,0.0,-0.0,0.0,0.0,0.0,11.46,11.42,11.46,7.19
796,13.2667,11.556,30.282,-0.13,0.8989,4.3,-7.55,0.8,12.36,0.0,0.0,-0.0,0.0,0.0,0.0,11.44,11.45,11.46,15.09
797,13.2833,11.569,30.296,-0.129,0.9017,4.12,-7.95,0.61,10.203,0.0,0.0,-0.0,0.0,0.0,0.0,11.51,11.51,11.53,6.27
798,13.3,11.583,30.311,-0.128,0.9035,3.78,-8.39,0.43,10.44,0.0,0.0,-0.0,0.0,0.0,0.0,11.56,11.54,11.56,7.1
799,13.3167,11.597,30.326,-0.127,0.9038,3.42,-8.91,0.28,12.931,0.0,0.0,-0.0,0.0,0.0,0.0,11.8,11.68,11.81,16.43
800,13.3333,11.611,30.343,-0.124,0.9029,2.82,-9.33,0.16,10.37,0.0,0.0,-0.0,0.0,0.0,0.0,11.64,11.6,11.61,6.62
801,13.35,11.625,30.36,-0.121,0.9018,2.18,-9.67,0.04,10.393,0.0,0.0,-0.0,0.0,0.0,0.0,8.64,11.56,11.63,9.75
802,13.3667,11.639,30.377,-0.116,0.9008,1.62,-10.22,0.2,10.261,0.0,0.0,-0.0,0.0,0.0,0.0,11.53,11.54,11.48,6.49
803,13.3833,11.653,30.397,-0.113,0.9017,1.23,-10.6,0.35,11.74,0.0,0.0,-0.0,0.0,0.0,0.0,14.38,6.7,11.44,14.44
804,13.4,11.667,30.416,-0.109,0.9025,1.14,-10.63,0.69,11.111,0.0,0.0,-0.0,0.0,0.0,0.0,11.67,9.4,11.64,11.73
805,13.4167,11.681,30.437,-0.107,0.9019,1.09,-10.77,1.03,14.393,0.0,0.0,-0.0,0.0,0.0,0.0,12.29,30.28,11.5,3.51
806,13.4333,11.694,30.459,-0.105,0.9025,1.21,-10.66,1.41,10.477,0.0,0.0,-0.0,0.0,0.0,0.0,11.7,7.45,11.65,11.1
807,13.45,11.708,30.482,-0.103,0.9018,1.13,-10.75,1.61,10.367,0.0,0.0,-0.0,0.0,0.0,0.0,7.56,10.24,11.83,11.84
808,13.4667,11.722,30.506,-0.102,0.9027,1.26,-10.66,1.72,10.911,0.0,0.0,-0.0,0.0,0.0,0.0,11.69,9.46,11.75,10.75
809,13.4833,11.736,30.532,-0.102,0.9028,1.29,-10.6,1.81,11.724,0.0,0.0,-0.0,0.0,0.0,0.0,11.72,11.72,11.72,11.73
810,13.5,11.75,30.557,-0.101,0.9015,1.2,-10.48,1.79,11.119,0.0,0.0,-0.0,0.0,0.0,0.0,11.69,11.7,11.69,9.39
811,13.5167,11.764,30.58,-0.098,0.9061,1.22,-10.06,1.49,9.72,0.0,0.0,-0.0,0.0,0.0,0.0,6.19,11.7,11.69,9.3
812,13.5333,11.778,30.599,-0.096,0.9144,1.21,-9.26,1.68,10.626,0.0,0.0,-0.0,0.0,0.0,0.0,11.67,7.32,11.74,11.78
813,13.55,11.792,30.618,-0.094,0.9216,1.43,-8.52,1.94,13.88,0.0,0.0,-0.0,0.0,0.0,0.0,11.79,24.32,11.59,7.82
814,13.5667,11.806,30.637,-0.093,0.9276,1.65,-7.92,2.17,10.548,0.0,0.0,-0.0,0.0,0.0,0.0,11.73,6.95,11.76,11.75
815,13.5833,11.819,30.657,-0.093,0.9325,1.9,-7.47,2.41,14.802,0.0,0.0,-0.0,0.0,0.0,0.0,12.03,28.92,11.65,6.61
816,13.6,11.833,30.677,-0.092,0.9351,1.97,-7.26,2.58,10.747,0.0,0.0,-0.0,0.0,0.0,0.0,11.75,11.77,11.75,7.72
817,13.6167,11.847,30.698,-0.091,0.9374,2.14,-6.95,2.74,10.677,0.0,0.0,-0.0,0.0,0.0,0.0,11.79,7.25,11.83,11.84
818,13.6333,11.861,30.719,-0.09,0.9376,2.32,-6.81,2.89,11.824,0.0,0.0,-0.0,0.0,0.0,0.0,11.82,11.81,11.82,11.84
819,13.65,11.875,30.741,-0.089,0.937,2.56,-6.64,3.01,10.627,0.0,0.0,-0.0,0.0,0.0,0.0,11.86,7.84,11.87,10.94
820,13.6667,11.889,30.76,-0.09,0.9433,3.32,-7.18,3.31,11.163,0.0,0.0,-0.0,0.0,0.0,0.0,12.55,11.81,11.89,8.41
821,13.6833,11.903,30.777,-0.093,0.9517,3.74,-7.69,3.22,10.726,0.0,0.0,-0.0,0.0,0.0,0.0,10.92,11.8,11.86,8.34
822,13.7,11.917,30.794,-0.095,0.9583,4.05,-8.24,3.07,10.572,0.0,0.0,-0.0,0.0,0.0,0.0,11.92,11.9,11.93,6.54
823,13.7167,11.931,30.812,-0.096,0.963,4.31,-8.87,2.93,11.0,0.0,0.0,-0.0,0.0,0.0,0.0,11.61,11.56,11.66,9.17
824,13.7333,11.944,30.83,-0.097,0.9673,4.26,-9.29,2.7,14.584,0.0,0.0,-0.0,0.0,0.0,0.0,12.04,12.04,12.05,22.21
825,13.75,11.958,30.848,-0.098,0.9689,4.23,-9.89,2.46,11.953,0.0,0.0,-0.0,0.0,0.0,0.0,11.95,11.94,11.97,11.96
826,13.7667,11.972,30.867,-0.097,0.9701,3.98,-10.18,2.13,10.803,0.0,0.0,-0.0,0.0,0.0,0.0,11.95,11.94,11.97,7.36
827,13.7833,11.986,30.886,-0.095,0.9701,3.66,-10.5,1.83,12.526,0.0,0.0,-0.0,0.0,0.0,0.0,12.04,12.03,12.06,13.98
828,13.8,12.0,30.906,-0.093,0.9687,3.32,-10.87,1.53,10.927,0.0,0.0,-0.0,0.0,0.0,0.0,11.83,11.74,11.85,8.29
829,13.8167,12.014,30.925,-0.089,0.9673,2.63,-10.97,1.25,10.317,0.0,0.0,-0.0,0.0,0.0,0.0,11.9,-11.57,11.92,29.02
830,13.8333,12.028,30.947,-0.088,0.9655,2.28,-11.07,0.99,11.183,0.0,0.0,-0.0,0.0,0.0,0.0,12.0,8.69,12.0,12.04
831,13.85,12.042,30.969,-0.089,0.9663,2.5,-10.69,0.87,11.404,0.0,0.0,-0.0,0.0,0.0,0.0,11.84,9.74,11.83,12.2
832,13.8667,12.056,30.993,-0.09,0.9641,2.62,-10.66,0.67,11.118,0.0,0.0,-0.0,0.0,0.0,0.0,11.97,11.87,11.98,8.65
833,13.8833,12.069,31.017,-0.092,0.9632,2.72,-10.25,0.54,10.616,0.0,0.0,-0.0,0.0,0.0,0.0,12.03,10.69,12.04,7.7
834,13.9,12.083,31.042,-0.092,0.9606,2.55,-10.1,0.29,5.569,0.0,0.0,-0.0,0.0,0.0,0.0,9.99,-0.8,11.87,1.21
835,13.9167,12.097,31.069,-0.093,0.9617,2.81,-10.01,0.33,13.293,0.0,0.0,-0.0,0.0,0.0,0.0,10.9,19.64,11.86,10.76
836,13.9333,12.111,31.089,-0.095,0.9698,3.27,-8.31,0.71,7.894,0.0,0.0,-0.0,0.0,0.0,0.0,2.26,9.69,12.11,7.51
837,13.95,12.125,31.109,-0.099,0.978,3.69,-7.41,0.73,15.537,0.0,0.0,-0.0,0.0,0.0,0.0,26.23,11.96,11.98,11.98
838,13.9667,12.139,31.129,-0.102,0.9847,3.89,-6.68,0.66,9.762,0.0,0.0,-0.0,0.0,0.0,0.0,11.98,11.98,11.98,3.11
839,13.9833,12.153,31.149,-0.105,0.9903,4.2,-6.05,0.52,12.036,0.0,0.0,-0.0,0.0,0.0,0.0,12.07,11.93,12.1,12.05
840,14.0,12.167,31.17,-0.108,0.995,4.38,-5.54,0.41,10.897,0.0,0.0,-0.0,0.0,0.0,0.0,12.13,12.1,12.11,7.26
841,14.0167,12.181,31.191,-0.11,0.9982,4.53,-5.23,0.3,12.049,0.0,0.0,-0.0,0.0,0.0,0.0,12.2,16.18,12.16,7.64
842,14.0333,12.194,31.214,-0.112,1.0008,4.61,-5.06,0.21,13.195,0.0,0.0,-0.0,0.0,0.0,0.0,12.2,20.65,12.15,7.79
843,14.05,12.208,31.238,-0.113,1.0021,4.69,-4.95,0.02,13.727,0.0,0.0,-0.0,0.0,0.0,0.0,12.26,12.22,12.29,18.14
844,14.0667,12.222,31.262,-0.115,1.001,4.65,-5.01,-0.13,9.999,0.0,0.0,-0.0,0.0,0.0,0.0,12.16,12.19,12.15,3.5
845,14.0833,12.236,31.286,-0.116,1.0023,4.68,-5.08,-0.12,11.922,0.0,0.0,-0.0,0.0,0.0,0.0,11.82,12.79,12.22,10.86
846,14.1,12.25,31.309,-0.116,1.0082,4.93,-5.64,0.11,12.201,0.0,0.0,-0.0,0.0,0.0,0.0,12.22,12.22,12.2,12.16
847,14.1167,12.264,31.331,-0.117,1.0123,5.03,-6.08,0.21,11.468,0.0,0.0,-0.0,0.0,0.0,0.0,12.09,12.05,12.09,9.64
848,14.1333,12.278,31.354,-0.117,1.0151,5.1,-6.5,0.18,12.262,0.0,0.0,-0.0,0.0,0.0,0.0,12.26,12.26,12.26,12.27
849,14.15,12.292,31.378,-0.116,1.0165,4.88,-6.8,0.11,11.842,0.0,0.0,-0.0,0.0,0.0,0.0,12.29,12.28,12.3,10.5
850,14.1667,12.306,31.401,-0.115,1.0164,4.55,-7.14,-0.01,12.285,0.0,0.0,-0.0,0.0,0.0,0.0,12.28,12.28,12.29,12.29
851,14.1833,12.319,31.425,-0.115,1.0159,4.61,-7.14,0.01,11.608,0.0,0.0,-0.0,0.0,0.0,0.0,12.32,9.45,12.32,12.34
852,14.2,12.333,31.45,-0.115,1.0148,4.6,-7.18,0.0,11.857,0.0,0.0,-0.0,0.0,0.0,0.0,12.32,12.32,12.33,10.46
853,14.2167,12.347,31.476,-0.116,1.0145,4.6,-6.9,-0.02,12.04,0.0,0.0,-0.0,0.0,0.0,0.0,12.34,13.75,12.39,9.69
854,14.2333,12.361,31.502,-0.116,1.0129,4.35,-6.72,-0.19,12.329,0.0,0.0,-0.0,0.0,0.0,0.0,12.33,12.31,12.36,12.32
855,14.25,12.375,31.529,-0.117,1.011,4.43,-6.28,-0.22,11.673,0.0,0.0,-0.0,0.0,0.0,0.0,12.31,9.77,12.33,12.28
856,14.2667,12.389,31.556,-0.118,1.0073,4.62,-6.01,-0.32,11.57,0.0,0.0,-0.0,0.0,0.0,0.0,12.29,12.28,12.32,9.39
857,14.2833,12.403,31.584,-0.121,1.0043,5.09,-5.99,-0.23,11.648,0.0,0.0,-0.0,0.0,0.0,0.0,10.96,10.87,12.38,12.38
858,14.3,12.417,31.614,-0.122,1.0053,5.1,-5.3,-0.29,12.002,0.0,0.0,-0.0,0.0,0.0,0.0,12.53,12.41,12.43,10.63
859,14.3167,12.431,31.636,-0.128,1.015,5.98,-3.69,-0.23,10.278,0.0,0.0,-0.0,0.0,0.0,0.0,5.9,12.49,13.67,9.06
860,14.3333,12.444,31.661,-0.128,1.0226,5.87,-2.84,-0.1,17.042,0.0,0.0,-0.0,0.0,0.0,0.0,12.2,5.18,29.74,21.04
861,14.35,12.458,31.687,-0.128,1.0289,5.84,-2.35,-0.04,16.623,0.0,0.0,-0.0,0.0,0.0,0.0,28.06,3.35,12.47,22.62
862,14.3667,12.472,31.712,-0.129,1.033,5.74,-2.0,0.05,12.426,0.0,0.0,-0.0,0.0,0.0,0.0,12.42,12.4,12.42,12.46
863,14.3833,12.486,31.738,-0.131,1.0346,5.63,-1.85,0.13,12.47,0.0,0.0,-0.0,0.0,0.0,0.0,12.47,12.46,12.47,12.48
864,14.4,12.5,31.764,-0.132,1.0336,5.63,-1.84,0.16,11.233,0.0,0.0,-0.0,0.0,0.0,0.0,12.43,7.43,12.55,12.53
865,14.4167,12.514,31.79,-0.133,1.0326,5.71,-1.75,0.24,10.14,0.0,0.0,-0.0,0.0,0.0,0.0,7.35,12.09,12.17,8.94
866,14.4333,12.528,31.817,-0.132,1.0324,5.74,-1.6,0.39,12.499,0.0,0.0,-0.0,0.0,0.0,0.0,12.49,12.5,12.5,12.49
867,14.45,12.542,31.844,-0.131,1.0304,5.93,-1.85,0.44,10.052,0.0,0.0,-0.0,0.0,0.0,0.0,11.23,4.38,12.31,12.3
868,14.4667,12.556,31.872,-0.13,1.0304,5.78,-1.75,0.49,12.716,0.0,0.0,-0.0,0.0,0.0,0.0,12.55,12.54,13.0,12.79
869,14.4833,12.569,31.9,-0.129,1.0329,5.6,-1.85,0.52,11.578,0.0,0.0,-0.0,0.0,0.0,0.0,11.19,12.43,12.57,10.12
870,14.5,12.583,31.928,-0.126,1.0332,5.17,-2.01,0.66,12.556,0.0,0.0,-0.0,0.0,0.0,0.0,12.53,12.57,12.58,12.55
871,14.5167,12.597,31.957,-0.126,1.0344,5.3,-1.94,0.82,12.397,0.0,0.0,-0.0,0.0,0.0,0.0,12.05,12.39,12.59,12.56
872,14.5333,12.611,31.987,-0.127,1.0346,5.6,-1.91,0.97,11.749,0.0,0.0,-0.0,0.0,0.0,0.0,9.94,11.87,12.59,12.59
873,14.55,12.625,32.016,-0.129,1.0348,5.85,-1.82,0.89,13.085,0.0,0.0,-0.0,0.0,0.0,0.0,12.97,12.94,13.01,13.42
874,14.5667,12.639,32.046,-0.132,1.0336,5.9,-1.73,0.79,12.837,0.0,0.0,-0.0,0.0,0.0,0.0,13.28,12.66,12.71,12.7
875,14.5833,12.653,32.076,-0.133,1.0327,5.92,-1.58,0.72,12.099,0.0,0.0,-0.0,0.0,0.0,0.0,12.73,12.65,10.4,12.61
876,14.6,12.667,32.105,-0.129,1.0339,5.98,-1.83,1.07,12.65,0.0,0.0,-0.0,0.0,0.0,0.0,12.64,12.64,12.65,12.67
877,14.6167,12.681,32.135,-0.126,1.0337,5.72,-1.86,1.29,12.524,0.0,0.0,-0.0,0.0,0.0,0.0,12.59,12.59,12.58,12.34
878,14.6333,12.694,32.162,-0.123,1.038,5.43,-1.72,1.24,11.07,0.0,0.0,-0.0,0.0,0.0,0.0,7.91,12.68,12.67,11.02
879,14.65,12.708,32.188,-0.12,1.0453,5.25,-1.27,1.45,11.93,0.0,0.0,-0.0,0.0,0.0,0.0,12.63,9.66,12.68,12.75
880,14.6667,12.722,32.214,-0.118,1.051,5.23,-0.87,1.71,12.659,0.0,0.0,-0.0,0.0,0.0,0.0,12.63,12.61,12.65,12.75
881,14.6833,12.736,32.24,-0.116,1.0544,5.24,-0.69,1.92,13.846,0.0,0.0,-0.0,0.0,0.0,0.0,12.79,17.26,12.65,12.68
882,14.7,12.75,32.267,-0.115,1.0558,5.34,-0.65,2.05,12.971,0.0,0.0,-0.0,0.0,0.0,0.0,12.67,13.52,12.78,12.91
883,14.7167,12.764,32.293,-0.113,1.0545,5.38,-0.81,2.19,12.741,0.0,0.0,-0.0,0.0,0.0,0.0,12.74,12.72,12.75,12.75
884,14.7333,12.778,32.32,-0.113,1.0525,5.77,-0.75,2.42,12.138,0.0,0.0,-0.0,0.0,0.0,0.0,12.74,10.32,12.75,12.74
885,14.75,12.792,32.348,-0.113,1.0491,6.06,-0.67,2.55,12.055,0.0,0.0,-0.0,0.0,0.0,0.0,12.78,12.75,12.79,9.9
886,14.7667,12.806,32.376,-0.112,1.0466,6.01,-0.2,2.48,12.075,0.0,0.0,-0.0,0.0,0.0,0.0,12.72,12.85,12.76,9.97
887,14.7833,12.819,32.405,-0.111,1.0433,5.95,0.17,2.4,9.647,0.0,0.0,-0.0,0.0,0.0,0.0,13.25,13.41,-1.06,12.99
888,14.8,12.833,32.435,-0.108,1.0412,6.39,0.14,2.92,12.502,0.0,0.0,-0.0,0.0,0.0,0.0,12.88,11.47,12.84,12.83
889,14.8167,12.847,32.466,-0.104,1.0427,6.02,0.07,2.88,12.735,0.0,0.0,-0.0,0.0,0.0,0.0,12.74,12.75,12.49,12.97
890,14.8333,12.861,32.496,-0.102,1.0451,5.96,0.15,2.89,12.597,0.0,0.0,-0.0,0.0,0.0,0.0,12.77,13.05,11.79,12.77
891,14.85,12.875,32.527,-0.099,1.0469,5.98,-0.11,2.91,12.859,0.0,0.0,-0.0,0.0,0.0,0.0,12.86,12.86,12.86,12.86
892,14.8667,12.889,32.557,-0.097,1.0473,6.05,-0.17,2.98,12.025,0.0,0.0,-0.0,0.0,0.0,0.0,12.97,12.55,12.89,9.69
893,14.8833,12.903,32.587,-0.095,1.0459,5.94,-0.18,2.9,11.291,0.0,0.0,-0.0,0.0,0.0,0.0,12.58,12.43,12.61,7.55
894,14.9,12.917,32.618,-0.093,1.0446,5.88,0.2,2.84,12.11,0.0,0.0,-0.0,0.0,0.0,0.0,12.84,12.5,10.23,12.86
895,14.9167,12.931,32.649,-0.091,1.0438,5.77,0.11,2.89,12.916,0.0,0.0,-0.0,0.0,0.0,0.0,12.91,12.91,12.92,12.92
896,14.9333,12.944,32.68,-0.091,1.0447,6.02,0.1,2.79,12.963,0.0,0.0,-0.0,0.0,0.0,0.0,13.9,14.42,12.57,10.97
897,14.95,12.958,32.71,-0.091,1.0463,6.17,0.11,2.81,11.521,0.0,0.0,-0.0,0.0,0.0,0.0,13.16,10.95,11.28,10.7
898,14.9667,12.972,32.74,-0.09,1.0468,6.0,0.16,2.55,12.946,0.0,0.0,-0.0,0.0,0.0,0.0,12.94,12.96,12.95,12.93
899,14.9833,12.986,32.77,-0.09,1.0457,6.07,0.31,2.42,12.53,0.0,0.0,-0.0,0.0,0.0,0.0,12.98,11.18,12.99,12.97
900,15.0,13.0,32.8,-0.091,1.0428,6.27,0.45,2.38,12.981,0.0,0.0,-0.0,0.0,0.0,0.0,12.98,12.97,12.99,12.98
901,15.0167,13.0,32.83,-0.09,1.0396,6.21,0.92,2.17,11.955,0.0,0.0,-0.0,0.0,0.0,0.0,13.03,10.81,12.99,10.99
902,15.0333,13.0,32.861,-0.09,1.0354,6.37,1.31,1.91,12.947,0.0,0.0,-0.0,0.0,0.0,0.0,12.95,12.93,12.95,12.96
903,15.05,13.0,32.892,-0.089,1.0309,6.14,1.96,1.65,12.096,0.0,0.0,-0.0,0.0,0.0,0.0,12.99,13.82,13.02,8.56
904,15.0667,13.0,32.923,-0.088,1.0292,5.97,2.06,1.64,14.521,0.0,0.0,-0.0,0.0,0.0,0.0,13.12,13.48,18.43,13.06
905,15.0833,13.0,32.953,-0.084,1.0345,5.93,1.6,1.92,12.952,0.0,0.0,-0.0,0.0,0.0,0.0,12.97,12.93,12.9,13.0
906,15.1,13.0,32.982,-0.08,1.0374,5.92,1.08,2.17,12.59,0.0,0.0,-0.0,0.0,0.0,0.0,12.82,11.89,12.81,12.84
907,15.1167,13.0,33.011,-0.078,1.0396,6.17,0.88,2.47,13.438,0.0,0.0,-0.0,0.0,0.0,0.0,12.92,16.2,12.89,11.75
908,15.1333,13.0,33.04,-0.075,1.0397,5.92,0.71,2.58,12.12,0.0,0.0,-0.0,0.0,0.0,0.0,12.65,13.95,12.58,9.29
909,15.15,13.0,33.07,-0.073,1.04,5.85,1.0,2.61,12.268,0.0,0.0,-0.0,0.0,0.0,0.0,12.7,10.97,12.7,12.7
910,15.1667,13.0,33.099,-0.071,1.0392,5.98,1.39,2.75,12.404,0.0,0.0,-0.0,0.0,0.0,0.0,12.95,10.73,12.95,12.98
911,15.1833,13.0,33.129,-0.071,1.0367,6.16,1.63,2.86,12.97,0.0,0.0,-0.0,0.0,0.0,0.0,12.96,12.94,12.97,13.01
912,15.2,13.0,33.159,-0.07,1.0323,6.52,1.87,2.98,12.394,0.0,0.0,-0.0,0.0,0.0,0.0,13.16,10.19,13.1,13.12
913,15.2167,13.0,33.19,-0.069,1.03,6.57,1.88,2.91,12.597,0.0,0.0,-0.0,0.0,0.0,0.0,12.97,12.93,12.92,11.57
914,15.2333,13.0,33.22,-0.065,1.0306,6.17,1.83,2.8,12.467,0.0,0.0,-0.0,0.0,0.0,0.0,13.0,12.98,11.79,12.1
915,15.25,13.0,33.251,-0.06,1.0294,5.72,1.73,2.71,12.996,0.0,0.0,-0.0,0.0,0.0,0.0,12.99,12.99,13.01,12.98
916,15.2667,13.0,33.281,-0.057,1.0281,5.64,2.06,2.87,12.432,0.0,0.0,-0.0,0.0,0.0,0.0,13.04,10.63,13.05,13.02
917,15.2833,13.0,33.312,-0.054,1.0249,5.61,2.26,3.02,12.981,0.0,0.0,-0.0,0.0,0.0,0.0,12.98,12.97,13.0,12.98
918,15.3,13.0,33.344,-0.051,1.0211,5.77,2.69,3.2,12.551,0.0,0.0,-0.0,0.0,0.0,0.0,13.13,13.32,13.07,10.69
919,15.3167,13.0,33.375,-0.048,1.017,5.74,3.31,3.21,11.423,0.0,0.0,-0.0,0.0,0.0,0.0,12.86,10.8,12.88,9.15
920,15.3333,13.0,33.408,-0.047,1.0134,5.68,3.82,3.11,12.987,0.0,0.0,-0.0,0.0,0.0,0.0,13.13,13.61,12.07,13.13
921,15.35,13.0,33.441,-0.045,1.012,5.74,4.07,3.19,11.799,0.0,0.0,-0.0,0.0,0.0,0.0,7.39,13.5,13.16,13.15
922,15.3667,13.0,33.474,-0.045,1.0136,5.86,3.79,3.16,13.21,0.0,0.0,-0.0,0.0,0.0,0.0,13.02,13.03,13.76,13.03
923,15.3833,13.0,33.505,-0.044,1.0152,5.8,3.56,2.98,13.113,0.0,0.0,-0.0,0.0,0.0,0.0,12.99,13.02,13.56,12.89
924,15.4,13.0,33.536,-0.042,1.015,5.74,3.43,2.98,13.017,0.0,0.0,-0.0,0.0,0.0,0.0,12.98,13.1,13.01,12.98
925,15.4167,13.0,33.567,-0.042,1.0161,5.9,3.69,2.92,12.484,0.0,0.0,-0.0,0.0,0.0,0.0,13.09,14.27,9.4,13.17
926,15.4333,13.0,33.598,-0.041,1.0186,6.1,3.73,2.8,12.999,0.0,0.0,-0.0,0.0,0.0,0.0,13.0,12.99,13.0,13.0
927,15.45,13.0,33.629,-0.041,1.0184,6.31,3.58,2.68,13.0,0.0,0.0,-0.0,0.0,0.0,0.0,13.0,12.99,13.0,13.0
928,15.4667,13.0,33.66,-0.041,1.0159,6.4,3.37,2.55,12.646,0.0,0.0,-0.0,0.0,0.0,0.0,12.99,12.99,12.99,11.61
929,15.4833,13.0,33.69,-0.039,1.0146,6.35,3.21,2.48,12.105,0.0,0.0,-0.0,0.0,0.0,0.0,12.83,13.26,9.42,12.92
930,15.5,13.0,33.721,-0.039,1.0144,6.25,3.14,2.3,14.024,0.0,0.0,-0.0,0.0,0.0,0.0,13.26,13.25,16.53,13.05
931,15.5167,13.0,33.751,-0.036,1.0143,6.34,2.4,2.49,12.956,0.0,0.0,-0.0,0.0,0.0,0.0,12.95,12.97,12.96,12.95
932,15.5333,13.0,33.781,-0.032,1.0115,6.43,1.61,2.62,12.965,0.0,0.0,-0.0,0.0,0.0,0.0,12.96,12.98,12.97,12.95
933,15.55,13.0,33.81,-0.029,1.0069,6.28,1.12,2.63,12.404,0.0,0.0,-0.0,0.0,0.0,0.0,13.03,13.02,13.04,10.53
934,15.5667,13.0,33.839,-0.025,1.0025,5.82,0.78,2.54,13.648,0.0,0.0,-0.0,0.0,0.0,0.0,12.92,12.87,15.88,12.92
935,15.5833,13.0,33.869,-0.019,1.0018,5.26,0.76,2.56,12.283,0.0,0.0,-0.0,0.0,0.0,0.0,12.91,10.61,12.84,12.78
936,15.6,13.0,33.898,-0.016,1.0021,5.2,1.09,2.66,14.263,0.0,0.0,-0.0,0.0,0.0,0.0,12.9,15.58,10.13,18.44
937,15.6167,13.0,33.928,-0.015,1.0046,5.08,1.18,2.3,12.989,0.0,0.0,-0.0,0.0,0.0,0.0,12.98,12.98,12.97,13.02
938,15.6333,13.0,33.957,-0.015,1.0045,4.97,1.1,1.95,12.568,0.0,0.0,-0.0,0.0,0.0,0.0,12.29,12.76,12.6,12.62
939,15.65,13.0,33.986,-0.017,1.0037,4.67,1.31,2.12,12.971,0.0,0.0,-0.0,0.0,0.0,0.0,12.95,12.97,13.0,12.97
940,15.6667,13.0,34.016,-0.018,1.0025,4.92,1.43,2.02,12.357,0.0,0.0,-0.0,0.0,0.0,0.0,12.96,12.89,10.5,13.08
941,15.6833,13.0,34.045,-0.018,1.0046,5.14,1.24,1.77,12.993,0.0,0.0,-0.0,0.0,0.0,0.0,13.0,12.97,13.0,13.0
942,15.7,13.0,34.075,-0.019,1.0041,5.34,0.87,1.5,12.951,0.0,0.0,-0.0,0.0,0.0,0.0,12.43,14.2,12.58,12.6
943,15.7167,13.0,34.104,-0.02,1.0036,5.53,1.08,1.33,12.427,0.0,0.0,-0.0,0.0,0.0,0.0,13.42,13.62,13.38,9.3
944,15.7333,13.0,34.133,-0.02,1.0031,5.46,1.15,1.31,13.458,0.0,0.0,-0.0,0.0,0.0,0.0,12.97,12.95,14.97,12.94
945,15.75,13.0,34.163,-0.019,1.0011,5.31,0.7,1.45,13.0,0.0,0.0,-0.0,0.0,0.0,0.0,13.0,13.0,13.0,13.0
946,15.7667,13.0,34.194,-0.018,0.9984,5.55,0.53,1.53,12.149,0.0,0.0,-0.0,0.0,0.0,0.0,12.88,10.67,11.94,13.1
947,15.7833,13.0,34.224,-0.017,0.996,5.59,-0.05,1.39,14.785,0.0,0.0,-0.0,0.0,0.0,0.0,13.09,13.04,20.09,12.91
948,15.8,13.0,34.247,-0.012,0.9995,4.71,-1.4,0.89,14.396,0.0,0.0,-0.0,0.0,0.0,0.0,12.6,12.81,19.38,12.79
949,15.8167,13.0,34.26,-0.004,1.0079,3.68,-2.27,0.65,11.387,0.0,0.0,-0.0,0.0,0.0,0.0,12.69,7.0,12.86,13.0
950,15.8333,13.0,34.272,0.0,1.0172,2.57,-2.49,1.09,13.077,0.0,0.0,-0.0,0.0,0.0,0.0,12.86,13.37,13.05,13.03
951,15.85,13.0,34.285,0.005,1.0239,1.68,-2.83,1.42,8.796,0.0,0.0,-0.0,0.0,0.0,0.0,12.8,-3.32,12.86,12.85
952,15.8667,13.0,34.299,0.01,1.0297,1.41,-3.22,1.41,11.636,0.0,0.0,-0.0,0.0,0.0,0.0,12.99,7.57,12.99,12.99
953,15.8833,13.0,34.314,0.013,1.0339,1.04,-3.66,1.53,12.985,0.0,0.0,-0.0,0.0,0.0,0.0,12.99,12.97,12.98,13.0
954,15.9,13.0,34.329,0.016,1.037,0.84,-4.04,1.66,11.396,0.0,0.0,-0.0,0.0,0.0,0.0,13.02,6.58,12.99,13.0
955,15.9167,13.0,34.345,0.018,1.0395,0.8,-4.4,1.78,11.751,0.0,0.0,-0.0,0.0,0.0,0.0,12.99,8.01,13.0,13.01
956,15.9333,13.0,34.363,0.02,1.0405,0.84,-4.83,1.9,11.737,0.0,0.0,-0.0,0.0,0.0,0.0,12.59,8.64,12.84,12.88
957,15.95,13.0,34.381,0.02,1.0422,1.18,-4.94,2.11,11.656,0.0,0.0,-0.0,0.0,0.0,0.0,12.96,7.77,12.95,12.95
958,15.9667,13.0,34.399,0.02,1.042,1.64,-5.18,2.23,12.838,0.0,0.0,-0.0,0.0,0.0,0.0,13.05,12.32,13.0,12.98
959,15.9833,13.0,34.419,0.018,1.0405,2.1,-5.52,2.32,11.702,0.0,0.0,-0.0,0.0,0.0,0.0,12.87,8.13,12.91,12.9
960,16.0,13.0,34.439,0.016,1.0392,2.79,-5.64,2.42,12.139,0.0,0.0,-0.0,0.0,0.0,0.0,13.02,9.58,12.98,12.97
961,16.0167,13.0,34.46,0.013,1.0358,3.48,-5.88,2.46,12.986,0.0,0.0,-0.0,0.0,0.0,0.0,12.97,12.99,13.01,12.97
962,16.0333,13.0,34.481,0.01,1.0317,4.38,-5.92,2.5,11.683,0.0,0.0,-0.0,0.0,0.0,0.0,12.97,7.79,13.01,12.97
963,16.05,13.0,34.503,0.006,1.0264,5.33,-6.03,2.45,11.795,0.0,0.0,-0.0,0.0,0.0,0.0,12.82,8.68,12.87,12.81
964,16.0667,13.0,34.526,0.003,1.0239,5.64,-5.25,2.13,11.133,0.0,0.0,-0.0,0.0,0.0,0.0,12.96,12.97,12.97,5.63
965,16.0833,13.0,34.549,0.001,1.0206,5.8,-4.7,1.84,11.488,0.0,0.0,-0.0,0.0,0.0,0.0,12.93,12.91,12.91,7.2
966,16.1,13.0,34.574,0.002,1.02,5.7,-4.74,1.73,11.564,0.0,0.0,-0.0,0.0,0.0,0.0,13.28,13.24,10.93,8.81
967,16.1167,13.0,34.598,0.005,1.0199,5.36,-4.78,1.8,11.856,0.0,0.0,-0.0,0.0,0.0,0.0,12.94,12.94,12.95,8.6
968,16.1333,13.0,34.623,0.009,1.0192,5.17,-4.79,1.92,11.938,0.0,0.0,-0.0,0.0,0.0,0.0,13.04,8.7,13.0,13.01
969,16.15,13.0,34.649,0.011,1.0173,5.17,-4.84,1.99,12.995,0.0,0.0,-0.0,0.0,0.0,0.0,12.99,12.99,12.99,13.0
970,16.1667,13.0,34.675,0.016,1.0165,4.61,-4.33,1.87,11.51,0.0,0.0,-0.0,0.0,0.0,0.0,13.02,13.02,10.25,9.74
971,16.1833,13.0,34.701,0.021,1.0154,4.03,-4.14,1.85,13.203,0.0,0.0,-0.0,0.0,0.0,0.0,12.91,12.97,13.96,12.97
972,16.2,13.0,34.706,0.035,1.0222,2.64,-4.22,0.98,10.369,0.0,0.0,-0.0,0.0,0.0,0.0,12.78,10.71,5.1,12.88
973,16.2167,13.0,34.715,0.045,1.0301,1.34,-4.06,1.14,10.348,0.0,0.0,-0.0,0.0,0.0,0.0,13.28,2.18,13.7,12.23
974,16.2333,13.0,34.726,0.054,1.0364,0.29,-3.95,1.34,12.943,0.0,0.0,-0.0,0.0,0.0,0.0,12.59,4.09,22.8,12.28
975,16.25,13.0,34.737,0.061,1.0428,-0.51,-3.91,1.52,9.067,0.0,0.0,-0.0,0.0,0.0,0.0,13.09,1.52,9.65,12.01
976,16.2667,13.0,34.749,0.067,1.0488,-1.13,-3.79,1.68,13.067,0.0,0.0,-0.0,0.0,0.0,0.0,12.81,13.43,13.02,13.01
977,16.2833,13.0,34.76,0.072,1.0516,-1.84,-3.87,1.88,8.933,0.0,0.0,-0.0,0.0,0.0,0.0,12.91,-2.99,12.97,12.84
978,16.3,13.0,34.773,0.076,1.0553,-2.17,-3.91,1.99,11.396,0.0,0.0,-0.0,0.0,0.0,0.0,13.27,6.64,12.88,12.8
979,16.3167,13.0,34.787,0.078,1.0616,-2.19,-4.62,1.97,11.548,0.0,0.0,-0.0,0.0,0.0,0.0,11.69,8.53,13.0,12.98
980,16.3333,13.0,34.802,0.078,1.0655,-2.24,-5.39,1.95,12.96,0.0,0.0,-0.0,0.0,0.0,0.0,12.95,12.95,12.97,12.97
981,16.35,13.0,34.817,0.078,1.0692,-1.97,-5.86,2.02,11.677,0.0,0.0,-0.0,0.0,0.0,0.0,12.94,7.82,12.96,12.98
982,16.3667,13.0,34.833,0.078,1.0705,-1.66,-6.48,2.03,11.361,0.0,0.0,-0.0,0.0,0.0,0.0,12.97,6.49,12.98,13.0
983,16.3833,13.0,34.85,0.077,1.0708,-1.31,-7.11,2.03,11.801,0.0,0.0,-0.0,0.0,0.0,0.0,13.01,8.08,13.06,13.05
984,16.4,13.0,34.868,0.074,1.0718,-0.71,-7.51,2.06,11.94,0.0,0.0,-0.0,0.0,0.0,0.0,12.95,8.82,12.98,13.0
985,16.4167,13.0,34.887,0.072,1.0706,-0.09,-8.0,2.05,11.272,0.0,0.0,-0.0,0.0,0.0,0.0,13.59,5.39,13.07,13.03
986,16.4333,13.0,34.907,0.068,1.0695,0.67,-8.38,2.02,12.148,0.0,0.0,-0.0,0.0,0.0,0.0,12.99,9.57,13.0,13.03
987,16.45,13.0,34.928,0.064,1.0668,1.48,-8.8,1.96,11.998,0.0,0.0,-0.0,0.0,0.0,0.0,12.87,8.94,13.22,12.95
988,16.4667,13.0,34.949,0.059,1.0641,2.42,-8.96,1.96,11.82,0.0,0.0,-0.0,0.0,0.0,0.0,12.93,8.41,13.01,12.94
989,16.4833,13.0,34.972,0.053,1.061,3.39,-9.35,1.87,12.621,0.0,0.0,-0.0,0.0,0.0,0.0,12.92,14.53,10.14,12.9
990,16.5,13.0,34.995,0.049,1.0623,4.22,-10.34,1.66,11.837,0.0,0.0,-0.0,0.0,0.0,0.0,12.68,14.18,7.59,12.9
991,16.5167,13.0,35.016,0.043,1.0687,5.06,-10.69,1.39,10.895,0.0,0.0,-0.0,0.0,0.0,0.0,12.88,12.96,12.93,4.81
992,16.5333,13.0,35.038,0.038,1.0746,5.75,-11.05,1.14,12.187,0.0,0.0,-0.0,0.0,0.0,0.0,12.82,12.88,12.89,10.17
993,16.55,13.0,35.061,0.033,1.0795,6.24,-11.36,0.88,11.8,0.0,0.0,-0.0,0.0,0.0,0.0,12.87,12.88,12.92,8.53
994,16.5667,13.0,35.081,0.031,1.087,5.72,-10.15,0.06,11.394,0.0,0.0,-0.0,0.0,0.0,0.0,13.0,13.0,13.01,6.57
995,16.5833,13.0,35.102,0.029,1.0925,5.4,-9.54,-0.52,11.456,0.0,0.0,-0.0,0.0,0.0,0.0,12.84,12.9,12.86,7.23
996,16.6,13.0,35.123,0.028,1.097,5.07,-9.06,-1.05,11.228,0.0,0.0,-0.0,0.0,0.0,0.0,12.89,12.92,12.91,6.19
997,16.6167,13.0,35.144,0.027,1.1003,4.68,-8.71,-1.5,11.351,0.0,0.0,-0.0,0.0,0.0,0.0,12.9,12.91,12.91,6.68
998,16.6333,13.0,35.167,0.028,1.1025,4.18,-8.47,-1.86,11.368,0.0,0.0,-0.0,0.0,0.0,0.0,12.88,12.9,12.89,6.8
999,16.65,13.0,35.189,0.028,1.1023,3.78,-8.5,-2.18,12.953,0.0,0.0,-0.0,0.0,0.0,0.0,12.97,12.95,12.98,12.91
1000,16.6667,13.0,35.212,0.03,1.1009,3.19,-8.54,-2.46,13.397,0.0,0.0,-0.0,0.0,0.0,0.0,12.99,12.96,13.01,14.62
1001,16.6833,13.0,35.222,0.038,1.1053,2.08,-9.41,-3.05,12.23,0.0,0.0,-0.0,0.0,0.0,0.0,12.98,12.93,10.1,12.91
1002,16.7,13.0,35.229,0.052,1.1091,1.62,-10.37,-3.18,12.885,0.0,0.0,-0.0,0.0,0.0,0.0,12.95,12.85,12.83,12.91
1003,16.7167,13.0,35.235,0.062,1.1132,0.67,-10.71,-2.65,11.662,0.0,0.0,-0.0,0.0,0.0,0.0,13.2,7.2,13.13,13.12
1004,16.7333,13.0,35.241,0.069,1.118,-0.04,-10.76,-2.15,11.35,0.0,0.0,-0.0,0.0,0.0,0.0,12.86,6.79,12.87,12.88
1005,16.75,13.0,35.249,0.075,1.1222,-0.62,-10.81,-1.76,10.869,0.0,0.0,-0.0,0.0,0.0,0.0,13.27,3.92,13.13,13.15
1006,16.7667,13.0,35.258,0.08,1.1259,-1.09,-10.85,-1.46,10.435,0.0,0.0,-0.0,0.0,0.0,0.0,12.96,2.88,12.92,12.98
1007,16.7833,13.0,35.267,0.084,1.1292,-1.33,-10.89,-1.19,10.543,0.0,0.0,-0.0,0.0,0.0,0.0,12.96,3.3,12.95,12.97
1008,16.8,13.0,35.278,0.086,1.1317,-1.43,-11.04,-1.0,10.799,0.0,0.0,-0.0,0.0,0.0,0.0,12.94,4.34,12.96,12.96
1009,16.8167,13.0,35.29,0.087,1.1335,-1.43,-11.32,-0.86,11.04,0.0,0.0,-0.0,0.0,0.0,0.0,13.06,5.03,13.04,13.03
1010,16.8333,13.0,35.303,0.087,1.134,-1.36,-11.77,-0.78,15.023,0.0,0.0,-0.0,0.0,0.0,0.0,12.95,21.17,12.99,12.99
1011,16.85,13.0,35.317,0.086,1.1343,-0.94,-11.9,-0.6,11.093,0.0,0.0,-0.0,0.0,0.0,0.0,12.98,5.42,12.98,12.99
1012,16.8667,13.0,35.331,0.084,1.1335,-0.53,-12.19,-0.46,11.361,0.0,0.0,-0.0,0.0,0.0,0.0,12.98,6.45,13.0,13.01
1013,16.8833,13.0,35.346,0.081,1.1319,-0.1,-12.63,-0.39,13.005,0.0,0.0,-0.0,0.0,0.0,0.0,13.3,15.98,10.02,12.73
1014,16.9,13.0,35.363,0.077,1.1316,0.52,-13.02,-0.38,10.927,0.0,0.0,-0.0,0.0,0.0,0.0,11.97,9.82,8.62,13.3
1015,16.9167,13.0,35.381,0.073,1.133,1.16,-13.59,-0.41,12.127,0.0,0.0,-0.0,0.0,0.0,0.0,12.96,9.25,13.3,13.0
1016,16.9333,13.0,35.4,0.068,1.133,1.78,-14.28,-0.43,13.301,0.0,0.0,-0.0,0.0,0.0,0.0,13.06,14.1,13.04,13.0
1017,16.95,13.0,35.42,0.065,1.1348,2.12,-14.5,-0.67,12.665,0.0,0.0,-0.0,0.0,0.0,0.0,12.8,16.2,13.55,8.11
1018,16.9667,13.0,35.441,0.063,1.1351,2.2,-14.87,-0.86,9.342,0.0,0.0,-0.0,0.0,0.0,0.0,12.61,4.21,12.59,7.96
1019,16.9833,13.0,35.462,0.061,1.1369,2.1,-14.83,-1.18,10.86,0.0,0.0,-0.0,0.0,0.0,0.0,13.02,9.16,13.06,8.19
1020,17.0,13.0,35.484,0.058,1.1377,2.16,-14.87,-1.36,10.898,0.0,0.0,-0.0,0.0,0.0,0.0,13.04,13.05,13.06,4.45
1021,17.0167,13.0,35.507,0.057,1.1382,2.11,-14.97,-1.56,10.648,0.0,0.0,-0.0,0.0,0.0,0.0,13.36,7.13,13.12,8.98
1022,17.0333,13.0,35.532,0.056,1.1387,2.0,-15.16,-1.83,11.752,0.0,0.0,-0.0,0.0,0.0,0.0,12.97,11.54,13.03,9.47
1023,17.05,13.0,35.553,0.054,1.1424,1.87,-13.84,-2.35,9.509,0.0,0.0,-0.0,0.0,0.0,0.0,13.01,6.25,13.03,5.74
1024,17.0667,13.0,35.573,0.053,1.1472,1.68,-12.35,-2.56,8.865,0.0,0.0,-0.0,0.0,0.0,0.0,12.8,13.56,1.62,7.48
1025,17.0833,13.0,35.591,0.054,1.1525,1.28,-11.3,-2.57,14.384,0.0,0.0,-0.0,0.0,0.0,0.0,12.88,14.57,13.14,16.95
1026,17.1,13.0,35.61,0.056,1.1575,0.87,-10.42,-2.55,11.871,0.0,0.0,-0.0,0.0,0.0,0.0,12.79,13.56,13.6,7.54
1027,17.1167,13.0,35.629,0.057,1.1607,0.42,-9.73,-2.61,11.28,0.0,0.0,-0.0,0.0,0.0,0.0,12.86,5.95,12.98,13.32
1028,17.1333,13.0,35.648,0.058,1.1633,0.02,-9.13,-2.65,10.667,0.0,0.0,-0.0,0.0,0.0,0.0,12.9,12.97,9.75,7.05
1029,17.15,13.0,35.668,0.059,1.1649,-0.48,-8.71,-2.65,11.351,0.0,0.0,-0.0,0.0,0.0,0.0,12.93,12.98,12.97,6.53
1030,17.1667,13.0,35.688,0.06,1.166,-0.77,-8.3,-2.59,11.065,0.0,0.0,-0.0,0.0,0.0,0.0,12.97,6.77,12.99,11.52
1031,17.1833,13.0,35.711,0.061,1.167,-0.98,-8.02,-2.52,10.93,0.0,0.0,-0.0,0.0,0.0,0.0,12.98,9.27,13.04,8.43
1032,17.2,13.0,35.721,0.064,1.1727,-1.96,-7.98,-3.45,10.269,0.0,0.0,-0.0,0.0,0.0,0.0,13.02,13.09,1.97,13.0
1033,17.2167,13.0,35.727,0.076,1.1767,-2.0,-8.31,-3.58,11.607,0.0,0.0,-0.0,0.0,0.0,0.0,13.02,7.45,12.99,12.97
1034,17.2333,13.0,35.732,0.082,1.1838,-2.98,-8.72,-3.34,9.406,0.0,0.0,-0.0,0.0,0.0,0.0,13.47,2.38,8.43,13.33
1035,17.25,13.0,35.739,0.086,1.1904,-3.88,-9.03,-3.02,13.151,0.0,0.0,-0.0,0.0,0.0,0.0,12.94,13.87,12.85,12.95
1036,17.2667,13.0,35.746,0.089,1.1966,-4.25,-9.28,-2.87,10.728,0.0,0.0,-0.0,0.0,0.0,0.0,12.98,4.0,12.91,13.01
1037,17.2833,13.0,35.755,0.091,1.2016,-4.53,-9.67,-2.76,10.967,0.0,0.0,-0.0,0.0,0.0,0.0,12.99,4.9,12.97,13.01
1038,17.3,13.0,35.764,0.092,1.2058,-4.71,-10.18,-2.69,11.192,0.0,0.0,-0.0,0.0,0.0,0.0,12.99,5.79,12.99,13.01
1039,17.3167,13.0,35.775,0.092,1.2087,-4.81,-10.76,-2.64,17.989,0.0,0.0,-0.0,0.0,0.0,0.0,13.05,32.9,13.01,13.0
1040,17.3333,13.0,35.785,0.091,1.2107,-4.83,-11.05,-2.38,10.825,0.0,0.0,-0.0,0.0,0.0,0.0,12.95,4.4,12.97,12.97
1041,17.35,13.0,35.797,0.089,1.2125,-4.51,-11.35,-2.19,11.079,0.0,0.0,-0.0,0.0,0.0,0.0,12.99,5.34,12.99,12.99
1042,17.3667,13.0,35.809,0.087,1.2132,-4.11,-11.78,-2.07,11.34,0.0,0.0,-0.0,0.0,0.0,0.0,12.97,6.44,12.98,12.97
1043,17.3833,13.0,35.823,0.083,1.2132,-3.68,-12.42,-2.0,16.767,0.0,0.0,-0.0,0.0,0.0,0.0,13.52,27.78,13.18,12.59
1044,17.4,13.0,35.836,0.079,1.2139,-3.03,-12.97,-2.01,10.2,0.0,0.0,-0.0,0.0,0.0,0.0,13.45,7.91,6.89,12.56
1045,17.4167,13.0,35.851,0.074,1.2138,-2.39,-13.59,-2.02,11.553,0.0,0.0,-0.0,0.0,0.0,0.0,12.93,8.77,11.53,12.99
1046,17.4333,13.0,35.867,0.069,1.2124,-1.73,-14.36,-1.93,13.101,0.0,0.0,-0.0,0.0,0.0,0.0,12.88,13.18,13.19,13.16
1047,17.45,13.0,35.883,0.064,1.2118,-1.14,-14.67,-1.94,15.919,0.0,0.0,-0.0,0.0,0.0,0.0,13.09,31.57,13.12,5.9
1048,17.4667,13.0,35.9,0.061,1.2112,-1.18,-14.78,-2.1,12.244,0.0,0.0,-0.0,0.0,0.0,0.0,12.85,10.19,12.79,13.14
1049,17.4833,13.0,35.918,0.058,1.2118,-1.07,-14.72,-2.32,15.468,0.0,0.0,-0.0,0.0,0.0,0.0,13.34,29.37,13.21,5.95
1050,17.5,13.0,35.938,0.056,1.2126,-1.1,-14.81,-2.4,9.834,0.0,0.0,-0.0,0.0,0.0,0.0,13.13,9.65,10.85,5.7
1051,17.5167,13.0,35.959,0.054,1.213,-1.07,-15.03,-2.49,10.686,0.0,0.0,-0.0,0.0,0.0,0.0,12.84,9.1,13.1,7.69
1052,17.5333,13.0,35.981,0.052,1.215,-1.11,-14.96,-2.67,16.184,0.0,0.0,-0.0,0.0,0.0,0.0,12.97,10.82,13.12,27.83
1053,17.55,13.0,36.003,0.051,1.2151,-0.84,-15.01,-2.9,11.423,0.0,0.0,-0.0,0.0,0.0,0.0,12.92,13.0,12.97,6.8
1054,17.5667,13.0,36.026,0.05,1.215,-1.0,-14.96,-2.99,10.811,0.0,0.0,-0.0,0.0,0.0,0.0,13.06,8.38,13.06,8.75
1055,17.5833,13.0,36.045,0.047,1.218,-0.68,-13.72,-2.38,9.146,0.0,0.0,-0.0,0.0,0.0,0.0,13.09,4.91,5.48,13.11
1056,17.6,13.0,36.058,0.046,1.2287,-1.13,-12.57,-2.24,9.05,0.0,0.0,-0.0,0.0,0.0,0.0,12.91,12.86,3.2,7.23
1057,17.6167,13.0,36.07,0.047,1.2377,-1.35,-11.66,-2.19,13.226,0.0,0.0,-0.0,0.0,0.0,0.0,12.78,12.83,12.85,14.45
1058,17.6333,13.0,36.083,0.048,1.2435,-1.38,-11.21,-2.13,12.943,0.0,0.0,-0.0,0.0,0.0,0.0,12.92,12.94,12.95,12.95
1059,17.65,13.0,36.095,0.05,1.2482,-1.7,-10.64,-2.15,10.998,0.0,0.0,-0.0,0.0,0.0,0.0,12.99,12.99,13.0,5.01
1060,17.6667,13.0,36.108,0.051,1.2511,-2.1,-10.21,-2.19,12.854,0.0,0.0,-0.0,0.0,0.0,0.0,12.94,12.97,12.96,12.55
1061,17.6833,13.0,36.12,0.053,1.2531,-2.69,-9.73,-2.28,10.627,0.0,0.0,-0.0,0.0,0.0,0.0,12.98,13.0,13.01,3.52
1062,17.7,13.0,36.133,0.056,1.2538,-3.38,-9.35,-2.36,12.534,0.0,0.0,-0.0,0.0,0.0,0.0,12.9,12.93,12.91,11.4
1063,17.7167,13.0,36.146,0.058,1.2542,-3.8,-8.86,-2.38,11.162,0.0,0.0,-0.0,0.0,0.0,0.0,13.1,5.43,12.98,13.13
1064,17.7333,13.0,36.16,0.059,1.2545,-4.04,-8.34,-2.37,9.809,0.0,0.0,-0.0,0.0,0.0,0.0,13.0,8.37,12.95,4.91
1065,17.75,13.0,36.176,0.06,1.2548,-4.39,-7.88,-2.43,13.048,0.0,0.0,-0.0,0.0,0.0,0.0,12.86,12.12,12.93,14.28
1066,17.7667,13.0,36.192,0.06,1.2536,-4.72,-7.5,-2.45,9.263,0.0,0.0,-0.0,0.0,0.0,0.0,13.0,5.5,13.01,5.54
1067,17.7833,13.0,36.21,0.061,1.2538,-4.82,-7.14,-2.42,16.309,0.0,0.0,-0.0,0.0,0.0,0.0,12.38,7.27,29.9,15.68
1068,17.8,13.0,36.228,0.06,1.2535,-4.93,-6.8,-2.3,15.477,0.0,0.0,-0.0,0.0,0.0,0.0,13.54,28.76,12.99,6.62
1069,17.8167,13.0,36.249,0.06,1.2537,-5.12,-6.98,-2.26,10.432,0.0,0.0,-0.0,0.0,0.0,0.0,13.19,14.75,9.82,3.97
1070,17.8333,13.0,36.269,0.06,1.2596,-5.34,-7.28,-2.31,11.381,0.0,0.0,-0.0,0.0,0.0,0.0,12.96,9.87,9.72,12.98
1071,17.85,13.0,36.286,0.061,1.2662,-5.55,-7.99,-2.26,12.951,0.0,0.0,-0.0,0.0,0.0,0.0,12.96,12.99,12.86,13.0
1072,17.8667,13.0,36.305,0.061,1.2711,-5.65,-8.64,-2.19,11.79,0.0,0.0,-0.0,0.0,0.0,0.0,12.94,8.35,12.89,12.98
1073,17.8833,13.0,36.323,0.061,1.275,-5.66,-9.22,-2.01,11.947,0.0,0.0,-0.0,0.0,0.0,0.0,12.97,8.83,12.97,13.01
1074,17.9,13.0,36.341,0.06,1.2763,-5.66,-9.89,-1.87,12.977,0.0,0.0,-0.0,0.0,0.0,0.0,12.98,12.96,12.97,13.0
1075,17.9167,13.0,36.361,0.058,1.2782,-5.31,-10.17,-1.64,11.982,0.0,0.0,-0.0,0.0,0.0,0.0,12.97,9.01,12.96,12.98
1076,17.9333,13.0,36.38,0.056,1.2772,-5.04,-10.69,-1.44,12.988,0.0,0.0,-0.0,0.0,0.0,0.0,12.99,12.99,12.99,12.99
1077,17.95,13.0,36.401,0.056,1.2795,-5.05,-10.48,-1.43,11.925,0.0,0.0,-0.0,0.0,0.0,0.0,12.99,12.21,12.98,9.52
1078,17.9667,13.0,36.422,0.055,1.2782,-4.95,-10.72,-1.28,12.996,0.0,0.0,-0.0,0.0,0.0,0.0,13.0,12.98,13.0,13.0
1079,17.9833,13.0,36.445,0.055,1.2793,-5.04,-10.4,-1.24,11.721,0.0,0.0,-0.0,0.0,0.0,0.0,12.79,11.18,12.95,9.97
1080,18.0,13.0,36.467,0.054,1.2779,-5.22,-10.29,-1.11,11.775,0.0,0.0,-0.0,0.0,0.0,0.0,12.99,12.98,12.98,8.16
1081,18.0167,13.0,36.491,0.054,1.2773,-5.14,-10.01,-0.91,10.923,0.0,0.0,-0.0,0.0,0.0,0.0,13.02,8.16,12.97,9.55
1082,18.0333,13.0,36.515,0.054,1.2749,-5.09,-9.89,-0.69,12.996,0.0,0.0,-0.0,0.0,0.0,0.0,12.99,13.0,13.01,12.98
1083,18.05,13.0,36.541,0.054,1.2733,-5.19,-9.44,-0.61,11.159,0.0,0.0,-0.0,0.0,0.0,0.0,12.91,8.84,13.1,9.78
1084,18.0667,13.0,36.567,0.054,1.2714,-5.16,-9.28,-0.58,12.794,0.0,0.0,-0.0,0.0,0.0,0.0,13.1,14.95,10.03,13.09
1085,18.0833,13.0,36.587,0.053,1.2768,-5.75,-7.7,-1.47,8.522,0.0,0.0,-0.0,0.0,0.0,0.0,13.11,4.88,7.44,8.65
1086,18.1,13.0,36.605,0.055,1.2856,-6.21,-6.64,-1.85,11.711,0.0,0.0,-0.0,0.0,0.0,0.0,12.75,11.23,14.23,8.63
1087,18.1167,13.0,36.624,0.057,1.2924,-6.58,-5.72,-2.24,18.283,0.0,0.0,-0.0,0.0,0.0,0.0,13.23,16.76,13.11,30.03
1088,18.1333,13.0,36.643,0.058,1.298,-6.66,-5.12,-2.48,12.076,0.0,0.0,-0.0,0.0,0.0,0.0,12.95,9.42,12.89,13.05
1089,18.15,13.0,36.662,0.058,1.3029,-6.91,-4.52,-2.68,9.573,0.0,0.0,-0.0,0.0,0.0,0.0,12.95,4.99,12.99,7.36
1090,18.1667,13.0,36.682,0.058,1.3066,-7.19,-4.08,-2.84,11.337,0.0,0.0,-0.0,0.0,0.0,0.0,12.86,12.9,12.82,6.78
1091,18.1833,13.0,36.703,0.059,1.3089,-7.65,-3.74,-2.93,12.135,0.0,0.0,-0.0,0.0,0.0,0.0,12.98,12.98,12.97,9.61
1092,18.2,13.0,36.724,0.061,1.3096,-8.15,-3.56,-2.96,12.068,0.0,0.0,-0.0,0.0,0.0,0.0,12.95,12.95,12.95,9.42
1093,18.2167,13.0,36.746,0.063,1.3087,-8.73,-3.48,-2.96,11.245,0.0,0.0,-0.0,0.0,0.0,0.0,12.89,12.87,12.91,6.3
1094,18.2333,13.0,36.769,0.064,1.3084,-8.96,-3.13,-2.8,11.574,0.0,0.0,-0.0,0.0,0.0,0.0,12.91,7.43,12.98,12.98
1095,18.25,13.0,36.792,0.065,1.3059,-9.17,-2.95,-2.59,12.98,0.0,0.0,-0.0,0.0,0.0,0.0,12.97,12.97,13.0,12.98
1096,18.2667,13.0,36.816,0.065,1.3037,-9.0,-2.46,-2.26,11.516,0.0,0.0,-0.0,0.0,0.0,0.0,13.0,7.1,12.99,12.98
1097,18.2833,13.0,36.84,0.064,1.3026,-8.97,-2.46,-2.17,12.166,0.0,0.0,-0.0,0.0,0.0,0.0,12.98,10.67,12.09,12.93
1098,18.3,13.0,36.866,0.064,1.3034,-9.02,-2.85,-1.97,12.535,0.0,0.0,-0.0,0.0,0.0,0.0,13.03,13.03,12.99,11.1
1099,18.3167,13.0,36.892,0.064,1.3051,-8.86,-2.88,-1.69,12.45,0.0,0.0,-0.0,0.0,0.0,0.0,13.0,10.79,12.99,13.01
1100,18.3333,13.0,36.919,0.064,1.3056,-8.72,-2.91,-1.47,12.72,0.0,0.0,-0.0,0.0,0.0,0.0,13.02,10.02,13.01,14.83
1101,18.35,13.0,36.947,0.064,1.3067,-8.54,-2.54,-1.28,12.248,0.0,0.0,-0.0,0.0,0.0,0.0,12.95,12.97,12.22,10.85
1102,18.3667,13.0,36.974,0.064,1.3061,-8.51,-2.28,-1.18,12.99,0.0,0.0,-0.0,0.0,0.0,0.0,12.99,12.98,12.98,13.02
1103,18.3833,13.0,37.002,0.065,1.3045,-8.77,-2.42,-1.15,12.768,0.0,0.0,-0.0,0.0,0.0,0.0,12.88,12.83,14.4,10.96
1104,18.4,13.0,37.031,0.067,1.3043,-9.1,-2.22,-1.18,12.873,0.0,0.0,-0.0,0.0,0.0,0.0,13.17,12.02,13.13,13.18
1105,18.4167,13.0,37.059,0.069,1.3036,-9.31,-2.03,-1.14,12.526,0.0,0.0,-0.0,0.0,0.0,0.0,13.02,13.02,11.16,12.91
1106,18.4333,13.0,37.088,0.069,1.3031,-9.42,-1.84,-1.16,12.623,0.0,0.0,-0.0,0.0,0.0,0.0,13.16,13.0,11.29,13.04
1107,18.45,13.0,37.118,0.069,1.3031,-9.5,-1.94,-1.16,13.19,0.0,0.0,-0.0,0.0,0.0,0.0,12.98,12.98,13.78,13.03
1108,18.4667,13.0,37.148,0.068,1.3039,-9.45,-1.99,-1.13,12.46,0.0,0.0,-0.0,0.0,0.0,0.0,13.2,11.44,12.18,13.03
1109,18.4833,13.0,37.176,0.068,1.31,-9.82,-1.65,-1.2,12.285,0.0,0.0,-0.0,0.0,0.0,0.0,13.02,12.99,13.01,10.12
1110,18.5,13.0,37.203,0.07,1.3147,-10.22,-1.24,-1.46,12.926,0.0,0.0,-0.0,0.0,0.0,0.0,12.9,12.94,12.98,12.88
1111,18.5167,13.0,37.23,0.071,1.3168,-10.57,-1.08,-1.63,12.97,0.0,0.0,-0.0,0.0,0.0,0.0,12.94,12.98,13.0,12.96
1112,18.5333,13.0,37.258,0.072,1.3176,-10.78,-0.88,-1.67,12.385,0.0,0.0,-0.0,0.0,0.0,0.0,13.03,10.44,13.04,13.03
1113,18.55,13.0,37.286,0.072,1.3169,-10.83,-0.75,-1.67,12.369,0.0,0.0,-0.0,0.0,0.0,0.0,12.94,10.47,13.03,13.03
1114,18.5667,13.0,37.314,0.072,1.3159,-10.65,-0.42,-1.49,12.965,0.0,0.0,-0.0,0.0,0.0,0.0,12.94,12.94,12.99,12.99
1115,18.5833,13.0,37.342,0.072,1.3121,-10.47,-0.29,-1.27,12.589,0.0,0.0,-0.0,0.0,0.0,0.0,12.98,11.39,13.0,12.99
1116,18.6,13.0,37.371,0.072,1.3082,-10.64,0.2,-1.26,12.278,0.0,0.0,-0.0,0.0,0.0,0.0,12.96,12.95,12.97,10.23
1117,18.6167,13.0,37.4,0.073,1.3039,-10.66,0.82,-1.2,11.858,0.0,0.0,-0.0,0.0,0.0,0.0,12.92,8.61,12.98,12.93
1118,18.6333,13.0,37.429,0.074,1.2989,-10.62,1.41,-1.05,12.319,0.0,0.0,-0.0,0.0,0.0,0.0,12.91,12.92,12.95,10.5
1119,18.65,13.0,37.459,0.075,1.2936,-10.54,2.07,-0.92,11.897,0.0,0.0,-0.0,0.0,0.0,0.0,12.92,8.8,12.95,12.92
1120,18.6667,13.0,37.49,0.075,1.289,-10.56,2.68,-0.91,13.231,0.0,0.0,-0.0,0.0,0.0,0.0,15.6,12.54,12.66,12.12
1121,18.6833,13.0,37.521,0.074,1.289,-10.44,2.7,-0.99,12.861,0.0,0.0,-0.0,0.0,0.0,0.0,12.9,12.74,12.89,12.91
1122,18.7,13.0,37.553,0.073,1.2887,-10.29,2.83,-1.03,12.925,0.0,0.0,-0.0,0.0,0.0,0.0,13.06,12.98,13.02,12.64
1123,18.7167,13.0,37.584,0.071,1.2881,-10.09,2.59,-1.09,14.057,0.0,0.0,-0.0,0.0,0.0,0.0,17.46,12.91,12.92,12.93
1124,18.7333,13.0,37.615,0.069,1.2901,-10.27,2.61,-1.21,13.152,0.0,0.0,-0.0,0.0,0.0,0.0,12.88,12.95,13.0,13.78
1125,18.75,13.0,37.645,0.068,1.2904,-10.46,2.67,-1.49,10.971,0.0,0.0,-0.0,0.0,0.0,0.0,6.72,12.92,12.82,11.42
1126,18.7667,13.0,37.676,0.068,1.2907,-10.54,2.68,-1.5,11.902,0.0,0.0,-0.0,0.0,0.0,0.0,12.68,12.68,12.76,9.5
1127,18.7833,13.0,37.706,0.07,1.2897,-10.44,2.59,-1.79,14.01,0.0,0.0,-0.0,0.0,0.0,0.0,17.15,12.96,12.97,12.95
1128,18.8,13.0,37.736,0.069,1.2889,-10.64,2.2,-1.91,12.959,0.0,0.0,-0.0,0.0,0.0,0.0,12.94,12.97,13.02,12.91
1129,18.8167,13.0,37.767,0.069,1.2899,-10.7,2.5,-1.97,13.756,0.0,0.0,-0.0,0.0,0.0,0.0,11.61,19.56,12.97,10.88
1130,18.8333,13.0,37.798,0.069,1.2906,-10.79,2.69,-1.99,12.712,0.0,0.0,-0.0,0.0,0.0,0.0,13.24,11.36,13.13,13.12
1131,18.85,13.0,37.828,0.069,1.2892,-10.63,2.81,-2.02,13.003,0.0,0.0,-0.0,0.0,0.0,0.0,13.0,13.01,13.0,13.01
1132,18.8667,13.0,37.859,0.068,1.2864,-10.45,3.04,-1.85,13.226,0.0,0.0,-0.0,0.0,0.0,0.0,13.35,13.05,13.26,13.24
1133,18.8833,13.0,37.89,0.068,1.2832,-10.36,3.52,-1.73,12.672,0.0,0.0,-0.0,0.0,0.0,0.0,12.99,13.01,12.96,11.73
1134,18.9,13.0,37.921,0.068,1.2783,-10.28,3.87,-1.63,12.011,0.0,0.0,-0.0,0.0,0.0,0.0,12.98,8.98,13.03,13.06
1135,18.9167,13.0,37.953,0.069,1.274,-10.38,4.59,-1.58,12.813,0.0,0.0,-0.0,0.0,0.0,0.0,12.98,12.97,12.96,12.35
1136,18.9333,13.0,37.986,0.069,1.2678,-10.29,5.11,-1.44,12.18,0.0,0.0,-0.0,0.0,0.0,0.0,12.95,9.73,12.99,13.05
1137,18.95,13.0,38.019,0.07,1.2619,-10.35,5.92,-1.36,12.827,0.0,0.0,-0.0,0.0,0.0,0.0,12.92,12.9,12.94,12.55
1138,18.9667,13.0,38.052,0.072,1.2555,-10.74,6.9,-1.49,11.821,0.0,0.0,-0.0,0.0,0.0,0.0,13.02,9.42,13.04,11.8
1139,18.9833,13.0,38.085,0.07,1.2548,-10.41,6.95,-1.5,13.251,0.0,0.0,-0.0,0.0,0.0,0.0,15.68,11.32,12.98,13.03
1140,19.0,13.0,38.118,0.069,1.2533,-10.43,7.29,-1.6,12.731,0.0,0.0,-0.0,0.0,0.0,0.0,13.01,12.99,13.03,11.89
1141,19.0167,13.0,38.15,0.068,1.2545,-10.28,7.15,-1.58,12.143,0.0,0.0,-0.0,0.0,0.0,0.0,9.43,12.88,12.93,13.33
1142,19.0333,13.0,38.181,0.067,1.2536,-10.35,7.34,-1.66,12.772,0.0,0.0,-0.0,0.0,0.0,0.0,13.01,13.01,13.02,12.05
1143,19.05,13.0,38.213,0.067,1.2528,-10.15,7.04,-1.71,13.666,0.0,0.0,-0.0,0.0,0.0,0.0,15.7,12.99,12.99,12.99
1144,19.0667,13.0,38.244,0.066,1.2503,-9.88,6.52,-1.7,12.988,0.0,0.0,-0.0,0.0,0.0,0.0,12.96,12.99,13.0,13.0
1145,19.0833,13.0,38.275,0.065,1.2452,-9.63,5.89,-1.65,12.976,0.0,0.0,-0.0,0.0,0.0,0.0,12.94,12.98,13.0,12.99
1146,19.1,13.0,38.306,0.063,1.2374,-9.39,5.18,-1.58,12.968,0.0,0.0,-0.0,0.0,0.0,0.0,12.93,12.97,12.99,12.98
1147,19.1167,13.0,38.337,0.062,1.2269,-9.17,4.42,-1.5,12.96,0.0,0.0,-0.0,0.0,0.0,0.0,12.93,12.97,12.97,12.98
1148,19.1333,13.0,38.368,0.063,1.2214,-9.89,5.53,-1.83,12.076,0.0,0.0,-0.0,0.0,0.0,0.0,12.93,8.84,13.07,13.46
1149,19.15,13.0,38.4,0.062,1.2136,-9.36,6.21,-1.57,13.206,0.0,0.0,-0.0,0.0,0.0,0.0,12.94,14.0,12.87,13.02
1150,19.1667,13.0,38.432,0.062,1.2078,-9.52,7.49,-1.64,12.676,0.0,0.0,-0.0,0.0,0.0,0.0,12.9,12.89,12.88,12.03
1151,19.1833,13.0,38.464,0.063,1.2004,-9.78,8.56,-1.82,12.38,0.0,0.0,-0.0,0.0,0.0,0.0,12.89,12.88,12.9,10.85
1152,19.2,13.0,38.497,0.063,1.1914,-9.98,9.39,-1.93,12.218,0.0,0.0,-0.0,0.0,0.0,0.0,12.76,10.25,12.92,12.95
1153,19.2167,13.0,38.531,0.063,1.185,-10.05,10.23,-1.99,11.945,0.0,0.0,-0.0,0.0,0.0,0.0,7.29,12.55,12.5,15.44
1154,19.2333,13.0,38.565,0.061,1.188,-9.82,10.02,-1.95,13.583,0.0,0.0,-0.0,0.0,0.0,0.0,15.35,12.95,13.02,13.01
1155,19.25,13.0,38.598,0.06,1.1884,-9.69,9.98,-1.95,14.502,0.0,0.0,-0.0,0.0,0.0,0.0,14.03,13.34,12.98,17.66
1156,19.2667,13.0,38.63,0.062,1.1928,-9.04,10.15,-1.36,12.904,0.0,0.0,-0.0,0.0,0.0,0.0,12.84,12.89,12.93,12.95
1157,19.2833,13.0,38.662,0.063,1.1946,-8.49,10.1,-0.87,15.822,0.0,0.0,-0.0,0.0,0.0,0.0,12.55,12.55,12.51,25.67
1158,19.3,13.0,38.692,0.063,1.195,-8.36,10.23,-0.54,12.968,0.0,0.0,-0.0,0.0,0.0,0.0,12.98,12.94,12.96,12.99
1159,19.3167,13.0,38.723,0.064,1.1926,-8.23,10.18,-0.2,12.992,0.0,0.0,-0.0,0.0,0.0,0.0,13.0,12.98,12.99,13.0
1160,19.3333,13.0,38.754,0.065,1.1876,-8.11,9.93,0.16,12.994,0.0,0.0,-0.0,0.0,0.0,0.0,13.0,12.99,12.99,13.0
1161,19.35,13.0,38.785,0.065,1.1799,-8.02,9.52,0.51,12.987,0.0,0.0,-0.0,0.0,0.0,0.0,13.0,12.97,12.98,13.01
1162,19.3667,13.0,38.816,0.066,1.1696,-7.94,8.98,0.85,12.984,0.0,0.0,-0.0,0.0,0.0,0.0,13.0,12.95,12.96,13.02
1163,19.3833,13.0,38.847,0.065,1.1585,-7.88,8.03,1.01,10.074,0.0,0.0,-0.0,0.0,0.0,0.0,1.57,12.82,12.94,12.96
1164,19.4,13.0,38.877,0.064,1.1451,-7.76,7.19,1.26,12.964,0.0,0.0,-0.0,0.0,0.0,0.0,13.0,12.93,12.94,12.99
1165,19.4167,13.0,38.907,0.066,1.1327,-8.15,7.35,0.97,12.016,0.0,0.0,-0.0,0.0,0.0,0.0,12.98,12.92,12.94,9.22
1166,19.4333,13.0,38.939,0.069,1.123,-9.02,8.38,0.46,10.894,0.0,0.0,-0.0,0.0,0.0,0.0,12.92,6.17,13.1,11.39
1167,19.45,13.0,38.971,0.071,1.1145,-8.99,9.7,0.46,12.178,0.0,0.0,-0.0,0.0,0.0,0.0,12.79,10.19,12.87,12.85
1168,19.4667,13.0,39.004,0.071,1.1108,-8.8,10.04,0.42,12.863,0.0,0.0,-0.0,0.0,0.0,0.0,13.12,12.98,13.0,12.34
1169,19.4833,13.0,39.036,0.071,1.1113,-8.5,10.1,0.33,12.989,0.0,0.0,-0.0,0.0,0.0,0.0,12.99,12.97,13.0,12.99
1170,19.5,13.0,39.067,0.07,1.1103,-8.48,10.3,0.16,12.531,0.0,0.0,-0.0,0.0,0.0,0.0,13.01,13.0,13.01,11.1
1171,19.5167,13.0,39.099,0.07,1.1098,-8.3,10.27,-0.09,13.956,0.0,0.0,-0.0,0.0,0.0,0.0,17.57,12.72,12.81,12.73
1172,19.5333,13.0,39.13,0.07,1.1119,-8.12,10.08,-0.19,12.716,0.0,0.0,-0.0,0.0,0.0,0.0,12.91,12.95,13.02,11.98
1173,19.55,13.0,39.16,0.069,1.1117,-7.99,9.79,-0.28,12.997,0.0,0.0,-0.0,0.0,0.0,0.0,12.99,12.99,13.0,13.0
1174,19.5667,13.0,39.191,0.069,1.1109,-8.34,9.87,-0.48,13.144,0.0,0.0,-0.0,0.0,0.0,0.0,13.0,13.0,13.01,13.56
1175,19.5833,13.0,39.222,0.068,1.107,-8.57,9.63,-0.58,12.825,0.0,0.0,-0.0,0.0,0.0,0.0,11.36,13.29,13.44,13.2
1176,19.6,13.0,39.253,0.07,1.1015,-8.09,9.06,-0.37,12.977,0.0,0.0,-0.0,0.0,0.0,0.0,12.95,12.98,12.97,13.0
1177,19.6167,13.0,39.284,0.071,1.0933,-7.66,8.4,-0.17,12.965,0.0,0.0,-0.0,0.0,0.0,0.0,12.93,12.99,12.97,12.97
1178,19.6333,13.0,39.315,0.072,1.0824,-7.3,7.68,-0.01,12.955,0.0,0.0,-0.0,0.0,0.0,0.0,12.92,12.99,12.96,12.96
1179,19.65,13.0,39.345,0.073,1.0692,-7.08,6.85,0.04,14.26,0.0,0.0,-0.0,0.0,0.0,0.0,18.32,12.9,12.9,12.92
1180,19.6667,13.0,39.376,0.071,1.0552,-7.14,5.76,-0.17,12.88,0.0,0.0,-0.0,0.0,0.0,0.0,12.82,12.87,12.9,12.93
1181,19.6833,13.0,39.407,0.069,1.0458,-7.35,6.59,-0.53,11.155,0.0,0.0,-0.0,0.0,0.0,0.0,12.77,10.01,12.91,8.93
1182,19.7,13.0,39.438,0.068,1.0379,-7.2,7.83,-0.71,12.243,0.0,0.0,-0.0,0.0,0.0,0.0,12.85,10.26,12.93,12.94
1183,19.7167,13.0,39.468,0.064,1.0401,-6.61,7.91,-0.83,12.008,0.0,0.0,-0.0,0.0,0.0,0.0,11.68,12.84,12.59,10.93
1184,19.7333,13.0,39.5,0.061,1.0398,-6.21,7.91,-0.89,12.905,0.0,0.0,-0.0,0.0,0.0,0.0,11.62,12.92,14.24,12.84
1185,19.75,13.0,39.531,0.059,1.0411,-6.38,7.83,-1.17,12.952,0.0,0.0,-0.0,0.0,0.0,0.0,12.96,12.99,13.02,12.84
1186,19.7667,13.0,39.562,0.058,1.0404,-6.6,7.71,-1.51,11.558,0.0,0.0,-0.0,0.0,0.0,0.0,8.02,12.97,12.99,12.25
1187,19.7833,13.0,39.594,0.057,1.0395,-6.86,7.69,-1.67,12.845,0.0,0.0,-0.0,0.0,0.0,0.0,12.98,12.99,13.0,12.41
1188,19.8,13.0,39.625,0.057,1.0386,-6.78,7.28,-1.72,14.628,0.0,0.0,-0.0,0.0,0.0,0.0,11.18,21.52,12.92,12.89
1189,19.8167,13.0,39.655,0.055,1.0402,-6.76,7.59,-1.55,13.028,0.0,0.0,-0.0,0.0,0.0,0.0,13.0,12.98,13.01,13.13
1190,19.8333,13.0,39.685,0.052,1.0383,-6.66,7.49,-1.22,12.116,0.0,0.0,-0.0,0.0,0.0,0.0,9.25,13.07,13.06,13.09
1191,19.85,13.0,39.715,0.051,1.0359,-6.58,7.58,-1.23,11.393,0.0,0.0,-0.0,0.0,0.0,0.0,13.43,13.42,4.72,14.01
1192,19.8667,13.0,39.746,0.052,1.0331,-6.48,7.09,-0.91,13.1,0.0,0.0,-0.0,0.0,0.0,0.0,12.6,13.04,13.68,13.08
1193,19.8833,13.0,39.777,0.051,1.0298,-6.47,6.18,-0.75,14.156,0.0,0.0,-0.0,0.0,0.0,0.0,17.83,12.9,12.93,12.97
1194,19.9,13.0,39.806,0.05,1.0259,-6.3,5.17,-0.55,12.936,0.0,0.0,-0.0,0.0,0.0,0.0,12.97,12.9,12.92,12.95
1195,19.9167,13.0,39.835,0.049,1.0192,-6.16,4.19,-0.37,12.937,0.0,0.0,-0.0,0.0,0.0,0.0,12.94,12.91,12.93,12.96
1196,19.9333,13.0,39.864,0.047,1.0097,-6.05,3.24,-0.2,12.938,0.0,0.0,-0.0,0.0,0.0,0.0,12.93,12.91,12.95,12.96
1197,19.95,13.0,39.893,0.047,1.0002,-6.26,3.01,-0.36,12.247,0.0,0.0,-0.0,0.0,0.0,0.0,12.95,12.95,12.98,10.1
1198,19.9667,13.0,39.923,0.05,1.0006,-6.63,3.26,-0.37,12.626,0.0,0.0,-0.0,0.0,0.0,0.0,11.96,13.09,12.97,12.49
1199,19.9833,13.0,39.953,0.051,1.0025,-6.72,2.92,-0.35,13.276,0.0,0.0,-0.0,0.0,0.0,0.0,13.85,13.02,13.1,13.14
1200,20.0,13.0,39.983,0.05,1.0045,-6.61,2.73,-0.4,12.996,0.0,0.0,-0.0,0.0,0.0,0.0,12.99,12.99,13.0,13.0
1201,20.0167,13.0,40.012,0.05,1.0046,-6.64,2.56,-0.47,12.38,0.0,0.0,-0.0,0.0,0.0,0.0,12.99,12.06,12.99,11.48
1202,20.0333,13.0,40.042,0.05,1.0039,-6.87,2.58,-0.61,12.527,0.0,0.0,-0.0,0.0,0.0,0.0,13.02,13.01,13.03,11.04
1203,20.05,13.0,40.072,0.05,1.0029,-6.89,2.83,-0.63,11.874,0.0,0.0,-0.0,0.0,0.0,0.0,9.79,11.84,12.91,12.96
1204,20.0667,13.0,40.103,0.05,1.0012,-6.7,2.99,-0.48,12.412,0.0,0.0,-0.0,0.0,0.0,0.0,13.06,11.78,13.01,11.8
1205,20.0833,13.0,40.134,0.048,0.9998,-6.42,2.98,-0.51,12.825,0.0,0.0,-0.0,0.0,0.0,0.0,12.34,12.95,12.98,13.03
1206,20.1,13.0,40.165,0.047,1.0012,-6.33,3.17,-0.53,13.248,0.0,0.0,-0.0,0.0,0.0,0.0,14.17,12.84,12.88,13.1
1207,20.1167,13.0,40.195,0.046,1.004,-5.96,2.78,-0.48,12.988,0.0,0.0,-0.0,0.0,0.0,0.0,12.95,13.0,12.99,13.01
1208,20.1333,13.0,40.225,0.044,1.004,-5.62,2.25,-0.43,12.984,0.0,0.0,-0.0,0.0,0.0,0.0,12.93,12.99,12.98,13.03
1209,20.15,13.0,40.256,0.043,1.0014,-5.32,1.62,-0.37,12.977,0.0,0.0,-0.0,0.0,0.0,0.0,12.94,12.98,12.98,13.01
1210,20.1667,13.0,40.286,0.041,0.9961,-5.05,0.91,-0.32,12.965,0.0,0.0,-0.0,0.0,0.0,0.0,12.93,12.97,12.97,12.99
1211,20.1833,13.0,40.317,0.039,0.9881,-4.83,0.14,-0.27,12.956,0.0,0.0,-0.0,0.0,0.0,0.0,12.93,12.95,12.97,12.97
1212,20.2,13.0,40.344,0.037,0.9917,-4.44,-0.49,-0.26,12.854,0.0,0.0,-0.0,0.0,0.0,0.0,13.27,12.94,12.97,12.23
1213,20.2167,13.0,40.372,0.036,0.9951,-4.47,-0.47,-0.43,12.487,0.0,0.0,-0.0,0.0,0.0,0.0,12.96,12.99,13.02,10.98
1214,20.2333,13.0,40.4,0.036,0.9962,-4.53,-0.62,-0.59,12.999,0.0,0.0,-0.0,0.0,0.0,0.0,13.0,13.0,13.0,13.0
1215,20.25,13.0,40.428,0.035,0.9955,-4.74,-0.78,-0.75,12.477,0.0,0.0,-0.0,0.0,0.0,0.0,13.19,13.19,13.17,10.36
1216,20.2667,13.0,40.457,0.036,0.9944,-5.03,-0.83,-0.9,13.161,0.0,0.0,-0.0,0.0,0.0,0.0,13.21,12.88,12.88,13.67
1217,20.2833,13.0,40.486,0.039,0.9952,-5.09,-0.85,-0.61,12.793,0.0,0.0,-0.0,0.0,0.0,0.0,13.11,13.13,13.13,11.81
1218,20.3,13.0,40.515,0.042,0.9949,-5.36,-1.02,-0.54,13.381,0.0,0.0,-0.0,0.0,0.0,0.0,14.55,12.99,13.0,12.99
1219,20.3167,13.0,40.545,0.043,0.9941,-5.88,-1.44,-0.79,12.505,0.0,0.0,-0.0,0.0,0.0,0.0,13.12,13.09,13.08,10.72
1220,20.3333,13.0,40.574,0.044,0.9926,-6.15,-1.87,-0.86,12.973,0.0,0.0,-0.0,0.0,0.0,0.0,10.5,15.21,13.08,13.1
1221,20.35,13.0,40.603,0.045,0.9948,-6.15,-1.76,-0.79,13.085,0.0,0.0,-0.0,0.0,0.0,0.0,11.42,15.0,13.05,12.88
1222,20.3667,13.0,40.632,0.045,0.9973,-6.06,-2.1,-0.57,13.001,0.0,0.0,-0.0,0.0,0.0,0.0,13.0,13.0,13.0,13.01
1223,20.3833,13.0,40.662,0.046,0.9977,-6.07,-2.4,-0.42,12.894,0.0,0.0,-0.0,0.0,0.0,0.0,13.0,12.99,13.0,12.58
1224,20.4,13.0,40.691,0.046,0.996,-6.19,-2.7,-0.32,12.999,0.0,0.0,-0.0,0.0,0.0,0.0,13.0,12.99,13.0,13.0
1225,20.4167,13.0,40.72,0.046,0.9937,-5.98,-2.74,-0.08,12.185,0.0,0.0,-0.0,0.0,0.0,0.0,12.97,9.73,13.02,13.01
1226,20.4333,13.0,40.749,0.046,0.9909,-5.56,-2.61,0.23,12.971,0.0,0.0,-0.0,0.0,0.0,0.0,12.96,12.92,12.99,13.01
1227,20.45,13.0,40.772,0.04,0.9933,-4.41,-3.67,0.43,13.454,0.0,0.0,-0.0,0.0,0.0,0.0,14.88,12.94,13.0,12.99
1228,20.4667,13.0,40.792,0.034,0.998,-3.7,-4.11,0.1,11.232,0.0,0.0,-0.0,0.0,0.0,0.0,12.79,12.91,13.02,6.21
1229,20.4833,13.0,40.813,0.028,1.0024,-3.28,-4.34,-0.22,11.919,0.0,0.0,-0.0,0.0,0.0,0.0,12.98,12.98,13.03,8.69
1230,20.5,13.0,40.834,0.023,1.0048,-2.91,-4.65,-0.51,12.97,0.0,0.0,-0.0,0.0,0.0,0.0,12.98,12.95,12.99,12.97
1231,20.5167,13.0,40.855,0.019,1.007,-2.81,-4.68,-0.83,11.88,0.0,0.0,-0.0,0.0,0.0,0.0,12.98,12.94,12.98,8.61
1232,20.5333,13.0,40.878,0.016,1.0081,-2.8,-4.74,-1.15,11.821,0.0,0.0,-0.0,0.0,0.0,0.0,12.99,12.98,12.99,8.32
1233,20.55,13.0,40.901,0.013,1.0071,-2.82,-4.89,-1.45,12.995,0.0,0.0,-0.0,0.0,0.0,0.0,13.0,12.99,12.99,13.0
1234,20.5667,13.0,40.924,0.011,1.0058,-3.13,-4.88,-1.74,12.139,0.0,0.0,-0.0,0.0,0.0,0.0,13.0,12.99,12.99,9.58
1235,20.5833,13.0,40.948,0.01,1.0036,-3.59,-4.78,-2.05,11.757,0.0,0.0,-0.0,0.0,0.0,0.0,12.95,12.93,12.94,8.2
1236,20.6,13.0,40.973,0.01,1.0013,-3.98,-4.75,-2.17,12.343,0.0,0.0,-0.0,0.0,0.0,0.0,9.49,13.07,13.02,13.79
1237,20.6167,13.0,40.999,0.012,1.0018,-3.98,-4.99,-1.71,12.987,0.0,0.0,-0.0,0.0,0.0,0.0,13.0,12.96,12.97,13.01
1238,20.6333,13.0,41.025,0.015,1.0023,-4.3,-5.01,-1.49,11.221,0.0,0.0,-0.0,0.0,0.0,0.0,10.17,9.4,12.88,12.43
1239,20.65,13.0,41.052,0.015,1.0034,-4.61,-5.34,-1.54,12.454,0.0,0.0,-0.0,0.0,0.0,0.0,12.98,10.86,12.96,13.01
1240,20.6667,13.0,41.08,0.014,1.005,-4.52,-5.28,-1.41,12.554,0.0,0.0,-0.0,0.0,0.0,0.0,12.95,11.31,12.97,12.98
1241,20.6833,13.0,41.107,0.013,1.0047,-4.37,-5.35,-1.26,12.999,0.0,0.0,-0.0,0.0,0.0,0.0,12.99,12.99,13.0,13.0
1242,20.7,13.0,41.134,0.011,1.0043,-3.79,-4.9,-0.87,11.842,0.0,0.0,-0.0,0.0,0.0,0.0,12.97,7.49,12.97,13.93
1243,20.7167,13.0,41.16,0.009,1.0034,-2.9,-4.3,-0.42,12.828,0.0,0.0,-0.0,0.0,0.0,0.0,12.8,12.71,12.85,12.95
1244,20.7333,13.0,41.186,0.006,1.0008,-2.03,-3.81,0.02,11.767,0.0,0.0,-0.0,0.0,0.0,0.0,12.89,8.3,12.91,12.97
1245,20.75,13.0,41.213,0.002,0.9969,-1.17,-3.49,0.32,14.326,0.0,0.0,-0.0,0.0,0.0,0.0,12.96,27.98,12.76,3.62
1246,20.7667,13.0,41.24,0.0,0.9933,-0.62,-3.04,0.45,14.814,0.0,0.0,-0.0,0.0,0.0,0.0,13.4,22.06,13.05,10.75
1247,20.7833,13.0,41.262,-0.002,1.0002,0.35,-2.98,1.0,11.641,0.0,0.0,-0.0,0.0,0.0,0.0,10.86,12.91,12.96,9.83
1248,20.8,13.0,41.282,-0.007,1.0084,1.16,-3.4,1.1,11.735,0.0,0.0,-0.0,0.0,0.0,0.0,13.6,12.88,12.84,7.63
1249,20.8167,13.0,41.302,-0.011,1.0164,1.7,-3.78,0.98,12.158,0.0,0.0,-0.0,0.0,0.0,0.0,12.82,12.96,12.98,9.87
1250,20.8333,13.0,41.323,-0.015,1.0223,2.08,-4.22,0.87,12.981,0.0,0.0,-0.0,0.0,0.0,0.0,12.93,13.0,13.0,13.0
1251,20.85,13.0,41.344,-0.018,1.0267,2.36,-4.58,0.65,11.835,0.0,0.0,-0.0,0.0,0.0,0.0,12.92,13.02,13.0,8.4
1252,20.8667,13.0,41.365,-0.021,1.0297,2.46,-4.92,0.37,11.423,0.0,0.0,-0.0,0.0,0.0,0.0,13.0,13.01,13.01,6.66
1253,20.8833,13.0,41.387,-0.022,1.0317,2.41,-5.24,0.09,11.89,0.0,0.0,-0.0,0.0,0.0,0.0,13.04,13.07,13.05,8.39
1254,20.9,13.0,41.409,-0.023,1.0326,2.19,-5.49,-0.24,12.952,0.0,0.0,-0.0,0.0,0.0,0.0,13.0,13.04,13.0,12.77
1255,20.9167,13.0,41.432,-0.024,1.0315,1.88,-5.87,-0.47,11.983,0.0,0.0,-0.0,0.0,0.0,0.0,12.57,12.59,12.62,10.14
1256,20.9333,13.0,41.455,-0.023,1.0302,1.32,-5.98,-0.77,11.239,0.0,0.0,-0.0,0.0,0.0,0.0,12.89,12.95,12.91,6.22
1257,20.95,13.0,41.48,-0.022,1.0273,0.81,-6.28,-1.0,10.934,0.0,0.0,-0.0,0.0,0.0,0.0,12.73,12.75,12.73,5.53
1258,20.9667,13.0,41.505,-0.019,1.0244,0.07,-6.41,-1.22,12.343,0.0,0.0,-0.0,0.0,0.0,0.0,13.01,13.03,13.05,10.28
1259,20.9833,13.0,41.531,-0.015,1.0201,-0.64,-6.6,-1.37,12.484,0.0,0.0,-0.0,0.0,0.0,0.0,13.06,13.06,13.09,10.74
1260,21.0,13.0,41.557,-0.013,1.0178,-0.92,-6.19,-1.18,11.963,0.0,0.0,-0.0,0.0,0.0,0.0,12.93,9.02,12.97,12.93
1261,21.0167,13.0,41.584,-0.013,1.0169,-0.88,-6.29,-1.13,12.411,0.0,0.0,-0.0,0.0,0.0,0.0,13.14,11.11,12.65,12.74
1262,21.0333,13.0,41.611,-0.015,1.018,-0.5,-5.93,-0.94,12.343,0.0,0.0,-0.0,0.0,0.0,0.0,12.83,12.82,12.85,10.87
1263,21.05,13.0,41.637,-0.018,1.0204,0.32,-4.81,-0.47,11.779,0.0,0.0,-0.0,0.0,0.0,0.0,12.94,8.19,12.98,13.0
1264,21.0667,13.0,41.663,-0.022,1.0225,1.09,-4.22,-0.3,11.996,0.0,0.0,-0.0,0.0,0.0,0.0,11.61,10.56,12.88,12.94
1265,21.0833,13.0,41.69,-0.028,1.0257,1.63,-3.67,-0.45,11.613,0.0,0.0,-0.0,0.0,0.0,0.0,12.88,12.9,12.87,7.8
1266,21.1,13.0,41.716,-0.032,1.0277,1.94,-3.16,-0.7,9.161,0.0,0.0,-0.0,0.0,0.0,0.0,12.84,12.83,12.76,-1.78
1267,21.1167,13.0,41.743,-0.036,1.0285,1.99,-2.79,-0.88,10.985,0.0,0.0,-0.0,0.0,0.0,0.0,12.92,12.89,12.89,5.25
1268,21.1333,13.0,41.769,-0.039,1.0342,2.48,-2.89,-0.74,12.513,0.0,0.0,-0.0,0.0,0.0,0.0,12.69,13.04,13.07,11.25
1269,21.15,13.0,41.792,-0.043,1.043,3.02,-3.5,-0.68,12.985,0.0,0.0,-0.0,0.0,0.0,0.0,12.99,12.98,12.98,12.98
1270,21.1667,13.0,41.816,-0.047,1.0496,3.46,-4.09,-0.7,12.463,0.0,0.0,-0.0,0.0,0.0,0.0,13.12,13.12,13.13,10.48
1271,21.1833,13.0,41.84,-0.05,1.0548,3.7,-4.7,-0.74,11.054,0.0,0.0,-0.0,0.0,0.0,0.0,12.87,12.88,12.86,5.61
1272,21.2,13.0,41.864,-0.053,1.0589,3.72,-5.13,-0.9,12.384,0.0,0.0,-0.0,0.0,0.0,0.0,12.93,12.93,12.96,10.72
1273,21.2167,13.0,41.889,-0.055,1.0613,3.6,-5.63,-1.08,10.266,0.0,0.0,-0.0,0.0,0.0,0.0,12.81,12.81,12.87,2.57
1274,21.2333,13.0,41.914,-0.056,1.0628,3.34,-6.01,-1.33,12.539,0.0,0.0,-0.0,0.0,0.0,0.0,13.02,13.02,13.05,11.07
1275,21.25,13.0,41.94,-0.056,1.0628,2.97,-6.41,-1.56,12.988,0.0,0.0,-0.0,0.0,0.0,0.0,12.96,12.97,13.02,13.01
1276,21.2667,13.0,41.966,-0.056,1.0615,2.44,-6.67,-1.84,12.283,0.0,0.0,-0.0,0.0,0.0,0.0,12.92,12.93,12.97,10.31
1277,21.2833,13.0,41.993,-0.055,1.0588,1.86,-6.93,-2.09,12.969,0.0,0.0,-0.0,0.0,0.0,0.0,12.92,12.97,12.98,13.01
1278,21.3,13.0,42.019,-0.053,1.055,1.1,-7.07,-2.34,12.276,0.0,0.0,-0.0,0.0,0.0,0.0,12.93,12.95,12.96,10.27
1279,21.3167,13.0,42.046,-0.052,1.0538,0.8,-6.38,-2.29,12.009,0.0,0.0,-0.0,0.0,0.0,0.0,12.92,9.18,12.95,12.99
1280,21.3333,13.0,42.074,-0.052,1.0507,0.57,-5.97,-2.24,12.141,0.0,0.0,-0.0,0.0,0.0,0.0,12.62,10.29,12.83,12.83
1281,21.35,13.0,42.102,-0.053,1.048,0.63,-5.5,-2.15,9.676,0.0,0.0,-0.0,0.0,0.0,0.0,2.06,11.19,12.74,12.71
1282,21.3667,13.0,42.127,-0.058,1.05,1.84,-3.91,-1.49,12.168,0.0,0.0,-0.0,0.0,0.0,0.0,13.63,9.02,13.01,13.01
1283,21.3833,13.0,42.153,-0.064,1.0507,2.81,-3.2,-1.26,12.017,0.0,0.0,-0.0,0.0,0.0,0.0,12.74,9.49,12.87,12.97
1284,21.4,13.0,42.18,-0.07,1.0494,3.68,-2.74,-1.05,5.781,0.0,0.0,-0.0,0.0,0.0,0.0,12.63,-14.86,12.51,12.84
1285,21.4167,13.0,42.207,-0.076,1.0502,4.37,-1.82,-0.99,11.906,0.0,0.0,-0.0,0.0,0.0,0.0,12.54,12.86,12.99,9.24
1286,21.4333,13.0,42.234,-0.081,1.0522,4.8,-1.14,-0.84,11.955,0.0,0.0,-0.0,0.0,0.0,0.0,12.86,12.83,12.91,9.22
1287,21.45,13.0,42.262,-0.084,1.0541,5.2,-0.66,-0.76,10.781,0.0,0.0,-0.0,0.0,0.0,0.0,7.17,12.54,12.7,10.72
1288,21.4667,13.0,42.291,-0.087,1.0569,5.37,-0.64,-0.59,13.062,0.0,0.0,-0.0,0.0,0.0,0.0,12.99,12.97,13.27,13.02
1289,21.4833,13.0,42.319,-0.088,1.059,5.51,-0.85,-0.52,12.796,0.0,0.0,-0.0,0.0,0.0,0.0,13.07,13.1,13.21,11.81
1290,21.5,13.0,42.347,-0.089,1.0607,5.23,-0.66,-0.65,12.991,0.0,0.0,-0.0,0.0,0.0,0.0,12.96,12.99,13.0,13.02
1291,21.5167,13.0,42.376,-0.09,1.0598,4.99,-0.66,-0.8,13.0,0.0,0.0,-0.0,0.0,0.0,0.0,13.0,13.0,13.0,13.0
1292,21.5333,13.0,42.404,-0.09,1.0564,4.82,-0.87,-0.96,12.958,0.0,0.0,-0.0,0.0,0.0,0.0,12.61,13.08,13.11,13.03
1293,21.55,13.0,42.432,-0.09,1.0538,4.65,-0.97,-0.91,12.107,0.0,0.0,-0.0,0.0,0.0,0.0,9.17,13.06,12.99,13.2
1294,21.5667,13.0,42.461,-0.089,1.0548,4.45,-1.39,-0.75,12.904,0.0,0.0,-0.0,0.0,0.0,0.0,12.65,12.99,12.98,13.0
1295,21.5833,13.0,42.49,-0.088,1.0543,4.07,-1.58,-0.77,12.599,0.0,0.0,-0.0,0.0,0.0,0.0,12.95,12.94,12.95,11.56
1296,21.6,13.0,42.519,-0.086,1.053,3.93,-2.01,-0.85,13.095,0.0,0.0,-0.0,0.0,0.0,0.0,13.41,13.0,12.98,12.98
1297,21.6167,13.0,42.548,-0.084,1.053,3.36,-2.07,-0.89,12.796,0.0,0.0,-0.0,0.0,0.0,0.0,12.52,10.72,13.03,14.93
1298,21.6333,13.0,42.577,-0.083,1.0553,3.4,-2.08,-0.73,12.815,0.0,0.0,-0.0,0.0,0.0,0.0,12.46,12.79,13.01,13.0
1299,21.65,13.0,42.607,-0.085,1.0567,3.42,-2.37,-0.77,12.999,0.0,0.0,-0.0,0.0,0.0,0.0,13.0,13.0,13.0,12.99
1300,21.6667,13.0,42.636,-0.087,1.0571,3.53,-2.38,-0.77,12.484,0.0,0.0,-0.0,0.0,0.0,0.0,13.19,12.96,12.98,10.81
1301,21.6833,13.0,42.663,-0.089,1.0601,3.91,-1.23,-0.64,10.382,0.0,0.0,-0.0,0.0,0.0,0.0,6.48,9.97,12.46,12.62
1302,21.7,13.0,42.69,-0.092,1.0622,4.24,-0.43,-0.49,12.998,0.0,0.0,-0.0,0.0,0.0,0.0,12.17,13.71,12.97,13.13
1303,21.7167,13.0,42.718,-0.096,1.0626,4.73,-0.15,-0.36,15.001,0.0,0.0,-0.0,0.0,0.0,0.0,25.73,8.41,12.91,12.95
1304,21.7333,13.0,42.746,-0.101,1.0614,5.09,0.07,-0.15,12.454,0.0,0.0,-0.0,0.0,0.0,0.0,12.91,10.89,12.99,13.03
1305,21.75,13.0,42.774,-0.105,1.059,5.41,-0.21,0.11,13.408,0.0,0.0,-0.0,0.0,0.0,0.0,12.95,12.95,14.71,13.02
1306,21.7667,13.0,42.802,-0.106,1.0594,5.27,0.1,-0.11,11.626,0.0,0.0,-0.0,0.0,0.0,0.0,12.92,10.36,13.13,10.09
1307,21.7833,13.0,42.831,-0.107,1.0574,5.13,0.18,-0.23,11.28,0.0,0.0,-0.0,0.0,0.0,0.0,12.81,12.83,12.84,6.63
1308,21.8,13.0,42.86,-0.108,1.0558,5.1,0.62,-0.32,12.397,0.0,0.0,-0.0,0.0,0.0,0.0,12.99,10.57,13.03,13.01
1309,21.8167,13.0,42.889,-0.11,1.0549,5.32,0.62,-0.21,11.63,0.0,0.0,-0.0,0.0,0.0,0.0,9.06,12.41,12.41,12.64
1310,21.8333,13.0,42.918,-0.11,1.0571,5.48,0.97,-0.23,15.388,0.0,0.0,-0.0,0.0,0.0,0.0,12.79,12.81,23.04,12.92
1311,21.85,13.0,42.947,-0.11,1.0569,5.48,1.02,-0.3,12.095,0.0,0.0,-0.0,0.0,0.0,0.0,13.03,13.03,9.39,12.94
1312,21.8667,13.0,42.976,-0.111,1.0554,5.35,0.6,-0.3,12.62,0.0,0.0,-0.0,0.0,0.0,0.0,11.01,12.52,12.57,14.38
1313,21.8833,13.0,43.004,-0.109,1.0562,5.46,0.32,0.09,12.994,0.0,0.0,-0.0,0.0,0.0,0.0,12.99,13.0,12.99,13.0
1314,21.9,13.0,43.033,-0.106,1.0564,5.26,0.35,0.3,12.91,0.0,0.0,-0.0,0.0,0.0,0.0,13.01,12.98,13.03,12.61
1315,21.9167,13.0,43.062,-0.104,1.0559,5.13,0.56,0.52,11.766,0.0,0.0,-0.0,0.0,0.0,0.0,11.96,10.03,13.07,12.01
1316,21.9333,13.0,43.092,-0.104,1.0564,5.19,0.39,0.47,13.12,0.0,0.0,-0.0,0.0,0.0,0.0,13.48,12.95,13.02,13.03
1317,21.95,13.0,43.122,-0.104,1.0563,5.47,0.28,0.62,12.453,0.0,0.0,-0.0,0.0,0.0,0.0,12.91,11.0,12.96,12.96
1318,21.9667,13.0,43.152,-0.105,1.0562,5.69,0.52,0.73,12.765,0.0,0.0,-0.0,0.0,0.0,0.0,12.99,12.98,13.04,12.05
1319,21.9833,13.0,43.182,-0.104,1.0567,5.6,0.82,0.79,13.019,0.0,0.0,-0.0,0.0,0.0,0.0,13.01,13.01,12.47,13.6
1320,22.0,13.0,43.213,-0.102,1.0572,5.29,0.59,0.75,12.997,0.0,0.0,-0.0,0.0,0.0,0.0,12.99,12.99,13.0,13.0
1321,22.0167,13.0,43.244,-0.1,1.0563,5.2,0.54,0.85,11.905,0.0,0.0,-0.0,0.0,0.0,0.0,13.04,11.25,12.8,10.52
1322,22.0333,13.0,43.274,-0.099,1.0555,5.03,0.39,0.84,12.648,0.0,0.0,-0.0,0.0,0.0,0.0,9.36,12.2,12.17,16.86
1323,22.05,13.0,43.304,-0.098,1.0591,4.94,0.34,1.26,13.158,0.0,0.0,-0.0,0.0,0.0,0.0,12.81,13.48,12.88,13.46
1324,22.0667,13.0,43.334,-0.097,1.0594,4.68,0.08,1.63,14.695,0.0,0.0,-0.0,0.0,0.0,0.0,13.11,20.05,12.93,12.69
1325,22.0833,13.0,43.364,-0.096,1.0594,5.08,0.05,1.89,12.693,0.0,0.0,-0.0,0.0,0.0,0.0,13.01,11.75,13.0,13.01
1326,22.1,13.0,43.394,-0.096,1.0581,5.11,0.25,1.93,12.985,0.0,0.0,-0.0,0.0,0.0,0.0,13.12,13.18,13.15,12.49
1327,22.1167,13.0,43.425,-0.095,1.0559,5.0,0.52,1.85,11.121,0.0,0.0,-0.0,0.0,0.0,0.0,13.08,5.56,13.01,12.84
1328,22.1333,13.0,43.456,-0.093,1.0515,5.07,0.61,1.6,12.997,0.0,0.0,-0.0,0.0,0.0,0.0,13.0,13.0,13.01,12.98
1329,22.15,13.0,43.487,-0.094,1.0485,5.2,1.3,1.6,12.175,0.0,0.0,-0.0,0.0,0.0,0.0,13.12,11.51,13.08,11.0
1330,22.1667,13.0,43.52,-0.094,1.0449,5.22,2.02,1.58,13.117,0.0,0.0,-0.0,0.0,0.0,0.0,13.02,16.32,12.96,10.16
1331,22.1833,13.0,43.552,-0.093,1.0401,5.25,2.58,1.47,12.947,0.0,0.0,-0.0,0.0,0.0,0.0,12.93,12.93,12.95,12.98
1332,22.2,13.0,43.585,-0.093,1.0346,5.24,3.33,1.42,12.066,0.0,0.0,-0.0,0.0,0.0,0.0,13.01,11.03,13.07,11.16
1333,22.2167,13.0,43.618,-0.091,1.0345,4.99,3.13,1.45,13.056,0.0,0.0,-0.0,0.0,0.0,0.0,12.74,13.96,12.57,12.95
1334,22.2333,13.0,43.648,-0.089,1.0385,4.73,3.16,1.53,12.776,0.0,0.0,-0.0,0.0,0.0,0.0,13.02,12.05,13.02,13.02
1335,22.25,13.0,43.679,-0.087,1.0401,4.48,3.02,1.62,12.999,0.0,0.0,-0.0,0.0,0.0,0.0,13.0,12.99,13.0,13.0
1336,22.2667,13.0,43.71,-0.085,1.039,4.21,2.69,1.71,12.998,0.0,0.0,-0.0,0.0,0.0,0.0,13.0,12.99,13.0,13.0
1337,22.2833,13.0,43.74,-0.083,1.0362,4.22,2.45,1.82,12.633,0.0,0.0,-0.0,0.0,0.0,0.0,13.05,11.47,13.0,13.01
1338,22.3,13.0,43.771,-0.082,1.0336,4.76,2.69,2.13,12.737,0.0,0.0,-0.0,0.0,0.0,0.0,13.01,11.92,13.01,13.0
1339,22.3167,13.0,43.802,-0.083,1.0293,5.15,2.56,2.2,13.621,0.0,0.0,-0.0,0.0,0.0,0.0,14.33,14.11,13.01,13.03
1340,22.3333,13.0,43.834,-0.086,1.027,5.64,2.75,2.13,12.486,0.0,0.0,-0.0,0.0,0.0,0.0,12.98,13.38,12.96,10.62
1341,22.35,13.0,43.865,-0.088,1.024,5.89,3.13,1.95,12.687,0.0,0.0,-0.0,0.0,0.0,0.0,12.96,11.91,12.95,12.93
1342,22.3667,13.0,43.897,-0.089,1.0208,6.07,3.69,1.8,12.524,0.0,0.0,-0.0,0.0,0.0,0.0,12.99,13.0,12.97,11.14
1343,22.3833,13.0,43.929,-0.09,1.0171,5.94,4.44,1.51,12.339,0.0,0.0,-0.0,0.0,0.0,0.0,12.97,13.0,12.97,10.42
1344,22.4,13.0,43.962,-0.09,1.0113,5.77,4.93,1.25,12.934,0.0,0.0,-0.0,0.0,0.0,0.0,12.89,12.98,12.92,12.93
1345,22.4167,13.0,43.994,-0.088,1.0073,5.55,5.4,1.28,11.922,0.0,0.0,-0.0,0.0,0.0,0.0,12.85,9.91,10.79,14.13
1346,22.4333,13.0,44.027,-0.084,1.0084,5.08,5.42,1.28,12.471,0.0,0.0,-0.0,0.0,0.0,0.0,12.98,12.47,11.37,13.07
1347,22.45,13.0,44.059,-0.082,1.0095,4.88,5.66,1.41,12.906,0.0,0.0,-0.0,0.0,0.0,0.0,12.97,12.66,12.97,13.02
1348,22.4667,13.0,44.091,-0.079,1.0079,4.7,5.67,1.49,12.998,0.0,0.0,-0.0,0.0,0.0,0.0,12.99,12.99,13.0,13.0
1349,22.4833,13.0,44.124,-0.077,1.0058,4.87,5.99,1.74,11.156,0.0,0.0,-0.0,0.0,0.0,0.0,2.3,16.3,13.0,13.02
1350,22.5,13.0,44.155,-0.078,1.0093,5.0,5.88,1.83,12.796,0.0,0.0,-0.0,0.0,0.0,0.0,12.97,12.97,12.24,13.0
1351,22.5167,13.0,44.186,-0.079,1.0106,5.16,5.7,1.85,13.97,0.0,0.0,-0.0,0.0,0.0,0.0,13.0,12.99,16.92,12.97
1352,22.5333,13.0,44.217,-0.079,1.0121,5.12,4.98,1.9,12.97,0.0,0.0,-0.0,0.0,0.0,0.0,12.97,12.98,12.95,12.99
1353,22.55,13.0,44.247,-0.079,1.0108,5.09,4.21,1.9,12.961,0.0,0.0,-0.0,0.0,0.0,0.0,12.96,12.97,12.95,12.97
1354,22.5667,13.0,44.278,-0.078,1.0068,5.06,3.39,1.87,12.952,0.0,0.0,-0.0,0.0,0.0,0.0,12.95,12.96,12.95,12.95
1355,22.5833,13.0,44.308,-0.078,1.0002,5.03,2.55,1.8,12.947,0.0,0.0,-0.0,0.0,0.0,0.0,12.94,12.95,12.95,12.95
1356,22.6,13.0,44.339,-0.078,0.9908,5.0,1.69,1.72,12.944,0.0,0.0,-0.0,0.0,0.0,0.0,12.94,12.94,12.96,12.94
1357,22.6167,13.0,44.37,-0.078,0.9865,4.9,2.53,1.56,10.448,0.0,0.0,-0.0,0.0,0.0,0.0,12.93,5.05,12.97,10.85
1358,22.6333,13.0,44.403,-0.078,0.9821,5.03,3.54,1.47,11.434,0.0,0.0,-0.0,0.0,0.0,0.0,13.1,9.43,13.12,10.08
1359,22.65,13.0,44.435,-0.077,0.9756,4.91,4.26,1.28,12.594,0.0,0.0,-0.0,0.0,0.0,0.0,12.93,11.54,12.96,12.94
1360,22.6667,13.0,44.469,-0.078,0.9691,4.95,5.13,1.21,13.425,0.0,0.0,-0.0,0.0,0.0,0.0,12.99,16.68,12.96,11.07
1361,22.6833,13.0,44.503,-0.076,0.9648,4.84,5.62,1.17,12.732,0.0,0.0,-0.0,0.0,0.0,0.0,12.77,13.57,11.79,12.79
1362,22.7,13.0,44.536,-0.076,0.9639,4.72,6.02,1.19,12.206,0.0,0.0,-0.0,0.0,0.0,0.0,12.82,9.8,13.13,13.07
1363,22.7167,13.0,44.569,-0.074,0.966,4.59,6.15,1.23,12.839,0.0,0.0,-0.0,0.0,0.0,0.0,13.04,12.95,12.38,12.98
1364,22.7333,13.0,44.602,-0.073,0.9668,4.31,6.07,1.27,13.679,0.0,0.0,-0.0,0.0,0.0,0.0,13.07,13.07,15.56,13.02
1365,22.75,13.0,44.634,-0.071,0.9675,4.4,6.1,1.44,12.881,0.0,0.0,-0.0,0.0,0.0,0.0,13.02,12.44,13.03,13.03
1366,22.7667,13.0,44.666,-0.069,0.9661,4.42,6.01,1.61,12.958,0.0,0.0,-0.0,0.0,0.0,0.0,13.06,13.07,12.87,12.84
1367,22.7833,13.0,44.698,-0.068,0.9639,4.63,6.08,1.8,12.808,0.0,0.0,-0.0,0.0,0.0,0.0,13.02,12.19,13.01,13.01
1368,22.8,13.0,44.729,-0.067,0.9623,4.38,5.6,1.96,15.88,0.0,0.0,-0.0,0.0,0.0,0.0,22.16,13.16,14.98,13.22
1369,22.8167,13.0,44.759,-0.067,0.9589,4.34,4.98,1.97,12.973,0.0,0.0,-0.0,0.0,0.0,0.0,12.99,12.96,12.95,12.98
1370,22.8333,13.0,44.79,-0.066,0.9529,4.31,4.26,1.98,12.962,0.0,0.0,-0.0,0.0,0.0,0.0,12.98,12.95,12.95,12.97
1371,22.85,13.0,44.82,-0.066,0.9442,4.3,3.48,2.0,12.956,0.0,0.0,-0.0,0.0,0.0,0.0,12.96,12.95,12.95,12.96
1372,22.8667,13.0,44.85,-0.066,0.9352,4.89,3.35,2.22,12.0,0.0,0.0,-0.0,0.0,0.0,0.0,13.01,8.97,13.03,12.99
1373,22.8833,13.0,44.879,-0.063,0.9359,4.56,3.56,2.19,12.934,0.0,0.0,-0.0,0.0,0.0,0.0,13.08,13.03,13.43,12.2
1374,22.9,13.0,44.908,-0.06,0.9363,4.51,3.54,2.4,12.375,0.0,0.0,-0.0,0.0,0.0,0.0,13.02,10.41,13.05,13.02
1375,22.9167,13.0,44.938,-0.057,0.9356,4.45,3.52,2.58,10.427,0.0,0.0,-0.0,0.0,0.0,0.0,12.94,3.8,12.44,12.53
1376,22.9333,13.0,44.967,-0.056,0.9361,4.36,3.78,2.53,12.547,0.0,0.0,-0.0,0.0,0.0,0.0,12.99,11.11,13.05,13.04
1377,22.95,13.0,44.997,-0.055,0.9357,4.24,3.73,2.57,13.404,0.0,0.0,-0.0,0.0,0.0,0.0,12.97,12.97,14.67,13.0
1378,22.9667,13.0,45.027,-0.053,0.9354,4.48,3.65,2.74,11.961,0.0,0.0,-0.0,0.0,0.0,0.0,12.77,10.92,12.8,11.36
1379,22.9833,13.0,45.057,-0.052,0.935,4.45,3.55,2.81,13.11,0.0,0.0,-0.0,0.0,0.0,0.0,12.96,16.12,10.48,12.88
1380,23.0,13.0,45.087,-0.05,0.937,4.72,3.36,2.44,12.904,0.0,0.0,-0.0,0.0,0.0,0.0,12.94,12.71,12.97,13.0
1381,23.0167,13.0,45.117,-0.05,0.9377,4.74,3.27,2.33,12.748,0.0,0.0,-0.0,0.0,0.0,0.0,13.0,12.99,13.0,12.0
1382,23.0333,13.0,45.147,-0.049,0.9375,4.69,3.36,2.19,12.306,0.0,0.0,-0.0,0.0,0.0,0.0,13.04,11.97,13.04,11.17
1383,23.05,13.0,45.178,-0.048,0.9358,4.58,3.46,2.04,12.996,0.0,0.0,-0.0,0.0,0.0,0.0,13.0,12.99,13.0,13.0
1384,23.0667,13.0,45.208,-0.046,0.933,4.45,3.11,1.99,14.396,0.0,0.0,-0.0,0.0,0.0,0.0,12.48,18.62,13.7,12.79
1385,23.0833,13.0,45.238,-0.043,0.9334,4.28,2.48,1.73,12.984,0.0,0.0,-0.0,0.0,0.0,0.0,12.98,12.97,13.02,12.97
1386,23.1,13.0,45.268,-0.04,0.9312,4.11,1.78,1.48,12.977,0.0,0.0,-0.0,0.0,0.0,0.0,12.97,12.94,13.03,12.97
1387,23.1167,13.0,45.296,-0.037,0.9288,3.54,0.67,1.19,16.164,0.0,0.0,-0.0,0.0,0.0,0.0,12.76,12.78,26.29,12.83
1388,23.1333,13.0,45.318,-0.03,0.9301,2.74,-0.58,1.16,13.361,0.0,0.0,-0.0,0.0,0.0,0.0,12.42,14.92,12.93,13.17
1389,23.15,13.0,45.342,-0.027,0.9349,2.64,-0.7,1.44,11.669,0.0,0.0,-0.0,0.0,0.0,0.0,12.55,8.51,12.81,12.81
1390,23.1667,13.0,45.366,-0.023,0.9373,2.63,-0.92,1.69,12.999,0.0,0.0,-0.0,0.0,0.0,0.0,13.0,13.0,13.0,13.0
1391,23.1833,13.0,45.39,-0.021,0.9381,2.69,-1.16,1.97,12.024,0.0,0.0,-0.0,0.0,0.0,0.0,13.04,8.94,13.06,13.05
1392,23.2,13.0,45.414,-0.019,0.9383,2.96,-1.21,2.26,12.521,0.0,0.0,-0.0,0.0,0.0,0.0,12.96,11.14,12.98,13.0
1393,23.2167,13.0,45.439,-0.017,0.9368,3.26,-1.38,2.5,11.783,0.0,0.0,-0.0,0.0,0.0,0.0,13.01,8.21,12.95,12.96
1394,23.2333,13.0,45.466,-0.017,0.9349,3.71,-1.46,2.71,12.403,0.0,0.0,-0.0,0.0,0.0,0.0,12.99,10.65,12.98,12.99
1395,23.25,13.0,45.493,-0.017,0.9317,4.29,-1.53,2.87,11.751,0.0,0.0,-0.0,0.0,0.0,0.0,12.94,8.06,12.99,13.0
1396,23.2667,13.0,45.521,-0.018,0.9316,4.54,-1.42,2.79,12.633,0.0,0.0,-0.0,0.0,0.0,0.0,12.87,11.34,11.99,14.34
1397,23.2833,13.0,45.55,-0.017,0.9325,4.67,-1.22,2.58,12.751,0.0,0.0,-0.0,0.0,0.0,0.0,13.43,13.44,13.46,10.67
1398,23.3,13.0,45.579,-0.017,0.9312,4.53,-1.4,2.66,12.655,0.0,0.0,-0.0,0.0,0.0,0.0,13.03,17.72,12.13,7.73
1399,23.3167,13.0,45.609,-0.015,0.9305,4.41,-1.77,2.47,12.671,0.0,0.0,-0.0,0.0,0.0,0.0,13.0,12.99,11.71,12.98
1400,23.3333,13.0,45.639,-0.013,0.9322,4.53,-1.56,2.59,12.722,0.0,0.0,-0.0,0.0,0.0,0.0,12.98,11.93,12.95,13.03
1401,23.35,13.0,45.67,-0.011,0.9312,4.57,-1.75,2.65,12.701,0.0,0.0,-0.0,0.0,0.0,0.0,12.89,11.92,12.98,13.01
1402,23.3667,13.0,45.701,-0.01,0.9312,4.56,-2.11,2.0,12.931,0.0,0.0,-0.0,0.0,0.0,0.0,12.91,12.9,12.97,12.94
1403,23.3833,13.0,45.731,-0.009,0.9287,4.49,-2.56,1.5,12.153,0.0,0.0,-0.0,0.0,0.0,0.0,12.72,12.83,12.86,10.2
1404,23.4,13.0,45.748,-0.001,0.9362,3.0,-3.84,1.3,12.443,0.0,0.0,-0.0,0.0,0.0,0.0,12.9,12.94,10.97,12.96
1405,23.4167,13.0,45.765,0.006,0.9425,2.41,-4.28,1.63,11.569,0.0,0.0,-0.0,0.0,0.0,0.0,12.87,7.58,12.92,12.9
1406,23.4333,13.0,45.783,0.012,0.9475,2.03,-4.65,1.94,12.398,0.0,0.0,-0.0,0.0,0.0,0.0,13.01,10.51,13.04,13.04
1407,23.45,13.0,45.802,0.018,0.951,1.7,-5.11,2.22,6.492,0.0,0.0,-0.0,0.0,0.0,0.0,12.73,-11.91,12.58,12.57
1408,23.4667,13.0,45.822,0.022,0.9552,1.69,-5.35,2.48,11.554,0.0,0.0,-0.0,0.0,0.0,0.0,12.89,7.28,13.01,13.03
1409,23.4833,13.0,45.843,0.025,0.9571,1.7,-5.72,2.76,12.995,0.0,0.0,-0.0,0.0,0.0,0.0,12.99,13.0,13.0,13.0
1410,23.5,13.0,45.864,0.028,0.9579,1.87,-6.0,3.02,11.688,0.0,0.0,-0.0,0.0,0.0,0.0,12.97,7.81,12.97,13.01
1411,23.5167,13.0,45.885,0.03,0.9575,2.16,-6.27,3.24,10.869,0.0,0.0,-0.0,0.0,0.0,0.0,12.99,4.47,13.0,13.02
1412,23.5333,13.0,45.908,0.031,0.957,2.59,-6.44,3.43,11.957,0.0,0.0,-0.0,0.0,0.0,0.0,13.07,8.71,13.01,13.04
1413,23.55,13.0,45.932,0.031,0.9559,3.17,-6.53,3.56,12.228,0.0,0.0,-0.0,0.0,0.0,0.0,12.93,10.06,12.94,12.99
1414,23.5667,13.0,45.956,0.03,0.9532,3.75,-6.74,3.59,11.135,0.0,0.0,-0.0,0.0,0.0,0.0,12.97,5.68,12.94,12.96
1415,23.5833,13.0,45.982,0.03,0.9517,3.99,-6.58,3.43,12.17,0.0,0.0,-0.0,0.0,0.0,0.0,12.92,11.31,12.95,11.5
1416,23.6,13.0,46.008,0.03,0.9507,4.0,-6.26,3.15,10.292,0.0,0.0,-0.0,0.0,0.0,0.0,13.07,13.09,4.77,10.23
1417,23.6167,13.0,46.035,0.033,0.9503,3.85,-6.18,3.08,12.07,0.0,0.0,-0.0,0.0,0.0,0.0,12.94,8.1,14.36,12.88
1418,23.6333,13.0,46.062,0.036,0.9484,3.56,-6.27,2.88,12.195,0.0,0.0,-0.0,0.0,0.0,0.0,13.01,13.01,13.02,9.73
1419,23.65,13.0,46.091,0.039,0.9487,3.26,-5.92,2.74,11.63,0.0,0.0,-0.0,0.0,0.0,0.0,12.88,11.86,8.86,12.92
1420,23.6667,13.0,46.12,0.042,0.9507,2.89,-5.41,2.63,16.5,0.0,0.0,-0.0,0.0,0.0,0.0,13.27,28.8,13.19,10.74
1421,23.6833,13.0,46.147,0.047,0.9509,1.99,-4.87,2.14,12.883,0.0,0.0,-0.0,0.0,0.0,0.0,12.78,12.96,12.88,12.91
1422,23.7,13.0,46.174,0.051,0.9502,1.36,-4.31,1.88,12.112,0.0,0.0,-0.0,0.0,0.0,0.0,12.82,9.76,12.91,12.95
1423,23.7167,13.0,46.201,0.053,0.9545,1.2,-3.31,1.75,11.566,0.0,0.0,-0.0,0.0,0.0,0.0,12.83,10.3,10.25,12.88
1424,23.7333,13.0,46.211,0.062,0.9672,0.23,-2.81,0.66,10.846,0.0,0.0,-0.0,0.0,0.0,0.0,12.97,12.97,4.37,13.08
1425,23.75,13.0,46.221,0.075,0.9779,-0.06,-2.74,0.49,12.982,0.0,0.0,-0.0,0.0,0.0,0.0,12.94,12.99,12.98,13.02
1426,23.7667,13.0,46.231,0.089,0.9861,-0.4,-2.9,0.33,12.993,0.0,0.0,-0.0,0.0,0.0,0.0,12.98,12.99,12.99,13.0
1427,23.7833,13.0,46.241,0.102,0.992,-0.89,-3.35,0.16,16.743,0.0,0.0,-0.0,0.0,0.0,0.0,12.79,12.68,28.51,12.99
1428,23.8,13.0,46.252,0.114,0.9954,-1.44,-4.07,0.02,16.946,0.0,0.0,-0.0,0.0,0.0,0.0,12.73,12.59,29.48,12.98
1429,23.8167,13.0,46.262,0.128,0.9956,-1.76,-4.77,-0.06,12.967,0.0,0.0,-0.0,0.0,0.0,0.0,12.97,12.94,12.98,12.98
1430,23.8333,13.0,46.273,0.14,0.994,-2.03,-5.43,-0.03,9.997,0.0,0.0,-0.0,0.0,0.0,0.0,12.35,1.57,13.33,12.74
1431,23.85,13.0,46.285,0.146,0.9959,-2.3,-5.42,0.52,14.055,0.0,0.0,-0.0,0.0,0.0,0.0,27.5,4.57,12.26,11.89
1432,23.8667,13.0,46.299,0.151,0.997,-2.34,-5.51,0.94,11.351,0.0,0.0,-0.0,0.0,0.0,0.0,12.89,6.51,13.04,12.96
1433,23.8833,13.0,46.313,0.154,0.9969,-2.32,-5.72,1.35,18.91,0.0,0.0,-0.0,0.0,0.0,0.0,13.69,34.54,13.8,13.62
1434,23.9,13.0,46.328,0.156,0.9969,-1.99,-5.87,1.73,10.926,0.0,0.0,-0.0,0.0,0.0,0.0,13.49,4.94,12.65,12.63
1435,23.9167,13.0,46.344,0.157,0.998,-1.59,-6.05,1.86,16.333,0.0,0.0,-0.0,0.0,0.0,0.0,12.35,13.42,25.82,13.74
1436,23.9333,13.0,46.361,0.156,0.9971,-1.31,-6.56,1.91,11.735,0.0,0.0,-0.0,0.0,0.0,0.0,12.92,8.34,12.69,12.99
1437,23.95,13.0,46.378,0.155,0.996,-0.91,-6.98,1.98,9.83,0.0,0.0,-0.0,0.0,0.0,0.0,13.13,8.82,4.35,13.02
1438,23.9667,13.0,46.397,0.152,0.9963,-0.38,-7.25,1.93,11.558,0.0,0.0,-0.0,0.0,0.0,0.0,12.95,8.89,11.39,13.01
1439,23.9833,13.0,46.417,0.149,0.9957,0.18,-7.77,1.81,10.837,0.0,0.0,-0.0,0.0,0.0,0.0,13.14,9.95,7.61,12.65
1440,24.0,13.0,46.438,0.144,0.9974,0.76,-8.26,1.54,12.396,0.0,0.0,-0.0,0.0,0.0,0.0,12.93,10.7,12.99,12.95
1441,24.0167,13.0,46.459,0.14,0.9986,1.29,-8.59,1.24,11.22,0.0,0.0,-0.0,0.0,0.0,0.0,13.04,13.12,11.21,7.52
1442,24.0333,13.0,46.481,0.137,0.9996,1.59,-8.69,0.88,11.952,0.0,0.0,-0.0,0.0,0.0,0.0,13.0,13.0,12.98,8.83
1443,24.05,13.0,46.504,0.135,1.0006,1.63,-8.64,0.53,10.767,0.0,0.0,-0.0,0.0,0.0,0.0,13.0,13.01,7.4,9.65
1444,24.0667,13.0,46.526,0.135,1.0015,1.66,-8.83,0.36,11.539,0.0,0.0,-0.0,0.0,0.0,0.0,13.0,12.97,12.97,7.21
1445,24.0833,13.0,46.55,0.136,1.0,1.57,-9.2,0.26,12.999,0.0,0.0,-0.0,0.0,0.0,0.0,13.0,13.0,13.0,13.0
1446,24.1,13.0,46.574,0.137,1.0001,1.13,-9.02,-0.04,11.239,0.0,0.0,-0.0,0.0,0.0,0.0,12.71,11.33,13.04,7.87
1447,24.1167,13.0,46.599,0.138,0.9992,1.06,-9.0,-0.14,12.192,0.0,0.0,-0.0,0.0,0.0,0.0,13.04,13.04,13.05,9.64
1448,24.1333,13.0,46.622,0.14,1.0012,0.38,-7.77,-0.77,10.866,0.0,0.0,-0.0,0.0,0.0,0.0,13.4,9.93,13.11,7.02
1449,24.15,13.0,46.646,0.14,1.0045,0.2,-6.74,-0.74,5.713,0.0,0.0,-0.0,0.0,0.0,0.0,14.44,-1.5,5.97,3.94
1450,24.1667,13.0,46.67,0.141,1.008,0.13,-5.93,-0.8,8.962,0.0,0.0,-0.0,0.0,0.0,0.0,11.5,3.67,19.38,1.3
1451,24.1833,13.0,46.696,0.142,1.0118,-0.1,-5.63,-0.87,8.31,0.0,0.0,-0.0,0.0,0.0,0.0,12.94,0.05,10.31,9.94
1452,24.2,13.0,46.723,0.143,1.0156,-0.13,-5.6,-1.14,11.434,0.0,0.0,-0.0,0.0,0.0,0.0,12.85,6.95,12.98,12.96
1453,24.2167,13.0,46.734,0.149,1.0284,-1.21,-6.23,-2.1,12.62,0.0,0.0,-0.0,0.0,0.0,0.0,13.0,13.05,11.42,13.01
1454,24.2333,13.0,46.744,0.16,1.0395,-1.27,-7.16,-2.14,12.905,0.0,0.0,-0.0,0.0,0.0,0.0,12.87,12.88,12.82,13.05
1455,24.25,13.0,46.754,0.171,1.048,-1.34,-8.08,-2.16,12.913,0.0,0.0,-0.0,0.0,0.0,0.0,12.91,12.91,12.84,12.99
1456,24.2667,13.0,46.764,0.183,1.0536,-1.42,-9.0,-2.16,12.932,0.0,0.0,-0.0,0.0,0.0,0.0,12.93,12.93,12.9,12.97
1457,24.2833,13.0,46.774,0.194,1.0566,-1.5,-9.91,-2.15,12.938,0.0,0.0,-0.0,0.0,0.0,0.0,12.94,12.94,12.92,12.95
1458,24.3,13.0,46.785,0.205,1.0573,-1.63,-10.8,-2.07,9.213,0.0,0.0,-0.0,0.0,0.0,0.0,13.05,-1.74,12.83,12.72
1459,24.3167,13.0,46.796,0.21,1.0614,-1.82,-10.84,-1.39,10.615,0.0,0.0,-0.0,0.0,0.0,0.0,13.0,3.59,12.94,12.93
1460,24.3333,13.0,46.809,0.215,1.0643,-1.91,-11.08,-0.88,10.842,0.0,0.0,-0.0,0.0,0.0,0.0,13.02,4.22,13.1,13.02
1461,24.35,13.0,46.823,0.218,1.0663,-1.9,-11.44,-0.46,12.879,0.0,0.0,-0.0,0.0,0.0,0.0,12.9,12.68,12.98,12.96
1462,24.3667,13.0,46.837,0.22,1.0662,-1.85,-11.92,-0.06,11.12,0.0,0.0,-0.0,0.0,0.0,0.0,12.95,5.54,13.0,12.99
1463,24.3833,13.0,46.853,0.22,1.0682,-1.43,-12.1,0.34,11.421,0.0,0.0,-0.0,0.0,0.0,0.0,12.98,6.67,13.05,12.99
1464,24.4,13.0,46.871,0.219,1.0682,-1.0,-12.56,0.56,12.312,0.0,0.0,-0.0,0.0,0.0,0.0,12.91,10.36,13.0,12.97
1465,24.4167,13.0,46.889,0.218,1.0665,-0.47,-13.1,0.68,14.132,0.0,0.0,-0.0,0.0,0.0,0.0,12.91,17.13,13.44,13.05
1466,24.4333,13.0,46.908,0.217,1.0662,0.13,-13.25,0.86,11.046,0.0,0.0,-0.0,0.0,0.0,0.0,12.85,9.75,13.28,8.3
1467,24.45,13.0,46.927,0.217,1.0659,0.2,-13.21,0.86,11.499,0.0,0.0,-0.0,0.0,0.0,0.0,12.99,12.98,13.0,7.03
1468,24.4667,13.0,46.948,0.219,1.0659,0.08,-13.06,0.78,12.097,0.0,0.0,-0.0,0.0,0.0,0.0,12.99,13.69,13.22,8.48
1469,24.4833,13.0,46.97,0.22,1.0648,0.11,-13.1,0.74,12.124,0.0,0.0,-0.0,0.0,0.0,0.0,12.98,9.65,12.96,12.91
1470,24.5,13.0,46.993,0.222,1.0648,-0.04,-12.95,0.7,7.021,0.0,0.0,-0.0,0.0,0.0,0.0,12.92,-6.13,12.89,8.4
1471,24.5167,13.0,47.018,0.224,1.0651,-0.11,-12.79,0.57,12.397,0.0,0.0,-0.0,0.0,0.0,0.0,13.02,10.52,13.02,13.03
1472,24.5333,13.0,47.043,0.225,1.0639,-0.09,-12.79,0.43,8.943,0.0,0.0,-0.0,0.0,0.0,0.0,12.99,6.47,13.02,3.29
1473,24.55,13.0,47.064,0.226,1.0632,-0.86,-11.55,-0.44,10.338,0.0,0.0,-0.0,0.0,0.0,0.0,13.0,10.41,13.01,4.94
1474,24.5667,13.0,47.083,0.227,1.0635,-1.01,-9.77,-0.75,12.919,0.0,0.0,-0.0,0.0,0.0,0.0,13.04,4.35,13.0,21.29
1475,24.5833,13.0,47.102,0.227,1.0638,-1.07,-8.25,-0.85,10.37,0.0,0.0,-0.0,0.0,0.0,0.0,12.82,5.78,12.89,9.99
1476,24.6,13.0,47.12,0.228,1.0724,-1.2,-7.69,-0.94,9.624,0.0,0.0,-0.0,0.0,0.0,0.0,12.8,7.15,5.71,12.83
1477,24.6167,13.0,47.139,0.229,1.0779,-1.32,-7.05,-1.02,11.285,0.0,0.0,-0.0,0.0,0.0,0.0,12.94,14.13,10.46,7.61
1478,24.6333,13.0,47.159,0.229,1.0829,-1.41,-6.55,-1.1,13.104,0.0,0.0,-0.0,0.0,0.0,0.0,12.8,3.39,25.92,10.31
1479,24.65,13.0,47.18,0.229,1.0877,-1.52,-6.19,-1.16,13.234,0.0,0.0,-0.0,0.0,0.0,0.0,12.86,18.28,12.99,8.8
1480,24.6667,13.0,47.201,0.23,1.0906,-1.6,-5.99,-1.21,21.338,0.0,0.0,-0.0,0.0,0.0,0.0,13.77,29.49,13.32,28.78
1481,24.6833,13.0,47.223,0.231,1.0914,-1.82,-5.96,-1.36,17.258,0.0,0.0,-0.0,0.0,0.0,0.0,14.12,14.25,14.11,26.55
1482,24.7,13.0,47.242,0.231,1.0948,-2.04,-6.26,-1.7,11.035,0.0,0.0,-0.0,0.0,0.0,0.0,13.26,7.99,9.69,13.2
1483,24.7167,13.0,47.259,0.232,1.1021,-2.39,-7.23,-1.75,12.176,0.0,0.0,-0.0,0.0,0.0,0.0,13.0,10.21,12.52,12.97
1484,24.7333,13.0,47.275,0.235,1.1086,-2.46,-8.33,-1.81,12.853,0.0,0.0,-0.0,0.0,0.0,0.0,12.87,12.87,12.75,12.93
1485,24.75,13.0,47.292,0.236,1.1149,-2.43,-9.05,-1.64,12.127,0.0,0.0,-0.0,0.0,0.0,0.0,12.9,9.78,12.87,12.96
1486,24.7667,13.0,47.309,0.236,1.1184,-2.43,-9.87,-1.51,12.958,0.0,0.0,-0.0,0.0,0.0,0.0,12.93,13.01,12.93,12.97
1487,24.7833,13.0,47.327,0.236,1.1223,-2.1,-10.32,-1.28,11.972,0.0,0.0,-0.0,0.0,0.0,0.0,12.96,9.01,12.94,12.97
1488,24.8,13.0,47.345,0.235,1.1231,-1.86,-10.99,-1.11,12.971,0.0,0.0,-0.0,0.0,0.0,0.0,12.97,12.97,12.97,12.97
1489,24.8167,13.0,47.364,0.235,1.126,-1.89,-11.02,-1.15,10.63,0.0,0.0,-0.0,0.0,0.0,0.0,12.96,8.36,12.97,8.23
1490,24.8333,13.0,47.383,0.235,1.1267,-1.89,-11.26,-1.12,10.849,0.0,0.0,-0.0,0.0,0.0,0.0,13.02,13.03,13.01,4.34
1491,24.85,13.0,47.405,0.236,1.1288,-1.89,-11.39,-1.01,10.975,0.0,0.0,-0.0,0.0,0.0,0.0,13.0,8.72,13.04,9.14
1492,24.8667,13.0,47.427,0.237,1.1298,-1.96,-11.52,-0.93,13.0,0.0,0.0,-0.0,0.0,0.0,0.0,13.0,13.0,13.0,13.0
1493,24.8833,13.0,47.45,0.237,1.1295,-1.83,-11.67,-0.8,11.862,0.0,0.0,-0.0,0.0,0.0,0.0,13.09,8.23,13.08,13.05
1494,24.9,13.0,47.473,0.237,1.1302,-1.64,-11.53,-0.61,12.364,0.0,0.0,-0.0,0.0,0.0,0.0,12.98,13.0,13.01,10.46
1495,24.9167,13.0,47.497,0.238,1.1289,-1.45,-11.57,-0.41,12.043,0.0,0.0,-0.0,0.0,0.0,0.0,12.48,12.53,12.51,10.65
1496,24.9333,13.0,47.521,0.241,1.1287,-1.72,-11.24,-0.33,12.033,0.0,0.0,-0.0,0.0,0.0,0.0,13.12,13.13,13.15,8.72
1497,24.95,13.0,47.546,0.243,1.1268,-1.91,-11.05,-0.3,12.127,0.0,0.0,-0.0,0.0,0.0,0.0,12.7,10.0,12.91,12.89
1498,24.9667,13.0,47.572,0.244,1.1248,-1.87,-10.79,-0.13,12.386,0.0,0.0,-0.0,0.0,0.0,0.0,12.79,12.81,12.81,11.14
1499,24.9833,13.0,47.591,0.245,1.1263,-2.58,-8.27,-0.79,9.319,0.0,0.0,-0.0,0.0,0.0,0.0,13.09,5.37,13.1,5.72
1500,25.0,13.0,47.611,0.246,1.1294,-2.75,-6.88,-0.82,10.252,0.0,0.0,-0.0,0.0,0.0,0.0,12.85,6.3,9.16,12.7
1501,25.0167,13.0,47.63,0.248,1.1376,-2.84,-6.25,-0.82,12.596,0.0,0.0,-0.0,0.0,0.0,0.0,12.89,15.92,17.12,4.47
1502,25.0333,13.0,47.649,0.25,1.1447,-2.9,-5.72,-0.86,13.052,0.0,0.0,-0.0,0.0,0.0,0.0,12.86,13.24,13.05,13.06
1503,25.05,13.0,47.668,0.252,1.1496,-3.21,-5.36,-0.85,11.702,0.0,0.0,-0.0,0.0,0.0,0.0,12.99,12.98,12.99,7.85
1504,25.0667,13.0,47.688,0.255,1.1527,-3.61,-5.14,-0.83,12.388,0.0,0.0,-0.0,0.0,0.0,0.0,12.98,12.98,13.0,10.59
1505,25.0833,13.0,47.709,0.258,1.1553,-3.88,-5.01,-0.82,15.86,0.0,0.0,-0.0,0.0,0.0,0.0,13.18,7.88,13.4,28.97
1506,25.1,13.0,47.731,0.259,1.1573,-3.97,-4.87,-0.74,11.565,0.0,0.0,-0.0,0.0,0.0,0.0,13.68,5.83,12.86,13.9
1507,25.1167,13.0,47.753,0.26,1.1578,-3.91,-4.91,-0.7,11.811,0.0,0.0,-0.0,0.0,0.0,0.0,13.06,8.08,13.06,13.05
1508,25.1333,13.0,47.777,0.26,1.1573,-3.95,-4.96,-0.69,12.097,0.0,0.0,-0.0,0.0,0.0,0.0,13.01,13.02,13.02,9.34
1509,25.15,13.0,47.802,0.261,1.1571,-3.93,-4.81,-0.69,12.369,0.0,0.0,-0.0,0.0,0.0,0.0,12.99,10.45,13.03,13.01
1510,25.1667,13.0,47.827,0.262,1.157,-4.21,-5.06,-0.78,12.22,0.0,0.0,-0.0,0.0,0.0,0.0,13.01,13.01,11.72,11.14
1511,25.1833,13.0,47.854,0.263,1.1606,-4.32,-4.96,-0.73,12.503,0.0,0.0,-0.0,0.0,0.0,0.0,12.84,13.47,10.66,13.04
1512,25.2,13.0,47.88,0.265,1.1632,-4.5,-5.25,-1.02,12.999,0.0,0.0,-0.0,0.0,0.0,0.0,13.0,13.0,13.01,12.99
1513,25.2167,13.0,47.907,0.265,1.1653,-4.51,-5.31,-1.07,12.607,0.0,0.0,-0.0,0.0,0.0,0.0,13.12,10.87,13.22,13.22
1514,25.2333,13.0,47.934,0.265,1.1646,-4.52,-5.72,-1.18,13.0,0.0,0.0,-0.0,0.0,0.0,0.0,13.0,13.0,13.0,13.0
1515,25.25,13.0,47.962,0.264,1.1648,-4.13,-5.63,-1.02,12.527,0.0,0.0,-0.0,0.0,0.0,0.0,12.96,11.21,12.97,12.97
1516,25.2667,13.0,47.99,0.263,1.163,-3.83,-5.65,-0.95,12.449,0.0,0.0,-0.0,0.0,0.0,0.0,13.11,13.11,13.08,10.5
1517,25.2833,13.0,48.019,0.262,1.1609,-3.71,-5.45,-0.95,12.6,0.0,0.0,-0.0,0.0,0.0,0.0,13.07,11.24,13.05,13.04
1518,25.3,13.0,48.048,0.263,1.1603,-3.93,-5.41,-1.04,12.831,0.0,0.0,-0.0,0.0,0.0,0.0,13.0,13.0,12.1,13.23
1519,25.3167,13.0,48.078,0.263,1.1613,-3.97,-5.32,-1.1,12.298,0.0,0.0,-0.0,0.0,0.0,0.0,13.05,15.4,11.29,9.46
1520,25.3333,13.0,48.109,0.262,1.163,-3.99,-5.45,-1.55,12.969,0.0,0.0,-0.0,0.0,0.0,0.0,12.96,12.95,12.97,13.0
1521,25.35,13.0,48.134,0.259,1.1703,-3.73,-4.13,-1.62,10.196,0.0,0.0,-0.0,0.0,0.0,0.0,13.25,11.82,7.64,8.07
1522,25.3667,13.0,48.159,0.259,1.1805,-3.67,-3.29,-1.85,12.971,0.0,0.0,-0.0,0.0,0.0,0.0,12.9,12.78,12.89,13.31
1523,25.3833,13.0,48.183,0.259,1.1886,-3.68,-2.71,-2.04,16.922,0.0,0.0,-0.0,0.0,0.0,0.0,13.28,13.21,13.22,27.97
1524,25.4,13.0,48.208,0.259,1.1945,-3.76,-2.39,-2.13,13.26,0.0,0.0,-0.0,0.0,0.0,0.0,12.9,12.88,12.94,14.32
1525,25.4167,13.0,48.233,0.26,1.198,-3.75,-2.25,-2.25,12.159,0.0,0.0,-0.0,0.0,0.0,0.0,13.04,13.02,13.04,9.54
1526,25.4333,13.0,48.258,0.26,1.1995,-3.8,-2.21,-2.38,13.0,0.0,0.0,-0.0,0.0,0.0,0.0,13.0,13.0,13.0,13.0
1527,25.45,13.0,48.283,0.261,1.1985,-3.87,-2.33,-2.46,11.793,0.0,0.0,-0.0,0.0,0.0,0.0,13.01,13.01,13.03,8.12
1528,25.4667,13.0,48.309,0.262,1.1965,-4.21,-2.36,-2.53,12.433,0.0,0.0,-0.0,0.0,0.0,0.0,13.27,13.28,13.33,9.85
1529,25.4833,13.0,48.335,0.263,1.1932,-4.7,-2.36,-2.57,12.984,0.0,0.0,-0.0,0.0,0.0,0.0,12.98,12.99,12.99,12.97
1530,25.5,13.0,48.362,0.265,1.1892,-5.2,-2.24,-2.67,11.815,0.0,0.0,-0.0,0.0,0.0,0.0,12.87,2.84,13.1,18.45
1531,25.5167,13.0,48.389,0.267,1.1846,-5.0,-2.05,-2.86,12.976,0.0,0.0,-0.0,0.0,0.0,0.0,13.0,12.98,12.97,12.95
1532,25.5333,13.0,48.418,0.267,1.1827,-5.26,-1.47,-2.95,13.052,0.0,0.0,-0.0,0.0,0.0,0.0,13.4,14.22,11.48,13.11
1533,25.55,13.0,48.446,0.266,1.183,-5.48,-1.5,-3.09,12.966,0.0,0.0,-0.0,0.0,0.0,0.0,13.29,13.29,13.3,11.98
1534,25.5667,13.0,48.476,0.265,1.1837,-5.51,-1.33,-3.13,13.626,0.0,0.0,-0.0,0.0,0.0,0.0,13.12,17.64,11.0,12.75
1535,25.5833,13.0,48.505,0.264,1.1842,-5.34,-1.28,-3.07,12.474,0.0,0.0,-0.0,0.0,0.0,0.0,12.96,11.03,12.95,12.96
1536,25.6,13.0,48.535,0.261,1.1839,-5.36,-1.39,-2.99,13.007,0.0,0.0,-0.0,0.0,0.0,0.0,12.98,13.0,13.06,12.99
1537,25.6167,13.0,48.565,0.26,1.1833,-5.51,-1.49,-3.05,12.886,0.0,0.0,-0.0,0.0,0.0,0.0,13.25,13.26,13.23,11.81
1538,25.6333,13.0,48.595,0.259,1.183,-5.52,-1.35,-3.05,13.094,0.0,0.0,-0.0,0.0,0.0,0.0,13.07,14.91,11.38,13.02
1539,25.65,13.0,48.625,0.257,1.1835,-5.22,-1.28,-2.95,12.598,0.0,0.0,-0.0,0.0,0.0,0.0,13.03,11.67,13.05,12.64
1540,25.6667,13.0,48.655,0.254,1.1829,-5.2,-1.52,-2.88,13.137,0.0,0.0,-0.0,0.0,0.0,0.0,13.0,13.01,13.53,13.01
1541,25.6833,13.0,48.685,0.252,1.1841,-4.54,-0.94,-2.52,12.198,0.0,0.0,-0.0,0.0,0.0,0.0,12.99,10.86,13.03,11.91
1542,25.7,13.0,48.713,0.253,1.1921,-5.05,-0.33,-2.52,11.702,0.0,0.0,-0.0,0.0,0.0,0.0,12.94,12.91,10.32,10.63
1543,25.7167,13.0,48.743,0.254,1.1958,-5.27,0.07,-2.72,15.558,0.0,0.0,-0.0,0.0,0.0,0.0,12.52,12.55,24.17,12.99
1544,25.7333,13.0,48.773,0.254,1.1969,-5.55,0.17,-2.86,12.99,0.0,0.0,-0.0,0.0,0.0,0.0,12.99,13.0,12.99,12.98
1545,25.75,13.0,48.802,0.255,1.1954,-5.85,0.09,-2.97,12.999,0.0,0.0,-0.0,0.0,0.0,0.0,13.0,13.0,13.0,13.0
1546,25.7667,13.0,48.832,0.255,1.1924,-5.98,0.15,-2.9,12.9,0.0,0.0,-0.0,0.0,0.0,0.0,13.32,11.88,13.21,13.19
1547,25.7833,13.0,48.862,0.256,1.189,-5.52,0.45,-2.79,12.963,0.0,0.0,-0.0,0.0,0.0,0.0,12.96,12.96,12.94,13.0
1548,25.8,13.0,48.891,0.256,1.1849,-5.62,1.0,-2.65,12.663,0.0,0.0,-0.0,0.0,0.0,0.0,12.65,12.66,12.61,12.73
1549,25.8167,13.0,48.92,0.258,1.1794,-5.73,1.45,-2.63,12.953,0.0,0.0,-0.0,0.0,0.0,0.0,12.93,12.94,12.96,12.99
1550,25.8333,13.0,48.951,0.259,1.1742,-5.81,2.27,-2.52,11.408,0.0,0.0,-0.0,0.0,0.0,0.0,12.96,8.81,12.99,10.87
1551,25.85,13.0,48.981,0.256,1.1741,-5.59,1.93,-2.61,11.827,0.0,0.0,-0.0,0.0,0.0,0.0,10.01,12.81,12.43,12.06
1552,25.8667,13.0,49.011,0.255,1.1769,-5.58,2.09,-2.63,11.833,0.0,0.0,-0.0,0.0,0.0,0.0,12.66,13.02,13.09,8.56
1553,25.8833,13.0,49.041,0.254,1.1791,-5.6,1.92,-2.42,12.998,0.0,0.0,-0.0,0.0,0.0,0.0,12.99,13.0,13.0,13.0
1554,25.9,13.0,49.071,0.253,1.1795,-5.55,1.78,-2.37,13.097,0.0,0.0,-0.0,0.0,0.0,0.0,13.28,13.3,13.45,12.35
1555,25.9167,13.0,49.101,0.253,1.179,-5.78,1.94,-2.45,12.997,0.0,0.0,-0.0,0.0,0.0,0.0,12.96,13.0,13.01,13.02
1556,25.9333,13.0,49.131,0.253,1.1768,-5.84,1.91,-2.51,13.005,0.0,0.0,-0.0,0.0,0.0,0.0,13.27,13.15,12.99,12.62
1557,25.95,13.0,49.16,0.249,1.1767,-5.66,1.73,-2.62,12.992,0.0,0.0,-0.0,0.0,0.0,0.0,12.99,12.98,13.0,13.0
1558,25.9667,13.0,49.19,0.246,1.1761,-5.69,1.88,-2.8,12.487,0.0,0.0,-0.0,0.0,0.0,0.0,13.05,12.7,13.03,11.17
1559,25.9833,13.0,49.22,0.244,1.1745,-5.58,2.1,-2.93,14.147,0.0,0.0,-0.0,0.0,0.0,0.0,12.89,11.1,13.1,19.5
1560,26.0,13.0,49.251,0.241,1.1757,-5.29,2.36,-3.05,12.374,0.0,0.0,-0.0,0.0,0.0,0.0,12.18,12.86,12.93,11.53
1561,26.0167,13.0,49.282,0.238,1.1765,-5.22,2.47,-3.09,11.963,0.0,0.0,-0.0,0.0,0.0,0.0,13.03,13.03,11.28,10.5
1562,26.0333,13.0,49.313,0.238,1.1792,-5.68,2.28,-3.11,12.978,0.0,0.0,-0.0,0.0,0.0,0.0,12.99,12.98,12.98,12.96
1563,26.05,13.0,49.344,0.238,1.1793,-6.05,1.94,-3.12,12.494,0.0,0.0,-0.0,0.0,0.0,0.0,12.47,11.67,12.93,12.91
1564,26.0667,13.0,49.375,0.239,1.1778,-5.7,1.74,-3.33,12.983,0.0,0.0,-0.0,0.0,0.0,0.0,12.99,12.98,12.98,12.99
1565,26.0833,13.0,49.405,0.239,1.1763,-5.81,2.05,-3.28,12.033,0.0,0.0,-0.0,0.0,0.0,0.0,12.96,10.85,13.05,11.27
1566,26.1,13.0,49.437,0.239,1.1737,-5.91,2.33,-3.31,12.978,0.0,0.0,-0.0,0.0,0.0,0.0,12.97,12.98,12.99,12.97
1567,26.1167,13.0,49.468,0.238,1.1703,-5.83,2.82,-3.16,11.696,0.0,0.0,-0.0,0.0,0.0,0.0,12.92,11.02,12.93,9.92
1568,26.1333,13.0,49.5,0.238,1.1657,-5.85,3.22,-3.11,12.964,0.0,0.0,-0.0,0.0,0.0,0.0,12.94,12.96,12.98,12.98
1569,26.15,13.0,49.532,0.237,1.1609,-5.81,3.91,-3.0,12.577,0.0,0.0,-0.0,0.0,0.0,0.0,13.03,12.15,13.03,12.09
1570,26.1667,13.0,49.565,0.237,1.1546,-5.87,4.38,-2.95,12.952,0.0,0.0,-0.0,0.0,0.0,0.0,12.94,12.95,12.97,12.95
1571,26.1833,13.0,49.599,0.236,1.149,-5.85,5.32,-2.86,12.736,0.0,0.0,-0.0,0.0,0.0,0.0,13.01,12.33,13.03,12.58
1572,26.2,13.0,49.632,0.233,1.1494,-5.64,5.55,-2.92,11.834,0.0,0.0,-0.0,0.0,0.0,0.0,9.22,12.89,12.99,12.24
1573,26.2167,13.0,49.664,0.231,1.1516,-5.52,5.75,-2.84,12.996,0.0,0.0,-0.0,0.0,0.0,0.0,12.99,13.0,13.01,12.99
1574,26.2333,13.0,49.696,0.229,1.1511,-5.42,5.75,-2.73,12.999,0.0,0.0,-0.0,0.0,0.0,0.0,13.0,13.0,13.0,13.0
1575,26.25,13.0,49.728,0.227,1.1479,-5.34,5.57,-2.59,12.999,0.0,0.0,-0.0,0.0,0.0,0.0,13.0,13.0,13.0,13.0
1576,26.2667,13.0,49.76,0.224,1.1427,-5.3,5.11,-2.48,14.576,0.0,0.0,-0.0,0.0,0.0,0.0,19.54,12.99,12.87,12.91
1577,26.2833,13.0,49.792,0.22,1.1378,-5.13,4.16,-2.5,12.933,0.0,0.0,-0.0,0.0,0.0,0.0,12.95,12.91,12.93,12.94
1578,26.3,13.0,49.823,0.215,1.1302,-4.98,3.22,-2.49,12.93,0.0,0.0,-0.0,0.0,0.0,0.0,12.92,12.92,12.94,12.95
1579,26.3167,13.0,49.855,0.213,1.1252,-5.23,3.6,-2.83,12.599,0.0,0.0,-0.0,0.0,0.0,0.0,13.01,12.7,12.88,11.81
1580,26.3333,13.0,49.888,0.21,1.1218,-5.2,4.59,-2.97,12.717,0.0,0.0,-0.0,0.0,0.0,0.0,12.99,12.67,12.99,12.23
1581,26.35,13.0,49.921,0.207,1.1159,-5.18,5.11,-3.06,12.947,0.0,0.0,-0.0,0.0,0.0,0.0,12.92,12.91,12.93,13.04
1582,26.3667,13.0,49.955,0.205,1.11,-5.23,6.02,-3.14,12.403,0.0,0.0,-0.0,0.0,0.0,0.0,12.99,12.33,12.98,11.31
1583,26.3833,13.0,49.989,0.203,1.1032,-5.03,6.83,-3.09,12.697,0.0,0.0,-0.0,0.0,0.0,0.0,13.01,11.71,13.0,13.06
1584,26.4,13.0,50.024,0.199,1.0993,-4.81,7.5,-3.13,12.873,0.0,0.0,-0.0,0.0,0.0,0.0,12.81,12.85,12.93,12.9
1585,26.4167,13.0,50.058,0.195,1.103,-4.33,7.66,-3.26,11.376,0.0,0.0,-0.0,0.0,0.0,0.0,9.19,12.99,13.06,10.26
1586,26.4333,13.0,50.091,0.191,1.1038,-4.01,7.93,-3.17,13.527,0.0,0.0,-0.0,0.0,0.0,0.0,15.01,13.01,13.03,13.06
1587,26.45,13.0,50.125,0.187,1.1044,-3.57,7.96,-3.16,12.557,0.0,0.0,-0.0,0.0,0.0,0.0,13.11,13.16,13.22,10.73
1588,26.4667,13.0,50.157,0.184,1.1059,-3.52,7.76,-3.03,13.432,0.0,0.0,-0.0,0.0,0.0,0.0,12.94,12.95,14.84,12.99
1589,26.4833,13.0,50.188,0.182,1.1074,-3.65,7.52,-3.11,12.765,0.0,0.0,-0.0,0.0,0.0,0.0,12.8,12.78,12.84,12.64
1590,26.5,13.0,50.219,0.182,1.1071,-3.79,7.36,-3.36,12.996,0.0,0.0,-0.0,0.0,0.0,0.0,13.0,13.0,13.0,12.99
1591,26.5167,13.0,50.249,0.181,1.1041,-3.92,7.01,-3.62,12.994,0.0,0.0,-0.0,0.0,0.0,0.0,13.0,12.99,13.0,12.99
1592,26.5333,13.0,50.28,0.18,1.0985,-4.04,6.51,-3.85,12.983,0.0,0.0,-0.0,0.0,0.0,0.0,12.99,12.97,12.99,12.97
1593,26.55,13.0,50.311,0.18,1.0902,-4.15,5.89,-4.05,12.97,0.0,0.0,-0.0,0.0,0.0,0.0,12.97,12.96,12.99,12.97
1594,26.5667,13.0,50.342,0.179,1.0791,-4.25,5.18,-4.22,12.961,0.0,0.0,-0.0,0.0,0.0,0.0,12.95,12.94,12.99,12.97
1595,26.5833,13.0,50.373,0.178,1.0654,-4.36,4.41,-4.36,12.955,0.0,0.0,-0.0,0.0,0.0,0.0,12.93,12.94,12.99,12.97
1596,26.6,13.0,50.403,0.177,1.0579,-3.85,4.66,-3.8,11.884,0.0,0.0,-0.0,0.0,0.0,0.0,12.79,9.1,12.75,12.9
1597,26.6167,13.0,50.433,0.176,1.055,-3.79,5.88,-3.55,13.181,0.0,0.0,-0.0,0.0,0.0,0.0,12.88,12.89,12.83,14.12
1598,26.6333,13.0,50.464,0.175,1.0528,-3.8,6.4,-3.49,12.185,0.0,0.0,-0.0,0.0,0.0,0.0,9.68,12.87,14.61,11.59
1599,26.65,13.0,50.496,0.174,1.054,-3.95,6.46,-3.43,11.926,0.0,0.0,-0.0,0.0,0.0,0.0,12.91,12.91,8.96,12.93
1600,26.6667,13.0,50.528,0.172,1.0537,-4.33,6.08,-3.32,12.983,0.0,0.0,-0.0,0.0,0.0,0.0,13.0,12.99,12.95,13.0
1601,26.6833,13.0,50.559,0.171,1.0532,-4.42,5.54,-3.32,13.174,0.0,0.0,-0.0,0.0,0.0,0.0,11.42,13.14,13.09,15.05
1602,26.7,13.0,50.588,0.17,1.0562,-4.41,5.45,-3.2,12.235,0.0,0.0,-0.0,0.0,0.0,0.0,13.07,11.38,13.04,11.46
1603,26.7167,13.0,50.617,0.17,1.0574,-4.44,5.26,-3.04,11.86,0.0,0.0,-0.0,0.0,0.0,0.0,12.83,12.83,9.37,12.41
1604,26.7333,13.0,50.646,0.169,1.0582,-4.51,5.31,-2.93,13.467,0.0,0.0,-0.0,0.0,0.0,0.0,13.43,13.76,13.34,13.33
1605,26.75,13.0,50.676,0.17,1.0567,-4.33,5.19,-2.91,12.999,0.0,0.0,-0.0,0.0,0.0,0.0,13.0,13.0,13.0,13.0
1606,26.7667,13.0,50.705,0.169,1.0537,-4.48,5.18,-2.82,12.703,0.0,0.0,-0.0,0.0,0.0,0.0,13.0,13.0,13.0,11.82
1607,26.7833,13.0,50.736,0.169,1.0489,-4.69,4.99,-2.71,13.714,0.0,0.0,-0.0,0.0,0.0,0.0,15.8,12.99,13.03,13.03
1608,26.8,13.0,50.766,0.168,1.0432,-4.75,4.28,-2.73,12.853,0.0,0.0,-0.0,0.0,0.0,0.0,13.01,13.01,12.38,13.02
1609,26.8167,13.0,50.785,0.162,1.0471,-3.63,2.69,-2.31,13.375,0.0,0.0,-0.0,0.0,0.0,0.0,14.66,12.93,12.91,12.99
1610,26.8333,13.0,50.802,0.153,1.0491,-3.02,1.47,-2.13,12.386,0.0,0.0,-0.0,0.0,0.0,0.0,12.83,12.87,10.95,12.89
1611,26.85,13.0,50.819,0.145,1.0494,-2.48,0.06,-1.73,14.059,0.0,0.0,-0.0,0.0,0.0,0.0,12.79,12.88,17.71,12.85
1612,26.8667,13.0,50.835,0.143,1.055,-2.42,-0.43,-1.91,11.545,0.0,0.0,-0.0,0.0,0.0,0.0,12.75,12.79,12.84,7.79
1613,26.8833,13.0,50.851,0.142,1.0585,-2.36,-1.01,-2.02,11.819,0.0,0.0,-0.0,0.0,0.0,0.0,12.92,12.92,12.93,8.52
1614,26.9,13.0,50.868,0.141,1.0606,-2.34,-1.59,-2.13,17.899,0.0,0.0,-0.0,0.0,0.0,0.0,13.18,13.17,13.12,32.13
1615,26.9167,13.0,50.885,0.142,1.0632,-2.65,-1.66,-2.33,11.989,0.0,0.0,-0.0,0.0,0.0,0.0,13.0,12.98,13.04,8.94
1616,26.9333,13.0,50.903,0.142,1.0624,-2.89,-2.13,-2.38,13.0,0.0,0.0,-0.0,0.0,0.0,0.0,13.0,12.99,13.0,13.01
1617,26.95,13.0,50.921,0.143,1.0619,-3.47,-2.1,-2.54,11.875,0.0,0.0,-0.0,0.0,0.0,0.0,13.04,13.01,13.03,8.41
1618,26.9667,13.0,50.94,0.145,1.0593,-3.98,-2.31,-2.59,4.814,0.0,0.0,-0.0,0.0,0.0,0.0,12.85,-18.11,12.88,11.64
1619,26.9833,13.0,50.961,0.145,1.0588,-3.9,-2.01,-2.5,11.867,0.0,0.0,-0.0,0.0,0.0,0.0,13.01,8.41,13.02,13.02
1620,27.0,13.0,50.983,0.145,1.0571,-3.9,-1.73,-2.39,11.758,0.0,0.0,-0.0,0.0,0.0,0.0,13.04,13.02,13.05,7.92
1621,27.0167,13.0,51.005,0.145,1.0545,-3.91,-1.44,-2.32,11.446,0.0,0.0,-0.0,0.0,0.0,0.0,12.89,6.94,12.97,12.97
1622,27.0333,13.0,51.029,0.144,1.0517,-3.9,-1.08,-2.19,11.56,0.0,0.0,-0.0,0.0,0.0,0.0,12.98,11.46,12.96,8.84
1623,27.05,13.0,51.053,0.144,1.048,-3.8,-0.73,-2.05,11.627,0.0,0.0,-0.0,0.0,0.0,0.0,12.96,7.41,13.06,13.07
1624,27.0667,13.0,51.079,0.143,1.0467,-3.87,-0.37,-2.06,11.08,0.0,0.0,-0.0,0.0,0.0,0.0,12.93,8.71,11.29,11.38
1625,27.0833,13.0,51.106,0.143,1.0449,-4.02,-0.62,-1.98,13.196,0.0,0.0,-0.0,0.0,0.0,0.0,13.04,13.04,13.66,13.04
1626,27.1,13.0,51.135,0.142,1.0467,-3.95,-0.37,-1.85,12.343,0.0,0.0,-0.0,0.0,0.0,0.0,12.96,11.84,12.96,11.61
1627,27.1167,13.0,51.164,0.142,1.0454,-4.08,-0.49,-1.8,12.858,0.0,0.0,-0.0,0.0,0.0,0.0,13.06,13.07,12.35,12.95
1628,27.1333,13.0,51.193,0.142,1.0421,-4.58,-0.95,-1.85,12.984,0.0,0.0,-0.0,0.0,0.0,0.0,12.98,12.96,12.98,13.01
1629,27.15,13.0,51.222,0.141,1.0374,-4.7,-1.74,-1.82,13.471,0.0,0.0,-0.0,0.0,0.0,0.0,14.97,12.95,12.97,12.99
1630,27.1667,13.0,51.234,0.134,1.0465,-4.22,-2.54,-1.25,14.56,0.0,0.0,-0.0,0.0,0.0,0.0,10.6,14.51,14.56,18.57
1631,27.1833,13.0,51.246,0.13,1.0559,-3.5,-3.21,-1.41,11.605,0.0,0.0,-0.0,0.0,0.0,0.0,13.09,13.15,13.08,7.09
1632,27.2,13.0,51.257,0.126,1.0627,-2.98,-3.82,-1.6,12.963,0.0,0.0,-0.0,0.0,0.0,0.0,12.94,12.96,13.0,12.95
1633,27.2167,13.0,51.269,0.123,1.0669,-2.57,-4.5,-1.74,12.959,0.0,0.0,-0.0,0.0,0.0,0.0,12.92,12.97,13.0,12.94
1634,27.2333,13.0,51.281,0.119,1.0684,-2.24,-5.24,-1.84,12.579,0.0,0.0,-0.0,0.0,0.0,0.0,12.91,12.96,12.97,11.47
1635,27.25,13.0,51.292,0.116,1.0692,-2.07,-5.68,-2.11,11.704,0.0,0.0,-0.0,0.0,0.0,0.0,12.94,12.99,12.98,7.91
1636,27.2667,13.0,51.305,0.114,1.0673,-1.93,-6.28,-2.29,12.943,0.0,0.0,-0.0,0.0,0.0,0.0,12.96,12.99,12.98,12.85
1637,27.2833,13.0,51.317,0.113,1.0642,-2.0,-6.71,-2.51,10.859,0.0,0.0,-0.0,0.0,0.0,0.0,13.07,13.07,12.98,4.32
1638,27.3,13.0,51.33,0.113,1.0616,-2.43,-6.68,-2.84,10.525,0.0,0.0,-0.0,0.0,0.0,0.0,12.96,12.97,12.96,3.21
1639,27.3167,13.0,51.342,0.114,1.0577,-2.94,-6.58,-3.17,10.646,0.0,0.0,-0.0,0.0,0.0,0.0,12.95,12.98,12.95,3.7
1640,27.3333,13.0,51.355,0.117,1.054,-3.4,-6.51,-3.29,8.031,0.0,0.0,-0.0,0.0,0.0,0.0,4.07,11.58,12.24,4.24
1641,27.35,13.0,51.368,0.119,1.0552,-3.81,-6.67,-3.34,7.623,0.0,0.0,-0.0,0.0,0.0,0.0,3.93,8.43,13.02,5.11
1642,27.3667,13.0,51.382,0.122,1.0554,-4.11,-6.72,-3.34,6.837,0.0,0.0,-0.0,0.0,0.0,0.0,12.07,-10.63,12.95,12.96
1643,27.3833,13.0,51.399,0.122,1.0584,-4.24,-6.8,-3.29,12.387,0.0,0.0,-0.0,0.0,0.0,0.0,28.83,5.94,13.08,1.71
1644,27.4,13.0,51.416,0.123,1.0596,-4.2,-6.82,-3.1,10.689,0.0,0.0,-0.0,0.0,0.0,0.0,12.99,11.01,13.0,5.76
1645,27.4167,13.0,51.433,0.125,1.0586,-4.12,-7.02,-2.93,13.001,0.0,0.0,-0.0,0.0,0.0,0.0,13.0,13.0,13.0,13.0
1646,27.4333,13.0,51.452,0.125,1.0584,-4.16,-6.88,-2.75,10.416,0.0,0.0,-0.0,0.0,0.0,0.0,13.04,8.84,13.03,6.74
1647,27.45,13.0,51.47,0.127,1.0567,-4.36,-7.02,-2.88,12.015,0.0,0.0,-0.0,0.0,0.0,0.0,11.39,12.22,12.18,12.28
1648,27.4667,13.0,51.489,0.126,1.0567,-4.23,-6.6,-2.74,11.807,0.0,0.0,-0.0,0.0,0.0,0.0,14.07,7.08,13.04,13.04
1649,27.4833,13.0,51.51,0.124,1.0562,-4.03,-6.89,-2.79,17.231,0.0,0.0,-0.0,0.0,0.0,0.0,29.7,13.36,12.97,12.88
1650,27.5,13.0,51.53,0.122,1.0552,-3.75,-6.68,-2.71,12.36,0.0,0.0,-0.0,0.0,0.0,0.0,13.29,15.79,12.66,7.7
1651,27.5167,13.0,51.551,0.121,1.0541,-3.67,-6.83,-2.78,11.643,0.0,0.0,-0.0,0.0,0.0,0.0,10.75,13.28,13.04,9.5
1652,27.5333,13.0,51.573,0.119,1.0551,-3.68,-6.72,-2.9,10.837,0.0,0.0,-0.0,0.0,0.0,0.0,13.01,9.82,12.98,7.53
1653,27.55,13.0,51.594,0.118,1.0554,-3.57,-6.62,-3.09,15.269,0.0,0.0,-0.0,0.0,0.0,0.0,25.58,12.61,12.49,10.39
1654,27.5667,13.0,51.613,0.116,1.056,-2.88,-5.68,-2.97,10.877,0.0,0.0,-0.0,0.0,0.0,0.0,12.94,12.3,13.04,5.23
1655,27.5833,13.0,51.633,0.112,1.0572,-2.29,-5.23,-3.07,6.222,0.0,0.0,-0.0,0.0,0.0,0.0,7.01,-7.78,12.3,13.35
1656,27.6,13.0,51.652,0.109,1.0594,-1.89,-4.46,-3.28,8.37,0.0,0.0,-0.0,0.0,0.0,0.0,-0.07,12.63,12.33,8.59
1657,27.6167,13.0,51.67,0.108,1.0653,-1.88,-3.77,-3.42,11.253,0.0,0.0,-0.0,0.0,0.0,0.0,12.54,13.05,12.17,7.25
1658,27.6333,13.0,51.689,0.108,1.0711,-2.09,-3.36,-3.41,19.993,0.0,0.0,-0.0,0.0,0.0,0.0,25.78,13.75,13.86,26.58
1659,27.65,13.0,51.7,0.105,1.0797,-1.74,-3.53,-3.02,8.543,0.0,0.0,-0.0,0.0,0.0,0.0,7.83,12.82,12.8,0.72
1660,27.6667,13.0,51.71,0.102,1.0897,-1.41,-3.96,-3.01,10.296,0.0,0.0,-0.0,0.0,0.0,0.0,9.28,12.99,13.0,5.91
1661,27.6833,13.0,51.72,0.099,1.0986,-1.12,-4.54,-2.99,10.981,0.0,0.0,-0.0,0.0,0.0,0.0,12.87,12.93,12.94,5.18
1662,27.7,13.0,51.731,0.097,1.1065,-0.95,-5.08,-3.0,11.674,0.0,0.0,-0.0,0.0,0.0,0.0,12.97,13.02,13.02,7.68
1663,27.7167,13.0,51.743,0.096,1.1131,-0.96,-5.64,-2.96,11.421,0.0,0.0,-0.0,0.0,0.0,0.0,12.96,12.99,12.98,6.76
1664,27.7333,13.0,51.756,0.096,1.1179,-1.0,-6.3,-2.9,11.301,0.0,0.0,-0.0,0.0,0.0,0.0,12.97,12.98,12.97,6.28
1665,27.75,13.0,51.769,0.097,1.1209,-1.11,-7.02,-2.79,12.35,0.0,0.0,-0.0,0.0,0.0,0.0,12.9,12.89,12.89,10.72
1666,27.7667,13.0,51.783,0.098,1.123,-1.42,-7.5,-2.77,11.598,0.0,0.0,-0.0,0.0,0.0,0.0,12.99,12.97,12.98,7.45
1667,27.7833,13.0,51.798,0.1,1.1239,-1.83,-7.98,-2.72,11.576,0.0,0.0,-0.0,0.0,0.0,0.0,12.99,12.96,12.97,7.39
1668,27.8,13.0,51.814,0.103,1.1229,-2.29,-8.57,-2.58,13.248,0.0,0.0,-0.0,0.0,0.0,0.0,12.97,12.94,12.9,14.19
1669,27.8167,13.0,51.83,0.107,1.1214,-2.9,-8.95,-2.54,11.75,0.0,0.0,-0.0,0.0,0.0,0.0,13.08,13.02,13.06,7.83
1670,27.8333,13.0,51.848,0.112,1.1192,-3.71,-9.27,-2.41,11.993,0.0,0.0,-0.0,0.0,0.0,0.0,12.96,12.9,12.98,9.13
1671,27.85,13.0,51.866,0.116,1.115,-4.57,-9.71,-2.28,11.976,0.0,0.0,-0.0,0.0,0.0,0.0,12.75,12.76,12.87,9.52
1672,27.8667,13.0,51.884,0.115,1.1177,-4.5,-9.51,-2.27,10.358,0.0,0.0,-0.0,0.0,0.0,0.0,7.29,8.17,13.02,12.95
1673,27.8833,13.0,51.904,0.115,1.1168,-4.4,-9.78,-2.17,12.991,0.0,0.0,-0.0,0.0,0.0,0.0,12.99,12.99,13.0,12.98
1674,27.9,13.0,51.924,0.114,1.1181,-4.32,-9.61,-2.07,10.22,0.0,0.0,-0.0,0.0,0.0,0.0,9.62,9.92,13.01,8.34
1675,27.9167,13.0,51.945,0.112,1.1187,-4.34,-9.83,-2.2,11.958,0.0,0.0,-0.0,0.0,0.0,0.0,13.01,13.01,13.02,8.79
1676,27.9333,13.0,51.968,0.111,1.1198,-4.22,-9.89,-2.21,10.96,0.0,0.0,-0.0,0.0,0.0,0.0,13.0,9.98,13.01,7.85
1677,27.95,13.0,51.991,0.109,1.1208,-4.19,-9.92,-2.17,12.272,0.0,0.0,-0.0,0.0,0.0,0.0,12.99,12.98,12.99,10.13
1678,27.9667,13.0,52.016,0.109,1.1209,-4.18,-10.01,-2.14,11.316,0.0,0.0,-0.0,0.0,0.0,0.0,13.0,9.44,12.97,9.85
1679,27.9833,13.0,52.041,0.108,1.1211,-4.32,-9.94,-2.12,12.006,0.0,0.0,-0.0,0.0,0.0,0.0,12.96,12.96,12.96,9.16
1680,28.0,13.0,52.065,0.107,1.121,-3.98,-9.25,-1.79,10.93,0.0,0.0,-0.0,0.0,0.0,0.0,12.78,5.31,12.83,12.79
1681,28.0167,13.0,52.086,0.105,1.1206,-3.27,-8.3,-1.31,5.947,0.0,0.0,-0.0,0.0,0.0,0.0,12.28,-13.57,12.57,12.51
1682,28.0333,13.0,52.108,0.102,1.121,-2.32,-7.38,-0.94,17.999,0.0,0.0,-0.0,0.0,0.0,0.0,21.82,23.81,13.13,13.25
1683,28.05,13.0,52.13,0.097,1.1202,-1.39,-6.76,-0.63,11.295,0.0,0.0,-0.0,0.0,0.0,0.0,12.7,6.58,12.92,12.98
1684,28.0667,13.0,52.15,0.094,1.1235,-0.88,-5.81,-0.71,9.767,0.0,0.0,-0.0,0.0,0.0,0.0,7.03,13.07,12.94,6.03
1685,28.0833,13.0,52.17,0.091,1.1276,-0.58,-5.14,-0.69,2.746,0.0,0.0,-0.0,0.0,0.0,0.0,15.51,12.1,11.98,-28.61
1686,28.1,13.0,52.192,0.09,1.1323,-0.48,-4.59,-0.75,9.009,0.0,0.0,-0.0,0.0,0.0,0.0,-4.09,13.29,13.43,13.41
1687,28.1167,13.0,52.205,0.085,1.1403,0.24,-4.6,-0.15,10.361,0.0,0.0,-0.0,0.0,0.0,0.0,5.49,13.0,13.03,9.93
1688,28.1333,13.0,52.21,0.077,1.1483,0.83,-4.62,0.38,13.087,0.0,0.0,-0.0,0.0,0.0,0.0,12.82,12.84,12.84,13.85
1689,28.15,13.0,52.214,0.067,1.1534,1.35,-4.81,0.78,12.936,0.0,0.0,-0.0,0.0,0.0,0.0,12.91,12.95,12.93,12.96
1690,28.1667,13.0,52.22,0.059,1.1563,1.77,-5.13,1.1,11.17,0.0,0.0,-0.0,0.0,0.0,0.0,12.74,12.78,12.77,6.39
1691,28.1833,13.0,52.226,0.054,1.1599,2.34,-5.11,0.91,10.521,0.0,0.0,-0.0,0.0,0.0,0.0,13.07,13.08,13.05,2.89
1692,28.2,13.0,52.233,0.05,1.1628,2.72,-5.12,0.72,10.517,0.0,0.0,-0.0,0.0,0.0,0.0,13.01,13.0,13.01,3.05
1693,28.2167,13.0,52.242,0.048,1.1659,2.97,-5.29,0.6,13.375,0.0,0.0,-0.0,0.0,0.0,0.0,22.88,13.49,13.33,3.81
1694,28.2333,13.0,52.252,0.046,1.1712,3.2,-5.93,0.53,9.974,0.0,0.0,-0.0,0.0,0.0,0.0,7.86,13.0,13.0,6.03
1695,28.25,13.0,52.262,0.045,1.1761,3.27,-6.59,0.41,14.96,0.0,0.0,-0.0,0.0,0.0,0.0,27.93,13.29,13.18,5.44
1696,28.2667,13.0,52.274,0.046,1.1803,3.11,-7.14,0.27,11.401,0.0,0.0,-0.0,0.0,0.0,0.0,12.95,12.98,12.98,6.7
1697,28.2833,13.0,52.286,0.047,1.1833,2.9,-7.74,0.18,11.474,0.0,0.0,-0.0,0.0,0.0,0.0,12.98,12.99,12.97,6.96
1698,28.3,13.0,52.299,0.049,1.1843,2.62,-8.46,0.19,10.246,0.0,0.0,-0.0,0.0,0.0,0.0,12.9,12.9,12.87,2.31
1699,28.3167,13.0,52.314,0.052,1.1859,2.15,-8.94,0.16,11.487,0.0,0.0,-0.0,0.0,0.0,0.0,12.96,12.94,12.96,7.08
1700,28.3333,13.0,52.329,0.057,1.1863,1.6,-9.43,0.19,11.99,0.0,0.0,-0.0,0.0,0.0,0.0,13.03,13.0,13.05,8.89
1701,28.35,13.0,52.346,0.062,1.185,1.06,-10.01,0.3,12.248,0.0,0.0,-0.0,0.0,0.0,0.0,13.01,12.93,13.03,10.02
1702,28.3667,13.0,52.363,0.068,1.184,0.33,-10.44,0.3,10.546,0.0,0.0,-0.0,0.0,0.0,0.0,8.11,12.88,12.96,8.23
1703,28.3833,13.0,52.381,0.073,1.1832,-0.61,-11.11,0.14,10.79,0.0,0.0,-0.0,0.0,0.0,0.0,12.8,12.76,12.79,4.82
1704,28.4,13.0,52.401,0.079,1.1812,-1.33,-11.84,-0.01,15.351,0.0,0.0,-0.0,0.0,0.0,0.0,13.6,12.59,12.53,22.68
1705,28.4167,13.0,52.422,0.085,1.1824,-2.07,-12.36,-0.04,14.107,0.0,0.0,-0.0,0.0,0.0,0.0,10.51,8.3,13.24,24.37
1706,28.4333,13.0,52.443,0.087,1.1839,-1.97,-12.23,0.29,11.78,0.0,0.0,-0.0,0.0,0.0,0.0,12.96,8.19,12.98,12.99
1707,28.45,13.0,52.466,0.089,1.1834,-1.89,-12.31,0.6,12.113,0.0,0.0,-0.0,0.0,0.0,0.0,12.76,12.84,12.77,10.07
1708,28.4667,13.0,52.489,0.091,1.1837,-1.89,-12.25,0.74,11.467,0.0,0.0,-0.0,0.0,0.0,0.0,9.48,10.24,13.06,13.08
1709,28.4833,13.0,52.513,0.09,1.1852,-1.68,-12.39,0.68,11.337,0.0,0.0,-0.0,0.0,0.0,0.0,12.78,12.78,12.74,7.05
1710,28.5,13.0,52.537,0.089,1.1857,-1.62,-12.6,0.64,10.123,0.0,0.0,-0.0,0.0,0.0,0.0,12.99,13.0,12.99,1.51
1711,28.5167,13.0,52.562,0.09,1.186,-1.78,-12.6,0.5,12.09,0.0,0.0,-0.0,0.0,0.0,0.0,12.99,12.99,12.99,9.39
1712,28.5333,13.0,52.581,0.09,1.19,-0.99,-10.7,1.22,10.262,0.0,0.0,-0.0,0.0,0.0,0.0,6.38,8.61,13.03,13.03
1713,28.55,13.0,52.6,0.086,1.1956,-0.29,-9.98,1.1,14.354,0.0,0.0,-0.0,0.0,0.0,0.0,12.97,18.58,12.87,13.0
1714,28.5667,13.0,52.619,0.082,1.2009,0.11,-9.19,0.86,11.131,0.0,0.0,-0.0,0.0,0.0,0.0,12.97,13.03,12.92,5.61
1715,28.5833,13.0,52.639,0.079,1.2058,0.43,-8.52,0.61,11.279,0.0,0.0,-0.0,0.0,0.0,0.0,13.09,12.95,12.98,6.1
1716,28.6,13.0,52.659,0.077,1.2101,0.67,-8.04,0.38,11.949,0.0,0.0,-0.0,0.0,0.0,0.0,12.91,14.08,13.12,7.69
1717,28.6167,13.0,52.681,0.075,1.2133,0.8,-7.74,0.16,11.64,0.0,0.0,-0.0,0.0,0.0,0.0,12.93,9.01,13.1,11.52
1718,28.6333,13.0,52.704,0.073,1.2156,0.85,-7.54,-0.07,12.315,0.0,0.0,-0.0,0.0,0.0,0.0,12.88,14.2,13.5,8.68
1719,28.65,13.0,52.727,0.072,1.216,0.8,-7.57,-0.29,12.791,0.0,0.0,-0.0,0.0,0.0,0.0,13.02,9.83,13.11,15.2
1720,28.6667,13.0,52.741,0.067,1.2265,1.66,-8.63,-0.27,11.458,0.0,0.0,-0.0,0.0,0.0,0.0,10.97,12.97,12.99,8.9
1721,28.6833,13.0,52.759,0.064,1.2347,1.89,-9.14,-0.57,11.826,0.0,0.0,-0.0,0.0,0.0,0.0,12.89,12.94,12.99,8.49
1722,28.7,13.0,52.776,0.061,1.2402,2.06,-9.8,-0.78,12.961,0.0,0.0,-0.0,0.0,0.0,0.0,12.92,12.96,12.98,12.99
1723,28.7167,13.0,52.794,0.058,1.2442,2.11,-10.35,-1.05,11.666,0.0,0.0,-0.0,0.0,0.0,0.0,12.97,13.02,13.01,7.66
1724,28.7333,13.0,52.813,0.057,1.2473,1.97,-10.87,-1.3,11.368,0.0,0.0,-0.0,0.0,0.0,0.0,12.93,12.97,12.95,6.62
1725,28.75,13.0,52.832,0.057,1.249,1.76,-11.5,-1.47,11.162,0.0,0.0,-0.0,0.0,0.0,0.0,12.49,12.54,12.54,7.08
1726,28.7667,13.0,52.852,0.057,1.2504,1.29,-11.94,-1.65,10.305,0.0,0.0,-0.0,0.0,0.0,0.0,13.17,13.18,13.13,1.75
1727,28.7833,13.0,52.873,0.059,1.2498,0.94,-12.59,-1.74,12.066,0.0,0.0,-0.0,0.0,0.0,0.0,12.95,12.98,12.98,9.36
1728,28.8,13.0,52.895,0.06,1.251,0.75,-12.7,-1.65,11.16,0.0,0.0,-0.0,0.0,0.0,0.0,12.94,8.79,12.91,10.01
1729,28.8167,13.0,52.918,0.061,1.2514,0.7,-12.77,-1.57,11.823,0.0,0.0,-0.0,0.0,0.0,0.0,12.98,8.33,12.99,12.99
1730,28.8333,13.0,52.941,0.061,1.2518,0.72,-12.75,-1.4,11.263,0.0,0.0,-0.0,0.0,0.0,0.0,12.92,9.18,12.93,10.02
1731,28.85,13.0,52.965,0.062,1.2515,0.58,-12.72,-1.32,12.997,0.0,0.0,-0.0,0.0,0.0,0.0,13.0,12.98,13.01,13.0
1732,28.8667,13.0,52.99,0.062,1.2508,0.68,-12.57,-1.16,12.483,0.0,0.0,-0.0,0.0,0.0,0.0,13.0,9.5,13.03,14.41
1733,28.8833,13.0,53.015,0.061,1.2495,0.89,-12.49,-0.93,8.513,0.0,0.0,-0.0,0.0,0.0,0.0,12.91,12.88,12.93,-4.66
1734,28.9,13.0,53.042,0.063,1.249,0.78,-12.21,-0.78,10.679,0.0,0.0,-0.0,0.0,0.0,0.0,12.98,6.72,13.01,10.01
1735,28.9167,13.0,53.062,0.065,1.2498,1.51,-10.2,0.24,10.871,0.0,0.0,-0.0,0.0,0.0,0.0,12.96,4.55,13.0,12.97
1736,28.9333,13.0,53.083,0.065,1.2505,2.26,-8.82,0.83,8.465,0.0,0.0,-0.0,0.0,0.0,0.0,2.0,6.66,12.57,12.63
1737,28.95,13.0,53.101,0.061,1.2548,3.12,-7.74,0.95,14.725,0.0,0.0,-0.0,0.0,0.0,0.0,5.02,11.89,13.67,28.32
1738,28.9667,13.0,53.118,0.056,1.2614,3.9,-6.71,0.83,11.043,0.0,0.0,-0.0,0.0,0.0,0.0,13.48,12.12,12.11,6.46
1739,28.9833,13.0,53.135,0.05,1.266,4.28,-5.89,0.71,15.499,0.0,0.0,-0.0,0.0,0.0,0.0,13.09,13.09,13.08,22.73
1740,29.0,13.0,53.152,0.046,1.2696,4.55,-5.2,0.5,11.934,0.0,0.0,-0.0,0.0,0.0,0.0,17.5,12.33,12.37,5.53
1741,29.0167,13.0,53.17,0.042,1.2722,4.75,-4.69,0.26,13.389,0.0,0.0,-0.0,0.0,0.0,0.0,21.08,12.33,12.42,7.72
1742,29.0333,13.0,53.188,0.04,1.2741,4.89,-4.29,-0.02,10.494,0.0,0.0,-0.0,0.0,0.0,0.0,9.54,12.82,12.89,6.73
1743,29.05,13.0,53.208,0.039,1.2762,4.92,-4.12,-0.14,9.542,0.0,0.0,-0.0,0.0,0.0,0.0,4.5,12.83,12.88,7.96
1744,29.0667,13.0,53.228,0.039,1.2778,4.83,-4.04,-0.2,11.755,0.0,0.0,-0.0,0.0,0.0,0.0,13.05,13.06,13.06,7.85
1745,29.0833,13.0,53.249,0.04,1.2777,4.71,-4.09,-0.32,8.624,0.0,0.0,-0.0,0.0,0.0,0.0,6.66,12.98,12.98,1.88
1746,29.1,13.0,53.272,0.041,1.2768,4.52,-4.36,-0.36,9.67,0.0,0.0,-0.0,0.0,0.0,0.0,12.97,5.17,12.66,7.87
1747,29.1167,13.0,53.295,0.042,1.2806,4.33,-4.75,-0.34,12.189,0.0,0.0,-0.0,0.0,0.0,0.0,12.3,13.02,13.02,10.41
1748,29.1333,13.0,53.318,0.042,1.2866,4.23,-5.45,-0.43,12.411,0.0,0.0,-0.0,0.0,0.0,0.0,12.94,10.63,13.02,13.06
1749,29.15,13.0,53.341,0.042,1.2915,4.25,-6.0,-0.48,13.0,0.0,0.0,-0.0,0.0,0.0,0.0,12.99,13.0,13.0,13.01
1750,29.1667,13.0,53.364,0.041,1.294,4.29,-6.62,-0.55,11.778,0.0,0.0,-0.0,0.0,0.0,0.0,12.74,8.58,12.9,12.9
1751,29.1833,13.0,53.387,0.04,1.2966,4.39,-6.9,-0.56,12.296,0.0,0.0,-0.0,0.0,0.0,0.0,13.0,13.01,13.02,10.15
1752,29.2,13.0,53.411,0.04,1.298,4.3,-7.16,-0.65,11.999,0.0,0.0,-0.0,0.0,0.0,0.0,13.0,9.23,12.87,12.89
1753,29.2167,13.0,53.436,0.039,1.2991,4.25,-7.37,-0.78,11.288,0.0,0.0,-0.0,0.0,0.0,0.0,13.17,0.89,13.2,17.89
1754,29.2333,13.0,53.461,0.038,1.2997,4.36,-7.4,-0.85,12.187,0.0,0.0,-0.0,0.0,0.0,0.0,13.34,8.93,13.23,13.25
1755,29.25,13.0,53.486,0.036,1.2998,4.49,-7.29,-0.91,13.091,0.0,0.0,-0.0,0.0,0.0,0.0,13.29,13.3,13.32,12.45
1756,29.2667,13.0,53.513,0.034,1.2984,4.56,-7.32,-0.97,11.904,0.0,0.0,-0.0,0.0,0.0,0.0,13.01,8.52,13.02,13.06
1757,29.2833,13.0,53.54,0.033,1.2977,4.45,-7.0,-1.1,11.984,0.0,0.0,-0.0,0.0,0.0,0.0,12.98,12.95,12.97,9.03
1758,29.3,13.0,53.567,0.033,1.2954,4.38,-6.78,-1.23,11.944,0.0,0.0,-0.0,0.0,0.0,0.0,12.84,8.97,12.99,12.97
1759,29.3167,13.0,53.595,0.031,1.2935,4.46,-6.38,-1.24,12.17,0.0,0.0,-0.0,0.0,0.0,0.0,12.99,13.02,13.01,9.67
1760,29.3333,13.0,53.618,0.031,1.2942,5.39,-4.4,-0.55,11.442,0.0,0.0,-0.0,0.0,0.0,0.0,12.98,6.78,13.02,12.99
1761,29.35,13.0,53.642,0.029,1.2927,6.03,-3.2,-0.05,6.469,0.0,0.0,-0.0,0.0,0.0,0.0,12.29,-12.0,12.77,12.83
1762,29.3667,13.0,53.666,0.024,1.2954,6.72,-2.16,0.09,10.505,0.0,0.0,-0.0,0.0,0.0,0.0,10.13,12.25,12.48,7.17
1763,29.3833,13.0,53.688,0.017,1.3026,7.08,-1.75,-0.28,11.981,0.0,0.0,-0.0,0.0,0.0,0.0,12.92,12.82,12.9,9.29
1764,29.4,13.0,53.711,0.01,1.3084,7.4,-1.5,-0.63,12.094,0.0,0.0,-0.0,0.0,0.0,0.0,12.97,12.96,12.96,9.49
1765,29.4167,13.0,53.735,0.005,1.3128,7.71,-1.4,-0.95,11.762,0.0,0.0,-0.0,0.0,0.0,0.0,12.96,12.97,12.95,8.18
1766,29.4333,13.0,53.76,0.0,1.3151,8.04,-1.53,-1.23,10.69,0.0,0.0,-0.0,0.0,0.0,0.0,12.98,12.99,12.98,3.82
1767,29.45,13.0,53.786,-0.004,1.3169,8.2,-1.61,-1.53,12.535,0.0,0.0,-0.0,0.0,0.0,0.0,13.09,13.09,13.09,10.86
1768,29.4667,13.0,53.812,-0.007,1.3175,8.1,-1.55,-1.9,12.723,0.0,0.0,-0.0,0.0,0.0,0.0,12.99,12.98,12.99,11.93
1769,29.4833,13.0,53.838,-0.011,1.316,7.99,-1.63,-2.27,11.638,0.0,0.0,-0.0,0.0,0.0,0.0,13.15,13.15,13.15,7.1
1770,29.5,13.0,53.865,-0.014,1.314,7.67,-1.59,-2.66,12.245,0.0,0.0,-0.0,0.0,0.0,0.0,12.91,12.86,12.92,10.29
1771,29.5167,13.0,53.892,-0.016,1.3105,7.37,-1.64,-3.07,12.993,0.0,0.0,-0.0,0.0,0.0,0.0,13.0,12.95,13.03,12.99
1772,29.5333,13.0,53.92,-0.017,1.3067,6.75,-1.39,-3.56,12.01,0.0,0.0,-0.0,0.0,0.0,0.0,13.0,12.95,13.03,9.06
1773,29.55,13.0,53.948,-0.017,1.3037,6.47,-1.59,-3.39,13.1,0.0,0.0,-0.0,0.0,0.0,0.0,11.34,13.25,13.35,14.46
1774,29.5667,13.0,53.977,-0.02,1.3067,6.6,-1.42,-3.31,12.804,0.0,0.0,-0.0,0.0,0.0,0.0,13.0,14.25,13.0,10.96
1775,29.5833,13.0,54.007,-0.022,1.3081,6.57,-1.34,-3.34,12.793,0.0,0.0,-0.0,0.0,0.0,0.0,13.02,12.01,13.07,13.07
1776,29.6,13.0,54.036,-0.025,1.3077,6.67,-1.27,-3.39,13.0,0.0,0.0,-0.0,0.0,0.0,0.0,13.0,13.0,13.0,13.0
1777,29.6167,13.0,54.066,-0.028,1.3055,6.74,-1.17,-3.37,10.165,0.0,0.0,-0.0,0.0,0.0,0.0,2.93,15.93,13.01,8.8
1778,29.6333,13.0,54.096,-0.03,1.3044,6.71,-1.03,-3.22,11.46,0.0,0.0,-0.0,0.0,0.0,0.0,12.59,7.41,12.92,12.93
1779,29.65,13.0,54.126,-0.032,1.3028,7.1,-1.06,-3.25,12.961,0.0,0.0,-0.0,0.0,0.0,0.0,12.9,12.98,12.96,13.0
1780,29.6667,13.0,54.156,-0.034,1.3035,7.04,-0.83,-3.13,13.51,0.0,0.0,-0.0,0.0,0.0,0.0,11.79,13.11,13.11,16.03
1781,29.6833,13.0,54.185,-0.036,1.3084,7.44,-0.71,-2.7,12.342,0.0,0.0,-0.0,0.0,0.0,0.0,13.0,10.38,12.99,13.0
1782,29.7,13.0,54.214,-0.039,1.3117,7.77,-0.62,-2.26,12.958,0.0,0.0,-0.0,0.0,0.0,0.0,12.92,12.95,12.94,13.02
1783,29.7167,13.0,54.243,-0.042,1.3129,8.04,-0.58,-1.99,12.094,0.0,0.0,-0.0,0.0,0.0,0.0,13.03,13.02,13.04,9.28
1784,29.7333,13.0,54.271,-0.044,1.314,8.1,-0.2,-2.02,12.969,0.0,0.0,-0.0,0.0,0.0,0.0,12.98,12.95,12.99,12.96
1785,29.75,13.0,54.3,-0.045,1.3125,8.11,-0.03,-2.06,12.997,0.0,0.0,-0.0,0.0,0.0,0.0,13.0,12.99,13.0,12.99
1786,29.7667,13.0,54.329,-0.047,1.3083,8.09,-0.05,-2.09,13.0,0.0,0.0,-0.0,0.0,0.0,0.0,13.0,13.0,13.0,13.0
1787,29.7833,13.0,54.358,-0.048,1.3041,7.68,0.34,-2.31,11.382,0.0,0.0,-0.0,0.0,0.0,0.0,12.96,8.9,12.96,10.7
1788,29.8,13.0,54.387,-0.049,1.3003,7.61,1.07,-2.36,12.097,0.0,0.0,-0.0,0.0,0.0,0.0,12.86,9.67,12.95,12.91
1789,29.8167,13.0,54.417,-0.051,1.295,7.66,1.63,-2.32,12.231,0.0,0.0,-0.0,0.0,0.0,0.0,12.89,12.92,12.93,10.19
1790,29.8333,13.0,54.446,-0.052,1.2935,7.72,1.81,-2.2,12.699,0.0,0.0,-0.0,0.0,0.0,0.0,12.83,14.12,13.86,9.98
1791,29.85,13.0,54.475,-0.051,1.2984,7.53,1.31,-2.0,11.152,0.0,0.0,-0.0,0.0,0.0,0.0,12.68,6.14,12.87,12.92
1792,29.8667,13.0,54.503,-0.051,1.3017,7.45,0.95,-1.66,13.103,0.0,0.0,-0.0,0.0,0.0,0.0,12.92,13.71,12.9,12.89
1793,29.8833,13.0,54.531,-0.051,1.3034,7.57,0.6,-1.33,12.004,0.0,0.0,-0.0,0.0,0.0,0.0,12.98,8.97,13.09,12.98
1794,29.9,13.0,54.559,-0.051,1.3045,7.91,0.57,-0.96,11.893,0.0,0.0,-0.0,0.0,0.0,0.0,12.9,12.79,12.91,8.97
1795,29.9167,13.0,54.587,-0.052,1.3045,7.94,0.77,-0.74,12.958,0.0,0.0,-0.0,0.0,0.0,0.0,12.96,12.94,12.98,12.94
1796,29.9333,13.0,54.615,-0.052,1.3018,8.02,0.78,-0.54,12.989,0.0,0.0,-0.0,0.0,0.0,0.0,12.99,12.99,12.99,12.98
1797,29.95,13.0,54.644,-0.052,1.2985,7.96,0.96,-0.47,12.522,0.0,0.0,-0.0,0.0,0.0,0.0,12.99,12.99,12.99,11.12
1798,29.9667,13.0,54.673,-0.051,1.2956,7.68,1.5,-0.52,12.43,0.0,0.0,-0.0,0.0,0.0,0.0,13.08,12.95,13.08,10.62
1799,29.9833,13.0,54.703,-0.051,1.2924,7.63,1.96,-0.51,10.519,0.0,0.0,-0.0,0.0,0.0,0.0,5.03,11.01,13.09,12.95
1800,30.0,13.0,54.734,-0.053,1.2946,7.83,1.83,-0.49,13.297,0.0,0.0,-0.0,0.0,0.0,0.0,13.19,13.19,14.2,12.61
1801,30.0167,13.0,54.764,-0.054,1.2964,8.0,1.69,-0.28,12.997,0.0,0.0,-0.0,0.0,0.0,0.0,13.0,13.0,13.01,12.98
1802,30.0333,13.0,54.794,-0.054,1.2965,7.97,1.67,-0.21,12.653,0.0,0.0,-0.0,0.0,0.0,0.0,12.95,12.96,12.96,11.74
1803,30.05,13.0,54.824,-0.054,1.295,7.84,1.71,-0.3,11.515,0.0,0.0,-0.0,0.0,0.0,0.0,12.86,7.42,12.88,12.9
1804,30.0667,13.0,54.854,-0.055,1.2922,7.65,1.88,-0.37,11.863,0.0,0.0,-0.0,0.0,0.0,0.0,13.12,10.15,13.14,11.04
1805,30.0833,13.0,54.885,-0.056,1.2895,7.79,2.33,-0.35,12.479,0.0,0.0,-0.0,0.0,0.0,0.0,12.96,13.87,12.88,10.2
1806,30.1,13.0,54.916,-0.057,1.2865,7.63,2.85,-0.47,11.497,0.0,0.0,-0.0,0.0,0.0,0.0,12.68,7.39,12.96,12.96
1807,30.1167,13.0,54.948,-0.058,1.282,7.67,3.36,-0.53,12.751,0.0,0.0,-0.0,0.0,0.0,0.0,13.21,11.59,13.09,13.12
1808,30.1333,13.0,54.979,-0.06,1.2765,7.88,3.95,-0.49,13.321,0.0,0.0,-0.0,0.0,0.0,0.0,13.82,12.26,13.62,13.59
1809,30.15,13.0,55.011,-0.061,1.2707,7.8,4.71,-0.64,11.932,0.0,0.0,-0.0,0.0,0.0,0.0,12.89,12.88,12.84,9.12
1810,30.1667,13.0,55.044,-0.063,1.2634,7.53,5.29,-0.84,12.937,0.0,0.0,-0.0,0.0,0.0,0.0,12.89,12.95,12.91,13.0
1811,30.1833,13.0,55.077,-0.064,1.262,7.63,5.89,-0.79,13.053,0.0,0.0,-0.0,0.0,0.0,0.0,13.03,12.28,13.85,13.06
1812,30.2,13.0,55.11,-0.066,1.2612,7.59,5.91,-0.66,12.161,0.0,0.0,-0.0,0.0,0.0,0.0,12.53,10.12,12.95,13.05
1813,30.2167,13.0,55.142,-0.067,1.2616,7.54,5.96,-0.35,13.202,0.0,0.0,-0.0,0.0,0.0,0.0,12.92,12.93,13.96,13.0
1814,30.2333,13.0,55.174,-0.068,1.2615,7.37,5.66,-0.08,12.414,0.0,0.0,-0.0,0.0,0.0,0.0,12.99,9.49,14.14,13.03
1815,30.25,13.0,55.204,-0.066,1.2626,7.47,5.12,-0.07,12.991,0.0,0.0,-0.0,0.0,0.0,0.0,13.0,12.99,12.97,13.0
1816,30.2667,13.0,55.234,-0.064,1.2611,7.54,4.46,-0.07,12.978,0.0,0.0,-0.0,0.0,0.0,0.0,12.99,12.96,12.97,12.98
1817,30.2833,13.0,55.265,-0.063,1.2569,7.59,3.72,-0.07,12.967,0.0,0.0,-0.0,0.0,0.0,0.0,12.97,12.95,12.98,12.96
1818,30.3,13.0,55.295,-0.061,1.25,7.6,2.93,-0.06,12.959,0.0,0.0,-0.0,0.0,0.0,0.0,12.96,12.95,12.98,12.95
1819,30.3167,13.0,55.326,-0.06,1.2473,7.38,3.71,0.0,12.157,0.0,0.0,-0.0,0.0,0.0,0.0,12.79,11.01,13.09,11.74
1820,30.3333,13.0,55.356,-0.059,1.2434,7.53,4.51,0.32,12.148,0.0,0.0,-0.0,0.0,0.0,0.0,12.89,12.78,12.92,10.01
1821,30.35,13.0,55.386,-0.058,1.2382,7.49,5.16,0.5,12.892,0.0,0.0,-0.0,0.0,0.0,0.0,12.88,12.85,12.95,12.88
1822,30.3667,13.0,55.417,-0.058,1.231,7.61,5.63,0.65,12.363,0.0,0.0,-0.0,0.0,0.0,0.0,13.04,10.35,13.04,13.02
1823,30.3833,13.0,55.449,-0.057,1.2249,7.64,6.5,0.73,12.331,0.0,0.0,-0.0,0.0,0.0,0.0,12.92,10.05,13.02,13.34
1824,30.4,13.0,55.481,-0.058,1.2192,7.74,7.6,0.83,12.269,0.0,0.0,-0.0,0.0,0.0,0.0,12.89,12.87,12.9,10.42
1825,30.4167,13.0,55.513,-0.057,1.2148,7.39,7.66,1.02,13.582,0.0,0.0,-0.0,0.0,0.0,0.0,12.82,12.82,15.81,12.87
1826,30.4333,13.0,55.545,-0.055,1.2131,7.3,8.1,1.2,12.178,0.0,0.0,-0.0,0.0,0.0,0.0,13.06,11.13,13.05,11.48
1827,30.45,13.0,55.577,-0.052,1.2148,7.02,8.14,1.27,12.705,0.0,0.0,-0.0,0.0,0.0,0.0,12.99,11.56,13.38,12.88
1828,30.4667,13.0,55.608,-0.051,1.2156,6.74,8.19,1.3,12.622,0.0,0.0,-0.0,0.0,0.0,0.0,12.95,12.97,11.66,12.91
1829,30.4833,13.0,55.64,-0.049,1.2163,6.71,8.25,1.44,12.584,0.0,0.0,-0.0,0.0,0.0,0.0,13.05,11.23,13.03,13.02
1830,30.5,13.0,55.671,-0.048,1.2153,6.72,8.3,1.59,13.255,0.0,0.0,-0.0,0.0,0.0,0.0,13.07,13.02,13.93,13.0
1831,30.5167,13.0,55.702,-0.048,1.2136,6.57,8.23,1.41,12.399,0.0,0.0,-0.0,0.0,0.0,0.0,13.31,12.01,11.03,13.25
1832,30.5333,13.0,55.732,-0.047,1.2127,6.54,7.92,1.52,13.001,0.0,0.0,-0.0,0.0,0.0,0.0,13.0,13.0,13.01,13.0
1833,30.55,13.0,55.763,-0.046,1.2091,6.51,7.44,1.58,12.999,0.0,0.0,-0.0,0.0,0.0,0.0,13.0,13.0,13.0,13.0
1834,30.5667,13.0,55.793,-0.044,1.2028,6.47,6.82,1.59,16.701,0.0,0.0,-0.0,0.0,0.0,0.0,13.38,13.28,27.01,13.14
1835,30.5833,13.0,55.823,-0.044,1.1956,5.99,5.94,1.4,12.93,0.0,0.0,-0.0,0.0,0.0,0.0,12.92,12.9,12.94,12.96
1836,30.6,13.0,55.853,-0.043,1.1858,5.56,5.07,1.22,12.929,0.0,0.0,-0.0,0.0,0.0,0.0,12.93,12.9,12.94,12.95
1837,30.6167,13.0,55.882,-0.042,1.1758,5.76,4.92,1.22,12.178,0.0,0.0,-0.0,0.0,0.0,0.0,13.0,9.73,12.98,13.0
1838,30.6333,13.0,55.911,-0.044,1.1676,6.52,5.55,1.52,12.103,0.0,0.0,-0.0,0.0,0.0,0.0,12.92,9.53,12.95,13.02
1839,30.65,13.0,55.941,-0.045,1.1606,6.74,6.67,1.54,11.943,0.0,0.0,-0.0,0.0,0.0,0.0,12.87,12.88,12.84,9.18
1840,30.6667,13.0,55.972,-0.043,1.158,6.57,6.85,1.51,7.752,0.0,0.0,-0.0,0.0,0.0,0.0,5.78,10.16,8.47,6.59
1841,30.6833,13.0,56.002,-0.043,1.1593,6.38,6.68,1.61,13.294,0.0,0.0,-0.0,0.0,0.0,0.0,12.78,12.81,12.85,14.74
1842,30.7,13.0,56.032,-0.041,1.1605,6.23,6.67,1.63,12.581,0.0,0.0,-0.0,0.0,0.0,0.0,13.13,11.07,13.06,13.07
1843,30.7167,13.0,56.061,-0.04,1.1602,6.23,6.72,1.72,13.001,0.0,0.0,-0.0,0.0,0.0,0.0,13.0,13.0,13.0,13.0
1844,30.7333,13.0,56.091,-0.039,1.1584,6.45,6.89,1.89,11.774,0.0,0.0,-0.0,0.0,0.0,0.0,10.21,10.64,13.13,13.12
1845,30.75,13.0,56.121,-0.039,1.158,6.4,6.66,1.99,12.106,0.0,0.0,-0.0,0.0,0.0,0.0,9.92,14.13,13.3,11.08
1846,30.7667,13.0,56.15,-0.039,1.1597,6.47,6.72,1.92,12.434,0.0,0.0,-0.0,0.0,0.0,0.0,13.01,14.19,9.68,12.85
1847,30.7833,13.0,56.18,-0.039,1.1604,6.55,6.45,1.92,12.851,0.0,0.0,-0.0,0.0,0.0,0.0,12.71,12.71,12.69,13.29
1848,30.8,13.0,56.209,-0.039,1.1594,6.57,6.26,1.77,12.998,0.0,0.0,-0.0,0.0,0.0,0.0,13.0,13.0,13.0,12.99
1849,30.8167,13.0,56.239,-0.038,1.1557,6.59,5.89,1.63,13.0,0.0,0.0,-0.0,0.0,0.0,0.0,13.0,13.0,13.0,13.0
1850,30.8333,13.0,56.269,-0.037,1.1502,6.59,5.23,1.53,13.969,0.0,0.0,-0.0,0.0,0.0,0.0,13.0,13.05,16.87,12.95
1851,30.85,13.0,56.297,-0.035,1.1458,6.31,4.09,1.49,12.873,0.0,0.0,-0.0,0.0,0.0,0.0,12.88,12.87,12.82,12.92
1852,30.8667,13.0,56.326,-0.032,1.1387,6.1,3.02,1.46,12.897,0.0,0.0,-0.0,0.0,0.0,0.0,12.9,12.88,12.87,12.93
1853,30.8833,13.0,56.354,-0.029,1.1289,5.96,2.01,1.43,12.911,0.0,0.0,-0.0,0.0,0.0,0.0,12.9,12.9,12.9,12.95
1854,30.9,13.0,56.382,-0.028,1.1255,6.18,3.19,1.63,11.134,0.0,0.0,-0.0,0.0,0.0,0.0,12.81,9.73,12.81,9.2
1855,30.9167,13.0,56.41,-0.026,1.126,5.89,3.36,1.58,12.34,0.0,0.0,-0.0,0.0,0.0,0.0,13.35,9.88,12.79,13.33
1856,30.9333,13.0,56.435,-0.023,1.1322,5.65,3.64,1.5,12.969,0.0,0.0,-0.0,0.0,0.0,0.0,12.95,12.95,13.01,12.97
1857,30.95,13.0,56.46,-0.02,1.1357,5.45,3.72,1.41,13.0,0.0,0.0,-0.0,0.0,0.0,0.0,13.0,12.99,13.01,13.01
1858,30.9667,13.0,56.485,-0.018,1.1366,5.3,3.62,1.29,12.999,0.0,0.0,-0.0,0.0,0.0,0.0,13.0,12.99,13.0,13.0
1859,30.9833,13.0,56.51,-0.015,1.1348,5.18,3.33,1.14,13.0,0.0,0.0,-0.0,0.0,0.0,0.0,13.0,13.0,13.0,13.0
1860,31.0,13.0,56.535,-0.014,1.1322,5.15,3.28,1.23,12.016,0.0,0.0,-0.0,0.0,0.0,0.0,13.2,8.68,13.09,13.09
1861,31.0167,13.0,56.561,-0.014,1.1289,5.43,3.37,1.31,12.019,0.0,0.0,-0.0,0.0,0.0,0.0,13.03,8.95,13.04,13.05
1862,31.0333,13.0,56.587,-0.016,1.1271,5.69,3.53,1.25,12.497,0.0,0.0,-0.0,0.0,0.0,0.0,13.19,11.67,12.05,13.07
1863,31.05,13.0,56.615,-0.016,1.1255,6.07,3.16,1.25,12.988,0.0,0.0,-0.0,0.0,0.0,0.0,12.99,12.99,12.99,12.98
1864,31.0667,13.0,56.643,-0.018,1.1281,6.42,2.91,1.21,12.625,0.0,0.0,-0.0,0.0,0.0,0.0,13.04,13.92,13.35,10.19
1865,31.0833,13.0,56.672,-0.019,1.1278,6.48,2.63,1.12,12.762,0.0,0.0,-0.0,0.0,0.0,0.0,13.08,12.31,12.68,12.98
1866,31.1,13.0,56.701,-0.017,1.1282,6.53,2.2,1.19,12.999,0.0,0.0,-0.0,0.0,0.0,0.0,13.0,13.0,13.0,13.0
1867,31.1167,13.0,56.73,-0.016,1.1258,6.55,1.62,1.21,12.995,0.0,0.0,-0.0,0.0,0.0,0.0,12.98,13.0,12.99,13.01
1868,31.1333,13.0,56.759,-0.015,1.1208,6.54,0.94,1.19,12.982,0.0,0.0,-0.0,0.0,0.0,0.0,12.96,12.99,12.97,13.0
1869,31.15,13.0,56.78,-0.009,1.1224,5.55,-0.62,0.94,13.074,0.0,0.0,-0.0,0.0,0.0,0.0,12.92,12.94,13.44,12.99
1870,31.1667,13.0,56.798,-0.004,1.1244,4.95,-1.36,1.17,11.861,0.0,0.0,-0.0,0.0,0.0,0.0,13.03,8.25,12.97,13.2
1871,31.1833,13.0,56.818,0.001,1.126,4.66,-1.83,1.43,12.997,0.0,0.0,-0.0,0.0,0.0,0.0,13.0,12.96,13.01,13.02
1872,31.2,13.0,56.837,0.003,1.1285,4.85,-1.71,1.8,11.59,0.0,0.0,-0.0,0.0,0.0,0.0,13.0,7.33,13.01,13.02
1873,31.2167,13.0,56.858,0.006,1.1284,4.93,-1.9,2.07,12.95,0.0,0.0,-0.0,0.0,0.0,0.0,12.99,12.84,12.99,12.98
1874,31.2333,13.0,56.879,0.008,1.1276,5.28,-2.0,2.31,11.495,0.0,0.0,-0.0,0.0,0.0,0.0,13.0,6.99,13.0,13.0
1875,31.25,13.0,56.902,0.008,1.1276,5.49,-2.15,2.33,12.07,0.0,0.0,-0.0,0.0,0.0,0.0,13.02,10.52,11.73,13.0
1876,31.2667,13.0,56.926,0.007,1.1279,5.75,-2.35,2.28,12.383,0.0,0.0,-0.0,0.0,0.0,0.0,13.22,9.88,13.22,13.22
1877,31.2833,13.0,56.95,0.005,1.1283,6.15,-2.57,2.21,12.506,0.0,0.0,-0.0,0.0,0.0,0.0,13.19,12.28,11.65,12.91
1878,31.3,13.0,56.976,0.003,1.1292,6.38,-2.72,1.99,12.255,0.0,0.0,-0.0,0.0,0.0,0.0,13.05,13.01,13.07,9.89
1879,31.3167,13.0,57.001,0.001,1.1292,6.32,-2.69,1.69,11.223,0.0,0.0,-0.0,0.0,0.0,0.0,13.12,9.38,9.29,13.11
1880,31.3333,13.0,57.028,0.001,1.1288,6.3,-2.79,1.5,10.419,0.0,0.0,-0.0,0.0,0.0,0.0,12.93,9.33,8.34,11.09
1881,31.35,13.0,57.054,0.004,1.1312,6.17,-2.79,1.56,12.995,0.0,0.0,-0.0,0.0,0.0,0.0,12.99,13.0,13.0,12.98
1882,31.3667,13.0,57.08,0.006,1.1313,6.09,-2.93,1.65,11.938,0.0,0.0,-0.0,0.0,0.0,0.0,12.93,8.8,13.04,12.99
1883,31.3833,13.0,57.107,0.008,1.1309,6.37,-2.89,1.77,12.996,0.0,0.0,-0.0,0.0,0.0,0.0,12.99,13.0,12.99,13.0
1884,31.4,13.0,57.134,0.009,1.129,6.53,-2.98,1.87,12.633,0.0,0.0,-0.0,0.0,0.0,0.0,13.08,14.59,9.71,13.15
1885,31.4167,13.0,57.161,0.008,1.1314,6.69,-2.98,1.32,12.929,0.0,0.0,-0.0,0.0,0.0,0.0,12.94,12.89,12.92,12.97
1886,31.4333,13.0,57.188,0.007,1.1311,6.86,-3.18,0.83,12.992,0.0,0.0,-0.0,0.0,0.0,0.0,12.99,12.97,12.98,13.03
1887,31.45,13.0,57.216,0.006,1.1297,6.68,-3.21,0.4,11.956,0.0,0.0,-0.0,0.0,0.0,0.0,13.02,13.02,13.04,8.73
1888,31.4667,13.0,57.242,0.007,1.1305,5.84,-3.45,-0.19,14.227,0.0,0.0,-0.0,0.0,0.0,0.0,12.64,13.06,17.99,13.21
1889,31.4833,13.0,57.257,0.015,1.137,4.99,-4.54,-0.5,12.913,0.0,0.0,-0.0,0.0,0.0,0.0,12.94,12.83,12.89,13.0
1890,31.5,13.0,57.272,0.023,1.1405,4.36,-5.53,-0.75,12.914,0.0,0.0,-0.0,0.0,0.0,0.0,12.93,12.83,12.92,12.97
1891,31.5167,13.0,57.288,0.028,1.145,3.81,-5.83,-0.56,11.44,0.0,0.0,-0.0,0.0,0.0,0.0,12.87,7.08,12.9,12.91
1892,31.5333,13.0,57.304,0.031,1.1479,3.37,-6.15,-0.4,11.551,0.0,0.0,-0.0,0.0,0.0,0.0,12.63,7.86,12.85,12.85
1893,31.55,13.0,57.321,0.034,1.1514,3.23,-6.15,-0.17,11.333,0.0,0.0,-0.0,0.0,0.0,0.0,13.01,6.31,13.01,12.99
1894,31.5667,13.0,57.339,0.035,1.1534,3.16,-6.28,-0.03,11.575,0.0,0.0,-0.0,0.0,0.0,0.0,13.02,7.24,13.02,13.02
1895,31.5833,13.0,57.358,0.036,1.1538,3.12,-6.55,0.05,11.974,0.0,0.0,-0.0,0.0,0.0,0.0,12.94,8.72,13.1,13.14
1896,31.6,13.0,57.378,0.035,1.1548,3.31,-6.58,0.12,11.609,0.0,0.0,-0.0,0.0,0.0,0.0,13.0,7.43,13.0,13.01
1897,31.6167,13.0,57.399,0.033,1.1542,3.62,-6.69,0.12,12.323,0.0,0.0,-0.0,0.0,0.0,0.0,13.03,10.29,12.98,12.99
1898,31.6333,13.0,57.42,0.031,1.1525,3.94,-6.9,0.1,12.119,0.0,0.0,-0.0,0.0,0.0,0.0,12.77,9.64,13.01,13.06
1899,31.65,13.0,57.442,0.027,1.1509,4.56,-6.79,0.12,13.336,0.0,0.0,-0.0,0.0,0.0,0.0,12.88,14.49,13.05,12.93
1900,31.6667,13.0,57.463,0.024,1.1469,5.09,-6.86,0.13,4.902,0.0,0.0,-0.0,0.0,0.0,0.0,12.79,7.04,12.57,-12.79
1901,31.6833,13.0,57.488,0.021,1.1454,5.46,-6.96,0.04,11.716,0.0,0.0,-0.0,0.0,0.0,0.0,13.13,10.22,10.57,12.94
1902,31.7,13.0,57.513,0.021,1.1495,5.35,-7.01,-0.2,12.592,0.0,0.0,-0.0,0.0,0.0,0.0,12.95,12.98,12.95,11.49
1903,31.7167,13.0,57.539,0.021,1.1515,5.18,-7.2,-0.45,12.226,0.0,0.0,-0.0,0.0,0.0,0.0,12.97,12.96,12.96,10.01
1904,31.7333,13.0,57.565,0.021,1.1519,4.85,-7.39,-0.72,12.975,0.0,0.0,-0.0,0.0,0.0,0.0,12.97,12.98,12.97,12.99
1905,31.75,13.0,57.591,0.021,1.1519,4.82,-7.34,-0.89,12.424,0.0,0.0,-0.0,0.0,0.0,0.0,12.96,10.29,12.99,13.45
1906,31.7667,13.0,57.618,0.019,1.1504,4.85,-7.32,-1.0,12.159,0.0,0.0,-0.0,0.0,0.0,0.0,12.66,10.31,12.88,12.79
1907,31.7833,13.0,57.642,0.018,1.1531,4.56,-5.63,-1.37,11.397,0.0,0.0,-0.0,0.0,0.0,0.0,12.94,12.92,12.97,6.76
1908,31.8,13.0,57.667,0.017,1.1549,4.31,-4.66,-1.47,9.986,0.0,0.0,-0.0,0.0,0.0,0.0,13.1,13.08,5.03,8.74
1909,31.8167,13.0,57.692,0.019,1.1578,3.84,-4.22,-1.4,15.027,0.0,0.0,-0.0,0.0,0.0,0.0,13.25,13.21,14.77,18.87
1910,31.8333,13.0,57.717,0.022,1.1579,3.6,-3.85,-1.43,12.956,0.0,0.0,-0.0,0.0,0.0,0.0,12.93,12.96,12.97,12.97
1911,31.85,13.0,57.736,0.027,1.1597,2.71,-4.16,-1.8,11.613,0.0,0.0,-0.0,0.0,0.0,0.0,13.09,13.05,7.31,13.0
1912,31.8667,13.0,57.746,0.038,1.1654,1.84,-4.8,-2.11,12.775,0.0,0.0,-0.0,0.0,0.0,0.0,12.89,12.27,12.93,13.02
1913,31.8833,13.0,57.756,0.047,1.1702,0.9,-5.19,-2.05,9.925,0.0,0.0,-0.0,0.0,0.0,0.0,13.2,0.47,12.97,13.06
1914,31.9,13.0,57.768,0.053,1.1751,0.06,-5.47,-1.86,11.031,0.0,0.0,-0.0,0.0,0.0,0.0,12.73,5.4,12.93,13.06
1915,31.9167,13.0,57.781,0.058,1.1802,-0.46,-5.6,-1.65,11.025,0.0,0.0,-0.0,0.0,0.0,0.0,12.98,5.2,12.95,12.97
1916,31.9333,13.0,57.795,0.061,1.1849,-0.75,-5.7,-1.43,11.189,0.0,0.0,-0.0,0.0,0.0,0.0,12.98,5.83,12.97,12.98
1917,31.95,13.0,57.811,0.063,1.1881,-0.94,-5.99,-1.26,11.964,0.0,0.0,-0.0,0.0,0.0,0.0,12.98,8.95,12.95,12.98
1918,31.9667,13.0,57.827,0.065,1.1896,-1.05,-6.4,-1.12,10.558,0.0,0.0,-0.0,0.0,0.0,0.0,13.36,3.04,12.92,12.92
1919,31.9833,13.0,57.844,0.065,1.1917,-0.89,-6.61,-0.91,11.483,0.0,0.0,-0.0,0.0,0.0,0.0,12.99,6.96,12.99,12.99
1920,32.0,13.0,57.862,0.063,1.1925,-0.6,-6.93,-0.73,11.788,0.0,0.0,-0.0,0.0,0.0,0.0,13.01,8.13,13.01,13.0
1921,32.0167,13.0,57.881,0.061,1.1921,-0.2,-7.3,-0.6,11.668,0.0,0.0,-0.0,0.0,0.0,0.0,12.92,7.69,13.04,13.02
1922,32.0333,13.0,57.9,0.059,1.1914,0.37,-7.48,-0.48,11.548,0.0,0.0,-0.0,0.0,0.0,0.0,12.89,7.23,13.04,13.03
1923,32.05,13.0,57.92,0.055,1.1886,0.89,-7.81,-0.4,14.245,0.0,0.0,-0.0,0.0,0.0,0.0,13.05,17.94,13.0,12.99
1924,32.0667,13.0,57.941,0.051,1.186,1.75,-7.89,-0.41,11.779,0.0,0.0,-0.0,0.0,0.0,0.0,12.95,8.22,13.0,12.94
1925,32.0833,13.0,57.963,0.046,1.1856,2.42,-8.41,-0.43,9.486,0.0,0.0,-0.0,0.0,0.0,0.0,12.51,9.69,17.35,-1.59
1926,32.1,13.0,57.987,0.044,1.186,2.81,-8.84,-0.45,15.249,0.0,0.0,-0.0,0.0,0.0,0.0,12.73,11.01,9.26,28.0
1927,32.1167,13.0,58.011,0.041,1.1916,2.88,-8.86,-0.68,12.192,0.0,0.0,-0.0,0.0,0.0,0.0,12.95,12.95,12.99,9.87
1928,32.1333,13.0,58.035,0.037,1.1943,3.02,-9.21,-0.9,11.272,0.0,0.0,-0.0,0.0,0.0,0.0,12.98,12.97,12.99,6.15
1929,32.15,13.0,58.059,0.035,1.1967,2.94,-9.47,-1.18,12.26,0.0,0.0,-0.0,0.0,0.0,0.0,12.95,12.96,12.97,10.16
1930,32.1667,13.0,58.085,0.034,1.1974,2.76,-9.78,-1.48,12.978,0.0,0.0,-0.0,0.0,0.0,0.0,12.97,12.98,12.98,12.98
1931,32.1833,13.0,58.107,0.033,1.1984,2.0,-9.1,-2.26,11.166,0.0,0.0,-0.0,0.0,0.0,0.0,12.96,12.96,12.97,5.77
1932,32.2,13.0,58.129,0.033,1.1998,1.43,-8.15,-2.84,14.991,0.0,0.0,-0.0,0.0,0.0,0.0,13.02,6.76,12.91,27.27
1933,32.2167,13.0,58.151,0.032,1.2016,1.11,-7.14,-3.08,10.994,0.0,0.0,-0.0,0.0,0.0,0.0,12.88,14.06,13.34,3.69
1934,32.2333,13.0,58.174,0.031,1.2027,0.72,-6.35,-3.29,9.279,0.0,0.0,-0.0,0.0,0.0,0.0,12.92,4.02,12.94,7.24
1935,32.25,13.0,58.198,0.03,1.2035,0.43,-5.74,-3.45,10.891,0.0,0.0,-0.0,0.0,0.0,0.0,12.99,5.0,12.9,12.67
1936,32.2667,13.0,58.223,0.03,1.2032,0.12,-5.37,-3.61,11.967,0.0,0.0,-0.0,0.0,0.0,0.0,12.92,12.94,12.97,9.04
1937,32.2833,13.0,58.248,0.029,1.2015,-0.2,-5.11,-3.73,12.177,0.0,0.0,-0.0,0.0,0.0,0.0,12.91,9.88,12.98,12.94
1938,32.3,13.0,58.265,0.03,1.2105,-1.16,-5.58,-4.32,12.749,0.0,0.0,-0.0,0.0,0.0,0.0,13.06,13.54,11.37,13.02
1939,32.3167,13.0,58.279,0.034,1.2193,-1.79,-6.29,-4.32,11.35,0.0,0.0,-0.0,0.0,0.0,0.0,12.89,6.47,13.07,12.97
1940,32.3333,13.0,58.295,0.036,1.2279,-2.25,-6.85,-4.21,12.407,0.0,0.0,-0.0,0.0,0.0,0.0,12.98,10.66,13.03,12.96
1941,32.35,13.0,58.311,0.038,1.234,-2.65,-7.52,-4.11,12.958,0.0,0.0,-0.0,0.0,0.0,0.0,12.97,12.9,13.0,12.96
1942,32.3667,13.0,58.328,0.038,1.2395,-2.8,-7.94,-3.89,11.649,0.0,0.0,-0.0,0.0,0.0,0.0,12.97,7.69,12.97,12.96
1943,32.3833,13.0,58.345,0.039,1.2431,-2.86,-8.5,-3.69,10.895,0.0,0.0,-0.0,0.0,0.0,0.0,12.96,4.67,12.97,12.98
1944,32.4,13.0,58.363,0.038,1.2452,-2.88,-9.17,-3.54,13.032,0.0,0.0,-0.0,0.0,0.0,0.0,12.96,13.17,12.83,13.17
1945,32.4167,13.0,58.381,0.035,1.2478,-2.58,-9.4,-3.23,11.797,0.0,0.0,-0.0,0.0,0.0,0.0,12.96,8.32,12.95,12.97
1946,32.4333,13.0,58.4,0.033,1.2475,-2.31,-9.91,-3.03,12.536,0.0,0.0,-0.0,0.0,0.0,0.0,12.97,11.23,12.97,12.98
1947,32.45,13.0,58.419,0.029,1.2473,-1.74,-10.14,-2.77,11.708,0.0,0.0,-0.0,0.0,0.0,0.0,12.96,7.9,12.98,12.99
1948,32.4667,13.0,58.439,0.025,1.2454,-1.14,-10.52,-2.63,11.684,0.0,0.0,-0.0,0.0,0.0,0.0,12.87,7.97,12.93,12.96
1949,32.4833,13.0,58.46,0.019,1.2427,-0.49,-10.88,-2.53,11.896,0.0,0.0,-0.0,0.0,0.0,0.0,12.95,8.44,13.13,13.06
1950,32.5,13.0,58.481,0.014,1.2417,0.18,-10.65,-2.5,11.516,0.0,0.0,-0.0,0.0,0.0,0.0,13.05,13.05,13.07,6.9
1951,32.5167,13.0,58.503,0.009,1.24,0.5,-10.4,-2.53,12.975,0.0,0.0,-0.0,0.0,0.0,0.0,12.98,12.94,12.99,12.99
1952,32.5333,13.0,58.525,0.006,1.2384,0.52,-9.89,-2.75,11.478,0.0,0.0,-0.0,0.0,0.0,0.0,13.0,13.0,13.02,6.89
1953,32.55,13.0,58.548,0.004,1.2354,0.41,-9.61,-2.9,11.89,0.0,0.0,-0.0,0.0,0.0,0.0,12.98,13.0,13.01,8.56
1954,32.5667,13.0,58.572,0.004,1.2324,0.12,-9.43,-2.98,10.678,0.0,0.0,-0.0,0.0,0.0,0.0,13.13,13.15,6.61,9.82
1955,32.5833,13.0,58.595,0.005,1.235,-0.1,-8.76,-2.53,11.555,0.0,0.0,-0.0,0.0,0.0,0.0,13.23,6.08,13.74,13.17
1956,32.6,13.0,58.614,0.006,1.2416,-0.76,-7.56,-2.46,9.615,0.0,0.0,-0.0,0.0,0.0,0.0,13.06,12.94,3.88,8.58
1957,32.6167,13.0,58.634,0.009,1.2477,-1.27,-6.78,-2.38,15.65,0.0,0.0,-0.0,0.0,0.0,0.0,13.27,20.15,13.07,16.11
1958,32.6333,13.0,58.655,0.011,1.2536,-1.54,-6.14,-2.35,12.232,0.0,0.0,-0.0,0.0,0.0,0.0,12.86,7.45,13.43,15.19
1959,32.65,13.0,58.677,0.014,1.258,-2.0,-5.72,-2.26,16.238,0.0,0.0,-0.0,0.0,0.0,0.0,13.26,28.1,13.07,10.53
1960,32.6667,13.0,58.699,0.016,1.2603,-2.55,-5.55,-2.14,16.257,0.0,0.0,-0.0,0.0,0.0,0.0,13.3,13.38,13.24,25.11
1961,32.6833,13.0,58.721,0.018,1.2612,-2.81,-5.42,-1.92,11.615,0.0,0.0,-0.0,0.0,0.0,0.0,13.04,7.37,13.03,13.03
1962,32.7,13.0,58.743,0.019,1.2613,-2.84,-5.3,-1.66,11.331,0.0,0.0,-0.0,0.0,0.0,0.0,13.0,6.31,13.01,13.01
1963,32.7167,13.0,58.767,0.02,1.2602,-2.89,-5.27,-1.42,12.168,0.0,0.0,-0.0,0.0,0.0,0.0,13.01,13.01,13.0,9.65
1964,32.7333,13.0,58.791,0.021,1.2595,-2.95,-5.0,-1.23,11.916,0.0,0.0,-0.0,0.0,0.0,0.0,13.0,8.65,13.0,13.01
1965,32.75,13.0,58.816,0.022,1.262,-3.1,-5.48,-1.18,12.877,0.0,0.0,-0.0,0.0,0.0,0.0,13.01,11.98,13.51,13.01
1966,32.7667,13.0,58.841,0.022,1.2668,-2.96,-5.84,-0.93,12.587,0.0,0.0,-0.0,0.0,0.0,0.0,12.98,11.33,13.03,13.01
1967,32.7833,13.0,58.867,0.021,1.2695,-2.75,-6.33,-0.71,12.169,0.0,0.0,-0.0,0.0,0.0,0.0,12.57,12.58,12.62,10.9
1968,32.8,13.0,58.892,0.021,1.271,-2.66,-6.66,-0.58,11.985,0.0,0.0,-0.0,0.0,0.0,0.0,12.84,8.91,13.06,13.12
1969,32.8167,13.0,58.918,0.021,1.2723,-2.65,-6.75,-0.5,12.676,0.0,0.0,-0.0,0.0,0.0,0.0,12.98,12.99,12.99,11.75
1970,32.8333,13.0,58.945,0.022,1.2723,-2.64,-6.89,-0.4,12.188,0.0,0.0,-0.0,0.0,0.0,0.0,12.84,9.91,13.0,13.01
1971,32.85,13.0,58.972,0.021,1.2729,-2.54,-6.71,-0.24,12.591,0.0,0.0,-0.0,0.0,0.0,0.0,12.98,12.98,12.98,11.43
1972,32.8667,13.0,58.999,0.022,1.2716,-2.52,-6.65,-0.07,12.997,0.0,0.0,-0.0,0.0,0.0,0.0,12.99,13.0,13.0,13.0
1973,32.8833,13.0,59.027,0.023,1.2695,-2.62,-6.45,-0.0,12.539,0.0,0.0,-0.0,0.0,0.0,0.0,12.98,12.99,12.98,11.2
1974,32.9,13.0,59.056,0.024,1.2671,-2.69,-6.14,0.11,12.235,0.0,0.0,-0.0,0.0,0.0,0.0,13.07,9.85,13.01,13.01
1975,32.9167,13.0,59.086,0.025,1.2651,-2.86,-5.96,0.11,13.143,0.0,0.0,-0.0,0.0,0.0,0.0,12.97,12.97,13.43,13.2
1976,32.9333,13.0,59.112,0.026,1.2664,-4.05,-4.65,-0.43,13.283,0.0,0.0,-0.0,0.0,0.0,0.0,13.14,19.11,13.07,7.81
1977,32.95,13.0,59.137,0.031,1.2695,-5.06,-3.55,-0.8,7.591,0.0,0.0,-0.0,0.0,0.0,0.0,12.61,-5.61,11.31,12.06
1978,32.9667,13.0,59.159,0.04,1.2782,-5.14,-2.6,-0.51,12.923,0.0,0.0,-0.0,0.0,0.0,0.0,12.83,12.76,13.02,13.08
1979,32.9833,13.0,59.182,0.05,1.2843,-5.23,-2.05,-0.28,12.954,0.0,0.0,-0.0,0.0,0.0,0.0,12.89,12.89,13.0,13.04
1980,33.0,13.0,59.204,0.059,1.2877,-5.33,-1.76,-0.07,12.979,0.0,0.0,-0.0,0.0,0.0,0.0,12.94,12.95,13.0,13.02
1981,33.0167,13.0,59.226,0.069,1.2886,-5.45,-1.68,0.15,12.997,0.0,0.0,-0.0,0.0,0.0,0.0,12.99,12.99,13.0,13.01
1982,33.0333,13.0,59.249,0.078,1.2867,-5.61,-1.77,0.4,11.336,0.0,0.0,-0.0,0.0,0.0,0.0,12.98,12.97,12.92,6.48
1983,33.05,13.0,59.272,0.086,1.2852,-5.89,-1.48,1.02,11.193,0.0,0.0,-0.0,0.0,0.0,0.0,12.96,5.92,12.95,12.94
1984,33.0667,13.0,59.296,0.091,1.2835,-5.95,-1.13,1.62,11.458,0.0,0.0,-0.0,0.0,0.0,0.0,12.95,7.0,12.95,12.93
1985,33.0833,13.0,59.32,0.097,1.2797,-5.97,-1.01,2.13,3.528,0.0,0.0,-0.0,0.0,0.0,0.0,12.89,-24.53,12.89,12.86
1986,33.1,13.0,59.347,0.098,1.2813,-5.94,-0.69,2.12,11.851,0.0,0.0,-0.0,0.0,0.0,0.0,12.96,11.31,10.16,12.98
1987,33.1167,13.0,59.375,0.1,1.2812,-6.02,-0.69,1.99,12.991,0.0,0.0,-0.0,0.0,0.0,0.0,13.0,12.98,12.99,12.99
1988,33.1333,13.0,59.403,0.1,1.2812,-5.95,-0.69,1.87,12.378,0.0,0.0,-0.0,0.0,0.0,0.0,13.2,10.58,12.67,13.06
1989,33.15,13.0,59.431,0.101,1.2822,-5.82,-0.99,1.79,12.998,0.0,0.0,-0.0,0.0,0.0,0.0,13.0,13.0,13.0,13.0
1990,33.1667,13.0,59.46,0.101,1.2818,-5.49,-1.16,1.84,12.65,0.0,0.0,-0.0,0.0,0.0,0.0,13.04,11.49,13.04,13.03
1991,33.1833,13.0,59.489,0.101,1.2797,-5.13,-1.38,1.93,11.926,0.0,0.0,-0.0,0.0,0.0,0.0,13.08,13.07,10.17,11.38
1992,33.2,13.0,59.518,0.102,1.2809,-5.24,-1.24,1.8,12.379,0.0,0.0,-0.0,0.0,0.0,0.0,12.93,11.68,12.03,12.88
1993,33.2167,13.0,59.548,0.103,1.2801,-5.05,-1.39,1.86,11.73,0.0,0.0,-0.0,0.0,0.0,0.0,12.9,12.82,8.67,12.53
1994,33.2333,13.0,59.578,0.104,1.2809,-5.4,-1.18,1.42,12.803,0.0,0.0,-0.0,0.0,0.0,0.0,12.95,12.35,12.96,12.96
1995,33.25,13.0,59.608,0.106,1.2799,-5.63,-1.26,1.27,12.484,0.0,0.0,-0.0,0.0,0.0,0.0,12.9,12.93,11.39,12.71
1996,33.2667,13.0,59.638,0.11,1.2813,-5.74,-1.09,1.49,12.763,0.0,0.0,-0.0,0.0,0.0,0.0,13.03,11.95,13.04,13.04
1997,33.2833,13.0,59.669,0.114,1.2814,-5.7,-0.92,1.79,11.091,0.0,0.0,-0.0,0.0,0.0,0.0,12.96,10.42,8.21,12.77
1998,33.3,13.0,59.699,0.117,1.2835,-6.12,-0.14,1.62,12.555,0.0,0.0,-0.0,0.0,0.0,0.0,13.03,13.02,13.03,11.14
1999,33.3167,13.0,59.729,0.121,1.2837,-6.44,0.16,1.46,15.352,0.0,0.0,-0.0,0.0,0.0,0.0,12.76,12.67,23.08,12.9
2000,33.3333,13.0,59.76,0.125,1.2826,-6.39,-0.11,1.24,12.242,0.0,0.0,-0.0,0.0,0.0,0.0,12.76,12.75,12.78,10.68
2001,33.35,13.0,59.791,0.128,1.2816,-6.49,0.18,1.26,12.441,0.0,0.0,-0.0,0.0,0.0,0.0,12.91,10.97,12.95,12.94
2002,33.3667,13.0,59.822,0.13,1.2789,-6.38,0.37,1.41,12.989,0.0,0.0,-0.0,0.0,0.0,0.0,12.99,12.99,12.99,12.99
2003,33.3833,13.0,59.854,0.133,1.2757,-6.45,0.84,1.45,12.552,0.0,0.0,-0.0,0.0,0.0,0.0,13.03,12.21,13.0,11.97
2004,33.4,13.0,59.886,0.135,1.272,-6.47,1.36,1.52,12.8,0.0,0.0,-0.0,0.0,0.0,0.0,12.99,12.97,13.0,12.24
2005,33.4167,13.0,59.919,0.137,1.268,-6.51,1.84,1.45,14.081,0.0,0.0,-0.0,0.0,0.0,0.0,16.01,14.26,13.16,12.91
2006,33.4333,13.0,59.952,0.135,1.2702,-6.38,1.77,1.1,14.287,0.0,0.0,-0.0,0.0,0.0,0.0,17.49,12.97,13.23,13.45
2007,33.45,13.0,59.984,0.137,1.2738,-6.13,1.67,1.18,12.996,0.0,0.0,-0.0,0.0,0.0,0.0,13.0,12.98,13.0,13.0
2008,33.4667,13.0,60.016,0.138,1.2749,-5.96,1.47,1.21,12.981,0.0,0.0,-0.0,0.0,0.0,0.0,13.09,13.09,13.09,12.65
2009,33.4833,13.0,60.047,0.139,1.2744,-6.02,1.51,1.0,12.999,0.0,0.0,-0.0,0.0,0.0,0.0,13.0,13.0,13.0,13.0
2010,33.5,13.0,60.079,0.14,1.2715,-6.22,1.44,0.82,12.742,0.0,0.0,-0.0,0.0,0.0,0.0,13.01,13.01,13.03,11.93
2011,33.5167,13.0,60.11,0.142,1.2677,-6.52,1.61,0.63,10.28,0.0,0.0,-0.0,0.0,0.0,0.0,13.19,11.71,3.67,12.55
2012,33.5333,13.0,60.142,0.142,1.2692,-6.43,1.75,0.49,12.753,0.0,0.0,-0.0,0.0,0.0,0.0,11.86,13.06,13.07,13.02
2013,33.55,13.0,60.173,0.142,1.2695,-6.37,1.57,0.43,13.814,0.0,0.0,-0.0,0.0,0.0,0.0,15.61,12.88,13.85,12.92
2014,33.5667,13.0,60.204,0.142,1.271,-6.18,1.3,0.4,12.249,0.0,0.0,-0.0,0.0,0.0,0.0,13.16,10.01,13.11,12.72
2015,33.5833,13.0,60.234,0.143,1.2717,-6.41,1.32,0.15,12.622,0.0,0.0,-0.0,0.0,0.0,0.0,13.03,13.03,13.03,11.4
2016,33.6,13.0,60.265,0.144,1.2713,-6.55,1.45,0.01,12.717,0.0,0.0,-0.0,0.0,0.0,0.0,12.98,11.88,13.0,13.01
2017,33.6167,13.0,60.295,0.145,1.2689,-6.61,1.55,-0.03,12.999,0.0,0.0,-0.0,0.0,0.0,0.0,13.0,13.0,13.0,13.0
2018,33.6333,13.0,60.326,0.145,1.2659,-6.38,1.87,0.1,12.765,0.0,0.0,-0.0,0.0,0.0,0.0,13.07,11.88,13.06,13.06
2019,33.65,13.0,60.358,0.146,1.2627,-6.3,2.45,0.13,12.174,0.0,0.0,-0.0,0.0,0.0,0.0,13.06,11.14,13.05,11.45
2020,33.6667,13.0,60.39,0.147,1.2589,-6.17,3.01,0.17,12.414,0.0,0.0,-0.0,0.0,0.0,0.0,12.98,12.99,12.98,10.71
2021,33.6833,13.0,60.422,0.149,1.2543,-6.3,3.62,0.05,12.922,0.0,0.0,-0.0,0.0,0.0,0.0,12.9,12.93,12.93,12.92
2022,33.7,13.0,60.455,0.15,1.2477,-6.53,4.11,-0.0,12.868,0.0,0.0,-0.0,0.0,0.0,0.0,12.92,13.78,12.89,11.89
2023,33.7167,13.0,60.488,0.152,1.2426,-6.52,5.09,0.02,12.326,0.0,0.0,-0.0,0.0,0.0,0.0,12.89,10.51,12.96,12.94
2024,33.7333,13.0,60.52,0.15,1.242,-6.32,4.94,-0.09,12.465,0.0,0.0,-0.0,0.0,0.0,0.0,10.49,12.61,12.45,14.31
2025,33.75,13.0,60.551,0.151,1.2437,-6.04,5.15,-0.28,12.994,0.0,0.0,-0.0,0.0,0.0,0.0,12.99,12.96,12.99,13.03
2026,33.7667,13.0,60.582,0.151,1.243,-5.96,5.21,-0.37,12.637,0.0,0.0,-0.0,0.0,0.0,0.0,12.89,12.87,12.93,11.85
2027,33.7833,13.0,60.613,0.151,1.2407,-6.06,5.1,-0.3,13.647,0.0,0.0,-0.0,0.0,0.0,0.0,15.38,13.08,13.07,13.05
2028,33.8,13.0,60.643,0.151,1.2413,-6.31,5.02,-0.6,12.643,0.0,0.0,-0.0,0.0,0.0,0.0,12.95,12.99,13.03,11.6
2029,33.8167,13.0,60.673,0.151,1.2413,-6.27,4.94,-0.68,13.588,0.0,0.0,-0.0,0.0,0.0,0.0,15.11,13.33,12.94,12.97
2030,33.8333,13.0,60.703,0.149,1.2419,-5.96,4.44,-0.58,12.969,0.0,0.0,-0.0,0.0,0.0,0.0,12.93,12.98,12.99,12.98
2031,33.85,13.0,60.733,0.147,1.2397,-5.67,3.82,-0.49,12.963,0.0,0.0,-0.0,0.0,0.0,0.0,12.92,12.98,12.98,12.97
2032,33.8667,13.0,60.762,0.146,1.2349,-5.42,3.12,-0.41,12.956,0.0,0.0,-0.0,0.0,0.0,0.0,12.93,12.98,12.97,12.95
2033,33.8833,13.0,60.792,0.146,1.2313,-5.97,3.42,-0.91,12.107,0.0,0.0,-0.0,0.0,0.0,0.0,12.92,12.96,12.95,9.59
2034,33.9,13.0,60.821,0.146,1.2266,-6.36,3.83,-1.29,12.263,0.0,0.0,-0.0,0.0,0.0,0.0,12.96,10.18,12.95,12.96
2035,33.9167,13.0,60.85,0.146,1.2214,-6.43,4.36,-1.44,12.897,0.0,0.0,-0.0,0.0,0.0,0.0,12.92,12.84,12.92,12.91
2036,33.9333,13.0,60.879,0.145,1.2156,-6.24,5.04,-1.4,11.148,0.0,0.0,-0.0,0.0,0.0,0.0,12.95,8.84,13.02,9.79
2037,33.95,13.0,60.909,0.144,1.2085,-6.1,5.55,-1.34,12.943,0.0,0.0,-0.0,0.0,0.0,0.0,12.93,12.89,12.96,12.98
2038,33.9667,13.0,60.94,0.143,1.2015,-5.73,6.34,-1.22,12.176,0.0,0.0,-0.0,0.0,0.0,0.0,12.96,10.65,12.98,12.11
2039,33.9833,13.0,60.971,0.142,1.1925,-5.27,6.8,-1.16,12.839,0.0,0.0,-0.0,0.0,0.0,0.0,12.93,12.92,12.95,12.56
2040,34.0,13.0,61.003,0.14,1.1836,-4.57,7.57,-0.85,12.008,0.0,0.0,-0.0,0.0,0.0,0.0,12.94,11.36,12.95,10.78
2041,34.0167,13.0,61.036,0.137,1.1778,-4.26,8.26,-0.92,11.68,0.0,0.0,-0.0,0.0,0.0,0.0,10.15,12.91,12.16,11.49
2042,34.0333,13.0,61.068,0.138,1.1798,-4.36,7.76,-0.94,14.043,0.0,0.0,-0.0,0.0,0.0,0.0,12.64,19.09,12.68,11.76
2043,34.05,13.0,61.1,0.137,1.181,-4.38,7.74,-0.9,13.007,0.0,0.0,-0.0,0.0,0.0,0.0,12.91,12.91,12.92,13.29
2044,34.0667,13.0,61.131,0.137,1.1802,-4.35,7.75,-1.05,13.001,0.0,0.0,-0.0,0.0,0.0,0.0,13.0,13.0,13.0,13.0
2045,34.0833,13.0,61.162,0.137,1.1799,-4.4,7.98,-1.1,13.189,0.0,0.0,-0.0,0.0,0.0,0.0,13.36,12.93,13.37,13.1
2046,34.1,13.0,61.193,0.138,1.1837,-4.35,7.83,-1.14,12.999,0.0,0.0,-0.0,0.0,0.0,0.0,13.0,13.0,13.0,13.0
2047,34.1167,13.0,61.224,0.138,1.1848,-4.3,7.49,-1.13,12.998,0.0,0.0,-0.0,0.0,0.0,0.0,13.0,13.0,13.0,13.0
2048,34.1333,13.0,61.255,0.139,1.1832,-4.24,6.97,-1.1,12.998,0.0,0.0,-0.0,0.0,0.0,0.0,13.0,13.0,13.0,13.0
2049,34.15,13.0,61.286,0.14,1.1789,-4.18,6.33,-1.04,12.985,0.0,0.0,-0.0,0.0,0.0,0.0,12.99,12.99,12.98,12.98
2050,34.1667,13.0,61.317,0.14,1.172,-4.11,5.61,-0.96,12.972,0.0,0.0,-0.0,0.0,0.0,0.0,12.97,12.97,12.98,12.97
2051,34.1833,13.0,61.348,0.141,1.1623,-4.02,4.83,-0.86,12.965,0.0,0.0,-0.0,0.0,0.0,0.0,12.96,12.95,12.98,12.97
2052,34.2,13.0,61.379,0.141,1.1499,-3.92,4.01,-0.77,12.961,0.0,0.0,-0.0,0.0,0.0,0.0,12.95,12.94,12.98,12.97
2053,34.2167,13.0,61.41,0.141,1.1436,-3.51,5.22,-0.44,11.32,0.0,0.0,-0.0,0.0,0.0,0.0,12.94,11.92,12.9,7.53
2054,34.2333,13.0,61.442,0.143,1.1366,-3.64,6.4,-0.41,12.623,0.0,0.0,-0.0,0.0,0.0,0.0,12.99,12.94,13.06,11.5
2055,34.25,13.0,61.475,0.144,1.1279,-3.63,7.23,-0.33,12.263,0.0,0.0,-0.0,0.0,0.0,0.0,12.92,10.11,13.02,13.01
2056,34.2667,13.0,61.508,0.145,1.12,-3.73,8.37,-0.34,12.508,0.0,0.0,-0.0,0.0,0.0,0.0,12.89,12.88,12.97,11.29
2057,34.2833,13.0,61.541,0.142,1.1166,-3.39,8.35,-0.46,12.573,0.0,0.0,-0.0,0.0,0.0,0.0,14.87,9.0,12.86,13.56
2058,34.3,13.0,61.573,0.14,1.1197,-3.07,8.75,-0.47,13.039,0.0,0.0,-0.0,0.0,0.0,0.0,13.33,13.0,13.03,12.79
2059,34.3167,13.0,61.604,0.139,1.122,-2.74,8.41,-0.37,13.031,0.0,0.0,-0.0,0.0,0.0,0.0,12.93,12.94,13.3,12.95
2060,34.3333,13.0,61.636,0.138,1.1244,-2.75,8.38,-0.46,13.101,0.0,0.0,-0.0,0.0,0.0,0.0,12.95,12.99,13.13,13.34
2061,34.35,13.0,61.667,0.139,1.1242,-2.66,8.14,-0.5,12.997,0.0,0.0,-0.0,0.0,0.0,0.0,12.99,13.0,13.0,13.0
2062,34.3667,13.0,61.698,0.14,1.1234,-2.83,8.28,-0.57,12.874,0.0,0.0,-0.0,0.0,0.0,0.0,13.01,13.01,13.06,12.42
2063,34.3833,13.0,61.73,0.141,1.1201,-2.94,8.2,-0.6,12.999,0.0,0.0,-0.0,0.0,0.0,0.0,13.0,13.0,13.0,13.0
2064,34.4,13.0,61.761,0.142,1.1146,-3.16,7.83,-0.6,12.993,0.0,0.0,-0.0,0.0,0.0,0.0,13.0,13.0,12.97,13.0
2065,34.4167,13.0,61.793,0.144,1.1059,-3.31,7.37,-0.63,12.996,0.0,0.0,-0.0,0.0,0.0,0.0,13.0,13.0,12.99,13.0
2066,34.4333,13.0,61.824,0.143,1.098,-3.19,6.35,-0.8,10.179,0.0,0.0,-0.0,0.0,0.0,0.0,4.03,12.85,10.93,12.9
2067,34.45,13.0,61.854,0.143,1.0867,-3.18,5.55,-0.84,12.954,0.0,0.0,-0.0,0.0,0.0,0.0,12.9,12.94,12.99,12.98
2068,34.4667,13.0,61.884,0.142,1.0727,-3.2,4.72,-0.87,12.954,0.0,0.0,-0.0,0.0,0.0,0.0,12.92,12.93,12.99,12.98
2069,34.4833,13.0,61.914,0.142,1.0634,-3.5,5.68,-1.12,11.43,0.0,0.0,-0.0,0.0,0.0,0.0,12.79,10.89,13.05,8.99
2070,34.5,13.0,61.946,0.142,1.065,-3.5,6.35,-1.22,14.747,0.0,0.0,-0.0,0.0,0.0,0.0,16.74,11.64,17.32,13.29
2071,34.5167,13.0,61.974,0.144,1.067,-3.81,5.9,-1.22,13.173,0.0,0.0,-0.0,0.0,0.0,0.0,13.67,12.98,13.02,13.03
2072,34.5333,13.0,62.003,0.144,1.0691,-3.66,5.84,-1.03,12.848,0.0,0.0,-0.0,0.0,0.0,0.0,12.99,12.32,13.03,13.04
2073,34.55,13.0,62.032,0.145,1.0682,-3.58,5.44,-0.86,13.0,0.0,0.0,-0.0,0.0,0.0,0.0,13.0,13.0,13.0,13.0
2074,34.5667,13.0,62.062,0.144,1.0675,-3.04,5.51,-0.47,12.773,0.0,0.0,-0.0,0.0,0.0,0.0,13.01,12.07,13.0,13.01
2075,34.5833,13.0,62.092,0.144,1.0661,-2.87,5.75,-0.37,12.872,0.0,0.0,-0.0,0.0,0.0,0.0,12.93,14.79,12.84,10.93
2076,34.6,13.0,62.123,0.144,1.063,-2.54,5.91,-0.07,12.981,0.0,0.0,-0.0,0.0,0.0,0.0,12.98,12.99,12.96,12.99
2077,34.6167,13.0,62.153,0.145,1.0613,-2.63,6.59,-0.16,12.463,0.0,0.0,-0.0,0.0,0.0,0.0,11.33,12.68,12.71,13.13
2078,34.6333,13.0,62.184,0.144,1.0633,-2.46,6.52,-0.21,12.973,0.0,0.0,-0.0,0.0,0.0,0.0,13.35,12.85,12.89,12.8
2079,34.65,13.0,62.216,0.144,1.0629,-2.15,6.24,-0.16,13.0,0.0,0.0,-0.0,0.0,0.0,0.0,13.0,13.0,13.0,13.0
2080,34.6667,13.0,62.247,0.144,1.0599,-1.84,5.79,-0.1,13.0,0.0,0.0,-0.0,0.0,0.0,0.0,13.0,13.0,13.01,12.99
2081,34.6833,13.0,62.278,0.144,1.0542,-1.53,5.22,-0.03,12.993,0.0,0.0,-0.0,0.0,0.0,0.0,12.98,12.99,13.01,12.99
2082,34.7,13.0,62.309,0.143,1.046,-1.4,4.51,-0.05,15.982,0.0,0.0,-0.0,0.0,0.0,0.0,12.86,12.88,25.19,13.0
2083,34.7167,13.0,62.339,0.141,1.0362,-1.72,3.71,-0.32,12.936,0.0,0.0,-0.0,0.0,0.0,0.0,12.91,12.9,12.95,12.99
2084,34.7333,13.0,62.365,0.136,1.0319,-0.73,1.92,-0.64,13.579,0.0,0.0,-0.0,0.0,0.0,0.0,15.67,12.9,12.78,12.97
2085,34.75,13.0,62.392,0.136,1.0364,-0.82,2.7,-0.64,12.555,0.0,0.0,-0.0,0.0,0.0,0.0,12.91,12.96,12.96,11.39
2086,34.7667,13.0,62.419,0.135,1.0385,-0.84,2.78,-0.82,11.955,0.0,0.0,-0.0,0.0,0.0,0.0,11.32,13.01,13.01,10.48
2087,34.7833,13.0,62.446,0.134,1.0391,-0.85,2.83,-0.97,12.999,0.0,0.0,-0.0,0.0,0.0,0.0,13.0,12.99,13.0,13.0
2088,34.8,13.0,62.474,0.133,1.0383,-0.88,2.82,-1.08,11.913,0.0,0.0,-0.0,0.0,0.0,0.0,9.57,12.74,12.75,12.6
2089,34.8167,13.0,62.501,0.134,1.0395,-0.8,2.93,-0.84,12.984,0.0,0.0,-0.0,0.0,0.0,0.0,13.0,12.98,12.98,12.98
2090,34.8333,13.0,62.529,0.135,1.0385,-0.77,2.93,-0.71,11.712,0.0,0.0,-0.0,0.0,0.0,0.0,13.22,13.21,10.04,10.39
2091,34.85,13.0,62.557,0.136,1.0382,-0.91,2.71,-0.93,13.432,0.0,0.0,-0.0,0.0,0.0,0.0,14.42,13.11,13.05,13.15
2092,34.8667,13.0,62.585,0.136,1.0387,-1.34,2.41,-1.26,12.365,0.0,0.0,-0.0,0.0,0.0,0.0,12.93,12.96,12.99,10.58
2093,34.8833,13.0,62.613,0.138,1.0398,-1.61,2.16,-1.34,12.518,0.0,0.0,-0.0,0.0,0.0,0.0,12.18,13.16,13.17,11.56
2094,34.9,13.0,62.642,0.138,1.0418,-1.92,1.67,-1.59,12.981,0.0,0.0,-0.0,0.0,0.0,0.0,12.96,12.97,13.0,12.99
2095,34.9167,13.0,62.67,0.139,1.0412,-2.26,1.08,-1.78,12.817,0.0,0.0,-0.0,0.0,0.0,0.0,12.97,12.95,13.0,12.35
2096,34.9333,13.0,62.698,0.139,1.0382,-2.8,0.49,-1.84,12.976,0.0,0.0,-0.0,0.0,0.0,0.0,12.98,12.93,12.99,13.01
2097,34.95,13.0,62.727,0.139,1.0327,-3.25,-0.19,-1.86,13.044,0.0,0.0,-0.0,0.0,0.0,0.0,13.21,12.93,13.01,13.03
2098,34.9667,13.0,62.741,0.133,1.0364,-2.25,-1.66,-1.26,12.688,0.0,0.0,-0.0,0.0,0.0,0.0,11.88,12.94,12.97,12.96
2099,34.9833,13.0,62.754,0.124,1.0383,-1.9,-2.94,-1.12,12.854,0.0,0.0,-0.0,0.0,0.0,0.0,12.82,12.87,12.87,12.85
2100,35.0,13.0,62.766,0.118,1.0407,-1.7,-3.44,-1.47,13.69,0.0,0.0,-0.0,0.0,0.0,0.0,27.47,12.61,12.65,2.03
2101,35.0167,13.0,62.78,0.114,1.0438,-1.44,-3.93,-1.77,12.252,0.0,0.0,-0.0,0.0,0.0,0.0,13.47,12.76,12.81,9.98
2102,35.0333,13.0,62.794,0.111,1.0451,-1.39,-4.35,-2.09,4.402,0.0,0.0,-0.0,0.0,0.0,0.0,4.8,12.91,12.93,-13.03
2103,35.05,13.0,62.808,0.11,1.0484,-1.33,-4.51,-2.24,10.583,0.0,0.0,-0.0,0.0,0.0,0.0,10.2,12.9,12.98,6.26
2104,35.0667,13.0,62.823,0.109,1.0509,-1.43,-4.63,-2.37,10.847,0.0,0.0,-0.0,0.0,0.0,0.0,12.96,12.97,12.97,4.49
2105,35.0833,13.0,62.837,0.11,1.0515,-1.6,-4.77,-2.56,12.997,0.0,0.0,-0.0,0.0,0.0,0.0,12.99,13.0,12.99,13.0
2106,35.1,13.0,62.852,0.11,1.05,-1.96,-5.07,-2.6,10.983,0.0,0.0,-0.0,0.0,0.0,0.0,12.8,12.81,12.82,5.49
2107,35.1167,13.0,62.867,0.112,1.0486,-2.16,-5.15,-2.79,11.932,0.0,0.0,-0.0,0.0,0.0,0.0,-2.77,28.44,13.77,8.29
2108,35.1333,13.0,62.883,0.113,1.0488,-2.14,-5.35,-2.59,9.993,0.0,0.0,-0.0,0.0,0.0,0.0,12.83,6.79,12.91,7.44
2109,35.15,13.0,62.899,0.114,1.049,-2.26,-5.27,-2.53,9.937,0.0,0.0,-0.0,0.0,0.0,0.0,7.44,13.0,13.0,6.31
2110,35.1667,13.0,62.916,0.114,1.0517,-2.64,-5.03,-2.91,10.799,0.0,0.0,-0.0,0.0,0.0,0.0,13.29,8.2,13.33,8.37
2111,35.1833,13.0,62.934,0.114,1.0518,-2.59,-5.29,-3.07,17.019,0.0,0.0,-0.0,0.0,0.0,0.0,29.2,12.97,12.96,12.96
2112,35.2,13.0,62.952,0.112,1.0514,-2.42,-5.31,-3.0,11.552,0.0,0.0,-0.0,0.0,0.0,0.0,13.01,7.19,13.01,13.01
2113,35.2167,13.0,62.971,0.111,1.0503,-2.24,-5.25,-2.9,14.198,0.0,0.0,-0.0,0.0,0.0,0.0,13.01,13.0,12.98,17.81
2114,35.2333,13.0,62.991,0.109,1.0481,-2.06,-5.17,-2.81,9.504,0.0,0.0,-0.0,0.0,0.0,0.0,12.65,10.18,12.64,2.54
2115,35.25,13.0,63.011,0.109,1.0487,-1.93,-4.9,-2.98,12.1,0.0,0.0,-0.0,0.0,0.0,0.0,13.87,12.51,12.47,9.54
2116,35.2667,13.0,63.031,0.109,1.0473,-1.94,-4.94,-3.06,11.534,0.0,0.0,-0.0,0.0,0.0,0.0,12.9,12.87,12.88,7.49
2117,35.2833,13.0,63.053,0.109,1.0491,-2.07,-5.04,-3.07,11.384,0.0,0.0,-0.0,0.0,0.0,0.0,9.48,13.0,13.0,10.06
2118,35.3,13.0,63.075,0.109,1.0499,-2.0,-5.31,-3.07,13.288,0.0,0.0,-0.0,0.0,0.0,0.0,13.14,14.36,13.07,12.59
2119,35.3167,13.0,63.096,0.108,1.051,-1.94,-5.18,-3.01,11.821,0.0,0.0,-0.0,0.0,0.0,0.0,12.97,12.97,12.98,8.36
2120,35.3333,13.0,63.118,0.108,1.05,-1.86,-5.14,-3.0,12.278,0.0,0.0,-0.0,0.0,0.0,0.0,13.02,13.01,13.02,10.06
2121,35.35,13.0,63.14,0.108,1.0486,-2.07,-5.13,-2.98,11.206,0.0,0.0,-0.0,0.0,0.0,0.0,7.13,12.74,12.74,12.21
2122,35.3667,13.0,63.163,0.108,1.0507,-1.78,-4.75,-2.63,11.462,0.0,0.0,-0.0,0.0,0.0,0.0,13.02,7.93,13.04,11.86
2123,35.3833,13.0,63.187,0.106,1.0509,-1.36,-4.63,-2.31,9.69,0.0,0.0,-0.0,0.0,0.0,0.0,13.19,19.05,13.25,-6.73
2124,35.4,13.0,63.207,0.102,1.0545,-0.56,-4.83,-1.84,12.855,0.0,0.0,-0.0,0.0,0.0,0.0,21.04,13.18,13.15,4.06
2125,35.4167,13.0,63.214,0.095,1.063,0.46,-5.13,-1.9,9.61,0.0,0.0,-0.0,0.0,0.0,0.0,13.01,13.04,12.98,-0.59
2126,35.4333,13.0,63.222,0.088,1.0703,1.15,-5.32,-2.11,10.622,0.0,0.0,-0.0,0.0,0.0,0.0,12.98,12.94,12.99,3.57
2127,35.45,13.0,63.232,0.082,1.0765,1.67,-5.58,-2.32,10.826,0.0,0.0,-0.0,0.0,0.0,0.0,12.99,12.95,13.02,4.35
2128,35.4667,13.0,63.242,0.078,1.0816,2.05,-5.93,-2.51,11.019,0.0,0.0,-0.0,0.0,0.0,0.0,12.99,12.96,13.02,5.1
2129,35.4833,13.0,63.254,0.074,1.0851,2.29,-6.38,-2.68,10.591,0.0,0.0,-0.0,0.0,0.0,0.0,12.92,12.91,12.95,3.57
2130,35.5,13.0,63.266,0.071,1.0878,2.31,-6.63,-2.97,10.947,0.0,0.0,-0.0,0.0,0.0,0.0,12.96,12.96,13.01,4.85
2131,35.5167,13.0,63.279,0.07,1.0896,2.15,-6.91,-3.26,11.076,0.0,0.0,-0.0,0.0,0.0,0.0,12.99,12.99,13.0,5.32
2132,35.5333,13.0,63.293,0.069,1.0903,1.86,-7.31,-3.49,11.328,0.0,0.0,-0.0,0.0,0.0,0.0,12.98,12.99,13.01,6.33
2133,35.55,13.0,63.308,0.069,1.0894,1.51,-7.8,-3.66,12.245,0.0,0.0,-0.0,0.0,0.0,0.0,13.1,13.11,13.12,9.65
2134,35.5667,13.0,63.325,0.071,1.0886,0.88,-8.14,-3.81,11.472,0.0,0.0,-0.0,0.0,0.0,0.0,12.94,12.95,12.94,7.05
2135,35.5833,13.0,63.342,0.073,1.0869,0.2,-8.47,-3.93,11.772,0.0,0.0,-0.0,0.0,0.0,0.0,12.98,12.99,12.98,8.13
2136,35.6,13.0,63.361,0.077,1.0845,-0.53,-8.97,-3.89,11.715,0.0,0.0,-0.0,0.0,0.0,0.0,8.54,12.89,12.91,12.52
2137,35.6167,13.0,63.381,0.08,1.0859,-1.15,-9.51,-3.76,12.808,0.0,0.0,-0.0,0.0,0.0,0.0,16.46,9.25,13.13,12.4
2138,35.6333,13.0,63.402,0.08,1.0885,-1.1,-9.64,-3.51,12.921,0.0,0.0,-0.0,0.0,0.0,0.0,13.0,12.68,13.0,13.0
2139,35.65,13.0,63.423,0.08,1.0891,-1.07,-9.95,-3.24,15.785,0.0,0.0,-0.0,0.0,0.0,0.0,13.39,28.22,12.86,8.68
2140,35.6667,13.0,63.445,0.08,1.0907,-1.01,-10.06,-3.04,14.323,0.0,0.0,-0.0,0.0,0.0,0.0,12.98,12.09,13.32,18.9
2141,35.6833,13.0,63.468,0.08,1.0915,-1.11,-10.21,-2.74,13.194,0.0,0.0,-0.0,0.0,0.0,0.0,13.02,14.7,13.8,11.26
2142,35.7,13.0,63.491,0.08,1.0922,-1.01,-10.25,-2.39,10.459,0.0,0.0,-0.0,0.0,0.0,0.0,13.07,9.46,13.08,6.23
2143,35.7167,13.0,63.516,0.081,1.0922,-0.9,-10.27,-2.09,12.211,0.0,0.0,-0.0,0.0,0.0,0.0,13.23,13.2,13.27,9.15
2144,35.7333,13.0,63.541,0.082,1.0922,-1.07,-10.08,-1.93,10.804,0.0,0.0,-0.0,0.0,0.0,0.0,12.98,4.26,13.01,12.96
2145,35.75,13.0,63.567,0.082,1.0912,-1.12,-10.1,-1.78,11.263,0.0,0.0,-0.0,0.0,0.0,0.0,12.91,10.74,13.01,8.39
2146,35.7667,13.0,63.59,0.081,1.0927,-0.14,-8.69,-0.81,11.366,0.0,0.0,-0.0,0.0,0.0,0.0,13.01,6.43,13.01,13.01
2147,35.7833,13.0,63.614,0.079,1.0927,0.77,-7.82,-0.13,11.436,0.0,0.0,-0.0,0.0,0.0,0.0,12.75,7.22,12.86,12.91
2148,35.8,13.0,63.637,0.076,1.0929,1.48,-6.74,0.36,14.67,0.0,0.0,-0.0,0.0,0.0,0.0,13.01,26.79,12.89,5.99
2149,35.8167,13.0,63.66,0.075,1.0971,1.74,-5.92,0.31,14.189,0.0,0.0,-0.0,0.0,0.0,0.0,7.53,28.03,12.7,8.49
2150,35.8333,13.0,63.683,0.074,1.1016,1.81,-5.56,0.35,12.197,0.0,0.0,-0.0,0.0,0.0,0.0,12.95,12.95,12.96,9.93
2151,35.85,13.0,63.706,0.073,1.1044,1.87,-5.34,0.35,13.344,0.0,0.0,-0.0,0.0,0.0,0.0,13.28,13.32,13.31,13.46
2152,35.8667,13.0,63.73,0.074,1.1058,1.88,-5.3,0.36,12.21,0.0,0.0,-0.0,0.0,0.0,0.0,13.02,13.02,13.02,9.79
2153,35.8833,13.0,63.745,0.072,1.1159,2.71,-6.3,0.87,12.354,0.0,0.0,-0.0,0.0,0.0,0.0,13.55,13.01,13.01,9.85
2154,35.9,13.0,63.761,0.069,1.1265,3.03,-7.15,0.69,11.909,0.0,0.0,-0.0,0.0,0.0,0.0,13.01,12.94,12.92,8.77
2155,35.9167,13.0,63.777,0.066,1.1348,3.28,-7.99,0.49,12.969,0.0,0.0,-0.0,0.0,0.0,0.0,13.0,12.94,12.98,12.95
2156,35.9333,13.0,63.793,0.063,1.1407,3.52,-8.83,0.27,11.372,0.0,0.0,-0.0,0.0,0.0,0.0,12.82,12.69,12.79,7.19
2157,35.95,13.0,63.81,0.061,1.1463,3.5,-9.53,0.03,11.942,0.0,0.0,-0.0,0.0,0.0,0.0,13.01,12.96,13.04,8.75
2158,35.9667,13.0,63.827,0.06,1.1499,3.44,-10.26,-0.2,10.9,0.0,0.0,-0.0,0.0,0.0,0.0,13.0,12.97,13.04,4.59
2159,35.9833,13.0,63.846,0.061,1.1533,3.18,-10.85,-0.45,11.874,0.0,0.0,-0.0,0.0,0.0,0.0,12.92,12.9,12.98,8.69
2160,36.0,13.0,63.865,0.062,1.1548,2.85,-11.43,-0.71,12.961,0.0,0.0,-0.0,0.0,0.0,0.0,12.96,12.94,12.99,12.96
2161,36.0167,13.0,63.884,0.063,1.1545,2.42,-11.97,-0.95,11.777,0.0,0.0,-0.0,0.0,0.0,0.0,13.03,13.02,13.06,8.0
2162,36.0333,13.0,63.903,0.065,1.1536,1.76,-12.35,-1.19,12.4,0.0,0.0,-0.0,0.0,0.0,0.0,12.94,12.95,12.96,10.75
2163,36.05,13.0,63.924,0.066,1.1539,1.47,-12.34,-1.28,11.819,0.0,0.0,-0.0,0.0,0.0,0.0,12.95,8.42,12.93,12.98
2164,36.0667,13.0,63.945,0.067,1.1536,1.32,-12.29,-1.37,11.693,0.0,0.0,-0.0,0.0,0.0,0.0,13.0,7.59,13.09,13.09
2165,36.0833,13.0,63.966,0.066,1.1534,1.38,-12.03,-1.36,13.028,0.0,0.0,-0.0,0.0,0.0,0.0,12.88,13.26,13.0,12.97
2166,36.1,13.0,63.987,0.065,1.1505,1.44,-11.94,-1.34,12.388,0.0,0.0,-0.0,0.0,0.0,0.0,13.19,10.46,12.95,12.95
2167,36.1167,13.0,64.009,0.063,1.1486,1.72,-11.63,-1.26,9.997,0.0,0.0,-0.0,0.0,0.0,0.0,12.75,8.96,12.89,5.39
2168,36.1333,13.0,64.033,0.062,1.1467,1.72,-11.45,-1.27,9.178,0.0,0.0,-0.0,0.0,0.0,0.0,13.09,-0.31,13.11,10.83
2169,36.15,13.0,64.059,0.061,1.1457,1.82,-11.23,-1.29,10.945,0.0,0.0,-0.0,0.0,0.0,0.0,12.91,9.46,12.92,8.48
2170,36.1667,13.0,64.08,0.059,1.1481,2.63,-9.34,-0.61,11.27,0.0,0.0,-0.0,0.0,0.0,0.0,12.98,6.09,13.02,12.99
2171,36.1833,13.0,64.102,0.057,1.149,3.27,-8.06,-0.1,11.236,0.0,0.0,-0.0,0.0,0.0,0.0,12.81,6.37,12.89,12.88
2172,36.2,13.0,64.123,0.054,1.149,4.05,-6.99,0.38,11.323,0.0,0.0,-0.0,0.0,0.0,0.0,12.87,6.57,12.93,12.92
2173,36.2167,13.0,64.145,0.051,1.1494,4.52,-5.77,0.65,14.574,0.0,0.0,-0.0,0.0,0.0,0.0,13.21,13.08,13.3,18.71
2174,36.2333,13.0,64.167,0.049,1.1522,4.81,-4.88,0.69,10.16,0.0,0.0,-0.0,0.0,0.0,0.0,7.01,13.4,12.88,7.35
2175,36.25,13.0,64.19,0.048,1.1554,4.98,-4.48,0.69,10.317,0.0,0.0,-0.0,0.0,0.0,0.0,8.18,12.63,12.66,7.8
2176,36.2667,13.0,64.213,0.047,1.158,5.14,-4.37,0.7,12.999,0.0,0.0,-0.0,0.0,0.0,0.0,12.99,13.0,13.0,13.0
2177,36.2833,13.0,64.237,0.047,1.1579,5.34,-4.44,0.7,8.962,0.0,0.0,-0.0,0.0,0.0,0.0,12.88,12.88,12.88,-2.79
2178,36.3,13.0,64.261,0.047,1.1577,5.27,-4.31,0.62,11.909,0.0,0.0,-0.0,0.0,0.0,0.0,12.92,12.93,12.91,8.87
2179,36.3167,13.0,64.286,0.048,1.1564,5.22,-4.37,0.52,8.186,0.0,0.0,-0.0,0.0,0.0,0.0,11.02,12.68,12.66,-3.62
2180,36.3333,13.0,64.312,0.049,1.1585,5.16,-4.39,0.49,11.349,0.0,0.0,-0.0,0.0,0.0,0.0,5.7,15.31,12.87,11.51
2181,36.35,13.0,64.339,0.05,1.1601,5.14,-4.72,0.38,12.86,0.0,0.0,-0.0,0.0,0.0,0.0,12.59,12.93,12.96,12.96
2182,36.3667,13.0,64.367,0.049,1.1622,5.1,-4.92,0.19,11.779,0.0,0.0,-0.0,0.0,0.0,0.0,13.02,11.64,13.04,9.41
2183,36.3833,13.0,64.395,0.05,1.1633,5.13,-5.14,-0.12,13.0,0.0,0.0,-0.0,0.0,0.0,0.0,13.0,13.0,13.0,13.0
2184,36.4,13.0,64.423,0.049,1.1639,5.15,-5.09,-0.24,11.66,0.0,0.0,-0.0,0.0,0.0,0.0,13.03,11.63,12.95,9.04
2185,36.4167,13.0,64.452,0.049,1.1632,5.2,-5.16,-0.59,10.184,0.0,0.0,-0.0,0.0,0.0,0.0,12.66,2.59,12.75,12.73
2186,36.4333,13.0,64.482,0.048,1.1623,5.13,-4.9,-0.75,11.842,0.0,0.0,-0.0,0.0,0.0,0.0,13.07,10.87,13.05,10.38
2187,36.45,13.0,64.512,0.047,1.1603,5.04,-4.72,-0.94,12.897,0.0,0.0,-0.0,0.0,0.0,0.0,12.56,12.99,13.02,13.01
2188,36.4667,13.0,64.542,0.046,1.1601,5.15,-4.59,-0.95,15.643,0.0,0.0,-0.0,0.0,0.0,0.0,14.46,21.64,12.73,13.75
2189,36.4833,13.0,64.571,0.046,1.1652,5.2,-5.13,-0.87,12.998,0.0,0.0,-0.0,0.0,0.0,0.0,12.99,12.99,13.0,13.0
2190,36.5,13.0,64.6,0.046,1.1681,5.12,-5.64,-0.86,12.883,0.0,0.0,-0.0,0.0,0.0,0.0,12.98,13.02,12.99,12.55
2191,36.5167,13.0,64.623,0.046,1.1735,5.91,-4.22,-0.27,11.745,0.0,0.0,-0.0,0.0,0.0,0.0,13.02,7.93,13.02,13.02
2192,36.5333,13.0,64.647,0.044,1.1772,6.38,-3.21,0.27,11.748,0.0,0.0,-0.0,0.0,0.0,0.0,12.6,8.08,13.11,13.21
2193,36.55,13.0,64.67,0.042,1.1794,6.92,-2.44,0.7,11.661,0.0,0.0,-0.0,0.0,0.0,0.0,12.68,7.5,13.2,13.27
2194,36.5667,13.0,64.694,0.04,1.1801,7.5,-1.87,1.01,9.497,0.0,0.0,-0.0,0.0,0.0,0.0,12.74,9.11,13.04,3.1
2195,36.5833,13.0,64.719,0.038,1.1801,8.06,-1.43,1.24,8.251,0.0,0.0,-0.0,0.0,0.0,0.0,12.41,19.16,13.15,-11.71
2196,36.6,13.0,64.744,0.037,1.1799,8.27,-0.89,1.31,12.933,0.0,0.0,-0.0,0.0,0.0,0.0,12.96,12.88,12.96,12.93
2197,36.6167,13.0,64.77,0.037,1.1779,8.37,-0.53,1.33,11.905,0.0,0.0,-0.0,0.0,0.0,0.0,12.91,12.88,12.91,8.93
2198,36.6333,13.0,64.796,0.038,1.1745,8.36,-0.21,1.26,12.982,0.0,0.0,-0.0,0.0,0.0,0.0,12.99,12.97,13.0,12.97
2199,36.65,13.0,64.823,0.038,1.1755,8.33,-0.22,1.15,11.866,0.0,0.0,-0.0,0.0,0.0,0.0,11.25,12.96,12.95,10.3
2200,36.6667,13.0,64.849,0.039,1.1768,8.22,-0.46,1.08,12.998,0.0,0.0,-0.0,0.0,0.0,0.0,12.99,13.0,13.0,13.0
2201,36.6833,13.0,64.876,0.04,1.1767,8.02,-0.58,0.93,12.006,0.0,0.0,-0.0,0.0,0.0,0.0,12.98,8.77,13.18,13.08
2202,36.7,13.0,64.903,0.041,1.1765,8.23,-0.45,0.88,12.991,0.0,0.0,-0.0,0.0,0.0,0.0,13.0,12.97,13.01,12.99
2203,36.7167,13.0,64.931,0.042,1.1757,8.18,-0.35,0.82,12.64,0.0,0.0,-0.0,0.0,0.0,0.0,12.04,13.0,12.94,12.58
2204,36.7333,13.0,64.958,0.043,1.1771,8.21,-0.58,0.6,12.995,0.0,0.0,-0.0,0.0,0.0,0.0,12.99,13.0,13.0,12.99
2205,36.75,13.0,64.986,0.044,1.177,7.89,-0.71,0.39,12.66,0.0,0.0,-0.0,0.0,0.0,0.0,13.06,13.06,13.07,11.44
2206,36.7667,13.0,65.015,0.045,1.1767,7.78,-0.61,0.21,12.725,0.0,0.0,-0.0,0.0,0.0,0.0,12.98,11.95,12.98,12.99
2207,36.7833,13.0,65.044,0.045,1.1765,8.02,-0.4,0.18,12.724,0.0,0.0,-0.0,0.0,0.0,0.0,12.88,11.96,13.02,13.03
2208,36.8,13.0,65.073,0.043,1.1754,8.43,-0.57,0.15,12.999,0.0,0.0,-0.0,0.0,0.0,0.0,12.99,13.0,12.99,13.01
2209,36.8167,13.0,65.103,0.043,1.1752,8.4,-0.2,-0.0,11.691,0.0,0.0,-0.0,0.0,0.0,0.0,9.15,12.78,12.7,12.13
2210,36.8333,13.0,65.133,0.044,1.1758,8.51,-0.06,0.31,12.53,0.0,0.0,-0.0,0.0,0.0,0.0,12.98,13.01,13.02,11.11
2211,36.85,13.0,65.163,0.044,1.1762,8.39,-0.03,0.33,12.86,0.0,0.0,-0.0,0.0,0.0,0.0,12.64,12.95,12.99,12.86
2212,36.8667,13.0,65.193,0.044,1.1746,8.42,-0.37,0.24,12.994,0.0,0.0,-0.0,0.0,0.0,0.0,12.99,13.0,13.0,12.99
2213,36.8833,13.0,65.223,0.044,1.174,8.3,-0.08,0.1,11.672,0.0,0.0,-0.0,0.0,0.0,0.0,12.17,8.53,13.06,12.92
2214,36.9,13.0,65.253,0.043,1.176,8.65,0.04,0.08,12.762,0.0,0.0,-0.0,0.0,0.0,0.0,12.61,13.09,13.11,12.24
2215,36.9167,13.0,65.283,0.042,1.1774,8.85,0.21,0.12,12.993,0.0,0.0,-0.0,0.0,0.0,0.0,12.99,12.98,13.01,12.98
2216,36.9333,13.0,65.313,0.041,1.1762,9.06,0.19,0.11,12.998,0.0,0.0,-0.0,0.0,0.0,0.0,13.0,13.0,13.01,12.99
2217,36.95,13.0,65.344,0.04,1.1739,9.02,0.34,-0.01,12.528,0.0,0.0,-0.0,0.0,0.0,0.0,13.01,13.02,13.01,11.08
2218,36.9667,13.0,65.375,0.04,1.1712,8.72,0.7,-0.28,12.235,0.0,0.0,-0.0,0.0,0.0,0.0,12.97,12.97,12.98,10.01
2219,36.9833,13.0,65.406,0.041,1.1673,8.34,1.07,-0.5,12.873,0.0,0.0,-0.0,0.0,0.0,0.0,12.96,12.07,13.21,13.25
2220,37.0,13.0,65.437,0.04,1.1636,8.42,1.71,-0.58,12.747,0.0,0.0,-0.0,0.0,0.0,0.0,12.94,12.12,12.98,12.95
2221,37.0167,13.0,65.469,0.038,1.1584,8.55,2.24,-0.59,12.253,0.0,0.0,-0.0,0.0,0.0,0.0,12.78,9.91,13.05,13.27
2222,37.0333,13.0,65.501,0.036,1.1535,8.81,3.0,-0.49,11.956,0.0,0.0,-0.0,0.0,0.0,0.0,12.94,12.98,12.89,9.02
2223,37.05,13.0,65.533,0.035,1.1475,8.84,3.64,-0.49,12.368,0.0,0.0,-0.0,0.0,0.0,0.0,12.71,12.75,12.76,11.25
2224,37.0667,13.0,65.565,0.037,1.1473,8.42,3.6,-0.41,12.439,0.0,0.0,-0.0,0.0,0.0,0.0,12.17,12.66,12.15,12.77
2225,37.0833,13.0,65.596,0.037,1.1468,8.07,3.67,-0.58,13.248,0.0,0.0,-0.0,0.0,0.0,0.0,14.02,13.01,12.93,13.03
2226,37.1,13.0,65.628,0.039,1.147,8.48,3.66,-0.27,12.932,0.0,0.0,-0.0,0.0,0.0,0.0,12.94,14.0,11.82,12.97
2227,37.1167,13.0,65.659,0.038,1.1478,8.47,3.66,-0.21,13.158,0.0,0.0,-0.0,0.0,0.0,0.0,13.24,15.27,10.99,13.13
2228,37.1333,13.0,65.688,0.037,1.1537,8.56,3.72,-0.55,12.978,0.0,0.0,-0.0,0.0,0.0,0.0,13.0,12.97,12.93,13.01
2229,37.15,13.0,65.718,0.036,1.1571,8.63,3.59,-0.88,12.992,0.0,0.0,-0.0,0.0,0.0,0.0,13.0,12.99,12.98,13.0
2230,37.1667,13.0,65.747,0.036,1.1577,8.68,3.27,-1.22,12.001,0.0,0.0,-0.0,0.0,0.0,0.0,12.97,13.01,12.97,9.06
2231,37.1833,13.0,65.777,0.034,1.1557,8.58,2.8,-1.45,12.851,0.0,0.0,-0.0,0.0,0.0,0.0,12.97,13.0,12.98,12.45
2232,37.2,13.0,65.806,0.032,1.1524,8.66,2.56,-1.49,11.873,0.0,0.0,-0.0,0.0,0.0,0.0,12.9,11.12,12.89,10.58
2233,37.2167,13.0,65.836,0.03,1.1499,9.12,2.91,-1.37,11.644,0.0,0.0,-0.0,0.0,0.0,0.0,13.24,12.75,13.25,7.33
2234,37.2333,13.0,65.866,0.027,1.1469,9.33,3.28,-1.28,12.242,0.0,0.0,-0.0,0.0,0.0,0.0,12.64,12.6,12.63,11.1
2235,37.25,13.0,65.897,0.024,1.1437,9.08,3.89,-1.33,12.896,0.0,0.0,-0.0,0.0,0.0,0.0,12.88,12.92,12.92,12.87
2236,37.2667,13.0,65.927,0.022,1.1386,9.13,4.38,-1.42,11.017,0.0,0.0,-0.0,0.0,0.0,0.0,12.93,11.49,12.96,6.7
2237,37.2833,13.0,65.958,0.019,1.1331,9.23,4.96,-1.39,12.101,0.0,0.0,-0.0,0.0,0.0,0.0,12.89,12.73,12.88,9.91
2238,37.3,13.0,65.989,0.017,1.1262,9.32,5.38,-1.45,12.966,0.0,0.0,-0.0,0.0,0.0,0.0,12.95,12.94,12.95,13.02
2239,37.3167,13.0,66.021,0.015,1.1201,9.07,6.34,-1.68,12.821,0.0,0.0,-0.0,0.0,0.0,0.0,12.97,15.59,12.86,9.87
2240,37.3333,13.0,66.053,0.013,1.1137,9.16,7.45,-1.64,13.135,0.0,0.0,-0.0,0.0,0.0,0.0,12.96,11.93,12.85,14.81
2241,37.35,13.0,66.085,0.013,1.1128,9.02,7.37,-1.52,13.91,0.0,0.0,-0.0,0.0,0.0,0.0,12.91,13.15,16.74,12.85
2242,37.3667,13.0,66.114,0.014,1.1193,8.85,6.91,-1.4,12.813,0.0,0.0,-0.0,0.0,0.0,0.0,13.02,12.17,13.09,12.98
2243,37.3833,13.0,66.143,0.015,1.1238,8.85,6.45,-1.26,12.999,0.0,0.0,-0.0,0.0,0.0,0.0,13.0,12.99,13.0,13.0
2244,37.4,13.0,66.172,0.016,1.1257,8.85,5.85,-1.18,12.992,0.0,0.0,-0.0,0.0,0.0,0.0,12.98,12.98,13.02,12.98
2245,37.4167,13.0,66.201,0.016,1.1253,8.65,5.32,-1.13,12.785,0.0,0.0,-0.0,0.0,0.0,0.0,12.94,12.97,12.99,12.25
2246,37.4333,13.0,66.23,0.017,1.123,8.35,4.91,-1.22,12.998,0.0,0.0,-0.0,0.0,0.0,0.0,13.0,13.0,13.01,12.99
2247,37.45,13.0,66.258,0.018,1.118,8.07,4.37,-1.34,12.988,0.0,0.0,-0.0,0.0,0.0,0.0,12.99,12.98,13.0,12.99
2248,37.4667,13.0,66.287,0.019,1.1103,7.81,3.73,-1.47,12.971,0.0,0.0,-0.0,0.0,0.0,0.0,12.97,12.96,12.98,12.97
2249,37.4833,13.0,66.315,0.02,1.1,7.58,3.01,-1.62,12.956,0.0,0.0,-0.0,0.0,0.0,0.0,12.95,12.95,12.96,12.97
2250,37.5,13.0,66.344,0.018,1.0914,7.98,3.35,-1.3,12.091,0.0,0.0,-0.0,0.0,0.0,0.0,12.93,9.52,12.95,12.96
2251,37.5167,13.0,66.373,0.016,1.0842,8.31,4.21,-1.07,12.826,0.0,0.0,-0.0,0.0,0.0,0.0,13.1,15.31,12.9,9.99
2252,37.5333,13.0,66.402,0.014,1.0771,8.14,5.19,-1.16,12.079,0.0,0.0,-0.0,0.0,0.0,0.0,12.82,12.88,12.85,9.77
2253,37.55,13.0,66.432,0.013,1.0695,8.23,6.11,-1.2,11.96,0.0,0.0,-0.0,0.0,0.0,0.0,12.88,9.05,12.93,12.98
2254,37.5667,13.0,66.462,0.011,1.0618,8.26,7.05,-1.15,12.078,0.0,0.0,-0.0,0.0,0.0,0.0,12.92,12.91,12.92,9.56
2255,37.5833,13.0,66.492,0.009,1.0535,8.39,7.95,-1.15,12.133,0.0,0.0,-0.0,0.0,0.0,0.0,12.9,9.83,12.92,12.89
2256,37.6,13.0,66.524,0.007,1.046,8.48,9.06,-1.08,12.223,0.0,0.0,-0.0,0.0,0.0,0.0,12.89,12.87,12.89,10.25
2257,37.6167,13.0,66.554,0.008,1.0473,8.15,8.87,-1.01,13.069,0.0,0.0,-0.0,0.0,0.0,0.0,13.11,9.47,16.81,12.89
2258,37.6333,13.0,66.58,0.012,1.0549,7.94,8.42,-0.89,12.99,0.0,0.0,-0.0,0.0,0.0,0.0,13.0,12.99,12.97,13.0
2259,37.65,13.0,66.607,0.016,1.0598,7.73,7.83,-0.81,12.982,0.0,0.0,-0.0,0.0,0.0,0.0,13.0,12.96,12.96,13.0
2260,37.6667,13.0,66.633,0.019,1.0624,7.53,7.26,-0.64,12.615,0.0,0.0,-0.0,0.0,0.0,0.0,12.99,11.45,13.0,13.02
2261,37.6833,13.0,66.66,0.021,1.0649,7.62,7.06,-0.3,12.811,0.0,0.0,-0.0,0.0,0.0,0.0,12.99,12.26,13.0,12.99
2262,37.7,13.0,66.688,0.022,1.0656,7.9,6.85,0.0,12.99,0.0,0.0,-0.0,0.0,0.0,0.0,12.99,12.97,13.0,12.99
2263,37.7167,13.0,66.715,0.024,1.0636,8.16,6.47,0.26,12.985,0.0,0.0,-0.0,0.0,0.0,0.0,12.99,12.98,12.99,12.98
2264,37.7333,13.0,66.743,0.025,1.059,8.4,5.95,0.47,12.971,0.0,0.0,-0.0,0.0,0.0,0.0,12.97,12.96,12.98,12.97
2265,37.75,13.0,66.77,0.026,1.0516,8.63,5.32,0.63,12.957,0.0,0.0,-0.0,0.0,0.0,0.0,12.95,12.96,12.96,12.95
2266,37.7667,13.0,66.798,0.028,1.0416,8.85,4.61,0.73,12.948,0.0,0.0,-0.0,0.0,0.0,0.0,12.94,12.96,12.95,12.95
2267,37.7833,13.0,66.825,0.029,1.0289,9.06,3.85,0.79,12.944,0.0,0.0,-0.0,0.0,0.0,0.0,12.93,12.96,12.94,12.95
2268,37.8,13.0,66.853,0.032,1.0184,8.53,4.24,0.55,12.17,0.0,0.0,-0.0,0.0,0.0,0.0,12.94,12.98,12.96,9.8
2269,37.8167,13.0,66.882,0.036,1.0088,7.62,5.06,0.14,12.003,0.0,0.0,-0.0,0.0,0.0,0.0,12.91,12.99,12.94,9.18
2270,37.8333,13.0,66.911,0.04,0.9976,6.69,5.62,-0.18,12.155,0.0,0.0,-0.0,0.0,0.0,0.0,12.93,13.09,13.0,9.61
2271,37.85,13.0,66.941,0.042,0.9894,6.57,7.08,0.05,11.902,0.0,0.0,-0.0,0.0,0.0,0.0,12.87,8.78,12.96,12.99
2272,37.8667,13.0,66.971,0.044,0.9787,6.43,7.96,0.19,9.516,0.0,0.0,-0.0,0.0,0.0,0.0,12.71,-0.34,12.83,12.86
2273,37.8833,13.0,67.002,0.046,0.9818,6.16,8.3,0.15,12.35,0.0,0.0,-0.0,0.0,0.0,0.0,12.89,11.35,12.2,12.96
2274,37.9,13.0,67.034,0.047,0.9835,5.89,8.46,0.22,12.341,0.0,0.0,-0.0,0.0,0.0,0.0,12.98,12.14,11.27,12.98
2275,37.9167,13.0,67.064,0.049,0.9896,5.73,8.62,0.05,12.997,0.0,0.0,-0.0,0.0,0.0,0.0,12.99,12.99,13.01,13.0
2276,37.9333,13.0,67.095,0.05,0.9931,5.57,8.59,-0.15,13.0,0.0,0.0,-0.0,0.0,0.0,0.0,13.0,13.0,13.0,13.0
2277,37.95,13.0,67.126,0.052,0.9938,5.4,8.38,-0.37,13.0,0.0,0.0,-0.0,0.0,0.0,0.0,13.0,13.0,13.0,13.0
2278,37.9667,13.0,67.156,0.053,0.992,5.23,7.98,-0.62,12.999,0.0,0.0,-0.0,0.0,0.0,0.0,13.0,13.0,13.0,13.0
2279,37.9833,13.0,67.187,0.053,0.9893,5.2,7.96,-0.55,12.587,0.0,0.0,-0.0,0.0,0.0,0.0,12.98,11.37,13.0,13.0
2280,38.0,13.0,67.218,0.053,0.9851,5.33,7.99,-0.42,12.997,0.0,0.0,-0.0,0.0,0.0,0.0,13.0,13.0,13.0,13.0
2281,38.0167,13.0,67.249,0.053,0.9783,5.43,7.84,-0.31,13.0,0.0,0.0,-0.0,0.0,0.0,0.0,13.0,13.0,13.0,13.0
2282,38.0333,13.0,67.279,0.053,0.9702,5.24,7.26,-0.25,14.364,0.0,0.0,-0.0,0.0,0.0,0.0,12.96,12.95,18.57,12.98
2283,38.05,13.0,67.308,0.054,0.964,5.05,6.11,-0.17,13.858,0.0,0.0,-0.0,0.0,0.0,0.0,16.68,12.91,12.9,12.95
2284,38.0667,13.0,67.336,0.054,0.9559,4.89,4.99,-0.16,12.895,0.0,0.0,-0.0,0.0,0.0,0.0,12.86,12.89,12.9,12.94
2285,38.0833,13.0,67.364,0.055,0.9471,4.52,3.69,-0.13,14.793,0.0,0.0,-0.0,0.0,0.0,0.0,12.74,12.71,20.89,12.84
2286,38.1,13.0,67.388,0.056,0.9458,4.76,3.53,0.25,12.423,0.0,0.0,-0.0,0.0,0.0,0.0,12.93,11.75,12.12,12.9
2287,38.1167,13.0,67.413,0.056,0.9464,4.73,3.25,0.23,11.874,0.0,0.0,-0.0,0.0,0.0,0.0,12.89,8.24,13.28,13.09
2288,38.1333,13.0,67.439,0.056,0.9478,5.06,3.05,0.27,12.375,0.0,0.0,-0.0,0.0,0.0,0.0,12.9,10.75,12.93,12.92
2289,38.15,13.0,67.466,0.054,0.9473,5.4,2.77,0.34,13.0,0.0,0.0,-0.0,0.0,0.0,0.0,13.0,12.99,13.0,13.0
2290,38.1667,13.0,67.493,0.053,0.947,5.73,2.75,0.33,12.214,0.0,0.0,-0.0,0.0,0.0,0.0,13.02,11.37,12.98,11.49
2291,38.1833,13.0,67.521,0.051,0.9484,5.84,2.51,0.3,11.651,0.0,0.0,-0.0,0.0,0.0,0.0,12.64,12.66,9.54,11.76
2292,38.2,13.0,67.549,0.053,0.9511,5.8,2.53,0.01,12.992,0.0,0.0,-0.0,0.0,0.0,0.0,13.0,12.99,12.99,12.99
2293,38.2167,13.0,67.576,0.054,0.9512,5.77,2.36,-0.28,12.106,0.0,0.0,-0.0,0.0,0.0,0.0,12.88,12.96,12.88,9.7
2294,38.2333,13.0,67.604,0.055,0.9502,5.71,2.41,-0.34,12.568,0.0,0.0,-0.0,0.0,0.0,0.0,13.18,10.97,13.03,13.09
2295,38.25,13.0,67.632,0.054,0.9479,5.8,2.48,-0.36,9.897,0.0,0.0,-0.0,0.0,0.0,0.0,13.31,11.53,1.29,13.46
2296,38.2667,13.0,67.659,0.052,0.9481,5.98,2.85,-0.43,12.946,0.0,0.0,-0.0,0.0,0.0,0.0,12.96,12.89,12.96,12.98
2297,38.2833,13.0,67.687,0.051,0.9479,5.93,2.48,-0.33,12.892,0.0,0.0,-0.0,0.0,0.0,0.0,13.0,12.97,12.6,13.0
2298,38.3,13.0,67.715,0.049,0.9448,5.91,1.96,-0.26,13.894,0.0,0.0,-0.0,0.0,0.0,0.0,13.3,13.29,15.82,13.16
2299,38.3167,13.0,67.743,0.048,0.9407,5.63,1.1,-0.26,12.959,0.0,0.0,-0.0,0.0,0.0,0.0,12.95,12.92,12.99,12.97
2300,38.3333,13.0,67.771,0.047,0.934,5.4,0.24,-0.27,12.954,0.0,0.0,-0.0,0.0,0.0,0.0,12.95,12.92,12.97,12.97
2301,38.35,13.0,67.789,0.052,0.9352,4.24,-1.59,-0.39,12.97,0.0,0.0,-0.0,0.0,0.0,0.0,12.84,12.84,13.29,12.91
2302,38.3667,13.0,67.806,0.055,0.9387,4.13,-1.81,-0.08,12.927,0.0,0.0,-0.0,0.0,0.0,0.0,12.75,7.03,18.68,13.23
2303,38.3833,13.0,67.825,0.057,0.9417,3.93,-2.19,0.01,11.936,0.0,0.0,-0.0,0.0,0.0,0.0,12.98,8.77,13.0,12.99
2304,38.4,13.0,67.844,0.057,0.9441,3.92,-2.44,0.11,11.471,0.0,0.0,-0.0,0.0,0.0,0.0,13.04,6.86,13.01,12.98
2305,38.4167,13.0,67.864,0.057,0.9453,4.08,-2.68,0.17,12.997,0.0,0.0,-0.0,0.0,0.0,0.0,13.18,12.86,12.97,12.98
2306,38.4333,13.0,67.884,0.056,0.9449,4.34,-3.08,0.14,11.462,0.0,0.0,-0.0,0.0,0.0,0.0,12.56,7.44,12.95,12.9
2307,38.45,13.0,67.906,0.054,0.945,4.84,-3.13,0.22,12.003,0.0,0.0,-0.0,0.0,0.0,0.0,12.99,9.03,12.99,13.0
2308,38.4667,13.0,67.928,0.051,0.9432,5.27,-3.39,0.19,16.32,0.0,0.0,-0.0,0.0,0.0,0.0,13.06,22.77,16.89,12.55
2309,38.4833,13.0,67.951,0.049,0.942,5.58,-3.26,0.14,10.976,0.0,0.0,-0.0,0.0,0.0,0.0,12.97,10.01,12.45,8.47
2310,38.5,13.0,67.975,0.048,0.9431,5.78,-3.75,0.08,11.461,0.0,0.0,-0.0,0.0,0.0,0.0,13.01,9.28,10.66,12.89
2311,38.5167,13.0,68.001,0.047,0.9451,5.69,-3.53,-0.12,11.196,0.0,0.0,-0.0,0.0,0.0,0.0,13.05,13.03,7.67,11.03
2312,38.5333,13.0,68.027,0.048,0.946,5.55,-3.76,-0.03,12.757,0.0,0.0,-0.0,0.0,0.0,0.0,12.72,12.7,12.72,12.89
2313,38.55,13.0,68.053,0.049,0.9469,5.3,-3.66,-0.15,12.367,0.0,0.0,-0.0,0.0,0.0,0.0,12.87,10.57,13.02,13.01
2314,38.5667,13.0,68.08,0.05,0.9464,5.2,-3.55,-0.26,10.612,0.0,0.0,-0.0,0.0,0.0,0.0,12.83,3.57,13.03,13.03
2315,38.5833,13.0,68.107,0.049,0.9448,5.28,-3.36,-0.32,11.802,0.0,0.0,-0.0,0.0,0.0,0.0,12.97,8.33,12.96,12.95
2316,38.6,13.0,68.135,0.048,0.9422,5.41,-3.35,-0.34,12.675,0.0,0.0,-0.0,0.0,0.0,0.0,12.99,12.99,11.72,13.01
2317,38.6167,13.0,68.164,0.049,0.9408,5.41,-3.93,-0.39,12.259,0.0,0.0,-0.0,0.0,0.0,0.0,12.96,12.85,12.23,11.01
2318,38.6333,13.0,68.19,0.05,0.942,4.84,-3.67,-0.73,12.064,0.0,0.0,-0.0,0.0,0.0,0.0,13.01,13.0,12.98,9.27
2319,38.65,13.0,68.217,0.052,0.9414,4.24,-3.53,-1.03,11.811,0.0,0.0,-0.0,0.0,0.0,0.0,12.89,12.67,12.92,8.76
2320,38.6667,13.0,68.245,0.054,0.9403,3.73,-3.38,-1.2,12.003,0.0,0.0,-0.0,0.0,0.0,0.0,12.96,10.01,12.93,12.11
2321,38.6833,13.0,68.26,0.061,0.9546,2.3,-3.9,-1.54,11.744,0.0,0.0,-0.0,0.0,0.0,0.0,12.92,9.03,12.05,12.97
2322,38.7,13.0,68.279,0.067,0.9629,1.56,-4.46,-1.44,12.945,0.0,0.0,-0.0,0.0,0.0,0.0,12.97,12.9,12.97,12.94
2323,38.7167,13.0,68.299,0.073,0.9699,0.91,-4.85,-1.2,11.888,0.0,0.0,-0.0,0.0,0.0,0.0,13.0,8.66,12.92,12.97
2324,38.7333,13.0,68.318,0.079,0.9752,0.48,-5.29,-1.05,12.454,0.0,0.0,-0.0,0.0,0.0,0.0,12.97,10.96,12.93,12.95
2325,38.75,13.0,68.339,0.083,0.9793,0.1,-5.59,-0.78,11.639,0.0,0.0,-0.0,0.0,0.0,0.0,12.98,7.68,12.94,12.95
2326,38.7667,13.0,68.359,0.086,0.9827,-0.1,-5.83,-0.5,11.605,0.0,0.0,-0.0,0.0,0.0,0.0,12.98,7.49,12.98,12.98
2327,38.7833,13.0,68.381,0.089,0.9846,-0.22,-6.22,-0.25,7.696,0.0,0.0,-0.0,0.0,0.0,0.0,13.12,-8.18,12.94,12.91
2328,38.8,13.0,68.405,0.089,0.9872,-0.03,-6.44,-0.02,12.412,0.0,0.0,-0.0,0.0,0.0,0.0,13.03,10.53,13.05,13.04
2329,38.8167,13.0,68.428,0.09,0.9876,0.2,-6.82,0.18,11.142,0.0,0.0,-0.0,0.0,0.0,0.0,12.9,5.85,12.9,12.92
2330,38.8333,13.0,68.453,0.089,0.988,0.59,-7.06,0.36,12.261,0.0,0.0,-0.0,0.0,0.0,0.0,12.96,10.15,12.96,12.98
2331,38.85,13.0,68.478,0.087,0.9869,0.99,-7.35,0.52,12.983,0.0,0.0,-0.0,0.0,0.0,0.0,12.96,12.98,12.99,13.0
2332,38.8667,13.0,68.504,0.085,0.9851,1.64,-7.46,0.64,12.136,0.0,0.0,-0.0,0.0,0.0,0.0,12.94,9.64,12.99,12.99
2333,38.8833,13.0,68.53,0.082,0.9817,2.25,-7.64,0.72,10.89,0.0,0.0,-0.0,0.0,0.0,0.0,12.78,5.11,12.82,12.86
2334,38.9,13.0,68.557,0.078,0.9784,3.08,-7.6,0.78,12.103,0.0,0.0,-0.0,0.0,0.0,0.0,12.9,9.62,12.94,12.95
2335,38.9167,13.0,68.584,0.073,0.9736,3.82,-7.66,0.83,12.945,0.0,0.0,-0.0,0.0,0.0,0.0,12.94,12.91,12.95,12.97
2336,38.9333,13.0,68.608,0.072,0.972,3.69,-6.63,0.56,8.32,0.0,0.0,-0.0,0.0,0.0,0.0,12.84,12.84,0.22,7.38
2337,38.95,13.0,68.628,0.079,0.9774,3.36,-5.91,0.82,12.881,0.0,0.0,-0.0,0.0,0.0,0.0,12.83,12.87,12.93,12.89
2338,38.9667,13.0,68.648,0.086,0.9802,3.07,-5.51,1.02,12.934,0.0,0.0,-0.0,0.0,0.0,0.0,12.91,12.93,12.96,12.94
2339,38.9833,13.0,68.669,0.092,0.9813,2.46,-5.21,1.29,13.318,0.0,0.0,-0.0,0.0,0.0,0.0,13.19,13.19,13.2,13.7
2340,39.0,13.0,68.69,0.099,0.9806,1.91,-5.07,1.54,10.667,0.0,0.0,-0.0,0.0,0.0,0.0,12.56,4.25,12.9,12.96
2341,39.0167,13.0,68.711,0.103,0.9812,1.76,-4.55,1.94,11.574,0.0,0.0,-0.0,0.0,0.0,0.0,12.96,7.34,12.99,13.0
2342,39.0333,13.0,68.722,0.11,0.9912,0.67,-4.9,1.85,10.414,0.0,0.0,-0.0,0.0,0.0,0.0,13.01,5.82,9.78,13.05
2343,39.05,13.0,68.735,0.118,0.9999,-0.09,-5.26,2.07,13.163,0.0,0.0,-0.0,0.0,0.0,0.0,13.27,13.48,12.95,12.94
2344,39.0667,13.0,68.748,0.124,1.0073,-0.69,-5.69,2.29,11.502,0.0,0.0,-0.0,0.0,0.0,0.0,12.98,7.01,13.01,13.01
2345,39.0833,13.0,68.762,0.13,1.0126,-1.16,-6.22,2.48,10.411,0.0,0.0,-0.0,0.0,0.0,0.0,13.01,2.57,13.02,13.04
2346,39.1,13.0,68.778,0.134,1.0186,-1.29,-6.58,2.69,11.562,0.0,0.0,-0.0,0.0,0.0,0.0,13.04,7.14,13.04,13.04
2347,39.1167,13.0,68.795,0.137,1.0227,-1.36,-7.13,2.83,11.965,0.0,0.0,-0.0,0.0,0.0,0.0,13.0,8.83,13.01,13.02
2348,39.1333,13.0,68.813,0.14,1.0252,-1.34,-7.77,2.92,14.555,0.0,0.0,-0.0,0.0,0.0,0.0,12.92,18.36,13.46,13.48
2349,39.15,13.0,68.831,0.141,1.0274,-1.13,-8.11,3.21,11.675,0.0,0.0,-0.0,0.0,0.0,0.0,12.97,7.73,12.99,13.0
2350,39.1667,13.0,68.85,0.142,1.0279,-0.73,-8.59,3.35,9.885,0.0,0.0,-0.0,0.0,0.0,0.0,12.87,0.63,13.01,13.03
2351,39.1833,13.0,68.87,0.141,1.0279,-0.2,-9.07,3.42,11.55,0.0,0.0,-0.0,0.0,0.0,0.0,12.83,7.39,12.97,13.0
2352,39.2,13.0,68.891,0.14,1.0276,0.46,-9.45,3.46,16.703,0.0,0.0,-0.0,0.0,0.0,0.0,12.95,28.0,12.93,12.94
2353,39.2167,13.0,68.913,0.139,1.0259,1.04,-9.77,3.45,12.339,0.0,0.0,-0.0,0.0,0.0,0.0,12.91,15.47,12.86,8.12
2354,39.2333,13.0,68.936,0.139,1.0262,1.27,-9.62,3.33,11.862,0.0,0.0,-0.0,0.0,0.0,0.0,13.0,13.01,13.0,8.43
2355,39.25,13.0,68.958,0.139,1.0247,1.38,-9.54,3.19,12.997,0.0,0.0,-0.0,0.0,0.0,0.0,13.0,13.0,13.0,12.99
2356,39.2667,13.0,68.982,0.14,1.023,1.3,-9.33,3.0,11.959,0.0,0.0,-0.0,0.0,0.0,0.0,13.01,13.0,13.01,8.81
2357,39.2833,13.0,69.006,0.142,1.0199,1.35,-9.18,2.83,11.891,0.0,0.0,-0.0,0.0,0.0,0.0,12.98,8.54,13.03,13.02
2358,39.3,13.0,69.031,0.143,1.0189,1.44,-8.59,2.76,12.138,0.0,0.0,-0.0,0.0,0.0,0.0,12.99,12.94,12.99,9.63
2359,39.3167,13.0,69.056,0.144,1.0148,1.64,-8.41,2.67,13.255,0.0,0.0,-0.0,0.0,0.0,0.0,13.0,13.89,13.03,13.1
2360,39.3333,13.0,69.08,0.149,1.0167,0.89,-7.76,2.54,9.776,0.0,0.0,-0.0,0.0,0.0,0.0,13.05,12.8,4.74,8.51
2361,39.35,13.0,69.099,0.159,1.0188,0.14,-7.17,2.5,12.045,0.0,0.0,-0.0,0.0,0.0,0.0,12.8,12.89,12.99,9.5
2362,39.3667,13.0,69.117,0.167,1.0196,-1.01,-6.72,2.59,11.649,0.0,0.0,-0.0,0.0,0.0,0.0,12.89,12.96,13.02,7.72
2363,39.3833,13.0,69.136,0.176,1.02,-1.71,-6.08,2.79,10.617,0.0,0.0,-0.0,0.0,0.0,0.0,12.88,3.66,13.0,12.92
2364,39.4,13.0,69.153,0.179,1.0258,-1.9,-5.32,2.67,9.843,0.0,0.0,-0.0,0.0,0.0,0.0,6.06,7.4,12.95,12.95
2365,39.4167,13.0,69.169,0.179,1.0322,-1.94,-4.89,2.44,12.779,0.0,0.0,-0.0,0.0,0.0,0.0,12.92,12.26,12.97,12.97
2366,39.4333,13.0,69.187,0.179,1.037,-1.83,-4.61,2.22,13.429,0.0,0.0,-0.0,0.0,0.0,0.0,12.9,14.41,13.25,13.15
2367,39.45,13.0,69.204,0.179,1.0396,-1.64,-4.47,2.02,11.689,0.0,0.0,-0.0,0.0,0.0,0.0,12.98,7.8,12.98,13.0
2368,39.4667,13.0,69.223,0.178,1.0408,-1.34,-4.4,1.9,12.965,0.0,0.0,-0.0,0.0,0.0,0.0,12.95,12.5,13.23,13.18
2369,39.4833,13.0,69.236,0.178,1.0491,-1.5,-5.18,1.51,11.458,0.0,0.0,-0.0,0.0,0.0,0.0,13.08,8.36,11.32,13.07
2370,39.5,13.0,69.247,0.18,1.0563,-1.43,-6.19,1.64,12.935,0.0,0.0,-0.0,0.0,0.0,0.0,12.87,12.95,13.01,12.91
2371,39.5167,13.0,69.26,0.181,1.0612,-1.33,-7.16,1.74,10.996,0.0,0.0,-0.0,0.0,0.0,0.0,12.78,5.13,13.09,12.98
2372,39.5333,13.0,69.274,0.181,1.0658,-1.03,-8.0,1.83,11.755,0.0,0.0,-0.0,0.0,0.0,0.0,12.92,8.18,12.98,12.93
2373,39.55,13.0,69.288,0.181,1.0683,-0.71,-8.82,1.92,12.957,0.0,0.0,-0.0,0.0,0.0,0.0,12.93,12.95,13.0,12.95
2374,39.5667,13.0,69.302,0.18,1.0699,-0.2,-9.45,2.03,11.55,0.0,0.0,-0.0,0.0,0.0,0.0,12.93,7.32,13.0,12.96
2375,39.5833,13.0,69.318,0.179,1.0716,0.19,-9.73,2.07,11.392,0.0,0.0,-0.0,0.0,0.0,0.0,12.98,12.99,13.05,6.55
2376,39.6,13.0,69.334,0.179,1.0728,0.41,-9.91,2.12,11.332,0.0,0.0,-0.0,0.0,0.0,0.0,13.02,13.03,13.03,6.24
2377,39.6167,13.0,69.351,0.181,1.0735,0.44,-10.08,2.14,11.496,0.0,0.0,-0.0,0.0,0.0,0.0,13.09,13.1,13.1,6.68
2378,39.6333,13.0,69.369,0.183,1.0743,0.22,-10.11,2.12,11.626,0.0,0.0,-0.0,0.0,0.0,0.0,13.0,12.99,13.0,7.51
2379,39.65,13.0,69.387,0.186,1.0734,0.02,-10.29,2.11,13.67,0.0,0.0,-0.0,0.0,0.0,0.0,13.15,13.14,13.17,15.22
2380,39.6667,13.0,69.407,0.189,1.0734,0.13,-10.26,2.25,10.074,0.0,0.0,-0.0,0.0,0.0,0.0,12.97,6.76,12.92,7.65
2381,39.6833,13.0,69.428,0.192,1.0739,-0.03,-10.18,2.25,12.196,0.0,0.0,-0.0,0.0,0.0,0.0,13.01,12.25,13.01,10.51
2382,39.7,13.0,69.451,0.194,1.0736,-0.09,-10.23,2.23,11.968,0.0,0.0,-0.0,0.0,0.0,0.0,12.95,8.8,13.05,13.07
2383,39.7167,13.0,69.474,0.195,1.0738,0.08,-10.02,2.31,10.954,0.0,0.0,-0.0,0.0,0.0,0.0,12.96,12.98,12.95,4.93
2384,39.7333,13.0,69.497,0.197,1.0724,0.25,-9.95,2.35,17.806,0.0,0.0,-0.0,0.0,0.0,0.0,13.27,13.25,13.34,31.36
2385,39.75,13.0,69.521,0.2,1.0709,-0.03,-9.74,2.36,11.205,0.0,0.0,-0.0,0.0,0.0,0.0,13.0,7.88,13.04,10.9
2386,39.7667,13.0,69.546,0.201,1.0691,-0.04,-9.48,2.33,12.006,0.0,0.0,-0.0,0.0,0.0,0.0,13.04,8.96,13.02,13.01
2387,39.7833,13.0,69.569,0.203,1.0682,-0.51,-8.32,1.83,11.068,0.0,0.0,-0.0,0.0,0.0,0.0,12.96,12.96,12.97,5.38
2388,39.8,13.0,69.59,0.208,1.07,-1.31,-7.29,1.48,9.843,0.0,0.0,-0.0,0.0,0.0,0.0,12.65,12.72,6.08,7.93
2389,39.8167,13.0,69.609,0.217,1.0728,-2.11,-6.77,1.42,12.983,0.0,0.0,-0.0,0.0,0.0,0.0,12.89,12.94,13.07,13.03
2390,39.8333,13.0,69.627,0.223,1.0767,-2.6,-5.9,1.55,8.189,0.0,0.0,-0.0,0.0,0.0,0.0,0.04,8.29,11.44,12.98
2391,39.85,13.0,69.645,0.226,1.0852,-2.77,-5.17,1.48,11.414,0.0,0.0,-0.0,0.0,0.0,0.0,12.89,6.9,12.96,12.91
2392,39.8667,13.0,69.662,0.228,1.0921,-2.82,-4.68,1.43,11.978,0.0,0.0,-0.0,0.0,0.0,0.0,12.86,8.88,13.1,13.07
2393,39.8833,13.0,69.681,0.229,1.0973,-2.79,-4.35,1.38,14.033,0.0,0.0,-0.0,0.0,0.0,0.0,13.15,17.07,12.96,12.96
2394,39.9,13.0,69.7,0.23,1.1011,-2.62,-4.15,1.33,12.522,0.0,0.0,-0.0,0.0,0.0,0.0,13.22,10.92,12.97,12.98
2395,39.9167,13.0,69.72,0.23,1.1033,-2.41,-4.15,1.27,11.893,0.0,0.0,-0.0,0.0,0.0,0.0,13.01,8.53,13.02,13.01
2396,39.9333,13.0,69.74,0.23,1.1036,-2.17,-4.28,1.22,12.223,0.0,0.0,-0.0,0.0,0.0,0.0,13.02,9.89,12.99,13.0
2397,39.95,13.0,69.759,0.23,1.1085,-2.17,-5.1,0.91,11.383,0.0,0.0,-0.0,0.0,0.0,0.0,13.32,9.03,9.9,13.27
2398,39.9667,13.0,69.776,0.229,1.1158,-2.06,-5.83,0.82,12.969,0.0,0.0,-0.0,0.0,0.0,0.0,12.93,12.97,12.97,13.01
2399,39.9833,13.0,69.793,0.229,1.1205,-1.97,-6.62,0.78,12.963,0.0,0.0,-0.0,0.0,0.0,0.0,12.93,12.96,12.97,12.99
2400,40.0,13.0,69.811,0.228,1.1229,-1.76,-7.41,0.72,11.939,0.0,0.0,-0.0,0.0,0.0,0.0,12.76,9.22,12.85,12.92
2401,40.0167,13.0,69.829,0.227,1.1246,-1.41,-8.06,0.73,7.949,0.0,0.0,-0.0,0.0,0.0,0.0,12.83,12.92,12.86,-6.82
2402,40.0333,13.0,69.848,0.228,1.1263,-1.05,-8.54,0.69,12.133,0.0,0.0,-0.0,0.0,0.0,0.0,12.92,8.34,12.99,14.28
2403,40.05,13.0,69.869,0.229,1.1293,-1.0,-8.53,0.68,11.947,0.0,0.0,-0.0,0.0,0.0,0.0,12.98,13.01,13.02,8.78
2404,40.0667,13.0,69.89,0.23,1.1308,-0.97,-8.62,0.71,11.921,0.0,0.0,-0.0,0.0,0.0,0.0,13.0,13.0,13.0,8.69
2405,40.0833,13.0,69.911,0.232,1.1306,-0.99,-8.77,0.75,10.978,0.0,0.0,-0.0,0.0,0.0,0.0,13.0,12.99,13.02,4.9
2406,40.1,13.0,69.934,0.235,1.1301,-1.18,-8.8,0.81,12.216,0.0,0.0,-0.0,0.0,0.0,0.0,12.99,12.98,12.99,9.9
2407,40.1167,13.0,69.957,0.238,1.1278,-1.36,-8.97,0.89,9.437,0.0,0.0,-0.0,0.0,0.0,0.0,12.73,5.83,13.18,6.0
2408,40.1333,13.0,69.982,0.241,1.1289,-1.34,-8.66,1.1,12.183,0.0,0.0,-0.0,0.0,0.0,0.0,12.97,9.62,12.97,13.17
2409,40.15,13.0,70.008,0.243,1.1274,-1.26,-8.65,1.29,10.473,0.0,0.0,-0.0,0.0,0.0,0.0,12.89,12.85,12.92,3.23
2410,40.1667,13.0,70.035,0.247,1.1268,-1.39,-8.32,1.37,11.803,0.0,0.0,-0.0,0.0,0.0,0.0,12.92,10.48,12.95,10.86
2411,40.1833,13.0,70.062,0.25,1.1249,-1.29,-8.15,1.49,12.985,0.0,0.0,-0.0,0.0,0.0,0.0,12.98,12.98,13.0,12.99
2412,40.2,13.0,70.088,0.254,1.1232,-1.8,-7.19,1.15,10.294,0.0,0.0,-0.0,0.0,0.0,0.0,12.92,9.1,12.9,6.26
2413,40.2167,13.0,70.111,0.257,1.1213,-2.79,-6.02,0.6,7.906,0.0,0.0,-0.0,0.0,0.0,0.0,12.92,13.06,-1.23,6.87
2414,40.2333,13.0,70.132,0.262,1.1275,-3.2,-4.61,0.28,4.578,0.0,0.0,-0.0,0.0,0.0,0.0,-7.67,8.55,4.61,12.82
2415,40.25,13.0,70.153,0.264,1.1357,-3.39,-3.71,0.16,13.348,0.0,0.0,-0.0,0.0,0.0,0.0,12.8,9.14,18.44,13.01
2416,40.2667,13.0,70.174,0.266,1.1423,-3.51,-3.13,0.08,11.387,0.0,0.0,-0.0,0.0,0.0,0.0,12.87,6.71,12.99,12.98
2417,40.2833,13.0,70.196,0.267,1.1472,-3.5,-2.75,0.0,11.359,0.0,0.0,-0.0,0.0,0.0,0.0,12.91,6.46,13.04,13.03
2418,40.3,13.0,70.218,0.268,1.15,-3.48,-2.55,-0.08,13.002,0.0,0.0,-0.0,0.0,0.0,0.0,13.0,13.0,13.01,12.99
2419,40.3167,13.0,70.241,0.269,1.1502,-3.5,-2.54,-0.18,13.0,0.0,0.0,-0.0,0.0,0.0,0.0,13.0,13.0,13.01,13.0
2420,40.3333,13.0,70.263,0.269,1.149,-3.42,-2.54,-0.21,11.953,0.0,0.0,-0.0,0.0,0.0,0.0,12.99,8.82,13.0,12.99
2421,40.35,13.0,70.287,0.268,1.1465,-3.22,-2.54,-0.19,10.835,0.0,0.0,-0.0,0.0,0.0,0.0,4.35,12.99,13.0,13.0
2422,40.3667,13.0,70.311,0.266,1.1471,-2.88,-2.76,-0.34,12.581,0.0,0.0,-0.0,0.0,0.0,0.0,13.77,14.79,9.17,12.59
2423,40.3833,13.0,70.333,0.264,1.1522,-2.46,-3.44,-0.56,12.931,0.0,0.0,-0.0,0.0,0.0,0.0,12.91,12.89,12.97,12.95
2424,40.4,13.0,70.355,0.263,1.1546,-2.16,-4.18,-0.72,11.124,0.0,0.0,-0.0,0.0,0.0,0.0,12.92,12.84,12.93,5.8
2425,40.4167,13.0,70.378,0.263,1.1571,-2.3,-4.4,-0.95,12.139,0.0,0.0,-0.0,0.0,0.0,0.0,12.86,12.9,12.89,9.9
2426,40.4333,13.0,70.401,0.263,1.1583,-2.44,-4.62,-1.19,12.124,0.0,0.0,-0.0,0.0,0.0,0.0,12.97,9.63,12.95,12.94
2427,40.45,13.0,70.425,0.262,1.1589,-2.48,-4.76,-1.32,11.966,0.0,0.0,-0.0,0.0,0.0,0.0,12.88,12.87,12.88,9.23
2428,40.4667,13.0,70.45,0.262,1.1594,-2.56,-4.68,-1.49,12.151,0.0,0.0,-0.0,0.0,0.0,0.0,13.02,9.58,13.0,13.01
2429,40.4833,13.0,70.475,0.261,1.1585,-2.56,-4.67,-1.57,10.271,0.0,0.0,-0.0,0.0,0.0,0.0,13.0,13.01,13.01,2.07
2430,40.5,13.0,70.501,0.26,1.1575,-2.44,-4.55,-1.55,12.335,0.0,0.0,-0.0,0.0,0.0,0.0,12.92,10.48,12.96,12.97
2431,40.5167,13.0,70.528,0.26,1.1564,-2.31,-4.22,-1.52,12.066,0.0,0.0,-0.0,0.0,0.0,0.0,13.05,13.05,13.08,9.09
2432,40.5333,13.0,70.555,0.259,1.1539,-2.44,-3.94,-1.41,13.007,0.0,0.0,-0.0,0.0,0.0,0.0,12.93,13.14,12.96,12.99
2433,40.55,13.0,70.583,0.26,1.1502,-2.58,-3.58,-1.47,11.053,0.0,0.0,-0.0,0.0,0.0,0.0,13.24,13.28,8.51,9.19
2434,40.5667,13.0,70.611,0.259,1.1482,-2.66,-3.15,-1.64,11.01,0.0,0.0,-0.0,0.0,0.0,0.0,13.08,10.88,7.0,13.09
2435,40.5833,13.0,70.637,0.257,1.1551,-2.69,-2.73,-1.58,10.942,0.0,0.0,-0.0,0.0,0.0,0.0,12.85,11.3,6.74,12.88
2436,40.6,13.0,70.662,0.255,1.1629,-2.38,-2.2,-1.73,12.256,0.0,0.0,-0.0,0.0,0.0,0.0,13.29,16.65,13.07,6.01
2437,40.6167,13.0,70.687,0.254,1.1701,-2.38,-1.61,-1.89,12.047,0.0,0.0,-0.0,0.0,0.0,0.0,12.96,13.01,12.97,9.24
2438,40.6333,13.0,70.713,0.253,1.1754,-2.34,-1.21,-2.06,12.953,0.0,0.0,-0.0,0.0,0.0,0.0,12.93,13.0,12.95,12.93
2439,40.65,13.0,70.738,0.252,1.178,-2.25,-1.04,-2.2,12.988,0.0,0.0,-0.0,0.0,0.0,0.0,12.98,13.0,12.99,12.98
2440,40.6667,13.0,70.763,0.251,1.178,-2.13,-1.06,-2.32,9.997,0.0,0.0,-0.0,0.0,0.0,0.0,12.8,12.81,12.83,1.55
2441,40.6833,13.0,70.789,0.25,1.1775,-2.32,-0.87,-2.45,12.161,0.0,0.0,-0.0,0.0,0.0,0.0,13.0,13.0,12.99,9.66
2442,40.7,13.0,70.815,0.25,1.1752,-2.5,-0.76,-2.6,12.988,0.0,0.0,-0.0,0.0,0.0,0.0,12.99,12.99,12.99,12.98
2443,40.7167,13.0,70.842,0.251,1.1717,-2.91,-0.55,-2.76,9.791,0.0,0.0,-0.0,0.0,0.0,0.0,13.21,13.24,2.19,10.54
2444,40.7333,13.0,70.869,0.253,1.1691,-3.31,-0.67,-2.84,14.353,0.0,0.0,-0.0,0.0,0.0,0.0,17.94,13.16,13.18,13.13
2445,40.75,13.0,70.896,0.25,1.1716,-3.22,-0.72,-2.96,12.187,0.0,0.0,-0.0,0.0,0.0,0.0,12.88,13.34,12.87,9.65
2446,40.7667,13.0,70.924,0.249,1.1727,-3.16,-0.85,-3.34,12.985,0.0,0.0,-0.0,0.0,0.0,0.0,13.0,12.97,13.0,12.97
2447,40.7833,13.0,70.951,0.247,1.1726,-3.23,-0.85,-3.5,11.034,0.0,0.0,-0.0,0.0,0.0,0.0,12.9,8.32,12.81,10.1
2448,40.8,13.0,70.98,0.245,1.1715,-3.3,-0.83,-3.72,12.995,0.0,0.0,-0.0,0.0,0.0,0.0,13.0,12.99,13.0,12.99
2449,40.8167,13.0,71.009,0.243,1.1699,-3.3,-0.55,-3.8,12.145,0.0,0.0,-0.0,0.0,0.0,0.0,13.01,11.5,12.97,11.1
2450,40.8333,13.0,71.039,0.241,1.1688,-3.17,-0.67,-3.95,13.305,0.0,0.0,-0.0,0.0,0.0,0.0,14.43,12.92,12.95,12.92
2451,40.85,13.0,71.068,0.239,1.1689,-3.26,-0.44,-4.05,11.349,0.0,0.0,-0.0,0.0,0.0,0.0,12.97,6.42,13.07,12.93
2452,40.8667,13.0,71.098,0.237,1.1696,-3.18,-0.46,-4.05,12.721,0.0,0.0,-0.0,0.0,0.0,0.0,9.99,12.2,13.06,15.64
2453,40.8833,13.0,71.128,0.234,1.1709,-3.15,-0.54,-4.02,12.676,0.0,0.0,-0.0,0.0,0.0,0.0,12.97,12.95,12.07,12.71
2454,40.9,13.0,71.158,0.232,1.1709,-3.08,-0.67,-4.01,12.233,0.0,0.0,-0.0,0.0,0.0,0.0,13.05,9.78,13.03,13.07
2455,40.9167,13.0,71.187,0.229,1.1723,-2.91,-0.46,-4.03,12.965,0.0,0.0,-0.0,0.0,0.0,0.0,13.21,13.8,11.7,13.15
2456,40.9333,13.0,71.216,0.225,1.1779,-2.52,-0.56,-4.12,12.984,0.0,0.0,-0.0,0.0,0.0,0.0,12.99,12.96,12.98,13.01
2457,40.95,13.0,71.244,0.222,1.1813,-2.36,-0.74,-4.16,12.031,0.0,0.0,-0.0,0.0,0.0,0.0,12.9,12.89,12.89,9.44
2458,40.9667,13.0,71.272,0.218,1.1837,-2.51,-0.69,-4.27,13.0,0.0,0.0,-0.0,0.0,0.0,0.0,13.0,13.0,13.0,13.01
2459,40.9833,13.0,71.301,0.215,1.1834,-2.68,-0.83,-4.35,12.996,0.0,0.0,-0.0,0.0,0.0,0.0,12.99,13.0,12.99,13.01
2460,41.0,13.0,71.329,0.213,1.1819,-2.94,-0.83,-4.56,12.455,0.0,0.0,-0.0,0.0,0.0,0.0,13.12,13.13,13.15,10.43
2461,41.0167,13.0,71.358,0.21,1.1788,-3.46,-0.88,-4.59,12.984,0.0,0.0,-0.0,0.0,0.0,0.0,12.95,13.0,12.97,13.02
2462,41.0333,13.0,71.387,0.207,1.1767,-3.28,-0.39,-4.48,11.821,0.0,0.0,-0.0,0.0,0.0,0.0,12.86,11.79,12.82,9.81
2463,41.05,13.0,71.417,0.206,1.1731,-3.38,-0.08,-4.56,12.992,0.0,0.0,-0.0,0.0,0.0,0.0,12.96,13.01,12.99,13.01
2464,41.0667,13.0,71.447,0.203,1.1694,-3.33,0.53,-4.49,11.484,0.0,0.0,-0.0,0.0,0.0,0.0,12.99,8.86,12.98,11.11
2465,41.0833,13.0,71.479,0.202,1.1647,-3.42,0.98,-4.54,12.959,0.0,0.0,-0.0,0.0,0.0,0.0,12.93,12.96,12.98,12.96
2466,41.1,13.0,71.51,0.198,1.1631,-3.2,1.37,-4.56,13.401,0.0,0.0,-0.0,0.0,0.0,0.0,11.91,12.94,13.03,15.72
2467,41.1167,13.0,71.542,0.196,1.1655,-2.99,1.23,-4.16,12.775,0.0,0.0,-0.0,0.0,0.0,0.0,12.83,12.79,12.79,12.69
2468,41.1333,13.0,71.573,0.195,1.1666,-2.76,1.28,-4.01,13.226,0.0,0.0,-0.0,0.0,0.0,0.0,13.08,13.05,13.08,13.69
2469,41.15,13.0,71.604,0.193,1.1656,-2.82,1.25,-3.72,12.994,0.0,0.0,-0.0,0.0,0.0,0.0,12.99,12.99,13.0,13.0
2470,41.1667,13.0,71.635,0.193,1.1634,-2.93,1.46,-3.63,12.836,0.0,0.0,-0.0,0.0,0.0,0.0,13.01,13.01,13.01,12.31
2471,41.1833,13.0,71.666,0.192,1.1606,-3.12,1.53,-3.61,13.352,0.0,0.0,-0.0,0.0,0.0,0.0,12.96,14.84,12.63,12.98
2472,41.2,13.0,71.695,0.191,1.1641,-3.11,1.36,-3.67,12.994,0.0,0.0,-0.0,0.0,0.0,0.0,13.0,12.99,12.99,13.0
2473,41.2167,13.0,71.725,0.19,1.1654,-3.26,1.15,-3.68,12.138,0.0,0.0,-0.0,0.0,0.0,0.0,13.03,12.04,13.16,10.32
2474,41.2333,13.0,71.755,0.189,1.1654,-3.39,1.16,-3.73,12.995,0.0,0.0,-0.0,0.0,0.0,0.0,13.0,12.99,13.0,12.99
2475,41.25,13.0,71.784,0.187,1.164,-3.33,1.3,-3.65,11.583,0.0,0.0,-0.0,0.0,0.0,0.0,12.98,10.75,12.93,9.67
2476,41.2667,13.0,71.814,0.185,1.1609,-3.21,1.38,-3.54,12.996,0.0,0.0,-0.0,0.0,0.0,0.0,13.0,12.98,13.0,13.0
2477,41.2833,13.0,71.844,0.184,1.1583,-3.3,1.93,-3.56,12.62,0.0,0.0,-0.0,0.0,0.0,0.0,12.99,13.1,12.99,11.4
2478,41.3,13.0,71.875,0.182,1.1537,-3.45,2.24,-3.61,12.972,0.0,0.0,-0.0,0.0,0.0,0.0,12.97,12.96,13.0,12.96
2479,41.3167,13.0,71.907,0.18,1.1496,-3.4,2.97,-3.56,11.712,0.0,0.0,-0.0,0.0,0.0,0.0,12.98,11.13,13.09,9.65
2480,41.3333,13.0,71.939,0.178,1.1453,-3.27,3.75,-3.5,12.294,0.0,0.0,-0.0,0.0,0.0,0.0,12.88,10.38,12.99,12.93
2481,41.35,13.0,71.971,0.174,1.1463,-2.86,3.9,-3.51,11.853,0.0,0.0,-0.0,0.0,0.0,0.0,11.05,12.98,12.2,11.18
2482,41.3667,13.0,72.003,0.171,1.1471,-2.73,3.97,-3.47,13.434,0.0,0.0,-0.0,0.0,0.0,0.0,12.82,12.82,15.2,12.89
2483,41.3833,13.0,72.035,0.168,1.1474,-2.87,3.43,-3.32,12.989,0.0,0.0,-0.0,0.0,0.0,0.0,12.99,12.99,12.97,13.0
2484,41.4,13.0,72.066,0.167,1.1474,-3.23,3.45,-3.52,11.67,0.0,0.0,-0.0,0.0,0.0,0.0,7.82,12.73,12.73,13.41
2485,41.4167,13.0,72.097,0.168,1.149,-3.25,3.5,-3.17,12.987,0.0,0.0,-0.0,0.0,0.0,0.0,12.97,12.98,12.99,13.0
2486,41.4333,13.0,72.128,0.169,1.148,-3.26,3.37,-2.83,15.519,0.0,0.0,-0.0,0.0,0.0,0.0,12.42,13.25,12.55,23.86
2487,41.45,13.0,72.158,0.171,1.1465,-3.42,3.66,-2.87,12.981,0.0,0.0,-0.0,0.0,0.0,0.0,12.99,12.97,12.98,12.98
2488,41.4667,13.0,72.188,0.171,1.1462,-3.46,3.18,-3.0,13.512,0.0,0.0,-0.0,0.0,0.0,0.0,14.03,12.77,12.77,14.49
2489,41.4833,13.0,72.217,0.169,1.1473,-3.86,2.66,-2.54,12.954,0.0,0.0,-0.0,0.0,0.0,0.0,12.99,12.91,12.93,12.97
2490,41.5,13.0,72.246,0.167,1.1458,-4.2,2.06,-2.13,12.952,0.0,0.0,-0.0,0.0,0.0,0.0,13.0,12.9,12.96,12.95
2491,41.5167,13.0,72.275,0.165,1.1417,-4.38,1.4,-1.8,12.798,0.0,0.0,-0.0,0.0,0.0,0.0,12.77,12.43,13.03,12.96
2492,41.5333,13.0,72.305,0.162,1.1401,-3.59,1.69,-1.31,12.631,0.0,0.0,-0.0,0.0,0.0,0.0,13.02,11.49,13.04,12.98
2493,41.55,13.0,72.335,0.159,1.1346,-3.04,1.48,-0.97,11.604,0.0,0.0,-0.0,0.0,0.0,0.0,12.82,7.95,12.79,12.86
2494,41.5667,13.0,72.366,0.158,1.1316,-2.83,2.28,-0.94,12.375,0.0,0.0,-0.0,0.0,0.0,0.0,12.97,12.93,13.04,10.56
2495,41.5833,13.0,72.397,0.157,1.1265,-2.58,2.82,-0.86,11.933,0.0,0.0,-0.0,0.0,0.0,0.0,13.06,12.42,13.05,9.21
2496,41.6,13.0,72.428,0.156,1.1226,-2.53,3.81,-0.91,12.301,0.0,0.0,-0.0,0.0,0.0,0.0,12.92,12.91,12.95,10.42
2497,41.6167,13.0,72.46,0.156,1.1165,-2.47,4.45,-0.93,12.914,0.0,0.0,-0.0,0.0,0.0,0.0,12.89,12.91,12.94,12.92
2498,41.6333,13.0,72.492,0.158,1.1122,-2.86,4.56,-0.99,13.887,0.0,0.0,-0.0,0.0,0.0,0.0,14.43,12.92,13.97,14.22
2499,41.65,13.0,72.522,0.158,1.1165,-2.93,4.34,-1.07,12.052,0.0,0.0,-0.0,0.0,0.0,0.0,12.43,11.37,12.96,11.44
2500,41.6667,13.0,72.552,0.158,1.1167,-3.0,4.25,-1.18,12.991,0.0,0.0,-0.0,0.0,0.0,0.0,12.98,12.99,13.0,12.99
2501,41.6833,13.0,72.582,0.158,1.1162,-2.99,4.31,-1.22,12.886,0.0,0.0,-0.0,0.0,0.0,0.0,12.84,14.38,12.97,11.35
2502,41.7,13.0,72.613,0.156,1.1165,-2.76,4.19,-1.4,13.979,0.0,0.0,-0.0,0.0,0.0,0.0,16.77,13.04,13.05,13.05
2503,41.7167,13.0,72.643,0.155,1.1171,-2.74,4.3,-1.51,12.979,0.0,0.0,-0.0,0.0,0.0,0.0,12.99,12.97,13.0,12.95
2504,41.7333,13.0,72.673,0.154,1.1157,-2.74,4.24,-1.51,13.152,0.0,0.0,-0.0,0.0,0.0,0.0,13.5,13.03,13.04,13.05
2505,41.75,13.0,72.703,0.152,1.1137,-2.68,3.92,-1.63,12.715,0.0,0.0,-0.0,0.0,0.0,0.0,13.0,13.0,13.02,11.84
2506,41.7667,13.0,72.733,0.151,1.1104,-2.63,3.57,-1.76,12.875,0.0,0.0,-0.0,0.0,0.0,0.0,8.19,13.06,17.28,12.97
2507,41.7833,13.0,72.763,0.151,1.1059,-2.69,2.83,-1.75,12.961,0.0,0.0,-0.0,0.0,0.0,0.0,12.97,12.95,12.96,12.96
2508,41.8,13.0,72.793,0.151,1.0986,-2.76,2.04,-1.77,12.958,0.0,0.0,-0.0,0.0,0.0,0.0,12.95,12.95,12.97,12.96
2509,41.8167,13.0,72.823,0.152,1.0939,-3.12,2.46,-1.87,13.662,0.0,0.0,-0.0,0.0,0.0,0.0,12.47,12.68,13.03,16.47
2510,41.8333,13.0,72.85,0.148,1.0992,-2.54,2.14,-1.79,13.081,0.0,0.0,-0.0,0.0,0.0,0.0,14.99,12.53,12.01,12.79
2511,41.85,13.0,72.877,0.147,1.102,-2.5,2.07,-1.77,12.644,0.0,0.0,-0.0,0.0,0.0,0.0,13.01,12.99,13.52,11.05
2512,41.8667,13.0,72.905,0.148,1.1031,-2.55,1.92,-1.71,12.992,0.0,0.0,-0.0,0.0,0.0,0.0,13.0,13.0,12.98,13.0
2513,41.8833,13.0,72.934,0.148,1.1025,-2.76,1.55,-1.71,12.851,0.0,0.0,-0.0,0.0,0.0,0.0,13.05,13.02,12.77,12.56
2514,41.9,13.0,72.962,0.149,1.1034,-2.77,1.77,-1.57,12.321,0.0,0.0,-0.0,0.0,0.0,0.0,12.96,8.86,13.03,14.43
2515,41.9167,13.0,72.991,0.149,1.1032,-3.07,1.81,-1.43,12.636,0.0,0.0,-0.0,0.0,0.0,0.0,11.49,13.0,13.03,13.02
2516,41.9333,13.0,73.021,0.148,1.104,-2.79,1.75,-1.23,11.956,0.0,0.0,-0.0,0.0,0.0,0.0,13.05,11.27,10.49,13.01
2517,41.95,13.0,73.051,0.146,1.1037,-2.69,1.54,-1.16,12.999,0.0,0.0,-0.0,0.0,0.0,0.0,13.0,13.0,13.0,13.0
2518,41.9667,13.0,73.08,0.146,1.1033,-2.71,1.73,-1.27,12.604,0.0,0.0,-0.0,0.0,0.0,0.0,13.0,12.96,13.02,11.44
2519,41.9833,13.0,73.111,0.145,1.1013,-2.79,1.85,-1.3,11.581,0.0,0.0,-0.0,0.0,0.0,0.0,6.72,13.18,13.17,13.25
2520,42.0,13.0,73.14,0.145,1.1036,-2.75,1.66,-1.26,12.618,0.0,0.0,-0.0,0.0,0.0,0.0,12.94,13.29,12.4,11.84
2521,42.0167,13.0,73.169,0.145,1.1054,-2.8,1.28,-1.34,13.004,0.0,0.0,-0.0,0.0,0.0,0.0,13.0,13.0,13.01,13.01
2522,42.0333,13.0,73.198,0.145,1.1046,-2.82,0.74,-1.37,13.002,0.0,0.0,-0.0,0.0,0.0,0.0,13.0,13.0,13.01,13.0
2523,42.05,13.0,73.227,0.146,1.1011,-2.81,0.08,-1.36,12.992,0.0,0.0,-0.0,0.0,0.0,0.0,12.98,12.99,13.0,13.0
2524,42.0667,13.0,73.256,0.146,1.0949,-2.76,-0.66,-1.32,12.973,0.0,0.0,-0.0,0.0,0.0,0.0,12.96,12.97,12.99,12.97
2525,42.0833,13.0,73.279,0.142,1.0942,-2.01,-1.96,-1.17,11.441,0.0,0.0,-0.0,0.0,0.0,0.0,10.99,10.8,13.04,10.93
2526,42.1,13.0,73.3,0.137,1.1,-1.77,-1.85,-1.47,11.875,0.0,0.0,-0.0,0.0,0.0,0.0,12.29,12.89,12.92,9.4
2527,42.1167,13.0,73.322,0.133,1.1042,-1.4,-1.94,-1.67,11.912,0.0,0.0,-0.0,0.0,0.0,0.0,12.95,12.98,12.97,8.75
2528,42.1333,13.0,73.345,0.13,1.107,-1.13,-2.05,-1.84,12.2,0.0,0.0,-0.0,0.0,0.0,0.0,13.05,13.07,13.07,9.6
2529,42.15,13.0,73.367,0.127,1.1081,-1.0,-2.17,-1.98,12.995,0.0,0.0,-0.0,0.0,0.0,0.0,13.0,13.0,13.0,12.99
2530,42.1667,13.0,73.391,0.124,1.1087,-0.99,-2.19,-2.15,11.787,0.0,0.0,-0.0,0.0,0.0,0.0,12.99,13.0,11.08,10.08
2531,42.1833,13.0,73.414,0.124,1.1094,-1.01,-2.31,-2.2,12.995,0.0,0.0,-0.0,0.0,0.0,0.0,13.0,13.0,12.99,12.99
2532,42.2,13.0,73.438,0.124,1.1081,-1.2,-2.51,-2.24,12.171,0.0,0.0,-0.0,0.0,0.0,0.0,13.02,13.01,13.0,9.66
2533,42.2167,13.0,73.463,0.126,1.1068,-1.7,-2.5,-2.34,12.516,0.0,0.0,-0.0,0.0,0.0,0.0,13.0,12.99,13.0,11.07
2534,42.2333,13.0,73.488,0.127,1.1032,-2.14,-2.71,-2.43,11.415,0.0,0.0,-0.0,0.0,0.0,0.0,8.69,13.08,13.08,10.8
2535,42.25,13.0,73.515,0.129,1.1026,-2.68,-2.72,-2.37,16.529,0.0,0.0,-0.0,0.0,0.0,0.0,16.81,15.69,13.1,20.51
2536,42.2667,13.0,73.542,0.129,1.1031,-2.66,-3.21,-2.63,10.857,0.0,0.0,-0.0,0.0,0.0,0.0,14.19,3.12,12.62,13.49
2537,42.2833,13.0,73.57,0.128,1.1068,-2.74,-3.22,-2.18,13.002,0.0,0.0,-0.0,0.0,0.0,0.0,12.93,12.98,12.96,13.14
2538,42.3,13.0,73.597,0.127,1.1072,-2.85,-3.56,-1.8,12.991,0.0,0.0,-0.0,0.0,0.0,0.0,12.97,13.0,12.99,13.0
2539,42.3167,13.0,73.625,0.126,1.1081,-2.73,-3.51,-1.66,12.708,0.0,0.0,-0.0,0.0,0.0,0.0,12.95,12.28,12.95,12.66
2540,42.3333,13.0,73.654,0.126,1.107,-2.75,-3.61,-1.65,12.786,0.0,0.0,-0.0,0.0,0.0,0.0,13.29,13.27,13.24,11.35
2541,42.35,13.0,73.683,0.125,1.1061,-2.55,-3.26,-1.49,11.962,0.0,0.0,-0.0,0.0,0.0,0.0,12.92,9.04,12.95,12.94
2542,42.3667,13.0,73.712,0.124,1.1047,-2.17,-2.84,-1.28,17.223,0.0,0.0,-0.0,0.0,0.0,0.0,13.32,29.68,12.92,12.96
2543,42.3833,13.0,73.732,0.12,1.1106,-1.2,-2.94,-0.85,11.605,0.0,0.0,-0.0,0.0,0.0,0.0,12.87,13.03,13.06,7.46
2544,42.4,13.0,73.747,0.112,1.1198,-0.26,-3.34,-0.83,13.088,0.0,0.0,-0.0,0.0,0.0,0.0,12.8,12.95,12.95,13.65
2545,42.4167,13.0,73.763,0.106,1.127,0.64,-3.85,-0.94,12.948,0.0,0.0,-0.0,0.0,0.0,0.0,12.84,12.94,12.96,13.05
2546,42.4333,13.0,73.779,0.101,1.1332,1.15,-4.09,-1.18,11.182,0.0,0.0,-0.0,0.0,0.0,0.0,12.88,12.96,13.0,5.89
2547,42.45,13.0,73.795,0.096,1.1379,1.5,-4.33,-1.49,11.62,0.0,0.0,-0.0,0.0,0.0,0.0,13.01,13.02,13.05,7.41
2548,42.4667,13.0,73.811,0.093,1.1407,1.76,-4.66,-1.78,11.792,0.0,0.0,-0.0,0.0,0.0,0.0,12.97,12.99,12.98,8.23
2549,42.4833,13.0,73.827,0.09,1.1426,1.81,-4.81,-2.18,11.098,0.0,0.0,-0.0,0.0,0.0,0.0,12.98,13.02,13.01,5.38
2550,42.5,13.0,73.843,0.088,1.1434,1.66,-4.78,-2.65,11.469,0.0,0.0,-0.0,0.0,0.0,0.0,12.95,13.0,12.97,6.95
2551,42.5167,13.0,73.859,0.087,1.1419,1.52,-4.9,-3.05,12.97,0.0,0.0,-0.0,0.0,0.0,0.0,12.93,12.99,12.95,13.01
2552,42.5333,13.0,73.875,0.086,1.1393,1.14,-4.94,-3.41,11.739,0.0,0.0,-0.0,0.0,0.0,0.0,12.97,12.96,12.94,8.1
2553,42.55,13.0,73.892,0.087,1.136,0.71,-4.9,-3.77,12.221,0.0,0.0,-0.0,0.0,0.0,0.0,13.01,13.02,13.01,9.85
2554,42.5667,13.0,73.91,0.089,1.1318,0.22,-5.03,-3.89,10.369,0.0,0.0,-0.0,0.0,0.0,0.0,5.93,13.25,13.22,9.08
2555,42.5833,13.0,73.928,0.092,1.1319,-0.27,-5.31,-3.98,10.659,0.0,0.0,-0.0,0.0,0.0,0.0,8.64,12.98,12.96,8.06
2556,42.6,13.0,73.946,0.096,1.1324,-0.92,-5.67,-3.89,13.411,0.0,0.0,-0.0,0.0,0.0,0.0,13.38,12.88,12.87,14.52
2557,42.6167,13.0,73.966,0.099,1.1324,-1.47,-6.38,-3.93,14.487,0.0,0.0,-0.0,0.0,0.0,0.0,14.54,12.35,12.42,18.65
2558,42.6333,13.0,73.985,0.103,1.1319,-2.35,-6.76,-3.87,11.784,0.0,0.0,-0.0,0.0,0.0,0.0,9.55,12.88,12.86,11.85
2559,42.65,13.0,74.005,0.107,1.1356,-2.39,-6.93,-3.99,10.974,0.0,0.0,-0.0,0.0,0.0,0.0,11.6,9.99,12.95,9.36
2560,42.6667,13.0,74.026,0.109,1.1373,-2.39,-7.16,-3.81,12.998,0.0,0.0,-0.0,0.0,0.0,0.0,13.0,13.0,13.0,13.0
2561,42.6833,13.0,74.046,0.111,1.1385,-2.72,-7.15,-3.66,12.125,0.0,0.0,-0.0,0.0,0.0,0.0,13.18,11.92,13.13,10.26
2562,42.7,13.0,74.066,0.113,1.1406,-3.4,-6.75,-3.8,12.913,0.0,0.0,-0.0,0.0,0.0,0.0,12.86,12.96,12.93,12.9
2563,42.7167,13.0,74.085,0.114,1.1444,-3.43,-6.5,-3.94,10.086,0.0,0.0,-0.0,0.0,0.0,0.0,5.29,8.99,13.04,13.02
2564,42.7333,13.0,74.102,0.11,1.1503,-3.23,-5.96,-3.92,13.823,0.0,0.0,-0.0,0.0,0.0,0.0,12.94,16.47,12.95,12.93
2565,42.75,13.0,74.118,0.107,1.1539,-2.91,-5.68,-3.96,12.975,0.0,0.0,-0.0,0.0,0.0,0.0,12.96,12.97,12.99,12.98
2566,42.7667,13.0,74.135,0.103,1.1558,-2.47,-5.44,-3.97,19.474,0.0,0.0,-0.0,0.0,0.0,0.0,14.11,36.42,13.69,13.68
2567,42.7833,13.0,74.152,0.098,1.1562,-1.94,-5.33,-3.97,11.415,0.0,0.0,-0.0,0.0,0.0,0.0,13.01,6.63,13.01,13.01
2568,42.8,13.0,74.169,0.093,1.1543,-1.43,-5.39,-3.98,12.997,0.0,0.0,-0.0,0.0,0.0,0.0,12.99,13.0,13.01,13.0
2569,42.8167,13.0,74.187,0.087,1.1518,-0.78,-5.37,-3.97,11.415,0.0,0.0,-0.0,0.0,0.0,0.0,13.04,6.6,13.02,13.01
2570,42.8333,13.0,74.194,0.08,1.1589,0.28,-5.04,-3.81,8.308,0.0,0.0,-0.0,0.0,0.0,0.0,5.29,12.96,12.98,2.0
2571,42.85,13.0,74.202,0.073,1.1651,0.98,-4.89,-4.02,10.315,0.0,0.0,-0.0,0.0,0.0,0.0,13.0,12.92,12.96,2.38
2572,42.8667,13.0,74.211,0.067,1.1715,1.55,-4.87,-4.2,10.481,0.0,0.0,-0.0,0.0,0.0,0.0,13.27,12.43,12.59,3.63
2573,42.8833,13.0,74.221,0.063,1.1787,2.0,-5.05,-4.27,10.764,0.0,0.0,-0.0,0.0,0.0,0.0,13.34,12.57,12.68,4.47
2574,42.9,13.0,74.232,0.059,1.1853,2.28,-5.42,-4.33,9.127,0.0,0.0,-0.0,0.0,0.0,0.0,5.13,12.81,12.85,5.72
2575,42.9167,13.0,74.244,0.057,1.1912,2.4,-5.83,-4.39,11.26,0.0,0.0,-0.0,0.0,0.0,0.0,12.99,12.99,12.99,6.07
2576,42.9333,13.0,74.257,0.055,1.1958,2.41,-6.35,-4.41,11.471,0.0,0.0,-0.0,0.0,0.0,0.0,12.99,12.98,12.99,6.92
2577,42.95,13.0,74.271,0.054,1.1984,2.31,-6.99,-4.4,11.519,0.0,0.0,-0.0,0.0,0.0,0.0,12.94,12.93,12.94,7.26
2578,42.9667,13.0,74.286,0.054,1.2008,2.01,-7.51,-4.4,11.567,0.0,0.0,-0.0,0.0,0.0,0.0,13.0,12.97,13.0,7.3
2579,42.9833,13.0,74.302,0.055,1.2023,1.61,-8.01,-4.41,11.827,0.0,0.0,-0.0,0.0,0.0,0.0,12.99,12.97,12.99,8.35
2580,43.0,13.0,74.319,0.056,1.2019,1.1,-8.61,-4.34,9.378,0.0,0.0,-0.0,0.0,0.0,0.0,12.85,12.8,12.83,-0.97
2581,43.0167,13.0,74.337,0.059,1.2013,0.45,-9.04,-4.31,11.767,0.0,0.0,-0.0,0.0,0.0,0.0,12.99,12.91,12.97,8.21
2582,43.0333,13.0,74.356,0.062,1.1993,-0.3,-9.48,-4.23,11.746,0.0,0.0,-0.0,0.0,0.0,0.0,13.01,12.95,13.02,8.0
2583,43.05,13.0,74.376,0.066,1.1959,-1.02,-9.99,-4.13,6.387,0.0,0.0,-0.0,0.0,0.0,0.0,-10.52,12.72,12.66,10.69
2584,43.0667,13.0,74.397,0.069,1.1957,-1.83,-10.38,-4.06,10.192,0.0,0.0,-0.0,0.0,0.0,0.0,4.32,9.62,13.26,13.57
2585,43.0833,13.0,74.419,0.069,1.1974,-2.05,-10.65,-3.96,11.706,0.0,0.0,-0.0,0.0,0.0,0.0,10.23,10.6,13.01,12.98
2586,43.1,13.0,74.443,0.067,1.2008,-1.96,-10.84,-3.88,12.433,0.0,0.0,-0.0,0.0,0.0,0.0,13.0,10.7,13.01,13.02
2587,43.1167,13.0,74.467,0.064,1.2018,-1.9,-11.28,-3.79,11.857,0.0,0.0,-0.0,0.0,0.0,0.0,12.66,9.16,12.82,12.79
2588,43.1333,13.0,74.492,0.061,1.2041,-1.65,-11.41,-3.69,11.891,0.0,0.0,-0.0,0.0,0.0,0.0,12.99,10.59,12.98,11.01
2589,43.15,13.0,74.517,0.058,1.2049,-1.56,-11.59,-3.61,11.926,0.0,0.0,-0.0,0.0,0.0,0.0,12.66,12.69,12.66,9.69
2590,43.1667,13.0,74.543,0.057,1.2055,-1.71,-11.55,-3.69,9.839,0.0,0.0,-0.0,0.0,0.0,0.0,12.89,0.61,12.9,12.95
2591,43.1833,13.0,74.565,0.055,1.2077,-0.96,-10.18,-3.02,11.361,0.0,0.0,-0.0,0.0,0.0,0.0,13.01,6.41,13.01,13.02
2592,43.2,13.0,74.588,0.052,1.2084,-0.21,-9.29,-2.54,11.345,0.0,0.0,-0.0,0.0,0.0,0.0,12.8,6.82,12.82,12.94
2593,43.2167,13.0,74.611,0.048,1.2081,0.62,-8.58,-2.11,11.461,0.0,0.0,-0.0,0.0,0.0,0.0,12.83,7.21,12.84,12.97
2594,43.2333,13.0,74.634,0.043,1.2069,1.54,-8.0,-1.73,11.476,0.0,0.0,-0.0,0.0,0.0,0.0,12.89,7.12,12.89,13.01
2595,43.25,13.0,74.655,0.039,1.2079,1.83,-6.39,-1.82,10.981,0.0,0.0,-0.0,0.0,0.0,0.0,12.86,12.85,12.87,5.34
2596,43.2667,13.0,74.677,0.036,1.2116,2.14,-5.47,-1.81,10.208,0.0,0.0,-0.0,0.0,0.0,0.0,6.82,12.8,12.85,8.36
2597,43.2833,13.0,74.699,0.033,1.2155,2.37,-5.08,-1.72,15.171,0.0,0.0,-0.0,0.0,0.0,0.0,23.91,12.16,12.41,12.21
2598,43.3,13.0,74.714,0.029,1.2242,3.1,-5.17,-1.17,15.488,0.0,0.0,-0.0,0.0,0.0,0.0,7.25,13.31,13.39,28.01
2599,43.3167,13.0,74.724,0.018,1.232,3.4,-5.95,-1.28,13.78,0.0,0.0,-0.0,0.0,0.0,0.0,12.97,12.96,12.94,16.25
2600,43.3333,13.0,74.734,0.009,1.2394,3.95,-6.34,-1.85,11.0,0.0,0.0,-0.0,0.0,0.0,0.0,13.08,13.01,13.08,4.82
2601,43.35,13.0,74.745,0.002,1.2458,4.36,-6.73,-2.39,11.416,0.0,0.0,-0.0,0.0,0.0,0.0,13.14,13.08,13.15,6.29
2602,43.3667,13.0,74.758,-0.004,1.2512,4.66,-7.15,-2.87,10.247,0.0,0.0,-0.0,0.0,0.0,0.0,13.04,13.01,13.04,1.9
2603,43.3833,13.0,74.772,-0.01,1.2551,4.9,-7.69,-3.25,10.787,0.0,0.0,-0.0,0.0,0.0,0.0,12.96,12.88,13.01,4.3
2604,43.4,13.0,74.786,-0.014,1.2587,4.91,-8.02,-3.68,11.222,0.0,0.0,-0.0,0.0,0.0,0.0,12.93,12.9,12.94,6.11
2605,43.4167,13.0,74.802,-0.017,1.2613,4.78,-8.39,-4.06,11.499,0.0,0.0,-0.0,0.0,0.0,0.0,12.95,12.93,12.95,7.16
2606,43.4333,13.0,74.818,-0.019,1.2621,4.56,-8.91,-4.36,9.001,0.0,0.0,-0.0,0.0,0.0,0.0,12.69,12.73,12.67,-2.09
2607,43.45,13.0,74.836,-0.021,1.263,4.16,-9.35,-4.61,11.391,0.0,0.0,-0.0,0.0,0.0,0.0,12.79,12.82,12.8,7.16
2608,43.4667,13.0,74.855,-0.021,1.2634,3.61,-9.75,-4.83,12.224,0.0,0.0,-0.0,0.0,0.0,0.0,12.98,12.99,12.99,9.93
2609,43.4833,13.0,74.875,-0.02,1.2617,3.03,-10.24,-4.97,9.998,0.0,0.0,-0.0,0.0,0.0,0.0,12.9,12.88,12.92,1.29
2610,43.5,13.0,74.895,-0.019,1.26,2.3,-10.55,-5.12,11.763,0.0,0.0,-0.0,0.0,0.0,0.0,12.93,12.91,12.94,8.28
2611,43.5167,13.0,74.916,-0.017,1.2566,1.51,-10.88,-5.21,15.207,0.0,0.0,-0.0,0.0,0.0,0.0,13.02,12.92,13.05,21.84
2612,43.5333,13.0,74.938,-0.014,1.2531,0.64,-11.25,-5.06,10.75,0.0,0.0,-0.0,0.0,0.0,0.0,2.49,12.98,12.82,14.72
2613,43.55,13.0,74.959,-0.009,1.2556,0.08,-11.57,-4.44,10.939,0.0,0.0,-0.0,0.0,0.0,0.0,12.59,5.8,12.73,12.63
2614,43.5667,13.0,74.981,-0.005,1.2584,-0.26,-11.72,-3.94,11.802,0.0,0.0,-0.0,0.0,0.0,0.0,12.94,8.27,12.99,13.0
2615,43.5833,13.0,75.004,-0.003,1.2598,-0.57,-11.96,-3.47,10.938,0.0,0.0,-0.0,0.0,0.0,0.0,12.69,4.87,13.08,13.11
2616,43.6,13.0,75.027,-0.002,1.2618,-0.61,-11.91,-3.03,11.725,0.0,0.0,-0.0,0.0,0.0,0.0,13.0,7.88,13.0,13.02
2617,43.6167,13.0,75.046,-0.002,1.2644,0.08,-10.61,-1.8,11.036,0.0,0.0,-0.0,0.0,0.0,0.0,13.0,5.13,13.0,13.01
2618,43.6333,13.0,75.065,-0.002,1.2656,0.81,-9.76,-0.91,8.735,0.0,0.0,-0.0,0.0,0.0,0.0,0.97,8.09,12.85,13.03
2619,43.65,13.0,75.084,-0.005,1.267,1.72,-9.01,-0.2,10.516,0.0,0.0,-0.0,0.0,0.0,0.0,9.48,6.69,12.88,13.02
2620,43.6667,13.0,75.102,-0.01,1.2687,2.81,-8.44,0.28,17.451,0.0,0.0,-0.0,0.0,0.0,0.0,13.24,30.82,12.79,12.95
2621,43.6833,13.0,75.12,-0.014,1.2704,3.28,-7.63,0.31,13.794,0.0,0.0,-0.0,0.0,0.0,0.0,28.13,11.46,11.36,4.23
2622,43.7,13.0,75.137,-0.015,1.2741,3.57,-6.82,0.24,19.967,0.0,0.0,-0.0,0.0,0.0,0.0,18.0,13.31,13.57,35.0
2623,43.7167,13.0,75.154,-0.016,1.2767,3.72,-6.24,0.11,10.02,0.0,0.0,-0.0,0.0,0.0,0.0,7.7,13.6,12.64,6.14
2624,43.7333,13.0,75.173,-0.017,1.2807,3.77,-5.86,0.17,17.699,0.0,0.0,-0.0,0.0,0.0,0.0,23.07,4.44,12.88,30.41
2625,43.75,13.0,75.191,-0.018,1.2814,4.06,-5.6,0.19,10.429,0.0,0.0,-0.0,0.0,0.0,0.0,9.72,7.12,12.97,11.91
2626,43.7667,13.0,75.211,-0.02,1.2833,4.21,-5.32,0.22,20.098,0.0,0.0,-0.0,0.0,0.0,0.0,29.15,26.74,13.27,11.23
2627,43.7833,13.0,75.231,-0.02,1.2836,4.26,-5.2,0.17,9.093,0.0,0.0,-0.0,0.0,0.0,0.0,2.64,12.66,12.78,8.29
2628,43.8,13.0,75.253,-0.019,1.2848,4.12,-5.26,0.16,12.145,0.0,0.0,-0.0,0.0,0.0,0.0,14.25,12.13,12.51,9.69
2629,43.8167,13.0,75.271,-0.02,1.2921,4.3,-6.37,0.2,12.804,0.0,0.0,-0.0,0.0,0.0,0.0,14.47,13.02,13.02,10.71
2630,43.8333,13.0,75.29,-0.022,1.2995,4.21,-7.32,-0.05,12.171,0.0,0.0,-0.0,0.0,0.0,0.0,13.0,12.94,12.91,9.84
2631,43.85,13.0,75.309,-0.023,1.3054,4.0,-8.14,-0.29,10.395,0.0,0.0,-0.0,0.0,0.0,0.0,13.0,2.65,12.95,12.98
2632,43.8667,13.0,75.329,-0.024,1.3099,3.98,-8.76,-0.48,11.291,0.0,0.0,-0.0,0.0,0.0,0.0,13.07,9.52,12.95,9.62
2633,43.8833,13.0,75.348,-0.026,1.3136,4.19,-9.27,-0.66,12.994,0.0,0.0,-0.0,0.0,0.0,0.0,12.99,12.98,12.99,13.01
2634,43.9,13.0,75.369,-0.027,1.3159,4.16,-9.71,-0.86,10.445,0.0,0.0,-0.0,0.0,0.0,0.0,13.04,7.37,13.18,8.19
2635,43.9167,13.0,75.39,-0.029,1.3182,4.04,-9.99,-1.15,12.369,0.0,0.0,-0.0,0.0,0.0,0.0,12.95,10.54,12.98,13.0
2636,43.9333,13.0,75.412,-0.031,1.3199,4.1,-10.27,-1.45,16.096,0.0,0.0,-0.0,0.0,0.0,0.0,12.89,10.06,13.07,28.36
2637,43.95,13.0,75.434,-0.033,1.3216,4.33,-10.43,-1.67,12.239,0.0,0.0,-0.0,0.0,0.0,0.0,12.94,12.86,12.94,10.23
2638,43.9667,13.0,75.457,-0.035,1.3222,4.35,-10.63,-1.87,11.785,0.0,0.0,-0.0,0.0,0.0,0.0,12.64,16.37,12.68,5.46
2639,43.9833,13.0,75.481,-0.037,1.3228,4.08,-10.72,-2.1,12.931,0.0,0.0,-0.0,0.0,0.0,0.0,12.88,16.83,12.85,9.16
2640,44.0,13.0,75.506,-0.037,1.3223,3.96,-10.9,-2.37,12.991,0.0,0.0,-0.0,0.0,0.0,0.0,12.99,12.98,13.01,12.99
2641,44.0167,13.0,75.532,-0.04,1.3229,4.04,-10.71,-2.42,12.316,0.0,0.0,-0.0,0.0,0.0,0.0,13.02,10.69,13.05,12.51
2642,44.0333,13.0,75.558,-0.042,1.3219,4.1,-10.73,-2.52,12.202,0.0,0.0,-0.0,0.0,0.0,0.0,12.69,10.22,12.96,12.94
2643,44.05,13.0,75.579,-0.046,1.324,5.27,-9.03,-1.59,11.568,0.0,0.0,-0.0,0.0,0.0,0.0,13.03,7.18,13.01,13.05
2644,44.0667,13.0,75.602,-0.051,1.3247,6.34,-7.9,-0.98,11.237,0.0,0.0,-0.0,0.0,0.0,0.0,12.89,6.17,12.86,13.03
2645,44.0833,13.0,75.624,-0.057,1.3241,7.43,-6.98,-0.49,11.453,0.0,0.0,-0.0,0.0,0.0,0.0,12.85,7.09,12.84,13.04
2646,44.1,13.0,75.644,-0.062,1.3252,7.76,-5.26,-0.48,10.834,0.0,0.0,-0.0,0.0,0.0,0.0,12.9,12.78,12.84,4.82
2647,44.1167,13.0,75.666,-0.066,1.3242,8.1,-4.18,-0.48,2.711,0.0,0.0,-0.0,0.0,0.0,0.0,12.36,12.44,12.26,-26.22
2648,44.1333,13.0,75.687,-0.07,1.3243,7.86,-3.03,-0.52,12.778,0.0,0.0,-0.0,0.0,0.0,0.0,12.78,12.82,12.82,12.69
2649,44.15,13.0,75.709,-0.073,1.3219,7.67,-2.34,-0.58,12.884,0.0,0.0,-0.0,0.0,0.0,0.0,12.87,12.91,12.91,12.85
2650,44.1667,13.0,75.732,-0.075,1.3191,7.77,-1.95,-0.62,10.855,0.0,0.0,-0.0,0.0,0.0,0.0,7.73,13.43,13.73,8.53
2651,44.1833,13.0,75.756,-0.076,1.321,7.86,-1.91,-0.55,10.739,0.0,0.0,-0.0,0.0,0.0,0.0,10.03,13.06,13.1,6.77
2652,44.2,13.0,75.78,-0.077,1.3216,7.86,-2.09,-0.53,12.17,0.0,0.0,-0.0,0.0,0.0,0.0,13.04,12.96,13.02,9.66
2653,44.2167,13.0,75.806,-0.076,1.322,7.6,-2.2,-0.53,11.582,0.0,0.0,-0.0,0.0,0.0,0.0,10.9,12.84,12.87,9.72
2654,44.2333,13.0,75.832,-0.075,1.3223,7.38,-2.52,-0.39,12.998,0.0,0.0,-0.0,0.0,0.0,0.0,12.99,13.0,13.0,13.0
2655,44.25,13.0,75.859,-0.074,1.3221,7.15,-2.61,-0.37,11.726,0.0,0.0,-0.0,0.0,0.0,0.0,12.93,9.56,12.94,11.47
2656,44.2667,13.0,75.887,-0.073,1.3227,7.07,-2.35,-0.3,13.915,0.0,0.0,-0.0,0.0,0.0,0.0,18.84,10.73,13.07,13.03
2657,44.2833,13.0,75.915,-0.074,1.3223,7.1,-2.42,-0.24,16.168,0.0,0.0,-0.0,0.0,0.0,0.0,23.03,15.6,13.02,13.03
2658,44.3,13.0,75.944,-0.076,1.3211,7.32,-2.36,-0.21,11.149,0.0,0.0,-0.0,0.0,0.0,0.0,12.53,13.04,12.92,6.11
2659,44.3167,13.0,75.974,-0.079,1.3212,7.41,-2.28,-0.43,12.211,0.0,0.0,-0.0,0.0,0.0,0.0,12.86,12.84,12.83,10.31
2660,44.3333,13.0,76.004,-0.081,1.3202,7.57,-2.32,-0.69,12.852,0.0,0.0,-0.0,0.0,0.0,0.0,12.53,12.93,12.98,12.98
2661,44.35,13.0,76.034,-0.082,1.3206,7.51,-2.17,-0.78,13.236,0.0,0.0,-0.0,0.0,0.0,0.0,12.33,12.99,12.94,14.69
2662,44.3667,13.0,76.065,-0.082,1.3232,7.7,-2.25,-0.36,13.735,0.0,0.0,-0.0,0.0,0.0,0.0,12.76,12.77,12.68,16.73
2663,44.3833,13.0,76.094,-0.082,1.3247,7.23,-2.0,-0.03,12.924,0.0,0.0,-0.0,0.0,0.0,0.0,12.9,12.93,12.99,12.88
2664,44.4,13.0,76.123,-0.082,1.3246,7.07,-2.24,0.2,12.934,0.0,0.0,-0.0,0.0,0.0,0.0,12.85,12.97,13.0,12.92
2665,44.4167,13.0,76.153,-0.082,1.3229,7.16,-2.72,0.31,11.503,0.0,0.0,-0.0,0.0,0.0,0.0,13.07,6.52,13.26,13.17
2666,44.4333,13.0,76.179,-0.084,1.3248,8.42,-1.47,1.29,10.89,0.0,0.0,-0.0,0.0,0.0,0.0,8.38,9.1,13.03,13.04
2667,44.45,13.0,76.206,-0.087,1.3257,9.01,-0.65,1.61,9.276,0.0,0.0,-0.0,0.0,0.0,0.0,2.52,12.86,12.86,8.87
2668,44.4667,13.0,76.234,-0.091,1.3271,9.3,-0.25,1.45,12.096,0.0,0.0,-0.0,0.0,0.0,0.0,12.18,13.06,13.06,10.09
2669,44.4833,13.0,76.263,-0.094,1.3265,9.64,-0.16,1.31,13.003,0.0,0.0,-0.0,0.0,0.0,0.0,13.0,13.0,13.02,12.99
2670,44.5,13.0,76.292,-0.096,1.3255,9.72,0.22,1.04,10.762,0.0,0.0,-0.0,0.0,0.0,0.0,8.37,12.79,12.76,9.13
2671,44.5167,13.0,76.322,-0.098,1.3243,9.95,0.46,0.92,12.971,0.0,0.0,-0.0,0.0,0.0,0.0,12.98,12.96,12.98,12.97
2672,44.5333,13.0,76.351,-0.098,1.322,9.85,0.83,0.76,12.207,0.0,0.0,-0.0,0.0,0.0,0.0,12.97,12.97,12.98,9.91
2673,44.55,13.0,76.381,-0.099,1.3181,9.72,1.08,0.55,12.968,0.0,0.0,-0.0,0.0,0.0,0.0,12.96,12.98,12.97,12.97
2674,44.5667,13.0,76.411,-0.098,1.3155,9.58,1.44,0.54,11.879,0.0,0.0,-0.0,0.0,0.0,0.0,10.03,12.12,12.91,12.46
2675,44.5833,13.0,76.442,-0.096,1.3171,9.67,1.39,0.77,12.966,0.0,0.0,-0.0,0.0,0.0,0.0,12.97,12.93,12.95,13.02
2676,44.6,13.0,76.472,-0.096,1.3172,9.56,1.25,0.81,13.147,0.0,0.0,-0.0,0.0,0.0,0.0,16.06,12.54,12.6,11.39
2677,44.6167,13.0,76.502,-0.095,1.32,9.57,0.8,0.68,11.796,0.0,0.0,-0.0,0.0,0.0,0.0,12.67,12.87,12.58,9.06
2678,44.6333,13.0,76.532,-0.096,1.321,9.2,0.46,0.66,12.729,0.0,0.0,-0.0,0.0,0.0,0.0,12.9,13.98,12.91,11.13
2679,44.65,13.0,76.562,-0.096,1.3216,9.26,0.45,0.52,12.692,0.0,0.0,-0.0,0.0,0.0,0.0,12.87,13.52,12.93,11.45
2680,44.6667,13.0,76.592,-0.1,1.3214,8.84,0.6,0.83,11.682,0.0,0.0,-0.0,0.0,0.0,0.0,12.88,7.78,13.02,13.04
2681,44.6833,13.0,76.623,-0.102,1.3197,9.03,0.76,0.84,12.311,0.0,0.0,-0.0,0.0,0.0,0.0,12.97,10.21,13.01,13.05
2682,44.7,13.0,76.653,-0.103,1.3166,9.22,0.89,0.83,12.188,0.0,0.0,-0.0,0.0,0.0,0.0,10.82,12.84,12.74,12.35
2683,44.7167,13.0,76.684,-0.103,1.3174,9.73,0.91,1.28,12.936,0.0,0.0,-0.0,0.0,0.0,0.0,12.88,12.93,12.96,12.97
2684,44.7333,13.0,76.715,-0.102,1.3173,9.89,1.15,1.52,12.973,0.0,0.0,-0.0,0.0,0.0,0.0,12.93,12.96,12.97,13.02
2685,44.75,13.0,76.746,-0.1,1.3169,9.86,1.5,1.57,12.384,0.0,0.0,-0.0,0.0,0.0,0.0,12.51,12.99,13.03,11.0
2686,44.7667,13.0,76.777,-0.1,1.3208,9.81,1.33,1.61,12.997,0.0,0.0,-0.0,0.0,0.0,0.0,12.99,13.0,13.0,12.99
2687,44.7833,13.0,76.807,-0.1,1.322,9.73,0.99,1.62,12.998,0.0,0.0,-0.0,0.0,0.0,0.0,13.0,13.0,13.0,12.99
2688,44.8,13.0,76.838,-0.101,1.3206,9.64,0.47,1.59,12.997,0.0,0.0,-0.0,0.0,0.0,0.0,13.0,13.0,13.0,12.99
2689,44.8167,13.0,76.868,-0.099,1.3196,9.19,0.63,1.25,12.489,0.0,0.0,-0.0,0.0,0.0,0.0,12.97,12.67,12.96,11.35
2690,44.8333,13.0,76.899,-0.099,1.318,8.97,1.0,1.11,12.577,0.0,0.0,-0.0,0.0,0.0,0.0,13.0,11.36,12.97,12.98
2691,44.85,13.0,76.93,-0.098,1.3147,8.91,1.31,1.03,12.388,0.0,0.0,-0.0,0.0,0.0,0.0,12.83,10.74,12.98,13.0
2692,44.8667,13.0,76.961,-0.099,1.3109,9.18,1.75,1.06,12.69,0.0,0.0,-0.0,0.0,0.0,0.0,13.0,11.74,12.99,13.03
2693,44.8833,13.0,76.993,-0.1,1.306,9.18,2.26,0.97,12.438,0.0,0.0,-0.0,0.0,0.0,0.0,13.02,12.99,13.02,10.71
2694,44.9,13.0,77.025,-0.1,1.3011,9.11,2.94,0.89,11.799,0.0,0.0,-0.0,0.0,0.0,0.0,13.05,10.47,13.0,10.68
2695,44.9167,13.0,77.058,-0.101,1.2966,9.05,3.91,0.84,12.402,0.0,0.0,-0.0,0.0,0.0,0.0,12.91,10.83,12.96,12.91
2696,44.9333,13.0,77.091,-0.102,1.2903,9.07,4.57,0.84,12.911,0.0,0.0,-0.0,0.0,0.0,0.0,12.89,12.91,12.93,12.92
2697,44.95,13.0,77.124,-0.103,1.2825,9.38,5.21,0.93,12.526,0.0,0.0,-0.0,0.0,0.0,0.0,12.97,11.14,13.0,12.99
2698,44.9667,13.0,77.157,-0.104,1.2755,9.39,6.3,0.87,12.265,0.0,0.0,-0.0,0.0,0.0,0.0,12.92,12.89,12.94,10.31
2699,44.9833,13.0,77.189,-0.102,1.2739,9.17,6.3,0.92,14.873,0.0,0.0,-0.0,0.0,0.0,0.0,13.03,12.85,20.53,13.08
2700,45.0,13.0,77.217,-0.097,1.2797,9.0,5.7,1.16,12.939,0.0,0.0,-0.0,0.0,0.0,0.0,12.99,12.96,12.85,12.96
2701,45.0167,13.0,77.245,-0.092,1.2828,8.88,5.01,1.33,12.961,0.0,0.0,-0.0,0.0,0.0,0.0,12.99,12.97,12.93,12.95
2702,45.0333,13.0,77.273,-0.087,1.2832,8.79,4.26,1.45,12.965,0.0,0.0,-0.0,0.0,0.0,0.0,12.99,12.97,12.95,12.95
2703,45.05,13.0,77.301,-0.084,1.2819,8.76,3.73,1.77,12.881,0.0,0.0,-0.0,0.0,0.0,0.0,13.74,10.67,13.52,13.59
2704,45.0667,13.0,77.329,-0.081,1.2799,9.07,3.46,2.15,12.363,0.0,0.0,-0.0,0.0,0.0,0.0,13.07,10.46,12.95,12.98
2705,45.0833,13.0,77.359,-0.079,1.2775,9.67,3.41,2.56,12.621,0.0,0.0,-0.0,0.0,0.0,0.0,13.04,11.41,12.99,13.05
2706,45.1,13.0,77.389,-0.078,1.2747,9.87,3.65,2.7,12.213,0.0,0.0,-0.0,0.0,0.0,0.0,12.95,10.96,13.0,11.94
2707,45.1167,13.0,77.42,-0.077,1.2718,9.94,4.13,2.79,13.339,0.0,0.0,-0.0,0.0,0.0,0.0,13.03,16.15,12.96,11.22
2708,45.1333,13.0,77.45,-0.076,1.268,9.75,4.67,2.72,12.6,0.0,0.0,-0.0,0.0,0.0,0.0,12.84,11.17,13.09,13.31
2709,45.15,13.0,77.481,-0.075,1.263,9.84,5.22,2.72,12.653,0.0,0.0,-0.0,0.0,0.0,0.0,13.0,11.54,13.01,13.06
2710,45.1667,13.0,77.513,-0.075,1.2569,10.09,5.81,2.76,12.113,0.0,0.0,-0.0,0.0,0.0,0.0,12.95,11.4,12.98,11.13
2711,45.1833,13.0,77.545,-0.074,1.2514,10.02,6.73,2.61,10.781,0.0,0.0,-0.0,0.0,0.0,0.0,12.81,6.65,12.84,10.83
2712,45.2,13.0,77.578,-0.074,1.2449,10.13,7.54,2.56,12.657,0.0,0.0,-0.0,0.0,0.0,0.0,12.92,11.76,12.98,12.97
2713,45.2167,13.0,77.611,-0.074,1.2379,10.11,8.42,2.48,12.232,0.0,0.0,-0.0,0.0,0.0,0.0,12.9,12.88,12.92,10.22
2714,45.2333,13.0,77.645,-0.074,1.23,10.17,9.25,2.39,12.683,0.0,0.0,-0.0,0.0,0.0,0.0,12.93,11.91,12.96,12.93
2715,45.25,13.0,77.678,-0.074,1.2221,10.2,10.31,2.31,12.061,0.0,0.0,-0.0,0.0,0.0,0.0,12.96,11.55,12.97,10.76
2716,45.2667,13.0,77.712,-0.072,1.2214,10.03,10.3,2.31,13.007,0.0,0.0,-0.0,0.0,0.0,0.0,12.87,13.39,12.92,12.85
2717,45.2833,13.0,77.745,-0.07,1.221,9.81,10.06,2.35,12.999,0.0,0.0,-0.0,0.0,0.0,0.0,13.0,13.0,13.0,13.0
2718,45.3,13.0,77.778,-0.068,1.2179,9.55,9.64,2.35,12.997,0.0,0.0,-0.0,0.0,0.0,0.0,13.0,13.0,13.0,12.99
2719,45.3167,13.0,77.811,-0.065,1.2122,9.3,9.08,2.33,12.985,0.0,0.0,-0.0,0.0,0.0,0.0,13.0,12.97,12.98,12.99
2720,45.3333,13.0,77.844,-0.063,1.2037,9.04,8.42,2.29,12.97,0.0,0.0,-0.0,0.0,0.0,0.0,12.98,12.95,12.96,12.99
2721,45.35,13.0,77.877,-0.061,1.1925,8.8,7.69,2.24,12.961,0.0,0.0,-0.0,0.0,0.0,0.0,12.97,12.94,12.95,12.98
2722,45.3667,13.0,77.91,-0.058,1.1787,8.58,6.91,2.19,12.955,0.0,0.0,-0.0,0.0,0.0,0.0,12.96,12.93,12.95,12.98
2723,45.3833,13.0,77.942,-0.057,1.1667,8.98,7.4,2.46,12.663,0.0,0.0,-0.0,0.0,0.0,0.0,13.16,11.28,13.44,12.77
2724,45.4,13.0,77.974,-0.054,1.1576,8.95,8.72,2.53,12.037,0.0,0.0,-0.0,0.0,0.0,0.0,12.85,12.46,12.91,9.93
2725,45.4167,13.0,78.007,-0.052,1.1474,8.96,9.81,2.59,12.22,0.0,0.0,-0.0,0.0,0.0,0.0,12.92,10.08,12.97,12.91
2726,45.4333,13.0,78.04,-0.051,1.1378,8.87,11.07,2.6,11.419,0.0,0.0,-0.0,0.0,0.0,0.0,12.72,9.83,12.96,10.17
2727,45.45,13.0,78.074,-0.047,1.1376,8.46,11.2,2.56,12.922,0.0,0.0,-0.0,0.0,0.0,0.0,12.83,13.09,12.92,12.85
2728,45.4667,13.0,78.107,-0.045,1.1376,8.34,11.55,2.71,12.763,0.0,0.0,-0.0,0.0,0.0,0.0,13.0,12.04,13.02,12.99
2729,45.4833,13.0,78.139,-0.042,1.137,8.08,11.64,2.79,12.643,0.0,0.0,-0.0,0.0,0.0,0.0,12.73,15.29,9.72,12.84
2730,45.5,13.0,78.171,-0.04,1.139,7.89,11.81,2.8,13.382,0.0,0.0,-0.0,0.0,0.0,0.0,12.52,9.64,18.04,13.32
2731,45.5167,13.0,78.202,-0.039,1.139,7.59,11.84,2.88,12.994,0.0,0.0,-0.0,0.0,0.0,0.0,13.0,13.0,12.99,12.98
2732,45.5333,13.0,78.234,-0.038,1.1364,7.31,11.69,2.94,12.998,0.0,0.0,-0.0,0.0,0.0,0.0,13.0,13.0,13.0,13.0
2733,45.55,13.0,78.266,-0.036,1.1311,7.07,11.35,2.98,12.998,0.0,0.0,-0.0,0.0,0.0,0.0,13.0,13.0,13.0,13.0
2734,45.5667,13.0,78.297,-0.034,1.1246,6.83,10.67,3.05,14.348,0.0,0.0,-0.0,0.0,0.0,0.0,12.73,12.76,19.08,12.82
2735,45.5833,13.0,78.327,-0.03,1.1196,6.48,9.64,3.1,12.913,0.0,0.0,-0.0,0.0,0.0,0.0,12.93,12.87,12.93,12.93
2736,45.6,13.0,78.356,-0.026,1.1119,6.2,8.65,3.1,12.923,0.0,0.0,-0.0,0.0,0.0,0.0,12.93,12.88,12.93,12.95
2737,45.6167,13.0,78.386,-0.021,1.1015,5.98,7.7,3.08,12.928,0.0,0.0,-0.0,0.0,0.0,0.0,12.92,12.89,12.93,12.96
2738,45.6333,13.0,78.416,-0.017,1.0884,5.8,6.76,3.02,12.932,0.0,0.0,-0.0,0.0,0.0,0.0,12.92,12.9,12.94,12.97
2739,45.65,13.0,78.446,-0.015,1.0768,6.25,6.89,3.36,12.015,0.0,0.0,-0.0,0.0,0.0,0.0,12.91,9.24,12.95,12.97
2740,45.6667,13.0,78.476,-0.014,1.0675,7.42,7.79,3.87,12.441,0.0,0.0,-0.0,0.0,0.0,0.0,12.95,10.81,12.95,13.04
2741,45.6833,13.0,78.508,-0.013,1.0587,7.63,9.09,3.92,12.076,0.0,0.0,-0.0,0.0,0.0,0.0,12.86,12.78,12.84,9.82
2742,45.7,13.0,78.54,-0.01,1.0542,7.31,9.37,3.82,12.392,0.0,0.0,-0.0,0.0,0.0,0.0,12.78,13.13,10.95,12.71
2743,45.7167,13.0,78.57,-0.004,1.0568,6.73,9.74,3.8,11.9,0.0,0.0,-0.0,0.0,0.0,0.0,12.99,11.37,10.19,13.05
2744,45.7333,13.0,78.602,0.001,1.0578,6.31,9.94,3.84,12.971,0.0,0.0,-0.0,0.0,0.0,0.0,12.95,12.94,13.0,12.99
2745,45.75,13.0,78.633,0.007,1.057,6.1,10.17,3.9,12.466,0.0,0.0,-0.0,0.0,0.0,0.0,12.91,11.03,12.97,12.96
2746,45.7667,13.0,78.665,0.011,1.0548,6.0,10.44,4.05,12.96,0.0,0.0,-0.0,0.0,0.0,0.0,12.96,12.93,12.98,12.97
2747,45.7833,13.0,78.695,0.015,1.0558,5.8,10.58,3.88,11.653,0.0,0.0,-0.0,0.0,0.0,0.0,11.05,11.39,11.13,13.04
2748,45.8,13.0,78.726,0.017,1.0579,5.79,10.42,3.6,14.118,0.0,0.0,-0.0,0.0,0.0,0.0,17.83,12.85,12.91,12.89
2749,45.8167,13.0,78.756,0.016,1.0609,5.82,9.72,3.2,12.959,0.0,0.0,-0.0,0.0,0.0,0.0,13.0,12.92,12.95,12.97
2750,45.8333,13.0,78.786,0.016,1.0611,5.82,8.97,2.88,12.956,0.0,0.0,-0.0,0.0,0.0,0.0,12.96,12.93,12.94,12.99
2751,45.85,13.0,78.816,0.016,1.0587,5.81,8.17,2.63,12.951,0.0,0.0,-0.0,0.0,0.0,0.0,12.95,12.92,12.94,13.0
2752,45.8667,13.0,78.845,0.015,1.0535,5.78,7.34,2.42,12.947,0.0,0.0,-0.0,0.0,0.0,0.0,12.93,12.92,12.93,13.01
2753,45.8833,13.0,78.875,0.015,1.0457,5.76,6.49,2.25,12.944,0.0,0.0,-0.0,0.0,0.0,0.0,12.92,12.91,12.94,13.0
2754,45.9,13.0,78.905,0.015,1.0351,5.74,5.62,2.12,12.942,0.0,0.0,-0.0,0.0,0.0,0.0,12.92,12.91,12.94,13.0
2755,45.9167,13.0,78.935,0.014,1.0218,5.73,4.74,2.01,12.94,0.0,0.0,-0.0,0.0,0.0,0.0,12.91,12.92,12.95,12.99
2756,45.9333,13.0,78.965,0.014,1.0057,5.73,3.84,1.93,12.939,0.0,0.0,-0.0,0.0,0.0,0.0,12.91,12.92,12.95,12.98
2757,45.95,13.0,78.995,0.011,1.0107,6.27,4.16,1.81,10.91,0.0,0.0,-0.0,0.0,0.0,0.0,12.51,12.45,10.97,7.71
2758,45.9667,13.0,79.025,0.01,1.0103,6.36,4.37,1.62,12.704,0.0,0.0,-0.0,0.0,0.0,0.0,13.05,12.14,13.01,12.62
2759,45.9833,13.0,79.055,0.01,1.011,6.31,4.16,1.6,12.845,0.0,0.0,-0.0,0.0,0.0,0.0,12.93,12.92,12.58,12.95
2760,46.0,13.0,79.085,0.011,1.0128,6.3,4.07,1.55,12.433,0.0,0.0,-0.0,0.0,0.0,0.0,12.99,13.23,10.41,13.1
2761,46.0167,13.0,79.114,0.011,1.0158,6.57,3.98,1.34,12.995,0.0,0.0,-0.0,0.0,0.0,0.0,13.0,13.0,12.99,12.99
2762,46.0333,13.0,79.144,0.01,1.0164,6.72,3.76,1.17,12.787,0.0,0.0,-0.0,0.0,0.0,0.0,13.01,13.01,13.01,12.13
2763,46.05,13.0,79.174,0.009,1.0148,6.52,3.46,1.12,12.996,0.0,0.0,-0.0,0.0,0.0,0.0,13.0,13.0,12.99,13.0
2764,46.0667,13.0,79.203,0.008,1.0108,6.57,3.06,0.95,13.379,0.0,0.0,-0.0,0.0,0.0,0.0,12.96,14.52,13.02,13.01
2765,46.0833,13.0,79.233,0.008,1.0046,6.85,2.62,0.71,12.982,0.0,0.0,-0.0,0.0,0.0,0.0,12.97,12.97,13.0,12.98
2766,46.1,13.0,79.262,0.008,0.9981,6.86,1.64,0.54,13.719,0.0,0.0,-0.0,0.0,0.0,0.0,12.99,12.94,15.92,13.02
2767,46.1167,13.0,79.281,0.014,1.0001,5.94,-0.08,0.04,12.892,0.0,0.0,-0.0,0.0,0.0,0.0,12.92,12.94,12.76,12.96
2768,46.1333,13.0,79.298,0.022,0.9994,5.44,-1.38,-0.32,12.854,0.0,0.0,-0.0,0.0,0.0,0.0,12.81,12.8,12.92,12.89
2769,46.15,13.0,79.316,0.026,0.9985,4.87,-2.03,-0.15,12.043,0.0,0.0,-0.0,0.0,0.0,0.0,13.13,8.69,13.2,13.15
2770,46.1667,13.0,79.334,0.027,0.9987,4.35,-2.09,0.43,12.942,0.0,0.0,-0.0,0.0,0.0,0.0,12.89,12.94,12.99,12.94
2771,46.1833,13.0,79.353,0.027,1.0001,4.53,-1.89,0.56,12.157,0.0,0.0,-0.0,0.0,0.0,0.0,13.3,10.47,11.89,12.97
2772,46.2,13.0,79.373,0.026,1.0013,4.55,-1.95,0.42,11.669,0.0,0.0,-0.0,0.0,0.0,0.0,13.05,7.53,13.03,13.06
2773,46.2167,13.0,79.394,0.025,1.0012,4.67,-2.02,0.29,12.174,0.0,0.0,-0.0,0.0,0.0,0.0,13.01,9.72,12.99,12.98
2774,46.2333,13.0,79.416,0.023,0.9997,4.91,-2.16,0.12,11.776,0.0,0.0,-0.0,0.0,0.0,0.0,12.71,8.71,12.85,12.83
2775,46.25,13.0,79.438,0.02,1.0008,5.32,-2.35,0.07,12.092,0.0,0.0,-0.0,0.0,0.0,0.0,13.01,11.55,10.76,13.05
2776,46.2667,13.0,79.461,0.017,1.0022,5.69,-2.85,-0.09,12.975,0.0,0.0,-0.0,0.0,0.0,0.0,12.98,12.96,13.0,12.97
2777,46.2833,13.0,79.485,0.014,1.0032,5.88,-3.08,-0.24,11.655,0.0,0.0,-0.0,0.0,0.0,0.0,13.01,10.76,13.02,9.83
2778,46.3,13.0,79.509,0.011,1.0036,6.1,-3.24,-0.33,12.996,0.0,0.0,-0.0,0.0,0.0,0.0,13.0,12.99,12.99,13.0
2779,46.3167,13.0,79.534,0.01,1.0041,6.02,-3.06,-0.61,12.092,0.0,0.0,-0.0,0.0,0.0,0.0,13.0,13.0,13.0,9.37
2780,46.3333,13.0,79.559,0.008,1.0023,5.89,-3.08,-0.87,10.986,0.0,0.0,-0.0,0.0,0.0,0.0,12.8,12.79,12.78,5.56
2781,46.35,13.0,79.585,0.008,1.0004,5.51,-2.96,-1.18,11.959,0.0,0.0,-0.0,0.0,0.0,0.0,12.98,12.98,12.97,8.9
2782,46.3667,13.0,79.612,0.008,0.9993,5.4,-2.64,-1.34,10.919,0.0,0.0,-0.0,0.0,0.0,0.0,13.02,11.65,5.98,13.03
2783,46.3833,13.0,79.641,0.008,0.9994,5.55,-2.73,-0.99,12.479,0.0,0.0,-0.0,0.0,0.0,0.0,13.08,12.52,12.84,11.48
2784,46.4,13.0,79.67,0.009,0.9988,5.31,-2.81,-0.99,12.99,0.0,0.0,-0.0,0.0,0.0,0.0,12.99,12.99,13.01,12.97
2785,46.4167,13.0,79.699,0.009,0.9955,5.09,-3.09,-0.97,12.999,0.0,0.0,-0.0,0.0,0.0,0.0,13.0,13.0,13.01,13.0
2786,46.4333,13.0,79.727,0.011,0.9918,4.61,-3.0,-1.13,10.768,0.0,0.0,-0.0,0.0,0.0,0.0,13.12,13.09,5.78,11.08
2787,46.45,13.0,79.745,0.02,0.9981,3.11,-3.56,-1.53,12.488,0.0,0.0,-0.0,0.0,0.0,0.0,12.85,12.91,11.19,13.01
2788,46.4667,13.0,79.762,0.033,1.0033,2.25,-4.27,-1.58,12.944,0.0,0.0,-0.0,0.0,0.0,0.0,12.93,12.86,13.0,12.99
2789,46.4833,13.0,79.779,0.042,1.0086,1.15,-4.43,-1.03,11.504,0.0,0.0,-0.0,0.0,0.0,0.0,13.26,6.24,13.24,13.28
2790,46.5,13.0,79.797,0.05,1.0129,0.51,-4.62,-0.67,11.325,0.0,0.0,-0.0,0.0,0.0,0.0,13.02,6.3,13.01,12.97
2791,46.5167,13.0,79.816,0.057,1.0168,-0.01,-4.73,-0.25,11.385,0.0,0.0,-0.0,0.0,0.0,0.0,13.02,6.6,12.98,12.94
2792,46.5333,13.0,79.836,0.062,1.0202,-0.33,-4.8,0.16,11.507,0.0,0.0,-0.0,0.0,0.0,0.0,12.97,7.12,12.97,12.96
2793,46.55,13.0,79.857,0.066,1.0223,-0.44,-4.93,0.54,12.221,0.0,0.0,-0.0,0.0,0.0,0.0,13.0,9.92,12.97,13.0
2794,46.5667,13.0,79.879,0.07,1.0231,-0.47,-5.18,0.9,11.755,0.0,0.0,-0.0,0.0,0.0,0.0,12.97,8.34,12.84,12.86
2795,46.5833,13.0,79.901,0.072,1.0239,-0.28,-5.28,1.26,11.968,0.0,0.0,-0.0,0.0,0.0,0.0,13.05,8.79,13.0,13.04
2796,46.6,13.0,79.925,0.073,1.0227,-0.0,-5.54,1.53,10.158,0.0,0.0,-0.0,0.0,0.0,0.0,12.97,1.74,12.94,12.99
2797,46.6167,13.0,79.949,0.073,1.0215,0.49,-5.59,1.83,11.885,0.0,0.0,-0.0,0.0,0.0,0.0,12.96,8.58,12.97,13.02
2798,46.6333,13.0,79.973,0.072,1.0188,1.0,-5.65,2.06,11.376,0.0,0.0,-0.0,0.0,0.0,0.0,12.95,6.61,12.93,13.01
2799,46.65,13.0,79.998,0.071,1.0169,1.42,-5.69,1.95,12.599,0.0,0.0,-0.0,0.0,0.0,0.0,13.52,13.46,10.21,13.2
2800,46.6667,13.0,80.022,0.069,1.0204,1.85,-6.01,1.65,12.971,0.0,0.0,-0.0,0.0,0.0,0.0,12.96,12.95,12.98,13.0
2801,46.6833,13.0,80.046,0.068,1.0212,2.2,-6.47,1.36,12.975,0.0,0.0,-0.0,0.0,0.0,0.0,12.97,12.95,13.01,12.97
2802,46.7,13.0,80.071,0.066,1.0196,2.47,-6.97,1.14,12.14,0.0,0.0,-0.0,0.0,0.0,0.0,13.12,9.01,13.23,13.2
2803,46.7167,13.0,80.095,0.063,1.0189,2.99,-7.09,1.08,11.157,0.0,0.0,-0.0,0.0,0.0,0.0,13.07,10.79,8.17,12.6
2804,46.7333,13.0,80.119,0.062,1.0221,2.91,-6.48,0.84,10.908,0.0,0.0,-0.0,0.0,0.0,0.0,13.04,13.02,9.83,7.74
2805,46.75,13.0,80.141,0.064,1.0266,2.47,-5.93,0.73,11.861,0.0,0.0,-0.0,0.0,0.0,0.0,12.94,12.97,12.94,8.6
2806,46.7667,13.0,80.164,0.066,1.0295,1.97,-5.59,0.63,12.212,0.0,0.0,-0.0,0.0,0.0,0.0,12.94,12.98,12.95,9.97
2807,46.7833,13.0,80.187,0.069,1.0308,1.43,-5.42,0.53,11.808,0.0,0.0,-0.0,0.0,0.0,0.0,12.95,12.98,12.95,8.35
2808,46.8,13.0,80.211,0.073,1.0303,0.91,-5.43,0.43,12.984,0.0,0.0,-0.0,0.0,0.0,0.0,12.98,13.0,12.97,12.99
2809,46.8167,13.0,80.227,0.08,1.0345,-0.46,-6.3,0.03,10.249,0.0,0.0,-0.0,0.0,0.0,0.0,12.58,5.31,9.4,13.71
2810,46.8333,13.0,80.24,0.088,1.0442,-1.31,-6.8,0.2,11.688,0.0,0.0,-0.0,0.0,0.0,0.0,12.95,7.86,12.99,12.96
2811,46.85,13.0,80.254,0.095,1.0524,-1.99,-7.16,0.49,11.244,0.0,0.0,-0.0,0.0,0.0,0.0,12.96,6.05,13.0,12.96
2812,46.8667,13.0,80.268,0.101,1.0596,-2.47,-7.58,0.77,12.119,0.0,0.0,-0.0,0.0,0.0,0.0,12.96,9.58,13.0,12.93
2813,46.8833,13.0,80.283,0.106,1.0645,-2.84,-8.1,1.04,12.984,0.0,0.0,-0.0,0.0,0.0,0.0,12.99,12.95,13.03,12.96
2814,46.9,13.0,80.299,0.111,1.069,-3.0,-8.43,1.42,11.415,0.0,0.0,-0.0,0.0,0.0,0.0,12.99,6.68,13.03,12.96
2815,46.9167,13.0,80.316,0.115,1.0723,-3.03,-8.87,1.77,10.985,0.0,0.0,-0.0,0.0,0.0,0.0,13.01,4.97,13.01,12.95
2816,46.9333,13.0,80.333,0.118,1.0735,-3.06,-9.44,2.1,12.983,0.0,0.0,-0.0,0.0,0.0,0.0,13.0,12.95,13.03,12.95
2817,46.95,13.0,80.351,0.119,1.0752,-2.7,-9.66,2.52,11.593,0.0,0.0,-0.0,0.0,0.0,0.0,12.99,7.43,13.02,12.94
2818,46.9667,13.0,80.37,0.12,1.0748,-2.32,-10.09,2.83,13.354,0.0,0.0,-0.0,0.0,0.0,0.0,12.89,14.54,13.02,12.96
2819,46.9833,13.0,80.389,0.12,1.0732,-1.91,-10.52,3.16,16.6,0.0,0.0,-0.0,0.0,0.0,0.0,13.05,27.42,13.03,12.91
2820,47.0,13.0,80.409,0.119,1.072,-1.16,-10.68,3.54,12.014,0.0,0.0,-0.0,0.0,0.0,0.0,13.01,9.04,13.02,12.98
2821,47.0167,13.0,80.43,0.117,1.0679,-0.41,-11.16,3.67,10.339,0.0,0.0,-0.0,0.0,0.0,0.0,12.94,2.68,12.89,12.85
2822,47.0333,13.0,80.453,0.115,1.0658,0.4,-11.19,3.72,12.545,0.0,0.0,-0.0,0.0,0.0,0.0,12.99,17.05,13.04,7.1
2823,47.05,13.0,80.475,0.115,1.0642,0.59,-10.9,3.49,9.339,0.0,0.0,-0.0,0.0,0.0,0.0,13.27,13.29,13.27,-2.47
2824,47.0667,13.0,80.5,0.116,1.0627,0.58,-10.69,3.32,11.93,0.0,0.0,-0.0,0.0,0.0,0.0,13.11,13.11,13.12,8.37
2825,47.0833,13.0,80.524,0.118,1.0599,0.55,-10.53,3.13,7.99,0.0,0.0,-0.0,0.0,0.0,0.0,12.57,-2.18,12.62,8.94
2826,47.1,13.0,80.551,0.12,1.0591,0.39,-10.21,2.9,12.78,0.0,0.0,-0.0,0.0,0.0,0.0,12.95,12.65,13.09,12.43
2827,47.1167,13.0,80.576,0.122,1.06,-0.11,-8.84,2.16,12.374,0.0,0.0,-0.0,0.0,0.0,0.0,13.12,13.11,13.15,10.12
2828,47.1333,13.0,80.6,0.125,1.0596,-0.71,-7.76,1.48,11.204,0.0,0.0,-0.0,0.0,0.0,0.0,12.81,12.86,12.92,6.23
2829,47.15,13.0,80.624,0.128,1.0581,-1.51,-6.85,0.9,11.337,0.0,0.0,-0.0,0.0,0.0,0.0,12.82,12.89,12.94,6.7
2830,47.1667,13.0,80.648,0.131,1.0574,-1.81,-5.57,0.67,11.092,0.0,0.0,-0.0,0.0,0.0,0.0,12.86,5.82,12.97,12.73
2831,47.1833,13.0,80.67,0.132,1.0617,-1.98,-4.68,0.63,11.2,0.0,0.0,-0.0,0.0,0.0,0.0,12.89,9.08,6.9,15.92
2832,47.2,13.0,80.693,0.134,1.0668,-2.04,-4.31,0.47,13.446,0.0,0.0,-0.0,0.0,0.0,0.0,12.98,14.85,13.0,12.95
2833,47.2167,13.0,80.715,0.135,1.07,-2.07,-4.1,0.33,11.635,0.0,0.0,-0.0,0.0,0.0,0.0,13.01,7.54,13.0,12.99
2834,47.2333,13.0,80.736,0.135,1.0761,-2.45,-4.24,-0.02,12.805,0.0,0.0,-0.0,0.0,0.0,0.0,13.05,6.1,19.04,13.03
2835,47.25,13.0,80.748,0.14,1.0857,-3.12,-4.55,-0.24,13.178,0.0,0.0,-0.0,0.0,0.0,0.0,12.94,12.91,13.93,12.94
2836,47.2667,13.0,80.761,0.145,1.0925,-3.69,-4.99,-0.35,12.977,0.0,0.0,-0.0,0.0,0.0,0.0,12.99,12.95,12.97,13.0
2837,47.2833,13.0,80.773,0.149,1.0966,-4.24,-5.54,-0.42,12.965,0.0,0.0,-0.0,0.0,0.0,0.0,12.98,12.94,12.95,12.99
2838,47.3,13.0,80.786,0.153,1.1003,-4.57,-5.81,-0.3,11.115,0.0,0.0,-0.0,0.0,0.0,0.0,12.97,5.57,12.94,12.98
2839,47.3167,13.0,80.8,0.155,1.1036,-4.69,-6.08,-0.15,11.304,0.0,0.0,-0.0,0.0,0.0,0.0,13.02,6.23,12.99,12.99
2840,47.3333,13.0,80.815,0.157,1.1055,-4.7,-6.52,-0.0,11.228,0.0,0.0,-0.0,0.0,0.0,0.0,13.02,5.9,13.0,12.99
2841,47.35,13.0,80.831,0.157,1.1072,-4.5,-6.86,0.21,11.529,0.0,0.0,-0.0,0.0,0.0,0.0,12.95,7.15,13.02,12.99
2842,47.3667,13.0,80.848,0.157,1.1082,-4.15,-7.18,0.45,12.022,0.0,0.0,-0.0,0.0,0.0,0.0,12.95,9.1,13.03,13.0
2843,47.3833,13.0,80.866,0.156,1.1072,-3.7,-7.65,0.63,10.527,0.0,0.0,-0.0,0.0,0.0,0.0,12.99,3.13,13.02,12.97
2844,47.4,13.0,80.885,0.154,1.1063,-3.1,-8.05,0.83,11.698,0.0,0.0,-0.0,0.0,0.0,0.0,12.99,7.8,13.03,12.97
2845,47.4167,13.0,80.905,0.152,1.1043,-2.33,-8.4,1.0,11.509,0.0,0.0,-0.0,0.0,0.0,0.0,13.06,7.0,13.01,12.97
2846,47.4333,13.0,80.926,0.148,1.1006,-1.6,-8.91,1.11,10.577,0.0,0.0,-0.0,0.0,0.0,0.0,12.84,3.33,13.08,13.06
2847,47.45,13.0,80.948,0.146,1.0994,-0.99,-8.82,1.12,12.864,0.0,0.0,-0.0,0.0,0.0,0.0,12.46,16.44,12.52,10.03
2848,47.4667,13.0,80.97,0.145,1.0984,-1.17,-8.33,0.85,11.495,0.0,0.0,-0.0,0.0,0.0,0.0,12.93,12.94,12.95,7.16
2849,47.4833,13.0,80.993,0.145,1.0959,-1.23,-8.08,0.64,10.264,0.0,0.0,-0.0,0.0,0.0,0.0,12.95,6.65,13.21,8.24
2850,47.5,13.0,81.017,0.145,1.0925,-1.23,-7.98,0.46,15.295,0.0,0.0,-0.0,0.0,0.0,0.0,12.75,26.71,12.67,9.05
2851,47.5167,13.0,81.042,0.146,1.0915,-1.38,-7.38,0.25,11.73,0.0,0.0,-0.0,0.0,0.0,0.0,12.95,8.74,12.98,12.25
2852,47.5333,13.0,81.067,0.146,1.0884,-1.23,-7.07,0.23,12.976,0.0,0.0,-0.0,0.0,0.0,0.0,12.96,12.98,12.97,13.01
2853,47.55,13.0,81.093,0.147,1.0855,-1.38,-6.56,0.13,8.166,0.0,0.0,-0.0,0.0,0.0,0.0,12.89,12.92,-3.14,9.99
2854,47.5667,13.0,81.116,0.152,1.0889,-2.5,-5.4,-0.13,10.399,0.0,0.0,-0.0,0.0,0.0,0.0,13.0,13.0,5.93,9.67
2855,47.5833,13.0,81.137,0.159,1.0938,-3.09,-4.26,-0.02,11.1,0.0,0.0,-0.0,0.0,0.0,0.0,12.78,5.82,12.96,12.85
2856,47.6,13.0,81.158,0.163,1.0994,-3.6,-3.37,0.15,9.219,0.0,0.0,-0.0,0.0,0.0,0.0,13.53,-2.99,14.0,12.34
2857,47.6167,13.0,81.179,0.168,1.1033,-3.52,-2.66,0.26,13.36,0.0,0.0,-0.0,0.0,0.0,0.0,13.04,15.51,12.01,12.87
2858,47.6333,13.0,81.202,0.171,1.1079,-3.57,-2.19,0.28,16.923,0.0,0.0,-0.0,0.0,0.0,0.0,12.15,13.41,27.98,14.14
2859,47.65,13.0,81.225,0.174,1.1086,-3.65,-1.97,0.47,11.154,0.0,0.0,-0.0,0.0,0.0,0.0,12.89,7.73,10.92,13.09
2860,47.6667,13.0,81.248,0.174,1.1111,-3.7,-1.86,0.39,18.565,0.0,0.0,-0.0,0.0,0.0,0.0,13.78,29.06,19.02,12.4
2861,47.6833,13.0,81.271,0.175,1.1092,-3.81,-1.92,0.59,11.971,0.0,0.0,-0.0,0.0,0.0,0.0,12.95,9.02,12.94,12.97
2862,47.7,13.0,81.295,0.175,1.1102,-3.65,-1.87,0.48,11.447,0.0,0.0,-0.0,0.0,0.0,0.0,13.21,10.17,9.37,13.04
2863,47.7167,13.0,81.318,0.174,1.1119,-3.48,-2.29,0.48,12.994,0.0,0.0,-0.0,0.0,0.0,0.0,13.0,12.99,12.98,13.0
2864,47.7333,13.0,81.343,0.174,1.1128,-3.15,-2.56,0.55,11.216,0.0,0.0,-0.0,0.0,0.0,0.0,12.95,11.97,12.93,7.01
2865,47.75,13.0,81.368,0.174,1.1132,-3.0,-2.76,0.44,12.999,0.0,0.0,-0.0,0.0,0.0,0.0,13.0,12.99,13.0,13.01
2866,47.7667,13.0,81.394,0.175,1.1135,-3.11,-2.68,0.29,12.229,0.0,0.0,-0.0,0.0,0.0,0.0,13.06,12.51,13.04,10.3
2867,47.7833,13.0,81.42,0.175,1.1126,-3.06,-2.65,0.32,12.99,0.0,0.0,-0.0,0.0,0.0,0.0,13.0,12.98,13.0,12.98
2868,47.8,13.0,81.447,0.175,1.1115,-3.15,-2.42,0.22,13.037,0.0,0.0,-0.0,0.0,0.0,0.0,12.92,14.88,13.02,11.32
2869,47.8167,13.0,81.476,0.175,1.1101,-3.36,-2.43,0.32,12.169,0.0,0.0,-0.0,0.0,0.0,0.0,12.93,11.29,11.51,12.94
2870,47.8333,13.0,81.504,0.175,1.1119,-3.18,-2.37,0.27,12.778,0.0,0.0,-0.0,0.0,0.0,0.0,13.01,13.85,11.28,12.97
2871,47.85,13.0,81.533,0.173,1.1144,-3.12,-2.5,-0.09,12.983,0.0,0.0,-0.0,0.0,0.0,0.0,12.98,12.98,12.98,12.98
2872,47.8667,13.0,81.562,0.171,1.1145,-3.09,-2.77,-0.39,12.684,0.0,0.0,-0.0,0.0,0.0,0.0,12.74,14.03,13.01,10.95
2873,47.8833,13.0,81.59,0.169,1.1136,-2.92,-2.77,-0.54,12.997,0.0,0.0,-0.0,0.0,0.0,0.0,12.99,13.0,12.99,13.0
2874,47.9,13.0,81.619,0.168,1.1123,-3.04,-2.53,-0.73,12.643,0.0,0.0,-0.0,0.0,0.0,0.0,13.0,13.02,13.02,11.54
2875,47.9167,13.0,81.649,0.167,1.1085,-3.26,-2.49,-0.8,12.997,0.0,0.0,-0.0,0.0,0.0,0.0,12.98,13.0,13.0,13.0
2876,47.9333,13.0,81.674,0.17,1.1153,-3.73,-1.29,-0.85,10.178,0.0,0.0,-0.0,0.0,0.0,0.0,13.04,10.42,7.67,9.58
2877,47.95,13.0,81.7,0.171,1.1206,-3.81,-0.73,-0.99,12.984,0.0,0.0,-0.0,0.0,0.0,0.0,12.91,13.01,13.0,13.02
2878,47.9667,13.0,81.726,0.171,1.1235,-3.9,-0.42,-1.04,12.529,0.0,0.0,-0.0,0.0,0.0,0.0,13.0,13.04,13.05,11.02
2879,47.9833,13.0,81.753,0.173,1.125,-4.02,-0.21,-1.06,11.484,0.0,0.0,-0.0,0.0,0.0,0.0,12.95,9.12,13.01,10.86
2880,48.0,13.0,81.781,0.175,1.1249,-4.18,-0.05,-1.04,13.003,0.0,0.0,-0.0,0.0,0.0,0.0,12.99,13.0,13.01,13.02
2881,48.0167,13.0,81.808,0.176,1.124,-4.32,0.06,-1.05,12.441,0.0,0.0,-0.0,0.0,0.0,0.0,13.1,13.77,9.77,13.12
2882,48.0333,13.0,81.836,0.175,1.1266,-4.24,0.12,-1.53,12.965,0.0,0.0,-0.0,0.0,0.0,0.0,12.95,13.0,12.94,12.97
2883,48.05,13.0,81.864,0.174,1.1265,-4.1,-0.01,-1.93,12.985,0.0,0.0,-0.0,0.0,0.0,0.0,12.97,12.99,12.97,13.01
2884,48.0667,13.0,81.892,0.173,1.1238,-3.92,-0.31,-2.28,12.912,0.0,0.0,-0.0,0.0,0.0,0.0,12.99,13.0,12.65,13.01
2885,48.0833,13.0,81.92,0.173,1.1236,-4.11,-0.13,-2.31,11.768,0.0,0.0,-0.0,0.0,0.0,0.0,13.05,11.29,11.75,10.98
2886,48.1,13.0,81.95,0.172,1.1242,-4.23,-0.25,-2.4,12.879,0.0,0.0,-0.0,0.0,0.0,0.0,13.12,13.12,13.12,12.16
2887,48.1167,13.0,81.979,0.171,1.1244,-4.18,-0.08,-2.36,12.235,0.0,0.0,-0.0,0.0,0.0,0.0,13.0,10.89,12.04,13.01
2888,48.1333,13.0,82.009,0.17,1.1229,-4.04,-0.01,-2.31,12.993,0.0,0.0,-0.0,0.0,0.0,0.0,13.0,12.99,13.0,12.99
2889,48.15,13.0,82.039,0.169,1.1239,-4.09,-0.08,-2.35,12.204,0.0,0.0,-0.0,0.0,0.0,0.0,13.09,13.0,11.77,10.96
2890,48.1667,13.0,82.069,0.167,1.1247,-3.9,-0.34,-2.37,12.989,0.0,0.0,-0.0,0.0,0.0,0.0,13.0,12.98,12.98,13.0
2891,48.1833,13.0,82.099,0.165,1.1249,-4.08,-0.27,-2.5,12.835,0.0,0.0,-0.0,0.0,0.0,0.0,13.0,12.98,13.0,12.35
2892,48.2,13.0,82.129,0.164,1.1227,-4.16,-0.37,-2.5,12.976,0.0,0.0,-0.0,0.0,0.0,0.0,13.0,12.99,12.93,12.99
2893,48.2167,13.0,82.159,0.163,1.1224,-4.14,-0.1,-2.47,12.739,0.0,0.0,-0.0,0.0,0.0,0.0,13.07,12.55,12.71,12.62
2894,48.2333,13.0,82.189,0.163,1.1249,-4.13,-0.14,-2.36,12.173,0.0,0.0,-0.0,0.0,0.0,0.0,13.02,10.77,12.79,12.11
2895,48.25,13.0,82.218,0.163,1.1267,-4.22,-0.11,-2.18,12.987,0.0,0.0,-0.0,0.0,0.0,0.0,13.0,12.99,12.98,12.98
2896,48.2667,13.0,82.248,0.163,1.1261,-4.22,-0.23,-2.06,12.134,0.0,0.0,-0.0,0.0,0.0,0.0,12.74,10.0,12.95,12.84
2897,48.2833,13.0,82.278,0.163,1.1244,-4.02,-0.18,-1.83,12.978,0.0,0.0,-0.0,0.0,0.0,0.0,12.97,12.97,12.97,13.0
2898,48.3,13.0,82.308,0.164,1.1225,-4.18,0.26,-1.8,9.928,0.0,0.0,-0.0,0.0,0.0,0.0,12.98,2.22,13.06,11.46
2899,48.3167,13.0,82.339,0.164,1.1191,-4.39,0.56,-1.72,12.965,0.0,0.0,-0.0,0.0,0.0,0.0,12.95,12.97,12.97,12.97
2900,48.3333,13.0,82.369,0.164,1.1152,-4.23,1.13,-1.51,12.125,0.0,0.0,-0.0,0.0,0.0,0.0,12.91,12.15,12.93,10.51
2901,48.35,13.0,82.401,0.164,1.1105,-4.1,1.68,-1.33,12.46,0.0,0.0,-0.0,0.0,0.0,0.0,12.92,12.9,12.93,11.09
2902,48.3667,13.0,82.432,0.163,1.111,-4.06,1.76,-1.37,12.934,0.0,0.0,-0.0,0.0,0.0,0.0,13.14,12.94,12.95,12.71
2903,48.3833,13.0,82.463,0.162,1.1114,-4.01,1.6,-1.34,13.0,0.0,0.0,-0.0,0.0,0.0,0.0,13.0,13.0,13.0,13.0
2904,48.4,13.0,82.494,0.161,1.1105,-4.14,1.63,-1.42,12.681,0.0,0.0,-0.0,0.0,0.0,0.0,12.84,12.69,12.91,12.29
2905,48.4167,13.0,82.525,0.16,1.1114,-4.11,1.76,-1.52,12.747,0.0,0.0,-0.0,0.0,0.0,0.0,13.14,12.89,12.89,12.06
2906,48.4333,13.0,82.555,0.159,1.1173,-3.96,1.56,-1.52,13.003,0.0,0.0,-0.0,0.0,0.0,0.0,13.0,13.0,13.0,13.01
2907,48.45,13.0,82.585,0.158,1.1205,-3.8,1.17,-1.48,13.002,0.0,0.0,-0.0,0.0,0.0,0.0,13.0,13.0,13.0,13.0
2908,48.4667,13.0,82.615,0.157,1.1211,-3.62,0.62,-1.39,13.005,0.0,0.0,-0.0,0.0,0.0,0.0,13.0,13.0,13.01,13.01
2909,48.4833,13.0,82.645,0.156,1.1215,-3.78,0.68,-1.53,11.577,0.0,0.0,-0.0,0.0,0.0,0.0,13.09,13.1,13.11,7.01
2910,48.5,13.0,82.675,0.156,1.1201,-4.12,0.57,-1.46,13.0,0.0,0.0,-0.0,0.0,0.0,0.0,12.99,13.0,13.0,13.01
2911,48.5167,13.0,82.705,0.156,1.1186,-4.26,0.72,-1.46,11.294,0.0,0.0,-0.0,0.0,0.0,0.0,13.15,8.52,13.03,10.48
2912,48.5333,13.0,82.736,0.156,1.1155,-4.29,0.93,-1.31,12.996,0.0,0.0,-0.0,0.0,0.0,0.0,12.98,13.01,12.99,13.01
2913,48.55,13.0,82.766,0.156,1.1122,-4.3,1.48,-1.27,12.166,0.0,0.0,-0.0,0.0,0.0,0.0,13.01,10.61,13.0,12.04
2914,48.5667,13.0,82.798,0.156,1.1078,-4.35,1.86,-1.16,12.954,0.0,0.0,-0.0,0.0,0.0,0.0,12.93,12.95,12.96,12.98
2915,48.5833,13.0,82.83,0.155,1.1031,-4.27,2.52,-1.09,12.692,0.0,0.0,-0.0,0.0,0.0,0.0,13.0,12.19,13.06,12.51
2916,48.6,13.0,82.863,0.155,1.0976,-4.24,3.13,-1.02,12.675,0.0,0.0,-0.0,0.0,0.0,0.0,12.94,12.94,12.96,11.86
2917,48.6167,13.0,82.897,0.155,1.0919,-4.31,3.92,-1.03,12.592,0.0,0.0,-0.0,0.0,0.0,0.0,12.96,12.61,12.98,11.82
2918,48.6333,13.0,82.931,0.155,1.0913,-4.44,4.42,-1.25,13.233,0.0,0.0,-0.0,0.0,0.0,0.0,11.62,12.64,15.56,13.11
2919,48.65,13.0,82.964,0.154,1.0923,-4.33,4.35,-1.11,13.691,0.0,0.0,-0.0,0.0,0.0,0.0,13.04,12.92,15.98,12.83
2920,48.6667,13.0,82.997,0.153,1.0921,-4.36,4.17,-1.3,12.614,0.0,0.0,-0.0,0.0,0.0,0.0,12.95,11.3,13.16,13.04
2921,48.6833,13.0,83.028,0.152,1.0914,-4.38,4.18,-1.26,13.849,0.0,0.0,-0.0,0.0,0.0,0.0,13.1,13.08,16.2,13.01
2922,48.7,13.0,83.059,0.153,1.0921,-4.38,4.01,-1.11,12.017,0.0,0.0,-0.0,0.0,0.0,0.0,13.04,10.55,13.17,11.32
2923,48.7167,13.0,83.089,0.153,1.091,-4.44,3.87,-0.9,12.995,0.0,0.0,-0.0,0.0,0.0,0.0,13.0,12.99,13.0,12.99
2924,48.7333,13.0,83.12,0.154,1.0901,-4.35,4.23,-0.74,13.001,0.0,0.0,-0.0,0.0,0.0,0.0,13.03,14.46,13.03,11.49
2925,48.75,13.0,83.151,0.153,1.0889,-4.41,4.05,-0.76,13.438,0.0,0.0,-0.0,0.0,0.0,0.0,15.35,12.92,12.56,12.92
2926,48.7667,13.0,83.182,0.153,1.0898,-4.43,4.04,-0.76,13.155,0.0,0.0,-0.0,0.0,0.0,0.0,12.96,14.14,12.96,12.57
2927,48.7833,13.0,83.213,0.153,1.0884,-4.57,3.85,-0.8,12.992,0.0,0.0,-0.0,0.0,0.0,0.0,12.99,12.98,13.0,12.99
2928,48.8,13.0,83.244,0.153,1.0842,-4.77,3.47,-0.81,12.997,0.0,0.0,-0.0,0.0,0.0,0.0,13.0,13.0,13.0,13.0
2929,48.8167,13.0,83.274,0.153,1.0797,-4.75,2.59,-0.84,13.683,0.0,0.0,-0.0,0.0,0.0,0.0,15.78,12.98,12.98,12.99
2930,48.8333,13.0,83.303,0.151,1.0764,-4.11,2.56,-0.54,12.564,0.0,0.0,-0.0,0.0,0.0,0.0,13.05,11.73,12.38,13.09
2931,48.85,13.0,83.333,0.147,1.0742,-3.51,2.62,-0.6,12.928,0.0,0.0,-0.0,0.0,0.0,0.0,13.08,12.55,13.04,13.04
2932,48.8667,13.0,83.363,0.144,1.0725,-3.23,3.09,-0.7,12.472,0.0,0.0,-0.0,0.0,0.0,0.0,13.01,12.98,12.99,10.9
2933,48.8833,13.0,83.394,0.143,1.07,-3.2,3.72,-0.9,12.26,0.0,0.0,-0.0,0.0,0.0,0.0,13.1,13.1,13.11,9.73
2934,48.9,13.0,83.424,0.141,1.0655,-3.35,4.13,-0.96,12.965,0.0,0.0,-0.0,0.0,0.0,0.0,12.93,12.98,12.96,12.98
2935,48.9167,13.0,83.455,0.14,1.06,-3.58,4.69,-1.19,12.139,0.0,0.0,-0.0,0.0,0.0,0.0,12.83,12.86,12.85,10.02
2936,48.9333,13.0,83.487,0.142,1.0557,-4.11,4.57,-1.06,12.93,0.0,0.0,-0.0,0.0,0.0,0.0,11.78,12.88,14.09,12.97
2937,48.95,13.0,83.517,0.141,1.0573,-4.01,4.84,-1.0,13.749,0.0,0.0,-0.0,0.0,0.0,0.0,12.99,15.55,13.84,12.61
2938,48.9667,13.0,83.548,0.139,1.0601,-4.24,4.68,-1.64,12.924,0.0,0.0,-0.0,0.0,0.0,0.0,12.91,12.97,12.85,12.96
2939,48.9833,13.0,83.578,0.136,1.0612,-4.28,4.65,-1.95,13.02,0.0,0.0,-0.0,0.0,0.0,0.0,12.83,13.37,12.88,13.0
2940,49.0,13.0,83.608,0.134,1.0607,-4.01,4.73,-2.14,12.483,0.0,0.0,-0.0,0.0,0.0,0.0,13.0,10.92,12.99,13.02
2941,49.0167,13.0,83.638,0.13,1.0589,-3.69,4.77,-2.18,13.429,0.0,0.0,-0.0,0.0,0.0,0.0,13.39,13.39,13.74,13.19
2942,49.0333,13.0,83.669,0.128,1.0574,-3.48,4.2,-2.12,13.656,0.0,0.0,-0.0,0.0,0.0,0.0,12.79,16.23,12.6,13.0
2943,49.05,13.0,83.698,0.126,1.0589,-3.63,4.24,-2.45,13.012,0.0,0.0,-0.0,0.0,0.0,0.0,12.95,12.98,12.97,13.15
2944,49.0667,13.0,83.729,0.123,1.0571,-3.66,3.92,-2.66,12.999,0.0,0.0,-0.0,0.0,0.0,0.0,13.0,13.0,13.0,13.0
2945,49.0833,13.0,83.759,0.12,1.0526,-3.64,3.41,-2.85,12.655,0.0,0.0,-0.0,0.0,0.0,0.0,13.42,13.44,10.47,13.29
2946,49.1,13.0,83.789,0.119,1.0471,-3.41,2.54,-2.68,12.933,0.0,0.0,-0.0,0.0,0.0,0.0,12.93,12.93,12.95,12.92
2947,49.1167,13.0,83.819,0.119,1.0416,-3.96,2.41,-2.74,12.376,0.0,0.0,-0.0,0.0,0.0,0.0,12.91,12.93,12.95,10.71
2948,49.1333,13.0,83.849,0.119,1.0356,-4.22,2.64,-2.79,11.955,0.0,0.0,-0.0,0.0,0.0,0.0,13.2,8.33,13.16,13.13
2949,49.15,13.0,83.88,0.119,1.0331,-4.33,3.07,-2.74,13.608,0.0,0.0,-0.0,0.0,0.0,0.0,14.46,13.02,13.05,13.9
2950,49.1667,13.0,83.912,0.117,1.0337,-4.66,3.12,-2.96,12.981,0.0,0.0,-0.0,0.0,0.0,0.0,12.87,14.19,12.92,11.95
2951,49.1833,13.0,83.943,0.116,1.0338,-4.56,2.93,-3.08,13.262,0.0,0.0,-0.0,0.0,0.0,0.0,14.06,13.0,13.0,12.99
2952,49.2,13.0,83.973,0.115,1.035,-4.6,2.96,-3.05,13.427,0.0,0.0,-0.0,0.0,0.0,0.0,14.13,12.99,13.0,13.58
2953,49.2167,13.0,84.003,0.114,1.0395,-4.63,2.6,-3.08,13.249,0.0,0.0,-0.0,0.0,0.0,0.0,13.09,14.01,12.95,12.95
2954,49.2333,13.0,84.032,0.112,1.0421,-4.58,2.24,-3.06,12.996,0.0,0.0,-0.0,0.0,0.0,0.0,12.98,12.99,13.0,13.01
2955,49.25,13.0,84.061,0.11,1.043,-4.45,2.03,-2.95,12.846,0.0,0.0,-0.0,0.0,0.0,0.0,13.42,12.86,13.25,11.86
2956,49.2667,13.0,84.09,0.109,1.0427,-4.94,2.02,-3.11,12.977,0.0,0.0,-0.0,0.0,0.0,0.0,12.96,12.97,12.98,12.99
2957,49.2833,13.0,84.118,0.107,1.0422,-4.91,2.38,-3.12,12.496,0.0,0.0,-0.0,0.0,0.0,0.0,13.0,10.98,12.99,13.01
2958,49.3,13.0,84.148,0.105,1.0396,-4.89,2.55,-3.12,12.989,0.0,0.0,-0.0,0.0,0.0,0.0,12.99,12.98,12.99,13.0
2959,49.3167,13.0,84.177,0.103,1.0346,-4.95,2.59,-3.12,11.986,0.0,0.0,-0.0,0.0,0.0,0.0,12.85,12.86,12.84,9.39
2960,49.3333,13.0,84.207,0.101,1.033,-5.02,2.35,-3.04,13.711,0.0,0.0,-0.0,0.0,0.0,0.0,11.14,12.97,12.94,17.81
2961,49.35,13.0,84.236,0.099,1.0318,-5.36,1.87,-2.69,12.968,0.0,0.0,-0.0,0.0,0.0,0.0,12.99,12.94,12.97,12.96
2962,49.3667,13.0,84.265,0.096,1.028,-5.6,1.26,-2.31,13.485,0.0,0.0,-0.0,0.0,0.0,0.0,14.97,12.97,13.02,12.99
2963,49.3833,13.0,84.286,0.089,1.0323,-4.61,-0.47,-1.83,12.885,0.0,0.0,-0.0,0.0,0.0,0.0,12.91,12.85,12.91,12.86
2964,49.4,13.0,84.308,0.082,1.0322,-4.13,-1.66,-1.49,12.867,0.0,0.0,-0.0,0.0,0.0,0.0,12.82,12.87,12.94,12.84
2965,49.4167,13.0,84.329,0.078,1.0341,-4.1,-1.57,-1.91,11.524,0.0,0.0,-0.0,0.0,0.0,0.0,12.88,12.86,12.96,7.4
2966,49.4333,13.0,84.35,0.075,1.0343,-4.16,-1.62,-2.22,11.899,0.0,0.0,-0.0,0.0,0.0,0.0,12.97,13.0,13.0,8.63
2967,49.45,13.0,84.373,0.072,1.0332,-4.16,-1.74,-2.46,10.527,0.0,0.0,-0.0,0.0,0.0,0.0,13.06,11.73,13.0,4.31
2968,49.4667,13.0,84.398,0.071,1.0333,-4.37,-1.6,-2.72,12.106,0.0,0.0,-0.0,0.0,0.0,0.0,12.99,13.0,12.99,9.44
2969,49.4833,13.0,84.424,0.069,1.0327,-4.32,-1.5,-2.78,11.773,0.0,0.0,-0.0,0.0,0.0,0.0,13.32,9.81,11.84,12.12
2970,49.5,13.0,84.451,0.066,1.0317,-4.32,-1.21,-2.85,11.655,0.0,0.0,-0.0,0.0,0.0,0.0,12.69,11.27,13.0,9.66
2971,49.5167,13.0,84.478,0.063,1.0317,-4.03,-1.23,-2.86,12.238,0.0,0.0,-0.0,0.0,0.0,0.0,10.87,12.83,12.78,12.47
2972,49.5333,13.0,84.507,0.062,1.0346,-3.84,-1.08,-2.74,12.619,0.0,0.0,-0.0,0.0,0.0,0.0,12.99,12.99,12.99,11.51
2973,49.55,13.0,84.535,0.062,1.0356,-3.65,-1.03,-2.62,12.997,0.0,0.0,-0.0,0.0,0.0,0.0,12.99,13.0,13.0,13.0
2974,49.5667,13.0,84.564,0.061,1.0349,-3.68,-0.95,-2.5,12.604,0.0,0.0,-0.0,0.0,0.0,0.0,13.16,13.17,13.16,10.92
2975,49.5833,13.0,84.593,0.061,1.0324,-3.76,-0.9,-2.43,11.825,0.0,0.0,-0.0,0.0,0.0,0.0,7.95,13.12,13.12,13.11
2976,49.6,13.0,84.623,0.061,1.0295,-4.19,-0.78,-2.55,12.456,0.0,0.0,-0.0,0.0,0.0,0.0,13.0,13.0,13.0,10.83
2977,49.6167,13.0,84.652,0.06,1.0309,-4.28,-1.32,-2.46,12.704,0.0,0.0,-0.0,0.0,0.0,0.0,12.23,13.01,13.03,12.55
2978,49.6333,13.0,84.681,0.06,1.0318,-4.46,-1.67,-2.41,12.928,0.0,0.0,-0.0,0.0,0.0,0.0,12.29,12.98,12.98,13.47
2979,49.65,13.0,84.71,0.06,1.0313,-4.53,-2.21,-2.29,12.992,0.0,0.0,-0.0,0.0,0.0,0.0,12.97,13.0,13.01,12.99
2980,49.6667,13.0,84.739,0.06,1.0297,-4.41,-2.47,-2.06,12.279,0.0,0.0,-0.0,0.0,0.0,0.0,12.95,10.17,13.0,12.99
2981,49.6833,13.0,84.754,0.05,1.0401,-3.04,-3.78,-1.7,12.4,0.0,0.0,-0.0,0.0,0.0,0.0,10.64,12.99,12.97,13.0
2982,49.7,13.0,84.773,0.044,1.0452,-2.36,-4.24,-1.91,11.293,0.0,0.0,-0.0,0.0,0.0,0.0,13.14,13.19,13.18,5.66
2983,49.7167,13.0,84.793,0.038,1.0487,-1.94,-4.73,-2.05,11.105,0.0,0.0,-0.0,0.0,0.0,0.0,12.83,12.87,12.86,5.86
2984,49.7333,13.0,84.815,0.034,1.0534,-1.85,-4.86,-2.27,11.806,0.0,0.0,-0.0,0.0,0.0,0.0,12.92,12.9,12.96,8.45
2985,49.75,13.0,84.837,0.031,1.0556,-1.76,-5.2,-2.48,12.991,0.0,0.0,-0.0,0.0,0.0,0.0,12.99,12.99,13.0,12.98
2986,49.7667,13.0,84.86,0.028,1.0569,-1.94,-5.37,-2.74,11.918,0.0,0.0,-0.0,0.0,0.0,0.0,12.98,12.97,12.99,8.73
2987,49.7833,13.0,84.883,0.026,1.0563,-2.25,-5.62,-2.99,12.979,0.0,0.0,-0.0,0.0,0.0,0.0,12.98,12.98,12.98,12.98
2988,49.8,13.0,84.906,0.025,1.0548,-2.71,-5.72,-3.3,11.952,0.0,0.0,-0.0,0.0,0.0,0.0,12.99,12.99,12.99,8.84
2989,49.8167,13.0,84.929,0.024,1.0517,-3.3,-5.85,-3.53,12.941,0.0,0.0,-0.0,0.0,0.0,0.0,12.92,12.96,12.94,12.94
2990,49.8333,13.0,84.953,0.023,1.0473,-3.64,-5.92,-3.68,11.309,0.0,0.0,-0.0,0.0,0.0,0.0,13.01,6.14,12.96,13.12
2991,49.85,13.0,84.979,0.021,1.0485,-3.7,-5.84,-3.54,12.191,0.0,0.0,-0.0,0.0,0.0,0.0,10.97,12.96,12.96,11.88
2992,49.8667,13.0,85.006,0.019,1.0484,-3.63,-6.18,-3.39,10.771,0.0,0.0,-0.0,0.0,0.0,0.0,12.8,10.51,12.78,7.0
2993,49.8833,13.0,85.033,0.017,1.0508,-3.81,-5.9,-3.36,12.35,0.0,0.0,-0.0,0.0,0.0,0.0,13.03,10.66,12.98,12.74
2994,49.9,13.0,85.062,0.015,1.0507,-3.91,-5.92,-3.14,12.999,0.0,0.0,-0.0,0.0,0.0,0.0,13.0,13.0,13.01,12.99
2995,49.9167,13.0,85.09,0.012,1.0495,-3.64,-5.84,-2.89,12.158,0.0,0.0,-0.0,0.0,0.0,0.0,12.99,10.69,12.97,11.98
2996,49.9333,13.0,85.119,0.01,1.0502,-3.18,-5.12,-2.56,11.649,0.0,0.0,-0.0,0.0,0.0,0.0,13.12,8.17,13.02,12.29
2997,49.95,13.0,85.147,0.007,1.0504,-2.32,-4.44,-2.03,12.187,0.0,0.0,-0.0,0.0,0.0,0.0,11.14,11.78,12.88,12.95
2998,49.9667,13.0,85.176,0.002,1.0497,-1.45,-4.0,-1.63,14.087,0.0,0.0,-0.0,0.0,0.0,0.0,12.8,20.85,12.75,9.95
2999,49.9833,13.0,85.205,-0.0,1.0527,-1.22,-2.89,-1.53,11.835,0.0,0.0,-0.0,0.0,0.0,0.0,10.75,12.96,13.08,10.54
3000,50.0,13.0,85.223,-0.008,1.0632,0.11,-2.88,-0.83,12.165,0.0,0.0,-0.0,0.0,0.0,0.0,10.06,12.83,12.86,12.9
3001,50.0167,13.0,85.238,-0.018,1.0728,1.03,-3.14,-0.62,10.763,0.0,0.0,-0.0,0.0,0.0,0.0,12.85,12.87,12.88,4.46
3002,50.0333,13.0,85.254,-0.028,1.0811,1.88,-3.41,-0.57,11.423,0.0,0.0,-0.0,0.0,0.0,0.0,12.92,12.94,12.93,6.89
3003,50.05,13.0,85.271,-0.036,1.0879,2.7,-3.72,-0.64,11.549,0.0,0.0,-0.0,0.0,0.0,0.0,13.03,13.02,13.05,7.1
3004,50.0667,13.0,85.29,-0.042,1.0951,3.33,-4.01,-0.82,3.188,0.0,0.0,-0.0,0.0,0.0,0.0,13.76,13.81,-26.92,12.11
3005,50.0833,13.0,85.308,-0.043,1.1063,3.61,-5.17,-0.68,12.885,0.0,0.0,-0.0,0.0,0.0,0.0,12.88,12.89,12.86,12.91
3006,50.1,13.0,85.327,-0.044,1.1151,3.78,-6.19,-0.59,12.467,0.0,0.0,-0.0,0.0,0.0,0.0,12.79,12.81,12.81,11.46
3007,50.1167,13.0,85.346,-0.045,1.1227,3.72,-7.0,-0.59,12.946,0.0,0.0,-0.0,0.0,0.0,0.0,12.95,12.94,12.96,12.94
3008,50.1333,13.0,85.365,-0.045,1.1277,3.7,-7.84,-0.63,12.948,0.0,0.0,-0.0,0.0,0.0,0.0,12.94,12.94,12.97,12.94
3009,50.15,13.0,85.385,-0.046,1.1305,3.64,-8.66,-0.69,12.356,0.0,0.0,-0.0,0.0,0.0,0.0,12.96,12.96,12.99,10.51
3010,50.1667,13.0,85.405,-0.045,1.1328,3.35,-9.3,-0.8,12.081,0.0,0.0,-0.0,0.0,0.0,0.0,12.84,12.8,12.86,9.82
3011,50.1833,13.0,85.425,-0.043,1.1344,2.87,-9.71,-1.03,12.983,0.0,0.0,-0.0,0.0,0.0,0.0,12.98,12.96,12.99,13.0
3012,50.2,13.0,85.446,-0.042,1.1334,2.39,-10.23,-1.23,17.78,0.0,0.0,-0.0,0.0,0.0,0.0,13.04,13.09,13.05,31.94
3013,50.2167,13.0,85.467,-0.04,1.1315,1.67,-10.65,-1.4,11.891,0.0,0.0,-0.0,0.0,0.0,0.0,12.94,12.92,12.94,8.76
3014,50.2333,13.0,85.488,-0.037,1.128,0.94,-11.09,-1.56,9.968,0.0,0.0,-0.0,0.0,0.0,0.0,12.89,12.91,12.87,1.2
3015,50.25,13.0,85.511,-0.032,1.1247,0.0,-11.39,-1.7,12.036,0.0,0.0,-0.0,0.0,0.0,0.0,12.95,12.93,12.94,9.32
3016,50.2667,13.0,85.534,-0.027,1.1204,-0.98,-11.69,-1.76,12.247,0.0,0.0,-0.0,0.0,0.0,0.0,13.02,12.99,13.02,9.96
3017,50.2833,13.0,85.558,-0.021,1.1149,-1.91,-11.97,-1.8,12.705,0.0,0.0,-0.0,0.0,0.0,0.0,12.97,12.96,12.98,11.92
3018,50.3,13.0,85.578,-0.017,1.1121,-1.88,-10.59,-0.89,10.355,0.0,0.0,-0.0,0.0,0.0,0.0,12.95,2.59,12.93,12.94
3019,50.3167,13.0,85.597,-0.014,1.1086,-1.68,-9.39,-0.04,10.252,0.0,0.0,-0.0,0.0,0.0,0.0,12.77,2.4,12.89,12.95
3020,50.3333,13.0,85.616,-0.012,1.1046,-1.35,-8.29,0.77,10.613,0.0,0.0,-0.0,0.0,0.0,0.0,12.84,3.65,12.95,13.01
3021,50.35,13.0,85.636,-0.011,1.1004,-0.85,-7.3,1.54,-6.351,0.0,0.0,-0.0,0.0,0.0,0.0,12.0,24.2,12.01,-73.61
3022,50.3667,13.0,85.657,-0.009,1.1001,-1.07,-5.96,1.76,0.396,0.0,0.0,-0.0,0.0,0.0,0.0,-20.68,-3.88,13.05,13.09
3023,50.3833,13.0,85.681,-0.01,1.1046,-0.53,-5.57,1.65,14.975,0.0,0.0,-0.0,0.0,0.0,0.0,25.92,8.2,12.91,12.88
3024,50.4,13.0,85.704,-0.012,1.1066,-0.25,-5.18,1.56,11.419,0.0,0.0,-0.0,0.0,0.0,0.0,12.93,12.89,12.96,6.89
3025,50.4167,13.0,85.725,-0.012,1.1112,0.49,-5.07,2.1,9.753,0.0,0.0,-0.0,0.0,0.0,0.0,5.25,13.14,13.15,7.47
3026,50.4333,13.0,85.735,-0.019,1.1202,1.36,-5.58,2.37,12.107,0.0,0.0,-0.0,0.0,0.0,0.0,9.63,12.9,12.97,12.93
3027,50.45,13.0,85.745,-0.025,1.1295,2.16,-6.1,2.1,14.948,0.0,0.0,-0.0,0.0,0.0,0.0,28.59,13.38,13.49,4.33
3028,50.4667,13.0,85.755,-0.03,1.1374,2.91,-6.42,1.66,12.828,0.0,0.0,-0.0,0.0,0.0,0.0,12.79,12.88,12.94,12.7
3029,50.4833,13.0,85.766,-0.034,1.1432,3.38,-6.87,1.43,13.139,0.0,0.0,-0.0,0.0,0.0,0.0,12.8,12.89,12.9,13.95
3030,50.5,13.0,85.777,-0.038,1.1476,3.72,-7.2,1.13,10.905,0.0,0.0,-0.0,0.0,0.0,0.0,12.9,12.98,12.98,4.76
3031,50.5167,13.0,85.789,-0.04,1.1515,3.87,-7.53,0.87,11.146,0.0,0.0,-0.0,0.0,0.0,0.0,12.98,13.0,13.0,5.61
3032,50.5333,13.0,85.803,-0.042,1.1542,3.95,-7.98,0.65,11.443,0.0,0.0,-0.0,0.0,0.0,0.0,12.99,13.0,13.0,6.78
3033,50.55,13.0,85.817,-0.042,1.1561,3.85,-8.37,0.42,11.223,0.0,0.0,-0.0,0.0,0.0,0.0,13.08,13.09,13.1,5.62
3034,50.5667,13.0,85.832,-0.042,1.1576,3.56,-8.69,0.16,11.379,0.0,0.0,-0.0,0.0,0.0,0.0,13.0,13.0,13.01,6.51
3035,50.5833,13.0,85.848,-0.04,1.158,3.2,-9.1,-0.04,11.31,0.0,0.0,-0.0,0.0,0.0,0.0,12.99,12.97,13.01,6.27
3036,50.6,13.0,85.864,-0.038,1.1566,2.78,-9.59,-0.17,10.888,0.0,0.0,-0.0,0.0,0.0,0.0,12.87,12.84,12.91,4.93
3037,50.6167,13.0,85.881,-0.035,1.1549,2.11,-9.82,-0.39,11.417,0.0,0.0,-0.0,0.0,0.0,0.0,12.99,12.96,13.02,6.7
3038,50.6333,13.0,85.899,-0.031,1.1523,1.37,-10.09,-0.54,11.77,0.0,0.0,-0.0,0.0,0.0,0.0,13.04,13.0,13.06,7.98
3039,50.65,13.0,85.918,-0.027,1.1479,0.61,-10.51,-0.59,11.487,0.0,0.0,-0.0,0.0,0.0,0.0,12.94,12.84,12.95,7.22
3040,50.6667,13.0,85.939,-0.022,1.1477,-0.18,-10.85,-0.56,11.978,0.0,0.0,-0.0,0.0,0.0,0.0,7.51,8.96,13.25,18.19
3041,50.6833,13.0,85.96,-0.02,1.1489,-0.26,-11.04,-0.8,11.039,0.0,0.0,-0.0,0.0,0.0,0.0,12.9,5.88,12.77,12.61
3042,50.7,13.0,85.981,-0.021,1.1495,-0.35,-10.99,-0.96,11.925,0.0,0.0,-0.0,0.0,0.0,0.0,13.03,8.63,13.02,13.02
3043,50.7167,13.0,86.003,-0.022,1.1493,-0.31,-10.98,-1.08,13.536,0.0,0.0,-0.0,0.0,0.0,0.0,18.12,10.01,12.98,13.02
3044,50.7333,13.0,86.027,-0.024,1.1487,-0.23,-11.03,-1.19,11.173,0.0,0.0,-0.0,0.0,0.0,0.0,12.67,9.74,12.97,9.32
3045,50.75,13.0,86.051,-0.026,1.1486,-0.16,-10.82,-1.27,12.844,0.0,0.0,-0.0,0.0,0.0,0.0,12.99,12.41,12.98,12.99
3046,50.7667,13.0,86.07,-0.031,1.1512,0.75,-9.78,-0.97,9.585,0.0,0.0,-0.0,0.0,0.0,0.0,4.55,7.81,12.99,12.99
3047,50.7833,13.0,86.088,-0.038,1.1545,1.87,-9.02,-0.9,13.558,0.0,0.0,-0.0,0.0,0.0,0.0,12.82,14.53,13.56,13.32
3048,50.8,13.0,86.106,-0.044,1.1556,2.38,-8.43,-0.98,10.867,0.0,0.0,-0.0,0.0,0.0,0.0,12.99,12.8,12.96,4.71
3049,50.8167,13.0,86.123,-0.048,1.1582,2.63,-7.5,-1.43,10.435,0.0,0.0,-0.0,0.0,0.0,0.0,12.26,12.91,12.89,3.68
3050,50.8333,13.0,86.14,-0.05,1.1631,2.77,-6.84,-1.71,13.01,0.0,0.0,-0.0,0.0,0.0,0.0,18.52,13.46,13.55,6.51
3051,50.85,13.0,86.158,-0.052,1.1675,2.78,-6.3,-1.91,10.062,0.0,0.0,-0.0,0.0,0.0,0.0,7.67,13.85,13.12,5.62
3052,50.8667,13.0,86.177,-0.053,1.1707,2.62,-5.93,-2.06,11.993,0.0,0.0,-0.0,0.0,0.0,0.0,12.91,13.7,13.36,8.0
3053,50.8833,13.0,86.196,-0.054,1.1738,2.41,-5.75,-2.08,9.778,0.0,0.0,-0.0,0.0,0.0,0.0,17.12,0.64,11.95,9.4
3054,50.9,13.0,86.206,-0.057,1.1829,3.03,-6.15,-1.9,9.938,0.0,0.0,-0.0,0.0,0.0,0.0,8.75,12.99,12.97,5.03
3055,50.9167,13.0,86.216,-0.062,1.1912,3.43,-6.72,-1.98,11.247,0.0,0.0,-0.0,0.0,0.0,0.0,12.87,12.96,13.0,6.16
3056,50.9333,13.0,86.228,-0.065,1.1981,3.75,-7.37,-2.05,11.461,0.0,0.0,-0.0,0.0,0.0,0.0,12.91,12.98,13.0,6.96
3057,50.95,13.0,86.24,-0.068,1.2029,4.0,-8.09,-2.08,9.567,0.0,0.0,-0.0,0.0,0.0,0.0,12.88,12.94,12.93,-0.49
3058,50.9667,13.0,86.254,-0.069,1.2082,4.01,-8.65,-2.12,11.508,0.0,0.0,-0.0,0.0,0.0,0.0,12.93,12.95,12.95,7.21
3059,50.9833,13.0,86.269,-0.07,1.2124,3.89,-9.26,-2.16,11.771,0.0,0.0,-0.0,0.0,0.0,0.0,12.99,12.99,13.0,8.1
3060,51.0,13.0,86.285,-0.07,1.2147,3.72,-9.96,-2.17,11.057,0.0,0.0,-0.0,0.0,0.0,0.0,13.16,13.08,13.19,4.81
3061,51.0167,13.0,86.301,-0.069,1.2171,3.3,-10.43,-2.22,11.638,0.0,0.0,-0.0,0.0,0.0,0.0,12.98,13.03,12.95,7.59
3062,51.0333,13.0,86.318,-0.068,1.2171,2.8,-11.0,-2.22,11.6,0.0,0.0,-0.0,0.0,0.0,0.0,12.95,12.89,12.94,7.63
3063,51.05,13.0,86.336,-0.067,1.2162,2.26,-11.45,-2.3,11.686,0.0,0.0,-0.0,0.0,0.0,0.0,13.17,13.15,13.16,7.26
3064,51.0667,13.0,86.355,-0.065,1.216,1.78,-11.65,-2.35,11.594,0.0,0.0,-0.0,0.0,0.0,0.0,12.96,7.38,12.98,13.05
3065,51.0833,13.0,86.374,-0.066,1.2168,1.7,-11.46,-2.33,11.579,0.0,0.0,-0.0,0.0,0.0,0.0,13.01,7.29,13.01,13.0
3066,51.1,13.0,86.394,-0.067,1.2158,1.69,-11.46,-2.36,11.562,0.0,0.0,-0.0,0.0,0.0,0.0,12.91,7.36,13.01,12.97
3067,51.1167,13.0,86.415,-0.069,1.2148,1.83,-11.46,-2.43,10.874,0.0,0.0,-0.0,0.0,0.0,0.0,13.13,9.4,13.13,7.84
3068,51.1333,13.0,86.438,-0.072,1.2147,2.06,-11.39,-2.37,10.521,0.0,0.0,-0.0,0.0,0.0,0.0,13.06,15.1,13.02,0.9
3069,51.15,13.0,86.463,-0.074,1.2135,2.36,-11.6,-2.49,11.329,0.0,0.0,-0.0,0.0,0.0,0.0,12.84,12.83,12.9,6.74
3070,51.1667,13.0,86.488,-0.074,1.2141,2.0,-11.33,-2.64,12.299,0.0,0.0,-0.0,0.0,0.0,0.0,13.02,13.02,13.02,10.13
3071,51.1833,13.0,86.514,-0.076,1.213,1.87,-11.25,-2.68,10.893,0.0,0.0,-0.0,0.0,0.0,0.0,12.91,10.64,12.81,7.21
3072,51.2,13.0,86.542,-0.077,1.2124,1.71,-11.22,-2.7,12.489,0.0,0.0,-0.0,0.0,0.0,0.0,10.19,13.97,12.76,13.04
3073,51.2167,13.0,86.562,-0.08,1.2187,2.66,-9.6,-1.58,10.605,0.0,0.0,-0.0,0.0,0.0,0.0,8.13,8.31,12.99,12.99
3074,51.2333,13.0,86.583,-0.085,1.224,3.72,-8.82,-1.07,11.73,0.0,0.0,-0.0,0.0,0.0,0.0,12.79,8.34,12.84,12.95
3075,51.25,13.0,86.605,-0.09,1.2278,4.78,-8.19,-0.62,16.827,0.0,0.0,-0.0,0.0,0.0,0.0,13.47,28.02,12.84,12.98
3076,51.2667,13.0,86.625,-0.094,1.231,5.11,-7.28,-0.6,11.03,0.0,0.0,-0.0,0.0,0.0,0.0,12.88,12.88,12.93,5.43
3077,51.2833,13.0,86.645,-0.097,1.2337,5.18,-6.38,-0.74,11.073,0.0,0.0,-0.0,0.0,0.0,0.0,12.88,12.88,12.9,5.63
3078,51.3,13.0,86.665,-0.099,1.2355,5.15,-5.67,-0.92,11.201,0.0,0.0,-0.0,0.0,0.0,0.0,12.92,12.91,12.93,6.04
3079,51.3167,13.0,86.687,-0.099,1.2385,5.11,-5.24,-0.92,10.623,0.0,0.0,-0.0,0.0,0.0,0.0,7.48,13.15,13.14,8.73
3080,51.3333,13.0,86.709,-0.099,1.2412,5.04,-5.04,-0.77,11.826,0.0,0.0,-0.0,0.0,0.0,0.0,13.08,13.08,13.12,8.02
3081,51.35,13.0,86.732,-0.098,1.2425,4.9,-5.09,-0.68,18.614,0.0,0.0,-0.0,0.0,0.0,0.0,29.13,12.94,12.94,19.44
3082,51.3667,13.0,86.755,-0.097,1.2422,4.89,-5.24,-0.53,10.684,0.0,0.0,-0.0,0.0,0.0,0.0,13.13,10.16,13.13,6.32
3083,51.3833,13.0,86.78,-0.097,1.2465,4.86,-5.64,-0.43,12.612,0.0,0.0,-0.0,0.0,0.0,0.0,14.22,13.03,13.06,10.13
3084,51.4,13.0,86.802,-0.098,1.2531,4.94,-6.42,-0.45,12.955,0.0,0.0,-0.0,0.0,0.0,0.0,12.92,12.97,12.99,12.94
3085,51.4167,13.0,86.825,-0.099,1.2574,4.9,-7.14,-0.47,12.445,0.0,0.0,-0.0,0.0,0.0,0.0,12.9,12.92,12.99,10.97
3086,51.4333,13.0,86.849,-0.1,1.2611,4.76,-7.64,-0.56,12.514,0.0,0.0,-0.0,0.0,0.0,0.0,13.03,10.81,13.1,13.12
3087,51.45,13.0,86.872,-0.101,1.2638,4.79,-8.1,-0.6,12.045,0.0,0.0,-0.0,0.0,0.0,0.0,12.98,12.97,12.97,9.26
3088,51.4667,13.0,86.897,-0.102,1.2655,4.95,-8.51,-0.59,12.381,0.0,0.0,-0.0,0.0,0.0,0.0,13.07,10.4,13.02,13.04
3089,51.4833,13.0,86.922,-0.104,1.2677,4.94,-8.61,-0.67,12.208,0.0,0.0,-0.0,0.0,0.0,0.0,12.95,12.93,12.96,9.99
3090,51.5,13.0,86.947,-0.105,1.2682,4.87,-8.76,-0.82,11.724,0.0,0.0,-0.0,0.0,0.0,0.0,12.93,7.95,13.02,13.0
3091,51.5167,13.0,86.973,-0.106,1.2683,4.82,-8.78,-0.94,11.947,0.0,0.0,-0.0,0.0,0.0,0.0,12.98,12.85,13.0,8.96
3092,51.5333,13.0,87.0,-0.108,1.268,4.8,-8.68,-1.05,13.117,0.0,0.0,-0.0,0.0,0.0,0.0,13.32,12.82,13.17,13.16
3093,51.55,13.0,87.027,-0.11,1.2665,4.68,-8.68,-1.24,11.523,0.0,0.0,-0.0,0.0,0.0,0.0,13.0,13.05,13.02,7.02
3094,51.5667,13.0,87.056,-0.111,1.266,4.62,-8.31,-1.38,12.475,0.0,0.0,-0.0,0.0,0.0,0.0,12.98,10.9,13.02,13.01
3095,51.5833,13.0,87.081,-0.114,1.2657,5.22,-7.26,-1.04,11.369,0.0,0.0,-0.0,0.0,0.0,0.0,12.94,6.47,13.04,13.03
3096,51.6,13.0,87.105,-0.117,1.2648,6.19,-6.02,-0.45,2.765,0.0,0.0,-0.0,0.0,0.0,0.0,12.02,-25.23,12.09,12.19
3097,51.6167,13.0,87.127,-0.121,1.2635,7.43,-4.83,0.12,12.736,0.0,0.0,-0.0,0.0,0.0,0.0,12.69,12.6,12.68,12.96
3098,51.6333,13.0,87.147,-0.124,1.263,7.66,-2.99,0.21,10.813,0.0,0.0,-0.0,0.0,0.0,0.0,12.81,12.75,12.79,4.91
3099,51.65,13.0,87.168,-0.126,1.2645,8.07,-1.79,0.33,9.573,0.0,0.0,-0.0,0.0,0.0,0.0,5.93,12.9,13.03,6.43
3100,51.6667,13.0,87.189,-0.129,1.2697,8.3,-1.24,0.48,11.034,0.0,0.0,-0.0,0.0,0.0,0.0,10.14,12.74,12.79,8.47
3101,51.6833,13.0,87.21,-0.132,1.2732,8.44,-0.97,0.61,12.97,0.0,0.0,-0.0,0.0,0.0,0.0,12.97,12.95,12.96,12.99
3102,51.7,13.0,87.231,-0.135,1.274,8.55,-0.9,0.7,10.272,0.0,0.0,-0.0,0.0,0.0,0.0,12.88,12.87,12.87,2.46
3103,51.7167,13.0,87.253,-0.137,1.2747,8.56,-0.62,0.63,9.97,0.0,0.0,-0.0,0.0,0.0,0.0,13.06,13.08,5.58,8.16
3104,51.7333,13.0,87.276,-0.137,1.2739,8.52,-0.54,0.6,10.802,0.0,0.0,-0.0,0.0,0.0,0.0,12.98,12.98,12.98,4.27
3105,51.75,13.0,87.299,-0.137,1.2735,8.46,-0.57,0.58,12.141,0.0,0.0,-0.0,0.0,0.0,0.0,12.91,11.66,13.53,10.46
3106,51.7667,13.0,87.322,-0.135,1.2724,8.26,-0.53,0.59,9.159,0.0,0.0,-0.0,0.0,0.0,0.0,3.98,12.6,13.28,6.78
3107,51.7833,13.0,87.347,-0.135,1.2696,7.93,-0.81,0.52,12.918,0.0,0.0,-0.0,0.0,0.0,0.0,13.0,13.01,12.65,13.01
3108,51.8,13.0,87.373,-0.133,1.2727,7.64,-1.06,0.54,12.064,0.0,0.0,-0.0,0.0,0.0,0.0,10.14,12.08,13.03,13.01
3109,51.8167,13.0,87.399,-0.13,1.2723,7.34,-1.34,0.59,11.475,0.0,0.0,-0.0,0.0,0.0,0.0,12.91,9.36,12.94,10.69
3110,51.8333,13.0,87.426,-0.128,1.2734,7.17,-1.47,0.57,12.041,0.0,0.0,-0.0,0.0,0.0,0.0,9.93,13.0,13.02,12.22
3111,51.85,13.0,87.454,-0.127,1.2744,7.18,-1.5,0.72,12.441,0.0,0.0,-0.0,0.0,0.0,0.0,13.01,10.74,13.03,12.98
3112,51.8667,13.0,87.482,-0.127,1.2739,7.18,-1.59,0.83,12.848,0.0,0.0,-0.0,0.0,0.0,0.0,13.09,13.1,13.12,12.08
3113,51.8833,13.0,87.511,-0.127,1.2746,7.31,-1.55,0.82,11.765,0.0,0.0,-0.0,0.0,0.0,0.0,10.68,12.97,12.79,10.62
3114,51.9,13.0,87.538,-0.124,1.2788,7.27,-1.53,1.0,12.997,0.0,0.0,-0.0,0.0,0.0,0.0,13.0,13.0,13.0,12.99
3115,51.9167,13.0,87.566,-0.122,1.2802,7.27,-1.71,1.17,12.995,0.0,0.0,-0.0,0.0,0.0,0.0,13.0,13.0,13.0,12.98
3116,51.9333,13.0,87.594,-0.12,1.2792,7.3,-2.05,1.33,11.89,0.0,0.0,-0.0,0.0,0.0,0.0,12.63,9.28,12.83,12.82
3117,51.95,13.0,87.621,-0.119,1.2785,7.42,-1.86,1.6,12.698,0.0,0.0,-0.0,0.0,0.0,0.0,13.17,13.13,13.16,11.32
3118,51.9667,13.0,87.649,-0.118,1.2765,7.32,-1.67,1.79,11.547,0.0,0.0,-0.0,0.0,0.0,0.0,12.94,7.3,12.98,12.98
3119,51.9833,13.0,87.678,-0.117,1.2751,7.28,-1.54,1.85,11.464,0.0,0.0,-0.0,0.0,0.0,0.0,11.1,12.97,13.07,8.72
3120,52.0,13.0,87.706,-0.116,1.2781,7.75,-0.79,2.27,11.97,0.0,0.0,-0.0,0.0,0.0,0.0,12.98,9.2,12.98,12.72
3121,52.0167,13.0,87.734,-0.117,1.2796,8.13,-0.39,2.54,13.059,0.0,0.0,-0.0,0.0,0.0,0.0,13.11,13.42,13.03,12.67
3122,52.0333,13.0,87.763,-0.116,1.2788,8.41,-0.15,2.81,10.657,0.0,0.0,-0.0,0.0,0.0,0.0,12.6,12.24,12.66,5.13
3123,52.05,13.0,87.793,-0.116,1.2788,8.56,0.01,2.83,12.564,0.0,0.0,-0.0,0.0,0.0,0.0,13.0,12.7,12.7,11.86
3124,52.0667,13.0,87.823,-0.116,1.2794,8.65,-0.03,2.82,12.457,0.0,0.0,-0.0,0.0,0.0,0.0,12.92,12.94,12.95,11.02
3125,52.0833,13.0,87.853,-0.116,1.2785,8.59,0.01,2.68,12.107,0.0,0.0,-0.0,0.0,0.0,0.0,12.89,12.87,12.9,9.78
3126,52.1,13.0,87.884,-0.115,1.2764,8.39,0.13,2.44,11.497,0.0,0.0,-0.0,0.0,0.0,0.0,12.79,12.27,12.98,7.95
3127,52.1167,13.0,87.914,-0.113,1.2738,8.23,0.42,2.16,12.992,0.0,0.0,-0.0,0.0,0.0,0.0,12.97,13.0,13.0,13.0
3128,52.1333,13.0,87.945,-0.113,1.2702,8.28,0.87,2.09,12.833,0.0,0.0,-0.0,0.0,0.0,0.0,13.04,12.25,13.02,13.02
3129,52.15,13.0,87.977,-0.112,1.2653,8.15,1.27,1.93,10.331,0.0,0.0,-0.0,0.0,0.0,0.0,5.41,13.16,12.84,9.92
3130,52.1667,13.0,88.009,-0.112,1.2665,8.23,1.39,1.89,11.272,0.0,0.0,-0.0,0.0,0.0,0.0,8.5,12.0,12.35,12.24
3131,52.1833,13.0,88.04,-0.11,1.2688,8.29,1.45,2.13,12.865,0.0,0.0,-0.0,0.0,0.0,0.0,13.82,11.6,13.01,13.03
3132,52.2,13.0,88.072,-0.109,1.2694,8.29,1.18,2.09,12.997,0.0,0.0,-0.0,0.0,0.0,0.0,13.0,12.99,13.0,13.0
3133,52.2167,13.0,88.103,-0.109,1.2687,8.57,1.13,2.22,12.633,0.0,0.0,-0.0,0.0,0.0,0.0,12.98,11.54,13.0,13.0
3134,52.2333,13.0,88.134,-0.108,1.268,8.68,1.53,2.28,12.686,0.0,0.0,-0.0,0.0,0.0,0.0,13.08,13.04,13.14,11.48
3135,52.25,13.0,88.166,-0.108,1.2668,8.83,1.53,2.26,13.325,0.0,0.0,-0.0,0.0,0.0,0.0,14.44,12.96,12.96,12.94
3136,52.2667,13.0,88.197,-0.107,1.2677,8.76,1.59,2.15,14.436,0.0,0.0,-0.0,0.0,0.0,0.0,13.1,12.89,16.28,15.48
3137,52.2833,13.0,88.227,-0.103,1.2713,8.46,1.28,2.55,12.955,0.0,0.0,-0.0,0.0,0.0,0.0,12.96,12.95,13.02,12.89
3138,52.3,13.0,88.257,-0.099,1.2722,8.19,0.84,2.88,12.972,0.0,0.0,-0.0,0.0,0.0,0.0,12.97,12.98,13.03,12.9
3139,52.3167,13.0,88.287,-0.095,1.2725,8.4,0.72,3.27,12.844,0.0,0.0,-0.0,0.0,0.0,0.0,12.99,12.42,13.04,12.92
3140,52.3333,13.0,88.317,-0.092,1.2715,8.41,0.79,3.48,12.86,0.0,0.0,-0.0,0.0,0.0,0.0,13.04,13.03,13.05,12.32
3141,52.35,13.0,88.348,-0.089,1.2697,8.41,1.09,3.6,11.701,0.0,0.0,-0.0,0.0,0.0,0.0,12.99,13.26,12.9,7.66
3142,52.3667,13.0,88.379,-0.086,1.2665,8.21,1.36,3.52,12.667,0.0,0.0,-0.0,0.0,0.0,0.0,13.0,11.69,13.04,12.94
3143,52.3833,13.0,88.41,-0.084,1.2634,8.44,1.97,3.69,12.394,0.0,0.0,-0.0,0.0,0.0,0.0,13.03,10.54,13.02,12.99
3144,52.4,13.0,88.442,-0.083,1.259,8.8,2.47,3.87,12.096,0.0,0.0,-0.0,0.0,0.0,0.0,13.03,11.16,12.99,11.2
3145,52.4167,13.0,88.475,-0.081,1.2552,8.86,3.28,3.85,12.386,0.0,0.0,-0.0,0.0,0.0,0.0,12.99,12.97,12.95,10.64
3146,52.4333,13.0,88.508,-0.079,1.2498,8.86,3.86,3.77,12.927,0.0,0.0,-0.0,0.0,0.0,0.0,12.93,12.94,12.92,12.92
3147,52.45,13.0,88.541,-0.077,1.2433,8.59,4.56,3.58,12.286,0.0,0.0,-0.0,0.0,0.0,0.0,12.93,12.88,12.94,10.4
3148,52.4667,13.0,88.575,-0.075,1.237,8.59,5.51,3.58,7.098,0.0,0.0,-0.0,0.0,0.0,0.0,13.62,11.71,-10.42,13.49
3149,52.4833,13.0,88.608,-0.071,1.2396,8.31,5.37,3.46,12.214,0.0,0.0,-0.0,0.0,0.0,0.0,12.87,12.41,10.59,12.99
3150,52.5,13.0,88.641,-0.07,1.2405,8.05,5.56,3.31,12.986,0.0,0.0,-0.0,0.0,0.0,0.0,12.96,12.98,13.02,12.98
3151,52.5167,13.0,88.673,-0.068,1.2392,7.98,5.61,3.18,12.879,0.0,0.0,-0.0,0.0,0.0,0.0,12.2,13.43,12.96,12.93
3152,52.5333,13.0,88.705,-0.067,1.239,8.19,5.45,3.24,15.782,0.0,0.0,-0.0,0.0,0.0,0.0,13.11,17.34,19.5,13.19
3153,52.55,13.0,88.736,-0.07,1.2418,7.68,5.25,2.35,12.901,0.0,0.0,-0.0,0.0,0.0,0.0,12.83,12.87,12.97,12.93
3154,52.5667,13.0,88.767,-0.072,1.2419,7.24,4.9,1.63,12.947,0.0,0.0,-0.0,0.0,0.0,0.0,12.9,12.94,13.03,12.91
3155,52.5833,13.0,88.798,-0.074,1.2394,6.87,4.44,1.03,12.971,0.0,0.0,-0.0,0.0,0.0,0.0,12.94,12.98,13.04,12.91
3156,52.6,13.0,88.828,-0.076,1.2344,6.67,3.96,0.5,14.074,0.0,0.0,-0.0,0.0,0.0,0.0,12.65,18.39,12.68,12.57
3157,52.6167,13.0,88.858,-0.08,1.2305,7.03,4.37,0.5,12.61,0.0,0.0,-0.0,0.0,0.0,0.0,12.99,11.49,13.0,12.95
3158,52.6333,13.0,88.888,-0.083,1.2247,7.52,4.7,0.48,12.544,0.0,0.0,-0.0,0.0,0.0,0.0,13.01,11.16,13.02,13.0
3159,52.65,13.0,88.919,-0.088,1.2176,8.17,4.98,0.43,12.64,0.0,0.0,-0.0,0.0,0.0,0.0,12.97,11.66,12.95,12.98
3160,52.6667,13.0,88.95,-0.092,1.2101,8.65,5.51,0.44,13.141,0.0,0.0,-0.0,0.0,0.0,0.0,13.16,15.9,12.76,10.75
3161,52.6833,13.0,88.982,-0.096,1.2027,8.99,6.17,0.28,12.828,0.0,0.0,-0.0,0.0,0.0,0.0,13.01,12.39,12.95,12.97
3162,52.7,13.0,89.014,-0.099,1.1962,8.86,7.28,-0.12,12.265,0.0,0.0,-0.0,0.0,0.0,0.0,13.01,12.97,12.94,10.15
3163,52.7167,13.0,89.047,-0.102,1.188,8.63,8.21,-0.48,11.061,0.0,0.0,-0.0,0.0,0.0,0.0,12.82,9.89,13.12,8.42
3164,52.7333,13.0,89.079,-0.103,1.1894,8.51,8.36,-0.39,14.794,0.0,0.0,-0.0,0.0,0.0,0.0,12.79,12.81,20.82,12.76
3165,52.75,13.0,89.107,-0.099,1.1962,8.49,7.82,-0.03,12.939,0.0,0.0,-0.0,0.0,0.0,0.0,12.97,12.96,12.86,12.96
3166,52.7667,13.0,89.136,-0.096,1.2003,8.45,7.19,0.26,12.952,0.0,0.0,-0.0,0.0,0.0,0.0,12.96,12.97,12.93,12.95
3167,52.7833,13.0,89.164,-0.093,1.2021,8.39,6.56,0.57,12.191,0.0,0.0,-0.0,0.0,0.0,0.0,12.69,10.06,13.03,12.99
3168,52.8,13.0,89.192,-0.092,1.2032,8.54,6.31,1.13,12.967,0.0,0.0,-0.0,0.0,0.0,0.0,12.94,12.99,13.0,12.94
3169,52.8167,13.0,89.221,-0.091,1.2017,8.67,5.91,1.59,12.986,0.0,0.0,-0.0,0.0,0.0,0.0,12.98,13.0,13.03,12.94
3170,52.8333,13.0,89.249,-0.09,1.1976,8.79,5.38,1.96,12.991,0.0,0.0,-0.0,0.0,0.0,0.0,12.99,13.0,13.03,12.94
3171,52.85,13.0,89.277,-0.089,1.1907,8.91,4.75,2.25,12.988,0.0,0.0,-0.0,0.0,0.0,0.0,13.0,13.0,13.01,12.94
3172,52.8667,13.0,89.306,-0.088,1.1811,9.03,4.04,2.48,12.981,0.0,0.0,-0.0,0.0,0.0,0.0,12.99,13.0,12.99,12.94
3173,52.8833,13.0,89.334,-0.087,1.1688,9.15,3.28,2.64,12.97,0.0,0.0,-0.0,0.0,0.0,0.0,12.98,12.99,12.97,12.94
3174,52.9,13.0,89.363,-0.083,1.1618,8.3,4.36,2.18,12.229,0.0,0.0,-0.0,0.0,0.0,0.0,13.0,12.99,12.97,9.95
3175,52.9167,13.0,89.392,-0.079,1.1525,7.46,5.16,1.79,9.871,0.0,0.0,-0.0,0.0,0.0,0.0,12.95,3.88,12.89,9.76
3176,52.9333,13.0,89.423,-0.078,1.1449,7.39,6.25,1.83,12.255,0.0,0.0,-0.0,0.0,0.0,0.0,12.84,10.43,12.89,12.87
3177,52.95,13.0,89.455,-0.077,1.1362,7.41,7.17,1.87,11.741,0.0,0.0,-0.0,0.0,0.0,0.0,12.7,11.25,12.69,10.31
3178,52.9667,13.0,89.487,-0.076,1.1283,7.47,8.27,1.87,12.823,0.0,0.0,-0.0,0.0,0.0,0.0,12.5,12.93,12.95,12.92
3179,52.9833,13.0,89.518,-0.075,1.1314,7.27,8.41,1.98,12.069,0.0,0.0,-0.0,0.0,0.0,0.0,13.06,11.37,10.96,12.89
3180,53.0,13.0,89.549,-0.073,1.134,7.12,8.32,2.16,12.999,0.0,0.0,-0.0,0.0,0.0,0.0,13.0,12.99,13.01,13.0
3181,53.0167,13.0,89.58,-0.071,1.1343,7.14,8.14,2.27,12.48,0.0,0.0,-0.0,0.0,0.0,0.0,12.9,11.03,13.01,12.98
3182,53.0333,13.0,89.61,-0.07,1.1329,7.39,8.07,2.48,12.995,0.0,0.0,-0.0,0.0,0.0,0.0,12.99,12.99,13.0,13.0
3183,53.05,13.0,89.641,-0.07,1.1312,7.62,8.09,2.58,13.797,0.0,0.0,-0.0,0.0,0.0,0.0,13.03,16.99,12.06,13.11
3184,53.0667,13.0,89.671,-0.072,1.1334,7.44,8.16,1.92,12.95,0.0,0.0,-0.0,0.0,0.0,0.0,12.91,12.93,12.99,12.97
3185,53.0833,13.0,89.702,-0.074,1.133,7.27,8.04,1.34,12.986,0.0,0.0,-0.0,0.0,0.0,0.0,12.97,12.99,13.03,12.95
3186,53.1,13.0,89.732,-0.076,1.13,7.1,7.75,0.81,12.99,0.0,0.0,-0.0,0.0,0.0,0.0,13.0,13.0,13.02,12.94
3187,53.1167,13.0,89.763,-0.078,1.1242,6.93,7.31,0.33,12.988,0.0,0.0,-0.0,0.0,0.0,0.0,13.0,13.0,13.01,12.94
3188,53.1333,13.0,89.794,-0.08,1.1158,6.77,6.76,-0.09,12.978,0.0,0.0,-0.0,0.0,0.0,0.0,12.89,13.05,13.01,12.96
3189,53.15,13.0,89.824,-0.081,1.1062,6.88,5.87,-0.2,15.533,0.0,0.0,-0.0,0.0,0.0,0.0,12.85,12.67,23.78,12.83
3190,53.1667,13.0,89.853,-0.078,1.0977,7.08,4.63,-0.07,12.871,0.0,0.0,-0.0,0.0,0.0,0.0,12.87,12.9,12.86,12.85
3191,53.1833,13.0,89.882,-0.075,1.0864,7.21,3.49,-0.0,12.883,0.0,0.0,-0.0,0.0,0.0,0.0,12.87,12.9,12.87,12.89
3192,53.2,13.0,89.911,-0.072,1.0815,6.91,4.75,0.13,11.009,0.0,0.0,-0.0,0.0,0.0,0.0,12.94,8.89,12.93,9.28
3193,53.2167,13.0,89.94,-0.07,1.0828,6.57,4.95,0.22,11.675,0.0,0.0,-0.0,0.0,0.0,0.0,12.88,11.54,9.17,13.11
3194,53.2333,13.0,89.97,-0.069,1.0844,6.38,5.0,0.32,12.287,0.0,0.0,-0.0,0.0,0.0,0.0,12.99,11.21,11.97,12.98
3195,53.25,13.0,90.0,-0.068,1.0859,6.11,5.03,0.34,12.844,0.0,0.0,-0.0,0.0,0.0,0.0,12.97,12.37,13.01,13.03
3196,53.2667,13.0,90.031,-0.068,1.0856,6.03,5.06,0.37,12.581,0.0,0.0,-0.0,0.0,0.0,0.0,13.06,11.22,13.02,13.03
3197,53.2833,13.0,90.061,-0.068,1.0836,6.13,5.15,0.51,12.547,0.0,0.0,-0.0,0.0,0.0,0.0,12.99,11.19,13.01,13.01
3198,53.3,13.0,90.091,-0.068,1.0837,6.2,5.13,0.56,12.18,0.0,0.0,-0.0,0.0,0.0,0.0,12.94,12.1,10.69,12.99
3199,53.3167,13.0,90.121,-0.069,1.0844,6.35,4.98,0.69,12.568,0.0,0.0,-0.0,0.0,0.0,0.0,13.09,10.88,13.13,13.17
3200,53.3333,13.0,90.152,-0.07,1.0842,6.57,4.87,0.76,13.237,0.0,0.0,-0.0,0.0,0.0,0.0,13.41,13.91,12.9,12.73
3201,53.35,13.0,90.182,-0.071,1.084,6.86,4.82,0.55,12.996,0.0,0.0,-0.0,0.0,0.0,0.0,13.0,13.0,12.97,13.01
3202,53.3667,13.0,90.212,-0.072,1.0825,7.07,4.32,0.43,13.366,0.0,0.0,-0.0,0.0,0.0,0.0,12.99,12.99,14.49,12.99
3203,53.3833,13.0,90.241,-0.073,1.0792,7.24,3.64,0.31,15.655,0.0,0.0,-0.0,0.0,0.0,0.0,13.35,13.5,22.49,13.29
3204,53.4,13.0,90.27,-0.074,1.0757,6.9,2.63,0.04,12.899,0.0,0.0,-0.0,0.0,0.0,0.0,12.88,12.86,12.88,12.97
3205,53.4167,13.0,90.287,-0.068,1.0801,5.93,1.08,-0.45,12.674,0.0,0.0,-0.0,0.0,0.0,0.0,12.9,12.86,11.97,12.97
3206,53.4333,13.0,90.304,-0.061,1.0819,5.63,-0.11,-0.63,12.857,0.0,0.0,-0.0,0.0,0.0,0.0,12.84,12.82,12.84,12.93
3207,53.45,13.0,90.321,-0.054,1.0813,5.38,-1.15,-0.74,7.901,0.0,0.0,-0.0,0.0,0.0,0.0,11.78,-4.47,12.06,12.24
3208,53.4667,13.0,90.339,-0.053,1.0847,5.34,-1.14,-0.2,12.911,0.0,0.0,-0.0,0.0,0.0,0.0,12.75,13.34,12.78,12.78
3209,53.4833,13.0,90.357,-0.053,1.0853,5.38,-1.29,0.14,15.63,0.0,0.0,-0.0,0.0,0.0,0.0,13.01,23.72,12.9,12.89
3210,53.5,13.0,90.376,-0.052,1.0837,5.58,-1.6,0.31,11.004,0.0,0.0,-0.0,0.0,0.0,0.0,12.6,5.61,12.89,12.93
3211,53.5167,13.0,90.395,-0.054,1.0834,6.07,-1.5,0.53,15.834,0.0,0.0,-0.0,0.0,0.0,0.0,12.57,12.42,24.61,13.74
3212,53.5333,13.0,90.415,-0.056,1.0828,6.48,-1.67,0.53,15.47,0.0,0.0,-0.0,0.0,0.0,0.0,12.59,14.68,21.12,13.49
3213,53.55,13.0,90.436,-0.059,1.0831,6.76,-2.27,0.53,10.939,0.0,0.0,-0.0,0.0,0.0,0.0,12.89,13.08,10.72,7.06
3214,53.5667,13.0,90.458,-0.061,1.0855,7.2,-2.55,0.55,16.68,0.0,0.0,-0.0,0.0,0.0,0.0,13.0,27.76,12.99,12.97
3215,53.5833,13.0,90.48,-0.062,1.0874,7.24,-2.56,0.42,11.783,0.0,0.0,-0.0,0.0,0.0,0.0,12.97,13.0,13.01,8.15
3216,53.6,13.0,90.502,-0.063,1.0873,7.19,-2.69,0.23,12.685,0.0,0.0,-0.0,0.0,0.0,0.0,13.03,12.92,13.2,11.59
3217,53.6167,13.0,90.525,-0.063,1.0871,6.94,-2.68,-0.03,10.451,0.0,0.0,-0.0,0.0,0.0,0.0,12.81,6.36,13.72,8.92
3218,53.6333,13.0,90.549,-0.065,1.0866,6.86,-2.53,-0.22,12.159,0.0,0.0,-0.0,0.0,0.0,0.0,12.99,9.65,13.0,13.01
3219,53.65,13.0,90.574,-0.066,1.0849,6.84,-2.39,-0.39,10.678,0.0,0.0,-0.0,0.0,0.0,0.0,12.88,9.23,12.75,7.86
3220,53.6667,13.0,90.6,-0.068,1.0842,6.98,-2.25,-0.44,11.702,0.0,0.0,-0.0,0.0,0.0,0.0,13.1,10.99,9.58,13.14
3221,53.6833,13.0,90.628,-0.068,1.0862,7.02,-2.38,-0.25,12.294,0.0,0.0,-0.0,0.0,0.0,0.0,12.84,12.86,12.8,10.67
3222,53.7,13.0,90.655,-0.067,1.0869,6.94,-2.45,-0.19,12.999,0.0,0.0,-0.0,0.0,0.0,0.0,13.0,13.0,13.0,13.0
3223,53.7167,13.0,90.682,-0.066,1.085,6.83,-2.71,-0.14,12.999,0.0,0.0,-0.0,0.0,0.0,0.0,13.0,13.0,13.0,13.0
3224,53.7333,13.0,90.71,-0.065,1.0803,6.7,-3.15,-0.09,12.998,0.0,0.0,-0.0,0.0,0.0,0.0,13.0,13.0,13.0,12.99
3225,53.75,13.0,90.726,-0.061,1.0805,5.63,-4.11,-0.67,13.044,0.0,0.0,-0.0,0.0,0.0,0.0,12.9,13.02,13.33,12.92
3226,53.7667,13.0,90.734,-0.052,1.085,4.56,-4.86,-0.76,10.504,0.0,0.0,-0.0,0.0,0.0,0.0,12.91,2.94,13.12,13.05
3227,53.7833,13.0,90.742,-0.049,1.0917,3.62,-4.8,-0.25,13.152,0.0,0.0,-0.0,0.0,0.0,0.0,12.69,13.36,13.27,13.3
3228,53.8,13.0,90.75,-0.047,1.0956,2.7,-5.0,0.17,18.811,0.0,0.0,-0.0,0.0,0.0,0.0,12.81,35.81,13.25,13.37
3229,53.8167,13.0,90.759,-0.045,1.098,2.43,-5.23,0.29,10.43,0.0,0.0,-0.0,0.0,0.0,0.0,12.97,2.85,13.0,12.9
3230,53.8333,13.0,90.769,-0.043,1.1002,2.42,-5.32,0.48,10.641,0.0,0.0,-0.0,0.0,0.0,0.0,13.0,3.57,13.0,12.99
3231,53.85,13.0,90.779,-0.043,1.1016,2.56,-5.46,0.64,10.724,0.0,0.0,-0.0,0.0,0.0,0.0,13.0,3.9,12.99,13.0
3232,53.8667,13.0,90.791,-0.043,1.1019,2.83,-5.7,0.76,11.009,0.0,0.0,-0.0,0.0,0.0,0.0,12.99,5.05,13.0,13.0
3233,53.8833,13.0,90.805,-0.045,1.1029,3.14,-6.2,0.73,13.342,0.0,0.0,-0.0,0.0,0.0,0.0,12.63,7.45,19.96,13.32
3234,53.9,13.0,90.82,-0.048,1.1046,3.52,-6.8,0.67,11.356,0.0,0.0,-0.0,0.0,0.0,0.0,13.63,8.76,10.12,12.92
3235,53.9167,13.0,90.836,-0.053,1.1062,4.11,-7.28,0.62,11.751,0.0,0.0,-0.0,0.0,0.0,0.0,12.93,8.16,12.95,12.96
3236,53.9333,13.0,90.853,-0.057,1.1055,4.7,-7.85,0.52,12.443,0.0,0.0,-0.0,0.0,0.0,0.0,13.0,13.42,10.36,12.99
3237,53.95,13.0,90.87,-0.063,1.104,5.43,-8.34,0.53,9.147,0.0,0.0,-0.0,0.0,0.0,0.0,13.12,8.59,1.94,12.93
3238,53.9667,13.0,90.889,-0.066,1.1057,6.0,-8.63,0.54,12.872,0.0,0.0,-0.0,0.0,0.0,0.0,12.11,12.13,20.27,6.98
3239,53.9833,13.0,90.908,-0.068,1.1075,6.25,-8.71,0.48,13.353,0.0,0.0,-0.0,0.0,0.0,0.0,12.93,12.92,13.97,13.59
3240,54.0,13.0,90.927,-0.07,1.1077,6.25,-8.77,0.4,10.483,0.0,0.0,-0.0,0.0,0.0,0.0,13.03,13.02,7.64,8.24
3241,54.0167,13.0,90.947,-0.069,1.1089,6.1,-8.95,0.44,11.209,0.0,0.0,-0.0,0.0,0.0,0.0,13.02,13.02,13.01,5.79
3242,54.0333,13.0,90.968,-0.068,1.1082,6.01,-9.37,0.46,12.998,0.0,0.0,-0.0,0.0,0.0,0.0,13.0,13.0,13.0,12.99
3243,54.05,13.0,90.99,-0.066,1.1093,5.87,-9.25,0.46,10.775,0.0,0.0,-0.0,0.0,0.0,0.0,12.99,8.34,13.01,8.76
3244,54.0667,13.0,91.012,-0.066,1.1086,5.87,-9.27,0.52,12.225,0.0,0.0,-0.0,0.0,0.0,0.0,13.03,13.04,13.04,9.78
3245,54.0833,13.0,91.036,-0.065,1.1085,5.73,-9.18,0.52,11.596,0.0,0.0,-0.0,0.0,0.0,0.0,13.04,9.21,13.04,11.09
3246,54.1,13.0,91.061,-0.065,1.1086,5.77,-9.03,0.5,12.267,0.0,0.0,-0.0,0.0,0.0,0.0,13.0,10.05,13.01,13.01
3247,54.1167,13.0,91.087,-0.065,1.1072,5.77,-8.99,0.41,11.248,0.0,0.0,-0.0,0.0,0.0,0.0,12.84,9.87,12.99,9.3
3248,54.1333,13.0,91.11,-0.065,1.1093,4.89,-7.55,-0.26,9.067,0.0,0.0,-0.0,0.0,0.0,0.0,13.14,13.13,2.0,8.0
3249,54.15,13.0,91.135,-0.062,1.1113,4.08,-6.77,-0.52,17.457,0.0,0.0,-0.0,0.0,0.0,0.0,13.74,13.82,13.74,28.53
3250,54.1667,13.0,91.159,-0.059,1.1114,3.3,-6.26,-0.81,16.96,0.0,0.0,-0.0,0.0,0.0,0.0,13.25,13.33,13.27,28.0
3251,54.1833,13.0,91.184,-0.056,1.1094,2.32,-5.97,-1.0,11.84,0.0,0.0,-0.0,0.0,0.0,0.0,12.93,12.96,12.91,8.56
3252,54.2,13.0,91.209,-0.054,1.1085,1.83,-5.25,-1.05,11.685,0.0,0.0,-0.0,0.0,0.0,0.0,12.88,8.03,12.92,12.9
3253,54.2167,13.0,91.219,-0.047,1.1143,0.57,-4.8,-1.67,11.237,0.0,0.0,-0.0,0.0,0.0,0.0,12.9,15.84,3.3,12.9
3254,54.2333,13.0,91.226,-0.036,1.1186,-0.2,-4.67,-1.87,12.957,0.0,0.0,-0.0,0.0,0.0,0.0,12.89,12.99,13.02,12.92
3255,54.25,13.0,91.234,-0.025,1.1215,-1.02,-4.69,-1.91,10.068,0.0,0.0,-0.0,0.0,0.0,0.0,12.96,1.3,13.05,12.97
3256,54.2667,13.0,91.242,-0.019,1.1284,-1.92,-4.62,-1.84,8.847,0.0,0.0,-0.0,0.0,0.0,0.0,12.86,3.42,6.22,12.89
3257,54.2833,13.0,91.251,-0.013,1.1347,-2.64,-4.7,-1.77,10.577,0.0,0.0,-0.0,0.0,0.0,0.0,12.97,3.31,13.03,12.99
3258,54.3,13.0,91.262,-0.009,1.1407,-3.22,-4.98,-1.68,11.172,0.0,0.0,-0.0,0.0,0.0,0.0,12.98,5.73,13.03,12.95
3259,54.3167,13.0,91.273,-0.006,1.1461,-3.68,-5.49,-1.57,13.07,0.0,0.0,-0.0,0.0,0.0,0.0,12.89,7.52,18.93,12.95
3260,54.3333,13.0,91.285,-0.004,1.1507,-3.85,-5.72,-1.3,11.015,0.0,0.0,-0.0,0.0,0.0,0.0,13.01,5.07,12.99,12.98
3261,54.35,13.0,91.298,-0.002,1.1541,-3.87,-6.08,-1.03,11.242,0.0,0.0,-0.0,0.0,0.0,0.0,13.0,5.97,13.0,12.99
3262,54.3667,13.0,91.312,-0.001,1.1563,-3.78,-6.57,-0.78,12.023,0.0,0.0,-0.0,0.0,0.0,0.0,12.99,9.14,12.99,12.97
3263,54.3833,13.0,91.326,-0.001,1.1563,-3.62,-7.16,-0.54,12.987,0.0,0.0,-0.0,0.0,0.0,0.0,13.0,12.97,13.0,12.97
3264,54.4,13.0,91.341,-0.003,1.1571,-3.05,-7.27,-0.15,11.346,0.0,0.0,-0.0,0.0,0.0,0.0,12.98,6.46,12.97,12.97
3265,54.4167,13.0,91.357,-0.005,1.1561,-2.56,-7.71,0.08,11.276,0.0,0.0,-0.0,0.0,0.0,0.0,12.96,8.9,10.26,13.0
3266,54.4333,13.0,91.375,-0.008,1.155,-2.11,-8.35,0.08,10.808,0.0,0.0,-0.0,0.0,0.0,0.0,12.71,3.76,13.35,13.41
3267,54.45,13.0,91.393,-0.013,1.1545,-1.28,-8.6,0.19,10.494,0.0,0.0,-0.0,0.0,0.0,0.0,13.02,8.85,7.31,12.8
3268,54.4667,13.0,91.412,-0.018,1.1529,-0.51,-9.35,0.24,12.309,0.0,0.0,-0.0,0.0,0.0,0.0,13.04,10.98,12.44,12.77
3269,54.4833,13.0,91.433,-0.024,1.1523,0.32,-9.97,0.29,12.852,0.0,0.0,-0.0,0.0,0.0,0.0,13.07,13.0,12.3,13.03
3270,54.5,13.0,91.453,-0.029,1.1552,1.18,-10.84,0.27,12.901,0.0,0.0,-0.0,0.0,0.0,0.0,12.83,12.92,12.98,12.87
3271,54.5167,13.0,91.474,-0.035,1.1555,1.95,-11.68,0.21,11.224,0.0,0.0,-0.0,0.0,0.0,0.0,12.71,6.68,12.8,12.71
3272,54.5333,13.0,91.496,-0.041,1.1558,2.77,-12.31,0.09,13.49,0.0,0.0,-0.0,0.0,0.0,0.0,12.87,20.76,12.93,7.39
3273,54.55,13.0,91.519,-0.044,1.1604,2.8,-12.15,-0.27,12.11,0.0,0.0,-0.0,0.0,0.0,0.0,13.0,13.02,13.03,9.39
3274,54.5667,13.0,91.542,-0.047,1.1614,2.99,-12.39,-0.61,12.996,0.0,0.0,-0.0,0.0,0.0,0.0,13.0,12.99,13.01,12.98
3275,54.5833,13.0,91.564,-0.049,1.1623,2.7,-11.84,-1.4,10.677,0.0,0.0,-0.0,0.0,0.0,0.0,13.04,13.0,13.05,3.62
3276,54.6,13.0,91.583,-0.051,1.1624,2.05,-10.89,-2.33,10.645,0.0,0.0,-0.0,0.0,0.0,0.0,12.88,12.84,12.91,3.95
3277,54.6167,13.0,91.601,-0.052,1.1623,1.33,-9.92,-3.17,-15.638,0.0,0.0,-0.0,0.0,0.0,0.0,12.17,-62.36,-19.27,6.91
3278,54.6333,13.0,91.621,-0.053,1.1685,1.37,-8.73,-3.22,10.553,0.0,0.0,-0.0,0.0,0.0,0.0,12.95,12.8,8.36,8.1
3279,54.65,13.0,91.642,-0.052,1.1752,1.14,-8.04,-3.16,15.776,0.0,0.0,-0.0,0.0,0.0,0.0,12.68,12.65,26.16,11.61
3280,54.6667,13.0,91.663,-0.052,1.1792,0.98,-7.53,-3.28,12.9,0.0,0.0,-0.0,0.0,0.0,0.0,12.93,12.94,12.93,12.8
3281,54.6833,13.0,91.684,-0.051,1.1817,0.58,-7.17,-3.33,11.71,0.0,0.0,-0.0,0.0,0.0,0.0,13.0,13.01,13.0,7.83
3282,54.7,13.0,91.705,-0.05,1.1824,0.02,-7.0,-3.34,11.849,0.0,0.0,-0.0,0.0,0.0,0.0,12.9,12.95,12.92,8.62
3283,54.7167,13.0,91.727,-0.048,1.1815,-0.51,-6.98,-3.39,11.903,0.0,0.0,-0.0,0.0,0.0,0.0,12.93,12.96,12.96,8.76
3284,54.7333,13.0,91.746,-0.046,1.1839,-1.51,-7.33,-3.76,10.268,0.0,0.0,-0.0,0.0,0.0,0.0,13.04,7.1,7.93,13.0
3285,54.75,13.0,91.761,-0.043,1.1938,-2.19,-7.82,-3.67,12.461,0.0,0.0,-0.0,0.0,0.0,0.0,12.91,12.32,11.71,12.9
3286,54.7667,13.0,91.774,-0.037,1.202,-2.78,-8.55,-3.42,12.972,0.0,0.0,-0.0,0.0,0.0,0.0,12.97,12.91,13.06,12.95
3287,54.7833,13.0,91.788,-0.034,1.2095,-3.18,-9.09,-3.09,11.459,0.0,0.0,-0.0,0.0,0.0,0.0,12.99,6.8,13.08,12.97
3288,54.8,13.0,91.802,-0.031,1.2155,-3.5,-9.72,-2.79,12.438,0.0,0.0,-0.0,0.0,0.0,0.0,12.97,10.82,13.03,12.94
3289,54.8167,13.0,91.817,-0.028,1.2194,-3.73,-10.42,-2.53,12.99,0.0,0.0,-0.0,0.0,0.0,0.0,13.0,12.95,13.05,12.96
3290,54.8333,13.0,91.833,-0.028,1.2237,-3.65,-10.72,-2.13,11.519,0.0,0.0,-0.0,0.0,0.0,0.0,13.01,7.09,13.03,12.96
3291,54.85,13.0,91.849,-0.027,1.2261,-3.58,-11.27,-1.82,9.989,0.0,0.0,-0.0,0.0,0.0,0.0,13.03,0.93,13.02,12.97
3292,54.8667,13.0,91.866,-0.027,1.2265,-3.5,-11.97,-1.58,6.88,0.0,0.0,-0.0,0.0,0.0,0.0,12.98,-11.28,12.94,12.88
3293,54.8833,13.0,91.885,-0.03,1.2293,-3.0,-12.2,-1.29,12.003,0.0,0.0,-0.0,0.0,0.0,0.0,12.97,9.1,12.99,12.95
3294,54.9,13.0,91.905,-0.033,1.2286,-2.66,-12.76,-1.08,12.972,0.0,0.0,-0.0,0.0,0.0,0.0,12.98,12.96,12.99,12.96
3295,54.9167,13.0,91.924,-0.037,1.2278,-2.0,-13.05,-0.82,11.759,0.0,0.0,-0.0,0.0,0.0,0.0,12.96,8.13,12.97,12.97
3296,54.9333,13.0,91.944,-0.041,1.225,-1.31,-13.45,-0.64,11.683,0.0,0.0,-0.0,0.0,0.0,0.0,12.94,7.87,12.94,12.98
3297,54.95,13.0,91.966,-0.044,1.224,-0.94,-13.32,-0.71,11.737,0.0,0.0,-0.0,0.0,0.0,0.0,12.87,14.5,12.91,6.68
3298,54.9667,13.0,91.987,-0.046,1.222,-0.83,-13.12,-0.74,11.108,0.0,0.0,-0.0,0.0,0.0,0.0,12.88,12.83,12.89,5.84
3299,54.9833,13.0,92.009,-0.047,1.2202,-0.82,-12.9,-0.8,11.968,0.0,0.0,-0.0,0.0,0.0,0.0,13.1,14.25,13.32,7.2
3300,55.0,13.0,92.033,-0.047,1.2191,-1.01,-12.6,-0.91,12.554,0.0,0.0,-0.0,0.0,0.0,0.0,13.04,13.85,13.06,10.26
3301,55.0167,13.0,92.057,-0.048,1.2163,-1.07,-12.48,-0.96,11.741,0.0,0.0,-0.0,0.0,0.0,0.0,12.71,8.79,12.75,12.72
3302,55.0333,13.0,92.075,-0.051,1.2166,-1.76,-10.17,-1.83,14.668,0.0,0.0,-0.0,0.0,0.0,0.0,13.27,27.62,12.92,4.87
3303,55.05,13.0,92.093,-0.05,1.2197,-2.17,-8.74,-1.95,20.005,0.0,0.0,-0.0,0.0,0.0,0.0,11.94,25.73,35.0,7.35
3304,55.0667,13.0,92.109,-0.046,1.224,-2.97,-7.97,-1.82,9.0,0.0,0.0,-0.0,0.0,0.0,0.0,12.84,12.92,3.95,6.29
3305,55.0833,13.0,92.124,-0.042,1.2284,-3.46,-7.24,-1.81,14.967,0.0,0.0,-0.0,0.0,0.0,0.0,12.77,4.89,26.04,16.17
3306,55.1,13.0,92.141,-0.039,1.2326,-3.94,-6.59,-1.78,12.128,0.0,0.0,-0.0,0.0,0.0,0.0,12.9,9.32,12.06,14.23
3307,55.1167,13.0,92.158,-0.037,1.2361,-4.25,-6.09,-1.67,8.612,0.0,0.0,-0.0,0.0,0.0,0.0,12.88,3.97,12.91,4.68
3308,55.1333,13.0,92.176,-0.036,1.2384,-4.39,-5.74,-1.57,11.749,0.0,0.0,-0.0,0.0,0.0,0.0,12.98,8.04,13.01,12.97
3309,55.15,13.0,92.195,-0.035,1.2401,-4.54,-5.42,-1.5,17.472,0.0,0.0,-0.0,0.0,0.0,0.0,13.18,14.62,13.66,28.42
3310,55.1667,13.0,92.215,-0.035,1.24,-4.48,-5.23,-1.41,10.783,0.0,0.0,-0.0,0.0,0.0,0.0,13.14,9.52,6.04,14.43
3311,55.1833,13.0,92.235,-0.034,1.2404,-4.64,-4.94,-1.43,11.748,0.0,0.0,-0.0,0.0,0.0,0.0,13.34,13.33,13.33,6.99
3312,55.2,13.0,92.256,-0.034,1.2396,-4.83,-4.81,-1.38,11.408,0.0,0.0,-0.0,0.0,0.0,0.0,12.66,5.85,11.16,15.96
3313,55.2167,13.0,92.279,-0.034,1.2398,-4.78,-4.79,-1.28,13.231,0.0,0.0,-0.0,0.0,0.0,0.0,12.87,8.88,17.95,13.22
3314,55.2333,13.0,92.303,-0.035,1.2398,-4.93,-4.83,-1.21,12.097,0.0,0.0,-0.0,0.0,0.0,0.0,13.0,13.0,12.37,10.02
3315,55.25,13.0,92.327,-0.034,1.2422,-5.05,-4.89,-1.15,12.42,0.0,0.0,-0.0,0.0,0.0,0.0,12.7,12.3,11.83,12.85
3316,55.2667,13.0,92.353,-0.034,1.2456,-5.1,-5.26,-1.07,13.001,0.0,0.0,-0.0,0.0,0.0,0.0,13.0,13.0,13.0,13.0
3317,55.2833,13.0,92.378,-0.034,1.2476,-5.03,-5.57,-0.9,12.815,0.0,0.0,-0.0,0.0,0.0,0.0,12.99,12.27,12.99,13.01
3318,55.3,13.0,92.404,-0.035,1.2483,-4.88,-5.89,-0.71,11.611,0.0,0.0,-0.0,0.0,0.0,0.0,12.8,12.83,12.81,7.99
3319,55.3167,13.0,92.43,-0.035,1.2489,-4.78,-5.95,-0.57,12.435,0.0,0.0,-0.0,0.0,0.0,0.0,13.06,10.6,13.04,13.04
3320,55.3333,13.0,92.457,-0.036,1.2489,-4.77,-5.94,-0.41,12.439,0.0,0.0,-0.0,0.0,0.0,0.0,12.94,12.93,12.93,10.95
3321,55.35,13.0,92.485,-0.036,1.248,-4.7,-5.91,-0.27,12.175,0.0,0.0,-0.0,0.0,0.0,0.0,13.04,9.6,13.02,13.04
3322,55.3667,13.0,92.513,-0.036,1.2472,-4.74,-5.65,-0.15,12.655,0.0,0.0,-0.0,0.0,0.0,0.0,13.03,13.02,13.03,11.53
3323,55.3833,13.0,92.542,-0.035,1.245,-4.7,-5.49,-0.03,12.103,0.0,0.0,-0.0,0.0,0.0,0.0,13.02,9.4,12.98,13.01
3324,55.4,13.0,92.573,-0.035,1.2426,-4.73,-5.18,0.09,12.662,0.0,0.0,-0.0,0.0,0.0,0.0,13.0,13.0,13.0,11.64
3325,55.4167,13.0,92.603,-0.035,1.2441,-4.79,-5.34,0.13,12.563,0.0,0.0,-0.0,0.0,0.0,0.0,12.97,12.2,12.14,12.94
3326,55.4333,13.0,92.626,-0.035,1.2481,-6.02,-3.44,-0.67,11.752,0.0,0.0,-0.0,0.0,0.0,0.0,12.96,12.95,12.97,8.13
3327,55.45,13.0,92.651,-0.031,1.2528,-6.8,-2.48,-0.98,10.276,0.0,0.0,-0.0,0.0,0.0,0.0,12.5,12.63,6.23,9.74
3328,55.4667,13.0,92.674,-0.027,1.2571,-7.31,-1.65,-1.12,11.073,0.0,0.0,-0.0,0.0,0.0,0.0,12.91,5.31,12.94,13.13
3329,55.4833,13.0,92.699,-0.023,1.2608,-7.71,-0.99,-1.08,11.929,0.0,0.0,-0.0,0.0,0.0,0.0,12.87,8.88,12.94,13.02
3330,55.5,13.0,92.724,-0.021,1.2633,-7.99,-0.57,-1.01,11.883,0.0,0.0,-0.0,0.0,0.0,0.0,12.77,9.13,12.77,12.87
3331,55.5167,13.0,92.75,-0.019,1.2642,-8.02,-0.25,-0.94,12.969,0.0,0.0,-0.0,0.0,0.0,0.0,12.96,12.91,12.98,13.02
3332,55.5333,13.0,92.776,-0.018,1.2635,-8.25,-0.22,-0.9,11.493,0.0,0.0,-0.0,0.0,0.0,0.0,13.72,9.99,9.92,12.34
3333,55.55,13.0,92.802,-0.016,1.2627,-8.15,-0.25,-0.94,12.18,0.0,0.0,-0.0,0.0,0.0,0.0,12.93,9.92,12.92,12.94
3334,55.5667,13.0,92.829,-0.017,1.2635,-8.14,-0.26,-0.88,12.275,0.0,0.0,-0.0,0.0,0.0,0.0,13.19,10.48,12.33,13.1
3335,55.5833,13.0,92.856,-0.016,1.2659,-7.93,-0.59,-0.82,12.994,0.0,0.0,-0.0,0.0,0.0,0.0,13.0,13.0,12.98,13.0
3336,55.6,13.0,92.883,-0.017,1.2663,-7.75,-0.93,-0.63,12.734,0.0,0.0,-0.0,0.0,0.0,0.0,13.08,11.36,13.24,13.25
3337,55.6167,13.0,92.91,-0.017,1.2676,-7.47,-0.74,-0.32,12.548,0.0,0.0,-0.0,0.0,0.0,0.0,12.95,12.98,12.97,11.3
3338,55.6333,13.0,92.937,-0.017,1.2675,-7.31,-0.54,-0.12,13.006,0.0,0.0,-0.0,0.0,0.0,0.0,13.51,13.5,13.46,11.56
3339,55.65,13.0,92.965,-0.018,1.2658,-7.51,-0.43,0.21,11.673,0.0,0.0,-0.0,0.0,0.0,0.0,12.78,12.8,12.81,8.31
3340,55.6667,13.0,92.994,-0.016,1.2643,-7.76,-0.42,0.17,12.96,0.0,0.0,-0.0,0.0,0.0,0.0,12.96,12.97,12.94,12.97
3341,55.6833,13.0,93.023,-0.013,1.2618,-8.13,-0.57,0.15,12.076,0.0,0.0,-0.0,0.0,0.0,0.0,13.08,10.59,13.04,11.59
3342,55.7,13.0,93.052,-0.013,1.2627,-8.18,-0.12,0.16,11.87,0.0,0.0,-0.0,0.0,0.0,0.0,13.11,10.91,10.33,13.13
3343,55.7167,13.0,93.083,-0.012,1.2628,-8.21,-0.03,0.23,12.945,0.0,0.0,-0.0,0.0,0.0,0.0,13.03,13.0,12.73,13.02
3344,55.7333,13.0,93.113,-0.012,1.263,-8.22,-0.09,0.25,12.816,0.0,0.0,-0.0,0.0,0.0,0.0,13.11,12.29,12.82,13.04
3345,55.75,13.0,93.144,-0.012,1.2624,-8.33,-0.34,0.33,13.181,0.0,0.0,-0.0,0.0,0.0,0.0,12.91,12.9,13.91,12.99
3346,55.7667,13.0,93.174,-0.013,1.2625,-8.02,-0.27,0.52,12.936,0.0,0.0,-0.0,0.0,0.0,0.0,13.05,12.54,13.07,13.08
3347,55.7833,13.0,93.205,-0.013,1.2628,-8.17,-0.36,0.56,11.652,0.0,0.0,-0.0,0.0,0.0,0.0,13.21,13.18,11.2,9.01
3348,55.8,13.0,93.234,-0.009,1.2656,-8.56,-0.16,0.58,12.515,0.0,0.0,-0.0,0.0,0.0,0.0,12.97,11.19,13.01,12.89
3349,55.8167,13.0,93.263,-0.005,1.2662,-8.84,-0.05,0.65,12.441,0.0,0.0,-0.0,0.0,0.0,0.0,12.93,10.87,13.01,12.96
3350,55.8333,13.0,93.292,-0.001,1.2662,-8.85,0.23,0.89,12.982,0.0,0.0,-0.0,0.0,0.0,0.0,12.97,12.95,13.02,12.99
3351,55.85,13.0,93.321,0.002,1.2637,-8.85,0.34,1.14,11.602,0.0,0.0,-0.0,0.0,0.0,0.0,13.0,7.5,12.96,12.95
3352,55.8667,13.0,93.351,0.005,1.2598,-8.58,0.41,1.38,10.871,0.0,0.0,-0.0,0.0,0.0,0.0,12.77,4.89,12.91,12.92
3353,55.8833,13.0,93.381,0.008,1.2565,-8.5,0.92,1.64,10.892,0.0,0.0,-0.0,0.0,0.0,0.0,13.06,6.51,13.06,10.94
3354,55.9,13.0,93.412,0.01,1.2527,-8.52,1.42,1.85,11.737,0.0,0.0,-0.0,0.0,0.0,0.0,12.75,12.74,12.79,8.67
3355,55.9167,13.0,93.443,0.014,1.2485,-8.56,2.04,1.89,13.11,0.0,0.0,-0.0,0.0,0.0,0.0,12.82,10.35,12.98,16.29
3356,55.9333,13.0,93.474,0.014,1.2445,-8.9,2.72,2.38,12.842,0.0,0.0,-0.0,0.0,0.0,0.0,12.79,12.79,12.92,12.86
3357,55.95,13.0,93.506,0.016,1.2389,-8.58,3.27,2.57,12.475,0.0,0.0,-0.0,0.0,0.0,0.0,12.93,11.1,12.92,12.96
3358,55.9667,13.0,93.538,0.014,1.2348,-8.18,3.1,2.54,13.333,0.0,0.0,-0.0,0.0,0.0,0.0,14.98,12.86,12.48,13.0
3359,55.9833,13.0,93.57,0.014,1.2353,-8.38,3.59,2.1,12.495,0.0,0.0,-0.0,0.0,0.0,0.0,12.93,13.28,12.98,10.79
3360,56.0,13.0,93.601,0.013,1.2351,-7.97,3.42,1.86,9.866,0.0,0.0,-0.0,0.0,0.0,0.0,1.33,12.95,12.3,12.89
3361,56.0167,13.0,93.633,0.015,1.237,-8.14,3.58,1.84,14.792,0.0,0.0,-0.0,0.0,0.0,0.0,13.35,12.92,16.44,16.46
3362,56.0333,13.0,93.664,0.017,1.24,-8.16,3.19,1.95,13.127,0.0,0.0,-0.0,0.0,0.0,0.0,12.56,12.56,12.62,14.77
3363,56.05,13.0,93.694,0.022,1.2432,-7.99,3.39,1.37,12.95,0.0,0.0,-0.0,0.0,0.0,0.0,12.89,12.93,12.91,13.08
3364,56.0667,13.0,93.723,0.027,1.2438,-7.84,3.38,0.91,13.0,0.0,0.0,-0.0,0.0,0.0,0.0,12.98,12.98,13.0,13.04
3365,56.0833,13.0,93.753,0.032,1.2417,-7.69,3.19,0.53,12.451,0.0,0.0,-0.0,0.0,0.0,0.0,12.96,12.93,12.98,10.93
3366,56.1,13.0,93.783,0.036,1.2388,-8.39,3.27,0.39,12.367,0.0,0.0,-0.0,0.0,0.0,0.0,13.06,13.07,13.06,10.28
3367,56.1167,13.0,93.813,0.04,1.2344,-8.95,3.3,0.23,12.95,0.0,0.0,-0.0,0.0,0.0,0.0,13.06,12.86,13.02,12.86
3368,56.1333,13.0,93.843,0.043,1.2321,-8.91,3.7,0.5,11.369,0.0,0.0,-0.0,0.0,0.0,0.0,12.82,9.87,12.87,9.92
3369,56.15,13.0,93.873,0.047,1.2289,-8.92,4.1,0.69,12.884,0.0,0.0,-0.0,0.0,0.0,0.0,13.13,13.09,13.14,12.18
3370,56.1667,13.0,93.904,0.05,1.2252,-8.89,4.64,0.93,11.303,0.0,0.0,-0.0,0.0,0.0,0.0,12.92,9.41,12.93,9.95
3371,56.1833,13.0,93.936,0.053,1.2201,-8.82,5.04,1.14,12.946,0.0,0.0,-0.0,0.0,0.0,0.0,12.93,12.93,12.95,12.98
3372,56.2,13.0,93.968,0.056,1.2151,-8.83,5.83,1.29,11.967,0.0,0.0,-0.0,0.0,0.0,0.0,12.96,10.08,13.07,11.76
3373,56.2167,13.0,94.0,0.059,1.2093,-8.94,6.56,1.41,12.636,0.0,0.0,-0.0,0.0,0.0,0.0,13.07,13.12,13.08,11.28
3374,56.2333,13.0,94.033,0.062,1.2033,-9.08,7.4,1.41,12.354,0.0,0.0,-0.0,0.0,0.0,0.0,12.93,10.55,12.99,12.94
3375,56.25,13.0,94.066,0.063,1.2021,-9.04,7.42,1.29,11.289,0.0,0.0,-0.0,0.0,0.0,0.0,7.85,13.02,12.9,11.39
3376,56.2667,13.0,94.097,0.064,1.2046,-8.84,7.23,1.07,13.407,0.0,0.0,-0.0,0.0,0.0,0.0,14.78,12.96,12.98,12.9
3377,56.2833,13.0,94.128,0.065,1.2051,-8.79,7.15,0.94,12.999,0.0,0.0,-0.0,0.0,0.0,0.0,12.63,12.73,12.77,13.87
3378,56.3,13.0,94.158,0.067,1.2084,-8.56,7.22,1.09,12.994,0.0,0.0,-0.0,0.0,0.0,0.0,12.99,13.0,13.01,12.98
3379,56.3167,13.0,94.188,0.069,1.209,-8.33,7.1,1.27,12.996,0.0,0.0,-0.0,0.0,0.0,0.0,13.0,13.0,13.0,12.98
3380,56.3333,13.0,94.218,0.071,1.2069,-8.1,6.79,1.47,13.001,0.0,0.0,-0.0,0.0,0.0,0.0,13.0,13.0,13.0,13.0
3381,56.35,13.0,94.248,0.074,1.2021,-7.89,6.32,1.7,13.002,0.0,0.0,-0.0,0.0,0.0,0.0,13.0,13.0,13.01,13.0
3382,56.3667,13.0,94.278,0.076,1.1947,-7.71,5.73,1.91,12.993,0.0,0.0,-0.0,0.0,0.0,0.0,12.98,12.99,13.01,12.99
3383,56.3833,13.0,94.308,0.078,1.1845,-7.55,5.05,2.13,12.973,0.0,0.0,-0.0,0.0,0.0,0.0,12.96,12.97,12.99,12.97
3384,56.4,13.0,94.338,0.08,1.1717,-7.41,4.3,2.33,12.954,0.0,0.0,-0.0,0.0,0.0,0.0,12.94,12.95,12.97,12.95
3385,56.4167,13.0,94.369,0.085,1.1679,-7.96,5.18,2.14,10.768,0.0,0.0,-0.0,0.0,0.0,0.0,8.18,11.35,13.18,10.36
3386,56.4333,13.0,94.4,0.085,1.1616,-7.88,5.61,1.99,12.94,0.0,0.0,-0.0,0.0,0.0,0.0,12.93,12.96,12.94,12.94
3387,56.45,13.0,94.433,0.086,1.1561,-7.84,6.6,1.81,12.373,0.0,0.0,-0.0,0.0,0.0,0.0,13.0,12.39,12.98,11.12
3388,56.4667,13.0,94.466,0.087,1.1486,-7.69,7.18,1.75,12.936,0.0,0.0,-0.0,0.0,0.0,0.0,12.92,12.94,12.92,12.96
3389,56.4833,13.0,94.499,0.088,1.1418,-7.87,8.25,1.58,12.739,0.0,0.0,-0.0,0.0,0.0,0.0,12.99,11.63,12.99,13.35
3390,56.5,13.0,94.533,0.087,1.1381,-7.51,8.1,1.42,12.842,0.0,0.0,-0.0,0.0,0.0,0.0,11.19,12.84,12.9,14.44
3391,56.5167,13.0,94.565,0.086,1.14,-7.45,8.53,1.13,12.838,0.0,0.0,-0.0,0.0,0.0,0.0,12.89,13.0,13.02,12.45
3392,56.5333,13.0,94.596,0.086,1.1413,-7.3,8.89,0.93,12.306,0.0,0.0,-0.0,0.0,0.0,0.0,11.8,13.11,13.12,11.19
3393,56.55,13.0,94.629,0.086,1.1426,-7.14,8.91,0.68,13.003,0.0,0.0,-0.0,0.0,0.0,0.0,12.98,13.0,13.02,13.02
3394,56.5667,13.0,94.661,0.085,1.1418,-7.14,8.89,0.46,12.36,0.0,0.0,-0.0,0.0,0.0,0.0,13.0,13.03,13.01,10.4
3395,56.5833,13.0,94.693,0.086,1.1393,-7.27,8.97,0.13,13.007,0.0,0.0,-0.0,0.0,0.0,0.0,12.98,13.0,13.02,13.02
3396,56.6,13.0,94.724,0.086,1.1363,-7.1,8.58,-0.12,13.613,0.0,0.0,-0.0,0.0,0.0,0.0,15.47,12.99,13.0,13.0
3397,56.6167,13.0,94.755,0.085,1.1327,-6.76,7.92,-0.26,14.013,0.0,0.0,-0.0,0.0,0.0,0.0,17.15,12.96,12.97,12.97
3398,56.6333,13.0,94.784,0.083,1.1284,-6.3,7.11,-0.27,12.932,0.0,0.0,-0.0,0.0,0.0,0.0,12.88,12.94,12.98,12.93
3399,56.65,13.0,94.813,0.081,1.1215,-5.91,6.29,-0.25,12.93,0.0,0.0,-0.0,0.0,0.0,0.0,12.9,12.93,12.97,12.92
3400,56.6667,13.0,94.842,0.079,1.1118,-5.58,5.45,-0.23,12.929,0.0,0.0,-0.0,0.0,0.0,0.0,12.91,12.93,12.95,12.92
3401,56.6833,13.0,94.871,0.078,1.1006,-5.58,4.96,-0.29,11.323,0.0,0.0,-0.0,0.0,0.0,0.0,12.92,12.94,12.96,6.47
3402,56.7,13.0,94.901,0.08,1.0934,-6.55,5.81,-0.87,12.728,0.0,0.0,-0.0,0.0,0.0,0.0,12.96,12.96,12.98,12.01
3403,56.7167,13.0,94.93,0.08,1.085,-6.73,6.71,-0.98,11.842,0.0,0.0,-0.0,0.0,0.0,0.0,12.81,8.89,12.84,12.83
3404,56.7333,13.0,94.961,0.081,1.0769,-6.78,7.67,-0.91,12.666,0.0,0.0,-0.0,0.0,0.0,0.0,12.85,11.52,12.9,13.39
3405,56.75,13.0,94.991,0.079,1.0783,-6.46,7.26,-0.91,10.76,0.0,0.0,-0.0,0.0,0.0,0.0,10.46,12.64,11.79,8.15
3406,56.7667,13.0,95.02,0.08,1.081,-6.61,7.23,-0.87,12.815,0.0,0.0,-0.0,0.0,0.0,0.0,12.5,12.94,12.97,12.85
3407,56.7833,13.0,95.049,0.081,1.0822,-6.45,6.94,-0.71,12.78,0.0,0.0,-0.0,0.0,0.0,0.0,13.03,12.05,13.02,13.02
3408,56.8,13.0,95.078,0.082,1.0831,-6.35,7.11,-0.5,12.998,0.0,0.0,-0.0,0.0,0.0,0.0,13.0,12.97,13.02,13.0
3409,56.8167,13.0,95.107,0.083,1.0827,-6.44,7.42,-0.45,12.549,0.0,0.0,-0.0,0.0,0.0,0.0,13.04,13.03,13.04,11.09
3410,56.8333,13.0,95.137,0.085,1.0813,-6.54,7.38,-0.53,12.996,0.0,0.0,-0.0,0.0,0.0,0.0,13.22,12.91,12.92,12.93
3411,56.85,13.0,95.166,0.086,1.0798,-6.8,7.45,-0.58,12.049,0.0,0.0,-0.0,0.0,0.0,0.0,13.06,10.57,13.13,11.43
3412,56.8667,13.0,95.196,0.086,1.08,-6.69,7.15,-0.65,13.329,0.0,0.0,-0.0,0.0,0.0,0.0,14.26,13.01,13.02,13.03
3413,56.8833,13.0,95.226,0.086,1.0777,-6.63,6.66,-0.72,13.022,0.0,0.0,-0.0,0.0,0.0,0.0,13.09,12.99,13.0,13.0
3414,56.9,13.0,95.256,0.086,1.0728,-6.57,6.05,-0.75,12.977,0.0,0.0,-0.0,0.0,0.0,0.0,12.97,12.97,12.99,12.98
3415,56.9167,13.0,95.286,0.085,1.0652,-6.51,5.34,-0.76,12.962,0.0,0.0,-0.0,0.0,0.0,0.0,12.95,12.96,12.97,12.97
3416,56.9333,13.0,95.316,0.085,1.0549,-6.46,4.57,-0.74,18.109,0.0,0.0,-0.0,0.0,0.0,0.0,32.98,13.14,13.16,13.16
3417,56.95,13.0,95.34,0.08,1.0529,-5.34,2.64,-0.68,13.68,0.0,0.0,-0.0,0.0,0.0,0.0,16.04,12.88,12.89,12.91
3418,56.9667,13.0,95.363,0.077,1.0518,-5.32,2.35,-1.01,9.813,0.0,0.0,-0.0,0.0,0.0,0.0,2.76,12.64,12.63,11.22
3419,56.9833,13.0,95.387,0.077,1.0539,-5.34,2.49,-1.09,16.609,0.0,0.0,-0.0,0.0,0.0,0.0,29.73,13.23,13.33,10.15
3420,57.0,13.0,95.411,0.076,1.0532,-5.47,2.51,-1.13,13.001,0.0,0.0,-0.0,0.0,0.0,0.0,13.0,13.0,13.0,13.0
3421,57.0167,13.0,95.435,0.077,1.0542,-5.6,2.27,-1.17,11.807,0.0,0.0,-0.0,0.0,0.0,0.0,11.07,12.97,12.97,10.22
3422,57.0333,13.0,95.46,0.077,1.0548,-5.88,1.96,-1.29,13.001,0.0,0.0,-0.0,0.0,0.0,0.0,13.0,13.0,13.0,13.0
3423,57.05,13.0,95.485,0.079,1.0545,-6.25,1.71,-1.35,13.49,0.0,0.0,-0.0,0.0,0.0,0.0,8.22,20.21,13.01,12.52
3424,57.0667,13.0,95.512,0.081,1.0566,-6.22,1.71,-1.23,12.129,0.0,0.0,-0.0,0.0,0.0,0.0,12.96,9.59,12.99,12.98
3425,57.0833,13.0,95.538,0.083,1.0569,-6.11,1.66,-1.04,12.947,0.0,0.0,-0.0,0.0,0.0,0.0,13.0,12.99,13.0,12.8
3426,57.1,13.0,95.565,0.084,1.0555,-5.96,1.6,-0.73,12.357,0.0,0.0,-0.0,0.0,0.0,0.0,13.23,10.07,13.08,13.05
3427,57.1167,13.0,95.592,0.086,1.0545,-6.01,1.91,-0.57,12.411,0.0,0.0,-0.0,0.0,0.0,0.0,12.96,12.97,12.97,10.75
3428,57.1333,13.0,95.62,0.086,1.0541,-6.0,1.79,-0.58,12.161,0.0,0.0,-0.0,0.0,0.0,0.0,11.43,11.22,13.02,12.97
3429,57.15,13.0,95.648,0.085,1.0561,-5.77,1.84,-0.57,12.498,0.0,0.0,-0.0,0.0,0.0,0.0,12.94,12.95,12.95,11.16
3430,57.1667,13.0,95.676,0.084,1.0563,-5.64,1.84,-0.58,12.997,0.0,0.0,-0.0,0.0,0.0,0.0,13.0,12.99,13.0,13.0
3431,57.1833,13.0,95.705,0.084,1.0538,-5.5,1.64,-0.57,12.998,0.0,0.0,-0.0,0.0,0.0,0.0,13.0,12.99,13.0,13.0
3432,57.2,13.0,95.734,0.083,1.0487,-5.36,1.26,-0.55,13.0,0.0,0.0,-0.0,0.0,0.0,0.0,13.0,13.0,13.0,13.0
3433,57.2167,13.0,95.762,0.083,1.0409,-5.22,0.73,-0.5,13.001,0.0,0.0,-0.0,0.0,0.0,0.0,13.0,13.0,13.01,13.0
3434,57.2333,13.0,95.778,0.074,1.044,-3.9,-0.96,-0.2,12.718,0.0,0.0,-0.0,0.0,0.0,0.0,11.99,12.95,12.98,12.95
3435,57.25,13.0,95.795,0.069,1.0482,-3.54,-1.08,-0.57,11.019,0.0,0.0,-0.0,0.0,0.0,0.0,13.7,12.16,12.25,5.97
3436,57.2667,13.0,95.812,0.065,1.0509,-3.23,-1.28,-0.89,16.441,0.0,0.0,-0.0,0.0,0.0,0.0,27.01,13.42,13.4,11.94
3437,57.2833,13.0,95.831,0.062,1.0525,-3.03,-1.58,-1.09,15.705,0.0,0.0,-0.0,0.0,0.0,0.0,27.14,13.44,13.46,8.79
3438,57.3,13.0,95.85,0.061,1.0553,-3.14,-1.61,-1.28,13.146,0.0,0.0,-0.0,0.0,0.0,0.0,17.4,12.56,12.43,10.2
3439,57.3167,13.0,95.87,0.059,1.0543,-3.35,-1.84,-1.47,10.633,0.0,0.0,-0.0,0.0,0.0,0.0,11.73,12.64,12.44,5.72
3440,57.3333,13.0,95.892,0.059,1.0536,-3.47,-2.15,-1.53,16.32,0.0,0.0,-0.0,0.0,0.0,0.0,27.78,12.23,11.58,13.7
3441,57.35,13.0,95.914,0.061,1.0541,-3.95,-2.09,-1.63,12.03,0.0,0.0,-0.0,0.0,0.0,0.0,12.35,12.92,12.93,9.93
3442,57.3667,13.0,95.937,0.062,1.054,-4.27,-2.65,-1.61,12.116,0.0,0.0,-0.0,0.0,0.0,0.0,12.26,12.85,12.9,10.46
3443,57.3833,13.0,95.961,0.065,1.0562,-4.81,-2.98,-1.63,12.487,0.0,0.0,-0.0,0.0,0.0,0.0,12.97,12.96,12.97,11.05
3444,57.4,13.0,95.986,0.069,1.0559,-5.3,-3.44,-1.63,12.023,0.0,0.0,-0.0,0.0,0.0,0.0,9.0,13.01,13.03,13.05
3445,57.4167,13.0,96.011,0.072,1.0545,-6.03,-3.81,-1.65,12.357,0.0,0.0,-0.0,0.0,0.0,0.0,12.9,12.9,12.89,10.74
3446,57.4333,13.0,96.037,0.074,1.0552,-6.45,-4.42,-1.57,12.855,0.0,0.0,-0.0,0.0,0.0,0.0,13.86,11.74,12.91,12.91
3447,57.45,13.0,96.063,0.074,1.0577,-6.37,-4.36,-1.29,12.114,0.0,0.0,-0.0,0.0,0.0,0.0,12.92,9.58,12.97,12.98
3448,57.4667,13.0,96.089,0.074,1.0577,-6.32,-4.51,-0.98,12.995,0.0,0.0,-0.0,0.0,0.0,0.0,12.99,13.0,13.0,13.0
3449,57.4833,13.0,96.116,0.075,1.0578,-6.24,-4.38,-0.79,12.076,0.0,0.0,-0.0,0.0,0.0,0.0,12.99,11.18,12.99,11.14
3450,57.5,13.0,96.144,0.075,1.0568,-6.22,-4.29,-0.61,12.995,0.0,0.0,-0.0,0.0,0.0,0.0,12.99,13.0,13.0,12.99
3451,57.5167,13.0,96.171,0.075,1.0561,-5.74,-3.73,-0.26,10.366,0.0,0.0,-0.0,0.0,0.0,0.0,4.65,10.85,12.99,12.98
3452,57.5333,13.0,96.198,0.071,1.0574,-5.1,-3.41,-0.24,17.228,0.0,0.0,-0.0,0.0,0.0,0.0,13.24,29.81,12.92,12.94
3453,57.55,13.0,96.224,0.067,1.0558,-4.62,-3.39,-0.2,12.991,0.0,0.0,-0.0,0.0,0.0,0.0,12.99,12.98,12.99,13.01
3454,57.5667,13.0,96.241,0.06,1.0634,-3.4,-3.79,-0.04,10.79,0.0,0.0,-0.0,0.0,0.0,0.0,10.07,12.93,12.95,7.21
3455,57.5833,13.0,96.259,0.054,1.0712,-2.64,-4.07,-0.17,11.984,0.0,0.0,-0.0,0.0,0.0,0.0,12.98,12.94,12.97,9.04
3456,57.6,13.0,96.276,0.048,1.0768,-1.98,-4.44,-0.28,12.14,0.0,0.0,-0.0,0.0,0.0,0.0,12.93,12.94,12.98,9.71
3457,57.6167,13.0,96.295,0.043,1.0817,-1.51,-4.66,-0.46,11.761,0.0,0.0,-0.0,0.0,0.0,0.0,12.94,12.97,13.0,8.13
3458,57.6333,13.0,96.313,0.039,1.0845,-1.14,-5.0,-0.6,10.172,0.0,0.0,-0.0,0.0,0.0,0.0,12.96,12.98,12.98,1.76
3459,57.65,13.0,96.334,0.036,1.0879,-1.05,-5.08,-0.83,12.01,0.0,0.0,-0.0,0.0,0.0,0.0,12.99,12.96,13.02,9.08
3460,57.6667,13.0,96.354,0.034,1.0889,-1.05,-5.32,-0.97,12.995,0.0,0.0,-0.0,0.0,0.0,0.0,12.99,13.0,12.99,13.0
3461,57.6833,13.0,96.375,0.033,1.0891,-1.19,-5.41,-1.21,11.62,0.0,0.0,-0.0,0.0,0.0,0.0,12.98,12.99,12.98,7.53
3462,57.7,13.0,96.396,0.032,1.0883,-1.47,-5.48,-1.42,11.738,0.0,0.0,-0.0,0.0,0.0,0.0,12.96,12.98,12.97,8.04
3463,57.7167,13.0,96.419,0.032,1.0856,-1.79,-5.72,-1.56,12.552,0.0,0.0,-0.0,0.0,0.0,0.0,12.95,13.0,12.94,11.32
3464,57.7333,13.0,96.442,0.034,1.0837,-2.44,-5.67,-1.72,12.083,0.0,0.0,-0.0,0.0,0.0,0.0,12.99,12.99,13.0,9.35
3465,57.75,13.0,96.467,0.036,1.0827,-2.96,-5.93,-1.62,12.304,0.0,0.0,-0.0,0.0,0.0,0.0,11.43,12.96,12.98,11.85
3466,57.7667,13.0,96.492,0.038,1.082,-3.38,-6.47,-1.52,12.979,0.0,0.0,-0.0,0.0,0.0,0.0,13.0,12.97,12.99,12.96
3467,57.7833,13.0,96.518,0.041,1.0821,-3.95,-6.92,-1.47,12.633,0.0,0.0,-0.0,0.0,0.0,0.0,12.8,13.0,13.01,11.73
3468,57.8,13.0,96.545,0.045,1.0841,-4.55,-7.23,-1.49,10.835,0.0,0.0,-0.0,0.0,0.0,0.0,11.43,5.35,12.86,13.7
3469,57.8167,13.0,96.571,0.048,1.0881,-4.81,-7.84,-1.34,12.979,0.0,0.0,-0.0,0.0,0.0,0.0,13.0,12.97,12.99,12.96
3470,57.8333,13.0,96.596,0.05,1.0922,-4.53,-7.57,-0.77,11.286,0.0,0.0,-0.0,0.0,0.0,0.0,13.15,5.81,13.06,13.12
3471,57.85,13.0,96.619,0.05,1.0961,-3.96,-6.99,-0.09,11.741,0.0,0.0,-0.0,0.0,0.0,0.0,12.87,8.23,12.88,12.99
3472,57.8667,13.0,96.642,0.05,1.0989,-3.34,-6.53,0.49,11.401,0.0,0.0,-0.0,0.0,0.0,0.0,12.85,6.82,12.9,13.03
3473,57.8833,13.0,96.666,0.048,1.1006,-2.69,-6.23,0.95,11.597,0.0,0.0,-0.0,0.0,0.0,0.0,12.88,7.58,12.9,13.03
3474,57.9,13.0,96.69,0.047,1.1019,-2.17,-5.83,1.21,14.261,0.0,0.0,-0.0,0.0,0.0,0.0,12.93,22.52,12.92,8.68
3475,57.9167,13.0,96.714,0.047,1.1024,-1.97,-5.39,1.32,11.504,0.0,0.0,-0.0,0.0,0.0,0.0,12.93,12.96,12.94,7.19
3476,57.9333,13.0,96.739,0.047,1.1018,-1.87,-5.09,1.41,11.708,0.0,0.0,-0.0,0.0,0.0,0.0,12.91,12.91,12.92,8.09
3477,57.95,13.0,96.754,0.041,1.1121,-0.77,-6.08,1.51,12.397,0.0,0.0,-0.0,0.0,0.0,0.0,12.66,12.87,12.83,11.22
3478,57.9667,13.0,96.769,0.036,1.1206,-0.26,-6.61,1.07,11.427,0.0,0.0,-0.0,0.0,0.0,0.0,12.92,12.88,12.98,6.92
3479,57.9833,13.0,96.786,0.031,1.1277,0.13,-7.16,0.69,11.606,0.0,0.0,-0.0,0.0,0.0,0.0,12.98,12.95,13.02,7.47
3480,58.0,13.0,96.803,0.026,1.1327,0.44,-7.78,0.37,11.071,0.0,0.0,-0.0,0.0,0.0,0.0,13.04,13.02,13.07,5.16
3481,58.0167,13.0,96.822,0.023,1.1376,0.51,-8.24,0.03,11.735,0.0,0.0,-0.0,0.0,0.0,0.0,12.97,12.98,13.02,7.97
3482,58.0333,13.0,96.84,0.021,1.1411,0.53,-8.74,-0.31,10.242,0.0,0.0,-0.0,0.0,0.0,0.0,12.97,12.98,13.0,2.02
3483,58.05,13.0,96.861,0.021,1.1436,0.46,-9.31,-0.53,12.296,0.0,0.0,-0.0,0.0,0.0,0.0,13.05,13.06,13.08,9.99
3484,58.0667,13.0,96.882,0.021,1.1462,0.17,-9.69,-0.77,12.321,0.0,0.0,-0.0,0.0,0.0,0.0,12.99,13.01,13.01,10.27
3485,58.0833,13.0,96.904,0.022,1.1467,-0.22,-10.13,-0.9,12.998,0.0,0.0,-0.0,0.0,0.0,0.0,12.99,13.0,13.0,13.0
3486,58.1,13.0,96.925,0.024,1.1462,-0.7,-10.43,-1.06,12.057,0.0,0.0,-0.0,0.0,0.0,0.0,13.01,13.02,13.01,9.18
3487,58.1167,13.0,96.947,0.025,1.1441,-1.3,-10.73,-1.15,12.973,0.0,0.0,-0.0,0.0,0.0,0.0,12.95,12.97,12.96,13.01
3488,58.1333,13.0,96.97,0.028,1.1413,-1.99,-10.83,-1.28,11.851,0.0,0.0,-0.0,0.0,0.0,0.0,12.98,12.99,12.98,8.45
3489,58.15,13.0,96.993,0.031,1.1381,-2.58,-10.84,-1.37,12.207,0.0,0.0,-0.0,0.0,0.0,0.0,13.01,9.75,12.99,13.08
3490,58.1667,13.0,97.017,0.031,1.1372,-2.55,-10.38,-1.25,11.702,0.0,0.0,-0.0,0.0,0.0,0.0,12.98,7.82,12.99,13.02
3491,58.1833,13.0,97.041,0.031,1.1345,-2.43,-10.12,-1.11,11.081,0.0,0.0,-0.0,0.0,0.0,0.0,13.0,5.32,12.99,13.01
3492,58.2,13.0,97.066,0.031,1.132,-2.49,-9.79,-1.06,11.928,0.0,0.0,-0.0,0.0,0.0,0.0,13.01,13.0,13.01,8.7
3493,58.2167,13.0,97.088,0.03,1.1325,-1.92,-8.34,-0.58,10.756,0.0,0.0,-0.0,0.0,0.0,0.0,9.3,7.85,12.94,12.93
3494,58.2333,13.0,97.109,0.024,1.1363,-1.09,-7.54,-0.6,12.781,0.0,0.0,-0.0,0.0,0.0,0.0,12.95,12.56,12.83,12.78
3495,58.25,13.0,97.13,0.017,1.1388,-0.06,-6.95,-0.65,11.763,0.0,0.0,-0.0,0.0,0.0,0.0,12.94,8.23,12.93,12.96
3496,58.2667,13.0,97.151,0.011,1.1408,0.66,-6.29,-0.73,10.919,0.0,0.0,-0.0,0.0,0.0,0.0,12.95,12.91,12.93,4.89
3497,58.2833,13.0,97.171,0.007,1.143,1.05,-5.41,-1.02,11.094,0.0,0.0,-0.0,0.0,0.0,0.0,12.93,12.88,12.91,5.66
3498,58.3,13.0,97.192,0.003,1.144,1.29,-4.72,-1.27,9.954,0.0,0.0,-0.0,0.0,0.0,0.0,12.81,12.78,12.79,1.44
3499,58.3167,13.0,97.214,0.0,1.1454,1.48,-4.22,-1.37,14.191,0.0,0.0,-0.0,0.0,0.0,0.0,23.59,13.69,13.91,5.57
3500,58.3333,13.0,97.232,-0.002,1.1526,2.22,-4.38,-1.01,10.734,0.0,0.0,-0.0,0.0,0.0,0.0,10.04,13.08,13.03,6.78
3501,58.35,13.0,97.245,-0.009,1.1623,2.86,-4.92,-1.23,11.414,0.0,0.0,-0.0,0.0,0.0,0.0,12.91,12.99,13.04,6.71
3502,58.3667,13.0,97.26,-0.015,1.1707,3.35,-5.48,-1.45,11.282,0.0,0.0,-0.0,0.0,0.0,0.0,12.92,12.94,12.99,6.27
3503,58.3833,13.0,97.276,-0.02,1.1768,3.79,-6.14,-1.65,12.947,0.0,0.0,-0.0,0.0,0.0,0.0,12.93,12.94,12.98,12.94
3504,58.4,13.0,97.291,-0.025,1.1822,4.0,-6.53,-1.95,11.446,0.0,0.0,-0.0,0.0,0.0,0.0,12.93,12.93,12.99,6.93
3505,58.4167,13.0,97.308,-0.028,1.1864,4.09,-7.0,-2.24,11.711,0.0,0.0,-0.0,0.0,0.0,0.0,13.01,12.98,13.02,7.84
3506,58.4333,13.0,97.325,-0.031,1.1887,4.12,-7.55,-2.51,11.048,0.0,0.0,-0.0,0.0,0.0,0.0,12.85,12.82,12.88,5.65
3507,58.45,13.0,97.344,-0.033,1.1911,3.85,-7.87,-2.83,11.657,0.0,0.0,-0.0,0.0,0.0,0.0,13.0,12.97,13.03,7.63
3508,58.4667,13.0,97.363,-0.034,1.1918,3.53,-8.29,-3.11,10.805,0.0,0.0,-0.0,0.0,0.0,0.0,12.98,12.95,13.01,4.28
3509,58.4833,13.0,97.383,-0.035,1.1912,3.12,-8.79,-3.34,10.949,0.0,0.0,-0.0,0.0,0.0,0.0,12.89,12.84,12.92,5.14
3510,58.5,13.0,97.403,-0.034,1.1902,2.47,-9.07,-3.59,11.79,0.0,0.0,-0.0,0.0,0.0,0.0,12.98,12.95,13.02,8.21
3511,58.5167,13.0,97.424,-0.033,1.1872,1.83,-9.41,-3.82,12.284,0.0,0.0,-0.0,0.0,0.0,0.0,13.0,13.0,13.02,10.11
3512,58.5333,13.0,97.446,-0.031,1.1838,0.98,-9.6,-4.04,11.77,0.0,0.0,-0.0,0.0,0.0,0.0,12.98,12.94,12.98,8.18
3513,58.55,13.0,97.468,-0.029,1.1788,0.09,-9.82,-4.19,13.815,0.0,0.0,-0.0,0.0,0.0,0.0,12.97,13.01,13.0,16.27
3514,58.5667,13.0,97.491,-0.029,1.177,-0.18,-9.3,-4.08,11.479,0.0,0.0,-0.0,0.0,0.0,0.0,12.86,7.23,12.91,12.92
3515,58.5833,13.0,97.515,-0.031,1.1771,-0.11,-9.07,-3.94,11.327,0.0,0.0,-0.0,0.0,0.0,0.0,9.81,9.51,13.0,13.0
3516,58.6,13.0,97.54,-0.034,1.1763,0.05,-9.18,-3.85,9.571,0.0,0.0,-0.0,0.0,0.0,0.0,12.92,3.51,13.0,8.85
3517,58.6167,13.0,97.561,-0.039,1.1773,1.03,-8.2,-3.11,11.129,0.0,0.0,-0.0,0.0,0.0,0.0,10.15,8.33,13.02,13.02
3518,58.6333,13.0,97.581,-0.046,1.1796,2.25,-7.56,-2.7,9.671,0.0,0.0,-0.0,0.0,0.0,0.0,13.08,10.99,12.72,1.89
3519,58.65,13.0,97.601,-0.053,1.1811,3.5,-7.03,-2.33,12.049,0.0,0.0,-0.0,0.0,0.0,0.0,12.89,9.47,12.88,12.96
3520,58.6667,13.0,97.622,-0.059,1.1832,4.28,-6.32,-2.2,11.421,0.0,0.0,-0.0,0.0,0.0,0.0,12.88,12.81,12.88,7.11
3521,58.6833,13.0,97.642,-0.064,1.1856,4.35,-5.04,-2.39,10.915,0.0,0.0,-0.0,0.0,0.0,0.0,12.98,12.89,12.96,4.83
3522,58.7,13.0,97.662,-0.068,1.1877,4.49,-4.05,-2.58,9.447,0.0,0.0,-0.0,0.0,0.0,0.0,15.89,10.8,11.43,-0.33
3523,58.7167,13.0,97.681,-0.069,1.1931,4.69,-3.21,-2.71,12.712,0.0,0.0,-0.0,0.0,0.0,0.0,13.97,12.07,12.28,12.53
3524,58.7333,13.0,97.701,-0.071,1.1953,4.68,-2.62,-2.82,12.907,0.0,0.0,-0.0,0.0,0.0,0.0,12.82,12.91,12.93,12.97
3525,58.75,13.0,97.721,-0.072,1.1969,4.73,-2.59,-2.77,14.477,0.0,0.0,-0.0,0.0,0.0,0.0,16.13,11.83,16.63,13.31
3526,58.7667,13.0,97.742,-0.073,1.1966,4.36,-2.49,-2.65,11.937,0.0,0.0,-0.0,0.0,0.0,0.0,16.2,13.04,13.09,5.41
3527,58.7833,13.0,97.76,-0.074,1.2045,4.45,-3.07,-2.5,11.593,0.0,0.0,-0.0,0.0,0.0,0.0,10.94,12.97,12.98,9.47
3528,58.8,13.0,97.778,-0.076,1.2116,4.55,-3.82,-2.48,12.963,0.0,0.0,-0.0,0.0,0.0,0.0,12.9,12.98,12.98,12.99
3529,58.8167,13.0,97.796,-0.078,1.2165,4.58,-4.55,-2.45,11.74,0.0,0.0,-0.0,0.0,0.0,0.0,12.83,12.89,12.87,8.37
3530,58.8333,13.0,97.814,-0.079,1.2202,4.51,-5.18,-2.51,12.889,0.0,0.0,-0.0,0.0,0.0,0.0,12.97,12.98,12.97,12.64
3531,58.85,13.0,97.833,-0.08,1.2224,4.28,-5.71,-2.59,12.21,0.0,0.0,-0.0,0.0,0.0,0.0,13.17,13.14,13.15,9.39
3532,58.8667,13.0,97.852,-0.08,1.2236,3.93,-6.15,-2.73,11.547,0.0,0.0,-0.0,0.0,0.0,0.0,13.01,13.01,12.99,7.19
3533,58.8833,13.0,97.872,-0.079,1.2234,3.48,-6.66,-2.81,11.149,0.0,0.0,-0.0,0.0,0.0,0.0,12.72,12.78,12.74,6.35
3534,58.9,13.0,97.893,-0.078,1.2224,2.83,-6.99,-2.94,12.009,0.0,0.0,-0.0,0.0,0.0,0.0,13.0,12.97,13.0,9.06
3535,58.9167,13.0,97.914,-0.077,1.2221,2.55,-6.84,-2.9,11.536,0.0,0.0,-0.0,0.0,0.0,0.0,12.94,7.26,12.97,12.97
3536,58.9333,13.0,97.936,-0.078,1.2208,2.49,-6.65,-2.83,11.43,0.0,0.0,-0.0,0.0,0.0,0.0,12.96,6.78,13.0,12.98
3537,58.95,13.0,97.958,-0.08,1.2183,2.49,-6.6,-2.81,12.187,0.0,0.0,-0.0,0.0,0.0,0.0,12.97,9.73,13.03,13.02
3538,58.9667,13.0,97.982,-0.083,1.217,2.74,-6.32,-2.74,12.722,0.0,0.0,-0.0,0.0,0.0,0.0,12.77,15.25,12.8,10.07
3539,58.9833,13.0,98.007,-0.086,1.2144,2.72,-6.11,-2.86,11.845,0.0,0.0,-0.0,0.0,0.0,0.0,13.03,8.42,12.97,12.96
3540,59.0,13.0,98.033,-0.088,1.2143,2.8,-5.81,-2.8,13.052,0.0,0.0,-0.0,0.0,0.0,0.0,8.73,18.89,13.03,11.55
3541,59.0167,13.0,98.06,-0.088,1.2159,2.87,-5.85,-2.44,12.998,0.0,0.0,-0.0,0.0,0.0,0.0,13.0,12.97,13.01,13.02
3542,59.0333,13.0,98.086,-0.088,1.2155,2.78,-5.93,-2.14,12.384,0.0,0.0,-0.0,0.0,0.0,0.0,13.1,13.11,13.1,10.22
3543,59.05,13.0,98.109,-0.088,1.2172,3.34,-4.71,-1.34,11.308,0.0,0.0,-0.0,0.0,0.0,0.0,12.99,6.22,13.01,13.01
3544,59.0667,13.0,98.132,-0.091,1.2205,4.08,-3.91,-0.83,10.506,0.0,0.0,-0.0,0.0,0.0,0.0,8.64,7.57,12.8,13.01
3545,59.0833,13.0,98.155,-0.094,1.2223,4.82,-3.27,-0.42,13.544,0.0,0.0,-0.0,0.0,0.0,0.0,12.78,14.31,13.52,13.57
3546,59.1,13.0,98.178,-0.097,1.2247,5.17,-2.52,-0.34,9.149,0.0,0.0,-0.0,0.0,0.0,0.0,3.26,12.62,12.79,7.93
3547,59.1167,13.0,98.201,-0.098,1.2277,5.28,-1.98,-0.12,13.926,0.0,0.0,-0.0,0.0,0.0,0.0,12.97,12.91,12.98,16.85
3548,59.1333,13.0,98.225,-0.099,1.2302,5.28,-1.77,0.03,11.231,0.0,0.0,-0.0,0.0,0.0,0.0,8.17,12.77,12.84,11.15
3549,59.15,13.0,98.25,-0.099,1.231,5.21,-1.74,0.14,10.41,0.0,0.0,-0.0,0.0,0.0,0.0,12.79,12.8,12.79,3.25
3550,59.1667,13.0,98.275,-0.099,1.2316,5.13,-1.78,0.17,15.067,0.0,0.0,-0.0,0.0,0.0,0.0,19.13,13.0,12.95,15.18
3551,59.1833,13.0,98.301,-0.098,1.2303,4.87,-1.9,0.14,12.011,0.0,0.0,-0.0,0.0,0.0,0.0,12.98,12.96,12.98,9.12
3552,59.2,13.0,98.328,-0.098,1.2312,4.83,-1.99,0.2,12.369,0.0,0.0,-0.0,0.0,0.0,0.0,14.31,11.14,13.09,10.94
3553,59.2167,13.0,98.356,-0.097,1.2306,4.68,-2.14,0.3,11.839,0.0,0.0,-0.0,0.0,0.0,0.0,12.94,8.49,12.98,12.95
3554,59.2333,13.0,98.385,-0.097,1.2312,4.77,-2.03,0.36,12.468,0.0,0.0,-0.0,0.0,0.0,0.0,13.05,11.61,12.82,12.4
3555,59.25,13.0,98.415,-0.096,1.2301,4.62,-2.04,0.35,12.171,0.0,0.0,-0.0,0.0,0.0,0.0,12.72,12.48,12.7,10.79
3556,59.2667,13.0,98.444,-0.096,1.2313,4.72,-1.97,0.34,12.567,0.0,0.0,-0.0,0.0,0.0,0.0,11.8,12.62,12.96,12.88
3557,59.2833,13.0,98.474,-0.097,1.2303,4.93,-2.3,0.27,13.199,0.0,0.0,-0.0,0.0,0.0,0.0,13.8,13.0,13.0,12.99
3558,59.3,13.0,98.505,-0.097,1.231,4.81,-2.08,0.17,12.106,0.0,0.0,-0.0,0.0,0.0,0.0,9.17,15.22,13.05,10.98
3559,59.3167,13.0,98.535,-0.097,1.2322,4.9,-1.99,0.23,13.079,0.0,0.0,-0.0,0.0,0.0,0.0,14.75,13.4,13.03,11.14
3560,59.3333,13.0,98.565,-0.099,1.2353,4.97,-2.07,0.08,12.996,0.0,0.0,-0.0,0.0,0.0,0.0,13.0,13.0,13.0,12.99
3561,59.35,13.0,98.596,-0.1,1.2358,5.06,-2.33,-0.08,13.0,0.0,0.0,-0.0,0.0,0.0,0.0,13.0,13.0,13.0,13.0
3562,59.3667,13.0,98.626,-0.102,1.2345,4.97,-2.53,-0.29,12.684,0.0,0.0,-0.0,0.0,0.0,0.0,13.06,13.05,13.05,11.57
3563,59.3833,13.0,98.657,-0.103,1.2336,4.82,-2.23,-0.47,12.166,0.0,0.0,-0.0,0.0,0.0,0.0,13.11,12.57,13.07,9.92
3564,59.4,13.0,98.685,-0.105,1.2357,5.5,-0.7,-0.0,12.024,0.0,0.0,-0.0,0.0,0.0,0.0,12.97,9.12,13.01,13.0
3565,59.4167,13.0,98.716,-0.108,1.2359,6.07,-0.17,0.11,12.419,0.0,0.0,-0.0,0.0,0.0,0.0,13.46,10.42,12.87,12.93
3566,59.4333,13.0,98.746,-0.11,1.2379,6.32,0.07,0.15,13.717,0.0,0.0,-0.0,0.0,0.0,0.0,13.06,13.07,16.06,12.68
3567,59.45,13.0,98.775,-0.108,1.2444,6.14,-0.21,0.24,13.0,0.0,0.0,-0.0,0.0,0.0,0.0,13.0,13.0,13.0,13.0
3568,59.4667,13.0,98.804,-0.106,1.2483,5.96,-0.67,0.29,12.999,0.0,0.0,-0.0,0.0,0.0,0.0,13.0,13.0,13.0,12.99
3569,59.4833,13.0,98.833,-0.105,1.2495,5.8,-1.25,0.3,13.829,0.0,0.0,-0.0,0.0,0.0,0.0,12.26,18.2,12.41,12.44
3570,59.5,13.0,98.862,-0.105,1.2498,5.62,-1.46,0.73,12.969,0.0,0.0,-0.0,0.0,0.0,0.0,12.97,12.94,13.0,12.97
3571,59.5167,13.0,98.891,-0.105,1.2492,6.01,-1.5,0.95,12.855,0.0,0.0,-0.0,0.0,0.0,0.0,12.97,12.47,12.98,13.01
3572,59.5333,13.0,98.92,-0.105,1.2476,5.98,-1.34,0.99,12.45,0.0,0.0,-0.0,0.0,0.0,0.0,12.99,12.95,12.97,10.89
3573,59.55,13.0,98.949,-0.105,1.2455,5.93,-1.01,0.89,12.614,0.0,0.0,-0.0,0.0,0.0,0.0,12.98,11.45,12.99,13.03
3574,59.5667,13.0,98.979,-0.104,1.2415,5.76,-0.79,0.77,11.853,0.0,0.0,-0.0,0.0,0.0,0.0,12.92,12.25,12.91,9.34
3575,59.5833,13.0,99.01,-0.105,1.2392,5.75,-0.04,0.71,12.568,0.0,0.0,-0.0,0.0,0.0,0.0,12.96,11.31,12.97,13.03
3576,59.6,13.0,99.041,-0.106,1.2354,5.87,0.57,0.71,12.467,0.0,0.0,-0.0,0.0,0.0,0.0,12.97,10.91,12.97,13.02
3577,59.6167,13.0,99.072,-0.108,1.2298,6.03,0.97,0.73,12.958,0.0,0.0,-0.0,0.0,0.0,0.0,12.95,12.95,12.94,12.99
3578,59.6333,13.0,99.104,-0.108,1.2269,6.12,1.44,0.76,13.902,0.0,0.0,-0.0,0.0,0.0,0.0,13.11,14.28,13.41,14.81
3579,59.65,13.0,99.137,-0.108,1.2273,6.02,1.27,0.77,14.54,0.0,0.0,-0.0,0.0,0.0,0.0,12.29,12.29,12.23,21.35
3580,59.6667,13.0,99.168,-0.107,1.2275,5.8,1.64,0.53,12.902,0.0,0.0,-0.0,0.0,0.0,0.0,12.94,12.71,12.99,12.98
3581,59.6833,13.0,99.2,-0.107,1.2276,5.92,1.6,0.62,13.228,0.0,0.0,-0.0,0.0,0.0,0.0,11.98,13.22,14.37,13.34
3582,59.7,13.0,99.23,-0.108,1.228,6.03,1.38,0.65,12.773,0.0,0.0,-0.0,0.0,0.0,0.0,12.98,12.12,13.0,12.98
3583,59.7167,13.0,99.261,-0.108,1.2273,6.06,1.41,0.69,13.339,0.0,0.0,-0.0,0.0,0.0,0.0,13.34,13.38,13.43,13.21
3584,59.7333,13.0,99.291,-0.107,1.2273,5.95,1.33,0.85,12.334,0.0,0.0,-0.0,0.0,0.0,0.0,12.98,10.25,13.04,13.06
3585,59.75,13.0,99.321,-0.105,1.2257,5.75,1.36,0.92,12.622,0.0,0.0,-0.0,0.0,0.0,0.0,13.17,13.19,13.2,10.93
3586,59.7667,13.0,99.351,-0.104,1.2245,5.74,1.83,0.97,12.704,0.0,0.0,-0.0,0.0,0.0,0.0,13.0,11.88,13.01,12.93
3587,59.7833,13.0,99.382,-0.103,1.2203,5.68,1.97,0.94,10.832,0.0,0.0,-0.0,0.0,0.0,0.0,12.88,12.84,12.84,4.76
3588,59.8,13.0,99.414,-0.103,1.2167,5.96,2.55,1.1,12.169,0.0,0.0,-0.0,0.0,0.0,0.0,12.66,10.63,12.72,12.67
3589,59.8167,13.0,99.446,-0.104,1.2126,6.21,3.25,1.25,12.135,0.0,0.0,-0.0,0.0,0.0,0.0,13.02,11.17,13.02,11.33
3590,59.8333,13.0,99.478,-0.104,1.2081,6.28,3.96,1.22,12.962,0.0,0.0,-0.0,0.0,0.0,0.0,13.22,13.21,13.18,12.24
3591,59.85,13.0,99.511,-0.105,1.2025,6.12,4.59,1.14,13.381,0.0,0.0,-0.0,0.0,0.0,0.0,12.96,14.82,12.91,12.82
3592,59.8667,13.0,99.544,-0.103,1.2008,5.9,4.3,1.23,12.887,0.0,0.0,-0.0,0.0,0.0,0.0,12.96,12.63,13.0,12.97
3593,59.8833,13.0,99.575,-0.102,1.202,6.08,4.42,1.44,13.027,0.0,0.0,-0.0,0.0,0.0,0.0,12.91,15.83,10.32,13.05
3594,59.9,13.0,99.606,-0.103,1.2041,5.77,4.26,0.98,12.982,0.0,0.0,-0.0,0.0,0.0,0.0,12.94,12.99,13.02,12.97
3595,59.9167,13.0,99.637,-0.104,1.205,5.78,4.37,0.77,13.208,0.0,0.0,-0.0,0.0,0.0,0.0,12.97,13.84,13.03,13.0
3596,59.9333,13.0,99.668,-0.105,1.203,5.77,4.27,0.51,13.0,0.0,0.0,-0.0,0.0,0.0,0.0,13.0,13.0,13.0,13.0
3597,59.95,13.0,99.699,-0.107,1.1995,5.93,4.32,0.41,13.011,0.0,0.0,-0.0,0.0,0.0,0.0,13.0,13.04,13.01,13.0
3598,59.9667,13.0,99.73,-0.108,1.1951,6.04,3.83,0.43,13.729,0.0,0.0,-0.0,0.0,0.0,0.0,13.08,13.06,15.76,13.01
3599,59.9833,13.0,99.759,-0.108,1.1907,5.85,2.91,0.39,11.199,0.0,0.0,-0.0,0.0,0.0,0.0,12.78,12.72,6.43,12.87
