f,t,cmd_vel,x,y,z,roll,pitch,yaw,wheel_mean,e,edot_f,tau_pd_raw,tau,qL,qR,wvFL,wvRL,wvFR,wvRR
0,0.0,0.5,19.967,-0.0,0.4468,0.06,-1.15,-0.0,-0.033,0.0,0.0,-0.0,0.0,0.0,0.0,-0.03,-0.03,-0.04,-0.02
1,0.0167,0.531,19.968,-0.001,0.4468,0.07,-1.15,-0.0,0.208,0.0,0.0,-0.0,0.0,0.0,0.0,0.15,0.24,0.33,0.11
2,0.0333,0.561,19.968,-0.001,0.4468,0.09,-1.16,-0.0,0.294,0.0,0.0,-0.0,0.0,0.0,0.0,0.32,0.32,0.23,0.3
3,0.05,0.592,19.969,-0.001,0.447,0.09,-1.15,-0.0,0.376,0.0,0.0,-0.0,0.0,0.0,0.0,0.31,0.45,0.39,0.36
4,0.0667,0.622,19.97,-0.001,0.4471,0.09,-1.15,-0.0,0.483,0.0,0.0,-0.0,0.0,0.0,0.0,0.53,0.5,0.47,0.43
5,0.0833,0.653,19.971,-0.001,0.4473,0.09,-1.15,-0.0,0.508,0.0,0.0,-0.0,0.0,0.0,0.0,0.51,0.52,0.51,0.49
6,0.1,0.683,19.972,-0.001,0.4475,0.08,-1.15,-0.0,0.552,0.0,0.0,-0.0,0.0,0.0,0.0,0.55,0.59,0.53,0.53
7,0.1167,0.714,19.973,-0.001,0.4476,0.08,-1.15,-0.0,0.571,0.0,0.0,-0.0,0.0,0.0,0.0,0.57,0.58,0.57,0.57
8,0.1333,0.744,19.975,-0.001,0.4478,0.08,-1.15,-0.0,0.613,0.0,0.0,-0.0,0.0,0.0,0.0,0.65,0.6,0.6,0.6
9,0.15,0.775,19.976,-0.001,0.448,0.08,-1.15,-0.0,0.66,0.0,0.0,-0.0,0.0,0.0,0.0,0.69,0.57,0.73,0.65
10,0.1667,0.806,19.978,-0.001,0.4482,0.07,-1.15,-0.0,0.634,0.0,0.0,-0.0,0.0,0.0,0.0,0.64,0.67,0.56,0.66
11,0.1833,0.836,19.979,-0.0,0.4483,0.07,-1.15,-0.0,0.775,0.0,0.0,-0.0,0.0,0.0,0.0,0.71,0.84,0.83,0.72
12,0.2,0.867,19.981,-0.0,0.4485,0.07,-1.15,-0.0,0.731,0.0,0.0,-0.0,0.0,0.0,0.0,0.73,0.75,0.73,0.72
13,0.2167,0.897,19.983,-0.0,0.4486,0.06,-1.15,-0.0,0.807,0.0,0.0,-0.0,0.0,0.0,0.0,0.85,0.79,0.84,0.74
14,0.2333,0.928,19.984,-0.0,0.4488,0.06,-1.15,-0.0,0.934,0.0,0.0,-0.0,0.0,0.0,0.0,0.79,1.32,0.82,0.8
15,0.25,0.958,19.986,-0.0,0.4489,0.06,-1.15,-0.0,0.873,0.0,0.0,-0.0,0.0,0.0,0.0,0.85,1.05,0.81,0.78
16,0.2667,0.989,19.988,-0.0,0.449,0.05,-1.15,-0.0,0.975,0.0,0.0,-0.0,0.0,0.0,0.0,0.89,1.2,0.91,0.91
17,0.2833,1.019,19.99,-0.0,0.449,0.05,-1.15,-0.0,0.95,0.0,0.0,-0.0,0.0,0.0,0.0,0.92,0.95,1.02,0.92
18,0.3,1.05,19.993,-0.0,0.4491,0.04,-1.15,-0.0,0.869,0.0,0.0,-0.0,0.0,0.0,0.0,0.9,0.68,0.95,0.94
19,0.3167,1.081,19.995,-0.0,0.4491,0.04,-1.15,-0.0,0.949,0.0,0.0,-0.0,0.0,0.0,0.0,0.74,1.03,1.03,1.0
20,0.3333,1.111,19.997,-0.0,0.449,0.03,-1.15,-0.0,0.982,0.0,0.0,-0.0,0.0,0.0,0.0,1.04,0.8,1.07,1.01
21,0.35,1.142,20.0,-0.0,0.449,0.03,-1.15,-0.0,1.062,0.0,0.0,-0.0,0.0,0.0,0.0,1.05,1.05,1.1,1.05
22,0.3667,1.172,20.003,-0.0,0.4489,0.04,-1.15,0.0,1.148,0.0,0.0,-0.0,0.0,0.0,0.0,1.06,1.38,1.08,1.08
23,0.3833,1.203,20.005,-0.0,0.4488,0.04,-1.15,0.0,1.148,0.0,0.0,-0.0,0.0,0.0,0.0,1.17,1.14,1.16,1.13
24,0.4,1.233,20.008,-0.0,0.4488,0.03,-1.14,0.0,1.314,0.0,0.0,-0.0,0.0,0.0,0.0,1.77,1.17,1.15,1.16
25,0.4167,1.264,20.011,0.0,0.4488,-0.0,-1.14,0.0,1.239,0.0,0.0,-0.0,0.0,0.0,0.0,1.37,1.22,1.19,1.18
26,0.4333,1.294,20.014,0.0,0.4487,-0.03,-1.14,0.0,1.28,0.0,0.0,-0.0,0.0,0.0,0.0,1.29,1.39,1.26,1.18
27,0.45,1.325,20.017,0.0,0.4486,-0.06,-1.13,0.0,1.22,0.0,0.0,-0.0,0.0,0.0,0.0,1.28,1.26,1.07,1.28
28,0.4667,1.356,20.02,0.001,0.4484,-0.09,-1.13,0.0,1.356,0.0,0.0,-0.0,0.0,0.0,0.0,1.31,1.4,1.41,1.31
29,0.4833,1.386,20.023,0.001,0.4481,-0.12,-1.13,-0.0,1.37,0.0,0.0,-0.0,0.0,0.0,0.0,1.39,1.38,1.34,1.37
30,0.5,1.417,20.026,0.001,0.4484,-0.07,-1.15,0.0,1.241,0.0,0.0,-0.0,0.0,0.0,0.0,1.25,1.27,1.22,1.22
31,0.5167,1.447,20.03,0.0,0.4484,0.01,-1.13,0.0,1.384,0.0,0.0,-0.0,0.0,0.0,0.0,1.37,1.41,1.39,1.36
32,0.5333,1.478,20.033,-0.0,0.4485,0.06,-1.14,0.0,1.548,0.0,0.0,-0.0,0.0,0.0,0.0,1.55,1.59,1.52,1.54
33,0.55,1.508,20.036,-0.0,0.4488,0.06,-1.15,0.0,1.369,0.0,0.0,-0.0,0.0,0.0,0.0,1.48,1.33,1.32,1.34
34,0.5667,1.539,20.039,-0.0,0.4491,0.06,-1.15,0.0,1.369,0.0,0.0,-0.0,0.0,0.0,0.0,1.38,1.41,1.36,1.33
35,0.5833,1.569,20.043,-0.0,0.4493,0.07,-1.15,0.0,1.377,0.0,0.0,-0.0,0.0,0.0,0.0,1.45,1.29,1.34,1.42
36,0.6,1.6,20.046,-0.0,0.4495,0.07,-1.15,0.0,1.468,0.0,0.0,-0.0,0.0,0.0,0.0,1.5,1.42,1.51,1.45
37,0.6167,1.631,20.05,-0.0,0.4496,0.07,-1.15,0.0,1.556,0.0,0.0,-0.0,0.0,0.0,0.0,1.6,1.49,1.61,1.52
38,0.6333,1.661,20.053,-0.0,0.4495,0.07,-1.15,0.0,1.816,0.0,0.0,-0.0,0.0,0.0,0.0,1.76,2.28,1.68,1.54
39,0.65,1.692,20.057,-0.0,0.4494,0.08,-1.15,0.0,1.641,0.0,0.0,-0.0,0.0,0.0,0.0,1.68,1.67,1.65,1.56
40,0.6667,1.722,20.061,-0.0,0.4492,0.07,-1.15,0.0,1.431,0.0,0.0,-0.0,0.0,0.0,0.0,1.06,1.62,1.45,1.59
41,0.6833,1.753,20.065,-0.0,0.449,0.06,-1.16,0.0,1.674,0.0,0.0,-0.0,0.0,0.0,0.0,1.69,1.79,1.56,1.66
42,0.7,1.783,20.069,-0.0,0.4485,0.05,-1.15,0.0,1.736,0.0,0.0,-0.0,0.0,0.0,0.0,1.79,1.75,1.65,1.75
43,0.7167,1.814,20.074,-0.0,0.4479,0.04,-1.16,0.0,1.969,0.0,0.0,-0.0,0.0,0.0,0.0,1.78,1.77,1.78,2.54
44,0.7333,1.844,20.078,-0.0,0.4472,0.04,-1.15,0.0,1.58,0.0,0.0,-0.0,0.0,0.0,0.0,1.64,1.52,1.53,1.63
45,0.75,1.875,20.082,-0.001,0.4475,0.12,-1.17,0.01,1.663,0.0,0.0,-0.0,0.0,0.0,0.0,1.67,1.85,1.69,1.44
46,0.7667,1.906,20.086,-0.001,0.4481,0.12,-1.16,0.01,1.78,0.0,0.0,-0.0,0.0,0.0,0.0,1.86,1.64,1.63,1.98
47,0.7833,1.936,20.09,-0.001,0.4486,0.11,-1.15,0.01,1.635,0.0,0.0,-0.0,0.0,0.0,0.0,1.96,1.77,1.71,1.1
48,0.8,1.967,20.094,-0.001,0.449,0.1,-1.15,0.0,1.906,0.0,0.0,-0.0,0.0,0.0,0.0,1.89,1.8,2.1,1.83
49,0.8167,1.997,20.099,-0.0,0.4493,0.09,-1.15,0.01,1.819,0.0,0.0,-0.0,0.0,0.0,0.0,1.75,1.94,1.81,1.78
50,0.8333,2.028,20.103,-0.0,0.4495,0.08,-1.15,0.01,1.892,0.0,0.0,-0.0,0.0,0.0,0.0,1.88,1.9,1.96,1.83
51,0.85,2.058,20.108,-0.0,0.4495,0.07,-1.15,0.01,1.765,0.0,0.0,-0.0,0.0,0.0,0.0,1.27,1.96,1.96,1.87
52,0.8667,2.089,20.112,-0.0,0.4494,0.06,-1.15,0.0,2.263,0.0,0.0,-0.0,0.0,0.0,0.0,1.91,1.53,2.04,3.57
53,0.8833,2.119,20.117,-0.0,0.4492,0.06,-1.15,0.01,1.688,0.0,0.0,-0.0,0.0,0.0,0.0,1.1,2.18,1.52,1.95
54,0.9,2.15,20.122,-0.0,0.4489,0.06,-1.16,0.0,2.07,0.0,0.0,-0.0,0.0,0.0,0.0,1.89,1.98,2.22,2.19
55,0.9167,2.181,20.127,-0.0,0.4483,0.06,-1.16,0.0,2.156,0.0,0.0,-0.0,0.0,0.0,0.0,2.13,2.22,2.11,2.16
56,0.9333,2.211,20.132,-0.0,0.4475,0.06,-1.16,0.0,2.115,0.0,0.0,-0.0,0.0,0.0,0.0,2.21,1.93,2.18,2.14
57,0.95,2.242,20.137,-0.0,0.4476,0.04,-1.15,0.0,1.892,0.0,0.0,-0.0,0.0,0.0,0.0,1.97,1.72,1.94,1.94
58,0.9667,2.272,20.142,-0.0,0.4482,0.05,-1.15,0.0,2.098,0.0,0.0,-0.0,0.0,0.0,0.0,2.05,2.03,2.08,2.24
59,0.9833,2.303,20.147,-0.0,0.4488,0.07,-1.15,0.0,2.107,0.0,0.0,-0.0,0.0,0.0,0.0,2.18,2.09,2.07,2.09
60,1.0,2.333,20.152,-0.0,0.4492,0.07,-1.15,0.0,2.175,0.0,0.0,-0.0,0.0,0.0,0.0,2.17,2.17,2.22,2.13
61,1.0167,2.364,20.157,-0.0,0.4495,0.07,-1.15,0.0,2.314,0.0,0.0,-0.0,0.0,0.0,0.0,2.24,2.62,2.26,2.15
62,1.0333,2.394,20.163,-0.0,0.4496,0.07,-1.15,0.0,2.175,0.0,0.0,-0.0,0.0,0.0,0.0,2.28,2.36,2.36,1.7
63,1.05,2.425,20.168,-0.0,0.4495,0.07,-1.15,0.0,2.199,0.0,0.0,-0.0,0.0,0.0,0.0,2.01,2.32,2.08,2.4
64,1.0667,2.456,20.174,-0.0,0.4493,0.07,-1.15,0.0,2.338,0.0,0.0,-0.0,0.0,0.0,0.0,2.3,2.36,2.45,2.25
65,1.0833,2.486,20.179,0.0,0.4488,0.04,-1.16,-0.0,2.655,0.0,0.0,-0.0,0.0,0.0,0.0,2.75,2.47,2.93,2.47
66,1.1,2.517,20.185,0.0,0.4481,0.02,-1.16,-0.01,2.332,0.0,0.0,-0.0,0.0,0.0,0.0,2.32,2.36,2.26,2.4
67,1.1167,2.547,20.191,-0.001,0.4482,0.14,-1.1,-0.01,2.078,0.0,0.0,-0.0,0.0,0.0,0.0,2.03,2.11,1.88,2.3
68,1.1333,2.578,20.196,-0.001,0.4493,0.14,-1.04,-0.02,2.345,0.0,0.0,-0.0,0.0,0.0,0.0,2.11,2.18,2.53,2.57
69,1.15,2.608,20.202,-0.001,0.4502,0.13,-0.98,-0.02,2.469,0.0,0.0,-0.0,0.0,0.0,0.0,3.27,2.4,1.89,2.31
70,1.1667,2.639,20.208,-0.001,0.4512,0.14,-0.92,-0.02,2.163,0.0,0.0,-0.0,0.0,0.0,0.0,1.69,2.3,2.35,2.31
71,1.1833,2.669,20.214,-0.001,0.4519,0.14,-0.86,-0.02,2.442,0.0,0.0,-0.0,0.0,0.0,0.0,2.37,2.42,2.36,2.62
72,1.2,2.7,20.22,-0.001,0.4523,0.14,-0.8,-0.02,2.564,0.0,0.0,-0.0,0.0,0.0,0.0,2.96,2.5,3.41,1.4
73,1.2167,2.731,20.227,-0.001,0.4525,0.14,-0.74,-0.02,2.541,0.0,0.0,-0.0,0.0,0.0,0.0,2.68,2.7,2.5,2.28
74,1.2333,2.761,20.233,-0.001,0.4524,0.14,-0.67,-0.01,2.782,0.0,0.0,-0.0,0.0,0.0,0.0,3.07,2.61,2.69,2.75
75,1.25,2.792,20.24,-0.001,0.4521,0.14,-0.62,-0.01,2.671,0.0,0.0,-0.0,0.0,0.0,0.0,2.54,2.74,2.67,2.73
76,1.2667,2.822,20.247,-0.001,0.4523,0.19,-0.61,-0.01,2.814,0.0,0.0,-0.0,0.0,0.0,0.0,2.91,2.66,3.01,2.67
77,1.2833,2.853,20.253,-0.001,0.4531,0.15,-0.6,-0.01,2.8,0.0,0.0,-0.0,0.0,0.0,0.0,2.94,2.79,2.64,2.84
78,1.3,2.883,20.26,-0.001,0.4536,0.14,-0.61,-0.01,2.75,0.0,0.0,-0.0,0.0,0.0,0.0,2.83,2.68,2.67,2.82
79,1.3167,2.914,20.266,-0.001,0.4538,0.1,-0.61,-0.01,2.768,0.0,0.0,-0.0,0.0,0.0,0.0,2.81,2.77,2.72,2.78
80,1.3333,2.944,20.273,-0.0,0.4538,0.07,-0.6,-0.01,2.764,0.0,0.0,-0.0,0.0,0.0,0.0,2.75,2.78,2.81,2.71
81,1.35,2.975,20.28,-0.0,0.4538,0.07,-0.6,-0.01,2.832,0.0,0.0,-0.0,0.0,0.0,0.0,2.78,2.85,2.91,2.79
82,1.3667,3.006,20.286,-0.0,0.4535,0.07,-0.6,-0.01,2.842,0.0,0.0,-0.0,0.0,0.0,0.0,2.56,2.81,2.85,3.14
83,1.3833,3.036,20.293,-0.0,0.453,0.07,-0.59,-0.01,2.978,0.0,0.0,-0.0,0.0,0.0,0.0,2.94,3.0,3.01,2.97
84,1.4,3.067,20.301,-0.0,0.4522,0.07,-0.59,-0.01,3.176,0.0,0.0,-0.0,0.0,0.0,0.0,2.83,3.15,2.91,3.81
85,1.4167,3.097,20.307,-0.001,0.453,0.2,-0.66,-0.01,3.102,0.0,0.0,-0.0,0.0,0.0,0.0,3.53,2.71,3.13,3.03
86,1.4333,3.128,20.313,-0.001,0.4542,0.18,-0.75,-0.01,2.873,0.0,0.0,-0.0,0.0,0.0,0.0,3.13,2.73,2.92,2.71
87,1.45,3.158,20.319,-0.001,0.4552,0.13,-0.82,-0.02,3.02,0.0,0.0,-0.0,0.0,0.0,0.0,2.93,2.89,3.05,3.21
88,1.4667,3.189,20.326,-0.001,0.4561,0.09,-0.9,-0.02,3.38,0.0,0.0,-0.0,0.0,0.0,0.0,3.25,3.38,3.58,3.31
89,1.4833,3.219,20.332,-0.0,0.4568,0.07,-0.99,-0.01,3.015,0.0,0.0,-0.0,0.0,0.0,0.0,3.02,3.02,3.12,2.9
90,1.5,3.25,20.339,-0.0,0.4572,0.07,-1.06,-0.01,3.084,0.0,0.0,-0.0,0.0,0.0,0.0,3.12,2.9,3.24,3.08
91,1.5167,3.281,20.346,-0.0,0.4572,0.07,-1.13,-0.02,3.211,0.0,0.0,-0.0,0.0,0.0,0.0,3.19,3.21,3.32,3.12
92,1.5333,3.311,20.353,-0.0,0.4569,0.07,-1.21,-0.02,3.155,0.0,0.0,-0.0,0.0,0.0,0.0,3.24,2.86,3.28,3.24
93,1.55,3.342,20.36,-0.0,0.4569,0.05,-1.29,-0.01,2.865,0.0,0.0,-0.0,0.0,0.0,0.0,2.43,4.15,2.37,2.51
94,1.5667,3.372,20.367,-0.0,0.4579,0.06,-1.27,-0.01,3.223,0.0,0.0,-0.0,0.0,0.0,0.0,4.08,2.94,2.8,3.07
95,1.5833,3.403,20.374,-0.001,0.4586,0.08,-1.26,-0.01,3.289,0.0,0.0,-0.0,0.0,0.0,0.0,3.03,3.09,3.94,3.1
96,1.6,3.433,20.382,-0.001,0.459,0.08,-1.26,-0.02,3.255,0.0,0.0,-0.0,0.0,0.0,0.0,3.17,3.25,3.4,3.19
97,1.6167,3.464,20.39,-0.001,0.4589,0.09,-1.26,-0.02,3.332,0.0,0.0,-0.0,0.0,0.0,0.0,3.33,3.32,3.37,3.31
98,1.6333,3.494,20.398,-0.0,0.4585,0.08,-1.26,-0.02,3.413,0.0,0.0,-0.0,0.0,0.0,0.0,3.38,3.45,3.43,3.4
99,1.65,3.525,20.406,-0.0,0.4576,0.06,-1.26,-0.02,3.63,0.0,0.0,-0.0,0.0,0.0,0.0,3.45,4.11,3.5,3.46
100,1.6667,3.556,20.414,-0.0,0.4563,0.06,-1.26,-0.02,3.684,0.0,0.0,-0.0,0.0,0.0,0.0,4.67,3.92,2.85,3.29
101,1.6833,3.586,20.422,-0.001,0.4574,0.12,-1.29,-0.02,3.249,0.0,0.0,-0.0,0.0,0.0,0.0,3.41,3.02,3.38,3.19
102,1.7,3.617,20.43,-0.001,0.4581,0.1,-1.27,-0.02,3.55,0.0,0.0,-0.0,0.0,0.0,0.0,4.35,3.3,3.28,3.28
103,1.7167,3.647,20.438,-0.001,0.4586,0.09,-1.27,-0.02,3.451,0.0,0.0,-0.0,0.0,0.0,0.0,3.34,3.42,3.68,3.37
104,1.7333,3.678,20.446,-0.001,0.4587,0.1,-1.26,-0.01,3.629,0.0,0.0,-0.0,0.0,0.0,0.0,3.54,3.89,3.64,3.45
105,1.75,3.708,20.455,-0.0,0.4585,0.08,-1.26,-0.02,3.66,0.0,0.0,-0.0,0.0,0.0,0.0,3.52,4.29,3.37,3.46
106,1.7667,3.739,20.463,0.0,0.4582,-0.03,-1.25,-0.02,3.563,0.0,0.0,-0.0,0.0,0.0,0.0,3.6,3.45,3.63,3.57
107,1.7833,3.769,20.472,0.001,0.4577,-0.11,-1.27,-0.01,4.042,0.0,0.0,-0.0,0.0,0.0,0.0,5.02,4.1,3.71,3.34
108,1.8,3.8,20.48,-0.0,0.4581,0.07,-1.28,-0.01,4.558,0.0,0.0,-0.0,0.0,0.0,0.0,8.12,3.8,3.13,3.18
109,1.8167,3.831,20.489,-0.0,0.4588,0.08,-1.26,-0.0,3.633,0.0,0.0,-0.0,0.0,0.0,0.0,3.59,3.63,3.77,3.54
110,1.8333,3.861,20.498,-0.0,0.4591,0.08,-1.26,-0.0,3.571,0.0,0.0,-0.0,0.0,0.0,0.0,3.71,3.14,3.79,3.64
111,1.85,3.892,20.507,-0.0,0.4587,0.08,-1.26,0.0,3.974,0.0,0.0,-0.0,0.0,0.0,0.0,3.64,4.7,3.87,3.69
112,1.8667,3.922,20.516,-0.0,0.4579,0.06,-1.24,0.0,3.851,0.0,0.0,-0.0,0.0,0.0,0.0,3.84,3.87,3.86,3.83
113,1.8833,3.953,20.525,-0.0,0.4567,0.04,-1.27,0.0,4.488,0.0,0.0,-0.0,0.0,0.0,0.0,5.27,4.12,3.8,4.77
114,1.9,3.983,20.533,-0.001,0.458,0.14,-1.31,0.01,3.429,0.0,0.0,-0.0,0.0,0.0,0.0,3.97,2.99,3.39,3.36
115,1.9167,4.014,20.542,-0.0,0.4587,0.1,-1.27,0.01,3.703,0.0,0.0,-0.0,0.0,0.0,0.0,4.04,3.76,3.95,3.06
116,1.9333,4.044,20.551,-0.0,0.459,0.09,-1.26,0.02,3.823,0.0,0.0,-0.0,0.0,0.0,0.0,3.8,3.76,3.96,3.78
117,1.95,4.075,20.561,-0.0,0.4588,0.07,-1.25,0.02,4.057,0.0,0.0,-0.0,0.0,0.0,0.0,3.97,4.24,4.07,3.95
118,1.9667,4.106,20.57,-0.0,0.4581,0.07,-1.25,0.01,4.066,0.0,0.0,-0.0,0.0,0.0,0.0,4.11,4.1,4.07,3.98
119,1.9833,4.136,20.58,-0.0,0.4568,0.06,-1.27,0.02,4.844,0.0,0.0,-0.0,0.0,0.0,0.0,4.81,4.9,5.2,4.47
120,2.0,4.167,20.589,-0.0,0.4579,0.05,-1.28,0.02,3.941,0.0,0.0,-0.0,0.0,0.0,0.0,4.21,3.91,3.64,4.01
121,2.0167,4.197,20.598,-0.0,0.4587,0.08,-1.27,0.02,4.23,0.0,0.0,-0.0,0.0,0.0,0.0,3.9,4.34,4.8,3.89
122,2.0333,4.228,20.608,-0.0,0.4591,0.08,-1.26,0.02,4.084,0.0,0.0,-0.0,0.0,0.0,0.0,4.05,4.12,4.22,3.94
123,2.05,4.258,20.618,-0.0,0.4588,0.09,-1.25,0.02,4.067,0.0,0.0,-0.0,0.0,0.0,0.0,4.12,3.78,4.25,4.12
124,2.0667,4.289,20.628,0.0,0.458,0.05,-1.25,0.01,3.904,0.0,0.0,-0.0,0.0,0.0,0.0,4.23,4.25,4.24,2.9
125,2.0833,4.319,20.637,-0.001,0.4575,0.16,-1.27,0.0,4.067,0.0,0.0,-0.0,0.0,0.0,0.0,4.04,3.76,4.3,4.16
126,2.1,4.35,20.647,-0.001,0.4585,0.21,-1.31,0.0,4.09,0.0,0.0,-0.0,0.0,0.0,0.0,4.31,4.31,3.81,3.93
127,2.1167,4.381,20.656,-0.0,0.4588,0.11,-1.26,0.0,3.942,0.0,0.0,-0.0,0.0,0.0,0.0,2.41,3.84,5.4,4.11
128,2.1333,4.411,20.667,-0.0,0.459,0.09,-1.26,0.0,4.289,0.0,0.0,-0.0,0.0,0.0,0.0,4.25,4.21,4.45,4.24
129,2.15,4.442,20.677,0.0,0.4585,0.08,-1.25,-0.0,4.08,0.0,0.0,-0.0,0.0,0.0,0.0,4.26,4.42,4.42,3.22
130,2.1667,4.472,20.687,-0.0,0.4578,0.11,-1.23,0.0,3.135,0.0,0.0,-0.0,0.0,0.0,0.0,3.95,3.44,4.16,0.99
131,2.1833,4.503,20.697,-0.001,0.4599,0.15,-1.08,-0.01,8.576,0.0,0.0,-0.0,0.0,0.0,0.0,11.62,5.29,14.3,3.09
132,2.2,4.533,20.707,-0.0,0.4612,0.11,-0.96,0.02,4.898,0.0,0.0,-0.0,0.0,0.0,0.0,6.65,4.56,4.28,4.11
133,2.2167,4.564,20.718,0.0,0.4621,0.08,-0.87,0.02,4.383,0.0,0.0,-0.0,0.0,0.0,0.0,4.71,4.29,4.54,3.98
134,2.2333,4.594,20.728,0.0,0.4625,0.08,-0.78,0.02,4.599,0.0,0.0,-0.0,0.0,0.0,0.0,5.18,4.15,4.8,4.26
135,2.25,4.625,20.74,0.0,0.4621,0.08,-0.68,0.02,4.496,0.0,0.0,-0.0,0.0,0.0,0.0,4.43,4.56,4.62,4.38
136,2.2667,4.656,20.75,-0.0,0.4626,0.16,-0.69,0.03,4.772,0.0,0.0,-0.0,0.0,0.0,0.0,4.7,5.16,5.02,4.2
137,2.2833,4.686,20.761,-0.0,0.4635,0.12,-0.67,0.02,4.496,0.0,0.0,-0.0,0.0,0.0,0.0,4.27,4.47,4.59,4.66
138,2.3,4.717,20.772,0.0,0.4637,0.11,-0.67,0.02,4.551,0.0,0.0,-0.0,0.0,0.0,0.0,4.75,4.38,5.34,3.74
139,2.3167,4.747,20.783,0.0,0.4637,0.08,-0.66,0.02,5.36,0.0,0.0,-0.0,0.0,0.0,0.0,6.97,5.32,4.67,4.47
140,2.3333,4.778,20.794,0.0,0.463,0.06,-0.65,0.02,4.57,0.0,0.0,-0.0,0.0,0.0,0.0,4.97,4.58,4.72,4.02
141,2.35,4.808,20.805,0.001,0.4622,0.06,-0.72,0.04,5.475,0.0,0.0,-0.0,0.0,0.0,0.0,5.91,4.96,5.52,5.51
142,2.3667,4.839,20.814,-0.0,0.4643,0.13,-0.89,0.03,4.379,0.0,0.0,-0.0,0.0,0.0,0.0,4.48,4.17,4.51,4.37
143,2.3833,4.869,20.824,0.0,0.4661,0.11,-1.0,0.03,4.802,0.0,0.0,-0.0,0.0,0.0,0.0,4.85,4.65,4.92,4.8
144,2.4,4.9,20.835,0.0,0.4672,0.09,-1.11,0.02,4.876,0.0,0.0,-0.0,0.0,0.0,0.0,4.71,5.03,4.85,4.91
145,2.4167,4.931,20.845,0.0,0.4676,0.07,-1.22,0.02,4.841,0.0,0.0,-0.0,0.0,0.0,0.0,4.91,4.82,4.92,4.72
146,2.4333,4.961,20.855,0.001,0.4673,0.0,-1.34,0.02,5.103,0.0,0.0,-0.0,0.0,0.0,0.0,4.76,4.89,4.92,5.84
147,2.45,4.992,20.866,0.001,0.468,0.06,-1.39,0.01,4.119,0.0,0.0,-0.0,0.0,0.0,0.0,3.13,4.43,4.16,4.76
148,2.4667,5.022,20.877,0.0,0.4687,0.11,-1.4,0.02,4.519,0.0,0.0,-0.0,0.0,0.0,0.0,4.94,4.84,4.6,3.69
149,2.4833,5.053,20.888,0.001,0.4688,0.07,-1.36,0.01,4.909,0.0,0.0,-0.0,0.0,0.0,0.0,4.77,5.12,5.01,4.73
150,2.5,5.083,20.9,0.001,0.4685,0.03,-1.39,0.01,5.58,0.0,0.0,-0.0,0.0,0.0,0.0,6.98,5.27,5.02,5.05
151,2.5167,5.114,20.912,0.002,0.4679,-0.05,-1.32,0.05,4.893,0.0,0.0,-0.0,0.0,0.0,0.0,4.46,5.18,5.12,4.81
152,2.5333,5.144,20.924,0.001,0.4687,0.05,-1.39,0.04,4.897,0.0,0.0,-0.0,0.0,0.0,0.0,4.77,4.97,5.17,4.67
153,2.55,5.175,20.935,0.0,0.4693,0.14,-1.37,0.04,4.812,0.0,0.0,-0.0,0.0,0.0,0.0,5.14,5.14,4.43,4.53
154,2.5667,5.206,20.947,0.001,0.4693,0.1,-1.36,0.04,4.861,0.0,0.0,-0.0,0.0,0.0,0.0,4.21,5.21,5.11,4.93
155,2.5833,5.236,20.959,0.001,0.4684,0.04,-1.36,0.05,5.008,0.0,0.0,-0.0,0.0,0.0,0.0,4.36,5.46,5.2,5.02
156,2.6,5.267,20.971,0.001,0.4679,0.07,-1.39,0.04,4.318,0.0,0.0,-0.0,0.0,0.0,0.0,4.91,4.46,2.63,5.27
157,2.6167,5.297,20.983,-0.0,0.4692,0.22,-1.45,0.04,4.999,0.0,0.0,-0.0,0.0,0.0,0.0,5.3,5.31,4.5,4.88
158,2.6333,5.328,20.994,0.0,0.4692,0.12,-1.38,0.04,5.212,0.0,0.0,-0.0,0.0,0.0,0.0,5.62,4.92,5.27,5.04
159,2.65,5.358,21.007,0.001,0.469,0.06,-1.37,0.03,5.209,0.0,0.0,-0.0,0.0,0.0,0.0,5.43,5.41,5.34,4.66
160,2.6667,5.389,21.019,0.001,0.4679,0.02,-1.37,0.02,5.688,0.0,0.0,-0.0,0.0,0.0,0.0,4.61,5.2,5.35,7.58
161,2.6833,5.419,21.032,0.001,0.4684,0.04,-1.38,0.02,5.101,0.0,0.0,-0.0,0.0,0.0,0.0,5.16,4.91,4.99,5.34
162,2.7,5.45,21.044,0.0,0.4692,0.14,-1.4,0.02,6.244,0.0,0.0,-0.0,0.0,0.0,0.0,5.39,7.19,7.61,4.79
163,2.7167,5.481,21.056,0.0,0.4694,0.09,-1.37,0.02,5.25,0.0,0.0,-0.0,0.0,0.0,0.0,5.31,5.01,5.46,5.22
164,2.7333,5.511,21.069,0.001,0.4686,0.02,-1.37,0.02,5.017,0.0,0.0,-0.0,0.0,0.0,0.0,5.08,5.54,5.52,3.92
165,2.75,5.542,21.081,0.0,0.4684,0.1,-1.39,0.02,5.187,0.0,0.0,-0.0,0.0,0.0,0.0,4.76,4.99,5.51,5.49
166,2.7667,5.572,21.094,-0.001,0.4691,0.26,-1.48,0.01,5.466,0.0,0.0,-0.0,0.0,0.0,0.0,5.56,7.23,3.93,5.14
167,2.7833,5.603,21.106,-0.0,0.4691,0.14,-1.37,0.01,5.493,0.0,0.0,-0.0,0.0,0.0,0.0,4.95,5.97,5.59,5.47
168,2.8,5.633,21.119,0.001,0.4691,0.05,-1.38,0.01,6.096,0.0,0.0,-0.0,0.0,0.0,0.0,7.81,5.54,5.6,5.43
169,2.8167,5.664,21.132,0.0,0.4686,0.07,-1.38,-0.0,5.695,0.0,0.0,-0.0,0.0,0.0,0.0,5.97,5.58,5.63,5.6
170,2.8333,5.694,21.144,-0.001,0.4694,0.26,-1.5,-0.01,5.449,0.0,0.0,-0.0,0.0,0.0,0.0,5.49,6.33,5.29,4.68
171,2.85,5.725,21.157,-0.0,0.4692,0.13,-1.38,-0.05,4.907,0.0,0.0,-0.0,0.0,0.0,0.0,2.95,5.69,5.87,5.11
172,2.8667,5.756,21.17,0.0,0.4692,0.06,-1.38,-0.06,5.712,0.0,0.0,-0.0,0.0,0.0,0.0,6.07,5.54,5.75,5.49
173,2.8833,5.786,21.183,0.001,0.4684,-0.02,-1.37,-0.06,2.015,0.0,0.0,-0.0,0.0,0.0,0.0,4.59,-4.79,5.71,2.55
174,2.9,5.817,21.196,0.0,0.4706,0.05,-1.21,-0.08,5.096,0.0,0.0,-0.0,0.0,0.0,0.0,4.57,4.4,5.82,5.6
175,2.9167,5.847,21.209,0.0,0.4723,0.07,-1.03,-0.08,4.917,0.0,0.0,-0.0,0.0,0.0,0.0,6.54,5.13,5.78,2.22
176,2.9333,5.878,21.223,0.0,0.4733,0.06,-0.9,-0.09,5.706,0.0,0.0,-0.0,0.0,0.0,0.0,5.52,5.85,5.87,5.58
177,2.95,5.908,21.237,0.001,0.4732,0.04,-0.8,-0.08,6.07,0.0,0.0,-0.0,0.0,0.0,0.0,7.45,5.4,5.88,5.54
178,2.9667,5.939,21.252,0.001,0.4737,0.02,-0.74,-0.07,5.516,0.0,0.0,-0.0,0.0,0.0,0.0,6.08,5.62,5.06,5.31
179,2.9833,5.969,21.265,-0.0,0.4744,0.11,-0.72,-0.06,5.809,0.0,0.0,-0.0,0.0,0.0,0.0,5.68,5.68,5.94,5.94
180,3.0,6.0,21.279,-0.001,0.4746,0.17,-0.66,-0.06,5.603,0.0,0.0,-0.0,0.0,0.0,0.0,5.0,5.96,5.88,5.58
181,3.0167,6.031,21.293,-0.0,0.4738,0.15,-0.62,-0.06,5.462,0.0,0.0,-0.0,0.0,0.0,0.0,5.04,6.01,5.98,4.81
182,3.0333,6.061,21.306,0.001,0.4747,-0.0,-0.89,-0.05,5.744,0.0,0.0,-0.0,0.0,0.0,0.0,5.66,6.24,5.11,5.96
183,3.05,6.092,21.318,0.001,0.4771,0.01,-1.06,-0.11,5.7,0.0,0.0,-0.0,0.0,0.0,0.0,5.21,5.43,6.08,6.08
184,3.0667,6.122,21.33,0.0,0.4787,0.09,-1.28,-0.11,5.914,0.0,0.0,-0.0,0.0,0.0,0.0,6.11,5.73,5.73,6.09
185,3.0833,6.153,21.342,0.0,0.4791,0.07,-1.42,-0.16,5.918,0.0,0.0,-0.0,0.0,0.0,0.0,6.14,6.25,6.1,5.18
186,3.1,6.183,21.355,0.001,0.4792,-0.05,-1.46,-0.17,5.579,0.0,0.0,-0.0,0.0,0.0,0.0,5.72,3.28,7.41,5.9
187,3.1167,6.214,21.368,0.001,0.4801,0.09,-1.49,-0.09,6.015,0.0,0.0,-0.0,0.0,0.0,0.0,6.19,5.5,6.19,6.19
188,3.1333,6.244,21.382,0.0,0.4804,0.15,-1.46,-0.09,5.846,0.0,0.0,-0.0,0.0,0.0,0.0,5.54,6.21,6.22,5.42
189,3.15,6.275,21.396,0.001,0.4799,0.07,-1.46,-0.08,6.388,0.0,0.0,-0.0,0.0,0.0,0.0,7.21,6.24,6.23,5.88
190,3.1667,6.306,21.41,0.001,0.4794,-0.04,-1.46,-0.07,6.036,0.0,0.0,-0.0,0.0,0.0,0.0,5.86,6.74,5.96,5.59
191,3.1833,6.336,21.424,0.001,0.4804,0.09,-1.47,-0.05,7.069,0.0,0.0,-0.0,0.0,0.0,0.0,9.74,6.24,5.97,6.32
192,3.2,6.367,21.439,0.0,0.4803,0.18,-1.42,-0.01,5.894,0.0,0.0,-0.0,0.0,0.0,0.0,5.34,6.36,6.35,5.52
193,3.2167,6.397,21.453,0.001,0.48,0.11,-1.43,-0.0,6.631,0.0,0.0,-0.0,0.0,0.0,0.0,7.71,6.41,6.29,6.11
194,3.2333,6.428,21.468,0.002,0.4795,-0.03,-1.46,-0.0,5.598,0.0,0.0,-0.0,0.0,0.0,0.0,4.53,5.97,5.9,6.0
195,3.25,6.458,21.482,0.001,0.4806,0.05,-1.48,0.0,6.174,0.0,0.0,-0.0,0.0,0.0,0.0,5.78,5.93,6.6,6.39
196,3.2667,6.489,21.496,0.0,0.4805,0.12,-1.47,-0.0,6.136,0.0,0.0,-0.0,0.0,0.0,0.0,5.68,6.47,6.48,5.92
197,3.2833,6.519,21.511,0.001,0.4796,0.08,-1.45,-0.0,7.196,0.0,0.0,-0.0,0.0,0.0,0.0,10.85,6.59,5.85,5.49
198,3.3,6.55,21.526,0.001,0.4801,0.06,-1.45,0.04,6.314,0.0,0.0,-0.0,0.0,0.0,0.0,6.0,6.21,6.55,6.5
199,3.3167,6.581,21.541,0.0,0.48,0.19,-1.48,0.03,5.464,0.0,0.0,-0.0,0.0,0.0,0.0,5.81,6.23,6.47,3.34
200,3.3333,6.611,21.556,0.0,0.4803,0.24,-1.39,0.04,7.782,0.0,0.0,-0.0,0.0,0.0,0.0,11.13,6.75,6.78,6.48
201,3.35,6.642,21.572,0.001,0.4799,0.08,-1.51,0.04,6.552,0.0,0.0,-0.0,0.0,0.0,0.0,6.35,7.35,5.91,6.6
202,3.3667,6.672,21.586,0.001,0.4806,0.1,-1.48,0.04,6.411,0.0,0.0,-0.0,0.0,0.0,0.0,6.2,6.17,6.64,6.64
203,3.3833,6.703,21.601,0.001,0.4804,0.12,-1.47,0.04,6.502,0.0,0.0,-0.0,0.0,0.0,0.0,6.3,6.71,6.68,6.31
204,3.4,6.733,21.617,0.001,0.4801,0.08,-1.47,0.06,6.015,0.0,0.0,-0.0,0.0,0.0,0.0,4.63,6.72,6.73,5.97
205,3.4167,6.764,21.632,0.002,0.4802,0.06,-1.45,0.05,5.983,0.0,0.0,-0.0,0.0,0.0,0.0,5.18,5.96,6.02,6.76
206,3.4333,6.794,21.647,0.001,0.4802,0.2,-1.49,0.07,6.017,0.0,0.0,-0.0,0.0,0.0,0.0,5.11,7.09,6.91,4.96
207,3.45,6.825,21.663,0.001,0.4805,0.19,-1.4,0.07,6.654,0.0,0.0,-0.0,0.0,0.0,0.0,6.48,6.76,6.77,6.6
208,3.4667,6.856,21.679,0.001,0.4804,0.13,-1.49,0.07,7.079,0.0,0.0,-0.0,0.0,0.0,0.0,6.8,6.8,6.94,7.77
209,3.4833,6.886,21.694,0.002,0.4813,0.0,-1.25,0.07,7.12,0.0,0.0,-0.0,0.0,0.0,0.0,5.26,6.56,11.04,5.62
210,3.5,6.917,21.71,0.002,0.4839,0.07,-1.07,0.08,6.523,0.0,0.0,-0.0,0.0,0.0,0.0,6.13,6.85,6.84,6.28
211,3.5167,6.947,21.727,0.002,0.4851,0.1,-0.92,0.09,6.75,0.0,0.0,-0.0,0.0,0.0,0.0,6.92,6.92,6.92,6.25
212,3.5333,6.978,21.743,0.002,0.4849,0.06,-0.85,0.1,6.774,0.0,0.0,-0.0,0.0,0.0,0.0,6.36,7.91,6.18,6.64
213,3.55,7.008,21.76,0.002,0.4856,0.09,-0.76,0.07,6.357,0.0,0.0,-0.0,0.0,0.0,0.0,7.55,5.92,5.01,6.95
214,3.5667,7.039,21.776,0.002,0.4856,0.1,-0.75,0.13,6.93,0.0,0.0,-0.0,0.0,0.0,0.0,7.68,6.96,5.82,7.25
215,3.5833,7.069,21.793,0.003,0.4852,0.01,-0.78,-0.14,7.227,0.0,0.0,-0.0,0.0,0.0,0.0,6.92,6.93,8.27,6.78
216,3.6,7.1,21.808,0.002,0.4875,0.0,-0.98,-0.16,7.44,0.0,0.0,-0.0,0.0,0.0,0.0,6.66,8.3,7.13,7.66
217,3.6167,7.131,21.822,0.002,0.4904,-0.01,-1.2,-0.1,6.782,0.0,0.0,-0.0,0.0,0.0,0.0,7.11,6.9,6.04,7.08
218,3.6333,7.161,21.836,0.001,0.4911,0.06,-1.49,-0.07,7.237,0.0,0.0,-0.0,0.0,0.0,0.0,7.14,9.93,5.83,6.04
219,3.65,7.192,21.85,0.002,0.491,0.03,-1.6,-0.11,7.779,0.0,0.0,-0.0,0.0,0.0,0.0,7.16,5.24,7.42,11.29
220,3.6667,7.222,21.865,0.001,0.4916,0.21,-1.58,-0.1,11.138,0.0,0.0,-0.0,0.0,0.0,0.0,15.65,6.84,19.52,2.53
221,3.6833,7.253,21.88,-0.0,0.4923,0.25,-1.49,-0.14,6.689,0.0,0.0,-0.0,0.0,0.0,0.0,9.1,7.25,3.93,6.47
222,3.7,7.283,21.897,0.0,0.4919,0.09,-1.56,-0.23,7.233,0.0,0.0,-0.0,0.0,0.0,0.0,7.26,7.26,7.24,7.18
223,3.7167,7.314,21.913,0.0,0.4918,0.06,-1.54,-0.23,7.549,0.0,0.0,-0.0,0.0,0.0,0.0,7.23,6.55,9.02,7.4
224,3.7333,7.344,21.929,-0.001,0.4924,0.19,-1.57,-0.26,6.981,0.0,0.0,-0.0,0.0,0.0,0.0,7.38,7.38,7.38,5.79
225,3.75,7.375,21.945,-0.001,0.4919,0.14,-1.5,-0.33,6.832,0.0,0.0,-0.0,0.0,0.0,0.0,9.08,7.4,3.79,7.06
226,3.7667,7.406,21.962,-0.001,0.492,0.1,-1.55,-0.34,8.307,0.0,0.0,-0.0,0.0,0.0,0.0,8.06,6.67,10.95,7.56
227,3.7833,7.436,21.978,-0.004,0.4919,0.21,-1.56,-0.59,7.206,0.0,0.0,-0.0,0.0,0.0,0.0,7.31,6.72,7.4,7.39
228,3.8,7.467,21.994,-0.004,0.4927,0.28,-1.53,-0.57,7.723,0.0,0.0,-0.0,0.0,0.0,0.0,7.44,7.49,8.33,7.63
229,3.8167,7.497,22.011,-0.003,0.4935,0.15,-1.78,-0.53,7.135,0.0,0.0,-0.0,0.0,0.0,0.0,7.26,6.52,7.44,7.32
230,3.8333,7.528,22.027,-0.003,0.4932,0.21,-1.77,-0.4,6.862,0.0,0.0,-0.0,0.0,0.0,0.0,7.51,5.04,7.5,7.4
231,3.85,7.558,22.044,-0.002,0.4921,0.1,-1.58,-0.4,7.794,0.0,0.0,-0.0,0.0,0.0,0.0,2.21,14.56,7.39,7.02
232,3.8667,7.589,22.061,-0.002,0.4917,-0.01,-1.53,-0.31,7.076,0.0,0.0,-0.0,0.0,0.0,0.0,6.34,7.57,6.72,7.67
233,3.8833,7.619,22.078,-0.004,0.4929,0.23,-1.47,-0.3,7.595,0.0,0.0,-0.0,0.0,0.0,0.0,7.58,7.58,7.62,7.59
234,3.9,7.65,22.095,-0.005,0.4926,0.32,-1.46,-0.29,7.885,0.0,0.0,-0.0,0.0,0.0,0.0,7.8,7.81,8.5,7.42
235,3.9167,7.681,22.112,-0.003,0.493,0.14,-1.61,-0.19,7.558,0.0,0.0,-0.0,0.0,0.0,0.0,7.79,7.79,7.78,6.86
236,3.9333,7.711,22.129,-0.001,0.4918,0.1,-1.61,-0.03,6.316,0.0,0.0,-0.0,0.0,0.0,0.0,4.17,5.48,7.83,7.78
237,3.95,7.742,22.146,-0.002,0.4922,0.2,-1.55,-0.04,8.755,0.0,0.0,-0.0,0.0,0.0,0.0,6.87,12.77,7.56,7.82
238,3.9667,7.772,22.163,-0.001,0.4924,0.06,-1.59,0.06,7.579,0.0,0.0,-0.0,0.0,0.0,0.0,7.74,7.74,7.74,7.09
239,3.9833,7.803,22.18,0.0,0.4918,-0.06,-1.54,0.07,7.767,0.0,0.0,-0.0,0.0,0.0,0.0,10.46,7.36,7.82,5.43
240,4.0,7.833,22.197,-0.001,0.4957,-0.06,-1.33,-0.05,7.466,0.0,0.0,-0.0,0.0,0.0,0.0,7.64,6.62,7.8,7.81
241,4.0167,7.864,22.213,-0.002,0.4979,-0.01,-1.18,-0.13,7.43,0.0,0.0,-0.0,0.0,0.0,0.0,7.83,7.48,7.84,6.58
242,4.0333,7.894,22.231,-0.002,0.499,-0.0,-1.05,-0.19,8.04,0.0,0.0,-0.0,0.0,0.0,0.0,7.8,6.78,7.87,9.71
243,4.05,7.925,22.249,-0.003,0.4986,0.14,-0.86,-0.18,7.531,0.0,0.0,-0.0,0.0,0.0,0.0,7.86,6.51,7.88,7.88
244,4.0667,7.956,22.268,-0.003,0.4981,0.1,-0.79,-0.17,7.536,0.0,0.0,-0.0,0.0,0.0,0.0,7.96,6.26,7.98,7.95
245,4.0833,7.986,22.287,-0.002,0.4976,-0.01,-0.89,-0.17,8.217,0.0,0.0,-0.0,0.0,0.0,0.0,9.51,9.45,7.98,5.93
246,4.1,8.017,22.304,-0.003,0.4997,0.24,-1.02,-0.2,8.206,0.0,0.0,-0.0,0.0,0.0,0.0,8.98,7.81,8.02,8.01
247,4.1167,8.047,22.321,-0.004,0.5028,0.37,-1.18,-0.2,7.759,0.0,0.0,-0.0,0.0,0.0,0.0,7.7,8.01,7.96,7.37
248,4.1333,8.078,22.337,-0.005,0.5049,0.42,-1.44,-0.2,8.147,0.0,0.0,-0.0,0.0,0.0,0.0,8.11,8.11,8.12,8.25
249,4.15,8.108,22.354,-0.005,0.5048,0.4,-1.7,-0.24,7.741,0.0,0.0,-0.0,0.0,0.0,0.0,7.87,7.88,7.85,7.36
250,4.1667,8.139,22.371,-0.004,0.5046,0.14,-1.64,-0.31,11.95,0.0,0.0,-0.0,0.0,0.0,0.0,14.82,7.17,6.87,18.95
251,4.1833,8.169,22.389,-0.003,0.5049,0.0,-1.74,-0.4,6.818,0.0,0.0,-0.0,0.0,0.0,0.0,7.92,3.83,8.15,7.38
252,4.2,8.2,22.407,-0.003,0.506,0.02,-1.74,-0.36,7.889,0.0,0.0,-0.0,0.0,0.0,0.0,8.19,6.98,8.19,8.19
253,4.2167,8.231,22.425,-0.003,0.5054,0.14,-1.75,-0.3,6.93,0.0,0.0,-0.0,0.0,0.0,0.0,8.21,7.1,8.21,4.19
254,4.2333,8.261,22.444,-0.004,0.5047,0.17,-1.66,-0.28,8.353,0.0,0.0,-0.0,0.0,0.0,0.0,8.51,8.31,8.18,8.41
255,4.25,8.292,22.463,-0.004,0.5049,0.31,-1.77,-0.21,8.021,0.0,0.0,-0.0,0.0,0.0,0.0,7.98,7.85,7.93,8.32
256,4.2667,8.322,22.481,-0.004,0.5051,0.15,-1.64,-0.15,7.992,0.0,0.0,-0.0,0.0,0.0,0.0,8.26,8.26,7.73,7.73
257,4.2833,8.353,22.5,-0.003,0.5049,0.04,-1.74,-0.14,7.395,0.0,0.0,-0.0,0.0,0.0,0.0,6.3,8.49,8.39,6.39
258,4.3,8.383,22.519,-0.005,0.5059,0.11,-1.73,-0.17,8.291,0.0,0.0,-0.0,0.0,0.0,0.0,8.34,8.05,8.38,8.4
259,4.3167,8.414,22.537,-0.006,0.5051,0.17,-1.68,-0.28,6.965,0.0,0.0,-0.0,0.0,0.0,0.0,8.57,8.57,3.75,6.97
260,4.3333,8.444,22.556,-0.005,0.5045,0.09,-1.67,-0.29,8.777,0.0,0.0,-0.0,0.0,0.0,0.0,9.47,8.39,8.39,8.85
261,4.35,8.475,22.575,-0.006,0.5055,0.2,-1.77,-0.19,8.119,0.0,0.0,-0.0,0.0,0.0,0.0,8.44,7.14,8.45,8.45
262,4.3667,8.506,22.594,-0.005,0.5055,0.23,-1.64,-0.15,8.317,0.0,0.0,-0.0,0.0,0.0,0.0,8.37,8.37,9.26,7.26
263,4.3833,8.536,22.613,-0.005,0.5045,0.12,-1.66,-0.15,8.387,0.0,0.0,-0.0,0.0,0.0,0.0,8.33,8.43,8.1,8.69
264,4.4,8.567,22.633,-0.005,0.5045,0.12,-1.65,-0.1,6.806,0.0,0.0,-0.0,0.0,0.0,0.0,5.19,8.01,5.45,8.57
265,4.4167,8.597,22.653,-0.006,0.5046,0.05,-1.71,-0.31,7.408,0.0,0.0,-0.0,0.0,0.0,0.0,8.58,5.31,8.57,7.18
266,4.4333,8.628,22.673,-0.006,0.505,0.1,-1.7,-0.32,9.014,0.0,0.0,-0.0,0.0,0.0,0.0,7.1,12.12,8.52,8.32
267,4.45,8.658,22.692,-0.007,0.5076,0.28,-1.52,-0.41,8.279,0.0,0.0,-0.0,0.0,0.0,0.0,8.64,7.24,8.64,8.6
268,4.4667,8.689,22.711,-0.007,0.5097,0.34,-1.2,-0.41,8.301,0.0,0.0,-0.0,0.0,0.0,0.0,8.65,8.65,8.37,7.53
269,4.4833,8.719,22.731,-0.007,0.5107,0.33,-0.98,-0.37,8.506,0.0,0.0,-0.0,0.0,0.0,0.0,8.75,7.83,8.73,8.72
270,4.5,8.75,22.751,-0.007,0.5114,0.23,-0.92,-0.35,8.114,0.0,0.0,-0.0,0.0,0.0,0.0,8.65,7.95,7.53,8.32
271,4.5167,8.781,22.771,-0.005,0.5112,0.01,-0.91,-0.42,8.655,0.0,0.0,-0.0,0.0,0.0,0.0,8.4,8.86,8.85,8.51
272,4.5333,8.811,22.791,-0.005,0.5119,0.01,-0.88,-0.37,8.358,0.0,0.0,-0.0,0.0,0.0,0.0,8.0,8.08,8.78,8.57
273,4.55,8.842,22.81,-0.006,0.5146,0.26,-1.21,-0.32,8.597,0.0,0.0,-0.0,0.0,0.0,0.0,9.58,8.87,7.81,8.12
274,4.5667,8.872,22.828,-0.007,0.5184,0.4,-1.58,-0.51,8.844,0.0,0.0,-0.0,0.0,0.0,0.0,8.85,8.85,8.85,8.84
275,4.5833,8.903,22.845,-0.008,0.5196,0.4,-2.03,-0.67,8.872,0.0,0.0,-0.0,0.0,0.0,0.0,8.87,8.87,8.88,8.87
276,4.6,8.933,22.863,-0.008,0.5202,0.18,-2.14,-0.88,8.2,0.0,0.0,-0.0,0.0,0.0,0.0,8.94,8.01,8.92,6.93
277,4.6167,8.964,22.881,-0.009,0.5204,0.08,-2.05,-1.01,8.825,0.0,0.0,-0.0,0.0,0.0,0.0,9.08,8.18,9.02,9.02
278,4.6333,8.994,22.9,-0.01,0.5191,0.1,-1.88,-1.09,8.39,0.0,0.0,-0.0,0.0,0.0,0.0,8.93,6.82,8.91,8.9
279,4.65,9.025,22.92,-0.011,0.5178,0.14,-1.71,-1.07,10.066,0.0,0.0,-0.0,0.0,0.0,0.0,6.72,8.97,15.84,8.73
280,4.6667,9.056,22.94,-0.011,0.5183,0.12,-1.76,-0.98,7.935,0.0,0.0,-0.0,0.0,0.0,0.0,7.36,6.32,9.04,9.02
281,4.6833,9.086,22.96,-0.011,0.5181,0.18,-1.8,-0.95,7.173,0.0,0.0,-0.0,0.0,0.0,0.0,9.13,8.14,7.62,3.8
282,4.7,9.117,22.981,-0.011,0.5179,0.04,-1.78,-0.97,9.033,0.0,0.0,-0.0,0.0,0.0,0.0,3.86,14.43,9.02,8.82
283,4.7167,9.147,23.001,-0.011,0.5186,0.05,-1.79,-0.8,8.916,0.0,0.0,-0.0,0.0,0.0,0.0,9.97,7.2,9.25,9.24
284,4.7333,9.178,23.022,-0.012,0.5183,0.17,-1.74,-0.69,9.969,0.0,0.0,-0.0,0.0,0.0,0.0,9.1,13.81,9.06,7.9
285,4.75,9.208,23.043,-0.012,0.518,0.09,-1.79,-0.62,9.774,0.0,0.0,-0.0,0.0,0.0,0.0,9.62,9.04,9.21,11.22
286,4.7667,9.239,23.064,-0.012,0.5192,0.22,-1.99,-0.53,8.933,0.0,0.0,-0.0,0.0,0.0,0.0,9.4,7.68,9.33,9.33
287,4.7833,9.269,23.084,-0.013,0.5195,0.23,-1.9,-0.51,8.835,0.0,0.0,-0.0,0.0,0.0,0.0,9.23,9.22,9.23,7.66
288,4.8,9.3,23.105,-0.012,0.5182,0.12,-1.81,-0.5,8.058,0.0,0.0,-0.0,0.0,0.0,0.0,4.96,9.16,9.15,8.97
289,4.8167,9.331,23.126,-0.011,0.5183,0.13,-1.74,-0.27,8.539,0.0,0.0,-0.0,0.0,0.0,0.0,9.37,7.67,7.73,9.39
290,4.8333,9.361,23.148,-0.011,0.5181,0.07,-1.79,-0.27,9.927,0.0,0.0,-0.0,0.0,0.0,0.0,9.88,10.77,9.09,9.96
291,4.85,9.392,23.169,-0.01,0.5196,0.12,-1.96,-0.12,8.964,0.0,0.0,-0.0,0.0,0.0,0.0,9.25,7.91,9.35,9.35
292,4.8667,9.422,23.19,-0.01,0.5214,0.22,-1.58,0.08,8.366,0.0,0.0,-0.0,0.0,0.0,0.0,9.43,6.96,9.46,7.61
293,4.8833,9.453,23.212,-0.01,0.5231,0.21,-1.14,0.11,8.253,0.0,0.0,-0.0,0.0,0.0,0.0,5.04,9.17,9.42,9.38
294,4.9,9.483,23.234,-0.01,0.5251,0.26,-0.94,0.13,9.064,0.0,0.0,-0.0,0.0,0.0,0.0,9.48,9.5,8.59,8.69
295,4.9167,9.514,23.257,-0.009,0.5258,0.16,-0.83,0.14,8.64,0.0,0.0,-0.0,0.0,0.0,0.0,5.66,9.62,9.64,9.64
296,4.9333,9.544,23.279,-0.009,0.5251,0.12,-0.89,0.08,8.269,0.0,0.0,-0.0,0.0,0.0,0.0,10.01,7.18,5.98,9.91
297,4.95,9.575,23.301,-0.009,0.5263,0.15,-1.05,0.15,11.018,0.0,0.0,-0.0,0.0,0.0,0.0,11.97,11.15,11.36,9.58
298,4.9667,9.606,23.321,-0.011,0.531,0.17,-1.68,0.01,9.525,0.0,0.0,-0.0,0.0,0.0,0.0,9.5,9.54,9.5,9.57
299,4.9833,9.636,23.341,-0.013,0.5338,0.32,-2.13,-0.09,8.357,0.0,0.0,-0.0,0.0,0.0,0.0,9.52,6.34,9.36,8.21
300,5.0,9.667,23.361,-0.014,0.5354,0.09,-2.31,-0.35,9.581,0.0,0.0,-0.0,0.0,0.0,0.0,9.64,8.58,9.71,10.4
301,5.0167,9.697,23.38,-0.015,0.5358,0.13,-2.39,-0.52,9.033,0.0,0.0,-0.0,0.0,0.0,0.0,9.59,7.14,9.7,9.71
302,5.0333,9.728,23.4,-0.016,0.5352,0.27,-2.28,-0.55,8.988,0.0,0.0,-0.0,0.0,0.0,0.0,9.58,9.58,9.57,7.23
303,5.05,9.758,23.421,-0.017,0.534,0.19,-2.06,-0.63,9.401,0.0,0.0,-0.0,0.0,0.0,0.0,9.68,9.69,9.68,8.55
304,5.0667,9.789,23.443,-0.017,0.5317,0.16,-1.86,-0.6,8.907,0.0,0.0,-0.0,0.0,0.0,0.0,9.61,8.26,8.05,9.7
305,5.0833,9.819,23.465,-0.017,0.5322,0.15,-1.82,-0.55,9.746,0.0,0.0,-0.0,0.0,0.0,0.0,9.8,11.3,8.22,9.65
306,5.1,9.85,23.487,-0.015,0.5321,0.05,-1.89,-0.45,8.931,0.0,0.0,-0.0,0.0,0.0,0.0,9.74,6.51,9.73,9.74
307,5.1167,9.881,23.51,-0.014,0.5315,0.08,-1.76,-0.28,9.218,0.0,0.0,-0.0,0.0,0.0,0.0,5.66,9.99,11.34,9.89
308,5.1333,9.911,23.533,-0.016,0.5325,0.17,-1.86,-0.38,10.032,0.0,0.0,-0.0,0.0,0.0,0.0,10.22,9.99,9.97,9.94
309,5.15,9.942,23.556,-0.016,0.5334,0.3,-1.91,-0.28,9.661,0.0,0.0,-0.0,0.0,0.0,0.0,9.96,9.95,9.96,8.78
310,5.1667,9.972,23.578,-0.016,0.5329,0.27,-1.79,-0.29,9.545,0.0,0.0,-0.0,0.0,0.0,0.0,9.97,9.97,9.97,8.27
311,5.1833,10.003,23.602,-0.016,0.5317,0.11,-1.88,-0.26,9.603,0.0,0.0,-0.0,0.0,0.0,0.0,9.11,10.8,8.62,9.87
312,5.2,10.033,23.623,-0.015,0.5335,0.04,-1.8,-0.35,10.004,0.0,0.0,-0.0,0.0,0.0,0.0,10.0,10.0,10.0,10.0
313,5.2167,10.064,23.645,-0.014,0.5328,0.02,-1.89,-0.46,10.194,0.0,0.0,-0.0,0.0,0.0,0.0,10.57,10.07,10.07,10.07
314,5.2333,10.094,23.667,-0.014,0.532,0.18,-1.83,-0.36,9.444,0.0,0.0,-0.0,0.0,0.0,0.0,10.02,7.96,10.06,9.74
315,5.25,10.125,23.689,-0.016,0.535,0.39,-1.49,-0.34,9.334,0.0,0.0,-0.0,0.0,0.0,0.0,10.04,8.8,9.0,9.5
316,5.2667,10.156,23.711,-0.016,0.541,0.42,-1.4,-0.32,10.127,0.0,0.0,-0.0,0.0,0.0,0.0,10.12,10.12,10.13,10.13
317,5.2833,10.186,23.732,-0.017,0.5443,0.41,-1.45,-0.32,9.696,0.0,0.0,-0.0,0.0,0.0,0.0,10.29,10.3,10.28,7.91
318,5.3,10.217,23.754,-0.017,0.5454,0.37,-1.64,-0.32,8.926,0.0,0.0,-0.0,0.0,0.0,0.0,10.11,10.11,10.11,5.38
319,5.3167,10.247,23.776,-0.017,0.5449,0.27,-1.74,-0.37,9.837,0.0,0.0,-0.0,0.0,0.0,0.0,10.26,11.56,10.11,7.42
320,5.3333,10.278,23.799,-0.016,0.5437,-0.02,-1.58,-0.57,8.369,0.0,0.0,-0.0,0.0,0.0,0.0,10.09,3.11,10.15,10.13
321,5.35,10.308,23.821,-0.018,0.545,0.22,-1.73,-0.53,10.346,0.0,0.0,-0.0,0.0,0.0,0.0,11.46,9.46,10.25,10.22
322,5.3667,10.339,23.843,-0.02,0.547,0.37,-1.76,-0.6,9.167,0.0,0.0,-0.0,0.0,0.0,0.0,10.2,10.38,6.06,10.03
323,5.3833,10.369,23.866,-0.019,0.5492,0.37,-1.99,-0.49,10.337,0.0,0.0,-0.0,0.0,0.0,0.0,10.34,10.34,10.33,10.34
324,5.4,10.4,23.888,-0.018,0.5493,0.23,-2.2,-0.45,9.963,0.0,0.0,-0.0,0.0,0.0,0.0,10.58,10.58,10.57,8.13
325,5.4167,10.431,23.91,-0.017,0.5482,-0.1,-2.2,-0.53,9.742,0.0,0.0,-0.0,0.0,0.0,0.0,10.41,7.84,10.35,10.36
326,5.4333,10.461,23.933,-0.017,0.5471,-0.14,-1.89,-0.5,9.441,0.0,0.0,-0.0,0.0,0.0,0.0,7.46,9.25,10.53,10.52
327,5.45,10.492,23.957,-0.019,0.5472,0.09,-1.96,-0.5,10.379,0.0,0.0,-0.0,0.0,0.0,0.0,10.19,10.38,10.47,10.47
328,5.4667,10.522,23.98,-0.02,0.5466,0.17,-1.92,-0.59,10.015,0.0,0.0,-0.0,0.0,0.0,0.0,10.52,10.52,10.53,8.49
329,5.4833,10.553,24.005,-0.021,0.5471,0.22,-1.86,-0.57,10.018,0.0,0.0,-0.0,0.0,0.0,0.0,10.13,10.53,9.23,10.18
330,5.5,10.583,24.029,-0.021,0.5489,0.17,-2.04,-0.49,10.552,0.0,0.0,-0.0,0.0,0.0,0.0,10.55,10.55,10.55,10.55
331,5.5167,10.614,24.052,-0.021,0.5488,0.22,-2.16,-0.37,10.81,0.0,0.0,-0.0,0.0,0.0,0.0,10.71,12.26,10.55,9.72
332,5.5333,10.644,24.076,-0.02,0.5473,-0.01,-2.07,-0.52,10.771,0.0,0.0,-0.0,0.0,0.0,0.0,10.51,11.4,10.6,10.57
333,5.55,10.675,24.1,-0.021,0.5467,0.1,-1.84,-0.49,10.405,0.0,0.0,-0.0,0.0,0.0,0.0,10.61,9.73,10.64,10.64
334,5.5667,10.706,24.124,-0.022,0.5479,0.3,-1.92,-0.46,10.745,0.0,0.0,-0.0,0.0,0.0,0.0,10.68,10.68,11.04,10.59
335,5.5833,10.736,24.148,-0.022,0.5486,0.28,-2.25,-0.38,10.854,0.0,0.0,-0.0,0.0,0.0,0.0,10.48,9.99,10.48,12.47
336,5.6,10.767,24.172,-0.022,0.5487,0.17,-2.19,-0.39,-0.352,0.0,0.0,-0.0,0.0,0.0,0.0,9.75,-10.39,9.89,-10.65
337,5.6167,10.797,24.195,-0.023,0.5512,0.32,-1.4,-0.24,15.398,0.0,0.0,-0.0,0.0,0.0,0.0,10.86,10.78,12.63,27.33
338,5.6333,10.828,24.219,-0.022,0.5535,0.35,-1.07,-0.28,11.308,0.0,0.0,-0.0,0.0,0.0,0.0,11.16,11.16,10.72,12.19
339,5.65,10.858,24.243,-0.019,0.5557,0.21,-1.26,-0.36,8.704,0.0,0.0,-0.0,0.0,0.0,0.0,10.54,3.14,10.55,10.58
340,5.6667,10.889,24.268,-0.018,0.5566,0.12,-1.27,-0.22,10.299,0.0,0.0,-0.0,0.0,0.0,0.0,10.83,8.54,10.91,10.92
341,5.6833,10.919,24.293,-0.017,0.5561,0.18,-1.22,-0.03,10.653,0.0,0.0,-0.0,0.0,0.0,0.0,10.85,10.86,10.82,10.09
342,5.7,10.95,24.316,-0.017,0.5591,0.07,-1.48,-0.03,10.813,0.0,0.0,-0.0,0.0,0.0,0.0,11.3,9.79,11.15,11.01
343,5.7167,10.981,24.339,-0.016,0.5639,0.05,-2.04,0.02,10.932,0.0,0.0,-0.0,0.0,0.0,0.0,10.94,10.93,10.92,10.94
344,5.7333,11.011,24.361,-0.015,0.5661,0.05,-2.64,0.1,10.482,0.0,0.0,-0.0,0.0,0.0,0.0,10.41,9.68,10.93,10.9
345,5.75,11.042,24.383,-0.016,0.5681,0.3,-2.74,0.35,10.281,0.0,0.0,-0.0,0.0,0.0,0.0,10.8,10.8,10.82,8.7
346,5.7667,11.072,24.405,-0.013,0.5696,0.69,-2.57,0.16,11.008,0.0,0.0,-0.0,0.0,0.0,0.0,11.03,11.0,11.0,11.01
347,5.7833,11.103,24.427,-0.012,0.569,0.62,-2.51,0.16,10.737,0.0,0.0,-0.0,0.0,0.0,0.0,11.12,11.1,11.13,9.59
348,5.8,11.133,24.45,-0.011,0.5664,0.2,-2.58,0.33,11.088,0.0,0.0,-0.0,0.0,0.0,0.0,11.08,11.08,11.11,11.08
349,5.8167,11.164,24.473,-0.01,0.5637,0.26,-2.33,0.44,9.727,0.0,0.0,-0.0,0.0,0.0,0.0,11.0,8.19,10.99,8.72
350,5.8333,11.194,24.497,-0.009,0.561,0.02,-2.01,0.43,8.505,0.0,0.0,-0.0,0.0,0.0,0.0,11.06,4.5,11.16,7.3
351,5.85,11.225,24.522,-0.011,0.5618,0.21,-1.97,0.43,10.089,0.0,0.0,-0.0,0.0,0.0,0.0,11.05,10.68,7.61,11.02
352,5.8667,11.256,24.548,-0.011,0.5627,0.26,-1.98,0.38,10.973,0.0,0.0,-0.0,0.0,0.0,0.0,11.25,11.25,10.76,10.64
353,5.8833,11.286,24.574,-0.01,0.5627,0.15,-2.08,0.32,10.782,0.0,0.0,-0.0,0.0,0.0,0.0,10.83,10.36,10.97,10.98
354,5.9,11.317,24.6,-0.01,0.5615,0.07,-1.98,0.43,9.918,0.0,0.0,-0.0,0.0,0.0,0.0,11.53,14.44,7.4,6.3
355,5.9167,11.347,24.626,-0.01,0.563,0.05,-2.0,0.45,10.943,0.0,0.0,-0.0,0.0,0.0,0.0,10.44,10.73,11.3,11.3
356,5.9333,11.378,24.652,-0.011,0.5634,0.12,-2.17,0.51,10.352,0.0,0.0,-0.0,0.0,0.0,0.0,10.91,10.91,10.92,8.67
357,5.95,11.408,24.678,-0.011,0.5632,0.01,-2.02,0.29,4.822,0.0,0.0,-0.0,0.0,0.0,0.0,-0.9,12.69,11.12,-3.62
358,5.9667,11.439,24.703,-0.009,0.568,-0.08,-1.37,0.32,10.485,0.0,0.0,-0.0,0.0,0.0,0.0,9.2,9.94,11.41,11.39
359,5.9833,11.469,24.729,-0.009,0.5717,-0.19,-1.07,0.27,13.01,0.0,0.0,-0.0,0.0,0.0,0.0,11.57,17.52,11.46,11.49
360,6.0,11.5,24.755,-0.009,0.5728,-0.29,-1.0,0.24,10.198,0.0,0.0,-0.0,0.0,0.0,0.0,13.07,4.78,11.47,11.47
361,6.0167,11.531,24.781,-0.009,0.5717,-0.29,-1.13,0.24,10.753,0.0,0.0,-0.0,0.0,0.0,0.0,10.92,9.73,11.18,11.18
362,6.0333,11.561,24.806,-0.012,0.573,0.27,-1.56,0.21,11.849,0.0,0.0,-0.0,0.0,0.0,0.0,13.67,10.85,11.44,11.44
363,6.05,11.592,24.829,-0.014,0.5783,0.53,-1.94,0.16,10.996,0.0,0.0,-0.0,0.0,0.0,0.0,11.35,11.49,10.82,10.33
364,6.0667,11.622,24.852,-0.015,0.5816,0.68,-2.38,0.08,11.174,0.0,0.0,-0.0,0.0,0.0,0.0,11.72,11.73,11.74,9.51
365,6.0833,11.653,24.876,-0.015,0.5845,0.6,-2.63,-0.09,11.243,0.0,0.0,-0.0,0.0,0.0,0.0,11.63,11.64,11.65,10.05
366,6.1,11.683,24.901,-0.015,0.5853,0.46,-3.05,-0.21,11.651,0.0,0.0,-0.0,0.0,0.0,0.0,11.64,11.65,11.66,11.65
367,6.1167,11.714,24.926,-0.014,0.5851,0.04,-3.21,-0.44,9.959,0.0,0.0,-0.0,0.0,0.0,0.0,11.6,6.66,11.64,9.93
368,6.1333,11.744,24.951,-0.014,0.5856,-0.01,-2.97,-0.43,11.102,0.0,0.0,-0.0,0.0,0.0,0.0,11.71,9.2,11.74,11.76
369,6.15,11.775,24.977,-0.015,0.5843,0.05,-2.82,-0.35,11.746,0.0,0.0,-0.0,0.0,0.0,0.0,11.74,11.74,11.75,11.75
370,6.1667,11.806,25.003,-0.015,0.5813,0.24,-2.66,-0.22,11.064,0.0,0.0,-0.0,0.0,0.0,0.0,11.83,8.79,11.81,11.82
371,6.1833,11.836,25.03,-0.016,0.5787,0.32,-2.15,-0.2,11.102,0.0,0.0,-0.0,0.0,0.0,0.0,11.74,11.72,11.74,9.22
372,6.2,11.867,25.057,-0.015,0.5779,0.18,-2.08,-0.18,11.279,0.0,0.0,-0.0,0.0,0.0,0.0,10.44,11.43,11.43,11.81
373,6.2167,11.897,25.084,-0.013,0.5805,0.03,-2.24,-0.14,11.867,0.0,0.0,-0.0,0.0,0.0,0.0,11.86,11.87,11.87,11.87
374,6.2333,11.928,25.111,-0.012,0.5812,-0.01,-2.37,-0.01,11.335,0.0,0.0,-0.0,0.0,0.0,0.0,11.98,9.48,11.93,11.94
375,6.25,11.958,25.138,-0.012,0.5804,0.1,-2.44,0.18,11.333,0.0,0.0,-0.0,0.0,0.0,0.0,11.47,11.49,11.5,10.87
376,6.2667,11.989,25.164,-0.011,0.5788,0.02,-2.2,0.23,11.187,0.0,0.0,-0.0,0.0,0.0,0.0,11.81,9.08,11.93,11.93
377,6.2833,12.019,25.191,-0.012,0.581,0.23,-1.51,0.25,11.218,0.0,0.0,-0.0,0.0,0.0,0.0,12.68,10.05,10.32,11.82
378,6.3,12.05,25.218,-0.013,0.5849,0.33,-1.22,0.26,11.763,0.0,0.0,-0.0,0.0,0.0,0.0,12.08,12.03,11.05,11.89
379,6.3167,12.081,25.246,-0.013,0.5888,0.26,-1.31,0.23,12.047,0.0,0.0,-0.0,0.0,0.0,0.0,12.05,12.04,12.05,12.05
380,6.3333,12.111,25.273,-0.013,0.5899,0.24,-1.56,0.18,11.701,0.0,0.0,-0.0,0.0,0.0,0.0,11.85,11.82,11.85,11.28
381,6.35,12.142,25.301,-0.012,0.59,0.18,-1.59,0.12,11.827,0.0,0.0,-0.0,0.0,0.0,0.0,12.16,12.71,12.14,10.29
382,6.3667,12.172,25.328,-0.012,0.5924,0.16,-1.99,0.14,11.22,0.0,0.0,-0.0,0.0,0.0,0.0,10.92,12.67,9.07,12.22
383,6.3833,12.203,25.352,-0.013,0.598,0.21,-2.18,-0.13,12.171,0.0,0.0,-0.0,0.0,0.0,0.0,12.17,12.16,12.18,12.17
384,6.4,12.233,25.377,-0.014,0.601,0.26,-2.55,-0.42,12.198,0.0,0.0,-0.0,0.0,0.0,0.0,12.2,12.19,12.21,12.2
385,6.4167,12.264,25.401,-0.015,0.6013,0.24,-3.03,-0.68,12.457,0.0,0.0,-0.0,0.0,0.0,0.0,12.33,12.34,12.34,12.82
386,6.4333,12.294,25.426,-0.017,0.6011,0.27,-3.16,-0.81,11.548,0.0,0.0,-0.0,0.0,0.0,0.0,12.51,8.82,12.45,12.41
387,6.45,12.325,25.451,-0.018,0.6006,0.31,-3.02,-0.91,11.445,0.0,0.0,-0.0,0.0,0.0,0.0,12.33,12.31,12.33,8.82
388,6.4667,12.356,25.476,-0.019,0.599,0.17,-2.83,-1.1,11.449,0.0,0.0,-0.0,0.0,0.0,0.0,12.08,9.23,12.26,12.23
389,6.4833,12.386,25.502,-0.021,0.597,0.18,-2.54,-1.22,6.369,0.0,0.0,-0.0,0.0,0.0,0.0,12.37,-1.44,12.37,2.17
390,6.5,12.417,25.53,-0.023,0.5947,0.2,-2.25,-1.3,11.97,0.0,0.0,-0.0,0.0,0.0,0.0,12.68,9.82,12.69,12.69
391,6.5167,12.447,25.558,-0.024,0.5945,0.21,-2.14,-1.24,11.954,0.0,0.0,-0.0,0.0,0.0,0.0,12.29,12.39,11.33,11.8
392,6.5333,12.478,25.586,-0.022,0.5958,-0.13,-2.24,-1.13,11.308,0.0,0.0,-0.0,0.0,0.0,0.0,12.09,8.51,12.32,12.32
393,6.55,12.508,25.614,-0.021,0.5964,-0.25,-2.12,-0.92,11.517,0.0,0.0,-0.0,0.0,0.0,0.0,8.32,12.62,12.56,12.57
394,6.5667,12.539,25.642,-0.023,0.5975,-0.35,-2.29,-0.94,12.088,0.0,0.0,-0.0,0.0,0.0,0.0,12.13,12.02,12.11,12.1
395,6.5833,12.569,25.67,-0.025,0.5982,0.09,-2.05,-0.86,11.448,0.0,0.0,-0.0,0.0,0.0,0.0,12.27,8.58,12.48,12.45
396,6.6,12.6,25.698,-0.028,0.6001,0.4,-1.6,-0.73,11.411,0.0,0.0,-0.0,0.0,0.0,0.0,12.9,12.92,7.97,11.86
397,6.6167,12.631,25.726,-0.028,0.6055,0.55,-1.25,-0.56,12.559,0.0,0.0,-0.0,0.0,0.0,0.0,12.56,12.53,12.57,12.58
398,6.6333,12.661,25.754,-0.028,0.6082,0.66,-1.12,-0.37,12.626,0.0,0.0,-0.0,0.0,0.0,0.0,12.63,12.61,12.64,12.63
399,6.65,12.692,25.782,-0.028,0.6083,0.76,-1.16,-0.15,12.66,0.0,0.0,-0.0,0.0,0.0,0.0,12.66,12.65,12.67,12.66
400,6.6667,12.722,25.808,-0.027,0.6091,0.28,-1.92,0.06,13.288,0.0,0.0,-0.0,0.0,0.0,0.0,12.62,12.6,15.26,12.67
401,6.6833,12.753,25.831,-0.024,0.6122,0.13,-2.41,0.33,11.765,0.0,0.0,-0.0,0.0,0.0,0.0,12.73,9.82,12.68,11.83
402,6.7,12.783,25.856,-0.021,0.6146,0.03,-2.8,0.59,11.584,0.0,0.0,-0.0,0.0,0.0,0.0,12.6,8.63,12.55,12.55
403,6.7167,12.814,25.881,-0.019,0.6167,0.13,-3.02,0.89,13.094,0.0,0.0,-0.0,0.0,0.0,0.0,12.65,16.29,12.57,10.86
404,6.7333,12.844,25.907,-0.017,0.6181,0.21,-3.15,1.08,11.345,0.0,0.0,-0.0,0.0,0.0,0.0,12.72,9.67,12.71,10.27
405,6.75,12.875,25.933,-0.015,0.6183,0.15,-3.2,1.24,11.717,0.0,0.0,-0.0,0.0,0.0,0.0,12.73,10.23,12.83,11.07
406,6.7667,12.906,25.961,-0.013,0.618,0.18,-3.2,1.4,11.73,0.0,0.0,-0.0,0.0,0.0,0.0,12.83,8.26,12.93,12.9
407,6.7833,12.936,25.988,-0.011,0.617,0.16,-3.05,1.51,12.014,0.0,0.0,-0.0,0.0,0.0,0.0,12.86,10.63,13.04,11.52
408,6.8,12.967,26.017,-0.01,0.6156,0.29,-2.85,1.69,11.231,0.0,0.0,-0.0,0.0,0.0,0.0,12.48,12.45,12.52,7.48
409,6.8167,12.997,26.046,-0.007,0.6138,0.32,-2.43,1.57,16.587,0.0,0.0,-0.0,0.0,0.0,0.0,13.41,13.37,13.39,26.17
410,6.8333,13.028,26.074,-0.005,0.6108,0.13,-2.35,1.55,12.112,0.0,0.0,-0.0,0.0,0.0,0.0,9.84,13.48,12.43,12.7
411,6.85,13.058,26.102,-0.005,0.6154,0.2,-2.19,1.56,13.024,0.0,0.0,-0.0,0.0,0.0,0.0,13.03,13.02,13.03,13.02
412,6.8667,13.089,26.13,-0.004,0.6175,0.3,-2.23,1.55,13.057,0.0,0.0,-0.0,0.0,0.0,0.0,13.06,13.05,13.06,13.05
413,6.8833,13.119,26.158,-0.004,0.6169,0.44,-2.46,1.51,13.088,0.0,0.0,-0.0,0.0,0.0,0.0,13.09,13.08,13.09,13.09
414,6.9,13.15,26.185,-0.003,0.6166,-0.01,-2.04,1.11,12.013,0.0,0.0,-0.0,0.0,0.0,0.0,13.12,13.11,13.13,8.69
415,6.9167,13.181,26.211,-0.003,0.618,0.02,-1.41,0.99,12.048,0.0,0.0,-0.0,0.0,0.0,0.0,10.09,11.71,13.22,13.17
416,6.9333,13.211,26.238,-0.005,0.6217,0.24,-1.3,0.82,13.618,0.0,0.0,-0.0,0.0,0.0,0.0,13.17,13.16,13.18,14.97
417,6.95,13.242,26.265,-0.007,0.6229,0.42,-1.4,0.66,13.203,0.0,0.0,-0.0,0.0,0.0,0.0,13.21,13.21,13.21,13.18
418,6.9667,13.272,26.292,-0.009,0.6227,0.39,-1.44,0.35,12.333,0.0,0.0,-0.0,0.0,0.0,0.0,13.3,13.3,13.3,9.44
419,6.9833,13.303,26.318,-0.006,0.6271,0.05,-2.09,0.31,11.351,0.0,0.0,-0.0,0.0,0.0,0.0,9.5,12.04,10.7,13.17
420,7.0,13.333,26.342,-0.006,0.6337,-0.21,-2.26,0.41,13.299,0.0,0.0,-0.0,0.0,0.0,0.0,13.3,13.3,13.3,13.3
421,7.0167,13.364,26.367,-0.005,0.6377,-0.5,-2.61,0.5,13.332,0.0,0.0,-0.0,0.0,0.0,0.0,13.33,13.33,13.33,13.33
422,7.0333,13.394,26.391,-0.004,0.6395,-0.59,-3.05,0.49,12.391,0.0,0.0,-0.0,0.0,0.0,0.0,13.01,10.07,13.26,13.22
423,7.05,13.425,26.416,-0.004,0.6401,-0.54,-3.39,0.61,13.394,0.0,0.0,-0.0,0.0,0.0,0.0,13.39,13.39,13.39,13.39
424,7.0667,13.456,26.441,-0.005,0.64,-0.18,-3.57,0.79,12.664,0.0,0.0,-0.0,0.0,0.0,0.0,13.42,10.37,13.44,13.43
425,7.0833,13.486,26.467,-0.006,0.6382,0.22,-3.84,0.97,10.929,0.0,0.0,-0.0,0.0,0.0,0.0,13.45,3.47,13.41,13.38
426,7.1,13.517,26.494,-0.006,0.6377,0.23,-3.6,0.87,11.958,0.0,0.0,-0.0,0.0,0.0,0.0,13.37,10.84,13.48,10.14
427,7.1167,13.547,26.522,-0.006,0.6361,0.18,-3.43,0.77,12.7,0.0,0.0,-0.0,0.0,0.0,0.0,13.54,13.53,13.55,10.17
428,7.1333,13.578,26.55,-0.006,0.6346,0.18,-3.1,0.74,12.008,0.0,0.0,-0.0,0.0,0.0,0.0,13.47,10.97,13.53,10.06
429,7.15,13.608,26.58,-0.005,0.6322,0.27,-2.86,0.77,12.878,0.0,0.0,-0.0,0.0,0.0,0.0,13.56,10.68,13.61,13.66
430,7.1667,13.639,26.611,-0.004,0.6296,0.2,-2.43,0.72,12.412,0.0,0.0,-0.0,0.0,0.0,0.0,13.68,10.97,13.67,11.33
431,7.1833,13.669,26.643,-0.004,0.6281,0.14,-2.25,0.69,12.539,0.0,0.0,-0.0,0.0,0.0,0.0,13.42,12.36,9.8,14.58
432,7.2,13.7,26.674,-0.003,0.6316,0.05,-2.09,0.73,5.853,0.0,0.0,-0.0,0.0,0.0,0.0,7.49,12.6,7.51,-4.18
433,7.2167,13.731,26.704,-0.0,0.6383,0.0,-1.59,0.45,13.638,0.0,0.0,-0.0,0.0,0.0,0.0,13.62,13.63,13.62,13.68
434,7.2333,13.761,26.735,0.003,0.6424,-0.01,-1.36,0.24,13.72,0.0,0.0,-0.0,0.0,0.0,0.0,13.69,13.73,13.7,13.76
435,7.25,13.792,26.765,0.006,0.6438,0.03,-1.34,0.04,13.76,0.0,0.0,-0.0,0.0,0.0,0.0,13.76,13.76,13.76,13.77
436,7.2667,13.822,26.796,0.01,0.6426,0.12,-1.51,-0.14,13.791,0.0,0.0,-0.0,0.0,0.0,0.0,13.79,13.79,13.79,13.79
437,7.2833,13.853,26.824,0.01,0.6461,0.14,-2.24,-0.12,13.624,0.0,0.0,-0.0,0.0,0.0,0.0,15.11,13.45,14.05,11.88
438,7.3,13.883,26.85,0.009,0.6518,0.18,-2.99,-0.24,11.901,0.0,0.0,-0.0,0.0,0.0,0.0,13.58,10.27,13.6,10.16
439,7.3167,13.914,26.877,0.009,0.6559,0.19,-3.62,-0.27,12.909,0.0,0.0,-0.0,0.0,0.0,0.0,13.68,11.33,13.77,12.86
440,7.3333,13.944,26.904,0.008,0.6591,0.24,-4.04,-0.34,13.164,0.0,0.0,-0.0,0.0,0.0,0.0,13.73,13.69,13.75,11.48
441,7.35,13.975,26.93,0.009,0.6626,0.09,-4.0,-0.75,13.922,0.0,0.0,-0.0,0.0,0.0,0.0,13.92,13.91,13.95,13.9
442,7.3667,14.006,26.957,0.01,0.6635,-0.03,-4.17,-1.15,13.966,0.0,0.0,-0.0,0.0,0.0,0.0,13.97,13.95,13.99,13.95
443,7.3833,14.036,26.984,0.011,0.6617,-0.13,-4.51,-1.54,13.992,0.0,0.0,-0.0,0.0,0.0,0.0,14.0,13.97,14.02,13.98
444,7.4,14.067,27.01,0.01,0.6612,-0.08,-4.18,-1.51,12.994,0.0,0.0,-0.0,0.0,0.0,0.0,14.03,9.91,14.04,14.0
445,7.4167,14.097,27.037,0.009,0.6585,0.01,-4.02,-1.5,14.059,0.0,0.0,-0.0,0.0,0.0,0.0,14.07,14.03,14.07,14.07
446,7.4333,14.128,27.065,0.007,0.6559,0.21,-3.66,-1.44,13.072,0.0,0.0,-0.0,0.0,0.0,0.0,14.08,10.26,14.08,13.87
447,7.45,14.158,27.094,0.005,0.6529,0.17,-3.28,-1.48,10.444,0.0,0.0,-0.0,0.0,0.0,0.0,13.77,4.54,13.28,10.19
448,7.4667,14.189,27.123,0.004,0.6506,0.29,-2.7,-1.58,14.44,0.0,0.0,-0.0,0.0,0.0,0.0,14.04,13.99,14.0,15.73
449,7.4833,14.219,27.153,0.003,0.6485,0.13,-2.52,-1.48,13.285,0.0,0.0,-0.0,0.0,0.0,0.0,14.0,11.69,11.79,15.66
450,7.5,14.25,27.182,0.004,0.6538,0.27,-1.85,-1.17,11.114,0.0,0.0,-0.0,0.0,0.0,0.0,5.54,10.69,14.11,14.13
451,7.5167,14.281,27.211,0.003,0.658,0.32,-1.52,-0.98,14.709,0.0,0.0,-0.0,0.0,0.0,0.0,14.12,14.24,16.32,14.15
452,7.5333,14.311,27.241,0.002,0.6595,0.25,-1.46,-0.79,12.418,0.0,0.0,-0.0,0.0,0.0,0.0,14.12,14.13,14.12,7.31
453,7.55,14.342,27.271,0.002,0.6592,0.23,-1.43,-0.73,13.11,0.0,0.0,-0.0,0.0,0.0,0.0,14.32,18.49,14.34,5.29
454,7.5667,14.372,27.299,0.001,0.6639,0.26,-2.1,-0.68,12.399,0.0,0.0,-0.0,0.0,0.0,0.0,12.35,14.32,11.37,11.56
455,7.5833,14.403,27.323,0.003,0.6741,0.28,-2.69,-0.72,14.364,0.0,0.0,-0.0,0.0,0.0,0.0,14.35,14.36,14.38,14.36
456,7.6,14.433,27.347,0.004,0.6817,0.28,-3.4,-0.72,14.377,0.0,0.0,-0.0,0.0,0.0,0.0,14.37,14.36,14.4,14.38
457,7.6167,14.464,27.371,0.005,0.6865,0.26,-4.2,-0.7,14.394,0.0,0.0,-0.0,0.0,0.0,0.0,14.39,14.37,14.41,14.4
458,7.6333,14.494,27.396,0.007,0.6886,0.25,-5.05,-0.65,14.414,0.0,0.0,-0.0,0.0,0.0,0.0,14.41,14.4,14.43,14.42
459,7.65,14.525,27.42,0.007,0.6886,0.24,-5.84,-0.5,13.736,0.0,0.0,-0.0,0.0,0.0,0.0,14.68,10.83,14.75,14.69
460,7.6667,14.556,27.446,0.008,0.6913,0.17,-5.93,-0.45,13.858,0.0,0.0,-0.0,0.0,0.0,0.0,14.41,10.44,14.57,16.02
461,7.6833,14.586,27.472,0.007,0.6927,0.29,-6.03,-0.17,11.588,0.0,0.0,-0.0,0.0,0.0,0.0,14.36,14.32,14.37,3.31
462,7.7,14.617,27.498,0.007,0.6933,0.33,-6.06,-0.03,13.93,0.0,0.0,-0.0,0.0,0.0,0.0,14.66,14.66,14.65,11.75
463,7.7167,14.647,27.526,0.009,0.6928,0.28,-6.09,0.02,11.834,0.0,0.0,-0.0,0.0,0.0,0.0,14.29,7.68,14.29,11.07
464,7.7333,14.678,27.554,0.01,0.6927,0.12,-5.93,-0.07,11.602,0.0,0.0,-0.0,0.0,0.0,0.0,14.54,2.76,14.56,14.56
465,7.75,14.708,27.582,0.011,0.6914,0.02,-5.8,-0.08,14.05,0.0,0.0,-0.0,0.0,0.0,0.0,14.81,10.78,14.82,15.8
466,7.7667,14.739,27.611,0.011,0.6895,0.32,-5.59,-0.12,14.695,0.0,0.0,-0.0,0.0,0.0,0.0,14.69,14.69,14.71,14.69
467,7.7833,14.769,27.64,0.011,0.687,0.18,-5.25,-0.19,11.575,0.0,0.0,-0.0,0.0,0.0,0.0,14.79,6.26,14.64,10.6
468,7.8,14.8,27.67,0.011,0.6875,0.06,-4.15,-0.31,11.888,0.0,0.0,-0.0,0.0,0.0,0.0,14.76,9.31,14.79,8.7
469,7.8167,14.831,27.7,0.011,0.6871,0.07,-3.27,-0.37,14.665,0.0,0.0,-0.0,0.0,0.0,0.0,14.65,14.64,14.7,14.67
470,7.8333,14.861,27.73,0.011,0.6855,-0.01,-2.61,-0.44,12.787,0.0,0.0,-0.0,0.0,0.0,0.0,14.71,10.82,14.77,10.85
471,7.85,14.892,27.761,0.01,0.6838,0.12,-2.08,-0.43,13.036,0.0,0.0,-0.0,0.0,0.0,0.0,14.83,11.6,14.81,10.91
472,7.8667,14.922,27.794,0.009,0.6811,0.18,-1.7,-0.45,14.845,0.0,0.0,-0.0,0.0,0.0,0.0,14.85,14.83,14.85,14.85
473,7.8833,14.953,27.821,0.01,0.6888,0.02,-2.71,-0.48,13.697,0.0,0.0,-0.0,0.0,0.0,0.0,13.14,12.86,13.91,14.88
474,7.9,14.983,27.848,0.01,0.6946,-0.07,-3.4,-0.5,13.683,0.0,0.0,-0.0,0.0,0.0,0.0,14.71,10.68,14.67,14.66
475,7.9167,15.014,27.876,0.01,0.6992,-0.07,-4.0,-0.45,14.35,0.0,0.0,-0.0,0.0,0.0,0.0,14.95,12.5,14.97,14.98
476,7.9333,15.044,27.904,0.009,0.7022,0.05,-4.52,-0.39,14.146,0.0,0.0,-0.0,0.0,0.0,0.0,15.11,11.26,15.04,15.18
477,7.95,15.075,27.933,0.008,0.7046,0.16,-4.92,-0.34,13.581,0.0,0.0,-0.0,0.0,0.0,0.0,14.54,14.64,14.54,10.61
478,7.9667,15.106,27.962,0.009,0.7067,0.06,-5.01,-0.61,12.493,0.0,0.0,-0.0,0.0,0.0,0.0,14.91,4.95,15.05,15.05
479,7.9833,15.136,27.991,0.009,0.7072,-0.03,-5.13,-0.76,13.612,0.0,0.0,-0.0,0.0,0.0,0.0,14.9,9.96,14.8,14.79
480,8.0,15.167,28.02,0.007,0.7072,0.0,-5.12,-0.8,10.002,0.0,0.0,-0.0,0.0,0.0,0.0,15.31,-5.28,15.01,14.96
481,8.0167,15.197,28.051,0.005,0.7068,0.13,-5.14,-0.82,14.388,0.0,0.0,-0.0,0.0,0.0,0.0,15.06,11.82,15.18,15.49
482,8.0333,15.228,28.082,0.003,0.7064,0.58,-4.88,-0.76,13.212,0.0,0.0,-0.0,0.0,0.0,0.0,14.81,14.87,14.78,8.39
483,8.05,15.258,28.112,0.002,0.7058,0.77,-4.47,-0.93,16.895,0.0,0.0,-0.0,0.0,0.0,0.0,15.32,15.16,15.34,21.76
484,8.0667,15.289,28.144,0.0,0.7035,0.58,-4.21,-0.95,14.227,0.0,0.0,-0.0,0.0,0.0,0.0,15.16,15.2,15.16,11.4
485,8.0833,15.319,28.175,-0.0,0.703,0.66,-3.37,-0.9,7.602,0.0,0.0,-0.0,0.0,0.0,0.0,14.98,8.45,14.85,-7.88
486,8.1,15.35,28.206,-0.0,0.7032,0.34,-2.45,-1.13,3.631,0.0,0.0,-0.0,0.0,0.0,0.0,14.44,-28.84,14.64,14.29
487,8.1167,15.381,28.237,-0.002,0.7051,0.68,-1.32,-1.12,15.144,0.0,0.0,-0.0,0.0,0.0,0.0,15.14,15.09,15.15,15.2
488,8.1333,15.411,28.27,-0.004,0.7061,0.66,-1.18,-0.92,15.026,0.0,0.0,-0.0,0.0,0.0,0.0,15.24,15.21,14.36,15.29
489,8.15,15.442,28.298,-0.003,0.7123,0.24,-2.5,-0.75,16.39,0.0,0.0,-0.0,0.0,0.0,0.0,17.68,15.26,17.3,15.32
490,8.1667,15.472,28.323,-0.001,0.7181,-0.02,-3.75,-0.63,15.291,0.0,0.0,-0.0,0.0,0.0,0.0,15.29,15.27,15.25,15.34
491,8.1833,15.503,28.348,-0.0,0.7234,-0.01,-4.48,-0.41,14.436,0.0,0.0,-0.0,0.0,0.0,0.0,15.44,11.38,15.43,15.5
492,8.2,15.533,28.373,0.001,0.7274,0.16,-5.08,-0.15,19.792,0.0,0.0,-0.0,0.0,0.0,0.0,15.17,36.91,15.16,11.93
493,8.2167,15.564,28.398,0.002,0.7313,0.06,-5.41,-0.17,13.493,0.0,0.0,-0.0,0.0,0.0,0.0,15.55,7.33,15.55,15.55
494,8.2333,15.594,28.424,0.003,0.7335,-0.07,-5.89,-0.11,13.706,0.0,0.0,-0.0,0.0,0.0,0.0,15.55,15.54,15.55,8.19
495,8.25,15.625,28.451,0.003,0.7353,0.07,-6.23,0.0,14.511,0.0,0.0,-0.0,0.0,0.0,0.0,15.58,11.31,15.6,15.56
496,8.2667,15.656,28.478,0.003,0.7369,0.13,-6.46,0.06,10.412,0.0,0.0,-0.0,0.0,0.0,0.0,16.07,-1.69,15.5,11.77
497,8.2833,15.686,28.507,0.003,0.7383,0.12,-6.78,0.02,15.278,0.0,0.0,-0.0,0.0,0.0,0.0,15.57,15.84,15.62,14.08
498,8.3,15.717,28.538,0.002,0.7409,0.2,-6.88,0.09,14.44,0.0,0.0,-0.0,0.0,0.0,0.0,15.8,12.04,15.76,14.16
499,8.3167,15.747,28.569,0.001,0.7429,0.41,-6.85,0.16,14.76,0.0,0.0,-0.0,0.0,0.0,0.0,15.67,15.7,15.66,12.01
500,8.3333,15.778,28.6,0.001,0.7442,0.38,-6.7,0.04,15.739,0.0,0.0,-0.0,0.0,0.0,0.0,15.73,15.73,15.73,15.76
501,8.35,15.808,28.631,0.001,0.7428,0.34,-6.78,-0.09,15.778,0.0,0.0,-0.0,0.0,0.0,0.0,15.77,15.78,15.78,15.78
502,8.3667,15.839,28.66,0.002,0.7437,0.21,-5.82,-0.24,12.397,0.0,0.0,-0.0,0.0,0.0,0.0,15.81,8.83,15.83,9.11
503,8.3833,15.869,28.69,0.001,0.7443,0.1,-4.88,-0.23,9.193,0.0,0.0,-0.0,0.0,0.0,0.0,15.45,-2.17,15.7,7.79
504,8.4,15.9,28.72,0.001,0.7445,0.09,-4.19,-0.24,14.585,0.0,0.0,-0.0,0.0,0.0,0.0,15.65,15.9,16.24,10.55
505,8.4167,15.931,28.751,0.002,0.7426,0.01,-3.81,-0.19,13.589,0.0,0.0,-0.0,0.0,0.0,0.0,15.91,6.66,15.92,15.86
506,8.4333,15.961,28.783,0.001,0.7401,0.12,-3.53,-0.15,11.862,0.0,0.0,-0.0,0.0,0.0,0.0,16.23,7.99,15.71,7.52
507,8.45,15.992,28.815,-0.0,0.7425,0.39,-4.2,-0.1,16.61,0.0,0.0,-0.0,0.0,0.0,0.0,16.97,19.56,15.84,14.06
508,8.4667,16.022,28.847,-0.002,0.7487,0.22,-4.6,-0.31,16.212,0.0,0.0,-0.0,0.0,0.0,0.0,15.76,12.94,15.88,20.27
509,8.4833,16.053,28.879,-0.003,0.7534,0.28,-4.98,-0.54,14.526,0.0,0.0,-0.0,0.0,0.0,0.0,15.86,15.98,15.83,10.44
510,8.5,16.083,28.911,-0.005,0.756,0.02,-5.48,-0.61,16.037,0.0,0.0,-0.0,0.0,0.0,0.0,16.03,16.03,16.04,16.05
511,8.5167,16.114,28.943,-0.007,0.7575,0.16,-5.79,-0.67,13.417,0.0,0.0,-0.0,0.0,0.0,0.0,16.61,12.32,16.46,8.28
512,8.5333,16.144,28.976,-0.009,0.7593,0.39,-5.93,-0.63,15.109,0.0,0.0,-0.0,0.0,0.0,0.0,15.53,15.83,15.52,13.56
513,8.55,16.175,29.008,-0.008,0.7617,0.3,-5.63,-0.97,16.092,0.0,0.0,-0.0,0.0,0.0,0.0,16.07,16.11,16.09,16.09
514,8.5667,16.206,29.04,-0.008,0.7615,0.23,-5.58,-1.26,16.179,0.0,0.0,-0.0,0.0,0.0,0.0,16.17,16.17,16.19,16.19
515,8.5833,16.236,29.073,-0.008,0.7587,0.17,-5.78,-1.54,16.208,0.0,0.0,-0.0,0.0,0.0,0.0,16.21,16.21,16.21,16.21
516,8.6,16.267,29.105,-0.009,0.7554,0.17,-5.74,-1.54,14.835,0.0,0.0,-0.0,0.0,0.0,0.0,16.03,12.11,16.1,15.1
517,8.6167,16.297,29.138,-0.011,0.7545,0.65,-4.95,-1.23,12.898,0.0,0.0,-0.0,0.0,0.0,0.0,16.38,9.03,16.36,9.82
518,8.6333,16.328,29.169,-0.014,0.7555,0.97,-3.56,-1.03,14.53,0.0,0.0,-0.0,0.0,0.0,0.0,16.05,16.65,16.22,9.19
519,8.65,16.358,29.199,-0.013,0.758,0.73,-2.64,-0.89,14.031,0.0,0.0,-0.0,0.0,0.0,0.0,16.0,16.01,12.26,11.85
520,8.6667,16.389,29.229,-0.01,0.7617,0.3,-2.46,-0.8,16.338,0.0,0.0,-0.0,0.0,0.0,0.0,16.3,16.32,16.36,16.38
521,8.6833,16.419,29.252,-0.012,0.7714,0.88,-3.57,-0.58,18.001,0.0,0.0,-0.0,0.0,0.0,0.0,18.17,16.5,16.36,20.97
522,8.7,16.45,29.272,-0.018,0.7828,1.28,-4.78,-0.67,13.919,0.0,0.0,-0.0,0.0,0.0,0.0,16.21,16.22,16.22,7.03
523,8.7167,16.481,29.291,-0.021,0.7933,1.74,-5.69,-1.03,16.35,0.0,0.0,-0.0,0.0,0.0,0.0,16.31,16.33,16.41,16.35
524,8.7333,16.511,29.311,-0.025,0.8015,1.93,-6.61,-1.23,12.713,0.0,0.0,-0.0,0.0,0.0,0.0,16.61,16.8,16.69,0.76
525,8.75,16.542,29.333,-0.028,0.8077,2.07,-7.63,-1.34,16.411,0.0,0.0,-0.0,0.0,0.0,0.0,16.38,16.4,16.43,16.43
526,8.7667,16.572,29.354,-0.029,0.8135,1.98,-8.31,-1.55,14.934,0.0,0.0,-0.0,0.0,0.0,0.0,16.42,16.44,16.47,10.41
527,8.7833,16.603,29.376,-0.031,0.8172,1.82,-9.05,-1.73,14.296,0.0,0.0,-0.0,0.0,0.0,0.0,16.64,16.67,16.67,7.21
528,8.8,16.633,29.399,-0.031,0.8203,1.47,-9.73,-1.86,15.123,0.0,0.0,-0.0,0.0,0.0,0.0,16.51,16.51,16.54,10.94
529,8.8167,16.664,29.422,-0.031,0.8216,1.1,-10.42,-2.0,16.596,0.0,0.0,-0.0,0.0,0.0,0.0,16.58,16.57,16.6,16.63
530,8.8333,16.694,29.446,-0.03,0.8219,0.58,-11.01,-2.13,15.164,0.0,0.0,-0.0,0.0,0.0,0.0,16.59,16.57,16.6,10.89
531,8.85,16.725,29.471,-0.028,0.8223,0.15,-11.36,-2.17,15.457,0.0,0.0,-0.0,0.0,0.0,0.0,16.63,10.08,16.73,18.39
532,8.8667,16.756,29.496,-0.029,0.8225,-0.08,-11.57,-2.09,10.015,0.0,0.0,-0.0,0.0,0.0,0.0,16.66,-2.43,16.65,9.17
533,8.8833,16.786,29.523,-0.031,0.8253,-0.01,-11.64,-1.99,9.708,0.0,0.0,-0.0,0.0,0.0,0.0,16.81,11.92,16.79,-6.68
534,8.9,16.817,29.552,-0.032,0.827,-0.15,-11.95,-1.73,16.782,0.0,0.0,-0.0,0.0,0.0,0.0,16.79,16.78,16.78,16.77
535,8.9167,16.847,29.582,-0.034,0.8282,0.07,-12.24,-1.56,15.002,0.0,0.0,-0.0,0.0,0.0,0.0,16.67,12.76,16.58,14.0
536,8.9333,16.878,29.609,-0.037,0.834,0.75,-10.98,-0.94,14.784,0.0,0.0,-0.0,0.0,0.0,0.0,16.83,8.6,16.85,16.86
537,8.95,16.908,29.637,-0.039,0.8386,1.05,-10.12,-0.7,14.79,0.0,0.0,-0.0,0.0,0.0,0.0,16.55,17.21,16.6,8.8
538,8.9667,16.939,29.665,-0.04,0.8415,1.03,-9.43,-0.62,12.67,0.0,0.0,-0.0,0.0,0.0,0.0,16.59,16.59,16.64,0.86
539,8.9833,16.969,29.693,-0.04,0.8434,0.89,-8.95,-0.59,14.17,0.0,0.0,-0.0,0.0,0.0,0.0,16.85,16.82,16.9,6.11
540,9.0,17.0,29.722,-0.04,0.8439,0.7,-8.73,-0.58,19.715,0.0,0.0,-0.0,0.0,0.0,0.0,16.97,16.85,17.03,28.01
541,9.0167,17.031,29.751,-0.039,0.8419,0.58,-8.78,-0.63,12.829,0.0,0.0,-0.0,0.0,0.0,0.0,17.02,17.05,17.03,0.22
542,9.0333,17.061,29.781,-0.038,0.8402,0.43,-8.67,-0.54,15.178,0.0,0.0,-0.0,0.0,0.0,0.0,17.13,9.31,17.14,17.13
543,9.05,17.092,29.81,-0.038,0.839,0.54,-8.28,-0.3,13.693,0.0,0.0,-0.0,0.0,0.0,0.0,16.99,16.99,17.01,3.78
544,9.0667,17.122,29.841,-0.038,0.8376,0.66,-8.33,-0.35,13.7,0.0,0.0,-0.0,0.0,0.0,0.0,14.28,6.4,17.02,17.1
545,9.0833,17.153,29.873,-0.039,0.8409,0.76,-8.54,-0.38,16.318,0.0,0.0,-0.0,0.0,0.0,0.0,17.09,17.13,17.1,13.95
546,9.1,17.183,29.906,-0.04,0.8433,0.68,-8.71,-0.5,16.008,0.0,0.0,-0.0,0.0,0.0,0.0,17.26,17.29,17.27,12.21
547,9.1167,17.214,29.938,-0.039,0.8445,0.4,-8.84,-0.68,17.172,0.0,0.0,-0.0,0.0,0.0,0.0,17.16,17.17,17.17,17.19
548,9.1333,17.244,29.971,-0.039,0.8441,0.21,-9.02,-0.75,15.995,0.0,0.0,-0.0,0.0,0.0,0.0,17.15,12.32,17.26,17.25
549,9.15,17.275,30.003,-0.041,0.8444,0.41,-8.8,-0.61,17.219,0.0,0.0,-0.0,0.0,0.0,0.0,17.22,17.18,17.23,17.25
550,9.1667,17.306,30.035,-0.042,0.8423,0.65,-8.83,-0.46,4.183,0.0,0.0,-0.0,0.0,0.0,0.0,17.13,-23.17,17.02,5.75
551,9.1833,17.336,30.07,-0.043,0.8421,0.76,-8.66,-0.46,16.318,0.0,0.0,-0.0,0.0,0.0,0.0,17.3,17.29,17.32,13.36
552,9.2,17.367,30.105,-0.044,0.8411,0.61,-8.41,-0.54,16.168,0.0,0.0,-0.0,0.0,0.0,0.0,17.57,17.57,17.6,11.93
553,9.2167,17.397,30.134,-0.048,0.8494,1.45,-6.18,-0.25,14.405,0.0,0.0,-0.0,0.0,0.0,0.0,10.08,12.11,17.46,17.96
554,9.2333,17.428,30.165,-0.053,0.8575,1.77,-5.12,-0.41,16.95,0.0,0.0,-0.0,0.0,0.0,0.0,21.2,17.77,18.01,10.82
555,9.25,17.458,30.195,-0.058,0.8639,1.98,-4.47,-0.57,17.333,0.0,0.0,-0.0,0.0,0.0,0.0,17.36,17.31,17.32,17.34
556,9.2667,17.489,30.226,-0.063,0.8678,2.19,-4.18,-0.72,17.416,0.0,0.0,-0.0,0.0,0.0,0.0,17.43,17.4,17.41,17.43
557,9.2833,17.519,30.236,-0.073,0.8846,4.23,-5.09,0.08,14.61,0.0,0.0,-0.0,0.0,0.0,0.0,15.21,17.47,17.46,8.29
558,9.3,17.55,30.25,-0.085,0.8977,5.14,-5.88,-0.18,17.428,0.0,0.0,-0.0,0.0,0.0,0.0,17.38,17.42,17.48,17.43
559,9.3167,17.581,30.265,-0.097,0.9083,5.91,-6.74,-0.45,13.999,0.0,0.0,-0.0,0.0,0.0,0.0,17.46,17.43,17.53,3.58
560,9.3333,17.611,30.281,-0.106,0.9181,6.69,-7.57,-0.78,19.507,0.0,0.0,-0.0,0.0,0.0,0.0,17.53,17.48,17.6,25.42
561,9.35,17.642,30.297,-0.115,0.9267,7.37,-8.28,-1.23,15.175,0.0,0.0,-0.0,0.0,0.0,0.0,17.6,17.65,17.7,7.75
562,9.3667,17.672,30.314,-0.123,0.9334,7.82,-9.0,-1.64,15.028,0.0,0.0,-0.0,0.0,0.0,0.0,17.65,17.6,17.67,7.19
563,9.3833,17.703,30.332,-0.129,0.9405,8.17,-9.61,-2.09,15.338,0.0,0.0,-0.0,0.0,0.0,0.0,17.63,17.64,17.7,8.38
564,9.4,17.733,30.35,-0.135,0.9454,8.38,-10.29,-2.52,17.698,0.0,0.0,-0.0,0.0,0.0,0.0,17.7,17.7,17.72,17.67
565,9.4167,17.764,30.37,-0.14,0.9502,8.4,-10.81,-2.96,15.495,0.0,0.0,-0.0,0.0,0.0,0.0,17.71,17.74,17.74,8.79
566,9.4333,17.794,30.389,-0.144,0.9525,8.36,-11.48,-3.34,17.757,0.0,0.0,-0.0,0.0,0.0,0.0,17.75,17.76,17.74,17.77
567,9.45,17.825,30.409,-0.147,0.9553,8.11,-11.87,-3.77,15.533,0.0,0.0,-0.0,0.0,0.0,0.0,17.75,17.77,17.74,8.87
568,9.4667,17.856,30.43,-0.15,0.9555,7.86,-12.49,-4.11,17.791,0.0,0.0,-0.0,0.0,0.0,0.0,17.78,17.79,17.76,17.84
569,9.4833,17.886,30.451,-0.152,0.9565,7.38,-12.82,-4.46,15.627,0.0,0.0,-0.0,0.0,0.0,0.0,17.77,17.78,17.76,9.2
570,9.5,17.917,30.473,-0.153,0.9545,7.0,-13.44,-4.73,17.835,0.0,0.0,-0.0,0.0,0.0,0.0,17.81,17.81,17.82,17.9
571,9.5167,17.947,30.495,-0.153,0.9541,6.24,-13.63,-5.0,16.154,0.0,0.0,-0.0,0.0,0.0,0.0,17.85,17.79,17.85,11.13
572,9.5333,17.978,30.519,-0.152,0.9523,5.49,-13.89,-5.26,15.39,0.0,0.0,-0.0,0.0,0.0,0.0,17.85,17.82,17.85,8.04
573,9.55,18.008,30.542,-0.151,0.9493,4.56,-14.23,-5.37,17.423,0.0,0.0,-0.0,0.0,0.0,0.0,17.94,17.95,17.98,15.82
574,9.5667,18.039,30.564,-0.151,0.948,4.5,-13.74,-4.88,15.58,0.0,0.0,-0.0,0.0,0.0,0.0,18.23,5.95,17.98,20.15
575,9.5833,18.069,30.585,-0.151,0.9467,5.1,-13.08,-4.36,15.571,0.0,0.0,-0.0,0.0,0.0,0.0,18.15,7.88,17.97,18.29
576,9.6,18.1,30.604,-0.152,0.9458,4.92,-11.71,-4.1,14.588,0.0,0.0,-0.0,0.0,0.0,0.0,18.01,18.06,17.99,4.29
577,9.6167,18.131,30.622,-0.152,0.9448,4.63,-10.48,-4.03,19.788,0.0,0.0,-0.0,0.0,0.0,0.0,18.97,18.76,19.02,22.4
578,9.6333,18.161,30.641,-0.153,0.9427,4.33,-9.43,-4.03,17.13,0.0,0.0,-0.0,0.0,0.0,0.0,18.08,27.99,18.3,4.15
579,9.65,18.192,30.66,-0.152,0.9401,3.85,-8.53,-4.12,14.759,0.0,0.0,-0.0,0.0,0.0,0.0,18.05,18.17,18.08,4.73
580,9.6667,18.222,30.679,-0.151,0.938,3.38,-7.72,-4.13,12.813,0.0,0.0,-0.0,0.0,0.0,0.0,18.14,5.36,18.2,9.55
581,9.6833,18.253,30.701,-0.152,0.9366,3.03,-7.04,-4.17,12.539,0.0,0.0,-0.0,0.0,0.0,0.0,18.12,7.16,18.18,6.69
582,9.7,18.283,30.723,-0.153,0.9345,2.62,-6.61,-4.23,13.095,0.0,0.0,-0.0,0.0,0.0,0.0,18.22,7.64,18.28,8.24
583,9.7167,18.314,30.745,-0.155,0.9402,2.67,-6.85,-3.99,14.393,0.0,0.0,-0.0,0.0,0.0,0.0,10.45,18.28,18.32,10.52
584,9.7333,18.344,30.765,-0.157,0.9469,2.66,-7.64,-3.91,18.294,0.0,0.0,-0.0,0.0,0.0,0.0,18.31,18.27,18.31,18.29
585,9.75,18.375,30.786,-0.159,0.9514,2.54,-8.52,-3.84,15.42,0.0,0.0,-0.0,0.0,0.0,0.0,18.16,18.12,18.17,7.23
586,9.7667,18.406,30.807,-0.161,0.9559,2.36,-9.28,-3.78,19.011,0.0,0.0,-0.0,0.0,0.0,0.0,18.52,13.94,18.27,25.32
587,9.7833,18.436,30.83,-0.163,0.9583,1.96,-10.09,-3.85,16.612,0.0,0.0,-0.0,0.0,0.0,0.0,18.43,18.48,18.46,11.08
588,9.8,18.467,30.852,-0.164,0.9611,1.67,-10.46,-3.88,16.086,0.0,0.0,-0.0,0.0,0.0,0.0,18.6,8.76,18.46,18.52
589,9.8167,18.497,30.875,-0.166,0.9633,1.56,-10.74,-3.84,21.039,0.0,0.0,-0.0,0.0,0.0,0.0,18.57,28.74,18.41,18.43
590,9.8333,18.528,30.898,-0.169,0.9647,1.67,-11.03,-3.83,14.146,0.0,0.0,-0.0,0.0,0.0,0.0,18.69,9.76,18.6,9.53
591,9.85,18.558,30.922,-0.171,0.9663,1.59,-11.34,-3.76,13.799,0.0,0.0,-0.0,0.0,0.0,0.0,18.62,-1.86,18.59,19.85
592,9.8667,18.589,30.948,-0.176,0.9684,1.79,-11.58,-3.69,16.669,0.0,0.0,-0.0,0.0,0.0,0.0,18.68,10.7,18.66,18.64
593,9.8833,18.619,30.974,-0.18,0.9702,2.05,-11.75,-3.55,16.657,0.0,0.0,-0.0,0.0,0.0,0.0,18.64,18.65,18.66,10.68
594,9.9,18.65,31.0,-0.184,0.9717,2.06,-11.88,-3.47,21.042,0.0,0.0,-0.0,0.0,0.0,0.0,18.52,28.0,18.55,19.1
595,9.9167,18.681,31.027,-0.186,0.9717,2.02,-12.09,-3.45,16.684,0.0,0.0,-0.0,0.0,0.0,0.0,18.65,18.65,18.66,10.78
596,9.9333,18.711,31.051,-0.189,0.9733,2.51,-11.17,-2.84,15.531,0.0,0.0,-0.0,0.0,0.0,0.0,18.68,6.07,18.69,18.68
597,9.95,18.742,31.073,-0.192,0.9742,3.37,-10.29,-2.18,17.306,0.0,0.0,-0.0,0.0,0.0,0.0,18.48,13.79,18.49,18.47
598,9.9667,18.772,31.095,-0.196,0.9739,4.38,-9.5,-1.53,15.43,0.0,0.0,-0.0,0.0,0.0,0.0,18.63,5.79,18.6,18.71
599,9.9833,18.803,31.113,-0.199,0.9752,4.38,-7.51,-1.61,15.117,0.0,0.0,-0.0,0.0,0.0,0.0,18.65,18.65,18.62,4.55
600,10.0,18.833,31.133,-0.201,0.9752,4.32,-6.17,-1.72,15.042,0.0,0.0,-0.0,0.0,0.0,0.0,18.6,18.62,18.61,4.33
601,10.0167,18.864,31.152,-0.203,0.9746,4.12,-5.1,-1.93,15.134,0.0,0.0,-0.0,0.0,0.0,0.0,18.67,18.7,18.7,4.46
602,10.0333,18.894,31.172,-0.203,0.9735,3.79,-4.2,-2.15,12.584,0.0,0.0,-0.0,0.0,0.0,0.0,18.74,5.88,18.99,6.72
603,10.05,18.925,31.193,-0.203,0.9761,3.64,-3.61,-2.09,13.725,0.0,0.0,-0.0,0.0,0.0,0.0,8.62,18.93,19.16,8.19
604,10.0667,18.956,31.213,-0.203,0.982,3.4,-3.74,-1.94,16.79,0.0,0.0,-0.0,0.0,0.0,0.0,20.05,18.73,18.75,9.63
605,10.0833,18.986,31.235,-0.203,0.9855,3.11,-3.99,-1.8,19.031,0.0,0.0,-0.0,0.0,0.0,0.0,18.91,18.91,18.92,19.39
606,10.1,19.017,31.256,-0.204,0.9867,2.96,-4.4,-1.74,16.214,0.0,0.0,-0.0,0.0,0.0,0.0,18.63,8.64,18.76,18.81
607,10.1167,19.047,31.278,-0.205,0.9885,3.02,-4.67,-1.58,15.126,0.0,0.0,-0.0,0.0,0.0,0.0,19.0,12.79,19.0,9.72
608,10.1333,19.078,31.303,-0.206,0.9915,3.0,-5.02,-1.46,15.989,0.0,0.0,-0.0,0.0,0.0,0.0,12.11,20.91,19.24,11.69
609,10.15,19.108,31.328,-0.206,0.9959,2.89,-5.57,-1.37,17.044,0.0,0.0,-0.0,0.0,0.0,0.0,19.27,10.73,19.1,19.08
610,10.1667,19.139,31.353,-0.208,0.9998,2.94,-5.99,-1.24,17.017,0.0,0.0,-0.0,0.0,0.0,0.0,19.28,10.81,19.23,18.74
611,10.1833,19.169,31.38,-0.209,1.0026,2.96,-6.42,-1.09,17.538,0.0,0.0,-0.0,0.0,0.0,0.0,19.06,19.08,19.08,12.93
612,10.2,19.2,31.407,-0.211,1.0042,3.18,-6.87,-0.92,17.158,0.0,0.0,-0.0,0.0,0.0,0.0,19.15,11.14,19.19,19.16
613,10.2167,19.231,31.435,-0.213,1.0067,3.27,-7.02,-0.84,17.634,0.0,0.0,-0.0,0.0,0.0,0.0,19.06,20.17,19.31,11.99
614,10.2333,19.261,31.463,-0.214,1.0082,3.09,-7.16,-0.82,14.13,0.0,0.0,-0.0,0.0,0.0,0.0,19.39,5.52,19.48,12.14
615,10.25,19.292,31.492,-0.215,1.0092,2.94,-7.29,-0.94,16.517,0.0,0.0,-0.0,0.0,0.0,0.0,19.12,8.47,19.24,19.24
616,10.2667,19.322,31.522,-0.218,1.0099,2.96,-7.36,-0.97,17.278,0.0,0.0,-0.0,0.0,0.0,0.0,19.12,11.39,19.27,19.34
617,10.2833,19.353,31.552,-0.221,1.0105,3.19,-7.25,-0.84,17.091,0.0,0.0,-0.0,0.0,0.0,0.0,19.56,19.51,19.62,9.68
618,10.3,19.383,31.582,-0.223,1.0094,3.47,-7.43,-0.7,21.53,0.0,0.0,-0.0,0.0,0.0,0.0,19.32,28.0,19.06,19.74
619,10.3167,19.414,31.614,-0.225,1.0087,3.37,-7.36,-0.71,17.711,0.0,0.0,-0.0,0.0,0.0,0.0,19.38,19.38,19.37,12.72
620,10.3333,19.444,31.639,-0.226,1.0134,3.88,-4.72,-0.15,13.863,0.0,0.0,-0.0,0.0,0.0,0.0,19.4,8.43,19.4,8.22
621,10.35,19.475,31.666,-0.228,1.016,3.96,-3.29,-0.02,16.866,0.0,0.0,-0.0,0.0,0.0,0.0,19.18,19.61,19.4,9.27
622,10.3667,19.506,31.694,-0.23,1.0172,3.97,-2.28,0.03,16.187,0.0,0.0,-0.0,0.0,0.0,0.0,19.26,9.94,19.38,16.16
623,10.3833,19.536,31.724,-0.231,1.0203,4.01,-1.75,0.23,22.678,0.0,0.0,-0.0,0.0,0.0,0.0,28.4,29.11,20.18,13.03
624,10.4,19.567,31.753,-0.231,1.0196,3.82,-1.42,0.33,14.71,0.0,0.0,-0.0,0.0,0.0,0.0,19.18,19.45,13.96,6.25
625,10.4167,19.597,31.785,-0.23,1.0202,3.72,-1.64,0.54,18.796,0.0,0.0,-0.0,0.0,0.0,0.0,15.13,20.16,27.39,12.51
626,10.4333,19.628,31.817,-0.228,1.0212,3.55,-1.61,0.69,12.749,0.0,0.0,-0.0,0.0,0.0,0.0,29.44,12.08,-10.53,20.01
627,10.45,19.658,31.849,-0.228,1.0236,3.53,-1.67,1.07,19.383,0.0,0.0,-0.0,0.0,0.0,0.0,18.59,19.67,19.63,19.65
628,10.4667,19.689,31.883,-0.227,1.024,3.54,-2.17,1.24,13.777,0.0,0.0,-0.0,0.0,0.0,0.0,19.65,16.21,19.51,-0.26
629,10.4833,19.719,31.918,-0.227,1.0259,3.73,-2.28,1.49,16.292,0.0,0.0,-0.0,0.0,0.0,0.0,19.28,13.73,19.46,12.7
630,10.5,19.75,31.953,-0.227,1.0275,3.59,-2.22,1.51,17.709,0.0,0.0,-0.0,0.0,0.0,0.0,20.19,11.46,19.58,19.61
631,10.5167,19.781,31.989,-0.226,1.0267,3.47,-2.43,1.52,12.467,0.0,0.0,-0.0,0.0,0.0,0.0,19.63,-9.08,19.66,19.66
632,10.5333,19.811,32.026,-0.227,1.0269,3.78,-2.32,1.63,18.114,0.0,0.0,-0.0,0.0,0.0,0.0,19.8,13.08,19.8,19.78
633,10.55,19.842,32.063,-0.228,1.0264,4.05,-2.13,1.69,16.353,0.0,0.0,-0.0,0.0,0.0,0.0,19.93,12.3,19.96,13.23
634,10.5667,19.872,32.101,-0.229,1.0254,3.91,-1.87,1.68,19.815,0.0,0.0,-0.0,0.0,0.0,0.0,19.79,19.8,19.86,19.8
635,10.5833,19.903,32.138,-0.231,1.0218,3.81,-1.91,1.67,18.638,0.0,0.0,-0.0,0.0,0.0,0.0,19.8,15.03,19.86,19.87
636,10.6,19.933,32.174,-0.228,1.0224,3.52,-0.99,1.34,12.855,0.0,0.0,-0.0,0.0,0.0,0.0,9.53,19.99,8.2,13.71
637,10.6167,19.964,32.207,-0.224,1.0306,3.44,-0.33,1.74,13.368,0.0,0.0,-0.0,0.0,0.0,0.0,19.49,-2.33,16.67,19.64
638,10.6333,19.994,32.241,-0.22,1.0368,3.29,0.04,2.11,19.955,0.0,0.0,-0.0,0.0,0.0,0.0,20.09,19.83,19.87,20.02
639,10.65,20.025,32.276,-0.216,1.0407,3.19,0.01,2.34,19.735,0.0,0.0,-0.0,0.0,0.0,0.0,18.4,20.4,20.04,20.1
640,10.6667,20.056,32.311,-0.214,1.0429,3.07,-0.61,2.28,20.015,0.0,0.0,-0.0,0.0,0.0,0.0,20.02,20.0,20.0,20.03
641,10.6833,20.086,32.346,-0.213,1.0443,3.08,-1.04,2.36,18.914,0.0,0.0,-0.0,0.0,0.0,0.0,20.05,15.42,20.07,20.12
642,10.7,20.117,32.382,-0.212,1.0459,3.5,-1.18,2.48,18.706,0.0,0.0,-0.0,0.0,0.0,0.0,20.23,14.23,20.18,20.19
643,10.7167,20.147,32.418,-0.212,1.046,4.07,-1.41,2.51,20.079,0.0,0.0,-0.0,0.0,0.0,0.0,20.07,20.05,20.11,20.09
644,10.7333,20.178,32.454,-0.212,1.0434,4.52,-1.91,2.51,20.123,0.0,0.0,-0.0,0.0,0.0,0.0,20.1,20.12,20.16,20.11
645,10.75,20.208,32.49,-0.21,1.0436,4.16,-1.38,2.19,16.877,0.0,0.0,-0.0,0.0,0.0,0.0,20.33,15.02,20.36,11.8
646,10.7667,20.239,32.525,-0.209,1.0425,3.66,-0.83,1.74,17.54,0.0,0.0,-0.0,0.0,0.0,0.0,20.48,9.64,20.04,20.0
647,10.7833,20.269,32.561,-0.209,1.0402,3.25,-0.48,1.47,20.177,0.0,0.0,-0.0,0.0,0.0,0.0,20.18,20.19,20.16,20.18
648,10.8,20.3,32.597,-0.21,1.0373,3.13,-0.13,1.28,18.643,0.0,0.0,-0.0,0.0,0.0,0.0,20.26,13.79,20.22,20.3
649,10.8167,20.331,32.634,-0.211,1.0342,3.35,0.3,1.18,18.572,0.0,0.0,-0.0,0.0,0.0,0.0,20.3,13.37,20.28,20.34
650,10.8333,20.361,32.671,-0.213,1.0323,3.64,0.45,1.26,19.78,0.0,0.0,-0.0,0.0,0.0,0.0,20.44,18.43,19.75,20.51
651,10.85,20.392,32.707,-0.213,1.0382,4.02,0.17,1.21,20.361,0.0,0.0,-0.0,0.0,0.0,0.0,20.35,20.36,20.37,20.37
652,10.8667,20.422,32.744,-0.213,1.0413,4.39,-0.37,1.16,20.387,0.0,0.0,-0.0,0.0,0.0,0.0,20.37,20.39,20.4,20.39
653,10.8833,20.453,32.78,-0.214,1.0427,4.39,-0.96,1.21,19.187,0.0,0.0,-0.0,0.0,0.0,0.0,20.1,20.17,20.17,16.31
654,10.9,20.483,32.817,-0.213,1.0437,4.36,-1.31,0.96,20.448,0.0,0.0,-0.0,0.0,0.0,0.0,20.45,20.45,20.46,20.44
655,10.9167,20.514,32.853,-0.211,1.044,3.83,-1.44,0.68,18.756,0.0,0.0,-0.0,0.0,0.0,0.0,20.56,20.54,20.57,13.35
656,10.9333,20.544,32.89,-0.21,1.0442,3.25,-1.38,0.43,19.193,0.0,0.0,-0.0,0.0,0.0,0.0,20.39,15.43,20.45,20.49
657,10.95,20.575,32.927,-0.211,1.0452,3.21,-1.02,0.3,18.907,0.0,0.0,-0.0,0.0,0.0,0.0,20.5,14.07,20.52,20.54
658,10.9667,20.606,32.965,-0.212,1.0448,3.24,-0.75,0.27,18.932,0.0,0.0,-0.0,0.0,0.0,0.0,20.65,13.73,20.66,20.69
659,10.9833,20.636,33.003,-0.214,1.0438,3.51,-0.46,0.31,20.565,0.0,0.0,-0.0,0.0,0.0,0.0,20.55,20.53,20.57,20.61
660,11.0,20.667,33.041,-0.216,1.0402,3.76,-0.48,0.32,20.636,0.0,0.0,-0.0,0.0,0.0,0.0,20.62,20.63,20.65,20.64
661,11.0167,20.697,33.079,-0.218,1.0343,4.02,-0.73,0.31,16.515,0.0,0.0,-0.0,0.0,0.0,0.0,20.4,4.06,20.78,20.82
662,11.0333,20.728,33.119,-0.222,1.033,4.18,0.15,0.12,18.44,0.0,0.0,-0.0,0.0,0.0,0.0,20.8,20.15,20.86,11.94
663,11.05,20.758,33.157,-0.224,1.0295,3.85,0.75,-0.23,20.807,0.0,0.0,-0.0,0.0,0.0,0.0,20.66,21.32,20.65,20.61
664,11.0667,20.789,33.196,-0.227,1.0234,3.52,0.93,-0.53,20.723,0.0,0.0,-0.0,0.0,0.0,0.0,20.74,20.74,20.73,20.69
665,11.0833,20.819,33.236,-0.229,1.0166,3.05,1.11,-0.94,18.181,0.0,0.0,-0.0,0.0,0.0,0.0,20.96,17.8,20.9,13.06
666,11.1,20.85,33.276,-0.233,1.0138,2.99,2.29,-1.03,19.139,0.0,0.0,-0.0,0.0,0.0,0.0,20.78,14.22,20.74,20.81
667,11.1167,20.881,33.317,-0.235,1.0119,3.19,2.68,-0.75,17.519,0.0,0.0,-0.0,0.0,0.0,0.0,20.66,15.94,12.88,20.59
668,11.1333,20.911,33.358,-0.238,1.0124,3.23,2.86,-0.75,20.86,0.0,0.0,-0.0,0.0,0.0,0.0,20.85,20.87,20.82,20.9
669,11.15,20.942,33.399,-0.241,1.0104,3.27,2.73,-0.74,20.909,0.0,0.0,-0.0,0.0,0.0,0.0,20.9,20.91,20.9,20.92
670,11.1667,20.972,33.44,-0.244,1.0067,3.41,2.48,-0.65,16.955,0.0,0.0,-0.0,0.0,0.0,0.0,20.93,20.39,20.91,5.6
671,11.1833,21.003,33.484,-0.247,1.0059,3.53,2.9,-0.64,18.803,0.0,0.0,-0.0,0.0,0.0,0.0,21.09,13.67,21.11,19.34
672,11.2,21.033,33.528,-0.25,1.0041,3.5,3.32,-0.64,17.351,0.0,0.0,-0.0,0.0,0.0,0.0,21.09,16.58,20.93,10.8
673,11.2167,21.064,33.572,-0.252,1.0015,3.53,3.6,-0.72,20.999,0.0,0.0,-0.0,0.0,0.0,0.0,20.99,21.01,21.01,20.99
674,11.2333,21.094,33.616,-0.251,0.9998,3.52,2.98,-0.43,15.367,0.0,0.0,-0.0,0.0,0.0,0.0,20.17,-1.56,22.21,20.65
675,11.25,21.125,33.66,-0.252,1.0048,3.48,2.63,0.13,21.098,0.0,0.0,-0.0,0.0,0.0,0.0,20.98,21.0,20.96,21.45
676,11.2667,21.156,33.704,-0.252,1.0067,3.5,1.94,0.5,21.258,0.0,0.0,-0.0,0.0,0.0,0.0,21.1,21.74,21.07,21.12
677,11.2833,21.186,33.748,-0.252,1.0062,3.68,1.1,0.68,21.12,0.0,0.0,-0.0,0.0,0.0,0.0,21.1,21.1,21.1,21.18
678,11.3,21.217,33.793,-0.252,1.0031,3.83,0.13,0.76,21.133,0.0,0.0,-0.0,0.0,0.0,0.0,21.09,21.12,21.13,21.19
679,11.3167,21.247,33.836,-0.252,1.0005,3.28,-0.0,0.49,19.506,0.0,0.0,-0.0,0.0,0.0,0.0,21.04,21.05,21.11,14.82
680,11.3333,21.278,33.88,-0.251,0.9988,2.62,0.38,0.24,19.642,0.0,0.0,-0.0,0.0,0.0,0.0,21.29,14.61,21.31,21.35
681,11.35,21.308,33.923,-0.251,0.9971,2.33,0.83,0.14,21.22,0.0,0.0,-0.0,0.0,0.0,0.0,21.2,21.22,21.25,21.21
682,11.3667,21.339,33.966,-0.252,0.9928,2.0,0.91,0.05,21.297,0.0,0.0,-0.0,0.0,0.0,0.0,21.31,21.3,21.31,21.27
683,11.3833,21.369,34.01,-0.253,0.9895,2.1,1.48,0.16,20.027,0.0,0.0,-0.0,0.0,0.0,0.0,21.34,16.11,21.33,21.33
684,11.4,21.4,34.054,-0.255,0.9854,2.46,1.98,0.35,20.153,0.0,0.0,-0.0,0.0,0.0,0.0,20.98,17.0,21.26,21.37
685,11.4167,21.431,34.096,-0.255,0.9921,2.55,1.42,0.62,19.009,0.0,0.0,-0.0,0.0,0.0,0.0,20.94,16.67,17.04,21.38
686,11.4333,21.461,34.137,-0.255,1.0002,2.56,1.04,0.88,21.423,0.0,0.0,-0.0,0.0,0.0,0.0,21.42,21.43,21.41,21.44
687,11.45,21.492,34.178,-0.256,1.0057,2.58,0.39,1.14,21.452,0.0,0.0,-0.0,0.0,0.0,0.0,21.45,21.46,21.44,21.46
688,11.4667,21.522,34.219,-0.256,1.0086,2.62,-0.47,1.36,21.472,0.0,0.0,-0.0,0.0,0.0,0.0,21.46,21.49,21.48,21.46
689,11.4833,21.553,34.261,-0.256,1.0088,2.69,-1.47,1.54,21.482,0.0,0.0,-0.0,0.0,0.0,0.0,21.47,21.49,21.5,21.46
690,11.5,21.583,34.299,-0.254,1.0115,2.19,-3.34,1.78,22.137,0.0,0.0,-0.0,0.0,0.0,0.0,21.38,21.4,24.33,21.44
691,11.5167,21.614,34.333,-0.249,1.0152,1.72,-5.24,2.04,21.368,0.0,0.0,-0.0,0.0,0.0,0.0,21.4,21.32,21.38,21.36
692,11.5333,21.644,34.366,-0.245,1.02,1.81,-5.94,2.59,19.025,0.0,0.0,-0.0,0.0,0.0,0.0,21.42,11.94,21.35,21.39
693,11.55,21.675,34.399,-0.242,1.024,2.18,-6.41,3.09,21.604,0.0,0.0,-0.0,0.0,0.0,0.0,21.6,21.62,21.55,21.63
694,11.5667,21.706,34.432,-0.239,1.0254,2.54,-7.11,3.44,21.632,0.0,0.0,-0.0,0.0,0.0,0.0,21.61,21.65,21.57,21.69
695,11.5833,21.736,34.465,-0.238,1.0259,2.92,-7.67,3.8,19.383,0.0,0.0,-0.0,0.0,0.0,0.0,21.68,12.44,21.65,21.76
696,11.6,21.767,34.499,-0.236,1.0278,3.09,-7.67,3.93,23.269,0.0,0.0,-0.0,0.0,0.0,0.0,21.97,35.53,21.91,13.66
697,11.6167,21.797,34.532,-0.235,1.028,2.91,-7.77,3.98,21.761,0.0,0.0,-0.0,0.0,0.0,0.0,21.76,21.75,21.77,21.77
698,11.6333,21.828,34.566,-0.233,1.0269,2.94,-8.09,3.89,16.444,0.0,0.0,-0.0,0.0,0.0,0.0,21.75,16.2,21.84,5.99
699,11.65,21.858,34.602,-0.232,1.0276,3.21,-8.15,3.89,17.082,0.0,0.0,-0.0,0.0,0.0,0.0,21.79,13.93,21.82,10.79
700,11.6667,21.889,34.638,-0.23,1.0296,3.1,-7.66,3.7,18.794,0.0,0.0,-0.0,0.0,0.0,0.0,21.99,22.0,22.0,9.19
701,11.6833,21.919,34.673,-0.228,1.0308,2.73,-7.23,3.43,22.493,0.0,0.0,-0.0,0.0,0.0,0.0,21.86,21.98,21.75,24.37
702,11.7,21.95,34.709,-0.225,1.0295,2.35,-7.21,3.22,21.9,0.0,0.0,-0.0,0.0,0.0,0.0,21.89,21.92,21.88,21.91
703,11.7167,21.981,34.735,-0.217,1.0414,1.34,-8.49,3.17,18.507,0.0,0.0,-0.0,0.0,0.0,0.0,21.84,13.68,16.58,21.92
704,11.7333,22.011,34.762,-0.211,1.0531,0.75,-9.4,3.31,19.896,0.0,0.0,-0.0,0.0,0.0,0.0,21.79,13.56,22.08,22.16
705,11.75,22.042,34.79,-0.204,1.0629,0.29,-10.37,3.48,19.176,0.0,0.0,-0.0,0.0,0.0,0.0,21.79,10.26,22.32,22.34
706,11.7667,22.072,34.817,-0.199,1.0709,-0.12,-11.34,3.71,20.389,0.0,0.0,-0.0,0.0,0.0,0.0,21.78,15.89,21.94,21.94
707,11.7833,22.103,34.846,-0.195,1.0786,-0.29,-12.18,3.99,19.08,0.0,0.0,-0.0,0.0,0.0,0.0,22.4,9.97,22.0,21.95
708,11.8,22.133,34.875,-0.191,1.0849,-0.44,-13.07,4.31,20.81,0.0,0.0,-0.0,0.0,0.0,0.0,22.07,17.08,22.07,22.02
709,11.8167,22.164,34.904,-0.189,1.0899,-0.31,-13.99,4.53,20.502,0.0,0.0,-0.0,0.0,0.0,0.0,22.24,15.46,22.16,22.15
710,11.8333,22.194,34.934,-0.187,1.0939,-0.01,-14.88,4.7,19.903,0.0,0.0,-0.0,0.0,0.0,0.0,21.81,14.04,21.88,21.88
711,11.85,22.225,34.965,-0.187,1.0977,0.27,-15.57,5.0,22.163,0.0,0.0,-0.0,0.0,0.0,0.0,22.15,22.2,22.13,22.17
712,11.8667,22.256,34.995,-0.186,1.0991,0.66,-16.45,5.13,22.564,0.0,0.0,-0.0,0.0,0.0,0.0,22.11,24.13,21.98,22.04
713,11.8833,22.286,35.026,-0.187,1.0998,1.41,-17.22,5.07,20.813,0.0,0.0,-0.0,0.0,0.0,0.0,22.31,16.25,22.33,22.36
714,11.9,22.317,35.051,-0.186,1.1056,0.82,-15.42,4.04,18.559,0.0,0.0,-0.0,0.0,0.0,0.0,22.14,22.23,22.28,7.59
715,11.9167,22.347,35.079,-0.184,1.1085,0.4,-14.74,3.4,19.756,0.0,0.0,-0.0,0.0,0.0,0.0,22.31,22.31,22.37,12.03
716,11.9333,22.378,35.106,-0.182,1.1104,-0.15,-14.37,2.87,19.817,0.0,0.0,-0.0,0.0,0.0,0.0,22.25,22.27,22.3,12.45
717,11.95,22.408,35.132,-0.181,1.1142,-0.15,-13.17,2.74,18.72,0.0,0.0,-0.0,0.0,0.0,0.0,22.34,7.97,22.33,22.24
718,11.9667,22.439,35.158,-0.181,1.1168,-0.09,-12.43,2.63,18.31,0.0,0.0,-0.0,0.0,0.0,0.0,22.68,6.17,22.19,22.2
719,11.9833,22.469,35.185,-0.181,1.1186,0.01,-12.04,2.5,19.181,0.0,0.0,-0.0,0.0,0.0,0.0,22.25,9.87,22.3,22.3
720,12.0,22.5,35.213,-0.181,1.1195,0.2,-11.85,2.4,22.64,0.0,0.0,-0.0,0.0,0.0,0.0,22.39,22.74,22.71,22.72
721,12.0167,22.531,35.241,-0.182,1.1182,0.28,-11.9,2.45,19.323,0.0,0.0,-0.0,0.0,0.0,0.0,21.91,10.95,22.23,22.2
722,12.0333,22.561,35.266,-0.181,1.1274,0.16,-13.16,2.55,18.274,0.0,0.0,-0.0,0.0,0.0,0.0,22.47,14.13,13.99,22.51
723,12.05,22.592,35.293,-0.181,1.1335,0.34,-14.11,2.59,19.914,0.0,0.0,-0.0,0.0,0.0,0.0,22.22,12.78,22.32,22.33
724,12.0667,22.622,35.319,-0.181,1.139,0.58,-14.92,2.82,22.58,0.0,0.0,-0.0,0.0,0.0,0.0,22.56,22.57,22.59,22.6
725,12.0833,22.653,35.346,-0.182,1.142,0.97,-15.91,2.95,24.978,0.0,0.0,-0.0,0.0,0.0,0.0,22.54,32.35,22.51,22.51
726,12.1,22.683,35.373,-0.183,1.1437,1.54,-16.77,3.07,20.05,0.0,0.0,-0.0,0.0,0.0,0.0,22.6,12.25,22.67,22.67
727,12.1167,22.714,35.4,-0.184,1.1486,1.95,-16.73,3.1,19.41,0.0,0.0,-0.0,0.0,0.0,0.0,22.65,22.66,22.64,9.69
728,12.1333,22.744,35.427,-0.185,1.1521,2.23,-16.87,3.1,18.906,0.0,0.0,-0.0,0.0,0.0,0.0,22.7,22.7,22.7,7.53
729,12.15,22.775,35.454,-0.185,1.1553,2.36,-17.21,3.07,19.892,0.0,0.0,-0.0,0.0,0.0,0.0,22.93,22.92,22.93,10.79
730,12.1667,22.806,35.482,-0.183,1.1578,2.35,-17.49,2.84,22.772,0.0,0.0,-0.0,0.0,0.0,0.0,22.76,22.77,22.79,22.77
731,12.1833,22.836,35.506,-0.182,1.1599,1.85,-16.71,1.83,18.225,0.0,0.0,-0.0,0.0,0.0,0.0,22.73,22.73,22.76,4.68
732,12.2,22.867,35.527,-0.18,1.1609,0.82,-15.87,0.89,20.172,0.0,0.0,-0.0,0.0,0.0,0.0,23.16,23.13,23.13,11.27
733,12.2167,22.897,35.548,-0.178,1.1612,-0.34,-15.05,0.01,20.08,0.0,0.0,-0.0,0.0,0.0,0.0,23.09,23.08,23.13,11.03
734,12.2333,22.928,35.566,-0.176,1.1628,-0.54,-13.39,0.02,17.37,0.0,0.0,-0.0,0.0,0.0,0.0,22.82,4.15,22.81,19.7
735,12.25,22.958,35.584,-0.175,1.164,-0.63,-12.09,0.11,18.164,0.0,0.0,-0.0,0.0,0.0,0.0,22.96,27.86,22.66,-0.83
736,12.2667,22.989,35.601,-0.174,1.1647,-0.68,-11.02,0.23,18.222,0.0,0.0,-0.0,0.0,0.0,0.0,22.81,4.35,22.89,22.85
737,12.2833,23.019,35.619,-0.174,1.1651,-0.54,-10.14,0.47,18.361,0.0,0.0,-0.0,0.0,0.0,0.0,22.87,4.76,22.88,22.94
738,12.3,23.05,35.637,-0.173,1.1656,-0.66,-9.27,0.56,18.46,0.0,0.0,-0.0,0.0,0.0,0.0,22.93,22.94,23.01,4.96
739,12.3167,23.081,35.655,-0.172,1.1663,-0.69,-8.47,0.81,18.679,0.0,0.0,-0.0,0.0,0.0,0.0,22.87,22.88,22.99,5.98
740,12.3333,23.111,35.675,-0.171,1.1664,-0.62,-7.87,1.05,15.109,0.0,0.0,-0.0,0.0,0.0,0.0,23.09,6.17,23.09,8.09
741,12.35,23.142,35.689,-0.169,1.1713,-1.12,-7.68,0.86,19.966,0.0,0.0,-0.0,0.0,0.0,0.0,23.39,27.58,5.6,23.3
742,12.3667,23.172,35.694,-0.162,1.1766,-1.73,-8.0,0.6,17.813,0.0,0.0,-0.0,0.0,0.0,0.0,23.1,1.97,23.15,23.03
743,12.3833,23.203,35.701,-0.158,1.1832,-2.25,-8.12,0.71,18.463,0.0,0.0,-0.0,0.0,0.0,0.0,23.23,4.21,23.22,23.19
744,12.4,23.233,35.707,-0.154,1.1917,-2.74,-8.73,0.76,14.803,0.0,0.0,-0.0,0.0,0.0,0.0,23.2,4.74,8.06,23.2
745,12.4167,23.264,35.715,-0.152,1.1991,-3.01,-9.48,0.9,18.784,0.0,0.0,-0.0,0.0,0.0,0.0,23.2,5.54,23.17,23.22
746,12.4333,23.294,35.724,-0.15,1.2055,-3.15,-10.36,1.03,19.065,0.0,0.0,-0.0,0.0,0.0,0.0,23.21,6.63,23.19,23.24
747,12.45,23.325,35.735,-0.149,1.2107,-3.17,-11.38,1.12,17.876,0.0,0.0,-0.0,0.0,0.0,0.0,23.04,1.9,23.22,23.33
748,12.4667,23.356,35.746,-0.15,1.2166,-2.91,-12.16,1.25,19.217,0.0,0.0,-0.0,0.0,0.0,0.0,23.24,7.07,23.27,23.28
749,12.4833,23.386,35.759,-0.152,1.2214,-2.6,-13.11,1.3,19.542,0.0,0.0,-0.0,0.0,0.0,0.0,23.25,8.29,23.33,23.3
750,12.5,23.417,35.773,-0.155,1.2246,-2.2,-14.2,1.23,16.382,0.0,0.0,-0.0,0.0,0.0,0.0,23.59,-4.71,23.38,23.27
751,12.5167,23.447,35.789,-0.159,1.2292,-1.64,-15.19,1.1,19.901,0.0,0.0,-0.0,0.0,0.0,0.0,23.28,9.64,23.37,23.31
752,12.5333,23.478,35.805,-0.164,1.2323,-0.97,-16.27,0.88,29.084,0.0,0.0,-0.0,0.0,0.0,0.0,23.63,46.09,23.35,23.27
753,12.55,23.508,35.822,-0.169,1.2345,-0.42,-17.27,0.85,11.866,0.0,0.0,-0.0,0.0,0.0,0.0,23.39,11.56,23.42,-10.91
754,12.5667,23.539,35.842,-0.172,1.2393,-0.18,-17.98,0.65,20.191,0.0,0.0,-0.0,0.0,0.0,0.0,23.37,24.67,23.68,9.05
755,12.5833,23.569,35.863,-0.174,1.244,-0.11,-18.8,0.49,23.323,0.0,0.0,-0.0,0.0,0.0,0.0,23.45,26.74,23.99,19.12
756,12.6,23.6,35.883,-0.175,1.2473,-0.27,-19.55,0.31,21.654,0.0,0.0,-0.0,0.0,0.0,0.0,23.83,30.28,23.73,8.77
757,12.6167,23.631,35.905,-0.175,1.2515,-0.4,-20.25,0.15,20.143,0.0,0.0,-0.0,0.0,0.0,0.0,24.07,8.53,23.38,24.6
758,12.6333,23.661,35.927,-0.177,1.2556,-0.35,-20.82,0.02,19.52,0.0,0.0,-0.0,0.0,0.0,0.0,23.84,7.92,24.04,22.28
759,12.65,23.692,35.95,-0.178,1.2593,-0.26,-21.49,0.09,21.132,0.0,0.0,-0.0,0.0,0.0,0.0,23.35,23.33,23.31,14.54
760,12.6667,23.722,35.973,-0.179,1.2632,-0.26,-22.24,0.01,18.463,0.0,0.0,-0.0,0.0,0.0,0.0,23.35,15.04,23.29,12.17
761,12.6833,23.753,35.99,-0.18,1.2695,-0.67,-20.94,-0.49,14.404,0.0,0.0,-0.0,0.0,0.0,0.0,23.67,5.17,23.66,5.11
762,12.7,23.783,36.005,-0.18,1.2753,-0.44,-19.73,-0.6,19.721,0.0,0.0,-0.0,0.0,0.0,0.0,23.48,7.92,23.72,23.77
763,12.7167,23.814,36.019,-0.181,1.2804,-0.48,-18.55,-0.81,20.153,0.0,0.0,-0.0,0.0,0.0,0.0,24.0,9.74,23.53,23.35
764,12.7333,23.844,36.033,-0.183,1.2843,-0.67,-17.61,-1.01,18.832,0.0,0.0,-0.0,0.0,0.0,0.0,23.8,23.78,23.82,3.92
765,12.75,23.875,36.046,-0.184,1.2881,-0.51,-16.68,-1.08,18.965,0.0,0.0,-0.0,0.0,0.0,0.0,23.82,4.49,23.81,23.75
766,12.7667,23.906,36.059,-0.186,1.2921,-0.52,-15.75,-1.32,19.237,0.0,0.0,-0.0,0.0,0.0,0.0,23.81,24.94,24.09,4.1
767,12.7833,23.936,36.072,-0.187,1.2937,-0.94,-15.29,-1.5,17.939,0.0,0.0,-0.0,0.0,0.0,0.0,24.02,23.97,24.04,-0.28
768,12.8,23.967,36.084,-0.187,1.297,-0.99,-14.44,-1.57,16.572,0.0,0.0,-0.0,0.0,0.0,0.0,23.87,4.26,23.9,14.26
769,12.8167,23.997,36.098,-0.189,1.2996,-0.97,-13.96,-1.65,19.11,0.0,0.0,-0.0,0.0,0.0,0.0,23.91,4.62,23.91,24.0
770,12.8333,24.028,36.112,-0.189,1.303,-1.12,-13.27,-1.88,19.391,0.0,0.0,-0.0,0.0,0.0,0.0,23.92,24.77,24.21,4.67
771,12.85,24.058,36.125,-0.19,1.3027,-1.43,-13.23,-1.87,24.005,0.0,0.0,-0.0,0.0,0.0,0.0,23.97,23.99,24.0,24.06
772,12.8667,24.089,36.14,-0.19,1.3053,-1.58,-12.61,-1.95,14.614,0.0,0.0,-0.0,0.0,0.0,0.0,24.05,5.18,24.07,5.15
773,12.8833,24.119,36.156,-0.19,1.3077,-1.75,-12.38,-1.97,14.916,0.0,0.0,-0.0,0.0,0.0,0.0,24.09,4.61,24.1,6.87
774,12.9,24.15,36.175,-0.19,1.3101,-1.89,-12.32,-1.93,17.617,0.0,0.0,-0.0,0.0,0.0,0.0,24.13,14.86,24.06,7.41
775,12.9167,24.181,36.194,-0.19,1.312,-2.12,-12.45,-1.83,22.123,0.0,0.0,-0.0,0.0,0.0,0.0,24.27,32.76,23.86,7.59
776,12.9333,24.211,36.214,-0.19,1.3136,-2.25,-12.72,-1.59,20.256,0.0,0.0,-0.0,0.0,0.0,0.0,24.2,8.5,24.16,24.16
777,12.95,24.242,36.236,-0.191,1.3154,-2.25,-13.14,-1.35,13.767,0.0,0.0,-0.0,0.0,0.0,0.0,24.49,-4.61,24.13,11.07
778,12.9667,24.272,36.259,-0.192,1.3191,-2.07,-13.51,-1.1,16.975,0.0,0.0,-0.0,0.0,0.0,0.0,24.29,10.03,24.2,9.38
779,12.9833,24.303,36.284,-0.192,1.3227,-2.17,-13.9,-1.06,21.498,0.0,0.0,-0.0,0.0,0.0,0.0,24.24,28.03,23.9,9.82
780,13.0,24.333,36.31,-0.193,1.3257,-2.45,-14.29,-0.96,21.068,0.0,0.0,-0.0,0.0,0.0,0.0,24.61,10.52,24.36,24.78
781,13.0167,24.364,36.336,-0.195,1.3282,-2.5,-14.8,-0.92,21.293,0.0,0.0,-0.0,0.0,0.0,0.0,24.24,12.22,24.38,24.34
782,13.0333,24.394,36.363,-0.198,1.3314,-2.35,-15.29,-0.85,21.644,0.0,0.0,-0.0,0.0,0.0,0.0,24.37,13.41,24.4,24.39
783,13.05,24.425,36.39,-0.202,1.3343,-2.01,-15.76,-0.75,21.136,0.0,0.0,-0.0,0.0,0.0,0.0,24.32,11.48,24.37,24.37
784,13.0667,24.456,36.418,-0.206,1.3373,-1.75,-16.09,-0.72,20.912,0.0,0.0,-0.0,0.0,0.0,0.0,24.47,24.55,24.49,10.14
785,13.0833,24.486,36.445,-0.207,1.3402,-1.83,-16.19,-0.97,24.446,0.0,0.0,-0.0,0.0,0.0,0.0,24.44,24.45,24.43,24.46
786,13.1,24.517,36.472,-0.209,1.3406,-1.97,-16.65,-1.18,19.575,0.0,0.0,-0.0,0.0,0.0,0.0,24.56,24.49,24.59,4.66
787,13.1167,24.547,36.502,-0.21,1.3419,-2.26,-17.23,-1.26,15.031,0.0,0.0,-0.0,0.0,0.0,0.0,24.52,-9.99,24.52,21.08
788,13.1333,24.578,36.526,-0.213,1.3459,-1.66,-16.24,-0.46,19.975,0.0,0.0,-0.0,0.0,0.0,0.0,24.55,6.89,24.57,23.89
789,13.15,24.608,36.545,-0.216,1.35,-1.76,-14.09,-0.36,19.536,0.0,0.0,-0.0,0.0,0.0,0.0,24.4,24.3,24.48,4.97
790,13.1667,24.639,36.564,-0.217,1.3533,-1.72,-12.49,-0.48,19.526,0.0,0.0,-0.0,0.0,0.0,0.0,24.43,24.37,24.49,4.83
791,13.1833,24.669,36.582,-0.217,1.356,-1.84,-11.18,-0.69,19.577,0.0,0.0,-0.0,0.0,0.0,0.0,24.48,24.47,24.52,4.83
792,13.2,24.7,36.6,-0.217,1.3579,-2.11,-10.12,-0.96,19.647,0.0,0.0,-0.0,0.0,0.0,0.0,24.54,24.56,24.56,4.93
793,13.2167,24.731,36.618,-0.216,1.3602,-2.41,-9.19,-1.17,18.312,0.0,0.0,-0.0,0.0,0.0,0.0,24.57,23.03,25.14,0.5
794,13.2333,24.761,36.637,-0.216,1.3624,-2.64,-8.36,-1.31,15.482,0.0,0.0,-0.0,0.0,0.0,0.0,24.65,5.47,24.69,7.11
795,13.25,24.792,36.657,-0.216,1.365,-2.85,-7.7,-1.36,17.237,0.0,0.0,-0.0,0.0,0.0,0.0,24.8,15.65,25.2,3.29
796,13.2667,24.822,36.677,-0.214,1.3661,-3.35,-7.36,-1.48,20.421,0.0,0.0,-0.0,0.0,0.0,0.0,24.76,24.81,24.83,7.28
797,13.2833,24.853,36.698,-0.213,1.3679,-3.65,-6.95,-1.45,16.654,0.0,0.0,-0.0,0.0,0.0,0.0,24.82,6.41,24.61,10.78
798,13.3,24.883,36.721,-0.213,1.3691,-3.83,-6.81,-1.36,23.356,0.0,0.0,-0.0,0.0,0.0,0.0,25.31,17.47,24.79,25.85
799,13.3167,24.914,36.744,-0.213,1.3676,-4.35,-7.11,-1.26,25.503,0.0,0.0,-0.0,0.0,0.0,0.0,24.67,24.65,24.69,28.0
800,13.3333,24.944,36.768,-0.215,1.3679,-4.08,-7.06,-1.07,24.645,0.0,0.0,-0.0,0.0,0.0,0.0,24.81,25.75,26.67,21.36
801,13.35,24.975,36.792,-0.216,1.3677,-3.69,-6.73,-0.73,17.25,0.0,0.0,-0.0,0.0,0.0,0.0,24.54,10.89,24.78,8.79
802,13.3667,25.006,36.817,-0.216,1.3659,-3.76,-6.68,-0.48,19.568,0.0,0.0,-0.0,0.0,0.0,0.0,24.94,24.9,24.95,3.49
803,13.3833,25.036,36.843,-0.215,1.3654,-3.91,-6.52,-0.27,22.475,0.0,0.0,-0.0,0.0,0.0,0.0,25.27,28.09,25.37,11.17
804,13.4,25.067,36.87,-0.215,1.3645,-3.67,-6.33,-0.01,21.172,0.0,0.0,-0.0,0.0,0.0,0.0,25.03,9.62,25.07,24.98
805,13.4167,25.097,36.898,-0.214,1.3634,-3.68,-6.09,0.26,23.673,0.0,0.0,-0.0,0.0,0.0,0.0,25.06,33.96,24.98,10.7
806,13.4333,25.128,36.926,-0.212,1.3619,-3.83,-5.94,0.51,22.09,0.0,0.0,-0.0,0.0,0.0,0.0,25.07,26.85,25.02,11.42
807,13.45,25.158,36.955,-0.211,1.3602,-3.71,-5.87,0.63,21.426,0.0,0.0,-0.0,0.0,0.0,0.0,25.08,10.39,25.11,25.12
808,13.4667,25.189,36.984,-0.212,1.3587,-3.31,-5.69,0.99,21.477,0.0,0.0,-0.0,0.0,0.0,0.0,25.14,10.47,25.13,25.16
809,13.4833,25.219,37.015,-0.211,1.3574,-3.05,-5.5,1.3,20.906,0.0,0.0,-0.0,0.0,0.0,0.0,24.81,24.81,24.84,9.16
810,13.5,25.25,37.046,-0.21,1.3567,-3.32,-4.97,1.33,21.945,0.0,0.0,-0.0,0.0,0.0,0.0,25.18,25.19,25.2,12.21
811,13.5167,25.281,37.077,-0.209,1.3527,-3.49,-5.02,1.36,25.249,0.0,0.0,-0.0,0.0,0.0,0.0,25.24,25.24,25.27,25.26
812,13.5333,25.311,37.11,-0.207,1.3495,-3.69,-4.95,1.33,21.704,0.0,0.0,-0.0,0.0,0.0,0.0,25.45,27.41,25.39,8.57
813,13.55,25.342,37.14,-0.205,1.3498,-4.62,-3.55,0.79,20.411,0.0,0.0,-0.0,0.0,0.0,0.0,25.18,22.71,25.25,8.5
814,13.5667,25.372,37.167,-0.202,1.35,-5.19,-1.87,0.49,21.212,0.0,0.0,-0.0,0.0,0.0,0.0,25.11,7.07,25.19,27.48
815,13.5833,25.403,37.194,-0.2,1.3497,-5.42,-0.59,0.44,19.444,0.0,0.0,-0.0,0.0,0.0,0.0,24.79,3.31,24.86,24.82
816,13.6,25.433,37.223,-0.201,1.3531,-5.14,-0.25,0.46,18.081,0.0,0.0,-0.0,0.0,0.0,0.0,10.43,11.34,25.28,25.28
817,13.6167,25.464,37.251,-0.203,1.3553,-4.79,-0.26,0.55,26.167,0.0,0.0,-0.0,0.0,0.0,0.0,25.86,28.02,25.39,25.39
818,13.6333,25.494,37.281,-0.204,1.3554,-4.48,-0.6,0.66,20.437,0.0,0.0,-0.0,0.0,0.0,0.0,25.24,25.64,25.5,5.36
819,13.65,25.525,37.311,-0.204,1.3563,-4.31,-0.63,0.88,21.503,0.0,0.0,-0.0,0.0,0.0,0.0,25.22,20.95,26.15,13.69
820,13.6667,25.556,37.341,-0.205,1.3551,-4.55,-0.79,1.08,24.809,0.0,0.0,-0.0,0.0,0.0,0.0,25.49,22.64,25.56,25.55
821,13.6833,25.586,37.372,-0.205,1.3548,-4.33,-0.88,1.27,24.267,0.0,0.0,-0.0,0.0,0.0,0.0,26.26,26.08,26.27,18.46
822,13.7,25.617,37.405,-0.204,1.3554,-4.43,-0.62,1.36,18.719,0.0,0.0,-0.0,0.0,0.0,0.0,25.67,11.0,25.66,12.55
823,13.7167,25.647,37.438,-0.203,1.3537,-4.48,-0.69,1.61,25.608,0.0,0.0,-0.0,0.0,0.0,0.0,25.6,25.62,25.59,25.62
824,13.7333,25.678,37.471,-0.201,1.3509,-4.51,-0.96,1.82,29.998,0.0,0.0,-0.0,0.0,0.0,0.0,27.44,26.8,27.37,38.38
825,13.75,25.708,37.505,-0.198,1.3511,-5.01,-0.42,1.58,20.431,0.0,0.0,-0.0,0.0,0.0,0.0,25.84,18.86,26.18,10.85
826,13.7667,25.739,37.54,-0.196,1.3504,-5.25,-0.05,1.48,19.551,0.0,0.0,-0.0,0.0,0.0,0.0,25.39,1.68,25.57,25.57
827,13.7833,25.769,37.576,-0.196,1.3507,-5.12,0.48,1.58,22.481,0.0,0.0,-0.0,0.0,0.0,0.0,25.72,12.84,25.71,25.66
828,13.8,25.8,37.612,-0.196,1.3492,-4.79,0.74,1.64,22.81,0.0,0.0,-0.0,0.0,0.0,0.0,25.84,13.72,25.83,25.85
829,13.8167,25.831,37.649,-0.196,1.3467,-4.38,0.85,1.84,23.673,0.0,0.0,-0.0,0.0,0.0,0.0,25.72,25.73,25.73,17.52
830,13.8333,25.861,37.686,-0.195,1.3438,-4.28,1.08,1.89,22.713,0.0,0.0,-0.0,0.0,0.0,0.0,25.76,25.76,25.77,13.57
831,13.85,25.892,37.723,-0.193,1.3399,-4.47,1.25,1.86,25.819,0.0,0.0,-0.0,0.0,0.0,0.0,25.8,25.81,25.82,25.84
832,13.8667,25.922,37.76,-0.191,1.3358,-4.99,1.6,1.71,22.682,0.0,0.0,-0.0,0.0,0.0,0.0,25.84,25.86,25.86,13.16
833,13.8833,25.953,37.797,-0.189,1.3341,-4.97,2.68,1.81,22.296,0.0,0.0,-0.0,0.0,0.0,0.0,25.79,11.69,25.9,25.81
834,13.9,25.983,37.834,-0.187,1.3299,-4.96,3.12,1.96,25.873,0.0,0.0,-0.0,0.0,0.0,0.0,25.85,25.85,25.94,25.86
835,13.9167,26.014,37.872,-0.186,1.3235,-4.84,3.17,2.12,20.121,0.0,0.0,-0.0,0.0,0.0,0.0,25.73,2.75,25.95,26.05
836,13.9333,26.044,37.912,-0.185,1.3212,-4.47,3.97,2.26,22.943,0.0,0.0,-0.0,0.0,0.0,0.0,26.23,26.18,26.24,13.12
837,13.95,26.075,37.952,-0.184,1.3175,-4.52,4.5,2.15,21.787,0.0,0.0,-0.0,0.0,0.0,0.0,26.25,9.09,25.87,25.94
838,13.9667,26.106,37.992,-0.184,1.3133,-4.3,4.9,2.21,23.239,0.0,0.0,-0.0,0.0,0.0,0.0,26.02,14.66,26.11,26.16
839,13.9833,26.136,38.033,-0.185,1.3086,-3.81,5.23,2.43,26.03,0.0,0.0,-0.0,0.0,0.0,0.0,25.99,25.98,26.02,26.13
840,14.0,26.167,38.073,-0.184,1.3052,-3.95,6.26,2.16,22.927,0.0,0.0,-0.0,0.0,0.0,0.0,26.09,26.11,26.13,13.38
841,14.0167,26.197,38.113,-0.184,1.2998,-4.16,6.77,1.94,26.084,0.0,0.0,-0.0,0.0,0.0,0.0,26.06,26.06,26.12,26.11
842,14.0333,26.228,38.154,-0.183,1.2938,-4.23,7.22,1.8,21.959,0.0,0.0,-0.0,0.0,0.0,0.0,26.07,15.57,26.2,19.99
843,14.05,26.258,38.196,-0.182,1.2881,-4.0,7.73,1.88,23.743,0.0,0.0,-0.0,0.0,0.0,0.0,26.1,26.12,26.11,16.64
844,14.0667,26.289,38.237,-0.181,1.2806,-3.93,7.92,1.92,26.219,0.0,0.0,-0.0,0.0,0.0,0.0,26.21,26.24,26.2,26.23
845,14.0833,26.319,38.28,-0.18,1.2717,-3.7,7.22,1.93,23.941,0.0,0.0,-0.0,0.0,0.0,0.0,20.7,26.28,22.49,26.3
846,14.1,26.35,38.324,-0.18,1.2617,-3.51,5.85,2.0,24.367,0.0,0.0,-0.0,0.0,0.0,0.0,26.18,26.25,18.77,26.27
847,14.1167,26.381,38.368,-0.177,1.2558,-4.19,5.98,1.68,22.774,0.0,0.0,-0.0,0.0,0.0,0.0,20.02,26.2,26.31,18.57
848,14.1333,26.411,38.413,-0.173,1.2543,-4.27,6.48,1.93,21.64,0.0,0.0,-0.0,0.0,0.0,0.0,26.25,16.59,26.5,17.22
849,14.15,26.442,38.459,-0.169,1.2525,-4.31,6.97,2.16,21.184,0.0,0.0,-0.0,0.0,0.0,0.0,26.36,13.5,26.12,18.76
850,14.1667,26.472,38.505,-0.165,1.2494,-4.16,7.21,2.34,26.402,0.0,0.0,-0.0,0.0,0.0,0.0,26.4,26.36,26.44,26.41
851,14.1833,26.503,38.551,-0.16,1.2444,-4.17,7.21,2.6,25.481,0.0,0.0,-0.0,0.0,0.0,0.0,26.55,26.54,26.53,22.31
852,14.2,26.533,38.598,-0.157,1.2409,-3.83,7.86,3.02,23.817,0.0,0.0,-0.0,0.0,0.0,0.0,26.42,15.9,26.45,26.49
853,14.2167,26.564,38.644,-0.153,1.2358,-3.4,8.15,3.42,26.429,0.0,0.0,-0.0,0.0,0.0,0.0,26.39,26.44,26.41,26.48
854,14.2333,26.594,38.691,-0.149,1.2317,-3.56,8.97,3.43,24.447,0.0,0.0,-0.0,0.0,0.0,0.0,26.48,26.55,26.51,18.24
855,14.25,26.625,38.738,-0.144,1.2245,-3.66,9.13,3.48,20.955,0.0,0.0,-0.0,0.0,0.0,0.0,26.48,4.35,26.51,26.48
856,14.2667,26.656,38.786,-0.14,1.2154,-3.62,8.99,3.46,26.629,0.0,0.0,-0.0,0.0,0.0,0.0,26.62,26.62,26.64,26.64
857,14.2833,26.686,38.834,-0.136,1.2037,-3.6,8.45,3.47,26.655,0.0,0.0,-0.0,0.0,0.0,0.0,26.65,26.64,26.67,26.67
858,14.3,26.717,38.882,-0.131,1.1894,-3.62,7.6,3.52,26.659,0.0,0.0,-0.0,0.0,0.0,0.0,26.65,26.65,26.67,26.66
859,14.3167,26.747,38.931,-0.127,1.1724,-3.65,6.52,3.6,26.644,0.0,0.0,-0.0,0.0,0.0,0.0,26.63,26.64,26.65,26.65
860,14.3333,26.778,38.979,-0.122,1.161,-4.03,7.47,3.47,22.162,0.0,0.0,-0.0,0.0,0.0,0.0,27.0,17.5,26.53,17.62
861,14.35,26.808,39.027,-0.117,1.1515,-4.26,8.83,3.32,23.927,0.0,0.0,-0.0,0.0,0.0,0.0,26.47,26.57,26.59,16.08
862,14.3667,26.839,39.075,-0.111,1.142,-4.52,10.03,3.29,18.981,0.0,0.0,-0.0,0.0,0.0,0.0,26.84,13.31,26.83,8.93
863,14.3833,26.869,39.125,-0.106,1.1332,-4.38,11.22,3.48,24.305,0.0,0.0,-0.0,0.0,0.0,0.0,26.72,16.89,26.83,26.78
864,14.4,26.9,39.176,-0.105,1.1319,-3.94,11.5,3.38,23.963,0.0,0.0,-0.0,0.0,0.0,0.0,22.06,26.68,26.23,20.88
865,14.4167,26.931,39.225,-0.104,1.1377,-3.73,11.12,3.64,26.894,0.0,0.0,-0.0,0.0,0.0,0.0,26.9,26.89,26.9,26.89
866,14.4333,26.961,39.274,-0.104,1.1409,-3.5,10.37,3.87,26.906,0.0,0.0,-0.0,0.0,0.0,0.0,26.9,26.91,26.9,26.91
867,14.45,26.992,39.323,-0.103,1.1415,-3.31,9.37,4.04,26.902,0.0,0.0,-0.0,0.0,0.0,0.0,26.88,26.94,26.89,26.9
868,14.4667,27.022,39.373,-0.102,1.1394,-3.17,8.19,4.16,26.905,0.0,0.0,-0.0,0.0,0.0,0.0,26.86,26.94,26.92,26.89
869,14.4833,27.053,39.422,-0.101,1.1346,-3.09,6.88,4.25,26.923,0.0,0.0,-0.0,0.0,0.0,0.0,26.87,26.94,26.95,26.93
870,14.5,27.083,39.472,-0.101,1.1271,-3.07,5.5,4.33,26.944,0.0,0.0,-0.0,0.0,0.0,0.0,26.9,26.93,26.98,26.97
871,14.5167,27.114,39.521,-0.1,1.1169,-3.12,4.05,4.41,26.961,0.0,0.0,-0.0,0.0,0.0,0.0,26.93,26.93,26.98,27.0
872,14.5333,27.144,39.571,-0.099,1.104,-3.21,2.57,4.52,26.973,0.0,0.0,-0.0,0.0,0.0,0.0,26.95,26.94,26.99,27.02
873,14.55,27.175,39.62,-0.097,1.0969,-3.05,3.21,4.32,22.43,0.0,0.0,-0.0,0.0,0.0,0.0,26.97,17.96,26.95,17.85
874,14.5667,27.206,39.669,-0.093,1.0918,-2.9,4.4,4.17,24.585,0.0,0.0,-0.0,0.0,0.0,0.0,27.08,27.12,27.07,17.06
875,14.5833,27.236,39.718,-0.09,1.084,-2.71,4.87,4.14,27.111,0.0,0.0,-0.0,0.0,0.0,0.0,27.08,27.14,27.12,27.1
876,14.6,27.267,39.768,-0.087,1.0736,-2.49,4.89,4.17,27.228,0.0,0.0,-0.0,0.0,0.0,0.0,27.21,27.23,27.26,27.21
877,14.6167,27.297,39.818,-0.083,1.0607,-2.22,4.51,4.22,27.271,0.0,0.0,-0.0,0.0,0.0,0.0,27.26,27.26,27.28,27.28
878,14.6333,27.328,39.868,-0.08,1.0451,-1.89,3.78,4.27,27.3,0.0,0.0,-0.0,0.0,0.0,0.0,27.3,27.29,27.3,27.32
879,14.65,27.358,39.918,-0.076,1.0269,-1.55,2.78,4.31,27.291,0.0,0.0,-0.0,0.0,0.0,0.0,27.27,27.28,27.29,27.32
880,14.6667,27.389,39.966,-0.07,1.0146,-2.86,3.98,3.47,24.016,0.0,0.0,-0.0,0.0,0.0,0.0,27.1,27.16,27.14,14.67
881,14.6833,27.419,40.015,-0.064,1.002,-3.98,4.94,2.8,26.48,0.0,0.0,-0.0,0.0,0.0,0.0,28.14,22.37,27.72,27.69
882,14.7,27.45,40.063,-0.061,1.0082,-4.13,5.63,2.64,22.856,0.0,0.0,-0.0,0.0,0.0,0.0,22.93,25.07,15.79,27.64
883,14.7167,27.481,40.11,-0.061,1.0098,-3.68,4.99,2.28,27.293,0.0,0.0,-0.0,0.0,0.0,0.0,26.92,26.87,28.01,27.37
884,14.7333,27.511,40.157,-0.06,1.0085,-3.36,4.14,1.96,27.421,0.0,0.0,-0.0,0.0,0.0,0.0,27.38,27.36,27.5,27.45
885,14.75,27.542,40.205,-0.059,1.0069,-3.61,3.61,1.67,25.534,0.0,0.0,-0.0,0.0,0.0,0.0,27.35,27.29,27.46,20.03
886,14.7667,27.572,40.253,-0.058,1.0028,-3.85,2.78,1.44,27.527,0.0,0.0,-0.0,0.0,0.0,0.0,27.51,27.48,27.54,27.57
887,14.7833,27.603,40.3,-0.057,0.9961,-4.11,1.72,1.33,27.518,0.0,0.0,-0.0,0.0,0.0,0.0,27.49,27.48,27.5,27.6
888,14.8,27.633,40.348,-0.055,0.9867,-4.35,0.49,1.34,27.508,0.0,0.0,-0.0,0.0,0.0,0.0,27.49,27.48,27.49,27.57
889,14.8167,27.664,40.392,-0.054,0.9983,-4.25,-0.42,1.37,24.309,0.0,0.0,-0.0,0.0,0.0,0.0,22.2,27.29,27.34,20.41
890,14.8333,27.694,40.434,-0.054,1.01,-4.06,-1.56,1.45,27.598,0.0,0.0,-0.0,0.0,0.0,0.0,27.58,27.6,27.64,27.56
891,14.85,27.725,40.477,-0.054,1.0195,-3.87,-2.76,1.54,23.996,0.0,0.0,-0.0,0.0,0.0,0.0,27.24,27.19,27.3,14.26
892,14.8667,27.756,40.519,-0.052,1.0284,-3.82,-3.75,1.57,24.833,0.0,0.0,-0.0,0.0,0.0,0.0,27.71,27.64,27.68,16.3
893,14.8833,27.786,40.562,-0.049,1.0367,-3.78,-4.55,1.35,27.747,0.0,0.0,-0.0,0.0,0.0,0.0,27.75,27.72,27.75,27.77
894,14.9,27.817,40.604,-0.047,1.0424,-3.7,-5.6,1.16,27.724,0.0,0.0,-0.0,0.0,0.0,0.0,27.7,27.7,27.73,27.76
895,14.9167,27.847,40.647,-0.044,1.0455,-3.66,-6.82,1.01,24.411,0.0,0.0,-0.0,0.0,0.0,0.0,27.42,27.44,27.43,15.35
896,14.9333,27.878,40.69,-0.043,1.0469,-4.12,-8.06,1.13,27.754,0.0,0.0,-0.0,0.0,0.0,0.0,27.75,27.73,27.77,27.77
897,14.95,27.908,40.733,-0.041,1.0455,-4.56,-9.41,1.21,27.772,0.0,0.0,-0.0,0.0,0.0,0.0,27.76,27.76,27.8,27.78
898,14.9667,27.939,40.776,-0.04,1.0415,-5.01,-10.84,1.3,27.788,0.0,0.0,-0.0,0.0,0.0,0.0,27.77,27.76,27.82,27.8
899,14.9833,27.969,40.819,-0.041,1.0424,-4.32,-10.88,1.77,23.611,0.0,0.0,-0.0,0.0,0.0,0.0,27.82,17.96,27.84,20.82
900,15.0,28.0,40.864,-0.04,1.0439,-4.05,-10.73,1.89,23.128,0.0,0.0,-0.0,0.0,0.0,0.0,27.8,18.38,27.83,18.5
901,15.0167,28.0,40.908,-0.038,1.0451,-4.01,-10.55,1.96,25.942,0.0,0.0,-0.0,0.0,0.0,0.0,28.03,28.02,28.02,19.69
902,15.0333,28.0,40.953,-0.036,1.0448,-4.29,-10.46,2.07,25.242,0.0,0.0,-0.0,0.0,0.0,0.0,28.09,28.09,28.1,16.69
903,15.05,28.0,40.997,-0.032,1.0451,-4.61,-10.24,1.98,23.61,0.0,0.0,-0.0,0.0,0.0,0.0,27.8,10.8,27.92,27.91
904,15.0667,28.0,41.042,-0.028,1.0432,-4.88,-10.39,2.01,27.978,0.0,0.0,-0.0,0.0,0.0,0.0,27.98,27.96,28.0,27.98
905,15.0833,28.0,41.086,-0.026,1.0426,-4.55,-10.17,2.37,24.528,0.0,0.0,-0.0,0.0,0.0,0.0,27.94,14.21,27.99,27.96
906,15.1,28.0,41.13,-0.025,1.0408,-3.99,-10.15,2.8,27.962,0.0,0.0,-0.0,0.0,0.0,0.0,27.95,27.95,27.96,27.99
907,15.1167,28.0,41.172,-0.025,1.0413,-2.59,-9.07,3.71,24.175,0.0,0.0,-0.0,0.0,0.0,0.0,27.97,12.77,27.96,28.0
908,15.1333,28.0,41.215,-0.026,1.0401,-1.16,-8.68,4.25,27.828,0.0,0.0,-0.0,0.0,0.0,0.0,27.69,28.0,27.74,27.88
909,15.15,28.0,41.257,-0.026,1.0384,-0.29,-8.15,4.47,24.371,0.0,0.0,-0.0,0.0,0.0,0.0,28.09,28.09,28.09,13.21
910,15.1667,28.0,41.299,-0.024,1.0369,0.18,-7.64,4.42,27.88,0.0,0.0,-0.0,0.0,0.0,0.0,27.85,27.84,27.84,27.98
911,15.1833,28.0,41.341,-0.022,1.0347,0.34,-7.23,4.21,24.363,0.0,0.0,-0.0,0.0,0.0,0.0,28.03,28.02,28.02,13.38
912,15.2,28.0,41.382,-0.02,1.0314,0.15,-7.01,3.94,27.947,0.0,0.0,-0.0,0.0,0.0,0.0,27.96,27.94,27.95,27.94
913,15.2167,28.0,41.424,-0.016,1.0274,-0.28,-6.8,3.46,24.326,0.0,0.0,-0.0,0.0,0.0,0.0,28.04,28.04,28.04,13.19
914,15.2333,28.0,41.466,-0.012,1.0223,-1.03,-6.76,3.04,27.921,0.0,0.0,-0.0,0.0,0.0,0.0,27.9,27.95,27.9,27.94
915,15.25,28.0,41.509,-0.01,1.0192,-1.0,-6.26,2.96,25.009,0.0,0.0,-0.0,0.0,0.0,0.0,27.92,16.23,27.89,28.0
916,15.2667,28.0,41.552,-0.01,1.0204,-0.61,-6.15,2.76,22.158,0.0,0.0,-0.0,0.0,0.0,0.0,18.16,24.45,27.83,18.19
917,15.2833,28.0,41.595,-0.01,1.0264,-0.52,-6.5,2.45,27.976,0.0,0.0,-0.0,0.0,0.0,0.0,27.92,27.99,27.99,28.0
918,15.3,28.0,41.637,-0.01,1.0292,-0.47,-7.27,2.31,27.975,0.0,0.0,-0.0,0.0,0.0,0.0,27.96,27.96,27.98,28.0
919,15.3167,28.0,41.674,-0.01,1.0381,0.48,-5.48,2.88,20.757,0.0,0.0,-0.0,0.0,0.0,0.0,27.94,13.6,27.96,13.52
920,15.3333,28.0,41.712,-0.01,1.0436,1.12,-4.84,3.13,27.865,0.0,0.0,-0.0,0.0,0.0,0.0,27.87,27.81,27.87,27.91
921,15.35,28.0,41.751,-0.01,1.0467,1.79,-4.74,3.3,27.939,0.0,0.0,-0.0,0.0,0.0,0.0,27.95,27.91,27.92,27.98
922,15.3667,28.0,41.79,-0.01,1.0472,2.5,-5.07,3.4,27.956,0.0,0.0,-0.0,0.0,0.0,0.0,27.95,27.96,27.93,27.98
923,15.3833,28.0,41.828,-0.009,1.0491,2.46,-4.71,3.08,24.288,0.0,0.0,-0.0,0.0,0.0,0.0,27.91,27.98,27.97,13.29
924,15.4,28.0,41.866,-0.007,1.0491,2.36,-4.67,2.66,27.967,0.0,0.0,-0.0,0.0,0.0,0.0,27.96,27.94,27.97,28.0
925,15.4167,28.0,41.904,-0.005,1.0466,2.22,-5.02,2.21,27.985,0.0,0.0,-0.0,0.0,0.0,0.0,28.0,27.94,28.0,28.0
926,15.4333,28.0,41.942,-0.001,1.048,1.75,-5.11,2.07,22.271,0.0,0.0,-0.0,0.0,0.0,0.0,16.71,28.04,28.02,16.31
927,15.45,28.0,41.978,0.002,1.0545,1.24,-5.75,1.93,27.991,0.0,0.0,-0.0,0.0,0.0,0.0,27.99,27.98,27.99,28.0
928,15.4667,28.0,42.014,0.006,1.0584,0.67,-6.67,1.82,27.953,0.0,0.0,-0.0,0.0,0.0,0.0,27.97,27.93,27.93,27.98
929,15.4833,28.0,42.051,0.009,1.0622,0.56,-7.33,1.86,24.888,0.0,0.0,-0.0,0.0,0.0,0.0,27.9,15.81,27.9,27.95
930,15.5,28.0,42.088,0.011,1.0664,0.84,-7.77,2.05,24.639,0.0,0.0,-0.0,0.0,0.0,0.0,28.03,14.53,28.0,28.0
931,15.5167,28.0,42.125,0.012,1.0694,1.17,-8.3,2.34,27.99,0.0,0.0,-0.0,0.0,0.0,0.0,27.98,27.99,28.0,27.99
932,15.5333,28.0,42.156,0.013,1.0772,2.32,-6.63,3.43,20.059,0.0,0.0,-0.0,0.0,0.0,0.0,28.02,11.54,27.99,12.69
933,15.55,28.0,42.19,0.015,1.0825,2.8,-6.04,3.8,26.208,0.0,0.0,-0.0,0.0,0.0,0.0,27.89,27.75,27.92,21.28
934,15.5667,28.0,42.225,0.016,1.0862,3.44,-5.8,4.11,23.544,0.0,0.0,-0.0,0.0,0.0,0.0,27.87,10.58,27.84,27.89
935,15.5833,28.0,42.26,0.018,1.0881,3.98,-5.95,4.31,23.459,0.0,0.0,-0.0,0.0,0.0,0.0,27.49,27.49,27.45,11.4
936,15.6,28.0,42.295,0.021,1.0897,4.19,-6.1,4.43,27.993,0.0,0.0,-0.0,0.0,0.0,0.0,28.0,27.99,27.99,28.0
937,15.6167,28.0,42.331,0.024,1.0888,4.5,-6.67,4.46,27.982,0.0,0.0,-0.0,0.0,0.0,0.0,27.97,27.98,27.99,27.98
938,15.6333,28.0,42.366,0.028,1.09,4.07,-6.35,4.04,24.055,0.0,0.0,-0.0,0.0,0.0,0.0,27.94,28.0,28.0,12.28
939,15.65,28.0,42.401,0.032,1.0897,3.69,-6.32,3.66,23.761,0.0,0.0,-0.0,0.0,0.0,0.0,27.65,12.01,27.66,27.72
940,15.6667,28.0,42.436,0.034,1.0896,3.44,-6.18,3.56,27.983,0.0,0.0,-0.0,0.0,0.0,0.0,28.0,27.96,28.0,27.98
941,15.6833,28.0,42.472,0.036,1.0887,3.54,-6.07,3.38,24.203,0.0,0.0,-0.0,0.0,0.0,0.0,28.02,12.8,28.0,28.0
942,15.7,28.0,42.507,0.038,1.0885,3.9,-5.79,3.42,27.735,0.0,0.0,-0.0,0.0,0.0,0.0,27.89,27.83,27.87,27.35
943,15.7167,28.0,42.542,0.039,1.0867,4.06,-5.79,3.44,23.619,0.0,0.0,-0.0,0.0,0.0,0.0,27.62,27.65,27.58,11.63
944,15.7333,28.0,42.578,0.042,1.085,3.99,-5.69,3.19,24.402,0.0,0.0,-0.0,0.0,0.0,0.0,27.86,13.96,27.92,27.86
945,15.75,28.0,42.614,0.045,1.0826,3.62,-5.62,2.87,24.13,0.0,0.0,-0.0,0.0,0.0,0.0,28.05,28.06,28.07,12.34
946,15.7667,28.0,42.649,0.048,1.0818,3.42,-5.04,2.73,23.815,0.0,0.0,-0.0,0.0,0.0,0.0,28.07,11.19,28.0,28.0
947,15.7833,28.0,42.683,0.049,1.0838,4.03,-3.61,3.17,23.71,0.0,0.0,-0.0,0.0,0.0,0.0,27.98,10.84,28.0,28.02
948,15.8,28.0,42.717,0.05,1.0838,4.64,-2.84,3.53,23.609,0.0,0.0,-0.0,0.0,0.0,0.0,27.88,10.72,27.86,27.97
949,15.8167,28.0,42.751,0.049,1.0836,5.42,-2.38,3.82,23.997,0.0,0.0,-0.0,0.0,0.0,0.0,27.92,12.23,27.86,27.98
950,15.8333,28.0,42.787,0.05,1.0825,5.99,-2.09,3.89,24.063,0.0,0.0,-0.0,0.0,0.0,0.0,27.98,27.97,27.96,12.35
951,15.85,28.0,42.822,0.05,1.0808,6.16,-1.83,3.75,27.925,0.0,0.0,-0.0,0.0,0.0,0.0,27.92,27.91,27.95,27.92
952,15.8667,28.0,42.857,0.052,1.0785,6.11,-1.55,3.43,19.312,0.0,0.0,-0.0,0.0,0.0,0.0,27.78,27.79,10.58,11.09
953,15.8833,28.0,42.892,0.055,1.0769,5.8,-1.43,3.02,23.071,0.0,0.0,-0.0,0.0,0.0,0.0,27.87,8.66,27.87,27.87
954,15.9,28.0,42.929,0.056,1.0746,5.67,-1.44,2.64,25.883,0.0,0.0,-0.0,0.0,0.0,0.0,27.9,19.65,27.99,27.99
955,15.9167,28.0,42.967,0.058,1.0734,5.58,-1.24,2.44,17.74,0.0,0.0,-0.0,0.0,0.0,0.0,27.92,27.91,1.2,13.93
956,15.9333,28.0,43.005,0.061,1.0751,5.33,-1.07,2.21,24.227,0.0,0.0,-0.0,0.0,0.0,0.0,27.82,14.24,26.85,28.0
957,15.95,28.0,43.043,0.063,1.0759,5.28,-0.96,2.13,27.963,0.0,0.0,-0.0,0.0,0.0,0.0,27.95,27.96,27.94,28.0
958,15.9667,28.0,43.082,0.065,1.0768,5.26,-1.17,1.98,20.8,0.0,0.0,-0.0,0.0,0.0,0.0,27.37,17.97,10.34,27.53
959,15.9833,28.0,43.12,0.064,1.0801,5.52,-1.09,1.49,27.946,0.0,0.0,-0.0,0.0,0.0,0.0,27.94,27.98,27.93,27.93
960,16.0,28.0,43.158,0.064,1.0809,5.76,-1.47,1.08,28.37,0.0,0.0,-0.0,0.0,0.0,0.0,27.37,27.37,31.38,27.36
961,16.0167,28.0,43.196,0.063,1.0797,5.7,-2.09,0.8,16.833,0.0,0.0,-0.0,0.0,0.0,0.0,27.9,27.89,27.96,-16.42
962,16.0333,28.0,43.237,0.064,1.0811,5.62,-2.11,0.57,22.281,0.0,0.0,-0.0,0.0,0.0,0.0,27.89,18.54,27.8,14.9
963,16.05,28.0,43.279,0.064,1.0826,5.6,-2.05,0.34,24.843,0.0,0.0,-0.0,0.0,0.0,0.0,27.78,15.91,27.84,27.84
964,16.0667,28.0,43.319,0.065,1.0833,6.19,-1.99,0.05,25.359,0.0,0.0,-0.0,0.0,0.0,0.0,27.9,27.86,27.87,17.8
965,16.0833,28.0,43.36,0.064,1.0833,6.0,-1.92,-0.07,23.748,0.0,0.0,-0.0,0.0,0.0,0.0,27.58,27.58,27.65,12.18
966,16.1,28.0,43.401,0.064,1.0824,5.62,-1.88,-0.37,27.98,0.0,0.0,-0.0,0.0,0.0,0.0,27.97,27.98,28.0,27.97
967,16.1167,28.0,43.442,0.064,1.0808,5.48,-1.83,-0.53,24.695,0.0,0.0,-0.0,0.0,0.0,0.0,28.06,14.72,28.0,28.0
968,16.1333,28.0,43.483,0.062,1.0789,5.58,-1.73,-0.51,27.983,0.0,0.0,-0.0,0.0,0.0,0.0,28.0,27.98,27.98,27.99
969,16.15,28.0,43.524,0.06,1.0768,5.56,-1.57,-0.67,23.8,0.0,0.0,-0.0,0.0,0.0,0.0,27.91,24.49,27.99,14.81
970,16.1667,28.0,43.566,0.059,1.0751,5.55,-1.14,-0.87,25.344,0.0,0.0,-0.0,0.0,0.0,0.0,27.98,17.43,27.98,27.99
971,16.1833,28.0,43.607,0.058,1.0727,5.55,-0.87,-0.94,22.594,0.0,0.0,-0.0,0.0,0.0,0.0,27.85,27.71,27.88,6.94
972,16.2,28.0,43.65,0.056,1.0692,5.67,-0.78,-1.0,24.436,0.0,0.0,-0.0,0.0,0.0,0.0,27.63,14.39,27.86,27.86
973,16.2167,28.0,43.692,0.053,1.0654,6.05,-0.66,-0.9,27.965,0.0,0.0,-0.0,0.0,0.0,0.0,27.96,27.92,27.97,28.0
974,16.2333,28.0,43.734,0.051,1.059,6.45,-0.97,-0.86,27.994,0.0,0.0,-0.0,0.0,0.0,0.0,27.99,27.98,28.0,28.0
975,16.25,28.0,43.777,0.049,1.0561,6.3,-0.22,-1.1,21.137,0.0,0.0,-0.0,0.0,0.0,0.0,27.87,14.27,27.99,14.42
976,16.2667,28.0,43.82,0.046,1.0515,6.69,0.16,-1.07,27.926,0.0,0.0,-0.0,0.0,0.0,0.0,27.91,27.96,27.9,27.94
977,16.2833,28.0,43.862,0.044,1.0485,6.48,1.06,-1.38,24.669,0.0,0.0,-0.0,0.0,0.0,0.0,27.94,28.0,27.94,14.79
978,16.3,28.0,43.905,0.042,1.0434,6.08,1.56,-1.75,24.402,0.0,0.0,-0.0,0.0,0.0,0.0,27.98,27.98,28.03,13.62
979,16.3167,28.0,43.948,0.04,1.0399,5.59,2.5,-2.1,24.463,0.0,0.0,-0.0,0.0,0.0,0.0,28.05,13.83,27.99,27.98
980,16.3333,28.0,43.99,0.038,1.0357,5.35,3.14,-2.29,27.894,0.0,0.0,-0.0,0.0,0.0,0.0,27.89,27.87,27.92,27.9
981,16.35,28.0,44.032,0.034,1.0309,5.39,3.74,-2.33,24.447,0.0,0.0,-0.0,0.0,0.0,0.0,28.06,13.73,28.0,28.0
982,16.3667,28.0,44.074,0.03,1.0256,5.66,4.23,-2.22,27.891,0.0,0.0,-0.0,0.0,0.0,0.0,27.9,27.83,27.88,27.95
983,16.3833,28.0,44.116,0.026,1.0179,5.86,4.23,-2.12,27.969,0.0,0.0,-0.0,0.0,0.0,0.0,27.97,27.94,27.96,28.0
984,16.4,28.0,44.159,0.022,1.0127,6.4,5.03,-1.87,21.704,0.0,0.0,-0.0,0.0,0.0,0.0,27.99,15.37,27.98,15.48
985,16.4167,28.0,44.202,0.023,1.0144,6.04,4.99,-1.78,23.104,0.0,0.0,-0.0,0.0,0.0,0.0,27.86,27.86,18.63,18.07
986,16.4333,28.0,44.245,0.023,1.0139,5.66,4.34,-1.89,27.97,0.0,0.0,-0.0,0.0,0.0,0.0,27.99,27.96,27.93,28.0
987,16.45,28.0,44.288,0.023,1.0108,5.42,3.4,-2.0,27.954,0.0,0.0,-0.0,0.0,0.0,0.0,27.97,27.92,27.94,27.99
988,16.4667,28.0,44.331,0.024,1.0051,5.3,2.25,-2.14,27.925,0.0,0.0,-0.0,0.0,0.0,0.0,27.93,27.9,27.92,27.96
989,16.4833,28.0,44.374,0.024,0.9968,5.26,0.96,-2.31,27.898,0.0,0.0,-0.0,0.0,0.0,0.0,27.88,27.87,27.89,27.95
990,16.5,28.0,44.417,0.022,0.9959,5.17,2.16,-2.26,20.125,0.0,0.0,-0.0,0.0,0.0,0.0,28.07,11.56,28.11,12.76
991,16.5167,28.0,44.459,0.021,0.9941,4.56,3.33,-2.57,24.738,0.0,0.0,-0.0,0.0,0.0,0.0,27.76,15.44,27.84,27.91
992,16.5333,28.0,44.501,0.019,0.9911,4.16,4.07,-2.79,23.385,0.0,0.0,-0.0,0.0,0.0,0.0,27.84,10.07,27.87,27.76
993,16.55,28.0,44.544,0.016,0.9878,3.95,4.68,-2.86,24.801,0.0,0.0,-0.0,0.0,0.0,0.0,27.87,15.36,27.99,27.99
994,16.5667,28.0,44.585,0.012,0.9847,4.11,5.32,-2.74,27.899,0.0,0.0,-0.0,0.0,0.0,0.0,27.88,27.89,27.91,27.92
995,16.5833,28.0,44.627,0.009,0.979,4.15,5.45,-2.67,27.979,0.0,0.0,-0.0,0.0,0.0,0.0,27.97,27.97,27.97,28.0
996,16.6,28.0,44.67,0.004,0.9727,4.5,5.62,-2.52,25.058,0.0,0.0,-0.0,0.0,0.0,0.0,28.01,16.23,28.0,28.0
997,16.6167,28.0,44.712,-0.0,0.9653,4.97,5.61,-2.33,27.957,0.0,0.0,-0.0,0.0,0.0,0.0,27.95,27.94,27.94,28.0
998,16.6333,28.0,44.755,-0.003,0.9601,4.77,4.17,-1.96,27.28,0.0,0.0,-0.0,0.0,0.0,0.0,28.04,28.04,25.03,28.0
999,16.65,28.0,44.797,-0.005,0.9535,4.61,2.51,-1.61,27.807,0.0,0.0,-0.0,0.0,0.0,0.0,27.86,27.75,27.79,27.82
1000,16.6667,28.0,44.84,-0.007,0.946,4.96,1.21,-1.42,25.198,0.0,0.0,-0.0,0.0,0.0,0.0,28.11,16.68,28.0,28.0
1001,16.6833,28.0,44.883,-0.008,0.9469,4.71,2.44,-1.7,23.948,0.0,0.0,-0.0,0.0,0.0,0.0,28.08,28.2,28.08,11.42
1002,16.7,28.0,44.926,-0.011,0.9449,4.85,2.98,-1.69,24.665,0.0,0.0,-0.0,0.0,0.0,0.0,27.94,14.72,28.0,28.0
1003,16.7167,28.0,44.969,-0.015,0.9426,4.95,3.45,-1.65,23.916,0.0,0.0,-0.0,0.0,0.0,0.0,27.63,27.62,27.59,12.82
1004,16.7333,28.0,45.013,-0.018,0.9389,4.79,3.7,-1.7,27.948,0.0,0.0,-0.0,0.0,0.0,0.0,27.91,27.94,27.95,28.0
1005,16.75,28.0,45.057,-0.019,0.9411,4.76,3.58,-1.58,19.888,0.0,0.0,-0.0,0.0,0.0,0.0,27.97,17.08,16.28,18.21
1006,16.7667,28.0,45.099,-0.021,0.9469,4.75,3.35,-1.63,27.999,0.0,0.0,-0.0,0.0,0.0,0.0,28.0,28.0,28.0,28.0
1007,16.7833,28.0,45.142,-0.023,0.9502,4.67,2.72,-1.76,27.992,0.0,0.0,-0.0,0.0,0.0,0.0,28.0,27.99,28.0,27.98
1008,16.8,28.0,45.185,-0.025,0.9509,4.51,1.79,-1.92,27.981,0.0,0.0,-0.0,0.0,0.0,0.0,27.97,27.99,28.0,27.97
1009,16.8167,28.0,45.228,-0.028,0.9488,4.28,0.64,-2.06,27.94,0.0,0.0,-0.0,0.0,0.0,0.0,27.92,27.92,27.96,27.96
1010,16.8333,28.0,45.271,-0.03,0.9442,4.01,-0.66,-2.16,27.9,0.0,0.0,-0.0,0.0,0.0,0.0,27.88,27.87,27.9,27.95
1011,16.85,28.0,45.314,-0.032,0.9368,3.73,-2.06,-2.21,27.872,0.0,0.0,-0.0,0.0,0.0,0.0,27.85,27.84,27.85,27.94
1012,16.8667,28.0,45.357,-0.036,0.9343,4.69,-1.72,-1.64,22.235,0.0,0.0,-0.0,0.0,0.0,0.0,28.21,12.31,28.0,20.42
1013,16.8833,28.0,45.396,-0.04,0.9363,4.91,-1.76,-1.21,22.872,0.0,0.0,-0.0,0.0,0.0,0.0,27.47,26.05,17.73,20.23
1014,16.9,28.0,45.436,-0.04,0.9418,4.76,-2.31,-1.14,25.446,0.0,0.0,-0.0,0.0,0.0,0.0,28.0,27.9,27.97,17.92
1015,16.9167,28.0,45.476,-0.04,0.9462,4.45,-2.89,-1.11,25.295,0.0,0.0,-0.0,0.0,0.0,0.0,28.01,27.98,28.02,17.17
1016,16.9333,28.0,45.517,-0.04,0.9507,4.19,-3.29,-1.08,25.116,0.0,0.0,-0.0,0.0,0.0,0.0,27.98,16.48,28.0,28.0
1017,16.95,28.0,45.556,-0.04,0.9548,4.69,-3.51,-1.12,27.971,0.0,0.0,-0.0,0.0,0.0,0.0,27.98,27.95,27.97,27.98
1018,16.9667,28.0,45.596,-0.04,0.9562,5.22,-4.11,-1.25,27.967,0.0,0.0,-0.0,0.0,0.0,0.0,27.95,27.97,27.97,27.98
1019,16.9833,28.0,45.636,-0.04,0.9581,4.78,-4.23,-1.43,25.513,0.0,0.0,-0.0,0.0,0.0,0.0,27.95,27.97,27.97,18.16
1020,17.0,28.0,45.676,-0.04,0.9578,4.31,-4.59,-1.74,27.994,0.0,0.0,-0.0,0.0,0.0,0.0,28.0,27.98,28.0,28.0
1021,17.0167,28.0,45.715,-0.04,0.955,3.82,-5.28,-2.07,27.983,0.0,0.0,-0.0,0.0,0.0,0.0,27.99,27.94,28.0,28.0
1022,17.0333,28.0,45.755,-0.04,0.9495,3.29,-6.24,-2.38,27.946,0.0,0.0,-0.0,0.0,0.0,0.0,27.95,27.9,27.98,27.96
1023,17.05,28.0,45.796,-0.043,0.9483,3.38,-6.06,-2.25,20.843,0.0,0.0,-0.0,0.0,0.0,0.0,27.77,15.65,27.8,12.16
1024,17.0667,28.0,45.838,-0.046,0.9484,3.38,-5.6,-2.16,25.228,0.0,0.0,-0.0,0.0,0.0,0.0,28.22,16.8,27.89,28.0
1025,17.0833,28.0,45.878,-0.047,0.9525,3.41,-5.85,-2.06,24.148,0.0,0.0,-0.0,0.0,0.0,0.0,27.77,17.57,23.48,27.77
1026,17.1,28.0,45.916,-0.046,0.9641,3.27,-6.84,-1.79,27.952,0.0,0.0,-0.0,0.0,0.0,0.0,27.96,27.96,27.92,27.96
1027,17.1167,28.0,45.953,-0.045,0.9731,3.16,-8.03,-1.54,27.931,0.0,0.0,-0.0,0.0,0.0,0.0,27.95,27.89,27.93,27.95
1028,17.1333,28.0,45.99,-0.044,0.9794,3.13,-9.35,-1.32,27.903,0.0,0.0,-0.0,0.0,0.0,0.0,27.94,27.84,27.92,27.91
1029,17.15,28.0,46.027,-0.044,0.9849,3.3,-10.4,-0.98,25.111,0.0,0.0,-0.0,0.0,0.0,0.0,28.08,16.37,28.0,28.0
1030,17.1667,28.0,46.064,-0.044,0.9896,3.9,-11.3,-0.75,27.932,0.0,0.0,-0.0,0.0,0.0,0.0,27.92,27.94,27.96,27.92
1031,17.1833,28.0,46.102,-0.045,0.9927,4.29,-12.33,-0.5,19.713,0.0,0.0,-0.0,0.0,0.0,0.0,28.19,16.24,27.68,6.74
1032,17.2,28.0,46.136,-0.043,1.0011,3.36,-10.93,-1.26,23.972,0.0,0.0,-0.0,0.0,0.0,0.0,27.87,27.96,27.89,12.17
1033,17.2167,28.0,46.171,-0.042,1.0054,2.82,-10.74,-1.75,27.909,0.0,0.0,-0.0,0.0,0.0,0.0,27.89,27.99,27.94,27.82
1034,17.2333,28.0,46.206,-0.042,1.0088,2.26,-10.74,-2.02,24.573,0.0,0.0,-0.0,0.0,0.0,0.0,28.03,14.26,28.0,28.0
1035,17.25,28.0,46.242,-0.043,1.0117,1.97,-10.85,-2.31,23.586,0.0,0.0,-0.0,0.0,0.0,0.0,27.86,10.65,27.92,27.91
1036,17.2667,28.0,46.279,-0.044,1.0123,1.53,-11.31,-2.53,27.985,0.0,0.0,-0.0,0.0,0.0,0.0,27.99,27.97,28.0,27.98
1037,17.2833,28.0,46.314,-0.047,1.0148,1.57,-11.16,-2.51,24.109,0.0,0.0,-0.0,0.0,0.0,0.0,27.96,12.56,27.96,27.96
1038,17.3,28.0,46.35,-0.05,1.0155,1.67,-11.2,-2.4,27.973,0.0,0.0,-0.0,0.0,0.0,0.0,27.97,27.98,27.97,27.98
1039,17.3167,28.0,46.386,-0.054,1.0147,1.86,-11.5,-2.31,24.546,0.0,0.0,-0.0,0.0,0.0,0.0,27.42,15.18,27.79,27.8
1040,17.3333,28.0,46.422,-0.058,1.0148,2.35,-11.6,-2.07,20.954,0.0,0.0,-0.0,0.0,0.0,0.0,27.92,28.22,27.86,-0.18
1041,17.35,28.0,46.458,-0.061,1.0156,2.49,-11.58,-1.93,24.315,0.0,0.0,-0.0,0.0,0.0,0.0,27.98,27.99,28.0,13.29
1042,17.3667,28.0,46.496,-0.062,1.016,2.29,-11.61,-1.83,22.761,0.0,0.0,-0.0,0.0,0.0,0.0,27.78,27.89,27.81,7.57
1043,17.3833,28.0,46.534,-0.064,1.015,1.86,-11.93,-1.65,27.988,0.0,0.0,-0.0,0.0,0.0,0.0,27.98,27.97,28.0,28.0
1044,17.4,28.0,46.572,-0.066,1.0148,2.13,-11.98,-1.44,23.66,0.0,0.0,-0.0,0.0,0.0,0.0,28.02,10.61,28.0,28.0
1045,17.4167,28.0,46.604,-0.069,1.0177,1.68,-10.23,-1.95,22.995,0.0,0.0,-0.0,0.0,0.0,0.0,27.93,27.94,27.93,8.18
1046,17.4333,28.0,46.637,-0.071,1.0209,1.27,-8.77,-2.48,15.705,0.0,0.0,-0.0,0.0,0.0,0.0,27.74,-1.77,27.33,9.53
1047,17.45,28.0,46.67,-0.074,1.0245,0.95,-7.74,-2.87,21.539,0.0,0.0,-0.0,0.0,0.0,0.0,27.93,28.2,27.78,2.25
1048,17.4667,28.0,46.705,-0.076,1.0268,0.5,-7.25,-3.19,22.955,0.0,0.0,-0.0,0.0,0.0,0.0,27.78,27.99,27.96,8.1
1049,17.4833,28.0,46.73,-0.075,1.0351,-0.07,-7.91,-3.88,20.916,0.0,0.0,-0.0,0.0,0.0,0.0,13.35,28.08,13.17,29.06
1050,17.5,28.0,46.737,-0.07,1.0507,0.43,-9.54,-4.36,28.581,0.0,0.0,-0.0,0.0,0.0,0.0,27.08,27.88,27.72,31.64
1051,17.5167,28.0,46.744,-0.065,1.063,0.85,-11.06,-4.77,27.825,0.0,0.0,-0.0,0.0,0.0,0.0,27.76,27.84,27.84,27.86
1052,17.5333,28.0,46.751,-0.06,1.0731,0.92,-12.63,-4.92,27.781,0.0,0.0,-0.0,0.0,0.0,0.0,27.64,27.76,27.72,28.0
1053,17.55,28.0,46.758,-0.055,1.08,1.07,-14.19,-5.15,27.806,0.0,0.0,-0.0,0.0,0.0,0.0,27.78,27.81,27.88,27.75
1054,17.5667,28.0,46.766,-0.051,1.0855,0.5,-15.77,-4.9,29.372,0.0,0.0,-0.0,0.0,0.0,0.0,27.91,27.73,27.83,34.01
1055,17.5833,28.0,46.775,-0.048,1.0916,-0.03,-17.18,-4.73,22.091,0.0,0.0,-0.0,0.0,0.0,0.0,27.88,7.7,27.87,24.92
1056,17.6,28.0,46.786,-0.048,1.099,-0.11,-18.36,-4.58,27.879,0.0,0.0,-0.0,0.0,0.0,0.0,27.8,28.0,27.86,27.85
1057,17.6167,28.0,46.797,-0.048,1.105,0.03,-19.58,-4.45,17.57,0.0,0.0,-0.0,0.0,0.0,0.0,27.8,5.81,27.87,8.81
1058,17.6333,28.0,46.81,-0.049,1.1125,-0.03,-20.76,-4.25,19.068,0.0,0.0,-0.0,0.0,0.0,0.0,27.93,9.76,27.93,10.65
1059,17.65,28.0,46.825,-0.05,1.12,-0.07,-21.99,-4.02,18.017,0.0,0.0,-0.0,0.0,0.0,0.0,27.48,9.04,27.67,7.89
1060,17.6667,28.0,46.841,-0.052,1.1284,-0.09,-23.28,-3.82,23.588,0.0,0.0,-0.0,0.0,0.0,0.0,27.9,11.28,27.87,27.3
1061,17.6833,28.0,46.858,-0.054,1.1358,0.03,-24.63,-3.78,17.532,0.0,0.0,-0.0,0.0,0.0,0.0,27.85,6.24,27.65,8.39
1062,17.7,28.0,46.877,-0.057,1.143,0.02,-26.1,-3.78,21.026,0.0,0.0,-0.0,0.0,0.0,0.0,27.88,14.01,27.96,14.26
1063,17.7167,28.0,46.897,-0.059,1.1504,-0.25,-27.5,-3.73,25.367,0.0,0.0,-0.0,0.0,0.0,0.0,27.82,27.84,27.89,17.91
1064,17.7333,28.0,46.916,-0.062,1.1565,-0.23,-28.76,-3.79,21.913,0.0,0.0,-0.0,0.0,0.0,0.0,27.78,3.94,28.0,27.93
1065,17.75,28.0,46.934,-0.067,1.1654,0.62,-29.29,-3.81,25.064,0.0,0.0,-0.0,0.0,0.0,0.0,28.75,15.5,28.0,28.0
1066,17.7667,28.0,46.949,-0.075,1.1774,1.65,-29.26,-3.38,27.845,0.0,0.0,-0.0,0.0,0.0,0.0,27.85,27.73,27.84,27.96
1067,17.7833,28.0,46.961,-0.082,1.1892,2.11,-28.4,-3.44,22.216,0.0,0.0,-0.0,0.0,0.0,0.0,27.91,27.85,27.93,5.17
1068,17.8,28.0,46.973,-0.088,1.1998,2.62,-28.02,-3.5,28.495,0.0,0.0,-0.0,0.0,0.0,0.0,28.01,27.94,28.02,30.01
1069,17.8167,28.0,46.984,-0.093,1.2094,2.95,-27.56,-3.68,22.137,0.0,0.0,-0.0,0.0,0.0,0.0,28.0,28.0,28.0,4.55
1070,17.8333,28.0,46.994,-0.097,1.2184,3.25,-27.29,-3.92,21.949,0.0,0.0,-0.0,0.0,0.0,0.0,27.97,27.99,27.98,3.86
1071,17.85,28.0,47.005,-0.1,1.2267,3.37,-27.16,-4.18,22.135,0.0,0.0,-0.0,0.0,0.0,0.0,27.97,27.98,27.99,4.6
1072,17.8667,28.0,47.016,-0.102,1.2344,3.36,-27.18,-4.45,22.199,0.0,0.0,-0.0,0.0,0.0,0.0,27.98,27.97,27.98,4.86
1073,17.8833,28.0,47.027,-0.104,1.2415,3.21,-27.38,-4.75,22.71,0.0,0.0,-0.0,0.0,0.0,0.0,27.97,27.95,27.96,6.96
1074,17.9,28.0,47.038,-0.105,1.2478,2.87,-27.75,-5.04,22.335,0.0,0.0,-0.0,0.0,0.0,0.0,28.01,27.98,28.01,5.34
1075,17.9167,28.0,47.05,-0.105,1.2536,2.42,-28.3,-5.31,22.457,0.0,0.0,-0.0,0.0,0.0,0.0,28.0,27.95,28.0,5.87
1076,17.9333,28.0,47.063,-0.103,1.2588,1.82,-29.04,-5.53,23.288,0.0,0.0,-0.0,0.0,0.0,0.0,28.01,27.99,28.0,9.15
1077,17.95,28.0,47.076,-0.102,1.2631,1.1,-30.01,-5.61,22.949,0.0,0.0,-0.0,0.0,0.0,0.0,27.94,27.87,27.94,8.04
1078,17.9667,28.0,47.09,-0.099,1.2663,0.27,-31.16,-5.56,22.901,0.0,0.0,-0.0,0.0,0.0,0.0,27.79,27.77,27.79,8.25
1079,17.9833,28.0,47.105,-0.096,1.2685,-0.73,-32.45,-5.32,27.689,0.0,0.0,-0.0,0.0,0.0,0.0,27.61,27.54,27.6,28.0
1080,18.0,28.0,47.12,-0.093,1.2683,-1.85,-33.86,-4.93,27.594,0.0,0.0,-0.0,0.0,0.0,0.0,27.56,27.4,27.42,28.0
1081,18.0167,28.0,47.136,-0.09,1.2662,-2.91,-35.37,-4.4,23.904,0.0,0.0,-0.0,0.0,0.0,0.0,27.42,27.32,27.4,13.47
1082,18.0333,28.0,47.153,-0.086,1.2684,-3.72,-36.8,-3.89,24.038,0.0,0.0,-0.0,0.0,0.0,0.0,27.76,10.26,27.73,30.4
1083,18.05,28.0,47.17,-0.086,1.2741,-3.96,-38.0,-3.54,25.91,0.0,0.0,-0.0,0.0,0.0,0.0,27.7,31.54,27.71,16.69
1084,18.0667,28.0,47.188,-0.087,1.2785,-4.25,-39.43,-3.06,24.197,0.0,0.0,-0.0,0.0,0.0,0.0,27.9,12.96,27.95,27.98
1085,18.0833,28.0,47.206,-0.089,1.2841,-4.04,-40.81,-2.82,23.166,0.0,0.0,-0.0,0.0,0.0,0.0,27.85,9.24,27.86,27.71
1086,18.1,28.0,47.225,-0.092,1.2893,-3.83,-42.25,-2.43,27.12,0.0,0.0,-0.0,0.0,0.0,0.0,27.62,27.57,27.66,25.63
1087,18.1167,28.0,47.244,-0.093,1.2942,-3.57,-43.63,-2.17,19.778,0.0,0.0,-0.0,0.0,0.0,0.0,27.8,11.3,27.91,12.09
1088,18.1333,28.0,47.262,-0.094,1.3001,-3.33,-44.89,-1.87,26.787,0.0,0.0,-0.0,0.0,0.0,0.0,27.26,19.12,27.34,33.43
1089,18.15,28.0,47.28,-0.093,1.3032,-2.84,-46.2,-1.87,27.92,0.0,0.0,-0.0,0.0,0.0,0.0,27.83,27.96,27.95,27.94
1090,18.1667,28.0,47.292,-0.095,1.3072,-2.57,-45.66,-0.72,21.64,0.0,0.0,-0.0,0.0,0.0,0.0,27.25,3.57,27.74,28.0
1091,18.1833,28.0,47.303,-0.099,1.3098,-2.18,-45.31,0.1,21.44,0.0,0.0,-0.0,0.0,0.0,0.0,27.91,2.01,27.88,27.97
1092,18.2,28.0,47.311,-0.101,1.3131,-1.93,-44.76,0.57,20.974,0.0,0.0,-0.0,0.0,0.0,0.0,27.81,27.49,27.87,0.73
1093,18.2167,28.0,47.318,-0.102,1.3153,-1.9,-44.14,0.58,21.084,0.0,0.0,-0.0,0.0,0.0,0.0,27.97,27.98,27.97,0.43
1094,18.2333,28.0,47.324,-0.101,1.3168,-1.99,-43.66,0.53,21.225,0.0,0.0,-0.0,0.0,0.0,0.0,27.98,27.99,27.98,0.94
1095,18.25,28.0,47.329,-0.099,1.3175,-2.22,-43.33,0.48,21.25,0.0,0.0,-0.0,0.0,0.0,0.0,28.0,28.0,28.0,1.0
1096,18.2667,28.0,47.334,-0.097,1.3183,-2.56,-43.05,0.52,17.968,0.0,0.0,-0.0,0.0,0.0,0.0,27.96,10.1,27.99,5.83
1097,18.2833,28.0,47.337,-0.096,1.3188,-2.55,-42.8,0.68,27.988,0.0,0.0,-0.0,0.0,0.0,0.0,27.98,27.99,28.0,27.98
1098,18.3,28.0,47.339,-0.096,1.3193,-2.7,-42.53,1.06,11.215,0.0,0.0,-0.0,0.0,0.0,0.0,28.0,1.24,27.99,-12.38
1099,18.3167,28.0,47.341,-0.094,1.3214,-2.95,-42.35,1.32,16.123,0.0,0.0,-0.0,0.0,0.0,0.0,27.95,6.14,28.02,2.39
1100,18.3333,28.0,47.343,-0.093,1.3245,-3.21,-42.23,1.69,12.496,0.0,0.0,-0.0,0.0,0.0,0.0,27.44,-2.24,27.66,-2.88
1101,18.35,28.0,47.344,-0.09,1.3284,-3.29,-42.22,1.86,28.369,0.0,0.0,-0.0,0.0,0.0,0.0,28.14,28.21,27.84,29.29
1102,18.3667,28.0,47.345,-0.089,1.329,-3.14,-42.53,2.11,22.145,0.0,0.0,-0.0,0.0,0.0,0.0,27.81,5.12,27.82,27.83
1103,18.3833,28.0,47.345,-0.087,1.3307,-3.34,-42.48,2.0,20.0,0.0,0.0,-0.0,0.0,0.0,0.0,27.82,23.89,27.69,0.59
1104,18.4,28.0,47.345,-0.086,1.3292,-3.68,-43.21,1.97,27.993,0.0,0.0,-0.0,0.0,0.0,0.0,27.99,27.98,28.0,28.0
1105,18.4167,28.0,47.344,-0.082,1.3286,-3.75,-43.45,1.3,15.642,0.0,0.0,-0.0,0.0,0.0,0.0,27.71,27.67,27.72,-20.53
1106,18.4333,28.0,47.343,-0.078,1.3292,-4.19,-43.75,1.29,22.956,0.0,0.0,-0.0,0.0,0.0,0.0,27.83,24.7,27.84,11.45
1107,18.45,28.0,47.341,-0.073,1.3283,-4.93,-44.17,1.33,18.104,0.0,0.0,-0.0,0.0,0.0,0.0,27.78,16.67,27.75,0.22
1108,18.4667,28.0,47.339,-0.069,1.3286,-5.43,-44.52,1.51,23.034,0.0,0.0,-0.0,0.0,0.0,0.0,28.09,27.69,27.89,8.47
1109,18.4833,28.0,47.337,-0.065,1.329,-6.03,-44.85,1.94,20.675,0.0,0.0,-0.0,0.0,0.0,0.0,28.12,-1.34,27.9,28.03
1110,18.5,28.0,47.333,-0.063,1.3305,-6.28,-45.24,2.29,21.64,0.0,0.0,-0.0,0.0,0.0,0.0,27.89,2.96,27.88,27.83
1111,18.5167,28.0,47.33,-0.061,1.3319,-6.32,-45.72,2.44,21.072,0.0,0.0,-0.0,0.0,0.0,0.0,27.65,1.36,27.88,27.4
1112,18.5333,28.0,47.326,-0.063,1.3323,-6.02,-46.49,2.76,20.851,0.0,0.0,-0.0,0.0,0.0,0.0,27.87,2.27,27.99,25.28
1113,18.55,28.0,47.321,-0.063,1.3348,-5.98,-46.66,2.55,22.099,0.0,0.0,-0.0,0.0,0.0,0.0,27.76,33.0,27.77,-0.13
1114,18.5667,28.0,47.316,-0.063,1.3327,-5.98,-47.55,2.68,26.691,0.0,0.0,-0.0,0.0,0.0,0.0,27.99,22.8,27.98,28.0
1115,18.5833,28.0,47.31,-0.063,1.3337,-6.18,-48.01,2.39,12.095,0.0,0.0,-0.0,0.0,0.0,0.0,28.1,-34.1,28.0,26.37
1116,18.6,28.0,47.306,-0.066,1.3414,-5.63,-49.09,1.69,13.09,0.0,0.0,-0.0,0.0,0.0,0.0,27.87,-6.42,27.92,2.99
1117,18.6167,28.0,47.302,-0.07,1.3489,-5.07,-50.37,0.68,22.704,0.0,0.0,-0.0,0.0,0.0,0.0,27.84,7.14,27.93,27.9
1118,18.6333,28.0,47.298,-0.073,1.3569,-4.74,-51.46,-0.36,19.57,0.0,0.0,-0.0,0.0,0.0,0.0,27.52,29.29,27.71,-6.24
1119,18.65,28.0,47.294,-0.075,1.3618,-4.67,-52.75,-0.9,26.52,0.0,0.0,-0.0,0.0,0.0,0.0,27.85,22.38,27.91,27.95
1120,18.6667,28.0,47.289,-0.076,1.3669,-4.67,-53.96,-1.27,21.114,0.0,0.0,-0.0,0.0,0.0,0.0,27.63,27.72,27.72,1.39
1121,18.6833,28.0,47.284,-0.075,1.3722,-4.78,-55.21,-1.58,22.077,0.0,0.0,-0.0,0.0,0.0,0.0,27.5,28.03,27.35,5.43
1122,18.7,28.0,47.279,-0.074,1.3782,-4.71,-56.47,-1.8,20.579,0.0,0.0,-0.0,0.0,0.0,0.0,27.82,15.2,27.97,11.33
1123,18.7167,28.0,47.274,-0.071,1.383,-5.13,-57.75,-1.49,21.872,0.0,0.0,-0.0,0.0,0.0,0.0,27.79,27.8,27.83,4.06
1124,18.7333,28.0,47.269,-0.069,1.3874,-5.8,-59.14,-0.84,22.184,0.0,0.0,-0.0,0.0,0.0,0.0,27.9,27.91,27.95,4.97
1125,18.75,28.0,47.263,-0.065,1.3913,-6.71,-60.63,0.11,22.291,0.0,0.0,-0.0,0.0,0.0,0.0,27.89,27.93,27.92,5.43
