f,t,cmd_vel,x,y,z,roll,pitch,yaw,wheel_mean,e,edot_f,tau_pd_raw,tau,qL,qR,wvFL,wvRL,wvFR,wvRR
0,0.0,0.5,19.967,-0.002,0.4468,0.1,-1.15,0.02,0.026,0.0002,0.0,-0.0,0.0,0.00364,0.00406,0.02,0.03,0.03,0.02
1,0.0167,0.507,19.967,-0.002,0.4469,0.1,-1.15,0.02,0.262,-0.00043,0.0,0.0,0.0,0.00332,0.00376,0.39,0.18,0.25,0.23
2,0.0333,0.514,19.968,-0.002,0.4469,0.1,-1.15,0.02,0.289,-0.00172,0.0,0.0,0.0,0.00267,0.00311,0.31,0.26,0.31,0.28
3,0.05,0.522,19.969,-0.001,0.447,0.1,-1.15,0.02,0.345,-0.00313,-0.00798,0.0,0.0,0.00197,0.00241,0.35,0.32,0.37,0.34
4,0.0667,0.529,19.969,-0.001,0.4471,0.09,-1.15,0.02,0.36,-0.00456,-0.01558,0.0,0.0,0.00125,0.00169,0.32,0.34,0.39,0.38
5,0.0833,0.536,19.97,-0.001,0.4472,0.09,-1.15,0.02,0.39,-0.006,-0.02263,0.0,0.0,0.00054,0.00097,0.39,0.35,0.41,0.4
6,0.1,0.543,19.971,-0.0,0.4473,0.09,-1.15,0.02,0.397,-0.00744,-0.02908,0.0,0.0,-0.00019,0.00025,0.41,0.37,0.4,0.41
7,0.1167,0.551,19.972,-0.0,0.4474,0.09,-1.15,0.02,0.399,-0.00888,-0.03492,0.0,0.0,-0.0009,-0.00047,0.41,0.38,0.39,0.41
8,0.1333,0.558,19.973,0.0,0.4475,0.08,-1.15,0.02,0.403,-0.01029,-0.04088,0.0,0.0,-0.00161,-0.00117,0.41,0.35,0.4,0.45
9,0.15,0.565,19.974,0.0,0.4476,0.08,-1.15,0.02,0.477,-0.01138,-0.0459,0.0,0.0,-0.00216,-0.00171,0.44,0.39,0.6,0.48
10,0.1667,0.572,19.975,0.0,0.4477,0.08,-1.15,0.02,0.482,-0.01144,-0.04894,0.0,0.0,-0.0022,-0.00173,0.42,0.37,0.6,0.53
11,0.1833,0.579,19.976,0.0,0.4478,0.08,-1.15,0.02,0.477,-0.01144,-0.05014,0.0,0.0,-0.00219,-0.00174,0.47,0.42,0.55,0.47
12,0.2,0.587,19.977,0.0,0.4479,0.07,-1.15,0.02,0.496,-0.01153,-0.04981,0.0,0.0,-0.00223,-0.00179,0.51,0.46,0.47,0.54
13,0.2167,0.594,19.978,0.001,0.4481,0.07,-1.15,0.02,0.531,-0.01167,-0.04818,0.0,0.0,-0.00231,-0.00186,0.53,0.51,0.57,0.51
14,0.2333,0.601,19.979,0.001,0.4482,0.07,-1.15,0.02,0.482,-0.01186,-0.04547,0.0,0.0,-0.0024,-0.00196,0.5,0.47,0.48,0.48
15,0.25,0.608,19.98,0.001,0.4483,0.06,-1.15,0.02,0.519,-0.01209,-0.04186,0.0,0.0,-0.00254,-0.00204,0.49,0.5,0.56,0.53
16,0.2667,0.616,19.981,0.001,0.4484,0.06,-1.15,0.02,0.53,-0.01231,-0.0378,0.0,0.0,-0.00264,-0.00216,0.52,0.51,0.55,0.53
17,0.2833,0.623,19.982,0.001,0.4485,0.06,-1.15,0.02,0.546,-0.01239,-0.03425,0.0,0.0,-0.00269,-0.0022,0.52,0.56,0.55,0.55
18,0.3,0.63,19.984,0.001,0.4486,0.06,-1.15,0.02,0.542,-0.01253,-0.03126,0.0,0.0,-0.00276,-0.00227,0.55,0.55,0.49,0.58
19,0.3167,0.637,19.985,0.001,0.4487,0.05,-1.15,0.02,0.564,-0.01276,-0.02878,0.0,0.0,-0.00289,-0.00237,0.56,0.52,0.62,0.57
20,0.3333,0.644,19.986,0.001,0.4487,0.05,-1.15,0.02,0.571,-0.01295,-0.02664,0.0,0.0,-0.00298,-0.00246,0.6,0.55,0.56,0.58
21,0.35,0.652,19.988,0.001,0.4488,0.05,-1.15,0.02,0.64,-0.0135,-0.02513,0.0,0.0,-0.00327,-0.00273,0.77,0.59,0.6,0.6
22,0.3667,0.659,19.989,0.001,0.4488,0.04,-1.15,0.02,0.587,-0.01361,-0.02368,0.0,0.0,-0.00332,-0.00279,0.71,0.49,0.54,0.6
23,0.3833,0.666,19.99,0.001,0.4489,0.04,-1.15,0.02,0.601,-0.01311,-0.02167,0.0,0.0,-0.00305,-0.00256,0.61,0.6,0.6,0.59
24,0.4,0.673,19.992,0.001,0.4489,0.04,-1.15,0.02,0.608,-0.0125,-0.01918,0.0,0.0,-0.00272,-0.00227,0.69,0.55,0.55,0.64
25,0.4167,0.681,19.993,0.001,0.449,0.04,-1.15,0.02,0.596,-0.0117,-0.01602,0.0,0.0,-0.00231,-0.00189,0.65,0.64,0.53,0.57
26,0.4333,0.688,19.995,0.001,0.449,0.04,-1.15,0.02,0.654,-0.01102,-0.01231,0.0,0.0,-0.00195,-0.00156,0.64,0.71,0.66,0.61
27,0.45,0.695,19.996,0.001,0.449,0.04,-1.15,0.02,0.644,-0.01033,-0.00814,0.0,0.0,-0.00159,-0.00124,0.67,0.72,0.55,0.64
28,0.4667,0.702,19.998,0.0,0.449,0.04,-1.15,0.02,0.659,-0.00968,-0.00323,0.0,0.0,-0.00123,-0.00095,0.65,0.67,0.65,0.66
29,0.4833,0.709,19.999,0.0,0.449,0.04,-1.15,0.02,0.683,-0.009,0.00191,0.0,0.0,-0.00086,-0.00064,0.66,0.7,0.7,0.68
30,0.5,0.717,20.001,0.0,0.449,0.04,-1.15,0.02,0.684,-0.00839,0.00654,0.0,0.0,-0.00055,-0.00033,0.7,0.67,0.67,0.7
31,0.5167,0.724,20.003,0.0,0.4489,0.04,-1.15,0.02,0.662,-0.0077,0.01069,0.0,0.0,-0.00019,0.0,0.71,0.5,0.72,0.72
32,0.5333,0.731,20.005,-0.0,0.4488,0.04,-1.15,0.02,0.746,-0.00698,0.01426,0.0,0.0,0.00018,0.00034,0.72,0.83,0.72,0.71
33,0.55,0.738,20.006,-0.0,0.4487,0.03,-1.15,0.02,0.677,-0.00635,0.01736,0.0,0.0,0.0005,0.00066,0.73,0.58,0.72,0.69
34,0.5667,0.746,20.008,-0.001,0.4487,0.03,-1.14,0.02,0.722,-0.00394,0.02184,0.0,0.0,0.0017,0.00187,0.88,0.66,0.67,0.69
35,0.5833,0.753,20.01,-0.001,0.4486,0.01,-1.14,0.02,0.676,-0.0009,0.02825,0.0,0.0,0.00322,0.00339,0.55,0.72,0.71,0.74
36,0.6,0.76,20.012,-0.002,0.4485,-0.0,-1.14,0.02,0.708,0.00219,0.03637,-0.0,-0.0,0.00476,0.00493,0.73,0.61,0.75,0.75
37,0.6167,0.767,20.013,-0.002,0.4483,-0.02,-1.14,0.02,0.799,0.00529,0.04607,-0.0,-0.0,0.00631,0.00648,0.81,0.8,0.83,0.75
38,0.6333,0.774,20.015,-0.002,0.4482,-0.03,-1.14,0.02,0.769,0.0083,0.05699,-0.0,-0.0,0.00781,0.008,0.82,0.73,0.77,0.77
39,0.65,0.782,20.017,-0.003,0.448,-0.05,-1.13,0.02,0.82,0.01122,0.06887,-0.0,-0.0,0.00926,0.00947,0.82,0.8,0.84,0.81
40,0.6667,0.789,20.019,-0.003,0.4478,-0.07,-1.13,0.02,0.875,0.01365,0.08118,-0.0,-0.0,0.01046,0.01069,0.87,0.83,1.02,0.78
41,0.6833,0.796,20.021,-0.003,0.4478,-0.06,-1.14,0.04,0.693,0.01453,0.09044,-0.0,-0.0,0.01054,0.0115,0.65,0.68,0.74,0.69
42,0.7,0.803,20.023,-0.004,0.4479,-0.05,-1.15,0.06,0.711,0.01535,0.09629,-0.0,-0.0,0.01049,0.01236,0.84,0.68,0.72,0.6
43,0.7167,0.811,20.024,-0.004,0.448,-0.01,-1.15,0.07,0.707,0.01584,0.09878,-0.0,-0.0,0.01061,0.01273,0.81,0.71,0.63,0.68
44,0.7333,0.818,20.026,-0.005,0.4481,0.04,-1.15,0.08,0.742,0.01661,0.09858,-0.0,-0.0,0.01081,0.01331,0.79,0.75,0.73,0.7
45,0.75,0.825,20.027,-0.005,0.4483,0.05,-1.15,0.08,0.689,0.01714,0.09584,-0.0,-0.0,0.01107,0.01358,0.66,0.75,0.7,0.64
46,0.7667,0.832,20.029,-0.005,0.4485,0.05,-1.15,0.08,0.736,0.01657,0.08984,-0.0,-0.0,0.01079,0.01328,0.85,0.74,0.71,0.65
47,0.7833,0.839,20.031,-0.005,0.4487,0.06,-1.15,0.08,0.722,0.01552,0.08098,-0.0,-0.0,0.01026,0.01276,0.72,0.75,0.72,0.7
48,0.8,0.847,20.032,-0.004,0.4489,0.06,-1.15,0.08,0.779,0.01435,0.07107,-0.0,-0.0,0.00969,0.01217,0.74,0.69,0.96,0.72
49,0.8167,0.854,20.034,-0.004,0.4491,0.06,-1.15,0.08,0.823,0.01317,0.0603,-0.0,-0.0,0.00909,0.01159,0.71,0.63,1.15,0.8
50,0.8333,0.861,20.036,-0.004,0.4493,0.06,-1.15,0.08,0.75,0.012,0.04911,-0.0,-0.0,0.00851,0.01099,0.8,0.77,0.67,0.76
51,0.85,0.868,20.037,-0.004,0.4494,0.06,-1.15,0.08,0.734,0.01072,0.03716,-0.0,-0.0,0.00787,0.01035,0.78,0.76,0.68,0.71
52,0.8667,0.876,20.039,-0.003,0.4495,0.06,-1.15,0.08,0.749,0.00944,0.02479,-0.0,-0.0,0.00724,0.00971,0.79,0.7,0.72,0.78
53,0.8833,0.883,20.041,-0.003,0.4496,0.06,-1.15,0.08,0.763,0.00815,0.01316,-0.0,-0.0,0.0066,0.00906,0.82,0.8,0.66,0.77
54,0.9,0.89,20.043,-0.003,0.4497,0.06,-1.15,0.08,0.8,0.00688,0.00269,-0.0,-0.0,0.00597,0.00841,0.83,0.82,0.76,0.79
55,0.9167,0.897,20.045,-0.003,0.4498,0.06,-1.15,0.08,0.753,0.00558,-0.00664,0.0,0.0,0.00531,0.00778,0.8,0.69,0.74,0.78
56,0.9333,0.904,20.047,-0.002,0.4498,0.06,-1.15,0.08,0.774,0.00431,-0.01496,0.0,0.0,0.00467,0.00715,0.67,0.81,0.8,0.81
57,0.95,0.912,20.049,-0.002,0.4498,0.07,-1.15,0.08,0.773,0.00303,-0.02238,0.0,0.0,0.00404,0.00649,0.88,0.52,0.86,0.84
58,0.9667,0.919,20.051,-0.002,0.4498,0.07,-1.15,0.08,0.868,0.00176,-0.02891,0.0,0.0,0.0034,0.00586,0.88,0.89,0.84,0.85
59,0.9833,0.926,20.053,-0.002,0.4497,0.07,-1.15,0.09,0.894,0.00053,-0.03462,0.0,0.0,0.00279,0.00524,0.9,0.89,0.9,0.88
60,1.0,0.933,20.055,-0.001,0.4496,0.07,-1.15,0.08,0.914,-0.00087,-0.03974,0.0,0.0,0.0021,0.00454,0.91,0.92,0.94,0.9
61,1.0167,0.941,20.057,-0.001,0.4495,0.07,-1.15,0.09,0.922,-0.00222,-0.04433,0.0,0.0,0.00142,0.00387,0.92,0.9,0.97,0.9
62,1.0333,0.948,20.059,-0.001,0.4493,0.07,-1.15,0.09,1.017,-0.00353,-0.04838,0.0,0.0,0.00075,0.00322,1.08,1.13,0.92,0.93
63,1.05,0.955,20.062,-0.0,0.4492,0.07,-1.15,0.09,0.951,-0.00486,-0.05201,0.0,0.0,7e-05,0.00257,0.96,0.96,0.91,0.97
64,1.0667,0.962,20.064,-0.0,0.4489,0.07,-1.15,0.09,0.932,-0.00617,-0.05523,0.0,0.0,-0.00058,0.00191,0.93,0.83,0.97,0.99
65,1.0833,0.969,20.067,-0.0,0.4487,0.07,-1.15,0.09,0.962,-0.00614,-0.05673,0.0,0.0,-0.00057,0.00194,1.12,0.75,0.98,0.99
66,1.1,0.977,20.069,-0.0,0.4484,0.07,-1.15,0.09,1.022,-0.00547,-0.05609,0.0,0.0,-0.00029,0.00233,0.97,1.07,1.01,1.04
67,1.1167,0.984,20.072,-0.001,0.4481,0.07,-1.15,0.1,1.003,-0.00459,-0.05319,0.0,0.0,7e-05,0.00285,1.02,0.97,0.92,1.1
68,1.1333,0.991,20.074,-0.001,0.4477,0.07,-1.15,0.1,1.056,-0.00373,-0.04836,0.0,0.0,0.00042,0.00335,1.15,1.04,0.89,1.14
69,1.15,0.998,20.077,-0.001,0.4473,0.08,-1.15,0.1,1.033,-0.00277,-0.04177,0.0,0.0,0.00084,0.00389,1.08,1.0,0.9,1.15
70,1.1667,1.006,20.08,-0.001,0.447,0.11,-1.16,0.1,0.943,-0.00278,-0.03462,0.0,0.0,0.00084,0.00388,1.13,1.12,0.81,0.71
71,1.1833,1.013,20.081,-0.001,0.4474,0.1,-1.16,0.1,0.888,-0.00293,-0.02714,0.0,0.0,0.00076,0.00382,0.92,0.91,0.89,0.82
72,1.2,1.02,20.083,-0.001,0.4477,0.1,-1.16,0.1,0.881,-0.00382,-0.02149,0.0,0.0,0.00032,0.00336,0.89,0.88,0.88,0.87
73,1.2167,1.027,20.085,-0.001,0.4479,0.1,-1.15,0.1,0.925,-0.00504,-0.01847,0.0,0.0,-0.00028,0.00275,0.92,0.92,0.94,0.92
74,1.2333,1.034,20.088,-0.0,0.4482,0.09,-1.15,0.1,0.976,-0.00635,-0.01807,0.0,0.0,-0.00094,0.00209,0.9,0.88,1.18,0.94
75,1.25,1.042,20.09,-0.0,0.4484,0.09,-1.16,0.1,0.905,-0.00761,-0.01989,0.0,0.0,-0.00157,0.00147,0.93,0.92,0.85,0.92
76,1.2667,1.049,20.092,0.0,0.4486,0.08,-1.16,0.1,0.913,-0.009,-0.02392,0.0,0.0,-0.00226,0.00076,0.89,0.92,0.95,0.89
77,1.2833,1.056,20.094,0.001,0.4488,0.08,-1.15,0.1,0.933,-0.01037,-0.02886,0.0,0.0,-0.00294,8e-05,0.92,0.96,0.9,0.94
78,1.3,1.063,20.096,0.001,0.449,0.08,-1.15,0.1,0.966,-0.011,-0.03369,0.0,0.0,-0.00326,-0.00024,0.97,0.94,0.98,0.98
79,1.3167,1.071,20.098,0.001,0.4491,0.07,-1.15,0.1,1.017,-0.011,-0.03703,0.0,0.0,-0.00327,-0.00022,0.98,1.06,1.03,1.0
80,1.3333,1.078,20.101,0.001,0.4492,0.07,-1.15,0.1,1.004,-0.01088,-0.03859,0.0,0.0,-0.00322,-0.00016,1.0,1.01,1.02,0.98
81,1.35,1.085,20.103,0.001,0.4493,0.07,-1.15,0.1,0.988,-0.01088,-0.03862,0.0,0.0,-0.0032,-0.00017,1.17,0.79,1.03,0.97
82,1.3667,1.092,20.105,0.001,0.4494,0.07,-1.15,0.1,0.962,-0.01026,-0.03671,0.0,0.0,-0.00288,0.00013,1.06,0.79,1.01,0.99
83,1.3833,1.099,20.108,0.001,0.4495,0.07,-1.15,0.1,1.095,-0.00978,-0.0331,0.0,0.0,-0.00263,0.00036,1.01,1.17,1.19,1.01
84,1.4,1.107,20.11,0.001,0.4495,0.07,-1.15,0.1,1.042,-0.00925,-0.02798,0.0,0.0,-0.00238,0.00064,1.07,1.07,1.03,1.0
85,1.4167,1.114,20.113,0.0,0.4494,0.07,-1.15,0.1,1.054,-0.00863,-0.02218,0.0,0.0,-0.00203,0.0009,1.03,1.07,1.1,1.02
86,1.4333,1.121,20.115,0.0,0.4494,0.07,-1.15,0.1,1.087,-0.00809,-0.01653,0.0,0.0,-0.00171,0.00112,1.06,1.08,1.14,1.07
87,1.45,1.128,20.118,0.0,0.4492,0.07,-1.15,0.1,1.154,-0.00755,-0.01112,0.0,0.0,-0.00143,0.00138,1.1,1.23,1.19,1.1
88,1.4667,1.136,20.12,0.0,0.449,0.07,-1.15,0.1,1.143,-0.00692,-0.00572,0.0,0.0,-0.00108,0.00167,1.09,1.16,1.18,1.14
89,1.4833,1.143,20.123,0.0,0.4488,0.07,-1.15,0.1,1.145,-0.0063,-0.00096,0.0,0.0,-0.00077,0.00198,1.14,1.11,1.16,1.16
90,1.5,1.15,20.126,-0.0,0.4485,0.07,-1.15,0.1,1.18,-0.00568,0.00337,0.0,0.0,-0.00046,0.00228,1.19,1.12,1.19,1.22
91,1.5167,1.157,20.129,-0.0,0.4481,0.07,-1.15,0.1,1.236,-0.00502,0.00732,0.0,0.0,-0.00011,0.0026,1.34,1.17,1.2,1.23
92,1.5333,1.164,20.132,-0.0,0.4476,0.07,-1.15,0.09,1.217,-0.00429,0.01091,0.0,0.0,0.00027,0.00294,1.19,1.22,1.23,1.23
93,1.55,1.172,20.135,-0.0,0.4471,0.06,-1.16,0.09,1.235,-0.00324,0.01459,0.0,0.0,0.00081,0.00346,1.26,1.17,1.35,1.16
94,1.5667,1.179,20.138,-0.0,0.4474,0.04,-1.16,0.09,1.015,-0.00379,0.01671,0.0,0.0,0.00053,0.00319,0.99,1.04,1.02,1.01
95,1.5833,1.186,20.14,0.0,0.4477,0.04,-1.16,0.09,1.071,-0.00558,0.01609,0.0,0.0,-0.0004,0.00233,1.25,1.0,1.0,1.04
96,1.6,1.193,20.142,0.0,0.4481,0.04,-1.15,0.09,1.038,-0.00604,0.01442,0.0,0.0,-0.00063,0.00209,1.05,1.05,1.04,1.01
97,1.6167,1.201,20.145,0.0,0.4484,0.04,-1.15,0.09,1.174,-0.0058,0.01256,0.0,0.0,-0.00051,0.00221,1.08,1.06,1.48,1.07
98,1.6333,1.208,20.147,0.0,0.4487,0.05,-1.15,0.09,1.075,-0.00608,0.00996,0.0,0.0,-0.00064,0.00207,1.06,1.05,1.14,1.04
99,1.65,1.215,20.15,0.0,0.449,0.05,-1.15,0.09,1.115,-0.00628,0.00672,0.0,0.0,-0.00074,0.00197,1.19,1.1,1.08,1.09
100,1.6667,1.222,20.152,0.0,0.4492,0.05,-1.15,0.09,1.175,-0.00643,0.00264,0.0,0.0,-0.00081,0.00189,1.3,1.15,1.15,1.1
101,1.6833,1.229,20.155,0.0,0.4493,0.05,-1.15,0.09,1.138,-0.00658,-0.00055,0.0,0.0,-0.00088,0.00181,1.12,1.12,1.18,1.13
102,1.7,1.237,20.158,0.0,0.4495,0.06,-1.15,0.09,1.145,-0.00667,-0.0016,0.0,0.0,-0.00093,0.00176,1.13,1.14,1.19,1.12
103,1.7167,1.244,20.16,0.0,0.4495,0.06,-1.15,0.09,1.182,-0.0068,-0.00219,0.0,0.0,-0.00099,0.00169,1.2,1.18,1.2,1.15
104,1.7333,1.251,20.163,0.0,0.4496,0.06,-1.15,0.09,1.199,-0.00697,-0.00313,0.0,0.0,-0.00108,0.00161,1.12,1.38,1.2,1.1
105,1.75,1.258,20.166,0.0,0.4495,0.06,-1.15,0.09,1.233,-0.00709,-0.0038,0.0,0.0,-0.00113,0.00154,1.18,1.37,1.16,1.21
106,1.7667,1.266,20.169,0.0,0.4494,0.07,-1.15,0.09,1.226,-0.00737,-0.00447,0.0,0.0,-0.00131,0.00144,1.18,1.27,1.18,1.27
107,1.7833,1.273,20.172,0.001,0.4493,0.07,-1.15,0.09,1.271,-0.00761,-0.00515,0.0,0.0,-0.00148,0.00138,1.33,1.28,1.25,1.22
108,1.8,1.28,20.175,0.001,0.449,0.07,-1.15,0.09,1.179,-0.00722,-0.0052,0.0,0.0,-0.00142,0.0017,1.26,0.92,1.26,1.27
109,1.8167,1.287,20.178,0.0,0.4488,0.07,-1.15,0.09,1.27,-0.0065,-0.0044,0.0,0.0,-0.0011,0.00211,1.15,1.35,1.28,1.31
110,1.8333,1.294,20.181,0.0,0.4485,0.07,-1.15,0.09,1.345,-0.00559,-0.00263,0.0,0.0,-0.00071,0.00263,1.53,1.33,1.24,1.27
111,1.85,1.302,20.184,0.0,0.448,0.07,-1.15,0.09,1.258,-0.00469,3e-05,0.0,0.0,-0.00032,0.00313,1.18,1.23,1.26,1.35
112,1.8667,1.309,20.188,-0.0,0.4476,0.08,-1.15,0.09,1.06,-0.00406,0.00315,0.0,0.0,-5e-05,0.0035,0.92,1.17,1.03,1.12
113,1.8833,1.316,20.19,-0.0,0.4481,0.1,-1.11,0.09,1.17,-0.00483,0.00539,0.0,0.0,-0.00051,0.00318,1.14,1.11,1.11,1.32
114,1.9,1.323,20.193,0.0,0.4487,0.1,-1.08,0.09,1.123,-0.00594,0.00646,0.0,0.0,-0.00109,0.00265,1.04,1.07,1.31,1.09
115,1.9167,1.331,20.195,0.0,0.4491,0.1,-1.05,0.09,1.099,-0.00726,0.00564,0.0,0.0,-0.00177,0.00201,1.02,1.08,1.31,0.99
116,1.9333,1.338,20.198,0.001,0.4496,0.1,-1.01,0.09,1.162,-0.00851,0.0029,0.0,0.0,-0.00244,0.00143,1.07,1.1,1.29,1.18
117,1.95,1.345,20.201,0.001,0.45,0.1,-0.98,0.09,1.16,-0.0097,-0.00168,0.0,0.0,-0.00306,0.00086,1.04,1.12,1.3,1.17
118,1.9667,1.352,20.204,0.001,0.4504,0.1,-0.94,0.09,1.184,-0.01058,-0.00754,0.0,0.0,-0.0035,0.00042,1.14,1.16,1.25,1.19
119,1.9833,1.359,20.207,0.001,0.4508,0.11,-0.92,0.09,1.153,-0.01044,-0.0132,0.0,0.0,-0.00345,0.00051,1.17,1.05,1.16,1.23
120,2.0,1.367,20.21,0.001,0.4512,0.11,-0.89,0.09,1.219,-0.0095,-0.01642,0.0,0.0,-0.00298,0.00099,1.22,1.25,1.19,1.22
121,2.0167,1.374,20.213,0.001,0.4515,0.11,-0.85,0.09,1.254,-0.00853,-0.01711,0.0,0.0,-0.0025,0.00148,1.28,1.28,1.21,1.25
122,2.0333,1.381,20.216,0.0,0.4518,0.11,-0.82,0.09,1.265,-0.00751,-0.01531,0.0,0.0,-0.002,0.00199,1.22,1.27,1.27,1.31
123,2.05,1.388,20.219,0.0,0.452,0.11,-0.79,0.09,1.283,-0.00657,-0.01148,0.0,0.0,-0.00153,0.00246,1.26,1.3,1.27,1.3
124,2.0667,1.396,20.222,0.0,0.4522,0.12,-0.76,0.09,1.263,-0.00699,-0.00731,0.0,0.0,-0.00173,0.00224,1.29,1.28,1.17,1.32
125,2.0833,1.403,20.226,0.0,0.4523,0.12,-0.74,0.09,1.313,-0.00742,-0.00318,0.0,0.0,-0.00195,0.00204,1.3,1.32,1.32,1.32
126,2.1,1.41,20.229,0.001,0.4524,0.12,-0.72,0.09,1.356,-0.00805,-0.00034,0.0,0.0,-0.00226,0.00171,1.36,1.36,1.35,1.35
127,2.1167,1.417,20.232,0.001,0.4524,0.12,-0.69,0.09,1.314,-0.00865,0.00058,0.0,0.0,-0.00255,0.00141,1.16,1.37,1.33,1.39
128,2.1333,1.424,20.236,0.001,0.4522,0.13,-0.66,0.09,1.377,-0.00928,-0.00026,0.0,0.0,-0.00285,0.00108,1.29,1.39,1.41,1.41
129,2.15,1.432,20.24,0.001,0.452,0.13,-0.64,0.09,1.363,-0.00989,-0.00268,0.0,0.0,-0.00315,0.00076,1.23,1.44,1.35,1.43
130,2.1667,1.439,20.243,0.001,0.4518,0.13,-0.61,0.09,1.457,-0.01045,-0.00635,0.0,0.0,-0.00341,0.00047,1.47,1.45,1.47,1.45
131,2.1833,1.446,20.247,0.001,0.4519,0.16,-0.61,0.09,1.221,-0.01224,-0.01098,0.0,0.0,-0.00432,-0.00042,0.92,1.24,1.55,1.17
132,2.2,1.453,20.25,0.001,0.4523,0.14,-0.6,0.09,1.354,-0.01322,-0.01564,0.0,0.0,-0.00477,-0.00095,1.29,1.35,1.33,1.44
133,2.2167,1.461,20.253,0.002,0.4526,0.13,-0.6,0.09,1.373,-0.01477,-0.02068,0.0,0.0,-0.0056,-0.00167,1.51,1.23,1.3,1.45
134,2.2333,1.468,20.256,0.002,0.4529,0.12,-0.61,0.08,1.381,-0.01617,-0.02594,0.0,0.0,-0.00635,-0.00231,1.47,1.28,1.32,1.45
135,2.25,1.475,20.259,0.002,0.4531,0.11,-0.61,0.08,1.384,-0.01761,-0.0314,0.0,0.0,-0.00711,-0.00299,1.38,1.36,1.35,1.45
136,2.2667,1.482,20.263,0.003,0.4532,0.1,-0.61,0.08,1.371,-0.019,-0.037,0.0,0.0,-0.00784,-0.00366,1.41,1.34,1.36,1.38
137,2.2833,1.489,20.266,0.003,0.4534,0.09,-0.6,0.08,1.387,-0.02,-0.04239,0.0,0.0,-0.00831,-0.00418,1.4,1.38,1.38,1.39
138,2.3,1.497,20.269,0.003,0.4536,0.09,-0.6,0.08,1.406,-0.01839,-0.04362,0.0,0.0,-0.00749,-0.00339,1.52,1.35,1.38,1.37
139,2.3167,1.504,20.272,0.003,0.4537,0.1,-0.6,0.08,1.368,-0.01723,-0.04251,0.0,0.0,-0.00688,-0.00285,1.35,1.41,1.36,1.36
140,2.3333,1.511,20.276,0.002,0.4538,0.1,-0.6,0.08,1.461,-0.01641,-0.03909,0.0,0.0,-0.00647,-0.00244,1.4,1.44,1.59,1.42
141,2.35,1.518,20.279,0.002,0.4538,0.1,-0.6,0.08,1.516,-0.01441,-0.03259,0.0,0.0,-0.00546,-0.00145,1.38,1.61,1.67,1.4
142,2.3667,1.526,20.283,0.002,0.4537,0.1,-0.6,0.08,1.458,-0.01219,-0.02311,0.0,0.0,-0.00438,-0.0003,1.43,1.46,1.49,1.46
143,2.3833,1.533,20.286,0.001,0.4535,0.1,-0.6,0.08,1.557,-0.01047,-0.01155,0.0,0.0,-0.00353,0.00056,1.47,1.54,1.67,1.55
144,2.4,1.54,20.29,0.001,0.4532,0.09,-0.6,0.07,1.538,-0.00844,0.00173,0.0,0.0,-0.00254,0.0016,1.49,1.54,1.57,1.54
145,2.4167,1.547,20.294,0.001,0.4528,0.1,-0.6,0.07,1.538,-0.0063,0.01396,0.0,0.0,-0.00148,0.00268,1.55,1.54,1.51,1.55
146,2.4333,1.554,20.298,0.0,0.4523,0.1,-0.59,0.07,1.516,-0.00431,0.02557,0.0,0.0,-0.00048,0.00367,1.42,1.54,1.53,1.57
147,2.45,1.562,20.302,-0.0,0.4517,0.11,-0.59,0.08,1.368,-0.00264,0.03667,0.0,0.0,0.0003,0.00456,1.64,0.92,1.39,1.52
148,2.4667,1.569,20.305,-0.0,0.4522,0.15,-0.62,0.07,1.17,-0.00331,0.04369,0.0,0.0,-0.00015,0.00434,1.15,1.01,1.52,1.0
149,2.4833,1.576,20.308,0.0,0.4529,0.12,-0.64,0.07,1.48,-0.00426,0.04661,0.0,0.0,-0.00071,0.00395,1.59,1.31,1.45,1.56
150,2.5,1.583,20.31,0.001,0.4535,0.11,-0.68,0.07,1.453,-0.0061,0.04551,0.0,0.0,-0.00163,0.00304,1.42,1.35,1.48,1.56
151,2.5167,1.591,20.313,0.001,0.454,0.11,-0.73,0.07,1.454,-0.00784,0.04066,0.0,0.0,-0.00253,0.00219,1.45,1.38,1.43,1.56
152,2.5333,1.598,20.316,0.001,0.4546,0.1,-0.77,0.07,1.428,-0.00904,0.03296,0.0,0.0,-0.00311,0.00158,1.43,1.44,1.43,1.41
153,2.55,1.605,20.319,0.001,0.455,0.09,-0.81,0.06,1.465,-0.01024,0.02291,0.0,0.0,-0.0037,0.00096,1.45,1.48,1.49,1.45
154,2.5667,1.612,20.322,0.002,0.4556,0.08,-0.86,0.06,1.5,-0.00987,0.01272,0.0,0.0,-0.0035,0.00114,1.52,1.42,1.61,1.45
155,2.5833,1.619,20.325,0.002,0.456,0.06,-0.92,0.06,1.691,-0.00951,0.00482,0.0,0.0,-0.00333,0.00133,1.52,2.11,1.69,1.45
156,2.6,1.627,20.329,0.002,0.4564,0.07,-0.95,0.06,1.478,-0.0095,-0.00115,0.0,0.0,-0.00334,0.00135,1.46,1.42,1.61,1.43
157,2.6167,1.634,20.332,0.001,0.4567,0.08,-0.98,0.06,1.531,-0.00917,-0.00417,0.0,0.0,-0.00318,0.00152,1.52,1.5,1.64,1.46
158,2.6333,1.641,20.335,0.001,0.4569,0.08,-1.01,0.06,1.535,-0.00864,-0.00449,0.0,0.0,-0.00294,0.0018,1.55,1.5,1.56,1.53
159,2.65,1.648,20.339,0.001,0.4571,0.09,-1.04,0.06,1.57,-0.00809,-0.00297,0.0,0.0,-0.00272,0.00213,1.55,1.47,1.68,1.57
160,2.6667,1.656,20.342,0.001,0.4571,0.1,-1.08,0.06,1.64,-0.00766,4e-05,0.0,0.0,-0.00249,0.00233,1.59,1.78,1.6,1.6
161,2.6833,1.663,20.346,0.001,0.4571,0.1,-1.12,0.06,1.66,-0.00712,0.00285,0.0,0.0,-0.00223,0.00261,1.67,1.65,1.66,1.66
162,2.7,1.67,20.349,0.001,0.457,0.11,-1.16,0.06,1.658,-0.00667,0.00543,0.0,0.0,-0.00198,0.00281,1.65,1.66,1.66,1.66
163,2.7167,1.677,20.353,0.001,0.4568,0.12,-1.2,0.06,1.701,-0.00613,0.00823,0.0,0.0,-0.00172,0.00309,1.69,1.69,1.73,1.7
164,2.7333,1.684,20.357,0.0,0.4568,0.11,-1.27,0.06,1.372,-0.00488,0.01166,0.0,0.0,-0.0011,0.00372,1.31,1.31,1.33,1.54
165,2.75,1.692,20.361,0.001,0.4567,0.01,-1.27,0.06,1.549,-0.0022,0.01688,0.0,0.0,0.00023,0.00508,1.52,1.56,1.56,1.55
166,2.7667,1.699,20.364,0.001,0.4572,0.01,-1.26,0.06,1.664,-0.00341,0.01967,0.0,0.0,-0.00039,0.00449,1.51,1.47,2.1,1.57
167,2.7833,1.706,20.368,0.001,0.4578,0.02,-1.27,0.06,1.558,-0.00323,0.02187,0.0,0.0,-0.00032,0.0046,1.5,1.5,1.72,1.52
168,2.8,1.713,20.371,0.001,0.4582,0.02,-1.26,0.06,1.571,-0.00286,0.02363,0.0,0.0,-0.00014,0.00479,1.49,1.55,1.71,1.54
169,2.8167,1.721,20.375,0.001,0.4585,0.03,-1.26,0.06,1.615,-0.00304,0.02453,0.0,0.0,-0.00026,0.00472,1.58,1.59,1.7,1.58
170,2.8333,1.728,20.379,0.001,0.4587,0.04,-1.26,0.06,1.714,-0.00363,0.02416,0.0,0.0,-0.00057,0.00444,1.55,1.95,1.74,1.62
171,2.85,1.735,20.383,0.001,0.4589,0.06,-1.26,0.06,1.634,-0.00404,0.02213,0.0,0.0,-0.00082,0.00429,1.57,1.61,1.74,1.63
172,2.8667,1.742,20.387,0.001,0.4589,0.07,-1.26,0.05,1.715,-0.00435,0.01727,0.0,0.0,-0.00096,0.00412,1.62,1.88,1.73,1.64
173,2.8833,1.749,20.391,0.001,0.4588,0.08,-1.26,0.05,1.733,-0.00465,0.01391,0.0,0.0,-0.00119,0.00405,1.69,1.82,1.7,1.71
174,2.9,1.757,20.395,0.001,0.4586,0.09,-1.26,0.05,1.672,-0.00535,0.01007,0.0,0.0,-0.00153,0.00369,1.63,1.57,1.75,1.74
175,2.9167,1.764,20.399,0.001,0.4582,0.1,-1.26,0.05,1.784,-0.00556,0.00608,0.0,0.0,-0.00163,0.00357,1.77,1.85,1.75,1.77
176,2.9333,1.771,20.403,0.001,0.4578,0.11,-1.26,0.05,1.784,-0.00639,0.00191,0.0,0.0,-0.00205,0.00316,1.81,1.79,1.73,1.8
177,2.95,1.778,20.408,0.001,0.4572,0.12,-1.26,0.06,1.833,-0.00598,-0.00074,0.0,0.0,-0.00191,0.00343,1.84,1.85,1.79,1.86
178,2.9667,1.786,20.412,0.001,0.4565,0.12,-1.26,0.06,1.823,-0.0057,-0.00236,0.0,0.0,-0.0018,0.00361,1.82,1.8,1.83,1.85
179,2.9833,1.793,20.417,0.001,0.4562,0.06,-1.27,0.06,1.594,-0.00407,-0.00179,0.0,0.0,-0.00096,0.00439,1.55,1.56,1.63,1.64
180,3.0,1.8,20.42,0.002,0.4567,0.05,-1.26,0.05,1.644,-0.00742,-0.00442,0.0,0.0,-0.00269,0.00278,1.63,1.61,1.62,1.73
181,3.0167,1.807,20.424,0.002,0.4572,0.05,-1.26,0.05,1.688,-0.00948,-0.00815,0.0,0.0,-0.00372,0.00174,1.69,1.71,1.68,1.67
182,3.0333,1.814,20.428,0.002,0.4577,0.07,-1.26,0.05,1.724,-0.00927,-0.01098,0.0,0.0,-0.00362,0.00186,1.68,2.01,1.51,1.7
183,3.05,1.822,20.432,0.002,0.4581,0.07,-1.26,0.05,1.759,-0.00874,-0.01208,0.0,0.0,-0.00336,0.00212,1.74,1.95,1.68,1.68
184,3.0667,1.829,20.436,0.002,0.4584,0.08,-1.26,0.05,1.813,-0.00826,-0.01298,0.0,0.0,-0.00309,0.00233,1.75,1.9,1.87,1.73
185,3.0833,1.836,20.44,0.001,0.4586,0.09,-1.26,0.05,1.757,-0.00775,-0.01353,0.0,0.0,-0.00281,0.00256,1.74,1.75,1.82,1.72
186,3.1,1.843,20.445,0.001,0.4586,0.1,-1.26,0.05,1.811,-0.00727,-0.01519,0.0,0.0,-0.00253,0.00277,1.8,1.93,1.76,1.76
187,3.1167,1.851,20.449,0.001,0.4586,0.11,-1.26,0.05,1.818,-0.0067,-0.01262,0.0,0.0,-0.00215,0.00296,1.84,1.9,1.78,1.75
188,3.1333,1.858,20.453,0.001,0.4583,0.11,-1.26,0.05,1.814,-0.00634,-0.00788,0.0,0.0,-0.002,0.00316,1.86,1.78,1.81,1.81
189,3.15,1.865,20.458,0.001,0.4583,0.09,-1.25,0.05,1.825,-0.00355,-0.00106,0.0,0.0,-0.00061,0.00457,1.85,1.87,1.78,1.81
190,3.1667,1.872,20.462,0.0,0.4581,0.06,-1.24,0.05,1.876,-0.00053,0.00752,0.0,0.0,0.00088,0.00609,1.91,1.92,1.85,1.83
191,3.1833,1.879,20.467,0.0,0.4577,0.02,-1.24,0.05,1.762,0.00234,0.01752,-0.0,0.0,0.00229,0.00755,1.67,1.77,1.82,1.8
192,3.2,1.887,20.471,-0.0,0.4573,-0.01,-1.23,0.05,1.907,0.00515,0.02868,-0.0,-0.0,0.0037,0.00895,2.0,1.88,1.87,1.88
193,3.2167,1.894,20.476,-0.0,0.4573,-0.0,-1.27,0.07,2.074,0.0056,0.03847,-0.0,-0.0,0.00376,0.00934,2.64,2.87,1.6,1.18
194,3.2333,1.901,20.48,-0.0,0.4579,0.02,-1.26,0.04,1.906,0.0044,0.04527,-0.0,-0.0,0.00289,0.00902,2.3,1.91,1.64,1.78
195,3.25,1.908,20.484,-0.0,0.4583,0.03,-1.26,0.04,1.765,0.00313,0.04958,-0.0,-0.0,0.00223,0.0084,1.78,1.77,1.82,1.68
196,3.2667,1.916,20.488,0.0,0.4587,0.04,-1.26,0.04,1.822,0.00162,0.04895,-0.0,-0.0,0.00149,0.00763,1.8,1.81,1.91,1.77
197,3.2833,1.923,20.492,0.0,0.4589,0.05,-1.26,0.04,1.807,0.0002,0.04383,-0.0,-0.0,0.00078,0.00693,1.82,1.8,1.81,1.79
198,3.3,1.93,20.497,0.001,0.459,0.06,-1.26,0.04,1.835,-0.00122,0.03491,0.0,0.0,7e-05,0.00622,1.86,1.7,1.92,1.87
199,3.3167,1.937,20.501,0.001,0.4589,0.07,-1.26,0.04,1.893,-0.00254,0.02282,0.0,0.0,-0.0006,0.00557,1.9,1.9,1.9,1.87
200,3.3333,1.944,20.506,0.001,0.4587,0.08,-1.26,0.05,1.902,-0.00375,0.01047,0.0,0.0,-0.0012,0.00496,1.95,1.79,1.94,1.93
201,3.35,1.952,20.51,0.001,0.4584,0.09,-1.26,0.05,2.004,-0.00435,0.00021,0.0,0.0,-0.00147,0.00463,1.96,2.18,1.93,1.94
202,3.3667,1.959,20.515,0.001,0.4579,0.1,-1.26,0.05,1.958,-0.00519,-0.00837,0.0,0.0,-0.00184,0.00416,1.98,1.95,1.95,1.96
203,3.3833,1.966,20.52,0.001,0.4572,0.11,-1.26,0.05,1.954,-0.0058,-0.015,0.0,0.0,-0.00212,0.00382,2.0,1.8,1.99,2.03
204,3.4,1.973,20.525,0.001,0.4564,0.12,-1.26,0.05,2.216,-0.00528,-0.01884,0.0,0.0,-0.00187,0.0041,2.13,2.49,2.12,2.11
205,3.4167,1.981,20.529,0.002,0.4567,0.06,-1.27,0.05,1.847,-0.00523,-0.02071,0.0,0.0,-0.00186,0.00413,1.79,2.1,1.8,1.69
206,3.4333,1.988,20.534,0.002,0.4573,0.06,-1.27,0.05,2.21,-0.00784,-0.02368,0.0,0.0,-0.00317,0.00284,2.08,1.76,1.7,3.3
207,3.45,1.995,20.538,0.002,0.4577,0.06,-1.26,0.04,1.816,-0.00964,-0.0269,0.0,0.0,-0.00417,0.00203,1.7,1.73,1.93,1.91
208,3.4667,2.002,20.542,0.003,0.4582,0.06,-1.27,0.05,1.869,-0.01131,-0.03083,0.0,0.0,-0.0049,0.0011,1.85,1.86,1.93,1.83
209,3.4833,2.009,20.547,0.003,0.4584,0.06,-1.26,0.05,1.896,-0.01256,-0.03471,0.0,0.0,-0.00551,0.00045,1.94,1.82,1.95,1.87
210,3.5,2.017,20.551,0.003,0.4587,0.07,-1.26,0.04,1.899,-0.01214,-0.03707,0.0,0.0,-0.00529,0.00065,1.88,1.79,2.02,1.9
211,3.5167,2.024,20.556,0.003,0.4588,0.08,-1.26,0.04,2.036,-0.01169,-0.03921,0.0,0.0,-0.00507,0.00089,1.91,2.2,2.09,1.95
212,3.5333,2.031,20.561,0.003,0.4588,0.09,-1.26,0.04,1.915,-0.01117,-0.04062,0.0,0.0,-0.00483,0.00116,1.97,1.68,1.99,2.02
213,3.55,2.038,20.565,0.003,0.4586,0.1,-1.26,0.04,2.019,-0.01064,-0.03863,0.0,0.0,-0.00455,0.00141,2.01,2.07,2.01,1.99
214,3.5667,2.046,20.57,0.003,0.4582,0.1,-1.26,0.04,2.017,-0.01053,-0.0349,0.0,0.0,-0.00446,0.00144,2.03,1.95,2.04,2.05
215,3.5833,2.053,20.575,0.002,0.4576,0.11,-1.26,0.04,2.01,-0.01007,-0.02944,0.0,0.0,-0.00421,0.00165,2.13,1.78,2.05,2.08
216,3.6,2.06,20.58,0.002,0.4569,0.12,-1.26,0.04,2.184,-0.00956,-0.02282,0.0,0.0,-0.00397,0.00191,2.21,2.16,2.16,2.2
217,3.6167,2.067,20.585,0.002,0.4568,0.02,-1.28,0.04,1.974,-0.00618,-0.01395,0.0,0.0,-0.0023,0.00363,2.0,1.99,1.96,1.96
218,3.6333,2.074,20.59,0.002,0.4574,0.02,-1.26,0.04,1.95,-0.00753,-0.008,0.0,0.0,-0.00301,0.00298,1.91,1.95,1.91,2.04
219,3.65,2.082,20.594,0.002,0.458,0.04,-1.26,0.04,2.01,-0.00746,-0.00322,0.0,0.0,-0.00299,0.00303,1.92,1.82,2.3,2.0
220,3.6667,2.089,20.599,0.002,0.4585,0.05,-1.26,0.04,1.963,-0.00695,0.00097,0.0,0.0,-0.00273,0.00329,1.95,2.02,1.96,1.92
221,3.6833,2.096,20.603,0.002,0.4588,0.05,-1.26,0.04,2.037,-0.00638,0.00511,0.0,0.0,-0.00245,0.00357,1.97,2.1,2.08,2.0
222,3.7,2.103,20.608,0.002,0.4589,0.06,-1.26,0.04,2.033,-0.0058,0.00889,0.0,0.0,-0.00216,0.00387,1.97,2.05,2.11,2.01
223,3.7167,2.111,20.613,0.002,0.4589,0.07,-1.26,0.04,2.102,-0.00522,0.0123,0.0,0.0,-0.00188,0.00417,1.99,2.1,2.2,2.12
224,3.7333,2.118,20.618,0.002,0.4587,0.08,-1.26,0.03,2.12,-0.00465,0.01239,0.0,0.0,-0.00162,0.00447,2.09,2.15,2.09,2.14
225,3.75,2.125,20.623,0.002,0.4583,0.09,-1.26,0.03,2.149,-0.00471,0.01381,0.0,0.0,-0.0018,0.00459,2.09,2.23,2.11,2.17
226,3.7667,2.132,20.628,0.002,0.4577,0.1,-1.26,0.03,2.144,-0.00532,0.01435,0.0,0.0,-0.00209,0.00427,2.08,2.16,2.12,2.22
227,3.7833,2.139,20.634,0.002,0.457,0.12,-1.26,0.03,2.131,-0.00567,0.01393,0.0,0.0,-0.00235,0.00418,2.16,2.04,2.12,2.21
228,3.8,2.147,20.639,0.002,0.4566,0.18,-1.28,0.03,2.051,-0.00725,0.01137,0.0,0.0,-0.00314,0.0034,2.18,2.29,1.86,1.87
229,3.8167,2.154,20.643,0.002,0.4573,0.17,-1.28,0.03,1.985,-0.00702,0.00876,0.0,0.0,-0.00305,0.00354,2.2,1.97,1.87,1.9
230,3.8333,2.161,20.648,0.002,0.4578,0.15,-1.27,0.03,2.114,-0.00778,0.00507,0.0,0.0,-0.00343,0.00316,2.14,2.01,1.98,2.33
231,3.85,2.168,20.653,0.002,0.4581,0.12,-1.26,0.03,2.102,-0.00819,0.00082,0.0,0.0,-0.00366,0.00297,1.98,1.95,2.31,2.17
232,3.8667,2.176,20.658,0.002,0.4584,0.09,-1.26,0.03,2.137,-0.00767,-0.00232,0.0,0.0,-0.00341,0.00325,2.14,2.06,2.25,2.09
233,3.8833,2.183,20.663,0.002,0.4586,0.09,-1.26,0.03,2.101,-0.00753,-0.00431,0.0,0.0,-0.00338,0.00335,2.09,2.07,2.14,2.1
234,3.9,2.19,20.668,0.002,0.4587,0.1,-1.26,0.03,2.144,-0.00787,-0.00605,0.0,0.0,-0.00359,0.00323,2.09,2.09,2.23,2.17
235,3.9167,2.197,20.673,0.003,0.4586,0.1,-1.26,0.03,2.135,-0.00857,-0.00668,0.0,0.0,-0.00404,0.00298,2.09,2.1,2.18,2.17
236,3.9333,2.204,20.678,0.003,0.4583,0.11,-1.26,0.03,2.165,-0.00947,-0.00841,0.0,0.0,-0.00443,0.00247,2.13,2.14,2.2,2.19
237,3.95,2.212,20.684,0.003,0.4577,0.11,-1.26,0.03,2.138,-0.01013,-0.00981,0.0,0.0,-0.00478,0.00215,2.15,1.97,2.19,2.24
238,3.9667,2.219,20.689,0.003,0.4577,0.12,-1.18,0.02,1.795,-0.00981,-0.01031,0.0,0.0,-0.00452,0.00221,1.66,1.72,1.87,1.93
239,3.9833,2.226,20.694,0.002,0.4585,0.13,-1.09,0.03,2.493,-0.00847,-0.00989,0.0,0.0,-0.00396,0.00299,1.88,2.05,4.11,1.93
240,4.0,2.233,20.699,0.002,0.4595,0.12,-1.05,0.03,2.29,-0.00718,-0.00834,0.0,0.0,-0.00331,0.00364,2.95,1.97,2.1,2.14
241,4.0167,2.241,20.704,0.002,0.4604,0.13,-1.01,0.04,1.997,-0.00697,-0.00642,0.0,0.0,-0.003,0.00354,2.19,1.95,1.89,1.96
242,4.0333,2.248,20.709,0.002,0.4612,0.13,-0.97,0.04,2.103,-0.00637,-0.00338,0.0,0.0,-0.0027,0.00384,2.25,2.09,2.01,2.06
243,4.05,2.255,20.714,0.002,0.4617,0.13,-0.92,0.04,2.136,-0.00579,0.0008,0.0,0.0,-0.00243,0.00414,2.28,2.11,2.1,2.05
244,4.0667,2.262,20.719,0.002,0.4621,0.14,-0.88,0.04,2.2,-0.00518,0.00581,0.0,0.0,-0.00211,0.00444,2.31,2.11,2.2,2.18
245,4.0833,2.269,20.725,0.002,0.4624,0.14,-0.83,0.05,2.758,-0.00456,0.01052,0.0,0.0,-0.00178,0.00473,2.23,2.14,4.62,2.04
246,4.1,2.277,20.73,0.002,0.4624,0.14,-0.78,0.06,2.207,-0.00405,0.01381,0.0,0.0,-0.00149,0.00495,2.26,2.11,2.25,2.21
247,4.1167,2.284,20.736,0.002,0.4622,0.14,-0.73,0.06,2.252,-0.00406,0.01535,0.0,0.0,-0.00147,0.00491,2.3,2.22,2.29,2.2
248,4.1333,2.291,20.742,0.002,0.4618,0.15,-0.68,0.06,2.121,-0.00377,0.0168,0.0,0.0,-0.00132,0.00505,2.18,2.18,1.91,2.21
249,4.15,2.298,20.748,0.001,0.4613,0.14,-0.65,0.06,2.287,-0.0025,0.01876,0.0,0.0,-0.00069,0.0057,2.08,2.33,2.38,2.36
250,4.1667,2.306,20.753,0.001,0.4617,0.16,-0.7,0.05,1.89,-0.00371,0.01865,0.0,0.0,-0.00134,0.00514,1.4,2.05,2.29,1.82
251,4.1833,2.313,20.758,0.002,0.4624,0.13,-0.68,0.05,2.216,-0.00433,0.01729,0.0,0.0,-0.0017,0.00488,2.4,2.11,2.05,2.31
252,4.2,2.32,20.763,0.002,0.4629,0.12,-0.68,0.05,2.235,-0.0055,0.01424,0.0,0.0,-0.00229,0.00429,2.31,2.17,2.15,2.3
253,4.2167,2.327,20.768,0.002,0.4632,0.09,-0.67,0.05,2.213,-0.00663,0.00988,0.0,0.0,-0.00284,0.00372,2.21,2.21,2.22,2.21
254,4.2333,2.334,20.774,0.003,0.4633,0.07,-0.66,0.05,2.287,-0.00775,0.0049,0.0,0.0,-0.0034,0.00316,2.29,2.28,2.3,2.28
255,4.25,2.342,20.779,0.003,0.4635,0.07,-0.67,0.05,2.287,-0.00797,-1e-05,0.0,0.0,-0.0035,0.00304,2.27,2.36,2.3,2.22
256,4.2667,2.349,20.784,0.003,0.4635,0.09,-0.66,0.05,2.411,-0.00778,-0.00544,0.0,0.0,-0.0034,0.00312,2.31,2.64,2.43,2.26
257,4.2833,2.356,20.79,0.003,0.4633,0.1,-0.66,0.06,2.317,-0.00704,-0.00821,0.0,0.0,-0.0031,0.00357,2.3,2.26,2.35,2.36
258,4.3,2.363,20.796,0.003,0.4629,0.12,-0.64,0.05,2.91,-0.00678,-0.00975,0.0,0.0,-0.00291,0.00363,3.88,2.89,2.41,2.46
259,4.3167,2.371,20.801,0.002,0.4622,0.13,-0.64,0.06,2.473,-0.00624,-0.00934,0.0,0.0,-0.00261,0.00387,2.36,2.82,2.31,2.4
260,4.3333,2.378,20.807,0.002,0.4624,0.11,-0.74,0.06,2.548,-0.00367,-0.00518,0.0,0.0,-0.00133,0.00516,2.55,2.59,2.6,2.46
261,4.35,2.385,20.811,0.002,0.4633,0.07,-0.86,0.05,2.258,-0.00234,0.00101,0.0,0.0,-0.0007,0.00586,2.35,2.2,2.47,2.02
262,4.3667,2.392,20.815,0.003,0.4642,0.0,-0.97,0.06,1.966,-0.00244,0.00657,0.0,0.0,-0.00078,0.00585,2.03,1.91,2.27,1.65
263,4.3833,2.399,20.819,0.003,0.4651,0.02,-1.0,0.06,2.194,-0.00371,0.00996,0.0,0.0,-0.00143,0.00522,2.22,2.08,2.38,2.1
264,4.4,2.407,20.824,0.003,0.4659,0.04,-1.04,0.05,2.259,-0.00375,0.01215,0.0,0.0,-0.00147,0.00522,2.29,2.18,2.4,2.16
265,4.4167,2.414,20.829,0.002,0.4666,0.05,-1.08,0.05,2.304,-0.00354,0.01402,0.0,0.0,-0.0014,0.00536,2.29,2.32,2.4,2.21
266,4.4333,2.421,20.834,0.002,0.467,0.07,-1.12,0.05,2.327,-0.00342,0.01524,0.0,0.0,-0.00139,0.00547,2.32,2.27,2.43,2.29
267,4.45,2.428,20.839,0.002,0.4673,0.08,-1.16,0.05,2.281,-0.00367,0.01342,0.0,0.0,-0.00157,0.0054,2.37,2.08,2.4,2.28
268,4.4667,2.436,20.845,0.002,0.4673,0.1,-1.2,0.05,2.377,-0.00431,0.00978,0.0,0.0,-0.0019,0.00509,2.42,2.36,2.38,2.35
269,4.4833,2.443,20.85,0.002,0.4672,0.12,-1.24,0.05,2.247,-0.00488,0.0061,0.0,0.0,-0.00229,0.00491,2.38,1.75,2.42,2.44
270,4.5,2.45,20.856,0.002,0.4668,0.14,-1.29,0.05,2.514,-0.00554,0.00349,0.0,0.0,-0.00261,0.00457,2.53,2.62,2.38,2.52
271,4.5167,2.457,20.861,0.002,0.4669,0.12,-1.4,0.05,2.51,-0.00531,0.00147,0.0,0.0,-0.00252,0.00472,2.58,2.49,2.48,2.49
272,4.5333,2.464,20.866,0.003,0.4668,0.03,-1.42,0.05,2.169,-0.00306,0.00179,0.0,0.0,-0.00147,0.00592,1.89,2.59,2.08,2.12
273,4.55,2.472,20.871,0.003,0.4674,0.03,-1.41,0.05,2.343,-0.00695,-0.00205,0.0,0.0,-0.00341,0.00397,2.11,2.11,2.82,2.33
274,4.5667,2.479,20.877,0.004,0.4679,0.03,-1.4,0.05,2.302,-0.00905,-0.00734,0.0,0.0,-0.00451,0.00297,2.28,2.31,2.41,2.22
275,4.5833,2.486,20.882,0.004,0.4683,0.03,-1.39,0.05,2.4,-0.01019,-0.0125,0.0,0.0,-0.00506,0.00237,2.48,2.37,2.4,2.35
276,4.6,2.493,20.888,0.004,0.4686,0.04,-1.39,0.05,2.524,-0.00951,-0.01576,0.0,0.0,-0.00472,0.00272,2.38,2.9,2.5,2.32
277,4.6167,2.501,20.894,0.004,0.4686,0.06,-1.38,0.05,2.495,-0.00883,-0.01725,0.0,0.0,-0.00434,0.00302,2.46,2.6,2.5,2.42
278,4.6333,2.508,20.9,0.003,0.4684,0.07,-1.37,0.04,2.439,-0.00797,-0.01793,0.0,0.0,-0.00382,0.00335,2.48,2.4,2.48,2.4
279,4.65,2.515,20.906,0.003,0.4682,0.06,-1.37,0.05,2.354,-0.00582,-0.01862,0.0,0.0,-0.00275,0.00443,2.25,2.52,2.3,2.34
280,4.6667,2.522,20.912,0.003,0.4678,0.01,-1.35,0.04,2.357,-0.0014,-0.01068,0.0,0.0,-0.00058,0.00668,2.33,2.31,2.38,2.41
281,4.6833,2.529,20.918,0.002,0.4672,-0.03,-1.33,0.04,2.544,0.00173,0.00168,-0.0,0.0,0.00102,0.00822,2.34,2.6,2.61,2.61
282,4.7,2.537,20.924,0.002,0.4676,-0.02,-1.42,0.06,2.24,0.00271,0.01475,-0.0,0.0,0.00137,0.00884,2.29,2.07,2.44,2.16
283,4.7167,2.544,20.929,0.002,0.4682,0.02,-1.41,0.05,2.319,0.00115,0.02395,-0.0,0.0,0.00061,0.00805,2.3,2.3,2.41,2.28
284,4.7333,2.551,20.935,0.002,0.4687,0.03,-1.4,0.05,2.4,0.00028,0.03045,-0.0,-0.0,0.00018,0.00761,2.39,2.36,2.52,2.34
285,4.75,2.558,20.941,0.002,0.469,0.05,-1.39,0.05,2.431,-0.00068,0.0343,0.0,0.0,-0.00031,0.00714,2.43,2.41,2.48,2.39
286,4.7667,2.566,20.947,0.002,0.4691,0.06,-1.38,0.05,2.44,-0.00154,0.03459,0.0,0.0,-0.00076,0.00672,2.49,2.34,2.51,2.43
287,4.7833,2.573,20.953,0.002,0.4689,0.08,-1.37,0.05,2.452,-0.00222,0.02959,0.0,0.0,-0.00111,0.00639,2.52,2.27,2.54,2.47
288,4.8,2.58,20.959,0.003,0.4685,0.1,-1.36,0.06,2.496,-0.00267,0.02152,0.0,0.0,-0.00135,0.00619,2.58,2.28,2.57,2.56
289,4.8167,2.587,20.965,0.003,0.4678,0.11,-1.35,0.06,2.519,-0.00375,0.01229,0.0,0.0,-0.00199,0.00574,2.59,2.43,2.46,2.59
290,4.8333,2.594,20.971,0.003,0.4669,0.11,-1.37,0.05,2.923,-0.00405,0.00546,0.0,0.0,-0.00217,0.00562,3.22,2.52,3.3,2.66
291,4.85,2.602,20.977,0.003,0.467,0.06,-1.45,0.05,1.949,-0.00308,0.00135,0.0,0.0,-0.00167,0.0061,1.73,1.62,2.09,2.35
292,4.8667,2.609,20.983,0.003,0.4677,0.05,-1.42,0.04,2.436,-0.00541,-0.00368,0.0,0.0,-0.00291,0.00501,2.8,2.2,2.2,2.55
293,4.8833,2.616,20.988,0.004,0.4682,0.06,-1.4,0.04,2.479,-0.00714,-0.009,0.0,0.0,-0.00382,0.00418,2.36,2.29,2.79,2.47
294,4.9,2.623,20.994,0.004,0.4687,0.06,-1.39,0.04,2.465,-0.00837,-0.01424,0.0,0.0,-0.00443,0.00357,2.47,2.42,2.56,2.41
295,4.9167,2.631,21.0,0.004,0.469,0.07,-1.39,0.04,2.587,-0.00805,-0.01807,0.0,0.0,-0.00426,0.00371,2.46,2.88,2.57,2.44
296,4.9333,2.638,21.006,0.004,0.469,0.08,-1.38,0.04,2.553,-0.00752,-0.01978,0.0,0.0,-0.00403,0.00401,2.45,2.56,2.71,2.48
297,4.95,2.645,21.012,0.004,0.4688,0.1,-1.37,0.04,2.636,-0.00675,-0.02018,0.0,0.0,-0.00366,0.00441,2.56,2.87,2.62,2.51
298,4.9667,2.652,21.018,0.003,0.4683,0.11,-1.36,0.04,2.873,-0.00622,-0.02099,0.0,0.0,-0.00322,0.00451,3.21,2.98,2.64,2.67
299,4.9833,2.659,21.025,0.003,0.4675,0.12,-1.36,0.04,2.629,-0.00573,-0.01881,0.0,0.0,-0.003,0.00477,2.62,2.57,2.66,2.66
300,5.0,2.667,21.031,0.003,0.4675,0.09,-1.44,0.04,2.772,-0.00386,-0.01317,0.0,0.0,-0.0021,0.00574,2.73,2.84,2.75,2.77
301,5.0167,2.674,21.037,0.003,0.4676,0.0,-1.42,0.04,2.303,-0.00257,-0.00562,0.0,0.0,-0.00148,0.00642,2.26,2.41,2.28,2.26
302,5.0333,2.681,21.043,0.003,0.4683,0.04,-1.4,0.04,2.537,-0.00374,-0.00051,0.0,0.0,-0.00212,0.00588,2.4,2.39,2.87,2.49
303,5.05,2.688,21.049,0.003,0.4688,0.04,-1.4,0.04,2.552,-0.00315,0.00404,0.0,0.0,-0.00184,0.00619,2.51,2.53,2.66,2.5
304,5.0667,2.696,21.055,0.003,0.4691,0.06,-1.39,0.04,2.571,-0.00255,0.00787,0.0,0.0,-0.00153,0.00648,2.52,2.52,2.69,2.55
305,5.0833,2.703,21.061,0.003,0.4691,0.07,-1.38,0.04,2.592,-0.00189,0.01138,0.0,0.0,-0.00121,0.00683,2.51,2.6,2.67,2.58
306,5.1,2.71,21.067,0.003,0.4688,0.09,-1.37,0.04,2.154,-0.00206,0.01379,0.0,0.0,-0.0014,0.00684,0.91,2.53,2.63,2.54
307,5.1167,2.717,21.073,0.003,0.4683,0.1,-1.36,0.04,2.698,-0.00285,0.01318,0.0,0.0,-0.00192,0.00658,2.61,2.81,2.69,2.68
308,5.1333,2.724,21.08,0.003,0.4674,0.12,-1.36,0.04,2.724,-0.00366,0.01047,0.0,0.0,-0.00241,0.00625,2.68,2.72,2.71,2.78
309,5.15,2.732,21.086,0.003,0.467,0.12,-1.42,0.04,2.416,-0.00453,0.00841,0.0,0.0,-0.00292,0.0059,1.92,3.3,2.36,2.08
310,5.1667,2.739,21.092,0.004,0.4678,0.12,-1.4,0.03,3.122,-0.00608,0.00439,0.0,0.0,-0.00379,0.00522,5.0,2.39,2.37,2.73
311,5.1833,2.746,21.098,0.004,0.4682,0.13,-1.41,0.03,2.542,-0.00778,-0.00152,0.0,0.0,-0.00468,0.0044,2.88,2.39,2.51,2.38
312,5.2,2.753,21.104,0.004,0.4684,0.1,-1.39,0.03,2.518,-0.00849,-0.00812,0.0,0.0,-0.00503,0.00405,2.45,2.65,2.65,2.33
313,5.2167,2.761,21.11,0.004,0.4687,0.09,-1.39,0.03,2.594,-0.00959,-0.01489,0.0,0.0,-0.00564,0.00355,2.48,2.57,2.71,2.61
314,5.2333,2.768,21.117,0.005,0.4688,0.1,-1.38,0.03,2.641,-0.01068,-0.02116,0.0,0.0,-0.00622,0.00304,2.57,2.6,2.75,2.65
315,5.25,2.775,21.123,0.005,0.4685,0.12,-1.37,0.03,2.7,-0.01153,-0.02671,0.0,0.0,-0.00675,0.00272,2.65,2.65,2.77,2.73
316,5.2667,2.782,21.13,0.005,0.4679,0.13,-1.36,0.03,2.757,-0.01238,-0.03158,0.0,0.0,-0.00718,0.00231,2.73,2.73,2.76,2.8
317,5.2833,2.789,21.137,0.005,0.4672,0.13,-1.37,0.03,2.956,-0.01223,-0.03412,0.0,0.0,-0.0071,0.00238,2.94,2.96,3.08,2.84
318,5.3,2.797,21.143,0.005,0.4676,0.1,-1.43,0.02,2.502,-0.01284,-0.03522,0.0,0.0,-0.0074,0.00207,2.1,2.89,2.53,2.49
319,5.3167,2.804,21.149,0.006,0.4681,0.1,-1.42,0.03,2.569,-0.01541,-0.03812,0.0,0.0,-0.00868,0.00077,2.82,2.44,2.46,2.56
320,5.3333,2.811,21.155,0.006,0.4685,0.08,-1.4,0.02,2.544,-0.01688,-0.04104,0.0,0.0,-0.00944,7e-05,2.36,2.63,2.62,2.56
321,5.35,2.818,21.161,0.006,0.469,0.08,-1.4,0.03,2.741,-0.01721,-0.04283,0.0,0.0,-0.00954,-0.00016,2.59,3.01,2.77,2.59
322,5.3667,2.826,21.168,0.006,0.4692,0.1,-1.39,0.03,2.699,-0.01728,-0.04361,0.0,0.0,-0.00962,-0.00016,2.58,2.74,2.82,2.66
323,5.3833,2.833,21.174,0.006,0.4691,0.12,-1.38,0.03,2.593,-0.01695,-0.04308,0.0,0.0,-0.00948,4e-05,2.55,2.63,2.88,2.31
324,5.4,2.84,21.181,0.006,0.4687,0.14,-1.36,0.03,2.78,-0.01624,-0.04203,0.0,0.0,-0.00917,0.00043,2.67,2.81,2.86,2.78
325,5.4167,2.847,21.187,0.006,0.4687,0.18,-1.24,0.01,2.415,-0.01522,-0.03944,0.0,0.0,-0.00864,0.00093,1.93,2.26,2.84,2.63
326,5.4333,2.854,21.194,0.005,0.4695,0.15,-1.08,0.04,2.244,-0.0142,-0.03346,0.0,0.0,-0.008,0.00131,2.61,0.87,3.34,2.16
327,5.45,2.862,21.2,0.005,0.4709,0.16,-1.03,0.07,2.688,-0.01388,-0.02636,0.0,0.0,-0.0071,0.00072,2.83,2.52,2.6,2.8
328,5.4667,2.869,21.207,0.005,0.4719,0.16,-0.99,0.07,2.619,-0.01306,-0.01893,0.0,0.0,-0.00671,0.00116,2.84,2.52,2.52,2.59
329,5.4833,2.876,21.213,0.005,0.4728,0.18,-0.93,0.07,2.628,-0.01255,-0.01179,0.0,0.0,-0.00641,0.00137,2.77,2.76,2.45,2.53
330,5.5,2.883,21.22,0.005,0.4732,0.16,-0.87,0.07,2.717,-0.01157,-0.00484,0.0,0.0,-0.00595,0.00188,2.89,2.51,2.74,2.73
331,5.5167,2.891,21.227,0.005,0.4736,0.18,-0.81,0.08,2.808,-0.01151,0.0006,0.0,0.0,-0.00593,0.00192,2.92,2.75,2.79,2.77
332,5.5333,2.898,21.234,0.005,0.4733,0.16,-0.75,0.07,2.845,-0.01075,0.00513,0.0,0.0,-0.00554,0.00229,2.86,2.79,2.88,2.85
333,5.55,2.905,21.242,0.005,0.4731,0.19,-0.69,0.07,2.888,-0.01096,0.00784,0.0,0.0,-0.00562,0.00216,2.97,2.86,2.89,2.83
334,5.5667,2.912,21.249,0.004,0.4726,0.16,-0.69,0.07,2.686,-0.00893,0.012,0.0,0.0,-0.00459,0.00316,2.29,2.56,3.25,2.64
335,5.5833,2.919,21.256,0.004,0.4729,0.12,-0.76,0.06,2.932,-0.00823,0.01552,0.0,0.0,-0.00418,0.00346,2.93,2.95,2.95,2.9
336,5.6,2.927,21.262,0.005,0.4727,0.02,-0.78,0.06,2.883,-0.00582,0.02058,0.0,0.0,-0.003,0.00468,2.7,2.19,4.08,2.56
337,5.6167,2.934,21.268,0.005,0.4735,-0.0,-0.81,0.06,2.65,-0.00665,0.02316,0.0,0.0,-0.00339,0.00424,2.61,2.62,2.92,2.45
338,5.6333,2.941,21.275,0.005,0.474,0.05,-0.76,0.06,2.789,-0.00789,0.02412,0.0,0.0,-0.00405,0.00366,2.76,2.7,2.93,2.77
339,5.65,2.948,21.282,0.005,0.4742,0.08,-0.74,0.06,2.941,-0.00743,0.02464,0.0,0.0,-0.00387,0.00394,2.78,3.18,2.98,2.82
340,5.6667,2.956,21.289,0.005,0.4741,0.1,-0.71,0.06,2.9,-0.00703,0.02573,0.0,0.0,-0.00372,0.0042,2.85,2.95,2.93,2.87
341,5.6833,2.963,21.296,0.004,0.4736,0.13,-0.68,0.06,2.873,-0.0065,0.02514,0.0,0.0,-0.00356,0.00456,2.93,2.72,2.91,2.94
342,5.7,2.97,21.302,0.004,0.4741,0.07,-0.77,0.04,3.133,-0.00242,0.0281,0.0,0.0,-0.00152,0.00661,3.08,3.2,3.18,3.08
343,5.7167,2.977,21.308,0.004,0.4748,0.05,-0.95,0.02,3.013,-0.00059,0.03011,0.0,0.0,-0.00104,0.00795,3.04,3.02,3.03,2.96
344,5.7333,2.984,21.314,0.004,0.4752,0.06,-1.16,-0.0,2.985,-0.00021,0.03312,0.0,0.0,-0.00133,0.00862,3.03,2.95,2.99,2.97
345,5.75,2.992,21.319,0.004,0.4761,0.05,-1.24,-0.0,2.575,0.00015,0.03741,-0.0,-0.0,-0.00115,0.00881,2.61,2.42,2.69,2.58
346,5.7667,2.999,21.325,0.004,0.4771,0.05,-1.28,-0.0,2.795,-0.00056,0.03999,0.0,0.0,-0.00151,0.00845,2.88,2.82,2.74,2.74
347,5.7833,3.006,21.332,0.004,0.4781,0.06,-1.32,-0.0,3.022,-0.00019,0.04222,0.0,0.0,-0.00133,0.00864,3.02,2.85,2.79,3.43
348,5.8,3.013,21.338,0.003,0.4787,0.08,-1.35,-0.0,2.968,0.00123,0.04511,-0.0,-0.0,-0.00059,0.00932,3.2,2.93,2.86,2.88
349,5.8167,3.021,21.345,0.003,0.4791,0.1,-1.39,-0.0,2.992,0.00289,0.04515,-0.0,-0.0,0.00029,0.0101,3.12,3.01,2.93,2.9
350,5.8333,3.028,21.352,0.002,0.479,0.12,-1.43,-0.01,3.0,0.00456,0.04503,-0.0,-0.0,0.00121,0.01086,3.09,3.06,2.96,2.9
351,5.85,3.035,21.359,0.002,0.4786,0.1,-1.44,-0.01,2.818,0.00736,0.04742,-0.0,-0.0,0.00254,0.01233,2.87,2.92,2.71,2.77
352,5.8667,3.042,21.366,0.002,0.4786,0.04,-1.51,-0.01,3.035,0.00961,0.05146,-0.0,-0.0,0.00362,0.01349,3.06,3.17,3.01,2.91
353,5.8833,3.049,21.372,0.002,0.4791,-0.01,-1.58,-0.01,2.668,0.00962,0.05575,-0.0,-0.0,0.00359,0.01353,2.58,2.6,3.0,2.48
354,5.9,3.057,21.379,0.003,0.4797,0.01,-1.54,-0.01,2.789,0.00598,0.05541,-0.0,-0.0,0.00172,0.01176,2.73,2.68,3.05,2.69
355,5.9167,3.064,21.386,0.003,0.4801,0.04,-1.52,-0.01,2.888,0.00398,0.05159,-0.0,-0.0,0.00075,0.01073,2.86,2.83,3.06,2.81
356,5.9333,3.071,21.393,0.003,0.4801,0.06,-1.49,-0.0,2.958,0.00239,0.04488,-0.0,-0.0,-4e-05,0.00994,2.94,2.95,3.04,2.89
357,5.95,3.078,21.4,0.003,0.4799,0.09,-1.46,0.0,2.905,0.00104,0.03587,-0.0,-0.0,-0.0007,0.00925,3.02,2.53,3.07,2.99
358,5.9667,3.086,21.408,0.003,0.4792,0.12,-1.43,-0.0,3.015,-0.00063,0.02335,0.0,0.0,-0.00156,0.00843,2.97,2.93,3.07,3.09
359,5.9833,3.093,21.415,0.004,0.4783,0.12,-1.43,-0.01,3.211,-0.00087,0.00976,0.0,0.0,-0.00178,0.00841,2.77,3.16,4.12,2.79
360,6.0,3.1,21.422,0.004,0.4784,0.06,-1.52,-0.02,3.11,-0.00017,-0.00147,0.0,0.0,-0.00181,0.00915,3.09,3.16,3.11,3.08
361,6.0167,3.107,21.429,0.004,0.4787,0.05,-1.55,-0.02,2.716,-0.00245,-0.00996,0.0,0.0,-0.00301,0.00806,2.62,2.6,3.1,2.54
362,6.0333,3.114,21.436,0.005,0.4794,0.05,-1.53,-0.02,2.872,-0.00481,-0.0178,0.0,0.0,-0.00421,0.00691,2.83,2.8,3.08,2.78
363,6.05,3.122,21.443,0.005,0.4799,0.06,-1.52,-0.02,2.98,-0.00568,-0.02397,0.0,0.0,-0.00467,0.00649,2.9,2.91,3.19,2.93
364,6.0667,3.129,21.45,0.005,0.48,0.07,-1.5,-0.02,3.022,-0.00578,-0.0281,0.0,0.0,-0.00475,0.00648,3.01,2.97,3.12,2.99
365,6.0833,3.136,21.458,0.005,0.4799,0.09,-1.47,-0.02,3.115,-0.0055,-0.02974,0.0,0.0,-0.00461,0.00662,3.06,3.26,3.1,3.04
366,6.1,3.143,21.465,0.005,0.4793,0.12,-1.44,-0.03,3.14,-0.00531,-0.03074,0.0,0.0,-0.00452,0.00671,3.12,3.32,3.09,3.04
367,6.1167,3.151,21.473,0.004,0.4789,0.1,-1.46,-0.03,3.268,-0.00403,-0.03103,0.0,0.0,-0.00391,0.00738,3.16,3.19,3.43,3.28
368,6.1333,3.158,21.48,0.004,0.4787,0.09,-1.57,-0.03,3.162,-0.0034,-0.02828,0.0,0.0,-0.00363,0.00773,3.15,3.23,3.2,3.06
369,6.15,3.165,21.487,0.005,0.4791,-0.0,-1.58,-0.03,2.69,-0.00144,-0.02142,0.0,0.0,-0.00268,0.00875,2.32,2.49,3.02,2.93
370,6.1667,3.172,21.494,0.005,0.4797,0.04,-1.53,-0.03,2.981,-0.00312,-0.01622,0.0,0.0,-0.00357,0.00796,2.92,2.89,3.18,2.94
371,6.1833,3.179,21.501,0.004,0.4801,0.06,-1.51,-0.02,3.042,-0.00276,-0.01117,0.0,0.0,-0.00343,0.00818,2.98,2.98,3.18,3.03
372,6.2,3.187,21.508,0.004,0.4801,0.08,-1.48,-0.02,3.129,-0.0022,-0.00644,0.0,0.0,-0.00317,0.00847,3.07,3.18,3.18,3.09
373,6.2167,3.194,21.516,0.004,0.4797,0.1,-1.45,-0.02,3.238,-0.00176,-0.00201,0.0,0.0,-0.00296,0.00871,3.15,3.59,3.18,3.03
374,6.2333,3.201,21.524,0.004,0.4788,0.11,-1.42,-0.03,3.172,-0.00138,0.00096,0.0,0.0,-0.00274,0.00886,3.12,3.24,3.16,3.17
375,6.25,3.208,21.531,0.004,0.4784,0.11,-1.5,-0.03,3.325,-0.00102,0.00329,0.0,0.0,-0.00257,0.00906,3.19,3.18,3.44,3.5
376,6.2667,3.216,21.538,0.004,0.4788,0.16,-1.57,-0.03,2.961,-0.00308,0.00121,0.0,0.0,-0.00363,0.00806,3.16,2.86,2.83,2.99
377,6.2833,3.223,21.545,0.004,0.4793,0.15,-1.55,-0.03,2.936,-0.00312,0.00106,0.0,0.0,-0.00369,0.00807,3.21,2.88,2.82,2.83
378,6.3,3.23,21.553,0.004,0.4795,0.12,-1.49,-0.03,3.542,-0.00363,4e-05,0.0,0.0,-0.00395,0.00782,2.97,3.01,5.2,2.99
379,6.3167,3.237,21.56,0.005,0.4798,0.1,-1.49,-0.02,3.099,-0.00415,-0.00197,0.0,0.0,-0.00425,0.00761,3.05,3.08,3.19,3.08
380,6.3333,3.244,21.568,0.005,0.4797,0.11,-1.46,-0.03,3.156,-0.00522,-0.00529,0.0,0.0,-0.00486,0.00714,3.1,3.11,3.23,3.18
381,6.35,3.252,21.576,0.005,0.4791,0.12,-1.43,-0.03,3.123,-0.00595,-0.00936,0.0,0.0,-0.0053,0.00685,3.17,2.89,3.21,3.23
382,6.3667,3.259,21.584,0.005,0.4788,0.08,-1.46,-0.03,3.436,-0.00542,-0.01276,0.0,0.0,-0.00508,0.00716,3.51,3.31,3.49,3.43
383,6.3833,3.266,21.591,0.005,0.4788,0.09,-1.56,-0.03,3.031,-0.0069,-0.01517,0.0,0.0,-0.00594,0.00654,2.61,4.1,2.78,2.63
384,6.4,3.273,21.598,0.006,0.4794,0.12,-1.55,-0.03,3.15,-0.00953,-0.01994,0.0,0.0,-0.00719,0.00516,3.3,2.68,3.86,2.75
385,6.4167,3.281,21.605,0.006,0.4797,0.1,-1.5,-0.03,3.661,-0.00999,-0.0241,0.0,0.0,-0.00735,0.00486,3.42,4.61,3.27,3.35
386,6.4333,3.288,21.613,0.006,0.4801,0.07,-1.51,-0.02,3.03,-0.00864,-0.02583,0.0,0.0,-0.00674,0.0056,2.93,2.96,3.26,2.97
387,6.45,3.295,21.62,0.006,0.4801,0.1,-1.48,-0.02,3.259,-0.00849,-0.02608,0.0,0.0,-0.00664,0.00566,3.12,3.51,3.28,3.13
388,6.4667,3.302,21.628,0.006,0.4797,0.12,-1.44,-0.03,3.248,-0.00797,-0.02503,0.0,0.0,-0.00643,0.00597,3.2,3.3,3.27,3.22
389,6.4833,3.309,21.636,0.005,0.4788,0.13,-1.41,-0.03,3.123,-0.00753,-0.0242,0.0,0.0,-0.00617,0.00614,3.34,2.72,2.93,3.5
390,6.5,3.317,21.644,0.005,0.4788,0.1,-1.52,-0.03,3.422,-0.00596,-0.02032,0.0,0.0,-0.00539,0.00693,3.35,3.47,3.45,3.42
391,6.5167,3.324,21.651,0.005,0.4792,0.15,-1.59,-0.03,2.804,-0.00791,-0.01622,0.0,0.0,-0.00642,0.00602,3.27,2.73,2.74,2.47
392,6.5333,3.331,21.659,0.006,0.4795,0.11,-1.54,-0.03,3.067,-0.00755,-0.01176,0.0,0.0,-0.00619,0.00614,3.32,2.98,2.99,2.97
393,6.55,3.338,21.666,0.006,0.48,0.08,-1.52,-0.03,3.177,-0.00757,-0.00925,0.0,0.0,-0.00611,0.00604,3.42,2.65,3.36,3.29
394,6.5667,3.346,21.674,0.006,0.4802,0.08,-1.5,-0.03,3.2,-0.00717,-0.00679,0.0,0.0,-0.00588,0.00622,3.19,3.14,3.33,3.15
395,6.5833,3.353,21.682,0.006,0.48,0.16,-1.41,-0.01,1.749,-0.00814,-0.00614,0.0,0.0,-0.00643,0.0058,1.04,2.88,3.28,-0.19
396,6.6,3.36,21.69,0.005,0.4808,0.17,-1.19,-0.05,2.407,-0.00534,-0.00315,0.0,0.0,-0.00481,0.00697,2.16,0.88,2.85,3.74
397,6.6167,3.367,21.698,0.005,0.4824,0.11,-1.07,0.02,3.261,-0.00262,0.00066,0.0,0.0,-0.00215,0.00703,3.35,3.16,3.19,3.34
398,6.6333,3.374,21.706,0.005,0.4836,0.12,-1.0,0.05,3.253,-0.00275,0.00589,0.0,0.0,-0.00168,0.00644,3.36,3.2,3.14,3.31
399,6.65,3.382,21.714,0.005,0.4845,0.15,-0.94,0.06,3.119,-0.00304,0.00982,0.0,0.0,-0.00186,0.00632,3.35,3.27,2.99,2.87
400,6.6667,3.389,21.722,0.005,0.485,0.15,-0.85,0.06,3.303,-0.00332,0.01302,0.0,0.0,-0.00203,0.00622,3.52,3.18,3.23,3.27
401,6.6833,3.396,21.731,0.005,0.485,0.16,-0.77,0.06,3.32,-0.00431,0.0144,0.0,0.0,-0.00257,0.00577,3.3,3.18,3.69,3.11
402,6.7,3.403,21.739,0.005,0.4849,0.16,-0.73,0.07,3.331,-0.00423,0.0167,0.0,0.0,-0.00249,0.00577,3.38,3.25,3.39,3.31
403,6.7167,3.411,21.747,0.005,0.4843,0.17,-0.68,0.07,3.403,-0.00535,0.01468,0.0,0.0,-0.00305,0.0052,3.42,3.33,3.54,3.32
404,6.7333,3.418,21.756,0.005,0.4844,0.1,-0.73,0.07,3.522,-0.00334,0.01218,0.0,0.0,-0.00206,0.00622,3.55,3.65,3.54,3.36
405,6.75,3.425,21.763,0.005,0.4842,0.05,-0.82,0.06,3.478,-0.00331,0.01014,0.0,0.0,-0.00228,0.00647,3.43,3.51,3.52,3.46
406,6.7667,3.432,21.771,0.006,0.4842,0.06,-0.86,0.06,2.857,-0.00517,0.00674,0.0,0.0,-0.00328,0.00561,2.98,3.01,2.95,2.49
407,6.7833,3.439,21.779,0.006,0.4847,0.05,-0.81,0.06,3.166,-0.00629,0.00287,0.0,0.0,-0.00385,0.00507,3.1,3.09,3.43,3.05
408,6.8,3.447,21.787,0.006,0.4851,0.05,-0.79,0.06,3.329,-0.00546,0.00135,0.0,0.0,-0.00341,0.00545,3.33,3.31,3.42,3.26
409,6.8167,3.454,21.795,0.006,0.4851,0.06,-0.75,0.06,3.382,-0.00489,0.0005,0.0,0.0,-0.00308,0.0057,3.31,3.66,3.39,3.17
410,6.8333,3.461,21.803,0.006,0.4852,0.12,-0.77,0.07,3.641,-0.0061,-0.00032,0.0,0.0,-0.00403,0.00544,3.87,3.53,3.59,3.58
411,6.85,3.468,21.81,0.005,0.4865,0.15,-0.95,0.08,3.124,-0.00439,-0.00136,0.0,0.0,-0.00336,0.00648,2.78,3.34,3.15,3.23
412,6.8667,3.476,21.816,0.005,0.4875,0.14,-1.11,0.09,3.4,-0.00148,0.00068,0.0,0.0,-0.00225,0.00827,3.44,3.49,3.5,3.17
413,6.8833,3.483,21.823,0.004,0.4881,0.13,-1.25,0.14,3.079,0.00026,0.00619,-0.0,0.0,-0.0023,0.01006,2.86,3.43,3.26,2.77
414,6.9,3.49,21.83,0.005,0.4892,0.05,-1.36,0.14,2.958,0.00099,0.01293,-0.0,0.0,-0.00193,0.01043,2.83,2.79,3.41,2.81
415,6.9167,3.497,21.837,0.005,0.4901,0.07,-1.38,0.14,3.248,-0.00017,0.01682,0.0,0.0,-0.00244,0.00978,3.29,3.15,3.48,3.07
416,6.9333,3.504,21.844,0.005,0.4905,0.08,-1.4,0.13,3.341,-5e-05,0.01978,0.0,0.0,-0.00231,0.00976,3.31,3.33,3.49,3.22
417,6.95,3.512,21.852,0.005,0.4906,0.1,-1.43,0.13,3.433,0.00039,0.02408,-0.0,0.0,-0.00203,0.00993,3.41,3.49,3.49,3.34
418,6.9667,3.519,21.86,0.005,0.4908,0.09,-1.52,0.12,3.563,0.00155,0.0273,-0.0,0.0,-0.00142,0.01047,3.59,3.7,3.48,3.48
419,6.9833,3.526,21.868,0.005,0.4906,0.1,-1.65,0.11,3.514,0.00081,0.02638,-0.0,0.0,-0.00209,0.0104,3.5,3.65,3.42,3.48
420,7.0,3.533,21.875,0.005,0.4905,0.09,-1.7,0.11,3.097,0.00094,0.02391,-0.0,0.0,-0.00206,0.01051,3.56,3.13,2.97,2.73
421,7.0167,3.541,21.883,0.005,0.491,0.09,-1.63,0.11,4.01,-0.00116,0.01883,0.0,0.0,-0.00322,0.00957,2.59,2.98,7.19,3.28
422,7.0333,3.548,21.891,0.005,0.4916,0.08,-1.6,0.11,3.429,-0.00156,0.01514,0.0,0.0,-0.00339,0.00934,3.43,3.25,3.5,3.54
423,7.05,3.555,21.899,0.005,0.4918,0.08,-1.58,0.11,3.38,-0.00066,0.0127,0.0,0.0,-0.0029,0.00975,3.38,3.27,3.54,3.33
424,7.0667,3.562,21.908,0.005,0.4915,0.09,-1.53,0.11,3.459,-3e-05,0.01074,0.0,0.0,-0.00264,0.01011,3.4,3.48,3.55,3.41
425,7.0833,3.569,21.916,0.005,0.4911,0.08,-1.54,0.1,3.62,0.00102,0.00891,-0.0,0.0,-0.00213,0.01065,3.28,3.77,3.78,3.64
426,7.1,3.577,21.924,0.005,0.4909,0.09,-1.65,0.09,3.615,0.00151,0.00856,-0.0,0.0,-0.00199,0.011,3.56,3.7,3.64,3.55
427,7.1167,3.584,21.932,0.005,0.4904,0.03,-1.68,0.1,3.207,0.004,0.01068,-0.0,0.0,-0.00083,0.01234,2.93,3.27,3.64,2.98
428,7.1333,3.591,21.94,0.005,0.4913,0.05,-1.64,0.1,3.286,0.00216,0.01281,-0.0,0.0,-0.0018,0.01147,3.22,3.23,3.53,3.17
429,7.15,3.598,21.948,0.005,0.4918,0.06,-1.6,0.1,3.492,0.0025,0.01545,-0.0,0.0,-0.00163,0.01164,3.37,3.66,3.6,3.35
430,7.1667,3.606,21.957,0.005,0.4918,0.07,-1.56,0.1,3.483,0.00306,0.01742,-0.0,0.0,-0.00137,0.01193,3.42,3.49,3.59,3.43
431,7.1833,3.613,21.965,0.005,0.4913,0.09,-1.52,0.09,3.482,0.00268,0.01812,-0.0,0.0,-0.0016,0.01179,3.54,3.36,3.6,3.43
432,7.2,3.62,21.974,0.005,0.4908,0.07,-1.52,0.08,3.735,0.0032,0.01819,-0.0,0.0,-0.00144,0.01214,3.81,3.58,3.91,3.65
433,7.2167,3.627,21.982,0.005,0.4905,0.09,-1.66,0.08,3.432,0.00175,0.01625,-0.0,0.0,-0.00217,0.01142,3.55,3.16,3.49,3.52
434,7.2333,3.634,21.99,0.005,0.491,0.17,-1.67,0.08,3.45,-0.00144,0.0087,0.0,0.0,-0.00387,0.00993,3.63,3.3,3.25,3.63
435,7.25,3.642,21.998,0.005,0.4911,0.16,-1.6,0.08,3.324,-0.00036,0.00507,0.0,0.0,-0.00335,0.0105,1.35,3.28,5.59,3.08
436,7.2667,3.649,22.007,0.005,0.4915,0.12,-1.58,0.08,3.494,0.00019,0.00208,-0.0,0.0,-0.00297,0.01067,3.48,3.41,3.59,3.5
437,7.2833,3.656,22.015,0.005,0.4914,0.11,-1.54,0.07,3.503,-0.00093,-0.00227,0.0,0.0,-0.00358,0.01016,3.41,3.44,3.64,3.51
438,7.3,3.663,22.024,0.006,0.4909,0.09,-1.52,0.07,4.109,-0.00127,-0.00606,0.0,0.0,-0.00391,0.01014,4.15,4.14,4.42,3.72
439,7.3167,3.671,22.033,0.006,0.491,0.06,-1.59,0.05,3.658,-0.00157,-0.01023,0.0,0.0,-0.00432,0.01025,3.66,3.69,3.69,3.59
440,7.3333,3.678,22.041,0.006,0.4911,0.09,-1.64,0.05,3.292,-0.00443,-0.01536,0.0,0.0,-0.00589,0.00897,3.41,3.22,3.02,3.52
441,7.35,3.685,22.049,0.007,0.4912,0.13,-1.61,0.04,3.159,-0.00679,-0.01902,0.0,0.0,-0.00725,0.00796,3.54,3.33,3.31,2.46
442,7.3667,3.692,22.057,0.006,0.4917,0.11,-1.59,0.04,3.565,-0.00572,-0.02225,0.0,0.0,-0.00662,0.00841,3.49,3.66,3.62,3.48
443,7.3833,3.699,22.066,0.007,0.4919,0.09,-1.57,0.04,3.511,-0.00517,-0.0251,0.0,0.0,-0.00636,0.00869,3.47,3.45,3.68,3.44
444,7.4,3.707,22.075,0.007,0.4915,0.11,-1.52,0.03,3.652,-0.0054,-0.02669,0.0,0.0,-0.00641,0.00851,3.58,3.87,3.69,3.46
445,7.4167,3.714,22.084,0.006,0.4911,0.09,-1.53,0.02,3.838,-0.00451,-0.02682,0.0,0.0,-0.00614,0.00914,3.78,3.98,3.92,3.68
446,7.4333,3.721,22.092,0.006,0.4909,0.08,-1.64,0.01,3.762,-0.00413,-0.02624,0.0,0.0,-0.00611,0.00949,3.71,3.83,3.82,3.7
447,7.45,3.728,22.1,0.007,0.4911,0.15,-1.69,0.01,3.493,-0.00706,-0.02579,0.0,0.0,-0.00771,0.00816,3.73,3.37,3.35,3.52
448,7.4667,3.736,22.109,0.007,0.4912,0.13,-1.6,0.01,4.399,-0.00662,-0.02251,0.0,0.0,-0.00757,0.00845,2.57,3.52,8.47,3.04
449,7.4833,3.743,22.117,0.007,0.4918,0.11,-1.59,-0.02,3.616,-0.00559,-0.01969,0.0,0.0,-0.00636,0.00827,3.58,3.71,3.67,3.51
450,7.5,3.75,22.126,0.007,0.4919,0.1,-1.56,-0.02,3.688,-0.0051,-0.01726,0.0,0.0,-0.00612,0.00852,3.53,4.02,3.74,3.46
451,7.5167,3.757,22.135,0.007,0.4914,0.11,-1.51,-0.02,3.646,-0.0054,-0.01517,0.0,0.0,-0.00641,0.00852,3.64,3.56,3.74,3.64
452,7.5333,3.764,22.144,0.007,0.4913,0.07,-1.57,-0.03,3.83,-0.00422,-0.01306,0.0,0.0,-0.00592,0.0092,3.78,3.92,3.84,3.77
453,7.55,3.772,22.152,0.007,0.4908,0.07,-1.65,-0.03,3.799,-0.00437,-0.01174,0.0,0.0,-0.00612,0.00926,3.76,3.82,3.87,3.75
454,7.5667,3.779,22.161,0.007,0.491,0.08,-1.66,-0.03,3.518,-0.00455,-0.00776,0.0,0.0,-0.00624,0.00919,3.53,3.17,3.7,3.67
455,7.5833,3.786,22.169,0.007,0.4917,0.08,-1.61,-0.03,3.535,-0.00385,-0.00398,0.0,0.0,-0.00591,0.00956,3.46,3.43,3.76,3.48
456,7.6,3.793,22.178,0.006,0.4919,0.09,-1.57,-0.03,3.682,-0.0033,-0.00114,0.0,0.0,-0.00568,0.00989,3.64,3.73,3.77,3.59
457,7.6167,3.801,22.187,0.006,0.4924,0.13,-1.39,-0.03,3.262,-0.00388,0.00026,0.0,0.0,-0.00594,0.00957,2.79,3.06,3.78,3.42
458,7.6333,3.808,22.196,0.007,0.4936,0.11,-1.19,-0.02,3.976,-0.00417,0.00149,0.0,0.0,-0.00588,0.00921,4.21,3.96,3.49,4.25
459,7.65,3.815,22.205,0.007,0.495,0.11,-1.08,-0.01,3.615,-0.00626,-0.00079,0.0,0.0,-0.00669,0.00794,3.79,3.54,3.41,3.73
460,7.6667,3.822,22.214,0.007,0.4958,0.11,-0.97,0.01,3.53,-0.00705,-0.00344,0.0,0.0,-0.00685,0.00731,3.8,3.56,3.46,3.31
461,7.6833,3.829,22.223,0.007,0.4968,0.12,-0.9,0.0,3.646,-0.00687,-0.00542,0.0,0.0,-0.00677,0.00741,3.7,3.53,3.62,3.74
462,7.7,3.837,22.232,0.007,0.4974,0.13,-0.84,0.0,3.746,-0.00649,-0.00748,0.0,0.0,-0.00662,0.00763,3.79,3.65,3.83,3.72
463,7.7167,3.844,22.242,0.007,0.4974,0.14,-0.79,0.01,3.769,-0.00621,-0.00958,0.0,0.0,-0.00647,0.00777,3.8,3.67,3.83,3.77
464,7.7333,3.851,22.251,0.007,0.4974,0.12,-0.79,0.01,3.859,-0.00543,-0.01002,0.0,0.0,-0.00607,0.00815,3.91,3.81,3.82,3.89
465,7.75,3.858,22.26,0.007,0.4973,0.12,-0.86,0.01,3.893,-0.00525,-0.00993,0.0,0.0,-0.00597,0.00822,3.85,4.02,3.86,3.83
466,7.7667,3.866,22.269,0.007,0.4967,0.04,-0.87,0.01,4.118,-0.00269,-0.00507,0.0,0.0,-0.00485,0.00967,3.72,4.27,4.67,3.82
467,7.7833,3.873,22.278,0.006,0.4971,0.09,-0.89,-0.02,3.49,-0.00321,-0.00052,0.0,0.0,-0.0046,0.00889,3.52,3.14,3.77,3.54
468,7.8,3.88,22.286,0.006,0.4976,0.09,-0.84,-0.02,3.618,-0.0023,0.00425,0.0,0.0,-0.0041,0.0093,3.57,3.52,3.86,3.51
469,7.8167,3.887,22.295,0.006,0.4977,0.1,-0.79,-0.01,3.741,-0.00177,0.00859,0.0,0.0,-0.0038,0.00953,3.76,3.73,3.88,3.6
470,7.8333,3.894,22.304,0.006,0.4987,0.16,-0.9,-0.01,4.357,-0.00305,0.01081,0.0,0.0,-0.00467,0.00913,4.62,4.01,4.65,4.15
471,7.85,3.902,22.312,0.006,0.4998,0.16,-1.14,-0.01,4.17,-0.00137,0.01369,0.0,0.0,-0.00393,0.01006,3.99,3.63,5.26,3.79
472,7.8667,3.909,22.319,0.006,0.5003,0.13,-1.39,-0.01,3.837,-0.00027,0.01717,0.0,0.0,-0.00325,0.01048,3.86,3.83,3.88,3.78
473,7.8833,3.916,22.326,0.006,0.501,0.12,-1.52,-0.01,3.194,-0.00029,0.01757,0.0,0.0,-0.0031,0.01031,2.93,2.84,3.89,3.12
474,7.9,3.923,22.334,0.006,0.5022,0.11,-1.54,-0.01,3.535,-0.00071,0.01804,0.0,0.0,-0.00322,0.01002,3.46,3.36,3.92,3.4
475,7.9167,3.931,22.342,0.006,0.503,0.1,-1.55,-0.01,3.679,-0.00116,0.01705,0.0,0.0,-0.00336,0.00971,3.61,3.59,3.92,3.6
476,7.9333,3.938,22.351,0.006,0.5036,0.09,-1.58,-0.01,4.025,-0.00118,0.01562,0.0,0.0,-0.00324,0.00957,4.15,4.16,4.05,3.74
477,7.95,3.945,22.36,0.006,0.504,0.1,-1.65,-0.01,3.897,-0.00112,0.01572,0.0,0.0,-0.00298,0.00936,3.95,3.94,3.79,3.91
478,7.9667,3.952,22.369,0.006,0.5037,0.12,-1.72,-0.01,3.889,-0.00067,0.01456,0.0,0.0,-0.00249,0.00933,3.94,3.88,3.86,3.87
479,7.9833,3.959,22.378,0.006,0.5028,0.12,-1.79,-0.0,3.362,-6e-05,0.01303,0.0,0.0,-0.00215,0.00959,3.75,3.2,3.01,3.49
480,8.0,3.967,22.386,0.006,0.5037,0.06,-1.76,-0.01,3.602,0.00059,0.01237,-0.0,0.0,-0.00176,0.00986,3.45,3.5,3.97,3.48
481,8.0167,3.974,22.396,0.006,0.5042,0.08,-1.7,-0.0,3.748,0.00042,0.01205,-0.0,0.0,-0.00177,0.0097,3.66,3.66,3.96,3.71
482,8.0333,3.981,22.405,0.006,0.5041,0.09,-1.64,-0.0,3.862,0.00079,0.01261,-0.0,0.0,-0.00155,0.00984,3.8,3.88,3.97,3.8
483,8.05,3.988,22.415,0.006,0.5036,0.1,-1.6,-0.01,4.546,0.00104,0.01337,-0.0,0.0,-0.00147,0.01001,3.89,4.66,4.73,4.91
484,8.0667,3.996,22.424,0.006,0.5035,0.1,-1.68,-0.01,4.053,0.00122,0.01418,-0.0,0.0,-0.00137,0.0101,3.99,4.04,4.13,4.06
485,8.0833,4.003,22.433,0.006,0.5029,0.15,-1.76,-0.01,3.572,-0.0009,0.01225,0.0,0.0,-0.00257,0.00918,3.48,3.92,3.29,3.59
486,8.1,4.01,22.442,0.006,0.5031,0.21,-1.7,-0.01,3.927,-0.00316,0.00759,0.0,0.0,-0.00364,0.00798,1.28,3.36,7.64,3.43
487,8.1167,4.017,22.451,0.006,0.5038,0.18,-1.66,0.0,3.816,-0.00181,0.00422,0.0,0.0,-0.00331,0.00901,3.55,3.98,3.98,3.75
488,8.1333,4.024,22.46,0.006,0.5039,0.13,-1.64,0.0,3.772,-0.0016,0.00163,0.0,0.0,-0.00324,0.00914,3.65,3.7,4.01,3.72
489,8.15,4.032,22.47,0.007,0.504,0.1,-1.65,-0.0,4.028,-0.00215,-0.00159,0.0,0.0,-0.00358,0.00893,4.08,4.0,4.03,4.0
490,8.1667,4.039,22.479,0.007,0.5037,0.09,-1.7,-0.0,4.023,-0.003,-0.00555,0.0,0.0,-0.0041,0.00861,4.02,3.99,4.06,4.02
491,8.1833,4.046,22.488,0.007,0.5032,0.15,-1.74,-0.0,3.408,-0.00613,-0.01245,0.0,0.0,-0.00594,0.00732,3.26,3.5,3.16,3.72
492,8.2,4.053,22.498,0.007,0.5035,0.18,-1.68,-0.01,3.726,-0.00684,-0.01707,0.0,0.0,-0.0062,0.00686,3.91,3.12,3.85,4.02
493,8.2167,4.061,22.507,0.007,0.5041,0.12,-1.68,-0.02,3.951,-0.00384,-0.01572,0.0,0.0,-0.00435,0.00802,3.77,4.19,4.05,3.79
494,8.2333,4.068,22.516,0.007,0.5042,0.1,-1.65,-0.01,3.847,-0.00365,-0.01573,0.0,0.0,-0.00428,0.00814,3.8,3.76,4.05,3.78
495,8.25,4.075,22.526,0.007,0.5041,0.1,-1.64,-0.01,4.129,-0.00319,-0.01547,0.0,0.0,-0.00394,0.00826,4.08,4.24,4.1,4.1
496,8.2667,4.082,22.535,0.007,0.5037,0.11,-1.72,-0.01,4.099,-0.00297,-0.01446,0.0,0.0,-0.00386,0.00839,4.03,4.13,4.14,4.09
497,8.2833,4.089,22.544,0.007,0.503,0.15,-1.77,-0.0,3.973,-0.00392,-0.01367,0.0,0.0,-0.00453,0.00812,3.85,4.61,3.57,3.86
498,8.3,4.097,22.554,0.007,0.5032,0.19,-1.69,-0.0,3.848,-0.00513,-0.011,0.0,0.0,-0.0052,0.00758,3.76,3.54,3.99,4.1
499,8.3167,4.104,22.563,0.007,0.504,0.13,-1.68,-0.01,4.018,-0.00321,-0.00595,0.0,0.0,-0.00395,0.00825,3.95,4.09,4.09,3.94
500,8.3333,4.111,22.572,0.007,0.5042,0.1,-1.66,-0.0,3.883,-0.00288,-0.00424,0.0,0.0,-0.00381,0.00844,3.74,3.85,4.09,3.85
501,8.35,4.118,22.582,0.007,0.5042,0.1,-1.64,0.0,4.17,-0.00275,-0.00281,0.0,0.0,-0.00353,0.00828,4.17,4.23,4.14,4.14
502,8.3667,4.126,22.592,0.007,0.5038,0.11,-1.69,0.01,4.127,-0.00203,-0.00128,0.0,0.0,-0.00299,0.00846,4.11,4.14,4.2,4.06
503,8.3833,4.133,22.601,0.007,0.5027,0.11,-1.73,0.02,3.712,-0.00135,0.00054,0.0,0.0,-0.00272,0.00888,3.82,4.23,2.48,4.32
504,8.4,4.14,22.611,0.007,0.5035,0.08,-1.75,0.01,3.644,0.00055,0.00507,-0.0,0.0,-0.00165,0.00969,3.54,3.54,3.62,3.88
505,8.4167,4.147,22.62,0.007,0.5042,0.08,-1.7,0.02,3.913,0.00119,0.01096,-0.0,0.0,-0.00128,0.00997,3.84,3.79,4.13,3.9
506,8.4333,4.154,22.63,0.007,0.5042,0.09,-1.64,0.03,4.078,0.00139,0.01437,-0.0,0.0,-0.00119,0.01008,4.0,4.23,4.14,3.95
507,8.45,4.162,22.64,0.007,0.504,0.09,-1.64,0.02,4.224,0.00122,0.01686,-0.0,0.0,-0.00129,0.01002,4.26,4.36,4.13,4.16
508,8.4667,4.169,22.65,0.007,0.5035,0.1,-1.7,0.02,4.192,0.0013,0.019,-0.0,0.0,-0.00114,0.00995,4.14,4.31,4.17,4.15
509,8.4833,4.176,22.659,0.007,0.5023,0.11,-1.76,0.02,4.356,0.0006,0.01943,-0.0,0.0,-0.00155,0.00965,4.57,3.8,4.24,4.81
510,8.5,4.183,22.669,0.007,0.5031,0.11,-1.72,0.02,3.849,-0.00055,0.01792,0.0,0.0,-0.0019,0.00886,3.69,3.8,4.19,3.72
511,8.5167,4.191,22.678,0.007,0.5039,0.06,-1.65,0.0,3.347,0.00058,0.0158,-0.0,0.0,-0.00121,0.00929,3.35,2.39,4.08,3.57
512,8.5333,4.198,22.687,0.007,0.5055,0.06,-1.43,0.01,5.491,0.00169,0.01443,-0.0,0.0,-0.00067,0.00987,9.19,3.49,5.78,3.5
513,8.55,4.205,22.697,0.007,0.507,0.06,-1.25,0.01,3.864,0.00253,0.01387,-0.0,0.0,0.00031,0.00972,4.09,3.88,3.49,3.99
514,8.5667,4.212,22.708,0.007,0.508,0.06,-1.07,0.02,3.965,0.00267,0.01369,-0.0,0.0,0.00049,0.00968,4.2,3.97,3.78,3.91
515,8.5833,4.219,22.718,0.007,0.5091,0.09,-0.98,0.03,4.178,0.00173,0.01249,-0.0,0.0,-0.00028,0.00952,4.04,4.22,4.25,4.21
516,8.6,4.227,22.728,0.007,0.51,0.11,-0.92,0.03,4.159,0.00133,0.01174,-0.0,0.0,-0.00045,0.00928,4.3,3.82,4.22,4.3
517,8.6167,4.234,22.738,0.007,0.5104,0.11,-0.87,0.04,4.083,0.00111,0.01203,-0.0,0.0,-0.00059,0.0092,4.1,3.97,4.22,4.05
518,8.6333,4.241,22.748,0.007,0.5103,0.1,-0.83,0.04,4.487,0.00064,0.01065,-0.0,0.0,-0.00076,0.0089,4.57,4.64,4.61,4.13
519,8.65,4.248,22.758,0.007,0.5102,0.09,-0.86,0.02,4.241,0.0002,0.00783,-0.0,0.0,-0.00114,0.00884,4.23,4.3,4.2,4.23
520,8.6667,4.256,22.768,0.007,0.5093,0.09,-0.9,0.01,4.254,-0.00094,0.00333,0.0,0.0,-0.00221,0.00878,4.23,4.28,4.26,4.24
521,8.6833,4.263,22.778,0.008,0.509,0.18,-0.94,0.0,3.856,-0.00533,-0.00529,0.0,0.0,-0.00447,0.00665,3.96,3.27,3.87,4.33
522,8.7,4.27,22.787,0.008,0.5099,0.15,-0.9,0.0,4.026,-0.00449,-0.01105,0.0,0.0,-0.00404,0.00706,4.2,3.84,4.26,3.81
523,8.7167,4.277,22.797,0.008,0.5103,0.12,-0.86,0.0,4.228,-0.00397,-0.01518,0.0,0.0,-0.00388,0.00742,1.14,7.4,4.35,4.03
524,8.7333,4.284,22.806,0.008,0.5124,0.19,-1.05,0.05,4.302,-0.00629,-0.02097,0.0,0.0,-0.00596,0.00717,4.5,4.25,4.36,4.09
525,8.75,4.292,22.814,0.008,0.5137,0.17,-1.29,0.04,4.233,-0.00498,-0.02423,0.0,0.0,-0.00542,0.00794,4.3,4.26,4.29,4.1
526,8.7667,4.299,22.822,0.008,0.5143,0.12,-1.55,0.05,4.253,-0.00393,-0.02557,0.0,0.0,-0.00484,0.00841,4.25,4.27,4.29,4.19
527,8.7833,4.306,22.83,0.008,0.5148,0.11,-1.7,0.04,3.86,-0.00531,-0.02699,0.0,0.0,-0.00534,0.00753,3.81,3.6,4.33,3.7
528,8.8,4.313,22.839,0.008,0.5159,0.13,-1.67,0.04,5.273,-0.00504,-0.02346,0.0,0.0,-0.00512,0.00758,4.28,3.58,9.84,3.4
529,8.8167,4.321,22.848,0.008,0.5169,0.13,-1.7,0.02,4.04,-0.00505,-0.02123,0.0,0.0,-0.00487,0.00732,4.26,4.05,3.84,4.0
530,8.8333,4.328,22.858,0.007,0.5171,0.12,-1.71,0.02,4.302,-0.00367,-0.01837,0.0,0.0,-0.00408,0.00791,4.39,4.18,4.04,4.6
531,8.85,4.335,22.868,0.007,0.5166,0.11,-1.74,0.02,4.249,-0.0028,-0.01257,0.0,0.0,-0.00345,0.00816,4.34,4.31,4.19,4.16
532,8.8667,4.342,22.878,0.008,0.5162,0.12,-1.85,0.02,4.366,-0.00411,-0.01017,0.0,0.0,-0.00424,0.00764,4.41,4.45,4.26,4.35
533,8.8833,4.349,22.888,0.007,0.5158,0.28,-1.79,0.02,4.466,-0.00903,-0.01418,0.0,0.0,-0.00656,0.00503,3.98,3.78,5.5,4.6
534,8.9,4.357,22.897,0.007,0.5167,0.19,-1.78,0.01,3.947,-0.00538,-0.01255,0.0,0.0,-0.00452,0.00664,3.65,3.87,4.08,4.18
535,8.9167,4.364,22.907,0.008,0.5172,0.15,-1.77,0.01,4.244,-0.00571,-0.01173,0.0,0.0,-0.00463,0.00643,4.32,4.15,4.16,4.35
536,8.9333,4.371,22.918,0.008,0.5171,0.13,-1.77,0.01,4.301,-0.00622,-0.01153,0.0,0.0,-0.00495,0.00623,4.34,4.15,4.27,4.45
537,8.95,4.378,22.928,0.008,0.5164,0.12,-1.79,0.02,4.797,-0.00781,-0.0144,0.0,0.0,-0.00593,0.00562,5.16,4.4,4.67,4.96
538,8.9667,4.386,22.938,0.009,0.516,0.23,-1.82,0.02,4.202,-0.01223,-0.02238,0.0,0.0,-0.00872,0.00399,4.25,4.05,4.31,4.2
539,8.9833,4.393,22.948,0.008,0.5168,0.24,-1.75,-0.01,4.115,-0.01152,-0.02732,0.0,0.0,-0.00789,0.00387,3.96,4.37,4.22,3.92
540,9.0,4.4,22.958,0.008,0.5173,0.18,-1.73,-0.02,4.277,-0.00904,-0.02406,0.0,0.0,-0.00622,0.00469,4.15,4.38,4.31,4.27
541,9.0167,4.407,22.968,0.009,0.5173,0.13,-1.74,-0.01,4.215,-0.00846,-0.02435,0.0,0.0,-0.00579,0.00483,4.37,4.22,4.26,4.01
542,9.0333,4.414,22.978,0.009,0.5169,0.12,-1.76,-0.01,4.325,-0.00849,-0.02429,0.0,0.0,-0.0057,0.00471,4.39,4.3,4.4,4.2
543,9.05,4.422,22.988,0.009,0.5163,0.13,-1.83,0.0,4.551,-0.01005,-0.02531,0.0,0.0,-0.00677,0.00422,4.52,4.5,4.46,4.72
544,9.0667,4.429,22.998,0.009,0.5158,0.26,-1.79,-0.01,4.172,-0.01531,-0.03,0.0,0.0,-0.00911,0.0013,4.27,3.67,4.34,4.42
545,9.0833,4.436,23.008,0.009,0.5169,0.2,-1.78,-0.02,4.201,-0.01136,-0.02551,0.0,0.0,-0.00672,0.00286,4.03,4.36,4.39,4.03
546,9.1,4.443,23.018,0.009,0.5172,0.14,-1.75,-0.01,3.821,-0.01015,-0.02103,0.0,0.0,-0.00603,0.00339,4.04,4.06,3.02,4.17
547,9.1167,4.451,23.029,0.009,0.5172,0.13,-1.73,-0.0,4.392,-0.01023,-0.01973,0.0,0.0,-0.00587,0.00314,4.45,4.35,4.35,4.42
548,9.1333,4.458,23.039,0.009,0.5163,0.12,-1.71,0.0,4.475,-0.00999,-0.01893,0.0,0.0,-0.00557,0.00308,4.43,4.33,4.42,4.73
549,9.15,4.465,23.049,0.009,0.516,0.16,-1.84,0.0,4.582,-0.01164,-0.01989,0.0,0.0,-0.00631,0.00218,4.66,4.46,4.53,4.68
550,9.1667,4.472,23.059,0.009,0.5167,0.15,-1.83,0.0,4.075,-0.01,-0.01745,0.0,0.0,-0.00533,0.00284,3.93,3.93,4.48,3.97
551,9.1833,4.479,23.069,0.009,0.5172,0.14,-1.77,0.01,4.244,-0.00918,-0.00905,0.0,0.0,-0.00483,0.00315,4.21,4.11,4.47,4.19
552,9.2,4.487,23.08,0.009,0.517,0.13,-1.71,0.02,4.493,-0.00887,-0.00541,0.0,0.0,-0.00456,0.00319,5.79,4.52,4.28,3.39
553,9.2167,4.494,23.091,0.009,0.5165,0.12,-1.71,0.02,4.419,-0.00834,-0.0029,0.0,0.0,-0.00419,0.00336,4.46,4.65,4.21,4.35
554,9.2333,4.501,23.102,0.009,0.5158,0.09,-1.81,-0.0,4.602,-0.00631,0.00148,0.0,0.0,-0.00358,0.00477,4.49,4.78,4.6,4.53
555,9.25,4.508,23.112,0.009,0.5157,0.2,-1.86,-0.01,3.56,-0.00904,0.00227,0.0,0.0,-0.00508,0.00354,2.92,4.05,3.58,3.69
556,9.2667,4.516,23.122,0.008,0.5167,0.17,-1.81,-0.0,4.2,-0.00632,0.00747,0.0,0.0,-0.00369,0.00487,4.42,3.84,4.19,4.34
557,9.2833,4.523,23.133,0.008,0.5172,0.16,-1.78,-0.01,4.408,-0.00599,0.0107,0.0,0.0,-0.00339,0.00491,4.52,4.48,4.3,4.34
558,9.3,4.53,23.144,0.008,0.517,0.14,-1.76,-0.01,4.447,-0.00561,0.01309,0.0,0.0,-0.00314,0.00504,4.52,4.4,4.44,4.42
559,9.3167,4.537,23.155,0.009,0.516,0.1,-1.71,-0.01,4.299,-0.00444,0.01609,0.0,0.0,-0.00265,0.00572,4.2,4.37,4.24,4.39
560,9.3333,4.544,23.165,0.008,0.5167,0.11,-1.8,0.02,4.452,-0.00327,0.01937,0.0,0.0,-0.00291,0.00715,4.43,4.45,4.49,4.44
561,9.35,4.552,23.175,0.008,0.5169,0.14,-1.81,0.01,3.076,-0.00307,0.02039,0.0,0.0,-0.0027,0.00713,3.92,-0.0,4.36,4.03
562,9.3667,4.559,23.185,0.008,0.5187,0.19,-1.6,0.03,3.984,-0.00471,0.0224,0.0,0.0,-0.00304,0.00583,4.48,4.08,3.44,3.94
563,9.3833,4.566,23.196,0.008,0.5204,0.2,-1.4,0.04,4.264,-0.00501,0.02106,0.0,0.0,-0.00312,0.00562,4.56,4.23,4.14,4.13
564,9.4,4.573,23.207,0.008,0.5214,0.2,-1.2,0.05,4.41,-0.00592,0.01861,0.0,0.0,-0.00355,0.00514,4.57,4.22,4.69,4.16
565,9.4167,4.581,23.218,0.008,0.5219,0.21,-1.04,0.05,4.703,-0.00764,0.01428,0.0,0.0,-0.00464,0.00451,5.01,4.0,4.68,5.13
566,9.4333,4.588,23.229,0.009,0.5229,0.21,-0.96,0.05,4.389,-0.00889,0.00799,0.0,0.0,-0.00523,0.00384,4.27,4.2,4.57,4.52
567,9.45,4.595,23.241,0.009,0.5237,0.16,-0.93,0.05,4.525,-0.0092,0.00092,0.0,0.0,-0.00535,0.00365,4.55,4.48,4.61,4.45
568,9.4667,4.602,23.252,0.009,0.5239,0.14,-0.9,0.06,4.544,-0.00985,-0.00617,0.0,0.0,-0.00561,0.00326,4.61,4.51,4.56,4.49
569,9.4833,4.609,23.263,0.01,0.5233,0.13,-0.87,0.06,4.581,-0.00977,-0.01063,0.0,0.0,-0.00549,0.00322,4.59,4.69,4.51,4.53
570,9.5,4.617,23.274,0.01,0.523,0.17,-0.93,0.06,4.735,-0.01116,-0.01568,0.0,0.0,-0.00636,0.00271,4.78,4.66,4.66,4.84
571,9.5167,4.624,23.284,0.009,0.5231,0.16,-1.02,0.03,4.246,-0.00911,-0.01708,0.0,0.0,-0.00476,0.00315,4.13,4.27,4.65,3.94
572,9.5333,4.631,23.294,0.009,0.5238,0.15,-0.94,0.04,5.146,-0.00809,-0.01549,0.0,0.0,-0.00436,0.00378,5.28,5.89,3.99,5.42
573,9.55,4.638,23.304,0.009,0.5262,0.1,-1.15,0.02,4.781,-0.00687,-0.01156,0.0,0.0,-0.00396,0.00459,5.01,4.63,4.89,4.59
574,9.5667,4.646,23.313,0.009,0.5276,0.12,-1.4,0.01,4.596,-0.00776,-0.00869,0.0,0.0,-0.00439,0.00413,4.7,4.46,4.61,4.62
575,9.5833,4.653,23.322,0.009,0.5282,0.12,-1.63,0.0,4.447,-0.00746,-0.00518,0.0,0.0,-0.00435,0.00439,4.69,4.43,4.47,4.19
576,9.6,4.66,23.331,0.009,0.5291,0.2,-1.81,-0.0,4.393,-0.01094,-0.00576,0.0,0.0,-0.00619,0.00276,5.04,4.01,4.05,4.48
577,9.6167,4.667,23.34,0.009,0.5303,0.25,-1.9,-0.0,3.941,-0.01111,-0.00502,0.0,0.0,-0.00631,0.00271,4.64,3.68,3.64,3.81
578,9.6333,4.674,23.35,0.009,0.5308,0.19,-1.87,0.0,4.333,-0.00947,-0.00479,0.0,0.0,-0.00541,0.00344,4.66,4.34,4.17,4.17
579,9.65,4.682,23.361,0.01,0.5309,0.16,-1.85,-0.0,4.469,-0.00995,-0.00612,0.0,0.0,-0.00564,0.0032,4.66,4.47,4.33,4.42
580,9.6667,4.689,23.372,0.01,0.5305,0.15,-1.87,-0.0,4.881,-0.01109,-0.00973,0.0,0.0,-0.00638,0.0028,5.01,4.72,4.72,5.08
581,9.6833,4.696,23.383,0.01,0.5301,0.2,-1.93,-0.0,4.371,-0.01455,-0.01554,0.0,0.0,-0.008,0.00095,3.95,4.16,4.71,4.67
582,9.7,4.703,23.393,0.01,0.5303,0.26,-1.87,-0.04,4.344,-0.01312,-0.01949,0.0,0.0,-0.00691,0.0013,4.16,4.66,4.64,3.92
583,9.7167,4.711,23.404,0.01,0.5307,0.16,-1.83,-0.03,4.87,-0.00979,-0.01597,0.0,0.0,-0.00512,0.00284,6.86,3.64,4.34,4.64
584,9.7333,4.718,23.415,0.01,0.5311,0.14,-1.82,-0.01,4.648,-0.00986,-0.01278,0.0,0.0,-0.00472,0.00236,4.7,4.54,4.66,4.69
585,9.75,4.725,23.426,0.01,0.5305,0.15,-1.82,-0.01,4.595,-0.01028,-0.01208,0.0,0.0,-0.00482,0.00205,4.8,4.49,4.47,4.63
586,9.7667,4.732,23.437,0.01,0.5301,0.13,-1.95,-0.0,4.482,-0.01022,-0.01091,0.0,0.0,-0.00499,0.00227,4.51,4.77,4.37,4.28
587,9.7833,4.739,23.448,0.01,0.53,0.27,-1.88,-0.0,4.469,-0.01287,-0.01143,0.0,0.0,-0.00613,0.00076,4.51,4.0,4.84,4.52
588,9.8,4.747,23.458,0.01,0.5308,0.18,-1.85,-0.0,4.512,-0.00878,-0.00413,0.0,0.0,-0.00387,0.0026,4.66,4.43,4.46,4.49
589,9.8167,4.754,23.47,0.01,0.531,0.14,-1.83,0.01,4.571,-0.00813,0.00149,0.0,0.0,-0.00328,0.00265,4.72,4.61,4.48,4.47
590,9.8333,4.761,23.481,0.01,0.5306,0.14,-1.8,0.01,4.648,-0.00766,0.00351,0.0,0.0,-0.00295,0.00279,4.75,4.64,4.63,4.57
591,9.85,4.768,23.492,0.01,0.5303,0.18,-1.87,0.0,4.871,-0.00827,0.00473,0.0,0.0,-0.00328,0.00251,4.92,4.78,4.82,4.96
592,9.8667,4.776,23.503,0.009,0.5302,0.17,-1.95,-0.01,4.507,-0.00638,0.00817,0.0,0.0,-0.00196,0.00308,4.22,4.49,4.76,4.55
593,9.8833,4.783,23.514,0.01,0.5306,0.15,-1.85,-0.02,4.438,-0.0068,0.01071,0.0,0.0,-0.00213,0.00284,4.76,4.11,4.79,4.09
594,9.9,4.79,23.525,0.01,0.5309,0.14,-1.81,-0.03,4.775,-0.00657,0.0159,0.0,0.0,-0.00204,0.00297,4.8,4.7,4.56,5.04
595,9.9167,4.797,23.536,0.01,0.5306,0.13,-1.8,-0.02,4.762,-0.00606,0.01679,0.0,0.0,-0.00157,0.00301,4.79,4.78,4.66,4.81
596,9.9333,4.804,23.547,0.01,0.53,0.13,-1.89,-0.02,4.634,-0.00642,0.01653,0.0,0.0,-0.00198,0.00306,4.76,4.52,4.14,5.11
597,9.95,4.812,23.558,0.01,0.5293,0.19,-1.95,-0.03,4.121,-0.009,0.01317,0.0,0.0,-0.00301,0.00152,4.28,4.56,3.38,4.26
598,9.9667,4.819,23.569,0.01,0.5302,0.16,-1.88,-0.03,4.679,-0.00785,0.01202,0.0,0.0,-0.0023,0.00196,4.88,4.89,4.53,4.42
599,9.9833,4.826,23.58,0.01,0.5307,0.12,-1.85,-0.03,4.673,-0.00798,0.00893,0.0,0.0,-0.00221,0.00173,4.82,4.75,4.53,4.6
600,10.0,4.833,23.592,0.01,0.5304,0.11,-1.82,-0.03,4.757,-0.00814,0.00648,0.0,0.0,-0.00204,0.00141,4.84,4.86,4.69,4.63
601,10.0167,4.841,23.603,0.01,0.5308,0.13,-1.87,-0.02,4.721,-0.00712,0.00514,0.0,0.0,-0.0017,0.00209,4.72,4.72,4.68,4.76
602,10.0333,4.848,23.614,0.01,0.5308,0.11,-1.91,0.02,4.733,-0.00449,0.00614,0.0,0.0,-0.00132,0.00434,4.58,4.83,4.83,4.69
603,10.05,4.855,23.625,0.009,0.5306,0.14,-1.85,0.02,4.353,-0.00499,0.00687,0.0,0.0,-0.00132,0.00383,4.15,4.11,4.86,4.29
604,10.0667,4.862,23.636,0.01,0.531,0.14,-1.82,0.02,4.803,-0.00512,0.01004,0.0,0.0,-0.00132,0.00371,4.86,4.75,4.73,4.88
605,10.0833,4.869,23.648,0.01,0.5307,0.14,-1.82,0.02,4.449,-0.00539,0.01136,0.0,0.0,-0.00129,0.0034,4.87,4.83,3.55,4.56
606,10.1,4.877,23.659,0.01,0.5304,0.15,-1.91,0.03,4.999,-0.00719,0.01082,0.0,0.0,-0.00234,0.00266,5.07,4.89,4.89,5.14
607,10.1167,4.884,23.67,0.01,0.5296,0.23,-1.95,0.03,1.912,-0.01049,0.0071,0.0,0.0,-0.00372,0.00073,4.32,4.15,4.8,-5.62
608,10.1333,4.891,23.681,0.01,0.5315,0.15,-1.72,0.01,3.508,-0.00694,0.00643,0.0,0.0,-0.00128,0.00184,3.22,3.72,2.13,4.97
609,10.15,4.898,23.692,0.01,0.5335,0.14,-1.49,0.06,4.332,-0.00751,0.00255,0.0,0.0,-0.00067,0.00066,4.84,4.45,4.13,3.91
610,10.1667,4.906,23.704,0.011,0.5348,0.14,-1.27,0.07,4.89,-0.00843,-0.00129,0.0,0.0,-0.00123,0.0003,4.89,4.46,5.9,4.31
611,10.1833,4.913,23.716,0.011,0.5362,0.16,-1.16,0.07,4.862,-0.00964,-0.00579,0.0,0.0,-0.00201,-0.00013,4.78,4.88,4.88,4.9
612,10.2,4.92,23.728,0.011,0.5369,0.15,-1.08,0.08,4.588,-0.01014,-0.00998,0.0,0.0,-0.00226,-0.00037,4.01,4.63,4.92,4.79
613,10.2167,4.927,23.739,0.011,0.5374,0.15,-0.94,0.08,4.728,-0.01098,-0.01268,0.0,0.0,-0.00264,-0.00084,6.76,4.37,3.2,4.59
614,10.2333,4.934,23.751,0.011,0.5379,0.13,-0.89,0.07,4.92,-0.00941,-0.01005,0.0,0.0,-0.00218,0.00027,4.9,4.9,4.97,4.92
615,10.25,4.942,23.763,0.011,0.5377,0.17,-0.92,0.08,5.07,-0.01029,-0.01229,0.0,0.0,-0.00261,-0.00017,5.54,4.19,5.16,5.4
616,10.2667,4.949,23.775,0.011,0.5373,0.16,-1.02,0.09,5.029,-0.00931,-0.01266,0.0,0.0,-0.00272,0.00092,5.13,4.94,4.9,5.14
617,10.2833,4.956,23.786,0.011,0.5368,0.28,-1.02,0.09,4.916,-0.01282,-0.01565,0.0,0.0,-0.00445,-0.00086,4.9,4.97,5.01,4.78
618,10.3,4.963,23.797,0.011,0.5387,0.2,-1.08,0.04,5.114,-0.00985,-0.01399,0.0,0.0,-0.00371,0.00136,5.17,4.91,5.42,4.96
619,10.3167,4.971,23.807,0.011,0.5408,0.15,-1.3,0.02,4.854,-0.01055,-0.01273,0.0,0.0,-0.00443,0.00139,4.94,4.57,4.95,4.95
620,10.3333,4.978,23.816,0.012,0.5422,0.15,-1.52,0.01,4.863,-0.01209,-0.01234,0.0,0.0,-0.00529,0.0007,4.99,4.63,4.87,4.96
621,10.35,4.985,23.826,0.012,0.5428,0.17,-1.76,-0.0,4.91,-0.01355,-0.01511,0.0,0.0,-0.00611,7e-05,5.01,4.78,4.89,4.97
622,10.3667,4.992,23.836,0.012,0.544,0.24,-1.9,-0.01,4.308,-0.0163,-0.01948,0.0,0.0,-0.00749,-0.00131,4.73,4.13,4.19,4.18
623,10.3833,4.999,23.847,0.012,0.5449,0.18,-1.9,-0.01,4.597,-0.01499,-0.02299,0.0,0.0,-0.00673,-0.00075,4.97,4.53,4.41,4.48
624,10.4,5.007,23.858,0.012,0.5454,0.17,-1.89,-0.0,4.766,-0.01604,-0.02355,0.0,0.0,-0.00696,-0.00158,4.97,4.66,4.53,4.9
625,10.4167,5.014,23.87,0.012,0.5452,0.19,-1.89,-0.0,4.83,-0.01591,-0.02695,0.0,0.0,-0.00671,-0.00169,4.73,4.89,4.57,5.14
626,10.4333,5.021,23.881,0.012,0.5447,0.21,-1.97,-0.0,5.053,-0.01517,-0.02847,0.0,0.0,-0.00649,-0.00118,5.18,4.93,5.01,5.1
627,10.45,5.028,23.893,0.011,0.5445,0.24,-1.97,-0.01,4.468,-0.01415,-0.02717,0.0,0.0,-0.00573,-0.00092,4.3,3.98,4.9,4.69
628,10.4667,5.036,23.904,0.012,0.5451,0.18,-1.91,-0.01,4.85,-0.01246,-0.02279,0.0,0.0,-0.00472,-0.00024,5.08,4.69,4.8,4.83
629,10.4833,5.043,23.916,0.012,0.5454,0.15,-1.89,0.01,4.975,-0.01301,-0.01667,0.0,0.0,-0.00463,-0.00087,5.04,4.85,4.97,5.04
630,10.5,5.05,23.928,0.012,0.5451,0.19,-1.89,0.02,4.589,-0.01295,-0.01257,0.0,0.0,-0.00427,-0.00117,3.8,5.15,4.64,4.77
631,10.5167,5.057,23.94,0.012,0.5445,0.24,-1.97,-0.0,5.105,-0.01295,-0.00788,0.0,0.0,-0.00397,-0.00148,5.2,5.04,5.04,5.14
632,10.5333,5.064,23.951,0.012,0.5446,0.15,-1.98,-0.02,4.739,-0.00982,-0.00068,0.0,0.0,-0.00175,-0.00057,4.49,4.87,5.0,4.59
633,10.55,5.072,23.963,0.012,0.5446,0.13,-1.86,-0.0,5.576,-0.01143,0.00324,0.0,0.0,-0.00225,-0.00167,4.96,5.33,4.72,7.29
634,10.5667,5.079,23.975,0.012,0.5451,0.15,-1.85,0.0,5.028,-0.0114,0.00568,0.0,0.0,-0.00206,-0.00184,5.07,5.0,4.99,5.05
635,10.5833,5.086,23.986,0.012,0.5451,0.17,-1.9,-0.01,5.149,-0.01074,0.00676,0.0,0.0,-0.0019,-0.00134,5.09,5.37,5.03,5.1
636,10.6,5.093,23.998,0.012,0.5443,0.19,-2.02,-0.03,5.237,-0.01006,0.00898,0.0,0.0,-0.00162,-0.00094,5.37,5.29,5.05,5.24
637,10.6167,5.101,24.01,0.012,0.5442,0.17,-1.98,-0.03,4.469,-0.00975,0.01119,0.0,0.0,-0.00143,-0.00082,4.24,4.28,5.1,4.26
638,10.6333,5.108,24.021,0.012,0.5449,0.15,-1.93,-0.04,4.988,-0.01114,0.01172,0.0,0.0,-0.00209,-0.00154,5.18,4.84,4.84,5.09
639,10.65,5.115,24.033,0.012,0.5452,0.19,-1.91,-0.0,5.039,-0.01182,0.00826,0.0,0.0,-0.00165,-0.00266,5.1,5.1,4.85,5.11
640,10.6667,5.122,24.045,0.012,0.5454,0.19,-1.91,0.02,4.965,-0.00976,0.00899,0.0,0.0,-0.00111,-0.00114,4.73,5.12,5.09,4.92
641,10.6833,5.129,24.057,0.012,0.5453,0.15,-1.94,0.06,5.029,-0.00792,0.01149,0.0,0.0,-0.00098,0.00057,4.91,5.1,5.1,5.0
642,10.7,5.137,24.069,0.012,0.5447,0.11,-1.92,0.06,4.313,-0.00818,0.01275,0.0,0.0,-0.00089,0.00021,4.05,4.19,5.18,3.84
643,10.7167,5.144,24.081,0.012,0.5452,0.11,-1.85,0.06,4.994,-0.00965,0.01165,0.0,0.0,-0.00159,-0.00056,4.95,4.99,4.91,5.12
644,10.7333,5.151,24.093,0.013,0.5452,0.17,-1.87,0.05,5.298,-0.01211,0.00783,0.0,0.0,-0.00317,-0.00143,5.58,5.65,4.82,5.14
645,10.75,5.158,24.105,0.013,0.5447,0.21,-1.97,0.05,4.939,-0.01271,0.00527,0.0,0.0,-0.00364,-0.00156,5.02,4.35,5.12,5.27
646,10.7667,5.166,24.116,0.012,0.5444,0.15,-2.03,0.02,4.573,-0.00987,0.00665,0.0,0.0,-0.00164,-0.00073,4.51,4.13,5.14,4.51
647,10.7833,5.173,24.128,0.013,0.5448,0.15,-1.91,0.03,5.877,-0.01171,0.00384,0.0,0.0,-0.00237,-0.00184,5.17,5.12,4.92,8.29
648,10.8,5.18,24.14,0.013,0.5453,0.16,-1.89,0.02,5.085,-0.01277,-0.00161,0.0,0.0,-0.00316,-0.00211,5.17,5.05,5.05,5.07
649,10.8167,5.187,24.152,0.013,0.545,0.2,-1.9,0.02,5.086,-0.01343,-0.00682,0.0,0.0,-0.00334,-0.00259,4.81,5.34,4.87,5.32
650,10.8333,5.194,24.164,0.013,0.5444,0.24,-1.99,0.03,5.19,-0.01481,-0.01131,0.0,0.0,-0.00366,-0.00365,5.17,5.1,5.14,5.34
651,10.85,5.202,24.176,0.013,0.545,0.24,-1.81,0.03,4.249,-0.01477,-0.0127,0.0,0.0,-0.00353,-0.00373,3.66,3.96,5.06,4.31
652,10.8667,5.209,24.187,0.012,0.5477,0.24,-1.61,0.05,4.732,-0.01239,-0.01084,0.0,0.0,-0.00219,-0.00269,5.22,4.66,4.29,4.75
653,10.8833,5.216,24.2,0.012,0.5496,0.24,-1.39,0.05,4.885,-0.01044,-0.01013,0.0,0.0,-0.00115,-0.00178,5.18,4.74,4.81,4.8
654,10.9,5.223,24.213,0.012,0.5504,0.26,-1.18,0.05,5.611,-0.01008,-0.00724,0.0,0.0,-0.00095,-0.00163,4.88,7.52,4.62,5.43
655,10.9167,5.231,24.225,0.011,0.5512,0.27,-1.08,0.05,5.06,-0.00844,-0.00192,0.0,0.0,-0.00029,-0.00065,4.9,4.96,5.22,5.17
656,10.9333,5.238,24.238,0.011,0.5524,0.23,-1.02,0.05,5.131,-0.00741,0.0045,0.0,0.0,0.00031,-0.00022,5.16,5.03,5.11,5.22
657,10.95,5.245,24.251,0.012,0.5528,0.19,-0.99,0.06,5.179,-0.00721,0.01178,0.0,0.0,0.00053,-0.00024,5.22,5.06,5.26,5.18
658,10.9667,5.252,24.263,0.012,0.5526,0.22,-0.98,0.06,5.312,-0.00865,0.01667,0.0,0.0,-0.00014,-0.001,5.37,5.32,5.44,5.12
659,10.9833,5.259,24.276,0.012,0.5517,0.26,-1.01,0.06,5.457,-0.00881,0.01834,0.0,0.0,-0.00012,-0.00119,5.72,5.41,5.25,5.44
660,11.0,5.267,24.288,0.012,0.5517,0.23,-0.96,0.06,3.142,-0.00581,0.02089,0.0,0.0,0.00156,0.00013,4.28,4.56,-1.43,5.17
661,11.0167,5.274,24.299,0.012,0.5547,0.03,-1.08,0.05,5.745,-0.00312,0.02555,0.0,0.0,0.00243,0.00196,6.06,5.38,6.22,5.32
662,11.0333,5.281,24.31,0.013,0.5565,0.07,-1.39,0.03,5.067,-0.00776,0.02319,0.0,0.0,-0.00019,-7e-05,5.07,4.71,5.22,5.26
663,11.05,5.288,24.32,0.013,0.5579,0.13,-1.64,0.01,5.168,-0.00864,0.01915,0.0,0.0,-0.00039,-0.00075,5.35,5.01,5.05,5.26
664,11.0667,5.296,24.33,0.012,0.5584,0.23,-1.94,0.01,5.193,-0.00946,0.01454,0.0,0.0,-0.00089,-0.00107,5.28,5.13,5.1,5.26
665,11.0833,5.303,24.34,0.012,0.5595,0.22,-2.01,0.0,4.96,-0.00758,0.0139,0.0,0.0,-4e-05,-3e-05,5.25,4.29,6.13,4.17
666,11.1,5.31,24.352,0.012,0.5604,0.19,-1.99,-0.0,4.882,-0.00704,0.01405,0.0,0.0,0.00019,0.00027,5.28,4.86,4.67,4.71
667,11.1167,5.317,24.364,0.012,0.5603,0.17,-1.97,-0.0,5.396,-0.00688,0.01127,0.0,0.0,0.00026,0.00037,5.23,5.19,4.89,6.28
668,11.1333,5.324,24.377,0.013,0.5602,0.22,-2.01,-0.01,5.571,-0.00966,0.00318,0.0,0.0,-0.00107,-0.00108,5.21,4.99,5.41,6.68
669,11.15,5.332,24.389,0.012,0.559,0.27,-2.05,-0.02,5.135,-0.01048,0.0,0.0,0.0,-0.00137,-0.0016,4.93,5.26,5.07,5.28
670,11.1667,5.339,24.401,0.013,0.5592,0.08,-2.0,-0.04,4.469,-0.00673,0.00197,0.0,0.0,0.00097,-0.00019,3.77,4.17,5.3,4.65
671,11.1833,5.346,24.413,0.014,0.56,0.08,-1.9,-0.05,5.407,-0.01038,0.00079,0.0,0.0,-0.00113,-0.00175,5.54,5.45,5.33,5.31
672,11.2,5.353,24.426,0.014,0.5601,0.18,-1.94,-0.07,5.475,-0.01353,-0.00543,0.0,0.0,-0.00299,-0.00303,5.67,5.67,5.24,5.32
673,11.2167,5.361,24.438,0.013,0.56,0.25,-2.06,-0.1,4.768,-0.01137,-0.00923,0.0,0.0,-0.00218,-0.00169,5.28,2.9,5.34,5.55
674,11.2333,5.368,24.45,0.012,0.5588,0.16,-2.06,-0.13,5.049,-0.00778,-0.00905,0.0,0.0,-0.00082,0.00055,5.35,5.42,5.56,3.86
675,11.25,5.375,24.462,0.013,0.5596,0.07,-1.97,-0.15,5.052,-0.00797,-0.00622,0.0,0.0,-0.00129,0.00083,5.33,4.95,4.6,5.32
676,11.2667,5.382,24.475,0.013,0.56,0.13,-1.98,-0.15,5.438,-0.01232,-0.00736,0.0,0.0,-0.0035,-0.00131,4.77,5.16,7.03,4.8
677,11.2833,5.389,24.487,0.013,0.5603,0.16,-2.02,-0.14,5.25,-0.00999,-0.00984,0.0,0.0,-0.0031,0.00061,4.98,5.27,5.38,5.37
678,11.3,5.397,24.499,0.012,0.5601,0.13,-2.03,-0.1,5.156,-0.0059,-0.00405,0.0,0.0,-0.00181,0.00342,4.9,5.35,5.37,5.0
679,11.3167,5.404,24.511,0.012,0.5594,0.06,-2.0,-0.09,4.763,-0.00308,0.00718,0.0,0.0,-0.00043,0.00485,4.7,4.77,5.3,4.28
680,11.3333,5.411,24.524,0.013,0.5602,0.07,-1.92,-0.1,5.404,-0.00527,0.0126,0.0,0.0,-0.00174,0.00398,5.34,5.39,5.51,5.38
681,11.35,5.418,24.537,0.012,0.5603,0.19,-1.97,-0.1,5.476,-0.00762,0.01126,0.0,0.0,-0.0032,0.00309,5.7,5.49,5.35,5.37
682,11.3667,5.426,24.549,0.012,0.5596,0.26,-2.02,-0.11,5.389,-0.0078,0.01008,0.0,0.0,-0.00301,0.00271,5.43,5.46,5.3,5.36
683,11.3833,5.433,24.561,0.012,0.5593,0.19,-2.01,-0.13,4.867,-0.00328,0.01817,0.0,0.0,5e-05,0.00418,4.88,5.13,4.42,5.04
684,11.4,5.44,24.574,0.012,0.5601,0.12,-1.98,-0.14,5.076,-0.00405,0.0221,0.0,0.0,-0.00027,0.00373,5.09,4.86,4.95,5.41
685,11.4167,5.447,24.586,0.013,0.5604,0.15,-1.95,-0.15,5.811,-0.00657,0.01875,0.0,0.0,-0.00179,0.00273,5.41,5.08,7.29,5.47
686,11.4333,5.454,24.599,0.013,0.5601,0.22,-2.0,-0.15,5.331,-0.00939,0.01002,0.0,0.0,-0.0032,0.00132,5.42,4.51,5.37,6.02
687,11.45,5.462,24.611,0.012,0.5591,0.25,-2.03,-0.16,5.452,-0.00909,0.00488,0.0,0.0,-0.00275,0.00117,4.8,5.6,5.18,6.22
688,11.4667,5.469,24.623,0.013,0.5592,0.06,-1.99,-0.19,4.355,-0.00645,0.00549,0.0,0.0,-0.00113,0.00218,2.78,4.57,5.41,4.66
689,11.4833,5.476,24.636,0.013,0.5601,0.14,-1.96,-0.19,5.262,-0.01218,0.00032,0.0,0.0,-0.00405,-0.00063,5.2,5.15,4.7,6.0
690,11.5,5.483,24.649,0.013,0.5601,0.22,-1.96,-0.19,5.701,-0.01356,-0.01029,0.0,0.0,-0.00471,-0.00134,5.38,6.4,5.94,5.08
691,11.5167,5.491,24.661,0.012,0.5595,0.27,-2.01,-0.18,5.397,-0.01261,-0.01786,0.0,0.0,-0.00496,-0.00015,5.27,5.47,5.45,5.4
692,11.5333,5.498,24.673,0.012,0.5605,0.28,-1.96,-0.15,4.438,-0.01273,-0.02205,0.0,0.0,-0.00458,-0.00065,5.2,4.68,3.41,4.47
693,11.55,5.505,24.685,0.012,0.563,0.26,-1.71,-0.14,4.988,-0.01289,-0.02301,0.0,0.0,-0.00448,-0.0009,5.51,4.82,4.76,4.86
694,11.5667,5.512,24.698,0.013,0.5649,0.25,-1.46,-0.14,5.072,-0.01378,-0.02507,0.0,0.0,-0.00491,-0.00137,5.49,4.96,4.87,4.97
695,11.5833,5.519,24.712,0.013,0.5659,0.25,-1.23,-0.15,5.329,-0.01401,-0.02983,0.0,0.0,-0.00502,-0.00149,5.55,4.73,5.43,5.61
696,11.6,5.527,24.725,0.013,0.5665,0.23,-1.09,-0.14,5.375,-0.01345,-0.02756,0.0,0.0,-0.00477,-0.00118,5.51,5.27,5.45,5.28
697,11.6167,5.534,24.739,0.013,0.5675,0.14,-0.98,-0.15,5.468,-0.01292,-0.0236,0.0,0.0,-0.00473,-0.00069,5.66,5.34,5.37,5.5
698,11.6333,5.541,24.752,0.014,0.5679,0.16,-1.01,-0.15,5.504,-0.0166,-0.02487,0.0,0.0,-0.00669,-0.00241,5.57,5.31,5.69,5.44
699,11.65,5.548,24.765,0.014,0.5679,0.23,-1.01,-0.15,5.602,-0.0177,-0.027,0.0,0.0,-0.00722,-0.00297,5.99,5.16,5.56,5.7
700,11.6667,5.556,24.778,0.013,0.567,0.28,-1.05,-0.15,5.461,-0.01577,-0.02672,0.0,0.0,-0.00624,-0.00203,5.28,5.4,5.51,5.66
701,11.6833,5.563,24.791,0.013,0.567,0.14,-1.05,-0.15,5.572,-0.01148,-0.02114,0.0,0.0,-0.00409,0.00012,6.19,6.67,3.57,5.85
702,11.7,5.57,24.802,0.013,0.5702,0.14,-1.31,-0.19,5.46,-0.01321,-0.01779,0.0,0.0,-0.00606,0.00035,5.56,5.06,5.67,5.55
703,11.7167,5.577,24.812,0.013,0.5723,0.18,-1.57,-0.2,5.366,-0.01421,-0.01642,0.0,0.0,-0.00676,6e-05,5.64,5.02,5.25,5.56
704,11.7333,5.584,24.823,0.013,0.5737,0.27,-1.84,-0.2,5.501,-0.01468,-0.01626,0.0,0.0,-0.00679,-0.00038,5.55,5.27,5.28,5.9
705,11.75,5.592,24.834,0.012,0.5743,0.25,-2.03,-0.21,4.41,-0.01154,-0.0091,0.0,0.0,-0.00503,0.001,5.5,3.39,4.37,4.39
706,11.7667,5.599,24.845,0.013,0.5744,0.03,-2.05,-0.24,5.213,-0.00779,0.00219,0.0,0.0,-0.00302,0.00274,4.57,4.75,5.91,5.62
707,11.7833,5.606,24.857,0.014,0.5756,0.12,-2.05,-0.13,5.423,-0.01229,0.00551,0.0,0.0,-0.00558,0.0008,5.68,5.04,5.6,5.38
708,11.8,5.613,24.87,0.014,0.5758,0.22,-2.07,-0.09,6.328,-0.01557,0.00064,0.0,0.0,-0.00647,-0.00159,7.39,5.85,4.79,7.28
709,11.8167,5.621,24.883,0.013,0.5757,0.3,-2.16,-0.1,5.587,-0.0143,-0.00056,0.0,0.0,-0.00571,-0.00109,5.55,5.73,5.49,5.57
710,11.8333,5.628,24.895,0.013,0.5748,0.16,-2.15,-0.1,5.754,-0.00735,0.00655,0.0,0.0,-0.0021,0.00225,5.63,6.62,5.37,5.4
711,11.85,5.635,24.908,0.014,0.5752,0.07,-2.09,-0.11,5.491,-0.01053,0.01004,0.0,0.0,-0.00365,0.00063,5.64,5.57,5.11,5.65
712,11.8667,5.642,24.921,0.014,0.5758,0.21,-2.08,-0.12,5.447,-0.01606,0.00418,0.0,0.0,-0.00635,-0.00221,5.39,5.49,5.63,5.28
713,11.8833,5.649,24.935,0.014,0.5759,0.22,-2.04,-0.11,5.475,-0.01267,-0.00135,0.0,0.0,-0.00478,-0.00039,5.37,5.62,5.62,5.28
714,11.9,5.657,24.948,0.013,0.575,0.17,-2.02,-0.1,6.395,-0.00979,0.00138,0.0,0.0,-0.00346,0.00118,7.59,5.91,6.12,5.96
715,11.9167,5.664,24.961,0.014,0.5751,0.05,-2.08,-0.09,4.995,-0.00804,0.00896,0.0,0.0,-0.0028,0.00226,4.73,4.62,5.15,5.47
716,11.9333,5.671,24.973,0.015,0.5759,0.16,-2.07,-0.01,5.612,-0.01258,0.00965,0.0,0.0,-0.00508,1e-05,6.16,5.05,5.68,5.57
717,11.95,5.678,24.987,0.015,0.5756,0.26,-2.06,0.0,6.03,-0.01554,8e-05,0.0,0.0,-0.00674,-0.00129,7.21,6.09,5.58,5.25
718,11.9667,5.686,25.0,0.014,0.5751,0.31,-2.15,-0.02,5.691,-0.01341,-0.0029,0.0,0.0,-0.00552,-0.00038,5.58,6.03,5.93,5.23
719,11.9833,5.693,25.012,0.014,0.575,0.05,-2.14,-0.1,5.231,-0.00873,0.00499,0.0,0.0,-0.00331,0.00208,5.57,5.58,5.72,4.05
720,12.0,5.7,25.025,0.015,0.5758,0.14,-2.07,-0.08,5.499,-0.01386,0.00317,0.0,0.0,-0.00634,-2e-05,5.83,4.77,5.51,5.88
721,12.0167,5.707,25.038,0.014,0.576,0.21,-2.08,-0.08,5.575,-0.01438,-0.00193,0.0,0.0,-0.0069,3e-05,5.26,5.35,5.68,6.01
722,12.0333,5.714,25.052,0.014,0.5748,0.32,-2.05,-0.08,5.814,-0.01502,-0.00887,0.0,0.0,-0.00711,-0.0004,7.76,4.88,3.5,7.11
723,12.05,5.722,25.065,0.014,0.5748,0.1,-2.08,-0.1,5.848,-0.00659,-0.00165,0.0,0.0,-0.00288,0.00379,4.6,7.13,6.06,5.6
724,12.0667,5.729,25.077,0.015,0.5758,0.06,-2.13,-0.12,5.174,-0.0126,0.00156,0.0,0.0,-0.00581,0.00071,5.37,5.35,5.73,4.25
725,12.0833,5.736,25.091,0.015,0.5758,0.22,-2.04,-0.13,5.663,-0.01831,-0.00367,0.0,0.0,-0.00876,-0.00204,5.71,5.69,5.5,5.74
726,12.1,5.743,25.104,0.015,0.5751,0.3,-2.04,-0.14,5.387,-0.01751,-0.01225,0.0,0.0,-0.00848,-0.00152,5.92,6.07,4.8,4.75
727,12.1167,5.751,25.117,0.014,0.5752,0.22,-2.19,-0.16,4.722,-0.01259,-0.00947,0.0,0.0,-0.00574,0.00065,5.51,3.49,4.67,5.22
728,12.1333,5.758,25.13,0.015,0.5756,0.14,-2.1,-0.16,5.263,-0.01377,-0.0077,0.0,0.0,-0.00633,7e-05,5.12,5.4,5.45,5.08
729,12.15,5.765,25.144,0.015,0.576,0.18,-2.09,-0.16,5.644,-0.016,-0.00779,0.0,0.0,-0.00749,-0.001,5.64,5.61,5.63,5.69
730,12.1667,5.772,25.157,0.015,0.5754,0.28,-2.08,-0.16,6.416,-0.0164,-0.01694,0.0,0.0,-0.00793,-0.00096,7.22,5.61,5.8,7.03
731,12.1833,5.779,25.171,0.014,0.5756,0.26,-2.09,-0.17,4.743,-0.01286,-0.01517,0.0,0.0,-0.0064,0.00104,5.44,4.19,5.49,3.86
732,12.2,5.787,25.183,0.014,0.5786,0.25,-1.84,-0.13,6.943,-0.0114,-0.00625,0.0,0.0,-0.00567,0.00177,5.79,11.03,6.07,4.88
733,12.2167,5.794,25.196,0.015,0.5802,0.22,-1.56,-0.09,5.446,-0.01029,0.00193,0.0,0.0,-0.00459,0.0018,5.75,4.68,6.46,4.9
734,12.2333,5.801,25.209,0.015,0.5816,0.22,-1.33,-0.09,5.915,-0.01111,0.00321,0.0,0.0,-0.00493,0.00132,7.13,5.22,5.79,5.53
735,12.25,5.808,25.223,0.015,0.5824,0.21,-1.19,-0.08,5.888,-0.01064,0.00604,0.0,0.0,-0.00432,0.00119,5.71,5.7,6.29,5.85
736,12.2667,5.816,25.237,0.015,0.5833,0.11,-1.11,-0.09,5.165,-0.00877,0.01275,0.0,0.0,-0.00304,0.00178,5.83,5.4,4.08,5.35
737,12.2833,5.823,25.251,0.015,0.584,0.15,-1.07,-0.1,6.025,-0.01159,0.01617,0.0,0.0,-0.00422,0.00013,6.21,6.22,5.82,5.85
738,12.3,5.83,25.265,0.015,0.5839,0.21,-1.06,-0.1,5.662,-0.01192,0.0152,0.0,0.0,-0.00433,-8e-05,5.84,5.5,5.84,5.47
739,12.3167,5.837,25.279,0.014,0.5833,0.27,-1.06,-0.1,6.113,-0.01062,0.01418,0.0,0.0,-0.00342,0.0003,5.98,6.19,6.37,5.91
740,12.3333,5.844,25.292,0.014,0.5842,0.09,-1.24,-0.17,6.352,-0.00383,0.01913,0.0,0.0,0.00012,0.00355,5.8,6.57,7.08,5.96
741,12.35,5.852,25.303,0.014,0.5872,0.07,-1.56,-0.16,5.627,-0.0036,0.02456,0.0,0.0,8e-05,0.00382,4.93,5.54,5.51,6.52
742,12.3667,5.859,25.315,0.014,0.5896,0.17,-1.8,-0.19,5.672,-0.0057,0.02669,0.0,0.0,-0.00185,0.00365,5.81,5.42,5.64,5.82
743,12.3833,5.866,25.326,0.014,0.591,0.31,-2.09,-0.21,5.762,-0.00746,0.02483,0.0,0.0,-0.0031,0.00314,5.85,5.65,5.69,5.85
744,12.4,5.873,25.338,0.013,0.5913,0.23,-2.21,-0.23,5.506,-0.00348,0.0302,0.0,0.0,-0.00178,0.00581,5.86,5.95,5.82,4.39
745,12.4167,5.881,25.35,0.013,0.5918,0.04,-2.26,-0.23,5.224,0.00038,0.03922,-0.0,-0.0,0.00015,0.00773,5.22,4.94,5.77,4.97
746,12.4333,5.888,25.363,0.014,0.5923,0.11,-2.21,-0.24,5.631,-0.00472,0.04059,0.0,0.0,-0.00259,0.00538,5.21,5.24,5.9,6.18
747,12.45,5.895,25.377,0.014,0.5916,0.19,-2.16,-0.23,4.857,-0.00641,0.03306,0.0,0.0,-0.00321,0.0043,3.07,5.32,5.85,5.18
748,12.4667,5.902,25.39,0.013,0.5917,0.15,-2.21,-0.23,6.013,-0.00163,0.03112,0.0,0.0,-0.00064,0.00651,6.04,6.23,5.88,5.91
749,12.4833,5.909,25.404,0.013,0.592,0.03,-2.25,-0.23,5.696,0.00152,0.03482,-0.0,-0.0,0.00091,0.00812,5.57,5.52,5.91,5.78
750,12.5,5.917,25.417,0.014,0.5925,0.1,-2.2,-0.17,5.876,-0.00102,0.03727,0.0,0.0,-0.00106,0.00754,5.13,5.26,5.99,7.12
751,12.5167,5.924,25.431,0.014,0.5918,0.23,-2.12,-0.15,6.518,-0.00481,0.03142,0.0,0.0,-0.00321,0.0059,9.01,5.76,2.61,8.69
752,12.5333,5.931,25.444,0.014,0.5922,0.23,-2.25,-0.19,5.943,-0.00356,0.02359,0.0,0.0,-0.00302,0.00696,5.79,6.25,5.86,5.87
753,12.55,5.938,25.457,0.014,0.5915,0.03,-2.25,-0.26,4.45,0.00027,0.02589,-0.0,0.0,-0.00088,0.00865,3.35,3.46,5.81,5.18
754,12.5667,5.946,25.471,0.015,0.5924,0.1,-2.21,-0.26,5.639,-0.00612,0.02308,0.0,0.0,-0.00403,0.00541,5.71,5.34,5.93,5.58
755,12.5833,5.953,25.485,0.015,0.592,0.2,-2.14,-0.26,5.797,-0.00804,0.01372,0.0,0.0,-0.00522,0.00468,5.9,5.42,5.93,5.95
756,12.6,5.96,25.498,0.014,0.592,0.24,-2.19,-0.26,6.146,-0.00606,0.00427,0.0,0.0,-0.00396,0.00541,6.36,6.22,5.94,6.07
757,12.6167,5.967,25.512,0.014,0.5918,0.11,-2.21,-0.3,5.769,-0.00109,0.00369,0.0,0.0,-0.00081,0.00722,5.58,5.41,5.8,6.28
758,12.6333,5.974,25.525,0.015,0.5924,0.07,-2.22,-0.3,5.35,-0.00434,0.00373,0.0,0.0,-0.00255,0.00571,5.22,5.21,5.96,5.01
759,12.65,5.982,25.539,0.015,0.592,0.2,-2.13,-0.29,5.951,-0.00839,-0.00168,0.0,0.0,-0.00469,0.00381,6.16,5.57,5.96,6.11
760,12.6667,5.989,25.553,0.014,0.5923,0.22,-2.22,-0.29,6.033,-0.00653,-0.00847,0.0,0.0,-0.00352,0.0045,5.96,6.16,6.08,5.93
761,12.6833,5.996,25.566,0.014,0.5915,0.14,-2.27,-0.32,5.006,-0.00357,-0.00483,0.0,0.0,-0.00172,0.00566,4.44,5.26,5.35,4.97
762,12.7,6.003,25.58,0.015,0.592,0.17,-2.17,-0.31,5.709,-0.00714,-0.00332,0.0,0.0,-0.00341,0.00378,5.59,5.55,5.99,5.71
763,12.7167,6.011,25.594,0.014,0.592,0.21,-2.15,-0.3,5.822,-0.008,-0.00492,0.0,0.0,-0.00391,0.00341,5.69,5.35,6.0,6.24
764,12.7333,6.018,25.607,0.014,0.5922,0.22,-2.21,-0.31,6.017,-0.00777,-0.01119,0.0,0.0,-0.00384,0.00357,5.99,6.0,6.07,6.02
765,12.75,6.025,25.621,0.014,0.5917,0.12,-2.23,-0.33,5.429,-0.00542,-0.01096,0.0,0.0,-0.00269,0.00478,4.47,5.4,6.38,5.47
766,12.7667,6.032,25.635,0.015,0.5922,0.15,-2.15,-0.32,5.729,-0.01009,-0.0114,0.0,0.0,-0.00513,0.00254,5.52,5.6,6.1,5.69
767,12.7833,6.039,25.649,0.015,0.5923,0.2,-2.16,-0.3,5.94,-0.01111,-0.01475,0.0,0.0,-0.00579,0.00218,7.34,5.37,6.06,5.0
768,12.8,6.047,25.663,0.015,0.5924,0.23,-2.21,-0.28,6.045,-0.01034,-0.01994,0.0,0.0,-0.00474,0.00191,5.99,6.07,6.08,6.04
769,12.8167,6.054,25.676,0.014,0.594,0.26,-2.02,-0.26,5.446,-0.00923,-0.0197,0.0,0.0,-0.00368,0.00196,5.98,5.37,5.51,4.93
770,12.8333,6.061,25.69,0.014,0.5957,0.25,-1.65,-0.28,5.189,-0.00895,-0.01831,0.0,0.0,-0.00324,0.0018,4.0,5.64,5.93,5.19
771,12.85,6.068,25.705,0.014,0.5977,0.22,-1.42,-0.29,5.444,-0.00894,-0.01733,0.0,0.0,-0.00307,0.00163,5.22,4.7,6.01,5.84
772,12.8667,6.076,25.72,0.015,0.5989,0.17,-1.26,-0.26,6.137,-0.0089,-0.01882,0.0,0.0,-0.00268,0.00129,6.48,5.9,6.1,6.07
773,12.8833,6.083,25.735,0.015,0.5993,0.09,-1.15,-0.26,5.678,-0.00774,-0.01414,0.0,0.0,-0.00225,0.00201,3.93,5.8,7.31,5.67
774,12.9,6.09,25.749,0.015,0.6005,0.07,-1.17,-0.27,6.118,-0.00903,-0.0103,0.0,0.0,-0.00277,0.00125,6.17,6.09,6.03,6.18
775,12.9167,6.097,25.764,0.015,0.6006,0.18,-1.12,-0.23,5.946,-0.01109,-0.00984,0.0,0.0,-0.00402,0.00043,6.11,5.35,6.07,6.25
776,12.9333,6.104,25.778,0.015,0.6007,0.22,-1.15,-0.19,6.153,-0.01095,-0.01042,0.0,0.0,-0.00333,-0.00011,6.11,6.3,6.11,6.1
777,12.95,6.112,25.792,0.015,0.6007,0.23,-1.31,-0.17,6.287,-0.01093,-0.01121,0.0,0.0,-0.00325,-0.00017,6.3,3.32,8.14,7.39
778,12.9667,6.119,25.804,0.015,0.604,0.19,-1.6,-0.12,6.027,-0.01262,-0.01364,0.0,0.0,-0.00482,-0.00029,6.12,6.07,6.18,5.74
779,12.9833,6.126,25.815,0.015,0.6059,0.19,-1.86,-0.1,5.7,-0.01395,-0.01719,0.0,0.0,-0.00541,-0.00103,6.14,4.89,6.22,5.54
780,13.0,6.133,25.828,0.015,0.6074,0.2,-2.01,-0.1,6.153,-0.01356,-0.02112,0.0,0.0,-0.00534,-0.00071,6.13,5.54,7.29,5.66
781,13.0167,6.141,25.841,0.015,0.6082,0.18,-2.19,-0.08,6.002,-0.01216,-0.0218,0.0,0.0,-0.00505,0.0004,5.94,6.01,6.16,5.89
782,13.0333,6.148,25.854,0.015,0.609,0.03,-2.35,-0.08,5.773,-0.00904,-0.01708,0.0,0.0,-0.00324,0.00171,5.61,5.83,6.12,5.54
783,13.05,6.155,25.867,0.016,0.6093,0.15,-2.28,-0.02,6.241,-0.01201,-0.01612,0.0,0.0,-0.00535,0.00085,6.16,4.87,6.09,7.84
784,13.0667,6.162,25.881,0.016,0.6094,0.23,-2.28,0.03,6.033,-0.01366,-0.017,0.0,0.0,-0.00517,-0.00099,6.17,5.9,5.92,6.15
785,13.0833,6.169,25.894,0.015,0.609,0.27,-2.36,0.03,5.875,-0.01223,-0.01457,0.0,0.0,-0.00426,-0.00047,6.08,5.25,6.64,5.53
786,13.1,6.177,25.908,0.016,0.609,0.08,-2.33,0.02,5.938,-0.00872,-0.00745,0.0,0.0,-0.00217,0.00095,5.85,6.1,6.16,5.63
787,13.1167,6.184,25.922,0.017,0.6091,0.14,-2.26,0.04,5.992,-0.01267,-0.00564,0.0,0.0,-0.00458,-0.00058,5.88,5.46,6.16,6.47
788,13.1333,6.191,25.936,0.016,0.6092,0.19,-2.25,0.03,6.021,-0.01323,-0.00606,0.0,0.0,-0.00487,-0.00085,5.8,6.01,6.06,6.22
789,13.15,6.198,25.95,0.016,0.6089,0.23,-2.3,0.03,5.85,-0.01131,-0.00767,0.0,0.0,-0.00385,4e-05,6.11,6.04,5.64,5.61
790,13.1667,6.206,25.965,0.016,0.6091,0.11,-2.29,0.02,6.148,-0.0086,-0.00324,0.0,0.0,-0.00236,0.00126,6.29,6.18,6.16,5.95
791,13.1833,6.213,25.979,0.017,0.6091,0.15,-2.26,0.05,5.806,-0.01041,0.0005,0.0,0.0,-0.00353,0.00063,6.19,5.1,6.19,5.74
792,13.2,6.22,25.993,0.016,0.6094,0.2,-2.28,0.08,6.149,-0.01126,0.00144,0.0,0.0,-0.00312,-0.00063,6.21,6.05,6.13,6.2
793,13.2167,6.227,26.007,0.016,0.6087,0.27,-2.35,0.09,5.396,-0.01198,-0.00208,0.0,0.0,-0.00329,-0.00118,5.95,4.2,5.76,5.68
794,13.2333,6.234,26.021,0.016,0.6089,0.16,-2.27,0.12,6.002,-0.00702,0.00397,0.0,0.0,-0.00143,0.00191,5.99,6.07,6.12,5.83
795,13.25,6.242,26.036,0.016,0.6089,0.19,-2.23,0.11,6.923,-0.00748,0.00941,0.0,0.0,-0.00172,0.00174,6.28,7.01,6.45,7.95
796,13.2667,6.249,26.05,0.016,0.6095,0.28,-2.34,0.1,6.17,-0.00933,0.01032,0.0,0.0,-0.0028,0.00098,6.22,6.08,6.16,6.21
797,13.2833,6.256,26.064,0.016,0.6089,0.16,-2.31,0.07,5.25,-0.00627,0.01148,0.0,0.0,-0.00209,0.00333,3.3,6.22,6.32,5.15
798,13.3,6.263,26.078,0.016,0.6092,0.14,-2.25,0.06,6.106,-0.00876,0.0118,0.0,0.0,-0.00334,0.00208,6.25,5.76,6.14,6.27
799,13.3167,6.271,26.093,0.016,0.6092,0.18,-2.25,0.06,6.441,-0.0104,0.01126,0.0,0.0,-0.00412,0.00122,6.26,6.78,6.46,6.26
800,13.3333,6.278,26.107,0.016,0.6095,0.25,-2.32,0.05,6.517,-0.01098,0.01093,0.0,0.0,-0.00424,0.00076,6.28,6.16,7.34,6.29
801,13.35,6.285,26.122,0.016,0.6085,0.16,-2.28,0.04,5.26,-0.00645,0.01021,0.0,0.0,-0.00204,0.00309,3.51,6.02,6.25,5.26
802,13.3667,6.292,26.136,0.016,0.6093,0.13,-2.26,0.03,5.812,-0.00786,0.00859,0.0,0.0,-0.00279,0.00244,5.65,5.62,6.26,5.71
803,13.3833,6.299,26.151,0.016,0.6091,0.17,-2.22,0.03,6.421,-0.00988,0.007,0.0,0.0,-0.0038,0.00142,6.19,6.7,6.45,6.35
804,13.4,6.307,26.165,0.016,0.6094,0.21,-2.27,0.02,6.334,-0.0106,0.0017,0.0,0.0,-0.00396,0.00086,6.33,6.17,6.51,6.32
805,13.4167,6.314,26.18,0.016,0.6112,0.17,-1.95,0.04,5.899,-0.00703,0.00328,0.0,0.0,-0.00147,0.00195,6.24,6.49,4.83,6.03
806,13.4333,6.321,26.194,0.016,0.6135,0.17,-1.64,0.06,6.147,-0.00629,0.00712,0.0,0.0,-0.00102,0.00223,6.3,5.71,6.89,5.7
807,13.45,6.328,26.21,0.017,0.6156,0.16,-1.44,0.06,6.14,-0.00694,0.01042,0.0,0.0,-0.00112,0.00168,6.28,6.24,5.74,6.3
808,13.4667,6.336,26.225,0.017,0.6166,0.18,-1.33,0.05,5.887,-0.00819,0.00739,0.0,0.0,-0.00158,0.0009,6.24,6.22,5.76,5.33
809,13.4833,6.343,26.24,0.017,0.6176,0.13,-1.22,0.05,6.255,-0.00763,0.00674,0.0,0.0,-0.00125,0.00113,6.21,6.27,6.39,6.15
810,13.5,6.35,26.256,0.017,0.6176,0.07,-1.2,0.05,5.561,-0.00677,0.00912,0.0,0.0,-0.0008,0.00153,3.95,6.06,6.26,5.97
811,13.5167,6.357,26.271,0.018,0.6177,0.1,-1.12,0.03,6.257,-0.00917,0.0095,0.0,0.0,-0.00211,0.00044,6.42,6.1,6.16,6.35
812,13.5333,6.364,26.286,0.018,0.6181,0.21,-1.22,0.09,6.584,-0.01202,0.00322,0.0,0.0,-0.00444,-8e-05,6.68,6.05,6.26,7.34
813,13.55,6.372,26.298,0.016,0.6216,0.3,-1.51,0.11,6.275,-0.00755,0.00154,0.0,0.0,-0.0024,0.00236,6.83,6.24,6.5,5.53
814,13.5667,6.379,26.31,0.015,0.6241,0.31,-1.82,0.11,6.201,-0.00453,0.00384,0.0,0.0,-0.00093,0.00391,6.23,6.3,6.53,5.75
815,13.5833,6.386,26.323,0.015,0.6252,0.29,-2.14,0.11,6.131,-0.00239,0.00934,0.0,0.0,1e-05,0.0051,6.22,5.86,6.39,6.06
816,13.6,6.393,26.336,0.015,0.6255,0.32,-2.31,0.09,6.472,-0.00273,0.01325,0.0,0.0,-9e-05,0.00486,6.14,7.44,6.3,6.02
817,13.6167,6.401,26.349,0.016,0.6269,0.05,-2.48,0.04,6.34,0.00086,0.01952,-0.0,0.0,0.00137,0.007,6.8,6.71,6.4,5.45
818,13.6333,6.408,26.362,0.016,0.6274,0.09,-2.43,0.02,6.375,-0.00427,0.02222,0.0,0.0,-0.00208,0.00531,6.49,5.49,6.47,7.05
819,13.65,6.415,26.376,0.017,0.627,0.2,-2.39,-0.02,6.213,-0.00952,0.02212,0.0,0.0,-0.00508,0.00306,6.4,6.28,5.85,6.32
820,13.6667,6.422,26.39,0.016,0.6268,0.27,-2.43,-0.02,7.025,-0.00851,0.01848,0.0,0.0,-0.00431,0.0033,6.41,7.94,8.26,5.49
821,13.6833,6.429,26.404,0.016,0.627,0.1,-2.39,-0.02,6.18,-0.00419,0.01661,0.0,0.0,-0.00205,0.00537,5.93,6.44,6.4,5.96
822,13.7,6.437,26.419,0.017,0.6266,0.09,-2.36,-0.03,6.493,-0.00727,0.0096,0.0,0.0,-0.00373,0.00397,6.49,6.16,4.86,8.46
823,13.7167,6.444,26.433,0.017,0.6274,0.14,-2.35,-0.02,6.285,-0.00911,0.00189,0.0,0.0,-0.00433,0.00272,6.43,6.09,6.19,6.44
824,13.7333,6.451,26.448,0.017,0.6264,0.23,-2.4,-0.03,6.716,-0.01007,-0.00959,0.0,0.0,-0.00488,0.00232,6.41,6.34,7.68,6.44
825,13.75,6.458,26.463,0.017,0.6267,0.15,-2.37,-0.05,6.148,-0.0059,-0.01012,0.0,0.0,-0.00239,0.00399,5.94,6.44,6.38,5.83
826,13.7667,6.466,26.477,0.017,0.6271,0.15,-2.36,-0.07,6.328,-0.00779,-0.00713,0.0,0.0,-0.00357,0.00328,6.48,6.3,6.08,6.45
827,13.7833,6.473,26.492,0.017,0.6273,0.19,-2.4,-0.09,6.711,-0.01016,-0.00797,0.0,0.0,-0.00506,0.00241,6.44,6.05,7.92,6.43
828,13.8,6.48,26.507,0.017,0.6265,0.15,-2.4,-0.11,6.378,-0.00865,-0.01161,0.0,0.0,-0.0039,0.00276,6.55,6.13,6.29,6.53
829,13.8167,6.487,26.521,0.018,0.6271,0.12,-2.38,-0.16,6.266,-0.01059,-0.01363,0.0,0.0,-0.00477,0.00168,6.46,5.62,6.48,6.51
830,13.8333,6.494,26.536,0.018,0.6273,0.16,-2.37,-0.17,6.212,-0.01223,-0.01521,0.0,0.0,-0.0056,0.00088,6.28,5.89,6.23,6.44
831,13.85,6.502,26.551,0.017,0.6271,0.24,-2.41,-0.12,6.711,-0.01228,-0.01565,0.0,0.0,-0.00474,-4e-05,6.46,6.05,7.84,6.49
832,13.8667,6.509,26.566,0.017,0.6267,0.16,-2.39,-0.14,6.386,-0.00854,-0.0165,0.0,0.0,-0.00251,0.00148,6.69,6.51,6.45,5.9
833,13.8833,6.516,26.58,0.017,0.6269,0.13,-2.34,-0.17,6.049,-0.01049,-0.01729,0.0,0.0,-0.00345,0.00047,6.49,5.56,6.56,5.59
834,13.9,6.523,26.595,0.018,0.6269,0.14,-2.34,-0.17,6.544,-0.01183,-0.01693,0.0,0.0,-0.00401,-0.00032,6.89,6.29,6.44,6.55
835,13.9167,6.531,26.61,0.017,0.627,0.19,-2.38,-0.15,6.572,-0.01104,-0.01736,0.0,0.0,-0.00285,-0.00069,6.48,6.77,6.53,6.52
836,13.9333,6.538,26.625,0.017,0.6268,0.08,-2.41,-0.18,6.231,-0.00578,-0.01032,0.0,0.0,0.00043,0.0013,6.11,6.17,6.49,6.15
837,13.95,6.545,26.64,0.018,0.6266,0.1,-2.36,-0.17,6.197,-0.00892,-0.00568,0.0,0.0,-0.00102,-0.00039,6.51,6.52,5.21,6.55
838,13.9667,6.552,26.655,0.018,0.6273,0.16,-2.35,-0.16,6.373,-0.01104,-0.00372,0.0,0.0,-0.00185,-0.00169,6.51,6.41,6.1,6.46
839,13.9833,6.559,26.67,0.017,0.6282,0.14,-2.22,-0.21,5.526,-0.00947,-0.00423,0.0,0.0,-0.00085,-0.00112,4.57,5.62,6.58,5.33
840,14.0,6.567,26.685,0.018,0.631,0.11,-1.86,-0.2,6.996,-0.00929,-0.00249,0.0,0.0,-0.00078,-0.00101,6.55,8.91,6.54,5.99
841,14.0167,6.574,26.7,0.018,0.6329,0.09,-1.55,-0.18,6.793,-0.00889,0.00083,0.0,0.0,-0.0002,-0.00119,6.52,6.34,6.01,8.31
842,14.0333,6.581,26.716,0.018,0.6348,0.08,-1.39,-0.18,6.616,-0.00866,0.00318,0.0,0.0,-0.0001,-0.00106,6.71,6.4,6.53,6.83
843,14.05,6.588,26.732,0.018,0.6358,0.06,-1.37,-0.17,6.388,-0.00806,0.00045,0.0,0.0,6e-05,-0.00061,6.56,6.38,6.55,6.07
844,14.0667,6.596,26.748,0.018,0.6355,-0.01,-1.28,-0.17,5.762,-0.00779,0.00156,0.0,0.0,0.00016,-0.00044,4.92,5.79,6.57,5.77
845,14.0833,6.603,26.764,0.018,0.636,0.04,-1.14,-0.14,6.477,-0.00858,0.0039,0.0,0.0,0.00042,-0.00149,6.48,6.47,6.4,6.56
846,14.1,6.61,26.78,0.018,0.6359,0.19,-1.21,-0.14,6.65,-0.0113,0.00156,0.0,0.0,-0.00188,-0.00191,6.74,6.72,6.56,6.58
847,14.1167,6.617,26.793,0.017,0.6389,0.24,-1.58,-0.12,6.523,-0.01014,0.0005,0.0,0.0,-0.00146,-0.00117,6.93,6.55,6.87,5.74
848,14.1333,6.624,26.805,0.017,0.6417,0.16,-1.96,-0.14,6.378,-0.00867,0.00067,0.0,0.0,-0.00115,-1e-05,6.32,6.58,6.59,6.02
849,14.15,6.632,26.818,0.018,0.6432,0.21,-2.22,-0.14,6.333,-0.01208,-0.00293,0.0,0.0,-0.00334,-0.00124,6.56,5.64,6.61,6.52
850,14.1667,6.639,26.831,0.017,0.6442,0.3,-2.45,-0.14,6.779,-0.01405,-0.00875,0.0,0.0,-0.00415,-0.0024,6.62,7.38,7.22,5.9
851,14.1833,6.646,26.845,0.018,0.6448,0.08,-2.49,-0.16,6.265,-0.00851,-0.00844,0.0,0.0,-0.00097,-4e-05,5.7,6.17,6.58,6.62
852,14.2,6.653,26.859,0.019,0.6453,0.03,-2.54,-0.13,6.519,-0.01167,-0.01061,0.0,0.0,-0.00267,-0.00149,6.84,5.51,6.59,7.14
853,14.2167,6.661,26.873,0.019,0.646,0.14,-2.51,-0.11,6.655,-0.01505,-0.0132,0.0,0.0,-0.00447,-0.00308,6.67,5.8,7.52,6.63
854,14.2333,6.668,26.888,0.018,0.6451,0.28,-2.53,-0.1,7.013,-0.01725,-0.01893,0.0,0.0,-0.00525,-0.00449,5.59,7.36,8.5,6.6
855,14.25,6.675,26.904,0.018,0.6451,0.1,-2.5,-0.06,6.594,-0.00687,-0.01481,0.0,0.0,-0.00113,0.00176,7.21,6.63,6.26,6.28
856,14.2667,6.682,26.919,0.018,0.646,0.08,-2.51,-0.09,6.416,-0.00961,-0.01049,0.0,0.0,-0.00279,0.00069,6.62,6.34,6.06,6.65
857,14.2833,6.689,26.934,0.018,0.6458,0.16,-2.5,-0.1,6.591,-0.0131,-0.00824,0.0,0.0,-0.00487,-0.00072,5.67,6.26,7.81,6.63
858,14.3,6.697,26.949,0.018,0.6456,0.19,-2.52,-0.13,6.391,-0.01197,-0.01081,0.0,0.0,-0.00393,-0.00054,6.22,6.7,6.67,5.98
859,14.3167,6.704,26.964,0.018,0.6457,0.09,-2.51,-0.14,7.089,-0.00871,-0.00647,0.0,0.0,-0.00246,0.00125,6.69,7.42,6.99,7.25
860,14.3333,6.711,26.98,0.019,0.6461,0.2,-2.59,-0.08,6.586,-0.01114,-0.00167,0.0,0.0,-0.0049,0.00126,6.68,6.15,6.77,6.74
861,14.35,6.718,26.995,0.018,0.6454,0.33,-2.58,-0.06,5.777,-0.01296,0.00294,0.0,0.0,-0.00558,0.00012,6.43,5.67,5.62,5.39
862,14.3667,6.726,27.011,0.018,0.6455,0.19,-2.45,-0.04,6.831,-0.00748,0.00197,0.0,0.0,-0.00314,0.00317,6.95,6.74,6.88,6.76
863,14.3833,6.733,27.027,0.019,0.646,0.06,-2.48,-0.07,6.456,-0.00853,0.00284,0.0,0.0,-0.00371,0.00269,6.59,6.45,6.06,6.73
864,14.4,6.74,27.042,0.02,0.646,0.09,-2.44,-0.07,5.979,-0.01208,0.00355,0.0,0.0,-0.00521,0.00064,4.39,6.58,6.18,6.76
865,14.4167,6.747,27.058,0.019,0.646,0.14,-2.51,-0.1,6.33,-0.01055,0.00459,0.0,0.0,-0.00483,0.00178,6.75,5.06,6.77,6.74
866,14.4333,6.754,27.074,0.019,0.6452,0.01,-2.5,-0.11,6.809,-0.00398,0.0089,0.0,0.0,-0.00148,0.005,6.76,6.47,6.87,7.14
867,14.45,6.762,27.09,0.019,0.646,0.02,-2.46,-0.08,6.392,-0.00639,0.01272,0.0,0.0,-0.00175,0.00286,5.88,6.83,6.1,6.75
868,14.4667,6.769,27.106,0.019,0.6458,0.2,-2.52,-0.13,6.36,-0.00831,0.01598,0.0,0.0,-0.00382,0.00301,4.27,7.99,6.59,6.59
869,14.4833,6.776,27.121,0.018,0.6455,0.22,-2.46,-0.13,6.026,-0.00641,0.01516,0.0,0.0,-0.003,0.0041,6.5,6.76,4.58,6.27
870,14.5,6.783,27.137,0.018,0.6452,-0.0,-2.54,-0.16,7.251,-0.00106,0.02102,0.0,0.0,-0.00029,0.00673,6.69,7.75,6.71,7.86
871,14.5167,6.791,27.152,0.019,0.6458,0.13,-2.57,-0.1,6.69,-0.00687,0.02385,0.0,0.0,-0.00425,0.00489,6.8,6.2,6.8,6.96
872,14.5333,6.798,27.167,0.02,0.6468,0.16,-2.41,-0.12,5.37,-0.00832,0.02328,0.0,0.0,-0.0053,0.00449,4.07,5.07,6.68,5.67
873,14.55,6.805,27.183,0.019,0.6497,0.13,-1.99,-0.09,6.276,-0.00673,0.01767,0.0,0.0,-0.00431,0.00509,6.67,6.21,5.42,6.81
874,14.5667,6.812,27.199,0.019,0.6526,0.13,-1.74,-0.1,6.593,-0.00658,0.01535,0.0,0.0,-0.00456,0.00548,6.81,6.55,6.44,6.59
875,14.5833,6.819,27.216,0.019,0.6541,0.13,-1.53,-0.13,6.107,-0.00616,0.01572,0.0,0.0,-0.00438,0.00572,4.86,6.17,6.75,6.65
876,14.6,6.827,27.233,0.019,0.655,0.08,-1.35,-0.11,6.942,-0.00412,0.01619,0.0,0.0,-0.00337,0.00675,7.7,6.79,6.8,6.49
877,14.6167,6.834,27.25,0.019,0.655,0.04,-1.28,-0.11,6.967,-0.00375,0.01148,0.0,0.0,-0.00326,0.00701,7.43,6.59,6.56,7.28
878,14.6333,6.841,27.266,0.02,0.6554,0.15,-1.34,-0.04,6.859,-0.00656,0.01042,0.0,0.0,-0.00549,0.00643,6.87,6.33,7.52,6.72
879,14.65,6.848,27.282,0.02,0.6557,0.19,-1.39,-0.03,7.25,-0.00459,0.013,0.0,0.0,-0.00481,0.00772,6.73,7.34,8.15,6.78
880,14.6667,6.856,27.295,0.02,0.66,0.15,-1.8,-0.04,7.036,-0.00283,0.01545,0.0,0.0,-0.00391,0.00859,7.42,6.69,7.3,6.73
881,14.6833,6.863,27.308,0.02,0.6622,0.07,-2.23,-0.06,6.972,-0.00159,0.01874,0.0,0.0,-0.00359,0.00951,6.76,6.76,6.79,7.58
882,14.7,6.87,27.32,0.02,0.6637,0.21,-2.47,-0.06,6.601,-0.00665,0.01598,0.0,0.0,-0.00608,0.00693,6.97,6.02,6.59,6.83
883,14.7167,6.877,27.334,0.019,0.6648,0.23,-2.66,-0.09,6.073,-0.00371,0.01448,0.0,0.0,-0.00453,0.00832,6.88,5.6,6.73,5.09
884,14.7333,6.884,27.348,0.019,0.6652,0.01,-2.74,-0.17,5.997,0.001,0.01763,-0.0,0.0,-0.00209,0.01059,6.25,5.21,5.84,6.69
885,14.75,6.892,27.362,0.02,0.6661,0.1,-2.77,-0.07,6.97,-0.00305,0.01913,0.0,0.0,-0.00426,0.00871,6.9,6.14,6.6,8.25
886,14.7667,6.899,27.377,0.02,0.6658,0.25,-2.79,-0.04,6.612,-0.00819,0.01313,0.0,0.0,-0.00739,0.00671,6.91,6.21,6.56,6.76
887,14.7833,6.906,27.393,0.02,0.6655,0.11,-2.68,-0.06,6.016,-0.00295,0.01143,0.0,0.0,-0.00455,0.0091,6.27,6.93,3.98,6.88
888,14.8,6.913,27.409,0.021,0.666,-0.01,-2.68,-0.06,6.631,-0.00434,0.00723,0.0,0.0,-0.00524,0.0084,6.6,6.8,6.24,6.89
889,14.8167,6.921,27.424,0.022,0.6666,0.09,-2.72,-0.06,6.576,-0.00841,0.00455,0.0,0.0,-0.00893,0.00802,6.17,6.28,6.92,6.93
890,14.8333,6.928,27.44,0.022,0.6655,0.26,-2.69,-0.04,6.21,-0.01239,-0.00492,0.0,0.0,-0.01099,0.0061,5.99,6.44,6.79,5.63
891,14.85,6.935,27.456,0.022,0.6652,-0.0,-2.64,-0.02,7.038,-0.00404,-0.00952,0.0,0.0,-0.00655,0.01001,8.13,6.89,6.68,6.45
892,14.8667,6.942,27.472,0.024,0.6659,-0.02,-2.64,-0.03,6.787,-0.01086,-0.01641,0.0,0.0,-0.01016,0.0068,6.29,6.36,7.55,6.95
893,14.8833,6.949,27.488,0.024,0.6661,0.19,-2.71,0.06,7.386,-0.01485,-0.0213,0.0,0.0,-0.01278,0.00543,7.96,6.69,7.34,7.55
894,14.9,6.957,27.504,0.023,0.6661,0.17,-2.7,-0.04,6.226,-0.01282,-0.0289,0.0,0.0,-0.01145,0.00613,6.9,5.37,6.66,5.96
895,14.9167,6.964,27.521,0.023,0.6654,-0.06,-2.73,-0.07,6.691,-0.00636,-0.02751,0.0,0.0,-0.00884,0.00999,5.37,7.08,7.26,7.05
896,14.9333,6.971,27.536,0.023,0.6662,0.16,-2.72,-0.08,7.024,-0.01423,-0.03019,0.0,0.0,-0.01348,0.00676,6.08,6.21,8.64,7.16
897,14.95,6.978,27.553,0.023,0.6654,0.31,-2.71,-0.05,6.367,-0.01472,-0.02896,0.0,0.0,-0.01355,0.00634,6.71,6.41,6.16,6.18
898,14.9667,6.986,27.569,0.023,0.6656,0.05,-2.71,-0.04,6.564,-0.00642,-0.02792,0.0,0.0,-0.00898,0.01007,6.64,5.83,6.92,6.87
899,14.9833,6.993,27.585,0.024,0.6659,-0.0,-2.84,-0.03,6.388,-0.0104,-0.0241,0.0,0.0,-0.01128,0.00838,6.06,6.8,6.99,5.7
900,15.0,7.0,27.6,0.024,0.6659,0.2,-2.71,0.04,6.571,-0.01451,-0.02085,0.0,0.0,-0.01347,0.00646,6.18,6.69,6.97,6.44
901,15.0167,7.0,27.617,0.024,0.6661,0.14,-2.69,0.04,7.181,-0.00929,-0.01472,0.0,0.0,-0.01054,0.00875,6.99,7.42,7.44,6.87
902,15.0333,7.0,27.633,0.024,0.6663,-0.03,-2.81,0.02,6.879,-0.00794,-0.01457,0.0,0.0,-0.01054,0.0101,6.99,6.98,6.98,6.56
903,15.05,7.0,27.649,0.024,0.6661,0.18,-2.74,0.0,6.611,-0.01541,-0.01404,0.0,0.0,-0.01498,0.00707,5.36,6.68,7.23,7.18
904,15.0667,7.0,27.665,0.023,0.6677,0.13,-2.46,-0.09,6.303,-0.00843,-0.00589,0.0,0.0,-0.00999,0.00906,5.29,7.2,7.02,5.71
905,15.0833,7.0,27.681,0.023,0.6707,0.08,-2.04,-0.06,6.514,-0.00747,-0.00627,0.0,0.0,-0.00923,0.00926,6.96,6.15,5.69,7.25
906,15.1,7.0,27.698,0.024,0.6735,0.09,-1.76,-0.04,6.778,-0.00835,-0.00341,0.0,0.0,-0.00931,0.00846,6.96,6.57,6.6,6.98
907,15.1167,7.0,27.716,0.024,0.6751,0.08,-1.54,-0.05,6.831,-0.00832,0.00336,0.0,0.0,-0.00926,0.00844,6.63,7.05,6.99,6.65
908,15.1333,7.0,27.733,0.024,0.6757,0.01,-1.39,-0.06,7.525,-0.00643,0.0059,0.0,0.0,-0.00836,0.00943,7.82,6.94,7.57,7.77
909,15.15,7.0,27.751,0.024,0.6765,-0.04,-1.5,-0.03,9.68,-0.00656,0.00661,0.0,0.0,-0.00843,0.00937,11.22,11.44,6.84,9.23
910,15.1667,7.0,27.767,0.025,0.6766,0.16,-1.42,-0.08,6.577,-0.01015,0.01123,0.0,0.0,-0.01187,0.00923,6.32,6.09,6.96,6.94
911,15.1833,7.0,27.782,0.024,0.6788,0.07,-1.61,-0.15,7.149,-0.00341,0.01505,0.0,0.0,-0.01017,0.01426,7.13,6.56,7.9,7.0
912,15.2,7.0,27.794,0.025,0.6821,0.03,-2.14,-0.16,7.111,-0.0044,0.0164,0.0,0.0,-0.01119,0.01429,7.79,6.86,6.84,6.96
913,15.2167,7.0,27.807,0.025,0.684,0.03,-2.52,-0.13,6.01,-0.00611,0.01674,0.0,0.0,-0.01205,0.01345,6.77,5.71,5.8,5.76
914,15.2333,7.0,27.82,0.025,0.6862,0.16,-2.79,-0.13,6.587,-0.01106,0.01192,0.0,0.0,-0.01417,0.01062,6.96,6.07,6.34,6.98
915,15.25,7.0,27.834,0.025,0.6877,0.11,-2.92,-0.17,6.464,-0.00779,0.00909,0.0,0.0,-0.0124,0.01211,7.03,6.15,7.02,5.65
916,15.2667,7.0,27.848,0.025,0.6881,-0.06,-3.04,-0.22,5.933,-0.00285,0.01182,0.0,0.0,-0.00959,0.01425,5.93,4.1,6.93,6.76
917,15.2833,7.0,27.863,0.026,0.6884,0.09,-3.07,-0.11,6.639,-0.00626,0.01439,0.0,0.0,-0.01262,0.01387,6.95,5.68,7.0,6.93
918,15.3,7.0,27.879,0.026,0.6876,0.25,-2.96,0.04,6.263,-0.00692,0.00906,0.0,0.0,-0.01287,0.01346,7.15,5.26,7.11,5.54
919,15.3167,7.0,27.895,0.026,0.6881,0.08,-2.91,0.05,6.883,-0.00218,0.01025,0.0,0.0,-0.01006,0.01538,7.19,6.72,6.71,6.91
920,15.3333,7.0,27.911,0.027,0.6881,-0.04,-3.01,0.06,6.936,-0.0021,0.01314,0.0,0.0,-0.01023,0.01563,7.22,6.4,6.97,7.15
921,15.35,7.0,27.927,0.027,0.6883,0.13,-3.04,0.12,6.753,-0.00544,0.01734,0.0,0.0,-0.01367,0.01574,6.92,5.98,7.06,7.04
922,15.3667,7.0,27.943,0.027,0.6882,0.16,-2.93,0.09,6.817,-0.00513,0.018,0.0,0.0,-0.01345,0.01582,7.06,7.8,6.94,5.47
923,15.3833,7.0,27.959,0.027,0.6888,0.06,-2.99,-0.0,6.799,-0.00373,0.01493,0.0,0.0,-0.01313,0.0169,7.0,6.99,6.97,6.24
924,15.4,7.0,27.976,0.027,0.688,-0.0,-3.08,-0.04,7.086,-0.00075,0.01881,0.0,0.0,-0.01113,0.01788,6.91,7.49,6.98,6.97
925,15.4167,7.0,27.992,0.026,0.6873,0.25,-2.95,0.04,6.735,-0.00526,0.01826,0.0,0.0,-0.01286,0.01511,6.84,8.02,5.43,6.65
926,15.4333,7.0,28.008,0.025,0.6885,0.11,-2.96,-0.04,6.907,0.00313,0.02153,-0.0,0.0,-0.00911,0.01974,6.93,6.54,7.14,7.02
927,15.45,7.0,28.025,0.025,0.6884,0.0,-3.01,-0.03,7.018,0.007,0.02832,-0.0,-0.0,-0.0077,0.02221,7.17,6.91,6.93,7.06
928,15.4667,7.0,28.041,0.026,0.6877,0.11,-3.07,-0.01,6.738,0.00462,0.03526,-0.0,-0.0,-0.01014,0.02226,7.01,5.86,7.04,7.04
929,15.4833,7.0,28.057,0.026,0.6881,0.09,-2.94,-0.02,6.909,0.00573,0.0422,-0.0,-0.0,-0.00962,0.02285,6.97,7.29,6.86,6.51
930,15.5,7.0,28.073,0.026,0.6886,-0.02,-3.0,-0.06,6.946,0.00924,0.05048,-0.0,-0.0,-0.00712,0.02386,6.98,6.88,6.91,7.01
931,15.5167,7.0,28.09,0.026,0.6881,-0.02,-3.1,-0.04,6.71,0.00846,0.0539,-0.0,-0.0,-0.00763,0.0236,6.73,6.98,6.92,6.21
932,15.5333,7.0,28.106,0.026,0.6871,0.2,-2.91,0.02,7.204,0.00322,0.05615,-0.0,-0.0,-0.00951,0.02024,6.93,8.18,5.75,7.95
933,15.55,7.0,28.122,0.025,0.6883,0.08,-2.92,-0.09,7.049,0.00831,0.05474,-0.0,-0.0,-0.00721,0.02303,6.95,7.61,6.76,6.87
934,15.5667,7.0,28.139,0.025,0.6882,-0.0,-2.97,-0.12,6.421,0.01189,0.0532,-0.0,-0.0,-0.00535,0.02475,6.62,6.98,7.0,5.08
935,15.5833,7.0,28.155,0.025,0.6877,0.18,-2.86,-0.09,5.506,0.00387,0.04604,-0.0,-0.0,-0.00866,0.02003,7.11,3.38,4.15,7.38
936,15.6,7.0,28.17,0.025,0.6922,0.19,-2.48,-0.08,6.061,0.00671,0.04153,-0.0,-0.0,-0.00681,0.02102,6.76,6.52,4.95,6.02
937,15.6167,7.0,28.186,0.024,0.6958,0.2,-2.18,-0.12,6.371,0.00825,0.03552,-0.0,-0.0,-0.0062,0.02195,6.99,6.8,5.12,6.58
938,15.6333,7.0,28.203,0.024,0.698,0.19,-1.91,-0.15,6.639,0.00844,0.03123,-0.0,-0.0,-0.00638,0.02232,6.96,6.28,6.98,6.33
939,15.65,7.0,28.22,0.024,0.6985,0.17,-1.63,-0.18,6.664,0.0093,0.03374,-0.0,-0.0,-0.00587,0.02267,6.99,6.27,6.96,6.43
940,15.6667,7.0,28.238,0.024,0.6994,0.04,-1.57,-0.17,7.529,0.01177,0.03325,-0.0,-0.0,-0.00461,0.02388,7.52,7.24,7.34,8.02
941,15.6833,7.0,28.255,0.024,0.6991,-0.05,-1.63,-0.23,6.944,0.01155,0.0289,-0.0,-0.0,-0.00502,0.02407,8.2,5.75,6.94,6.88
942,15.7,7.0,28.271,0.025,0.6997,0.19,-1.75,-0.15,7.67,0.00133,0.02282,-0.0,0.0,-0.01182,0.02065,10.58,7.24,5.38,7.49
943,15.7167,7.0,28.283,0.023,0.7048,0.19,-2.18,-0.17,6.643,0.00641,0.01978,-0.0,-0.0,-0.01037,0.02429,6.62,6.79,7.25,5.91
944,15.7333,7.0,28.295,0.022,0.7083,0.1,-2.63,-0.25,6.595,0.00873,0.01791,-0.0,-0.0,-0.01031,0.02655,6.56,6.9,6.95,5.97
945,15.75,7.0,28.308,0.021,0.7102,0.01,-3.07,-0.3,6.404,0.01235,0.01978,-0.0,-0.0,-0.00881,0.02866,7.26,5.49,6.96,5.91
946,15.7667,7.0,28.321,0.021,0.7113,0.21,-3.27,-0.31,6.385,0.00774,0.0158,-0.0,-0.0,-0.01277,0.02802,6.98,5.08,6.96,6.51
947,15.7833,7.0,28.335,0.021,0.7126,0.11,-3.29,-0.32,6.989,0.01313,0.0153,-0.0,-0.0,-0.00984,0.03047,6.51,8.33,6.92,6.19
948,15.8,7.0,28.349,0.021,0.7132,-0.05,-3.39,-0.35,6.462,0.01514,0.01716,-0.0,-0.0,-0.00879,0.03143,6.45,6.0,6.96,6.43
949,15.8167,7.0,28.365,0.022,0.7126,-0.01,-3.4,-0.37,6.737,0.01128,0.02534,-0.0,-0.0,-0.01204,0.03083,7.11,5.67,7.0,7.17
950,15.8333,7.0,28.38,0.022,0.7126,0.12,-3.31,-0.34,6.721,0.00688,0.02279,-0.0,-0.0,-0.01363,0.02802,6.99,6.45,6.47,6.98
951,15.85,7.0,28.396,0.022,0.7133,0.06,-3.32,-0.37,6.87,0.00969,0.02104,-0.0,-0.0,-0.01263,0.02982,7.05,7.09,6.99,6.35
952,15.8667,7.0,28.412,0.022,0.7125,-0.05,-3.36,-0.39,6.774,0.01181,0.01796,-0.0,-0.0,-0.01162,0.03094,6.63,6.91,6.96,6.6
953,15.8833,7.0,28.428,0.022,0.7115,0.09,-3.23,-0.37,6.828,0.00482,0.0128,-0.0,0.0,-0.01456,0.02688,5.56,8.08,6.85,6.84
954,15.9,7.0,28.444,0.021,0.7131,0.12,-3.32,-0.39,6.969,0.0066,0.00455,-0.0,-0.0,-0.01387,0.02798,6.99,7.05,6.86,6.99
955,15.9167,7.0,28.459,0.021,0.7131,0.02,-3.38,-0.45,6.906,0.00863,-0.00269,0.0,0.0,-0.01344,0.02958,7.06,7.44,6.93,6.19
956,15.9333,7.0,28.476,0.021,0.7114,-0.1,-3.39,-0.53,6.988,0.00918,-0.00453,0.0,0.0,-0.01357,0.03026,6.6,7.05,7.08,7.22
957,15.95,7.0,28.491,0.02,0.7128,0.12,-3.31,-0.52,6.77,0.00448,-0.00646,0.0,0.0,-0.01581,0.0278,7.69,6.17,6.36,6.86
958,15.9667,7.0,28.507,0.019,0.7133,0.07,-3.31,-0.53,6.726,0.00844,-0.00697,0.0,0.0,-0.01369,0.02963,6.44,6.97,6.99,6.5
959,15.9833,7.0,28.524,0.019,0.7126,-0.03,-3.34,-0.51,6.857,0.00959,-0.00841,0.0,0.0,-0.01372,0.03082,6.99,7.0,7.0,6.45
960,16.0,7.0,28.54,0.019,0.7115,0.14,-3.25,-0.53,7.115,0.00302,-0.00926,0.0,0.0,-0.01714,0.02767,6.53,7.77,7.29,6.86
961,16.0167,7.0,28.556,0.019,0.713,0.13,-3.31,-0.53,7.049,0.00728,-0.00745,0.0,0.0,-0.01487,0.02965,6.88,8.05,6.87,6.39
962,16.0333,7.0,28.572,0.018,0.7129,-0.01,-3.31,-0.58,6.773,0.01148,-0.00362,0.0,0.0,-0.01245,0.03144,6.65,6.84,6.99,6.61
963,16.05,7.0,28.588,0.019,0.7117,-0.07,-3.35,-0.57,6.82,0.0106,-0.00172,0.0,0.0,-0.01312,0.03122,6.87,6.79,6.87,6.75
964,16.0667,7.0,28.604,0.018,0.7128,0.11,-3.32,-0.53,6.833,0.00402,-0.002,0.0,0.0,-0.01583,0.02736,7.14,6.49,6.73,6.97
965,16.0833,7.0,28.619,0.018,0.7133,0.05,-3.33,-0.54,6.771,0.00841,-0.00178,0.0,0.0,-0.01381,0.02972,6.55,7.0,6.89,6.65
966,16.1,7.0,28.635,0.018,0.7123,-0.05,-3.33,-0.53,6.211,0.01073,-0.0004,0.0,0.0,-0.01331,0.03154,4.44,6.86,7.02,6.52
967,16.1167,7.0,28.651,0.017,0.7134,0.13,-3.1,-0.42,5.915,0.00423,0.00089,-0.0,0.0,-0.01508,0.02681,7.5,4.14,5.15,6.88
968,16.1333,7.0,28.665,0.016,0.7173,0.08,-2.8,-0.27,7.871,0.00878,0.00233,-0.0,-0.0,-0.01465,0.03093,11.9,6.88,6.8,5.91
969,16.15,7.0,28.679,0.016,0.7202,-0.03,-2.49,-0.22,7.166,0.01255,0.00316,-0.0,-0.0,-0.01362,0.03368,5.46,10.39,7.08,5.73
970,16.1667,7.0,28.694,0.016,0.7222,-0.05,-2.15,-0.17,6.246,0.01437,0.00665,-0.0,-0.0,-0.01264,0.03451,6.92,5.24,6.99,5.84
971,16.1833,7.0,28.71,0.016,0.7244,-0.07,-2.01,-0.18,6.137,0.01428,0.0164,-0.0,-0.0,-0.01281,0.0346,6.37,4.68,6.97,6.52
972,16.2,7.0,28.727,0.016,0.7255,-0.09,-1.93,-0.17,6.758,0.01479,0.021,-0.0,-0.0,-0.01277,0.03506,6.98,6.49,6.99,6.57
973,16.2167,7.0,28.744,0.016,0.7247,-0.11,-1.85,-0.16,6.768,0.01557,0.02346,-0.0,-0.0,-0.01247,0.03555,6.98,6.55,6.99,6.55
974,16.2333,7.0,28.76,0.016,0.7255,0.25,-1.92,0.01,7.148,0.00516,0.0216,-0.0,-0.0,-0.0208,0.03347,7.4,7.02,7.04,7.13
975,16.25,7.0,28.771,0.014,0.7309,0.35,-2.37,0.07,6.874,0.01254,0.02287,-0.0,-0.0,-0.01784,0.03789,7.45,6.87,7.56,5.61
976,16.2667,7.0,28.782,0.012,0.7351,0.31,-2.83,0.06,6.644,0.01554,0.0232,-0.0,-0.0,-0.01729,0.04034,6.85,6.85,6.91,5.96
977,16.2833,7.0,28.794,0.012,0.7378,0.24,-3.29,0.07,6.83,0.02053,0.02676,-0.0,-0.0,-0.0154,0.04343,7.38,6.9,6.94,6.1
978,16.3,7.0,28.806,0.012,0.7393,0.16,-3.75,0.09,7.505,0.02203,0.03152,-0.0,-0.0,-0.01513,0.04466,7.61,6.83,6.79,8.79
979,16.3167,7.0,28.819,0.012,0.7412,0.1,-3.95,0.06,7.515,0.02356,0.03676,-0.0,-0.0,-0.01402,0.04509,11.26,6.04,6.92,5.85
980,16.3333,7.0,28.833,0.012,0.7425,-0.05,-4.12,0.01,7.018,0.02596,0.04304,-0.0,-0.0,-0.01219,0.04566,6.97,6.08,7.03,7.99
981,16.35,7.0,28.847,0.013,0.7428,-0.16,-4.35,-0.02,6.478,0.02733,0.06068,-0.0,-0.0,-0.01198,0.04682,6.46,5.74,6.88,6.83
982,16.3667,7.0,28.862,0.013,0.7438,0.2,-4.43,0.23,6.651,0.02394,0.06512,-0.0,-0.0,-0.01488,0.04633,6.98,5.6,6.95,7.08
983,16.3833,7.0,28.877,0.014,0.7438,0.09,-4.29,0.34,4.002,0.02834,0.07047,-0.0,-0.0,-0.01407,0.04992,-3.64,6.98,6.89,5.78
984,16.4,7.0,28.893,0.014,0.7434,-0.12,-4.29,0.32,6.728,0.03242,0.07425,-0.0,-0.0,-0.01176,0.05169,6.62,6.88,6.94,6.47
985,16.4167,7.0,28.909,0.015,0.7427,-0.11,-4.33,0.3,7.098,0.02701,0.07046,-0.0,-0.0,-0.01487,0.04939,7.32,6.97,6.95,7.16
986,16.4333,7.0,28.924,0.015,0.7435,0.12,-4.32,0.3,6.801,0.02133,0.0597,-0.0,-0.0,-0.0179,0.04673,7.1,6.76,6.97,6.37
987,16.45,7.0,28.94,0.014,0.7442,-0.05,-4.34,0.14,6.709,0.02436,0.05089,-0.0,-0.0,-0.0165,0.04836,6.97,6.97,6.97,5.93
988,16.4667,7.0,28.957,0.013,0.7431,-0.23,-4.38,-0.04,7.429,0.02654,0.04398,-0.0,-0.0,-0.01606,0.05011,5.89,11.68,6.71,5.43
989,16.4833,7.0,28.973,0.013,0.743,0.2,-4.23,-0.06,7.143,0.01799,0.03258,-0.0,-0.0,-0.02168,0.04717,7.23,7.06,6.95,7.33
990,16.5,7.0,28.99,0.011,0.7435,0.26,-4.12,-0.16,6.468,0.02375,0.02396,-0.0,-0.0,-0.01687,0.04813,6.09,6.97,6.96,5.85
991,16.5167,7.0,29.006,0.011,0.7433,0.22,-3.96,-0.19,6.353,0.02764,0.01616,-0.0,-0.0,-0.01456,0.04971,4.93,6.77,6.91,6.8
992,16.5333,7.0,29.023,0.011,0.7439,0.28,-4.05,-0.18,7.061,0.02541,0.01257,-0.0,-0.0,-0.01603,0.04894,7.47,6.79,6.96,7.02
993,16.55,7.0,29.039,0.01,0.7435,0.27,-4.19,-0.22,7.094,0.02817,0.0181,-0.0,-0.0,-0.01417,0.04984,7.9,7.09,7.01,6.38
994,16.5667,7.0,29.054,0.01,0.7438,0.1,-4.16,-0.3,6.635,0.03094,0.0227,-0.0,-0.0,-0.01277,0.05122,6.56,6.84,6.93,6.21
995,16.5833,7.0,29.07,0.01,0.7436,-0.04,-4.23,-0.3,7.015,0.03215,0.02574,-0.0,-0.0,-0.01197,0.05163,6.95,6.91,6.99,7.2
996,16.6,7.0,29.086,0.011,0.7436,0.13,-4.29,-0.25,6.791,0.02814,0.03309,-0.0,-0.0,-0.01572,0.05137,6.7,6.5,6.99,6.98
997,16.6167,7.0,29.102,0.01,0.7435,0.14,-4.28,-0.27,6.632,0.02899,0.03451,-0.0,-0.0,-0.01497,0.05146,6.59,7.01,6.9,6.02
998,16.6333,7.0,29.117,0.01,0.7434,-0.07,-4.28,-0.34,6.766,0.03061,0.03342,-0.0,-0.0,-0.01463,0.05274,6.94,6.95,6.97,6.2
999,16.65,7.0,29.133,0.01,0.7438,-0.02,-4.35,-0.32,6.385,0.02829,0.03238,-0.0,-0.0,-0.01621,0.05201,6.1,6.42,7.07,5.95
1000,16.6667,7.0,29.148,0.01,0.7459,0.18,-3.96,-0.39,5.676,0.02579,0.02605,-0.0,-0.0,-0.01691,0.0502,4.18,5.78,6.94,5.81
1001,16.6833,7.0,29.164,0.009,0.7494,0.12,-3.46,-0.43,7.305,0.02806,0.01995,-0.0,-0.0,-0.0152,0.05076,8.94,7.67,6.86,5.76
1002,16.7,7.0,29.18,0.008,0.7519,0.09,-3.0,-0.47,6.274,0.02885,0.01416,-0.0,-0.0,-0.01438,0.05074,6.86,5.59,6.9,5.75
1003,16.7167,7.0,29.196,0.007,0.7553,0.13,-2.79,-0.52,6.648,0.02982,0.01419,-0.0,-0.0,-0.01285,0.05017,6.3,6.87,6.88,6.55
1004,16.7333,7.0,29.213,0.007,0.757,0.06,-2.64,-0.55,6.726,0.03084,0.01439,-0.0,-0.0,-0.01275,0.05109,6.57,6.91,6.93,6.49
1005,16.75,7.0,29.23,0.007,0.7569,-0.1,-2.48,-0.59,6.682,0.03316,0.01529,-0.0,-0.0,-0.01155,0.05222,7.64,6.1,7.04,5.95
1006,16.7667,7.0,29.241,0.005,0.7626,0.55,-2.63,-0.19,6.599,0.02,0.00492,-0.0,-0.0,-0.02484,0.05234,6.89,6.99,6.93,5.58
1007,16.7833,7.0,29.251,0.002,0.7674,0.97,-3.02,-0.01,6.767,0.01801,-0.00367,0.0,0.0,-0.02816,0.05367,7.37,6.95,6.81,5.95
1008,16.8,7.0,29.262,-0.001,0.7712,1.22,-3.41,0.03,6.333,0.02396,-0.00745,0.0,0.0,-0.02739,0.05885,6.39,6.91,6.86,5.17
1009,16.8167,7.0,29.273,-0.003,0.7758,1.29,-3.74,0.05,7.304,0.02776,-0.00768,0.0,0.0,-0.02597,0.06123,6.99,6.95,8.4,6.88
1010,16.8333,7.0,29.285,-0.004,0.7789,1.26,-4.18,0.06,8.286,0.03274,-0.00375,0.0,0.0,-0.02603,0.06628,13.59,7.01,6.88,5.67
1011,16.85,7.0,29.297,-0.004,0.7811,1.2,-4.65,0.04,6.791,0.0348,0.00078,-0.0,-0.0,-0.0252,0.06751,6.85,6.92,7.08,6.31
1012,16.8667,7.0,29.309,-0.004,0.7819,1.08,-5.12,0.04,6.429,0.03808,0.00574,-0.0,-0.0,-0.02315,0.06873,5.39,6.61,6.63,7.09
1013,16.8833,7.0,29.321,-0.003,0.7843,0.78,-5.43,0.03,7.088,0.04293,0.02864,-0.0,-0.0,-0.01994,0.07037,7.0,7.1,6.78,7.48
1014,16.9,7.0,29.334,-0.002,0.785,0.45,-5.78,0.03,6.56,0.0483,0.05636,-0.0,-0.0,-0.01844,0.07424,6.62,6.84,6.88,5.9
1015,16.9167,7.0,29.347,-0.0,0.7847,0.08,-6.16,0.03,6.769,0.05018,0.07657,-0.0,-0.0,-0.01731,0.07499,6.73,6.87,6.91,6.57
1016,16.9333,7.0,29.361,0.002,0.7839,-0.09,-6.29,0.07,5.979,0.04651,0.08668,-0.0,-0.0,-0.01898,0.073,6.91,4.72,6.84,5.45
1017,16.95,7.0,29.376,0.003,0.7842,-0.0,-5.99,0.15,11.208,0.04071,0.08448,-0.0,-0.0,-0.02199,0.0702,23.8,4.96,6.98,9.09
1018,16.9667,7.0,29.391,0.003,0.7854,0.09,-6.1,0.18,6.626,0.04088,0.08059,-0.0,-0.0,-0.02037,0.06875,6.12,6.85,6.93,6.6
1019,16.9833,7.0,29.407,0.003,0.7844,0.06,-6.23,0.24,6.872,0.04166,0.07459,-0.0,-0.0,-0.02021,0.06937,6.99,6.99,6.99,6.52
1020,17.0,7.0,29.422,0.004,0.7832,-0.08,-6.15,0.24,6.584,0.04213,0.06482,-0.0,-0.0,-0.01972,0.06935,7.02,5.76,6.83,6.73
1021,17.0167,7.0,29.438,0.005,0.7854,0.03,-6.13,0.24,7.026,0.03683,0.04524,-0.0,-0.0,-0.02275,0.06709,7.32,6.7,6.96,7.12
1022,17.0333,7.0,29.454,0.005,0.7854,0.06,-6.18,0.27,7.016,0.03742,0.02669,-0.0,-0.0,-0.02217,0.0671,6.99,7.71,7.0,6.36
1023,17.05,7.0,29.47,0.005,0.7834,0.03,-6.21,0.3,6.633,0.0391,0.01586,-0.0,-0.0,-0.02104,0.06765,5.46,8.38,6.72,5.98
1024,17.0667,7.0,29.486,0.005,0.7847,0.04,-6.08,0.28,6.722,0.03916,0.01236,-0.0,-0.0,-0.0205,0.06716,6.58,6.62,6.94,6.74
1025,17.0833,7.0,29.502,0.005,0.7855,0.05,-6.14,0.29,6.782,0.0398,0.00976,-0.0,-0.0,-0.01994,0.06724,6.26,7.5,6.98,6.38
1026,17.1,7.0,29.518,0.005,0.7847,0.03,-6.24,0.24,6.698,0.04003,0.00692,-0.0,-0.0,-0.02,0.06754,6.96,6.48,6.98,6.37
1027,17.1167,7.0,29.534,0.004,0.7828,0.03,-6.11,0.21,5.842,0.0404,0.00432,-0.0,-0.0,-0.01953,0.06744,5.02,5.49,6.96,5.9
1028,17.1333,7.0,29.55,0.004,0.7851,0.07,-6.12,0.22,6.809,0.04078,0.00786,-0.0,-0.0,-0.01944,0.06772,6.72,6.98,6.98,6.56
1029,17.15,7.0,29.566,0.004,0.7853,0.05,-6.19,0.22,6.837,0.04194,0.01157,-0.0,-0.0,-0.01912,0.06857,6.99,6.99,7.01,6.37
1030,17.1667,7.0,29.582,0.004,0.7835,0.04,-6.21,0.19,5.636,0.04192,0.01309,-0.0,-0.0,-0.01901,0.06843,6.73,6.38,6.9,2.54
1031,17.1833,7.0,29.598,0.003,0.7835,0.08,-5.93,0.19,7.364,0.0411,0.01351,-0.0,-0.0,-0.0195,0.0681,7.06,8.24,6.87,7.28
1032,17.2,7.0,29.614,0.003,0.7853,0.06,-6.07,0.21,6.904,0.04052,0.01263,-0.0,-0.0,-0.02001,0.06804,6.86,6.97,7.01,6.78
1033,17.2167,7.0,29.629,0.003,0.7881,0.2,-5.55,0.21,7.266,0.03868,0.00973,-0.0,-0.0,-0.02058,0.06677,10.96,5.77,7.0,5.33
1034,17.2333,7.0,29.644,0.002,0.7913,0.13,-4.94,0.23,4.321,0.0415,0.00968,-0.0,-0.0,-0.01919,0.06819,2.92,2.36,6.74,5.25
1035,17.25,7.0,29.66,0.001,0.7962,0.21,-4.6,0.18,5.237,0.04299,0.0108,-0.0,-0.0,-0.01746,0.06796,4.99,3.12,6.68,6.17
1036,17.2667,7.0,29.676,0.001,0.7994,0.23,-4.23,0.23,6.431,0.04502,0.01266,-0.0,-0.0,-0.01695,0.06947,5.73,6.88,6.9,6.21
1037,17.2833,7.0,29.693,0.0,0.8011,0.19,-3.94,0.22,5.662,0.04782,0.01721,-0.0,-0.0,-0.01543,0.07075,6.9,3.02,6.94,5.78
1038,17.3,7.0,29.71,0.0,0.8018,0.22,-3.66,0.23,6.994,0.04749,0.02172,-0.0,-0.0,-0.01577,0.07076,7.29,6.82,6.82,7.04
1039,17.3167,7.0,29.725,0.0,0.8051,0.47,-3.68,0.45,6.621,0.04214,0.02078,-0.0,-0.0,-0.02041,0.07006,6.0,6.95,7.03,6.5
1040,17.3333,7.0,29.735,-0.001,0.8111,1.07,-4.02,0.81,6.651,0.03055,0.00992,-0.0,-0.0,-0.0325,0.07055,7.05,6.49,6.48,6.58
1041,17.35,7.0,29.744,-0.005,0.8154,1.49,-4.5,0.93,6.942,0.02887,-0.00426,0.0,0.0,-0.03438,0.07075,7.36,6.91,6.77,6.73
1042,17.3667,7.0,29.753,-0.008,0.8201,1.71,-4.88,0.96,6.148,0.03723,-0.00968,0.0,0.0,-0.0323,0.07704,6.08,6.8,6.74,4.96
1043,17.3833,7.0,29.762,-0.01,0.8249,1.84,-5.25,1.0,6.815,0.04133,-0.0123,0.0,0.0,-0.03151,0.08034,8.36,6.91,6.95,5.04
1044,17.4,7.0,29.773,-0.012,0.8285,1.92,-5.68,1.04,6.84,0.04585,-0.01285,0.0,0.0,-0.03129,0.08465,8.13,6.93,6.91,5.39
1045,17.4167,7.0,29.784,-0.012,0.8309,1.96,-6.15,1.07,6.797,0.04911,-0.00964,0.0,0.0,-0.03119,0.08781,7.54,6.88,6.87,5.91
1046,17.4333,7.0,29.796,-0.012,0.8319,1.98,-6.67,1.07,6.73,0.0515,0.00114,-0.0,-0.0,-0.03106,0.09006,6.79,6.87,6.86,6.4
1047,17.45,7.0,29.809,-0.011,0.8357,1.63,-6.9,1.1,6.519,0.05937,0.03065,-0.0,-0.0,-0.02847,0.09535,6.53,6.84,6.86,5.84
1048,17.4667,7.0,29.822,-0.01,0.8367,1.36,-7.29,1.09,6.761,0.06132,0.06035,-0.0,-0.0,-0.02763,0.09645,6.64,6.92,6.93,6.56
1049,17.4833,7.0,29.836,-0.008,0.8361,1.09,-7.73,1.08,6.923,0.06295,0.07956,-0.0,-0.0,-0.0275,0.09795,7.0,6.81,6.85,7.02
1050,17.5,7.0,29.849,-0.006,0.8346,0.87,-8.24,1.05,7.121,0.06218,0.09145,-0.0,-0.0,-0.02861,0.0983,7.67,6.76,6.81,7.24
1051,17.5167,7.0,29.863,-0.003,0.8379,0.26,-8.45,1.03,6.739,0.07174,0.10711,-0.0,-0.0,-0.02383,0.10307,7.19,6.49,6.77,6.51
1052,17.5333,7.0,29.877,0.0,0.8385,0.28,-8.48,1.14,6.439,0.06598,0.11161,-0.0,-0.0,-0.02931,0.1028,6.99,4.89,6.9,6.98
1053,17.55,7.0,29.891,0.002,0.8381,0.43,-8.45,1.29,6.56,0.06174,0.10875,-0.0,-0.0,-0.03352,0.10276,7.02,5.26,6.98,6.98
1054,17.5667,7.0,29.906,0.004,0.8377,0.35,-8.37,1.31,7.445,0.05996,0.0963,-0.0,-0.0,-0.03585,0.10332,7.65,8.78,6.87,6.48
1055,17.5833,7.0,29.922,0.004,0.8382,0.11,-8.6,1.24,6.818,0.06163,0.08507,-0.0,-0.0,-0.03543,0.10457,6.9,6.99,6.97,6.42
1056,17.6,7.0,29.937,0.005,0.8381,0.32,-8.47,1.2,6.649,0.0568,0.06854,-0.0,-0.0,-0.04,0.10431,7.02,5.57,7.0,7.01
1057,17.6167,7.0,29.953,0.005,0.8363,0.58,-8.36,1.19,6.363,0.05333,0.05121,-0.0,-0.0,-0.04327,0.1041,5.1,6.47,6.94,6.94
1058,17.6333,7.0,29.969,0.004,0.8381,0.56,-8.24,1.13,6.642,0.05839,0.03134,-0.0,-0.0,-0.04045,0.10634,6.71,6.95,6.95,5.95
1059,17.65,7.0,29.985,0.004,0.8377,0.52,-8.24,1.1,6.801,0.05947,0.02088,-0.0,-0.0,-0.04041,0.10739,6.98,6.97,6.96,6.29
1060,17.6667,7.0,30.002,0.005,0.8354,0.61,-8.16,1.07,6.378,0.05802,0.01456,-0.0,-0.0,-0.04183,0.10735,6.86,5.78,7.02,5.85
1061,17.6833,7.0,30.018,0.004,0.8382,0.69,-8.08,1.05,6.68,0.05995,0.0128,-0.0,-0.0,-0.04123,0.10869,6.76,6.94,6.97,6.05
1062,17.7,7.0,30.034,0.004,0.8384,0.69,-8.09,1.03,6.819,0.06069,0.0103,-0.0,-0.0,-0.04122,0.10942,6.99,6.98,6.96,6.34
1063,17.7167,7.0,30.051,0.004,0.8365,0.62,-8.12,0.99,6.897,0.06419,0.01666,-0.0,-0.0,-0.04029,0.11198,7.23,6.97,6.98,6.41
1064,17.7333,7.0,30.067,0.004,0.8355,0.78,-8.34,0.96,6.728,0.05979,0.02131,-0.0,-0.0,-0.04349,0.11079,6.12,6.8,7.06,6.94
1065,17.75,7.0,30.083,0.005,0.8382,0.61,-8.17,0.94,6.706,0.06626,0.02685,-0.0,-0.0,-0.04054,0.1143,6.82,6.96,6.99,6.05
1066,17.7667,7.0,30.098,0.005,0.8402,0.33,-8.01,0.82,6.15,0.07424,0.03882,-0.0,-0.0,-0.0339,0.11565,4.95,7.06,7.11,5.47
1067,17.7833,7.0,30.111,0.006,0.8442,0.42,-7.31,0.81,6.247,0.07063,0.04713,-0.0,-0.0,-0.03655,0.11468,6.8,4.73,6.81,6.65
1068,17.8,7.0,30.125,0.006,0.8495,0.54,-6.78,0.8,5.948,0.06624,0.04794,-0.0,-0.0,-0.03821,0.11196,6.84,5.76,6.66,4.53
1069,17.8167,7.0,30.139,0.006,0.8532,0.82,-6.36,0.81,6.549,0.06409,0.04568,-0.0,-0.0,-0.03997,0.11156,6.92,5.49,6.85,6.93
1070,17.8333,7.0,30.155,0.005,0.8561,0.95,-5.9,0.84,6.213,0.06523,0.04127,-0.0,-0.0,-0.03857,0.11131,6.93,6.32,6.86,4.73
1071,17.85,7.0,30.171,0.004,0.8583,1.08,-5.45,0.85,6.012,0.06675,0.04347,-0.0,-0.0,-0.03681,0.11106,6.86,5.8,6.89,4.5
1072,17.8667,7.0,30.188,0.004,0.8594,1.19,-5.04,0.84,5.879,0.06757,0.03959,-0.0,-0.0,-0.03596,0.11103,4.27,6.84,6.87,5.54
1073,17.8833,7.0,30.205,0.003,0.8598,1.31,-4.73,0.79,6.595,0.06747,0.02788,-0.0,-0.0,-0.03551,0.11049,6.93,6.5,6.93,6.01
1074,17.9,7.0,30.22,0.002,0.8619,1.82,-4.57,1.18,5.891,0.05808,0.01162,-0.0,-0.0,-0.04682,0.1124,4.73,7.05,6.99,4.79
1075,17.9167,7.0,30.228,-0.003,0.8674,2.47,-4.71,1.61,4.401,0.05591,-0.00039,0.0,0.0,-0.05574,0.11916,5.98,6.37,-2.21,7.47
1076,17.9333,7.0,30.235,-0.007,0.8741,2.83,-5.22,1.67,6.896,0.06436,-7e-05,0.0,0.0,-0.05365,0.12551,8.26,6.87,8.25,4.21
1077,17.95,7.0,30.244,-0.01,0.8797,3.14,-5.7,1.68,6.694,0.06809,0.00288,-0.0,-0.0,-0.05329,0.12888,6.52,6.83,9.37,4.05
1078,17.9667,7.0,30.253,-0.013,0.8844,3.42,-6.21,1.68,8.501,0.07288,0.00883,-0.0,-0.0,-0.05247,0.13285,7.12,6.83,14.56,5.49
1079,17.9833,7.0,30.263,-0.014,0.8876,3.64,-6.73,1.74,6.402,0.07749,0.01798,-0.0,-0.0,-0.05249,0.13748,4.82,6.76,8.22,5.8
1080,18.0,7.0,30.274,-0.015,0.8896,3.87,-7.29,1.75,6.714,0.07987,0.02857,-0.0,-0.0,-0.05322,0.14059,7.06,6.84,6.84,6.12
1081,18.0167,7.0,30.285,-0.016,0.8949,3.68,-7.48,1.79,6.061,0.08857,0.0565,-0.0,-0.0,-0.05115,0.14723,5.51,6.78,6.74,5.21
1082,18.0333,7.0,30.297,-0.015,0.8976,3.6,-7.91,1.78,6.849,0.09102,0.08583,-0.0,-0.0,-0.05037,0.1489,7.17,6.97,7.0,6.26
1083,18.05,7.0,30.31,-0.014,0.8986,3.51,-8.36,1.76,6.775,0.09393,0.10595,-0.0,-0.0,-0.05024,0.15167,6.91,6.88,6.92,6.39
1084,18.0667,7.0,30.323,-0.013,0.8982,3.41,-8.83,1.71,6.813,0.09608,0.12202,-0.0,-0.0,-0.05015,0.15373,6.85,6.86,6.9,6.64
1085,18.0833,7.0,30.336,-0.011,0.901,2.94,-8.99,1.69,6.414,0.10483,0.14025,-0.0,-0.0,-0.0469,0.15923,6.61,6.85,6.86,5.33
1086,18.1,7.0,30.35,-0.009,0.9015,2.62,-9.36,1.67,6.907,0.10483,0.15155,-0.0,-0.0,-0.0477,0.16004,6.81,6.91,6.95,6.95
1087,18.1167,7.0,30.364,-0.006,0.9008,2.35,-9.83,1.63,6.864,0.10571,0.15994,-0.0,-0.0,-0.04829,0.1615,6.99,6.79,6.86,6.82
1088,18.1333,7.0,30.377,-0.004,0.8984,2.1,-10.27,1.55,6.878,0.10702,0.15972,-0.0,-0.0,-0.04814,0.16266,6.92,6.84,6.87,6.89
1089,18.15,7.0,30.392,-0.0,0.9006,1.41,-10.32,1.52,5.107,0.11812,0.16842,-0.0,-0.0,-0.04301,0.16863,7.04,1.55,6.56,5.28
1090,18.1667,7.0,30.406,0.003,0.9002,1.32,-10.36,1.47,6.507,0.11045,0.16521,-0.0,-0.0,-0.04996,0.16791,7.1,7.48,6.66,4.78
1091,18.1833,7.0,30.421,0.005,0.9006,1.49,-10.54,1.44,6.246,0.10359,0.15311,-0.0,-0.0,-0.05636,0.16745,6.01,5.18,6.95,6.85
1092,18.2,7.0,30.437,0.006,0.9015,1.42,-10.42,1.43,6.375,0.10531,0.13522,-0.0,-0.0,-0.05568,0.16849,5.76,6.05,6.95,6.74
1093,18.2167,7.0,30.453,0.007,0.9009,1.41,-10.31,1.41,6.694,0.10649,0.1207,-0.0,-0.0,-0.056,0.16999,6.99,6.85,7.01,5.93
1094,18.2333,7.0,30.469,0.007,0.9013,1.55,-10.5,1.39,7.02,0.10497,0.10546,-0.0,-0.0,-0.05792,0.1704,7.15,6.99,6.98,6.96
1095,18.25,7.0,30.485,0.007,0.8999,1.8,-10.57,1.37,6.426,0.10173,0.08737,-0.0,-0.0,-0.06102,0.17025,7.0,5.45,7.0,6.26
1096,18.2667,7.0,30.502,0.007,0.901,1.63,-10.17,1.41,6.993,0.1102,0.06874,-0.0,-0.0,-0.05876,0.17646,9.07,6.91,6.92,5.07
1097,18.2833,7.0,30.518,0.007,0.9017,1.73,-10.21,1.4,6.991,0.10909,0.05909,-0.0,-0.0,-0.06007,0.17666,6.98,6.97,6.99,7.02
1098,18.3,7.0,30.535,0.007,0.901,1.85,-10.36,1.34,6.894,0.11076,0.05937,-0.0,-0.0,-0.05987,0.17813,6.97,6.97,6.97,6.66
1099,18.3167,7.0,30.551,0.007,0.9013,1.67,-10.25,1.27,6.421,0.11901,0.06634,-0.0,-0.0,-0.05547,0.18198,6.6,6.99,6.98,5.11
1100,18.3333,7.0,30.567,0.007,0.9003,1.51,-10.18,1.21,6.74,0.1211,0.07341,-0.0,-0.0,-0.05492,0.18352,6.23,7.32,6.99,6.41
1101,18.35,7.0,30.581,0.008,0.9055,1.56,-9.96,1.02,4.551,0.12068,0.08076,-0.0,-0.0,-0.05341,0.1816,0.87,4.38,7.03,5.92
1102,18.3667,7.0,30.593,0.008,0.9106,1.6,-9.29,1.16,16.185,0.12113,0.09102,-0.0,-0.0,-0.05241,0.18104,25.56,6.66,7.02,25.51
1103,18.3833,7.0,30.606,0.007,0.9142,1.79,-8.58,1.41,8.082,0.12051,0.09071,-0.0,-0.0,-0.05228,0.1803,6.49,7.83,6.73,11.27
1104,18.4,7.0,30.618,0.007,0.9174,1.9,-7.98,1.48,9.921,0.11909,0.09011,-0.0,-0.0,-0.05199,0.17858,22.73,4.88,6.92,5.15
1105,18.4167,7.0,30.632,0.006,0.9211,2.13,-7.48,1.45,6.974,0.11701,0.08572,-0.0,-0.0,-0.05238,0.17689,7.16,5.06,6.67,9.0
1106,18.4333,7.0,30.647,0.005,0.9241,2.34,-7.0,1.44,6.427,0.1169,0.07327,-0.0,-0.0,-0.05136,0.17577,6.87,5.34,6.84,6.66
1107,18.45,7.0,30.662,0.004,0.9263,2.53,-6.55,1.43,6.226,0.11729,0.06056,-0.0,-0.0,-0.05005,0.17485,7.04,5.52,6.88,5.47
1108,18.4667,7.0,30.679,0.003,0.928,2.74,-6.17,1.38,6.47,0.11722,0.04973,-0.0,-0.0,-0.0492,0.17392,6.63,6.47,6.9,5.88
1109,18.4833,7.0,30.696,0.002,0.9289,2.93,-5.87,1.32,6.682,0.11772,0.04024,-0.0,-0.0,-0.04843,0.17365,6.93,6.49,6.97,6.33
1110,18.5,7.0,30.713,0.001,0.9302,3.08,-5.64,1.33,6.734,0.11922,0.03409,-0.0,-0.0,-0.04809,0.17482,6.48,6.94,6.97,6.54
1111,18.5167,7.0,30.731,-0.0,0.931,3.18,-5.52,1.33,6.694,0.12037,0.03132,-0.0,-0.0,-0.04785,0.17573,6.26,6.97,6.89,6.66
1112,18.5333,7.0,30.742,-0.002,0.9362,3.93,-5.78,1.8,6.772,0.10797,0.01827,-0.0,-0.0,-0.06243,0.1779,7.29,6.95,6.91,5.94
1113,18.55,7.0,30.753,-0.006,0.9399,4.47,-6.17,1.96,6.705,0.10738,0.00628,-0.0,-0.0,-0.06309,0.17797,6.61,6.88,6.68,6.66
1114,18.5667,7.0,30.763,-0.009,0.9452,4.78,-6.43,2.09,6.042,0.11354,0.00168,-0.0,-0.0,-0.06293,0.18397,6.64,7.07,4.28,6.17
1115,18.5833,7.0,30.775,-0.012,0.9498,5.17,-6.74,1.98,7.0,0.11565,-0.00014,0.0,0.0,-0.06025,0.1834,7.27,7.01,7.71,6.01
1116,18.6,7.0,30.787,-0.014,0.9527,5.43,-7.07,1.9,5.596,0.1189,0.00109,-0.0,-0.0,-0.06039,0.18679,4.44,6.88,5.65,5.42
1117,18.6167,7.0,30.8,-0.016,0.9545,5.72,-7.4,1.75,6.271,0.12196,0.00377,-0.0,-0.0,-0.05785,0.18732,6.61,6.76,5.76,5.96
1118,18.6333,7.0,30.814,-0.017,0.9548,6.05,-7.74,1.67,6.447,0.12274,0.00576,-0.0,-0.0,-0.05748,0.18772,6.74,6.74,5.92,6.39
1119,18.65,7.0,30.828,-0.017,0.9588,5.84,-7.65,1.65,9.157,0.13428,0.03213,-0.0,-0.0,-0.0529,0.19468,17.23,6.9,6.89,5.61
1120,18.6667,7.0,30.843,-0.017,0.9594,5.78,-7.81,1.52,6.827,0.13576,0.05746,-0.0,-0.0,-0.05152,0.19478,7.09,6.82,7.14,6.25
1121,18.6833,7.0,30.858,-0.016,0.959,5.72,-8.12,1.42,7.414,0.1391,0.07686,-0.0,-0.0,-0.04986,0.19647,7.87,7.02,7.17,7.59
1122,18.7,7.0,30.872,-0.015,0.9608,5.37,-8.31,1.4,6.761,0.14598,0.09883,-0.0,-0.0,-0.04652,0.2,6.48,6.77,6.88,6.92
1123,18.7167,7.0,30.887,-0.013,0.9607,5.05,-8.52,1.34,6.475,0.14907,0.11801,-0.0,-0.0,-0.04595,0.20253,5.77,6.92,6.94,6.27
1124,18.7333,7.0,30.901,-0.01,0.9591,4.72,-8.74,1.31,6.94,0.15007,0.13276,-0.0,-0.0,-0.04565,0.20322,6.91,6.9,6.97,6.99
1125,18.75,7.0,30.915,-0.008,0.9597,4.4,-9.08,1.33,6.009,0.15156,0.14647,-0.0,-0.0,-0.04668,0.20574,6.28,7.06,7.09,3.61
1126,18.7667,7.0,30.929,-0.005,0.9603,4.03,-9.31,1.23,7.327,0.1546,0.1498,-0.0,-0.0,-0.04615,0.20826,8.34,6.91,6.86,7.19
1127,18.7833,7.0,30.943,-0.002,0.9594,3.59,-9.55,1.15,6.651,0.15736,0.15404,-0.0,-0.0,-0.04543,0.21029,6.7,6.84,6.82,6.24
1128,18.8,7.0,30.958,0.002,0.9578,3.19,-9.87,1.12,8.004,0.15793,0.15491,-0.0,-0.0,-0.04669,0.21212,7.75,9.88,6.5,7.89
1129,18.8167,7.0,30.972,0.005,0.9583,3.29,-10.09,1.28,6.519,0.15254,0.14308,-0.0,-0.0,-0.05135,0.2114,6.8,5.38,6.95,6.95
1130,18.8333,7.0,30.987,0.008,0.9593,2.91,-10.08,1.37,7.208,0.15468,0.13167,-0.0,-0.0,-0.05309,0.21528,8.09,6.9,6.98,6.86
1131,18.85,7.0,31.002,0.01,0.9595,3.05,-10.01,1.43,6.58,0.14924,0.11502,-0.0,-0.0,-0.0583,0.21504,6.98,5.38,6.99,6.98
1132,18.8667,7.0,31.017,0.011,0.9583,3.26,-9.93,1.53,6.62,0.14594,0.09545,-0.0,-0.0,-0.06156,0.215,6.46,5.96,7.03,7.03
1133,18.8833,7.0,31.033,0.012,0.959,3.2,-9.9,1.57,6.576,0.14845,0.07767,-0.0,-0.0,-0.06209,0.21804,6.49,6.99,6.82,6.01
1134,18.9,7.0,31.049,0.012,0.9587,3.09,-9.92,1.53,6.639,0.15155,0.06237,-0.0,-0.0,-0.06213,0.22118,6.74,6.98,6.92,5.92
1135,18.9167,7.0,31.065,0.013,0.9581,3.26,-9.9,1.5,6.891,0.14709,0.04374,-0.0,-0.0,-0.06592,0.22052,7.0,7.01,6.9,6.65
1136,18.9333,7.0,31.077,0.013,0.9649,3.12,-9.2,1.17,5.884,0.15388,0.03987,-0.0,-0.0,-0.05648,0.21786,4.65,6.63,6.87,5.39
1137,18.95,7.0,31.089,0.014,0.9708,3.2,-8.55,1.1,10.75,0.15187,0.03219,-0.0,-0.0,-0.05689,0.21626,8.78,5.0,7.24,21.99
1138,18.9667,7.0,31.1,0.013,0.975,3.36,-7.84,1.14,6.828,0.1504,0.02951,-0.0,-0.0,-0.05695,0.21485,6.54,6.02,6.69,8.06
1139,18.9833,7.0,31.112,0.013,0.9784,3.65,-7.21,1.17,18.977,0.14762,0.0277,-0.0,-0.0,-0.05788,0.21301,28.42,10.3,7.6,29.58
1140,19.0,7.0,31.124,0.011,0.981,3.98,-6.67,1.13,11.011,0.14676,0.02263,-0.0,-0.0,-0.05695,0.21122,16.25,15.15,6.81,5.83
1141,19.0167,7.0,31.137,0.009,0.983,4.35,-6.16,1.09,10.835,0.14676,0.01499,-0.0,-0.0,-0.05664,0.2109,6.97,30.52,6.95,-1.09
1142,19.0333,7.0,31.149,0.007,0.9841,4.49,-5.59,1.06,1.663,0.1522,0.01845,-0.0,-0.0,-0.05208,0.21178,7.88,-5.98,6.54,-1.8
1143,19.05,7.0,31.163,0.005,0.9876,4.72,-5.22,1.07,8.667,0.15292,0.01525,-0.0,-0.0,-0.05038,0.21081,12.71,5.49,6.78,9.68
1144,19.0667,7.0,31.179,0.003,0.9903,4.92,-4.93,1.06,6.226,0.15487,0.01651,-0.0,-0.0,-0.04774,0.21012,7.06,5.83,6.8,5.21
1145,19.0833,7.0,31.195,0.001,0.9921,5.11,-4.68,1.08,6.683,0.15955,0.02394,-0.0,-0.0,-0.04466,0.21171,7.12,6.37,6.79,6.46
1146,19.1,7.0,31.212,0.0,0.993,5.29,-4.54,1.16,6.84,0.16235,0.03622,-0.0,-0.0,-0.04383,0.21369,6.9,7.05,6.96,6.45
1147,19.1167,7.0,31.229,-0.001,0.9921,5.46,-4.38,1.22,8.124,0.16415,0.04976,-0.0,-0.0,-0.04264,0.21429,6.92,11.32,7.0,7.26
1148,19.1333,7.0,31.246,-0.002,0.9945,5.48,-4.48,1.17,6.794,0.17251,0.07028,-0.0,-0.0,-0.03786,0.21787,6.82,6.66,6.68,7.01
1149,19.15,7.0,31.262,-0.004,0.9954,5.55,-4.52,1.11,5.936,0.1775,0.08787,-0.0,-0.0,-0.03544,0.22044,7.45,7.99,-1.94,10.25
1150,19.1667,7.0,31.276,-0.005,0.9984,5.56,-4.95,0.82,7.277,0.18299,0.10825,-0.0,-0.0,-0.035,0.2255,6.92,7.5,7.88,6.81
1151,19.1833,7.0,31.289,-0.007,0.9998,5.59,-5.43,0.69,6.16,0.18801,0.12935,-0.0,-0.0,-0.0321,0.22761,6.88,6.73,6.73,4.29
1152,19.2,7.0,31.301,-0.008,1.0027,5.51,-5.69,0.75,5.961,0.19152,0.14671,-0.0,-0.0,-0.02864,0.22767,6.97,4.66,6.99,5.23
1153,19.2167,7.0,31.313,-0.009,1.0044,5.62,-5.79,0.65,6.886,0.1906,0.15816,-0.0,-0.0,-0.02943,0.22753,6.99,7.51,7.0,6.05
1154,19.2333,7.0,31.327,-0.01,1.0048,5.75,-5.91,0.57,6.666,0.18996,0.16572,-0.0,-0.0,-0.03001,0.22747,6.94,6.06,6.99,6.67
1155,19.25,7.0,31.341,-0.012,1.0045,5.76,-6.01,0.57,8.22,0.1948,0.16876,-0.0,-0.0,-0.02754,0.22984,7.53,11.62,7.15,6.58
1156,19.2667,7.0,31.356,-0.013,1.0049,5.61,-6.01,0.57,8.35,0.20453,0.17631,-0.0,-0.0,-0.02259,0.23462,5.8,10.08,7.49,10.03
1157,19.2833,7.0,31.37,-0.013,1.0054,5.69,-5.99,0.55,6.874,0.20623,0.17905,-0.0,-0.0,-0.02284,0.23658,5.82,7.92,6.9,6.85
1158,19.3,7.0,31.386,-0.014,1.0055,5.77,-6.11,0.55,6.754,0.20648,0.17657,-0.0,-0.0,-0.02317,0.23716,6.33,6.66,6.97,7.06
1159,19.3167,7.0,31.401,-0.015,1.0067,5.65,-6.04,0.61,6.504,0.21605,0.1806,-0.0,-0.0,-0.01958,0.24313,5.68,6.99,6.99,6.36
1160,19.3333,7.0,31.417,-0.015,1.0064,5.57,-5.95,0.63,6.135,0.22094,0.19014,-0.0,-0.0,-0.01792,0.24636,4.39,6.78,6.89,6.48
1161,19.35,7.0,31.433,-0.015,1.0069,5.64,-6.03,0.69,6.874,0.22291,0.20122,-0.0,-0.0,-0.01902,0.24944,6.69,7.12,6.97,6.71
1162,19.3667,7.0,31.449,-0.015,1.0057,5.76,-6.13,0.65,6.726,0.22414,0.20725,-0.0,-0.0,-0.01986,0.2515,6.98,6.44,6.97,6.51
1163,19.3833,7.0,31.466,-0.016,1.0051,5.65,-5.96,0.66,5.792,0.23266,0.21131,-0.0,-0.0,-0.01626,0.25642,4.13,6.55,7.07,5.41
1164,19.4,7.0,31.482,-0.017,1.0062,5.82,-5.98,0.66,6.848,0.23299,0.21347,-0.0,-0.0,-0.01659,0.25708,6.56,6.99,6.98,6.87
1165,19.4167,7.0,31.498,-0.018,1.0063,5.88,-5.97,0.67,6.693,0.23834,0.22063,-0.0,-0.0,-0.01516,0.26101,6.29,6.95,6.94,6.59
1166,19.4333,7.0,31.515,-0.019,1.0052,5.95,-5.94,0.67,6.793,0.242,0.22085,-0.0,-0.0,-0.01523,0.26473,6.98,6.98,6.94,6.28
1167,19.45,7.0,31.532,-0.02,1.0032,5.87,-5.73,0.67,6.004,0.25127,0.22554,-0.0,-0.0,-0.01119,0.26996,4.68,6.11,6.89,6.33
1168,19.4667,7.0,31.548,-0.021,1.0052,6.19,-5.87,0.75,6.809,0.24926,0.22558,-0.0,-0.0,-0.01455,0.27131,6.37,6.94,6.97,6.96
1169,19.4833,7.0,31.565,-0.022,1.0038,6.39,-5.93,0.7,6.919,0.25067,0.2258,-0.0,-0.0,-0.01451,0.27268,6.9,6.91,6.83,7.04
1170,19.5,7.0,31.582,-0.023,1.0031,6.31,-5.73,0.79,6.204,0.26218,0.22908,-0.0,-0.0,-0.01009,0.27978,5.77,6.96,5.69,6.4
1171,19.5167,7.0,31.599,-0.024,1.0013,6.29,-5.56,0.85,6.971,0.26806,0.23766,-0.0,-0.0,-0.00955,0.28511,7.11,6.93,7.04,6.8
1172,19.5333,7.0,31.612,-0.026,1.0087,6.31,-5.32,0.77,5.686,0.27232,0.24409,-0.0,-0.0,-0.00374,0.28357,3.27,6.24,6.98,6.26
1173,19.55,7.0,31.626,-0.027,1.0139,6.22,-4.83,0.79,7.096,0.27313,0.24681,-0.0,-0.0,-0.00218,0.28281,6.83,6.48,6.97,8.11
1174,19.5667,7.0,31.639,-0.028,1.0173,6.54,-4.26,0.77,6.756,0.26988,0.23634,-0.0,-0.0,-0.00489,0.28227,6.82,5.45,6.66,8.08
1175,19.5833,7.0,31.653,-0.029,1.0199,6.77,-3.71,0.85,11.861,0.26916,0.22845,-0.0,-0.0,-0.00432,0.28099,6.42,6.31,22.8,11.92
1176,19.6,7.0,31.667,-0.031,1.0238,6.9,-3.38,1.02,7.178,0.27131,0.22227,-0.0,-0.0,-0.00161,0.28042,6.65,6.25,9.86,5.95
1177,19.6167,7.0,31.682,-0.033,1.0264,7.05,-3.04,1.2,6.713,0.27285,0.20657,-0.0,-0.0,-0.00022,0.28058,6.86,7.61,6.85,5.53
1178,19.6333,7.0,31.698,-0.034,1.0278,7.25,-2.7,1.32,6.691,0.27444,0.18834,-0.0,-0.0,0.00128,0.28066,6.91,7.36,6.94,5.56
1179,19.65,7.0,31.714,-0.036,1.0309,7.38,-2.67,1.27,6.805,0.27898,0.17259,-0.0,-0.0,0.00333,0.28316,6.92,6.95,6.4,6.95
1180,19.6667,7.0,31.73,-0.037,1.0314,7.62,-2.65,1.26,6.707,0.27972,0.15866,-0.0,-0.0,0.00395,0.28327,6.88,6.71,6.92,6.33
1181,19.6833,7.0,31.747,-0.039,1.0311,7.76,-2.36,1.31,5.997,0.2834,0.15353,-0.0,-0.0,0.00519,0.28571,6.87,4.48,7.01,5.63
1182,19.7,7.0,31.763,-0.041,1.0322,7.87,-2.49,1.18,7.108,0.29156,0.15815,-0.0,-0.0,0.0083,0.29076,6.88,7.15,7.15,7.25
1183,19.7167,7.0,31.779,-0.043,1.0314,7.99,-2.66,1.1,6.93,0.29264,0.16111,-0.0,-0.0,0.00837,0.29178,6.94,6.92,6.98,6.88
1184,19.7333,7.0,31.795,-0.045,1.0299,7.85,-2.4,0.97,6.259,0.3001,0.16979,-0.0,-0.0,0.01335,0.29425,7.07,6.04,7.02,4.9
1185,19.75,7.0,31.811,-0.047,1.0299,7.88,-2.28,1.01,7.254,0.31216,0.18821,-0.0,-0.0,0.01933,0.30033,6.86,7.02,7.69,7.45
1186,19.7667,7.0,31.827,-0.048,1.0303,7.98,-2.47,0.92,6.749,0.31427,0.20192,-0.0,-0.0,0.01937,0.3024,6.95,6.4,6.99,6.65
1187,19.7833,7.0,31.844,-0.049,1.0287,8.03,-2.59,0.78,6.839,0.31655,0.21558,-0.0,-0.0,0.01923,0.30482,7.0,7.0,7.01,6.35
1188,19.8,7.0,31.859,-0.05,1.0274,7.95,-2.05,0.5,6.075,0.31202,0.21914,-0.0,-0.0,0.01821,0.30132,7.06,5.35,7.11,4.78
1189,19.8167,7.0,31.874,-0.052,1.028,8.03,-2.09,0.53,6.207,0.31935,0.22144,-0.0,-0.0,0.02204,0.30482,6.7,6.86,6.21,5.05
1190,19.8333,7.0,31.89,-0.054,1.0271,8.09,-2.13,0.37,6.873,0.32136,0.2244,-0.0,-0.0,0.023,0.30586,6.97,6.82,6.97,6.73
1191,19.85,7.0,31.906,-0.056,1.0247,7.96,-2.03,0.19,5.294,0.32935,0.22756,-0.0,-0.0,0.02732,0.30953,3.36,6.79,6.84,4.19
1192,19.8667,7.0,31.922,-0.058,1.0256,8.09,-1.86,0.27,8.073,0.33347,0.22218,-0.0,-0.0,0.02987,0.31111,12.07,6.16,6.91,7.15
1193,19.8833,7.0,31.938,-0.059,1.0254,8.11,-1.87,0.3,6.909,0.33799,0.21992,-0.0,-0.0,0.03215,0.31335,6.95,6.55,7.07,7.06
1194,19.9,7.0,31.955,-0.059,1.0243,8.11,-2.0,0.27,7.199,0.34348,0.22123,-0.0,-0.0,0.03428,0.3167,7.0,7.45,7.08,7.28
1195,19.9167,7.0,31.971,-0.06,1.0223,8.2,-2.2,0.23,6.614,0.34681,0.23047,-0.0,-0.0,0.03533,0.31899,5.53,8.19,6.92,5.83
1196,19.9333,7.0,31.987,-0.061,1.0247,8.2,-1.83,0.23,7.45,0.35086,0.23522,-0.0,-0.0,0.03779,0.32057,8.98,6.61,7.16,7.04
1197,19.95,7.0,32.004,-0.062,1.0242,8.3,-1.86,0.27,6.592,0.35397,0.24054,-0.0,-0.0,0.038,0.32348,7.0,6.96,5.9,6.51
1198,19.9667,7.0,32.021,-0.062,1.0221,8.51,-1.82,0.25,6.491,0.35516,0.23822,-0.0,-0.0,0.0356,0.32706,7.18,5.23,6.3,7.26
1199,19.9833,7.0,32.037,-0.064,1.0238,8.45,-1.79,0.17,6.876,0.36624,0.24334,-0.0,-0.0,0.04157,0.33217,7.11,6.79,6.89,6.72
1200,20.0,7.0,32.054,-0.065,1.0235,8.41,-1.79,0.09,6.729,0.36796,0.24496,-0.0,-0.0,0.04206,0.3334,6.95,6.96,6.95,6.05
1201,20.0167,7.0,32.07,-0.066,1.0213,8.45,-1.71,0.03,6.621,0.36777,0.24055,-0.0,-0.0,0.04168,0.33359,6.94,5.27,7.01,7.26
1202,20.0333,7.0,32.086,-0.067,1.0227,8.75,-1.61,0.04,6.033,0.37035,0.23589,-0.0,-0.0,0.042,0.33586,4.79,6.86,6.62,5.86
1203,20.05,7.0,32.102,-0.069,1.0229,8.78,-1.64,-0.06,6.695,0.37692,0.2344,-0.0,-0.0,0.04323,0.3412,6.74,6.77,6.6,6.66
1204,20.0667,7.0,32.119,-0.07,1.0214,8.76,-1.65,-0.14,6.96,0.37899,0.232,-0.0,-0.0,0.04353,0.34296,6.99,6.99,6.98,6.89
1205,20.0833,7.0,32.135,-0.072,1.0184,8.72,-1.48,-0.21,5.847,0.38498,0.23483,-0.0,-0.0,0.04397,0.34851,7.22,5.61,3.54,7.02
1206,20.1,7.0,32.151,-0.074,1.0215,9.04,-1.57,-0.22,6.817,0.38997,0.23106,-0.0,-0.0,0.04436,0.35311,7.01,6.94,6.19,7.13
1207,20.1167,7.0,32.166,-0.076,1.0243,8.85,-1.26,-0.18,6.01,0.39733,0.23355,-0.0,-0.0,0.05179,0.35304,3.83,6.87,6.93,6.41
1208,20.1333,7.0,32.181,-0.077,1.027,8.83,-0.85,-0.09,6.38,0.39747,0.23607,-0.0,-0.0,0.05382,0.35115,6.86,5.06,6.95,6.65
1209,20.15,7.0,32.197,-0.08,1.0298,8.87,-0.57,0.01,6.57,0.39878,0.23698,-0.0,-0.0,0.05622,0.35006,5.81,6.88,6.88,6.71
1210,20.1667,7.0,32.213,-0.082,1.0315,8.91,-0.35,0.06,6.722,0.40142,0.23374,-0.0,-0.0,0.05892,0.35,6.96,6.98,6.99,5.95
1211,20.1833,7.0,32.229,-0.084,1.0315,8.98,-0.11,0.06,6.611,0.40409,0.23151,-0.0,-0.0,0.0607,0.35089,6.99,6.64,6.99,5.83
1212,20.2,7.0,32.246,-0.087,1.032,9.12,-0.04,-0.0,6.949,0.41084,0.23032,-0.0,-0.0,0.06222,0.35613,7.21,6.01,7.56,7.02
1213,20.2167,7.0,32.263,-0.089,1.0325,9.08,0.01,-0.13,6.844,0.41522,0.22866,-0.0,-0.0,0.06363,0.3591,6.98,6.96,7.05,6.38
1214,20.2333,7.0,32.279,-0.09,1.0315,9.07,0.09,-0.23,6.888,0.42102,0.22559,-0.0,-0.0,0.06598,0.36254,7.3,6.9,6.3,7.06
1215,20.25,7.0,32.296,-0.092,1.029,9.17,0.17,-0.27,6.839,0.42649,0.22837,-0.0,-0.0,0.06574,0.36825,7.05,5.93,7.35,7.03
1216,20.2667,7.0,32.312,-0.093,1.0306,9.29,0.08,-0.27,6.842,0.43214,0.23527,-0.0,-0.0,0.06732,0.37232,7.12,6.08,7.19,6.98
1217,20.2833,7.0,32.328,-0.094,1.03,9.31,0.12,-0.33,6.703,0.43687,0.24351,-0.0,-0.0,0.06744,0.37694,6.95,6.77,6.58,6.52
1218,20.3,7.0,32.345,-0.095,1.0283,9.24,0.15,-0.42,6.825,0.43867,0.24985,-0.0,-0.0,0.06838,0.37779,6.99,6.83,6.99,6.5
1219,20.3167,7.0,32.361,-0.096,1.0267,8.99,0.05,-0.54,6.897,0.44922,0.25935,-0.0,-0.0,0.07255,0.38417,7.1,5.1,9.28,6.11
1220,20.3333,7.0,32.377,-0.098,1.0294,9.19,0.32,-0.74,6.89,0.45046,0.26447,-0.0,-0.0,0.06984,0.38812,6.83,7.61,6.21,6.91
1221,20.35,7.0,32.394,-0.099,1.0282,9.29,0.19,-0.84,6.83,0.44864,0.26114,-0.0,-0.0,0.06629,0.38985,6.95,6.39,6.97,7.0
1222,20.3667,7.0,32.41,-0.1,1.0265,9.54,0.16,-0.83,6.486,0.449,0.25296,-0.0,-0.0,0.06476,0.39174,6.9,6.19,5.93,6.92
1223,20.3833,7.0,32.425,-0.102,1.0276,9.82,-0.02,-0.86,6.91,0.45123,0.24224,-0.0,-0.0,0.06294,0.3958,6.82,7.07,6.77,6.98
1224,20.4,7.0,32.441,-0.105,1.0281,9.81,0.08,-0.84,6.756,0.45584,0.23268,-0.0,-0.0,0.06323,0.40011,6.93,6.97,6.92,6.19
1225,20.4167,7.0,32.457,-0.107,1.0264,9.83,0.11,-0.9,7.164,0.45917,0.22585,-0.0,-0.0,0.06322,0.40346,7.01,7.01,6.98,7.65
1226,20.4333,7.0,32.472,-0.11,1.0253,9.89,0.06,-1.02,6.184,0.46601,0.21602,-0.0,-0.0,0.06528,0.40824,6.91,4.54,7.94,5.35
1227,20.45,7.0,32.488,-0.112,1.0259,9.69,0.04,-1.07,6.75,0.46977,0.20996,-0.0,-0.0,0.06504,0.41223,6.97,6.97,6.95,6.12
1228,20.4667,7.0,32.503,-0.115,1.0248,9.57,0.09,-1.24,7.019,0.47514,0.21203,-0.0,-0.0,0.06782,0.41483,7.19,6.81,7.02,7.07
1229,20.4833,7.0,32.519,-0.117,1.0234,9.77,0.21,-1.38,6.433,0.47423,0.21254,-0.0,-0.0,0.06426,0.41747,6.93,6.7,5.2,6.91
1230,20.5,7.0,32.535,-0.119,1.0238,9.85,0.07,-1.5,6.94,0.48105,0.2177,-0.0,-0.0,0.06591,0.42265,6.8,5.94,8.91,6.11
1231,20.5167,7.0,32.55,-0.122,1.0229,9.77,0.1,-1.47,6.786,0.4871,0.22373,-0.0,-0.0,0.06573,0.42888,6.93,6.93,6.82,6.47
1232,20.5333,7.0,32.566,-0.124,1.0214,9.85,0.13,-1.46,5.999,0.49247,0.23113,-0.0,-0.0,0.068,0.43197,7.02,6.29,7.08,3.6
1233,20.55,7.0,32.582,-0.126,1.0209,10.08,0.08,-1.44,5.782,0.49732,0.23559,-0.0,-0.0,0.06827,0.43655,6.82,5.94,5.38,4.98
1234,20.5667,7.0,32.597,-0.129,1.0215,9.93,0.05,-1.44,6.737,0.50161,0.24007,-0.0,-0.0,0.06815,0.44096,6.94,6.93,6.89,6.19
1235,20.5833,7.0,32.613,-0.132,1.0202,9.79,0.08,-1.55,6.677,0.50556,0.24255,-0.0,-0.0,0.06797,0.4451,6.96,6.97,6.99,5.78
1236,20.6,7.0,32.629,-0.134,1.0181,9.9,0.15,-1.67,7.587,0.50884,0.24904,-0.0,-0.0,0.06751,0.44883,6.9,7.27,9.18,7.01
1237,20.6167,7.0,32.644,-0.138,1.0188,10.07,0.08,-1.73,7.15,0.51485,0.25392,-0.0,-0.0,0.06859,0.45377,6.9,6.62,8.35,6.73
1238,20.6333,7.0,32.66,-0.141,1.0184,10.11,0.1,-1.78,6.817,0.51946,0.25673,-0.0,-0.0,0.06814,0.45882,6.93,6.93,6.87,6.54
1239,20.65,7.0,32.675,-0.144,1.0165,10.06,0.12,-1.79,6.99,0.52269,0.25701,-0.0,-0.0,0.06825,0.46195,6.96,6.96,7.17,6.87
1240,20.6667,7.0,32.691,-0.147,1.015,10.25,0.1,-1.85,5.436,0.53076,0.26057,-0.0,-0.0,0.06892,0.46934,6.92,5.88,5.44,3.51
1241,20.6833,7.0,32.706,-0.151,1.0156,10.11,0.05,-1.9,6.775,0.53521,0.26386,-0.0,-0.0,0.06883,0.47389,7.0,7.0,6.9,6.21
1242,20.7,7.0,32.721,-0.154,1.0145,9.97,0.05,-2.04,6.726,0.5388,0.26638,-0.0,-0.0,0.06875,0.47755,6.99,7.02,7.03,5.86
1243,20.7167,7.0,32.737,-0.157,1.0121,10.05,0.13,-2.2,5.24,0.54238,0.26892,-0.0,-0.0,0.06881,0.48107,6.91,6.54,4.94,2.58
1244,20.7333,7.0,32.753,-0.16,1.0127,10.27,0.1,-2.18,6.776,0.55085,0.27368,-0.0,-0.0,0.07105,0.4873,6.89,6.74,7.84,5.63
1245,20.75,7.0,32.769,-0.163,1.0118,10.32,0.09,-2.19,6.813,0.55856,0.28105,-0.0,-0.0,0.0709,0.49516,6.93,6.94,6.77,6.61
1246,20.7667,7.0,32.785,-0.166,1.0098,10.27,0.1,-2.17,6.849,0.56281,0.28859,-0.0,-0.0,0.07074,0.49958,6.93,6.94,7.12,6.41
1247,20.7833,7.0,32.801,-0.168,1.0083,10.47,0.19,-1.99,9.044,0.5664,0.29062,-0.0,-0.0,0.07151,0.5024,6.57,17.14,8.76,3.71
1248,20.8,7.0,32.817,-0.168,1.0072,10.37,0.55,-1.74,7.308,0.56288,0.2842,-0.0,-0.0,0.06957,0.50081,6.47,6.61,9.55,6.61
1249,20.8167,7.0,32.833,-0.168,1.0048,10.29,0.86,-1.51,6.866,0.56223,0.27421,-0.0,-0.0,0.06938,0.50036,6.76,6.77,6.79,7.15
1250,20.8333,7.0,32.85,-0.168,1.0007,10.19,1.21,-1.33,6.163,0.5635,0.26302,-0.0,-0.0,0.0715,0.4995,6.78,5.08,6.8,5.99
1251,20.85,7.0,32.867,-0.168,0.9962,10.2,1.82,-1.22,11.53,0.56504,0.24606,-0.0,-0.0,0.07126,0.50129,7.0,26.32,7.17,5.63
1252,20.8667,7.0,32.885,-0.167,0.9953,9.89,1.97,-1.13,7.461,0.56335,0.22146,-0.0,-0.0,0.07133,0.49952,6.63,6.83,8.25,8.12
1253,20.8833,7.0,32.902,-0.165,0.9941,9.74,2.05,-0.98,7.23,0.55952,0.1915,-0.0,-0.0,0.07008,0.49694,6.88,7.49,7.91,6.64
1254,20.9,7.0,32.919,-0.165,0.996,9.76,2.18,-0.93,7.015,0.56124,0.16321,-0.0,-0.0,0.06793,0.50081,6.91,6.89,7.12,7.13
1255,20.9167,7.0,32.936,-0.166,0.9959,9.77,2.06,-0.88,6.992,0.56055,0.14123,-0.0,-0.0,0.06778,0.50028,6.94,7.05,7.03,6.94
1256,20.9333,7.0,32.953,-0.167,0.9946,9.8,2.0,-0.85,6.66,0.56143,0.12346,-0.0,-0.0,0.06793,0.50101,7.08,6.59,6.2,6.78
1257,20.95,7.0,32.969,-0.168,0.9947,9.98,2.05,-0.8,7.274,0.56047,0.10553,-0.0,-0.0,0.06605,0.50193,7.02,7.36,7.67,7.05
1258,20.9667,7.0,32.985,-0.169,0.9954,10.09,1.92,-0.81,6.828,0.55949,0.08715,-0.0,-0.0,0.06658,0.50041,7.2,7.21,6.2,6.7
1259,20.9833,7.0,33.001,-0.171,0.9953,10.04,1.98,-0.83,6.958,0.55988,0.07313,-0.0,-0.0,0.06632,0.50106,6.92,6.89,8.08,5.94
1260,21.0,7.0,33.016,-0.172,0.9938,9.94,2.04,-0.86,5.732,0.56075,0.06562,-0.0,-0.0,0.06808,0.50018,7.11,4.3,4.64,6.88
1261,21.0167,7.0,33.032,-0.173,0.9948,10.06,1.85,-0.88,6.319,0.55881,0.05526,-0.0,-0.0,0.06667,0.49965,6.66,5.95,7.14,5.52
1262,21.0333,7.0,33.047,-0.174,0.9952,9.96,1.92,-0.84,6.829,0.55894,0.04696,-0.0,-0.0,0.06571,0.50073,6.97,6.89,6.81,6.64
1263,21.05,7.0,33.062,-0.174,0.9952,9.81,1.95,-0.74,6.833,0.55871,0.03852,-0.0,-0.0,0.06609,0.50012,6.99,6.97,6.93,6.44
1264,21.0667,7.0,33.078,-0.174,0.9938,9.88,2.01,-0.67,6.935,0.5587,0.03208,-0.0,-0.0,0.06527,0.50093,6.97,7.03,6.79,6.94
1265,21.0833,7.0,33.093,-0.175,0.9947,9.89,1.92,-0.69,6.637,0.55857,0.02729,-0.0,-0.0,0.06589,0.50019,7.02,7.01,6.07,6.45
1266,21.1,7.0,33.108,-0.177,0.9944,9.66,1.96,-0.76,6.857,0.55906,0.02317,-0.0,-0.0,0.06604,0.50052,6.96,6.94,7.62,5.91
1267,21.1167,7.0,33.124,-0.178,0.9927,9.46,2.03,-0.89,7.56,0.55936,0.01896,-0.0,-0.0,0.06617,0.50069,6.87,6.86,10.7,5.81
1268,21.1333,7.0,33.14,-0.18,0.9944,9.55,2.08,-0.95,7.125,0.55652,0.01433,-0.0,-0.0,0.06465,0.49938,6.87,6.76,8.02,6.85
1269,21.15,7.0,33.155,-0.181,0.994,9.67,1.85,-1.0,7.125,0.55687,0.01048,-0.0,-0.0,0.06433,0.50005,6.96,6.98,7.64,6.92
1270,21.1667,7.0,33.171,-0.183,0.9931,9.63,1.86,-1.11,6.695,0.55835,0.00885,-0.0,-0.0,0.06494,0.50091,6.82,6.68,8.09,5.19
1271,21.1833,7.0,33.186,-0.184,0.9912,9.49,1.87,-1.16,6.623,0.55896,0.00805,-0.0,-0.0,0.06451,0.50195,6.99,7.01,9.08,3.42
1272,21.2,7.0,33.201,-0.184,0.9915,9.16,1.78,-1.06,6.644,0.55601,0.00445,-0.0,-0.0,0.06364,0.49987,6.95,6.84,6.2,6.59
1273,21.2167,7.0,33.216,-0.184,0.9913,8.84,1.82,-0.91,7.027,0.55644,0.00122,-0.0,-0.0,0.06365,0.5003,6.94,6.9,7.83,6.44
1274,21.2333,7.0,33.231,-0.183,0.9906,8.79,1.93,-0.81,7.044,0.55481,-0.0036,0.0,0.0,0.06276,0.49955,6.96,5.99,8.31,6.91
1275,21.25,7.0,33.247,-0.184,0.9908,8.91,1.87,-0.72,7.022,0.55436,-0.0054,0.0,0.0,0.06135,0.50052,6.93,6.78,7.42,6.96
1276,21.2667,7.0,33.262,-0.185,0.9917,8.89,1.75,-0.73,7.003,0.55398,-0.00772,0.0,0.0,0.06184,0.49965,7.03,7.09,7.02,6.86
1277,21.2833,7.0,33.278,-0.187,0.9912,8.68,1.81,-0.8,6.746,0.55474,-0.0105,0.0,0.0,0.062,0.50024,7.02,7.02,6.96,5.97
1278,21.3,7.0,33.294,-0.188,0.9901,8.83,1.91,-0.7,7.039,0.55416,-0.01417,0.0,0.0,0.06189,0.49978,6.91,5.47,10.3,5.48
1279,21.3167,7.0,33.31,-0.189,0.9881,8.9,2.05,-0.53,7.481,0.55735,-0.0111,0.0,0.0,0.06276,0.50209,6.76,11.51,7.15,4.51
1280,21.3333,7.0,33.326,-0.189,0.9863,8.78,2.42,-0.34,6.775,0.55468,-0.01157,0.0,0.0,0.06183,0.50036,6.63,6.77,7.59,6.12
1281,21.35,7.0,33.343,-0.188,0.9832,8.67,2.77,-0.17,6.61,0.5539,-0.01112,0.0,0.0,0.06156,0.49984,6.82,6.9,6.89,5.82
1282,21.3667,7.0,33.361,-0.188,0.9786,8.84,3.19,-0.02,5.382,0.55163,-0.0126,0.0,0.0,0.05916,0.49997,6.82,5.11,6.97,2.63
1283,21.3833,7.0,33.378,-0.188,0.9767,8.59,3.5,0.03,7.59,0.55409,-0.01097,0.0,0.0,0.06109,0.5005,6.76,8.84,7.92,6.84
1284,21.4,7.0,33.395,-0.187,0.9759,8.27,3.61,0.07,6.947,0.55371,-0.01072,0.0,0.0,0.0611,0.50011,6.88,6.91,6.97,7.03
1285,21.4167,7.0,33.412,-0.187,0.9772,8.28,3.91,0.14,7.322,0.55428,-0.00931,0.0,0.0,0.05997,0.50182,6.88,7.5,7.87,7.05
1286,21.4333,7.0,33.429,-0.188,0.978,8.29,3.81,0.18,6.927,0.55188,-0.01381,0.0,0.0,0.05951,0.49987,6.97,6.98,6.88,6.87
1287,21.45,7.0,33.446,-0.188,0.9762,8.29,3.62,0.18,7.004,0.55278,-0.01411,0.0,0.0,0.05972,0.50056,7.02,7.19,6.82,6.98
1288,21.4667,7.0,33.462,-0.189,0.9753,8.53,3.67,0.22,6.507,0.55176,-0.01461,0.0,0.0,0.05859,0.50068,6.99,6.34,6.27,6.44
1289,21.4833,7.0,33.478,-0.19,0.975,8.39,3.4,0.2,6.672,0.55096,-0.01354,0.0,0.0,0.05833,0.50014,6.86,6.85,7.73,5.24
1290,21.5,7.0,33.493,-0.191,0.9752,8.04,3.51,0.18,6.958,0.55091,-0.01519,0.0,0.0,0.05803,0.50039,6.96,6.97,7.33,6.57
1291,21.5167,7.0,33.508,-0.19,0.9741,7.71,3.61,0.16,6.249,0.54984,-0.01734,0.0,0.0,0.05758,0.49977,7.0,6.99,5.38,5.62
1292,21.5333,7.0,33.524,-0.19,0.9735,7.63,3.66,0.11,7.116,0.54818,-0.02154,0.0,0.0,0.05463,0.50105,6.95,6.9,7.7,6.91
1293,21.55,7.0,33.539,-0.19,0.9741,7.61,3.48,0.06,6.815,0.54496,-0.02607,0.0,0.0,0.05247,0.5,6.96,6.4,6.93,6.97
1294,21.5667,7.0,33.555,-0.191,0.9733,7.4,3.56,-0.01,6.85,0.54526,-0.03068,0.0,0.0,0.05293,0.49984,6.98,7.0,7.0,6.41
1295,21.5833,7.0,33.57,-0.191,0.9732,7.51,3.77,-0.09,6.624,0.54152,-0.03753,0.0,0.0,0.04942,0.4996,6.94,5.25,7.28,7.03
1296,21.6,7.0,33.586,-0.192,0.9739,7.52,3.6,-0.2,6.995,0.53666,-0.04774,0.0,0.0,0.04577,0.49839,6.87,6.59,7.73,6.79
1297,21.6167,7.0,33.601,-0.194,0.9731,7.41,3.51,-0.29,6.616,0.53942,-0.05384,0.0,0.0,0.04609,0.50083,7.01,6.99,6.31,6.15
1298,21.6333,7.0,33.617,-0.195,0.9737,7.52,3.63,-0.37,6.552,0.53512,-0.06252,0.0,0.0,0.04357,0.49906,6.92,5.34,6.97,6.98
1299,21.65,7.0,33.632,-0.196,0.9734,7.66,3.67,-0.43,7.074,0.53419,-0.0694,0.0,0.0,0.04034,0.50136,7.03,7.2,7.09,6.98
1300,21.6667,7.0,33.648,-0.199,0.9735,7.77,3.45,-0.49,5.743,0.53403,-0.07232,0.0,0.0,0.04014,0.5014,6.82,4.58,6.12,5.45
1301,21.6833,7.0,33.663,-0.2,0.9734,7.74,3.44,-0.44,7.075,0.53209,-0.07719,0.0,0.0,0.03923,0.50037,6.96,6.96,7.51,6.87
1302,21.7,7.0,33.679,-0.2,0.9721,7.78,3.43,-0.38,6.757,0.53156,-0.07816,0.0,0.0,0.03878,0.50029,7.01,6.98,6.94,6.1
1303,21.7167,7.0,33.695,-0.2,0.9705,7.62,3.15,-0.52,7.266,0.53205,-0.07351,0.0,0.0,0.03876,0.5008,7.0,7.0,8.12,6.94
1304,21.7333,7.0,33.71,-0.2,0.968,7.42,2.8,-0.82,6.871,0.53185,-0.07248,0.0,0.0,0.03893,0.50042,6.83,6.86,6.66,7.14
1305,21.75,7.0,33.725,-0.199,0.9639,7.18,2.43,-1.14,6.83,0.53181,-0.06719,0.0,0.0,0.03865,0.50066,6.84,6.89,6.76,6.84
1306,21.7667,7.0,33.74,-0.198,0.9585,7.01,2.01,-1.48,4.99,0.53264,-0.06072,0.0,0.0,0.03841,0.50174,7.04,7.1,8.24,-2.42
1307,21.7833,7.0,33.754,-0.196,0.9574,7.1,1.55,-1.59,6.274,0.51895,-0.06894,0.0,0.0,0.02818,0.49828,6.42,5.91,6.09,6.67
1308,21.8,7.0,33.768,-0.197,0.9578,6.86,1.7,-1.56,6.447,0.52184,-0.07121,0.0,0.0,0.0289,0.50044,6.84,5.72,6.33,6.9
1309,21.8167,7.0,33.783,-0.197,0.9574,6.93,1.78,-1.56,7.28,0.51713,-0.07751,0.0,0.0,0.02479,0.49984,7.02,6.69,7.78,7.63
1310,21.8333,7.0,33.798,-0.197,0.9557,7.04,1.81,-1.5,7.092,0.5149,-0.08585,0.0,0.0,0.02195,0.50046,6.91,6.68,7.78,7.0
1311,21.85,7.0,33.813,-0.199,0.9569,6.79,1.74,-1.7,7.533,0.51501,-0.09287,0.0,0.0,0.02255,0.49997,6.95,7.8,6.89,8.5
1312,21.8667,7.0,33.826,-0.2,0.9603,6.9,1.46,-1.94,7.089,0.51262,-0.10146,0.0,0.0,0.02026,0.49986,6.88,6.73,7.0,7.75
1313,21.8833,7.0,33.84,-0.203,0.9617,6.95,1.2,-2.1,6.858,0.51009,-0.11248,0.0,0.0,0.01785,0.49975,6.98,5.95,7.02,7.48
1314,21.9,7.0,33.853,-0.205,0.9614,6.95,1.03,-2.25,8.079,0.51198,-0.10616,0.0,0.0,0.01838,0.5011,7.09,12.19,7.27,5.77
1315,21.9167,7.0,33.867,-0.207,0.962,6.72,1.08,-2.27,7.047,0.51039,-0.1052,0.0,0.0,0.01821,0.49969,7.03,6.97,7.5,6.68
1316,21.9333,7.0,33.882,-0.208,0.9625,6.83,1.21,-2.29,6.92,0.50769,-0.10229,0.0,0.0,0.01526,0.49993,7.01,5.85,7.87,6.95
1317,21.95,7.0,33.897,-0.209,0.9618,6.95,1.18,-2.33,6.978,0.50584,-0.09934,0.0,0.0,0.01201,0.50134,7.0,6.98,6.95,6.98
1318,21.9667,7.0,33.912,-0.211,0.9622,6.95,1.01,-2.36,6.568,0.50618,-0.09651,0.0,0.0,0.0117,0.50198,7.02,7.05,6.52,5.69
1319,21.9833,7.0,33.927,-0.212,0.9631,6.86,1.07,-2.26,7.092,0.50397,-0.09382,0.0,0.0,0.01172,0.49975,7.01,6.99,7.7,6.67
1320,22.0,7.0,33.942,-0.212,0.9624,6.89,1.14,-2.19,6.178,0.50345,-0.08939,0.0,0.0,0.01094,0.50001,7.03,5.85,3.71,8.12
1321,22.0167,7.0,33.957,-0.213,0.9626,7.03,1.04,-2.17,7.001,0.49912,-0.09189,0.0,0.0,0.00682,0.49981,6.85,6.61,7.62,6.92
1322,22.0333,7.0,33.972,-0.214,0.963,6.95,1.03,-2.13,6.782,0.50073,-0.0908,0.0,0.0,0.00697,0.50126,6.89,6.87,7.62,5.75
1323,22.05,7.0,33.988,-0.215,0.9623,6.81,1.1,-2.06,7.029,0.49999,-0.08782,0.0,0.0,0.00694,0.50055,6.98,6.97,7.16,7.01
1324,22.0667,7.0,34.004,-0.216,0.9615,6.91,1.2,-1.98,6.484,0.4981,-0.08524,0.0,0.0,0.00475,0.50085,7.05,5.62,6.35,6.91
1325,22.0833,7.0,34.019,-0.217,0.9623,6.92,1.0,-1.94,6.311,0.49561,-0.08588,0.0,0.0,0.00265,0.50046,6.95,6.36,7.12,4.82
1326,22.1,7.0,34.034,-0.216,0.9626,6.74,1.05,-1.77,6.991,0.49442,-0.08541,0.0,0.0,0.00202,0.4999,6.89,6.81,6.96,7.31
1327,22.1167,7.0,34.05,-0.215,0.9627,6.77,1.16,-1.58,6.699,0.49287,-0.08604,0.0,0.0,0.00093,0.49944,6.98,6.08,6.92,6.82
1328,22.1333,7.0,34.066,-0.215,0.9628,6.8,1.19,-1.53,6.831,0.49174,-0.08332,0.0,0.0,-0.00214,0.50138,7.02,6.53,6.83,6.94
1329,22.15,7.0,34.081,-0.215,0.9627,6.8,1.04,-1.44,6.726,0.49082,-0.08351,0.0,0.0,-0.00223,0.50056,6.99,7.95,6.98,4.98
1330,22.1667,7.0,34.097,-0.215,0.9615,6.51,1.09,-1.38,6.824,0.49165,-0.08206,0.0,0.0,-0.00215,0.5013,6.74,6.76,7.95,5.84
1331,22.1833,7.0,34.113,-0.214,0.9621,6.57,1.42,-1.33,5.354,0.4871,-0.08352,0.0,0.0,-0.0059,0.50051,6.97,5.51,1.95,6.99
1332,22.2,7.0,34.129,-0.214,0.9634,6.49,1.29,-1.29,6.777,0.48208,-0.08741,0.0,0.0,-0.00925,0.49884,6.98,6.43,6.79,6.91
1333,22.2167,7.0,34.145,-0.214,0.9624,6.42,1.14,-1.24,6.922,0.48185,-0.08985,0.0,0.0,-0.00973,0.49908,7.02,6.74,6.93,7.0
1334,22.2333,7.0,34.161,-0.215,0.9609,6.5,1.07,-1.24,6.592,0.48013,-0.09217,0.0,0.0,-0.01255,0.50019,6.88,6.47,6.71,6.3
1335,22.25,7.0,34.177,-0.215,0.9594,6.4,0.91,-1.24,7.718,0.48239,-0.09072,0.0,0.0,-0.0114,0.50129,7.05,8.13,8.86,6.83
1336,22.2667,7.0,34.193,-0.216,0.958,6.18,0.56,-1.54,6.825,0.48094,-0.09,0.0,0.0,-0.01162,0.50006,6.83,6.85,6.85,6.77
1337,22.2833,7.0,34.208,-0.216,0.9544,5.96,0.27,-1.87,6.759,0.48107,-0.09009,0.0,0.0,-0.01182,0.50039,6.85,6.84,6.81,6.54
1338,22.3,7.0,34.224,-0.215,0.9503,6.03,-0.07,-2.03,7.061,0.48235,-0.08417,0.0,0.0,-0.01046,0.50031,7.32,6.88,6.88,7.16
1339,22.3167,7.0,34.238,-0.215,0.9487,6.13,-0.44,-2.18,6.965,0.47349,-0.08291,0.0,0.0,-0.01832,0.49931,6.94,6.64,7.51,6.77
1340,22.3333,7.0,34.246,-0.216,0.9522,6.09,-1.19,-2.49,6.516,0.48008,-0.07479,0.0,0.0,-0.01123,0.49881,6.92,6.88,5.34,6.92
1341,22.35,7.0,34.252,-0.218,0.9568,6.37,-1.53,-2.8,9.848,0.47092,-0.07529,0.0,0.0,-0.0194,0.49782,6.39,4.45,21.75,6.81
1342,22.3667,7.0,34.259,-0.221,0.9598,6.55,-2.05,-3.13,6.008,0.46596,-0.08315,0.0,0.0,-0.02428,0.49774,6.78,4.05,6.43,6.77
1343,22.3833,7.0,34.267,-0.225,0.9625,6.65,-2.58,-3.46,6.529,0.46651,-0.08801,0.0,0.0,-0.02525,0.49926,6.59,4.53,7.26,7.73
1344,22.4,7.0,34.276,-0.229,0.9652,6.47,-2.96,-3.75,8.567,0.46871,-0.09016,0.0,0.0,-0.02515,0.50136,6.58,6.6,14.12,6.97
1345,22.4167,7.0,34.287,-0.232,0.969,6.6,-3.36,-4.03,6.813,0.46306,-0.09918,0.0,0.0,-0.02885,0.49942,6.85,6.11,6.69,7.61
1346,22.4333,7.0,34.298,-0.236,0.9718,6.8,-3.81,-4.23,6.556,0.46088,-0.10025,0.0,0.0,-0.03113,0.49951,6.73,6.03,6.68,6.79
1347,22.45,7.0,34.309,-0.24,0.9736,6.84,-4.13,-4.4,6.814,0.46309,-0.10569,0.0,0.0,-0.03094,0.50154,6.73,6.81,7.58,6.14
1348,22.4667,7.0,34.321,-0.243,0.976,6.75,-4.28,-4.56,6.801,0.46062,-0.10361,0.0,0.0,-0.03199,0.50011,7.02,7.03,7.18,5.97
1349,22.4833,7.0,34.334,-0.245,0.9774,6.62,-4.46,-4.69,6.588,0.46016,-0.09714,0.0,0.0,-0.03227,0.49994,6.99,7.0,6.96,5.4
1350,22.5,7.0,34.348,-0.247,0.978,6.73,-4.61,-4.71,7.382,0.45694,-0.09533,0.0,0.0,-0.0359,0.50034,6.9,4.77,9.79,8.07
1351,22.5167,7.0,34.362,-0.249,0.9786,6.8,-4.76,-4.62,8.463,0.45742,-0.09549,0.0,0.0,-0.03604,0.50097,6.93,12.23,8.93,5.76
1352,22.5333,7.0,34.376,-0.25,0.9794,6.74,-4.7,-4.36,6.784,0.45533,-0.09199,0.0,0.0,-0.03743,0.50026,6.99,6.98,6.43,6.74
1353,22.55,7.0,34.391,-0.25,0.9792,6.73,-4.69,-4.07,6.793,0.45515,-0.08684,0.0,0.0,-0.03737,0.50002,7.02,7.0,6.99,6.16
1354,22.5667,7.0,34.407,-0.25,0.9777,6.76,-4.71,-3.87,7.203,0.45379,-0.08599,0.0,0.0,-0.03988,0.50118,6.95,7.07,7.8,7.0
1355,22.5833,7.0,34.422,-0.25,0.9785,6.63,-4.74,-3.76,7.019,0.45304,-0.08346,0.0,0.0,-0.03985,0.50039,6.92,6.91,7.96,6.28
1356,22.6,7.0,34.437,-0.25,0.9785,6.47,-4.68,-3.58,6.718,0.45248,-0.08135,0.0,0.0,-0.04074,0.50072,6.92,5.84,7.45,6.66
1357,22.6167,7.0,34.453,-0.249,0.9783,6.52,-4.53,-3.4,7.37,0.44707,-0.08173,0.0,0.0,-0.0453,0.49988,7.08,6.36,9.08,6.96
1358,22.6333,7.0,34.468,-0.249,0.979,6.53,-4.63,-3.3,6.835,0.44225,-0.08753,0.0,0.0,-0.04989,0.49964,6.88,6.29,7.18,6.99
1359,22.65,7.0,34.484,-0.25,0.9786,6.46,-4.72,-3.18,6.766,0.44354,-0.08915,0.0,0.0,-0.0497,0.50075,6.95,6.98,7.08,6.05
1360,22.6667,7.0,34.5,-0.25,0.9782,6.47,-4.6,-3.13,6.855,0.43904,-0.09502,0.0,0.0,-0.05321,0.49975,6.91,5.56,8.02,6.94
1361,22.6833,7.0,34.516,-0.251,0.9783,6.57,-4.59,-3.07,7.098,0.43547,-0.10247,0.0,0.0,-0.05735,0.50032,6.84,7.2,7.95,6.4
1362,22.7,7.0,34.531,-0.253,0.9788,6.61,-4.8,-3.04,6.602,0.43625,-0.10744,0.0,0.0,-0.05751,0.50127,7.17,6.93,7.05,5.26
1363,22.7167,7.0,34.547,-0.254,0.9785,6.43,-4.7,-3.07,6.658,0.43552,-0.11199,0.0,0.0,-0.05712,0.50015,6.87,6.82,7.04,5.9
1364,22.7333,7.0,34.562,-0.255,0.9779,6.53,-4.59,-3.05,6.817,0.43173,-0.11433,0.0,0.0,-0.06046,0.49969,6.89,5.91,7.52,6.95
1365,22.75,7.0,34.578,-0.257,0.9787,6.67,-4.75,-3.0,7.129,0.42784,-0.11544,0.0,0.0,-0.0639,0.49924,6.95,6.39,8.27,6.91
1366,22.7667,7.0,34.593,-0.258,0.9788,6.61,-4.72,-2.87,6.845,0.4296,-0.11592,0.0,0.0,-0.06398,0.50109,6.93,6.96,6.99,6.5
1367,22.7833,7.0,34.609,-0.258,0.9783,6.62,-4.63,-2.69,7.261,0.42899,-0.11235,0.0,0.0,-0.0643,0.50079,6.78,6.76,9.85,5.65
1368,22.8,7.0,34.624,-0.259,0.9776,6.56,-4.72,-2.6,7.415,0.42789,-0.10666,0.0,0.0,-0.06502,0.50041,6.85,7.44,8.57,6.8
1369,22.8167,7.0,34.64,-0.259,0.9778,6.46,-4.98,-2.61,6.89,0.42645,-0.10394,0.0,0.0,-0.06604,0.49999,6.94,6.57,6.98,7.08
1370,22.8333,7.0,34.655,-0.26,0.9762,6.35,-5.07,-2.71,6.785,0.4261,-0.10116,0.0,0.0,-0.06637,0.49997,7.02,7.0,7.0,6.12
1371,22.85,7.0,34.67,-0.26,0.9755,6.17,-4.72,-2.64,5.708,0.42778,-0.09308,0.0,0.0,-0.06545,0.50074,7.02,3.85,5.34,6.62
1372,22.8667,7.0,34.686,-0.261,0.9786,5.97,-4.48,-2.35,6.512,0.43025,-0.07944,0.0,0.0,-0.06081,0.49856,6.62,6.32,6.6,6.51
1373,22.8833,7.0,34.702,-0.262,0.9801,5.87,-4.32,-2.1,9.408,0.43394,-0.06544,0.0,0.0,-0.05944,0.50089,6.96,13.99,7.26,9.43
1374,22.9,7.0,34.713,-0.262,0.9835,5.54,-4.21,-2.48,6.972,0.43238,-0.0541,0.0,0.0,-0.06249,0.50238,7.25,4.77,9.29,6.57
1375,22.9167,7.0,34.716,-0.262,0.9892,5.15,-4.69,-2.83,1.248,0.42722,-0.0483,0.0,0.0,-0.0643,0.49902,-3.61,9.91,-8.21,6.9
1376,22.9333,7.0,34.721,-0.262,0.9949,5.05,-5.38,-2.95,6.492,0.42369,-0.04534,0.0,0.0,-0.06725,0.49845,6.73,5.36,7.13,6.75
1377,22.95,7.0,34.726,-0.262,0.999,5.02,-6.02,-3.2,7.811,0.4194,-0.04679,0.0,0.0,-0.07149,0.49839,6.64,11.13,6.68,6.79
1378,22.9667,7.0,34.732,-0.264,1.0018,5.04,-6.63,-3.5,6.758,0.41442,-0.05492,0.0,0.0,-0.07619,0.49811,6.64,5.36,8.2,6.83
1379,22.9833,7.0,34.739,-0.267,1.0044,5.12,-7.28,-3.85,6.38,0.41163,-0.06748,0.0,0.0,-0.07992,0.49905,6.44,6.35,6.04,6.68
1380,23.0,7.0,34.746,-0.27,1.0081,5.47,-7.76,-4.18,10.958,0.40595,-0.08818,0.0,0.0,-0.08587,0.49932,6.35,5.21,25.45,6.83
1381,23.0167,7.0,34.754,-0.274,1.0115,5.74,-8.3,-4.45,7.831,0.40455,-0.10623,0.0,0.0,-0.08847,0.50052,6.73,11.41,7.02,6.17
1382,23.0333,7.0,34.763,-0.278,1.0151,5.84,-8.77,-4.66,6.479,0.40385,-0.11752,0.0,0.0,-0.08879,0.50014,6.83,6.84,7.05,5.19
1383,23.05,7.0,34.774,-0.281,1.0177,5.79,-9.28,-4.8,6.753,0.40416,-0.12351,0.0,0.0,-0.08853,0.50019,6.75,6.76,6.86,6.64
1384,23.0667,7.0,34.785,-0.284,1.0195,5.87,-9.65,-4.9,6.263,0.4035,-0.12505,0.0,0.0,-0.08998,0.50098,6.9,4.95,6.47,6.74
1385,23.0833,7.0,34.796,-0.286,1.0225,5.78,-9.88,-4.96,6.856,0.40176,-0.12306,0.0,0.0,-0.09085,0.50012,6.99,7.34,7.05,6.04
1386,23.1,7.0,34.809,-0.287,1.0245,5.66,-10.15,-5.01,6.655,0.40181,-0.11839,0.0,0.0,-0.09087,0.50018,7.01,7.01,6.96,5.63
1387,23.1167,7.0,34.822,-0.288,1.0249,5.48,-10.38,-5.07,7.203,0.39903,-0.1113,0.0,0.0,-0.09315,0.49969,7.03,6.19,3.57,12.02
1388,23.1333,7.0,34.835,-0.29,1.0262,5.79,-10.54,-5.04,6.845,0.39258,-0.11025,0.0,0.0,-0.10039,0.50047,6.71,5.1,10.4,5.17
1389,23.15,7.0,34.849,-0.292,1.0267,5.85,-10.42,-4.88,6.544,0.39253,-0.10866,0.0,0.0,-0.10022,0.50025,6.99,6.97,6.86,5.36
1390,23.1667,7.0,34.863,-0.292,1.0269,5.9,-10.38,-4.75,6.696,0.39097,-0.10918,0.0,0.0,-0.10081,0.49929,6.98,6.99,7.21,5.61
1391,23.1833,7.0,34.878,-0.293,1.0256,5.85,-10.45,-4.65,7.348,0.39411,-0.10574,0.0,0.0,-0.10019,0.5018,6.92,6.93,7.78,7.76
1392,23.2,7.0,34.893,-0.293,1.0267,5.85,-10.57,-4.53,6.267,0.38763,-0.10758,0.0,0.0,-0.10463,0.49977,6.91,4.93,6.72,6.51
1393,23.2167,7.0,34.908,-0.293,1.0271,5.7,-10.49,-4.26,7.115,0.38782,-0.10906,0.0,0.0,-0.10508,0.50041,6.96,6.97,7.84,6.69
1394,23.2333,7.0,34.923,-0.292,1.0264,5.61,-10.43,-4.02,6.77,0.38705,-0.10829,0.0,0.0,-0.10542,0.49998,7.03,7.02,6.96,6.08
1395,23.25,7.0,34.938,-0.291,1.0262,5.58,-10.45,-3.86,7.005,0.38147,-0.10672,0.0,0.0,-0.11122,0.50019,7.09,6.26,7.66,7.02
1396,23.2667,7.0,34.953,-0.291,1.0269,5.63,-10.52,-3.68,6.644,0.37623,-0.11067,0.0,0.0,-0.11626,0.5,6.97,5.71,6.93,6.96
1397,23.2833,7.0,34.969,-0.291,1.0264,5.55,-10.45,-3.53,7.636,0.37486,-0.11396,0.0,0.0,-0.11786,0.50023,7.0,10.25,7.01,6.29
1398,23.3,7.0,34.985,-0.291,1.0248,5.48,-10.41,-3.46,7.978,0.37274,-0.12227,0.0,0.0,-0.12082,0.50106,6.96,7.36,6.69,10.9
1399,23.3167,7.0,35.0,-0.291,1.0261,5.63,-10.55,-3.39,6.714,0.36442,-0.13148,0.0,0.0,-0.12777,0.49969,6.98,5.92,6.99,6.97
1400,23.3333,7.0,35.016,-0.292,1.0267,5.6,-10.49,-3.27,6.839,0.36483,-0.13935,0.0,0.0,-0.12799,0.50033,6.92,5.98,8.02,6.43
1401,23.35,7.0,35.032,-0.293,1.0259,5.53,-10.4,-3.27,6.758,0.36406,-0.14627,0.0,0.0,-0.12858,0.50015,7.04,7.05,6.98,5.96
1402,23.3667,7.0,35.047,-0.293,1.0258,5.54,-10.51,-3.17,7.323,0.35812,-0.15274,0.0,0.0,-0.13348,0.4991,6.85,7.31,8.15,6.98
1403,23.3833,7.0,35.063,-0.293,1.0269,5.75,-10.53,-3.04,6.575,0.35428,-0.15699,0.0,0.0,-0.13854,0.50032,6.98,6.15,6.99,6.17
1404,23.4,7.0,35.076,-0.295,1.0299,6.12,-10.2,-2.74,6.203,0.35277,-0.16087,0.0,0.0,-0.13922,0.4995,7.04,5.1,5.65,7.02
1405,23.4167,7.0,35.09,-0.298,1.0333,6.17,-9.58,-2.48,3.042,0.35724,-0.15751,0.0,0.0,-0.13549,0.50023,6.62,-8.03,7.48,6.09
1406,23.4333,7.0,35.101,-0.301,1.0391,5.85,-8.97,-1.92,7.984,0.35351,-0.14983,0.0,0.0,-0.13548,0.49649,6.02,6.15,11.97,7.8
1407,23.45,7.0,35.113,-0.303,1.0428,5.41,-8.52,-1.47,6.939,0.35498,-0.14198,0.0,0.0,-0.13515,0.49763,6.37,6.46,7.37,7.55
1408,23.4667,7.0,35.125,-0.306,1.0443,4.98,-8.15,-1.14,5.676,0.35633,-0.1329,0.0,0.0,-0.13508,0.49892,6.49,6.5,6.89,2.83
1409,23.4833,7.0,35.136,-0.308,1.0449,4.5,-7.67,-0.93,7.063,0.35986,-0.11515,0.0,0.0,-0.13559,0.50296,6.61,6.74,8.05,6.85
1410,23.5,7.0,35.149,-0.308,1.0479,4.31,-7.3,-0.52,7.177,0.35855,-0.09694,0.0,0.0,-0.13402,0.50007,6.78,7.48,10.8,3.65
1411,23.5167,7.0,35.162,-0.308,1.05,4.19,-6.98,-0.26,6.448,0.36045,-0.07741,0.0,0.0,-0.13062,0.49857,6.66,3.78,9.09,6.27
1412,23.5333,7.0,35.177,-0.308,1.0513,4.17,-6.63,-0.12,7.25,0.36107,-0.06418,0.0,0.0,-0.12854,0.49712,6.75,5.37,12.66,4.21
1413,23.55,7.0,35.191,-0.309,1.0538,4.11,-6.52,-0.21,1.268,0.36729,-0.04231,0.0,0.0,-0.12782,0.50261,6.97,0.8,-9.44,6.74
1414,23.5667,7.0,35.194,-0.311,1.0586,3.53,-6.49,-1.04,5.221,0.35656,-0.0356,0.0,0.0,-0.13121,0.49528,5.67,2.91,6.03,6.28
1415,23.5833,7.0,35.198,-0.313,1.0621,3.2,-6.54,-1.76,5.713,0.35887,-0.02872,0.0,0.0,-0.13458,0.50096,6.16,4.02,6.24,6.44
1416,23.6,7.0,35.202,-0.315,1.0659,3.01,-6.88,-2.3,5.242,0.35364,-0.03168,0.0,0.0,-0.13886,0.5,-0.2,7.79,6.63,6.74
1417,23.6167,7.0,35.204,-0.317,1.0706,3.01,-7.59,-2.65,5.182,0.35205,-0.03456,0.0,0.0,-0.14009,0.49964,7.11,-0.01,6.72,6.92
1418,23.6333,7.0,35.208,-0.321,1.0739,3.07,-8.31,-3.0,2.378,0.35484,-0.03619,0.0,0.0,-0.1376,0.49994,6.65,-10.18,6.42,6.61
1419,23.65,7.0,35.213,-0.325,1.0776,3.27,-8.98,-3.43,6.026,0.35168,-0.04151,0.0,0.0,-0.14098,0.50017,6.26,5.17,6.03,6.65
1420,23.6667,7.0,35.218,-0.33,1.082,3.64,-9.75,-3.73,6.442,0.34958,-0.05474,0.0,0.0,-0.14299,0.50008,6.41,6.04,6.68,6.63
1421,23.6833,7.0,35.224,-0.335,1.0854,4.01,-10.6,-3.96,6.964,0.34773,-0.05725,0.0,0.0,-0.14483,0.50007,6.32,8.34,6.69,6.51
1422,23.7,7.0,35.231,-0.34,1.0886,4.34,-11.31,-4.19,8.405,0.34932,-0.0602,0.0,0.0,-0.14543,0.50226,6.08,6.33,17.46,3.75
1423,23.7167,7.0,35.238,-0.344,1.093,4.52,-11.74,-4.55,11.511,0.34725,-0.05954,0.0,0.0,-0.14545,0.50021,6.69,6.57,19.35,13.43
1424,23.7333,7.0,35.247,-0.347,1.0957,4.62,-12.14,-4.87,6.208,0.34659,-0.058,0.0,0.0,-0.14587,0.49997,6.62,6.7,6.76,4.76
1425,23.75,7.0,35.256,-0.35,1.0977,4.66,-12.52,-5.16,6.325,0.347,-0.0591,0.0,0.0,-0.14587,0.50038,6.8,6.82,6.97,4.71
1426,23.7667,7.0,35.267,-0.352,1.0991,4.64,-12.98,-5.39,7.136,0.34683,-0.05699,0.0,0.0,-0.14593,0.50026,6.61,6.6,12.49,2.84
1427,23.7833,7.0,35.278,-0.354,1.1008,4.38,-13.08,-5.63,6.44,0.34598,-0.05386,0.0,0.0,-0.14524,0.49872,6.83,6.87,6.91,5.14
1428,23.8,7.0,35.29,-0.354,1.1039,4.19,-13.55,-5.58,6.02,0.34433,-0.0509,0.0,0.0,-0.14783,0.49966,6.85,5.18,6.2,5.86
1429,23.8167,7.0,35.302,-0.355,1.1057,4.22,-13.89,-5.44,7.158,0.33996,-0.05442,0.0,0.0,-0.15139,0.49885,6.98,6.07,7.37,8.22
1430,23.8333,7.0,35.315,-0.357,1.1061,4.22,-14.22,-5.32,8.473,0.34227,-0.05302,0.0,0.0,-0.1515,0.50127,7.0,15.2,6.98,4.71
1431,23.85,7.0,35.328,-0.357,1.107,4.05,-14.2,-5.28,6.526,0.33811,-0.05538,0.0,0.0,-0.15425,0.49987,6.92,5.18,8.05,5.95
1432,23.8667,7.0,35.342,-0.359,1.1083,4.1,-14.23,-5.14,6.86,0.33507,-0.06101,0.0,0.0,-0.1575,0.50008,6.98,5.69,7.87,6.9
1433,23.8833,7.0,35.357,-0.36,1.1088,4.21,-14.39,-4.94,8.225,0.33467,-0.0662,0.0,0.0,-0.15904,0.50121,7.04,12.27,7.11,6.48
1434,23.9,7.0,35.371,-0.359,1.1083,4.23,-14.5,-4.7,6.363,0.33672,-0.06779,0.0,0.0,-0.15774,0.50196,6.71,6.7,7.53,4.5
1435,23.9167,7.0,35.386,-0.359,1.1086,4.14,-14.31,-4.54,6.906,0.32955,-0.07485,0.0,0.0,-0.16224,0.4993,6.91,4.94,8.65,7.13
1436,23.9333,7.0,35.401,-0.359,1.1088,4.19,-14.24,-4.38,6.992,0.3266,-0.07961,0.0,0.0,-0.1666,0.50071,6.98,6.74,7.3,6.95
1437,23.95,7.0,35.416,-0.36,1.1093,4.23,-14.44,-4.19,6.813,0.32352,-0.08933,0.0,0.0,-0.16897,0.5,6.98,6.3,6.99,6.98
1438,23.9667,7.0,35.431,-0.362,1.1085,4.13,-14.42,-4.06,6.343,0.32378,-0.09335,0.0,0.0,-0.16864,0.49993,7.25,7.19,4.86,6.07
1439,23.9833,7.0,35.447,-0.362,1.1084,4.15,-14.22,-3.93,5.629,0.32017,-0.09748,0.0,0.0,-0.17213,0.4998,7.15,5.48,3.01,6.87
1440,24.0,7.0,35.463,-0.363,1.1095,4.27,-14.37,-3.71,6.984,0.31611,-0.10487,0.0,0.0,-0.17603,0.49964,7.04,6.08,8.1,6.71
1441,24.0167,7.0,35.478,-0.364,1.109,4.36,-14.52,-3.43,7.166,0.31635,-0.11324,0.0,0.0,-0.17742,0.50127,6.7,10.55,6.75,4.66
1442,24.0333,7.0,35.494,-0.364,1.1087,4.27,-14.29,-3.27,6.646,0.31523,-0.11438,0.0,0.0,-0.17771,0.50044,6.86,6.86,6.58,6.28
1443,24.05,7.0,35.51,-0.364,1.1091,4.22,-14.29,-3.07,8.059,0.31015,-0.11758,0.0,0.0,-0.18143,0.49908,6.98,6.97,8.33,9.97
1444,24.0667,7.0,35.525,-0.364,1.1101,4.24,-14.45,-2.86,6.752,0.30752,-0.11993,0.0,0.0,-0.18383,0.49886,6.97,6.23,6.94,6.87
1445,24.0833,7.0,35.537,-0.365,1.1142,4.78,-14.0,-2.2,6.197,0.30749,-0.1223,0.0,0.0,-0.18319,0.49819,7.0,4.29,6.49,7.0
1446,24.1,7.0,35.547,-0.368,1.118,4.7,-13.24,-1.88,5.686,0.31344,-0.11454,0.0,0.0,-0.18024,0.50118,6.34,7.14,4.45,4.81
1447,24.1167,7.0,35.555,-0.369,1.1231,4.23,-12.51,-1.45,9.126,0.31035,-0.10672,0.0,0.0,-0.17853,0.49639,6.1,13.79,9.55,7.06
1448,24.1333,7.0,35.563,-0.371,1.126,3.42,-12.08,-0.98,6.437,0.31177,-0.09862,0.0,0.0,-0.17874,0.49801,6.08,6.22,7.19,6.26
1449,24.15,7.0,35.57,-0.373,1.1268,2.87,-11.7,-0.67,3.151,0.31376,-0.0883,0.0,0.0,-0.17687,0.49813,6.25,8.7,6.58,-8.92
1450,24.1667,7.0,35.578,-0.374,1.1281,2.66,-11.1,-0.46,6.733,0.31714,-0.07051,0.0,0.0,-0.17521,0.49986,6.98,13.64,1.09,5.22
1451,24.1833,7.0,35.586,-0.375,1.1317,2.36,-10.65,-0.01,5.841,0.32046,-0.04874,0.0,0.0,-0.17056,0.49853,6.11,3.27,7.8,6.17
1452,24.2,7.0,35.594,-0.376,1.1349,2.03,-10.29,0.43,11.698,0.32388,-0.02604,0.0,0.0,-0.16777,0.49915,6.95,18.76,19.36,1.73
1453,24.2167,7.0,35.603,-0.376,1.1375,1.96,-9.91,0.67,7.585,0.32659,-0.00939,0.0,0.0,-0.16487,0.49896,6.47,11.98,14.14,-2.26
1454,24.2333,7.0,35.612,-0.376,1.1396,1.98,-9.46,0.83,0.705,0.32795,0.00984,-0.0,-0.0,-0.16297,0.49842,6.32,-9.03,25.52,-19.99
1455,24.25,7.0,35.623,-0.376,1.1437,1.94,-9.16,1.02,8.996,0.33019,0.02761,-0.0,-0.0,-0.15978,0.49747,6.29,-0.69,18.53,11.86
1456,24.2667,7.0,35.634,-0.377,1.1469,2.03,-8.84,1.19,12.702,0.32997,0.04097,-0.0,-0.0,-0.15874,0.49622,6.95,30.08,9.49,4.29
1457,24.2833,7.0,35.645,-0.377,1.1482,1.72,-8.59,1.46,6.584,0.33284,0.0522,-0.0,-0.0,-0.15802,0.49837,6.84,6.81,7.01,5.67
1458,24.3,7.0,35.658,-0.378,1.1498,1.77,-8.3,1.68,6.3,0.33686,0.06281,-0.0,-0.0,-0.15429,0.49865,6.83,4.45,5.78,8.14
1459,24.3167,7.0,35.671,-0.378,1.1519,1.83,-8.14,1.98,5.613,0.33995,0.0718,-0.0,-0.0,-0.15186,0.49931,6.94,3.65,6.07,5.8
1460,24.3333,7.0,35.683,-0.379,1.1549,1.86,-8.09,1.87,7.126,0.3435,0.08058,-0.0,-0.0,-0.15142,0.50242,7.04,3.94,10.34,7.18
1461,24.35,7.0,35.687,-0.38,1.1611,1.56,-8.49,1.28,5.31,0.33713,0.08035,-0.0,-0.0,-0.15549,0.50012,6.36,2.05,6.13,6.7
1462,24.3667,7.0,35.693,-0.381,1.1663,1.44,-9.02,0.91,4.891,0.33698,0.07769,-0.0,-0.0,-0.15559,0.50008,6.49,1.86,4.4,6.81
1463,24.3833,7.0,35.698,-0.382,1.1705,1.43,-9.55,0.53,6.079,0.33263,0.07111,-0.0,-0.0,-0.15995,0.50009,6.49,5.83,5.23,6.77
1464,24.4,7.0,35.704,-0.384,1.175,1.54,-10.14,0.17,7.729,0.32884,0.05846,-0.0,-0.0,-0.16326,0.49961,6.45,4.41,13.37,6.69
1465,24.4167,7.0,35.711,-0.387,1.179,1.74,-10.73,-0.12,6.709,0.32614,0.04043,-0.0,-0.0,-0.16617,0.49982,6.66,5.88,7.52,6.78
1466,24.4333,7.0,35.718,-0.391,1.1826,1.99,-11.42,-0.38,7.855,0.32285,0.01799,-0.0,-0.0,-0.16917,0.49952,6.39,6.65,11.65,6.73
1467,24.45,7.0,35.726,-0.395,1.185,2.29,-12.16,-0.6,6.466,0.32135,-0.00696,0.0,0.0,-0.17105,0.4999,6.49,5.85,6.89,6.64
1468,24.4667,7.0,35.734,-0.399,1.1873,2.47,-12.62,-0.89,5.919,0.32066,-0.02306,0.0,0.0,-0.17114,0.49931,6.56,6.7,6.87,3.56
1469,24.4833,7.0,35.743,-0.401,1.1916,2.46,-13.06,-1.07,6.193,0.31957,-0.03821,0.0,0.0,-0.17186,0.49893,6.97,6.95,5.27,5.58
1470,24.5,7.0,35.753,-0.402,1.1948,2.43,-13.46,-1.18,11.698,0.32192,-0.04464,0.0,0.0,-0.17161,0.50104,6.73,6.71,24.2,9.15
1471,24.5167,7.0,35.764,-0.402,1.1971,2.41,-13.87,-1.26,6.215,0.32054,-0.04782,0.0,0.0,-0.17185,0.4999,6.92,7.0,5.25,5.69
1472,24.5333,7.0,35.776,-0.402,1.1982,2.28,-14.29,-1.28,6.793,0.32092,-0.04746,0.0,0.0,-0.17153,0.49995,6.82,6.85,6.87,6.64
1473,24.55,7.0,35.788,-0.402,1.2007,2.41,-14.49,-1.26,6.713,0.31702,-0.04776,0.0,0.0,-0.17629,0.50081,6.99,4.72,8.86,6.28
1474,24.5667,7.0,35.801,-0.402,1.2019,2.36,-14.56,-1.29,6.599,0.31536,-0.04818,0.0,0.0,-0.17669,0.49956,7.01,7.02,6.99,5.38
1475,24.5833,7.0,35.815,-0.401,1.202,2.26,-14.7,-1.28,6.816,0.31601,-0.04718,0.0,0.0,-0.17711,0.50062,6.97,6.99,7.9,5.41
1476,24.6,7.0,35.829,-0.4,1.2007,2.12,-14.84,-1.31,6.959,0.31564,-0.04556,0.0,0.0,-0.17682,0.49996,7.0,6.99,6.97,6.88
1477,24.6167,7.0,35.844,-0.4,1.2016,2.39,-14.64,-1.25,6.702,0.30941,-0.05296,0.0,0.0,-0.18451,0.50143,6.99,5.96,6.3,7.56
1478,24.6333,7.0,35.859,-0.399,1.2028,2.34,-14.7,-1.02,7.12,0.30738,-0.06014,0.0,0.0,-0.18552,0.50041,6.96,6.97,7.41,7.15
1479,24.65,7.0,35.874,-0.398,1.2027,2.35,-14.77,-0.83,6.93,0.30703,-0.06721,0.0,0.0,-0.18538,0.49991,7.0,7.01,7.04,6.68
1480,24.6667,7.0,35.89,-0.396,1.2015,2.42,-14.7,-0.61,6.419,0.30251,-0.07407,0.0,0.0,-0.19085,0.50086,6.96,4.38,8.94,5.41
1481,24.6833,7.0,35.905,-0.395,1.2024,2.31,-14.66,-0.44,6.986,0.29968,-0.08131,0.0,0.0,-0.19284,0.50003,6.87,5.91,7.21,7.95
1482,24.7,7.0,35.921,-0.393,1.2025,2.24,-14.72,-0.38,6.933,0.29991,-0.08812,0.0,0.0,-0.19325,0.50066,6.9,6.88,7.45,6.5
1483,24.7167,7.0,35.937,-0.391,1.2007,2.1,-14.8,-0.29,6.983,0.29986,-0.09378,0.0,0.0,-0.19341,0.50077,6.94,6.92,7.24,6.84
1484,24.7333,7.0,35.953,-0.39,1.2012,2.38,-14.57,-0.1,5.731,0.29195,-0.10049,0.0,0.0,-0.20153,0.50098,6.78,4.67,8.09,3.38
1485,24.75,7.0,35.969,-0.388,1.2027,2.27,-14.7,0.07,6.949,0.29117,-0.10511,0.0,0.0,-0.20195,0.50062,6.87,6.58,6.9,7.45
1486,24.7667,7.0,35.985,-0.386,1.2018,2.09,-14.73,0.33,6.502,0.28688,-0.11321,0.0,0.0,-0.20535,0.49974,6.96,5.15,6.98,6.91
1487,24.7833,7.0,36.001,-0.384,1.1995,1.87,-14.68,0.55,6.97,0.28836,-0.11418,0.0,0.0,-0.20569,0.50156,6.98,8.67,7.08,5.15
1488,24.8,7.0,36.016,-0.383,1.2029,1.93,-14.44,0.63,6.567,0.28212,-0.11854,0.0,0.0,-0.21083,0.50045,6.56,5.71,7.36,6.64
1489,24.8167,7.0,36.029,-0.381,1.2046,1.44,-13.96,0.71,4.742,0.28826,-0.11629,0.0,0.0,-0.21042,0.50619,6.93,6.91,0.47,4.67
1490,24.8333,7.0,36.036,-0.377,1.2088,0.54,-13.2,0.96,7.614,0.27673,-0.12612,0.0,0.0,-0.2096,0.49383,6.01,6.5,11.98,5.96
1491,24.85,7.0,36.043,-0.375,1.2097,-0.65,-12.59,1.15,8.359,0.27622,-0.12716,0.0,0.0,-0.20859,0.49231,6.06,6.46,6.96,13.96
1492,24.8667,7.0,36.049,-0.372,1.2103,-1.37,-12.01,1.39,3.663,0.28122,-0.12214,0.0,0.0,-0.20482,0.49354,6.22,-0.12,3.91,4.64
1493,24.8833,7.0,36.055,-0.369,1.2124,-2.13,-11.5,1.86,10.895,0.27975,-0.11482,0.0,0.0,-0.20305,0.4903,6.26,6.34,25.35,5.62
1494,24.9,7.0,36.059,-0.367,1.2144,-2.81,-11.28,2.1,4.018,0.27979,-0.10986,0.0,0.0,-0.2009,0.48819,0.62,5.19,6.88,3.38
1495,24.9167,7.0,36.063,-0.366,1.2182,-2.79,-11.06,2.19,9.306,0.27727,-0.10167,0.0,0.0,-0.20215,0.48692,13.05,-4.09,7.42,20.84
1496,24.9333,7.0,36.066,-0.365,1.222,-2.83,-10.81,2.17,15.534,0.2752,-0.1029,0.0,0.0,-0.20174,0.48445,18.38,12.72,7.4,23.63
1497,24.95,7.0,36.07,-0.364,1.2247,-2.7,-10.54,2.17,9.87,0.27397,-0.0934,0.0,0.0,-0.20098,0.48245,7.74,7.39,7.31,17.04
1498,24.9667,7.0,36.074,-0.363,1.2255,-2.11,-10.28,2.12,6.974,0.27223,-0.0863,0.0,0.0,-0.20229,0.48202,6.97,6.96,6.99,6.98
1499,24.9833,7.0,36.078,-0.363,1.2254,-2.21,-10.01,2.19,6.924,0.2748,-0.08254,0.0,0.0,-0.20064,0.48294,6.96,6.54,8.59,5.61
1500,25.0,7.0,36.082,-0.363,1.2269,-2.35,-9.83,2.17,6.69,0.27738,-0.07507,0.0,0.0,-0.1979,0.48279,-0.83,17.47,8.07,2.06
1501,25.0167,7.0,36.087,-0.363,1.2287,-2.2,-9.55,2.25,3.48,0.27954,-0.06631,0.0,0.0,-0.19669,0.48374,6.87,1.89,5.15,0.02
1502,25.0333,7.0,36.093,-0.363,1.2298,-2.27,-9.22,2.42,9.891,0.27967,-0.05589,0.0,0.0,-0.19589,0.48307,13.79,7.4,6.97,11.4
1503,25.05,7.0,36.099,-0.364,1.2329,-2.23,-8.93,2.57,9.236,0.27997,-0.04428,0.0,0.0,-0.19369,0.48116,6.73,3.61,18.96,7.64
1504,25.0667,7.0,36.105,-0.363,1.2362,-2.27,-8.71,2.8,16.561,0.28222,-0.03047,0.0,0.0,-0.18989,0.47962,28.01,16.2,18.64,3.39
1505,25.0833,7.0,36.112,-0.363,1.2387,-2.15,-8.41,2.92,9.74,0.2812,-0.01759,0.0,0.0,-0.19029,0.479,7.36,8.45,6.86,16.29
1506,25.1,7.0,36.119,-0.363,1.2403,-2.15,-8.07,3.06,11.835,0.28279,-0.00726,0.0,0.0,-0.18719,0.47749,10.66,2.54,30.69,3.45
1507,25.1167,7.0,36.127,-0.363,1.2435,-2.13,-7.87,3.34,4.75,0.28636,0.00285,-0.0,-0.0,-0.18211,0.47597,6.75,4.2,4.4,3.65
1508,25.1333,7.0,36.136,-0.362,1.2467,-2.05,-7.63,3.63,7.363,0.28818,0.01139,-0.0,-0.0,-0.17896,0.47465,6.96,8.16,7.62,6.71
1509,25.15,7.0,36.147,-0.361,1.2492,-1.9,-7.34,3.89,9.029,0.28886,0.01947,-0.0,-0.0,-0.17707,0.47344,7.29,17.26,6.83,4.73
1510,25.1667,7.0,36.158,-0.36,1.2519,-1.68,-7.07,4.17,5.856,0.29136,0.02885,-0.0,-0.0,-0.17166,0.47052,6.85,4.94,6.18,5.45
1511,25.1833,7.0,36.171,-0.359,1.2554,-1.42,-6.98,4.42,6.959,0.2916,0.03503,-0.0,-0.0,-0.16917,0.46828,6.88,5.05,8.01,7.9
1512,25.2,7.0,36.185,-0.359,1.2582,-1.14,-6.9,4.65,6.022,0.29222,0.04216,-0.0,-0.0,-0.16805,0.46777,6.91,4.38,6.97,5.83
1513,25.2167,7.0,36.2,-0.358,1.26,-0.87,-6.8,4.81,6.735,0.29281,0.0474,-0.0,-0.0,-0.16828,0.46859,6.95,6.58,7.0,6.4
1514,25.2333,7.0,36.216,-0.358,1.2607,-0.57,-6.74,4.92,7.592,0.29291,0.04845,-0.0,-0.0,-0.16896,0.46937,7.02,7.02,5.87,10.46
1515,25.25,7.0,36.229,-0.359,1.2652,-0.55,-7.03,4.67,7.017,0.29773,0.05246,-0.0,-0.0,-0.16839,0.47362,6.93,7.13,7.08,6.93
1516,25.2667,7.0,36.242,-0.36,1.2688,-0.56,-7.43,4.4,6.194,0.29729,0.05483,-0.0,-0.0,-0.16904,0.47383,6.93,6.84,3.8,7.19
1517,25.2833,7.0,36.254,-0.361,1.2714,-0.55,-7.97,4.22,6.848,0.29916,0.05627,-0.0,-0.0,-0.16938,0.47604,6.8,6.89,6.94,6.77
1518,25.3,7.0,36.266,-0.362,1.272,-0.48,-8.53,4.11,5.911,0.29969,0.05785,-0.0,-0.0,-0.17069,0.47789,6.62,6.76,7.18,3.08
1519,25.3167,7.0,36.279,-0.364,1.2751,-0.04,-8.78,3.96,6.78,0.29545,0.05423,-0.0,-0.0,-0.17503,0.47799,6.81,6.6,6.79,6.92
1520,25.3333,7.0,36.292,-0.366,1.2765,-0.02,-8.95,3.91,7.911,0.30231,0.0575,-0.0,-0.0,-0.17421,0.48402,6.64,6.72,12.99,5.29
1521,25.35,7.0,36.306,-0.367,1.2767,-0.07,-9.06,3.79,6.994,0.30946,0.06762,-0.0,-0.0,-0.17397,0.49094,7.16,7.18,1.85,11.78
1522,25.3667,7.0,36.32,-0.368,1.2759,-0.22,-9.26,3.84,6.788,0.31501,0.07729,-0.0,-0.0,-0.17337,0.49588,6.9,6.89,6.91,6.45
1523,25.3833,7.0,36.334,-0.368,1.2754,0.21,-9.05,3.84,5.965,0.31072,0.08183,-0.0,-0.0,-0.17827,0.4965,6.99,5.52,6.97,4.37
1524,25.4,7.0,36.35,-0.369,1.2745,0.21,-8.85,3.89,6.421,0.31599,0.08932,-0.0,-0.0,-0.17802,0.50151,6.95,6.91,6.5,5.33
1525,25.4167,7.0,36.365,-0.367,1.2767,0.2,-9.11,3.88,7.193,0.31145,0.09069,-0.0,-0.0,-0.17884,0.49779,7.05,7.04,7.13,7.55
1526,25.4333,7.0,36.38,-0.363,1.2766,0.27,-9.27,3.91,6.011,0.30875,0.09349,-0.0,-0.0,-0.18023,0.49648,6.47,3.24,6.97,7.36
1527,25.45,7.0,36.395,-0.361,1.2758,0.23,-9.11,4.03,6.397,0.3109,0.09111,-0.0,-0.0,-0.18202,0.50042,6.68,5.92,6.97,6.02
1528,25.4667,7.0,36.411,-0.358,1.2756,-0.03,-9.07,4.06,7.087,0.30971,0.08042,-0.0,-0.0,-0.18301,0.50022,6.91,7.1,7.49,6.85
1529,25.4833,7.0,36.427,-0.355,1.2744,-0.31,-9.15,3.97,6.858,0.30905,0.06464,-0.0,-0.0,-0.18434,0.5009,6.82,6.71,7.67,6.23
1530,25.5,7.0,36.443,-0.353,1.2759,-0.2,-8.88,3.96,6.451,0.30129,0.04718,-0.0,-0.0,-0.1913,0.50009,6.95,5.2,6.73,6.92
1531,25.5167,7.0,36.459,-0.351,1.2756,-0.2,-8.83,4.03,7.132,0.30088,0.02598,-0.0,-0.0,-0.193,0.50138,7.01,8.11,6.47,6.94
1532,25.5333,7.0,36.476,-0.349,1.2757,-0.2,-9.05,4.03,6.97,0.29945,0.01052,-0.0,-0.0,-0.19304,0.5,6.99,6.99,6.94,6.95
1533,25.55,7.0,36.492,-0.347,1.2735,-0.3,-9.23,4.02,6.962,0.29965,-0.00011,0.0,0.0,-0.19295,0.5001,7.08,7.06,6.72,6.99
1534,25.5667,7.0,36.508,-0.347,1.2753,0.06,-8.97,4.0,7.186,0.29322,-0.01828,0.0,0.0,-0.19967,0.5004,6.96,5.64,9.05,7.1
1535,25.5833,7.0,36.525,-0.346,1.2757,0.03,-9.08,4.0,6.867,0.29469,-0.03153,0.0,0.0,-0.19945,0.50164,6.84,6.82,7.21,6.6
1536,25.6,7.0,36.541,-0.343,1.2751,-0.07,-9.17,4.03,7.103,0.29354,-0.04369,0.0,0.0,-0.19959,0.50064,6.96,6.95,7.31,7.2
1537,25.6167,7.0,36.549,-0.339,1.2784,-0.87,-8.24,4.1,5.632,0.29489,-0.04503,0.0,0.0,-0.19972,0.50211,6.88,6.8,2.66,6.18
1538,25.6333,7.0,36.555,-0.333,1.2808,-1.67,-7.5,4.31,6.743,0.29175,-0.04901,0.0,0.0,-0.19851,0.49776,5.92,6.35,6.73,7.98
1539,25.65,7.0,36.562,-0.329,1.2813,-2.71,-7.04,4.6,11.53,0.28974,-0.05312,0.0,0.0,-0.19708,0.49433,6.02,6.29,27.89,5.92
1540,25.6667,7.0,36.567,-0.325,1.2836,-3.53,-6.88,4.69,4.405,0.28994,-0.05673,0.0,0.0,-0.19292,0.49036,0.99,6.33,6.69,3.6
1541,25.6833,7.0,36.571,-0.322,1.2871,-4.44,-6.96,4.77,3.255,0.29118,-0.05202,0.0,0.0,-0.18729,0.48598,7.67,-5.21,6.46,4.11
1542,25.7,7.0,36.576,-0.32,1.2915,-5.32,-7.12,4.83,15.894,0.29081,-0.04976,0.0,0.0,-0.18361,0.48193,27.76,23.42,6.65,5.74
1543,25.7167,7.0,36.581,-0.318,1.2957,-6.02,-7.3,4.78,6.003,0.29461,-0.04269,0.0,0.0,-0.1773,0.47942,7.79,2.23,6.29,7.7
1544,25.7333,7.0,36.587,-0.316,1.2986,-6.43,-7.22,4.56,5.761,0.29246,-0.04007,0.0,0.0,-0.1778,0.47776,7.53,3.46,6.87,5.19
1545,25.75,7.0,36.595,-0.314,1.3018,-6.91,-7.13,4.38,13.478,0.29172,-0.0353,0.0,0.0,-0.17707,0.4763,6.99,10.68,7.69,28.55
1546,25.7667,7.0,36.6,-0.312,1.303,-6.46,-6.65,4.23,6.1,0.2873,-0.03357,0.0,0.0,-0.18129,0.47609,6.98,3.54,6.95,6.93
1547,25.7833,7.0,36.606,-0.311,1.3031,-5.89,-6.25,4.08,7.982,0.28008,-0.03969,0.0,0.0,-0.18814,0.47572,7.84,12.25,6.4,5.44
1548,25.8,7.0,36.612,-0.31,1.3041,-5.62,-5.8,4.06,3.208,0.27325,-0.05338,0.0,0.0,-0.19093,0.47168,1.27,2.57,6.83,2.16
1549,25.8167,7.0,36.619,-0.311,1.3063,-5.35,-5.37,4.0,7.991,0.27247,-0.06583,0.0,0.0,-0.1903,0.47028,10.21,9.02,6.91,5.82
1550,25.8333,7.0,36.627,-0.312,1.3082,-5.08,-4.87,3.99,6.304,0.27226,-0.08092,0.0,0.0,-0.18851,0.46827,7.73,6.1,6.37,5.02
1551,25.85,7.0,36.636,-0.314,1.3106,-4.74,-4.46,3.93,3.751,0.26974,-0.09458,0.0,0.0,-0.18708,0.46432,0.24,5.77,6.16,2.83
1552,25.8667,7.0,36.646,-0.315,1.3133,-4.43,-4.05,3.88,6.137,0.26865,-0.10695,0.0,0.0,-0.18497,0.46113,7.63,6.04,6.19,4.69
1553,25.8833,7.0,36.657,-0.317,1.3152,-4.1,-3.59,3.94,5.136,0.2707,-0.1112,0.0,0.0,-0.18125,0.45945,-0.17,9.93,6.55,4.23
1554,25.9,7.0,36.668,-0.318,1.3162,-3.91,-3.17,3.99,5.2,0.27626,-0.10178,0.0,0.0,-0.17575,0.45952,5.96,4.19,6.92,3.73
1555,25.9167,7.0,36.681,-0.32,1.3176,-3.56,-2.74,3.93,5.245,0.27493,-0.08783,0.0,0.0,-0.17363,0.45607,3.85,5.87,6.55,4.72
1556,25.9333,7.0,36.695,-0.321,1.3202,-3.23,-2.54,4.05,7.181,0.27977,-0.06978,0.0,0.0,-0.16798,0.45525,6.84,6.02,8.58,7.29
1557,25.95,7.0,36.71,-0.322,1.3226,-2.91,-2.4,4.08,6.551,0.2829,-0.05047,0.0,0.0,-0.1652,0.45561,6.86,6.5,6.91,5.95
1558,25.9667,7.0,36.726,-0.323,1.3235,-2.63,-2.24,4.08,6.544,0.28437,-0.02936,0.0,0.0,-0.16377,0.45565,6.94,6.3,6.97,5.98
1559,25.9833,7.0,36.742,-0.323,1.3252,-2.4,-2.31,4.04,6.89,0.28731,-0.00665,0.0,0.0,-0.16357,0.45838,6.9,7.03,6.7,6.93
1560,26.0,7.0,36.758,-0.324,1.3254,-2.14,-2.47,4.02,6.881,0.28638,0.01028,-0.0,-0.0,-0.16488,0.45877,6.98,6.95,6.52,7.06
1561,26.0167,7.0,36.774,-0.325,1.325,-2.26,-2.37,3.97,6.785,0.29075,0.02395,-0.0,-0.0,-0.16412,0.46237,6.99,7.01,6.98,6.16
1562,26.0333,7.0,36.79,-0.325,1.323,-2.49,-2.29,3.92,7.004,0.29761,0.04439,-0.0,-0.0,-0.16412,0.46923,7.04,7.03,6.81,7.14
1563,26.05,7.0,36.806,-0.324,1.3245,-2.35,-2.26,3.95,6.766,0.2998,0.05967,-0.0,-0.0,-0.16495,0.47226,6.91,5.69,7.44,7.04
1564,26.0667,7.0,36.822,-0.324,1.324,-2.15,-2.35,4.0,6.915,0.29925,0.06933,-0.0,-0.0,-0.1657,0.47246,7.0,6.79,6.89,6.98
1565,26.0833,7.0,36.838,-0.323,1.3227,-2.28,-2.23,4.03,6.733,0.3026,0.07975,-0.0,-0.0,-0.1651,0.4752,7.03,7.03,6.54,6.33
1566,26.1,7.0,36.853,-0.323,1.3237,-2.25,-2.23,3.98,6.765,0.30647,0.08989,-0.0,-0.0,-0.16545,0.47942,7.16,6.31,6.62,6.96
1567,26.1167,7.0,36.869,-0.322,1.3242,-2.14,-2.3,4.04,6.942,0.30552,0.09879,-0.0,-0.0,-0.16678,0.47981,6.85,6.86,7.07,6.98
1568,26.1333,7.0,36.885,-0.322,1.323,-2.11,-2.35,4.1,6.785,0.30847,0.10516,-0.0,-0.0,-0.16614,0.48211,7.0,7.1,7.05,6.0
1569,26.15,7.0,36.9,-0.322,1.3211,-2.41,-2.3,4.09,6.28,0.31663,0.1121,-0.0,-0.0,-0.16343,0.48756,6.63,5.41,6.53,6.54
1570,26.1667,7.0,36.916,-0.321,1.3235,-2.23,-2.19,4.03,6.704,0.31307,0.1123,-0.0,-0.0,-0.16854,0.48912,6.84,5.91,7.08,6.98
1571,26.1833,7.0,36.932,-0.32,1.3231,-2.09,-2.24,4.06,6.875,0.31342,0.1134,-0.0,-0.0,-0.16871,0.48964,6.95,6.48,7.07,7.0
1572,26.2,7.0,36.949,-0.32,1.3213,-2.08,-2.21,4.05,6.038,0.31678,0.11438,-0.0,-0.0,-0.16792,0.49221,7.2,7.14,2.57,7.25
1573,26.2167,7.0,36.964,-0.32,1.3225,-2.06,-2.23,3.98,6.46,0.3199,0.11447,-0.0,-0.0,-0.16889,0.49629,6.9,5.7,6.28,6.96
1574,26.2333,7.0,36.98,-0.319,1.3228,-1.88,-2.34,3.99,6.993,0.32038,0.11602,-0.0,-0.0,-0.16935,0.49724,7.01,7.01,6.97,6.98
1575,26.25,7.0,36.995,-0.319,1.3219,-1.88,-2.37,3.99,6.698,0.32404,0.11812,-0.0,-0.0,-0.16861,0.50015,6.99,6.95,6.99,5.86
1576,26.2667,7.0,37.011,-0.318,1.3205,-2.09,-2.28,3.98,7.034,0.32636,0.11396,-0.0,-0.0,-0.16849,0.50236,6.94,7.02,7.46,6.72
1577,26.2833,7.0,37.026,-0.315,1.3224,-2.03,-2.27,4.04,6.673,0.32003,0.10744,-0.0,-0.0,-0.17162,0.49915,6.93,5.97,6.9,6.89
1578,26.3,7.0,37.042,-0.314,1.322,-1.93,-2.31,4.13,6.723,0.31837,0.09964,-0.0,-0.0,-0.17383,0.49971,6.94,5.96,7.02,6.97
1579,26.3167,7.0,37.058,-0.312,1.3206,-2.02,-2.22,4.22,6.829,0.31957,0.09055,-0.0,-0.0,-0.17299,0.50006,6.99,7.0,6.99,6.33
1580,26.3333,7.0,37.074,-0.31,1.3197,-2.33,-2.36,4.15,6.785,0.31981,0.07959,-0.0,-0.0,-0.17342,0.50073,6.93,6.71,7.24,6.25
1581,26.35,7.0,37.089,-0.307,1.3226,-2.2,-2.14,4.12,7.011,0.31233,0.06175,-0.0,-0.0,-0.18033,0.50016,6.96,6.68,7.51,6.88
1582,26.3667,7.0,37.106,-0.305,1.3217,-2.21,-2.15,4.23,6.706,0.30939,0.03927,-0.0,-0.0,-0.18311,0.5,6.97,5.91,6.97,6.98
1583,26.3833,7.0,37.122,-0.303,1.3207,-2.6,-2.04,4.27,8.36,0.3135,0.02133,-0.0,-0.0,-0.18001,0.50102,6.68,12.59,6.91,7.26
1584,26.4,7.0,37.135,-0.301,1.3249,-3.07,-1.62,4.27,5.893,0.31507,0.01367,-0.0,-0.0,-0.1738,0.49637,4.92,6.63,6.77,5.26
1585,26.4167,7.0,37.149,-0.3,1.3284,-3.61,-1.44,4.38,7.268,0.3168,0.01042,-0.0,-0.0,-0.17082,0.49513,8.76,6.9,6.91,6.5
1586,26.4333,7.0,37.163,-0.298,1.3303,-4.2,-1.31,4.52,6.631,0.31868,0.00825,-0.0,-0.0,-0.17019,0.49638,6.7,6.73,6.96,6.13
1587,26.45,7.0,37.176,-0.297,1.3347,-4.53,-1.5,4.69,6.375,0.32068,0.00816,-0.0,-0.0,-0.16962,0.4978,5.47,6.72,6.91,6.4
1588,26.4667,7.0,37.19,-0.295,1.3366,-4.53,-1.36,4.74,6.674,0.32018,0.01526,-0.0,-0.0,-0.16956,0.49725,6.89,5.37,6.94,7.51
1589,26.4833,7.0,37.204,-0.293,1.3377,-4.18,-1.02,4.83,9.056,0.31676,0.02101,-0.0,-0.0,-0.17244,0.49671,7.2,13.31,7.09,8.63
1590,26.5,7.0,37.219,-0.292,1.3377,-3.88,-0.67,4.99,5.273,0.31539,0.02043,-0.0,-0.0,-0.17238,0.49527,6.61,1.1,6.79,6.59
1591,26.5167,7.0,37.234,-0.291,1.3366,-3.44,-0.37,5.06,9.934,0.3087,0.01143,-0.0,-0.0,-0.17658,0.49279,9.98,6.75,7.52,15.49
1592,26.5333,7.0,37.25,-0.291,1.3354,-3.12,-0.09,5.05,5.169,0.3069,-0.00013,0.0,0.0,-0.17693,0.49133,-0.37,8.33,6.92,5.79
1593,26.55,7.0,37.267,-0.292,1.3363,-2.84,0.07,5.03,6.554,0.31067,-0.00835,0.0,0.0,-0.17736,0.49553,6.18,6.9,6.92,6.22
1594,26.5667,7.0,37.283,-0.292,1.3363,-2.54,0.16,4.92,6.889,0.31252,-0.01575,0.0,0.0,-0.17725,0.49727,6.85,6.9,6.92,6.89
1595,26.5833,7.0,37.3,-0.293,1.3346,-2.3,0.22,4.84,6.938,0.31353,-0.0207,0.0,0.0,-0.17692,0.49796,6.9,6.91,6.96,6.98
1596,26.6,7.0,37.317,-0.293,1.3338,-2.25,0.56,4.74,6.524,0.3191,-0.01581,0.0,0.0,-0.17275,0.49935,5.52,7.06,7.12,6.39
1597,26.6167,7.0,37.334,-0.293,1.3323,-2.18,0.89,4.62,6.869,0.32045,-0.0087,0.0,0.0,-0.17205,0.50001,6.96,6.89,6.96,6.67
1598,26.6333,7.0,37.352,-0.292,1.3287,-2.22,1.2,4.53,7.075,0.32132,0.00532,-0.0,-0.0,-0.1713,0.50013,7.33,6.94,7.0,7.03
1599,26.65,7.0,37.369,-0.292,1.3244,-2.37,1.62,4.39,6.763,0.32393,0.0222,-0.0,-0.0,-0.16882,0.50026,6.31,7.03,7.08,6.63
1600,26.6667,7.0,37.387,-0.291,1.3211,-2.59,2.11,4.2,6.725,0.32409,0.03334,-0.0,-0.0,-0.16844,0.50003,6.75,6.8,6.8,6.54
1601,26.6833,7.0,37.405,-0.29,1.316,-2.75,2.62,4.0,6.65,0.32222,0.03932,-0.0,-0.0,-0.16946,0.49918,6.78,5.81,6.94,7.07
1602,26.7,7.0,37.424,-0.289,1.3111,-2.57,3.08,4.04,6.13,0.31754,0.03873,-0.0,-0.0,-0.17294,0.49799,6.64,3.35,6.78,7.75
1603,26.7167,7.0,37.443,-0.288,1.3118,-2.9,3.09,4.08,7.701,0.32241,0.03749,-0.0,-0.0,-0.17094,0.50086,6.63,6.59,8.3,9.29
1604,26.7333,7.0,37.46,-0.287,1.3136,-2.9,2.88,4.19,7.021,0.32023,0.03276,-0.0,-0.0,-0.17221,0.49995,7.21,6.95,6.97,6.96
1605,26.75,7.0,37.477,-0.285,1.3131,-2.68,2.93,4.3,6.896,0.31843,0.02586,-0.0,-0.0,-0.17373,0.49967,6.98,6.62,6.99,6.99
1606,26.7667,7.0,37.493,-0.284,1.3112,-2.74,3.2,4.37,6.818,0.31944,0.01814,-0.0,-0.0,-0.17311,0.50005,6.97,6.97,6.97,6.36
1607,26.7833,7.0,37.509,-0.283,1.3135,-2.54,3.1,4.42,6.264,0.3174,0.00909,-0.0,-0.0,-0.17576,0.50067,5.9,6.69,5.97,6.5
1608,26.8,7.0,37.526,-0.282,1.3126,-2.55,3.08,4.47,6.619,0.31773,0.00337,-0.0,-0.0,-0.1749,0.50013,6.07,6.81,6.99,6.61
1609,26.8167,7.0,37.542,-0.281,1.3113,-2.62,3.05,4.45,7.623,0.31991,0.0054,-0.0,-0.0,-0.17442,0.50184,7.29,8.74,6.48,7.99
1610,26.8333,7.0,37.557,-0.28,1.3133,-2.64,3.06,4.39,7.075,0.31417,-0.00372,0.0,0.0,-0.17556,0.49724,6.94,6.87,6.95,7.53
1611,26.85,7.0,37.573,-0.279,1.3137,-2.78,2.95,4.36,6.847,0.31566,-0.00797,0.0,0.0,-0.17538,0.49854,6.45,6.97,6.98,6.98
1612,26.8667,7.0,37.589,-0.277,1.3127,-2.69,2.96,4.33,6.827,0.31376,-0.01182,0.0,0.0,-0.17681,0.49808,6.96,6.35,7.0,6.99
1613,26.8833,7.0,37.605,-0.276,1.3115,-2.81,3.1,4.28,7.046,0.31817,-0.0117,0.0,0.0,-0.1748,0.50048,7.01,7.08,7.38,6.71
1614,26.9,7.0,37.62,-0.275,1.3137,-2.79,2.93,4.17,7.05,0.31775,-0.00994,0.0,0.0,-0.17509,0.50034,7.52,6.97,6.93,6.77
1615,26.9167,7.0,37.636,-0.273,1.3132,-2.76,2.95,4.04,6.94,0.31516,-0.01139,0.0,0.0,-0.1773,0.49996,7.04,6.78,6.97,6.97
1616,26.9333,7.0,37.652,-0.272,1.3108,-2.59,3.07,4.0,6.662,0.31108,-0.01911,0.0,0.0,-0.18096,0.49954,6.98,5.72,6.98,6.97
1617,26.95,7.0,37.667,-0.272,1.3131,-2.6,3.09,4.03,7.112,0.31285,-0.01817,0.0,0.0,-0.17968,0.50004,6.2,7.36,7.96,6.92
1618,26.9667,7.0,37.683,-0.271,1.3134,-2.59,3.09,3.96,6.893,0.31204,-0.01972,0.0,0.0,-0.18023,0.49977,7.09,6.84,6.96,6.67
1619,26.9833,7.0,37.699,-0.27,1.3118,-2.68,3.05,3.9,7.119,0.31249,-0.01867,0.0,0.0,-0.18,0.49999,6.98,6.98,6.99,7.53
1620,27.0,7.0,37.714,-0.269,1.3127,-2.63,3.03,3.92,6.053,0.31263,-0.02213,0.0,0.0,-0.17986,0.49999,5.26,6.22,7.03,5.7
1621,27.0167,7.0,37.73,-0.268,1.3135,-2.64,3.05,3.82,6.821,0.31295,-0.02441,0.0,0.0,-0.1795,0.49996,7.06,6.89,6.9,6.43
1622,27.0333,7.0,37.745,-0.267,1.3126,-2.72,3.03,3.71,6.739,0.3132,-0.02349,0.0,0.0,-0.17932,0.50002,6.52,7.02,6.97,6.44
1623,27.05,7.0,37.761,-0.266,1.3106,-2.65,3.09,3.68,6.493,0.30902,-0.02279,0.0,0.0,-0.18214,0.49867,8.0,6.19,6.44,5.35
1624,27.0667,7.0,37.777,-0.266,1.3128,-2.49,3.13,3.74,6.578,0.30948,-0.02352,0.0,0.0,-0.18269,0.49968,6.05,6.99,6.87,6.41
1625,27.0833,7.0,37.793,-0.265,1.3131,-2.41,3.22,3.74,6.982,0.30959,-0.02322,0.0,0.0,-0.18288,0.49997,7.02,7.0,7.01,6.9
1626,27.1,7.0,37.809,-0.265,1.3117,-2.42,3.25,3.74,7.05,0.31002,-0.02297,0.0,0.0,-0.18253,0.50006,7.0,7.0,6.97,7.24
1627,27.1167,7.0,37.825,-0.264,1.3105,-2.46,3.37,3.72,6.624,0.3114,-0.02147,0.0,0.0,-0.18056,0.49947,5.95,7.08,6.96,6.5
1628,27.1333,7.0,37.841,-0.263,1.3092,-2.58,3.63,3.63,7.297,0.31295,-0.0189,0.0,0.0,-0.17923,0.49968,7.87,7.02,6.98,7.31
1629,27.15,7.0,37.858,-0.261,1.3061,-2.76,3.86,3.56,7.396,0.31486,-0.01493,0.0,0.0,-0.17802,0.50038,8.69,5.2,6.89,8.8
1630,27.1667,7.0,37.875,-0.26,1.3019,-2.72,4.22,3.49,6.539,0.31197,-0.01011,0.0,0.0,-0.18048,0.49995,6.84,5.56,6.93,6.83
1631,27.1833,7.0,37.893,-0.259,1.297,-3.01,4.85,3.4,5.885,0.31389,-0.00436,0.0,0.0,-0.1787,0.5001,6.66,3.09,6.82,6.96
1632,27.2,7.0,37.911,-0.258,1.2926,-2.93,5.55,3.31,6.464,0.31138,-0.00199,0.0,0.0,-0.18093,0.49981,6.66,5.84,6.79,6.55
1633,27.2167,7.0,37.93,-0.257,1.2866,-2.79,6.19,3.32,5.162,0.30938,-0.00241,0.0,0.0,-0.18189,0.49878,6.59,5.41,6.63,2.02
1634,27.2333,7.0,37.949,-0.257,1.2798,-3.03,7.0,3.34,5.684,0.31159,-0.00193,0.0,0.0,-0.1806,0.49969,6.52,3.45,6.62,6.14
1635,27.25,7.0,37.968,-0.256,1.2727,-2.95,8.02,3.32,6.199,0.3105,-0.00421,0.0,0.0,-0.18192,0.49993,6.28,5.44,6.63,6.45
1636,27.2667,7.0,37.988,-0.256,1.2702,-2.53,8.39,3.51,7.273,0.30344,-0.01544,0.0,0.0,-0.18727,0.49822,9.27,6.19,6.41,7.22
1637,27.2833,7.0,38.005,-0.258,1.2713,-2.05,8.54,3.72,7.712,0.30369,-0.0221,0.0,0.0,-0.18688,0.49808,8.16,6.77,8.34,7.59
1638,27.3,7.0,38.022,-0.261,1.2717,-1.93,8.67,3.74,6.708,0.30877,-0.02472,0.0,0.0,-0.18397,0.50024,6.67,6.83,7.0,6.33
1639,27.3167,7.0,38.039,-0.263,1.2713,-1.87,8.65,3.75,6.834,0.31096,-0.02218,0.0,0.0,-0.18298,0.50144,7.11,7.08,7.49,5.65
1640,27.3333,7.0,38.055,-0.263,1.271,-1.92,8.41,3.5,6.697,0.30875,-0.02017,0.0,0.0,-0.18345,0.4997,6.97,6.96,6.8,6.06
1641,27.35,7.0,38.072,-0.264,1.2718,-1.98,8.58,3.35,7.102,0.31452,-0.01474,0.0,0.0,-0.17851,0.50054,7.58,7.1,7.07,6.65
1642,27.3667,7.0,38.088,-0.263,1.2711,-1.91,8.72,3.23,5.994,0.31631,-0.00699,0.0,0.0,-0.17649,0.50031,6.43,7.05,2.85,7.65
1643,27.3833,7.0,38.105,-0.262,1.2704,-2.15,8.49,3.14,7.243,0.31729,0.00809,-0.0,-0.0,-0.17524,0.50004,6.91,6.94,7.87,7.26
1644,27.4,7.0,38.12,-0.261,1.2715,-2.26,8.37,3.18,6.931,0.31908,0.02294,-0.0,-0.0,-0.17372,0.50031,6.75,7.03,7.14,6.8
1645,27.4167,7.0,38.136,-0.26,1.2721,-2.39,8.36,3.1,6.855,0.3197,0.03143,-0.0,-0.0,-0.17298,0.50018,7.24,6.87,7.0,6.31
1646,27.4333,7.0,38.151,-0.258,1.2711,-2.52,8.37,2.98,6.715,0.32126,0.03825,-0.0,-0.0,-0.17131,0.50008,6.05,6.96,7.03,6.83
1647,27.45,7.0,38.167,-0.256,1.2688,-2.71,8.36,3.01,6.873,0.32091,0.04616,-0.0,-0.0,-0.16991,0.49832,4.53,7.07,7.67,8.22
1648,27.4667,7.0,38.183,-0.256,1.2704,-2.52,7.92,3.15,6.85,0.31805,0.04425,-0.0,-0.0,-0.17396,0.49952,5.97,6.9,7.16,7.37
1649,27.4833,7.0,38.198,-0.255,1.2683,-2.22,7.85,3.18,6.754,0.3142,0.03677,-0.0,-0.0,-0.17792,0.49962,6.94,6.24,6.92,6.91
1650,27.5,7.0,38.213,-0.255,1.266,-2.04,7.8,3.14,7.748,0.31364,0.02861,-0.0,-0.0,-0.17976,0.50091,7.35,7.1,10.15,6.39
1651,27.5167,7.0,38.229,-0.256,1.264,-1.86,7.45,3.13,7.175,0.31008,0.01592,-0.0,-0.0,-0.18198,0.49956,6.98,6.81,7.92,6.98
1652,27.5333,7.0,38.244,-0.256,1.2601,-1.75,7.12,3.14,7.73,0.31032,0.00436,-0.0,-0.0,-0.1823,0.50013,6.94,8.61,8.41,6.97
1653,27.55,7.0,38.259,-0.257,1.257,-1.82,6.59,3.06,7.536,0.31075,-0.00697,0.0,0.0,-0.1814,0.49965,6.88,8.2,8.16,6.9
1654,27.5667,7.0,38.272,-0.258,1.2529,-1.93,6.04,2.96,6.9,0.31158,-0.01573,0.0,0.0,-0.18142,0.5005,6.83,6.78,7.1,6.89
1655,27.5833,7.0,38.285,-0.258,1.2485,-1.87,5.46,2.99,5.437,0.31508,-0.01689,0.0,0.0,-0.17955,0.50213,3.69,6.31,6.57,5.18
1656,27.6,7.0,38.298,-0.258,1.2495,-1.83,5.47,3.02,7.52,0.31213,-0.017,0.0,0.0,-0.17971,0.49935,7.01,7.0,7.02,9.05
1657,27.6167,7.0,38.31,-0.259,1.2483,-2.02,5.44,3.1,6.893,0.31312,-0.01549,0.0,0.0,-0.1794,0.50003,6.97,6.97,6.97,6.66
1658,27.6333,7.0,38.324,-0.259,1.2456,-2.2,5.41,3.16,6.57,0.31677,-0.00675,0.0,0.0,-0.17655,0.50083,7.66,6.93,6.88,4.82
1659,27.65,7.0,38.338,-0.258,1.2457,-2.41,5.58,3.13,6.173,0.31554,-0.00057,0.0,0.0,-0.17482,0.49787,4.94,6.85,6.91,5.98
1660,27.6667,7.0,38.353,-0.257,1.2446,-2.57,5.75,3.11,6.671,0.31581,0.00471,-0.0,-0.0,-0.17503,0.49835,6.97,5.89,6.97,6.85
1661,27.6833,7.0,38.369,-0.256,1.2419,-2.62,5.97,3.07,5.622,0.31536,0.00803,-0.0,-0.0,-0.17468,0.49754,6.92,5.65,6.81,3.12
1662,27.7,7.0,38.385,-0.256,1.2376,-2.84,6.29,3.0,6.972,0.31893,0.01103,-0.0,-0.0,-0.17368,0.50011,7.04,7.45,7.03,6.38
1663,27.7167,7.0,38.402,-0.255,1.2336,-2.61,7.12,2.93,5.873,0.3151,0.01276,-0.0,-0.0,-0.17732,0.49993,6.65,5.59,6.86,4.39
1664,27.7333,7.0,38.42,-0.255,1.2277,-2.58,7.75,2.84,6.621,0.31408,0.01221,-0.0,-0.0,-0.17838,0.49996,6.71,6.43,6.77,6.57
1665,27.75,7.0,38.438,-0.255,1.2204,-2.6,8.4,2.77,5.042,0.31493,0.00885,-0.0,-0.0,-0.1762,0.49863,6.61,2.83,6.56,4.17
1666,27.7667,7.0,38.457,-0.255,1.2139,-2.61,9.47,2.71,6.013,0.31656,0.00883,-0.0,-0.0,-0.17528,0.49934,6.27,5.34,6.48,5.97
1667,27.7833,7.0,38.476,-0.255,1.2063,-2.61,10.45,2.64,6.424,0.3165,0.00848,-0.0,-0.0,-0.176,0.50001,6.32,6.32,6.51,6.55
1668,27.8,7.0,38.496,-0.256,1.1973,-2.64,11.34,2.56,6.446,0.31733,0.00949,-0.0,-0.0,-0.17333,0.49817,6.31,5.64,6.52,7.32
1669,27.8167,7.0,38.516,-0.258,1.1989,-2.1,11.67,2.65,6.524,0.31405,0.00334,-0.0,-0.0,-0.17501,0.49657,5.83,6.78,6.32,7.17
1670,27.8333,7.0,38.535,-0.26,1.1969,-1.85,12.01,2.67,6.145,0.31582,0.00367,-0.0,-0.0,-0.17408,0.4974,7.17,6.92,4.85,5.65
1671,27.85,7.0,38.554,-0.262,1.1978,-1.42,11.89,2.84,7.047,0.31544,0.00463,-0.0,-0.0,-0.17497,0.49791,6.31,6.97,6.9,8.01
1672,27.8667,7.0,38.571,-0.264,1.1977,-1.24,12.11,2.93,8.398,0.3221,0.01146,-0.0,-0.0,-0.16993,0.49954,12.02,7.29,6.47,7.82
1673,27.8833,7.0,38.588,-0.265,1.198,-1.48,12.04,2.89,7.385,0.32241,0.0161,-0.0,-0.0,-0.17097,0.50089,6.89,6.89,7.75,8.0
1674,27.9,7.0,38.604,-0.265,1.1982,-1.48,11.92,2.98,7.12,0.32282,0.02066,-0.0,-0.0,-0.16975,0.50007,7.08,7.01,7.02,7.38
1675,27.9167,7.0,38.62,-0.265,1.1979,-1.49,11.87,3.06,7.813,0.3246,0.02566,-0.0,-0.0,-0.16911,0.50121,9.47,7.05,6.86,7.88
1676,27.9333,7.0,38.635,-0.265,1.1976,-1.52,12.04,3.0,6.715,0.32519,0.03403,-0.0,-0.0,-0.16718,0.49987,6.25,7.03,7.01,6.57
1677,27.95,7.0,38.651,-0.264,1.1966,-1.79,12.0,2.93,6.851,0.32655,0.04099,-0.0,-0.0,-0.16626,0.50032,6.96,6.97,6.75,6.73
1678,27.9667,7.0,38.666,-0.263,1.198,-1.73,11.66,3.1,6.766,0.32411,0.04499,-0.0,-0.0,-0.16776,0.49938,6.32,6.96,6.84,6.94
1679,27.9833,7.0,38.682,-0.263,1.1969,-1.77,11.5,3.25,6.574,0.32735,0.04499,-0.0,-0.0,-0.1649,0.49976,5.29,6.99,7.02,7.0
1680,28.0,7.0,38.697,-0.261,1.1943,-1.75,11.4,3.4,6.877,0.32752,0.04485,-0.0,-0.0,-0.16512,0.50015,6.98,7.0,6.95,6.58
1681,28.0167,7.0,38.712,-0.26,1.1927,-1.4,11.17,3.46,6.935,0.32167,0.03829,-0.0,-0.0,-0.1696,0.49878,6.79,6.63,7.92,6.39
1682,28.0333,7.0,38.727,-0.26,1.1904,-1.19,10.98,3.41,6.592,0.31767,0.02657,-0.0,-0.0,-0.17163,0.49681,6.27,6.63,6.66,6.81
1683,28.05,7.0,38.742,-0.261,1.1895,-1.21,10.64,3.22,7.361,0.32082,0.0189,-0.0,-0.0,-0.17137,0.4997,6.98,7.54,7.94,6.99
1684,28.0667,7.0,38.757,-0.262,1.1868,-1.25,10.24,3.06,6.782,0.32042,0.01032,-0.0,-0.0,-0.17171,0.49963,6.94,6.13,7.09,6.96
1685,28.0833,7.0,38.771,-0.263,1.1824,-1.28,9.8,2.99,6.982,0.32,0.00485,-0.0,-0.0,-0.17261,0.50011,6.65,7.35,6.97,6.97
1686,28.1,7.0,38.785,-0.264,1.1773,-1.17,9.18,3.04,4.906,0.32366,0.00046,-0.0,-0.0,-0.1696,0.50076,8.15,6.5,-1.43,6.4
1687,28.1167,7.0,38.798,-0.264,1.1706,-1.2,8.44,3.12,6.717,0.32494,-0.00224,0.0,0.0,-0.1682,0.50065,6.62,6.81,6.77,6.67
1688,28.1333,7.0,38.811,-0.264,1.1632,-0.81,7.51,3.24,7.216,0.32007,-0.00362,0.0,0.0,-0.17227,0.49984,8.72,6.67,6.75,6.72
1689,28.15,7.0,38.823,-0.266,1.1571,-0.62,6.84,3.42,5.295,0.32261,0.0019,-0.0,-0.0,-0.17231,0.50243,3.77,6.62,6.61,4.17
1690,28.1667,7.0,38.836,-0.265,1.1551,-0.46,6.87,3.35,6.587,0.31993,0.00075,-0.0,-0.0,-0.17219,0.49962,8.3,6.8,6.83,4.41
1691,28.1833,7.0,38.851,-0.264,1.1561,-0.59,7.27,3.26,5.96,0.32224,0.00253,-0.0,-0.0,-0.16809,0.49784,4.39,6.97,6.96,5.53
1692,28.2,7.0,38.866,-0.262,1.1537,-0.74,7.43,3.19,6.621,0.32611,0.00851,-0.0,-0.0,-0.16616,0.49977,6.21,6.96,6.99,6.32
1693,28.2167,7.0,38.883,-0.261,1.1495,-0.99,7.56,3.18,6.688,0.32813,0.01209,-0.0,-0.0,-0.16452,0.50015,6.77,6.96,6.98,6.04
1694,28.2333,7.0,38.899,-0.259,1.1466,-1.37,8.0,3.06,6.636,0.33043,0.01629,-0.0,-0.0,-0.16114,0.49907,5.89,6.98,6.94,6.72
1695,28.25,7.0,38.916,-0.257,1.1419,-1.79,8.45,2.97,6.716,0.33205,0.02665,-0.0,-0.0,-0.16048,0.50003,6.69,6.91,6.82,6.45
1696,28.2667,7.0,38.933,-0.255,1.1355,-2.24,8.89,2.9,5.854,0.33436,0.03554,-0.0,-0.0,-0.15734,0.4992,6.54,5.11,6.62,5.14
1697,28.2833,7.0,38.952,-0.253,1.1298,-1.94,9.87,2.97,6.45,0.32883,0.04043,-0.0,-0.0,-0.16248,0.49882,6.62,5.67,6.74,6.77
1698,28.3,7.0,38.97,-0.252,1.1224,-2.0,10.74,3.02,6.911,0.33114,0.04473,-0.0,-0.0,-0.16187,0.50051,6.63,8.08,6.87,6.06
1699,28.3167,7.0,38.99,-0.251,1.1181,-1.86,11.24,3.2,7.34,0.3264,0.03966,-0.0,-0.0,-0.16394,0.49784,7.05,6.85,6.66,8.8
1700,28.3333,7.0,39.009,-0.252,1.1157,-1.55,11.29,3.44,7.473,0.32542,0.03212,-0.0,-0.0,-0.16518,0.4981,9.11,6.89,6.92,6.97
1701,28.35,7.0,39.028,-0.253,1.1162,-1.63,11.7,3.48,7.651,0.33078,0.02861,-0.0,-0.0,-0.16093,0.49921,8.72,6.93,8.25,6.7
1702,28.3667,7.0,39.046,-0.254,1.1179,-1.3,11.59,3.63,6.746,0.32985,0.02292,-0.0,-0.0,-0.16274,0.5001,6.29,6.91,6.88,6.9
1703,28.3833,7.0,39.064,-0.254,1.1165,-1.16,11.63,3.72,7.951,0.331,0.01672,-0.0,-0.0,-0.16148,0.49999,11.27,6.93,7.14,6.46
1704,28.4,7.0,39.081,-0.255,1.1176,-1.25,11.67,3.82,6.766,0.33198,0.01795,-0.0,-0.0,-0.16037,0.49986,6.78,6.88,6.48,6.92
1705,28.4167,7.0,39.097,-0.256,1.1173,-1.16,11.74,3.92,6.47,0.33352,0.01825,-0.0,-0.0,-0.15808,0.49911,5.39,7.15,7.0,6.34
1706,28.4333,7.0,39.114,-0.257,1.1169,-1.11,11.61,3.97,5.803,0.33659,0.02655,-0.0,-0.0,-0.15694,0.50104,2.36,6.72,7.4,6.72
1707,28.45,7.0,39.13,-0.256,1.1168,-1.35,11.6,3.96,7.342,0.33645,0.0347,-0.0,-0.0,-0.15549,0.49944,8.58,7.03,6.61,7.15
1708,28.4667,7.0,39.145,-0.256,1.1159,-1.64,11.69,4.06,6.18,0.33864,0.03863,-0.0,-0.0,-0.15329,0.49943,4.19,6.84,6.99,6.69
1709,28.4833,7.0,39.161,-0.255,1.118,-1.51,11.43,4.28,6.66,0.33568,0.03998,-0.0,-0.0,-0.15595,0.49913,5.53,6.94,6.95,7.22
1710,28.5,7.0,39.177,-0.255,1.1165,-1.53,11.28,4.38,6.82,0.33814,0.04253,-0.0,-0.0,-0.15477,0.50041,6.51,6.95,6.98,6.83
1711,28.5167,7.0,39.192,-0.254,1.1143,-1.38,11.29,4.43,6.717,0.33576,0.04131,-0.0,-0.0,-0.1556,0.49886,6.55,6.66,7.0,6.66
1712,28.5333,7.0,39.208,-0.253,1.1128,-1.1,11.15,4.43,7.199,0.3351,0.03797,-0.0,-0.0,-0.15635,0.49895,8.04,6.92,6.91,6.92
1713,28.55,7.0,39.224,-0.254,1.1121,-0.95,10.84,4.3,6.987,0.33608,0.03288,-0.0,-0.0,-0.15701,0.50059,6.82,7.31,7.58,6.24
1714,28.5667,7.0,39.238,-0.254,1.1112,-0.75,10.43,4.25,7.024,0.33351,0.02591,-0.0,-0.0,-0.15836,0.49937,6.84,7.21,7.14,6.9
1715,28.5833,7.0,39.253,-0.254,1.1085,-0.59,10.05,4.21,7.057,0.33265,0.01664,-0.0,-0.0,-0.15957,0.49973,6.92,7.1,7.28,6.93
1716,28.6,7.0,39.267,-0.255,1.1044,-0.53,9.66,4.14,7.025,0.33247,0.01134,-0.0,-0.0,-0.15955,0.49953,6.95,7.48,6.88,6.79
1717,28.6167,7.0,39.281,-0.255,1.1008,-0.56,9.05,4.02,7.164,0.33283,0.00452,-0.0,-0.0,-0.15987,0.5002,6.91,6.91,8.01,6.83
1718,28.6333,7.0,39.295,-0.255,1.095,-0.58,8.4,3.93,7.143,0.33328,0.00143,-0.0,-0.0,-0.16033,0.50111,6.7,6.7,8.37,6.8
1719,28.65,7.0,39.308,-0.255,1.0875,-0.54,7.67,3.93,7.004,0.33182,-0.00212,0.0,0.0,-0.16061,0.49992,6.6,6.64,8.05,6.72
1720,28.6667,7.0,39.321,-0.254,1.0785,-0.33,6.84,3.95,7.121,0.32832,-0.00985,0.0,0.0,-0.16356,0.49938,8.56,6.71,6.49,6.72
1721,28.6833,7.0,39.333,-0.253,1.0684,0.03,5.95,3.94,7.005,0.32489,-0.01752,0.0,0.0,-0.16693,0.49933,8.39,6.57,6.57,6.48
1722,28.7,7.0,39.344,-0.253,1.0671,-0.02,6.09,3.75,5.243,0.33056,-0.01757,0.0,0.0,-0.16085,0.49892,4.81,6.52,6.62,3.02
1723,28.7167,7.0,39.357,-0.253,1.066,-0.17,6.25,3.59,6.616,0.33675,-0.01106,0.0,0.0,-0.15609,0.50034,7.68,6.96,6.91,4.92
1724,28.7333,7.0,39.371,-0.252,1.0636,-0.48,6.36,3.55,6.618,0.34037,-0.00197,0.0,0.0,-0.15234,0.50022,6.85,7.05,6.97,5.61
1725,28.75,7.0,39.387,-0.25,1.06,-0.78,6.45,3.48,6.571,0.33993,0.00511,-0.0,-0.0,-0.15273,0.50017,6.98,6.97,6.98,5.35
1726,28.7667,7.0,39.403,-0.247,1.0562,-1.33,6.89,3.34,6.337,0.34351,0.01653,-0.0,-0.0,-0.14936,0.50037,5.37,4.88,7.0,8.1
1727,28.7833,7.0,39.42,-0.244,1.0515,-1.72,7.34,3.21,6.492,0.34158,0.02819,-0.0,-0.0,-0.15087,0.49995,6.75,5.73,6.88,6.6
1728,28.8,7.0,39.438,-0.242,1.0477,-1.32,8.0,3.23,7.061,0.33036,0.03043,-0.0,-0.0,-0.16118,0.49905,7.06,7.55,6.82,6.82
1729,28.8167,7.0,39.457,-0.241,1.0456,-1.15,8.14,3.12,7.135,0.32696,0.02307,-0.0,-0.0,-0.16231,0.49678,6.75,7.87,7.27,6.65
1730,28.8333,7.0,39.474,-0.242,1.0475,-0.92,8.26,3.15,6.752,0.32874,0.01207,-0.0,-0.0,-0.16235,0.4986,6.18,6.9,6.79,7.14
1731,28.85,7.0,39.492,-0.242,1.0475,-0.86,8.17,3.07,7.096,0.33027,0.00022,-0.0,-0.0,-0.16178,0.49955,6.93,6.96,7.49,7.01
1732,28.8667,7.0,39.509,-0.243,1.0457,-0.96,8.04,2.95,7.216,0.33066,-0.00934,0.0,0.0,-0.16196,0.50013,6.83,8.39,6.95,6.69
1733,28.8833,7.0,39.526,-0.242,1.0448,-1.24,8.39,2.81,8.334,0.33471,-0.01727,0.0,0.0,-0.15741,0.49962,11.92,7.96,5.07,8.38
1734,28.9,7.0,39.542,-0.242,1.0477,-1.08,8.09,2.85,6.536,0.33457,-0.02241,0.0,0.0,-0.15818,0.50025,6.22,6.68,6.92,6.32
1735,28.9167,7.0,39.558,-0.241,1.0466,-1.04,8.03,2.86,6.851,0.33372,-0.01627,0.0,0.0,-0.15854,0.49977,6.99,6.4,7.02,6.99
1736,28.9333,7.0,39.574,-0.24,1.0455,-1.15,8.23,2.82,6.618,0.33823,-0.00273,0.0,0.0,-0.155,0.50073,5.58,7.1,6.97,6.82
1737,28.95,7.0,39.59,-0.239,1.0476,-0.98,8.19,2.79,6.617,0.33617,0.00524,-0.0,-0.0,-0.15637,0.50004,5.87,6.95,6.93,6.72
1738,28.9667,7.0,39.606,-0.239,1.0474,-1.01,8.15,2.83,7.07,0.33512,0.0096,-0.0,-0.0,-0.15516,0.49778,7.13,6.99,7.0,7.16
1739,28.9833,7.0,39.623,-0.239,1.0455,-0.99,8.06,2.91,6.405,0.33926,0.01729,-0.0,-0.0,-0.15246,0.49922,7.33,5.83,6.14,6.32
1740,29.0,7.0,39.639,-0.238,1.0447,-1.33,8.35,2.83,7.103,0.34158,0.02229,-0.0,-0.0,-0.15096,0.50005,7.03,7.09,6.93,7.35
1741,29.0167,7.0,39.654,-0.239,1.0474,-1.06,8.14,2.87,6.517,0.34034,0.02555,-0.0,-0.0,-0.15245,0.5003,5.87,6.89,6.95,6.36
1742,29.0333,7.0,39.67,-0.238,1.046,-1.05,8.08,2.87,5.562,0.34062,0.02959,-0.0,-0.0,-0.15164,0.49977,6.55,4.64,4.5,6.56
1743,29.05,7.0,39.686,-0.239,1.0446,-0.95,8.01,2.82,6.855,0.34099,0.02888,-0.0,-0.0,-0.15052,0.49901,6.96,7.14,6.3,7.02
1744,29.0667,7.0,39.702,-0.24,1.0441,-0.8,7.77,2.72,7.246,0.34169,0.0311,-0.0,-0.0,-0.1508,0.5,6.97,7.06,7.95,7.0
1745,29.0833,7.0,39.717,-0.241,1.0432,-0.72,7.5,2.61,6.979,0.34197,0.03442,-0.0,-0.0,-0.15063,0.50011,6.97,6.96,7.11,6.87
1746,29.1,7.0,39.732,-0.241,1.0404,-0.58,7.15,2.55,6.972,0.3412,0.03228,-0.0,-0.0,-0.15224,0.50095,6.97,7.19,6.78,6.95
1747,29.1167,7.0,39.747,-0.242,1.0361,-0.45,6.75,2.56,7.763,0.34049,0.02728,-0.0,-0.0,-0.15264,0.50063,7.05,10.21,6.76,7.03
1748,29.1333,7.0,39.76,-0.243,1.0334,-0.52,6.08,2.53,6.514,0.33997,0.02363,-0.0,-0.0,-0.15166,0.49914,6.9,4.77,7.44,6.94
1749,29.15,7.0,39.773,-0.244,1.0288,-0.55,5.45,2.47,7.01,0.34151,0.0217,-0.0,-0.0,-0.15197,0.50098,6.74,6.74,7.75,6.8
1750,29.1667,7.0,39.785,-0.245,1.0225,-0.49,4.68,2.52,6.852,0.34065,0.01874,-0.0,-0.0,-0.15184,0.49999,6.61,6.66,7.43,6.71
1751,29.1833,7.0,39.797,-0.244,1.0142,-0.42,3.86,2.59,6.877,0.34066,0.01543,-0.0,-0.0,-0.15194,0.5001,6.55,6.58,7.72,6.66
1752,29.2,7.0,39.809,-0.244,1.0079,-0.57,3.41,2.73,5.651,0.34388,0.01555,-0.0,-0.0,-0.15052,0.50191,4.28,6.73,6.69,4.9
1753,29.2167,7.0,39.823,-0.243,1.0065,-0.71,3.4,2.65,6.914,0.3435,0.01605,-0.0,-0.0,-0.14908,0.50009,8.61,7.01,7.01,5.03
1754,29.2333,7.0,39.837,-0.241,1.0036,-0.92,3.35,2.6,6.626,0.34464,0.01839,-0.0,-0.0,-0.14818,0.50032,7.13,7.0,7.02,5.35
1755,29.25,7.0,39.853,-0.238,1.0029,-1.36,3.68,2.47,6.532,0.3452,0.02156,-0.0,-0.0,-0.14516,0.49787,6.41,6.9,6.84,5.97
1756,29.2667,7.0,39.869,-0.236,1.0009,-1.28,4.19,2.52,6.57,0.34094,0.0184,-0.0,-0.0,-0.14951,0.49795,6.8,5.69,6.9,6.88
1757,29.2833,7.0,39.887,-0.234,0.9971,-1.11,4.41,2.55,6.957,0.3356,0.011,-0.0,-0.0,-0.15508,0.49819,6.95,6.98,6.95,6.95
1758,29.3,7.0,39.903,-0.234,0.9984,-0.88,4.47,2.66,6.312,0.33496,0.00381,-0.0,-0.0,-0.15769,0.50015,5.21,6.79,7.01,6.24
1759,29.3167,7.0,39.92,-0.234,0.9986,-0.67,4.6,2.59,6.778,0.33501,-0.00578,0.0,0.0,-0.1576,0.50012,6.62,6.96,7.0,6.53
1760,29.3333,7.0,39.937,-0.234,0.997,-0.53,4.7,2.52,5.291,0.3343,-0.01455,0.0,0.0,-0.15701,0.49882,5.38,6.83,6.27,2.69
1761,29.35,7.0,39.953,-0.235,0.9955,-0.57,4.93,2.57,6.445,0.33799,-0.01963,0.0,0.0,-0.15429,0.49979,5.06,7.01,6.98,6.73
1762,29.3667,7.0,39.97,-0.235,0.9981,-0.25,4.86,2.56,6.692,0.33826,-0.02442,0.0,0.0,-0.1553,0.50106,6.21,6.81,6.77,6.99
1763,29.3833,7.0,39.987,-0.235,0.9977,-0.21,4.82,2.54,6.961,0.33785,-0.02467,0.0,0.0,-0.15499,0.50034,6.87,6.88,7.09,7.01
1764,29.4,7.0,40.003,-0.235,0.9957,-0.29,4.83,2.53,6.799,0.33961,-0.01758,0.0,0.0,-0.15385,0.50097,6.84,6.93,7.04,6.38
1765,29.4167,7.0,40.019,-0.234,0.9976,-0.25,4.85,2.5,6.712,0.34062,-0.00965,0.0,0.0,-0.15257,0.50069,5.93,6.87,7.66,6.39
1766,29.4333,7.0,40.035,-0.233,0.998,-0.25,4.86,2.41,7.012,0.34041,-0.00294,0.0,0.0,-0.15194,0.49985,7.17,6.99,6.99,6.9
1767,29.45,7.0,40.051,-0.232,0.9966,-0.34,4.83,2.36,6.057,0.33978,0.00304,-0.0,-0.0,-0.15148,0.49877,6.82,6.85,6.76,3.8
1768,29.4667,7.0,40.067,-0.232,0.9954,-0.62,4.91,2.38,7.367,0.34604,0.01096,-0.0,-0.0,-0.1467,0.50025,8.52,7.35,6.12,7.48
1769,29.4833,7.0,40.082,-0.231,0.9984,-0.66,4.63,2.44,6.473,0.34596,0.01756,-0.0,-0.0,-0.14673,0.5002,5.86,6.78,6.86,6.4
1770,29.5,7.0,40.098,-0.229,0.998,-0.8,4.5,2.45,6.828,0.34786,0.02575,-0.0,-0.0,-0.14488,0.50024,6.49,6.99,6.97,6.87
1771,29.5167,7.0,40.113,-0.228,0.996,-0.97,4.4,2.48,5.949,0.34855,0.03186,-0.0,-0.0,-0.14431,0.50036,4.5,6.84,6.94,5.51
1772,29.5333,7.0,40.128,-0.227,0.9985,-0.99,4.35,2.51,6.449,0.348,0.03563,-0.0,-0.0,-0.14466,0.50016,5.29,7.26,6.98,6.26
1773,29.55,7.0,40.143,-0.225,0.9992,-1.04,4.33,2.45,6.911,0.34702,0.03815,-0.0,-0.0,-0.14532,0.49984,7.45,6.21,6.99,7.0
1774,29.5667,7.0,40.159,-0.224,0.9981,-1.1,4.3,2.42,6.115,0.34474,0.03868,-0.0,-0.0,-0.14707,0.49931,6.93,6.09,6.94,4.5
1775,29.5833,7.0,40.175,-0.223,0.9953,-1.17,4.31,2.43,6.635,0.34445,0.0324,-0.0,-0.0,-0.14793,0.49988,6.92,6.13,6.95,6.55
1776,29.6,7.0,40.19,-0.223,0.9952,-0.74,4.06,2.46,6.586,0.33721,0.01951,-0.0,-0.0,-0.15319,0.4979,5.86,6.73,6.94,6.81
1777,29.6167,7.0,40.206,-0.223,0.9917,-0.43,3.9,2.48,6.965,0.3389,0.00795,-0.0,-0.0,-0.15346,0.49986,7.11,6.98,6.89,6.88
1778,29.6333,7.0,40.222,-0.223,0.9866,-0.18,3.69,2.37,7.406,0.3406,-0.00119,0.0,0.0,-0.15315,0.50126,8.78,6.81,6.97,7.07
1779,29.65,7.0,40.236,-0.222,0.9844,-0.08,2.94,2.13,5.082,0.34042,-0.00884,0.0,0.0,-0.15252,0.50044,6.6,6.75,4.34,2.63
1780,29.6667,7.0,40.251,-0.221,0.9791,-0.0,2.22,1.95,7.012,0.34008,-0.01491,0.0,0.0,-0.15249,0.50008,6.53,6.66,8.17,6.69
1781,29.6833,7.0,40.265,-0.22,0.9737,-0.25,1.78,1.94,5.947,0.34681,-0.01099,0.0,0.0,-0.14741,0.50173,4.64,6.58,6.71,5.86
1782,29.7,7.0,40.279,-0.218,0.9716,-0.31,1.75,1.94,6.639,0.34431,-0.00981,0.0,0.0,-0.14801,0.49982,7.01,6.99,7.02,5.53
1783,29.7167,7.0,40.293,-0.217,0.9745,-0.39,1.77,1.94,6.387,0.34374,-0.00191,0.0,0.0,-0.149,0.50025,5.56,6.97,6.91,6.1
1784,29.7333,7.0,40.309,-0.215,0.9746,-0.49,1.69,1.84,6.842,0.34382,0.00338,-0.0,-0.0,-0.14889,0.50021,7.04,6.98,6.96,6.39
1785,29.75,7.0,40.323,-0.213,0.9746,-0.56,1.45,1.9,8.21,0.34152,0.00392,-0.0,-0.0,-0.15114,0.50017,10.68,7.12,7.25,7.8
1786,29.7667,7.0,40.337,-0.212,0.9773,-0.54,1.21,2.0,6.229,0.34095,0.00399,-0.0,-0.0,-0.15177,0.50022,6.14,6.77,6.64,5.36
1787,29.7833,7.0,40.35,-0.211,0.9796,-0.52,1.05,1.98,6.444,0.3415,0.00497,-0.0,-0.0,-0.15086,0.49987,5.16,7.05,7.04,6.53
1788,29.8,7.0,40.364,-0.209,0.9806,-0.57,0.88,1.93,7.127,0.34252,-4e-05,0.0,0.0,-0.1502,0.50022,7.59,6.97,6.94,7.01
1789,29.8167,7.0,40.378,-0.208,0.9802,-0.71,0.64,1.95,6.595,0.34381,-0.00056,0.0,0.0,-0.1489,0.50021,5.9,6.96,6.91,6.6
1790,29.8333,7.0,40.393,-0.206,0.9819,-0.77,0.55,1.94,6.347,0.34339,-0.00085,0.0,0.0,-0.14955,0.50045,6.25,5.43,6.95,6.76
1791,29.85,7.0,40.407,-0.205,0.9828,-0.83,0.49,1.89,6.695,0.34258,-0.00202,0.0,0.0,-0.15002,0.5001,6.56,6.42,6.97,6.83
1792,29.8667,7.0,40.423,-0.203,0.9822,-0.95,0.41,1.85,6.131,0.34015,-0.00319,0.0,0.0,-0.15182,0.49948,6.91,6.11,6.97,4.54
1793,29.8833,7.0,40.438,-0.202,0.9798,-1.05,0.35,1.84,6.678,0.34098,-0.00276,0.0,0.0,-0.15224,0.50073,6.75,7.22,6.9,5.85
1794,29.9,7.0,40.454,-0.203,0.9824,-0.77,0.51,1.86,6.647,0.33833,-0.00569,0.0,0.0,-0.15474,0.50058,6.02,6.97,6.93,6.67
1795,29.9167,7.0,40.47,-0.202,0.9827,-0.84,0.5,1.84,6.958,0.3392,-0.00842,0.0,0.0,-0.15331,0.50002,7.07,6.92,6.97,6.87
1796,29.9333,7.0,40.486,-0.202,0.9812,-0.92,0.5,1.85,6.931,0.33958,-0.01176,0.0,0.0,-0.15289,0.49998,6.99,6.96,6.98,6.8
1797,29.95,7.0,40.503,-0.201,0.9791,-0.8,0.85,1.9,6.549,0.33974,-0.01411,0.0,0.0,-0.15339,0.50063,7.24,6.33,6.99,5.63
1798,29.9667,7.0,40.519,-0.202,0.9821,-0.42,0.81,1.88,6.503,0.33677,-0.01839,0.0,0.0,-0.15594,0.50021,5.76,6.86,6.93,6.46
1799,29.9833,7.0,40.535,-0.202,0.9811,-0.21,0.95,1.75,6.892,0.33697,-0.01946,0.0,0.0,-0.15553,0.5,6.96,6.94,6.99,6.67
1800,30.0,7.0,40.552,-0.202,0.9782,-0.15,1.08,1.68,6.046,0.33896,-0.01921,0.0,0.0,-0.15367,0.50014,5.88,6.75,6.79,4.76
1801,30.0167,7.0,40.567,-0.204,0.9813,0.13,1.1,1.67,6.364,0.33936,-0.01585,0.0,0.0,-0.15377,0.50063,5.65,6.87,7.01,5.93
1802,30.0333,7.0,40.584,-0.204,0.9812,0.34,1.3,1.54,6.909,0.34094,-0.01216,0.0,0.0,-0.15175,0.50019,7.5,6.83,6.99,6.31
1803,30.05,7.0,40.6,-0.204,0.9793,0.41,1.47,1.49,5.627,0.34043,-0.00983,0.0,0.0,-0.15048,0.49842,2.29,7.15,7.16,5.91
1804,30.0667,7.0,40.617,-0.205,0.9804,0.64,1.41,1.59,7.014,0.34219,-0.00613,0.0,0.0,-0.15131,0.50101,5.97,6.96,7.34,7.79
1805,30.0833,7.0,40.633,-0.206,0.9808,0.87,1.61,1.46,7.079,0.3413,-0.00073,0.0,0.0,-0.15087,0.49968,7.35,6.93,6.95,7.09
1806,30.1,7.0,40.649,-0.207,0.9798,1.03,1.79,1.32,6.901,0.34207,0.0046,-0.0,-0.0,-0.15041,0.49998,6.98,6.97,6.99,6.65
1807,30.1167,7.0,40.666,-0.208,0.9767,1.09,1.93,1.27,6.654,0.34525,0.01052,-0.0,-0.0,-0.1476,0.50036,6.11,6.92,7.0,6.58
1808,30.1333,7.0,40.682,-0.209,0.977,1.55,1.69,1.31,6.825,0.34153,0.01149,-0.0,-0.0,-0.15106,0.5001,6.64,6.9,6.96,6.8
1809,30.15,7.0,40.699,-0.21,0.9739,1.91,1.61,1.22,6.911,0.34181,0.01101,-0.0,-0.0,-0.15096,0.50027,6.95,6.95,7.0,6.74
1810,30.1667,7.0,40.715,-0.211,0.9691,2.17,1.46,1.04,6.875,0.34516,0.01456,-0.0,-0.0,-0.14963,0.5023,6.59,6.95,7.95,6.01
1811,30.1833,7.0,40.731,-0.21,0.9651,2.4,0.86,0.85,7.031,0.34272,0.01335,-0.0,-0.0,-0.15129,0.50151,6.59,6.57,7.88,7.08
1812,30.2,7.0,40.746,-0.209,0.9646,2.35,0.83,0.71,6.222,0.34287,0.01336,-0.0,-0.0,-0.15013,0.5005,5.82,6.75,6.87,5.45
1813,30.2167,7.0,40.761,-0.207,0.9636,2.32,0.84,0.55,6.686,0.34489,0.01466,-0.0,-0.0,-0.14794,0.50033,6.65,6.99,6.35,6.76
1814,30.2333,7.0,40.776,-0.206,0.9632,2.19,0.65,0.64,7.686,0.34089,0.00842,-0.0,-0.0,-0.15188,0.50028,9.29,7.05,7.85,6.56
1815,30.25,7.0,40.787,-0.207,0.9682,2.54,0.38,0.82,7.668,0.33933,0.00514,-0.0,-0.0,-0.15306,0.4999,11.17,6.68,6.28,6.54
1816,30.2667,7.0,40.798,-0.207,0.9717,2.8,0.13,0.94,6.981,0.33891,0.00154,-0.0,-0.0,-0.15347,0.49988,7.05,6.89,6.96,7.02
1817,30.2833,7.0,40.81,-0.207,0.9742,2.98,-0.18,0.98,7.297,0.33983,-0.00412,0.0,0.0,-0.153,0.50034,8.27,6.9,6.93,7.09
1818,30.3,7.0,40.823,-0.208,0.9755,3.1,-0.53,1.0,5.898,0.341,-0.00539,0.0,0.0,-0.15204,0.50055,4.8,6.89,7.04,4.86
1819,30.3167,7.0,40.836,-0.208,0.978,3.13,-0.61,0.97,7.201,0.34213,-0.0055,0.0,0.0,-0.14972,0.49936,8.52,6.99,6.96,6.34
1820,30.3333,7.0,40.849,-0.207,0.9793,3.13,-0.71,0.92,7.075,0.34445,-0.0053,0.0,0.0,-0.14793,0.49988,7.42,7.02,6.99,6.88
1821,30.35,7.0,40.864,-0.207,0.9794,3.05,-0.87,0.93,7.016,0.34688,0.0015,-0.0,-0.0,-0.14601,0.50039,8.0,7.03,7.05,5.98
1822,30.3667,7.0,40.878,-0.206,0.9791,3.08,-1.07,0.93,6.697,0.34678,0.00898,-0.0,-0.0,-0.14621,0.50049,6.27,6.99,7.07,6.47
1823,30.3833,7.0,40.892,-0.206,0.9806,3.07,-1.0,0.8,6.495,0.34861,0.01789,-0.0,-0.0,-0.14417,0.50029,6.6,6.98,7.0,5.41
1824,30.4,7.0,40.907,-0.204,0.9807,3.02,-0.95,0.63,6.825,0.34967,0.02586,-0.0,-0.0,-0.14318,0.50036,7.36,7.0,7.04,5.9
1825,30.4167,7.0,40.923,-0.204,0.9795,2.81,-0.96,0.55,6.865,0.35096,0.03299,-0.0,-0.0,-0.14052,0.49898,6.99,6.99,6.98,6.5
1826,30.4333,7.0,40.938,-0.203,0.9797,2.77,-1.18,0.62,6.693,0.35244,0.03964,-0.0,-0.0,-0.14081,0.50075,6.19,6.78,6.88,6.93
1827,30.45,7.0,40.953,-0.203,0.9813,2.67,-1.22,0.63,6.899,0.35163,0.04227,-0.0,-0.0,-0.14087,0.5,6.98,6.99,6.88,6.74
1828,30.4667,7.0,40.967,-0.203,0.9808,2.51,-1.24,0.59,6.288,0.35204,0.0425,-0.0,-0.0,-0.14066,0.5002,5.57,6.94,6.99,5.66
1829,30.4833,7.0,40.982,-0.202,0.9805,2.49,-1.37,0.61,6.844,0.35209,0.04286,-0.0,-0.0,-0.14059,0.50018,6.5,6.97,7.01,6.89
1830,30.5,7.0,40.997,-0.202,0.9813,2.48,-1.44,0.57,6.874,0.35304,0.04227,-0.0,-0.0,-0.1392,0.49974,6.63,7.26,7.06,6.55
1831,30.5167,7.0,41.012,-0.201,0.9816,2.42,-1.35,0.46,6.669,0.35524,0.04293,-0.0,-0.0,-0.13715,0.4999,5.98,6.99,7.01,6.7
1832,30.5333,7.0,41.028,-0.2,0.9805,2.32,-1.28,0.34,6.65,0.35744,0.04444,-0.0,-0.0,-0.13529,0.50023,5.93,7.0,6.98,6.7
1833,30.55,7.0,41.044,-0.199,0.9779,2.12,-1.24,0.27,5.938,0.35732,0.04414,-0.0,-0.0,-0.13455,0.49938,5.68,6.89,6.96,4.22
1834,30.5667,7.0,41.059,-0.199,0.9818,2.24,-1.54,0.29,6.406,0.35746,0.04483,-0.0,-0.0,-0.13541,0.50038,5.84,6.89,6.91,5.98
1835,30.5833,7.0,41.074,-0.198,0.9816,2.2,-1.47,0.16,7.248,0.35933,0.04695,-0.0,-0.0,-0.13347,0.5003,7.73,7.05,7.02,7.19
1836,30.6,7.0,41.09,-0.197,0.98,2.02,-1.44,0.11,6.611,0.36153,0.05103,-0.0,-0.0,-0.13072,0.49976,6.09,6.94,6.95,6.47
1837,30.6167,7.0,41.106,-0.197,0.981,2.07,-1.74,0.17,6.363,0.36177,0.05389,-0.0,-0.0,-0.1315,0.50077,5.56,6.82,6.67,6.41
1838,30.6333,7.0,41.12,-0.198,0.9822,1.94,-1.72,0.14,6.887,0.36107,0.05342,-0.0,-0.0,-0.13144,0.50001,6.98,6.99,6.88,6.7
1839,30.65,7.0,41.135,-0.197,0.9815,1.72,-1.68,0.09,6.99,0.36153,0.05121,-0.0,-0.0,-0.13114,0.50018,6.98,6.97,6.96,7.05
1840,30.6667,7.0,41.15,-0.197,0.9819,1.73,-1.87,0.14,6.664,0.36137,0.04923,-0.0,-0.0,-0.13115,0.50002,6.06,6.96,6.98,6.67
1841,30.6833,7.0,41.165,-0.197,0.9811,1.77,-2.06,0.14,6.847,0.36154,0.04752,-0.0,-0.0,-0.13108,0.50013,6.82,6.98,6.99,6.61
1842,30.7,7.0,41.181,-0.196,0.9785,1.82,-2.22,0.07,6.843,0.3615,0.04406,-0.0,-0.0,-0.13131,0.50031,6.97,6.99,6.96,6.45
1843,30.7167,7.0,41.196,-0.195,0.9741,1.88,-2.31,-0.05,6.993,0.35661,0.03371,-0.0,-0.0,-0.13594,0.50006,5.18,7.52,6.92,8.35
1844,30.7333,7.0,41.211,-0.196,0.9744,2.36,-2.38,-0.03,5.892,0.34972,0.01727,-0.0,-0.0,-0.14098,0.4982,5.75,6.33,6.67,4.83
1845,30.75,7.0,41.227,-0.199,0.9741,2.57,-2.22,0.04,7.283,0.35345,0.00736,-0.0,-0.0,-0.13847,0.49942,7.18,9.02,6.9,6.03
1846,30.7667,7.0,41.243,-0.2,0.9739,2.66,-1.86,-0.0,6.549,0.3536,-0.00168,0.0,0.0,-0.13814,0.49925,6.6,6.94,7.01,5.65
1847,30.7833,7.0,41.259,-0.202,0.9741,3.0,-1.81,0.01,6.895,0.35399,-0.00907,0.0,0.0,-0.13841,0.49991,6.79,6.98,6.97,6.84
1848,30.8,7.0,41.273,-0.205,0.9766,3.63,-1.99,0.24,6.494,0.35039,-0.01945,0.0,0.0,-0.14338,0.50128,5.04,7.02,7.02,6.89
1849,30.8167,7.0,41.286,-0.208,0.9802,4.2,-2.04,0.37,6.575,0.34909,-0.02988,0.0,0.0,-0.14352,0.50011,6.67,6.74,6.63,6.27
1850,30.8333,7.0,41.299,-0.211,0.9823,4.68,-2.09,0.44,6.636,0.35004,-0.03306,0.0,0.0,-0.1426,0.50014,3.7,6.64,6.77,9.43
1851,30.85,7.0,41.312,-0.214,0.9836,5.08,-2.2,0.53,6.7,0.35109,-0.02768,0.0,0.0,-0.1413,0.49989,6.11,6.87,6.95,6.87
1852,30.8667,7.0,41.326,-0.217,0.9846,5.37,-2.3,0.55,6.444,0.35648,-0.02125,0.0,0.0,-0.13685,0.50083,7.9,6.98,3.79,7.1
1853,30.8833,7.0,41.34,-0.219,0.9867,5.5,-2.3,0.52,7.312,0.35574,-0.0165,0.0,0.0,-0.13704,0.50028,7.0,7.0,8.46,6.78
1854,30.9,7.0,41.355,-0.221,0.9878,5.6,-2.38,0.52,6.69,0.35627,-0.01217,0.0,0.0,-0.13712,0.5009,6.95,6.94,6.48,6.39
1855,30.9167,7.0,41.37,-0.221,0.9877,5.64,-2.52,0.53,7.026,0.35617,-0.00477,0.0,0.0,-0.13711,0.50079,6.94,6.94,7.44,6.79
1856,30.9333,7.0,41.385,-0.222,0.9873,5.58,-2.47,0.58,6.726,0.35819,0.00517,-0.0,-0.0,-0.13453,0.50023,5.06,6.92,8.8,6.13
1857,30.95,7.0,41.401,-0.222,0.9869,5.49,-2.33,0.63,7.28,0.35976,0.01454,-0.0,-0.0,-0.13319,0.50045,11.3,6.95,2.83,8.04
1858,30.9667,7.0,41.416,-0.222,0.988,5.61,-2.46,0.66,7.179,0.35961,0.02156,-0.0,-0.0,-0.13245,0.49956,6.56,6.87,8.31,6.98
1859,30.9833,7.0,41.432,-0.222,0.987,5.65,-2.61,0.72,6.093,0.36134,0.02398,-0.0,-0.0,-0.13229,0.50114,6.84,6.83,6.56,4.15
1860,31.0,7.0,41.447,-0.222,0.9874,5.55,-2.4,0.69,6.323,0.36139,0.02691,-0.0,-0.0,-0.12964,0.49853,4.68,7.16,7.04,6.41
1861,31.0167,7.0,41.463,-0.221,0.9877,5.51,-2.39,0.66,7.169,0.36387,0.0315,-0.0,-0.0,-0.12863,0.50001,6.91,7.0,7.24,7.52
1862,31.0333,7.0,41.479,-0.221,0.9883,5.56,-2.52,0.63,7.202,0.3641,0.03588,-0.0,-0.0,-0.12831,0.49992,7.03,7.04,7.07,7.67
1863,31.05,7.0,41.494,-0.221,0.9874,5.53,-2.56,0.59,6.406,0.36842,0.04209,-0.0,-0.0,-0.12569,0.50161,5.55,6.86,7.34,5.87
1864,31.0667,7.0,41.509,-0.22,0.9877,5.63,-2.38,0.49,6.564,0.36711,0.04459,-0.0,-0.0,-0.12529,0.4999,7.01,7.01,5.55,6.68
1865,31.0833,7.0,41.525,-0.22,0.9882,5.56,-2.45,0.46,6.764,0.3682,0.04808,-0.0,-0.0,-0.12352,0.49923,6.7,6.98,6.4,6.98
1866,31.1,7.0,41.541,-0.219,0.9875,5.54,-2.57,0.44,6.933,0.36939,0.05059,-0.0,-0.0,-0.12242,0.49932,7.28,6.96,6.94,6.55
1867,31.1167,7.0,41.556,-0.219,0.9871,5.44,-2.49,0.43,6.587,0.37324,0.05671,-0.0,-0.0,-0.11912,0.49986,5.81,7.06,7.0,6.48
1868,31.1333,7.0,41.572,-0.218,0.9869,5.25,-2.39,0.37,7.015,0.37502,0.06137,-0.0,-0.0,-0.11822,0.50074,6.96,6.94,7.27,6.89
1869,31.15,7.0,41.588,-0.217,0.9885,5.18,-2.68,0.43,6.917,0.37484,0.06505,-0.0,-0.0,-0.1179,0.50024,6.82,6.93,6.96,6.95
1870,31.1667,7.0,41.604,-0.216,0.9875,5.13,-2.84,0.41,6.842,0.3747,0.06371,-0.0,-0.0,-0.11803,0.50023,6.99,7.0,7.03,6.35
1871,31.1833,7.0,41.619,-0.215,0.9874,4.95,-2.66,0.33,6.745,0.3771,0.06634,-0.0,-0.0,-0.11514,0.49974,6.66,7.02,7.01,6.29
1872,31.2,7.0,41.635,-0.215,0.9887,5.09,-2.76,0.23,6.945,0.37592,0.06632,-0.0,-0.0,-0.11664,0.50006,7.12,7.0,7.01,6.65
1873,31.2167,7.0,41.651,-0.214,0.988,5.2,-2.79,0.05,6.743,0.37695,0.06613,-0.0,-0.0,-0.11563,0.50008,7.84,6.93,6.9,5.31
1874,31.2333,7.0,41.665,-0.215,0.991,4.88,-2.44,0.05,6.289,0.38455,0.06983,-0.0,-0.0,-0.10554,0.4976,4.23,7.04,7.04,6.85
1875,31.25,7.0,41.68,-0.216,0.9925,4.5,-2.21,0.25,6.151,0.38954,0.07638,-0.0,-0.0,-0.10085,0.49789,3.86,6.84,6.85,7.05
1876,31.2667,7.0,41.694,-0.217,0.9967,4.34,-2.28,0.51,6.493,0.39055,0.08337,-0.0,-0.0,-0.09947,0.49753,5.11,6.85,6.94,7.07
1877,31.2833,7.0,41.709,-0.218,0.9984,4.14,-2.3,0.7,8.643,0.39515,0.09441,-0.0,-0.0,-0.09734,0.5,13.82,7.05,6.98,6.72
1878,31.3,7.0,41.724,-0.218,0.9988,4.0,-2.2,0.76,6.162,0.39498,0.10147,-0.0,-0.0,-0.09675,0.49924,5.02,6.87,6.99,5.76
1879,31.3167,7.0,41.74,-0.217,0.9979,3.84,-2.11,0.79,5.324,0.39811,0.11213,-0.0,-0.0,-0.09498,0.50059,3.76,3.69,6.93,6.91
1880,31.3333,7.0,41.756,-0.218,0.9992,4.02,-2.33,0.87,6.77,0.39606,0.11833,-0.0,-0.0,-0.0966,0.50016,6.79,6.8,6.96,6.53
1881,31.35,7.0,41.772,-0.218,0.9984,4.05,-2.31,0.84,5.934,0.4002,0.12023,-0.0,-0.0,-0.09397,0.50167,5.25,6.95,6.97,4.57
1882,31.3667,7.0,41.787,-0.217,1.0009,4.43,-2.24,0.89,6.927,0.39434,0.11074,-0.0,-0.0,-0.09824,0.50008,7.04,7.01,7.03,6.64
1883,31.3833,7.0,41.801,-0.217,1.004,4.86,-2.44,0.84,6.954,0.39101,0.09792,-0.0,-0.0,-0.10178,0.5003,7.32,6.93,6.92,6.65
1884,31.4,7.0,41.815,-0.218,1.0057,5.08,-2.71,0.81,6.752,0.39012,0.081,-0.0,-0.0,-0.10157,0.4992,6.69,6.88,6.91,6.53
1885,31.4167,7.0,41.829,-0.219,1.0072,5.16,-2.85,0.83,6.607,0.39224,0.06846,-0.0,-0.0,-0.10009,0.49984,5.77,7.04,7.03,6.59
1886,31.4333,7.0,41.843,-0.219,1.0085,5.2,-2.88,0.83,7.014,0.39413,0.05614,-0.0,-0.0,-0.09834,0.49997,7.32,7.02,7.02,6.69
1887,31.45,7.0,41.858,-0.219,1.0088,5.24,-2.96,0.81,6.836,0.3955,0.04884,-0.0,-0.0,-0.09705,0.50006,6.16,7.0,6.99,7.2
1888,31.4667,7.0,41.873,-0.219,1.0078,5.26,-3.06,0.77,7.1,0.39702,0.03971,-0.0,-0.0,-0.09544,0.49997,6.82,7.02,6.98,7.57
1889,31.4833,7.0,41.889,-0.218,1.0077,5.18,-2.88,0.7,6.41,0.39971,0.04047,-0.0,-0.0,-0.09215,0.49937,5.45,7.09,7.0,6.1
1890,31.5,7.0,41.904,-0.217,1.0087,5.29,-2.86,0.66,6.861,0.39855,0.04336,-0.0,-0.0,-0.09375,0.4998,6.82,6.98,6.95,6.7
1891,31.5167,7.0,41.92,-0.216,1.0085,5.4,-2.87,0.52,6.95,0.39928,0.04758,-0.0,-0.0,-0.09342,0.50021,6.93,6.99,6.96,6.92
1892,31.5333,7.0,41.936,-0.216,1.0075,5.38,-2.9,0.45,6.395,0.40177,0.05167,-0.0,-0.0,-0.09058,0.49986,5.44,6.82,6.8,6.53
1893,31.55,7.0,41.951,-0.216,1.0076,5.21,-2.82,0.46,5.983,0.40515,0.05681,-0.0,-0.0,-0.08774,0.5004,4.11,6.97,6.82,6.04
1894,31.5667,7.0,41.967,-0.215,1.0087,5.3,-2.88,0.49,6.874,0.40151,0.05617,-0.0,-0.0,-0.09069,0.49971,6.76,6.83,6.95,6.96
1895,31.5833,7.0,41.983,-0.215,1.008,5.26,-3.02,0.46,6.83,0.40356,0.05615,-0.0,-0.0,-0.0892,0.50026,6.97,6.98,6.92,6.45
1896,31.6,7.0,41.998,-0.214,1.0076,5.19,-2.93,0.46,7.21,0.40598,0.05586,-0.0,-0.0,-0.0864,0.49989,8.43,6.97,7.03,6.42
1897,31.6167,7.0,42.013,-0.213,1.0083,5.27,-2.81,0.41,6.914,0.40417,0.05494,-0.0,-0.0,-0.08798,0.49965,6.33,7.03,7.0,7.3
1898,31.6333,7.0,42.029,-0.212,1.009,5.22,-2.89,0.39,6.934,0.40269,0.05185,-0.0,-0.0,-0.08739,0.49758,6.84,7.06,7.02,6.81
1899,31.65,7.0,42.045,-0.212,1.0078,5.17,-3.05,0.4,6.68,0.40601,0.04999,-0.0,-0.0,-0.08607,0.49958,5.83,6.97,6.98,6.94
1900,31.6667,7.0,42.061,-0.211,1.0053,5.21,-3.16,0.36,6.661,0.40629,0.04516,-0.0,-0.0,-0.08653,0.50032,6.05,7.07,7.01,6.51
1901,31.6833,7.0,42.077,-0.209,1.009,5.28,-2.84,0.25,7.793,0.39917,0.03733,-0.0,-0.0,-0.08851,0.49518,7.92,7.01,7.08,9.17
1902,31.7,7.0,42.093,-0.208,1.0089,5.36,-2.91,0.09,6.93,0.40026,0.02946,-0.0,-0.0,-0.08824,0.496,6.98,6.99,6.98,6.77
1903,31.7167,7.0,42.109,-0.207,1.0078,5.21,-2.92,0.04,6.763,0.4049,0.02481,-0.0,-0.0,-0.0855,0.4979,5.73,7.02,7.0,7.3
1904,31.7333,7.0,42.124,-0.206,1.0086,5.19,-2.91,0.06,6.853,0.40516,0.02285,-0.0,-0.0,-0.08808,0.50074,6.55,7.03,6.99,6.84
1905,31.75,7.0,42.139,-0.205,1.0091,5.23,-2.94,-0.06,6.924,0.4041,0.02157,-0.0,-0.0,-0.0884,0.50001,6.82,7.0,6.96,6.91
1906,31.7667,7.0,42.155,-0.204,1.0084,5.3,-2.91,-0.11,4.821,0.39878,0.01154,-0.0,-0.0,-0.09253,0.49881,6.96,3.29,7.14,1.89
1907,31.7833,7.0,42.169,-0.205,1.0112,5.21,-2.35,-0.01,6.049,0.40118,0.0049,-0.0,-0.0,-0.08749,0.49618,4.75,6.5,6.58,6.37
1908,31.8,7.0,42.184,-0.207,1.0147,5.15,-2.13,0.23,6.363,0.40234,0.00758,-0.0,-0.0,-0.08538,0.49523,4.63,6.85,6.89,7.07
1909,31.8167,7.0,42.199,-0.209,1.0172,5.1,-2.03,0.42,6.297,0.4066,0.01319,-0.0,-0.0,-0.08215,0.49625,8.04,3.99,6.94,6.22
1910,31.8333,7.0,42.215,-0.211,1.0181,5.22,-1.78,0.45,7.836,0.40672,0.01348,-0.0,-0.0,-0.08029,0.49452,7.02,13.52,6.78,4.02
1911,31.85,7.0,42.231,-0.213,1.0183,5.32,-1.57,0.6,7.076,0.41149,0.01838,-0.0,-0.0,-0.07784,0.49683,6.28,7.16,6.99,7.87
1912,31.8667,7.0,42.248,-0.215,1.0187,5.51,-1.57,0.81,8.799,0.41442,0.02679,-0.0,-0.0,-0.07836,0.50029,14.67,6.97,6.94,6.61
1913,31.8833,7.0,42.264,-0.216,1.0174,5.76,-1.47,0.92,6.806,0.415,0.04026,-0.0,-0.0,-0.07738,0.49989,6.98,6.6,6.95,6.69
1914,31.9,7.0,42.28,-0.218,1.0167,6.02,-1.2,0.94,7.288,0.41666,0.05134,-0.0,-0.0,-0.07687,0.50104,8.13,6.98,7.07,6.97
1915,31.9167,7.0,42.296,-0.218,1.0177,6.46,-1.03,0.88,6.693,0.41308,0.05624,-0.0,-0.0,-0.07914,0.49973,6.7,6.73,6.86,6.48
1916,31.9333,7.0,42.313,-0.22,1.017,6.68,-0.94,0.84,5.269,0.41366,0.05675,-0.0,-0.0,-0.07776,0.49892,4.24,6.82,6.54,3.47
1917,31.95,7.0,42.329,-0.221,1.0149,6.81,-0.84,0.95,4.515,0.41705,0.06056,-0.0,-0.0,-0.07689,0.50144,-1.26,6.96,7.25,5.1
1918,31.9667,7.0,42.346,-0.222,1.0161,7.2,-0.57,0.93,6.837,0.4139,0.05577,-0.0,-0.0,-0.07822,0.49963,6.5,7.02,7.17,6.67
1919,31.9833,7.0,42.362,-0.223,1.0178,7.34,-0.7,0.84,6.812,0.41439,0.04905,-0.0,-0.0,-0.07806,0.49996,6.93,6.86,6.75,6.71
1920,32.0,7.0,42.378,-0.224,1.0176,7.43,-0.79,0.81,6.827,0.41469,0.04284,-0.0,-0.0,-0.07768,0.49987,6.94,6.92,6.95,6.5
1921,32.0167,7.0,42.394,-0.224,1.016,7.31,-0.65,0.78,6.657,0.41673,0.03777,-0.0,-0.0,-0.07758,0.50182,6.75,6.73,8.4,4.75
1922,32.0333,7.0,42.41,-0.224,1.0159,7.42,-0.42,0.79,6.963,0.4139,0.03408,-0.0,-0.0,-0.07825,0.49965,6.3,6.98,6.81,7.76
1923,32.05,7.0,42.426,-0.223,1.0187,7.49,-0.7,0.82,6.804,0.4104,0.02663,-0.0,-0.0,-0.07848,0.49638,6.98,6.97,6.69,6.58
1924,32.0667,7.0,42.441,-0.223,1.0178,7.62,-0.79,0.79,5.716,0.41031,0.0165,-0.0,-0.0,-0.07801,0.49582,6.72,6.64,6.4,3.11
1925,32.0833,7.0,42.457,-0.223,1.0161,7.16,-0.66,0.86,6.919,0.41743,0.01815,-0.0,-0.0,-0.07714,0.50207,6.78,6.86,7.18,6.85
1926,32.1,7.0,42.473,-0.222,1.0171,6.94,-0.68,0.91,7.17,0.41292,0.01446,-0.0,-0.0,-0.07756,0.49798,6.68,6.82,7.42,7.76
1927,32.1167,7.0,42.489,-0.22,1.0168,6.78,-0.81,0.98,7.2,0.41167,0.00962,-0.0,-0.0,-0.07921,0.49838,7.01,6.95,7.02,7.81
1928,32.1333,7.0,42.504,-0.218,1.0156,6.56,-0.89,0.98,6.632,0.41661,0.00834,-0.0,-0.0,-0.07754,0.50165,5.39,6.98,7.38,6.77
1929,32.15,7.0,42.52,-0.217,1.017,6.58,-0.91,0.93,6.966,0.41183,0.00521,-0.0,-0.0,-0.08091,0.50024,6.94,7.02,7.02,6.89
1930,32.1667,7.0,42.535,-0.215,1.0174,6.6,-0.99,0.77,6.64,0.41239,0.00663,-0.0,-0.0,-0.08048,0.50037,5.68,7.04,7.02,6.83
1931,32.1833,7.0,42.55,-0.214,1.0165,6.5,-1.1,0.69,8.968,0.41324,0.00885,-0.0,-0.0,-0.07869,0.49943,9.53,7.28,7.24,11.81
1932,32.2,7.0,42.565,-0.213,1.0162,6.31,-1.0,0.61,6.654,0.41642,0.00675,-0.0,-0.0,-0.07625,0.50017,7.44,7.05,7.03,5.09
1933,32.2167,7.0,42.58,-0.211,1.0175,6.39,-1.03,0.55,6.93,0.41384,0.00689,-0.0,-0.0,-0.07847,0.49981,6.79,6.9,6.94,7.1
1934,32.2333,7.0,42.595,-0.21,1.0175,6.4,-1.09,0.42,7.19,0.41463,0.0091,-0.0,-0.0,-0.07796,0.50009,7.5,7.0,6.97,7.29
1935,32.25,7.0,42.611,-0.209,1.016,6.27,-1.17,0.36,6.134,0.4152,0.00656,-0.0,-0.0,-0.0768,0.4995,5.19,6.89,6.93,5.52
1936,32.2667,7.0,42.626,-0.207,1.0171,6.22,-1.11,0.34,6.841,0.41394,0.00795,-0.0,-0.0,-0.07868,0.50013,6.47,7.08,7.04,6.77
1937,32.2833,7.0,42.641,-0.206,1.018,6.24,-1.16,0.22,6.88,0.41419,0.00885,-0.0,-0.0,-0.07853,0.50023,6.89,7.05,7.04,6.54
1938,32.3,7.0,42.656,-0.205,1.0175,6.11,-1.27,0.16,6.737,0.41445,0.00903,-0.0,-0.0,-0.07652,0.49847,6.43,6.97,6.93,6.62
1939,32.3167,7.0,42.672,-0.204,1.0164,6.17,-1.18,0.22,5.656,0.41094,0.00231,-0.0,-0.0,-0.07949,0.49793,4.71,5.76,7.0,5.16
1940,32.3333,7.0,42.687,-0.205,1.0195,6.32,-0.84,0.33,8.162,0.40334,-0.00876,0.0,0.0,-0.08045,0.49129,7.67,6.19,6.64,12.15
1941,32.35,7.0,42.703,-0.207,1.0211,6.54,-0.48,0.24,6.203,0.40165,-0.02106,0.0,0.0,-0.08085,0.49001,6.91,6.11,6.83,4.97
1942,32.3667,7.0,42.719,-0.21,1.0213,6.65,-0.12,0.22,5.042,0.40297,-0.0311,0.0,0.0,-0.07703,0.4875,1.05,5.53,6.82,6.76
1943,32.3833,7.0,42.736,-0.212,1.023,6.83,-0.04,0.47,7.266,0.40674,-0.03477,0.0,0.0,-0.07649,0.49073,8.0,7.06,6.54,7.46
1944,32.4,7.0,42.753,-0.215,1.0229,7.02,0.02,0.61,7.367,0.41117,-0.03372,0.0,0.0,-0.07479,0.49346,8.98,6.94,6.97,6.58
1945,32.4167,7.0,42.77,-0.217,1.0214,7.15,0.09,0.77,7.256,0.41439,-0.02973,0.0,0.0,-0.0733,0.4952,7.48,7.04,7.32,7.17
1946,32.4333,7.0,42.787,-0.218,1.0194,7.24,0.21,0.84,5.853,0.42346,-0.01328,0.0,0.0,-0.06984,0.5008,5.11,7.05,5.22,6.04
1947,32.45,7.0,42.804,-0.219,1.0187,7.3,0.52,0.92,6.894,0.42273,0.00825,-0.0,-0.0,-0.0697,0.49993,6.99,6.99,6.97,6.63
1948,32.4667,7.0,42.821,-0.22,1.0163,7.37,0.8,0.97,6.639,0.42447,0.03074,-0.0,-0.0,-0.06864,0.50062,5.3,6.91,6.79,7.55
1949,32.4833,7.0,42.838,-0.22,1.0153,7.34,0.68,0.96,7.035,0.4251,0.0498,-0.0,-0.0,-0.06786,0.50046,6.94,6.96,8.62,5.63
1950,32.5,7.0,42.854,-0.22,1.0157,7.22,0.82,0.97,7.048,0.42473,0.06233,-0.0,-0.0,-0.06835,0.50059,7.02,7.07,7.29,6.82
1951,32.5167,7.0,42.87,-0.219,1.0169,7.19,0.73,1.04,6.796,0.42195,0.06595,-0.0,-0.0,-0.07024,0.49969,6.45,6.95,6.84,6.95
1952,32.5333,7.0,42.886,-0.218,1.0165,7.07,0.57,1.07,6.937,0.42242,0.06629,-0.0,-0.0,-0.06985,0.49977,6.64,6.98,6.96,7.17
1953,32.55,7.0,42.902,-0.217,1.0156,7.21,0.69,1.15,6.405,0.41984,0.05461,-0.0,-0.0,-0.07221,0.49955,7.12,5.26,7.03,6.21
1954,32.5667,7.0,42.918,-0.217,1.0162,7.3,0.85,1.19,7.08,0.41858,0.04379,-0.0,-0.0,-0.07341,0.49949,6.21,6.98,7.94,7.18
1955,32.5833,7.0,42.934,-0.217,1.0163,7.51,0.93,1.16,6.711,0.4186,0.03249,-0.0,-0.0,-0.07391,0.50002,7.11,7.02,5.31,7.41
1956,32.6,7.0,42.95,-0.217,1.0158,7.41,0.73,1.15,6.743,0.41928,0.02261,-0.0,-0.0,-0.07431,0.5011,6.94,6.96,7.06,6.03
1957,32.6167,7.0,42.965,-0.216,1.0155,7.17,0.78,1.1,7.603,0.42462,0.01978,-0.0,-0.0,-0.06858,0.5007,7.83,9.6,6.85,6.13
1958,32.6333,7.0,42.981,-0.215,1.0166,7.29,0.77,1.1,7.162,0.42012,0.01553,-0.0,-0.0,-0.07245,0.50008,7.78,7.05,6.95,6.87
1959,32.65,7.0,42.996,-0.214,1.0163,7.31,0.72,0.98,6.806,0.42152,0.01275,-0.0,-0.0,-0.07118,0.50021,6.54,6.87,6.97,6.85
1960,32.6667,7.0,43.012,-0.213,1.0148,7.18,0.68,1.0,6.543,0.42239,0.01384,-0.0,-0.0,-0.07136,0.50125,4.49,5.57,9.2,6.91
1961,32.6833,7.0,43.027,-0.212,1.016,7.29,0.82,1.08,6.747,0.41769,0.01126,-0.0,-0.0,-0.0746,0.49979,6.07,6.94,6.92,7.06
1962,32.7,7.0,43.043,-0.212,1.0167,7.43,0.86,1.02,7.026,0.41737,0.00864,-0.0,-0.0,-0.07498,0.49986,7.37,7.02,6.97,6.75
1963,32.7167,7.0,43.059,-0.212,1.016,7.37,0.76,1.01,7.136,0.41874,0.00705,-0.0,-0.0,-0.07406,0.50031,6.99,6.97,7.41,7.18
1964,32.7333,7.0,43.074,-0.211,1.0151,7.23,0.79,1.08,5.707,0.41899,0.00041,-0.0,-0.0,-0.07482,0.50132,3.97,7.2,5.84,5.82
1965,32.75,7.0,43.09,-0.209,1.0166,7.19,0.76,1.12,6.827,0.4144,-0.00553,0.0,0.0,-0.07779,0.4997,6.63,6.98,6.88,6.82
1966,32.7667,7.0,43.105,-0.208,1.0166,7.1,0.64,1.09,6.845,0.41513,-0.01144,0.0,0.0,-0.07758,0.50021,6.66,6.97,6.97,6.78
1967,32.7833,7.0,43.121,-0.207,1.0155,7.16,0.66,1.09,6.623,0.41028,-0.02252,0.0,0.0,-0.08222,0.5,7.02,5.49,7.0,6.98
1968,32.8,7.0,43.136,-0.206,1.0159,7.32,0.81,1.15,6.793,0.40855,-0.02922,0.0,0.0,-0.08475,0.5008,6.25,7.1,7.2,6.63
1969,32.8167,7.0,43.152,-0.206,1.0162,7.45,0.91,0.99,7.315,0.40971,-0.03359,0.0,0.0,-0.08386,0.50107,9.24,7.08,5.73,7.2
1970,32.8333,7.0,43.168,-0.205,1.0157,7.25,0.79,0.98,6.821,0.40974,-0.03881,0.0,0.0,-0.08392,0.50117,6.9,6.95,6.81,6.63
1971,32.85,7.0,43.183,-0.204,1.0154,7.21,0.71,1.06,7.412,0.40869,-0.04475,0.0,0.0,-0.08489,0.50108,6.41,8.92,7.16,7.16
1972,32.8667,7.0,43.198,-0.203,1.0167,7.08,0.66,0.97,6.627,0.40612,-0.0479,0.0,0.0,-0.08645,0.50007,6.48,6.35,6.96,6.72
1973,32.8833,7.0,43.214,-0.203,1.0164,6.93,0.63,0.92,6.854,0.40625,-0.05128,0.0,0.0,-0.08624,0.5,6.99,6.98,6.98,6.46
1974,32.9,7.0,43.229,-0.202,1.0151,7.1,0.76,0.91,7.039,0.40295,-0.05266,0.0,0.0,-0.09071,0.50117,7.09,6.97,7.11,6.99
1975,32.9167,7.0,43.245,-0.202,1.0159,7.28,0.78,0.92,6.62,0.40067,-0.05444,0.0,0.0,-0.09175,0.49993,5.93,7.09,7.05,6.41
1976,32.9333,7.0,43.26,-0.202,1.0162,7.42,0.91,0.81,6.861,0.4018,-0.05604,0.0,0.0,-0.09048,0.49979,6.52,7.0,6.99,6.94
1977,32.95,7.0,43.277,-0.202,1.0154,7.5,0.93,0.69,6.813,0.40295,-0.0563,0.0,0.0,-0.0904,0.50086,6.92,6.92,6.7,6.71
1978,32.9667,7.0,43.293,-0.201,1.0137,7.42,1.01,0.75,7.038,0.40509,-0.05325,0.0,0.0,-0.08926,0.50185,7.01,7.09,8.12,5.93
1979,32.9833,7.0,43.309,-0.199,1.0122,7.37,1.33,0.82,7.116,0.40314,-0.04992,0.0,0.0,-0.09084,0.50148,6.84,6.7,9.43,5.49
1980,33.0,7.0,43.326,-0.196,1.0099,7.38,1.65,0.85,6.769,0.40189,-0.04843,0.0,0.0,-0.09071,0.5001,6.82,6.85,6.82,6.59
1981,33.0167,7.0,43.342,-0.194,1.0054,7.24,1.96,0.94,5.26,0.39972,-0.04594,0.0,0.0,-0.09283,0.50005,6.79,0.32,6.96,6.96
1982,33.0333,7.0,43.36,-0.192,1.0007,7.06,2.62,0.96,6.379,0.40055,-0.04055,0.0,0.0,-0.09291,0.50097,6.66,6.82,7.0,5.04
1983,33.05,7.0,43.378,-0.19,0.9961,6.79,3.21,0.81,5.231,0.40145,-0.03605,0.0,0.0,-0.09247,0.50143,7.01,7.07,1.3,5.54
1984,33.0667,7.0,43.395,-0.188,0.9971,6.7,3.29,0.84,6.918,0.39361,-0.04133,0.0,0.0,-0.09718,0.4983,6.44,7.15,7.15,6.93
1985,33.0833,7.0,43.413,-0.186,0.9965,6.69,3.43,0.9,7.583,0.39023,-0.05165,0.0,0.0,-0.10053,0.49826,7.86,8.09,7.28,7.1
1986,33.1,7.0,43.429,-0.186,0.9963,6.74,3.27,0.85,5.603,0.38928,-0.05971,0.0,0.0,-0.10427,0.50105,7.23,4.68,3.71,6.8
1987,33.1167,7.0,43.446,-0.185,0.9963,6.78,3.16,0.86,7.146,0.38553,-0.06937,0.0,0.0,-0.10718,0.50022,6.92,7.5,7.13,7.04
1988,33.1333,7.0,43.461,-0.184,0.9964,7.08,3.03,0.93,6.771,0.38088,-0.08042,0.0,0.0,-0.11162,0.5,6.94,6.17,6.98,6.99
1989,33.15,7.0,43.477,-0.185,0.9957,6.97,3.25,1.04,6.569,0.38247,-0.08937,0.0,0.0,-0.11089,0.50086,7.1,7.08,5.31,6.79
1990,33.1667,7.0,43.493,-0.184,0.996,6.69,3.21,1.06,6.791,0.3815,-0.09917,0.0,0.0,-0.11114,0.50015,6.98,6.94,6.63,6.62
1991,33.1833,7.0,43.508,-0.183,0.9964,6.7,3.27,1.02,6.872,0.3769,-0.10446,0.0,0.0,-0.11537,0.49977,6.94,6.19,7.4,6.96
1992,33.2,7.0,43.524,-0.183,0.9956,6.78,3.35,1.04,6.742,0.37432,-0.10829,0.0,0.0,-0.11785,0.49968,7.01,6.68,6.28,7.0
1993,33.2167,7.0,43.54,-0.183,0.9957,6.71,3.23,0.98,6.562,0.37563,-0.10933,0.0,0.0,-0.117,0.50013,6.89,5.6,7.76,6.01
1994,33.2333,7.0,43.556,-0.182,0.9963,6.69,3.16,0.96,6.69,0.37132,-0.11083,0.0,0.0,-0.11918,0.498,6.83,6.95,6.06,6.92
1995,33.25,7.0,43.571,-0.182,0.9971,6.73,3.2,0.89,6.763,0.36874,-0.11001,0.0,0.0,-0.12173,0.49798,6.99,6.08,6.99,6.99
1996,33.2667,7.0,43.586,-0.182,0.9958,6.83,3.26,0.85,5.789,0.3685,-0.11118,0.0,0.0,-0.12277,0.49877,7.03,6.75,4.4,4.98
1997,33.2833,7.0,43.602,-0.183,0.9957,6.63,3.2,0.81,6.976,0.37068,-0.10897,0.0,0.0,-0.12219,0.50037,6.93,7.06,7.17,6.75
1998,33.3,7.0,43.617,-0.182,0.9965,6.78,3.21,0.91,6.772,0.36824,-0.1048,0.0,0.0,-0.12362,0.49937,6.94,5.97,7.19,6.99
1999,33.3167,7.0,43.633,-0.182,0.9956,6.96,3.23,1.03,6.846,0.3678,-0.09894,0.0,0.0,-0.12362,0.49892,7.04,6.94,6.73,6.67
2000,33.3333,7.0,43.649,-0.183,0.9957,6.8,3.2,0.96,7.412,0.37046,-0.09238,0.0,0.0,-0.12195,0.49991,6.91,7.09,8.72,6.93
2001,33.35,7.0,43.665,-0.183,0.9956,6.76,3.09,0.88,6.786,0.36873,-0.08396,0.0,0.0,-0.12416,0.50039,6.91,6.68,7.04,6.51
2002,33.3667,7.0,43.68,-0.183,0.995,6.67,3.02,0.77,6.873,0.36747,-0.0752,0.0,0.0,-0.12496,0.49993,6.98,6.68,6.91,6.92
2003,33.3833,7.0,43.696,-0.183,0.9921,6.75,2.86,0.71,6.593,0.36893,-0.06573,0.0,0.0,-0.1233,0.49974,7.68,7.09,4.72,6.89
2004,33.4,7.0,43.711,-0.182,0.9904,6.82,2.44,0.58,5.898,0.3622,-0.06656,0.0,0.0,-0.12902,0.49872,6.93,6.9,4.34,5.43
2005,33.4167,7.0,43.725,-0.183,0.9909,7.11,2.29,0.69,6.065,0.35914,-0.06794,0.0,0.0,-0.13071,0.49736,6.84,5.41,7.03,4.97
2006,33.4333,7.0,43.74,-0.184,0.9899,7.45,2.21,0.82,6.536,0.36014,-0.06765,0.0,0.0,-0.13096,0.49861,6.97,6.05,6.98,6.14
2007,33.45,7.0,43.755,-0.185,0.9905,7.27,2.44,0.82,6.905,0.36244,-0.06779,0.0,0.0,-0.13053,0.50047,6.93,6.96,7.05,6.68
2008,33.4667,7.0,43.771,-0.185,0.9903,7.14,2.39,0.88,6.901,0.36235,-0.06622,0.0,0.0,-0.13097,0.50082,6.92,6.89,7.07,6.73
2009,33.4833,7.0,43.787,-0.184,0.9896,7.25,2.41,0.99,6.839,0.36028,-0.06566,0.0,0.0,-0.13238,0.50017,6.97,6.0,7.53,6.85
2010,33.5,7.0,43.802,-0.184,0.9888,7.26,2.61,1.09,6.953,0.36035,-0.0666,0.0,0.0,-0.13197,0.49982,7.05,7.05,7.05,6.67
2011,33.5167,7.0,43.819,-0.183,0.9864,7.08,2.92,1.19,6.898,0.36129,-0.05954,0.0,0.0,-0.13193,0.50072,6.85,6.83,8.47,5.44
2012,33.5333,7.0,43.835,-0.182,0.9838,7.1,3.22,1.43,6.979,0.36222,-0.04923,0.0,0.0,-0.12992,0.49965,7.12,5.85,7.49,7.45
2013,33.55,7.0,43.853,-0.181,0.9803,7.26,3.62,1.66,7.358,0.36296,-0.04043,0.0,0.0,-0.12952,0.49998,7.01,8.98,7.02,6.43
2014,33.5667,7.0,43.87,-0.18,0.9759,7.06,4.23,1.7,6.623,0.36393,-0.03404,0.0,0.0,-0.1284,0.49984,6.69,6.7,6.85,6.26
2015,33.5833,7.0,43.888,-0.179,0.9701,6.88,4.87,1.66,7.029,0.36323,-0.02905,0.0,0.0,-0.12853,0.49926,6.69,6.23,6.82,8.38
2016,33.6,7.0,43.906,-0.18,0.9683,6.91,5.37,1.56,6.954,0.36513,-0.02057,0.0,0.0,-0.1297,0.50234,6.62,6.78,7.78,6.64
2017,33.6167,7.0,43.924,-0.18,0.9689,6.93,5.24,1.55,7.407,0.36083,-0.01762,0.0,0.0,-0.13045,0.49878,6.94,7.15,8.78,6.76
2018,33.6333,7.0,43.94,-0.179,0.9681,6.85,5.14,1.6,6.598,0.36362,-0.01311,0.0,0.0,-0.12959,0.50071,6.87,6.83,6.55,6.14
2019,33.65,7.0,43.956,-0.179,0.9687,6.93,5.32,1.59,6.613,0.36182,-0.01196,0.0,0.0,-0.13043,0.49975,6.92,6.67,5.96,6.9
2020,33.6667,7.0,43.973,-0.179,0.9679,7.02,5.37,1.56,7.279,0.36334,-0.01014,0.0,0.0,-0.13005,0.50089,7.01,7.75,7.58,6.78
2021,33.6833,7.0,43.989,-0.181,0.9683,7.0,5.16,1.42,6.03,0.36265,-0.01024,0.0,0.0,-0.13001,0.50017,6.79,6.79,5.25,5.29
2022,33.7,7.0,44.005,-0.181,0.9684,7.04,5.1,1.45,7.493,0.36386,-0.00836,0.0,0.0,-0.12778,0.49914,7.07,6.96,7.04,8.9
2023,33.7167,7.0,44.02,-0.182,0.9683,7.31,5.06,1.47,6.12,0.36027,-0.01235,0.0,0.0,-0.12998,0.49776,6.79,6.31,6.71,4.67
2024,33.7333,7.0,44.036,-0.183,0.9681,7.14,5.16,1.5,8.594,0.36768,-0.00382,0.0,0.0,-0.12627,0.50145,6.9,12.37,8.7,6.41
2025,33.75,7.0,44.052,-0.184,0.9682,6.91,5.14,1.41,6.93,0.36624,-0.00066,0.0,0.0,-0.12673,0.50048,6.83,6.85,7.26,6.78
2026,33.7667,7.0,44.067,-0.185,0.9686,7.01,5.26,1.39,6.549,0.36555,0.00326,-0.0,-0.0,-0.1268,0.49985,6.98,6.29,6.03,6.9
2027,33.7833,7.0,44.084,-0.185,0.9673,7.19,5.26,1.36,6.966,0.36649,0.00611,-0.0,-0.0,-0.12674,0.50073,7.0,7.54,6.36,6.96
2028,33.8,7.0,44.099,-0.187,0.9684,7.07,5.17,1.3,6.803,0.36564,0.00845,-0.0,-0.0,-0.12661,0.49976,7.01,6.98,6.57,6.66
2029,33.8167,7.0,44.115,-0.187,0.9686,7.12,5.09,1.26,7.386,0.36604,0.00968,-0.0,-0.0,-0.12642,0.49996,6.98,6.73,7.8,8.04
2030,33.8333,7.0,44.13,-0.188,0.9682,7.33,5.04,1.24,5.569,0.36311,0.01144,-0.0,-0.0,-0.12765,0.49827,6.95,4.63,5.13,5.57
2031,33.85,7.0,44.146,-0.19,0.9677,7.14,5.16,1.3,6.304,0.36828,0.01069,-0.0,-0.0,-0.12558,0.50137,7.2,3.32,6.66,8.03
2032,33.8667,7.0,44.162,-0.19,0.9682,7.1,5.1,1.23,6.691,0.36804,0.01125,-0.0,-0.0,-0.12482,0.50036,6.75,6.63,6.67,6.71
2033,33.8833,7.0,44.178,-0.191,0.9679,7.1,5.06,1.17,6.845,0.36656,0.01094,-0.0,-0.0,-0.12592,0.49999,6.98,6.54,6.94,6.92
2034,33.9,7.0,44.194,-0.191,0.9654,7.17,5.0,1.13,6.512,0.36607,0.00919,-0.0,-0.0,-0.12703,0.50061,7.02,7.37,4.46,7.2
2035,33.9167,7.0,44.209,-0.191,0.9646,7.12,4.58,1.02,5.285,0.36399,0.00639,-0.0,-0.0,-0.12791,0.4994,7.11,-1.19,8.21,7.0
2036,33.9333,7.0,44.224,-0.191,0.9614,7.12,4.09,0.93,7.316,0.3629,0.00239,-0.0,-0.0,-0.12992,0.50032,6.82,7.6,8.05,6.79
2037,33.95,7.0,44.239,-0.192,0.9572,7.09,3.6,0.85,6.889,0.36263,0.00161,-0.0,-0.0,-0.12987,0.5,6.89,6.87,6.91,6.89
2038,33.9667,7.0,44.253,-0.192,0.9508,7.01,2.98,0.74,6.801,0.36434,-0.00263,0.0,0.0,-0.12923,0.50108,6.82,6.83,6.54,7.02
2039,33.9833,7.0,44.266,-0.191,0.9488,6.56,2.82,0.72,6.161,0.36674,-0.00365,0.0,0.0,-0.12893,0.50318,6.3,5.83,6.95,5.57
2040,34.0,7.0,44.28,-0.188,0.9494,6.52,2.9,0.92,6.482,0.35904,-0.01095,0.0,0.0,-0.13269,0.49924,6.87,4.88,7.34,6.84
2041,34.0167,7.0,44.295,-0.186,0.9486,6.61,2.97,1.11,7.105,0.35594,-0.02006,0.0,0.0,-0.13628,0.49972,6.98,5.75,8.7,6.99
2042,34.0333,7.0,44.311,-0.184,0.9465,6.56,3.14,1.22,5.504,0.35741,-0.02441,0.0,0.0,-0.13565,0.50057,7.22,7.13,0.94,6.73
2043,34.05,7.0,44.327,-0.183,0.9437,6.22,3.38,1.23,6.773,0.35691,-0.02765,0.0,0.0,-0.13467,0.49908,6.32,5.28,6.87,8.63
2044,34.0667,7.0,44.344,-0.182,0.942,6.53,3.92,1.31,8.903,0.35166,-0.03561,0.0,0.0,-0.14041,0.49958,6.87,5.57,16.2,6.97
2045,34.0833,7.0,44.362,-0.181,0.9368,6.7,4.38,1.43,5.852,0.34932,-0.04679,0.0,0.0,-0.14221,0.49903,6.94,4.55,6.26,5.66
2046,34.1,7.0,44.38,-0.181,0.9312,6.52,5.09,1.54,6.5,0.3507,-0.05768,0.0,0.0,-0.14167,0.49987,6.59,6.7,6.9,5.81
2047,34.1167,7.0,44.398,-0.182,0.9283,6.55,5.63,1.52,6.846,0.3536,-0.05635,0.0,0.0,-0.13963,0.50074,6.53,7.59,6.5,6.77
2048,34.1333,7.0,44.417,-0.183,0.9267,6.76,5.67,1.55,7.333,0.35279,-0.05282,0.0,0.0,-0.13989,0.50019,6.88,6.86,8.21,7.38
2049,34.15,7.0,44.434,-0.183,0.9284,6.53,5.47,1.52,7.104,0.35183,-0.05223,0.0,0.0,-0.13981,0.49914,6.99,6.97,7.17,7.28
2050,34.1667,7.0,44.451,-0.182,0.9272,6.35,5.45,1.5,6.947,0.35327,-0.0497,0.0,0.0,-0.13909,0.49986,6.77,7.41,6.87,6.73
2051,34.1833,7.0,44.468,-0.182,0.9278,6.51,5.72,1.45,6.555,0.35045,-0.04498,0.0,0.0,-0.14142,0.49938,6.95,7.1,5.17,7.0
2052,34.2,7.0,44.484,-0.182,0.9287,6.49,5.55,1.34,7.289,0.34954,-0.03935,0.0,0.0,-0.14109,0.49814,6.9,7.28,8.0,6.98
2053,34.2167,7.0,44.501,-0.183,0.9277,6.35,5.45,1.17,6.838,0.35187,-0.03342,0.0,0.0,-0.14079,0.50016,6.99,6.93,6.94,6.49
2054,34.2333,7.0,44.517,-0.184,0.9282,6.52,5.67,1.06,6.892,0.34953,-0.0336,0.0,0.0,-0.1429,0.49993,6.98,6.73,6.86,7.0
2055,34.25,7.0,44.533,-0.185,0.9277,6.64,5.59,0.97,7.25,0.35071,-0.03172,0.0,0.0,-0.1428,0.50101,6.91,7.8,7.4,6.89
2056,34.2667,7.0,44.548,-0.187,0.9287,6.55,5.41,0.8,6.899,0.34979,-0.03001,0.0,0.0,-0.1424,0.4997,6.99,6.97,6.99,6.64
2057,34.2833,7.0,44.564,-0.188,0.9282,6.6,5.44,0.64,6.378,0.34824,-0.03158,0.0,0.0,-0.14351,0.49925,7.02,6.0,5.51,6.98
2058,34.3,7.0,44.579,-0.19,0.9273,6.83,5.46,0.6,5.863,0.34893,-0.02935,0.0,0.0,-0.14271,0.49914,6.78,5.06,5.84,5.76
2059,34.3167,7.0,44.596,-0.191,0.9264,6.83,5.76,0.9,6.604,0.3507,-0.02464,0.0,0.0,-0.14282,0.50102,6.85,6.89,5.68,7.0
2060,34.3333,7.0,44.611,-0.19,0.9294,6.69,5.46,0.98,6.782,0.34452,-0.02925,0.0,0.0,-0.14354,0.49556,6.72,6.75,7.33,6.34
2061,34.35,7.0,44.626,-0.189,0.9288,6.73,5.43,1.03,6.688,0.34154,-0.03396,0.0,0.0,-0.14588,0.49492,7.02,5.85,6.92,6.95
2062,34.3667,7.0,44.642,-0.189,0.9278,6.66,5.54,1.0,8.907,0.34547,-0.03527,0.0,0.0,-0.14417,0.49714,7.17,8.11,7.46,12.88
2063,34.3833,7.0,44.658,-0.19,0.928,6.6,5.46,0.98,6.918,0.34892,-0.03193,0.0,0.0,-0.14388,0.5003,6.97,6.97,6.86,6.87
2064,34.4,7.0,44.674,-0.189,0.9274,6.5,5.41,0.9,6.717,0.34749,-0.02887,0.0,0.0,-0.14511,0.5001,6.96,6.43,6.3,7.17
2065,34.4167,7.0,44.689,-0.189,0.9257,6.53,5.35,0.91,6.319,0.34521,-0.02923,0.0,0.0,-0.14635,0.49907,7.02,7.07,4.14,7.05
2066,34.4333,7.0,44.705,-0.189,0.9245,6.43,5.09,0.79,7.234,0.34576,-0.03081,0.0,0.0,-0.14649,0.49975,6.97,7.56,7.67,6.73
2067,34.45,7.0,44.721,-0.19,0.9218,6.33,4.68,0.67,6.967,0.34563,-0.02597,0.0,0.0,-0.14644,0.49957,6.97,6.97,7.02,6.9
2068,34.4667,7.0,44.736,-0.19,0.9168,6.23,4.19,0.51,6.871,0.34688,-0.01736,0.0,0.0,-0.14648,0.50086,6.84,6.84,6.35,7.46
2069,34.4833,7.0,44.751,-0.19,0.9103,6.05,3.6,0.3,6.67,0.3485,-0.01215,0.0,0.0,-0.14617,0.50218,6.88,6.89,6.02,6.88
2070,34.5,7.0,44.764,-0.188,0.9044,5.86,2.63,0.19,5.74,0.34486,-0.01486,0.0,0.0,-0.14664,0.49901,6.34,6.26,3.86,6.5
2071,34.5167,7.0,44.778,-0.188,0.904,5.74,2.69,0.16,6.498,0.34867,-0.01187,0.0,0.0,-0.14431,0.50049,6.12,6.72,6.48,6.67
2072,34.5333,7.0,44.792,-0.187,0.905,5.98,2.88,0.07,6.521,0.33993,-0.01588,0.0,0.0,-0.15257,0.5,7.0,5.37,6.88,6.84
2073,34.55,7.0,44.807,-0.187,0.9038,6.13,2.89,0.14,8.525,0.33793,-0.02202,0.0,0.0,-0.15412,0.49956,6.83,11.34,11.46,4.47
2074,34.5667,7.0,44.822,-0.187,0.9009,5.9,3.21,0.24,6.927,0.33981,-0.02536,0.0,0.0,-0.15385,0.50117,6.75,6.71,9.51,4.73
2075,34.5833,7.0,44.838,-0.187,0.8992,6.18,3.5,0.44,6.871,0.33602,-0.03349,0.0,0.0,-0.15638,0.49991,6.68,5.1,10.42,5.28
2076,34.6,7.0,44.854,-0.188,0.8988,6.1,3.7,0.33,7.047,0.33858,-0.03968,0.0,0.0,-0.15531,0.5014,6.94,7.07,7.33,6.85
2077,34.6167,7.0,44.87,-0.188,0.8989,6.07,3.52,0.29,5.939,0.33916,-0.04078,0.0,0.0,-0.15485,0.50151,6.8,6.77,4.79,5.39
2078,34.6333,7.0,44.886,-0.188,0.8981,5.9,3.52,0.36,6.749,0.33816,-0.04671,0.0,0.0,-0.155,0.50066,6.95,6.97,6.35,6.73
2079,34.65,7.0,44.902,-0.188,0.8988,6.0,3.74,0.45,6.328,0.33631,-0.04483,0.0,0.0,-0.15529,0.4991,6.94,6.71,4.81,6.86
2080,34.6667,7.0,44.918,-0.188,0.8993,6.02,3.64,0.45,7.093,0.3375,-0.03989,0.0,0.0,-0.15466,0.49967,6.98,7.28,7.18,6.94
2081,34.6833,7.0,44.934,-0.189,0.8988,5.97,3.54,0.45,6.827,0.33887,-0.03607,0.0,0.0,-0.15388,0.50025,7.05,7.04,6.56,6.66
2082,34.7,7.0,44.95,-0.189,0.8989,6.1,3.63,0.44,6.31,0.33697,-0.03077,0.0,0.0,-0.15534,0.49981,6.96,6.07,5.3,6.91
2083,34.7167,7.0,44.966,-0.19,0.8982,6.27,3.59,0.44,7.314,0.33899,-0.02665,0.0,0.0,-0.15527,0.50176,7.05,7.48,7.83,6.9
2084,34.7333,7.0,44.982,-0.192,0.8997,6.31,3.54,0.37,6.832,0.3374,-0.02527,0.0,0.0,-0.15495,0.49985,6.99,6.96,6.84,6.54
2085,34.75,7.0,44.997,-0.193,0.8994,6.27,3.49,0.32,6.861,0.33843,-0.02195,0.0,0.0,-0.15495,0.50089,6.92,6.91,7.57,6.05
2086,34.7667,7.0,45.013,-0.194,0.8982,6.33,3.48,0.29,7.047,0.33811,-0.01746,0.0,0.0,-0.15486,0.50048,6.94,6.58,7.72,6.94
2087,34.7833,7.0,45.028,-0.195,0.8988,6.2,3.53,0.25,7.101,0.33889,-0.01394,0.0,0.0,-0.15417,0.50057,6.96,6.95,7.58,6.91
2088,34.8,7.0,45.044,-0.195,0.8989,6.02,3.52,0.27,6.928,0.33918,-0.01195,0.0,0.0,-0.15429,0.50098,6.87,6.87,7.66,6.31
2089,34.8167,7.0,45.06,-0.195,0.899,6.13,3.6,0.35,6.853,0.33659,-0.0109,0.0,0.0,-0.15558,0.49968,6.95,5.99,7.52,6.95
2090,34.8333,7.0,45.076,-0.196,0.8982,6.25,3.6,0.39,7.529,0.33651,-0.01214,0.0,0.0,-0.15569,0.4997,7.07,7.86,6.71,8.47
2091,34.85,7.0,45.091,-0.197,0.8994,6.22,3.54,0.33,6.925,0.33704,-0.01105,0.0,0.0,-0.1554,0.49994,7.0,6.99,6.97,6.74
2092,34.8667,7.0,45.107,-0.198,0.899,6.11,3.5,0.24,7.073,0.33967,-0.00845,0.0,0.0,-0.15381,0.50098,7.06,7.13,5.97,8.13
2093,34.8833,7.0,45.123,-0.199,0.8986,6.39,3.48,0.23,6.748,0.33678,-0.0088,0.0,0.0,-0.15547,0.49976,6.87,6.6,6.56,6.97
2094,34.9,7.0,45.139,-0.201,0.8987,6.24,3.54,0.23,7.23,0.33865,-0.008,0.0,0.0,-0.15462,0.50077,6.9,6.93,7.82,7.27
2095,34.9167,7.0,45.154,-0.202,0.8988,6.02,3.49,0.22,6.859,0.33821,-0.00804,0.0,0.0,-0.15478,0.5005,6.91,6.9,7.2,6.43
2096,34.9333,7.0,45.17,-0.202,0.8977,5.99,3.48,0.25,6.849,0.33847,-0.00514,0.0,0.0,-0.15511,0.50109,6.84,6.6,8.8,5.16
2097,34.95,7.0,45.186,-0.202,0.8955,5.82,3.52,0.23,6.667,0.33832,-0.00266,0.0,0.0,-0.155,0.50082,7.04,7.13,5.59,6.91
2098,34.9667,7.0,45.202,-0.202,0.8949,5.65,3.15,0.19,7.346,0.33584,-0.00358,0.0,0.0,-0.15543,0.49878,6.98,7.41,8.05,6.94
2099,34.9833,7.0,45.217,-0.202,0.8922,5.45,2.79,0.09,6.965,0.33604,-0.00688,0.0,0.0,-0.15546,0.499,6.97,6.95,6.96,6.97
2100,35.0,7.0,45.232,-0.202,0.8868,5.27,2.36,-0.03,7.914,0.33782,-0.005,0.0,0.0,-0.15443,0.49975,11.13,6.47,7.1,6.95
2101,35.0167,7.0,45.247,-0.202,0.8812,5.37,1.56,-0.04,2.827,0.33968,-0.00334,0.0,0.0,-0.15317,0.50035,-5.73,6.51,3.92,6.61
2102,35.0333,7.0,45.26,-0.201,0.8768,5.54,0.79,-0.03,6.393,0.33409,-0.00717,0.0,0.0,-0.15824,0.49983,6.23,5.95,6.77,6.63
2103,35.05,7.0,45.27,-0.204,0.8816,5.63,0.45,-0.41,6.311,0.33067,-0.01434,0.0,0.0,-0.16133,0.4995,6.59,5.53,6.38,6.74
2104,35.0667,7.0,45.28,-0.207,0.8849,5.73,-0.01,-0.77,6.475,0.3305,-0.02066,0.0,0.0,-0.16189,0.4999,6.77,5.82,6.51,6.8
2105,35.0833,7.0,45.291,-0.21,0.8871,5.78,-0.5,-1.05,6.62,0.33216,-0.02197,0.0,0.0,-0.16172,0.50139,6.59,6.88,6.85,6.16
2106,35.1,7.0,45.303,-0.213,0.8895,5.65,-0.77,-1.29,6.548,0.33049,-0.02504,0.0,0.0,-0.16222,0.50022,6.95,6.86,6.95,5.43
2107,35.1167,7.0,45.315,-0.215,0.892,5.76,-1.03,-1.44,6.585,0.32773,-0.03242,0.0,0.0,-0.16414,0.49937,6.93,6.35,6.16,6.9
2108,35.1333,7.0,45.328,-0.217,0.8934,6.02,-1.38,-1.56,5.698,0.32681,-0.04177,0.0,0.0,-0.16503,0.49934,6.9,7.96,7.62,0.31
2109,35.15,7.0,45.342,-0.22,0.895,5.96,-1.43,-1.6,6.884,0.3282,-0.04282,0.0,0.0,-0.16501,0.50071,6.95,6.96,7.43,6.19
2110,35.1667,7.0,45.356,-0.222,0.8958,5.93,-1.44,-1.67,6.979,0.32747,-0.04097,0.0,0.0,-0.16524,0.50021,7.0,6.99,7.99,5.94
2111,35.1833,7.0,45.37,-0.223,0.8953,5.86,-1.45,-1.76,5.588,0.32654,-0.04013,0.0,0.0,-0.16562,0.49966,7.08,2.95,6.48,5.84
2112,35.2,7.0,45.386,-0.225,0.8936,5.91,-1.42,-1.82,5.377,0.32574,-0.04192,0.0,0.0,-0.16737,0.50061,6.94,5.9,4.52,4.14
2113,35.2167,7.0,45.401,-0.225,0.8947,5.66,-1.44,-1.67,6.979,0.32453,-0.04302,0.0,0.0,-0.16814,0.50018,6.98,6.93,6.96,7.05
2114,35.2333,7.0,45.416,-0.224,0.8954,5.64,-1.43,-1.56,6.442,0.32173,-0.04402,0.0,0.0,-0.17077,0.50001,7.01,5.6,6.21,6.95
2115,35.25,7.0,45.432,-0.224,0.8951,5.74,-1.4,-1.46,8.344,0.31851,-0.04727,0.0,0.0,-0.17323,0.49925,6.99,6.23,13.23,6.93
2116,35.2667,7.0,45.447,-0.225,0.8943,5.8,-1.48,-1.4,6.224,0.31951,-0.05054,0.0,0.0,-0.17455,0.50156,6.65,5.84,6.8,5.61
2117,35.2833,7.0,45.463,-0.225,0.8948,5.59,-1.46,-1.22,7.128,0.31762,-0.0546,0.0,0.0,-0.17542,0.50054,6.95,6.91,7.31,7.36
2118,35.3,7.0,45.478,-0.224,0.8956,5.69,-1.35,-1.0,6.697,0.31435,-0.06058,0.0,0.0,-0.17793,0.49979,6.99,5.6,7.27,6.93
2119,35.3167,7.0,45.494,-0.223,0.8944,5.81,-1.33,-0.81,6.31,0.3114,-0.06806,0.0,0.0,-0.18017,0.49907,7.15,6.33,4.32,7.44
2120,35.3333,7.0,45.51,-0.224,0.8946,5.62,-1.45,-0.82,6.59,0.31355,-0.07118,0.0,0.0,-0.17984,0.5009,6.91,6.11,7.03,6.32
2121,35.35,7.0,45.526,-0.223,0.8957,5.67,-1.45,-0.69,6.827,0.31001,-0.0747,0.0,0.0,-0.18151,0.49902,6.89,5.54,7.84,7.03
2122,35.3667,7.0,45.541,-0.224,0.8954,5.84,-1.42,-0.57,7.064,0.30767,-0.07689,0.0,0.0,-0.18355,0.49873,7.02,6.17,8.08,6.98
2123,35.3833,7.0,45.557,-0.225,0.8947,5.91,-1.47,-0.5,6.432,0.31164,-0.07575,0.0,0.0,-0.18302,0.50217,6.82,7.73,7.33,3.85
2124,35.4,7.0,45.573,-0.224,0.895,5.67,-1.45,-0.48,7.084,0.3096,-0.0749,0.0,0.0,-0.18356,0.50066,6.91,6.91,7.41,7.11
2125,35.4167,7.0,45.589,-0.224,0.8955,5.71,-1.37,-0.32,6.768,0.30731,-0.07316,0.0,0.0,-0.18509,0.4999,6.96,5.84,7.4,6.87
2126,35.4333,7.0,45.605,-0.223,0.8945,5.85,-1.33,-0.15,6.216,0.30489,-0.07107,0.0,0.0,-0.18712,0.49952,7.06,6.17,4.19,7.45
2127,35.45,7.0,45.621,-0.224,0.8949,5.71,-1.44,-0.16,7.277,0.30762,-0.06864,0.0,0.0,-0.18554,0.50067,6.93,7.48,8.35,6.35
2128,35.4667,7.0,45.637,-0.222,0.8945,5.5,-1.48,-0.01,6.961,0.30712,-0.06338,0.0,0.0,-0.18596,0.50058,6.89,6.81,6.94,7.2
2129,35.4833,7.0,45.652,-0.221,0.8937,5.46,-1.45,0.09,7.074,0.30235,-0.06125,0.0,0.0,-0.18911,0.49897,6.91,6.6,8.12,6.65
2130,35.5,7.0,45.668,-0.22,0.8923,5.41,-1.56,0.15,7.1,0.30265,-0.06314,0.0,0.0,-0.19056,0.50072,6.93,7.69,7.06,6.73
2131,35.5167,7.0,45.684,-0.22,0.8909,5.28,-1.92,0.17,6.931,0.30204,-0.06334,0.0,0.0,-0.19046,0.5,6.96,6.95,6.89,6.91
2132,35.5333,7.0,45.7,-0.219,0.8868,5.2,-2.36,0.15,6.941,0.30209,-0.06111,0.0,0.0,-0.1904,0.5,6.95,6.94,6.94,6.93
2133,35.55,7.0,45.715,-0.22,0.8845,5.12,-2.28,0.28,6.624,0.30545,-0.0532,0.0,0.0,-0.18726,0.50022,6.9,5.63,7.66,6.3
2134,35.5667,7.0,45.728,-0.222,0.8876,4.87,-2.32,-0.02,7.204,0.30843,-0.04599,0.0,0.0,-0.18631,0.50224,7.23,5.82,8.92,6.84
2135,35.5833,7.0,45.736,-0.223,0.8929,4.46,-2.69,-0.61,6.03,0.30452,-0.04314,0.0,0.0,-0.18798,0.5,6.17,4.86,6.4,6.69
2136,35.6,7.0,45.744,-0.224,0.8968,4.38,-2.9,-1.07,6.386,0.30093,-0.03942,0.0,0.0,-0.19156,0.5,6.53,5.45,6.67,6.89
2137,35.6167,7.0,45.753,-0.226,0.8991,4.4,-3.12,-1.45,6.469,0.29689,-0.04062,0.0,0.0,-0.1956,0.5,6.74,5.37,6.83,6.93
2138,35.6333,7.0,45.762,-0.229,0.9028,4.37,-3.63,-1.84,6.534,0.29485,-0.04314,0.0,0.0,-0.19772,0.50007,6.73,6.28,6.21,6.91
2139,35.65,7.0,45.771,-0.232,0.905,4.5,-4.25,-2.05,6.38,0.29211,-0.04823,0.0,0.0,-0.20036,0.49997,6.51,5.76,6.44,6.81
2140,35.6667,7.0,45.781,-0.235,0.9061,4.67,-4.94,-2.2,6.61,0.29026,-0.05807,0.0,0.0,-0.20225,0.50001,6.59,6.31,6.75,6.8
2141,35.6833,7.0,45.791,-0.24,0.9098,5.27,-5.34,-2.37,6.276,0.28581,-0.07437,0.0,0.0,-0.20644,0.49976,6.52,5.58,6.26,6.74
2142,35.7,7.0,45.802,-0.244,0.912,5.5,-5.64,-2.51,6.19,0.28727,-0.08319,0.0,0.0,-0.20644,0.50121,6.51,6.75,6.16,5.34
2143,35.7167,7.0,45.815,-0.248,0.9141,5.66,-5.92,-2.68,7.171,0.28666,-0.08788,0.0,0.0,-0.20608,0.50025,6.91,6.88,6.87,8.03
2144,35.7333,7.0,45.827,-0.251,0.9144,5.7,-6.2,-2.81,6.234,0.287,-0.08751,0.0,0.0,-0.20574,0.50025,6.91,6.89,7.12,4.03
2145,35.75,7.0,45.84,-0.253,0.9156,5.61,-6.15,-2.91,7.29,0.28671,-0.08538,0.0,0.0,-0.20609,0.5003,7.04,7.03,8.16,6.94
2146,35.7667,7.0,45.854,-0.254,0.9166,5.55,-6.21,-2.88,6.895,0.28698,-0.08041,0.0,0.0,-0.20622,0.5007,6.98,6.98,7.66,5.96
2147,35.7833,7.0,45.868,-0.254,0.9164,5.49,-6.28,-2.86,6.73,0.28662,-0.0745,0.0,0.0,-0.20606,0.50019,6.99,7.0,7.28,5.65
2148,35.8,7.0,45.883,-0.254,0.9151,5.56,-6.3,-2.75,5.529,0.2834,-0.06804,0.0,0.0,-0.21004,0.50094,6.83,4.71,8.89,1.69
2149,35.8167,7.0,45.898,-0.254,0.9152,5.37,-6.18,-2.61,7.497,0.28429,-0.06294,0.0,0.0,-0.2095,0.5013,6.69,9.41,7.27,6.62
2150,35.8333,7.0,45.914,-0.255,0.9155,5.13,-6.25,-2.61,6.781,0.2827,-0.05946,0.0,0.0,-0.21003,0.50023,6.89,6.3,6.98,6.95
2151,35.85,7.0,45.93,-0.255,0.914,4.82,-6.33,-2.56,6.815,0.28205,-0.05742,0.0,0.0,-0.21035,0.4999,6.94,6.4,6.98,6.94
2152,35.8667,7.0,45.947,-0.256,0.9156,5.15,-6.0,-2.53,6.886,0.27667,-0.06086,0.0,0.0,-0.21625,0.50043,6.93,5.84,7.83,6.94
2153,35.8833,7.0,45.963,-0.257,0.916,5.27,-6.21,-2.43,7.172,0.27432,-0.06657,0.0,0.0,-0.21775,0.49958,6.74,6.58,7.46,7.91
2154,35.9,7.0,45.979,-0.259,0.9154,5.21,-6.25,-2.35,7.055,0.27596,-0.06955,0.0,0.0,-0.21812,0.50159,6.92,6.92,7.76,6.63
2155,35.9167,7.0,45.995,-0.259,0.9153,5.42,-6.22,-2.23,6.868,0.26999,-0.075,0.0,0.0,-0.22215,0.49964,7.02,6.19,7.23,7.02
2156,35.9333,7.0,46.011,-0.26,0.9155,5.38,-6.18,-2.12,7.683,0.27135,-0.07931,0.0,0.0,-0.22178,0.50063,6.84,7.54,8.44,7.91
2157,35.95,7.0,46.027,-0.261,0.916,5.21,-6.31,-2.11,6.991,0.27155,-0.08126,0.0,0.0,-0.2221,0.50114,6.99,6.96,6.97,7.04
2158,35.9667,7.0,46.043,-0.262,0.9147,5.05,-6.36,-2.22,6.964,0.2703,-0.08359,0.0,0.0,-0.22204,0.49985,7.0,6.99,6.98,6.89
2159,35.9833,7.0,46.059,-0.264,0.915,5.36,-6.11,-2.24,6.127,0.26485,-0.08572,0.0,0.0,-0.22804,0.50039,6.96,5.54,5.04,6.97
2160,36.0,7.0,46.074,-0.265,0.9161,5.35,-6.22,-2.06,6.965,0.26515,-0.08487,0.0,0.0,-0.22846,0.50112,6.89,6.86,7.39,6.72
2161,36.0167,7.0,46.09,-0.265,0.9157,5.29,-6.27,-1.88,6.996,0.26478,-0.08619,0.0,0.0,-0.22877,0.50106,6.99,7.01,6.98,7.0
2162,36.0333,7.0,46.105,-0.265,0.915,5.49,-6.25,-1.73,6.441,0.25955,-0.08658,0.0,0.0,-0.23332,0.50038,6.75,5.65,9.11,4.25
2163,36.05,7.0,46.121,-0.265,0.9158,5.3,-6.15,-1.58,5.746,0.25969,-0.08817,0.0,0.0,-0.23216,0.49936,6.59,8.12,6.41,1.86
2164,36.0667,7.0,46.134,-0.265,0.9186,4.62,-5.61,-1.2,6.572,0.26462,-0.08471,0.0,0.0,-0.2284,0.50053,6.35,6.06,7.4,6.49
2165,36.0833,7.0,46.147,-0.264,0.9218,4.43,-5.13,-0.92,5.921,0.26729,-0.07764,0.0,0.0,-0.22426,0.49906,6.25,3.04,6.91,7.49
2166,36.1,7.0,46.161,-0.263,0.9238,4.29,-4.67,-0.74,5.296,0.26906,-0.064,0.0,0.0,-0.22147,0.49803,6.66,5.02,2.61,6.88
2167,36.1167,7.0,46.175,-0.263,0.9269,4.33,-4.44,-0.6,6.449,0.2703,-0.05103,0.0,0.0,-0.22153,0.49933,6.87,5.19,7.37,6.36
2168,36.1333,7.0,46.191,-0.263,0.9292,4.27,-4.23,-0.47,6.514,0.27062,-0.0389,0.0,0.0,-0.2195,0.49763,6.93,5.9,7.0,6.23
2169,36.15,7.0,46.206,-0.264,0.9311,4.14,-4.05,-0.58,7.489,0.27519,-0.01814,0.0,0.0,-0.2191,0.5018,7.18,5.92,9.84,7.02
2170,36.1667,7.0,46.21,-0.264,0.9368,3.51,-4.17,-1.36,5.967,0.26924,-0.00615,0.0,0.0,-0.22357,0.50031,6.25,5.18,5.89,6.55
2171,36.1833,7.0,46.216,-0.264,0.9426,3.18,-4.57,-1.79,6.486,0.26418,-0.00587,0.0,0.0,-0.22829,0.49997,6.57,5.0,7.53,6.85
2172,36.2,7.0,46.222,-0.265,0.9483,2.96,-5.18,-2.05,8.386,0.25981,-0.01286,0.0,0.0,-0.23164,0.49895,14.64,4.91,7.14,6.85
2173,36.2167,7.0,46.228,-0.265,0.9532,2.88,-5.91,-2.19,9.666,0.25444,-0.02635,0.0,0.0,-0.23496,0.4969,20.28,3.37,8.25,6.77
2174,36.2333,7.0,46.235,-0.266,0.9563,2.86,-6.62,-2.31,7.624,0.24867,-0.04543,0.0,0.0,-0.23878,0.49495,21.01,1.01,1.68,6.8
2175,36.25,7.0,46.242,-0.267,0.9588,2.83,-7.33,-2.51,6.869,0.25247,-0.05865,0.0,0.0,-0.23448,0.49445,7.38,6.7,6.54,6.86
2176,36.2667,7.0,46.25,-0.27,0.9629,3.14,-7.5,-2.82,6.186,0.24501,-0.08266,0.0,0.0,-0.24227,0.49478,6.37,4.55,7.02,6.8
2177,36.2833,7.0,46.258,-0.273,0.9659,3.32,-8.03,-3.06,6.538,0.24401,-0.0987,0.0,0.0,-0.24443,0.49594,6.95,5.32,6.94,6.94
2178,36.3,7.0,46.267,-0.277,0.9679,3.53,-8.67,-3.22,6.796,0.24237,-0.10928,0.0,0.0,-0.24739,0.49726,6.66,5.81,7.78,6.93
2179,36.3167,7.0,46.277,-0.281,0.9685,3.78,-9.34,-3.31,6.542,0.24205,-0.11443,0.0,0.0,-0.24957,0.49913,6.66,6.16,6.51,6.84
2180,36.3333,7.0,46.287,-0.286,0.9716,4.45,-9.8,-3.41,6.356,0.23775,-0.11787,0.0,0.0,-0.2543,0.49955,6.47,5.81,6.15,6.99
2181,36.35,7.0,46.298,-0.29,0.9747,4.74,-9.98,-3.39,6.522,0.23908,-0.11359,0.0,0.0,-0.25466,0.50124,6.35,6.74,6.77,6.23
2182,36.3667,7.0,46.31,-0.293,0.978,5.03,-10.17,-3.37,10.732,0.23865,-0.11418,0.0,0.0,-0.25443,0.50059,6.96,6.98,12.93,16.06
2183,36.3833,7.0,46.322,-0.296,0.9797,5.12,-10.37,-3.35,6.674,0.23814,-0.10754,0.0,0.0,-0.25417,0.49981,6.87,6.95,6.83,6.04
2184,36.4,7.0,46.335,-0.298,0.9794,5.11,-10.63,-3.27,6.813,0.23869,-0.10011,0.0,0.0,-0.25396,0.50016,7.0,7.0,7.03,6.22
2185,36.4167,7.0,46.348,-0.3,0.9794,5.05,-10.47,-3.39,6.538,0.23624,-0.0944,0.0,0.0,-0.25407,0.49782,7.11,7.11,7.36,4.58
2186,36.4333,7.0,46.361,-0.301,0.9782,4.86,-10.31,-3.51,6.982,0.23924,-0.08597,0.0,0.0,-0.25382,0.50056,6.98,6.98,7.07,6.9
2187,36.45,7.0,46.375,-0.3,0.9781,4.69,-10.42,-3.38,6.932,0.23869,-0.07468,0.0,0.0,-0.25456,0.50076,6.82,6.83,7.84,6.25
2188,36.4667,7.0,46.39,-0.299,0.9772,4.57,-10.62,-3.32,6.83,0.23828,-0.06653,0.0,0.0,-0.25389,0.49967,6.99,6.98,7.01,6.35
2189,36.4833,7.0,46.404,-0.298,0.9761,4.13,-10.46,-3.25,6.551,0.23649,-0.06077,0.0,0.0,-0.25574,0.49974,6.97,5.04,7.46,6.74
2190,36.5,7.0,46.42,-0.296,0.9744,3.73,-10.35,-3.16,6.499,0.23676,-0.05489,0.0,0.0,-0.2591,0.50337,6.77,5.45,7.81,5.96
2191,36.5167,7.0,46.436,-0.295,0.9778,3.78,-10.2,-2.9,6.505,0.22736,-0.05996,0.0,0.0,-0.26463,0.49949,6.86,5.16,7.21,6.79
2192,36.5333,7.0,46.452,-0.294,0.9777,3.79,-10.19,-2.59,6.855,0.22507,-0.06425,0.0,0.0,-0.2669,0.49948,6.92,6.61,6.96,6.93
2193,36.55,7.0,46.469,-0.294,0.9758,3.86,-10.22,-2.26,6.586,0.22226,-0.07401,0.0,0.0,-0.26972,0.49948,6.93,5.47,6.98,6.96
2194,36.5667,7.0,46.485,-0.294,0.9749,3.73,-10.43,-2.15,6.903,0.22498,-0.07923,0.0,0.0,-0.26968,0.50216,6.84,6.75,7.47,6.55
2195,36.5833,7.0,46.501,-0.293,0.9776,3.95,-10.27,-2.02,6.561,0.21516,-0.0935,0.0,0.0,-0.27755,0.50022,6.96,5.34,7.09,6.86
2196,36.6,7.0,46.518,-0.293,0.9766,4.04,-10.3,-1.78,6.616,0.21252,-0.10694,0.0,0.0,-0.27998,0.5,6.96,5.62,6.95,6.93
2197,36.6167,7.0,46.534,-0.293,0.9756,3.9,-10.36,-1.64,8.274,0.2144,-0.11711,0.0,0.0,-0.2798,0.50171,7.06,10.83,8.01,7.2
2198,36.6333,7.0,46.549,-0.292,0.9771,4.07,-10.42,-1.53,6.915,0.20315,-0.12796,0.0,0.0,-0.28769,0.49834,7.13,6.42,7.22,6.88
2199,36.65,7.0,46.564,-0.292,0.9768,4.22,-10.45,-1.3,6.568,0.19919,-0.13922,0.0,0.0,-0.29187,0.49857,6.89,5.41,6.98,6.99
2200,36.6667,7.0,46.579,-0.293,0.9761,3.96,-10.11,-1.11,5.357,0.20651,-0.13871,0.0,0.0,-0.28866,0.50268,7.07,7.35,2.31,4.7
2201,36.6833,7.0,46.59,-0.292,0.9797,3.1,-9.46,-0.58,5.787,0.20219,-0.1455,0.0,0.0,-0.28909,0.49879,5.54,6.25,4.57,6.79
2202,36.7,7.0,46.601,-0.29,0.9825,2.4,-9.03,-0.1,5.556,0.20397,-0.13955,0.0,0.0,-0.28756,0.49904,6.13,3.57,8.35,4.18
2203,36.7167,7.0,46.611,-0.288,0.9852,2.12,-8.5,0.22,14.099,0.20583,-0.12968,0.0,0.0,-0.28405,0.49738,6.31,3.55,24.53,22.0
2204,36.7333,7.0,46.622,-0.286,0.9873,2.11,-7.99,0.43,3.062,0.20499,-0.1238,0.0,0.0,-0.2828,0.4953,6.82,-3.45,5.2,3.68
2205,36.75,7.0,46.634,-0.286,0.9922,2.01,-7.71,0.71,5.438,0.20615,-0.10585,0.0,0.0,-0.27791,0.49157,6.79,3.44,6.3,5.23
2206,36.7667,7.0,46.647,-0.285,0.9957,1.96,-7.35,1.06,6.248,0.20829,-0.0838,0.0,0.0,-0.27238,0.48818,6.66,6.82,6.16,5.35
2207,36.7833,7.0,46.661,-0.285,0.9981,2.04,-7.01,1.3,5.046,0.20943,-0.07074,0.0,0.0,-0.26934,0.48627,6.67,5.96,6.41,1.14
2208,36.8,7.0,46.676,-0.285,1.0004,2.19,-6.78,1.44,6.268,0.21188,-0.05229,0.0,0.0,-0.2682,0.48759,6.73,5.66,6.89,5.79
2209,36.8167,7.0,46.69,-0.286,1.0034,2.23,-6.76,1.44,-0.436,0.21389,-0.03581,0.0,0.0,-0.2657,0.4871,6.37,7.8,-24.54,8.62
2210,36.8333,7.0,46.694,-0.288,1.011,1.6,-6.81,0.55,6.052,0.21507,-0.022,0.0,0.0,-0.26616,0.48874,5.67,6.15,6.23,6.16
2211,36.85,7.0,46.702,-0.29,1.0148,1.15,-6.96,-0.05,6.472,0.21527,-0.0088,0.0,0.0,-0.26617,0.48894,6.29,6.41,6.52,6.67
2212,36.8667,7.0,46.707,-0.292,1.0182,0.72,-7.37,-0.72,6.011,0.22045,0.00696,-0.0,-0.0,-0.26804,0.49599,6.56,4.94,5.72,6.83
2213,36.8833,7.0,46.713,-0.294,1.0221,0.66,-7.99,-1.1,6.383,0.22351,0.02178,-0.0,-0.0,-0.26746,0.49847,7.96,4.31,6.53,6.73
2214,36.9,7.0,46.72,-0.296,1.0264,0.72,-8.59,-1.33,8.584,0.2231,0.03322,-0.0,-0.0,-0.26776,0.49836,7.49,5.74,14.2,6.9
2215,36.9167,7.0,46.727,-0.299,1.0304,0.91,-9.1,-1.64,8.783,0.22052,0.03813,-0.0,-0.0,-0.2709,0.49893,7.45,5.53,15.2,6.96
2216,36.9333,7.0,46.735,-0.303,1.0337,1.1,-9.69,-1.96,7.317,0.21742,0.03718,-0.0,-0.0,-0.27499,0.49992,6.41,5.3,10.72,6.83
2217,36.95,7.0,46.743,-0.306,1.0361,1.32,-10.35,-2.2,7.226,0.21183,0.02939,-0.0,-0.0,-0.27908,0.49842,6.47,4.82,10.88,6.73
2218,36.9667,7.0,46.751,-0.311,1.0378,1.53,-11.08,-2.4,6.353,0.21045,0.02091,-0.0,-0.0,-0.2821,0.50005,6.71,5.67,6.26,6.77
2219,36.9833,7.0,46.76,-0.315,1.0407,2.09,-11.71,-2.5,6.151,0.20583,0.00337,-0.0,-0.0,-0.28654,0.49988,6.45,5.69,5.86,6.6
2220,37.0,7.0,46.769,-0.32,1.043,2.58,-12.28,-2.56,6.329,0.20808,-0.0129,0.0,0.0,-0.28664,0.50223,6.42,6.69,8.43,3.78
2221,37.0167,7.0,46.78,-0.322,1.046,3.01,-12.68,-2.66,7.352,0.20518,-0.02978,0.0,0.0,-0.28719,0.49988,6.59,6.61,11.5,4.71
2222,37.0333,7.0,46.792,-0.324,1.0477,3.36,-13.14,-2.84,6.387,0.20511,-0.04206,0.0,0.0,-0.28711,0.49972,6.72,6.7,7.72,4.41
2223,37.05,7.0,46.804,-0.324,1.0517,3.35,-13.07,-2.92,7.164,0.20286,-0.05199,0.0,0.0,-0.28764,0.49801,6.89,6.88,7.88,7.0
2224,37.0667,7.0,46.817,-0.325,1.0528,3.32,-13.33,-2.93,6.585,0.20496,-0.05282,0.0,0.0,-0.28773,0.50019,6.97,6.98,6.92,5.47
2225,37.0833,7.0,46.83,-0.325,1.0522,3.12,-13.58,-2.93,6.951,0.20475,-0.05234,0.0,0.0,-0.28765,0.49991,7.0,6.99,6.99,6.82
2226,37.1,7.0,46.844,-0.325,1.0512,2.75,-13.49,-3.06,6.161,0.20404,-0.04791,0.0,0.0,-0.28774,0.49928,7.04,7.04,5.65,4.92
2227,37.1167,7.0,46.858,-0.324,1.05,2.45,-13.32,-3.14,7.179,0.20155,-0.04888,0.0,0.0,-0.29219,0.50124,6.67,6.09,13.64,2.32
2228,37.1333,7.0,46.873,-0.323,1.0497,2.32,-13.32,-2.95,6.441,0.19373,-0.05479,0.0,0.0,-0.29848,0.49972,6.61,4.49,8.85,5.82
2229,37.15,7.0,46.888,-0.323,1.0497,2.17,-13.55,-2.82,6.169,0.19073,-0.06301,0.0,0.0,-0.30105,0.49928,6.76,4.23,6.84,6.85
2230,37.1667,7.0,46.903,-0.322,1.0496,2.28,-13.38,-2.61,6.575,0.1884,-0.07033,0.0,0.0,-0.30469,0.50059,6.88,5.25,7.83,6.33
2231,37.1833,7.0,46.919,-0.322,1.0492,2.34,-13.22,-2.43,5.585,0.1842,-0.08324,0.0,0.0,-0.30855,0.50026,7.28,2.62,2.99,9.44
2232,37.2,7.0,46.935,-0.323,1.0498,2.31,-13.41,-2.22,6.978,0.18026,-0.09845,0.0,0.0,-0.3117,0.49946,6.92,6.15,7.91,6.94
2233,37.2167,7.0,46.951,-0.323,1.0489,2.21,-13.48,-2.0,6.684,0.18215,-0.10914,0.0,0.0,-0.31199,0.50165,7.09,6.6,6.26,6.78
2234,37.2333,7.0,46.966,-0.323,1.0497,2.2,-13.26,-1.85,6.628,0.17672,-0.12158,0.0,0.0,-0.31454,0.49876,6.7,6.0,7.0,6.81
2235,37.25,7.0,46.982,-0.323,1.0499,2.21,-13.3,-1.7,6.985,0.17431,-0.12697,0.0,0.0,-0.31753,0.49935,6.92,6.15,8.02,6.86
2236,37.2667,7.0,46.997,-0.324,1.0497,2.18,-13.47,-1.52,6.747,0.17124,-0.13178,0.0,0.0,-0.32037,0.49912,6.99,6.07,6.95,6.98
2237,37.2833,7.0,47.013,-0.325,1.0487,2.08,-13.35,-1.43,6.757,0.17216,-0.13267,0.0,0.0,-0.32126,0.50093,6.94,6.92,7.17,6.0
2238,37.3,7.0,47.029,-0.324,1.0486,2.1,-13.21,-1.31,6.559,0.16727,-0.13416,0.0,0.0,-0.32569,0.50046,6.89,6.48,6.31,6.56
2239,37.3167,7.0,47.042,-0.324,1.0525,2.37,-13.07,-1.01,7.005,0.16538,-0.13337,0.0,0.0,-0.32797,0.50085,7.15,7.39,6.58,6.9
2240,37.3333,7.0,47.05,-0.325,1.0584,2.21,-12.36,-0.58,6.249,0.16635,-0.13362,0.0,0.0,-0.32615,0.50001,6.38,6.42,6.39,5.8
2241,37.35,7.0,47.058,-0.326,1.0627,1.56,-11.7,-0.17,6.523,0.16579,-0.12883,0.0,0.0,-0.32533,0.49862,6.28,6.28,6.62,6.92
2242,37.3667,7.0,47.066,-0.328,1.0649,0.82,-11.16,0.15,6.936,0.16737,-0.1205,0.0,0.0,-0.3247,0.49958,6.29,6.32,6.81,8.32
2243,37.3833,7.0,47.074,-0.33,1.0656,0.13,-10.63,0.38,7.518,0.1711,-0.10619,0.0,0.0,-0.32234,0.50094,6.57,1.07,6.96,15.46
2244,37.4,7.0,47.081,-0.33,1.0672,0.01,-10.08,0.56,3.694,0.17536,-0.09015,0.0,0.0,-0.3175,0.50036,6.93,1.8,2.88,3.16
2245,37.4167,7.0,47.09,-0.33,1.0701,-0.08,-9.5,0.72,2.57,0.17811,-0.06819,0.0,0.0,-0.31306,0.49867,6.64,-0.05,-3.17,6.86
2246,37.4333,7.0,47.098,-0.33,1.0744,-0.21,-9.11,1.03,7.25,0.18181,-0.0431,0.0,0.0,-0.30829,0.49761,6.23,8.1,8.75,5.91
2247,37.45,7.0,47.108,-0.33,1.0786,-0.38,-8.76,1.39,12.202,0.1838,-0.01997,0.0,0.0,-0.30502,0.49633,6.67,27.81,8.02,6.31
2248,37.4667,7.0,47.118,-0.329,1.0809,-0.45,-8.31,1.73,4.994,0.18849,0.00577,-0.0,-0.0,-0.29912,0.49511,6.72,2.93,4.59,5.74
2249,37.4833,7.0,47.128,-0.329,1.0839,-0.47,-7.89,2.03,5.407,0.19236,0.03078,-0.0,-0.0,-0.29272,0.49259,7.17,4.46,4.57,5.43
2250,37.5,7.0,47.14,-0.328,1.0882,-0.44,-7.61,2.36,8.377,0.19455,0.05121,-0.0,-0.0,-0.28641,0.48847,6.72,4.16,17.38,5.25
2251,37.5167,7.0,47.153,-0.328,1.0916,-0.34,-7.32,2.61,6.574,0.19583,0.06611,-0.0,-0.0,-0.28122,0.48455,6.89,5.18,6.87,7.35
2252,37.5333,7.0,47.167,-0.327,1.0944,-0.19,-7.06,2.83,6.244,0.1961,0.07669,-0.0,-0.0,-0.27782,0.48143,6.95,5.28,6.92,5.83
2253,37.55,7.0,47.182,-0.327,1.0967,0.03,-6.87,3.04,6.547,0.19764,0.08376,-0.0,-0.0,-0.27571,0.48085,6.94,6.13,6.76,6.35
2254,37.5667,7.0,47.196,-0.327,1.1004,0.14,-6.91,2.99,7.621,0.20114,0.09155,-0.0,-0.0,-0.27467,0.48332,6.95,6.73,9.84,6.96
2255,37.5833,7.0,47.205,-0.328,1.1068,-0.19,-7.27,2.41,6.591,0.20547,0.09803,-0.0,-0.0,-0.27533,0.48831,6.42,6.25,7.08,6.61
2256,37.6,7.0,47.214,-0.329,1.1117,-0.35,-7.72,2.03,6.415,0.20455,0.0988,-0.0,-0.0,-0.27787,0.48993,6.57,6.41,5.81,6.87
2257,37.6167,7.0,47.224,-0.33,1.1159,-0.45,-8.27,1.76,7.302,0.203,0.09564,-0.0,-0.0,-0.28034,0.49085,6.73,8.86,6.77,6.85
2258,37.6333,7.0,47.234,-0.331,1.1188,-0.46,-8.88,1.53,6.628,0.2034,0.09195,-0.0,-0.0,-0.28054,0.49145,6.78,6.24,6.6,6.9
2259,37.65,7.0,47.243,-0.333,1.1221,-0.27,-9.39,1.32,6.353,0.20021,0.08514,-0.0,-0.0,-0.2839,0.49161,6.61,6.37,5.64,6.8
2260,37.6667,7.0,47.253,-0.335,1.1252,-0.02,-9.91,1.17,6.739,0.19739,0.07467,-0.0,-0.0,-0.28669,0.49158,6.7,6.26,7.18,6.82
2261,37.6833,7.0,47.264,-0.338,1.1271,0.25,-10.46,1.09,6.642,0.1953,0.05971,-0.0,-0.0,-0.28912,0.49193,6.76,6.08,6.92,6.8
2262,37.7,7.0,47.275,-0.341,1.1278,0.58,-11.05,1.03,5.909,0.19799,0.04485,-0.0,-0.0,-0.28959,0.49509,6.59,7.9,6.74,2.41
2263,37.7167,7.0,47.287,-0.344,1.1289,0.82,-11.35,0.97,6.76,0.20123,0.03605,-0.0,-0.0,-0.29,0.49874,6.75,5.58,7.63,7.09
2264,37.7333,7.0,47.3,-0.347,1.1306,1.13,-11.62,1.0,8.321,0.20475,0.03352,-0.0,-0.0,-0.28957,0.50182,7.05,12.86,6.0,7.38
2265,37.75,7.0,47.313,-0.348,1.1335,1.36,-11.64,1.03,7.011,0.20152,0.02756,-0.0,-0.0,-0.29047,0.49949,7.0,6.99,7.18,6.88
2266,37.7667,7.0,47.326,-0.347,1.1355,1.59,-11.75,1.13,6.83,0.20236,0.02646,-0.0,-0.0,-0.2902,0.50006,6.96,6.97,6.99,6.41
2267,37.7833,7.0,47.34,-0.347,1.1356,1.69,-11.85,1.24,6.919,0.20253,0.02858,-0.0,-0.0,-0.28991,0.49995,6.96,6.96,6.97,6.79
2268,37.8,7.0,47.353,-0.346,1.1343,1.59,-11.81,1.31,6.916,0.20366,0.03374,-0.0,-0.0,-0.28926,0.50042,7.11,7.11,7.14,6.3
2269,37.8167,7.0,47.368,-0.345,1.1337,1.38,-11.66,1.42,6.675,0.20446,0.03635,-0.0,-0.0,-0.28983,0.5018,6.84,6.85,7.02,6.0
2270,37.8333,7.0,47.383,-0.341,1.1335,1.17,-11.7,1.49,7.051,0.20258,0.03337,-0.0,-0.0,-0.28981,0.49989,6.99,6.99,7.85,6.37
2271,37.85,7.0,47.398,-0.338,1.1317,0.93,-11.71,1.6,6.404,0.19673,0.02112,-0.0,-0.0,-0.29499,0.49922,6.93,4.75,7.0,6.94
2272,37.8667,7.0,47.413,-0.336,1.1312,0.87,-11.69,1.69,5.936,0.19319,0.01002,-0.0,-0.0,-0.30013,0.50082,6.72,5.62,7.64,3.77
2273,37.8833,7.0,47.429,-0.333,1.1314,0.61,-11.67,1.87,6.788,0.1921,-0.00173,0.0,0.0,-0.30088,0.50048,6.94,7.02,6.58,6.61
2274,37.9,7.0,47.444,-0.329,1.1316,0.59,-11.55,2.05,6.849,0.18584,-0.0187,0.0,0.0,-0.3066,0.49994,7.03,6.11,7.32,6.94
2275,37.9167,7.0,47.46,-0.327,1.1309,0.57,-11.43,2.28,6.294,0.1811,-0.03966,0.0,0.0,-0.31115,0.49976,7.19,5.06,5.88,7.05
2276,37.9333,7.0,47.476,-0.325,1.1315,0.44,-11.55,2.39,6.92,0.17879,-0.0613,0.0,0.0,-0.31314,0.49943,6.9,6.73,7.01,7.04
2277,37.95,7.0,47.492,-0.324,1.1302,0.3,-11.7,2.5,6.82,0.17859,-0.07863,0.0,0.0,-0.31563,0.50173,6.86,6.51,7.05,6.87
2278,37.9667,7.0,47.508,-0.323,1.1307,0.56,-11.54,2.57,6.795,0.16849,-0.09823,0.0,0.0,-0.324,0.5,6.65,6.24,7.22,7.07
2279,37.9833,7.0,47.524,-0.322,1.1311,0.66,-11.65,2.7,7.029,0.16546,-0.11496,0.0,0.0,-0.32655,0.49951,6.84,6.8,7.51,6.97
2280,38.0,7.0,47.538,-0.322,1.1319,0.31,-11.29,2.71,2.32,0.17964,-0.11398,0.0,0.0,-0.32419,0.51134,7.33,7.31,-8.51,3.16
2281,38.0167,7.0,47.544,-0.318,1.1364,-0.44,-10.5,3.05,9.196,0.16472,-0.12202,0.0,0.0,-0.32487,0.4971,5.18,6.19,6.11,19.3
2282,38.0333,7.0,47.55,-0.315,1.1375,-1.03,-9.99,3.2,6.894,0.16354,-0.12544,0.0,0.0,-0.3244,0.49545,6.55,6.65,6.86,7.51
2283,38.05,7.0,47.556,-0.312,1.1373,-2.08,-9.56,3.45,12.309,0.16436,-0.12523,0.0,0.0,-0.32377,0.49563,5.98,6.16,31.15,5.94
2284,38.0667,7.0,47.562,-0.309,1.1361,-3.23,-9.22,3.71,16.433,0.1652,-0.12397,0.0,0.0,-0.32353,0.49623,6.07,6.37,29.57,23.72
2285,38.0833,7.0,47.565,-0.306,1.1385,-3.85,-9.27,3.68,4.515,0.16389,-0.11383,0.0,0.0,-0.32178,0.49317,1.87,6.8,6.89,2.5
2286,38.1,7.0,47.569,-0.303,1.142,-4.66,-9.47,3.66,6.533,0.16449,-0.10117,0.0,0.0,-0.31776,0.48975,12.1,4.47,7.0,2.57
2287,38.1167,7.0,47.574,-0.3,1.1446,-5.2,-9.59,3.42,5.652,0.16131,-0.10788,0.0,0.0,-0.31938,0.4882,6.47,-3.36,6.51,13.0
2288,38.1333,7.0,47.578,-0.297,1.1466,-5.18,-9.21,3.27,5.917,0.15637,-0.10353,0.0,0.0,-0.32347,0.48735,6.91,2.35,6.91,7.49
2289,38.15,7.0,47.582,-0.295,1.1477,-5.14,-8.82,3.16,18.174,0.15098,-0.10402,0.0,0.0,-0.32724,0.48573,31.72,10.59,7.3,23.08
2290,38.1667,7.0,47.586,-0.295,1.1492,-5.11,-8.62,3.11,7.804,0.14724,-0.10915,0.0,0.0,-0.32747,0.48222,20.76,-19.57,6.34,23.69
2291,38.1833,7.0,47.59,-0.295,1.151,-4.8,-8.31,2.94,5.594,0.13884,-0.12317,0.0,0.0,-0.32983,0.47618,10.82,3.18,6.75,1.63
2292,38.2,7.0,47.595,-0.295,1.1525,-4.73,-7.96,2.92,13.827,0.13819,-0.13482,0.0,0.0,-0.32832,0.47402,25.14,20.0,7.06,3.11
2293,38.2167,7.0,47.6,-0.296,1.1537,-4.54,-7.61,2.91,4.816,0.13793,-0.14596,0.0,0.0,-0.32669,0.47212,1.75,9.05,6.68,1.78
2294,38.2333,7.0,47.606,-0.297,1.1564,-4.36,-7.33,2.87,13.136,0.13604,-0.15443,0.0,0.0,-0.32531,0.46886,26.87,15.44,7.07,3.16
2295,38.25,7.0,47.612,-0.299,1.1594,-4.17,-7.05,2.9,4.676,0.13711,-0.15571,0.0,0.0,-0.32246,0.46707,8.55,0.78,7.02,2.35
2296,38.2667,7.0,47.62,-0.3,1.1617,-3.98,-6.66,2.87,8.149,0.13601,-0.15242,0.0,0.0,-0.32136,0.46488,7.73,9.41,6.81,8.64
2297,38.2833,7.0,47.628,-0.301,1.1632,-3.77,-6.19,2.93,5.998,0.136,-0.14569,0.0,0.0,-0.31831,0.46181,6.87,7.5,6.83,2.79
2298,38.3,7.0,47.637,-0.302,1.1661,-3.56,-5.85,2.86,4.565,0.13527,-0.13188,0.0,0.0,-0.31526,0.45803,3.41,5.23,6.55,3.08
2299,38.3167,7.0,47.647,-0.303,1.1693,-3.32,-5.52,2.84,6.513,0.13578,-0.11853,0.0,0.0,-0.31084,0.45412,7.35,-3.08,18.54,3.24
2300,38.3333,7.0,47.658,-0.304,1.1727,-2.9,-5.42,2.79,6.408,0.13577,-0.10654,0.0,0.0,-0.31034,0.45361,6.52,6.0,6.22,6.9
2301,38.35,7.0,47.67,-0.304,1.1759,-2.77,-5.19,2.77,5.899,0.13669,-0.09309,0.0,0.0,-0.30627,0.45046,6.96,5.11,6.98,4.54
2302,38.3667,7.0,47.684,-0.305,1.1782,-2.52,-4.99,2.76,3.984,0.13613,-0.08293,0.0,0.0,-0.30433,0.44796,6.97,4.18,6.91,-2.12
2303,38.3833,7.0,47.698,-0.306,1.18,-2.27,-4.86,2.8,6.978,0.13935,-0.06955,0.0,0.0,-0.3021,0.44895,6.8,7.11,7.11,6.9
2304,38.4,7.0,47.713,-0.306,1.1821,-1.99,-4.92,2.85,7.009,0.1391,-0.05802,0.0,0.0,-0.30155,0.44816,6.96,6.76,7.04,7.27
2305,38.4167,7.0,47.729,-0.307,1.1825,-1.77,-4.89,2.91,6.711,0.14114,-0.04501,0.0,0.0,-0.30084,0.44949,7.15,6.4,7.17,6.13
2306,38.4333,7.0,47.745,-0.308,1.1822,-1.86,-4.77,2.9,4.282,0.14858,-0.02645,0.0,0.0,-0.29832,0.45441,7.45,3.39,-6.09,12.37
2307,38.45,7.0,47.758,-0.308,1.1859,-2.11,-5.29,2.58,6.923,0.15319,-0.00536,0.0,0.0,-0.29862,0.45931,6.68,6.81,7.38,6.82
2308,38.4667,7.0,47.771,-0.308,1.1892,-2.07,-5.62,2.39,6.684,0.15093,0.00994,-0.0,-0.0,-0.30127,0.45971,6.68,7.25,5.91,6.9
2309,38.4833,7.0,47.784,-0.308,1.1916,-2.0,-5.95,2.29,5.155,0.14793,0.02088,-0.0,-0.0,-0.30422,0.45965,6.97,6.18,0.4,7.07
2310,38.5,7.0,47.797,-0.309,1.193,-1.92,-6.31,2.24,6.759,0.14624,0.02547,-0.0,-0.0,-0.30589,0.45964,6.89,6.23,6.96,6.96
2311,38.5167,7.0,47.81,-0.309,1.193,-2.0,-6.53,2.22,5.573,0.15189,0.03558,-0.0,-0.0,-0.30509,0.46449,6.81,3.4,6.93,5.14
2312,38.5333,7.0,47.824,-0.31,1.194,-1.73,-6.6,2.18,6.61,0.14956,0.03996,-0.0,-0.0,-0.30779,0.46485,6.86,6.48,6.13,6.97
2313,38.55,7.0,47.839,-0.311,1.1944,-1.67,-6.59,2.19,6.678,0.15256,0.03927,-0.0,-0.0,-0.30765,0.46772,7.03,6.68,6.86,6.14
2314,38.5667,7.0,47.854,-0.311,1.1945,-1.75,-6.65,2.2,6.631,0.15838,0.0399,-0.0,-0.0,-0.30627,0.47215,6.97,6.51,6.77,6.28
2315,38.5833,7.0,47.87,-0.311,1.193,-1.86,-6.75,2.23,6.823,0.16235,0.04685,-0.0,-0.0,-0.30724,0.4771,6.99,6.41,7.13,6.76
2316,38.6,7.0,47.886,-0.311,1.1937,-1.57,-6.63,2.27,6.792,0.15834,0.05194,-0.0,-0.0,-0.31156,0.4774,6.95,6.42,6.73,7.07
2317,38.6167,7.0,47.902,-0.312,1.1934,-1.59,-6.58,2.36,7.124,0.16312,0.06306,-0.0,-0.0,-0.31197,0.48259,6.98,7.7,7.44,6.37
2318,38.6333,7.0,47.918,-0.312,1.1935,-1.67,-6.7,2.35,6.842,0.16588,0.06988,-0.0,-0.0,-0.31163,0.48502,6.96,6.93,6.99,6.5
2319,38.65,7.0,47.934,-0.311,1.1929,-1.54,-6.73,2.34,6.823,0.16638,0.07879,-0.0,-0.0,-0.31355,0.48744,6.98,7.07,6.32,6.92
2320,38.6667,7.0,47.95,-0.311,1.1931,-1.43,-6.66,2.37,6.734,0.1698,0.08707,-0.0,-0.0,-0.31276,0.49007,6.93,6.91,7.03,6.07
2321,38.6833,7.0,47.966,-0.311,1.1928,-1.52,-6.65,2.37,6.996,0.17354,0.09222,-0.0,-0.0,-0.31253,0.49358,6.97,7.15,7.16,6.71
2322,38.7,7.0,47.982,-0.311,1.1917,-1.66,-6.75,2.33,6.946,0.17303,0.09213,-0.0,-0.0,-0.31379,0.49433,6.99,6.87,6.98,6.95
2323,38.7167,7.0,47.998,-0.311,1.1922,-1.41,-6.6,2.31,6.891,0.17066,0.09375,-0.0,-0.0,-0.31772,0.49588,6.98,6.46,7.15,6.97
2324,38.7333,7.0,48.014,-0.312,1.192,-1.37,-6.6,2.34,6.903,0.17449,0.0942,-0.0,-0.0,-0.31851,0.5005,6.92,7.46,7.25,5.98
2325,38.75,7.0,48.03,-0.312,1.1924,-1.39,-6.7,2.28,6.922,0.17461,0.09186,-0.0,-0.0,-0.31849,0.5006,6.94,6.88,7.24,6.62
2326,38.7667,7.0,48.046,-0.311,1.1918,-1.3,-6.77,2.32,7.168,0.1732,0.08786,-0.0,-0.0,-0.32078,0.50148,7.11,8.07,6.43,7.07
2327,38.7833,7.0,48.061,-0.31,1.1919,-1.32,-6.6,2.4,6.83,0.17136,0.07892,-0.0,-0.0,-0.32037,0.49924,6.93,7.19,7.03,6.17
2328,38.8,7.0,48.077,-0.308,1.1921,-1.47,-6.65,2.42,6.937,0.17066,0.06649,-0.0,-0.0,-0.32185,0.50001,6.98,6.94,7.05,6.78
2329,38.8167,7.0,48.087,-0.306,1.1956,-2.49,-5.73,2.4,7.81,0.17014,0.05553,-0.0,-0.0,-0.32054,0.49818,6.91,6.92,11.09,6.32
2330,38.8333,7.0,48.098,-0.305,1.1964,-3.53,-5.13,2.41,6.543,0.17017,0.04837,-0.0,-0.0,-0.31968,0.49736,5.88,6.49,6.61,7.19
2331,38.85,7.0,48.108,-0.303,1.1991,-4.2,-4.76,2.47,4.572,0.17397,0.04204,-0.0,-0.0,-0.31411,0.49559,0.17,6.77,6.78,4.56
2332,38.8667,7.0,48.118,-0.301,1.2036,-4.85,-4.59,2.68,5.707,0.17402,0.03639,-0.0,-0.0,-0.31153,0.49305,3.21,6.8,6.96,5.85
2333,38.8833,7.0,48.127,-0.299,1.2084,-4.92,-4.35,2.75,10.996,0.17487,0.03374,-0.0,-0.0,-0.30986,0.49223,19.94,4.81,6.96,12.27
2334,38.9,7.0,48.137,-0.296,1.2121,-4.88,-3.93,2.86,16.158,0.17305,0.03142,-0.0,-0.0,-0.31069,0.49124,7.9,19.19,7.21,30.33
2335,38.9167,7.0,48.146,-0.295,1.2141,-4.69,-3.48,2.94,5.703,0.1698,0.02677,-0.0,-0.0,-0.30971,0.48702,6.94,3.47,6.97,5.43
2336,38.9333,7.0,48.157,-0.295,1.2161,-4.5,-3.06,2.93,9.427,0.16243,0.01564,-0.0,-0.0,-0.31153,0.48147,10.96,4.19,6.21,16.35
2337,38.95,7.0,48.169,-0.294,1.2187,-4.32,-2.69,2.87,6.979,0.15758,0.00081,-0.0,-0.0,-0.31087,0.47596,2.58,4.24,6.35,14.74
2338,38.9667,7.0,48.182,-0.294,1.2207,-4.08,-2.33,2.74,11.557,0.15439,-0.01942,0.0,0.0,-0.30976,0.47166,13.41,6.2,6.49,20.13
2339,38.9833,7.0,48.195,-0.294,1.2222,-3.84,-2.04,2.79,6.495,0.15493,-0.03672,0.0,0.0,-0.30744,0.46988,6.94,5.46,7.23,6.35
2340,39.0,7.0,48.21,-0.294,1.2242,-3.59,-1.89,2.95,6.353,0.15556,-0.05218,0.0,0.0,-0.30421,0.46727,6.83,5.62,7.0,5.96
2341,39.0167,7.0,48.225,-0.294,1.2256,-3.34,-1.84,3.0,7.009,0.15691,-0.06251,0.0,0.0,-0.30326,0.46768,6.9,7.36,6.74,7.04
2342,39.0333,7.0,48.241,-0.294,1.2268,-3.04,-1.97,2.97,6.734,0.15415,-0.07111,0.0,0.0,-0.30657,0.46823,6.93,6.61,6.52,6.87
2343,39.05,7.0,48.256,-0.295,1.227,-3.06,-1.91,2.98,6.785,0.15713,-0.06804,0.0,0.0,-0.30614,0.47077,6.97,6.97,6.97,6.24
2344,39.0667,7.0,48.272,-0.295,1.2255,-3.22,-1.81,2.94,6.676,0.16045,-0.05692,0.0,0.0,-0.30624,0.47419,6.99,7.01,6.98,5.73
2345,39.0833,7.0,48.287,-0.295,1.2258,-3.23,-1.78,2.87,6.728,0.16088,-0.04342,0.0,0.0,-0.30967,0.47806,6.99,6.75,6.61,6.56
2346,39.1,7.0,48.303,-0.295,1.226,-3.2,-1.78,2.89,6.663,0.16109,-0.03188,0.0,0.0,-0.31176,0.48036,6.96,6.56,6.32,6.82
2347,39.1167,7.0,48.319,-0.295,1.2251,-3.15,-1.82,2.93,6.447,0.16288,-0.02052,0.0,0.0,-0.31155,0.48194,6.96,5.75,6.94,6.14
2348,39.1333,7.0,48.335,-0.295,1.2234,-3.35,-1.82,2.9,6.841,0.16875,-0.00588,0.0,0.0,-0.31081,0.48707,6.98,7.22,6.93,6.24
2349,39.15,7.0,48.351,-0.294,1.2253,-3.22,-1.74,2.78,6.862,0.16663,0.00766,-0.0,-0.0,-0.3142,0.48834,6.9,6.94,6.65,6.96
2350,39.1667,7.0,48.367,-0.294,1.225,-3.12,-1.76,2.75,6.599,0.16534,0.01518,-0.0,-0.0,-0.3163,0.48914,7.01,6.48,5.89,7.02
2351,39.1833,7.0,48.383,-0.293,1.2232,-3.13,-1.72,2.76,5.545,0.16805,0.02118,-0.0,-0.0,-0.31591,0.49147,7.19,4.28,2.92,7.79
2352,39.2,7.0,48.399,-0.293,1.2242,-3.14,-1.77,2.67,6.403,0.16818,0.02614,-0.0,-0.0,-0.31913,0.49481,6.92,5.63,6.12,6.95
2353,39.2167,7.0,48.414,-0.292,1.2247,-3.06,-1.81,2.7,6.867,0.16734,0.02943,-0.0,-0.0,-0.32093,0.49577,6.89,6.67,6.92,6.98
2354,39.2333,7.0,48.43,-0.292,1.2239,-3.03,-1.84,2.74,6.463,0.16851,0.03169,-0.0,-0.0,-0.32143,0.49744,6.99,5.58,6.98,6.3
2355,39.25,7.0,48.446,-0.292,1.222,-3.2,-1.83,2.72,6.813,0.1724,0.03165,-0.0,-0.0,-0.3214,0.50131,6.97,6.76,7.55,5.96
2356,39.2667,7.0,48.461,-0.291,1.2241,-3.09,-1.81,2.65,6.947,0.16615,0.02735,-0.0,-0.0,-0.32463,0.49828,6.92,7.15,6.79,6.93
2357,39.2833,7.0,48.477,-0.29,1.2239,-2.99,-1.83,2.64,6.748,0.16487,0.02359,-0.0,-0.0,-0.32698,0.49935,7.01,6.47,6.51,7.01
2358,39.3,7.0,48.494,-0.29,1.2227,-3.07,-1.79,2.66,6.768,0.16645,0.01912,-0.0,-0.0,-0.32659,0.50055,6.99,7.0,6.96,6.12
2359,39.3167,7.0,48.509,-0.289,1.2233,-3.05,-1.86,2.63,6.725,0.16099,0.00943,-0.0,-0.0,-0.3291,0.4976,6.79,5.9,7.47,6.74
2360,39.3333,7.0,48.524,-0.288,1.224,-3.0,-1.88,2.59,6.764,0.16104,0.00182,-0.0,-0.0,-0.33032,0.49887,6.96,6.99,6.07,7.03
2361,39.35,7.0,48.54,-0.288,1.2235,-3.07,-1.86,2.58,6.575,0.16225,-0.00483,0.0,0.0,-0.33033,0.50008,6.99,5.87,6.99,6.46
2362,39.3667,7.0,48.556,-0.287,1.2216,-3.25,-1.82,2.53,6.22,0.16233,-0.01462,0.0,0.0,-0.33153,0.50136,6.99,4.84,6.64,6.41
2363,39.3833,7.0,48.572,-0.285,1.2233,-3.18,-1.85,2.58,6.915,0.15859,-0.02064,0.0,0.0,-0.33412,0.50021,6.88,6.66,7.27,6.85
2364,39.4,7.0,48.587,-0.284,1.2234,-3.07,-1.86,2.69,6.161,0.15694,-0.02632,0.0,0.0,-0.33586,0.50031,7.0,5.34,6.41,5.89
2365,39.4167,7.0,48.604,-0.282,1.2218,-3.18,-1.73,2.77,6.594,0.15618,-0.03372,0.0,0.0,-0.33624,0.49993,7.01,5.63,7.26,6.48
2366,39.4333,7.0,48.62,-0.28,1.2215,-3.4,-1.92,2.78,7.247,0.15358,-0.0373,0.0,0.0,-0.33808,0.49916,6.97,7.33,7.73,6.96
2367,39.45,7.0,48.636,-0.279,1.2233,-3.27,-1.81,2.8,1.2,0.15053,-0.04364,0.0,0.0,-0.34199,0.50002,6.84,5.89,5.73,-13.66
2368,39.4667,7.0,48.651,-0.278,1.2249,-3.9,-1.32,2.92,3.55,0.15123,-0.04974,0.0,0.0,-0.34143,0.50017,-6.3,7.06,7.12,6.32
2369,39.4833,7.0,48.666,-0.277,1.2274,-4.23,-1.0,3.14,6.915,0.1527,-0.05367,0.0,0.0,-0.33981,0.50001,6.96,6.83,6.92,6.94
2370,39.5,7.0,48.682,-0.275,1.2297,-4.58,-0.82,3.35,6.49,0.15239,-0.0536,0.0,0.0,-0.34029,0.50019,5.44,6.7,6.92,6.9
2371,39.5167,7.0,48.697,-0.274,1.2325,-4.59,-0.75,3.43,7.868,0.15378,-0.05042,0.0,0.0,-0.33834,0.49962,10.13,7.37,6.98,6.99
2372,39.5333,7.0,48.712,-0.271,1.2337,-4.3,-0.53,3.51,6.082,0.15351,-0.04712,0.0,0.0,-0.33853,0.49954,6.81,7.02,6.5,4.01
2373,39.55,7.0,48.728,-0.269,1.2331,-4.04,-0.23,3.64,4.69,0.14993,-0.04521,0.0,0.0,-0.34074,0.49818,6.86,5.25,4.54,2.11
2374,39.5667,7.0,48.744,-0.268,1.2341,-3.99,-0.04,3.68,10.255,0.14853,-0.04184,0.0,0.0,-0.34162,0.49766,5.91,15.47,11.77,7.87
2375,39.5833,7.0,48.76,-0.268,1.2346,-3.96,-0.04,3.89,6.819,0.1487,-0.03943,0.0,0.0,-0.34332,0.49952,6.6,6.57,6.87,7.24
2376,39.6,7.0,48.776,-0.267,1.2334,-3.95,-0.07,4.02,6.866,0.14875,-0.03876,0.0,0.0,-0.34392,0.50018,6.52,7.03,7.0,6.91
2377,39.6167,7.0,48.792,-0.266,1.2323,-3.84,0.14,4.08,6.428,0.14679,-0.03987,0.0,0.0,-0.34662,0.50092,6.78,5.86,7.18,5.89
2378,39.6333,7.0,48.809,-0.265,1.2318,-3.9,0.32,3.97,7.009,0.14611,-0.04297,0.0,0.0,-0.34649,0.50011,7.1,7.21,6.92,6.81
2379,39.65,7.0,48.826,-0.263,1.2297,-4.0,0.47,3.85,6.891,0.14589,-0.04565,0.0,0.0,-0.3466,0.5,6.95,6.88,6.99,6.74
2380,39.6667,7.0,48.843,-0.262,1.2261,-3.8,0.87,3.73,6.906,0.14273,-0.04759,0.0,0.0,-0.34953,0.49976,7.02,6.55,7.02,7.03
2381,39.6833,7.0,48.86,-0.261,1.2221,-3.85,1.53,3.64,6.397,0.14329,-0.04727,0.0,0.0,-0.34975,0.50054,5.2,7.27,7.02,6.1
2382,39.7,7.0,48.878,-0.26,1.2176,-4.04,2.08,3.42,5.623,0.14224,-0.04823,0.0,0.0,-0.34979,0.49954,4.74,4.6,6.82,6.33
2383,39.7167,7.0,48.897,-0.259,1.2136,-4.05,2.42,3.47,7.233,0.14249,-0.04888,0.0,0.0,-0.35006,0.50005,7.2,6.89,6.84,7.99
2384,39.7333,7.0,48.915,-0.258,1.2123,-3.93,2.76,3.42,7.218,0.13933,-0.05069,0.0,0.0,-0.35316,0.5,7.18,7.23,6.98,7.49
2385,39.75,7.0,48.933,-0.258,1.2148,-3.66,2.67,3.5,6.765,0.13716,-0.05382,0.0,0.0,-0.35549,0.50016,6.83,6.9,6.96,6.37
2386,39.7667,7.0,48.95,-0.258,1.2138,-3.6,2.65,3.53,6.97,0.13853,-0.05493,0.0,0.0,-0.35445,0.50048,6.68,6.83,6.77,7.6
2387,39.7833,7.0,48.967,-0.257,1.2133,-3.65,2.62,3.51,5.947,0.14336,-0.0477,0.0,0.0,-0.34966,0.50052,5.28,6.34,6.98,5.18
2388,39.8,7.0,48.982,-0.255,1.2148,-3.48,2.73,3.49,6.763,0.14076,-0.04458,0.0,0.0,-0.35085,0.49911,6.49,6.76,6.91,6.89
2389,39.8167,7.0,48.997,-0.254,1.2146,-3.5,2.73,3.49,6.882,0.14153,-0.03997,0.0,0.0,-0.35119,0.50022,7.65,7.02,5.76,7.1
2390,39.8333,7.0,49.013,-0.252,1.213,-3.71,2.6,3.49,6.956,0.14183,-0.03586,0.0,0.0,-0.35079,0.50012,6.98,6.99,6.82,7.03
2391,39.85,7.0,49.028,-0.25,1.2143,-3.87,2.53,3.57,6.65,0.1376,-0.03333,0.0,0.0,-0.35324,0.49834,6.61,6.9,6.91,6.18
2392,39.8667,7.0,49.043,-0.249,1.2149,-4.04,2.42,3.55,6.219,0.13997,-0.02644,0.0,0.0,-0.35211,0.49959,6.42,5.03,6.98,6.44
2393,39.8833,7.0,49.058,-0.247,1.2141,-4.19,2.35,3.51,7.874,0.1373,-0.02452,0.0,0.0,-0.35358,0.49839,6.9,5.95,6.99,11.66
2394,39.9,7.0,49.073,-0.245,1.2125,-4.24,2.29,3.55,5.285,0.13867,-0.0264,0.0,0.0,-0.35353,0.49971,3.03,5.76,6.71,5.64
2395,39.9167,7.0,49.087,-0.244,1.2149,-4.11,2.46,3.58,9.376,0.13592,-0.02821,0.0,0.0,-0.35655,0.49997,18.38,5.3,6.92,6.91
2396,39.9333,7.0,49.101,-0.243,1.2144,-4.17,2.4,3.6,6.692,0.13607,-0.03044,0.0,0.0,-0.35689,0.50046,6.44,6.95,6.92,6.46
2397,39.95,7.0,49.116,-0.241,1.2132,-4.15,2.43,3.62,6.756,0.13215,-0.03673,0.0,0.0,-0.35986,0.49951,7.01,5.93,7.04,7.04
2398,39.9667,7.0,49.131,-0.24,1.2134,-4.03,2.5,3.74,6.665,0.12966,-0.04049,0.0,0.0,-0.36373,0.50089,7.74,5.26,6.82,6.84
2399,39.9833,7.0,49.146,-0.239,1.2142,-4.05,2.5,3.73,6.899,0.12826,-0.04768,0.0,0.0,-0.36428,0.50004,6.94,6.92,6.94,6.8
2400,40.0,7.0,49.161,-0.238,1.2134,-4.17,2.45,3.7,6.222,0.12829,-0.05123,0.0,0.0,-0.36425,0.50004,5.48,6.95,6.92,5.54
2401,40.0167,7.0,49.176,-0.236,1.2117,-3.95,2.56,3.76,4.22,0.12369,-0.0605,0.0,0.0,-0.36677,0.49796,1.6,7.18,7.46,0.65
2402,40.0333,7.0,49.192,-0.235,1.2135,-3.97,2.6,4.01,7.189,0.12246,-0.06708,0.0,0.0,-0.36963,0.4996,7.49,6.88,6.88,7.5
2403,40.05,7.0,49.207,-0.234,1.2139,-4.01,2.59,4.09,6.793,0.12121,-0.07431,0.0,0.0,-0.37097,0.49969,6.78,6.98,7.03,6.39
2404,40.0667,7.0,49.223,-0.233,1.2127,-4.09,2.55,4.11,5.857,0.12166,-0.07619,0.0,0.0,-0.37087,0.50003,3.36,6.88,6.93,6.25
2405,40.0833,7.0,49.238,-0.231,1.2125,-4.06,2.56,4.28,6.371,0.12025,-0.07673,0.0,0.0,-0.37409,0.50184,4.75,6.71,6.59,7.44
2406,40.1,7.0,49.254,-0.229,1.2135,-4.15,2.54,4.23,6.927,0.11706,-0.07904,0.0,0.0,-0.37544,0.5,6.91,6.96,6.94,6.9
2407,40.1167,7.0,49.269,-0.227,1.2129,-4.32,2.45,4.18,6.86,0.11687,-0.0813,0.0,0.0,-0.37578,0.50015,6.79,6.95,6.95,6.74
2408,40.1333,7.0,49.284,-0.225,1.2114,-4.21,2.57,4.16,6.749,0.11303,-0.08251,0.0,0.0,-0.37927,0.4998,6.97,6.02,7.0,7.01
2409,40.15,7.0,49.3,-0.224,1.211,-4.18,2.73,4.19,6.384,0.11215,-0.08322,0.0,0.0,-0.38134,0.50099,5.89,7.1,6.92,5.62
2410,40.1667,7.0,49.316,-0.222,1.2105,-4.21,2.88,4.06,6.784,0.11011,-0.08465,0.0,0.0,-0.38212,0.49974,6.55,7.02,6.95,6.61
2411,40.1833,7.0,49.332,-0.22,1.2083,-4.41,2.97,3.96,5.639,0.10816,-0.08837,0.0,0.0,-0.38232,0.49798,7.28,2.71,6.82,5.75
2412,40.2,7.0,49.348,-0.218,1.2056,-4.33,3.32,3.95,6.439,0.10287,-0.09565,0.0,0.0,-0.38538,0.49575,6.73,5.99,7.01,6.02
2413,40.2167,7.0,49.366,-0.217,1.2025,-4.56,3.74,3.93,6.854,0.10362,-0.09799,0.0,0.0,-0.38712,0.49824,6.87,7.02,6.89,6.63
2414,40.2333,7.0,49.383,-0.215,1.1983,-4.64,4.18,3.84,7.014,0.10456,-0.0989,0.0,0.0,-0.38653,0.4986,6.89,7.2,7.04,6.93
2415,40.25,7.0,49.401,-0.214,1.193,-4.4,4.84,3.82,6.551,0.10074,-0.09968,0.0,0.0,-0.3901,0.49834,6.63,5.93,6.79,6.85
2416,40.2667,7.0,49.419,-0.213,1.1869,-4.51,5.66,3.82,6.608,0.10317,-0.09695,0.0,0.0,-0.38928,0.49995,6.71,6.63,6.7,6.39
2417,40.2833,7.0,49.437,-0.212,1.1795,-4.83,6.46,3.75,4.548,0.10408,-0.09152,0.0,0.0,-0.3885,0.50008,6.41,-2.33,6.58,7.53
2418,40.3,7.0,49.456,-0.21,1.1776,-4.55,6.72,3.94,6.41,0.08934,-0.0999,0.0,0.0,-0.39783,0.49468,6.48,6.28,6.52,6.36
2419,40.3167,7.0,49.473,-0.209,1.1789,-4.32,6.78,4.28,6.4,0.09126,-0.09985,0.0,0.0,-0.39966,0.49842,5.77,6.73,6.57,6.53
2420,40.3333,7.0,49.489,-0.209,1.1788,-4.22,6.89,4.51,6.737,0.08991,-0.10196,0.0,0.0,-0.40226,0.49967,6.24,6.91,6.84,6.96
2421,40.35,7.0,49.505,-0.208,1.1772,-4.17,6.94,4.69,7.246,0.08984,-0.10487,0.0,0.0,-0.40259,0.49994,7.78,7.02,7.05,7.14
2422,40.3667,7.0,49.521,-0.207,1.1771,-3.97,7.02,4.87,7.687,0.08411,-0.10938,0.0,0.0,-0.40827,0.49989,8.96,7.18,7.05,7.56
2423,40.3833,7.0,49.537,-0.206,1.178,-3.96,7.08,4.93,6.86,0.08201,-0.11802,0.0,0.0,-0.41024,0.49975,6.74,6.95,6.96,6.79
2424,40.4,7.0,49.552,-0.206,1.1778,-4.01,7.07,4.99,6.956,0.08209,-0.12648,0.0,0.0,-0.41069,0.50028,7.09,6.98,7.04,6.71
2425,40.4167,7.0,49.568,-0.205,1.1761,-3.99,7.08,4.97,5.761,0.08294,-0.11789,0.0,0.0,-0.4098,0.50025,2.76,7.03,6.97,6.28
2426,40.4333,7.0,49.584,-0.204,1.1756,-3.89,6.8,4.98,7.118,0.08178,-0.11349,0.0,0.0,-0.4109,0.50018,7.14,6.92,7.46,6.96
2427,40.45,7.0,49.599,-0.201,1.1782,-4.08,7.05,4.84,7.16,0.07696,-0.11319,0.0,0.0,-0.41113,0.4956,8.17,7.06,6.93,6.48
2428,40.4667,7.0,49.615,-0.199,1.1775,-4.31,6.92,4.86,7.042,0.08177,-0.10791,0.0,0.0,-0.40719,0.49646,8.11,6.41,6.83,6.82
2429,40.4833,7.0,49.63,-0.197,1.176,-4.37,6.73,5.04,7.288,0.07885,-0.10038,0.0,0.0,-0.41156,0.49792,7.67,6.85,7.18,7.45
2430,40.5,7.0,49.645,-0.195,1.1767,-4.56,6.61,5.17,6.903,0.07865,-0.09178,0.0,0.0,-0.4136,0.49976,6.65,6.95,6.94,7.08
2431,40.5167,7.0,49.66,-0.192,1.1759,-4.58,6.48,5.2,7.758,0.07743,-0.08556,0.0,0.0,-0.41365,0.49859,8.31,6.69,7.07,8.97
2432,40.5333,7.0,49.675,-0.19,1.1739,-4.19,6.63,5.33,6.695,0.07414,-0.08435,0.0,0.0,-0.41692,0.49856,6.74,6.11,6.98,6.94
2433,40.55,7.0,49.69,-0.188,1.1733,-4.06,6.58,5.27,7.04,0.0722,-0.08408,0.0,0.0,-0.41915,0.49885,8.78,6.38,6.69,6.31
2434,40.5667,7.0,49.705,-0.187,1.1723,-3.93,6.41,5.13,8.168,0.0692,-0.08198,0.0,0.0,-0.41997,0.49667,7.08,6.77,11.99,6.82
2435,40.5833,7.0,49.721,-0.186,1.1695,-3.83,6.26,5.03,6.709,0.06497,-0.08943,0.0,0.0,-0.42335,0.49582,6.95,6.86,6.31,6.71
2436,40.6,7.0,49.736,-0.186,1.168,-4.04,5.88,4.84,7.216,0.06806,-0.08979,0.0,0.0,-0.42428,0.49985,6.97,7.51,7.4,6.99
2437,40.6167,7.0,49.751,-0.185,1.1648,-4.05,5.47,4.83,5.877,0.06766,-0.09032,0.0,0.0,-0.42479,0.49996,5.1,4.59,6.89,6.93
2438,40.6333,7.0,49.766,-0.184,1.16,-3.93,4.95,4.93,7.069,0.0643,-0.09299,0.0,0.0,-0.4267,0.4985,6.7,7.62,7.06,6.9
2439,40.65,7.0,49.78,-0.183,1.155,-3.91,4.54,5.03,5.588,0.06719,-0.08897,0.0,0.0,-0.42743,0.50213,4.04,6.46,6.67,5.18
2440,40.6667,7.0,49.794,-0.181,1.153,-3.81,4.54,5.02,6.631,0.06461,-0.0861,0.0,0.0,-0.42752,0.49963,6.98,6.98,6.98,5.58
2441,40.6833,7.0,49.809,-0.178,1.1561,-3.93,4.61,5.08,6.587,0.06092,-0.08429,0.0,0.0,-0.42989,0.49831,6.38,6.98,7.03,5.96
2442,40.7,7.0,49.824,-0.176,1.1551,-4.18,4.54,5.1,6.892,0.06141,-0.07783,0.0,0.0,-0.43055,0.49946,6.9,6.97,6.97,6.73
2443,40.7167,7.0,49.84,-0.174,1.1525,-4.4,4.47,5.09,6.398,0.0603,-0.07648,0.0,0.0,-0.4317,0.4995,6.7,7.3,7.03,4.55
2444,40.7333,7.0,49.855,-0.171,1.151,-4.75,4.72,5.02,6.862,0.05856,-0.07667,0.0,0.0,-0.43232,0.49838,6.39,6.95,7.01,7.1
2445,40.75,7.0,49.871,-0.169,1.1487,-4.96,5.01,4.9,6.782,0.0564,-0.07559,0.0,0.0,-0.43468,0.49857,7.14,5.25,6.91,7.83
2446,40.7667,7.0,49.888,-0.166,1.1451,-4.82,5.49,4.86,6.697,0.05386,-0.08024,0.0,0.0,-0.43712,0.49848,6.87,6.11,6.9,6.9
2447,40.7833,7.0,49.904,-0.164,1.1402,-4.79,6.03,4.86,5.747,0.05276,-0.0828,0.0,0.0,-0.43657,0.49684,6.84,4.08,6.85,5.21
2448,40.8,7.0,49.922,-0.161,1.1346,-5.09,6.68,4.8,6.611,0.0557,-0.07823,0.0,0.0,-0.43584,0.49904,6.64,6.8,6.78,6.23
2449,40.8167,7.0,49.94,-0.159,1.1283,-4.93,7.58,4.75,6.427,0.05116,-0.07939,0.0,0.0,-0.44015,0.49881,6.53,5.73,6.78,6.66
2450,40.8333,7.0,49.957,-0.156,1.1239,-4.66,8.04,4.94,5.618,0.03838,-0.0924,0.0,0.0,-0.44983,0.49571,2.48,6.29,6.45,7.25
2451,40.85,7.0,49.973,-0.155,1.1259,-4.56,8.19,5.43,6.651,0.03821,-0.10224,0.0,0.0,-0.45006,0.49577,6.58,6.59,6.69,6.74
2452,40.8667,7.0,49.988,-0.155,1.1252,-4.48,8.23,5.84,6.829,0.03807,-0.10882,0.0,0.0,-0.4502,0.49577,6.79,6.83,6.84,6.85
2453,40.8833,7.0,50.004,-0.154,1.1232,-4.48,8.16,5.99,6.826,0.04304,-0.10689,0.0,0.0,-0.45038,0.50092,7.03,6.73,6.63,6.92
2454,40.9,7.0,50.02,-0.152,1.1222,-4.27,7.99,6.08,6.868,0.04003,-0.10715,0.0,0.0,-0.45267,0.5002,7.04,6.9,6.96,6.57
2455,40.9167,7.0,50.035,-0.149,1.1245,-4.38,8.33,6.01,7.104,0.03434,-0.11626,0.0,0.0,-0.45415,0.496,7.71,6.98,7.12,6.6
2456,40.9333,7.0,50.052,-0.147,1.123,-4.68,8.22,6.0,7.064,0.03625,-0.11763,0.0,0.0,-0.45391,0.49767,6.97,7.0,6.99,7.29
2457,40.95,7.0,50.068,-0.144,1.1221,-4.74,7.92,6.11,6.98,0.03481,-0.10719,0.0,0.0,-0.45748,0.4998,6.73,6.92,6.91,7.36
2458,40.9667,7.0,50.083,-0.141,1.124,-5.04,7.98,6.1,6.945,0.03145,-0.10128,0.0,0.0,-0.45919,0.49815,7.15,7.03,7.06,6.54
2459,40.9833,7.0,50.098,-0.138,1.1239,-5.25,7.91,6.02,8.176,0.03238,-0.09498,0.0,0.0,-0.45844,0.49832,8.73,8.73,7.15,8.09
2460,41.0,7.0,50.113,-0.135,1.1221,-5.15,8.0,6.01,5.499,0.02668,-0.10041,0.0,0.0,-0.46385,0.49804,6.83,7.4,7.45,0.32
2461,41.0167,7.0,50.128,-0.133,1.1226,-5.25,7.9,6.26,6.787,0.0248,-0.10403,0.0,0.0,-0.46745,0.49975,6.31,6.91,6.76,7.17
2462,41.0333,7.0,50.144,-0.131,1.1224,-5.27,7.85,6.35,6.359,0.02406,-0.10212,0.0,0.0,-0.46733,0.4989,5.49,6.64,7.11,6.2
2463,41.05,7.0,50.159,-0.128,1.1211,-5.07,7.97,6.32,6.849,0.02121,-0.10533,0.0,0.0,-0.46988,0.4986,6.93,6.47,6.99,7.01
2464,41.0667,7.0,50.175,-0.125,1.1194,-4.87,7.92,6.19,6.631,0.01687,-0.11114,0.0,0.0,-0.47316,0.49753,6.25,7.22,6.1,6.95
2465,41.0833,7.0,50.19,-0.123,1.1175,-4.54,7.72,6.1,5.179,0.01179,-0.11803,0.0,0.0,-0.47637,0.49566,6.48,7.28,0.23,6.72
2466,41.1,7.0,50.205,-0.121,1.1175,-4.63,7.53,5.73,6.82,0.01025,-0.12662,0.0,0.0,-0.47961,0.49736,6.86,7.08,6.46,6.89
2467,41.1167,7.0,50.22,-0.12,1.1161,-4.72,7.32,5.48,6.743,0.01021,-0.12837,0.0,0.0,-0.48154,0.49926,6.91,7.17,5.93,6.96
2468,41.1333,7.0,50.235,-0.119,1.1131,-4.84,7.09,5.33,6.785,0.00781,-0.13044,0.0,0.0,-0.48384,0.49915,6.98,7.08,6.07,7.01
2469,41.15,7.0,50.25,-0.118,1.1093,-4.91,6.69,5.27,7.026,0.00331,-0.13614,0.0,0.0,-0.48814,0.49896,8.97,6.35,6.02,6.76
2470,41.1667,7.0,50.264,-0.117,1.1055,-4.99,6.22,5.36,6.864,0.00293,-0.13861,0.0,0.0,-0.48948,0.49992,6.83,7.44,6.33,6.85
2471,41.1833,7.0,50.278,-0.117,1.1004,-4.97,5.66,5.58,5.807,-0.00087,-0.14023,0.0,0.0,-0.49308,0.49971,6.71,2.78,6.83,6.91
2472,41.2,7.0,50.291,-0.116,1.0942,-4.75,4.84,5.8,6.328,-0.00379,-0.13942,0.0,0.0,-0.49584,0.49955,5.48,6.55,6.61,6.67
2473,41.2167,7.0,50.304,-0.116,1.0861,-4.55,3.99,5.96,6.965,-0.00804,-0.14151,0.0,0.0,-0.50005,0.49951,8.03,6.6,6.62,6.6
2474,41.2333,7.0,50.318,-0.113,1.0866,-4.73,4.21,5.87,5.647,-0.00885,-0.14413,0.0,0.0,-0.49911,0.49776,5.52,6.29,6.61,4.17
2475,41.25,7.0,50.332,-0.111,1.0852,-5.02,4.17,5.78,6.481,-0.00688,-0.14195,0.0,0.0,-0.49848,0.4991,4.91,6.96,7.12,6.94
2476,41.2667,7.0,50.347,-0.108,1.0846,-5.38,4.21,5.76,6.878,-0.00555,-0.13402,0.0,0.0,-0.4981,0.50005,6.99,7.0,6.97,6.56
2477,41.2833,7.0,50.362,-0.104,1.0826,-5.5,4.44,5.71,6.782,-0.00778,-0.12896,0.0,0.0,-0.50015,0.49988,6.9,6.3,6.96,6.97
2478,41.3,7.0,50.377,-0.101,1.0789,-5.41,4.77,5.67,6.931,-0.00764,-0.12044,0.0,0.0,-0.49994,0.49981,6.98,6.78,6.99,6.98
2479,41.3167,7.0,50.392,-0.098,1.0741,-5.59,5.3,5.64,6.556,-0.0069,-0.10919,0.0,0.0,-0.49973,0.50033,6.97,5.4,6.93,6.93
2480,41.3333,7.0,50.409,-0.095,1.0693,-5.55,6.08,5.62,6.487,-0.00793,-0.09597,0.0,0.0,-0.5001,0.49968,6.63,5.93,6.68,6.71
2481,41.35,7.0,50.426,-0.092,1.0671,-5.62,6.46,5.54,8.134,-0.01202,-0.08771,0.0,0.0,-0.49956,0.49505,7.73,9.79,8.09,6.93
2482,41.3667,7.0,50.443,-0.089,1.0664,-5.35,6.25,5.52,6.76,-0.0134,-0.08389,0.0,0.0,-0.50025,0.49435,5.77,7.66,6.81,6.8
2483,41.3833,7.0,50.459,-0.088,1.0673,-5.51,6.37,5.55,7.232,-0.0098,-0.0782,0.0,0.0,-0.49992,0.49762,7.33,6.94,7.15,7.51
2484,41.4,7.0,50.475,-0.086,1.067,-5.55,6.44,5.5,7.166,-0.00794,-0.06897,0.0,0.0,-0.49998,0.49955,6.92,7.31,7.3,7.13
2485,41.4167,7.0,50.492,-0.084,1.0663,-5.37,6.32,5.43,7.387,-0.00865,-0.06174,0.0,0.0,-0.50045,0.4993,7.06,8.63,6.93,6.93
2486,41.4333,7.0,50.507,-0.083,1.0673,-5.4,6.34,5.5,6.923,-0.00759,-0.05504,0.0,0.0,-0.49922,0.49913,7.26,7.05,7.04,6.34
2487,41.45,7.0,50.523,-0.081,1.0671,-5.51,6.37,5.46,6.178,-0.00726,-0.04775,0.0,0.0,-0.49976,0.5,7.09,3.82,6.95,6.85
2488,41.4667,7.0,50.538,-0.079,1.0668,-5.5,6.42,5.37,6.781,-0.00755,-0.03742,0.0,0.0,-0.49996,0.49991,4.46,7.56,8.14,6.97
2489,41.4833,7.0,50.554,-0.077,1.0667,-5.46,6.29,5.39,7.836,-0.00856,-0.02796,0.0,0.0,-0.50156,0.50051,7.67,7.39,7.29,8.99
2490,41.5,7.0,50.569,-0.076,1.0673,-5.58,6.32,5.28,7.826,-0.00968,-0.02448,0.0,0.0,-0.50046,0.49828,10.25,5.95,6.9,8.21
2491,41.5167,7.0,50.585,-0.074,1.0662,-5.44,6.48,5.27,7.233,-0.00824,-0.02185,0.0,0.0,-0.49997,0.49923,7.89,7.01,6.97,7.06
2492,41.5333,7.0,50.6,-0.073,1.066,-5.22,6.36,5.39,7.425,-0.00706,-0.0176,0.0,0.0,-0.49961,0.50006,8.45,6.92,7.02,7.32
2493,41.55,7.0,50.615,-0.072,1.0671,-5.24,6.4,5.38,6.88,-0.00884,-0.01677,0.0,0.0,-0.4998,0.49847,6.79,6.96,6.97,6.8
2494,41.5667,7.0,50.63,-0.071,1.0671,-5.41,6.4,5.38,4.568,-0.00549,-0.01294,0.0,0.0,-0.49865,0.50066,3.34,2.38,6.92,5.64
2495,41.5833,7.0,50.645,-0.069,1.0663,-5.35,6.46,5.38,6.756,-0.00566,-0.00944,0.0,0.0,-0.49818,0.50002,6.75,6.52,6.98,6.77
2496,41.6,7.0,50.661,-0.067,1.066,-5.22,6.29,5.51,6.954,-0.00728,-0.00699,0.0,0.0,-0.50009,0.50031,7.18,6.98,7.0,6.66
2497,41.6167,7.0,50.676,-0.065,1.0646,-4.96,6.25,5.51,6.868,-0.00979,-0.00627,0.0,0.0,-0.5018,0.49952,8.13,5.83,6.76,6.76
2498,41.6333,7.0,50.691,-0.063,1.0623,-4.61,6.32,5.52,6.843,-0.00888,-0.00617,0.0,0.0,-0.50091,0.49954,7.47,6.1,6.88,6.93
2499,41.65,7.0,50.707,-0.063,1.0603,-4.15,6.13,5.59,6.991,-0.00937,-0.00781,0.0,0.0,-0.50143,0.49956,7.48,6.63,6.92,6.93
2500,41.6667,7.0,50.722,-0.063,1.0578,-3.75,5.84,5.7,6.862,-0.00789,-0.0059,0.0,0.0,-0.49988,0.4995,6.78,6.85,6.9,6.92
2501,41.6833,7.0,50.737,-0.064,1.0534,-3.34,5.53,5.75,6.835,-0.00925,-0.00905,0.0,0.0,-0.50124,0.4995,6.86,6.88,6.79,6.8
2502,41.7,7.0,50.753,-0.066,1.0479,-2.95,5.16,5.86,6.741,-0.00959,-0.012,0.0,0.0,-0.50138,0.4993,6.34,6.79,6.91,6.93
2503,41.7167,7.0,50.767,-0.068,1.0425,-2.37,4.45,6.07,6.776,-0.00883,-0.01215,0.0,0.0,-0.5006,0.49927,7.22,6.83,6.6,6.46
2504,41.7333,7.0,50.78,-0.07,1.0394,-1.93,4.2,6.06,6.734,-0.00324,-0.00397,0.0,0.0,-0.49907,0.50333,7.72,6.9,7.09,5.22
2505,41.75,7.0,50.794,-0.07,1.0394,-1.83,4.31,5.84,6.958,-0.00474,0.00076,0.0,0.0,-0.49769,0.50045,7.02,6.76,5.76,8.29
2506,41.7667,7.0,50.808,-0.07,1.0401,-2.23,3.92,5.66,6.918,-0.00484,0.00533,0.0,0.0,-0.49769,0.50035,6.78,6.78,7.29,6.83
2507,41.7833,7.0,50.822,-0.069,1.0398,-2.47,3.61,5.59,4.697,0.00156,0.01442,-0.0,0.0,-0.49408,0.50315,0.41,6.73,6.98,4.67
2508,41.8,7.0,50.834,-0.065,1.0438,-2.34,3.48,5.86,6.78,-0.00517,0.01688,0.0,0.0,-0.49626,0.49859,6.37,6.99,6.99,6.77
2509,41.8167,7.0,50.847,-0.062,1.0461,-2.4,3.21,6.13,5.184,-0.0041,0.0205,0.0,0.0,-0.49698,0.50038,1.25,6.99,6.87,5.62
2510,41.8333,7.0,50.859,-0.059,1.0477,-2.41,2.89,6.34,6.617,-0.00485,0.02213,0.0,0.0,-0.4975,0.50015,6.88,6.87,6.84,5.88
2511,41.85,7.0,50.872,-0.055,1.0474,-2.42,2.64,6.47,6.691,-0.00506,0.01761,0.0,0.0,-0.49773,0.50017,7.01,7.02,6.97,5.77
2512,41.8667,7.0,50.886,-0.05,1.0487,-2.78,2.65,6.48,6.821,-0.00912,0.011,0.0,0.0,-0.49999,0.49838,6.38,7.0,7.03,6.87
2513,41.8833,7.0,50.9,-0.046,1.0487,-3.22,2.41,6.5,6.077,-0.00751,0.00694,0.0,0.0,-0.50021,0.5002,4.23,6.91,6.85,6.32
2514,41.9,7.0,50.914,-0.042,1.0472,-3.68,2.17,6.5,6.845,-0.00742,-0.00314,0.0,0.0,-0.49987,0.49996,6.8,6.8,6.89,6.89
2515,41.9167,7.0,50.928,-0.038,1.0486,-4.09,1.84,6.55,6.952,-0.00813,-0.0058,0.0,0.0,-0.49928,0.49866,6.34,6.89,6.89,7.69
2516,41.9333,7.0,50.942,-0.034,1.0484,-4.66,1.66,6.53,6.49,-0.00672,-0.0078,0.0,0.0,-0.49962,0.50041,6.16,6.78,6.77,6.25
2517,41.95,7.0,50.956,-0.029,1.0469,-5.21,1.54,6.42,6.526,-0.00745,-0.00954,0.0,0.0,-0.49995,0.5,6.84,6.78,6.84,5.64
2518,41.9667,7.0,50.97,-0.024,1.0464,-5.63,1.16,6.36,6.998,-0.00997,-0.01344,0.0,0.0,-0.50174,0.49927,7.43,6.15,6.82,7.59
2519,41.9833,7.0,50.985,-0.021,1.0483,-5.63,1.64,6.65,6.732,-0.00252,-0.00504,0.0,0.0,-0.49442,0.4994,6.89,6.05,7.02,6.97
2520,42.0,7.0,51.0,-0.017,1.0466,-5.48,1.74,6.77,6.959,-0.00357,-0.00039,0.0,0.0,-0.49539,0.49932,6.97,6.88,6.99,6.99
2521,42.0167,7.0,51.015,-0.013,1.0429,-5.32,1.87,6.94,5.815,-0.00681,0.00028,0.0,0.0,-0.49699,0.49768,7.04,3.81,7.0,5.41
2522,42.0333,7.0,51.031,-0.009,1.039,-4.92,2.38,7.18,6.704,-0.01021,-0.0019,0.0,0.0,-0.50018,0.49747,6.92,5.99,6.94,6.96
2523,42.05,7.0,51.047,-0.007,1.0384,-5.16,2.65,7.15,5.858,-0.009,-0.00401,0.0,0.0,-0.50111,0.49962,10.49,-0.56,6.39,7.11
2524,42.0667,7.0,51.064,-0.004,1.0372,-5.22,2.74,6.9,6.905,-0.00738,-0.00346,0.0,0.0,-0.49989,0.50002,6.92,6.88,6.97,6.85
2525,42.0833,7.0,51.081,-0.002,1.0372,-5.05,2.62,6.78,5.622,-0.01025,-0.00334,0.0,0.0,-0.5023,0.49955,7.54,2.73,7.16,5.06
2526,42.1,7.0,51.097,-0.001,1.0376,-5.14,2.74,6.58,6.66,-0.00795,-0.00853,0.0,0.0,-0.49973,0.49928,6.75,5.53,6.94,7.42
2527,42.1167,7.0,51.114,0.001,1.0371,-5.15,2.84,6.4,7.066,-0.00787,-0.01192,0.0,0.0,-0.49963,0.49926,7.01,7.01,7.03,7.21
2528,42.1333,7.0,51.131,0.003,1.0369,-5.11,2.72,6.37,7.27,-0.00778,-0.01149,0.0,0.0,-0.50034,0.50007,7.75,6.99,6.99,7.36
2529,42.15,7.0,51.147,0.005,1.0363,-4.83,2.72,6.32,6.872,-0.00756,-0.00738,0.0,0.0,-0.49988,0.49982,7.01,6.48,7.0,6.99
2530,42.1667,7.0,51.163,0.006,1.0339,-4.42,2.86,6.32,6.705,-0.00812,-0.0056,0.0,0.0,-0.50041,0.49979,6.95,5.92,6.98,6.97
2531,42.1833,7.0,51.179,0.007,1.03,-4.11,3.04,6.36,6.218,-0.01119,-0.00884,0.0,0.0,-0.49966,0.49597,6.75,6.57,4.56,6.99
2532,42.2,7.0,51.196,0.008,1.0295,-4.16,2.85,6.13,6.917,-0.00624,-0.00365,0.0,0.0,-0.49785,0.49912,6.53,6.99,7.23,6.91
2533,42.2167,7.0,51.212,0.009,1.0278,-4.14,2.66,6.08,6.994,-0.00706,-0.00229,0.0,0.0,-0.49913,0.49958,7.04,6.87,7.11,6.95
2534,42.2333,7.0,51.227,0.01,1.0239,-4.13,2.42,6.08,6.693,-0.00852,-0.00268,0.0,0.0,-0.50077,0.49976,5.93,7.09,6.71,7.04
2535,42.25,7.0,51.239,0.009,1.0243,-4.7,1.77,5.77,7.641,-0.00679,-0.00134,0.0,0.0,-0.50064,0.50136,6.85,5.54,11.48,6.7
2536,42.2667,7.0,51.248,0.01,1.0261,-5.39,1.18,5.58,6.466,-0.0075,-0.00111,0.0,0.0,-0.5,0.5,6.35,6.33,6.32,6.87
2537,42.2833,7.0,51.256,0.01,1.0253,-5.96,0.61,5.45,6.653,-0.00691,0.00027,0.0,0.0,-0.49951,0.50011,6.51,6.49,7.04,6.57
2538,42.3,7.0,51.263,0.011,1.0243,-6.14,-0.32,5.65,6.705,-0.0129,-0.00152,0.0,0.0,-0.49923,0.49384,7.02,4.36,8.37,7.07
2539,42.3167,7.0,51.268,0.011,1.0261,-5.8,-0.96,5.83,10.974,-0.01666,-0.01206,0.0,0.0,-0.50108,0.49192,7.21,1.75,28.11,6.82
2540,42.3333,7.0,51.275,0.01,1.0274,-5.4,-1.47,5.98,6.68,-0.01845,-0.02233,0.0,0.0,-0.49984,0.4889,8.44,3.46,8.09,6.72
2541,42.35,7.0,51.283,0.008,1.0313,-4.92,-1.77,6.04,5.923,-0.01821,-0.02962,0.0,0.0,-0.49888,0.48818,5.3,7.75,7.0,3.64
2542,42.3667,7.0,51.293,0.007,1.0337,-4.68,-2.0,6.17,7.105,-0.009,-0.02834,0.0,0.0,-0.4973,0.49581,9.66,6.82,6.7,5.23
2543,42.3833,7.0,51.303,0.007,1.0353,-4.29,-2.29,6.32,10.634,-0.00359,-0.02091,0.0,0.0,-0.49709,0.501,24.1,6.9,7.07,4.46
2544,42.4,7.0,51.315,0.009,1.0365,-3.87,-2.55,6.32,7.046,-0.00483,-0.01627,0.0,0.0,-0.49711,0.49979,9.54,6.88,6.98,4.79
2545,42.4167,7.0,51.326,0.011,1.0356,-3.34,-3.0,6.23,6.082,-0.00724,-0.0085,0.0,0.0,-0.49998,0.50025,6.56,4.27,6.89,6.6
2546,42.4333,7.0,51.338,0.012,1.0356,-2.96,-3.26,6.2,7.046,-0.00887,0.00054,0.0,0.0,-0.50212,0.50075,9.69,5.99,6.92,5.58
2547,42.45,7.0,51.351,0.012,1.0345,-2.42,-3.48,5.97,7.138,-0.00762,0.0116,0.0,0.0,-0.50039,0.50027,6.87,7.46,6.89,7.33
2548,42.4667,7.0,51.363,0.011,1.0344,-1.86,-3.68,5.85,7.209,-0.00727,0.02146,0.0,0.0,-0.50002,0.50025,7.47,7.83,7.81,5.72
2549,42.4833,7.0,51.376,0.009,1.0342,-1.28,-3.84,5.74,7.596,-0.008,0.01992,0.0,0.0,-0.50106,0.50057,6.8,6.67,10.7,6.21
2550,42.5,7.0,51.389,0.007,1.0341,-0.77,-4.09,5.6,7.1,-0.00725,0.01376,0.0,0.0,-0.50013,0.50038,6.95,8.1,7.14,6.22
2551,42.5167,7.0,51.402,0.005,1.0341,-0.08,-4.63,5.28,6.751,-0.00845,0.00838,0.0,0.0,-0.50049,0.49954,6.6,6.65,6.97,6.79
2552,42.5333,7.0,51.413,0.004,1.0342,0.45,-4.9,5.14,6.74,-0.00837,0.00622,0.0,0.0,-0.50027,0.4994,6.39,7.12,8.07,5.39
2553,42.55,7.0,51.426,0.003,1.0365,0.52,-4.58,4.86,6.508,-0.00985,0.00446,0.0,0.0,-0.49961,0.49726,6.96,6.83,7.36,4.88
2554,42.5667,7.0,51.439,0.003,1.0364,0.57,-4.52,4.63,6.887,-0.00546,0.00615,0.0,0.0,-0.49927,0.50132,6.9,6.87,6.91,6.86
2555,42.5833,7.0,51.453,0.003,1.0362,0.45,-4.64,4.64,6.752,-0.00664,0.00606,0.0,0.0,-0.49912,0.49998,6.93,6.92,6.54,6.62
2556,42.6,7.0,51.467,0.005,1.0349,0.29,-4.69,4.58,7.135,-0.00409,0.00936,0.0,0.0,-0.49876,0.50217,6.93,6.93,9.44,5.24
2557,42.6167,7.0,51.482,0.007,1.0341,0.07,-4.49,4.43,6.84,-0.00723,0.00826,0.0,0.0,-0.49971,0.49998,6.83,6.05,9.29,5.19
2558,42.6333,7.0,51.497,0.01,1.0339,-0.28,-4.51,4.29,6.929,-0.00926,0.00644,0.0,0.0,-0.50043,0.49868,6.93,6.52,7.33,6.94
2559,42.65,7.0,51.513,0.012,1.0327,-0.6,-4.6,4.25,6.512,-0.00752,0.00654,0.0,0.0,-0.50008,0.50006,6.91,5.77,6.49,6.88
2560,42.6667,7.0,51.528,0.015,1.0335,-0.59,-4.44,4.27,6.826,-0.00739,0.0083,0.0,0.0,-0.49962,0.49974,6.94,6.16,7.24,6.97
2561,42.6833,7.0,51.544,0.017,1.0325,-0.64,-4.37,4.32,6.879,-0.00852,0.00416,0.0,0.0,-0.49992,0.4989,6.96,7.72,5.74,7.1
2562,42.7,7.0,51.561,0.018,1.0324,-0.86,-4.48,4.21,7.042,-0.00782,0.00245,0.0,0.0,-0.50009,0.49978,7.02,7.22,6.95,6.97
2563,42.7167,7.0,51.576,0.019,1.0329,-0.85,-4.45,4.17,6.748,-0.00875,-0.00265,0.0,0.0,-0.50013,0.49888,6.95,6.29,6.91,6.84
2564,42.7333,7.0,51.593,0.02,1.0321,-0.82,-4.38,4.13,6.493,-0.00892,-0.00407,0.0,0.0,-0.50039,0.49898,7.07,6.12,5.78,7.0
2565,42.75,7.0,51.609,0.021,1.0315,-0.89,-4.46,4.07,7.376,-0.0082,-0.0025,0.0,0.0,-0.50051,0.49981,6.98,7.34,8.13,7.05
2566,42.7667,7.0,51.625,0.021,1.0309,-1.25,-4.5,4.03,6.409,-0.00403,0.00138,0.0,0.0,-0.49701,0.50049,6.97,5.56,6.85,6.25
2567,42.7833,7.0,51.64,0.021,1.0324,-1.73,-4.02,3.9,6.982,0.002,0.01087,-0.0,0.0,-0.48929,0.49879,6.39,9.3,7.7,4.53
2568,42.8,7.0,51.655,0.022,1.0355,-2.2,-3.91,3.9,6.496,0.00227,0.02067,-0.0,0.0,-0.4907,0.50047,6.82,6.75,6.5,5.91
2569,42.8167,7.0,51.67,0.024,1.037,-2.66,-3.78,3.79,6.395,0.0019,0.02818,-0.0,0.0,-0.49088,0.50028,6.79,6.86,6.84,5.09
2570,42.8333,7.0,51.685,0.027,1.0382,-2.44,-3.46,3.59,6.887,-0.00276,0.03097,0.0,0.0,-0.49475,0.4995,6.88,6.94,6.83,6.9
2571,42.85,7.0,51.701,0.029,1.0396,-2.21,-3.25,3.4,6.687,-0.00994,0.0262,0.0,0.0,-0.49917,0.49673,5.87,6.76,6.82,7.3
2572,42.8667,7.0,51.716,0.03,1.0408,-2.19,-3.14,3.12,4.949,-0.00589,0.02544,0.0,0.0,-0.49842,0.50004,6.84,7.2,-0.9,6.65
2573,42.8833,7.0,51.725,0.031,1.0475,-2.74,-3.48,2.56,1.515,-0.00244,0.02402,0.0,0.0,-0.49477,0.49983,-11.45,6.43,4.74,6.34
2574,42.9,7.0,51.732,0.034,1.0538,-2.65,-4.03,2.68,11.12,-0.00168,0.01735,0.0,0.0,-0.49155,0.49738,7.87,7.05,23.17,6.4
2575,42.9167,7.0,51.737,0.037,1.0582,-2.68,-4.71,2.8,6.709,-0.00397,0.00885,0.0,0.0,-0.48628,0.48982,6.58,6.75,6.9,6.62
2576,42.9333,7.0,51.742,0.04,1.0601,-2.64,-5.44,2.94,6.811,-0.00415,0.00156,0.0,0.0,-0.48382,0.48717,6.94,6.67,6.9,6.73
2577,42.95,7.0,51.747,0.043,1.0598,-2.63,-6.2,3.09,-6.795,-0.00399,0.00011,0.0,0.0,-0.48318,0.4867,-10.86,-15.95,6.11,-6.49
2578,42.9667,7.0,51.755,0.046,1.0633,-2.5,-6.47,3.4,5.942,-0.00423,0.00597,0.0,0.0,-0.4844,0.48768,6.79,4.3,6.63,6.05
2579,42.9833,7.0,51.765,0.05,1.0666,-2.57,-6.88,3.62,12.903,-0.00269,0.00855,0.0,0.0,-0.4865,0.49132,11.71,25.92,6.81,7.17
2580,43.0,7.0,51.774,0.053,1.0692,-2.78,-7.41,3.85,7.004,0.00016,0.0102,-0.0,0.0,-0.48723,0.49489,8.72,6.62,6.82,5.86
2581,43.0167,7.0,51.785,0.057,1.0709,-3.0,-7.97,4.03,8.771,-0.00347,0.00713,0.0,0.0,-0.49199,0.49602,15.61,4.39,6.83,8.25
2582,43.0333,7.0,51.796,0.061,1.0723,-2.86,-8.17,4.19,4.838,-0.00869,0.00142,0.0,0.0,-0.49821,0.49702,3.11,5.11,6.89,4.25
2583,43.05,7.0,51.809,0.064,1.0746,-3.03,-8.42,4.3,6.862,-0.00777,-0.00247,0.0,0.0,-0.50025,0.49999,6.65,7.06,6.9,6.84
2584,43.0667,7.0,51.822,0.068,1.0762,-3.15,-8.68,4.35,6.744,-0.00772,-0.00602,0.0,0.0,-0.50031,0.5001,7.04,6.95,6.97,6.02
2585,43.0833,7.0,51.835,0.071,1.0762,-3.44,-9.01,4.31,7.117,-0.00769,-0.00885,0.0,0.0,-0.50023,0.50004,7.89,6.95,6.91,6.72
2586,43.1,7.0,51.849,0.074,1.0771,-3.63,-9.15,4.3,6.705,-0.00982,-0.01512,0.0,0.0,-0.50234,0.50002,7.84,5.48,6.71,6.8
2587,43.1167,7.0,51.863,0.075,1.0786,-3.76,-9.25,4.37,7.014,-0.00782,-0.02151,0.0,0.0,-0.50031,0.5,8.05,6.1,6.95,6.96
2588,43.1333,7.0,51.877,0.076,1.078,-3.84,-9.38,4.46,7.685,-0.00884,-0.02446,0.0,0.0,-0.50132,0.49998,7.03,9.62,7.04,7.05
2589,43.15,7.0,51.892,0.077,1.0765,-3.85,-9.33,4.57,6.352,-0.00758,-0.02037,0.0,0.0,-0.50007,0.5,5.83,5.47,7.06,7.06
2590,43.1667,7.0,51.907,0.077,1.0779,-3.75,-9.33,4.41,7.157,-0.00446,-0.01453,0.0,0.0,-0.49777,0.50081,7.52,6.96,7.02,7.13
2591,43.1833,7.0,51.922,0.078,1.0787,-3.64,-9.3,4.16,6.638,-0.00587,-0.01088,0.0,0.0,-0.49761,0.49924,6.99,7.02,6.96,5.58
2592,43.2,7.0,51.938,0.08,1.0776,-3.68,-9.3,3.95,6.954,-0.00465,-0.00646,0.0,0.0,-0.49717,0.50003,6.99,6.99,6.99,6.85
2593,43.2167,7.0,51.953,0.081,1.0766,-3.78,-9.31,3.82,6.24,-0.0073,-0.00309,0.0,0.0,-0.50106,0.50127,6.21,6.92,6.64,5.2
2594,43.2333,7.0,51.968,0.083,1.0779,-4.06,-9.45,3.75,6.895,-0.00656,-0.00143,0.0,0.0,-0.50002,0.50096,7.1,6.85,6.78,6.85
2595,43.25,7.0,51.983,0.085,1.0776,-4.23,-9.54,3.49,6.979,-0.00879,-0.00121,0.0,0.0,-0.50056,0.49927,8.04,7.04,6.99,5.85
2596,43.2667,7.0,51.998,0.087,1.0765,-4.3,-9.48,3.28,6.935,-0.01028,-0.00384,0.0,0.0,-0.50187,0.4991,7.38,6.63,6.84,6.89
2597,43.2833,7.0,52.012,0.087,1.0778,-4.27,-9.5,3.18,6.686,-0.00871,-0.00775,0.0,0.0,-0.50036,0.49916,6.67,6.19,6.94,6.94
2598,43.3,7.0,52.027,0.086,1.0781,-4.26,-9.59,3.24,6.982,-0.00714,-0.00812,0.0,0.0,-0.50002,0.50038,6.88,7.53,7.05,6.46
2599,43.3167,7.0,52.042,0.086,1.0774,-4.03,-9.45,3.07,6.47,-0.00746,-0.01004,0.0,0.0,-0.5,0.50005,7.05,7.04,6.96,4.83
2600,43.3333,7.0,52.057,0.087,1.076,-3.84,-9.39,2.9,7.128,-0.00806,-0.00961,0.0,0.0,-0.50112,0.50056,8.07,6.86,6.95,6.64
2601,43.35,7.0,52.073,0.087,1.0755,-3.69,-9.54,2.92,6.12,-0.00967,-0.01165,0.0,0.0,-0.50199,0.49982,4.06,6.77,6.88,6.78
2602,43.3667,7.0,52.087,0.088,1.08,-3.87,-9.08,2.72,3.36,-0.01335,-0.01495,0.0,0.0,-0.4993,0.49345,4.59,-1.75,6.66,3.95
2603,43.3833,7.0,52.098,0.088,1.0857,-3.46,-8.48,2.26,6.55,-0.01007,-0.01294,0.0,0.0,-0.49572,0.49315,6.53,6.27,6.7,6.71
2604,43.4,7.0,52.109,0.089,1.0891,-2.88,-8.06,1.84,6.495,-0.01033,-0.01306,0.0,0.0,-0.49577,0.49294,6.75,6.07,6.58,6.57
2605,43.4167,7.0,52.12,0.09,1.0915,-2.45,-7.59,1.6,5.04,-0.01376,-0.0183,0.0,0.0,-0.49526,0.48901,6.93,4.1,6.63,2.5
2606,43.4333,7.0,52.131,0.091,1.0938,-2.26,-7.01,1.44,6.715,-0.01296,-0.02176,0.0,0.0,-0.49177,0.48632,6.78,5.89,6.84,7.34
2607,43.45,7.0,52.144,0.091,1.0957,-2.11,-6.47,1.31,5.164,-0.01663,-0.02796,0.0,0.0,-0.48979,0.48066,2.9,5.65,6.82,5.28
2608,43.4667,7.0,52.158,0.091,1.0993,-1.98,-6.12,1.09,5.976,-0.02062,-0.03587,0.0,0.0,-0.48667,0.47355,6.03,6.03,6.92,4.92
2609,43.4833,7.0,52.172,0.09,1.1016,-1.81,-5.75,0.84,6.899,-0.01972,-0.03811,0.0,0.0,-0.48396,0.47174,6.91,6.09,6.92,7.67
2610,43.5,7.0,52.188,0.089,1.1032,-1.77,-5.44,0.67,6.772,-0.02162,-0.04542,0.0,0.0,-0.4824,0.46828,7.31,6.62,6.91,6.25
2611,43.5167,7.0,52.203,0.089,1.1058,-1.61,-5.37,0.78,5.136,-0.02534,-0.0554,0.0,0.0,-0.4861,0.46826,0.47,7.2,7.32,5.55
2612,43.5333,7.0,52.206,0.087,1.1121,-0.95,-5.65,1.44,6.212,-0.02502,-0.06034,0.0,0.0,-0.48718,0.46966,3.14,6.18,7.87,7.65
2613,43.55,7.0,52.21,0.086,1.117,-0.64,-6.11,1.65,7.496,-0.02463,-0.0651,0.0,0.0,-0.483,0.46587,7.88,6.65,4.2,11.24
2614,43.5667,7.0,52.214,0.085,1.1219,-0.51,-6.62,1.75,12.822,-0.01715,-0.05783,0.0,0.0,-0.47884,0.4692,32.57,6.63,8.08,4.01
2615,43.5833,7.0,52.219,0.085,1.1261,-0.41,-7.19,1.86,14.079,-0.01104,-0.04103,0.0,0.0,-0.47455,0.47102,17.82,7.28,21.19,10.03
2616,43.6,7.0,52.224,0.087,1.1296,-0.43,-7.75,2.17,12.567,-0.00622,-0.02222,0.0,0.0,-0.47273,0.47401,9.78,7.09,24.27,9.13
2617,43.6167,7.0,52.231,0.089,1.1323,-0.5,-8.35,2.51,7.617,-0.00399,-0.00142,0.0,0.0,-0.47322,0.47673,6.94,6.79,7.69,9.05
2618,43.6333,7.0,52.238,0.092,1.1345,-0.65,-8.78,2.86,5.961,0.00079,0.02563,-0.0,0.0,-0.47233,0.48062,6.26,6.64,6.43,4.52
2619,43.65,7.0,52.245,0.095,1.1375,-0.91,-9.29,3.22,10.708,0.00431,0.05272,-0.0,-0.0,-0.47312,0.48494,22.76,6.82,6.67,6.58
2620,43.6667,7.0,52.252,0.099,1.1399,-1.11,-9.81,3.52,5.893,0.00782,0.07977,-0.0,-0.0,-0.47476,0.49008,5.76,6.86,7.15,3.8
2621,43.6833,7.0,52.261,0.103,1.1423,-1.44,-10.46,3.71,6.445,0.00786,0.09592,-0.0,-0.0,-0.47668,0.49205,5.81,6.7,6.72,6.56
2622,43.7,7.0,52.27,0.108,1.1439,-1.52,-10.97,3.79,5.795,0.00275,0.0986,-0.0,-0.0,-0.48149,0.49175,6.91,4.66,6.65,4.96
2623,43.7167,7.0,52.281,0.111,1.146,-1.64,-11.2,3.89,8.033,0.00174,0.09496,-0.0,-0.0,-0.48591,0.49516,10.84,5.7,7.06,8.53
2624,43.7333,7.0,52.292,0.115,1.1484,-1.79,-11.53,4.0,8.098,0.00083,0.08852,-0.0,-0.0,-0.48969,0.49802,13.33,5.67,7.03,6.36
2625,43.75,7.0,52.305,0.119,1.1496,-1.88,-11.85,4.05,6.928,0.00121,0.07833,-0.0,-0.0,-0.49147,0.50018,8.59,6.42,6.94,5.77
2626,43.7667,7.0,52.317,0.123,1.1498,-1.83,-12.08,4.05,5.815,-0.005,0.05935,0.0,0.0,-0.49689,0.4994,5.74,6.6,7.04,3.88
2627,43.7833,7.0,52.331,0.126,1.151,-1.93,-12.09,3.97,7.405,-0.00936,0.03456,0.0,0.0,-0.50147,0.49961,9.64,5.33,6.9,7.75
2628,43.8,7.0,52.345,0.127,1.1521,-2.06,-12.19,3.88,6.974,-0.00937,0.01269,0.0,0.0,-0.50157,0.49971,7.75,6.4,6.89,6.86
2629,43.8167,7.0,52.36,0.127,1.1525,-2.17,-12.34,3.68,6.978,-0.0078,0.00031,0.0,0.0,-0.49997,0.49968,7.0,7.0,6.95,6.96
2630,43.8333,7.0,52.374,0.127,1.1519,-2.03,-12.26,3.51,7.265,-0.0086,-0.01037,0.0,0.0,-0.50071,0.49961,9.48,5.75,6.91,6.92
2631,43.85,7.0,52.389,0.127,1.151,-1.82,-12.05,3.36,7.837,-0.00448,-0.01458,0.0,0.0,-0.49884,0.50186,5.81,13.72,7.0,4.82
2632,43.8667,7.0,52.404,0.128,1.1524,-1.73,-12.11,2.96,6.708,-0.00871,-0.02304,0.0,0.0,-0.49994,0.49873,7.21,6.97,6.8,5.86
2633,43.8833,7.0,52.419,0.128,1.1519,-1.83,-12.27,2.64,6.898,-0.00761,-0.02296,0.0,0.0,-0.50009,0.49998,7.23,6.93,6.9,6.54
2634,43.9,7.0,52.435,0.128,1.1513,-1.83,-12.16,2.47,7.125,-0.00765,-0.01845,0.0,0.0,-0.50045,0.5003,7.99,6.25,6.88,7.37
2635,43.9167,7.0,52.451,0.129,1.1523,-1.71,-12.06,2.25,7.311,-0.0096,-0.01648,0.0,0.0,-0.50033,0.49823,8.08,6.99,7.02,7.16
2636,43.9333,7.0,52.467,0.129,1.1526,-1.63,-12.13,2.0,6.752,-0.00736,-0.01405,0.0,0.0,-0.49995,0.50009,6.99,6.99,7.0,6.02
2637,43.95,7.0,52.483,0.13,1.151,-1.62,-12.2,1.75,6.977,-0.00739,-0.01112,0.0,0.0,-0.49988,0.49999,6.98,6.99,6.99,6.95
2638,43.9667,7.0,52.499,0.131,1.1503,-1.84,-11.98,1.49,6.705,-0.00919,-0.01463,0.0,0.0,-0.50173,0.50004,6.92,5.87,6.99,7.05
2639,43.9833,7.0,52.516,0.13,1.1526,-1.78,-12.14,1.19,7.034,-0.00556,-0.00964,0.0,0.0,-0.49811,0.50005,7.96,7.01,6.97,6.2
2640,44.0,7.0,52.532,0.131,1.1524,-1.74,-12.21,0.9,6.659,-0.00505,-0.00585,0.0,0.0,-0.49801,0.50046,6.98,6.99,7.0,5.66
2641,44.0167,7.0,52.548,0.131,1.1506,-1.73,-12.12,0.69,6.822,-0.01068,-0.00826,0.0,0.0,-0.50192,0.49874,6.95,6.2,7.09,7.05
2642,44.0333,7.0,52.56,0.129,1.1533,-0.98,-11.48,0.4,6.258,-0.01206,-0.0098,0.0,0.0,-0.50314,0.49859,4.4,6.95,6.85,6.84
2643,44.05,7.0,52.569,0.125,1.1567,0.06,-10.85,-0.16,6.401,-0.00767,-0.00894,0.0,0.0,-0.49874,0.49857,6.57,6.72,6.21,6.11
2644,44.0667,7.0,52.578,0.122,1.1582,0.79,-10.25,-0.5,7.177,-0.00767,-0.00815,0.0,0.0,-0.49774,0.49757,7.23,5.05,6.92,9.5
2645,44.0833,7.0,52.586,0.117,1.1602,1.02,-9.59,-0.65,4.172,-0.0016,0.00063,0.0,0.0,-0.49249,0.49839,1.26,6.34,6.39,2.7
2646,44.1,7.0,52.594,0.113,1.1648,1.14,-9.22,-0.61,5.105,0.00158,0.00791,-0.0,0.0,-0.48963,0.49872,3.22,6.57,6.62,4.01
2647,44.1167,7.0,52.602,0.11,1.1691,1.06,-8.95,-0.53,6.417,0.00491,0.0172,-0.0,0.0,-0.48797,0.50038,7.2,6.92,7.01,4.54
2648,44.1333,7.0,52.611,0.107,1.172,0.88,-8.65,-0.47,7.579,0.00542,0.0317,-0.0,-0.0,-0.48734,0.50026,9.69,6.93,6.99,6.7
2649,44.15,7.0,52.62,0.104,1.1732,0.83,-8.42,-0.48,0.124,0.01001,0.0506,-0.0,-0.0,-0.48293,0.50045,7.33,1.13,6.76,-14.72
2650,44.1667,7.0,52.63,0.101,1.1773,0.82,-8.11,-0.5,4.979,0.01198,0.06474,-0.0,-0.0,-0.47954,0.49902,5.08,5.84,6.5,2.5
2651,44.1833,7.0,52.641,0.099,1.1809,0.85,-7.82,-0.62,6.751,0.01546,0.08076,-0.0,-0.0,-0.47552,0.49848,9.25,6.28,7.01,4.47
2652,44.2,7.0,52.653,0.096,1.1834,0.95,-7.49,-0.76,3.306,0.01769,0.09091,-0.0,-0.0,-0.47214,0.49734,7.0,5.45,6.51,-5.73
2653,44.2167,7.0,52.666,0.094,1.1851,1.02,-7.14,-0.86,10.661,0.02038,0.09934,-0.0,-0.0,-0.46925,0.49713,6.89,7.56,6.93,21.26
2654,44.2333,7.0,52.68,0.092,1.1874,1.0,-6.99,-0.88,6.454,0.02049,0.10344,-0.0,-0.0,-0.46693,0.49493,8.1,6.17,6.73,4.81
2655,44.25,7.0,52.695,0.089,1.1892,0.97,-6.82,-1.01,6.885,0.02349,0.10962,-0.0,-0.0,-0.46531,0.4963,7.39,6.75,6.97,6.44
2656,44.2667,7.0,52.709,0.087,1.1911,1.23,-6.83,-0.81,8.099,0.02567,0.11256,-0.0,-0.0,-0.46607,0.49924,10.46,7.07,7.26,7.6
2657,44.2833,7.0,52.719,0.086,1.1957,1.93,-7.1,-0.26,6.319,0.02216,0.10953,-0.0,-0.0,-0.47035,0.50002,6.31,6.59,6.26,6.12
2658,44.3,7.0,52.729,0.085,1.2007,2.46,-7.33,0.04,6.299,0.02074,0.10182,-0.0,-0.0,-0.47107,0.49932,5.95,6.9,6.57,5.79
2659,44.3167,7.0,52.739,0.084,1.2053,2.93,-7.63,0.25,6.499,0.0211,0.09311,-0.0,-0.0,-0.4709,0.4995,6.31,6.99,6.77,5.93
2660,44.3333,7.0,52.751,0.084,1.209,3.38,-7.95,0.36,6.668,0.02122,0.08279,-0.0,-0.0,-0.47067,0.49939,7.05,6.93,6.8,5.89
2661,44.35,7.0,52.763,0.083,1.2114,3.75,-8.35,0.45,6.742,0.02205,0.07446,-0.0,-0.0,-0.47065,0.5002,6.02,6.87,6.82,7.25
2662,44.3667,7.0,52.775,0.083,1.2145,3.94,-8.58,0.52,9.91,0.02187,0.06387,-0.0,-0.0,-0.46967,0.49905,19.32,6.69,6.75,6.87
2663,44.3833,7.0,52.787,0.083,1.2173,4.06,-8.75,0.55,9.489,0.0227,0.05315,-0.0,-0.0,-0.46896,0.49916,17.8,7.0,7.05,6.11
2664,44.4,7.0,52.8,0.083,1.2189,4.16,-8.93,0.52,7.716,0.02394,0.04861,-0.0,-0.0,-0.46879,0.50023,11.9,7.06,7.06,4.84
2665,44.4167,7.0,52.814,0.084,1.2195,4.26,-9.14,0.39,6.607,0.0239,0.04602,-0.0,-0.0,-0.46888,0.50028,6.59,6.95,6.97,5.91
2666,44.4333,7.0,52.828,0.085,1.2188,4.34,-9.37,0.18,6.785,0.023,0.04246,-0.0,-0.0,-0.46979,0.5003,6.99,6.94,6.96,6.24
2667,44.45,7.0,52.843,0.087,1.221,4.18,-9.17,-0.11,7.431,0.01875,0.03482,-0.0,-0.0,-0.46884,0.49509,6.78,6.94,6.89,9.1
2668,44.4667,7.0,52.859,0.089,1.2204,3.92,-9.22,-0.4,6.841,0.02116,0.02972,-0.0,-0.0,-0.46851,0.49717,6.96,6.94,6.95,6.51
2669,44.4833,7.0,52.874,0.09,1.2198,3.78,-9.52,-0.53,6.54,0.02007,0.0243,-0.0,-0.0,-0.47056,0.49813,5.85,6.87,6.84,6.6
2670,44.5,7.0,52.889,0.092,1.2208,3.51,-9.65,-0.62,6.531,0.02311,0.0218,-0.0,-0.0,-0.4695,0.50011,6.12,6.98,6.94,6.09
2671,44.5167,7.0,52.903,0.094,1.221,3.18,-9.7,-0.81,6.634,0.023,0.01822,-0.0,-0.0,-0.4695,0.5,6.71,6.99,6.95,5.9
2672,44.5333,7.0,52.919,0.096,1.2196,2.81,-9.75,-1.05,6.593,0.02306,0.01517,-0.0,-0.0,-0.46966,0.50022,6.97,6.95,6.9,5.56
2673,44.55,7.0,52.934,0.098,1.2201,2.69,-10.15,-1.18,6.735,0.01977,0.01003,-0.0,-0.0,-0.47293,0.50021,6.93,6.86,6.78,6.38
2674,44.5667,7.0,52.948,0.1,1.2209,2.32,-10.19,-1.41,7.142,0.01823,0.00829,-0.0,-0.0,-0.47379,0.49952,7.69,6.96,6.91,7.01
2675,44.5833,7.0,52.963,0.102,1.2201,1.87,-10.26,-1.63,5.807,0.01883,0.00491,-0.0,-0.0,-0.47398,0.50031,3.69,6.95,6.87,5.72
2676,44.6,7.0,52.977,0.104,1.2203,1.58,-10.59,-1.74,6.672,0.01644,0.00059,-0.0,-0.0,-0.47627,0.50022,6.61,6.84,6.81,6.42
2677,44.6167,7.0,52.992,0.107,1.2195,1.24,-10.89,-1.9,6.093,0.01505,-0.00776,0.0,0.0,-0.47819,0.50075,5.09,6.7,6.47,6.12
2678,44.6333,7.0,53.006,0.109,1.22,0.71,-11.0,-2.03,6.909,0.0146,-0.01547,0.0,0.0,-0.47814,0.50025,6.77,6.84,6.81,7.21
2679,44.65,7.0,53.02,0.111,1.2191,0.18,-11.06,-2.21,6.472,0.01396,-0.02297,0.0,0.0,-0.47874,0.5002,6.85,6.85,6.83,5.36
2680,44.6667,7.0,53.034,0.114,1.2198,0.25,-11.14,-2.22,6.595,0.00159,-0.03892,0.0,0.0,-0.49058,0.49968,7.05,5.72,6.75,6.86
2681,44.6833,7.0,53.046,0.116,1.2205,0.84,-10.53,-2.14,5.363,-0.01135,-0.06467,0.0,0.0,-0.50315,0.4993,2.81,4.84,6.9,6.9
2682,44.7,7.0,53.053,0.115,1.223,1.67,-9.81,-2.28,9.354,-0.00525,-0.08169,0.0,0.0,-0.49693,0.49918,8.04,16.37,6.38,6.63
2683,44.7167,7.0,53.061,0.116,1.2232,2.59,-9.24,-2.42,10.61,-0.01346,-0.10264,0.0,0.0,-0.5048,0.49884,19.35,10.64,6.16,6.29
2684,44.7333,7.0,53.068,0.114,1.2232,3.48,-8.82,-2.54,12.723,-0.00248,-0.10837,0.0,0.0,-0.49394,0.49896,28.26,9.73,6.35,6.55
2685,44.75,7.0,53.074,0.111,1.225,4.27,-8.43,-2.62,3.948,-0.00766,-0.11826,0.0,0.0,-0.49475,0.49459,4.74,2.46,1.71,6.88
2686,44.7667,7.0,53.079,0.108,1.2284,4.63,-8.21,-2.62,8.536,-0.00492,-0.12348,0.0,0.0,-0.49208,0.49467,6.83,14.39,11.47,1.45
2687,44.7833,7.0,53.083,0.104,1.2297,4.87,-7.89,-2.64,8.374,-0.00191,-0.11227,0.0,0.0,-0.4892,0.49479,6.69,-0.1,19.91,7.0
2688,44.8,7.0,53.088,0.1,1.2322,5.21,-7.78,-2.69,8.635,0.00524,-0.08173,0.0,0.0,-0.48517,0.49791,7.27,15.91,3.87,7.5
2689,44.8167,7.0,53.093,0.097,1.2348,5.07,-7.44,-2.47,8.961,0.00663,-0.0597,0.0,0.0,-0.48379,0.49793,6.89,7.28,17.97,3.7
2690,44.8333,7.0,53.098,0.095,1.2374,5.09,-7.15,-2.34,16.363,0.01317,-0.02514,0.0,0.0,-0.47943,0.5001,7.01,16.13,14.32,28.0
2691,44.85,7.0,53.103,0.092,1.238,4.97,-6.82,-2.27,11.534,0.01618,-0.00293,0.0,0.0,-0.47628,0.49996,7.38,21.4,15.21,2.14
2692,44.8667,7.0,53.108,0.09,1.2397,4.63,-6.6,-2.2,5.123,0.01918,0.02503,-0.0,-0.0,-0.47385,0.50053,4.66,6.93,5.76,3.14
2693,44.8833,7.0,53.114,0.089,1.2422,4.36,-6.47,-2.16,7.604,0.018,0.0456,-0.0,-0.0,-0.47181,0.49731,6.95,9.49,7.04,6.93
2694,44.9,7.0,53.119,0.087,1.2439,4.14,-6.16,-2.15,6.426,0.02021,0.06287,-0.0,-0.0,-0.46957,0.49728,12.38,4.03,7.09,2.2
2695,44.9167,7.0,53.125,0.086,1.2471,4.11,-5.97,-2.21,7.745,0.02182,0.07239,-0.0,-0.0,-0.46581,0.49514,11.35,9.86,7.13,2.65
2696,44.9333,7.0,53.133,0.085,1.2505,4.12,-5.75,-2.34,7.354,0.02323,0.08078,-0.0,-0.0,-0.46237,0.49311,7.52,7.34,6.98,7.57
2697,44.95,7.0,53.141,0.083,1.2527,4.14,-5.41,-2.49,7.881,0.02496,0.08321,-0.0,-0.0,-0.45993,0.49239,8.32,6.55,7.05,9.61
2698,44.9667,7.0,53.15,0.082,1.2545,4.11,-5.03,-2.66,6.392,0.02624,0.08356,-0.0,-0.0,-0.45538,0.48912,11.92,3.9,6.77,2.98
2699,44.9833,7.0,53.161,0.08,1.2584,4.03,-4.82,-2.75,5.084,0.0295,0.08416,-0.0,-0.0,-0.44992,0.48693,5.09,3.93,6.82,4.5
2700,45.0,7.0,53.172,0.077,1.2618,3.92,-4.66,-2.81,6.756,0.03188,0.08833,-0.0,-0.0,-0.44527,0.48465,9.47,5.76,6.87,4.92
2701,45.0167,7.0,53.185,0.075,1.2638,3.79,-4.45,-2.89,6.339,0.03456,0.09249,-0.0,-0.0,-0.44169,0.48375,6.9,6.65,6.86,4.95
2702,45.0333,7.0,53.199,0.073,1.2655,3.71,-4.25,-2.95,6.061,0.03901,0.09907,-0.0,-0.0,-0.43666,0.48317,4.62,5.97,6.99,6.65
2703,45.05,7.0,53.214,0.07,1.2675,3.63,-4.23,-2.88,6.697,0.042,0.10648,-0.0,-0.0,-0.43609,0.48559,6.38,6.98,7.02,6.41
2704,45.0667,7.0,53.229,0.068,1.2682,3.5,-4.2,-2.85,6.777,0.0458,0.11514,-0.0,-0.0,-0.43594,0.48924,7.41,6.99,6.74,5.96
2705,45.0833,7.0,53.245,0.066,1.2676,3.32,-4.14,-2.85,7.051,0.04912,0.12486,-0.0,-0.0,-0.4361,0.49273,7.06,7.08,6.67,7.4
2706,45.1,7.0,53.261,0.065,1.2677,3.41,-4.23,-2.77,6.593,0.05059,0.13157,-0.0,-0.0,-0.43795,0.49604,6.37,6.71,6.77,6.53
2707,45.1167,7.0,53.275,0.063,1.2693,3.86,-4.5,-2.56,6.783,0.04846,0.13284,-0.0,-0.0,-0.44135,0.49732,6.22,6.89,6.95,7.07
2708,45.1333,7.0,53.289,0.062,1.2721,4.15,-4.55,-2.43,6.538,0.051,0.13381,-0.0,-0.0,-0.44114,0.49964,5.84,6.97,6.83,6.51
2709,45.15,7.0,53.303,0.06,1.2736,4.38,-4.62,-2.34,6.616,0.05162,0.13072,-0.0,-0.0,-0.44089,0.50001,6.97,6.99,6.98,5.53
2710,45.1667,7.0,53.318,0.059,1.2741,4.58,-4.72,-2.28,6.815,0.05102,0.12432,-0.0,-0.0,-0.44108,0.49961,5.92,7.01,6.97,7.36
2711,45.1833,7.0,53.333,0.057,1.274,4.74,-4.75,-2.29,6.34,0.05283,0.11663,-0.0,-0.0,-0.44022,0.50055,5.13,7.05,7.11,6.06
2712,45.2,7.0,53.348,0.056,1.2746,4.78,-4.58,-2.35,5.898,0.05299,0.10662,-0.0,-0.0,-0.43966,0.50015,3.25,7.03,7.03,6.28
2713,45.2167,7.0,53.363,0.055,1.2745,4.89,-4.51,-2.4,7.273,0.05211,0.09538,-0.0,-0.0,-0.44089,0.50051,7.62,6.92,7.0,7.56
2714,45.2333,7.0,53.379,0.054,1.2745,5.05,-4.6,-2.44,6.952,0.05181,0.08738,-0.0,-0.0,-0.44106,0.50038,7.25,6.98,7.05,6.52
2715,45.25,7.0,53.394,0.052,1.2746,5.08,-4.53,-2.54,6.851,0.05082,0.07672,-0.0,-0.0,-0.44158,0.49991,6.98,7.04,6.99,6.39
2716,45.2667,7.0,53.41,0.051,1.2742,5.04,-4.39,-2.68,5.775,0.0526,0.06852,-0.0,-0.0,-0.44015,0.50025,2.97,6.94,7.0,6.19
2717,45.2833,7.0,53.425,0.051,1.2748,5.28,-4.43,-2.73,6.902,0.05181,0.06111,-0.0,-0.0,-0.44056,0.49988,6.82,6.88,6.94,6.97
2718,45.3,7.0,53.441,0.05,1.2737,5.43,-4.5,-2.78,6.344,0.05097,0.05186,-0.0,-0.0,-0.44172,0.50019,6.0,6.85,6.82,5.71
2719,45.3167,7.0,53.457,0.049,1.2743,5.38,-4.31,-2.82,8.211,0.0511,0.04369,-0.0,-0.0,-0.4403,0.49891,11.96,7.13,6.94,6.8
2720,45.3333,7.0,53.472,0.049,1.2744,5.42,-4.22,-2.85,7.365,0.04932,0.03558,-0.0,-0.0,-0.44286,0.49968,7.57,7.07,7.02,7.79
2721,45.35,7.0,53.488,0.048,1.2745,5.51,-4.33,-2.88,7.146,0.04964,0.02908,-0.0,-0.0,-0.44306,0.50021,7.56,6.93,7.03,7.06
2722,45.3667,7.0,53.504,0.047,1.2741,5.53,-4.35,-2.96,6.682,0.05025,0.025,-0.0,-0.0,-0.44389,0.50164,7.48,7.02,7.01,5.22
2723,45.3833,7.0,53.519,0.046,1.274,5.45,-4.21,-3.07,6.912,0.04958,0.0189,-0.0,-0.0,-0.44348,0.50056,7.01,7.05,6.1,7.49
2724,45.4,7.0,53.535,0.046,1.2745,5.56,-4.22,-3.12,6.878,0.0468,0.01147,-0.0,-0.0,-0.44513,0.49943,6.65,6.99,6.99,6.88
2725,45.4167,7.0,53.55,0.045,1.2736,5.57,-4.33,-3.2,6.788,0.04772,0.00675,-0.0,-0.0,-0.44475,0.49998,6.96,6.97,6.96,6.26
2726,45.4333,7.0,53.566,0.045,1.2726,5.31,-4.25,-3.17,7.006,0.05196,0.00683,-0.0,-0.0,-0.44404,0.50351,6.65,6.64,8.31,6.42
2727,45.45,7.0,53.581,0.045,1.2725,4.94,-4.19,-3.14,8.215,0.04867,0.00534,-0.0,-0.0,-0.44484,0.50101,7.63,6.71,10.58,7.95
2728,45.4667,7.0,53.597,0.046,1.2703,4.6,-4.13,-3.26,6.564,0.04731,0.0023,-0.0,-0.0,-0.4454,0.50021,7.19,6.99,6.38,5.7
2729,45.4833,7.0,53.608,0.046,1.276,4.68,-3.34,-3.3,5.213,0.04728,-0.00103,0.0,0.0,-0.44502,0.49981,8.03,3.73,2.3,6.78
2730,45.5,7.0,53.619,0.046,1.2815,5.03,-3.02,-3.52,6.802,0.04681,-0.00375,0.0,0.0,-0.44509,0.49941,6.73,6.13,7.61,6.74
2731,45.5167,7.0,53.63,0.047,1.2854,5.46,-2.78,-3.71,6.717,0.04431,-0.00586,0.0,0.0,-0.44733,0.49915,6.96,5.59,7.49,6.83
2732,45.5333,7.0,53.642,0.047,1.2878,5.93,-2.57,-3.84,6.686,0.03985,-0.01325,0.0,0.0,-0.45137,0.49872,6.96,6.11,6.85,6.83
2733,45.55,7.0,53.654,0.046,1.2897,6.39,-2.41,-3.94,6.378,0.03517,-0.02893,0.0,0.0,-0.45557,0.49824,6.97,5.92,5.56,7.06
2734,45.5667,7.0,53.667,0.043,1.293,6.25,-2.17,-3.89,9.866,0.03993,-0.03445,0.0,0.0,-0.45229,0.49972,7.1,15.26,10.8,6.3
2735,45.5833,7.0,53.68,0.04,1.2952,6.06,-1.79,-3.92,6.704,0.04251,-0.03526,0.0,0.0,-0.44834,0.49835,6.86,7.73,6.68,5.55
2736,45.6,7.0,53.694,0.037,1.2965,5.89,-1.42,-3.98,6.481,0.04489,-0.03349,0.0,0.0,-0.44494,0.49733,6.89,6.8,6.92,5.32
2737,45.6167,7.0,53.709,0.034,1.2981,5.73,-1.19,-3.84,8.59,0.05401,-0.02207,0.0,0.0,-0.43897,0.50049,6.95,9.71,7.17,10.54
2738,45.6333,7.0,53.724,0.032,1.2993,5.59,-1.03,-3.58,6.798,0.05412,-0.00933,0.0,0.0,-0.43942,0.50104,6.82,6.82,6.26,7.29
2739,45.65,7.0,53.74,0.031,1.2992,5.47,-0.88,-3.51,6.636,0.05342,0.00575,-0.0,-0.0,-0.43947,0.50039,7.02,7.02,6.7,5.8
2740,45.6667,7.0,53.756,0.031,1.2979,5.21,-0.85,-3.5,7.157,0.05537,0.02584,-0.0,-0.0,-0.43895,0.50183,6.95,6.95,7.35,7.39
2741,45.6833,7.0,53.772,0.032,1.2997,4.98,-0.76,-3.46,7.018,0.05067,0.03379,-0.0,-0.0,-0.44035,0.49852,6.96,6.87,6.9,7.34
2742,45.7,7.0,53.788,0.032,1.2996,4.86,-0.76,-3.44,6.737,0.04749,0.03485,-0.0,-0.0,-0.44335,0.49834,6.93,6.13,6.93,6.95
2743,45.7167,7.0,53.805,0.033,1.2975,4.8,-0.74,-3.39,4.754,0.0467,0.03253,-0.0,-0.0,-0.44419,0.49839,6.98,3.61,5.02,3.41
2744,45.7333,7.0,53.821,0.032,1.2988,4.8,-0.68,-3.43,7.048,0.04645,0.02086,-0.0,-0.0,-0.44693,0.50089,6.98,6.79,7.41,7.03
2745,45.75,7.0,53.836,0.032,1.2993,4.92,-0.77,-3.29,6.901,0.04297,0.00689,-0.0,-0.0,-0.44923,0.4997,6.99,6.53,7.1,6.98
2746,45.7667,7.0,53.852,0.032,1.2981,5.05,-0.83,-3.13,6.566,0.041,-0.00672,0.0,0.0,-0.45146,0.49997,7.01,5.83,6.8,6.63
2747,45.7833,7.0,53.868,0.031,1.2969,4.69,-0.72,-3.07,7.125,0.04409,-0.01751,0.0,0.0,-0.45026,0.50186,6.85,6.97,7.57,7.11
2748,45.8,7.0,53.883,0.031,1.2992,4.66,-0.66,-3.13,6.587,0.03794,-0.0285,0.0,0.0,-0.45294,0.49838,6.72,6.76,6.08,6.79
2749,45.8167,7.0,53.899,0.031,1.2991,4.63,-0.67,-3.14,6.838,0.03652,-0.03635,0.0,0.0,-0.4554,0.49942,6.98,6.3,7.11,6.97
2750,45.8333,7.0,53.915,0.031,1.2972,4.7,-0.73,-3.15,6.565,0.03602,-0.04297,0.0,0.0,-0.45622,0.49975,7.02,6.86,5.39,6.99
2751,45.85,7.0,53.931,0.03,1.2983,4.73,-0.74,-3.19,7.31,0.03352,-0.05111,0.0,0.0,-0.45893,0.49996,6.83,7.29,8.19,6.93
2752,45.8667,7.0,53.946,0.03,1.2989,4.82,-0.79,-3.17,6.942,0.03085,-0.05745,0.0,0.0,-0.46118,0.49953,6.98,6.69,7.13,6.96
2753,45.8833,7.0,53.962,0.029,1.2979,4.95,-0.86,-3.09,6.633,0.02805,-0.06388,0.0,0.0,-0.46403,0.49958,6.98,6.21,6.9,6.44
2754,45.9,7.0,53.978,0.028,1.2967,4.67,-0.68,-3.03,5.225,0.03304,-0.06758,0.0,0.0,-0.46113,0.50167,6.83,1.47,6.16,6.44
2755,45.9167,7.0,53.994,0.027,1.2986,4.67,-0.72,-3.11,6.853,0.02776,-0.06994,0.0,0.0,-0.46285,0.49811,6.91,7.04,6.54,6.91
2756,45.9333,7.0,54.009,0.026,1.2986,4.67,-0.75,-3.21,6.618,0.0256,-0.07278,0.0,0.0,-0.46618,0.49928,6.98,5.92,6.6,6.97
2757,45.95,7.0,54.025,0.025,1.297,4.7,-0.78,-3.2,7.561,0.02663,-0.07371,0.0,0.0,-0.4663,0.50044,6.83,7.59,10.21,5.61
2758,45.9667,7.0,54.04,0.025,1.2977,4.51,-0.73,-3.12,7.434,0.02334,-0.07534,0.0,0.0,-0.46683,0.49767,6.94,6.54,8.64,7.62
2759,45.9833,7.0,54.056,0.025,1.2989,4.67,-0.81,-2.99,6.798,0.02216,-0.07525,0.0,0.0,-0.46823,0.49789,6.93,6.38,6.94,6.94
2760,46.0,7.0,54.071,0.025,1.298,4.85,-0.86,-2.82,7.229,0.01999,-0.07451,0.0,0.0,-0.47022,0.49772,7.05,5.74,7.22,8.9
2761,46.0167,7.0,54.087,0.024,1.2966,4.67,-0.66,-2.69,7.061,0.02524,-0.07358,0.0,0.0,-0.46899,0.50174,7.12,7.13,6.96,7.03
2762,46.0333,7.0,54.102,0.024,1.2982,4.51,-0.73,-2.67,7.089,0.01738,-0.07544,0.0,0.0,-0.47177,0.49665,6.82,6.59,7.15,7.8
2763,46.05,7.0,54.118,0.024,1.2986,4.57,-0.78,-2.6,6.855,0.01672,-0.07552,0.0,0.0,-0.47322,0.49744,6.87,6.65,6.91,6.98
2764,46.0667,7.0,54.133,0.023,1.2973,4.64,-0.8,-2.53,7.434,0.0183,-0.07502,0.0,0.0,-0.47283,0.49864,7.08,8.43,7.7,6.53
2765,46.0833,7.0,54.149,0.023,1.2968,4.42,-0.71,-2.52,7.058,0.02093,-0.06849,0.0,0.0,-0.47222,0.50065,6.73,6.9,6.99,7.61
2766,46.1,7.0,54.163,0.023,1.3002,4.76,-0.57,-2.56,7.08,0.01909,-0.06343,0.0,0.0,-0.47279,0.49938,6.58,6.62,8.16,6.95
2767,46.1167,7.0,54.178,0.023,1.3019,5.16,-0.48,-2.61,6.703,0.01918,-0.05665,0.0,0.0,-0.4728,0.49948,6.96,6.91,5.98,6.95
2768,46.1333,7.0,54.193,0.023,1.3031,5.58,-0.3,-2.7,9.347,0.01358,-0.06185,0.0,0.0,-0.47728,0.49836,7.57,8.62,13.9,7.3
2769,46.15,7.0,54.207,0.021,1.3048,5.8,-0.42,-2.81,5.965,0.00928,-0.06276,0.0,0.0,-0.48155,0.49833,6.78,5.36,7.19,4.54
2770,46.1667,7.0,54.222,0.019,1.3059,5.63,-0.27,-2.7,6.793,0.01193,-0.06015,0.0,0.0,-0.48016,0.4996,6.92,7.27,6.94,6.04
2771,46.1833,7.0,54.237,0.017,1.3054,5.46,-0.08,-2.65,6.154,0.01266,-0.05874,0.0,0.0,-0.47986,0.50002,7.04,7.02,5.1,5.45
2772,46.2,7.0,54.253,0.016,1.305,5.22,0.04,-2.64,6.955,0.01527,-0.05751,0.0,0.0,-0.47956,0.50234,6.88,6.88,7.13,6.93
2773,46.2167,7.0,54.268,0.016,1.3061,5.18,0.02,-2.61,6.714,0.00953,-0.06044,0.0,0.0,-0.48146,0.49849,6.86,6.61,6.63,6.76
2774,46.2333,7.0,54.284,0.016,1.3056,5.17,0.01,-2.63,6.611,0.00802,-0.06466,0.0,0.0,-0.48297,0.4985,6.93,5.51,7.0,7.0
2775,46.25,7.0,54.3,0.015,1.3037,5.13,0.12,-2.59,8.219,0.01131,-0.05925,0.0,0.0,-0.48276,0.50157,6.96,10.79,9.7,5.43
2776,46.2667,7.0,54.316,0.015,1.3014,4.85,0.41,-2.56,7.015,0.01008,-0.05131,0.0,0.0,-0.4824,0.49998,6.77,6.83,8.16,6.29
2777,46.2833,7.0,54.333,0.016,1.2978,4.58,0.69,-2.55,6.85,0.0105,-0.04663,0.0,0.0,-0.48208,0.50008,6.93,6.92,6.97,6.58
2778,46.3,7.0,54.35,0.017,1.2924,4.18,1.04,-2.49,6.469,0.00979,-0.04399,0.0,0.0,-0.48399,0.50128,6.88,6.86,6.93,5.22
2779,46.3167,7.0,54.367,0.017,1.2868,3.62,1.71,-2.59,6.129,0.00815,-0.04604,0.0,0.0,-0.4836,0.49925,6.38,6.75,6.76,4.62
2780,46.3333,7.0,54.385,0.018,1.2802,2.96,2.2,-2.61,7.496,0.01297,-0.03698,0.0,0.0,-0.48403,0.5045,6.5,7.14,7.79,8.55
2781,46.35,7.0,54.403,0.02,1.2758,2.19,2.33,-2.51,6.505,0.00513,-0.03551,0.0,0.0,-0.48545,0.49809,6.73,6.2,6.77,6.32
2782,46.3667,7.0,54.42,0.023,1.2716,1.28,2.42,-2.32,7.11,0.01468,-0.02778,0.0,0.0,-0.48248,0.50467,3.21,7.53,9.45,8.25
2783,46.3833,7.0,54.436,0.027,1.272,0.52,2.27,-2.03,6.529,0.01012,-0.02441,0.0,0.0,-0.48238,0.5,6.64,6.3,6.72,6.45
2784,46.4,7.0,54.451,0.032,1.2724,0.18,1.95,-1.85,5.97,0.00388,-0.02828,0.0,0.0,-0.48642,0.4978,10.24,3.98,6.47,3.19
2785,46.4167,7.0,54.466,0.035,1.2711,0.01,1.81,-1.74,7.681,-0.00654,-0.04168,0.0,0.0,-0.49383,0.4948,7.53,5.21,6.68,11.31
2786,46.4333,7.0,54.48,0.037,1.2713,-0.47,1.75,-1.65,4.805,-0.00385,-0.04902,0.0,0.0,-0.49518,0.49884,1.97,4.57,6.76,5.92
2787,46.45,7.0,54.495,0.04,1.272,-0.36,2.1,-1.48,8.104,-0.01154,-0.06834,0.0,0.0,-0.50046,0.49642,10.23,5.02,10.9,6.27
2788,46.4667,7.0,54.51,0.04,1.2721,-0.25,1.98,-1.46,6.773,-0.01234,-0.07811,0.0,0.0,-0.50105,0.49621,6.77,6.7,6.82,6.8
2789,46.4833,7.0,54.526,0.04,1.2714,-0.16,1.85,-1.29,5.749,-0.01052,-0.09466,0.0,0.0,-0.49988,0.49687,5.0,6.08,6.85,5.08
2790,46.5,7.0,54.541,0.04,1.2717,-0.1,2.0,-1.23,7.384,-0.0075,-0.10142,0.0,0.0,-0.50003,0.50003,6.99,7.67,7.79,7.08
2791,46.5167,7.0,54.557,0.039,1.2717,-0.03,2.01,-1.16,6.701,-0.00892,-0.10241,0.0,0.0,-0.49969,0.49828,6.94,6.64,6.26,6.96
2792,46.5333,7.0,54.573,0.038,1.2703,0.17,1.9,-1.11,6.854,-0.00962,-0.0933,0.0,0.0,-0.50055,0.49844,6.8,6.71,6.94,6.97
2793,46.55,7.0,54.588,0.037,1.2711,-0.08,1.96,-1.1,6.74,-0.00639,-0.08471,0.0,0.0,-0.49963,0.50074,6.91,6.91,6.78,6.35
2794,46.5667,7.0,54.604,0.038,1.2718,-0.06,1.99,-1.12,7.326,-0.00963,-0.07258,0.0,0.0,-0.50022,0.49809,7.05,7.77,7.47,7.01
2795,46.5833,7.0,54.62,0.037,1.2711,0.06,1.97,-1.1,6.99,-0.01102,-0.06251,0.0,0.0,-0.50112,0.49761,7.4,6.64,6.97,6.94
2796,46.6,7.0,54.636,0.036,1.2712,0.06,1.93,-1.03,7.041,-0.00611,-0.05048,0.0,0.0,-0.49864,0.50004,7.4,7.02,7.01,6.74
2797,46.6167,7.0,54.652,0.035,1.2714,-0.08,1.95,-1.01,6.983,-0.00548,-0.04235,0.0,0.0,-0.49853,0.50055,6.95,6.97,7.45,6.57
2798,46.6333,7.0,54.667,0.035,1.2716,-0.01,2.0,-1.01,6.844,-0.00765,-0.03596,0.0,0.0,-0.49988,0.49973,6.98,6.64,6.83,6.92
2799,46.65,7.0,54.684,0.035,1.2706,0.05,1.92,-0.98,6.17,-0.01068,-0.03273,0.0,0.0,-0.50253,0.49936,4.96,6.59,6.36,6.77
2800,46.6667,7.0,54.699,0.034,1.2711,-0.13,1.96,-0.9,6.873,-0.00717,-0.02961,0.0,0.0,-0.49897,0.4993,10.44,3.93,5.88,7.25
2801,46.6833,7.0,54.715,0.034,1.2717,-0.09,2.03,-0.89,6.838,-0.00758,-0.02395,0.0,0.0,-0.49991,0.49984,6.93,6.48,7.0,6.94
2802,46.7,7.0,54.73,0.034,1.2711,0.1,1.98,-0.82,6.882,-0.00819,-0.01817,0.0,0.0,-0.50032,0.49964,6.99,6.63,6.96,6.95
2803,46.7167,7.0,54.746,0.033,1.2713,0.14,1.98,-0.76,6.799,-0.00579,-0.01566,0.0,0.0,-0.49829,0.5,6.56,6.99,7.0,6.65
2804,46.7333,7.0,54.762,0.033,1.2716,0.0,1.97,-0.77,6.57,-0.00482,-0.0131,0.0,0.0,-0.49795,0.50063,6.92,6.48,6.18,6.7
2805,46.75,7.0,54.778,0.032,1.2715,0.02,2.0,-0.76,7.001,-0.00747,-0.01134,0.0,0.0,-0.50001,0.50004,6.92,6.82,7.33,6.93
2806,46.7667,7.0,54.794,0.032,1.27,0.09,2.02,-0.76,6.67,-0.00748,-0.00669,0.0,0.0,-0.49989,0.49991,6.82,6.59,8.05,5.22
2807,46.7833,7.0,54.81,0.032,1.268,-0.1,2.33,-0.7,5.605,-0.0038,-0.00243,0.0,0.0,-0.49796,0.50166,7.14,2.57,5.35,7.36
2808,46.8,7.0,54.827,0.033,1.2659,0.05,2.68,-0.64,6.889,-0.00652,-0.00105,0.0,0.0,-0.50009,0.50107,6.84,7.84,6.74,6.13
2809,46.8167,7.0,54.845,0.034,1.2633,0.28,2.9,-0.49,6.78,-0.00776,-0.00048,0.0,0.0,-0.50017,0.49991,6.96,6.21,6.97,6.98
2810,46.8333,7.0,54.863,0.035,1.2597,0.12,3.48,-0.37,6.765,-0.00694,-0.0016,0.0,0.0,-0.4995,0.50007,6.97,6.97,6.98,6.15
2811,46.85,7.0,54.88,0.036,1.2548,-0.05,4.12,-0.34,6.956,-0.00806,-0.00474,0.0,0.0,-0.5002,0.49965,6.71,7.66,6.83,6.62
2812,46.8667,7.0,54.899,0.037,1.2489,0.06,4.84,-0.28,5.825,-0.00782,-0.00453,0.0,0.0,-0.50011,0.4998,4.76,5.07,6.73,6.73
2813,46.8833,7.0,54.917,0.036,1.2409,-0.1,5.75,-0.5,7.158,-0.00765,-0.00415,0.0,0.0,-0.50009,0.49994,8.08,8.42,6.68,5.46
2814,46.9,7.0,54.934,0.035,1.2357,-0.19,6.45,-0.83,6.42,-0.00503,-0.00491,0.0,0.0,-0.50092,0.50339,6.0,6.42,7.18,6.08
2815,46.9167,7.0,54.95,0.036,1.2374,-0.13,6.4,-0.7,6.938,-0.00681,-0.00463,0.0,0.0,-0.49922,0.49991,6.92,6.87,6.99,6.97
2816,46.9333,7.0,54.966,0.038,1.2364,0.06,6.38,-0.53,6.896,-0.00753,-0.00384,0.0,0.0,-0.50003,0.5,6.99,6.62,6.99,6.98
2817,46.95,7.0,54.982,0.038,1.236,-0.17,6.37,-0.57,7.622,-0.00478,-0.00115,0.0,0.0,-0.49812,0.50084,7.03,10.18,6.71,6.56
2818,46.9667,7.0,54.998,0.039,1.2367,-0.1,6.4,-0.6,6.874,-0.00798,-0.00094,0.0,0.0,-0.50055,0.50007,6.88,6.77,6.96,6.88
2819,46.9833,7.0,55.014,0.039,1.2361,0.16,6.41,-0.5,7.056,-0.00768,-0.00069,0.0,0.0,-0.49996,0.49978,7.68,6.9,6.8,6.85
2820,47.0,7.0,55.029,0.039,1.2358,0.25,6.56,-0.44,5.775,-0.00593,0.00116,0.0,0.0,-0.49915,0.50072,2.73,6.92,7.21,6.24
2821,47.0167,7.0,55.046,0.04,1.2374,0.06,6.37,-0.43,6.802,-0.00954,-0.00362,0.0,0.0,-0.49875,0.49672,6.77,6.9,6.52,7.03
2822,47.0333,7.0,55.061,0.041,1.2361,0.05,6.4,-0.41,6.445,-0.01191,-0.00842,0.0,0.0,-0.50085,0.49644,5.91,6.31,6.58,6.98
2823,47.05,7.0,55.077,0.04,1.2364,0.13,6.37,-0.51,5.8,-0.00742,-0.00729,0.0,0.0,-0.49898,0.49907,7.09,6.69,6.72,2.7
2824,47.0667,7.0,55.093,0.04,1.2363,-0.14,6.35,-0.56,7.546,-0.00344,-0.00504,0.0,0.0,-0.49607,0.50014,6.7,9.51,7.52,6.45
2825,47.0833,7.0,55.109,0.041,1.2365,-0.26,6.29,-0.45,7.313,-0.01056,-0.00709,0.0,0.0,-0.50004,0.49699,7.28,6.59,7.11,8.28
2826,47.1,7.0,55.125,0.041,1.2369,-0.01,6.39,-0.36,7.061,-0.00969,-0.0083,0.0,0.0,-0.49912,0.49694,7.43,6.86,6.95,7.0
2827,47.1167,7.0,55.141,0.041,1.2365,-0.07,6.36,-0.4,6.767,-0.00522,-0.00657,0.0,0.0,-0.49654,0.49883,7.01,5.81,6.9,7.35
2828,47.1333,7.0,55.157,0.041,1.2361,-0.13,6.36,-0.45,7.096,-0.00103,0.00298,0.0,0.0,-0.49407,0.50055,5.64,8.57,8.84,5.33
2829,47.15,7.0,55.173,0.042,1.2363,-0.07,6.23,-0.38,7.986,-0.00635,0.00833,0.0,0.0,-0.49707,0.49823,9.24,6.67,7.55,8.48
2830,47.1667,7.0,55.189,0.042,1.2349,-0.07,6.06,-0.33,6.911,-0.00515,0.00967,0.0,0.0,-0.49827,0.50063,7.28,6.88,6.92,6.57
2831,47.1833,7.0,55.204,0.042,1.2325,-0.15,5.87,-0.37,7.276,-0.00756,0.00427,0.0,0.0,-0.50045,0.50039,6.92,7.32,7.3,7.57
2832,47.2,7.0,55.22,0.042,1.2301,-0.07,5.51,-0.34,7.012,-0.00538,0.00908,0.0,0.0,-0.50007,0.50219,7.73,6.62,6.93,6.77
2833,47.2167,7.0,55.234,0.043,1.2272,0.03,5.09,-0.38,7.107,-0.00798,0.00974,0.0,0.0,-0.50078,0.5003,7.07,7.56,6.97,6.82
2834,47.2333,7.0,55.247,0.042,1.2227,-0.12,4.55,-0.07,7.437,-0.0076,0.00612,0.0,0.0,-0.5001,0.5,6.33,7.62,9.39,6.4
2835,47.25,7.0,55.26,0.043,1.2203,-0.36,4.38,-0.02,5.86,-0.00466,0.00165,0.0,0.0,-0.49969,0.50254,2.25,4.94,10.41,5.84
2836,47.2667,7.0,55.273,0.044,1.2213,-0.17,4.52,-0.03,6.745,-0.00866,-0.00093,0.0,0.0,-0.50116,0.5,7.43,5.72,6.93,6.9
2837,47.2833,7.0,55.287,0.044,1.2208,0.0,4.55,-0.07,6.626,-0.00815,-0.00391,0.0,0.0,-0.50025,0.4996,7.2,5.46,6.91,6.94
2838,47.3,7.0,55.301,0.043,1.2199,0.01,4.65,-0.11,7.402,-0.00751,-0.00339,0.0,0.0,-0.49994,0.49993,8.52,6.94,7.08,7.07
2839,47.3167,7.0,55.317,0.043,1.2187,-0.07,4.77,-0.18,5.788,-0.00691,-0.00455,0.0,0.0,-0.49909,0.49968,6.93,4.39,7.05,4.78
2840,47.3333,7.0,55.332,0.042,1.216,0.16,5.1,-0.29,6.705,-0.00874,-0.00479,0.0,0.0,-0.50044,0.4992,6.99,5.8,7.02,7.02
2841,47.35,7.0,55.349,0.042,1.2131,0.4,5.31,-0.2,6.821,-0.00696,-0.00355,0.0,0.0,-0.49928,0.49982,6.9,6.32,7.18,6.88
2842,47.3667,7.0,55.366,0.042,1.2105,0.31,6.04,-0.22,6.857,-0.00908,-0.00767,0.0,0.0,-0.49856,0.49699,7.0,7.01,7.04,6.39
2843,47.3833,7.0,55.384,0.042,1.205,0.18,6.49,-0.2,5.451,-0.00617,-0.00419,0.0,0.0,-0.49746,0.49879,6.68,3.17,6.86,5.09
2844,47.4,7.0,55.401,0.042,1.1985,0.08,7.33,-0.33,6.634,-0.00976,-0.00534,0.0,0.0,-0.5008,0.49854,8.34,4.59,6.74,6.87
2845,47.4167,7.0,55.417,0.04,1.1904,-0.26,8.31,-0.64,7.091,-0.0076,-0.00479,0.0,0.0,-0.50021,0.50011,7.86,6.88,6.38,7.25
2846,47.4333,7.0,55.433,0.038,1.1885,0.08,8.55,-0.48,6.839,-0.00804,-0.00537,0.0,0.0,-0.50051,0.49998,7.08,6.49,5.98,7.8
2847,47.45,7.0,55.448,0.035,1.1892,0.29,8.38,-0.57,6.102,-0.00871,-0.0047,0.0,0.0,-0.4999,0.49869,6.77,7.05,7.25,3.34
2848,47.4667,7.0,55.463,0.032,1.1894,0.08,8.44,-0.66,6.757,-0.00675,-0.00392,0.0,0.0,-0.49942,0.50018,6.96,6.94,6.97,6.16
2849,47.4833,7.0,55.478,0.031,1.1884,0.05,8.56,-0.82,6.859,0.00122,0.00714,-0.0,0.0,-0.49307,0.50179,7.81,6.97,6.96,5.7
2850,47.5,7.0,55.493,0.03,1.1892,0.45,8.56,-0.42,6.833,-0.00035,0.01227,0.0,0.0,-0.49269,0.49984,6.48,6.74,6.67,7.44
2851,47.5167,7.0,55.508,0.03,1.1902,0.46,8.34,-0.36,7.522,0.00284,0.02377,-0.0,0.0,-0.4899,0.50025,7.02,10.65,6.21,6.21
2852,47.5333,7.0,55.523,0.03,1.1891,0.08,8.49,-0.26,7.071,0.00299,0.03181,-0.0,-0.0,-0.49028,0.50077,6.76,6.7,8.73,6.09
2853,47.55,7.0,55.538,0.031,1.1893,0.11,8.52,-0.22,7.523,-0.00077,0.03547,0.0,0.0,-0.49284,0.49957,8.28,7.6,6.95,7.26
2854,47.5667,7.0,55.554,0.032,1.1895,0.09,8.52,-0.26,6.933,-0.00418,0.03587,0.0,0.0,-0.49581,0.49913,6.84,6.72,7.16,7.0
2855,47.5833,7.0,55.569,0.032,1.1891,0.04,8.44,-0.3,6.206,-0.00378,0.03462,0.0,0.0,-0.49501,0.49874,6.87,5.3,6.59,6.06
2856,47.6,7.0,55.585,0.033,1.1887,-0.1,8.51,-0.21,5.012,-0.00409,0.02501,0.0,0.0,-0.49659,0.50001,5.13,0.68,6.89,7.34
2857,47.6167,7.0,55.601,0.034,1.1887,0.14,8.51,-0.09,5.938,-0.00702,0.01515,0.0,0.0,-0.49885,0.49934,5.12,7.24,6.85,4.54
2858,47.6333,7.0,55.616,0.034,1.1891,0.08,8.46,-0.04,7.024,-0.00718,0.00302,0.0,0.0,-0.5,0.50032,6.94,6.85,7.38,6.93
2859,47.65,7.0,55.632,0.034,1.1886,-0.09,8.49,0.05,6.86,-0.00726,-0.00788,0.0,0.0,-0.49968,0.49993,7.0,7.0,6.98,6.46
2860,47.6667,7.0,55.647,0.035,1.1888,-0.04,8.51,0.15,7.174,-0.00843,-0.01481,0.0,0.0,-0.50047,0.49954,8.45,5.75,6.92,7.58
2861,47.6833,7.0,55.663,0.035,1.1894,0.01,8.54,0.14,7.869,-0.00631,-0.01522,0.0,0.0,-0.49807,0.49926,8.86,8.23,7.37,7.02
2862,47.7,7.0,55.679,0.036,1.1889,0.07,8.42,0.07,6.952,-0.00645,-0.01615,0.0,0.0,-0.49869,0.49974,6.95,6.77,7.09,6.99
2863,47.7167,7.0,55.695,0.036,1.1868,0.13,8.28,-0.0,6.696,-0.00982,-0.0201,0.0,0.0,-0.50019,0.49788,6.93,7.19,5.59,7.07
2864,47.7333,7.0,55.711,0.035,1.1851,0.09,8.02,-0.09,6.014,-0.00885,-0.01958,0.0,0.0,-0.50061,0.49926,2.59,6.15,8.25,7.05
2865,47.75,7.0,55.726,0.034,1.1831,-0.07,7.68,-0.12,6.979,-0.00772,-0.01779,0.0,0.0,-0.50022,0.5,6.98,6.69,7.27,6.98
2866,47.7667,7.0,55.741,0.033,1.1793,-0.24,7.32,-0.07,6.955,-0.00636,-0.01474,0.0,0.0,-0.50032,0.50146,6.89,6.94,7.15,6.84
2867,47.7833,7.0,55.755,0.032,1.1757,-0.05,6.67,0.17,7.188,-0.0078,-0.01232,0.0,0.0,-0.5003,0.5,7.87,7.09,6.9,6.89
2868,47.8,7.0,55.768,0.031,1.1707,-0.03,5.97,0.35,5.368,-0.0067,-0.01124,0.0,0.0,-0.50003,0.50084,5.2,7.68,2.17,6.43
2869,47.8167,7.0,55.781,0.03,1.1646,-0.17,5.21,0.51,6.538,-0.00619,-0.00962,0.0,0.0,-0.49881,0.50012,6.12,6.76,6.57,6.71
2870,47.8333,7.0,55.793,0.029,1.1568,-0.26,4.37,0.65,6.858,-0.00722,-0.00579,0.0,0.0,-0.49919,0.49947,7.48,6.52,6.71,6.73
2871,47.85,7.0,55.805,0.027,1.1549,0.12,4.23,0.63,4.241,-0.00833,-0.00456,0.0,0.0,-0.50005,0.49922,6.69,2.48,5.54,2.26
2872,47.8667,7.0,55.819,0.025,1.1533,0.58,4.29,0.74,3.664,-0.00694,-0.00321,0.0,0.0,-0.49928,0.49985,6.52,6.67,6.95,-5.48
2873,47.8833,7.0,55.833,0.023,1.1515,0.74,4.64,0.92,9.914,-0.0064,-0.00286,0.0,0.0,-0.49917,0.50028,6.29,6.3,20.97,6.09
2874,47.9,7.0,55.848,0.022,1.1483,0.77,5.19,0.91,11.297,-0.00677,-0.00146,0.0,0.0,-0.49906,0.49979,6.67,6.62,6.77,25.13
2875,47.9167,7.0,55.864,0.022,1.1442,0.81,5.64,0.95,6.512,-0.00668,-0.00127,0.0,0.0,-0.49887,0.49969,6.94,6.9,7.16,5.05
2876,47.9333,7.0,55.88,0.022,1.1381,0.8,6.1,0.96,6.084,-0.00446,0.00066,0.0,0.0,-0.49834,0.50138,6.75,6.75,6.88,3.95
2877,47.95,7.0,55.897,0.023,1.1322,0.46,6.84,0.92,4.33,-0.0032,0.00472,0.0,0.0,-0.49749,0.5018,7.23,7.58,-5.21,7.72
2878,47.9667,7.0,55.915,0.024,1.1317,0.45,7.03,1.06,5.995,-0.01017,0.00225,0.0,0.0,-0.50114,0.49847,5.39,2.6,6.88,9.11
2879,47.9833,7.0,55.932,0.025,1.1341,0.43,6.73,1.11,7.035,-0.00697,0.00195,0.0,0.0,-0.49769,0.49823,6.73,7.41,7.25,6.75
2880,48.0,7.0,55.948,0.026,1.133,0.46,6.62,1.16,6.855,-0.006,0.00212,0.0,0.0,-0.49674,0.49824,6.99,6.72,6.99,6.73
2881,48.0167,7.0,55.964,0.027,1.1331,0.36,6.9,1.08,6.987,-0.00474,0.00396,0.0,0.0,-0.49678,0.49954,6.8,7.89,6.43,6.83
2882,48.0333,7.0,55.98,0.027,1.134,0.2,6.91,0.9,6.93,-0.00509,0.00512,0.0,0.0,-0.49767,0.50008,6.84,6.92,7.04,6.93
2883,48.05,7.0,55.997,0.027,1.133,0.12,6.85,0.72,6.827,-0.005,0.00396,0.0,0.0,-0.49779,0.5003,6.93,6.76,6.63,6.99
2884,48.0667,7.0,56.013,0.028,1.1327,0.13,6.98,0.67,6.822,-0.00934,-0.00283,0.0,0.0,-0.499,0.49716,4.86,7.42,9.52,5.49
2885,48.0833,7.0,56.029,0.027,1.1337,0.14,6.99,0.68,7.289,-0.0074,0.00036,0.0,0.0,-0.50022,0.50032,7.08,6.32,8.7,7.06
2886,48.1,7.0,56.045,0.027,1.1339,0.26,6.82,0.67,7.085,-0.0062,0.00111,0.0,0.0,-0.4982,0.49951,6.95,6.95,7.35,7.09
2887,48.1167,7.0,56.061,0.027,1.1329,0.13,6.8,0.64,6.741,-0.0043,0.00274,0.0,0.0,-0.49712,0.50033,6.99,6.99,6.97,6.01
2888,48.1333,7.0,56.077,0.027,1.1331,0.18,6.99,0.66,7.483,-0.00825,-0.0012,0.0,0.0,-0.49784,0.49709,8.48,6.57,7.33,7.55
2889,48.15,7.0,56.093,0.027,1.134,0.2,6.88,0.66,6.983,-0.0079,-0.00394,0.0,0.0,-0.49812,0.49773,6.9,7.07,7.02,6.94
2890,48.1667,7.0,56.109,0.027,1.1332,0.29,6.74,0.61,6.293,-0.00723,-0.00577,0.0,0.0,-0.49726,0.49754,6.98,6.5,6.42,5.27
2891,48.1833,7.0,56.125,0.026,1.1329,0.19,6.95,0.57,8.025,-0.00687,-0.00254,0.0,0.0,-0.4952,0.49584,10.07,7.72,8.17,6.13
2892,48.2,7.0,56.141,0.026,1.1335,0.21,6.98,0.56,6.464,-0.00601,-0.00081,0.0,0.0,-0.49564,0.49713,6.8,6.15,5.98,6.92
2893,48.2167,7.0,56.157,0.025,1.1339,0.18,6.87,0.52,6.942,-0.00575,-0.00026,0.0,0.0,-0.49665,0.4984,6.99,6.92,6.87,6.98
2894,48.2333,7.0,56.173,0.025,1.1328,0.28,6.77,0.43,7.53,-0.0043,-0.00023,0.0,0.0,-0.4966,0.4998,7.32,7.43,8.02,7.34
2895,48.25,7.0,56.189,0.024,1.1309,0.36,6.68,0.32,7.856,-0.0071,0.00098,0.0,0.0,-0.50026,0.50067,7.08,7.69,9.23,7.42
2896,48.2667,7.0,56.204,0.024,1.1304,0.25,6.35,0.27,7.178,-0.00837,0.00038,0.0,0.0,-0.4998,0.49893,6.93,7.21,7.62,6.95
2897,48.2833,7.0,56.219,0.023,1.1279,0.11,6.07,0.22,6.978,-0.00908,-0.00156,0.0,0.0,-0.50015,0.49858,7.0,6.93,6.99,6.99
2898,48.3,7.0,56.234,0.022,1.1236,0.12,5.73,0.32,6.9,-0.01107,-0.00569,0.0,0.0,-0.50173,0.49817,6.58,7.14,6.93,6.95
2899,48.3167,7.0,56.248,0.021,1.1189,0.29,5.17,0.49,6.888,-0.01063,-0.00976,0.0,0.0,-0.50052,0.49739,6.76,7.21,6.76,6.82
2900,48.3333,7.0,56.262,0.018,1.1141,0.08,4.46,0.63,5.813,-0.00739,-0.01027,0.0,0.0,-0.5002,0.50032,6.69,2.22,7.55,6.79
2901,48.35,7.0,56.275,0.016,1.1084,0.05,3.81,0.76,8.727,-0.00496,-0.00971,0.0,0.0,-0.49754,0.50008,9.69,6.3,12.25,6.66
2902,48.3667,7.0,56.287,0.015,1.1012,0.14,2.99,0.91,6.593,-0.0069,-0.00834,0.0,0.0,-0.49902,0.49962,6.82,6.51,6.43,6.61
2903,48.3833,7.0,56.3,0.012,1.1001,0.68,2.96,1.02,5.737,-0.00627,-0.00519,0.0,0.0,-0.49834,0.49957,6.48,3.93,5.8,6.74
2904,48.4,7.0,56.314,0.01,1.0978,1.32,2.79,1.09,4.102,-0.00708,-0.00251,0.0,0.0,-0.49871,0.49913,6.2,4.81,8.99,-3.6
2905,48.4167,7.0,56.329,0.007,1.0954,1.53,3.23,1.04,6.312,-0.0057,0.00331,0.0,0.0,-0.49823,0.50004,6.82,6.8,6.79,4.84
2906,48.4333,7.0,56.344,0.007,1.096,1.33,3.21,0.98,5.65,-0.00392,0.00982,0.0,0.0,-0.49735,0.50093,6.55,3.02,6.7,6.34
2907,48.45,7.0,56.359,0.008,1.0969,1.3,3.05,0.92,6.579,-0.00588,0.01019,0.0,0.0,-0.49741,0.49903,6.95,6.71,6.23,6.43
2908,48.4667,7.0,56.375,0.008,1.0958,1.28,2.92,0.88,6.175,-0.00721,0.00665,0.0,0.0,-0.49923,0.49952,6.76,5.92,6.99,5.02
2909,48.4833,7.0,56.391,0.009,1.096,1.27,3.18,0.98,7.993,-0.00963,0.00305,0.0,0.0,-0.50011,0.49799,6.99,6.09,11.09,7.8
2910,48.5,7.0,56.407,0.008,1.0965,1.05,3.27,0.91,7.075,-0.00746,0.00147,0.0,0.0,-0.50008,0.50013,7.08,7.53,6.71,6.98
2911,48.5167,7.0,56.423,0.008,1.0958,0.82,3.27,0.96,5.869,-0.00713,0.00123,0.0,0.0,-0.49963,0.5,6.44,3.28,6.88,6.89
2912,48.5333,7.0,56.439,0.008,1.0951,0.95,3.33,0.89,6.895,-0.00828,-0.00158,0.0,0.0,-0.50078,0.5,6.97,6.99,6.6,7.02
2913,48.55,7.0,56.455,0.007,1.0944,1.17,3.46,0.97,6.662,-0.00902,-0.00664,0.0,0.0,-0.50031,0.49879,6.96,6.98,5.72,6.99
2914,48.5667,7.0,56.472,0.006,1.0958,1.07,3.31,0.89,6.994,-0.00762,-0.00762,0.0,0.0,-0.49999,0.49988,6.96,6.93,7.04,7.04
2915,48.5833,7.0,56.488,0.005,1.0947,1.11,3.17,0.84,6.487,-0.00692,-0.00641,0.0,0.0,-0.49924,0.49982,6.62,5.86,6.73,6.74
2916,48.6,7.0,56.504,0.005,1.0947,1.38,3.29,0.88,6.562,-0.00742,-0.00337,0.0,0.0,-0.49878,0.49887,6.83,6.48,6.15,6.79
2917,48.6167,7.0,56.52,0.003,1.0953,1.37,3.27,0.87,7.161,-0.00577,-0.00123,0.0,0.0,-0.4984,0.50013,6.99,7.66,7.01,6.99
2918,48.6333,7.0,56.536,0.002,1.095,1.48,3.1,0.8,7.329,-0.00312,0.00305,0.0,0.0,-0.49632,0.5007,6.91,8.14,7.29,6.98
2919,48.65,7.0,56.552,0.001,1.0946,1.57,3.11,0.7,6.418,-0.00509,0.00596,0.0,0.0,-0.49713,0.49954,6.98,5.96,7.02,5.71
2920,48.6667,7.0,56.568,0.0,1.0938,1.54,3.37,0.73,7.076,-0.00212,0.01234,0.0,0.0,-0.49545,0.50083,7.22,6.3,7.08,7.7
2921,48.6833,7.0,56.584,-0.001,1.0951,1.56,3.24,0.81,7.241,-0.00429,0.01429,0.0,0.0,-0.49481,0.49803,6.94,8.14,6.94,6.94
2922,48.7,7.0,56.601,-0.002,1.0941,1.58,3.11,0.8,5.834,-0.00395,0.01564,0.0,0.0,-0.49473,0.49829,6.74,2.76,6.9,6.93
2923,48.7167,7.0,56.617,-0.003,1.0936,1.83,3.25,0.87,6.493,-0.00474,0.01651,0.0,0.0,-0.49566,0.49843,6.69,6.59,6.0,6.69
2924,48.7333,7.0,56.633,-0.005,1.0939,1.85,3.25,0.85,7.102,-0.00304,0.01734,0.0,0.0,-0.49577,0.50024,6.91,7.38,7.13,6.99
2925,48.75,7.0,56.649,-0.006,1.0939,1.97,3.05,0.79,5.982,-0.00277,0.01563,0.0,0.0,-0.49524,0.49998,6.9,3.6,6.56,6.87
2926,48.7667,7.0,56.666,-0.006,1.0922,1.99,3.07,0.69,6.709,-0.00352,0.01537,0.0,0.0,-0.49554,0.49953,6.82,6.82,6.94,6.26
2927,48.7833,7.0,56.682,-0.007,1.0895,1.99,3.04,0.61,8.16,-0.00137,0.0143,0.0,0.0,-0.49713,0.50326,6.95,7.73,9.73,8.22
2928,48.8,7.0,56.699,-0.006,1.0891,2.06,2.56,0.63,6.544,-0.00675,0.01005,0.0,0.0,-0.49925,0.5,6.86,5.09,7.1,7.12
2929,48.8167,7.0,56.715,-0.006,1.086,2.05,2.12,0.66,7.817,-0.0092,0.00344,0.0,0.0,-0.50073,0.49903,6.71,7.3,10.32,6.94
2930,48.8333,7.0,56.731,-0.008,1.0807,1.85,1.83,0.74,6.252,-0.00804,-0.00036,0.0,0.0,-0.49982,0.49929,6.98,4.12,6.96,6.96
2931,48.85,7.0,56.746,-0.008,1.0758,1.54,1.22,0.95,4.899,-0.00727,-0.00467,0.0,0.0,-0.50002,0.50026,7.09,-3.06,8.47,7.1
2932,48.8667,7.0,56.76,-0.009,1.07,1.31,0.57,1.11,7.696,-0.00696,-0.00842,0.0,0.0,-0.49962,0.50017,7.14,6.95,9.57,7.12
2933,48.8833,7.0,56.775,-0.009,1.0675,1.43,0.33,1.16,4.985,-0.00773,-0.01175,0.0,0.0,-0.5002,0.49997,6.44,6.91,-0.19,6.78
2934,48.9,7.0,56.787,-0.013,1.0739,1.52,0.25,1.08,8.855,-0.00143,-0.0104,0.0,0.0,-0.49264,0.49871,9.88,10.99,7.61,6.93
2935,48.9167,7.0,56.799,-0.014,1.0774,1.72,-0.26,1.01,6.727,-0.00182,-0.00408,0.0,0.0,-0.49081,0.49649,6.73,5.8,7.6,6.78
2936,48.9333,7.0,56.81,-0.016,1.0791,1.96,-0.81,0.92,6.706,-0.00454,0.0012,0.0,0.0,-0.49154,0.4945,6.73,6.18,7.16,6.76
2937,48.95,7.0,56.823,-0.019,1.0789,2.21,-1.3,0.81,6.529,-0.00725,0.00187,0.0,0.0,-0.49416,0.49442,6.7,6.41,6.24,6.77
2938,48.9667,7.0,56.836,-0.022,1.0815,2.76,-1.47,0.75,6.731,-0.01262,-0.00386,0.0,0.0,-0.4993,0.49419,6.47,7.02,6.79,6.64
2939,48.9833,7.0,56.85,-0.026,1.0816,3.05,-1.69,0.7,7.27,-0.00961,-0.00613,0.0,0.0,-0.49935,0.49725,6.71,6.58,10.82,4.96
2940,49.0,7.0,56.864,-0.029,1.0808,3.3,-1.68,0.55,7.312,-0.00621,-0.00383,0.0,0.0,-0.4991,0.50039,7.01,7.01,8.68,6.55
2941,49.0167,7.0,56.88,-0.031,1.0807,3.35,-1.37,0.37,6.645,-0.00643,-0.00852,0.0,0.0,-0.49866,0.49973,7.03,7.03,7.01,5.5
2942,49.0333,7.0,56.896,-0.033,1.0807,3.31,-1.44,0.32,7.182,-0.0048,-0.01056,0.0,0.0,-0.49818,0.50088,7.01,7.01,7.94,6.76
2943,49.05,7.0,56.912,-0.033,1.0807,3.27,-1.63,0.16,7.118,-0.00531,-0.01008,0.0,0.0,-0.49797,0.50016,7.06,7.06,7.04,7.31
2944,49.0667,7.0,56.927,-0.033,1.0794,3.19,-1.57,-0.02,6.099,-0.00746,-0.00909,0.0,0.0,-0.49954,0.49958,7.12,5.52,5.66,6.1
2945,49.0833,7.0,56.944,-0.033,1.0794,3.01,-1.34,-0.07,7.128,-0.00728,-0.00251,0.0,0.0,-0.50015,0.50037,7.02,7.36,7.09,7.04
2946,49.1,7.0,56.96,-0.034,1.0801,2.96,-1.46,-0.11,7.03,-0.00769,-0.00023,0.0,0.0,-0.49989,0.49971,6.92,7.14,7.12,6.95
2947,49.1167,7.0,56.977,-0.034,1.0788,2.99,-1.6,-0.15,6.206,-0.00655,-0.00055,0.0,0.0,-0.50028,0.50123,6.93,3.71,7.16,7.03
2948,49.1333,7.0,56.993,-0.035,1.079,3.22,-1.47,-0.09,6.672,-0.00643,-0.00048,0.0,0.0,-0.49816,0.49924,6.97,6.52,6.32,6.88
2949,49.15,7.0,57.009,-0.036,1.0801,3.13,-1.47,-0.1,7.151,-0.00675,-0.00243,0.0,0.0,-0.49863,0.49938,6.87,7.15,7.97,6.61
2950,49.1667,7.0,57.025,-0.036,1.0799,3.16,-1.63,-0.24,6.833,-0.00737,-0.00426,0.0,0.0,-0.4992,0.49933,6.97,6.91,6.94,6.5
2951,49.1833,7.0,57.041,-0.037,1.0795,3.36,-1.65,-0.23,7.295,-0.00779,-0.00409,0.0,0.0,-0.49982,0.49953,6.97,7.69,8.16,6.37
2952,49.2,7.0,57.057,-0.038,1.0797,3.29,-1.47,-0.22,6.207,-0.00628,-0.00256,0.0,0.0,-0.49921,0.50044,7.09,6.14,4.81,6.79
2953,49.2167,7.0,57.073,-0.038,1.0801,3.23,-1.61,-0.21,7.155,-0.00874,-0.00333,0.0,0.0,-0.49991,0.49867,6.97,7.16,7.58,6.92
2954,49.2333,7.0,57.089,-0.039,1.079,3.18,-1.7,-0.26,5.952,-0.00787,-0.00429,0.0,0.0,-0.50047,0.5001,6.92,4.52,6.29,6.07
2955,49.25,7.0,57.105,-0.039,1.0791,3.35,-1.53,-0.22,7.322,-0.00852,-0.00593,0.0,0.0,-0.49986,0.49884,6.82,7.01,9.33,6.12
2956,49.2667,7.0,57.121,-0.04,1.0801,3.37,-1.58,-0.18,6.992,-0.00751,-0.00599,0.0,0.0,-0.49979,0.49979,6.84,7.27,7.71,6.14
2957,49.2833,7.0,57.137,-0.041,1.0799,3.44,-1.74,-0.17,7.06,-0.00742,-0.00533,0.0,0.0,-0.50001,0.5001,6.99,7.15,7.16,6.95
2958,49.3,7.0,57.152,-0.042,1.0784,3.53,-1.87,-0.14,6.659,-0.00749,-0.00437,0.0,0.0,-0.50025,0.50026,7.08,6.21,6.42,6.92
2959,49.3167,7.0,57.168,-0.043,1.0763,3.6,-1.98,-0.05,6.944,-0.00615,-0.00372,0.0,0.0,-0.50039,0.50174,6.86,7.6,6.34,6.99
2960,49.3333,7.0,57.184,-0.044,1.0751,3.61,-2.39,0.02,7.3,-0.00764,-0.00214,0.0,0.0,-0.50028,0.50014,6.84,7.0,8.38,6.98
2961,49.35,7.0,57.198,-0.045,1.0722,3.53,-2.76,0.15,4.842,-0.00712,-0.00111,0.0,0.0,-0.4993,0.49968,6.06,0.05,6.67,6.59
2962,49.3667,7.0,57.213,-0.047,1.0724,3.88,-2.66,0.16,6.013,-0.00653,0.00107,0.0,0.0,-0.49852,0.49949,6.45,3.63,8.35,5.63
2963,49.3833,7.0,57.228,-0.048,1.0737,4.01,-2.65,0.14,2.79,-0.00202,0.00658,0.0,0.0,-0.49436,0.49984,7.72,16.42,-30.74,17.75
2964,49.4,7.0,57.237,-0.051,1.0791,3.49,-3.14,-0.59,6.261,-0.00354,0.00978,0.0,0.0,-0.49599,0.49996,6.06,5.44,7.15,6.39
2965,49.4167,7.0,57.247,-0.052,1.082,3.19,-3.6,-1.01,6.197,-0.00613,0.01001,0.0,0.0,-0.49845,0.49983,6.47,4.85,6.59,6.87
2966,49.4333,7.0,57.256,-0.054,1.0861,3.2,-3.92,-1.39,11.592,-0.008,0.0069,0.0,0.0,-0.50001,0.49952,6.15,7.33,26.24,6.66
2967,49.45,7.0,57.266,-0.057,1.0895,3.14,-4.25,-1.68,6.398,-0.00659,0.00715,0.0,0.0,-0.49902,0.49993,6.88,5.79,5.98,6.95
2968,49.4667,7.0,57.277,-0.06,1.0923,3.19,-4.72,-1.88,9.491,-0.00747,0.00593,0.0,0.0,-0.50013,0.50016,6.52,7.74,16.93,6.78
2969,49.4833,7.0,57.287,-0.063,1.094,3.37,-5.27,-2.09,6.669,-0.00766,0.00406,0.0,0.0,-0.49997,0.49982,6.81,6.77,6.2,6.9
2970,49.5,7.0,57.298,-0.066,1.0964,3.69,-5.67,-2.24,6.395,-0.00726,-0.00182,0.0,0.0,-0.49951,0.49975,6.65,6.82,5.33,6.78
2971,49.5167,7.0,57.31,-0.07,1.0984,4.09,-6.02,-2.29,7.309,-0.00787,-0.00606,0.0,0.0,-0.50002,0.49965,6.73,6.01,9.63,6.87
2972,49.5333,7.0,57.322,-0.074,1.0993,4.53,-6.42,-2.27,6.991,-0.0076,-0.00684,0.0,0.0,-0.49999,0.4999,6.74,6.19,8.2,6.83
2973,49.55,7.0,57.335,-0.078,1.0991,5.03,-6.84,-2.24,7.535,-0.00354,-0.00143,0.0,0.0,-0.49891,0.50288,6.33,6.43,11.31,6.07
2974,49.5667,7.0,57.349,-0.079,1.1035,5.31,-6.5,-2.19,7.439,-0.00875,-0.00348,0.0,0.0,-0.49943,0.49818,6.71,6.63,11.65,4.76
2975,49.5833,7.0,57.362,-0.08,1.1053,5.7,-6.51,-2.04,6.832,-0.00908,-0.00471,0.0,0.0,-0.49935,0.49777,6.77,6.82,6.87,6.87
2976,49.6,7.0,57.376,-0.08,1.1051,5.89,-6.74,-1.92,6.549,-0.00549,-0.00191,0.0,0.0,-0.49878,0.5008,6.62,6.63,8.07,4.89
2977,49.6167,7.0,57.39,-0.08,1.1057,5.84,-6.61,-1.71,7.031,-0.00619,-0.00058,0.0,0.0,-0.49889,0.50021,6.99,6.99,8.19,5.95
2978,49.6333,7.0,57.405,-0.079,1.1053,5.82,-6.5,-1.56,6.638,-0.00616,0.00126,0.0,0.0,-0.49883,0.50018,7.01,7.01,6.95,5.59
2979,49.65,7.0,57.42,-0.079,1.1043,5.5,-6.62,-1.45,7.422,-0.00606,0.00269,0.0,0.0,-0.49806,0.4995,7.04,7.03,7.76,7.85
2980,49.6667,7.0,57.435,-0.077,1.1025,5.09,-6.7,-1.36,6.74,-0.00234,0.0036,0.0,0.0,-0.4979,0.50307,6.64,6.53,8.36,5.42
2981,49.6833,7.0,57.449,-0.074,1.1021,4.77,-6.56,-1.19,7.271,-0.00583,0.00617,0.0,0.0,-0.49803,0.4997,6.62,6.7,9.54,6.23
2982,49.7,7.0,57.465,-0.071,1.1006,4.38,-6.5,-1.01,7.162,-0.00774,0.0068,0.0,0.0,-0.50093,0.5007,6.9,3.11,5.37,13.27
2983,49.7167,7.0,57.481,-0.068,1.1008,4.17,-6.55,-0.81,6.88,-0.00658,0.00486,0.0,0.0,-0.49892,0.49985,6.92,6.51,7.17,6.93
2984,49.7333,7.0,57.496,-0.066,1.1005,4.13,-6.54,-0.58,6.944,-0.00748,0.00294,0.0,0.0,-0.50048,0.5005,7.02,6.82,6.87,7.06
2985,49.75,7.0,57.511,-0.064,1.1004,4.22,-6.39,-0.25,6.827,-0.0084,0.00028,0.0,0.0,-0.5009,0.5,6.79,6.56,6.95,7.01
2986,49.7667,7.0,57.527,-0.063,1.1013,4.17,-6.45,-0.05,6.734,-0.00736,-0.00109,0.0,0.0,-0.49992,0.50006,6.88,5.89,7.24,6.93
2987,49.7833,7.0,57.542,-0.062,1.1007,4.32,-6.65,0.16,6.95,-0.00728,-0.00605,0.0,0.0,-0.5001,0.50032,6.98,7.13,6.73,6.96
2988,49.8,7.0,57.558,-0.061,1.1004,4.26,-6.53,0.28,6.88,-0.00835,-0.00791,0.0,0.0,-0.50047,0.49962,6.93,6.47,7.83,6.28
2989,49.8167,7.0,57.574,-0.061,1.1009,4.29,-6.45,0.4,7.244,-0.00543,-0.00459,0.0,0.0,-0.49915,0.50123,7.19,7.63,7.09,7.07
2990,49.8333,7.0,57.59,-0.06,1.1012,4.51,-6.64,0.49,6.848,-0.00645,-0.0039,0.0,0.0,-0.49893,0.49998,6.9,6.9,6.7,6.89
2991,49.85,7.0,57.605,-0.059,1.1011,4.16,-6.41,0.65,6.935,-0.00212,0.00208,0.0,0.0,-0.49728,0.50266,6.83,6.9,6.24,7.77
2992,49.8667,7.0,57.617,-0.058,1.1024,3.41,-5.73,0.86,6.725,-0.0025,0.0079,0.0,0.0,-0.49678,0.50179,6.23,6.4,9.04,5.23
2993,49.8833,7.0,57.63,-0.056,1.1044,2.62,-5.3,1.28,5.837,-0.00389,0.01053,0.0,0.0,-0.49658,0.5002,6.38,6.43,4.18,6.35
2994,49.9,7.0,57.642,-0.053,1.1058,1.9,-4.95,1.58,6.523,-0.00322,0.01344,0.0,0.0,-0.49612,0.5004,6.55,6.47,7.95,5.13
2995,49.9167,7.0,57.656,-0.049,1.1074,1.54,-4.5,1.69,7.923,-0.0064,0.01383,0.0,0.0,-0.49545,0.49655,6.47,5.7,8.24,11.29
2996,49.9333,7.0,57.669,-0.046,1.1096,1.56,-4.15,1.55,5.57,-0.00718,0.01038,0.0,0.0,-0.49514,0.49546,6.88,6.86,2.86,5.67
2997,49.95,7.0,57.682,-0.043,1.1129,1.59,-3.88,1.4,6.457,-0.01005,0.00542,0.0,0.0,-0.49803,0.49548,6.82,5.91,6.95,6.15
2998,49.9667,7.0,57.696,-0.04,1.1146,1.66,-3.75,1.29,7.699,-0.01405,-0.0075,0.0,0.0,-0.50235,0.4958,6.93,8.29,8.49,7.09
2999,49.9833,7.0,57.711,-0.039,1.1161,1.63,-3.5,1.32,6.615,-0.01129,-0.01563,0.0,0.0,-0.49952,0.49574,6.96,5.56,6.96,6.98
3000,50.0,7.0,57.722,-0.038,1.1202,1.15,-3.6,0.79,7.006,-0.0072,-0.01717,0.0,0.0,-0.50044,0.50075,7.04,5.34,8.7,6.94
3001,50.0167,7.0,57.731,-0.037,1.1248,0.67,-3.93,0.37,6.488,-0.00757,-0.01957,0.0,0.0,-0.50004,0.49997,6.39,6.32,6.35,6.89
3002,50.0333,7.0,57.741,-0.036,1.1274,0.33,-4.23,0.02,3.84,-0.00753,-0.01839,0.0,0.0,-0.49994,0.49991,6.82,4.77,-3.27,7.04
3003,50.05,7.0,57.751,-0.036,1.1319,0.01,-4.47,-0.27,0.237,-0.00669,-0.01568,0.0,0.0,-0.49852,0.49933,-13.76,5.12,2.83,6.75
3004,50.0667,7.0,57.76,-0.035,1.1371,-0.09,-4.99,-0.2,8.962,-0.01066,-0.01443,0.0,0.0,-0.49671,0.49355,7.97,13.09,8.3,6.5
3005,50.0833,7.0,57.77,-0.035,1.1403,-0.03,-5.54,-0.13,6.614,-0.01372,-0.01236,0.0,0.0,-0.49867,0.49245,6.72,6.6,6.41,6.73
3006,50.1,7.0,57.781,-0.036,1.142,0.05,-6.01,-0.21,6.456,-0.01609,-0.01582,0.0,0.0,-0.49982,0.49123,6.85,6.31,5.72,6.94
3007,50.1167,7.0,57.791,-0.036,1.1426,0.25,-6.21,-0.27,6.462,-0.01727,-0.02428,0.0,0.0,-0.50055,0.49078,6.94,4.95,6.99,6.96
3008,50.1333,7.0,57.802,-0.038,1.1449,0.41,-6.41,-0.29,6.188,-0.01646,-0.03052,0.0,0.0,-0.49949,0.49053,6.93,5.75,5.05,7.02
3009,50.15,7.0,57.815,-0.041,1.1462,0.69,-6.7,-0.3,7.456,-0.01712,-0.03672,0.0,0.0,-0.50004,0.49042,6.95,5.88,10.02,6.98
3010,50.1667,7.0,57.827,-0.043,1.1465,1.01,-7.02,-0.31,7.797,-0.01732,-0.04324,0.0,0.0,-0.49989,0.49008,6.89,7.02,10.41,6.87
3011,50.1833,7.0,57.84,-0.046,1.1462,1.42,-7.3,-0.31,6.466,-0.01726,-0.04483,0.0,0.0,-0.49958,0.48983,6.9,6.86,5.12,6.99
3012,50.2,7.0,57.853,-0.049,1.1475,1.88,-7.53,-0.28,6.786,-0.01538,-0.04116,0.0,0.0,-0.49919,0.49131,6.75,6.47,7.06,6.87
3013,50.2167,7.0,57.867,-0.052,1.1476,2.33,-7.78,-0.25,7.817,-0.0131,-0.03314,0.0,0.0,-0.49964,0.49404,6.71,12.11,7.71,4.73
3014,50.2333,7.0,57.881,-0.056,1.1467,2.43,-7.8,-0.34,6.612,-0.00664,-0.01823,0.0,0.0,-0.49948,0.50034,7.02,6.98,6.95,5.49
3015,50.25,7.0,57.895,-0.058,1.145,2.5,-7.74,-0.46,7.198,-0.00651,-0.0058,0.0,0.0,-0.50046,0.50145,7.11,4.59,4.6,12.48
3016,50.2667,7.0,57.909,-0.059,1.1468,2.65,-7.8,-0.44,6.868,-0.00334,0.00907,0.0,0.0,-0.49761,0.50177,6.77,9.41,6.02,5.27
3017,50.2833,7.0,57.924,-0.059,1.1477,2.63,-7.78,-0.36,6.702,-0.00493,0.02073,0.0,0.0,-0.49774,0.50032,6.91,6.91,6.92,6.06
3018,50.3,7.0,57.939,-0.057,1.1473,2.59,-7.77,-0.31,7.024,-0.0049,0.03094,0.0,0.0,-0.49765,0.50025,6.97,6.97,6.87,7.28
3019,50.3167,7.0,57.954,-0.056,1.1459,2.53,-7.76,-0.26,6.625,-0.00775,0.03508,0.0,0.0,-0.50127,0.50103,7.02,6.52,6.08,6.89
3020,50.3333,7.0,57.969,-0.055,1.1471,2.52,-7.79,-0.21,6.896,-0.00669,0.03746,0.0,0.0,-0.49918,0.49999,6.93,6.91,7.22,6.52
3021,50.35,7.0,57.983,-0.053,1.1467,2.36,-7.77,-0.19,6.667,-0.00666,0.03295,0.0,0.0,-0.49914,0.49999,7.0,7.01,6.97,5.7
3022,50.3667,7.0,57.999,-0.051,1.1449,2.25,-7.67,-0.18,4.98,-0.00901,0.02642,0.0,0.0,-0.50078,0.49928,7.25,5.67,0.03,6.96
3023,50.3833,7.0,58.013,-0.051,1.1466,2.18,-7.63,-0.06,6.626,-0.00703,0.01946,0.0,0.0,-0.49954,0.50002,6.91,5.98,6.67,6.94
3024,50.4,7.0,58.029,-0.05,1.1471,2.23,-7.7,0.15,6.711,-0.00784,0.01412,0.0,0.0,-0.50041,0.50007,7.0,5.72,7.14,6.98
3025,50.4167,7.0,58.044,-0.049,1.1462,2.29,-7.76,0.4,6.511,-0.00675,0.01053,0.0,0.0,-0.50029,0.50104,7.07,5.48,6.93,6.56
3026,50.4333,7.0,58.06,-0.049,1.1443,2.15,-7.82,0.55,6.493,-0.00859,0.0084,0.0,0.0,-0.50098,0.4999,6.88,5.79,7.29,6.02
3027,50.45,7.0,58.076,-0.05,1.1473,2.16,-7.6,0.75,7.085,-0.00299,0.0112,0.0,0.0,-0.49554,0.50006,6.98,6.93,7.46,6.98
3028,50.4667,7.0,58.091,-0.051,1.1475,1.96,-7.45,0.94,6.92,-0.0009,0.01578,0.0,0.0,-0.49362,0.50022,7.18,7.14,5.39,7.96
3029,50.4833,7.0,58.104,-0.053,1.1476,0.99,-6.71,1.04,4.947,0.00127,0.02446,-0.0,0.0,-0.49349,0.50227,6.1,6.4,2.82,4.47
3030,50.5,7.0,58.116,-0.051,1.1505,0.22,-6.18,1.53,5.893,-0.00158,0.02713,0.0,0.0,-0.49383,0.49976,6.2,6.42,4.62,6.33
3031,50.5167,7.0,58.129,-0.048,1.1535,-0.41,-5.88,1.77,6.125,-0.00225,0.02963,0.0,0.0,-0.49535,0.50061,5.29,6.51,6.86,5.84
3032,50.5333,7.0,58.142,-0.045,1.1582,-0.6,-5.62,1.83,7.603,-0.00172,0.03125,0.0,0.0,-0.49362,0.4994,9.77,5.52,6.99,8.14
3033,50.55,7.0,58.155,-0.041,1.1614,-0.41,-5.29,1.84,6.661,-0.00441,0.0318,0.0,0.0,-0.4965,0.4996,6.95,5.69,7.0,7.01
3034,50.5667,7.0,58.168,-0.038,1.1636,-0.36,-4.89,1.93,6.212,-0.00742,0.02343,0.0,0.0,-0.49668,0.49676,7.01,4.9,6.98,5.97
3035,50.5833,7.0,58.183,-0.035,1.1648,-0.27,-4.49,2.0,6.474,-0.00964,0.01163,0.0,0.0,-0.4974,0.49527,6.98,5.2,6.98,6.75
3036,50.6,7.0,58.199,-0.032,1.1648,-0.13,-4.1,2.07,6.693,-0.01243,-0.00386,0.0,0.0,-0.49916,0.49424,6.95,5.37,7.01,7.44
3037,50.6167,7.0,58.214,-0.031,1.1671,-0.16,-4.04,1.98,6.68,-0.00999,-0.01204,0.0,0.0,-0.5005,0.49802,6.83,6.57,6.35,6.97
3038,50.6333,7.0,58.228,-0.03,1.171,-0.59,-4.16,1.6,7.614,-0.00644,-0.01491,0.0,0.0,-0.49981,0.50087,7.08,6.65,9.63,7.1
3039,50.65,7.0,58.24,-0.028,1.1757,-1.13,-4.58,1.18,6.727,-0.00706,-0.01861,0.0,0.0,-0.49984,0.50029,6.26,6.43,7.35,6.87
3040,50.6667,7.0,58.251,-0.027,1.1788,-1.47,-5.06,0.92,4.582,-0.00683,-0.01887,0.0,0.0,-0.4983,0.49898,0.6,5.95,5.05,6.72
3041,50.6833,7.0,58.261,-0.024,1.1831,-1.44,-5.53,1.05,6.436,-0.00919,-0.01843,0.0,0.0,-0.50065,0.49896,6.64,5.49,6.8,6.81
3042,50.7,7.0,58.272,-0.023,1.187,-1.51,-5.89,1.22,12.007,-0.01086,-0.01748,0.0,0.0,-0.49956,0.49621,16.31,9.65,15.24,6.82
3043,50.7167,7.0,58.283,-0.023,1.1897,-1.52,-6.29,1.34,6.283,-0.01262,-0.01558,0.0,0.0,-0.4995,0.49438,6.26,5.27,6.75,6.85
3044,50.7333,7.0,58.295,-0.022,1.1906,-1.35,-6.7,1.44,6.846,-0.01294,-0.01674,0.0,0.0,-0.50003,0.49459,6.85,6.72,6.9,6.92
3045,50.75,7.0,58.307,-0.023,1.1915,-1.16,-6.9,1.46,7.666,-0.01641,-0.02498,0.0,0.0,-0.49904,0.49014,6.98,7.05,9.45,7.19
3046,50.7667,7.0,58.319,-0.024,1.1927,-0.87,-7.06,1.4,6.549,-0.01811,-0.03336,0.0,0.0,-0.5007,0.49009,6.84,5.21,7.32,6.82
3047,50.7833,7.0,58.332,-0.026,1.193,-0.57,-7.22,1.44,5.996,-0.01702,-0.03984,0.0,0.0,-0.49989,0.49037,6.98,5.93,4.05,7.02
3048,50.8,7.0,58.346,-0.028,1.1932,-0.22,-7.57,1.44,6.911,-0.01521,-0.04125,0.0,0.0,-0.50004,0.49234,6.92,6.98,6.8,6.95
3049,50.8167,7.0,58.361,-0.03,1.193,-0.15,-7.61,1.4,6.298,-0.00889,-0.03427,0.0,0.0,-0.50008,0.49869,6.79,6.14,6.89,5.36
3050,50.8333,7.0,58.376,-0.032,1.1925,0.09,-7.52,1.3,7.48,-0.00714,-0.02452,0.0,0.0,-0.50034,0.5007,6.94,6.76,8.49,7.73
3051,50.85,7.0,58.391,-0.033,1.1926,0.24,-7.62,1.31,7.518,-0.00699,-0.01546,0.0,0.0,-0.49945,0.49997,6.95,7.46,8.49,7.17
3052,50.8667,7.0,58.406,-0.034,1.1941,0.31,-7.63,1.25,6.893,-0.00628,-0.00319,0.0,0.0,-0.49921,0.50043,6.94,6.91,7.41,6.31
3053,50.8833,7.0,58.421,-0.034,1.1946,0.36,-7.57,1.14,6.714,-0.0069,0.00873,0.0,0.0,-0.4991,0.4997,7.0,7.0,7.18,5.68
3054,50.9,7.0,58.437,-0.034,1.1932,0.29,-7.51,1.05,6.766,-0.00634,0.01867,0.0,0.0,-0.49884,0.5,7.03,7.03,6.06,6.94
3055,50.9167,7.0,58.453,-0.033,1.1928,0.08,-7.65,1.04,6.501,-0.00704,0.02483,0.0,0.0,-0.49967,0.50013,6.27,5.97,6.89,6.88
3056,50.9333,7.0,58.468,-0.031,1.1925,-0.16,-7.58,1.08,6.515,-0.0068,0.024,0.0,0.0,-0.50004,0.50074,6.92,6.97,5.92,6.24
3057,50.95,7.0,58.484,-0.029,1.1929,-0.3,-7.37,1.18,6.745,-0.00827,0.01995,0.0,0.0,-0.50078,0.50001,6.48,6.56,6.97,6.97
3058,50.9667,7.0,58.501,-0.028,1.1926,-0.45,-7.28,1.32,6.561,-0.00695,0.01759,0.0,0.0,-0.50029,0.50085,7.0,6.38,5.83,7.03
3059,50.9833,7.0,58.517,-0.027,1.1924,-0.52,-7.45,1.36,6.904,-0.00775,0.01397,0.0,0.0,-0.49985,0.4996,6.85,6.85,6.96,6.96
3060,51.0,7.0,58.533,-0.026,1.1929,-0.37,-7.39,1.49,6.932,-0.00711,0.01208,0.0,0.0,-0.49936,0.49976,6.94,6.6,7.19,7.0
3061,51.0167,7.0,58.549,-0.026,1.1925,-0.22,-7.35,1.63,6.971,-0.00923,0.00766,0.0,0.0,-0.50072,0.499,6.98,7.34,6.73,6.83
3062,51.0333,7.0,58.565,-0.026,1.193,-0.21,-7.49,1.63,7.049,-0.00744,0.00634,0.0,0.0,-0.4998,0.49987,6.96,7.27,7.01,6.95
3063,51.05,7.0,58.581,-0.026,1.1923,-0.18,-7.57,1.6,6.18,-0.00655,0.00584,0.0,0.0,-0.50072,0.50167,6.85,5.07,7.19,5.61
3064,51.0667,7.0,58.594,-0.025,1.1964,-0.77,-6.87,1.62,5.455,-0.01184,0.00147,0.0,0.0,-0.50045,0.49612,3.96,6.62,6.62,4.62
3065,51.0833,7.0,58.604,-0.025,1.2039,-0.97,-6.51,1.29,6.692,-0.01152,-0.00341,0.0,0.0,-0.5,0.49598,6.6,6.78,6.73,6.66
3066,51.1,7.0,58.615,-0.024,1.2088,-1.16,-6.28,1.01,6.846,-0.01177,-0.00713,0.0,0.0,-0.49996,0.49569,6.79,6.91,6.87,6.82
3067,51.1167,7.0,58.625,-0.023,1.2118,-1.14,-6.02,0.71,5.875,-0.01428,-0.01366,0.0,0.0,-0.49955,0.49277,6.91,6.54,6.99,3.06
3068,51.1333,7.0,58.636,-0.023,1.2147,-1.06,-5.52,0.52,8.613,-0.01793,-0.02098,0.0,0.0,-0.49756,0.48713,6.9,13.83,6.47,7.25
3069,51.15,7.0,58.647,-0.022,1.2163,-0.91,-5.02,0.35,6.669,-0.02067,-0.03208,0.0,0.0,-0.49659,0.48342,6.87,8.71,6.63,4.47
3070,51.1667,7.0,58.659,-0.022,1.2196,-0.87,-4.68,0.16,6.205,-0.02523,-0.04744,0.0,0.0,-0.49415,0.47642,6.12,4.83,6.58,7.28
3071,51.1833,7.0,58.673,-0.022,1.2228,-0.82,-4.38,-0.03,11.269,-0.02698,-0.05733,0.0,0.0,-0.49128,0.4718,28.54,4.6,6.88,5.06
3072,51.2,7.0,58.687,-0.023,1.2246,-0.84,-4.03,-0.21,6.223,-0.02708,-0.06645,0.0,0.0,-0.48848,0.4689,6.8,4.88,6.93,6.28
3073,51.2167,7.0,58.702,-0.023,1.2272,-0.85,-3.93,-0.3,6.726,-0.02887,-0.07606,0.0,0.0,-0.4862,0.46484,7.3,6.45,7.02,6.13
3074,51.2333,7.0,58.717,-0.024,1.2288,-0.91,-3.86,-0.39,6.56,-0.0287,-0.08176,0.0,0.0,-0.48472,0.46353,6.92,6.29,6.98,6.05
3075,51.25,7.0,58.733,-0.024,1.2291,-0.77,-3.67,-0.48,6.707,-0.03121,-0.0856,0.0,0.0,-0.48633,0.46262,7.0,6.1,6.98,6.75
3076,51.2667,7.0,58.75,-0.025,1.2278,-0.61,-3.56,-0.51,5.56,-0.03433,-0.08938,0.0,0.0,-0.4896,0.46277,5.98,7.24,5.65,3.37
3077,51.2833,7.0,58.767,-0.026,1.228,-0.51,-3.63,-0.39,6.716,-0.03186,-0.08547,0.0,0.0,-0.49147,0.46712,6.71,6.92,6.99,6.25
3078,51.3,7.0,58.783,-0.027,1.2282,-0.56,-3.59,-0.36,6.751,-0.02942,-0.07772,0.0,0.0,-0.49174,0.46983,7.0,6.96,6.95,6.09
3079,51.3167,7.0,58.798,-0.028,1.2311,-0.55,-3.73,-0.34,5.907,-0.03029,-0.07169,0.0,0.0,-0.48863,0.46584,4.38,5.05,7.21,6.99
3080,51.3333,7.0,58.812,-0.028,1.2337,-0.65,-3.98,-0.1,6.889,-0.02798,-0.06218,0.0,0.0,-0.48586,0.46538,6.93,6.94,6.9,6.79
3081,51.35,7.0,58.826,-0.028,1.2339,-0.57,-4.29,0.08,6.348,-0.02818,-0.05418,0.0,0.0,-0.48588,0.46521,7.09,4.42,6.94,6.94
3082,51.3667,7.0,58.84,-0.029,1.2348,-0.48,-4.36,0.04,6.471,-0.02996,-0.0464,0.0,0.0,-0.48737,0.46491,6.95,6.13,6.52,6.28
3083,51.3833,7.0,58.856,-0.029,1.2352,-0.31,-4.41,0.06,6.39,-0.03197,-0.0384,0.0,0.0,-0.48928,0.46481,6.99,6.58,6.14,5.86
3084,51.4,7.0,58.871,-0.03,1.2345,-0.21,-4.41,0.09,6.994,-0.02883,-0.03068,0.0,0.0,-0.48909,0.46777,6.97,8.63,6.97,5.41
3085,51.4167,7.0,58.887,-0.031,1.2345,-0.27,-4.32,0.15,5.846,-0.02549,-0.02295,0.0,0.0,-0.48851,0.47052,5.68,7.02,4.5,6.18
3086,51.4333,7.0,58.903,-0.031,1.2347,-0.34,-4.35,0.2,6.749,-0.02588,-0.01567,0.0,0.0,-0.49089,0.47252,6.96,6.42,6.71,6.9
3087,51.45,7.0,58.918,-0.031,1.2342,-0.31,-4.34,0.32,6.855,-0.0267,-0.01247,0.0,0.0,-0.49258,0.47338,6.97,6.58,6.95,6.92
3088,51.4667,7.0,58.934,-0.032,1.2334,-0.26,-4.39,0.36,6.814,-0.02395,-0.00662,0.0,0.0,-0.49524,0.4788,6.99,6.88,6.92,6.46
3089,51.4833,7.0,58.95,-0.032,1.2331,-0.37,-4.36,0.37,6.541,-0.02208,0.00229,0.0,0.0,-0.4961,0.48153,6.85,5.51,6.12,7.69
3090,51.5,7.0,58.965,-0.032,1.2333,-0.27,-4.35,0.42,6.789,-0.02317,0.01107,0.0,0.0,-0.49897,0.48331,6.88,6.45,6.86,6.97
3091,51.5167,7.0,58.981,-0.033,1.2323,-0.12,-4.37,0.49,5.389,-0.02363,0.0151,0.0,0.0,-0.50035,0.48423,2.3,8.44,7.07,3.74
3092,51.5333,7.0,58.997,-0.034,1.2326,-0.24,-4.36,0.49,7.002,-0.01899,0.01997,0.0,0.0,-0.50002,0.48854,7.57,6.91,6.86,6.67
3093,51.55,7.0,59.013,-0.034,1.2327,-0.25,-4.32,0.49,7.013,-0.0157,0.02805,0.0,0.0,-0.49988,0.49168,7.1,7.21,6.79,6.96
3094,51.5667,7.0,59.029,-0.035,1.2326,-0.15,-4.32,0.51,6.583,-0.01581,0.03588,0.0,0.0,-0.5002,0.49189,5.83,6.61,6.94,6.95
3095,51.5833,7.0,59.045,-0.036,1.2318,-0.04,-4.41,0.48,6.966,-0.00808,0.0479,0.0,0.0,-0.49778,0.49721,7.29,7.18,6.92,6.48
3096,51.6,7.0,59.06,-0.037,1.2318,-0.05,-4.36,0.45,5.685,-0.0043,0.06044,0.0,0.0,-0.49721,0.50042,6.78,3.12,6.28,6.56
3097,51.6167,7.0,59.076,-0.038,1.2322,0.09,-4.39,0.47,6.96,-0.00831,0.06847,0.0,0.0,-0.49984,0.49903,6.92,6.62,6.63,7.68
3098,51.6333,7.0,59.091,-0.038,1.2325,0.05,-4.18,0.46,4.613,-0.00545,0.07895,0.0,0.0,-0.49918,0.50124,0.02,7.0,7.03,4.41
3099,51.65,7.0,59.099,-0.039,1.2378,-0.15,-3.67,0.19,5.246,-0.00772,0.08106,0.0,0.0,-0.49671,0.49649,-0.65,6.5,6.88,8.25
3100,51.6667,7.0,59.108,-0.041,1.2421,-0.63,-3.27,0.08,1.872,-0.00589,0.08142,0.0,0.0,-0.49202,0.49363,-6.93,6.52,6.8,1.1
3101,51.6833,7.0,59.115,-0.043,1.2474,-1.08,-2.99,0.22,11.982,-0.00607,0.08167,0.0,0.0,-0.49055,0.49199,22.83,6.76,7.19,11.16
3102,51.7,7.0,59.123,-0.045,1.2519,-1.65,-2.84,0.4,6.592,-0.00326,0.07683,0.0,0.0,-0.48832,0.49257,6.67,6.69,6.99,6.02
3103,51.7167,7.0,59.131,-0.047,1.2547,-2.23,-2.76,0.56,6.749,-0.00281,0.06914,0.0,0.0,-0.48832,0.49302,6.72,6.59,6.87,6.82
3104,51.7333,7.0,59.139,-0.05,1.2562,-2.89,-2.6,0.69,4.735,0.00699,0.07658,-0.0,-0.0,-0.48404,0.49854,0.3,6.49,7.03,5.13
3105,51.75,7.0,59.148,-0.05,1.261,-3.11,-2.48,0.75,9.094,0.00868,0.08192,-0.0,-0.0,-0.48101,0.4972,7.77,15.83,6.45,6.32
3106,51.7667,7.0,59.157,-0.049,1.2643,-3.18,-2.24,0.82,6.911,0.00623,0.08645,-0.0,-0.0,-0.47996,0.4937,7.59,2.53,6.65,10.87
3107,51.7833,7.0,59.168,-0.048,1.2669,-3.17,-1.89,0.86,6.846,0.00289,0.0851,-0.0,-0.0,-0.47758,0.48797,7.15,5.82,6.59,7.82
3108,51.8,7.0,59.179,-0.048,1.2687,-3.13,-1.5,0.89,7.452,0.00263,0.08384,-0.0,-0.0,-0.47329,0.48342,8.27,5.28,7.06,9.2
3109,51.8167,7.0,59.191,-0.048,1.2714,-3.11,-1.28,0.93,6.154,-0.00092,0.07618,0.0,0.0,-0.47167,0.47825,7.6,5.18,6.77,5.05
3110,51.8333,7.0,59.204,-0.048,1.2738,-3.07,-1.1,0.92,9.83,-0.0003,0.06963,0.0,0.0,-0.46933,0.47653,20.98,2.23,6.91,9.21
3111,51.85,7.0,59.219,-0.048,1.2748,-2.97,-0.9,0.89,7.616,0.00124,0.05536,-0.0,-0.0,-0.4669,0.47565,7.66,8.25,7.44,7.11
3112,51.8667,7.0,59.234,-0.048,1.2748,-2.97,-0.71,1.0,8.266,0.00205,0.04189,-0.0,-0.0,-0.46617,0.47573,3.26,11.91,11.45,6.44
3113,51.8833,7.0,59.249,-0.048,1.276,-3.08,-0.75,1.13,6.763,0.00112,0.03161,-0.0,-0.0,-0.47011,0.47873,6.5,6.75,6.95,6.84
3114,51.9,7.0,59.264,-0.048,1.2762,-3.15,-0.86,1.18,7.179,0.006,0.03102,-0.0,-0.0,-0.46775,0.48126,8.8,6.87,6.92,6.12
3115,51.9167,7.0,59.28,-0.048,1.2751,-3.11,-0.78,1.21,7.347,0.00244,0.02709,-0.0,0.0,-0.47084,0.48078,9.87,5.73,6.9,6.88
3116,51.9333,7.0,59.295,-0.048,1.2735,-3.12,-0.58,1.22,6.58,0.00357,0.02846,-0.0,0.0,-0.47348,0.48455,5.86,7.04,6.93,6.49
3117,51.95,7.0,59.311,-0.048,1.2755,-2.99,-0.72,1.26,6.775,0.00217,0.02758,-0.0,0.0,-0.47668,0.48636,6.64,6.98,6.98,6.5
3118,51.9667,7.0,59.328,-0.048,1.2745,-3.05,-0.79,1.2,7.094,0.00246,0.02553,-0.0,0.0,-0.47739,0.48736,6.97,6.99,6.99,7.42
3119,51.9833,7.0,59.344,-0.047,1.2729,-3.0,-0.66,1.17,5.7,0.00142,0.02182,-0.0,0.0,-0.47921,0.48814,2.49,7.93,7.01,5.36
3120,52.0,7.0,59.359,-0.047,1.2743,-2.98,-0.66,1.32,6.804,0.00092,0.019,-0.0,0.0,-0.48247,0.49088,6.56,6.99,6.94,6.73
3121,52.0167,7.0,59.375,-0.047,1.2745,-3.03,-0.73,1.37,6.908,0.00157,0.01215,-0.0,0.0,-0.48336,0.49243,6.97,6.98,6.99,6.69
3122,52.0333,7.0,59.391,-0.046,1.2732,-3.1,-0.8,1.42,6.891,-0.00044,0.00773,0.0,0.0,-0.48502,0.49208,7.17,6.39,7.07,6.94
3123,52.05,7.0,59.407,-0.046,1.2719,-3.18,-0.62,1.43,6.642,0.00221,0.00541,-0.0,0.0,-0.48659,0.4963,5.86,6.87,7.12,6.72
3124,52.0667,7.0,59.422,-0.046,1.2737,-3.18,-0.76,1.48,6.797,0.00047,0.003,-0.0,0.0,-0.4899,0.49787,6.63,6.97,6.91,6.69
3125,52.0833,7.0,59.438,-0.045,1.2728,-3.32,-0.89,1.43,6.261,0.00132,0.00146,-0.0,0.0,-0.49089,0.49971,6.99,4.93,6.86,6.27
3126,52.1,7.0,59.454,-0.044,1.2711,-3.12,-0.7,1.39,5.063,-0.0034,-0.00368,0.0,0.0,-0.4937,0.4978,5.74,5.96,7.18,1.38
3127,52.1167,7.0,59.47,-0.044,1.2723,-3.1,-0.63,1.55,7.239,-0.00608,-0.01043,0.0,0.0,-0.49892,0.50035,7.16,7.19,6.82,7.79
3128,52.1333,7.0,59.486,-0.043,1.2728,-3.08,-0.64,1.52,7.019,-0.00833,-0.01936,0.0,0.0,-0.49993,0.49911,7.23,6.98,6.99,6.88
3129,52.15,7.0,59.502,-0.043,1.2717,-3.17,-0.73,1.5,6.917,-0.00794,-0.02474,0.0,0.0,-0.50024,0.49981,6.83,6.97,6.97,6.91
3130,52.1667,7.0,59.518,-0.042,1.2704,-3.19,-0.73,1.5,6.858,-0.00804,-0.03231,0.0,0.0,-0.5013,0.50077,6.26,6.85,6.89,7.43
3131,52.1833,7.0,59.533,-0.041,1.2702,-3.12,-0.95,1.53,6.925,-0.00767,-0.03681,0.0,0.0,-0.50003,0.49986,6.72,6.97,6.95,7.07
3132,52.2,7.0,59.549,-0.04,1.2697,-2.92,-0.89,1.45,6.943,-0.01273,-0.04684,0.0,0.0,-0.5022,0.49698,7.77,5.35,6.77,7.89
3133,52.2167,7.0,59.564,-0.041,1.2686,-2.63,-0.72,1.51,6.853,-0.01021,-0.04822,0.0,0.0,-0.49983,0.49713,7.91,5.55,6.96,6.99
3134,52.2333,7.0,59.58,-0.042,1.267,-2.17,-0.8,1.59,6.731,-0.00971,-0.04617,0.0,0.0,-0.50187,0.49966,7.42,6.63,6.89,5.98
3135,52.25,7.0,59.595,-0.043,1.2655,-1.7,-0.93,1.49,7.049,-0.00786,-0.04015,0.0,0.0,-0.50039,0.50003,7.4,7.19,6.87,6.73
3136,52.2667,7.0,59.611,-0.045,1.2637,-1.19,-0.84,1.38,6.932,-0.00814,-0.03554,0.0,0.0,-0.50098,0.50034,8.41,6.14,6.9,6.28
3137,52.2833,7.0,59.626,-0.048,1.2608,-0.55,-0.72,1.24,6.879,-0.00727,-0.03049,0.0,0.0,-0.49984,0.50008,4.56,8.03,6.99,7.94
3138,52.3,7.0,59.636,-0.051,1.2654,-0.18,-0.05,1.14,5.323,-0.0073,-0.02644,0.0,0.0,-0.49605,0.49626,4.4,5.98,6.61,4.3
3139,52.3167,7.0,59.647,-0.054,1.27,-0.21,0.35,1.26,5.813,-0.00634,-0.0167,0.0,0.0,-0.49365,0.49482,4.05,6.66,6.76,5.78
3140,52.3333,7.0,59.659,-0.058,1.2734,-0.45,0.63,1.44,7.849,-0.00456,-0.00888,0.0,0.0,-0.49324,0.49619,8.38,6.95,6.99,9.07
3141,52.35,7.0,59.67,-0.061,1.2752,-0.8,0.96,1.6,7.573,0.00155,0.00377,-0.0,0.0,-0.49172,0.50078,10.37,6.91,7.0,6.01
3142,52.3667,7.0,59.683,-0.063,1.2783,-0.84,1.21,1.72,7.381,0.00085,0.01228,-0.0,0.0,-0.49181,0.50016,9.94,6.98,7.15,5.44
3143,52.3833,7.0,59.697,-0.064,1.281,-0.95,1.34,1.78,6.573,0.00175,0.02098,-0.0,0.0,-0.49099,0.50025,6.74,6.95,6.97,5.63
3144,52.4,7.0,59.711,-0.064,1.2826,-1.1,1.49,1.84,7.81,0.00224,0.02825,-0.0,0.0,-0.49039,0.50013,11.31,7.14,7.15,5.65
3145,52.4167,7.0,59.727,-0.063,1.2825,-1.27,1.67,1.83,5.706,0.00476,0.03727,-0.0,-0.0,-0.48804,0.50031,2.96,6.86,6.89,6.11
3146,52.4333,7.0,59.742,-0.062,1.2844,-1.27,1.59,2.02,6.81,0.00178,0.04114,-0.0,-0.0,-0.49091,0.50019,6.66,6.92,6.99,6.66
3147,52.45,7.0,59.758,-0.061,1.2839,-1.31,1.53,2.07,6.702,0.0004,0.0413,-0.0,-0.0,-0.49226,0.50016,6.41,7.01,6.91,6.48
3148,52.4667,7.0,59.775,-0.059,1.282,-1.42,1.46,2.09,6.092,0.00106,0.03584,-0.0,-0.0,-0.49232,0.50088,4.73,6.79,6.93,5.93
3149,52.4833,7.0,59.79,-0.058,1.2822,-1.63,1.61,2.04,6.693,-0.00163,0.02899,0.0,0.0,-0.49342,0.49929,6.45,6.92,6.94,6.46
3150,52.5,7.0,59.807,-0.056,1.2811,-1.95,1.64,1.96,6.967,-0.00167,0.02199,0.0,0.0,-0.49423,0.50006,7.14,6.89,6.98,6.85
3151,52.5167,7.0,59.823,-0.055,1.2783,-2.34,1.64,1.88,6.934,-0.00178,0.01521,0.0,0.0,-0.49435,0.50007,7.17,6.94,6.94,6.69
3152,52.5333,7.0,59.839,-0.053,1.2749,-2.85,1.8,1.74,6.842,-0.00427,0.00409,0.0,0.0,-0.49626,0.49949,7.34,6.88,6.83,6.31
3153,52.55,7.0,59.855,-0.052,1.2716,-3.45,2.03,1.57,6.405,-0.00367,-0.00201,0.0,0.0,-0.49631,0.50014,6.64,6.83,6.74,5.41
3154,52.5667,7.0,59.872,-0.05,1.2698,-3.77,2.08,1.52,6.831,-0.00957,-0.01202,0.0,0.0,-0.50069,0.49862,6.95,6.73,6.7,6.95
3155,52.5833,7.0,59.888,-0.048,1.2675,-4.08,1.9,1.49,6.304,-0.00747,-0.01935,0.0,0.0,-0.49974,0.49977,4.87,7.0,6.91,6.44
3156,52.6,7.0,59.903,-0.045,1.2693,-4.32,1.79,1.68,6.84,-0.00652,-0.02206,0.0,0.0,-0.49875,0.49973,6.51,6.85,7.06,6.94
3157,52.6167,7.0,59.918,-0.043,1.2698,-4.55,1.68,1.79,6.934,-0.00783,-0.02574,0.0,0.0,-0.50013,0.49981,7.73,5.93,6.96,7.12
3158,52.6333,7.0,59.933,-0.041,1.2691,-4.63,1.63,1.8,10.661,-0.00879,-0.02987,0.0,0.0,-0.5011,0.49981,10.74,15.92,7.13,8.85
3159,52.65,7.0,59.948,-0.039,1.2678,-4.57,1.72,1.87,6.635,-0.01192,-0.03416,0.0,0.0,-0.50328,0.49886,8.36,5.53,6.92,5.73
3160,52.6667,7.0,59.963,-0.039,1.2698,-4.37,1.76,2.01,6.864,-0.00755,-0.03405,0.0,0.0,-0.50007,0.50003,6.91,6.92,6.93,6.69
3161,52.6833,7.0,59.977,-0.038,1.2697,-4.27,1.8,2.12,6.659,-0.0077,-0.02804,0.0,0.0,-0.50034,0.50014,6.82,6.98,6.96,5.87
3162,52.7,7.0,59.993,-0.038,1.268,-4.27,1.81,2.23,7.273,-0.00752,-0.02472,0.0,0.0,-0.50002,0.50001,7.77,6.99,6.97,7.36
3163,52.7167,7.0,60.007,-0.037,1.2692,-4.27,1.8,2.37,7.067,-0.00758,-0.02284,0.0,0.0,-0.49909,0.49901,7.22,7.02,6.97,7.06
3164,52.7333,7.0,60.022,-0.036,1.27,-4.4,1.73,2.45,6.981,-0.00731,-0.01957,0.0,0.0,-0.50003,0.50022,7.14,6.96,7.01,6.81
3165,52.75,7.0,60.037,-0.035,1.2695,-4.5,1.68,2.41,6.471,-0.00761,-0.016,0.0,0.0,-0.49998,0.49988,6.04,7.03,6.99,5.82
3166,52.7667,7.0,60.052,-0.033,1.2678,-4.46,1.74,2.36,4.123,-0.00909,-0.01117,0.0,0.0,-0.50125,0.49967,3.73,6.59,6.86,-0.69
3167,52.7833,7.0,60.067,-0.033,1.2697,-4.45,1.71,2.43,6.672,-0.00668,-0.00893,0.0,0.0,-0.49828,0.49911,6.37,6.8,6.95,6.57
3168,52.8,7.0,60.083,-0.032,1.2699,-4.49,1.68,2.47,6.871,-0.00635,-0.00646,0.0,0.0,-0.49909,0.50025,7.01,6.98,6.96,6.53
3169,52.8167,7.0,60.099,-0.032,1.2685,-4.6,1.61,2.5,7.059,-0.0055,-0.00361,0.0,0.0,-0.4983,0.5003,6.93,7.44,6.95,6.91
3170,52.8333,7.0,60.114,-0.031,1.2678,-4.37,1.81,2.55,6.483,-0.01046,-0.00613,0.0,0.0,-0.5017,0.49874,6.38,5.98,6.76,6.82
3171,52.85,7.0,60.13,-0.03,1.2696,-4.36,1.77,2.73,7.005,-0.00638,-0.00443,0.0,0.0,-0.49935,0.50048,7.57,6.91,6.85,6.69
3172,52.8667,7.0,60.145,-0.03,1.2697,-4.3,1.78,2.78,6.622,-0.00766,-0.00395,0.0,0.0,-0.4999,0.49975,6.36,7.07,7.02,6.03
3173,52.8833,7.0,60.161,-0.029,1.2681,-4.35,1.73,2.76,5.684,-0.00752,-0.00186,0.0,0.0,-0.50007,0.50005,6.66,2.32,6.86,6.9
3174,52.9,7.0,60.177,-0.028,1.2675,-4.45,1.96,2.65,6.673,-0.0077,-0.00269,0.0,0.0,-0.4998,0.49961,6.15,6.77,7.02,6.74
3175,52.9167,7.0,60.193,-0.028,1.2703,-4.4,1.7,2.57,6.299,-0.0029,0.00118,0.0,0.0,-0.49561,0.50021,5.14,6.83,6.95,6.28
3176,52.9333,7.0,60.209,-0.028,1.2693,-4.43,1.63,2.49,6.587,-0.00276,0.00385,0.0,0.0,-0.49549,0.50023,6.89,4.85,6.86,7.74
3177,52.95,7.0,60.225,-0.027,1.2673,-4.16,1.8,2.44,4.784,-0.00893,0.00496,0.0,0.0,-0.50087,0.49944,6.01,6.98,7.38,-1.24
3178,52.9667,7.0,60.241,-0.027,1.2678,-3.97,1.69,2.59,6.927,-0.00839,0.00229,0.0,0.0,-0.50002,0.49914,7.13,6.96,6.87,6.75
3179,52.9833,7.0,60.257,-0.028,1.2669,-3.75,1.65,2.57,6.668,-0.0075,0.00218,0.0,0.0,-0.5,0.50001,6.16,6.95,6.96,6.6
3180,53.0,7.0,60.274,-0.027,1.2647,-3.45,1.7,2.48,7.696,-0.0097,-0.00032,0.0,0.0,-0.50098,0.49878,8.13,6.02,7.1,9.53
3181,53.0167,7.0,60.29,-0.029,1.2629,-3.0,1.85,2.29,6.716,-0.01011,-0.00277,0.0,0.0,-0.50093,0.49832,6.37,7.12,6.65,6.72
3182,53.0333,7.0,60.306,-0.031,1.2606,-2.62,1.95,2.21,6.778,-0.00882,-0.00852,0.0,0.0,-0.50002,0.49871,6.79,6.59,6.93,6.79
3183,53.05,7.0,60.322,-0.033,1.256,-2.05,2.06,2.03,7.028,-0.00925,-0.01418,0.0,0.0,-0.50143,0.49968,6.83,4.7,7.06,9.52
3184,53.0667,7.0,60.337,-0.036,1.2511,-1.32,2.56,2.02,6.219,-0.0074,-0.0109,0.0,0.0,-0.49966,0.49977,6.74,4.78,6.59,6.77
3185,53.0833,7.0,60.354,-0.038,1.2445,-0.55,3.04,2.0,6.281,-0.00819,-0.0094,0.0,0.0,-0.50118,0.50049,6.88,5.27,6.61,6.36
3186,53.1,7.0,60.37,-0.041,1.2368,0.03,3.65,1.77,6.373,-0.00489,-0.00559,0.0,0.0,-0.49771,0.50032,6.73,6.41,6.59,5.76
3187,53.1167,7.0,60.387,-0.043,1.2288,0.24,4.51,1.43,8.004,-0.00906,-0.00426,0.0,0.0,-0.50032,0.49877,6.65,5.89,6.66,12.82
3188,53.1333,7.0,60.403,-0.044,1.2223,0.36,5.66,1.37,7.902,-0.00585,0.00063,0.0,0.0,-0.49894,0.50059,13.6,5.97,8.42,3.62
3189,53.15,7.0,60.417,-0.043,1.2225,0.06,5.56,1.28,7.843,-0.00224,0.00732,0.0,0.0,-0.49455,0.49981,7.17,5.31,6.7,12.2
3190,53.1667,7.0,60.432,-0.042,1.2214,-0.23,5.55,1.03,5.48,-0.00584,0.00995,0.0,0.0,-0.49779,0.49945,1.82,6.07,7.24,6.79
3191,53.1833,7.0,60.447,-0.04,1.2219,0.04,5.58,0.95,6.531,-0.0097,0.0064,0.0,0.0,-0.50093,0.49874,7.91,6.84,6.18,5.19
3192,53.2,7.0,60.462,-0.04,1.2224,0.04,5.59,0.97,6.38,-0.00619,0.00769,0.0,0.0,-0.49889,0.5002,5.99,6.28,6.87,6.38
3193,53.2167,7.0,60.478,-0.04,1.2217,-0.08,5.55,0.93,5.733,-0.00426,0.00742,0.0,0.0,-0.49724,0.50049,6.67,2.41,5.58,8.27
3194,53.2333,7.0,60.493,-0.039,1.2217,-0.0,5.48,0.8,6.688,-0.00771,0.00792,0.0,0.0,-0.50023,0.50002,6.84,5.94,7.03,6.94
3195,53.25,7.0,60.508,-0.038,1.2221,0.04,5.58,0.8,6.769,-0.00802,0.00474,0.0,0.0,-0.50036,0.49984,6.51,7.14,6.95,6.47
3196,53.2667,7.0,60.524,-0.038,1.222,0.01,5.6,0.78,7.491,-0.00518,0.00114,0.0,0.0,-0.49806,0.50038,9.61,6.45,5.92,7.98
3197,53.2833,7.0,60.54,-0.037,1.2215,-0.07,5.46,0.67,7.502,-0.00742,-0.00061,0.0,0.0,-0.49964,0.49973,6.94,6.96,7.56,8.54
3198,53.3,7.0,60.556,-0.037,1.222,0.04,5.59,0.54,6.229,-0.00715,0.00209,0.0,0.0,-0.49887,0.49923,5.1,6.87,5.97,6.98
3199,53.3167,7.0,60.572,-0.037,1.2223,0.17,5.65,0.55,6.607,-0.00458,0.00349,0.0,0.0,-0.49732,0.50025,5.74,6.94,7.03,6.73
3200,53.3333,7.0,60.588,-0.037,1.2219,-0.04,5.55,0.44,6.913,-0.00392,0.00342,0.0,0.0,-0.49647,0.50005,6.9,6.19,6.79,7.77
3201,53.35,7.0,60.604,-0.036,1.2219,0.03,5.47,0.3,6.661,-0.00787,0.00284,0.0,0.0,-0.49984,0.49947,6.83,5.89,6.94,6.97
3202,53.3667,7.0,60.619,-0.035,1.2221,0.05,5.58,0.3,6.727,-0.00856,0.00195,0.0,0.0,-0.50033,0.49927,6.15,7.2,7.01,6.56
3203,53.3833,7.0,60.635,-0.035,1.2218,-0.02,5.61,0.31,7.953,-0.00802,-0.0012,0.0,0.0,-0.50048,0.49996,9.01,7.62,6.35,8.84
3204,53.4,7.0,60.651,-0.034,1.2214,-0.08,5.46,0.27,6.692,-0.00729,-0.00093,0.0,0.0,-0.49982,0.50003,6.73,6.06,6.42,7.55
3205,53.4167,7.0,60.667,-0.034,1.2211,0.06,5.46,0.16,7.537,-0.00705,-0.00072,0.0,0.0,-0.49951,0.49997,7.23,7.48,8.46,6.97
3206,53.4333,7.0,60.682,-0.034,1.2199,0.21,5.39,0.21,6.356,-0.0061,-0.00219,0.0,0.0,-0.49933,0.50074,6.95,7.07,4.11,7.3
3207,53.45,7.0,60.698,-0.034,1.2193,0.08,5.08,0.14,7.156,-0.00842,-0.00656,0.0,0.0,-0.49987,0.49895,6.96,7.25,7.51,6.89
3208,53.4667,7.0,60.713,-0.035,1.2171,-0.11,4.82,0.1,6.814,-0.00857,-0.00649,0.0,0.0,-0.50045,0.49939,6.92,6.44,6.95,6.95
3209,53.4833,7.0,60.728,-0.036,1.2137,-0.05,4.4,0.22,6.961,-0.0085,-0.00564,0.0,0.0,-0.50052,0.49953,7.01,6.9,6.96,6.97
3210,53.5,7.0,60.743,-0.037,1.2096,0.02,3.93,0.27,5.781,-0.00489,-0.00175,0.0,0.0,-0.49737,0.49999,5.86,6.9,5.17,5.2
3211,53.5167,7.0,60.757,-0.038,1.2094,0.02,3.79,0.19,6.624,-0.0037,0.00215,0.0,0.0,-0.49596,0.49976,6.95,6.05,7.69,5.81
3212,53.5333,7.0,60.772,-0.038,1.2077,0.02,3.67,0.06,6.549,-0.00324,0.00581,0.0,0.0,-0.49637,0.50063,7.04,7.09,6.08,5.99
3213,53.55,7.0,60.788,-0.039,1.2087,0.1,4.06,0.03,7.326,-0.00412,0.00715,0.0,0.0,-0.49826,0.50164,4.64,7.75,10.73,6.19
3214,53.5667,7.0,60.805,-0.039,1.208,0.14,4.22,-0.04,6.777,-0.00637,0.0084,0.0,0.0,-0.49835,0.49948,6.56,6.93,6.86,6.76
3215,53.5833,7.0,60.822,-0.039,1.2052,0.07,4.34,-0.05,6.18,-0.00688,0.00912,0.0,0.0,-0.49834,0.49896,6.63,4.56,6.85,6.69
3216,53.6,7.0,60.839,-0.039,1.2028,0.08,4.79,-0.12,6.678,-0.00897,0.00754,0.0,0.0,-0.50089,0.49943,7.36,5.94,6.98,6.43
3217,53.6167,7.0,60.857,-0.04,1.1991,-0.04,5.27,-0.23,6.622,-0.00854,0.00288,0.0,0.0,-0.50113,0.50009,7.17,5.2,6.84,7.28
3218,53.6333,7.0,60.875,-0.041,1.1939,-0.08,5.75,-0.35,8.03,-0.00698,-0.00083,0.0,0.0,-0.49858,0.4991,6.45,6.47,6.89,12.31
3219,53.65,7.0,60.893,-0.041,1.1876,0.47,6.48,-0.37,5.298,-0.00706,-0.00466,0.0,0.0,-0.50035,0.50079,6.82,5.66,1.91,6.8
3220,53.6667,7.0,60.911,-0.04,1.1827,0.62,7.62,-0.03,7.25,-0.0089,-0.00902,0.0,0.0,-0.49998,0.49858,6.79,6.74,8.98,6.5
3221,53.6833,7.0,60.928,-0.037,1.1759,0.88,8.54,0.37,6.313,-0.00736,-0.00896,0.0,0.0,-0.50004,0.50018,6.2,6.16,6.85,6.04
3222,53.7,7.0,60.946,-0.036,1.1684,0.42,9.07,0.49,6.512,-0.00483,-0.00577,0.0,0.0,-0.49761,0.50029,6.04,6.0,7.9,6.12
3223,53.7167,7.0,60.962,-0.033,1.1677,0.19,9.23,0.55,6.51,-0.0041,-7e-05,0.0,0.0,-0.49637,0.49978,6.0,6.77,6.61,6.65
3224,53.7333,7.0,60.979,-0.031,1.1679,-0.15,9.06,0.46,6.92,-0.00499,0.00359,0.0,0.0,-0.49636,0.49887,6.91,6.9,6.88,7.0
3225,53.75,7.0,60.995,-0.028,1.1672,-0.33,8.89,0.59,7.259,-0.0091,0.00097,0.0,0.0,-0.49815,0.49655,6.79,6.93,7.01,8.31
3226,53.7667,7.0,61.011,-0.027,1.1679,-0.12,9.22,0.85,5.346,-0.0114,-0.0036,0.0,0.0,-0.49677,0.49287,6.87,5.95,1.18,7.38
3227,53.7833,7.0,61.027,-0.026,1.1686,-0.31,9.18,0.58,6.905,-0.00962,-0.00391,0.0,0.0,-0.49582,0.4937,6.81,7.0,6.97,6.84
3228,53.8,7.0,61.043,-0.025,1.1677,-0.46,9.17,0.33,6.54,-0.01096,-0.00714,0.0,0.0,-0.49881,0.49535,6.88,6.75,5.5,7.03
3229,53.8167,7.0,61.059,-0.024,1.1681,-0.12,9.18,0.29,6.962,-0.01275,-0.01442,0.0,0.0,-0.5001,0.49486,6.37,7.43,7.01,7.03
3230,53.8333,7.0,61.075,-0.024,1.1682,-0.11,9.17,0.12,7.215,-0.00832,-0.01703,0.0,0.0,-0.49825,0.49744,7.07,7.81,7.04,6.94
3231,53.85,7.0,61.091,-0.024,1.1676,-0.2,9.04,-0.03,6.876,-0.00893,-0.01904,0.0,0.0,-0.50016,0.49873,6.98,6.99,6.79,6.74
3232,53.8667,7.0,61.107,-0.024,1.1669,-0.13,8.93,0.05,5.81,-0.01,-0.01768,0.0,0.0,-0.50004,0.49755,5.2,5.83,7.05,5.16
3233,53.8833,7.0,61.123,-0.024,1.1677,-0.03,9.14,0.06,7.017,-0.0095,-0.01361,0.0,0.0,-0.49916,0.49716,6.36,6.29,7.22,8.19
3234,53.9,7.0,61.139,-0.024,1.1676,-0.18,9.1,-0.06,7.126,-0.00474,-0.00695,0.0,0.0,-0.49731,0.50007,6.84,7.07,7.94,6.66
3235,53.9167,7.0,61.156,-0.024,1.1666,-0.39,9.0,-0.06,5.96,-0.00385,0.00119,0.0,0.0,-0.49364,0.4973,6.68,4.33,5.78,7.05
3236,53.9333,7.0,61.171,-0.023,1.1668,-0.23,8.96,0.15,6.427,-0.00264,0.01144,0.0,0.0,-0.49081,0.49567,6.26,5.94,7.01,6.5
3237,53.95,7.0,61.188,-0.022,1.1663,-0.31,8.95,0.1,7.674,-0.00149,0.01709,0.0,0.0,-0.49024,0.49625,7.12,7.42,9.1,7.06
3238,53.9667,7.0,61.204,-0.021,1.1649,-0.44,8.78,0.02,6.976,-0.00208,0.02208,0.0,0.0,-0.49285,0.49828,6.98,6.97,6.98,6.98
3239,53.9833,7.0,61.219,-0.02,1.1628,-0.36,8.45,0.08,7.15,-0.00302,0.02661,0.0,0.0,-0.49323,0.49771,7.72,6.98,6.94,6.96
3240,54.0,7.0,61.235,-0.019,1.1584,-0.2,8.03,0.14,7.009,-0.00285,0.03025,0.0,0.0,-0.49325,0.4979,6.83,6.87,5.36,8.98
3241,54.0167,7.0,61.249,-0.018,1.154,-0.55,7.41,-0.06,5.787,0.00218,0.03374,-0.0,-0.0,-0.49067,0.50035,3.95,7.25,6.42,5.52
3242,54.0333,7.0,61.263,-0.017,1.1481,-0.9,6.74,-0.2,6.756,0.0022,0.03591,-0.0,-0.0,-0.49041,0.50011,6.51,6.57,7.18,6.76
3243,54.05,7.0,61.276,-0.015,1.1424,-0.56,5.64,-0.14,6.996,-0.00249,0.03175,0.0,0.0,-0.49446,0.49947,8.08,6.54,6.59,6.78
3244,54.0667,7.0,61.288,-0.014,1.1371,-0.55,5.28,0.09,4.932,-0.01344,0.01565,0.0,0.0,-0.50163,0.49569,3.28,3.44,6.8,6.2
3245,54.0833,7.0,61.302,-0.014,1.1363,-0.47,5.41,0.33,6.31,-0.00801,0.00767,0.0,0.0,-0.49762,0.49711,6.79,6.25,6.99,5.21
3246,54.1,7.0,61.317,-0.014,1.1338,-0.48,5.52,0.51,6.645,-0.00307,0.0067,0.0,0.0,-0.49508,0.49951,6.94,7.06,6.98,5.6
3247,54.1167,7.0,61.332,-0.013,1.1319,-0.21,5.71,0.57,6.612,-0.00537,0.0033,0.0,0.0,-0.49694,0.49907,6.96,6.2,6.37,6.92
3248,54.1333,7.0,61.348,-0.012,1.1299,-0.36,6.22,0.59,7.124,-0.00283,-0.00224,0.0,0.0,-0.49538,0.50005,7.03,8.21,6.97,6.28
3249,54.15,7.0,61.365,-0.011,1.1258,-0.54,6.63,0.58,6.83,-0.00254,-0.00685,0.0,0.0,-0.4951,0.50006,6.9,6.94,6.93,6.55
3250,54.1667,7.0,61.382,-0.01,1.1198,-0.79,7.01,0.55,5.666,-0.00337,-0.00693,0.0,0.0,-0.49561,0.49974,6.87,6.12,6.89,2.79
3251,54.1833,7.0,61.4,-0.009,1.1148,-0.67,7.97,0.55,6.351,-0.00538,0.00219,0.0,0.0,-0.49401,0.49613,6.84,5.7,6.95,5.91
3252,54.2,7.0,61.419,-0.008,1.1082,-0.77,8.77,0.5,6.354,-0.00313,0.00695,0.0,0.0,-0.49302,0.4974,6.53,6.17,6.67,6.05
3253,54.2167,7.0,61.439,-0.008,1.1014,-1.01,9.33,0.37,7.384,-0.00091,0.00833,0.0,0.0,-0.49319,0.49979,6.53,9.93,6.43,6.65
3254,54.2333,7.0,61.459,-0.006,1.1006,-0.76,9.58,0.27,6.718,-0.00507,0.00765,0.0,0.0,-0.49545,0.49788,7.75,6.88,7.68,4.56
3255,54.25,7.0,61.477,-0.004,1.1036,-1.18,9.32,0.26,6.0,-0.00292,0.00664,0.0,0.0,-0.49082,0.4954,6.58,8.1,2.51,6.81
3256,54.2667,7.0,61.495,-0.003,1.1018,-1.3,9.23,0.31,7.755,-0.00446,0.00387,0.0,0.0,-0.49198,0.49503,7.39,7.08,6.49,10.07
3257,54.2833,7.0,61.512,-0.001,1.1023,-1.39,9.42,0.17,7.19,-0.00417,0.00259,0.0,0.0,-0.49142,0.49476,7.12,6.86,7.79,7.0
3258,54.3,7.0,61.529,0.001,1.1021,-1.57,9.39,0.02,6.953,-0.00294,0.00479,0.0,0.0,-0.4931,0.49767,6.97,6.91,6.98,6.95
3259,54.3167,7.0,61.545,0.003,1.1011,-1.54,9.21,0.04,7.255,-0.00633,0.00093,0.0,0.0,-0.49423,0.49541,5.8,6.96,7.01,9.25
3260,54.3333,7.0,61.561,0.004,1.0998,-1.64,9.05,0.23,5.648,-0.00557,-0.00397,0.0,0.0,-0.49343,0.49536,6.63,4.45,6.14,5.37
3261,54.35,7.0,61.577,0.006,1.1007,-1.66,9.34,0.04,6.727,-0.00478,-0.0032,0.0,0.0,-0.4928,0.49552,6.85,6.87,6.44,6.74
3262,54.3667,7.0,61.593,0.007,1.1005,-1.79,9.24,0.03,7.685,-0.00235,-0.00223,0.0,0.0,-0.49027,0.49542,6.72,8.43,7.43,8.16
3263,54.3833,7.0,61.609,0.009,1.0995,-1.93,9.14,0.16,7.029,-0.00529,-0.00282,0.0,0.0,-0.49217,0.49439,6.7,6.94,6.98,7.5
3264,54.4,7.0,61.625,0.01,1.0986,-1.81,9.4,0.26,6.041,-0.00689,-0.00528,0.0,0.0,-0.49029,0.49091,7.05,5.5,6.79,4.82
3265,54.4167,7.0,61.641,0.012,1.0998,-2.1,9.36,0.11,6.873,-0.0012,-0.00285,0.0,0.0,-0.489,0.49531,6.91,6.98,6.66,6.95
3266,54.4333,7.0,61.657,0.014,1.0984,-2.15,9.22,0.07,6.84,-0.00224,0.00169,0.0,0.0,-0.48931,0.49457,5.89,6.86,6.41,8.2
3267,54.45,7.0,61.673,0.016,1.0966,-2.26,9.19,0.15,6.778,-0.00306,0.00407,0.0,0.0,-0.48989,0.49434,6.9,6.42,6.9,6.9
3268,54.4667,7.0,61.689,0.017,1.0964,-2.44,9.18,-0.06,6.921,-0.00297,0.00544,0.0,0.0,-0.49217,0.4967,6.93,7.24,6.48,7.04
3269,54.4833,7.0,61.705,0.019,1.0954,-2.38,8.84,-0.06,7.127,-0.0032,0.00392,0.0,0.0,-0.49253,0.49684,7.63,6.93,6.97,6.98
3270,54.5,7.0,61.721,0.022,1.0919,-2.34,8.46,-0.04,7.284,-0.00326,0.00554,0.0,0.0,-0.49237,0.49661,6.95,6.95,6.94,8.29
3271,54.5167,7.0,61.736,0.023,1.0868,-2.64,8.06,-0.17,7.851,0.00029,0.01225,-0.0,0.0,-0.49071,0.49851,7.39,6.89,9.13,8.0
3272,54.5333,7.0,61.75,0.026,1.0829,-2.62,7.4,-0.13,4.199,-0.00171,0.01026,0.0,0.0,-0.4927,0.49849,8.48,6.93,11.27,-9.88
3273,54.55,7.0,61.763,0.028,1.0774,-2.75,6.64,-0.2,6.114,-0.00097,0.01033,0.0,0.0,-0.49283,0.49936,6.14,6.34,6.45,5.52
3274,54.5667,7.0,61.776,0.031,1.0701,-2.85,5.95,-0.26,7.305,-0.00369,0.00845,0.0,0.0,-0.49444,0.49826,8.89,6.57,6.98,6.79
3275,54.5833,7.0,61.788,0.033,1.0617,-2.94,5.04,-0.39,6.973,-0.00718,0.0031,0.0,0.0,-0.49839,0.49871,6.97,6.49,7.8,6.63
3276,54.6,7.0,61.8,0.035,1.0522,-3.02,4.05,-0.52,6.777,-0.00801,-0.00222,0.0,0.0,-0.49986,0.49935,7.12,6.37,7.04,6.57
3277,54.6167,7.0,61.814,0.038,1.0524,-3.79,4.14,-0.65,5.332,-0.00924,-0.0081,0.0,0.0,-0.49965,0.49791,5.17,5.32,6.45,4.39
3278,54.6333,7.0,61.828,0.042,1.049,-4.07,4.45,-0.59,6.712,-0.00944,-0.01713,0.0,0.0,-0.49971,0.49778,6.92,6.01,6.96,6.95
3279,54.65,7.0,61.843,0.045,1.0456,-4.13,5.08,-0.53,7.086,-0.0104,-0.02401,0.0,0.0,-0.50064,0.49775,8.9,5.45,7.01,6.98
3280,54.6667,7.0,61.859,0.047,1.0411,-4.22,5.62,-0.49,6.451,-0.00981,-0.03022,0.0,0.0,-0.50005,0.49775,6.16,5.84,6.9,6.9
3281,54.6833,7.0,61.876,0.048,1.0351,-4.41,5.81,-0.62,6.203,-0.00911,-0.03217,0.0,0.0,-0.49941,0.49781,6.86,6.82,6.9,4.22
3282,54.7,7.0,61.893,0.048,1.0342,-4.55,6.11,-0.77,7.413,-0.01239,-0.03366,0.0,0.0,-0.49932,0.49444,8.64,7.76,6.76,6.49
3283,54.7167,7.0,61.909,0.049,1.037,-4.61,5.93,-0.91,6.981,-0.01198,-0.03371,0.0,0.0,-0.49927,0.49479,6.87,7.29,6.86,6.9
3284,54.7333,7.0,61.925,0.05,1.0371,-4.75,5.68,-1.01,7.008,-0.01484,-0.03542,0.0,0.0,-0.50192,0.49458,6.97,7.05,7.01,7.0
3285,54.75,7.0,61.941,0.051,1.0358,-4.76,5.75,-1.05,4.938,-0.01393,-0.03579,0.0,0.0,-0.50073,0.4943,6.98,3.87,7.0,1.9
3286,54.7667,7.0,61.957,0.051,1.0347,-4.74,6.03,-1.13,7.802,-0.01644,-0.03772,0.0,0.0,-0.50107,0.49213,9.04,9.02,6.97,6.18
3287,54.7833,7.0,61.974,0.051,1.0362,-4.95,5.84,-1.45,6.941,-0.01514,-0.03868,0.0,0.0,-0.49945,0.49181,6.66,7.49,6.77,6.85
3288,54.8,7.0,61.99,0.051,1.0354,-4.98,5.81,-1.66,6.505,-0.016,-0.04113,0.0,0.0,-0.4998,0.49131,6.34,5.47,7.11,7.1
3289,54.8167,7.0,62.006,0.051,1.0361,-4.79,5.82,-1.6,6.812,-0.01781,-0.04177,0.0,0.0,-0.49999,0.48968,6.82,6.12,6.8,7.51
3290,54.8333,7.0,62.022,0.05,1.0367,-4.8,5.78,-1.56,6.787,-0.01498,-0.03985,0.0,0.0,-0.49821,0.49073,6.32,7.09,6.93,6.81
3291,54.85,7.0,62.038,0.05,1.0354,-4.82,5.76,-1.46,7.211,-0.01441,-0.03463,0.0,0.0,-0.49745,0.49054,7.05,8.26,7.01,6.52
3292,54.8667,7.0,62.054,0.05,1.0336,-4.82,5.99,-1.41,6.496,-0.01757,-0.03421,0.0,0.0,-0.50021,0.49014,6.06,7.03,6.77,6.13
3293,54.8833,7.0,62.07,0.05,1.0357,-4.74,5.96,-1.34,6.926,-0.01664,-0.03031,0.0,0.0,-0.49844,0.4893,6.6,6.98,6.9,7.22
3294,54.9,7.0,62.087,0.051,1.0352,-4.75,5.93,-1.27,6.968,-0.01634,-0.0279,0.0,0.0,-0.49826,0.48942,6.97,6.98,6.99,6.93
3295,54.9167,7.0,62.103,0.052,1.0328,-4.72,6.01,-1.21,6.084,-0.02011,-0.02878,0.0,0.0,-0.49973,0.48713,6.88,6.11,7.02,4.33
3296,54.9333,7.0,62.119,0.052,1.0327,-4.8,6.23,-1.2,6.723,-0.02,-0.02757,0.0,0.0,-0.50053,0.48804,5.92,7.89,6.67,6.41
3297,54.95,7.0,62.136,0.052,1.0346,-4.69,6.11,-1.05,6.776,-0.01685,-0.02618,0.0,0.0,-0.49824,0.4889,6.47,6.9,6.96,6.77
3298,54.9667,7.0,62.152,0.052,1.0334,-4.74,6.07,-0.97,6.928,-0.01708,-0.02578,0.0,0.0,-0.49798,0.48841,6.89,7.06,6.96,6.8
3299,54.9833,7.0,62.168,0.053,1.0316,-4.85,6.14,-0.96,8.048,-0.01695,-0.02205,0.0,0.0,-0.49878,0.48933,8.63,8.25,6.92,8.38
3300,55.0,7.0,62.185,0.054,1.0316,-4.78,5.95,-0.84,7.208,-0.01717,-0.01995,0.0,0.0,-0.50013,0.49046,7.21,6.72,6.86,8.05
3301,55.0167,7.0,62.2,0.055,1.0297,-4.73,5.8,-0.78,6.948,-0.01651,-0.01773,0.0,0.0,-0.49987,0.49086,6.99,6.99,6.95,6.86
3302,55.0333,7.0,62.216,0.057,1.0262,-4.74,5.59,-0.72,6.521,-0.01644,-0.01183,0.0,0.0,-0.50025,0.49132,4.76,6.99,6.98,7.36
3303,55.05,7.0,62.231,0.057,1.0232,-4.65,4.98,-0.57,7.235,-0.01736,-0.0077,0.0,0.0,-0.50098,0.49113,7.73,7.29,6.97,6.96
3304,55.0667,7.0,62.245,0.057,1.0191,-4.66,4.46,-0.27,6.952,-0.01889,-0.00887,0.0,0.0,-0.50247,0.49109,7.42,7.07,6.7,6.62
3305,55.0833,7.0,62.259,0.056,1.0139,-4.67,3.86,0.09,6.747,-0.01607,-0.00677,0.0,0.0,-0.49949,0.49092,6.83,6.68,6.78,6.7
3306,55.1,7.0,62.273,0.055,1.0068,-4.55,3.15,0.42,7.285,-0.01749,-0.00651,0.0,0.0,-0.50076,0.49078,9.17,6.64,6.7,6.63
3307,55.1167,7.0,62.286,0.053,1.0014,-4.13,2.79,0.63,5.475,-0.02285,-0.01157,0.0,0.0,-0.50582,0.49047,4.73,4.56,6.34,6.27
3308,55.1333,7.0,62.3,0.048,1.0007,-3.67,2.92,0.55,4.046,-0.00947,-0.00294,0.0,0.0,-0.49649,0.49452,0.29,13.22,6.71,-4.04
3309,55.15,7.0,62.314,0.045,1.0028,-2.84,2.8,0.9,6.114,-0.00816,0.00593,0.0,0.0,-0.49864,0.49799,5.8,6.56,6.49,5.59
3310,55.1667,7.0,62.327,0.042,1.0055,-2.31,2.87,1.16,6.161,-0.00596,0.01694,0.0,0.0,-0.49758,0.49912,4.36,6.89,6.83,6.57
3311,55.1833,7.0,62.341,0.04,1.0078,-1.89,2.93,1.36,6.834,-0.0047,0.0295,0.0,0.0,-0.49699,0.4998,7.18,6.91,6.84,6.41
3312,55.2,7.0,62.356,0.039,1.0089,-1.45,2.98,1.45,6.661,-0.00525,0.03709,0.0,0.0,-0.49697,0.49922,6.72,6.98,6.9,6.04
3313,55.2167,7.0,62.371,0.037,1.0089,-1.35,2.8,1.48,6.068,-0.00414,0.04637,0.0,0.0,-0.49612,0.49948,6.36,6.72,6.92,4.27
3314,55.2333,7.0,62.385,0.037,1.0105,-1.25,2.9,1.56,6.822,-0.00571,0.05843,0.0,0.0,-0.49561,0.4974,6.06,7.02,7.04,7.16
3315,55.25,7.0,62.401,0.036,1.0112,-1.2,2.86,1.63,7.046,-0.00318,0.05789,0.0,0.0,-0.49602,0.50034,7.62,6.98,7.03,6.56
3316,55.2667,7.0,62.416,0.036,1.0105,-1.18,2.81,1.66,6.911,-0.00381,0.05541,0.0,0.0,-0.49643,0.50013,6.84,6.96,6.99,6.85
3317,55.2833,7.0,62.431,0.035,1.0094,-1.27,2.82,1.66,6.507,-0.00118,0.05368,0.0,0.0,-0.49431,0.50063,4.85,6.98,7.76,6.43
3318,55.3,7.0,62.447,0.036,1.0109,-1.33,2.82,1.68,6.766,-0.00508,0.04684,0.0,0.0,-0.49731,0.49973,6.4,7.02,7.0,6.64
3319,55.3167,7.0,62.462,0.036,1.0111,-1.43,2.73,1.69,6.733,-0.0046,0.04189,0.0,0.0,-0.49746,0.50036,6.76,6.96,6.98,6.22
3320,55.3333,7.0,62.478,0.037,1.0099,-1.54,2.64,1.71,8.349,-0.00416,0.03684,0.0,0.0,-0.49692,0.50027,11.51,6.9,6.91,8.08
3321,55.35,7.0,62.493,0.038,1.0094,-1.68,2.76,1.7,6.634,-0.00676,0.03133,0.0,0.0,-0.49814,0.49888,7.22,7.14,6.65,5.54
3322,55.3667,7.0,62.507,0.039,1.0106,-1.81,2.62,1.81,6.788,-0.00746,0.02317,0.0,0.0,-0.49994,0.49999,6.71,6.61,6.96,6.86
3323,55.3833,7.0,62.522,0.041,1.0105,-1.9,2.5,1.81,6.816,-0.00795,0.01614,0.0,0.0,-0.50004,0.4996,7.13,7.03,6.92,6.19
3324,55.4,7.0,62.537,0.042,1.0088,-2.07,2.35,1.81,5.771,-0.00731,0.0079,0.0,0.0,-0.50018,0.50037,5.54,6.83,6.95,3.76
3325,55.4167,7.0,62.552,0.044,1.01,-2.29,2.38,1.8,7.213,-0.0087,0.00323,0.0,0.0,-0.50008,0.49888,7.65,7.18,6.95,7.07
3326,55.4333,7.0,62.567,0.045,1.0109,-2.62,2.16,1.77,7.035,-0.00732,5e-05,0.0,0.0,-0.49993,0.50012,7.31,6.98,6.99,6.86
3327,55.45,7.0,62.582,0.047,1.0102,-2.9,1.99,1.66,6.612,-0.0073,-0.00319,0.0,0.0,-0.49998,0.50018,6.96,6.95,6.96,5.59
3328,55.4667,7.0,62.597,0.049,1.0086,-3.04,2.0,1.6,7.059,-0.00849,-0.00459,0.0,0.0,-0.50091,0.49992,8.85,5.82,6.79,6.77
3329,55.4833,7.0,62.612,0.05,1.0105,-3.13,1.92,1.65,6.753,-0.00649,-0.00304,0.0,0.0,-0.49862,0.49963,6.68,6.97,6.95,6.42
3330,55.5,7.0,62.627,0.051,1.0107,-3.26,1.8,1.67,6.712,-0.00587,-0.00054,0.0,0.0,-0.49867,0.50031,6.67,6.99,6.99,6.2
3331,55.5167,7.0,62.642,0.052,1.0095,-3.24,1.8,1.65,6.504,-0.00929,-0.00252,0.0,0.0,-0.50103,0.49924,6.33,5.75,6.96,6.96
3332,55.5333,7.0,62.658,0.053,1.008,-3.05,1.85,1.69,8.325,-0.00999,-0.00354,0.0,0.0,-0.50228,0.49979,8.94,10.11,7.12,7.13
3333,55.55,7.0,62.673,0.053,1.0076,-2.81,1.68,1.79,6.763,-0.00776,-0.00357,0.0,0.0,-0.50041,0.50016,6.68,6.79,6.8,6.78
3334,55.5667,7.0,62.689,0.054,1.0054,-2.66,1.48,1.68,7.123,-0.0076,-0.00345,0.0,0.0,-0.5005,0.5004,8.11,6.96,6.87,6.56
3335,55.5833,7.0,62.704,0.054,1.0019,-2.57,1.23,1.4,6.823,-0.00718,-0.00168,0.0,0.0,-0.49984,0.50017,6.88,6.89,6.96,6.56
3336,55.6,7.0,62.719,0.055,0.9983,-2.23,0.83,1.26,7.583,-0.0084,-0.00344,0.0,0.0,-0.50098,0.50009,10.33,6.94,6.9,6.16
3337,55.6167,7.0,62.734,0.055,0.9944,-2.03,0.27,1.1,7.201,-0.00737,-0.00457,0.0,0.0,-0.49987,0.5,8.23,6.78,6.91,6.88
3338,55.6333,7.0,62.744,0.055,0.9922,-1.42,-0.4,1.51,5.727,-0.0076,-0.00228,0.0,0.0,-0.50148,0.50139,6.39,6.63,6.7,3.19
3339,55.65,7.0,62.75,0.054,0.9963,-0.88,-0.85,1.57,5.466,-0.00736,0.0007,0.0,0.0,-0.4985,0.49864,7.35,6.63,3.55,4.33
3340,55.6667,7.0,62.757,0.055,1.0017,-0.71,-1.17,1.65,7.82,-0.00221,0.00633,0.0,0.0,-0.49438,0.49967,13.23,5.8,6.85,5.39
3341,55.6833,7.0,62.765,0.055,1.0055,-0.59,-1.49,1.72,6.238,0.00183,0.01526,-0.0,0.0,-0.49067,0.5,6.24,6.77,6.92,5.02
3342,55.7,7.0,62.773,0.057,1.009,-0.48,-1.85,1.91,11.704,0.00231,0.02319,-0.0,0.0,-0.49017,0.49998,25.86,6.93,6.88,7.15
3343,55.7167,7.0,62.782,0.059,1.0115,-0.54,-2.32,2.11,6.706,0.00201,0.03111,-0.0,-0.0,-0.49051,0.50003,6.13,6.97,6.97,6.75
3344,55.7333,7.0,62.792,0.061,1.0136,-0.66,-2.8,2.32,5.929,0.00343,0.03848,-0.0,-0.0,-0.49034,0.50127,4.73,6.8,6.51,5.67
3345,55.75,7.0,62.802,0.064,1.0168,-0.86,-3.12,2.43,6.664,0.0017,0.04343,-0.0,-0.0,-0.48991,0.4991,6.4,6.79,6.78,6.68
3346,55.7667,7.0,62.813,0.067,1.019,-1.11,-3.5,2.53,7.669,0.0032,0.04907,-0.0,-0.0,-0.48974,0.50044,10.52,6.62,6.79,6.74
3347,55.7833,7.0,62.825,0.07,1.0199,-1.47,-3.89,2.67,6.576,0.00267,0.04821,-0.0,-0.0,-0.48955,0.49972,5.75,6.84,6.83,6.88
3348,55.8,7.0,62.837,0.073,1.0198,-1.85,-4.37,2.75,6.15,0.00252,0.04314,-0.0,-0.0,-0.49028,0.5003,6.2,6.59,6.53,5.28
3349,55.8167,7.0,62.849,0.077,1.0215,-2.35,-4.6,2.72,6.428,0.00037,0.03597,-0.0,-0.0,-0.49066,0.49853,5.96,6.76,6.85,6.14
3350,55.8333,7.0,62.862,0.081,1.022,-2.94,-4.9,2.66,6.746,0.00193,0.03157,-0.0,-0.0,-0.49082,0.50025,7.46,6.7,6.73,6.08
3351,55.85,7.0,62.875,0.085,1.0211,-3.46,-5.15,2.54,6.515,0.00136,0.02565,-0.0,0.0,-0.4912,0.50006,6.92,6.72,6.74,5.67
3352,55.8667,7.0,62.889,0.09,1.019,-3.9,-5.29,2.52,4.666,-0.00626,0.01439,0.0,0.0,-0.49848,0.49972,2.86,6.32,6.7,2.78
3353,55.8833,7.0,62.904,0.091,1.0222,-3.96,-5.11,2.49,7.024,-0.00657,0.00262,0.0,0.0,-0.4986,0.49953,7.33,6.96,6.9,6.91
3354,55.9,7.0,62.919,0.092,1.0235,-4.18,-5.23,2.34,7.564,-0.00662,-0.00725,0.0,0.0,-0.49834,0.49923,7.2,9.02,7.01,7.03
3355,55.9167,7.0,62.934,0.093,1.0226,-4.34,-5.32,2.24,6.298,-0.00962,-0.01886,0.0,0.0,-0.50104,0.49893,6.96,4.29,6.96,6.99
3356,55.9333,7.0,62.948,0.093,1.0217,-4.15,-5.09,2.15,6.578,-0.01107,-0.02837,0.0,0.0,-0.50209,0.49852,6.03,6.6,6.84,6.84
3357,55.95,7.0,62.963,0.091,1.0221,-3.9,-5.11,2.06,6.789,-0.00906,-0.03627,0.0,0.0,-0.49988,0.49833,6.6,6.75,6.92,6.89
3358,55.9667,7.0,62.979,0.089,1.0211,-3.68,-5.17,2.07,6.882,-0.00943,-0.04302,0.0,0.0,-0.5,0.49808,6.9,6.64,7.0,6.99
3359,55.9833,7.0,62.994,0.088,1.0185,-3.36,-5.09,1.96,6.158,-0.0072,-0.03883,0.0,0.0,-0.50041,0.50071,6.99,5.73,7.0,4.91
3360,56.0,7.0,63.01,0.088,1.0209,-3.16,-4.89,1.84,6.863,-0.00884,-0.0365,0.0,0.0,-0.49947,0.49813,6.72,6.74,6.79,7.2
3361,56.0167,7.0,63.026,0.087,1.0213,-3.04,-4.87,1.73,6.738,-0.00693,-0.03244,0.0,0.0,-0.4998,0.50038,6.96,6.95,6.98,6.07
3362,56.0333,7.0,63.042,0.087,1.02,-3.0,-4.88,1.62,6.886,-0.00754,-0.02641,0.0,0.0,-0.50016,0.50013,6.81,6.96,6.96,6.8
3363,56.05,7.0,63.058,0.087,1.0201,-3.02,-4.83,1.56,7.045,-0.01114,-0.02331,0.0,0.0,-0.50237,0.49873,6.74,7.14,7.02,7.28
3364,56.0667,7.0,63.073,0.087,1.0212,-3.16,-4.91,1.38,6.886,-0.00749,-0.0189,0.0,0.0,-0.49999,0.5,7.14,7.02,6.98,6.4
3365,56.0833,7.0,63.089,0.088,1.021,-3.28,-4.97,1.13,6.658,-0.00727,-0.0144,0.0,0.0,-0.49995,0.50019,7.0,7.01,6.96,5.67
3366,56.1,7.0,63.105,0.088,1.019,-3.48,-5.04,0.91,6.688,-0.00538,-0.0108,0.0,0.0,-0.4986,0.50072,5.5,6.93,6.93,7.39
3367,56.1167,7.0,63.12,0.089,1.0198,-3.36,-5.08,0.88,6.597,-0.00799,-0.00863,0.0,0.0,-0.50051,0.50003,6.56,5.99,6.95,6.89
3368,56.1333,7.0,63.136,0.089,1.0198,-3.35,-5.15,0.85,6.749,-0.00831,-0.00902,0.0,0.0,-0.50081,0.5,6.79,6.39,6.91,6.91
3369,56.15,7.0,63.151,0.088,1.0184,-3.34,-5.22,0.89,6.932,-0.00788,-0.00829,0.0,0.0,-0.50038,0.5,7.35,6.5,6.94,6.94
3370,56.1667,7.0,63.166,0.087,1.018,-2.6,-4.79,0.73,7.243,-0.01056,-0.0067,0.0,0.0,-0.50283,0.49977,7.59,7.73,6.82,6.84
3371,56.1833,7.0,63.181,0.084,1.0197,-1.96,-4.57,0.5,6.318,-0.00652,-0.00489,0.0,0.0,-0.4989,0.49988,5.96,6.18,6.54,6.58
3372,56.2,7.0,63.196,0.081,1.019,-1.29,-4.38,0.27,6.664,-0.00715,-0.00419,0.0,0.0,-0.49961,0.49997,6.9,6.17,6.77,6.81
3373,56.2167,7.0,63.212,0.077,1.0177,-0.91,-4.05,0.16,7.714,-0.00311,-0.00135,0.0,0.0,-0.496,0.50039,10.15,8.02,6.59,6.1
3374,56.2333,7.0,63.22,0.074,1.0233,0.32,-4.03,0.79,5.89,-0.00869,-0.0019,0.0,0.0,-0.50008,0.4989,5.89,7.03,6.85,3.79
3375,56.25,7.0,63.228,0.07,1.0289,1.14,-4.25,1.0,5.538,-0.00606,0.00064,0.0,0.0,-0.49873,0.50017,9.61,6.75,-0.67,6.46
3376,56.2667,7.0,63.236,0.066,1.0355,1.76,-4.79,0.81,7.237,0.0013,0.01001,-0.0,0.0,-0.4884,0.4972,7.76,7.09,6.39,7.71
3377,56.2833,7.0,63.244,0.063,1.0405,2.1,-5.36,0.72,6.619,0.00433,0.02413,-0.0,0.0,-0.48603,0.49787,6.56,6.43,10.95,2.53
3378,56.3,7.0,63.252,0.061,1.0448,2.56,-6.01,0.86,5.352,0.00616,0.03427,-0.0,-0.0,-0.4858,0.49946,6.27,6.67,6.65,1.82
3379,56.3167,7.0,63.261,0.059,1.0487,2.81,-6.22,0.83,8.618,0.00745,0.04518,-0.0,-0.0,-0.48551,0.50047,6.98,7.09,6.89,13.52
3380,56.3333,7.0,63.27,0.058,1.0513,3.09,-6.29,0.65,7.155,0.00628,0.04941,-0.0,-0.0,-0.48537,0.49915,7.09,7.15,6.8,7.58
3381,56.35,7.0,63.28,0.057,1.0526,3.21,-6.4,0.51,6.16,0.00473,0.05728,-0.0,-0.0,-0.48505,0.49728,5.52,7.22,7.12,4.78
3382,56.3667,7.0,63.291,0.057,1.0543,3.26,-6.67,0.45,7.486,0.0112,0.06816,-0.0,-0.0,-0.48059,0.49929,10.06,7.1,7.22,5.56
3383,56.3833,7.0,63.303,0.058,1.0554,3.22,-7.05,0.46,6.972,0.01305,0.07207,-0.0,-0.0,-0.47918,0.49974,7.03,6.91,7.01,6.94
3384,56.4,7.0,63.315,0.059,1.0574,3.12,-7.18,0.42,6.57,0.01316,0.0725,-0.0,-0.0,-0.47776,0.49843,5.99,6.97,6.99,6.33
3385,56.4167,7.0,63.329,0.06,1.0588,2.94,-7.39,0.37,7.009,0.01542,0.07332,-0.0,-0.0,-0.47707,0.49999,7.61,6.96,7.0,6.46
3386,56.4333,7.0,63.343,0.062,1.0591,2.77,-7.58,0.23,6.838,0.01526,0.07256,-0.0,-0.0,-0.47714,0.49991,7.23,7.0,7.0,6.13
3387,56.45,7.0,63.357,0.063,1.058,2.52,-7.81,0.07,6.625,0.01502,0.07285,-0.0,-0.0,-0.47749,0.50002,6.32,6.99,6.99,6.21
3388,56.4667,7.0,63.372,0.066,1.058,2.08,-7.8,-0.11,6.482,0.01451,0.07417,-0.0,-0.0,-0.47688,0.4989,6.2,6.88,6.9,5.95
3389,56.4833,7.0,63.386,0.068,1.0591,1.76,-7.99,-0.17,6.858,0.01184,0.06593,-0.0,-0.0,-0.47973,0.49908,6.71,6.8,6.82,7.1
3390,56.5,7.0,63.401,0.07,1.0591,1.48,-8.24,-0.3,6.683,0.01265,0.0576,-0.0,-0.0,-0.48022,0.50038,6.96,6.86,6.9,6.01
3391,56.5167,7.0,63.416,0.072,1.0577,1.22,-8.45,-0.47,6.68,0.01226,0.04977,-0.0,-0.0,-0.48059,0.50036,6.87,6.96,6.94,5.95
3392,56.5333,7.0,63.432,0.075,1.058,0.81,-8.46,-0.61,6.994,0.01199,0.04028,-0.0,-0.0,-0.48165,0.50115,6.27,6.63,6.95,8.13
3393,56.55,7.0,63.446,0.078,1.059,0.46,-8.69,-0.8,7.091,0.00869,0.02869,-0.0,-0.0,-0.48325,0.49945,6.95,6.67,6.97,7.78
3394,56.5667,7.0,63.461,0.081,1.0581,0.07,-8.96,-0.95,6.673,0.00853,0.01856,-0.0,-0.0,-0.48449,0.50052,7.02,6.85,6.81,6.01
3395,56.5833,7.0,63.476,0.084,1.0558,-0.27,-9.21,-1.13,6.074,0.00852,0.01018,-0.0,-0.0,-0.48429,0.50032,6.76,5.08,6.69,5.77
3396,56.6,7.0,63.491,0.087,1.0577,-0.71,-9.16,-1.2,7.22,0.00036,-0.00285,0.0,0.0,-0.48886,0.49673,6.5,6.73,6.99,8.65
3397,56.6167,7.0,63.506,0.09,1.0582,-1.1,-9.41,-1.23,6.723,0.00025,-0.01527,0.0,0.0,-0.49037,0.49813,6.61,6.71,6.85,6.72
3398,56.6333,7.0,63.521,0.093,1.0576,-1.17,-9.38,-1.24,6.701,-0.00613,-0.03235,0.0,0.0,-0.49647,0.49784,6.93,5.85,7.01,7.0
3399,56.65,7.0,63.536,0.095,1.0564,-1.17,-9.19,-1.18,6.029,-0.01267,-0.05384,0.0,0.0,-0.50294,0.49777,4.83,5.59,6.85,6.85
3400,56.6667,7.0,63.551,0.093,1.058,-1.25,-9.31,-1.14,6.931,-0.00921,-0.0658,0.0,0.0,-0.49938,0.49767,6.76,6.98,6.99,6.99
3401,56.6833,7.0,63.566,0.092,1.0579,-1.28,-9.47,-1.08,6.802,-0.00983,-0.07678,0.0,0.0,-0.4998,0.49748,6.92,6.3,6.99,6.99
3402,56.7,7.0,63.579,0.091,1.0574,-0.45,-8.88,-0.93,6.105,-0.01123,-0.08789,0.0,0.0,-0.50055,0.49682,5.98,4.51,6.96,6.97
3403,56.7167,7.0,63.591,0.089,1.0576,0.69,-8.22,-1.07,6.357,-0.01419,-0.09232,0.0,0.0,-0.50318,0.49649,7.75,5.12,6.09,6.46
3404,56.7333,7.0,63.602,0.085,1.0594,1.73,-7.72,-1.41,15.795,-0.00609,-0.08776,0.0,0.0,-0.4948,0.49622,26.75,23.06,6.66,6.71
3405,56.75,7.0,63.612,0.081,1.0623,2.16,-7.25,-1.6,5.464,-0.00243,-0.07342,0.0,0.0,-0.49188,0.49696,4.08,6.6,6.75,4.43
3406,56.7667,7.0,63.622,0.076,1.0655,2.16,-6.83,-1.71,9.498,0.00054,-0.05103,0.0,0.0,-0.48917,0.49721,7.04,7.97,6.95,16.03
3407,56.7833,7.0,63.632,0.072,1.0686,2.13,-6.43,-1.72,5.936,0.00803,-0.02717,0.0,0.0,-0.48199,0.49752,6.19,6.41,6.81,4.34
3408,56.8,7.0,63.643,0.068,1.0725,2.08,-6.21,-1.59,5.407,0.01354,0.00013,-0.0,-0.0,-0.47906,0.5001,6.46,3.97,6.92,4.28
3409,56.8167,7.0,63.654,0.065,1.0756,2.03,-5.97,-1.55,6.336,0.01467,0.02676,-0.0,-0.0,-0.47788,0.50006,6.92,5.63,6.99,5.81
3410,56.8333,7.0,63.666,0.062,1.0777,1.96,-5.66,-1.57,6.562,0.01524,0.05382,-0.0,-0.0,-0.47722,0.49996,6.91,5.52,6.99,6.83
3411,56.85,7.0,63.678,0.06,1.0789,1.83,-5.31,-1.62,6.938,0.01629,0.07038,-0.0,-0.0,-0.47531,0.49911,7.01,5.72,7.07,7.96
3412,56.8667,7.0,63.692,0.058,1.0793,1.74,-4.96,-1.71,6.146,0.01895,0.08393,-0.0,-0.0,-0.47203,0.49848,6.99,6.28,6.99,4.33
3413,56.8833,7.0,63.706,0.057,1.0804,1.82,-4.71,-1.54,7.812,0.01903,0.09287,-0.0,-0.0,-0.47287,0.4994,10.52,6.97,7.09,6.68
3414,56.9,7.0,63.715,0.056,1.0853,2.52,-4.88,-0.82,5.885,0.01339,0.08724,-0.0,-0.0,-0.47864,0.49954,5.85,6.23,6.3,5.16
3415,56.9167,7.0,63.724,0.055,1.0905,3.04,-5.13,-0.42,6.323,0.0109,0.07406,-0.0,-0.0,-0.48041,0.49881,6.65,6.88,6.65,5.12
3416,56.9333,7.0,63.734,0.054,1.0954,3.48,-5.49,-0.12,6.562,0.01108,0.06148,-0.0,-0.0,-0.4812,0.49979,6.68,6.96,6.81,5.8
3417,56.95,7.0,63.745,0.054,1.0995,3.95,-5.87,0.06,6.594,0.00961,0.04831,-0.0,-0.0,-0.48151,0.49862,6.93,7.0,6.83,5.61
3418,56.9667,7.0,63.756,0.053,1.1024,4.3,-6.32,0.23,6.809,0.01074,0.0368,-0.0,-0.0,-0.48181,0.50006,6.41,6.92,6.83,7.07
3419,56.9833,7.0,63.767,0.053,1.1058,4.48,-6.58,0.38,6.502,0.01011,0.0233,-0.0,-0.0,-0.4815,0.49911,5.09,6.97,7.03,6.92
3420,57.0,7.0,63.779,0.053,1.1087,4.58,-6.81,0.44,4.435,0.01216,0.01344,-0.0,-0.0,-0.481,0.50067,-1.62,7.01,6.94,5.41
3421,57.0167,7.0,63.791,0.054,1.1113,4.74,-7.09,0.51,6.582,0.01161,0.01,-0.0,-0.0,-0.481,0.50012,6.85,6.92,6.95,5.62
3422,57.0333,7.0,63.804,0.055,1.1125,4.89,-7.32,0.51,6.672,0.01126,0.00917,-0.0,-0.0,-0.48137,0.50013,7.05,7.0,7.01,5.63
3423,57.05,7.0,63.818,0.056,1.112,5.03,-7.52,0.44,6.672,0.01129,0.00829,-0.0,-0.0,-0.48151,0.50031,6.99,6.98,7.03,5.69
3424,57.0667,7.0,63.832,0.058,1.1144,4.94,-7.38,0.31,7.179,0.0071,0.00471,-0.0,-0.0,-0.48256,0.49717,6.57,6.93,7.09,8.13
3425,57.0833,7.0,63.846,0.06,1.1145,4.8,-7.49,0.13,6.878,0.00969,0.00306,-0.0,-0.0,-0.48248,0.49967,6.94,6.98,6.96,6.64
3426,57.1,7.0,63.861,0.062,1.1129,4.58,-7.64,-0.03,6.443,0.00993,0.00251,-0.0,-0.0,-0.483,0.50044,6.25,7.01,7.1,5.42
3427,57.1167,7.0,63.876,0.063,1.1143,4.35,-7.82,-0.09,6.51,0.00774,-0.00234,0.0,0.0,-0.48449,0.49973,6.27,6.94,7.02,5.8
3428,57.1333,7.0,63.89,0.065,1.1153,4.13,-7.9,-0.27,6.721,0.00846,-0.00531,0.0,0.0,-0.48389,0.49985,6.34,6.96,6.98,6.61
3429,57.15,7.0,63.905,0.067,1.1147,3.85,-8.0,-0.47,6.937,0.00864,-0.00736,0.0,0.0,-0.48399,0.50014,7.12,6.98,7.0,6.64
3430,57.1667,7.0,63.92,0.07,1.1139,3.62,-8.23,-0.59,7.491,0.0067,-0.0112,0.0,0.0,-0.48638,0.50059,7.53,6.95,7.03,8.46
3431,57.1833,7.0,63.934,0.072,1.1151,3.32,-8.34,-0.75,6.772,0.00339,-0.01367,0.0,0.0,-0.48781,0.4987,6.59,6.98,7.14,6.38
3432,57.2,7.0,63.949,0.074,1.1151,2.96,-8.48,-0.93,6.566,0.00458,-0.01728,0.0,0.0,-0.48804,0.50013,6.14,6.91,6.94,6.27
3433,57.2167,7.0,63.964,0.076,1.1137,2.52,-8.61,-1.09,6.957,0.00438,-0.02092,0.0,0.0,-0.48826,0.50014,6.98,6.87,6.89,7.09
3434,57.2333,7.0,63.979,0.078,1.1133,2.31,-8.95,-1.15,6.399,0.00272,-0.02357,0.0,0.0,-0.49075,0.50098,5.93,6.54,6.75,6.38
3435,57.25,7.0,63.992,0.081,1.1147,1.98,-9.03,-1.3,6.79,0.00074,-0.02867,0.0,0.0,-0.49164,0.49988,6.83,6.99,6.98,6.36
3436,57.2667,7.0,64.006,0.083,1.1147,1.53,-9.16,-1.46,6.713,0.0005,-0.03361,0.0,0.0,-0.49194,0.49994,6.97,6.92,6.93,6.04
3437,57.2833,7.0,64.021,0.085,1.1137,1.07,-9.36,-1.57,6.823,-0.00023,-0.03671,0.0,0.0,-0.49358,0.50086,7.05,6.84,6.91,6.49
3438,57.3,7.0,64.036,0.088,1.1137,1.01,-9.46,-1.58,6.647,-0.00906,-0.04511,0.0,0.0,-0.50155,0.49999,7.07,5.79,6.85,6.88
3439,57.3167,7.0,64.05,0.087,1.1144,0.73,-9.5,-1.57,7.427,-0.0111,-0.05583,0.0,0.0,-0.50145,0.49785,6.86,4.55,6.81,11.49
3440,57.3333,7.0,64.064,0.087,1.115,0.89,-9.25,-1.31,7.745,-0.01061,-0.06454,0.0,0.0,-0.50034,0.49724,7.03,9.61,7.21,7.13
3441,57.35,7.0,64.075,0.087,1.1156,1.95,-8.5,-1.15,10.929,-0.00512,-0.06487,0.0,0.0,-0.49502,0.4974,23.28,7.28,6.26,6.9
3442,57.3667,7.0,64.086,0.086,1.1167,3.19,-8.0,-1.18,6.102,-0.00831,-0.06639,0.0,0.0,-0.49809,0.49728,6.44,5.15,6.09,6.73
3443,57.3833,7.0,64.096,0.083,1.118,3.9,-7.41,-1.36,4.372,-0.0116,-0.07087,0.0,0.0,-0.49881,0.49471,8.17,2.08,6.37,0.86
3444,57.4,7.0,64.105,0.079,1.1215,4.12,-6.83,-1.55,3.75,-0.0098,-0.07221,0.0,0.0,-0.49426,0.49197,-0.94,6.15,6.41,3.38
3445,57.4167,7.0,64.114,0.074,1.1251,4.11,-6.35,-1.48,5.184,-0.00279,-0.05709,0.0,0.0,-0.4879,0.49262,2.58,6.69,6.76,4.71
3446,57.4333,7.0,64.124,0.07,1.1299,4.02,-6.05,-1.28,8.883,0.00155,-0.03723,0.0,0.0,-0.48444,0.49349,18.02,5.58,7.04,4.9
3447,57.45,7.0,64.134,0.067,1.1339,3.99,-5.77,-1.17,12.594,0.00824,-0.01338,0.0,0.0,-0.47865,0.4944,13.63,9.22,7.08,20.45
3448,57.4667,7.0,64.145,0.064,1.136,4.08,-5.37,-1.13,6.793,0.01146,0.00529,-0.0,-0.0,-0.47536,0.49433,6.91,6.45,6.97,6.83
3449,57.4833,7.0,64.156,0.061,1.1383,4.07,-4.99,-1.07,7.384,0.01893,0.03267,-0.0,-0.0,-0.46975,0.49618,9.98,7.72,7.03,4.81
3450,57.5,7.0,64.168,0.058,1.1416,4.05,-4.86,-1.0,6.635,0.02411,0.06548,-0.0,-0.0,-0.46647,0.49808,9.59,6.23,7.01,3.71
3451,57.5167,7.0,64.181,0.055,1.1442,4.11,-4.64,-1.09,7.693,0.02737,0.09585,-0.0,-0.0,-0.46334,0.49822,6.96,7.69,6.97,9.16
3452,57.5333,7.0,64.196,0.052,1.1454,4.13,-4.39,-1.17,6.236,0.02988,0.11795,-0.0,-0.0,-0.46045,0.49784,7.01,6.49,6.97,4.48
3453,57.55,7.0,64.211,0.05,1.1466,4.19,-4.23,-1.15,6.836,0.03294,0.13608,-0.0,-0.0,-0.45972,0.50017,6.96,6.97,6.98,6.43
3454,57.5667,7.0,64.227,0.048,1.1474,4.33,-4.13,-1.24,6.608,0.03183,0.14402,-0.0,-0.0,-0.46052,0.49985,6.93,6.99,7.03,5.48
3455,57.5833,7.0,64.243,0.047,1.1467,4.44,-4.05,-1.36,6.67,0.03272,0.14861,-0.0,-0.0,-0.46026,0.50049,6.97,6.98,6.93,5.8
3456,57.6,7.0,64.26,0.046,1.1473,4.57,-3.72,-1.46,7.729,0.02875,0.14088,-0.0,-0.0,-0.46123,0.49748,6.75,6.83,7.0,10.34
3457,57.6167,7.0,64.277,0.045,1.1473,4.78,-3.8,-1.54,6.718,0.02921,0.12923,-0.0,-0.0,-0.46232,0.49904,6.54,6.72,6.9,6.71
3458,57.6333,7.0,64.293,0.043,1.1473,4.89,-3.75,-1.57,6.399,0.03139,0.11785,-0.0,-0.0,-0.46134,0.50023,5.73,7.04,6.9,5.93
3459,57.65,7.0,64.309,0.043,1.1491,5.2,-3.67,-1.6,6.918,0.03004,0.10387,-0.0,-0.0,-0.46224,0.49979,6.75,7.04,7.02,6.87
3460,57.6667,7.0,64.325,0.042,1.1499,5.54,-3.67,-1.71,6.784,0.0302,0.08859,-0.0,-0.0,-0.46256,0.50027,6.46,6.85,6.9,6.92
3461,57.6833,7.0,64.341,0.041,1.1493,5.75,-3.74,-1.77,5.869,0.02985,0.07592,-0.0,-0.0,-0.4624,0.49976,4.74,6.82,6.96,4.96
3462,57.7,7.0,64.357,0.04,1.1497,5.73,-3.56,-1.79,6.736,0.02939,0.06338,-0.0,-0.0,-0.46153,0.49843,6.01,7.2,6.94,6.79
3463,57.7167,7.0,64.373,0.039,1.1494,5.81,-3.49,-1.82,6.73,0.03146,0.05857,-0.0,-0.0,-0.46187,0.50083,6.63,6.64,6.84,6.81
3464,57.7333,7.0,64.389,0.039,1.1492,5.96,-3.55,-1.83,6.811,0.03052,0.05288,-0.0,-0.0,-0.46209,0.50011,6.83,6.83,6.95,6.63
3465,57.75,7.0,64.405,0.038,1.1475,5.89,-3.39,-1.88,7.129,0.03081,0.04594,-0.0,-0.0,-0.46158,0.49989,7.4,7.15,7.13,6.84
3466,57.7667,7.0,64.422,0.037,1.1459,5.7,-3.09,-2.0,4.845,0.03153,0.04196,-0.0,-0.0,-0.46188,0.50092,7.15,7.1,-2.12,7.26
3467,57.7833,7.0,64.438,0.037,1.1463,5.45,-3.23,-2.02,7.321,0.03048,0.03722,-0.0,-0.0,-0.46184,0.49982,7.01,7.01,7.79,7.47
3468,57.8,7.0,64.454,0.039,1.1454,5.22,-3.39,-2.05,6.939,0.03082,0.03375,-0.0,-0.0,-0.46167,0.5,6.99,6.99,6.92,6.87
3469,57.8167,7.0,64.47,0.04,1.1432,4.68,-3.23,-2.12,6.752,0.03139,0.03176,-0.0,-0.0,-0.46117,0.50006,7.01,7.02,7.02,5.96
3470,57.8333,7.0,64.486,0.041,1.1413,4.1,-3.18,-2.14,6.79,0.03261,0.02913,-0.0,-0.0,-0.46188,0.50199,6.76,6.92,6.78,6.7
3471,57.85,7.0,64.502,0.045,1.1407,3.7,-3.22,-2.17,6.686,0.02378,0.01871,-0.0,-0.0,-0.4676,0.49889,6.62,5.9,7.47,6.76
3472,57.8667,7.0,64.518,0.047,1.1399,3.34,-3.12,-2.24,6.495,0.02107,0.00644,-0.0,-0.0,-0.47034,0.49892,6.74,6.29,6.03,6.92
3473,57.8833,7.0,64.534,0.05,1.1387,3.12,-2.87,-2.38,6.75,0.01703,-0.00925,0.0,0.0,-0.47532,0.49985,7.22,6.6,6.23,6.95
3474,57.9,7.0,64.549,0.051,1.1404,2.88,-2.87,-2.46,6.675,0.01124,-0.02793,0.0,0.0,-0.47915,0.49789,7.06,6.2,6.7,6.74
3475,57.9167,7.0,64.565,0.053,1.1402,2.66,-2.84,-2.44,6.694,0.00891,-0.04712,0.0,0.0,-0.48248,0.49889,6.94,5.91,6.94,6.98
3476,57.9333,7.0,64.581,0.054,1.1386,2.52,-2.85,-2.41,6.089,0.00743,-0.06612,0.0,0.0,-0.48338,0.49831,7.01,6.32,4.07,6.95
3477,57.95,7.0,64.596,0.054,1.1388,2.49,-2.73,-2.51,-3.933,0.00703,-0.08449,0.0,0.0,-0.48613,0.50067,2.22,-26.65,2.49,6.21
3478,57.9667,7.0,64.605,0.055,1.1448,2.6,-2.08,-2.46,4.927,0.00822,-0.09037,0.0,0.0,-0.48313,0.49885,6.06,4.9,1.99,6.76
3479,57.9833,7.0,64.615,0.056,1.1502,2.97,-1.69,-2.61,6.572,0.00991,-0.091,0.0,0.0,-0.4813,0.49872,6.62,5.74,7.22,6.7
3480,58.0,7.0,64.624,0.057,1.1539,3.45,-1.38,-2.83,6.563,0.00811,-0.08925,0.0,0.0,-0.483,0.49862,7.74,4.9,6.83,6.78
3481,58.0167,7.0,64.634,0.058,1.1562,3.94,-1.07,-3.04,5.224,0.00205,-0.08799,0.0,0.0,-0.48706,0.49661,7.12,5.15,1.71,6.92
3482,58.0333,7.0,64.645,0.057,1.1605,4.41,-0.99,-3.21,6.751,-0.0002,-0.0868,0.0,0.0,-0.4892,0.4965,6.96,5.22,7.98,6.84
3483,58.05,7.0,64.656,0.056,1.1635,4.94,-0.96,-3.36,6.301,-0.00195,-0.08603,0.0,0.0,-0.49091,0.49646,6.91,6.06,5.41,6.82
3484,58.0667,7.0,64.667,0.055,1.1651,5.52,-0.9,-3.48,7.006,-0.00725,-0.0904,0.0,0.0,-0.49517,0.49542,6.84,5.26,9.24,6.68
3485,58.0833,7.0,64.68,0.053,1.1661,6.07,-0.89,-3.62,4.218,-0.01153,-0.09985,0.0,0.0,-0.49904,0.49502,6.89,7.01,1.76,1.2
3486,58.1,7.0,64.692,0.05,1.1687,6.02,-0.72,-3.48,7.044,-0.00707,-0.10534,0.0,0.0,-0.49599,0.49643,6.97,9.38,5.89,5.93
3487,58.1167,7.0,64.705,0.046,1.1698,5.78,-0.55,-3.27,6.817,-0.00239,-0.1035,0.0,0.0,-0.49589,0.501,6.98,6.99,7.12,6.18
3488,58.1333,7.0,64.719,0.043,1.1701,5.69,-0.26,-3.23,6.048,-0.00228,-0.09554,0.0,0.0,-0.49531,0.50053,7.0,5.03,7.09,5.06
3489,58.15,7.0,64.734,0.041,1.171,5.65,-0.11,-3.17,7.093,0.00179,-0.08202,0.0,0.0,-0.49109,0.50039,6.93,6.74,7.64,7.06
3490,58.1667,7.0,64.75,0.04,1.1719,5.54,-0.06,-3.21,6.974,0.00205,-0.06806,0.0,0.0,-0.49096,0.50051,6.96,6.95,7.6,6.39
3491,58.1833,7.0,64.766,0.039,1.1708,5.41,-0.03,-3.23,6.904,0.00278,-0.04958,0.0,0.0,-0.4913,0.50159,7.03,7.04,6.82,6.73
3492,58.2,7.0,64.782,0.038,1.1701,5.47,-0.03,-3.28,6.679,7e-05,-0.0317,0.0,0.0,-0.49469,0.50227,6.91,4.9,7.98,6.92
3493,58.2167,7.0,64.797,0.038,1.172,5.66,-0.12,-3.24,6.793,-0.00139,-0.02206,0.0,0.0,-0.4947,0.50082,7.0,7.0,7.05,6.13
3494,58.2333,7.0,64.813,0.037,1.1722,5.68,-0.02,-3.25,6.886,-0.00202,-0.01904,0.0,0.0,-0.4945,0.49998,7.0,6.99,6.99,6.56
3495,58.25,7.0,64.828,0.037,1.1704,5.58,0.09,-3.27,6.241,-0.0017,-0.01615,0.0,0.0,-0.49431,0.50012,7.13,7.13,2.62,8.08
3496,58.2667,7.0,64.843,0.037,1.1711,5.55,-0.11,-3.31,6.482,-0.00657,-0.02282,0.0,0.0,-0.49738,0.49831,6.84,7.01,7.22,4.87
3497,58.2833,7.0,64.858,0.037,1.1712,5.39,-0.06,-3.33,7.174,-0.00533,-0.02766,0.0,0.0,-0.49816,0.50033,6.99,7.83,6.89,6.98
3498,58.3,7.0,64.874,0.036,1.1701,5.16,-0.0,-3.33,6.367,-0.00517,-0.03253,0.0,0.0,-0.49789,0.50022,6.95,5.3,6.83,6.39
3499,58.3167,7.0,64.89,0.036,1.1699,5.15,0.1,-3.38,7.197,-0.00534,-0.03419,0.0,0.0,-0.49967,0.50183,7.14,7.76,6.9,6.99
3500,58.3333,7.0,64.905,0.036,1.1714,5.4,-0.01,-3.36,6.883,-0.00694,-0.03579,0.0,0.0,-0.49938,0.49995,6.84,6.85,6.98,6.87
3501,58.35,7.0,64.921,0.036,1.1711,5.39,-0.02,-3.36,6.79,-0.0058,-0.03537,0.0,0.0,-0.49883,0.50054,6.93,6.94,7.23,6.06
3502,58.3667,7.0,64.936,0.037,1.1694,5.21,0.07,-3.4,5.756,-0.00633,-0.03589,0.0,0.0,-0.49878,0.49996,6.95,2.18,5.33,8.56
3503,58.3833,7.0,64.951,0.036,1.1708,5.17,0.09,-3.46,6.715,-0.00824,-0.0333,0.0,0.0,-0.49989,0.49915,6.94,6.23,6.72,6.97
3504,58.4,7.0,64.967,0.036,1.1712,5.2,0.02,-3.38,6.812,-0.00752,-0.03156,0.0,0.0,-0.50004,0.50002,6.99,6.1,7.15,7.0
3505,58.4167,7.0,64.982,0.035,1.1702,5.19,-0.01,-3.3,6.876,-0.00676,-0.02941,0.0,0.0,-0.49938,0.50012,7.03,7.0,6.79,6.69
3506,58.4333,7.0,64.998,0.035,1.1693,5.19,0.04,-3.31,6.719,-0.00648,-0.02706,0.0,0.0,-0.50067,0.50169,6.83,6.19,6.78,7.08
3507,58.45,7.0,65.012,0.034,1.1709,5.34,-0.05,-3.2,6.673,-0.00746,-0.02435,0.0,0.0,-0.49995,0.5,6.95,6.01,6.88,6.85
3508,58.4667,7.0,65.027,0.033,1.1709,5.3,-0.01,-3.12,6.924,-0.00667,-0.02232,0.0,0.0,-0.49942,0.50025,6.94,6.95,7.5,6.31
3509,58.4833,7.0,65.043,0.032,1.1693,5.11,0.06,-3.06,4.921,-0.00608,-0.01938,0.0,0.0,-0.49839,0.49982,7.07,-0.7,5.84,7.47
3510,58.5,7.0,65.058,0.031,1.1706,5.19,0.08,-3.16,6.796,-0.00787,-0.01668,0.0,0.0,-0.49987,0.4995,6.8,6.54,6.88,6.97
3511,58.5167,7.0,65.073,0.03,1.1712,5.32,-0.03,-3.1,6.9,-0.00755,-0.0147,0.0,0.0,-0.5,0.49995,6.98,6.31,7.3,7.0
3512,58.5333,7.0,65.088,0.029,1.1707,5.29,-0.04,-3.05,6.728,-0.00682,-0.01299,0.0,0.0,-0.49961,0.5003,6.98,6.98,6.96,5.99
3513,58.55,7.0,65.104,0.028,1.169,5.31,0.01,-3.05,6.568,-0.00474,-0.00964,0.0,0.0,-0.49914,0.50191,7.02,5.88,6.5,6.87
3514,58.5667,7.0,65.119,0.027,1.1708,5.45,-0.06,-3.03,6.449,-0.00587,-0.00685,0.0,0.0,-0.49876,0.5004,6.95,6.45,6.23,6.17
3515,58.5833,7.0,65.134,0.026,1.1711,5.33,-0.02,-2.96,7.061,-0.00629,-0.00563,0.0,0.0,-0.49862,0.49984,7.0,6.83,7.96,6.46
3516,58.6,7.0,65.15,0.026,1.1699,5.22,0.04,-2.92,6.657,-0.00623,-0.00511,0.0,0.0,-0.49871,0.49998,7.07,7.07,6.59,5.9
3517,58.6167,7.0,65.165,0.026,1.1705,5.19,0.11,-3.01,7.062,-0.00554,-0.0021,0.0,0.0,-0.49734,0.4993,7.14,7.05,7.11,6.94
3518,58.6333,7.0,65.18,0.025,1.1713,5.28,-0.01,-2.97,6.897,-0.00773,-0.00205,0.0,0.0,-0.50026,0.50003,6.89,6.59,7.13,6.98
3519,58.65,7.0,65.196,0.025,1.1715,5.5,-0.04,-2.95,6.977,-0.00739,-0.00239,0.0,0.0,-0.50041,0.50052,7.01,7.57,7.25,6.08
3520,58.6667,7.0,65.211,0.025,1.172,5.83,0.0,-2.81,6.695,-0.00716,-0.00459,0.0,0.0,-0.49965,0.5,6.91,5.9,6.97,7.0
3521,58.6833,7.0,65.225,0.024,1.1731,6.1,-0.04,-2.78,6.454,-0.00779,-0.00601,0.0,0.0,-0.50029,0.5,6.94,5.95,7.29,5.65
3522,58.7,7.0,65.241,0.022,1.1736,6.09,-0.03,-2.67,7.719,-0.00652,-0.00554,0.0,0.0,-0.49944,0.50042,7.0,9.68,7.9,6.31
3523,58.7167,7.0,65.256,0.022,1.1727,6.05,0.01,-2.66,7.073,-0.00686,-0.00552,0.0,0.0,-0.49944,0.50008,6.86,6.84,8.59,6.0
3524,58.7333,7.0,65.272,0.021,1.1721,6.13,0.09,-2.64,7.105,-0.00551,-0.00483,0.0,0.0,-0.49855,0.50054,7.21,7.16,7.64,6.41
3525,58.75,7.0,65.287,0.02,1.1724,6.17,0.17,-2.58,6.88,-0.00567,-0.00212,0.0,0.0,-0.49818,0.50002,6.97,6.93,7.01,6.62
3526,58.7667,7.0,65.303,0.02,1.171,6.1,0.33,-2.55,6.858,-0.0055,7e-05,0.0,0.0,-0.49802,0.50002,7.01,7.01,7.0,6.42
3527,58.7833,7.0,65.319,0.019,1.1677,6.07,0.5,-2.51,6.842,-0.00294,0.0044,0.0,0.0,-0.49828,0.50284,7.33,5.74,6.94,7.35
3528,58.8,7.0,65.335,0.02,1.1662,6.24,0.88,-2.27,7.518,-0.00476,0.00698,0.0,0.0,-0.49819,0.50093,6.82,11.91,5.51,5.82
3529,58.8167,7.0,65.352,0.021,1.1635,6.21,1.36,-2.0,6.691,-0.00552,0.00717,0.0,0.0,-0.49796,0.49994,6.73,6.72,6.76,6.57
3530,58.8333,7.0,65.368,0.022,1.1589,6.05,1.8,-1.79,6.664,-0.00525,0.00797,0.0,0.0,-0.49781,0.50007,6.76,6.76,6.9,6.24
3531,58.85,7.0,65.386,0.024,1.1533,6.02,2.35,-1.62,6.664,-0.0073,0.00517,0.0,0.0,-0.49936,0.49956,6.79,6.74,6.94,6.18
3532,58.8667,7.0,65.403,0.024,1.1473,5.61,3.12,-1.47,6.218,-0.0063,0.0039,0.0,0.0,-0.49916,0.50036,6.43,6.59,6.75,5.11
3533,58.8833,7.0,65.422,0.025,1.1408,5.12,3.69,-1.39,6.321,-0.00151,0.00754,0.0,0.0,-0.49843,0.50443,6.03,6.16,6.0,7.1
3534,58.9,7.0,65.441,0.029,1.1374,4.67,3.81,-1.09,7.085,-0.00679,0.00268,0.0,0.0,-0.49845,0.49917,6.58,6.67,8.22,6.87
3535,58.9167,7.0,65.458,0.033,1.1376,3.72,3.58,-0.98,6.677,-0.00758,-0.00055,0.0,0.0,-0.49783,0.49775,6.81,6.75,6.95,6.2
3536,58.9333,7.0,65.475,0.038,1.1349,2.97,3.66,-0.84,6.72,-0.00994,-0.00502,0.0,0.0,-0.50021,0.49778,6.67,6.71,6.76,6.74
3537,58.95,7.0,65.491,0.041,1.1313,2.08,3.75,-0.62,7.337,-0.00545,-0.00463,0.0,0.0,-0.49892,0.50098,6.69,8.94,7.41,6.31
3538,58.9667,7.0,65.506,0.044,1.13,1.43,3.74,-0.44,6.6,-0.00762,-0.00439,0.0,0.0,-0.50019,0.50007,6.75,6.36,6.52,6.76
3539,58.9833,7.0,65.521,0.047,1.1291,0.87,3.9,-0.22,7.352,-0.00928,-0.00693,0.0,0.0,-0.4998,0.49802,6.8,6.76,9.4,6.46
3540,59.0,7.0,65.536,0.049,1.1271,0.49,4.07,-0.0,6.571,-0.01068,-0.01553,0.0,0.0,-0.50115,0.49797,5.17,6.8,7.56,6.77
3541,59.0167,7.0,65.548,0.049,1.1287,0.89,3.8,0.3,7.149,-0.01217,-0.01921,0.0,0.0,-0.5019,0.49723,7.64,5.93,8.01,7.01
3542,59.0333,7.0,65.557,0.048,1.1312,1.41,3.35,0.33,6.425,-0.0079,-0.01723,0.0,0.0,-0.49782,0.49742,6.1,6.78,6.35,6.46
3543,59.05,7.0,65.567,0.047,1.1323,1.52,3.21,0.45,6.453,-0.00467,-0.00974,0.0,0.0,-0.49718,0.50002,6.49,6.85,6.88,5.6
3544,59.0667,7.0,65.577,0.046,1.1326,1.75,3.27,0.56,6.83,-0.00606,-0.0092,0.0,0.0,-0.49901,0.50045,6.6,7.48,6.99,6.25
3545,59.0833,7.0,65.589,0.045,1.132,1.79,3.21,0.62,6.8,-0.00681,-0.00727,0.0,0.0,-0.49937,0.50007,6.98,6.97,6.98,6.27
3546,59.1,7.0,65.601,0.045,1.1308,1.62,3.31,0.6,6.628,-0.00757,-0.00464,0.0,0.0,-0.49954,0.49947,7.51,7.06,7.11,4.83
3547,59.1167,7.0,65.614,0.045,1.1294,1.38,3.49,0.49,6.436,-0.00733,-0.00065,0.0,0.0,-0.49993,0.5001,7.17,6.95,7.01,4.62
3548,59.1333,7.0,65.628,0.045,1.1272,1.08,3.6,0.37,6.295,-0.00524,0.00656,0.0,0.0,-0.49979,0.50205,6.86,6.89,6.63,4.8
3549,59.15,7.0,65.642,0.046,1.1262,0.87,3.53,0.45,7.247,-0.00921,0.00443,0.0,0.0,-0.50032,0.49862,6.67,6.84,8.53,6.95
3550,59.1667,7.0,65.655,0.045,1.1248,0.69,3.53,0.48,6.247,-0.00624,0.00229,0.0,0.0,-0.49951,0.50078,5.42,7.43,6.96,5.18
3551,59.1833,7.0,65.669,0.045,1.124,0.38,3.64,0.42,7.928,-0.00477,0.00334,0.0,0.0,-0.49931,0.50205,6.86,6.93,5.79,12.14
3552,59.2,7.0,65.683,0.046,1.124,0.11,3.61,0.4,6.181,-0.00891,0.00078,0.0,0.0,-0.50041,0.499,6.59,6.79,5.55,5.79
3553,59.2167,7.0,65.697,0.047,1.1237,0.0,3.68,0.36,6.734,-0.00844,-0.0002,0.0,0.0,-0.5004,0.49946,6.55,6.38,7.07,6.94
3554,59.2333,7.0,65.711,0.047,1.1232,0.04,3.79,0.3,7.763,-0.00861,-0.00149,0.0,0.0,-0.50054,0.49943,7.97,6.37,9.75,6.96
3555,59.25,7.0,65.724,0.046,1.1238,0.15,3.65,0.31,5.852,-0.00706,-0.00319,0.0,0.0,-0.50006,0.5005,6.86,6.56,6.36,3.62
3556,59.2667,7.0,65.738,0.046,1.1245,0.34,3.57,0.41,6.926,-0.0077,-0.00126,0.0,0.0,-0.50013,0.49993,6.98,6.71,6.76,7.25
3557,59.2833,7.0,65.751,0.045,1.1238,0.56,3.51,0.53,5.524,-0.00762,-0.00252,0.0,0.0,-0.50024,0.50013,6.31,7.5,6.88,1.41
3558,59.3,7.0,65.766,0.045,1.123,0.36,3.71,0.52,7.287,-0.00507,-0.00253,0.0,0.0,-0.4994,0.50184,7.38,6.9,8.58,6.29
3559,59.3167,7.0,65.781,0.046,1.1234,0.23,3.78,0.44,6.958,-0.01024,-0.00359,0.0,0.0,-0.50012,0.49738,7.62,7.02,7.0,6.19
3560,59.3333,7.0,65.796,0.046,1.1225,0.13,3.76,0.42,8.834,-0.00893,-0.00367,0.0,0.0,-0.50007,0.49865,13.04,7.36,6.97,7.96
3561,59.35,7.0,65.811,0.046,1.1201,0.03,3.9,0.41,6.06,-0.00879,-0.00341,0.0,0.0,-0.50028,0.49899,6.75,6.76,6.95,3.77
3562,59.3667,7.0,65.826,0.045,1.1193,-0.04,4.09,0.34,6.393,-0.00681,-0.00273,0.0,0.0,-0.49917,0.49987,6.89,4.43,6.99,7.26
3563,59.3833,7.0,65.841,0.044,1.1167,-0.02,4.5,0.17,6.813,-0.00802,-0.00274,0.0,0.0,-0.50036,0.49985,7.03,6.27,6.96,6.99
3564,59.4,7.0,65.856,0.043,1.112,-0.06,5.0,-0.05,6.158,-0.00782,-0.00262,0.0,0.0,-0.50016,0.49985,3.42,7.39,6.9,6.91
3565,59.4167,7.0,65.872,0.04,1.1072,-0.15,5.44,-0.22,5.966,-0.00635,-0.00362,0.0,0.0,-0.49963,0.50078,5.99,7.37,6.72,3.78
3566,59.4333,7.0,65.888,0.038,1.1038,-0.04,6.16,-0.45,7.068,-0.00934,-0.00225,0.0,0.0,-0.49989,0.49806,7.18,6.11,6.79,8.19
3567,59.45,7.0,65.904,0.035,1.0978,0.04,6.8,-0.7,6.528,-0.00968,-0.00276,0.0,0.0,-0.50016,0.49798,6.53,6.29,6.66,6.63
3568,59.4667,7.0,65.92,0.032,1.0904,-0.09,7.55,-0.96,4.721,-0.00582,0.00063,0.0,0.0,-0.49857,0.50026,5.68,1.76,6.61,4.84
3569,59.4833,7.0,65.937,0.029,1.0834,-0.06,8.61,-1.27,6.593,-0.00781,-0.00048,0.0,0.0,-0.50037,0.50006,6.48,6.65,6.36,6.88
3570,59.5,7.0,65.954,0.026,1.0824,0.28,8.79,-1.26,6.259,-0.00505,0.00263,0.0,0.0,-0.49832,0.50078,3.55,6.67,6.76,8.05
3571,59.5167,7.0,65.971,0.024,1.0823,0.63,8.78,-1.11,6.153,-0.00868,0.00143,0.0,0.0,-0.49936,0.49818,7.46,6.64,5.73,4.79
3572,59.5333,7.0,65.986,0.021,1.0837,0.68,8.87,-1.17,5.84,-0.0041,0.00357,0.0,0.0,-0.49744,0.50084,4.6,7.01,5.48,6.27
3573,59.55,7.0,66.002,0.018,1.0839,0.76,8.94,-1.17,6.846,-0.0039,0.00873,0.0,0.0,-0.49629,0.4999,6.8,6.81,6.81,6.97
3574,59.5667,7.0,66.018,0.016,1.0823,0.71,8.97,-1.15,6.974,-0.00366,0.01387,0.0,0.0,-0.49612,0.49996,6.99,7.0,6.98,6.92
3575,59.5833,7.0,66.034,0.014,1.0829,0.91,8.91,-0.94,6.834,-0.00759,0.01039,0.0,0.0,-0.49989,0.4998,6.49,7.12,7.03,6.7
3576,59.6,7.0,66.049,0.012,1.0832,0.88,9.0,-0.88,6.754,-0.00646,0.01054,0.0,0.0,-0.49932,0.50037,6.45,6.97,7.03,6.57
3577,59.6167,7.0,66.065,0.011,1.0817,0.86,9.06,-0.85,4.818,-0.00681,0.00747,0.0,0.0,-0.49913,0.49983,0.19,7.53,6.4,5.15
3578,59.6333,7.0,66.082,0.01,1.0815,1.24,8.96,-0.63,6.767,-0.0067,0.00861,0.0,0.0,-0.49932,0.50013,7.76,6.68,5.45,7.18
3579,59.65,7.0,66.097,0.008,1.0818,1.24,8.85,-0.73,5.513,-0.00468,0.00699,0.0,0.0,-0.4975,0.50033,3.69,7.03,5.3,6.03
3580,59.6667,7.0,66.113,0.007,1.0816,1.15,8.95,-0.71,5.304,-0.00435,0.00569,0.0,0.0,-0.49672,0.49988,0.35,7.51,7.07,6.29
3581,59.6833,7.0,66.129,0.006,1.0808,1.27,8.96,-0.56,7.367,-0.00701,0.00157,0.0,0.0,-0.49936,0.49986,8.5,6.94,7.11,6.91
3582,59.7,7.0,66.145,0.005,1.0804,1.37,8.8,-0.52,7.083,-0.0064,0.0026,0.0,0.0,-0.49991,0.50101,7.52,6.93,6.82,7.06
3583,59.7167,7.0,66.16,0.003,1.0811,1.29,8.75,-0.34,7.054,-0.00823,0.00046,0.0,0.0,-0.49983,0.4991,6.93,6.92,7.53,6.84
3584,59.7333,7.0,66.175,0.002,1.0791,1.24,8.72,-0.18,6.932,-0.00725,-5e-05,0.0,0.0,-0.49984,0.5001,7.04,7.04,6.75,6.89
3585,59.75,7.0,66.191,0.001,1.0782,1.43,8.61,-0.07,7.517,-0.0119,-0.00539,0.0,0.0,-0.49964,0.49524,8.52,7.09,7.16,7.31
3586,59.7667,7.0,66.206,-0.001,1.0768,1.43,8.29,-0.2,6.765,-0.00995,-0.01017,0.0,0.0,-0.49849,0.49605,7.1,6.27,7.38,6.31
3587,59.7833,7.0,66.22,-0.002,1.0739,1.45,7.97,-0.3,6.923,-0.00697,-0.01165,0.0,0.0,-0.49859,0.49912,6.93,6.85,6.9,7.0
3588,59.8,7.0,66.235,-0.003,1.0701,1.68,7.67,-0.33,6.843,-0.0024,-0.00552,0.0,0.0,-0.49643,0.50154,7.94,6.54,6.74,6.16
3589,59.8167,7.0,66.25,-0.003,1.0684,1.83,7.36,-0.53,7.084,-0.00448,-0.00288,0.0,0.0,-0.49693,0.49995,7.65,6.82,6.97,6.89
3590,59.8333,7.0,66.265,-0.003,1.0651,1.77,6.8,-0.75,7.025,-0.00434,0.00148,0.0,0.0,-0.49678,0.49994,6.87,6.85,7.46,6.92
3591,59.85,7.0,66.28,-0.003,1.0593,1.77,6.24,-0.92,6.78,-0.00427,0.00436,0.0,0.0,-0.49677,0.5,6.74,6.73,6.82,6.83
3592,59.8667,7.0,66.294,-0.003,1.0517,1.78,5.57,-1.02,8.409,0.00158,0.0177,-0.0,0.0,-0.49609,0.50518,18.77,5.71,6.38,2.77
3593,59.8833,7.0,66.309,-0.002,1.0499,1.66,5.58,-1.3,6.343,-0.00313,0.02259,0.0,0.0,-0.49399,0.49836,6.96,6.69,6.65,5.07
3594,59.9,7.0,66.325,-0.002,1.0493,1.12,5.69,-1.27,7.639,0.00224,0.02935,-0.0,0.0,-0.49044,0.50018,10.28,6.58,6.61,7.07
3595,59.9167,7.0,66.341,-0.001,1.0465,0.82,5.92,-1.4,6.488,0.00106,0.02939,-0.0,0.0,-0.49021,0.49877,6.56,5.61,6.8,6.97
3596,59.9333,7.0,66.357,0.0,1.0421,0.62,6.2,-1.5,6.721,-0.00208,0.02833,0.0,0.0,-0.49253,0.49795,6.89,5.81,6.95,7.25
3597,59.95,7.0,66.374,0.0,1.0379,0.76,7.01,-1.38,6.837,-0.01086,0.01822,0.0,0.0,-0.49685,0.4935,6.92,5.38,7.14,7.9
3598,59.9667,7.0,66.392,-0.0,1.032,0.78,7.72,-1.24,6.285,-0.01377,0.00627,0.0,0.0,-0.49827,0.49201,6.75,5.75,6.63,6.01
3599,59.9833,7.0,66.411,-0.001,1.0249,0.85,8.4,-1.13,7.58,-0.01192,-0.00837,0.0,0.0,-0.49668,0.49226,6.62,10.53,6.74,6.43
