f,t,cmd_vel,x,y,z,roll,pitch,yaw,wheel_mean,e,edot_f,tau_pd_raw,tau,qL,qR,wvFL,wvRL,wvFR,wvRR
0,0.0,0.5,19.967,-0.002,0.4468,0.09,-1.15,0.01,0.015,4e-05,0.0,-0.01,0.0,0.003,0.00331,0.01,-0.0,0.03,0.01
1,0.0167,0.514,19.967,-0.002,0.4468,0.1,-1.15,0.01,0.436,-0.0006,0.0,0.18,0.0,0.00268,0.003,1.02,0.29,0.25,0.19
2,0.0333,0.528,19.968,-0.001,0.4469,0.1,-1.15,0.01,0.442,-0.00209,0.0,0.63,0.0,0.00192,0.00226,0.79,0.35,0.35,0.28
3,0.05,0.542,19.969,-0.001,0.447,0.09,-1.15,0.01,0.398,-0.00438,-0.0106,2.05,0.0,0.00079,0.00111,0.39,0.4,0.41,0.39
4,0.0667,0.556,19.97,-0.0,0.447,0.09,-1.15,0.01,0.42,-0.0068,-0.02164,3.55,3.0,-0.00043,-0.0001,0.42,0.42,0.45,0.39
5,0.0833,0.569,19.971,0.0,0.4471,0.09,-1.15,0.01,0.431,-0.00914,-0.03227,5.0,5.0,-0.0016,-0.00127,0.43,0.43,0.46,0.41
6,0.1,0.583,19.971,0.0,0.4472,0.09,-1.15,0.01,0.429,-0.01025,-0.04075,5.93,5.93,-0.00216,-0.00182,0.45,0.42,0.43,0.42
7,0.1167,0.597,19.972,0.0,0.4474,0.08,-1.15,0.01,0.426,-0.01002,-0.04621,6.24,6.24,-0.00204,-0.00171,0.45,0.42,0.39,0.44
8,0.1333,0.611,19.973,0.0,0.4475,0.08,-1.15,0.01,0.441,-0.00991,-0.05024,6.49,6.49,-0.00198,-0.00167,0.45,0.44,0.44,0.43
9,0.15,0.625,19.974,0.0,0.4477,0.08,-1.15,0.01,0.456,-0.0101,-0.05246,6.7,6.7,-0.00207,-0.00176,0.46,0.45,0.45,0.47
10,0.1667,0.639,19.976,0.0,0.4478,0.08,-1.15,0.01,0.475,-0.01018,-0.05214,6.7,6.7,-0.00212,-0.00179,0.48,0.45,0.5,0.47
11,0.1833,0.653,19.977,0.0,0.4479,0.08,-1.15,0.01,0.546,-0.01022,-0.04939,6.52,6.52,-0.00214,-0.00181,0.46,0.45,0.72,0.55
12,0.2,0.667,19.978,0.0,0.4481,0.07,-1.15,0.02,0.474,-0.01035,-0.04471,6.24,6.24,-0.00222,-0.00187,0.56,0.52,0.27,0.55
13,0.2167,0.681,19.979,0.0,0.4482,0.07,-1.15,0.02,0.485,-0.01057,-0.03967,5.95,5.95,-0.00232,-0.00198,0.58,0.54,0.3,0.52
14,0.2333,0.694,19.98,0.001,0.4483,0.07,-1.15,0.01,0.502,-0.0108,-0.03572,5.74,5.74,-0.00243,-0.0021,0.56,0.54,0.35,0.56
15,0.25,0.708,19.982,0.001,0.4484,0.06,-1.15,0.01,0.585,-0.01097,-0.03252,5.57,5.57,-0.00251,-0.00219,0.59,0.58,0.58,0.59
16,0.2667,0.722,19.983,0.001,0.4485,0.06,-1.15,0.01,0.638,-0.01113,-0.02967,5.41,5.41,-0.00259,-0.00227,0.78,0.56,0.61,0.61
17,0.2833,0.736,19.984,0.001,0.4486,0.06,-1.15,0.01,0.608,-0.01132,-0.02728,5.31,5.31,-0.00268,-0.00238,0.59,0.61,0.61,0.62
18,0.3,0.75,19.986,0.001,0.4487,0.05,-1.15,0.02,0.622,-0.0115,-0.02532,5.22,5.22,-0.00276,-0.00246,0.63,0.54,0.66,0.66
19,0.3167,0.764,19.987,0.001,0.4488,0.05,-1.15,0.02,0.653,-0.01168,-0.02365,5.16,5.16,-0.00286,-0.00255,0.67,0.64,0.65,0.65
20,0.3333,0.778,19.989,0.001,0.4488,0.04,-1.15,0.02,0.635,-0.01225,-0.02254,5.25,5.25,-0.00317,-0.00281,0.69,0.5,0.66,0.69
21,0.35,0.792,19.991,0.001,0.4489,0.04,-1.15,0.02,0.663,-0.01202,-0.02108,5.08,5.08,-0.00304,-0.00271,0.68,0.61,0.67,0.69
22,0.3667,0.806,19.992,0.001,0.449,0.04,-1.15,0.02,0.626,-0.01129,-0.01889,4.71,4.71,-0.00267,-0.00235,0.71,0.51,0.62,0.66
23,0.3833,0.819,19.994,0.001,0.449,0.04,-1.15,0.02,0.681,-0.01035,-0.01582,4.21,4.21,-0.00218,-0.0019,0.62,0.85,0.55,0.71
24,0.4,0.833,19.996,0.001,0.449,0.04,-1.15,0.02,0.777,-0.00947,-0.01202,3.68,3.68,-0.00172,-0.00148,0.77,0.87,0.74,0.73
25,0.4167,0.847,19.998,0.0,0.449,0.04,-1.15,0.02,0.766,-0.00865,-0.00765,3.13,3.13,-0.00125,-0.00113,0.73,0.84,0.72,0.77
26,0.4333,0.861,20.0,0.0,0.449,0.04,-1.15,0.02,0.782,-0.00788,-0.00282,2.56,2.56,-0.00083,-0.00078,0.76,0.8,0.79,0.78
27,0.45,0.875,20.002,0.0,0.449,0.04,-1.15,0.02,0.799,-0.00716,0.00275,1.95,1.95,-0.00048,-0.00041,0.8,0.76,0.8,0.83
28,0.4667,0.889,20.004,0.0,0.4489,0.04,-1.15,0.02,0.812,-0.00641,0.00819,1.35,1.35,-8e-05,-6e-05,0.84,0.73,0.84,0.84
29,0.4833,0.903,20.006,-0.0,0.4488,0.04,-1.15,0.02,0.847,-0.00565,0.01301,0.78,0.78,0.00032,0.0003,0.81,0.88,0.85,0.86
30,0.5,0.917,20.008,-0.001,0.4487,0.02,-1.15,0.02,0.765,-0.00278,0.01924,-0.51,0.0,0.00176,0.00174,0.85,0.55,0.82,0.84
31,0.5167,0.931,20.01,-0.001,0.4486,0.01,-1.14,0.02,0.844,0.0007,0.02739,-2.13,0.0,0.00351,0.00346,0.88,0.86,0.82,0.81
32,0.5333,0.944,20.012,-0.002,0.4484,-0.01,-1.14,0.02,0.944,0.00482,0.03796,-4.1,-3.0,0.00556,0.00553,0.95,1.0,0.9,0.92
33,0.55,0.958,20.014,-0.002,0.4483,-0.03,-1.14,0.02,0.922,0.00875,0.05051,-6.16,-6.0,0.00752,0.0075,0.96,0.81,0.98,0.94
34,0.5667,0.972,20.017,-0.003,0.4481,-0.05,-1.13,0.01,0.947,0.01191,0.06406,-8.06,-8.06,0.00909,0.00909,0.97,0.87,0.99,0.96
35,0.5833,0.986,20.019,-0.003,0.4478,-0.07,-1.13,0.01,0.981,0.0144,0.07778,-9.76,-9.76,0.01032,0.01035,1.0,0.94,1.05,0.94
36,0.6,1.0,20.021,-0.003,0.4479,-0.06,-1.14,0.03,0.709,0.01504,0.08972,-10.79,-10.79,0.01029,0.01102,0.74,0.57,0.72,0.81
37,0.6167,1.014,20.023,-0.004,0.448,-0.03,-1.14,0.06,0.807,0.0149,0.09714,-11.27,-11.27,0.00975,0.01142,0.9,0.9,0.64,0.78
38,0.6333,1.028,20.025,-0.004,0.4481,0.01,-1.15,0.06,0.861,0.01455,0.09973,-11.35,-11.35,0.00957,0.01125,0.87,0.91,0.84,0.83
39,0.65,1.042,20.028,-0.004,0.4482,0.05,-1.15,0.05,0.917,0.01443,0.09765,-11.16,-11.16,0.00953,0.01117,0.98,1.0,0.85,0.84
40,0.6667,1.056,20.03,-0.004,0.4485,0.06,-1.15,0.06,0.737,0.01361,0.09093,-10.45,-10.45,0.00913,0.01075,0.46,0.83,0.84,0.82
41,0.6833,1.069,20.032,-0.004,0.4488,0.06,-1.15,0.06,0.871,0.01181,0.07991,-9.14,-9.14,0.00823,0.00985,0.88,0.88,0.88,0.84
42,0.7,1.083,20.034,-0.003,0.449,0.06,-1.15,0.06,0.889,0.00958,0.06537,-7.45,-7.45,0.00714,0.00871,0.88,0.9,0.89,0.89
43,0.7167,1.097,20.036,-0.003,0.4492,0.06,-1.15,0.06,0.918,0.0073,0.04956,-5.66,-5.66,0.00598,0.00758,0.93,0.94,0.93,0.88
44,0.7333,1.111,20.038,-0.002,0.4493,0.06,-1.15,0.06,0.957,0.0049,0.03333,-3.8,-3.8,0.0048,0.00637,0.93,0.97,0.99,0.93
45,0.75,1.125,20.041,-0.002,0.4494,0.06,-1.15,0.06,0.982,0.00249,0.01692,-1.93,-0.8,0.00361,0.00515,0.89,1.02,1.03,0.99
46,0.7667,1.139,20.043,-0.001,0.4495,0.06,-1.15,0.06,0.986,0.00014,0.00019,-0.05,0.0,0.00243,0.00398,1.05,1.05,0.85,1.0
47,0.7833,1.153,20.046,-0.001,0.4496,0.06,-1.15,0.06,1.023,-0.00225,-0.01614,1.8,0.0,0.00123,0.00279,1.06,0.89,1.08,1.06
48,0.8,1.167,20.048,-0.0,0.4496,0.06,-1.15,0.06,1.069,-0.00458,-0.03107,3.55,3.0,6e-05,0.00162,1.07,1.11,1.04,1.06
49,0.8167,1.181,20.051,0.0,0.4495,0.06,-1.15,0.06,1.018,-0.00668,-0.04407,5.09,5.09,-0.00097,0.00057,1.14,0.77,1.09,1.08
50,0.8333,1.194,20.053,0.0,0.4495,0.07,-1.15,0.06,1.118,-0.00724,-0.05374,5.93,5.93,-0.00118,0.00021,1.13,1.19,1.08,1.06
51,0.85,1.208,20.056,0.0,0.4494,0.07,-1.15,0.06,1.119,-0.00728,-0.05981,6.37,6.37,-0.00115,0.00014,1.15,1.16,1.09,1.08
52,0.8667,1.222,20.059,0.0,0.4493,0.07,-1.15,0.06,1.067,-0.00712,-0.06251,6.51,6.51,-0.00115,0.0003,1.06,1.06,0.96,1.19
53,0.8833,1.236,20.062,0.0,0.4491,0.07,-1.15,0.07,1.038,-0.00633,-0.06166,6.21,6.21,-0.00077,0.00071,1.03,0.9,1.08,1.14
54,0.9,1.25,20.065,-0.0,0.4489,0.06,-1.15,0.06,1.059,-0.00552,-0.05763,5.69,5.69,-0.00043,0.00118,1.13,0.86,1.03,1.21
55,0.9167,1.264,20.068,-0.0,0.4486,0.06,-1.15,0.07,1.205,-0.00446,-0.05059,4.88,4.88,0.00011,0.0017,1.2,1.22,1.15,1.25
56,0.9333,1.278,20.071,-0.0,0.4482,0.06,-1.15,0.07,1.221,-0.00339,-0.04114,3.9,3.9,0.00058,0.00229,1.24,1.22,1.11,1.31
57,0.95,1.292,20.074,-0.001,0.4477,0.06,-1.15,0.07,1.204,-0.00223,-0.03105,2.84,2.84,0.00112,0.00292,1.15,1.31,1.0,1.35
58,0.9667,1.306,20.078,-0.001,0.4472,0.07,-1.15,0.07,1.298,-0.00107,-0.02093,1.78,0.0,0.00165,0.00355,1.36,1.34,1.14,1.35
59,0.9833,1.319,20.081,-0.001,0.4472,0.13,-1.16,0.06,1.105,-0.00272,-0.0139,1.79,0.0,0.00085,0.00269,0.83,0.91,0.91,1.77
60,1.0,1.333,20.083,-0.001,0.4476,0.11,-1.16,0.07,1.203,-0.00374,-0.00957,1.79,0.0,0.00029,0.00224,1.39,1.11,1.14,1.17
61,1.0167,1.347,20.086,-0.0,0.448,0.11,-1.15,0.07,1.176,-0.00597,-0.00889,2.41,2.41,-0.0008,0.00109,1.15,1.19,1.18,1.19
62,1.0333,1.361,20.089,0.0,0.4483,0.1,-1.15,0.07,1.179,-0.00813,-0.01159,3.25,3.25,-0.00187,1e-05,1.21,1.18,1.13,1.19
63,1.05,1.375,20.092,0.0,0.4486,0.09,-1.15,0.07,1.179,-0.00918,-0.01615,3.88,3.88,-0.00243,-0.00048,1.25,1.11,1.09,1.26
64,1.0667,1.389,20.094,0.0,0.4489,0.09,-1.15,0.07,1.159,-0.00901,-0.02119,4.19,4.19,-0.00234,-0.0004,1.19,1.2,1.02,1.23
65,1.0833,1.403,20.097,0.0,0.4491,0.08,-1.15,0.07,1.249,-0.00875,-0.02655,4.48,4.48,-0.00222,-0.00026,1.23,1.2,1.29,1.27
66,1.1,1.417,20.1,0.001,0.4493,0.08,-1.15,0.08,1.202,-0.00881,-0.02963,4.72,4.72,-0.00226,-0.00028,1.24,1.02,1.27,1.28
67,1.1167,1.431,20.104,0.001,0.4494,0.07,-1.15,0.08,1.21,-0.00894,-0.03142,4.88,4.88,-0.00236,-0.00031,1.26,0.99,1.29,1.29
68,1.1333,1.444,20.107,0.001,0.4494,0.07,-1.15,0.08,1.461,-0.00863,-0.03038,4.71,4.71,-0.00219,-0.00017,1.27,2.15,1.26,1.17
69,1.15,1.458,20.11,0.0,0.4495,0.07,-1.15,0.08,1.259,-0.00769,-0.02628,4.15,4.15,-0.00174,0.00032,1.41,1.07,1.29,1.26
70,1.1667,1.472,20.113,0.0,0.4494,0.07,-1.15,0.08,1.109,-0.00715,-0.02104,3.62,3.62,-0.00142,0.00054,1.29,1.41,1.31,0.42
71,1.1833,1.486,20.116,0.0,0.4493,0.07,-1.15,0.07,1.417,-0.00643,-0.01585,3.04,3.04,-0.00106,0.0009,1.41,1.53,1.38,1.36
72,1.2,1.5,20.12,0.0,0.4491,0.06,-1.15,0.07,1.425,-0.00571,-0.01082,2.47,2.47,-0.00068,0.00124,1.37,1.5,1.41,1.41
73,1.2167,1.514,20.123,0.0,0.4488,0.06,-1.15,0.07,1.487,-0.00496,-0.00556,1.88,0.0,-0.0003,0.00161,1.47,1.55,1.45,1.48
74,1.2333,1.528,20.127,-0.0,0.4483,0.06,-1.15,0.07,1.503,-0.00435,-0.00016,1.32,0.0,-0.0,0.00193,1.39,1.49,1.55,1.58
75,1.25,1.542,20.131,-0.0,0.4478,0.06,-1.15,0.07,1.576,-0.00368,0.00495,0.76,0.0,0.00035,0.00224,1.59,1.54,1.59,1.59
76,1.2667,1.556,20.135,-0.0,0.4471,0.06,-1.16,0.07,1.806,-0.00299,0.00918,0.26,0.0,0.0007,0.00258,1.75,1.83,1.98,1.67
77,1.2833,1.569,20.138,0.0,0.4476,0.05,-1.17,0.07,1.326,-0.00417,0.01114,0.47,0.0,9e-05,0.00201,1.31,1.29,1.29,1.41
78,1.3,1.583,20.142,0.0,0.448,0.05,-1.16,0.06,1.422,-0.0063,0.00994,1.19,1.19,-0.00098,0.00095,1.31,1.43,1.41,1.54
79,1.3167,1.597,20.145,0.0,0.4484,0.05,-1.15,0.07,1.41,-0.00671,0.00772,1.47,1.47,-0.00118,0.00074,1.31,1.49,1.42,1.42
80,1.3333,1.611,20.148,0.0,0.4488,0.06,-1.15,0.06,1.492,-0.0062,0.00551,1.47,1.47,-0.00094,0.00101,1.64,1.45,1.42,1.46
81,1.35,1.625,20.152,0.0,0.4491,0.06,-1.15,0.06,1.456,-0.00622,0.00292,1.66,1.66,-0.00094,0.00099,1.46,1.52,1.43,1.41
82,1.3667,1.639,20.155,0.0,0.4494,0.06,-1.15,0.06,1.51,-0.0064,-0.00023,1.94,1.94,-0.00102,0.00089,1.51,1.54,1.52,1.47
83,1.3833,1.653,20.159,0.0,0.4495,0.06,-1.15,0.06,1.524,-0.00652,-0.00383,2.22,2.22,-0.00106,0.00082,1.51,1.56,1.55,1.48
84,1.4,1.667,20.163,0.001,0.4496,0.06,-1.15,0.06,1.536,-0.00664,-0.00591,2.41,2.41,-0.00113,0.00075,1.51,1.6,1.55,1.48
85,1.4167,1.681,20.166,0.001,0.4495,0.07,-1.15,0.06,1.559,-0.00674,-0.00565,2.42,2.42,-0.00113,0.00066,1.52,1.69,1.49,1.54
86,1.4333,1.694,20.17,0.001,0.4493,0.07,-1.15,0.06,1.55,-0.00705,-0.00533,2.49,2.49,-0.00133,0.00055,1.58,1.4,1.56,1.66
87,1.45,1.708,20.174,0.001,0.4491,0.06,-1.15,0.07,1.635,-0.00614,-0.00463,2.17,2.17,-0.00107,0.0012,1.62,1.69,1.59,1.63
88,1.4667,1.722,20.178,0.0,0.4488,0.06,-1.15,0.07,1.665,-0.00542,-0.00325,1.85,1.85,-0.00074,0.00158,1.67,1.63,1.6,1.76
89,1.4833,1.736,20.182,0.0,0.4483,0.06,-1.15,0.07,1.713,-0.0045,-0.0009,1.41,0.0,-0.00034,0.00211,1.75,1.68,1.67,1.75
90,1.5,1.75,20.187,0.0,0.4477,0.06,-1.15,0.07,1.739,-0.00373,0.00207,0.97,0.0,-1e-05,0.00256,1.75,1.66,1.75,1.8
91,1.5167,1.764,20.191,0.0,0.4482,0.11,-1.12,0.07,1.541,-0.00528,0.00323,1.36,1.36,-0.00091,0.0019,1.25,1.38,2.0,1.53
92,1.5333,1.778,20.194,0.001,0.4489,0.11,-1.07,0.07,1.507,-0.00698,0.00259,1.91,1.91,-0.00179,0.00109,1.36,1.44,1.7,1.53
93,1.55,1.792,20.198,0.001,0.4495,0.11,-1.02,0.07,1.577,-0.00835,0.00095,2.44,2.44,-0.00252,0.00044,1.44,1.66,1.69,1.53
94,1.5667,1.806,20.202,0.001,0.4501,0.11,-0.97,0.07,1.557,-0.00899,-0.00209,2.84,2.84,-0.00282,0.00011,1.43,1.56,1.68,1.56
95,1.5833,1.819,20.206,0.001,0.4507,0.11,-0.93,0.07,1.897,-0.00881,-0.00533,3.02,3.02,-0.00274,0.0002,2.89,1.43,1.63,1.64
96,1.6,1.833,20.21,0.001,0.4512,0.11,-0.89,0.07,1.613,-0.00797,-0.00826,2.97,2.97,-0.00235,0.00065,1.47,1.67,1.58,1.73
97,1.6167,1.847,20.214,0.0,0.4517,0.12,-0.85,0.07,1.69,-0.00679,-0.01042,2.77,2.77,-0.00174,0.00122,1.62,1.69,1.64,1.81
98,1.6333,1.861,20.218,0.0,0.452,0.12,-0.8,0.07,1.644,-0.00565,-0.00955,2.36,2.36,-0.00119,0.00181,1.51,1.78,1.7,1.58
99,1.65,1.875,20.223,0.0,0.4522,0.12,-0.76,0.07,1.723,-0.0052,-0.00657,2.02,2.02,-0.00096,0.00204,1.72,1.75,1.73,1.68
100,1.6667,1.889,20.227,0.0,0.4524,0.12,-0.73,0.07,1.785,-0.00549,-0.00284,1.85,1.85,-0.00108,0.00186,1.77,1.79,1.8,1.79
101,1.6833,1.903,20.232,0.0,0.4524,0.12,-0.69,0.07,1.837,-0.00622,0.00035,1.84,1.84,-0.00143,0.00148,1.85,1.84,1.83,1.83
102,1.7,1.917,20.236,0.0,0.4523,0.13,-0.66,0.07,1.861,-0.00711,0.00206,1.99,1.99,-0.00186,0.00102,1.85,1.86,1.87,1.87
103,1.7167,1.931,20.241,0.001,0.452,0.13,-0.62,0.07,1.798,-0.00802,0.00176,2.28,2.28,-0.00229,0.00055,1.57,1.9,1.85,1.87
104,1.7333,1.944,20.246,0.001,0.4519,0.17,-0.6,0.06,1.867,-0.01056,-0.00232,3.33,3.33,-0.00355,-0.00073,1.94,1.92,1.76,1.85
105,1.75,1.958,20.25,0.001,0.4525,0.18,-0.63,0.06,1.804,-0.0128,-0.0094,4.5,4.5,-0.00472,-0.00182,1.81,1.82,1.78,1.81
106,1.7667,1.972,20.254,0.002,0.4529,0.17,-0.64,0.06,1.731,-0.01428,-0.01761,5.52,5.52,-0.00544,-0.00257,1.75,1.71,1.73,1.73
107,1.7833,1.986,20.259,0.002,0.4532,0.14,-0.63,0.06,1.785,-0.01545,-0.02574,6.44,6.44,-0.00603,-0.00315,1.62,1.92,1.79,1.82
108,1.8,2.0,20.263,0.002,0.4533,0.11,-0.62,0.06,1.807,-0.01685,-0.03359,7.41,7.41,-0.00672,-0.00387,1.85,1.84,1.78,1.75
109,1.8167,2.014,20.268,0.003,0.4535,0.09,-0.6,0.06,1.82,-0.01756,-0.04031,8.09,8.09,-0.00714,-0.00415,1.94,1.79,1.84,1.71
110,1.8333,2.028,20.272,0.002,0.4537,0.1,-0.6,0.06,1.793,-0.01486,-0.04251,7.43,7.43,-0.00576,-0.00282,1.8,1.78,1.8,1.78
111,1.85,2.042,20.277,0.002,0.4538,0.09,-0.6,0.05,1.8,-0.01313,-0.04005,6.74,6.74,-0.00475,-0.00211,1.81,1.87,1.7,1.82
112,1.8667,2.056,20.281,0.002,0.4538,0.09,-0.6,0.05,1.84,-0.01127,-0.03366,5.74,5.74,-0.0038,-0.00119,1.87,1.81,1.77,1.91
113,1.8833,2.069,20.286,0.001,0.4535,0.08,-0.6,0.05,1.894,-0.00804,-0.02321,4.04,4.04,-0.00224,0.00047,1.91,1.85,1.92,1.9
114,1.9,2.083,20.291,0.001,0.4532,0.08,-0.6,0.04,1.935,-0.0049,-0.00958,2.14,1.04,-0.00077,0.00214,2.01,1.84,1.89,2.01
115,1.9167,2.097,20.296,0.0,0.4526,0.07,-0.6,0.04,2.063,-0.00242,0.00641,0.28,0.0,0.00047,0.00338,2.06,2.02,2.06,2.11
116,1.9333,2.111,20.301,-0.0,0.4519,0.1,-0.59,0.04,1.979,-0.00059,0.0231,-1.44,0.0,0.00133,0.00435,2.14,1.83,1.93,2.01
117,1.95,2.125,20.306,-0.001,0.4525,0.17,-0.63,0.03,1.823,-0.00208,0.03347,-1.72,-1.72,0.00022,0.00397,1.79,1.81,1.93,1.76
118,1.9667,2.139,20.309,-0.0,0.4534,0.15,-0.68,0.03,1.99,-0.00357,0.03928,-1.68,-1.68,-0.00049,0.00319,2.12,1.82,1.96,2.06
119,1.9833,2.153,20.313,0.0,0.4542,0.15,-0.75,0.03,1.877,-0.00608,0.0399,-0.97,-0.97,-0.00175,0.00194,1.89,1.82,1.94,1.86
120,2.0,2.167,20.318,0.001,0.4548,0.12,-0.8,0.02,2.133,-0.00771,0.03546,-0.17,-0.17,-0.00255,0.00111,1.96,1.96,2.07,2.54
121,2.0167,2.181,20.322,0.001,0.4554,0.1,-0.85,0.02,2.632,-0.00978,0.02619,1.1,1.1,-0.00351,0.0,1.88,4.3,2.32,2.03
122,2.0333,2.194,20.326,0.002,0.4561,0.07,-0.93,0.02,2.037,-0.00929,0.01598,1.67,1.67,-0.00341,0.00039,1.96,1.94,2.25,2.0
123,2.05,2.208,20.33,0.002,0.4566,0.08,-0.97,0.02,2.015,-0.00956,0.00483,2.53,2.53,-0.00355,0.00026,2.03,1.97,2.12,1.94
124,2.0667,2.222,20.335,0.001,0.457,0.08,-1.01,0.02,2.048,-0.00933,-0.0032,3.02,3.02,-0.00344,0.00038,2.04,2.04,2.09,2.02
125,2.0833,2.236,20.34,0.001,0.4572,0.09,-1.06,0.02,2.028,-0.00871,-0.0081,3.18,3.18,-0.0031,0.00067,2.11,2.14,1.81,2.05
126,2.1,2.25,20.344,0.001,0.4572,0.09,-1.11,0.01,2.181,-0.00826,-0.00937,3.13,3.13,-0.0028,0.00081,2.15,2.35,2.1,2.12
127,2.1167,2.264,20.349,0.001,0.4571,0.09,-1.15,0.01,2.186,-0.00772,-0.00826,2.89,2.89,-0.00253,0.00109,2.21,2.15,2.19,2.2
128,2.1333,2.278,20.354,0.001,0.4568,0.09,-1.21,0.01,2.309,-0.00699,-0.00439,2.4,2.4,-0.00217,0.00146,2.32,2.4,2.23,2.29
129,2.15,2.292,20.359,0.001,0.4568,0.06,-1.3,0.01,1.833,-0.0055,3e-05,1.65,1.65,-0.00144,0.00221,1.71,1.76,1.83,2.03
130,2.1667,2.306,20.364,0.001,0.4573,0.04,-1.28,0.02,2.13,-0.00517,0.00455,1.23,1.23,-0.00117,0.00227,1.96,2.1,2.01,2.45
131,2.1833,2.319,20.369,0.001,0.4579,0.05,-1.27,0.02,2.167,-0.00511,0.00834,0.95,0.95,-0.00109,0.00225,2.3,2.11,2.13,2.13
132,2.2,2.333,20.374,0.001,0.4584,0.06,-1.26,0.02,2.531,-0.00493,0.01123,0.69,0.0,-0.00107,0.00242,2.1,2.36,3.42,2.25
133,2.2167,2.347,20.38,0.001,0.4588,0.06,-1.26,0.02,2.229,-0.00453,0.01371,0.4,0.0,-0.00089,0.00263,2.23,2.26,2.27,2.16
134,2.2333,2.361,20.385,0.001,0.4589,0.07,-1.26,0.02,2.301,-0.00481,0.01505,0.39,0.0,-0.00101,0.00246,2.24,2.53,2.22,2.21
135,2.25,2.375,20.39,0.001,0.4588,0.08,-1.26,0.02,2.312,-0.00522,0.01506,0.51,0.51,-0.00122,0.00227,2.25,2.36,2.36,2.29
136,2.2667,2.389,20.396,0.001,0.4585,0.08,-1.26,0.01,2.195,-0.00553,0.01322,0.73,0.73,-0.00138,0.00212,2.28,2.3,2.34,1.87
137,2.2833,2.403,20.401,0.001,0.458,0.09,-1.26,0.01,2.334,-0.00601,0.01077,1.05,1.05,-0.00177,0.00203,2.28,2.29,2.37,2.4
138,2.3,2.417,20.407,0.001,0.4574,0.08,-1.26,0.02,2.413,-0.00494,0.00966,0.8,0.0,-0.00134,0.00267,2.39,2.43,2.37,2.46
139,2.3167,2.431,20.413,0.001,0.4564,0.08,-1.26,0.02,2.417,-0.0045,0.00894,0.72,0.0,-0.0012,0.00297,2.45,2.34,2.41,2.46
140,2.3333,2.444,20.419,0.001,0.4567,0.08,-1.28,0.02,2.175,-0.00641,0.00594,1.51,1.51,-0.00217,0.00203,2.23,2.11,2.1,2.27
141,2.35,2.458,20.424,0.002,0.4573,0.09,-1.28,0.02,2.222,-0.00938,0.00053,2.78,2.78,-0.00367,0.00056,2.31,2.24,2.21,2.13
142,2.3667,2.472,20.429,0.002,0.4579,0.09,-1.27,0.02,2.25,-0.01022,-0.00468,3.39,3.39,-0.00405,9e-05,2.2,2.27,2.22,2.3
143,2.3833,2.486,20.435,0.002,0.4584,0.1,-1.27,0.02,2.348,-0.01019,-0.00892,3.68,3.68,-0.00398,6e-05,2.38,2.33,2.32,2.36
144,2.4,2.5,20.441,0.002,0.4586,0.11,-1.26,0.02,2.331,-0.00964,-0.01157,3.7,3.7,-0.00369,0.00032,2.32,2.41,2.29,2.31
145,2.4167,2.514,20.446,0.002,0.4587,0.11,-1.26,0.02,2.389,-0.00914,-0.01451,3.76,3.76,-0.00341,0.00054,2.37,2.54,2.34,2.3
146,2.4333,2.528,20.452,0.002,0.4585,0.11,-1.26,0.02,2.937,-0.0085,-0.01688,3.73,3.73,-0.00298,0.00075,4.41,2.47,2.48,2.39
147,2.45,2.542,20.458,0.001,0.4583,0.06,-1.25,0.01,2.354,-0.00503,-0.01343,2.45,2.45,-0.00129,0.00253,2.45,2.4,2.31,2.25
148,2.4667,2.556,20.464,0.001,0.458,0.01,-1.25,0.02,2.417,-0.00097,-0.00316,0.51,0.0,0.00074,0.00456,2.43,2.46,2.4,2.37
149,2.4833,2.569,20.47,0.001,0.4575,-0.05,-1.24,0.02,2.477,0.00265,0.01046,-1.53,0.0,0.00252,0.00641,2.49,2.48,2.48,2.46
150,2.5,2.583,20.476,0.0,0.4576,-0.0,-1.27,0.03,2.474,0.00144,0.02117,-1.91,0.0,0.00166,0.00605,2.62,2.61,2.42,2.25
151,2.5167,2.597,20.482,0.0,0.4582,0.05,-1.28,0.03,2.384,-0.00039,0.02814,-1.85,0.0,0.00073,0.00515,2.54,2.34,2.31,2.34
152,2.5333,2.611,20.488,0.001,0.4586,0.06,-1.26,0.03,2.46,-0.00173,0.03238,-1.75,-1.75,9e-05,0.00444,2.51,2.46,2.42,2.46
153,2.55,2.625,20.494,0.001,0.4589,0.06,-1.26,0.03,2.456,-0.00354,0.03359,-1.29,-1.29,-0.00079,0.00352,2.53,2.25,2.51,2.52
154,2.5667,2.639,20.5,0.001,0.459,0.07,-1.26,0.03,2.746,-0.00447,0.03013,-0.77,-0.77,-0.00122,0.00302,2.58,3.36,2.55,2.49
155,2.5833,2.653,20.506,0.001,0.4587,0.07,-1.26,0.03,2.599,-0.00464,0.02274,-0.2,0.0,-0.00123,0.00286,2.59,2.63,2.65,2.52
156,2.6,2.667,20.512,0.001,0.4582,0.08,-1.26,0.04,2.682,-0.00469,0.01245,0.54,0.0,-0.00127,0.00285,2.64,2.76,2.64,2.68
157,2.6167,2.681,20.519,0.001,0.4575,0.07,-1.26,0.03,2.624,-0.00441,0.00494,0.98,0.0,-0.00126,0.00312,2.67,2.5,2.65,2.67
158,2.6333,2.694,20.525,0.001,0.4565,0.07,-1.26,0.04,2.695,-0.00327,0.00138,0.88,0.0,-0.00075,0.00376,2.64,2.77,2.54,2.83
159,2.65,2.708,20.531,0.002,0.4572,0.09,-1.28,0.04,2.558,-0.00586,-0.00303,1.97,1.97,-0.00204,0.00244,2.56,2.62,2.53,2.52
160,2.6667,2.722,20.537,0.002,0.4579,0.1,-1.28,0.04,2.507,-0.00813,-0.00738,2.95,2.95,-0.00318,0.00132,2.6,2.5,2.46,2.47
161,2.6833,2.736,20.543,0.002,0.4584,0.09,-1.27,0.04,2.576,-0.0098,-0.01197,3.78,3.78,-0.00401,0.00048,2.59,2.58,2.55,2.59
162,2.7,2.75,20.55,0.003,0.4587,0.08,-1.26,0.04,2.779,-0.01136,-0.01745,4.63,4.63,-0.00477,-0.00031,2.49,3.64,2.59,2.4
163,2.7167,2.764,20.556,0.003,0.4589,0.08,-1.26,0.04,2.578,-0.01049,-0.02131,4.64,4.64,-0.00433,0.00012,2.57,2.55,2.61,2.58
164,2.7333,2.778,20.562,0.003,0.4588,0.08,-1.26,0.04,2.528,-0.0099,-0.02439,4.68,4.68,-0.00407,0.00044,2.64,2.49,2.65,2.34
165,2.75,2.792,20.569,0.002,0.4583,0.08,-1.26,0.04,2.712,-0.00955,-0.02793,4.82,4.82,-0.00391,0.00063,2.69,2.91,2.63,2.63
166,2.7667,2.806,20.576,0.002,0.4576,0.08,-1.26,0.03,2.665,-0.0091,-0.02791,4.68,4.68,-0.00368,0.00085,2.67,2.71,2.6,2.68
167,2.7833,2.819,20.582,0.002,0.4567,0.07,-1.28,0.03,3.134,-0.0079,-0.02432,4.07,4.07,-0.0031,0.00148,3.15,2.86,3.52,3.0
168,2.8,2.833,20.588,0.002,0.4575,0.07,-1.3,0.03,2.499,-0.0075,-0.01904,3.58,3.58,-0.00295,0.00172,2.8,2.43,2.31,2.45
169,2.8167,2.847,20.595,0.002,0.4582,0.07,-1.28,0.03,2.611,-0.00684,-0.01211,2.9,2.9,-0.00262,0.00205,2.64,2.64,2.6,2.57
170,2.8333,2.861,20.601,0.002,0.4587,0.07,-1.26,0.03,2.682,-0.00626,-0.00631,2.32,2.32,-0.00233,0.00234,2.71,2.65,2.66,2.71
171,2.85,2.875,20.608,0.002,0.459,0.07,-1.26,0.03,2.767,-0.00541,-0.00094,1.69,1.69,-0.00189,0.00275,2.77,2.78,2.79,2.74
172,2.8667,2.889,20.614,0.002,0.4589,0.07,-1.26,0.03,2.851,-0.00479,0.00407,1.15,0.0,-0.00158,0.00306,2.78,2.89,2.91,2.82
173,2.8833,2.903,20.621,0.002,0.4586,0.07,-1.26,0.02,2.856,-0.00426,0.00857,0.68,0.0,-0.00139,0.0034,2.78,2.89,2.87,2.88
174,2.9,2.917,20.628,0.002,0.4579,0.07,-1.26,0.02,2.988,-0.00472,0.01081,0.66,0.0,-0.00165,0.0032,2.86,3.29,2.91,2.89
175,2.9167,2.931,20.635,0.002,0.457,0.07,-1.26,0.03,2.914,-0.00416,0.01295,0.34,0.0,-0.0014,0.00351,3.29,2.81,2.81,2.74
176,2.9333,2.944,20.641,0.002,0.4572,0.2,-1.29,0.01,2.963,-0.00751,0.01071,1.5,1.5,-0.00346,0.00222,3.07,3.29,2.87,2.62
177,2.95,2.958,20.648,0.001,0.458,0.18,-1.29,0.01,2.656,-0.0055,0.0102,0.94,0.94,-0.00243,0.0032,2.85,2.66,2.54,2.57
178,2.9667,2.972,20.654,0.002,0.4583,0.14,-1.27,0.01,2.841,-0.00515,0.00924,0.9,0.9,-0.00226,0.00338,3.0,2.78,2.8,2.78
179,2.9833,2.986,20.661,0.002,0.4586,0.11,-1.26,0.01,2.914,-0.00603,0.00686,1.33,1.33,-0.0027,0.00295,2.98,2.7,2.97,3.0
180,3.0,3.0,20.668,0.002,0.4587,0.1,-1.26,0.01,2.89,-0.00585,0.0044,1.45,1.45,-0.00261,0.00303,2.89,2.85,2.94,2.88
181,3.0167,3.014,20.675,0.002,0.4585,0.09,-1.26,0.01,2.9,-0.00674,0.00179,1.9,1.9,-0.00309,0.00262,2.84,2.91,2.93,2.92
182,3.0333,3.028,20.682,0.003,0.4579,0.08,-1.25,0.0,2.92,-0.00789,-0.00226,2.52,2.52,-0.00362,0.00201,2.89,2.88,2.94,2.97
183,3.05,3.042,20.689,0.003,0.4578,0.09,-1.16,0.01,2.798,-0.00816,-0.00265,2.63,2.63,-0.00371,0.00183,3.56,1.99,2.91,2.73
184,3.0667,3.056,20.696,0.002,0.4593,0.1,-1.09,0.0,2.588,-0.00772,-0.00462,2.64,2.64,-0.00349,0.00205,2.33,2.63,2.94,2.46
185,3.0833,3.069,20.703,0.002,0.4604,0.1,-1.01,0.0,2.738,-0.00656,-0.00551,2.35,2.35,-0.00288,0.00259,2.6,2.68,2.94,2.73
186,3.1,3.083,20.71,0.002,0.4613,0.1,-0.94,0.01,2.874,-0.00538,-0.00418,1.91,1.91,-0.00228,0.00317,3.08,2.75,2.85,2.82
187,3.1167,3.097,20.717,0.002,0.462,0.1,-0.87,0.01,2.928,-0.00472,-0.00252,1.59,0.0,-0.00196,0.00351,3.08,2.8,2.89,2.95
188,3.1333,3.111,20.724,0.002,0.4623,0.11,-0.8,0.02,2.995,-0.00412,0.00048,1.2,0.0,-0.00163,0.00377,3.18,2.91,2.91,2.98
189,3.15,3.125,20.732,0.001,0.4624,0.11,-0.75,0.02,3.066,-0.00172,0.00677,0.04,0.0,-0.00033,0.00488,3.05,3.06,3.13,3.02
190,3.1667,3.139,20.74,0.001,0.4621,0.11,-0.7,0.02,3.084,0.00076,0.01513,-1.29,0.0,0.00092,0.00611,3.11,3.07,3.12,3.04
191,3.1833,3.153,20.748,0.001,0.4616,0.12,-0.65,0.02,3.446,0.0014,0.02269,-2.01,0.0,0.00121,0.00645,4.29,3.23,3.12,3.15
192,3.2,3.167,20.755,0.001,0.4625,0.16,-0.7,0.02,2.936,-0.00172,0.02494,-1.23,0.0,-0.00026,0.0048,3.06,2.82,2.88,2.99
193,3.2167,3.181,20.762,0.001,0.4631,0.18,-0.72,0.02,2.87,-0.00422,0.02315,-0.36,0.0,-0.00151,0.00357,3.03,2.83,2.97,2.65
194,3.2333,3.194,20.769,0.002,0.4635,0.13,-0.69,0.02,3.029,-0.0042,0.0209,-0.2,0.0,-0.00146,0.00353,3.18,2.99,2.99,2.96
195,3.25,3.208,20.776,0.002,0.4635,0.08,-0.66,0.02,3.034,-0.00511,0.01738,0.32,0.32,-0.00188,0.00304,2.72,3.19,3.17,3.06
196,3.2667,3.222,20.784,0.002,0.4636,0.08,-0.66,0.03,3.22,-0.00598,0.01091,1.03,1.03,-0.00228,0.00257,3.23,3.34,3.18,3.14
197,3.2833,3.236,20.792,0.002,0.4634,0.08,-0.65,0.02,3.164,-0.00573,0.00292,1.51,1.51,-0.00204,0.00258,3.18,3.22,3.11,3.15
198,3.3,3.25,20.799,0.002,0.4627,0.08,-0.64,0.02,3.289,-0.00549,-0.00451,1.96,1.96,-0.00182,0.0026,3.22,3.63,3.18,3.14
199,3.3167,3.264,20.807,0.002,0.4625,0.12,-0.73,0.02,3.687,-0.00669,-0.00907,2.64,2.64,-0.0026,0.00218,3.95,3.6,3.6,3.6
200,3.3333,3.278,20.813,0.002,0.4636,0.08,-0.92,0.02,2.875,-0.00491,-0.0087,2.08,0.0,-0.00166,0.00302,3.02,2.56,3.18,2.74
201,3.35,3.292,20.819,0.002,0.4649,0.07,-0.98,0.02,2.979,-0.00544,-0.00893,2.26,2.26,-0.00187,0.0027,3.04,2.83,3.28,2.77
202,3.3667,3.306,20.825,0.002,0.466,0.08,-1.04,0.02,3.053,-0.00558,-0.00834,2.26,2.26,-0.00191,0.0026,3.12,2.96,3.2,2.93
203,3.3833,3.319,20.832,0.002,0.4669,0.08,-1.1,0.02,3.342,-0.00537,-0.00671,2.08,2.08,-0.00177,0.00266,3.18,3.96,3.21,3.02
204,3.4,3.333,20.839,0.002,0.4674,0.08,-1.16,0.02,3.193,-0.00525,-0.00541,1.95,1.95,-0.00171,0.00274,3.19,3.27,3.22,3.09
205,3.4167,3.347,20.846,0.002,0.4675,0.08,-1.22,0.01,3.25,-0.00509,-0.00435,1.83,1.83,-0.00168,0.00286,3.2,3.37,3.24,3.2
206,3.4333,3.361,20.854,0.002,0.4672,0.08,-1.29,0.0,3.27,-0.00531,-0.00241,1.76,1.76,-0.00174,0.00269,3.25,3.29,3.31,3.22
207,3.45,3.375,20.861,0.002,0.4668,0.05,-1.39,-0.0,3.614,-0.00389,-0.00108,1.24,0.0,-0.0011,0.00348,3.56,3.42,4.0,3.47
208,3.4667,3.389,20.868,0.003,0.4675,0.12,-1.47,-0.0,2.854,-0.00857,-0.00417,2.86,2.86,-0.00348,0.00118,3.29,2.87,2.52,2.73
209,3.4833,3.403,20.875,0.003,0.4681,0.09,-1.43,0.0,3.057,-0.00899,-0.00718,3.2,3.2,-0.00365,0.00093,3.23,3.08,2.95,2.96
210,3.5,3.417,20.883,0.003,0.4684,0.07,-1.39,0.0,3.155,-0.01005,-0.01113,3.8,3.8,-0.00416,0.00037,2.98,3.29,3.18,3.17
211,3.5167,3.431,20.891,0.003,0.4687,0.06,-1.38,0.0,3.17,-0.00964,-0.01431,3.89,3.89,-0.00389,0.00052,3.29,2.82,3.29,3.28
212,3.5333,3.444,20.899,0.003,0.4685,0.06,-1.37,-0.0,3.277,-0.00872,-0.01633,3.76,3.76,-0.00336,0.0009,3.38,3.21,3.26,3.25
213,3.55,3.458,20.908,0.003,0.4681,0.02,-1.37,-0.0,3.208,-0.00536,-0.01442,2.62,2.62,-0.00172,0.00264,3.48,3.19,3.04,3.12
214,3.5667,3.472,20.916,0.002,0.4675,-0.06,-1.34,-0.0,3.231,-0.0001,-0.00879,0.65,0.0,0.00086,0.00531,2.9,3.31,3.52,3.2
215,3.5833,3.486,20.924,0.002,0.468,-0.0,-1.41,0.01,3.281,0.00055,0.00164,-0.28,0.0,0.00077,0.00605,3.38,2.97,3.39,3.39
216,3.6,3.5,20.932,0.002,0.4686,0.09,-1.42,0.02,3.127,-0.00109,0.00957,-0.34,0.0,-1e-05,0.00519,3.46,3.0,2.98,3.07
217,3.6167,3.514,20.94,0.002,0.469,0.08,-1.38,0.02,3.215,-0.00121,0.01752,-0.86,0.0,-0.00014,0.0052,3.58,2.37,3.31,3.6
218,3.6333,3.528,20.948,0.002,0.4692,0.07,-1.38,0.02,3.369,-0.00185,0.02343,-1.08,0.0,-0.0005,0.00492,3.41,3.18,3.51,3.38
219,3.65,3.542,20.956,0.002,0.4688,0.07,-1.37,0.03,3.451,-0.00269,0.02682,-1.07,0.0,-0.00091,0.00449,3.49,3.34,3.52,3.45
220,3.6667,3.556,20.965,0.002,0.4679,0.06,-1.36,0.02,3.6,-0.00393,0.02507,-0.58,0.0,-0.00158,0.00392,3.52,3.8,3.53,3.56
221,3.6833,3.569,20.973,0.002,0.4669,0.04,-1.39,0.03,4.018,-0.00386,0.01819,-0.11,0.0,-0.00152,0.00393,4.69,3.58,4.02,3.77
222,3.7,3.583,20.981,0.003,0.4679,0.14,-1.46,0.03,3.404,-0.00925,0.00593,2.36,2.36,-0.00431,0.00133,3.54,3.4,3.22,3.45
223,3.7167,3.597,20.989,0.003,0.4685,0.12,-1.43,0.03,3.233,-0.00905,-0.00297,2.92,2.92,-0.00425,0.00147,3.46,3.22,3.13,3.12
224,3.7333,3.611,20.997,0.003,0.4688,0.1,-1.38,0.03,4.078,-0.00961,-0.01126,3.67,3.67,-0.00444,0.00109,3.58,5.29,3.96,3.47
225,3.75,3.625,21.005,0.003,0.4691,0.08,-1.38,0.03,3.473,-0.00804,-0.01627,3.55,3.55,-0.00371,0.00194,3.39,3.61,3.48,3.41
226,3.7667,3.639,21.013,0.003,0.4688,0.08,-1.36,0.03,3.485,-0.007,-0.01875,3.41,3.41,-0.00309,0.00236,3.45,3.56,3.48,3.46
227,3.7833,3.653,21.022,0.003,0.4679,0.06,-1.35,0.02,3.556,-0.00606,-0.01869,3.13,3.13,-0.00269,0.0029,3.53,3.68,3.5,3.51
228,3.8,3.667,21.031,0.003,0.4674,0.02,-1.41,0.02,3.765,-0.00415,-0.01674,2.42,0.13,-0.00178,0.0039,3.73,3.85,3.74,3.75
229,3.8167,3.681,21.039,0.003,0.4682,0.09,-1.44,0.04,3.519,-0.00639,-0.0118,2.74,2.74,-0.00258,0.00246,3.6,3.41,3.42,3.65
230,3.8333,3.694,21.047,0.002,0.4688,0.09,-1.4,0.04,3.261,-0.00438,-0.00558,1.7,0.0,-0.0016,0.0035,1.31,3.42,4.95,3.36
231,3.85,3.708,21.055,0.002,0.4691,0.08,-1.38,0.04,3.566,-0.00382,0.00106,1.07,0.0,-0.00132,0.00377,3.51,3.59,3.67,3.5
232,3.8667,3.722,21.064,0.002,0.469,0.07,-1.37,0.04,3.625,-0.00391,0.00517,0.81,0.0,-0.00136,0.00372,3.56,3.71,3.66,3.56
233,3.8833,3.736,21.073,0.003,0.4683,0.06,-1.35,0.03,3.866,-0.00425,0.00738,0.76,0.0,-0.0016,0.00362,3.67,4.51,3.77,3.52
234,3.9,3.75,21.082,0.003,0.4676,0.08,-1.38,0.05,3.929,-0.00588,0.00668,1.3,1.3,-0.00294,0.00332,4.1,3.71,3.75,4.16
235,3.9167,3.764,21.09,0.003,0.4679,0.19,-1.44,0.03,3.558,-0.00929,0.00059,2.75,2.75,-0.00492,0.0019,3.73,3.49,3.44,3.57
236,3.9333,3.778,21.098,0.002,0.4685,0.19,-1.45,0.03,3.321,-0.00778,-0.00091,2.4,2.4,-0.00409,0.00257,3.64,3.27,3.19,3.18
237,3.95,3.792,21.107,0.003,0.4687,0.13,-1.39,0.04,3.135,-0.00659,-0.00307,2.19,2.19,-0.00344,0.00313,1.84,3.71,3.57,3.42
238,3.9667,3.806,21.116,0.003,0.4688,0.11,-1.37,0.03,3.645,-0.00714,-0.00612,2.57,2.57,-0.00371,0.00285,3.58,3.58,3.72,3.7
239,3.9833,3.819,21.125,0.003,0.4685,0.09,-1.35,0.03,3.8,-0.00745,-0.00902,2.87,2.87,-0.0039,0.00272,3.62,4.11,3.77,3.7
240,4.0,3.833,21.134,0.004,0.4677,0.07,-1.35,0.04,4.136,-0.00834,-0.01215,3.35,3.35,-0.00455,0.00247,4.92,3.9,3.68,4.05
241,4.0167,3.847,21.142,0.004,0.4679,0.15,-1.43,0.03,3.574,-0.01388,-0.01892,5.49,5.49,-0.00742,-0.00019,3.27,3.79,3.78,3.46
242,4.0333,3.861,21.151,0.004,0.4686,0.17,-1.45,0.03,3.405,-0.01612,-0.02367,6.49,6.49,-0.00849,-0.00135,3.54,3.47,3.46,3.14
243,4.05,3.875,21.159,0.005,0.4689,0.12,-1.4,0.03,3.896,-0.01564,-0.02892,6.72,6.72,-0.00819,-0.00118,3.51,3.59,4.98,3.51
244,4.0667,3.889,21.168,0.005,0.4692,0.11,-1.38,0.03,3.652,-0.01483,-0.03392,6.82,6.82,-0.00772,-0.00084,3.6,3.81,3.6,3.6
245,4.0833,3.903,21.177,0.005,0.4689,0.1,-1.36,0.02,3.708,-0.01429,-0.03722,6.89,6.89,-0.00735,-0.00068,3.69,3.88,3.63,3.63
246,4.1,3.917,21.187,0.004,0.4687,0.1,-1.25,-0.01,2.909,-0.01246,-0.0379,6.39,6.39,-0.00678,0.00059,2.65,3.35,3.43,2.2
247,4.1167,3.931,21.196,0.005,0.4702,0.1,-1.07,-0.02,3.651,-0.01319,-0.03834,6.64,6.64,-0.00706,0.00014,3.48,3.6,3.67,3.86
248,4.1333,3.944,21.205,0.005,0.4717,0.09,-0.97,-0.02,3.516,-0.01431,-0.03418,6.68,6.68,-0.0077,-0.00034,3.45,3.57,3.36,3.68
249,4.15,3.958,21.214,0.005,0.4728,0.09,-0.88,-0.02,3.667,-0.01446,-0.02837,6.32,6.32,-0.00771,-0.00047,3.7,3.89,3.61,3.47
250,4.1667,3.972,21.224,0.005,0.4737,0.09,-0.83,-0.02,3.75,-0.01352,-0.02278,5.65,5.65,-0.0071,-0.00015,3.79,3.72,3.67,3.82
251,4.1833,3.986,21.234,0.005,0.4739,0.08,-0.78,-0.01,3.805,-0.01281,-0.01797,5.1,5.1,-0.00671,0.00017,3.8,3.85,3.75,3.82
252,4.2,4.0,21.243,0.005,0.4735,0.08,-0.73,-0.01,3.847,-0.0124,-0.01387,4.69,4.69,-0.00649,0.00036,3.93,3.9,3.79,3.77
253,4.2167,4.014,21.253,0.004,0.4728,0.05,-0.72,-0.01,4.162,-0.011,-0.0107,4.05,4.05,-0.00578,0.00105,4.03,3.66,4.82,4.15
254,4.2333,4.028,21.262,0.005,0.4732,0.06,-0.78,0.01,3.634,-0.01172,-0.0079,4.07,4.07,-0.00586,0.00041,3.65,3.58,3.53,3.77
255,4.25,4.042,21.271,0.004,0.4738,0.12,-0.77,0.04,3.427,-0.01247,-0.00506,4.09,4.09,-0.00562,-0.00057,3.8,3.66,3.7,2.55
256,4.2667,4.056,21.281,0.004,0.4742,0.11,-0.73,0.04,3.712,-0.0104,-0.00027,3.14,3.14,-0.00453,0.00041,3.63,3.77,3.7,3.74
257,4.2833,4.069,21.29,0.004,0.4741,0.1,-0.7,0.04,3.887,-0.00911,0.00429,2.43,2.43,-0.00388,0.00104,3.85,3.87,3.95,3.87
258,4.3,4.083,21.3,0.004,0.4735,0.07,-0.7,0.04,3.608,-0.00734,0.00941,1.54,1.54,-0.00298,0.00192,3.94,4.64,1.69,4.16
259,4.3167,4.097,21.308,0.003,0.4748,-0.03,-0.93,0.04,4.286,-0.00225,0.01871,-0.63,0.0,-0.00051,0.00452,4.43,4.01,4.6,4.11
260,4.3333,4.111,21.316,0.003,0.4757,0.03,-1.18,0.04,3.675,-0.00399,0.02367,-0.46,0.0,-0.00148,0.00376,3.9,3.75,3.23,3.83
261,4.35,4.125,21.323,0.003,0.4772,0.16,-1.34,0.04,4.494,-0.00817,0.02448,0.74,0.74,-0.00375,0.00185,3.96,3.02,7.91,3.09
262,4.3667,4.139,21.331,0.003,0.4783,0.14,-1.36,0.03,3.729,-0.00579,0.02842,-0.25,-0.25,-0.00259,0.00307,4.12,3.69,3.51,3.6
263,4.3833,4.153,21.34,0.003,0.4791,0.12,-1.39,0.03,3.943,-0.00392,0.03167,-1.04,-1.04,-0.00162,0.00398,4.12,3.97,3.81,3.87
264,4.4,4.167,21.35,0.003,0.4793,0.1,-1.43,0.03,4.04,-0.00239,0.03478,-1.72,-1.72,-0.0008,0.00467,4.11,4.18,3.93,3.94
265,4.4167,4.181,21.359,0.003,0.4788,0.06,-1.44,0.03,3.746,-0.00035,0.03779,-2.54,-2.54,-0.0,0.00592,3.96,3.64,3.62,3.77
266,4.4333,4.194,21.369,0.002,0.4793,0.04,-1.51,0.05,4.067,0.00088,0.03648,-2.82,-2.82,6e-05,0.0071,4.0,4.0,4.12,4.15
267,4.45,4.208,21.378,0.003,0.4795,0.09,-1.55,0.05,4.036,-0.00163,0.03454,-1.93,-1.93,-0.00123,0.00587,4.98,3.76,3.03,4.38
268,4.4667,4.222,21.388,0.003,0.48,0.1,-1.5,0.05,3.909,-0.00202,0.03672,-1.96,-1.96,-0.00146,0.00571,3.85,3.85,4.1,3.83
269,4.4833,4.236,21.397,0.003,0.4799,0.08,-1.45,0.05,4.099,-0.00214,0.03606,-1.88,-1.88,-0.00139,0.00551,4.13,4.15,4.19,3.93
270,4.5,4.25,21.408,0.003,0.4792,0.07,-1.4,0.04,4.003,-0.00297,0.03271,-1.4,-1.4,-0.00174,0.00504,4.18,3.59,4.21,4.03
271,4.5167,4.264,21.418,0.004,0.4787,0.09,-1.45,0.05,4.655,-0.00617,0.02489,0.11,0.11,-0.00362,0.00372,4.63,4.32,5.29,4.38
272,4.5333,4.278,21.427,0.004,0.4787,0.12,-1.6,0.04,4.065,-0.00952,0.01248,1.98,1.98,-0.00535,0.0021,3.67,4.58,4.51,3.5
273,4.55,4.292,21.436,0.004,0.4794,0.15,-1.57,0.05,3.894,-0.01211,-0.00238,3.8,3.8,-0.00682,0.00098,4.18,3.61,4.16,3.62
274,4.5667,4.306,21.446,0.005,0.4799,0.12,-1.5,0.04,3.929,-0.01265,-0.01343,4.74,4.74,-0.00701,0.00063,3.88,3.87,4.12,3.85
275,4.5833,4.319,21.456,0.005,0.4798,0.11,-1.44,0.04,4.083,-0.01223,-0.02233,5.23,5.23,-0.00673,0.00077,4.09,4.14,4.08,4.02
276,4.6,4.333,21.466,0.005,0.479,0.09,-1.39,0.03,4.106,-0.01181,-0.0296,5.62,5.62,-0.00651,0.00097,4.2,4.01,4.11,4.11
277,4.6167,4.347,21.476,0.005,0.4788,0.03,-1.48,0.03,4.648,-0.01054,-0.03383,5.53,5.53,-0.00589,0.00162,4.83,4.89,4.61,4.26
278,4.6333,4.361,21.486,0.005,0.4789,0.12,-1.61,0.03,3.285,-0.01496,-0.03881,7.2,7.2,-0.00818,-0.00051,2.85,3.49,3.14,3.67
279,4.65,4.375,21.495,0.005,0.4797,0.15,-1.51,0.03,4.338,-0.0151,-0.03988,7.32,7.32,-0.00834,-0.00049,2.58,3.84,7.1,3.83
280,4.6667,4.389,21.506,0.005,0.48,0.13,-1.46,0.03,4.137,-0.01332,-0.03634,6.54,6.54,-0.00741,0.00036,4.11,4.19,4.22,4.03
281,4.6833,4.403,21.516,0.005,0.4795,0.1,-1.41,0.01,4.089,-0.01248,-0.0318,5.97,5.97,-0.00699,0.00078,4.2,3.87,4.16,4.13
282,4.7,4.417,21.527,0.005,0.4791,0.11,-1.43,0.04,4.36,-0.01355,-0.02934,6.12,6.12,-0.0083,0.00102,4.4,4.18,4.17,4.68
283,4.7167,4.431,21.537,0.005,0.4788,0.11,-1.55,0.08,4.128,-0.01208,-0.0261,5.45,5.45,-0.00806,0.00224,4.41,4.17,4.31,3.62
284,4.7333,4.444,21.546,0.005,0.4794,0.2,-1.58,0.01,3.693,-0.01478,-0.02733,6.35,6.35,-0.0107,0.00219,3.98,4.0,3.91,2.88
285,4.75,4.458,21.557,0.005,0.4795,0.15,-1.49,0.02,3.718,-0.01256,-0.02158,5.28,5.28,-0.00956,0.00326,1.33,4.12,5.57,3.85
286,4.7667,4.472,21.567,0.005,0.4795,0.11,-1.44,0.01,4.306,-0.0124,-0.01622,4.85,4.85,-0.00944,0.00332,4.22,4.43,4.33,4.25
287,4.7833,4.486,21.578,0.006,0.4789,0.07,-1.42,0.01,4.524,-0.01235,-0.01328,4.63,4.63,-0.00953,0.00346,4.82,4.21,4.35,4.71
288,4.8,4.5,21.588,0.006,0.4789,0.07,-1.56,0.04,4.265,-0.01527,-0.01455,5.6,5.6,-0.01177,0.00277,4.14,4.74,4.15,4.03
289,4.8167,4.514,21.598,0.007,0.4794,0.17,-1.6,0.02,3.726,-0.02188,-0.02137,8.06,8.06,-0.01544,-0.00017,4.1,4.05,4.0,2.75
290,4.8333,4.528,21.608,0.007,0.48,0.16,-1.51,0.02,4.123,-0.02123,-0.02821,8.34,8.34,-0.01506,0.0001,4.38,3.73,3.94,4.45
291,4.85,4.542,21.619,0.007,0.4802,0.14,-1.46,0.02,4.541,-0.0196,-0.02979,7.97,7.97,-0.01422,0.00089,5.24,4.52,4.21,4.19
292,4.8667,4.556,21.63,0.007,0.4796,0.12,-1.4,0.02,4.26,-0.01831,-0.03212,7.74,7.74,-0.01352,0.00148,4.34,4.21,4.2,4.29
293,4.8833,4.569,21.641,0.007,0.479,0.09,-1.46,0.01,4.81,-0.01762,-0.03364,7.64,7.64,-0.01329,0.00194,4.61,4.68,4.76,5.18
294,4.9,4.583,21.651,0.007,0.4791,0.13,-1.58,0.0,4.091,-0.01916,-0.03662,8.31,8.31,-0.01422,0.00132,3.81,4.25,4.19,4.11
295,4.9167,4.597,21.661,0.007,0.4796,0.16,-1.56,0.01,4.439,-0.02008,-0.03718,8.63,8.63,-0.01456,0.00075,4.43,4.28,5.43,3.62
296,4.9333,4.611,21.671,0.007,0.4802,0.15,-1.49,0.01,4.297,-0.018,-0.02872,7.41,7.41,-0.01348,0.00175,4.17,4.64,4.26,4.12
297,4.95,4.625,21.682,0.006,0.4801,0.1,-1.4,-0.0,3.022,-0.01488,-0.01874,5.77,5.77,-0.01172,0.00311,3.5,1.05,4.11,3.43
298,4.9667,4.639,21.692,0.006,0.4813,0.08,-1.12,0.01,4.005,-0.01382,-0.01054,4.88,4.88,-0.01102,0.00347,4.4,3.3,3.65,4.67
299,4.9833,4.653,21.703,0.006,0.4834,0.1,-1.0,0.0,4.321,-0.01418,-0.00503,4.6,4.6,-0.01104,0.00313,4.49,4.76,4.08,3.96
300,5.0,4.667,21.715,0.006,0.4849,0.09,-0.91,-0.01,4.444,-0.01287,0.00047,3.83,3.83,-0.01014,0.00354,4.39,4.45,4.48,4.46
301,5.0167,4.681,21.726,0.006,0.4856,0.08,-0.83,-0.0,4.456,-0.01121,0.0086,2.76,2.76,-0.00925,0.00432,4.46,4.43,4.52,4.43
302,5.0333,4.694,21.738,0.006,0.4855,0.07,-0.74,0.01,4.481,-0.00963,0.01832,1.61,1.61,-0.00848,0.00512,4.36,4.55,4.57,4.45
303,5.05,4.708,21.749,0.005,0.4844,0.07,-0.64,0.01,4.993,-0.00889,0.02549,0.88,0.88,-0.00814,0.00552,5.61,5.01,4.41,4.94
304,5.0667,4.722,21.76,0.006,0.4845,0.03,-0.78,0.01,5.033,-0.00761,0.0299,0.19,0.19,-0.00735,0.00601,5.27,5.02,5.13,4.7
305,5.0833,4.736,21.771,0.006,0.4845,0.13,-0.91,0.0,4.369,-0.01194,0.02824,1.61,1.61,-0.00951,0.00384,4.65,4.2,4.15,4.48
306,5.1,4.75,21.781,0.006,0.4849,0.12,-0.8,-0.0,4.947,-0.01143,0.02768,1.49,1.49,-0.0092,0.00404,4.35,4.19,6.97,4.27
307,5.1167,4.764,21.792,0.006,0.4852,0.09,-0.73,0.0,3.847,-0.00906,0.02827,0.74,0.74,-0.0079,0.00511,3.83,4.59,2.45,4.51
308,5.1333,4.778,21.804,0.005,0.4857,0.14,-0.74,0.02,4.647,-0.01052,0.02559,1.36,1.36,-0.00904,0.00479,5.52,4.84,3.2,5.03
309,5.15,4.792,21.814,0.005,0.4872,0.15,-1.04,0.01,4.754,-0.0095,0.02265,1.26,1.26,-0.00853,0.0053,4.93,4.68,4.98,4.42
310,5.1667,4.806,21.823,0.005,0.4884,0.08,-1.26,0.05,4.671,-0.00425,0.02471,-0.45,0.0,-0.00671,0.00874,4.74,4.73,4.77,4.45
311,5.1833,4.819,21.833,0.004,0.4893,0.13,-1.32,0.05,4.503,-0.00402,0.02543,-0.57,0.0,-0.00661,0.00886,1.26,4.35,8.49,3.92
312,5.2,4.833,21.843,0.004,0.4905,0.1,-1.37,0.05,4.781,-0.002,0.03261,-1.68,-1.68,-0.00545,0.00972,4.56,5.41,4.79,4.36
313,5.2167,4.847,21.854,0.004,0.4908,0.07,-1.41,0.05,4.507,-0.00086,0.03957,-2.51,-2.51,-0.00489,0.0103,4.78,4.21,4.32,4.71
314,5.2333,4.861,21.864,0.004,0.491,0.05,-1.56,0.03,4.832,0.00053,0.04468,-3.29,-3.29,-0.00391,0.01071,4.77,5.01,4.8,4.75
315,5.25,4.875,21.875,0.004,0.4907,0.09,-1.7,0.03,4.42,-0.00249,0.04758,-2.58,-2.58,-0.00554,0.00933,4.91,4.41,3.79,4.57
316,5.2667,4.889,21.885,0.005,0.4912,0.16,-1.66,0.02,4.17,-0.0053,0.0462,-1.65,-1.65,-0.00731,0.00828,4.77,4.07,3.87,3.98
317,5.2833,4.903,21.897,0.005,0.4916,0.12,-1.56,0.02,4.674,-0.00393,0.04098,-1.69,-1.69,-0.00649,0.00884,4.55,4.9,4.81,4.44
318,5.3,4.917,21.908,0.005,0.4913,0.09,-1.47,0.01,4.715,-0.00309,0.03702,-1.66,-1.66,-0.00596,0.00913,4.68,4.73,4.84,4.61
319,5.3167,4.931,21.92,0.005,0.4913,0.01,-1.52,0.0,5.019,-0.00067,0.03395,-2.18,-2.18,-0.00482,0.01042,5.05,5.14,5.0,4.88
320,5.3333,4.944,21.931,0.005,0.4911,0.04,-1.73,-0.0,5.286,-0.00253,0.02816,-1.21,0.0,-0.00569,0.00943,4.81,6.61,4.78,4.94
321,5.35,4.958,21.942,0.004,0.4914,0.15,-1.61,0.01,5.199,-0.00409,0.02002,-0.17,0.0,-0.00653,0.00871,4.04,3.99,8.0,4.77
322,5.3667,4.972,21.954,0.004,0.4917,0.11,-1.54,0.01,4.856,-0.00073,0.01942,-1.14,0.0,-0.00463,0.01017,4.64,5.25,4.94,4.6
323,5.3833,4.986,21.966,0.004,0.4911,0.07,-1.44,-0.0,4.842,0.00044,0.02299,-1.74,0.0,-0.00399,0.0107,4.36,5.11,5.0,4.9
324,5.4,5.0,21.977,0.004,0.4913,0.09,-1.56,0.02,5.047,-0.00252,0.02168,-0.76,0.0,-0.0061,0.00985,5.07,5.02,4.98,5.12
325,5.4167,5.014,21.988,0.005,0.4909,0.13,-1.66,0.02,4.877,-0.00642,0.01565,0.83,0.83,-0.00817,0.00802,4.81,5.26,4.69,4.75
326,5.4333,5.028,21.999,0.005,0.491,0.2,-1.63,0.03,4.606,-0.0094,0.00479,2.48,2.48,-0.00962,0.00649,4.99,3.67,5.58,4.18
327,5.45,5.042,22.011,0.005,0.4911,0.14,-1.52,0.02,4.702,-0.00846,-0.00188,2.67,2.67,-0.00902,0.00684,4.58,4.67,4.94,4.61
328,5.4667,5.056,22.023,0.006,0.4912,0.09,-1.51,0.02,5.341,-0.00824,-0.00593,2.89,2.89,-0.00889,0.00691,5.14,5.5,5.35,5.37
329,5.4833,5.069,22.035,0.006,0.4912,0.06,-1.62,0.02,4.895,-0.00966,-0.01439,3.91,3.91,-0.00946,0.00607,5.18,5.22,4.96,4.22
330,5.5,5.083,22.046,0.006,0.4912,0.18,-1.67,0.01,4.608,-0.01552,-0.02908,6.69,6.69,-0.01251,0.00327,4.47,4.56,4.52,4.88
331,5.5167,5.097,22.058,0.006,0.4916,0.16,-1.6,0.01,4.468,-0.01445,-0.03786,6.99,6.99,-0.01193,0.00375,4.33,4.43,4.72,4.4
332,5.5333,5.111,22.07,0.006,0.4916,0.14,-1.5,-0.0,4.77,-0.01366,-0.04077,6.95,6.95,-0.01142,0.00402,4.7,4.93,4.82,4.62
333,5.55,5.125,22.082,0.006,0.4915,0.08,-1.49,-0.01,5.092,-0.0114,-0.03794,6.08,6.08,-0.01038,0.00525,5.19,5.3,5.04,4.85
334,5.5667,5.139,22.094,0.006,0.4911,0.07,-1.63,-0.02,5.224,-0.01215,-0.03718,6.25,6.25,-0.01078,0.00489,5.34,5.32,5.34,4.9
335,5.5833,5.153,22.105,0.007,0.4911,0.23,-1.71,-0.01,4.275,-0.01813,-0.04289,8.44,8.44,-0.01384,0.00198,4.61,4.41,4.6,3.49
336,5.6,5.167,22.116,0.006,0.4916,0.16,-1.6,-0.01,4.858,-0.01485,-0.04308,7.47,7.47,-0.0121,0.00352,4.49,5.64,4.75,4.55
337,5.6167,5.181,22.129,0.006,0.4916,0.13,-1.5,0.0,4.807,-0.0135,-0.03583,6.56,6.56,-0.01139,0.00416,4.65,4.98,4.88,4.73
338,5.6333,5.194,22.141,0.007,0.4917,0.07,-1.52,0.01,5.069,-0.01222,-0.02923,5.71,5.71,-0.01065,0.00471,5.04,5.09,5.23,4.92
339,5.65,5.208,22.153,0.007,0.4914,0.09,-1.67,0.01,5.243,-0.01401,-0.02609,6.03,6.03,-0.01152,0.00378,5.5,5.04,4.95,5.48
340,5.6667,5.222,22.164,0.007,0.4913,0.18,-1.66,-0.01,4.737,-0.01654,-0.02824,6.94,6.94,-0.01248,0.00221,4.84,4.65,4.9,4.56
341,5.6833,5.236,22.176,0.006,0.4917,0.15,-1.55,-0.02,4.824,-0.01383,-0.02658,6.01,6.01,-0.01103,0.00347,5.1,4.71,4.96,4.54
342,5.7,5.25,22.188,0.006,0.4923,0.19,-1.35,0.02,4.963,-0.01438,-0.01954,5.68,5.68,-0.01057,0.00245,5.2,4.7,4.71,5.25
343,5.7167,5.264,22.2,0.006,0.4946,0.18,-1.2,0.03,4.996,-0.01245,-0.01473,4.77,4.77,-0.00937,0.00319,5.05,4.8,5.41,4.72
344,5.7333,5.278,22.212,0.005,0.4959,0.18,-1.04,0.04,4.835,-0.01152,-0.01093,4.22,4.22,-0.00872,0.00347,5.04,4.83,4.63,4.84
345,5.75,5.292,22.225,0.005,0.4968,0.19,-0.89,0.03,5.368,-0.01079,-0.00814,3.81,3.81,-0.00833,0.00382,6.51,4.8,4.94,5.22
346,5.7667,5.306,22.238,0.005,0.4973,0.17,-0.78,0.02,5.086,-0.00863,-0.00163,2.7,2.7,-0.00728,0.00492,5.15,5.04,5.06,5.09
347,5.7833,5.319,22.251,0.005,0.4977,0.1,-0.77,0.03,5.297,-0.00664,0.00875,1.38,1.38,-0.00604,0.00567,5.24,5.39,5.37,5.19
348,5.8,5.333,22.264,0.005,0.4974,0.1,-0.86,0.03,4.49,-0.00761,0.0141,1.3,1.3,-0.00656,0.00522,5.24,3.78,2.85,6.09
349,5.8167,5.347,22.276,0.005,0.4976,0.03,-0.95,0.05,5.212,-0.00328,0.02382,-0.68,0.0,-0.00485,0.00784,5.16,5.23,5.27,5.19
350,5.8333,5.361,22.289,0.005,0.4973,0.13,-0.79,0.05,5.276,-0.00554,0.02808,-0.3,-0.3,-0.00591,0.00665,5.98,5.1,5.32,4.7
351,5.85,5.375,22.301,0.004,0.4981,0.1,-0.8,0.05,6.609,-0.00218,0.03431,-1.75,-1.75,-0.0045,0.00859,6.71,6.41,6.54,6.78
352,5.8667,5.389,22.312,0.005,0.5,0.1,-1.14,0.01,4.954,-0.0016,0.03964,-2.29,-2.29,-0.00399,0.00865,6.1,3.41,5.31,4.99
353,5.8833,5.403,22.323,0.005,0.5008,0.07,-1.45,-0.01,5.312,-0.00102,0.04272,-2.69,-2.69,-0.00338,0.00864,5.46,5.27,5.3,5.21
354,5.9,5.417,22.333,0.005,0.5019,0.18,-1.56,-0.01,5.078,-0.00691,0.03731,-0.54,-0.54,-0.00614,0.00551,5.29,4.24,6.22,4.57
355,5.9167,5.431,22.345,0.005,0.5029,0.12,-1.53,0.0,5.294,-0.00573,0.03478,-0.72,-0.72,-0.00536,0.0059,5.49,5.15,5.44,5.1
356,5.9333,5.444,22.357,0.006,0.504,0.11,-1.61,0.01,5.239,-0.00688,0.0269,0.18,0.18,-0.00546,0.00485,5.38,5.31,5.07,5.19
357,5.95,5.458,22.369,0.006,0.504,0.11,-1.68,0.01,5.911,-0.00719,0.02197,0.62,0.62,-0.00549,0.00457,5.34,4.96,8.03,5.31
358,5.9667,5.472,22.381,0.006,0.5034,0.09,-1.84,-0.02,5.421,-0.00642,0.01498,0.88,0.88,-0.00509,0.00494,5.45,5.39,5.4,5.44
359,5.9833,5.486,22.394,0.006,0.5036,0.14,-1.68,-0.01,4.911,-0.00787,0.00674,1.89,1.89,-0.0057,0.0041,4.62,4.65,5.44,4.93
360,6.0,5.5,22.407,0.006,0.5034,0.12,-1.53,-0.02,5.89,-0.00691,-0.00014,2.08,2.08,-0.0052,0.00455,5.87,7.23,4.8,5.66
361,6.0167,5.514,22.42,0.006,0.504,0.13,-1.61,0.02,5.466,-0.00901,-0.00229,2.86,2.86,-0.00731,0.00457,5.46,5.35,5.28,5.77
362,6.0333,5.528,22.432,0.006,0.5036,0.12,-1.75,0.02,5.376,-0.0097,-0.0061,3.34,3.34,-0.00816,0.00474,5.49,5.46,5.4,5.16
363,6.05,5.542,22.445,0.007,0.5031,0.25,-1.73,0.02,5.724,-0.01613,-0.01488,5.88,5.88,-0.01124,0.00138,5.31,3.99,9.19,4.4
364,6.0667,5.556,22.457,0.007,0.5031,0.16,-1.59,0.01,4.298,-0.01305,-0.01912,5.25,5.25,-0.00955,0.00277,4.78,4.58,2.69,5.14
365,6.0833,5.569,22.47,0.007,0.504,0.1,-1.63,0.01,5.523,-0.0134,-0.02401,5.7,5.7,-0.00972,0.00259,5.57,5.59,5.62,5.31
366,6.1,5.583,22.483,0.007,0.504,0.11,-1.75,-0.0,5.261,-0.01482,-0.02828,6.43,6.43,-0.01033,0.00178,5.69,5.41,5.32,4.62
367,6.1167,5.597,22.496,0.008,0.5032,0.24,-1.77,0.02,3.482,-0.01927,-0.0376,8.41,8.41,-0.01262,-0.00038,3.94,4.66,0.92,4.4
368,6.1333,5.611,22.508,0.007,0.5037,0.16,-1.65,-0.01,4.665,-0.01572,-0.03999,7.51,7.51,-0.01004,0.00059,4.22,4.19,5.16,5.09
369,6.15,5.625,22.522,0.007,0.504,0.12,-1.57,0.02,5.474,-0.01364,-0.03924,6.84,6.84,-0.00842,0.00105,5.35,5.53,5.73,5.28
370,6.1667,5.639,22.535,0.007,0.5042,0.11,-1.66,0.04,5.434,-0.01272,-0.03103,5.99,5.99,-0.00738,0.00093,5.26,5.61,5.55,5.32
371,6.1833,5.653,22.547,0.007,0.5036,0.13,-1.8,0.04,5.082,-0.01124,-0.02544,5.15,5.15,-0.00687,0.0019,5.1,5.02,5.21,5.0
372,6.2,5.667,22.56,0.006,0.5036,0.21,-1.69,0.04,5.131,-0.01172,-0.02066,4.96,4.96,-0.00682,0.00136,4.71,5.25,5.42,5.15
373,6.2167,5.681,22.573,0.006,0.5037,0.11,-1.59,0.05,5.921,-0.00689,-0.01003,2.77,2.77,-0.00429,0.00366,6.35,5.82,5.94,5.58
374,6.2333,5.694,22.587,0.006,0.5044,0.12,-1.65,0.08,5.586,-0.00651,0.0043,1.65,1.65,-0.00326,0.00302,5.54,5.73,5.58,5.49
375,6.25,5.708,22.6,0.006,0.5039,0.12,-1.73,0.06,5.701,-0.006,0.01378,0.84,0.84,-0.00281,0.00308,5.75,5.65,5.63,5.77
376,6.2667,5.722,22.613,0.006,0.5034,0.12,-1.76,0.05,5.026,-0.0059,0.02009,0.36,0.36,-0.00238,0.00275,4.75,4.31,5.73,5.32
377,6.2833,5.736,22.625,0.006,0.5037,0.11,-1.62,0.06,5.338,-0.00466,0.02597,-0.42,0.0,-0.00166,0.00328,5.68,5.03,5.72,4.92
378,6.3,5.75,22.639,0.006,0.5041,0.09,-1.6,0.06,5.776,-0.00388,0.03043,-0.97,-0.97,-0.00118,0.00357,5.83,5.83,5.72,5.73
379,6.3167,5.764,22.652,0.006,0.5037,0.11,-1.69,0.06,5.458,-0.00478,0.03392,-0.94,-0.94,-0.00145,0.00294,6.2,4.61,5.61,5.42
380,6.3333,5.778,22.665,0.006,0.5027,0.14,-1.8,0.07,4.226,-0.00441,0.0324,-0.94,-0.94,-0.00121,0.00306,4.16,5.63,4.87,2.25
381,6.35,5.792,22.678,0.005,0.5035,0.05,-1.6,0.04,4.944,-0.00123,0.03395,-2.01,-2.01,0.00035,0.00469,1.88,4.52,9.12,4.26
382,6.3667,5.806,22.691,0.006,0.5059,0.04,-1.34,0.07,4.824,-0.00225,0.03373,-1.69,-1.69,1e-05,0.004,5.52,5.17,4.54,4.07
383,6.3833,5.819,22.705,0.006,0.5083,0.05,-1.19,0.06,5.458,-0.00213,0.03356,-1.71,-1.71,-6e-05,0.0042,5.18,5.39,5.75,5.52
384,6.4,5.833,22.719,0.006,0.5096,0.05,-1.06,0.07,5.939,-0.00227,0.03199,-1.56,-1.56,-0.00017,0.00417,6.99,5.47,5.77,5.53
385,6.4167,5.847,22.733,0.006,0.5097,0.14,-0.86,0.09,5.316,-0.00451,0.0275,-0.57,0.0,-0.00147,0.00323,4.79,5.67,5.7,5.11
386,6.4333,5.861,22.748,0.006,0.5105,0.07,-0.77,0.06,5.895,-0.00251,0.02653,-1.1,0.0,-0.00099,0.00475,5.94,5.99,5.81,5.84
387,6.45,5.875,22.762,0.006,0.5105,0.13,-0.87,0.05,6.038,-0.00575,0.02197,0.19,0.19,-0.00285,0.00337,5.83,5.87,4.61,7.83
388,6.4667,5.889,22.775,0.006,0.5097,0.14,-0.98,0.06,5.923,-0.00488,0.01558,0.37,0.0,-0.00269,0.00408,5.98,5.8,5.85,6.06
389,6.4833,5.903,22.788,0.006,0.5095,0.17,-0.87,0.06,5.232,-0.00489,0.011,0.7,0.0,-0.00223,0.00362,4.92,4.87,5.88,5.26
390,6.5,5.917,22.802,0.006,0.5114,0.16,-0.94,0.09,6.093,-0.00516,0.00656,1.09,1.09,-0.00265,0.00376,6.3,5.87,6.32,5.89
391,6.5167,5.931,22.814,0.006,0.5137,0.16,-1.24,0.08,5.95,-0.00509,0.00287,1.33,1.33,-0.00228,0.00346,5.99,5.88,5.91,6.03
392,6.5333,5.944,22.825,0.006,0.5147,0.12,-1.56,0.08,5.791,-0.00423,0.00282,1.07,0.0,-0.00183,0.00387,5.93,5.78,5.9,5.55
393,6.55,5.958,22.837,0.006,0.5153,0.13,-1.7,0.07,5.115,-0.00663,-0.00176,2.11,2.11,-0.00289,0.00252,4.95,4.64,5.93,4.93
394,6.5667,5.972,22.85,0.006,0.5166,0.13,-1.69,0.08,5.989,-0.007,-0.00283,2.3,2.3,-0.00302,0.00229,5.77,5.48,7.3,5.41
395,6.5833,5.986,22.863,0.006,0.5174,0.13,-1.74,0.08,5.78,-0.00699,-0.00466,2.42,2.42,-0.00295,0.00223,5.53,6.08,5.91,5.6
396,6.6,6.0,22.876,0.006,0.5171,0.12,-1.84,0.07,5.87,-0.00656,-0.00582,2.37,2.37,-0.00282,0.00253,5.79,6.0,5.91,5.78
397,6.6167,6.014,22.89,0.006,0.5158,0.28,-1.8,0.07,3.681,-0.01193,-0.01208,4.43,4.43,-0.00612,0.00045,5.89,5.11,2.16,1.57
398,6.6333,6.028,22.904,0.006,0.517,0.19,-1.79,0.07,5.715,-0.00865,-0.01429,3.6,3.6,-0.00445,0.00207,5.78,5.7,5.69,5.69
399,6.65,6.042,22.918,0.007,0.5174,0.16,-1.77,0.07,5.845,-0.00937,-0.01787,4.06,4.06,-0.00476,0.00166,5.84,5.66,5.72,6.16
400,6.6667,6.056,22.932,0.007,0.5172,0.14,-1.84,0.06,6.011,-0.01008,-0.01927,4.37,4.37,-0.00492,0.0011,6.11,5.89,5.89,6.16
401,6.6833,6.069,22.945,0.007,0.5161,0.25,-1.79,0.07,4.857,-0.01571,-0.02593,6.53,6.53,-0.00731,-0.00213,3.16,5.41,5.83,5.03
402,6.7,6.083,22.959,0.007,0.517,0.16,-1.72,0.07,5.852,-0.01297,-0.02897,5.92,5.92,-0.00577,-0.00093,6.03,5.68,5.95,5.74
403,6.7167,6.097,22.974,0.008,0.5175,0.14,-1.74,0.1,5.727,-0.01413,-0.03328,6.57,6.57,-0.00556,-0.0023,5.27,5.89,5.91,5.84
404,6.7333,6.111,22.988,0.008,0.5173,0.14,-1.82,0.11,5.924,-0.0134,-0.0308,6.18,6.18,-0.00537,-0.00176,6.03,5.79,5.83,6.05
405,6.75,6.125,23.002,0.008,0.5161,0.26,-1.82,0.12,3.952,-0.01722,-0.03592,7.68,7.68,-0.00741,-0.00354,1.16,4.93,6.0,3.72
406,6.7667,6.139,23.016,0.008,0.5171,0.17,-1.75,0.12,5.75,-0.0147,-0.03709,7.01,7.01,-0.00599,-0.00244,5.93,5.57,5.68,5.81
407,6.7833,6.153,23.03,0.008,0.5175,0.15,-1.73,0.15,5.784,-0.01532,-0.03802,7.26,7.26,-0.0058,-0.00325,5.71,5.73,5.85,5.84
408,6.8,6.167,23.044,0.008,0.5172,0.18,-1.8,0.13,5.68,-0.01608,-0.03384,7.19,7.19,-0.00605,-0.00375,6.04,5.95,5.89,4.85
409,6.8167,6.181,23.058,0.008,0.5159,0.14,-1.85,0.12,5.702,-0.014,-0.03084,6.36,6.36,-0.00448,-0.00325,5.36,5.24,5.6,6.6
410,6.8333,6.194,23.072,0.008,0.5166,0.13,-1.7,0.12,6.078,-0.0138,-0.0268,6.02,6.02,-0.0042,-0.00333,6.49,5.75,5.71,6.37
411,6.85,6.208,23.087,0.008,0.5173,0.15,-1.71,0.11,5.99,-0.01328,-0.02346,5.63,5.63,-0.00397,-0.00305,6.25,6.38,6.17,5.16
412,6.8667,6.222,23.101,0.008,0.5172,0.16,-1.79,0.11,6.013,-0.01091,-0.01415,4.26,4.26,-0.00301,-0.00163,6.14,6.02,5.96,5.93
413,6.8833,6.236,23.116,0.007,0.5158,0.15,-1.9,0.1,6.125,-0.00955,-0.00716,3.37,3.37,-0.0025,-0.00078,5.7,7.25,5.24,6.31
414,6.9,6.25,23.13,0.008,0.5168,0.15,-1.78,0.12,6.01,-0.00983,-0.00065,3.0,3.0,-0.00242,-0.00115,6.12,5.8,6.03,6.09
415,6.9167,6.264,23.144,0.008,0.5174,0.17,-1.77,0.14,6.039,-0.01161,0.00402,3.2,3.2,-0.00266,-0.00268,6.09,6.03,5.96,6.08
416,6.9333,6.278,23.159,0.008,0.5175,0.13,-1.78,0.16,6.023,-0.00917,0.00851,2.15,2.15,-0.00183,-0.00106,5.86,6.1,6.14,5.99
417,6.95,6.292,23.174,0.008,0.5166,0.02,-1.79,0.2,5.576,-0.00564,0.01588,0.58,0.58,-0.00075,0.00137,7.85,2.79,6.09,5.58
418,6.9667,6.306,23.188,0.008,0.5185,0.12,-1.51,0.21,4.567,-0.01028,0.01706,1.89,1.89,-0.00273,-0.00128,4.86,5.96,5.13,2.32
419,6.9833,6.319,23.203,0.008,0.5211,0.14,-1.31,0.21,6.006,-0.0104,0.01554,2.03,2.03,-0.00286,-0.00127,6.03,5.93,6.24,5.82
420,7.0,6.333,23.218,0.008,0.5223,0.16,-1.12,0.2,6.367,-0.01108,0.0121,2.48,2.48,-0.00325,-0.00156,7.22,5.97,6.23,6.05
421,7.0167,6.347,23.233,0.008,0.5226,0.17,-0.93,0.21,6.747,-0.01094,0.00951,2.62,2.62,-0.0032,-0.00147,6.34,6.9,6.44,7.31
422,7.0333,6.361,23.249,0.008,0.5241,0.15,-0.9,0.18,6.199,-0.01257,0.00738,3.25,3.25,-0.00435,-0.00195,6.2,6.27,6.16,6.17
423,7.05,6.375,23.264,0.009,0.5242,0.17,-0.92,0.18,6.554,-0.01366,0.00187,3.97,3.97,-0.00487,-0.00253,6.73,6.91,6.18,6.39
424,7.0667,6.389,23.279,0.009,0.5232,0.19,-0.97,0.16,5.994,-0.01338,-0.00632,4.46,4.46,-0.00463,-0.00248,6.17,5.86,6.21,5.74
425,7.0833,6.403,23.294,0.009,0.5231,0.14,-0.93,0.17,5.949,-0.01225,-0.00758,4.21,4.21,-0.00399,-0.00199,4.18,6.75,5.62,7.24
426,7.1,6.417,23.306,0.009,0.5266,0.17,-1.22,0.16,6.344,-0.01553,-0.01195,5.49,5.49,-0.00562,-0.00363,6.66,6.01,6.6,6.11
427,7.1167,6.431,23.319,0.009,0.5286,0.16,-1.5,0.17,6.51,-0.0151,-0.01464,5.55,5.55,-0.00569,-0.00313,6.19,6.0,6.14,7.71
428,7.1333,6.444,23.332,0.009,0.5292,0.13,-1.79,0.16,6.912,-0.01409,-0.01613,5.36,5.36,-0.0056,-0.00222,6.23,7.37,6.18,7.87
429,7.15,6.458,23.345,0.01,0.5303,0.27,-1.91,0.14,5.882,-0.01932,-0.02114,7.28,7.28,-0.00853,-0.00452,6.16,5.28,6.76,5.34
430,7.1667,6.472,23.359,0.01,0.5311,0.15,-1.84,0.13,6.243,-0.01508,-0.02006,5.93,5.93,-0.00633,-0.00248,6.9,5.87,6.44,5.76
431,7.1833,6.486,23.373,0.009,0.5313,0.15,-1.87,0.12,6.208,-0.0143,-0.01859,5.59,5.59,-0.00589,-0.00214,6.19,6.19,6.23,6.21
432,7.2,6.5,23.388,0.009,0.53,0.18,-1.9,0.11,6.578,-0.01383,-0.01798,5.41,5.41,-0.00599,-0.00157,6.85,6.21,6.22,7.03
433,7.2167,6.514,23.403,0.009,0.5308,0.21,-1.85,0.08,5.966,-0.01492,-0.0152,5.54,5.54,-0.00702,-0.00163,6.24,5.95,5.72,5.95
434,7.2333,6.528,23.418,0.01,0.5314,0.16,-1.82,0.08,6.169,-0.01373,-0.01197,4.96,4.96,-0.00629,-0.00117,5.86,6.48,6.21,6.12
435,7.25,6.542,23.433,0.009,0.5312,0.17,-1.87,0.08,6.61,-0.01327,-0.00969,4.66,4.66,-0.00619,-0.00081,6.49,6.37,6.39,7.19
436,7.2667,6.556,23.449,0.009,0.5296,0.24,-1.88,0.08,5.364,-0.01474,-0.00382,4.69,4.69,-0.00684,-0.00163,6.34,5.95,4.88,4.29
437,7.2833,6.569,23.463,0.01,0.531,0.18,-1.86,0.07,6.054,-0.0144,-0.00266,4.51,4.51,-0.00668,-0.00145,6.33,6.06,5.89,5.94
438,7.3,6.583,23.478,0.01,0.5315,0.17,-1.84,0.06,6.714,-0.01483,-0.00289,4.65,4.65,-0.00688,-0.00167,6.42,7.72,6.37,6.35
439,7.3167,6.597,23.494,0.01,0.5308,0.19,-1.85,0.07,6.451,-0.01413,-0.00285,4.44,4.44,-0.00657,-0.00128,6.34,6.04,6.4,7.03
440,7.3333,6.611,23.509,0.01,0.5292,0.09,-1.83,0.06,5.398,-0.00948,0.00308,2.63,2.63,-0.00421,0.001,4.93,4.64,5.47,6.54
441,7.35,6.625,23.524,0.01,0.531,0.11,-1.78,0.07,6.83,-0.01234,0.00415,3.41,3.41,-0.0053,-0.00077,8.32,6.32,6.2,6.48
442,7.3667,6.639,23.54,0.01,0.5311,0.18,-1.8,0.08,6.352,-0.01367,0.00324,3.87,3.87,-0.00564,-0.00175,5.54,6.7,6.81,6.35
443,7.3833,6.653,23.555,0.009,0.5305,0.18,-1.92,0.05,6.334,-0.0099,0.00783,2.42,2.42,-0.00408,0.00046,6.41,5.97,6.45,6.51
444,7.4,6.667,23.57,0.009,0.53,0.12,-1.87,0.04,6.657,-0.00635,0.01517,0.84,0.84,-0.00244,0.00235,6.59,6.85,6.98,6.21
445,7.4167,6.681,23.585,0.009,0.5314,0.1,-1.89,0.1,6.169,-0.00657,0.02185,0.44,0.44,-0.00252,0.00222,5.42,6.32,6.64,6.3
446,7.4333,6.694,23.601,0.01,0.5311,0.14,-1.88,0.14,6.848,-0.0075,0.02604,0.43,0.43,-0.00296,0.00173,6.37,8.37,6.67,5.98
447,7.45,6.708,23.616,0.01,0.5301,0.04,-1.82,0.16,6.836,-0.00268,0.02992,-1.29,0.0,-0.00096,0.00455,7.77,6.62,6.72,6.24
448,7.4667,6.722,23.632,0.01,0.531,0.1,-1.86,0.17,6.361,-0.00609,0.03275,-0.47,-0.47,-0.00272,0.0029,6.56,6.44,6.56,5.88
449,7.4833,6.736,23.647,0.01,0.5317,0.15,-1.86,0.14,6.656,-0.00846,0.03418,0.15,0.15,-0.0038,0.00161,6.74,6.16,6.78,6.94
450,7.5,6.75,23.662,0.01,0.5305,0.18,-1.85,0.15,5.085,-0.00706,0.03299,-0.19,-0.19,-0.00282,0.00203,1.98,5.52,6.71,6.13
451,7.5167,6.764,23.678,0.009,0.5307,0.07,-1.75,0.14,5.986,-0.00151,0.03401,-1.93,-1.93,-0.00019,0.00495,6.63,5.61,5.29,6.42
452,7.5333,6.778,23.693,0.01,0.534,0.11,-1.52,0.13,10.427,-0.00394,0.03263,-1.1,-1.1,-0.00167,0.004,18.65,5.8,6.78,10.48
453,7.55,6.792,23.708,0.01,0.5361,0.12,-1.3,0.08,6.477,-0.00707,0.02916,0.08,0.08,-0.00294,0.00214,6.69,6.26,6.71,6.25
454,7.5667,6.806,23.725,0.01,0.5368,0.14,-1.11,0.05,6.459,-0.00724,0.02097,0.7,0.7,-0.00296,0.002,6.78,6.14,6.78,6.14
455,7.5833,6.819,23.741,0.01,0.5378,0.16,-0.99,0.05,6.565,-0.00759,0.01691,1.09,1.09,-0.00314,0.00182,6.23,6.82,6.83,6.37
456,7.6,6.833,23.757,0.01,0.5386,0.15,-0.94,0.04,6.677,-0.00741,0.01596,1.11,1.11,-0.00323,0.00209,6.62,6.58,6.78,6.72
457,7.6167,6.847,23.773,0.01,0.538,0.17,-0.94,0.04,6.745,-0.00778,0.01331,1.4,1.4,-0.00343,0.00192,6.8,6.32,6.81,7.05
458,7.6333,6.861,23.789,0.01,0.5373,0.2,-1.05,0.02,6.44,-0.00908,0.00392,2.45,2.45,-0.00405,0.00124,4.55,7.98,6.51,6.72
459,7.65,6.875,23.803,0.011,0.5408,0.17,-1.3,0.04,6.949,-0.0127,-0.00555,4.2,4.2,-0.00551,-0.00092,7.16,6.45,7.42,6.77
460,7.6667,6.889,23.817,0.011,0.5433,0.17,-1.59,0.06,6.593,-0.01364,-0.01164,4.91,4.91,-0.00603,-0.00134,6.66,6.0,6.73,6.98
461,7.6833,6.903,23.831,0.012,0.5441,0.18,-1.84,0.06,6.687,-0.01488,-0.0181,5.73,5.73,-0.00659,-0.00202,6.72,6.74,6.29,7.0
462,7.7,6.917,23.845,0.012,0.5452,0.24,-1.99,0.06,6.345,-0.01786,-0.02649,7.21,7.21,-0.00833,-0.00326,6.57,5.36,7.91,5.54
463,7.7167,6.931,23.86,0.012,0.5457,0.16,-1.93,0.04,6.314,-0.01618,-0.03233,7.12,7.12,-0.00735,-0.00256,6.09,5.81,6.57,6.79
464,7.7333,6.944,23.876,0.012,0.5459,0.19,-1.93,0.11,6.727,-0.01475,-0.03562,6.92,6.92,-0.00658,-0.00189,6.58,6.22,6.65,7.46
465,7.75,6.958,23.892,0.012,0.5445,0.18,-1.95,0.12,7.063,-0.01521,-0.03765,7.2,7.2,-0.0063,-0.00264,6.63,7.14,7.71,6.78
466,7.7667,6.972,23.907,0.012,0.5455,0.2,-1.96,0.11,6.295,-0.01766,-0.03824,7.97,7.97,-0.00772,-0.00366,6.6,6.06,6.38,6.14
467,7.7833,6.986,23.923,0.013,0.5459,0.17,-1.91,0.11,6.516,-0.01693,-0.03704,7.67,7.67,-0.00737,-0.0033,6.81,6.36,6.69,6.19
468,7.8,7.0,23.94,0.013,0.5448,0.23,-1.83,0.11,6.604,-0.01787,-0.03568,7.86,7.86,-0.00779,-0.00381,6.75,6.44,6.68,6.55
469,7.8167,7.014,23.956,0.012,0.5443,0.11,-1.96,0.1,6.441,-0.01178,-0.02514,5.29,5.29,-0.00471,-0.0008,6.47,5.5,7.14,6.65
470,7.8333,7.028,23.971,0.013,0.5458,0.16,-1.93,0.09,6.412,-0.01533,-0.02125,6.09,6.09,-0.00637,-0.00269,6.26,6.33,6.82,6.24
471,7.85,7.042,23.988,0.013,0.5457,0.18,-1.9,0.09,6.907,-0.01525,-0.01921,5.92,5.92,-0.0062,-0.00278,6.79,7.3,6.29,7.24
472,7.8667,7.056,24.004,0.012,0.5447,0.19,-1.97,0.04,7.372,-0.01301,-0.01465,4.93,4.93,-0.00551,-0.00123,6.78,7.9,7.96,6.85
473,7.8833,7.069,24.02,0.012,0.5451,0.16,-2.0,0.04,6.615,-0.01304,-0.00814,4.48,4.48,-0.00575,-0.00101,6.21,5.77,7.71,6.77
474,7.9,7.083,24.036,0.013,0.546,0.18,-1.96,0.1,6.626,-0.01277,-0.00287,4.03,4.03,-0.0057,-0.0008,6.86,6.19,6.91,6.55
475,7.9167,7.097,24.052,0.013,0.5452,0.16,-1.87,0.15,6.508,-0.00992,0.00565,2.58,2.58,-0.00419,0.00053,6.89,6.13,6.92,6.09
476,7.9333,7.111,24.069,0.013,0.5453,0.13,-1.94,0.22,6.938,-0.01097,0.00581,2.88,2.88,-0.00625,0.00155,6.7,7.0,6.92,7.13
477,7.95,7.125,24.085,0.014,0.546,0.15,-1.93,0.2,6.518,-0.01334,0.00716,3.5,3.5,-0.00715,9e-05,6.31,6.44,7.02,6.31
478,7.9667,7.139,24.101,0.013,0.5455,0.19,-1.87,0.23,6.997,-0.01271,0.00892,3.19,3.19,-0.00666,0.00022,6.95,7.56,6.99,6.49
479,7.9833,7.153,24.118,0.013,0.5449,0.12,-1.97,0.24,7.16,-0.00954,0.01142,2.06,2.06,-0.00464,0.00137,7.01,7.44,7.2,7.0
480,8.0,7.167,24.134,0.014,0.5456,0.15,-1.98,0.24,6.56,-0.01277,0.01032,3.11,3.11,-0.00654,4e-05,6.3,6.23,7.0,6.71
481,8.0167,7.181,24.15,0.014,0.5463,0.16,-1.96,0.29,6.97,-0.012,0.00987,2.91,2.91,-0.0062,0.00047,7.01,6.32,7.05,7.5
482,8.0333,7.194,24.167,0.014,0.5451,0.21,-1.92,0.33,6.446,-0.01284,0.00568,3.45,3.45,-0.00672,0.00015,7.15,6.68,3.98,7.97
483,8.05,7.208,24.183,0.015,0.5471,0.14,-1.73,0.31,5.957,-0.00874,0.00729,2.11,2.11,-0.00518,0.00271,4.87,5.88,6.9,6.17
484,8.0667,7.222,24.2,0.015,0.5495,0.18,-1.41,0.31,6.671,-0.01157,0.00823,2.89,2.89,-0.00676,0.00146,6.5,6.51,7.08,6.6
485,8.0833,7.236,24.217,0.015,0.5509,0.2,-1.17,0.33,7.925,-0.01335,0.00658,3.54,3.54,-0.00689,-0.00018,7.2,7.22,7.14,10.14
486,8.1,7.25,24.235,0.015,0.5522,0.23,-1.15,0.37,7.119,-0.01556,-0.00039,4.7,4.7,-0.00706,-0.00222,6.91,6.84,6.9,7.83
487,8.1167,7.264,24.252,0.015,0.553,0.18,-1.01,0.36,7.124,-0.01321,-0.0008,4.02,4.02,-0.00586,-0.00109,7.02,6.73,7.03,7.71
488,8.1333,7.278,24.27,0.015,0.5531,0.2,-0.98,0.4,6.932,-0.01074,0.00059,3.18,3.18,-0.00464,0.00016,7.07,6.71,7.11,6.83
489,8.15,7.292,24.287,0.015,0.5527,0.17,-1.05,0.4,7.199,-0.00898,0.00449,2.38,2.38,-0.00341,0.0007,7.14,7.33,7.18,7.14
490,8.1667,7.306,24.303,0.015,0.5561,0.04,-1.28,0.35,6.893,-0.00496,0.00784,0.94,0.0,-0.00229,0.0036,5.55,6.86,8.05,7.1
491,8.1833,7.319,24.317,0.016,0.559,0.05,-1.64,0.38,7.055,-0.00493,0.01372,0.52,0.0,-0.00184,0.00317,7.25,6.65,7.02,7.31
492,8.2,7.333,24.332,0.016,0.5599,0.23,-1.97,0.42,6.929,-0.00667,0.01895,0.67,0.67,-0.00309,0.00269,7.27,7.02,7.14,6.29
493,8.2167,7.347,24.347,0.016,0.5599,0.2,-2.05,0.4,5.831,-0.00373,0.02884,-0.9,0.0,-0.00176,0.0043,4.64,5.93,7.14,5.61
494,8.2333,7.361,24.363,0.016,0.5609,0.17,-1.98,0.41,7.427,-0.00442,0.03443,-1.08,-1.08,-0.00243,0.00428,9.18,6.59,7.35,6.59
495,8.25,7.375,24.38,0.016,0.5605,0.18,-1.93,0.41,6.035,-0.00472,0.03649,-1.14,-1.14,-0.00283,0.00438,7.46,6.74,1.09,8.85
496,8.2667,7.389,24.397,0.016,0.5604,0.18,-2.06,0.41,7.406,-0.00338,0.03787,-1.64,-1.64,-0.00157,0.00446,7.33,7.57,7.43,7.29
497,8.2833,7.403,24.413,0.017,0.5606,0.08,-2.03,0.42,6.558,-0.00092,0.03748,-2.35,-2.35,-0.00089,0.00624,6.19,6.07,7.33,6.64
498,8.3,7.417,24.431,0.017,0.5604,0.15,-1.92,0.47,8.042,-0.00587,0.03202,-0.48,-0.48,-0.00279,0.00319,7.81,7.81,6.05,10.5
499,8.3167,7.431,24.448,0.017,0.5607,0.14,-2.01,0.46,7.394,-0.00505,0.02984,-0.57,-0.57,-0.0017,0.00292,7.38,7.58,7.31,7.3
500,8.3333,7.444,24.465,0.018,0.5604,0.09,-2.12,0.43,7.302,-0.00272,0.02729,-1.09,0.0,-0.00036,0.00391,7.56,7.18,7.3,7.16
501,8.35,7.458,24.481,0.018,0.5619,0.11,-2.15,0.37,8.295,-0.00479,0.02364,-0.22,0.0,-0.00228,0.00376,7.48,6.59,7.67,11.45
502,8.3667,7.472,24.497,0.018,0.5616,0.16,-2.16,0.38,6.982,-0.00637,0.01911,0.57,0.57,-0.00239,0.00229,7.54,6.16,7.48,6.75
503,8.3833,7.486,24.514,0.018,0.5602,0.08,-2.11,0.43,6.943,-0.0008,0.01947,-1.12,0.0,-0.00114,0.00661,6.65,7.26,7.24,6.63
504,8.4,7.5,24.531,0.018,0.5609,0.11,-2.01,0.42,7.277,-0.00225,0.01577,-0.43,0.0,-0.00174,0.00576,8.08,6.79,7.5,6.74
505,8.4167,7.514,24.549,0.018,0.561,0.18,-1.99,0.42,7.695,-0.00324,0.01658,-0.19,0.0,-0.00162,0.00465,7.49,8.03,7.79,7.47
506,8.4333,7.528,24.567,0.018,0.5609,0.2,-2.17,0.38,7.475,-0.00246,0.01726,-0.47,0.0,-0.00133,0.00514,7.48,7.48,7.47,7.47
507,8.45,7.542,24.584,0.018,0.5609,0.13,-2.04,0.37,7.132,-0.00062,0.01735,-1.03,0.0,-0.00035,0.006,6.79,6.75,7.47,7.51
508,8.4667,7.556,24.602,0.019,0.5611,0.17,-1.99,0.41,7.368,-0.00316,0.01695,-0.24,0.0,-0.0018,0.00491,7.51,6.8,7.53,7.63
509,8.4833,7.569,24.619,0.019,0.5604,0.2,-2.03,0.41,7.397,-0.00516,0.01615,0.42,0.42,-0.00224,0.00335,7.07,7.46,7.51,7.54
510,8.5,7.583,24.637,0.019,0.5609,0.08,-2.08,0.37,7.049,-0.00203,0.01295,-0.3,0.0,-0.0001,0.00435,6.94,6.86,7.52,6.87
511,8.5167,7.597,24.654,0.02,0.5611,0.16,-1.99,0.37,7.22,-0.00619,0.00734,1.34,1.34,-0.00322,0.0033,7.57,6.52,7.57,7.22
512,8.5333,7.611,24.672,0.021,0.5607,0.16,-2.0,0.37,4.711,-0.00645,0.00315,1.72,1.72,-0.00291,0.00273,5.12,6.23,9.41,-1.91
513,8.55,7.625,24.689,0.021,0.5638,0.15,-1.64,0.33,7.037,-0.00796,-0.00288,2.59,2.59,-0.00349,0.0018,7.31,6.65,7.38,6.81
514,8.5667,7.639,24.706,0.022,0.5659,0.18,-1.35,0.34,7.458,-0.0093,-0.01147,3.59,3.59,-0.00435,0.00132,7.51,6.61,7.53,8.18
515,8.5833,7.653,24.725,0.022,0.5674,0.19,-1.18,0.34,7.343,-0.01101,-0.01816,4.57,4.57,-0.00491,0.00017,7.47,7.23,7.16,7.52
516,8.6,7.667,24.743,0.022,0.568,0.18,-1.08,0.32,7.385,-0.01166,-0.02266,5.08,5.08,-0.00518,-0.00021,7.65,7.09,7.46,7.33
517,8.6167,7.681,24.761,0.022,0.5688,0.17,-1.05,0.28,7.434,-0.01215,-0.03036,5.77,5.77,-0.00536,-0.00052,7.4,7.13,7.47,7.73
518,8.6333,7.694,24.779,0.022,0.5686,0.19,-1.01,0.28,7.476,-0.01264,-0.03335,6.13,6.13,-0.00521,-0.00116,7.41,7.34,7.67,7.47
519,8.65,7.708,24.796,0.022,0.5701,0.08,-1.37,0.24,8.245,-0.00747,-0.03039,4.37,4.37,-0.00245,0.00125,9.47,7.52,8.66,7.32
520,8.6667,7.722,24.811,0.022,0.5739,0.17,-1.76,0.26,7.009,-0.01093,-0.0298,5.37,5.37,-0.00422,-0.00045,7.29,6.53,7.52,6.7
521,8.6833,7.736,24.825,0.023,0.5763,0.2,-2.07,0.26,7.209,-0.01119,-0.02817,5.33,5.33,-0.00439,-0.00053,7.47,6.59,7.52,7.26
522,8.7,7.75,24.841,0.023,0.5771,0.31,-2.36,0.28,6.468,-0.01324,-0.02709,5.87,5.87,-0.00515,-0.00182,7.38,6.57,7.44,4.48
523,8.7167,7.764,24.856,0.023,0.5774,0.05,-2.36,0.23,6.827,-0.00555,-0.01755,2.89,2.89,-0.00106,0.00179,7.72,6.46,7.6,5.52
524,8.7333,7.778,24.873,0.023,0.5773,0.16,-2.2,0.21,9.693,-0.01206,-0.01535,4.69,4.69,-0.00534,-0.00045,7.61,6.17,7.38,17.6
525,8.75,7.792,24.891,0.023,0.5759,0.29,-2.12,0.21,7.976,-0.01497,-0.0159,5.6,5.6,-0.00648,-0.00222,7.63,8.24,7.39,8.64
526,8.7667,7.806,24.908,0.023,0.5757,0.21,-2.11,0.15,7.153,-0.00847,-0.01503,3.59,3.59,-0.0026,0.0004,6.95,7.24,7.53,6.89
527,8.7833,7.819,24.926,0.023,0.576,0.13,-2.09,0.15,8.014,-0.0085,-0.01072,3.3,3.3,-0.00249,0.00026,7.75,8.22,6.96,9.13
528,8.8,7.833,24.944,0.024,0.5764,0.2,-2.06,0.17,6.411,-0.01349,-0.01179,4.87,4.87,-0.00457,-0.00264,4.14,7.25,7.6,6.66
529,8.8167,7.847,24.963,0.024,0.576,0.16,-2.13,0.13,7.284,-0.01134,-0.00842,3.99,3.99,-0.00292,-0.00215,7.57,7.44,7.5,6.63
530,8.8333,7.861,24.981,0.025,0.5761,0.13,-2.06,0.11,8.36,-0.01242,-0.01448,4.74,4.74,-0.00358,-0.00257,7.63,7.54,8.11,10.15
531,8.85,7.875,24.999,0.025,0.5765,0.25,-2.12,0.22,7.533,-0.01454,-0.0153,5.43,5.43,-0.00462,-0.00365,7.68,6.24,8.88,7.33
532,8.8667,7.889,25.017,0.025,0.5757,0.16,-2.15,0.22,7.465,-0.01254,-0.01097,4.53,4.53,-0.00338,-0.00289,7.44,7.34,7.43,7.66
533,8.8833,7.903,25.035,0.026,0.5763,0.12,-2.08,0.21,7.524,-0.01462,-0.01598,5.51,5.51,-0.00448,-0.00387,7.67,6.64,7.72,8.07
534,8.9,7.917,25.053,0.027,0.5765,0.18,-2.04,0.21,7.789,-0.01836,-0.0242,7.2,7.2,-0.00626,-0.00583,6.35,7.27,10.02,7.52
535,8.9167,7.931,25.072,0.026,0.5756,0.21,-2.09,0.19,7.469,-0.01895,-0.02692,7.57,7.57,-0.00679,-0.00589,7.14,7.15,7.37,8.21
536,8.9333,7.944,25.09,0.027,0.5761,0.09,-2.09,0.16,6.829,-0.0156,-0.02807,6.65,6.65,-0.00486,-0.00447,5.8,7.11,7.65,6.76
537,8.95,7.958,25.108,0.027,0.5766,0.18,-2.05,0.18,7.518,-0.01879,-0.03125,7.82,7.82,-0.00611,-0.0064,4.93,7.45,10.03,7.66
538,8.9667,7.972,25.126,0.026,0.5754,0.27,-2.14,0.18,7.471,-0.01848,-0.03155,7.75,7.75,-0.006,-0.00621,8.35,6.26,7.37,7.91
539,8.9833,7.986,25.145,0.026,0.5761,0.14,-2.05,0.16,7.675,-0.01029,-0.02545,4.87,4.87,-0.00173,-0.00229,7.77,8.55,7.8,6.57
540,9.0,8.0,25.163,0.026,0.5773,0.23,-2.18,0.2,7.625,-0.01218,-0.01988,5.04,5.04,-0.00329,-0.00262,7.71,7.34,7.73,7.72
541,9.0167,8.014,25.181,0.026,0.5783,0.17,-1.85,0.22,5.369,-0.00925,-0.00812,3.34,3.34,-0.00218,-0.00079,1.92,5.91,7.69,5.96
542,9.0333,8.028,25.2,0.026,0.5811,0.19,-1.48,0.25,7.358,-0.00958,0.0025,2.7,2.7,-0.00151,-0.0018,7.81,7.44,7.03,7.15
543,9.05,8.042,25.219,0.026,0.5836,0.24,-1.34,0.29,7.843,-0.00825,0.00976,1.79,1.79,-0.00079,-0.00119,7.88,7.9,7.95,7.63
544,9.0667,8.056,25.238,0.026,0.5839,0.17,-1.2,0.34,7.456,-0.00421,0.02358,-0.39,0.0,0.00034,0.00172,8.01,7.0,8.06,6.75
545,9.0833,8.069,25.257,0.027,0.5841,0.11,-1.0,0.32,8.203,-0.00467,0.03495,-1.04,-1.04,9e-05,0.00151,8.25,8.55,7.96,8.05
546,9.1,8.083,25.276,0.028,0.5857,0.09,-1.01,0.3,8.035,-0.00393,0.03729,-1.43,-1.43,0.00031,0.00203,8.03,8.03,8.04,8.04
547,9.1167,8.097,25.295,0.028,0.5852,0.09,-1.18,0.26,7.422,-0.00546,0.03973,-1.14,-1.14,-0.00133,0.00214,3.18,10.14,7.89,8.48
548,9.1333,8.111,25.311,0.028,0.589,0.02,-1.76,0.2,7.804,-0.00258,0.04181,-2.15,-2.15,0.00098,0.0027,7.39,9.77,7.72,6.33
549,9.15,8.125,25.326,0.029,0.5915,0.26,-2.03,0.17,9.631,-0.00593,0.04055,-1.06,-1.06,-0.00126,0.0016,8.42,11.57,8.29,10.25
550,9.1667,8.139,25.342,0.029,0.5923,0.31,-2.25,0.2,6.89,-0.00455,0.03949,-1.4,-1.4,-0.00048,0.00221,7.99,5.36,8.18,6.04
551,9.1833,8.153,25.359,0.029,0.5925,0.05,-2.26,0.13,7.228,0.00058,0.03969,-2.95,-2.95,0.00244,0.00441,8.0,7.02,8.08,5.81
552,9.2,8.167,25.376,0.03,0.5925,0.17,-2.19,0.11,10.579,-0.00736,0.03216,-0.04,-0.04,-0.00196,0.00088,11.45,7.21,12.74,10.92
553,9.2167,8.181,25.395,0.03,0.5924,0.17,-2.17,0.13,7.983,-0.0066,0.02557,0.19,0.19,-0.00279,0.00246,7.96,8.15,8.09,7.74
554,9.2333,8.194,25.414,0.029,0.5919,-0.0,-2.16,0.1,7.566,0.00038,0.0285,-2.11,0.0,0.00031,0.00634,8.18,7.61,6.83,7.65
555,9.25,8.208,25.433,0.03,0.5927,0.19,-2.14,0.1,8.261,-0.00936,0.01811,1.54,1.54,-0.00551,0.00242,8.4,8.03,8.27,8.34
556,9.2667,8.222,25.451,0.03,0.5923,0.39,-2.23,0.12,8.026,-0.01141,0.0103,2.7,2.7,-0.00457,-0.00057,8.0,8.03,8.07,8.0
557,9.2833,8.236,25.47,0.03,0.592,0.08,-2.15,0.13,8.513,-0.00152,0.01217,-0.4,0.0,0.00027,0.00448,8.83,9.12,7.98,8.11
558,9.3,8.25,25.489,0.032,0.5936,0.12,-2.2,0.1,8.052,-0.00707,0.00284,1.92,1.92,-0.00517,0.00436,8.23,7.47,8.25,8.25
559,9.3167,8.264,25.508,0.033,0.5931,0.2,-2.22,0.13,8.258,-0.00872,0.0011,2.54,2.54,-0.00702,0.00457,8.16,8.47,8.21,8.2
560,9.3333,8.278,25.526,0.033,0.5923,0.03,-2.18,0.13,8.934,-0.00649,0.00107,1.87,1.87,-0.00643,0.00621,7.67,7.91,11.44,8.71
561,9.35,8.292,25.545,0.035,0.5937,0.13,-2.19,0.22,7.956,-0.00992,-0.00965,3.65,3.65,-0.00941,0.00576,8.18,7.17,8.23,8.25
562,9.3667,8.306,25.563,0.036,0.5929,0.26,-2.27,0.3,8.154,-0.01174,-0.01095,4.29,4.29,-0.01127,0.0058,8.12,8.12,8.19,8.19
563,9.3833,8.319,25.582,0.037,0.5923,0.09,-2.19,0.27,8.393,-0.01031,-0.0085,3.69,3.69,-0.01064,0.00661,8.8,9.1,8.15,7.52
564,9.4,8.333,25.601,0.038,0.5933,0.22,-2.26,0.3,7.94,-0.01592,-0.02229,6.34,6.34,-0.01565,0.006,8.26,7.01,8.23,8.26
565,9.4167,8.347,25.62,0.039,0.5927,0.22,-2.23,0.39,7.4,-0.0151,-0.02786,6.48,6.48,-0.01498,0.00616,8.07,6.37,8.1,7.05
566,9.4333,8.361,25.64,0.04,0.5925,0.03,-2.12,0.37,7.684,-0.01401,-0.02997,6.3,6.3,-0.01445,0.00671,7.2,8.16,7.2,8.18
567,9.45,8.375,25.659,0.042,0.5938,0.17,-2.15,0.36,8.062,-0.02031,-0.04059,8.93,8.93,-0.02026,0.00622,8.02,8.0,8.1,8.13
568,9.4667,8.389,25.678,0.042,0.5948,0.11,-1.93,0.3,7.119,-0.01995,-0.04603,9.21,9.21,-0.0195,0.00583,6.51,7.11,8.13,6.72
569,9.4833,8.403,25.698,0.043,0.5976,0.15,-1.5,0.32,8.042,-0.02233,-0.05139,10.3,10.3,-0.01987,0.00382,8.08,7.71,7.47,8.9
570,9.5,8.417,25.718,0.043,0.6,0.22,-1.31,0.31,7.462,-0.02295,-0.05823,10.96,10.96,-0.02034,0.00367,7.73,8.33,7.93,5.85
571,9.5167,8.431,25.739,0.042,0.6009,0.19,-1.15,0.23,7.426,-0.02138,-0.05686,10.39,10.39,-0.01956,0.00445,7.93,7.77,5.86,8.15
572,9.5333,8.444,25.759,0.042,0.6009,0.05,-1.07,0.24,8.31,-0.01627,-0.05125,8.47,8.47,-0.0164,0.0064,8.33,8.9,8.06,7.96
573,9.55,8.458,25.779,0.042,0.6022,0.14,-1.09,0.28,7.91,-0.01824,-0.04944,8.93,8.93,-0.0178,0.00584,8.03,7.51,8.06,8.03
574,9.5667,8.472,25.798,0.043,0.6042,-0.01,-1.36,0.21,8.829,-0.01164,-0.03459,5.91,5.93,-0.01573,0.01036,10.43,6.36,10.37,8.15
575,9.5833,8.486,25.815,0.044,0.6068,0.0,-2.0,0.19,8.382,-0.0167,-0.0271,6.91,6.91,-0.01884,0.00841,7.66,7.97,8.25,9.64
576,9.6,8.5,25.832,0.044,0.6091,0.24,-2.14,0.27,6.813,-0.02212,-0.02363,8.29,8.29,-0.02202,0.00617,8.14,7.57,8.24,3.31
577,9.6167,8.514,25.849,0.044,0.61,0.19,-2.28,0.31,7.945,-0.01787,-0.01557,6.45,6.45,-0.01971,0.00811,8.04,7.26,9.8,6.68
578,9.6333,8.528,25.867,0.045,0.61,-0.03,-2.41,0.3,7.897,-0.01287,-0.00495,4.21,4.21,-0.01701,0.01042,9.3,6.11,8.21,7.97
579,9.65,8.542,25.885,0.046,0.6119,0.23,-2.45,0.33,8.131,-0.01907,-0.00723,6.23,6.23,-0.02257,0.00977,8.29,7.6,8.33,8.31
580,9.6667,8.556,25.903,0.046,0.6117,0.19,-2.51,0.37,8.151,-0.01622,-0.00429,5.17,5.17,-0.0212,0.01125,8.28,9.24,8.36,6.72
581,9.6833,8.569,25.922,0.047,0.6103,-0.05,-2.45,0.35,8.142,-0.01141,-0.00354,3.67,3.67,-0.01851,0.01337,8.19,7.18,8.33,8.87
582,9.7,8.583,25.942,0.048,0.6096,0.24,-2.19,0.29,9.976,-0.02618,-0.01287,8.76,6.67,-0.02607,0.00615,15.61,8.68,7.29,8.32
583,9.7167,8.597,25.962,0.048,0.6103,0.16,-2.27,0.33,8.127,-0.02092,-0.01009,6.98,6.98,-0.02191,0.00726,8.0,8.75,8.33,7.43
584,9.7333,8.611,25.981,0.048,0.6102,0.02,-2.42,0.27,8.822,-0.01653,-0.0075,5.49,5.49,-0.01928,0.00902,8.17,10.66,8.11,8.34
585,9.75,8.625,26.001,0.048,0.6108,0.33,-2.39,0.41,8.245,-0.01933,-0.01325,6.73,6.73,-0.02234,0.00928,8.13,8.1,8.37,8.37
586,9.7667,8.639,26.02,0.048,0.6101,0.15,-2.31,0.41,7.877,-0.01346,-0.00589,4.45,4.45,-0.02038,0.01319,8.3,8.31,7.4,7.5
587,9.7833,8.653,26.04,0.049,0.6102,0.09,-2.39,0.39,8.522,-0.01456,-0.00347,4.61,4.61,-0.02107,0.01279,7.79,7.88,8.5,9.92
588,9.8,8.667,26.06,0.05,0.61,0.28,-2.33,0.37,8.35,-0.02186,-0.01379,7.52,7.52,-0.02442,0.00883,8.33,9.3,8.26,7.51
589,9.8167,8.681,26.08,0.049,0.611,0.11,-2.37,0.24,8.184,-0.01817,-0.0039,5.72,5.72,-0.02367,0.01177,8.27,8.27,8.4,7.81
590,9.8333,8.694,26.1,0.049,0.6105,0.21,-2.26,0.16,8.134,-0.01936,-0.00183,5.94,5.94,-0.02524,0.01215,8.3,7.32,8.44,8.47
591,9.85,8.708,26.12,0.048,0.6105,0.27,-2.3,0.14,7.892,-0.01678,-0.00187,5.17,5.17,-0.02359,0.01307,8.41,8.59,8.41,6.16
592,9.8667,8.722,26.14,0.047,0.6111,0.07,-2.39,0.07,8.333,-0.01142,0.0065,2.97,2.97,-0.02201,0.01686,8.46,8.5,8.56,7.81
593,9.8833,8.736,26.16,0.047,0.6106,0.2,-2.26,0.03,8.281,-0.01354,0.00564,3.67,3.67,-0.02449,0.01722,8.51,7.39,8.6,8.62
594,9.9,8.75,26.179,0.047,0.6129,0.18,-1.98,0.04,7.429,-0.00863,0.01106,1.82,1.82,-0.02067,0.01831,8.46,8.17,5.72,7.37
595,9.9167,8.764,26.199,0.047,0.6164,0.2,-1.67,-0.01,6.319,-0.00756,0.02443,0.56,0.56,-0.01997,0.01868,8.44,-0.27,8.47,8.64
596,9.9333,8.778,26.22,0.047,0.6183,0.27,-1.39,-0.02,8.32,-0.00709,0.0329,-0.18,-0.18,-0.01953,0.01871,8.67,8.63,8.68,7.29
597,9.95,8.792,26.241,0.046,0.6186,0.08,-1.2,-0.05,8.582,-0.00118,0.04765,-2.98,-2.98,-0.01769,0.02278,8.77,8.9,8.43,8.23
598,9.9667,8.806,26.262,0.047,0.6192,0.02,-1.26,-0.07,6.991,-0.00108,0.05808,-3.74,-3.74,-0.01755,0.02274,4.31,8.34,8.66,6.66
599,9.9833,8.819,26.282,0.047,0.6188,0.16,-1.16,-0.06,9.114,-0.00553,0.05717,-2.34,-2.34,-0.01871,0.01945,8.68,9.48,9.64,8.65
600,10.0,8.833,26.301,0.046,0.6234,0.05,-1.71,0.0,9.211,-0.00445,0.05966,-2.84,-2.84,-0.01751,0.01933,9.47,8.61,10.13,8.63
601,10.0167,8.847,26.318,0.046,0.6266,0.02,-2.32,0.03,7.899,-0.00416,0.0571,-2.75,-2.75,-0.01707,0.01918,8.45,6.29,8.41,8.44
602,10.0333,8.861,26.335,0.046,0.6289,0.34,-2.61,0.09,7.799,-0.01151,0.04618,0.22,0.22,-0.02033,0.01508,8.38,6.67,8.67,7.47
603,10.05,8.875,26.352,0.045,0.6305,0.09,-2.72,0.12,8.519,-0.00473,0.04306,-1.6,-1.6,-0.01959,0.02113,8.8,8.79,8.79,7.7
604,10.0667,8.889,26.37,0.046,0.6306,0.03,-2.84,0.07,8.341,-0.00392,0.03508,-1.28,-1.28,-0.01934,0.02169,8.91,7.4,8.89,8.16
605,10.0833,8.903,26.389,0.046,0.6304,0.29,-2.74,0.07,7.77,-0.01309,0.01852,2.63,1.72,-0.02361,0.01678,8.68,6.96,8.7,6.74
606,10.1,8.917,26.409,0.045,0.6293,0.08,-2.55,0.1,8.472,-0.00654,0.01526,0.89,0.89,-0.02264,0.02237,8.88,8.85,8.86,7.3
607,10.1167,8.931,26.429,0.046,0.6273,0.19,-2.24,0.08,7.975,-0.01008,0.00764,2.49,2.49,-0.02532,0.02151,8.91,6.83,8.93,7.23
608,10.1333,8.944,26.449,0.046,0.6287,0.13,-2.35,0.07,8.905,-0.00724,0.00356,1.92,1.92,-0.02343,0.02247,9.07,9.29,8.37,8.89
609,10.15,8.958,26.47,0.045,0.6283,0.04,-2.47,-0.05,8.576,-0.00571,0.0091,1.08,1.08,-0.02216,0.02272,8.89,8.85,8.88,7.68
610,10.1667,8.972,26.49,0.046,0.6283,0.07,-2.34,-0.09,8.869,-0.00743,0.00524,1.86,1.86,-0.02333,0.02217,8.66,8.79,9.07,8.95
611,10.1833,8.986,26.51,0.045,0.6297,0.06,-2.46,-0.03,8.905,-0.00778,0.00064,2.29,2.29,-0.02327,0.02176,8.9,8.87,8.92,8.92
612,10.2,9.0,26.531,0.045,0.629,-0.0,-2.56,-0.04,8.375,-0.00443,0.00948,0.67,0.0,-0.02169,0.02353,9.04,8.46,9.08,6.93
613,10.2167,9.014,26.551,0.045,0.6285,0.22,-2.38,-0.06,9.167,-0.01327,0.00142,3.88,3.0,-0.02603,0.01903,9.0,9.21,9.45,9.01
614,10.2333,9.028,26.572,0.045,0.6292,0.12,-2.46,-0.05,8.79,-0.00812,0.00327,2.21,2.21,-0.02536,0.02352,9.03,8.97,9.15,8.01
615,10.25,9.042,26.593,0.045,0.6285,0.07,-2.33,-0.14,8.277,-0.00976,0.00028,2.91,2.91,-0.02576,0.02227,8.91,7.05,8.2,8.94
616,10.2667,9.056,26.614,0.044,0.6289,0.15,-2.34,-0.15,8.843,-0.01112,-0.00532,3.71,3.71,-0.02596,0.02111,9.14,8.8,8.47,8.95
617,10.2833,9.069,26.635,0.044,0.6286,0.08,-2.42,-0.19,8.649,-0.00867,-0.00596,3.02,3.02,-0.0253,0.0229,8.89,8.85,8.89,7.97
618,10.3,9.083,26.655,0.044,0.6285,0.12,-2.31,-0.2,9.16,-0.01032,-0.00787,3.65,3.65,-0.02599,0.02194,8.89,9.3,9.52,8.93
619,10.3167,9.097,26.676,0.044,0.6319,0.19,-2.16,-0.16,7.909,-0.00887,-0.01149,3.46,3.46,-0.02435,0.02175,8.9,6.48,8.93,7.32
620,10.3333,9.111,26.696,0.043,0.6351,0.13,-1.75,-0.13,7.316,-0.00603,-0.00267,1.99,1.99,-0.02267,0.02291,8.81,3.67,8.81,7.98
621,10.35,9.125,26.717,0.044,0.6368,0.14,-1.43,-0.11,8.592,-0.0056,0.00024,1.66,1.66,-0.02218,0.02285,8.94,8.81,8.85,7.77
622,10.3667,9.139,26.739,0.044,0.6371,0.01,-1.25,-0.08,8.845,-0.00218,0.00801,0.09,0.0,-0.02133,0.02542,8.77,8.93,9.02,8.66
623,10.3833,9.153,26.761,0.045,0.6371,0.04,-1.12,-0.08,8.045,-0.00603,0.01229,0.95,0.95,-0.02352,0.02376,9.24,7.81,5.71,9.41
624,10.4,9.167,26.782,0.044,0.6376,0.13,-1.18,-0.11,9.218,-0.0095,0.00996,2.15,2.15,-0.02484,0.02161,9.1,9.52,9.39,8.87
625,10.4167,9.181,26.801,0.044,0.6419,0.18,-1.72,-0.08,9.16,-0.00824,0.01091,1.71,1.71,-0.02506,0.02309,9.82,9.06,9.44,8.33
626,10.4333,9.194,26.818,0.043,0.6457,0.2,-2.31,-0.06,9.024,-0.008,0.01049,1.67,1.67,-0.02488,0.02315,8.99,9.04,9.05,9.01
627,10.45,9.208,26.835,0.043,0.648,0.17,-2.66,-0.06,9.037,-0.00407,0.01125,0.43,0.0,-0.02293,0.02513,8.97,10.89,9.07,7.21
628,10.4667,9.222,26.853,0.043,0.6493,-0.04,-2.93,-0.08,8.998,-0.00055,0.01509,-0.89,0.0,-0.02248,0.0282,9.15,9.15,9.19,8.51
629,10.4833,9.236,26.872,0.044,0.6503,0.19,-2.95,-0.06,8.743,-0.00515,0.01022,0.83,0.83,-0.02687,0.02799,9.15,7.43,9.2,9.2
630,10.5,9.25,26.891,0.043,0.6499,0.17,-2.93,-0.03,8.655,-0.00155,0.01361,-0.49,0.0,-0.0251,0.02983,9.23,9.14,9.28,6.97
631,10.5167,9.264,26.91,0.043,0.6486,-0.05,-2.87,-0.04,6.792,0.00322,0.02505,-2.72,0.0,-0.02354,0.03303,9.36,0.36,9.18,8.26
632,10.5333,9.278,26.931,0.044,0.6471,0.18,-2.59,-0.06,6.362,-0.00618,0.02417,0.16,0.16,-0.02909,0.02918,9.05,8.76,-1.52,9.15
633,10.55,9.292,26.953,0.043,0.6463,0.02,-2.4,-0.09,8.595,0.00246,0.03203,-2.98,-2.84,-0.02501,0.03374,9.6,6.54,9.02,9.22
634,10.5667,9.306,26.975,0.044,0.6471,0.02,-2.66,-0.13,9.051,0.00096,0.03336,-2.62,-2.62,-0.02604,0.03327,8.42,9.9,9.13,8.75
635,10.5833,9.319,26.996,0.043,0.6476,0.19,-2.56,0.01,8.679,0.00103,0.03098,-2.48,-2.48,-0.0263,0.0336,9.34,8.43,9.35,7.6
636,10.6,9.333,27.017,0.043,0.6467,-0.06,-2.5,0.04,9.269,0.00605,0.03878,-4.53,-4.53,-0.02498,0.0373,9.23,9.21,9.28,9.35
637,10.6167,9.347,27.038,0.043,0.648,0.1,-2.51,0.03,8.52,-0.00085,0.03484,-2.18,-2.18,-0.0276,0.03301,8.55,8.31,8.08,9.13
638,10.6333,9.361,27.06,0.043,0.6481,0.11,-2.45,0.06,9.238,0.00012,0.02747,-1.96,0.0,-0.02708,0.03347,9.2,9.22,9.27,9.26
639,10.65,9.375,27.082,0.042,0.6475,0.09,-2.59,0.04,9.264,0.00449,0.03515,-3.81,-3.0,-0.02503,0.03579,9.61,9.4,8.98,9.07
640,10.6667,9.389,27.103,0.042,0.6483,0.27,-2.69,0.06,8.548,0.00185,0.0303,-2.68,-2.68,-0.02605,0.03417,9.14,7.22,9.31,8.51
641,10.6833,9.403,27.123,0.041,0.6479,0.04,-2.58,0.02,8.775,0.0067,0.03257,-4.29,-4.29,-0.02548,0.03845,9.15,9.23,9.23,7.49
642,10.7,9.417,27.145,0.04,0.647,-0.0,-2.71,-0.01,8.613,0.00976,0.03764,-5.56,-5.56,-0.02388,0.03991,8.8,7.99,9.07,8.6
643,10.7167,9.431,27.166,0.04,0.6475,-0.06,-2.37,-0.05,2.366,0.01428,0.04159,-7.2,-7.2,-0.02111,0.04166,8.98,-14.81,8.8,6.49
644,10.7333,9.444,27.187,0.04,0.652,0.03,-1.92,-0.2,8.468,0.01019,0.04796,-6.41,-6.41,-0.02131,0.03777,7.06,2.51,15.64,8.67
645,10.75,9.458,27.208,0.04,0.6559,0.1,-1.59,-0.14,9.406,0.00929,0.05164,-6.4,-6.4,-0.02119,0.03675,8.99,9.11,9.22,10.31
646,10.7667,9.472,27.229,0.04,0.6575,0.09,-1.38,-0.07,8.951,0.01032,0.05144,-6.7,-6.7,-0.02068,0.03728,9.13,9.12,9.18,8.36
647,10.7833,9.486,27.25,0.04,0.6572,0.06,-1.33,-0.04,8.071,0.01291,0.05664,-7.84,-7.84,-0.01954,0.03872,10.41,9.23,5.71,6.94
648,10.8,9.5,27.273,0.04,0.6565,0.2,-1.34,-0.28,8.287,0.00753,0.05071,-5.81,-5.81,-0.01944,0.03324,9.11,9.62,7.47,6.95
649,10.8167,9.514,27.292,0.039,0.6622,0.3,-1.74,-0.27,10.278,0.01038,0.04525,-6.28,-6.28,-0.01851,0.03516,11.65,9.32,11.32,8.82
650,10.8333,9.528,27.31,0.038,0.6672,0.27,-2.46,-0.4,9.074,0.01014,0.03556,-5.53,-5.53,-0.01847,0.03488,9.12,8.84,9.12,9.22
651,10.85,9.542,27.328,0.037,0.6697,0.19,-3.14,-0.53,8.757,0.01155,0.0327,-5.75,-5.75,-0.0178,0.03562,8.98,8.73,8.89,8.43
652,10.8667,9.556,27.345,0.037,0.6716,-0.05,-3.41,-0.73,8.562,0.01136,0.03089,-5.57,-5.57,-0.01746,0.03508,9.25,8.27,9.22,7.51
653,10.8833,9.569,27.364,0.037,0.6733,0.06,-3.5,-0.87,9.348,0.0057,0.02243,-3.28,-3.28,-0.02196,0.03393,9.28,9.43,9.35,9.33
654,10.9,9.583,27.383,0.036,0.6732,-0.02,-3.62,-0.95,8.923,0.00732,0.01399,-3.17,-3.17,-0.02088,0.03446,9.43,9.39,9.37,7.51
655,10.9167,9.597,27.403,0.036,0.6731,0.06,-3.44,-1.01,9.034,0.00311,0.00776,-1.48,-0.17,-0.02356,0.03293,9.43,7.23,9.44,10.04
656,10.9333,9.611,27.423,0.035,0.6716,0.22,-3.34,-1.04,8.86,0.00038,-0.00345,0.13,0.0,-0.02547,0.03212,9.54,7.79,9.58,8.53
657,10.95,9.625,27.444,0.034,0.6695,0.0,-3.04,-1.08,9.077,0.00579,-0.00751,-1.21,-1.21,-0.02454,0.0366,9.55,9.53,9.52,7.71
658,10.9667,9.639,27.466,0.034,0.667,0.14,-2.6,-1.11,8.092,0.00082,-0.01765,0.99,0.0,-0.02802,0.03512,9.72,6.26,9.68,6.72
659,10.9833,9.653,27.488,0.033,0.6679,0.07,-2.75,-1.13,9.455,0.00544,-0.02162,-0.12,-0.12,-0.02571,0.03742,9.65,9.59,9.3,9.28
660,11.0,9.667,27.51,0.033,0.6683,-0.14,-2.92,-1.11,9.399,0.0075,-0.01718,-1.05,-1.05,-0.02541,0.03917,9.65,9.66,9.59,8.7
661,11.0167,9.681,27.532,0.032,0.6683,0.1,-2.74,-1.09,8.879,0.00217,-0.0204,0.78,0.0,-0.02964,0.03809,9.65,7.46,8.72,9.69
662,11.0333,9.694,27.554,0.032,0.6679,0.06,-2.76,-1.09,9.132,0.00524,-0.01576,-0.47,-0.47,-0.02786,0.03937,8.63,9.59,9.62,8.69
663,11.05,9.708,27.576,0.031,0.6688,0.06,-2.77,-1.11,9.336,0.00365,-0.01051,-0.36,0.0,-0.0287,0.03862,9.52,8.69,9.57,9.57
664,11.0667,9.722,27.598,0.031,0.668,0.13,-2.75,-1.09,8.959,0.00359,-0.0115,-0.27,0.0,-0.02774,0.0376,9.6,9.58,7.8,8.87
665,11.0833,9.736,27.62,0.03,0.6674,-0.13,-2.78,-1.04,9.386,0.01071,5e-05,-3.22,-3.0,-0.02414,0.04113,9.28,9.62,9.73,8.91
666,11.1,9.75,27.642,0.03,0.6679,0.02,-2.65,-0.99,9.915,0.00327,-0.00218,-0.83,0.0,-0.0272,0.03674,9.69,9.88,10.46,9.64
667,11.1167,9.764,27.665,0.03,0.6705,0.25,-2.55,-0.9,8.452,-0.00364,-0.01337,2.03,0.0,-0.02862,0.03125,9.64,8.56,6.26,9.35
668,11.1333,9.778,27.686,0.028,0.674,0.36,-2.16,-0.81,9.349,0.00167,-0.01229,0.36,0.0,-0.02636,0.0343,9.63,9.91,9.55,8.3
669,11.15,9.792,27.708,0.027,0.6765,0.21,-1.79,-0.75,7.809,0.01,-0.00592,-2.58,-2.58,-0.02372,0.03998,9.41,-0.37,14.84,7.35
670,11.1667,9.806,27.732,0.027,0.6794,0.4,-1.52,-0.96,9.543,0.01059,0.00193,-3.31,-3.31,-0.02274,0.0396,9.51,9.44,9.64,9.58
671,11.1833,9.819,27.755,0.027,0.6801,0.45,-1.54,-1.12,9.876,0.01312,0.01149,-4.74,-4.74,-0.02164,0.04102,9.64,9.64,10.56,9.67
672,11.2,9.833,27.779,0.027,0.6801,0.03,-1.68,-1.28,9.461,0.0167,0.01627,-6.15,-6.15,-0.0206,0.04357,9.62,9.61,9.68,8.94
673,11.2167,9.847,27.799,0.027,0.685,0.3,-2.23,-1.21,10.127,0.00611,0.01723,-3.04,-3.15,-0.02693,0.03931,11.96,9.4,9.53,9.61
674,11.2333,9.861,27.818,0.026,0.6884,0.28,-2.61,-1.15,9.302,0.01045,0.02965,-5.21,-5.21,-0.02582,0.04254,9.72,9.71,9.74,8.03
675,11.25,9.875,27.838,0.025,0.6902,0.1,-2.93,-1.16,9.39,0.01285,0.0376,-6.49,-6.49,-0.0257,0.04483,9.6,9.6,9.65,8.72
676,11.2667,9.889,27.858,0.024,0.6908,0.18,-3.16,-1.15,9.245,0.01117,0.0343,-5.75,-5.75,-0.02722,0.04466,9.55,8.22,9.59,9.62
677,11.2833,9.903,27.878,0.024,0.6907,-0.02,-3.13,-1.13,9.182,0.01695,0.03672,-7.65,-7.65,-0.02574,0.04895,9.63,9.65,9.73,7.73
678,11.3,9.917,27.899,0.024,0.69,0.08,-2.95,-1.14,8.811,0.01282,0.03201,-6.09,-6.09,-0.02854,0.04763,9.53,7.59,9.57,8.56
679,11.3167,9.931,27.921,0.023,0.6899,0.09,-3.01,-1.11,10.315,0.01593,0.02737,-6.7,-6.7,-0.02627,0.04847,9.27,15.79,7.64,8.57
680,11.3333,9.944,27.943,0.022,0.6887,-0.17,-2.94,-1.17,9.012,0.01962,0.03798,-8.54,-8.54,-0.02535,0.05124,9.56,5.58,9.58,11.33
681,11.35,9.958,27.965,0.021,0.6903,0.06,-2.95,-1.14,9.35,0.01359,0.03665,-6.64,-6.64,-0.02847,0.04832,9.14,9.3,9.34,9.61
682,11.3667,9.972,27.988,0.02,0.6908,0.0,-3.08,-1.2,8.791,0.01426,0.0337,-6.64,-6.64,-0.02829,0.04882,9.41,9.39,9.52,6.84
683,11.3833,9.986,28.011,0.019,0.69,0.07,-2.96,-1.29,9.139,0.01217,0.03068,-5.8,-5.8,-0.03043,0.04888,9.61,8.1,9.68,9.17
684,11.4,10.0,28.034,0.018,0.6893,-0.0,-2.95,-1.28,9.736,0.01887,0.02898,-7.69,-7.69,-0.02671,0.05185,3.39,16.67,9.96,8.92
685,11.4167,10.014,28.057,0.017,0.6888,-0.17,-2.93,-1.21,7.875,0.02194,0.03489,-9.02,-9.02,-0.0248,0.05301,7.84,9.39,9.31,4.96
686,11.4333,10.028,28.08,0.017,0.6904,0.06,-2.94,-1.19,9.401,0.01379,0.0285,-6.13,-6.13,-0.02927,0.04933,9.55,9.29,9.33,9.43
687,11.45,10.042,28.103,0.016,0.6906,-0.01,-3.01,-1.14,9.482,0.0171,0.02249,-6.7,-6.7,-0.02836,0.05173,9.75,9.72,9.76,8.7
688,11.4667,10.056,28.126,0.016,0.6902,0.08,-2.95,-1.12,10.046,0.01262,0.0188,-5.1,-5.1,-0.03053,0.04942,11.02,10.19,9.22,9.76
689,11.4833,10.069,28.149,0.015,0.6913,0.01,-3.09,-1.1,9.61,0.01616,0.01849,-6.14,-6.14,-0.02955,0.05198,9.92,9.87,9.97,8.67
690,11.5,10.083,28.171,0.014,0.6937,0.38,-2.52,-1.02,9.466,0.00494,0.00883,-2.1,-3.14,-0.03325,0.04446,10.05,8.03,9.85,9.94
691,11.5167,10.097,28.193,0.012,0.6984,0.33,-2.24,-0.96,12.683,0.01178,0.00048,-3.57,-3.57,-0.03053,0.04858,10.49,22.56,10.04,7.64
692,11.5333,10.111,28.215,0.011,0.7015,0.15,-2.0,-0.96,12.36,0.01123,-0.0106,-2.63,-2.63,-0.03075,0.04826,10.17,19.4,9.97,9.91
693,11.55,10.125,28.237,0.01,0.7025,0.16,-1.87,-1.0,9.772,0.00912,-0.01413,-1.75,-1.75,-0.03195,0.04734,10.02,8.65,10.02,10.4
694,11.5667,10.139,28.259,0.008,0.7021,-0.06,-1.71,-1.05,9.662,0.01216,-0.01751,-2.42,-2.42,-0.03158,0.05002,10.05,10.07,10.0,8.52
695,11.5833,10.153,28.28,0.007,0.7064,0.33,-2.11,-0.86,10.043,0.00092,-0.02744,1.65,0.0,-0.04089,0.04808,10.32,10.05,10.02,9.8
696,11.6,10.167,28.299,0.005,0.7112,0.45,-2.58,-0.79,9.085,0.00614,-0.03445,0.57,0.57,-0.03957,0.05198,10.13,10.38,7.16,8.67
697,11.6167,10.181,28.319,0.003,0.7149,0.27,-3.05,-0.94,10.075,0.0058,-0.02943,0.32,0.32,-0.03906,0.05113,10.04,10.09,10.05,10.12
698,11.6333,10.194,28.338,0.001,0.7161,0.15,-3.55,-1.09,9.594,0.00736,-0.03044,-0.08,-0.08,-0.03624,0.04987,10.1,8.12,10.03,10.12
699,11.65,10.208,28.357,-0.001,0.7169,0.0,-3.69,-1.2,9.6,0.01125,-0.02677,-1.5,-1.5,-0.03561,0.05313,10.01,10.11,10.12,8.16
700,11.6667,10.222,28.377,-0.002,0.7171,0.09,-3.64,-1.34,9.61,0.00682,-0.02592,-0.23,-0.23,-0.03899,0.05208,10.19,7.89,10.18,10.18
701,11.6833,10.236,28.398,-0.003,0.7159,0.17,-3.64,-1.43,10.6,0.00568,-0.02948,0.36,0.36,-0.03901,0.05096,10.05,13.79,10.01,8.55
702,11.7,10.25,28.419,-0.005,0.7146,-0.16,-3.52,-1.47,7.81,0.01309,-0.01342,-2.99,-2.64,-0.0374,0.05676,2.95,10.04,10.05,8.19
703,11.7167,10.264,28.442,-0.006,0.7144,0.1,-3.3,-1.41,9.562,0.00491,-0.01307,-0.56,0.0,-0.04136,0.05255,10.0,9.91,8.3,10.04
704,11.7333,10.278,28.466,-0.007,0.7144,-0.04,-3.28,-1.36,9.843,0.01005,-0.00713,-2.52,-2.52,-0.04073,0.05705,10.28,10.28,10.27,8.53
705,11.75,10.292,28.489,-0.008,0.7149,0.1,-3.33,-1.31,10.072,0.00753,-0.00611,-1.83,-1.83,-0.04213,0.05593,10.62,10.42,9.11,10.14
706,11.7667,10.306,28.512,-0.009,0.7164,0.02,-3.34,-1.24,10.228,0.00728,-0.00945,-1.52,-1.52,-0.04215,0.05571,10.22,10.21,10.25,10.22
707,11.7833,10.319,28.535,-0.011,0.7153,-0.08,-3.49,-1.16,8.235,0.00874,-0.00635,-2.18,-2.18,-0.04204,0.05704,4.34,9.71,10.48,8.4
708,11.8,10.333,28.558,-0.011,0.7147,0.16,-3.37,-1.09,9.31,0.00239,-0.00896,-0.09,0.0,-0.04505,0.05372,9.98,8.02,10.26,8.98
709,11.8167,10.347,28.582,-0.012,0.7155,0.1,-3.28,-1.02,9.96,0.0074,-0.01374,-1.26,-1.26,-0.04242,0.05609,9.63,10.26,10.3,9.65
710,11.8333,10.361,28.606,-0.013,0.7164,0.15,-3.43,-0.97,10.301,0.00765,-0.00929,-1.64,-1.64,-0.04224,0.05616,10.3,10.3,10.32,10.29
711,11.85,10.375,28.629,-0.015,0.7154,-0.03,-3.48,-0.96,9.809,0.01343,-0.0047,-3.7,-3.7,-0.04071,0.06041,10.33,10.33,10.4,8.17
712,11.8667,10.389,28.652,-0.015,0.7166,0.13,-3.06,-0.85,9.103,0.00699,-0.00468,-1.77,-1.77,-0.04259,0.05585,10.35,6.7,9.17,10.2
713,11.8833,10.403,28.673,-0.017,0.7216,0.17,-2.77,-0.5,10.061,0.00825,-0.00313,-2.26,-2.26,-0.04115,0.05567,9.87,10.1,10.17,10.11
714,11.9,10.417,28.693,-0.018,0.7251,0.03,-2.42,-0.27,9.845,0.01644,0.00517,-5.29,-5.26,-0.03952,0.06223,10.17,10.32,10.35,8.54
715,11.9167,10.431,28.715,-0.018,0.7269,-0.13,-2.16,-0.1,8.328,0.02158,0.02428,-8.17,-8.17,-0.03908,0.06693,10.12,4.9,10.1,8.2
716,11.9333,10.444,28.737,-0.018,0.7275,-0.12,-1.97,-0.0,8.43,0.02267,0.03708,-9.4,-9.4,-0.03888,0.06782,7.15,7.67,9.84,9.05
717,11.95,10.458,28.76,-0.018,0.7272,0.09,-1.81,0.08,9.64,0.01874,0.04404,-8.7,-8.7,-0.04265,0.06766,9.91,8.55,10.06,10.04
718,11.9667,10.472,28.776,-0.018,0.7353,0.18,-2.8,0.15,9.241,0.01837,0.04383,-8.58,-8.58,-0.04438,0.06902,10.6,9.94,8.96,7.45
719,11.9833,10.486,28.792,-0.019,0.7416,0.39,-3.46,0.05,9.798,0.01739,0.04927,-8.67,-8.67,-0.04407,0.06773,10.0,9.84,10.16,9.19
720,12.0,10.5,28.808,-0.02,0.7455,0.45,-4.15,0.02,9.423,0.01802,0.0534,-9.14,-9.14,-0.04374,0.06803,10.02,9.83,10.06,7.79
721,12.0167,10.514,28.824,-0.021,0.7482,0.15,-4.61,-0.02,9.386,0.02537,0.05618,-11.54,-11.54,-0.04284,0.07447,10.05,9.8,10.01,7.69
722,12.0333,10.528,28.842,-0.021,0.75,0.06,-4.97,-0.13,9.345,0.02333,0.05124,-10.59,-10.59,-0.04377,0.07337,10.0,7.81,9.99,9.57
723,12.05,10.542,28.86,-0.021,0.751,0.22,-5.32,-0.2,10.447,0.01987,0.04221,-8.92,-8.92,-0.04662,0.07276,9.96,11.75,10.06,10.02
724,12.0667,10.556,28.879,-0.021,0.7523,-0.12,-5.35,-0.27,9.537,0.02614,0.04476,-10.98,-10.98,-0.04592,0.07833,10.14,10.02,10.15,7.83
725,12.0833,10.569,28.899,-0.022,0.7527,0.11,-5.28,-0.4,9.685,0.01908,0.04013,-8.53,-8.53,-0.05211,0.07746,9.97,8.61,10.1,10.05
726,12.1,10.583,28.919,-0.023,0.7516,-0.04,-5.25,-0.46,9.485,0.0233,0.04139,-9.89,-9.89,-0.05104,0.08061,10.13,10.06,10.17,7.59
727,12.1167,10.597,28.94,-0.023,0.7507,0.03,-4.93,-0.57,9.547,0.01828,0.0367,-8.05,-8.05,-0.05415,0.07871,10.0,8.04,10.18,9.97
728,12.1333,10.611,28.962,-0.024,0.7483,0.1,-4.71,-0.6,6.889,0.01753,0.02424,-6.96,-6.96,-0.05435,0.07815,10.22,3.04,10.3,3.99
729,12.15,10.625,28.986,-0.025,0.7459,-0.19,-4.46,-0.58,9.896,0.02356,0.02156,-8.58,-8.58,-0.05409,0.08392,10.22,10.2,10.26,8.9
730,12.1667,10.639,29.01,-0.025,0.7452,0.21,-4.31,-0.52,10.295,0.01118,0.01003,-4.06,-5.58,-0.06065,0.0781,9.84,10.91,10.29,10.13
731,12.1833,10.653,29.035,-0.027,0.7449,0.02,-4.2,-0.68,9.963,0.01607,-0.00153,-4.71,-4.71,-0.05957,0.08191,10.35,10.34,10.36,8.81
732,12.2,10.667,29.06,-0.028,0.7463,0.11,-4.35,-0.72,9.444,0.01402,-0.00656,-3.75,-3.75,-0.05965,0.07994,9.06,7.79,10.46,10.47
733,12.2167,10.681,29.085,-0.029,0.7462,0.07,-4.26,-0.55,10.322,0.02028,-0.00888,-5.46,-5.46,-0.05822,0.08477,10.58,10.53,10.75,9.44
734,12.2333,10.694,29.109,-0.029,0.7465,0.09,-4.28,-0.49,10.456,0.01754,-0.00857,-4.66,-4.66,-0.05875,0.08256,10.72,9.81,10.47,10.83
735,12.25,10.708,29.134,-0.03,0.7477,0.14,-4.55,-0.43,10.493,0.01618,-0.00894,-4.23,-4.23,-0.05901,0.08146,10.46,10.45,10.51,10.55
736,12.2667,10.722,29.156,-0.031,0.7507,0.46,-3.73,-0.2,9.013,0.0163,-0.01533,-3.82,-3.82,-0.05796,0.08053,10.48,7.16,10.55,7.87
737,12.2833,10.736,29.179,-0.032,0.7536,0.31,-3.03,-0.24,6.842,0.02413,-0.00017,-7.23,-6.82,-0.05226,0.08266,9.6,0.16,8.62,8.99
738,12.3,10.75,29.203,-0.032,0.7572,0.31,-2.65,-0.26,10.367,0.02275,0.00672,-7.3,-7.3,-0.0525,0.08152,10.19,10.4,10.51,10.37
739,12.3167,10.764,29.227,-0.032,0.7584,0.31,-2.49,-0.26,6.947,0.02213,0.01426,-7.64,-7.64,-0.05194,0.08034,5.38,10.14,10.19,2.07
740,12.3333,10.778,29.247,-0.033,0.7647,0.77,-2.71,0.11,9.416,0.00564,-0.00251,-1.52,-4.64,-0.06819,0.0801,8.13,10.58,10.67,8.28
741,12.35,10.792,29.263,-0.036,0.7739,0.99,-3.22,0.46,10.712,0.00354,-0.01661,0.1,-1.64,-0.06656,0.07637,10.18,10.6,11.65,10.42
742,12.3667,10.806,29.278,-0.04,0.7815,0.85,-3.95,0.62,10.45,0.00334,-0.02783,0.95,0.0,-0.06679,0.0764,10.55,10.36,10.35,10.53
743,12.3833,10.819,29.293,-0.044,0.7863,0.71,-4.71,0.77,10.462,0.00316,-0.038,1.71,1.71,-0.06686,0.07629,10.51,10.41,10.45,10.49
744,12.4,10.833,29.309,-0.047,0.7885,0.6,-5.47,0.9,10.455,0.0032,-0.05497,2.89,2.89,-0.06683,0.07631,10.45,10.43,10.49,10.44
745,12.4167,10.847,29.324,-0.051,0.7882,0.47,-6.18,0.96,8.988,0.01711,-0.05417,-1.34,-0.11,-0.06642,0.0898,9.99,10.13,9.83,6.0
746,12.4333,10.861,29.34,-0.053,0.7888,0.14,-6.45,0.76,10.772,0.02794,-0.04169,-5.46,-3.11,-0.06215,0.09636,10.47,15.56,10.72,6.34
747,12.45,10.875,29.358,-0.053,0.7894,-0.01,-6.79,0.5,9.028,0.02962,-0.01202,-8.05,-6.11,-0.06087,0.09677,10.71,6.8,10.76,7.84
748,12.4667,10.889,29.377,-0.054,0.7907,0.38,-6.89,0.3,10.138,0.02071,0.00708,-6.71,-6.71,-0.069,0.09598,10.59,8.69,10.61,10.65
749,12.4833,10.903,29.398,-0.055,0.7918,0.19,-6.8,0.23,9.993,0.02704,0.03061,-10.25,-9.71,-0.06849,0.1018,10.57,10.57,10.64,8.19
750,12.5,10.917,29.419,-0.056,0.7903,0.16,-6.95,0.16,8.596,0.02878,0.05329,-12.37,-12.37,-0.06834,0.10339,10.3,10.3,10.5,3.29
751,12.5167,10.931,29.44,-0.057,0.7901,0.1,-6.69,0.08,9.142,0.03161,0.07611,-14.81,-14.81,-0.06745,0.10532,10.3,8.57,10.38,7.32
752,12.5333,10.944,29.463,-0.057,0.7881,-0.1,-6.58,-0.02,9.677,0.03313,0.08346,-15.78,-15.78,-0.06741,0.10682,10.14,10.12,10.39,8.05
753,12.55,10.958,29.486,-0.058,0.7865,0.27,-6.19,-0.06,9.978,0.02486,0.07027,-12.38,-12.78,-0.0748,0.10593,10.85,8.47,10.3,10.29
754,12.5667,10.972,29.511,-0.059,0.7848,0.12,-5.81,-0.03,10.143,0.03388,0.06622,-14.8,-14.8,-0.07071,0.11087,9.75,10.31,10.39,10.12
755,12.5833,10.986,29.536,-0.059,0.7858,0.41,-6.13,-0.07,10.373,0.02697,0.06471,-12.62,-12.62,-0.07371,0.10694,8.98,12.23,10.11,10.18
756,12.6,11.0,29.56,-0.06,0.7862,0.29,-5.79,0.15,10.179,0.03332,0.06341,-14.44,-14.44,-0.07372,0.11331,10.29,10.51,10.43,9.49
757,12.6167,11.014,29.585,-0.06,0.7866,0.47,-5.93,0.24,10.33,0.02892,0.05594,-12.59,-12.59,-0.07712,0.11231,10.21,10.24,10.37,10.5
758,12.6333,11.028,29.61,-0.06,0.7855,0.56,-6.23,0.27,10.395,0.02839,0.04592,-11.73,-11.73,-0.07741,0.11207,10.35,10.31,10.48,10.44
759,12.65,11.042,29.632,-0.06,0.7907,0.31,-5.57,-0.0,8.301,0.03783,0.04523,-14.51,-14.51,-0.06861,0.1127,8.14,6.81,10.63,7.63
760,12.6667,11.056,29.652,-0.06,0.7963,0.22,-4.92,0.03,10.061,0.03641,0.05168,-14.54,-14.54,-0.06792,0.11059,9.91,8.5,10.52,11.32
761,12.6833,11.069,29.673,-0.06,0.8005,0.27,-4.43,0.05,13.752,0.03223,0.04377,-12.73,-12.73,-0.0684,0.1069,28.21,7.71,10.48,8.61
762,12.7,11.083,29.694,-0.061,0.8035,0.22,-4.04,0.06,10.842,0.0332,0.04494,-13.11,-13.11,-0.0669,0.10637,10.22,9.67,10.6,12.89
763,12.7167,11.097,29.716,-0.061,0.8053,0.18,-3.85,0.08,11.379,0.03214,0.03833,-12.33,-12.33,-0.06561,0.10402,20.76,4.85,10.55,9.36
764,12.7333,11.111,29.734,-0.062,0.8119,0.89,-4.16,0.64,9.937,0.00745,0.01164,-3.05,-9.33,-0.08929,0.10301,10.02,10.45,10.58,8.71
765,12.75,11.125,29.748,-0.066,0.8195,1.54,-4.7,1.21,9.736,0.00597,-0.01281,-0.89,-6.33,-0.09079,0.10303,10.02,10.82,9.95,8.15
766,12.7667,11.139,29.762,-0.069,0.8256,1.91,-5.15,1.58,10.099,0.01373,-0.03606,-1.59,-3.33,-0.09064,0.11064,10.31,10.91,10.98,8.2
767,12.7833,11.153,29.776,-0.073,0.83,2.13,-5.73,1.67,9.535,0.01431,-0.05446,-0.48,-0.48,-0.09099,0.11157,10.84,10.9,10.55,5.85
768,12.8,11.167,29.792,-0.076,0.8335,2.14,-6.21,1.68,10.155,0.03099,-0.04919,-5.85,-3.48,-0.08535,0.12261,11.53,10.05,10.77,8.26
769,12.8167,11.181,29.807,-0.078,0.8367,2.0,-6.65,1.71,10.189,0.04234,-0.03389,-10.33,-6.48,-0.08147,0.13008,11.64,10.51,10.57,8.04
770,12.8333,11.194,29.824,-0.079,0.8376,1.87,-7.22,1.66,9.469,0.05426,-0.00707,-15.78,-9.48,-0.07866,0.13919,12.29,10.65,10.63,4.31
771,12.85,11.208,29.841,-0.08,0.8365,1.74,-7.82,1.58,10.764,0.05189,0.03949,-18.33,-12.48,-0.08186,0.14002,10.84,10.7,10.75,10.77
772,12.8667,11.222,29.86,-0.079,0.8374,0.96,-7.85,1.48,10.172,0.06709,0.09761,-26.96,-15.48,-0.07937,0.15273,12.8,10.39,10.54,6.97
773,12.8833,11.236,29.878,-0.077,0.838,0.69,-8.36,1.4,7.382,0.06668,0.14036,-29.83,-18.48,-0.07936,0.15231,6.12,5.77,10.38,7.25
774,12.9,11.25,29.898,-0.076,0.8398,0.42,-8.47,1.48,9.829,0.06764,0.17837,-32.78,-21.48,-0.08032,0.15423,10.34,10.33,10.53,8.11
775,12.9167,11.264,29.918,-0.074,0.8402,0.49,-8.58,1.5,9.547,0.06066,0.18748,-31.32,-24.48,-0.08533,0.15227,10.16,7.22,10.4,10.41
776,12.9333,11.278,29.938,-0.072,0.8401,0.53,-8.55,1.59,9.569,0.06063,0.1838,-31.05,-27.48,-0.08622,0.15312,10.04,10.48,10.28,7.48
777,12.95,11.292,29.959,-0.071,0.8391,0.34,-8.47,1.6,8.253,0.06051,0.16816,-29.92,-29.92,-0.0873,0.15408,9.95,9.91,10.25,2.91
778,12.9667,11.306,29.981,-0.069,0.838,0.69,-8.35,1.61,14.043,0.0497,0.14573,-25.11,-26.92,-0.09614,0.15211,23.49,7.48,10.22,14.98
779,12.9833,11.319,30.003,-0.068,0.837,0.54,-7.98,1.74,3.698,0.05318,0.11394,-23.93,-23.93,-0.09656,0.15601,-13.38,10.08,10.25,7.85
780,13.0,11.333,30.027,-0.067,0.8391,0.68,-8.37,1.62,10.346,0.0487,0.08177,-20.33,-20.93,-0.09699,0.15196,10.07,11.61,10.15,9.55
781,13.0167,11.347,30.051,-0.066,0.8388,0.83,-8.57,1.92,10.422,0.04537,0.04905,-17.04,-17.93,-0.09952,0.15116,10.33,10.42,10.42,10.52
782,13.0333,11.361,30.075,-0.065,0.8392,0.58,-8.4,1.97,11.107,0.05575,0.03811,-19.39,-19.39,-0.09597,0.15799,16.92,8.27,10.32,8.92
783,13.05,11.375,30.099,-0.064,0.8413,0.23,-7.99,1.62,8.455,0.0702,0.04338,-24.1,-22.39,-0.08324,0.15971,7.36,10.19,10.45,5.82
784,13.0667,11.389,30.12,-0.062,0.849,0.27,-7.25,1.45,9.17,0.0594,0.03703,-20.41,-20.41,-0.08686,0.15252,4.92,8.17,11.43,12.17
785,13.0833,11.403,30.14,-0.061,0.8554,0.6,-6.58,1.49,10.654,0.05574,0.0388,-19.44,-19.44,-0.0889,0.15091,10.06,10.88,10.58,11.1
786,13.1,11.417,30.162,-0.06,0.8608,0.79,-6.06,1.6,8.498,0.05228,0.03322,-18.01,-18.01,-0.08897,0.14752,10.15,4.05,10.71,9.08
787,13.1167,11.431,30.183,-0.059,0.8646,1.03,-5.71,1.69,9.072,0.04946,0.03001,-16.94,-16.94,-0.08965,0.14538,10.31,5.05,10.76,10.17
788,13.1333,11.444,30.206,-0.058,0.8674,1.21,-5.51,1.82,13.022,0.04892,0.03006,-16.78,-16.78,-0.08947,0.14466,10.64,20.26,10.71,10.48
789,13.15,11.458,30.231,-0.058,0.8688,1.46,-5.49,1.87,9.737,0.04813,0.01861,-15.74,-15.74,-0.08947,0.14387,10.57,9.83,10.72,7.83
790,13.1667,11.472,30.242,-0.061,0.8791,2.76,-6.17,2.53,9.066,0.01962,-0.03565,-3.39,-12.74,-0.11352,0.13941,9.0,10.48,10.87,5.91
791,13.1833,11.486,30.255,-0.065,0.8879,3.49,-6.5,2.83,10.925,0.02436,-0.06741,-2.59,-9.74,-0.11251,0.14314,10.36,10.91,9.31,13.12
792,13.2,11.5,30.268,-0.07,0.8939,3.96,-7.04,2.96,9.682,0.02286,-0.09314,-0.34,-6.74,-0.11204,0.14117,10.76,10.95,11.04,5.98
793,13.2167,11.514,30.281,-0.074,0.8981,4.27,-7.54,3.03,9.958,0.03199,-0.10284,-2.4,-3.74,-0.11192,0.15017,10.98,11.03,11.09,6.74
794,13.2333,11.528,30.295,-0.077,0.9019,4.35,-7.9,3.01,10.749,0.03842,-0.10185,-4.4,-4.4,-0.11258,0.15727,11.48,11.39,11.78,8.35
795,13.25,11.542,30.31,-0.079,0.9045,4.46,-8.38,2.94,10.284,0.0457,-0.09294,-7.2,-7.2,-0.11294,0.16491,11.33,11.23,11.33,7.24
796,13.2667,11.556,30.326,-0.081,0.9056,4.55,-8.94,2.86,11.129,0.05232,-0.07747,-10.27,-10.2,-0.1132,0.17179,11.28,11.12,11.31,10.81
797,13.2833,11.569,30.342,-0.081,0.9073,4.1,-9.08,2.74,9.729,0.06199,-0.02459,-16.88,-13.2,-0.11287,0.18114,11.1,10.89,10.95,5.97
798,13.3,11.583,30.359,-0.081,0.9072,3.75,-9.37,2.58,9.925,0.06711,0.02234,-21.7,-16.2,-0.11345,0.18683,10.92,10.83,10.99,6.96
799,13.3167,11.597,30.377,-0.08,0.9056,3.43,-9.76,2.41,10.098,0.07202,0.07022,-26.52,-19.2,-0.11433,0.19262,10.79,10.65,10.83,8.12
800,13.3333,11.611,30.396,-0.078,0.904,2.72,-9.85,2.22,9.733,0.07951,0.11067,-31.6,-22.2,-0.1145,0.20028,10.68,10.48,10.77,7.01
801,13.35,11.625,30.415,-0.076,0.9025,2.19,-10.04,2.01,9.324,0.09023,0.15068,-37.62,-25.2,-0.10792,0.20442,8.57,10.19,10.74,7.8
802,13.3667,11.639,30.434,-0.072,0.9023,1.91,-10.51,1.89,6.972,0.08771,0.17582,-38.62,-28.2,-0.10863,0.20261,10.53,4.01,10.52,2.82
803,13.3833,11.653,30.455,-0.068,0.903,1.4,-10.7,1.79,11.084,0.08685,0.19023,-39.37,-31.2,-0.11023,0.20334,15.93,9.11,10.51,8.79
804,13.4,11.667,30.476,-0.065,0.9046,1.45,-10.69,1.75,9.921,0.07634,0.18216,-35.65,-34.2,-0.11865,0.20126,9.96,8.93,10.4,10.38
805,13.4167,11.681,30.497,-0.062,0.9043,1.54,-10.66,1.82,8.808,0.07378,0.16716,-33.83,-33.83,-0.11958,0.19963,9.8,9.73,10.21,5.5
806,13.4333,11.694,30.519,-0.059,0.9034,1.6,-10.62,1.98,9.07,0.06874,0.14373,-30.68,-30.83,-0.12284,0.19784,9.98,7.02,10.34,8.94
807,13.45,11.708,30.542,-0.057,0.9016,1.93,-10.56,2.14,9.995,0.06083,0.10726,-25.76,-27.83,-0.12932,0.19641,11.63,8.2,10.19,9.97
808,13.4667,11.722,30.566,-0.055,0.9028,1.71,-10.39,2.21,10.023,0.06456,0.06798,-24.13,-24.83,-0.13008,0.2009,9.45,10.22,10.52,9.91
809,13.4833,11.736,30.586,-0.054,0.9083,1.16,-9.61,1.76,7.997,0.07825,0.05009,-26.98,-26.98,-0.11496,0.19947,4.33,10.19,10.71,6.76
810,13.5,11.75,30.605,-0.052,0.9165,1.43,-8.88,1.68,7.884,0.06619,0.02283,-21.45,-23.98,-0.12258,0.19504,2.61,7.69,10.79,10.45
811,13.5167,11.764,30.623,-0.05,0.9224,1.8,-8.12,1.68,9.473,0.06059,0.00389,-18.45,-20.98,-0.12417,0.19103,10.26,7.13,10.88,9.61
812,13.5333,11.778,30.642,-0.05,0.9273,2.07,-7.51,1.75,11.352,0.05754,-0.01328,-16.33,-17.98,-0.1243,0.18811,10.59,7.57,11.52,15.73
813,13.55,11.792,30.662,-0.049,0.9317,2.31,-7.0,1.84,14.932,0.05496,-0.02586,-14.68,-14.98,-0.12369,0.18492,11.1,9.51,12.13,26.98
814,13.5667,11.806,30.683,-0.05,0.935,2.6,-6.69,1.88,9.56,0.05053,-0.03334,-12.83,-12.83,-0.12315,0.17995,11.03,7.75,11.22,8.24
815,13.5833,11.819,30.705,-0.051,0.9368,2.9,-6.45,1.89,15.343,0.05146,-0.04281,-12.44,-12.44,-0.122,0.17972,11.27,12.4,11.61,26.09
816,13.6,11.833,30.726,-0.051,0.9363,3.26,-6.45,1.89,8.695,0.0478,-0.069,-9.51,-9.51,-0.12424,0.17831,11.17,8.5,11.26,3.85
817,13.6167,11.847,30.75,-0.052,0.9363,3.2,-6.21,1.98,10.624,0.05527,-0.07195,-11.54,-11.54,-0.12359,0.18513,11.3,11.27,11.47,8.45
818,13.6333,11.861,30.764,-0.056,0.9464,4.32,-6.91,2.68,10.55,0.03897,-0.08556,-5.7,-8.54,-0.14342,0.18866,10.59,11.26,11.37,8.97
819,13.65,11.875,30.782,-0.06,0.952,4.87,-7.61,2.82,11.255,0.03863,-0.09474,-4.96,-5.54,-0.14373,0.18863,11.16,11.34,11.11,11.4
820,13.6667,11.889,30.8,-0.064,0.957,5.02,-7.95,2.83,10.657,0.05043,-0.08803,-8.97,-8.54,-0.14369,0.20039,11.27,11.46,11.38,8.51
821,13.6833,11.903,30.819,-0.067,0.9596,5.32,-8.42,2.73,10.269,0.05557,-0.07229,-11.61,-11.54,-0.14321,0.20505,11.26,11.12,11.17,7.53
822,13.7,11.917,30.837,-0.07,0.9619,5.22,-8.65,2.57,10.729,0.06522,-0.04946,-16.1,-14.54,-0.14251,0.214,11.29,11.23,11.47,8.93
823,13.7167,11.931,30.857,-0.072,0.9627,5.14,-8.91,2.32,10.203,0.07094,-0.01972,-19.9,-17.54,-0.14315,0.22035,11.26,11.2,11.43,6.92
824,13.7333,11.944,30.876,-0.074,0.962,5.0,-9.19,2.01,10.428,0.07491,0.00286,-22.67,-20.54,-0.14309,0.22428,11.2,11.06,11.44,8.01
825,13.75,11.958,30.896,-0.075,0.9611,4.49,-9.24,1.7,10.12,0.08277,0.04757,-28.16,-23.54,-0.14343,0.23247,10.92,10.73,11.13,7.7
826,13.7667,11.972,30.917,-0.075,0.9595,4.1,-9.4,1.43,9.384,0.0965,0.10138,-36.05,-26.54,-0.13542,0.23819,6.46,11.16,11.2,8.71
827,13.7833,11.986,30.938,-0.073,0.9583,4.04,-9.73,1.28,10.737,0.0944,0.13444,-37.73,-29.54,-0.13573,0.2364,10.63,10.53,10.93,10.85
828,13.8,12.0,30.96,-0.071,0.9602,3.55,-9.85,1.18,9.596,0.10514,0.16929,-43.39,-32.54,-0.13022,0.24163,9.5,10.38,10.87,7.63
829,13.8167,12.014,30.981,-0.068,0.962,3.44,-10.24,1.07,9.571,0.0956,0.18023,-41.3,-35.54,-0.13712,0.239,10.28,6.71,10.72,10.58
830,13.8333,12.028,31.002,-0.066,0.9632,3.28,-10.46,0.95,9.805,0.09672,0.18512,-41.97,-38.54,-0.13679,0.23978,10.13,10.06,10.72,8.32
831,13.85,12.042,31.024,-0.065,0.9639,3.33,-10.45,0.83,9.916,0.08739,0.17573,-38.52,-38.52,-0.14324,0.2369,10.19,8.63,10.47,10.38
832,13.8667,12.056,31.046,-0.064,0.9628,3.27,-10.45,0.83,9.498,0.0879,0.15992,-37.57,-37.57,-0.14426,0.23844,9.91,9.88,10.23,7.96
833,13.8833,12.069,31.068,-0.062,0.9619,3.43,-10.18,0.85,8.612,0.08183,0.12565,-33.34,-34.57,-0.14899,0.23709,9.97,5.99,10.63,7.86
834,13.9,12.083,31.085,-0.062,0.9656,3.72,-8.56,0.8,6.472,0.07248,0.08802,-27.9,-31.57,-0.1524,0.23115,4.0,6.62,11.05,4.22
835,13.9167,12.097,31.102,-0.065,0.9726,4.25,-7.62,0.69,6.994,0.062,0.03308,-20.91,-28.57,-0.15238,0.22065,4.56,7.22,11.12,5.08
836,13.9333,12.111,31.118,-0.068,0.9788,4.56,-6.87,0.66,18.938,0.05835,-0.00921,-16.86,-25.57,-0.15008,0.21469,28.97,29.74,11.12,5.92
837,13.95,12.125,31.134,-0.071,0.9832,4.77,-6.19,0.65,8.626,0.06122,-0.04461,-15.24,-22.57,-0.14551,0.213,10.53,6.25,11.13,6.59
838,13.9667,12.139,31.151,-0.073,0.9867,5.02,-5.56,0.65,13.891,0.06062,-0.0668,-13.51,-19.57,-0.14364,0.21053,11.69,29.79,11.3,2.78
839,13.9833,12.153,31.168,-0.076,0.9882,4.85,-5.15,0.73,9.922,0.06634,-0.08096,-14.24,-16.57,-0.14408,0.21669,10.94,11.09,11.38,6.28
840,14.0,12.167,31.186,-0.077,0.9907,5.12,-4.73,0.71,9.145,0.06683,-0.08667,-13.98,-13.98,-0.14135,0.21445,11.4,7.24,11.54,6.4
841,14.0167,12.181,31.205,-0.079,0.9923,5.21,-4.54,0.7,14.373,0.07109,-0.0777,-15.89,-15.89,-0.13875,0.2161,31.04,7.01,11.83,7.61
842,14.0333,12.194,31.226,-0.081,0.9931,5.26,-4.33,0.63,12.332,0.07521,-0.05479,-18.73,-18.73,-0.1364,0.21788,15.22,13.2,11.39,9.52
843,14.05,12.208,31.247,-0.082,0.9929,5.48,-4.15,0.48,10.193,0.07207,-0.03409,-19.24,-19.24,-0.13966,0.218,11.19,8.58,11.43,9.57
844,14.0667,12.222,31.27,-0.084,0.992,5.57,-4.11,0.4,9.549,0.07964,-0.01106,-23.12,-22.24,-0.13428,0.22019,7.24,11.24,11.77,7.95
845,14.0833,12.236,31.29,-0.086,1.0,6.19,-4.57,0.45,10.764,0.07724,0.00736,-23.69,-23.69,-0.13779,0.22129,10.72,10.97,11.24,10.13
846,14.1,12.25,31.31,-0.088,1.0052,6.7,-5.04,0.35,11.098,0.07603,0.01645,-23.96,-23.96,-0.13881,0.22111,11.03,10.89,11.2,11.27
847,14.1167,12.264,31.331,-0.09,1.0088,6.84,-5.39,0.29,10.57,0.07943,0.02743,-25.75,-25.75,-0.13875,0.22445,11.07,10.88,11.19,9.14
848,14.1333,12.278,31.353,-0.093,1.0105,6.91,-5.75,0.17,11.058,0.07801,0.03126,-25.59,-25.59,-0.1399,0.22418,10.94,10.91,11.19,11.19
849,14.15,12.292,31.374,-0.095,1.0109,6.63,-5.94,0.04,10.337,0.08486,0.03744,-28.08,-28.08,-0.13981,0.23094,10.98,10.91,11.27,8.19
850,14.1667,12.306,31.395,-0.097,1.0098,6.39,-6.06,-0.22,9.478,0.08857,0.04991,-30.06,-30.06,-0.14121,0.23605,10.87,10.78,11.04,5.23
851,14.1833,12.319,31.417,-0.099,1.0073,5.99,-6.16,-0.48,10.377,0.09224,0.05689,-31.66,-31.66,-0.14086,0.23938,10.74,10.65,11.12,9.0
852,14.2,12.333,31.439,-0.1,1.0048,5.47,-6.1,-0.78,12.017,0.10746,0.08115,-37.92,-34.66,-0.13295,0.24668,5.73,23.69,10.31,8.34
853,14.2167,12.347,31.461,-0.1,1.0046,5.68,-5.95,-0.85,10.185,0.09879,0.09482,-36.28,-36.28,-0.1388,0.24387,10.62,8.19,10.99,10.94
854,14.2333,12.361,31.483,-0.1,1.0029,5.66,-5.7,-0.81,9.801,0.10012,0.10472,-37.37,-37.37,-0.13908,0.24547,10.49,10.46,10.82,7.43
855,14.25,12.375,31.506,-0.1,1.0003,5.67,-5.37,-0.89,9.369,0.09685,0.11154,-36.86,-36.86,-0.14215,0.24528,10.38,7.94,10.93,8.22
856,14.2667,12.389,31.529,-0.101,0.997,5.7,-4.99,-0.95,10.838,0.09562,0.10922,-36.33,-36.33,-0.14339,0.24528,10.45,15.04,10.96,6.91
857,14.2833,12.403,31.553,-0.102,0.9932,5.41,-4.52,-0.99,9.697,0.09683,0.10461,-36.37,-36.37,-0.14443,0.24753,10.44,10.49,11.08,6.77
858,14.3,12.417,31.577,-0.103,0.9954,5.44,-4.56,-1.04,10.214,0.09959,0.09961,-36.85,-36.85,-0.14635,0.25221,10.34,10.03,9.75,10.74
859,14.3167,12.431,31.601,-0.104,0.9947,5.32,-4.69,-1.17,10.316,0.09901,0.07897,-35.23,-35.23,-0.14704,0.25231,10.41,10.32,10.87,9.67
860,14.3333,12.444,31.627,-0.105,0.9936,5.42,-4.78,-1.21,8.967,0.09979,0.07051,-34.87,-34.87,-0.15068,0.25674,10.92,10.53,13.4,1.02
861,14.35,12.458,31.647,-0.107,1.0004,4.92,-3.16,-0.87,8.198,0.12301,0.0856,-42.9,-37.87,-0.13426,0.26355,10.68,7.19,6.14,8.78
862,14.3667,12.472,31.669,-0.107,1.0045,4.79,-2.32,-0.55,2.561,0.12009,0.09922,-42.97,-40.87,-0.13034,0.2567,-20.22,12.59,11.67,6.2
863,14.3833,12.486,31.692,-0.107,1.0105,4.59,-2.04,-0.44,13.542,0.11764,0.10997,-42.99,-42.99,-0.12587,0.24978,25.73,8.29,11.21,8.93
864,14.4,12.5,31.716,-0.107,1.0128,4.35,-1.81,-0.27,11.879,0.11683,0.11734,-43.26,-43.26,-0.12647,0.24956,10.01,10.19,12.63,14.68
865,14.4167,12.514,31.739,-0.107,1.0141,4.24,-1.84,-0.17,9.837,0.11761,0.1218,-43.81,-43.81,-0.12529,0.24917,9.95,10.18,10.53,8.68
866,14.4333,12.528,31.762,-0.107,1.0173,4.26,-1.94,-0.12,10.446,0.11395,0.12255,-42.76,-42.76,-0.1269,0.24711,10.26,10.18,10.71,10.63
867,14.45,12.542,31.785,-0.108,1.0178,4.26,-2.2,-0.06,8.736,0.11035,0.11871,-41.42,-41.42,-0.12833,0.24495,10.29,9.18,10.69,4.79
868,14.4667,12.556,31.809,-0.108,1.0181,4.29,-2.12,-0.05,9.615,0.10949,0.09056,-39.19,-39.19,-0.12921,0.24497,10.49,8.68,10.88,8.41
869,14.4833,12.569,31.832,-0.108,1.0166,4.37,-2.0,0.01,11.313,0.10682,0.06604,-36.67,-36.67,-0.13032,0.2434,10.56,10.54,10.99,13.17
870,14.5,12.583,31.855,-0.108,1.0137,4.09,-1.73,0.06,5.571,0.10926,0.04949,-36.24,-36.24,-0.13073,0.24626,-8.31,11.42,11.37,7.81
871,14.5167,12.597,31.88,-0.109,1.0144,4.36,-1.78,0.07,10.675,0.10971,0.03623,-35.45,-35.45,-0.13203,0.24801,10.77,10.64,10.65,10.64
872,14.5333,12.611,31.905,-0.109,1.0153,4.41,-1.8,-0.01,10.116,0.10709,0.02107,-33.6,-33.6,-0.13475,0.24811,10.74,9.53,11.2,9.0
873,14.55,12.625,31.93,-0.11,1.0151,4.45,-1.69,-0.08,7.433,0.10857,0.01301,-33.48,-33.48,-0.13357,0.24841,4.37,10.8,11.17,3.39
874,14.5667,12.639,31.956,-0.11,1.0146,4.38,-1.72,-0.09,8.568,0.11157,0.0127,-34.36,-34.36,-0.13293,0.25076,10.75,3.12,11.19,9.21
875,14.5833,12.653,31.982,-0.11,1.0146,4.37,-1.69,-0.21,11.347,0.11596,0.01783,-36.04,-36.04,-0.12959,0.25182,11.59,10.7,11.32,11.78
876,14.6,12.667,32.009,-0.11,1.0155,4.48,-1.8,-0.25,10.082,0.10727,0.01616,-33.31,-33.31,-0.13408,0.24763,10.7,7.87,11.73,10.03
877,14.6167,12.681,32.036,-0.111,1.0155,4.34,-1.73,-0.21,11.181,0.10819,0.01312,-33.38,-33.38,-0.13446,0.24892,16.8,10.99,10.78,6.15
878,14.6333,12.694,32.063,-0.111,1.0151,4.45,-1.73,-0.14,10.428,0.10697,0.00873,-32.7,-32.7,-0.13632,0.24956,10.99,9.63,11.4,9.68
879,14.65,12.708,32.091,-0.111,1.015,4.51,-1.6,-0.14,11.522,0.11074,0.01143,-34.02,-34.02,-0.13498,0.25198,12.04,10.84,11.33,11.88
880,14.6667,12.722,32.119,-0.111,1.0154,4.72,-1.65,-0.16,10.371,0.10547,0.00687,-32.12,-32.12,-0.13521,0.24695,10.73,10.64,11.39,8.72
881,14.6833,12.736,32.147,-0.112,1.0151,4.46,-1.61,-0.08,10.134,0.11668,0.0113,-35.8,-35.12,-0.12934,0.2523,10.25,10.99,9.97,9.33
882,14.7,12.75,32.174,-0.113,1.018,4.41,-0.94,0.14,7.752,0.11922,0.0133,-36.7,-36.7,-0.12616,0.25166,11.1,7.44,1.38,11.09
883,14.7167,12.764,32.201,-0.113,1.0234,4.39,-0.45,0.3,12.987,0.11428,0.0189,-35.61,-35.61,-0.12575,0.2463,8.93,20.69,11.26,11.07
884,14.7333,12.778,32.227,-0.115,1.0271,4.23,-0.23,0.54,11.075,0.11184,0.02039,-34.98,-34.98,-0.12713,0.24525,10.74,11.08,11.23,11.25
885,14.75,12.792,32.253,-0.116,1.0284,4.15,-0.18,0.71,15.195,0.11102,0.02212,-34.86,-34.86,-0.12649,0.24379,10.0,28.24,11.26,11.28
886,14.7667,12.806,32.279,-0.117,1.028,4.54,-0.14,0.85,9.796,0.10406,0.0126,-32.1,-32.1,-0.13029,0.24062,11.18,9.88,11.32,6.8
887,14.7833,12.819,32.306,-0.118,1.0268,4.48,0.07,1.06,10.777,0.10785,0.01354,-33.3,-33.3,-0.13006,0.24418,11.1,11.19,9.23,11.59
888,14.8,12.833,32.333,-0.118,1.0252,4.66,0.16,1.12,11.023,0.1065,0.00145,-32.05,-32.05,-0.13014,0.24292,11.04,10.51,11.21,11.34
889,14.8167,12.847,32.361,-0.119,1.0248,4.24,0.11,1.17,11.276,0.11803,4e-05,-35.41,-35.05,-0.12707,0.25136,11.15,11.01,11.64,11.3
890,14.8333,12.861,32.389,-0.119,1.0252,4.43,0.27,1.14,10.981,0.11238,-0.00191,-33.58,-33.58,-0.13021,0.24886,10.86,11.96,9.64,11.46
891,14.85,12.875,32.416,-0.12,1.0266,4.37,0.17,1.08,11.602,0.11174,-0.00178,-33.4,-33.4,-0.13135,0.24936,11.06,11.03,12.85,11.47
892,14.8667,12.889,32.443,-0.12,1.0262,4.58,0.12,1.0,9.782,0.10682,-0.00589,-31.64,-31.64,-0.13409,0.24719,11.05,10.44,11.35,6.28
893,14.8833,12.903,32.471,-0.122,1.0257,4.43,0.1,1.02,11.462,0.11059,0.00153,-33.28,-33.28,-0.13409,0.25095,11.24,11.21,11.57,11.82
894,14.9,12.917,32.499,-0.123,1.0256,4.58,0.18,1.0,10.396,0.11036,0.00393,-33.38,-33.38,-0.13446,0.25109,11.29,11.84,9.47,8.98
895,14.9167,12.931,32.527,-0.124,1.0265,4.52,0.05,1.03,11.406,0.10973,0.00678,-33.39,-33.39,-0.13557,0.25157,11.25,11.2,11.69,11.48
896,14.9333,12.944,32.555,-0.125,1.0262,4.66,0.05,0.99,8.114,0.10898,-0.00334,-32.46,-32.46,-0.13642,0.25166,11.16,6.53,4.38,10.38
897,14.95,12.958,32.584,-0.125,1.026,4.54,0.11,0.89,10.498,0.1118,-0.00354,-33.29,-33.29,-0.13707,0.25513,10.99,10.91,10.12,9.97
898,14.9667,12.972,32.613,-0.126,1.0256,4.55,0.12,0.9,11.099,0.11519,0.00043,-34.59,-34.59,-0.13562,0.25708,11.41,11.67,9.42,11.89
899,14.9833,12.986,32.641,-0.126,1.0267,4.24,0.05,0.88,11.347,0.11221,0.00592,-34.08,-34.08,-0.13667,0.25515,11.21,11.17,11.53,11.47
900,15.0,13.0,32.67,-0.126,1.0266,4.41,0.11,0.83,11.585,0.10724,0.00176,-32.29,-32.29,-0.13887,0.25238,11.28,12.09,11.58,11.39
901,15.0167,13.0,32.699,-0.127,1.0247,4.42,0.12,0.87,11.308,0.10993,0.0011,-33.06,-33.06,-0.13926,0.25546,11.4,11.33,11.08,11.43
902,15.0333,13.0,32.728,-0.128,1.0259,4.49,0.12,0.88,11.396,0.1152,0.00659,-35.02,-35.02,-0.13796,0.25943,11.32,12.2,12.93,9.13
903,15.05,13.0,32.757,-0.128,1.0276,4.7,-0.05,0.89,11.118,0.11386,0.01082,-34.91,-34.91,-0.13731,0.25744,11.31,10.1,11.51,11.56
904,15.0667,13.0,32.786,-0.128,1.0281,4.83,-0.01,0.95,10.948,0.11577,0.0136,-35.68,-35.68,-0.13852,0.26056,11.14,11.11,11.58,9.97
905,15.0833,13.0,32.814,-0.128,1.0271,4.78,0.15,0.92,11.278,0.11343,0.01016,-34.74,-34.74,-0.14009,0.25979,11.09,11.08,11.54,11.4
906,15.1,13.0,32.843,-0.129,1.0237,4.67,0.21,0.89,11.04,0.11478,0.01159,-35.25,-35.25,-0.14039,0.26144,11.05,11.06,11.66,10.38
907,15.1167,13.0,32.871,-0.129,1.0205,4.81,0.68,0.82,11.846,0.11069,0.01376,-34.17,-34.17,-0.14379,0.26075,11.02,10.1,11.63,14.64
908,15.1333,13.0,32.9,-0.129,1.0165,4.69,1.32,0.81,10.762,0.11389,0.01618,-35.3,-35.3,-0.14405,0.26421,11.11,11.26,11.78,8.9
909,15.15,13.0,32.929,-0.13,1.0111,4.81,1.9,0.71,10.981,0.10969,0.00858,-33.51,-33.51,-0.14687,0.26282,10.89,10.04,11.76,11.23
910,15.1667,13.0,32.958,-0.131,1.009,4.39,2.02,0.62,11.35,0.13015,0.02431,-40.75,-36.51,-0.13821,0.27463,11.03,12.13,10.56,11.68
911,15.1833,13.0,32.987,-0.131,1.0108,4.46,2.28,0.41,12.104,0.13155,0.03762,-42.1,-39.51,-0.14288,0.2807,11.41,12.02,13.66,11.32
912,15.2,13.0,33.016,-0.131,1.0125,4.27,2.07,0.13,11.155,0.12948,0.04962,-42.32,-42.32,-0.1443,0.28005,11.03,10.88,11.45,11.25
913,15.2167,13.0,33.044,-0.131,1.0127,4.44,2.03,-0.06,11.037,0.12158,0.05066,-40.02,-40.02,-0.15043,0.27828,10.86,10.79,11.32,11.19
914,15.2333,13.0,33.073,-0.132,1.0107,4.66,1.91,-0.18,9.539,0.11859,0.05269,-39.26,-39.26,-0.15232,0.27718,10.87,10.85,11.28,5.15
915,15.25,13.0,33.101,-0.133,1.0085,4.81,2.17,-0.2,10.527,0.11805,0.05064,-38.96,-38.96,-0.15248,0.27679,10.75,11.24,11.22,8.89
916,15.2667,13.0,33.13,-0.134,1.007,4.29,2.03,-0.16,10.915,0.12726,0.06263,-42.56,-41.96,-0.15385,0.28738,10.87,11.01,11.0,10.78
917,15.2833,13.0,33.159,-0.136,1.0103,4.42,2.27,-0.2,11.496,0.12947,0.05442,-42.65,-42.65,-0.15563,0.29138,10.76,12.16,11.77,11.3
918,15.3,13.0,33.187,-0.136,1.0111,4.39,2.07,-0.23,10.981,0.12649,0.04268,-40.93,-40.93,-0.1575,0.29025,10.81,10.78,11.23,11.1
919,15.3167,13.0,33.215,-0.136,1.0093,4.34,1.73,-0.3,11.058,0.12273,0.03061,-38.96,-38.96,-0.15916,0.28816,10.88,10.82,11.31,11.22
920,15.3333,13.0,33.243,-0.136,1.007,4.5,1.8,-0.24,10.52,0.1146,0.01976,-35.76,-35.96,-0.1616,0.28248,10.93,9.44,11.3,10.41
921,15.35,13.0,33.271,-0.138,1.0068,4.35,1.85,-0.23,10.943,0.12816,0.02724,-40.35,-38.96,-0.15481,0.28923,10.99,11.67,10.1,11.01
922,15.3667,13.0,33.299,-0.138,1.0075,4.36,1.98,-0.39,10.617,0.12131,0.02733,-38.31,-38.31,-0.15925,0.28683,10.94,8.77,11.38,11.37
923,15.3833,13.0,33.327,-0.138,1.0066,4.57,2.12,-0.47,9.902,0.11757,0.01408,-36.26,-36.26,-0.15977,0.28361,10.94,10.88,11.6,6.19
924,15.4,13.0,33.356,-0.139,1.0039,4.6,2.23,-0.48,10.406,0.11431,-0.0032,-34.07,-34.07,-0.16039,0.28097,11.07,9.64,11.68,9.24
925,15.4167,13.0,33.385,-0.14,1.0004,4.8,2.48,-0.4,11.429,0.10996,-0.01982,-31.6,-31.6,-0.16182,0.27805,11.16,11.35,11.71,11.5
926,15.4333,13.0,33.414,-0.141,0.9962,4.52,3.02,-0.37,11.239,0.11401,-0.02641,-32.36,-32.36,-0.16255,0.28283,11.39,11.34,11.7,10.53
927,15.45,13.0,33.444,-0.141,0.9921,4.2,3.59,-0.45,12.715,0.12386,-0.01372,-36.2,-35.36,-0.15926,0.28939,11.56,12.52,14.27,12.51
928,15.4667,13.0,33.474,-0.141,0.9914,4.34,3.99,-0.47,10.408,0.11782,-0.0227,-33.76,-33.76,-0.16426,0.28836,11.15,12.2,6.58,11.71
929,15.4833,13.0,33.504,-0.142,0.9925,4.06,3.7,-0.43,11.785,0.12518,-0.01599,-36.43,-36.43,-0.16118,0.29263,11.29,11.8,12.4,11.65
930,15.5,13.0,33.533,-0.142,0.9939,4.33,3.72,-0.41,11.978,0.11669,-0.01498,-33.96,-33.96,-0.16636,0.28932,11.12,12.7,12.52,11.56
931,15.5167,13.0,33.562,-0.144,0.9973,4.4,3.53,-0.45,11.356,0.11468,-0.01281,-33.51,-33.51,-0.16799,0.28893,11.26,11.2,11.45,11.52
932,15.5333,13.0,33.591,-0.145,0.9981,4.46,3.18,-0.5,11.42,0.11162,-0.00956,-32.82,-32.82,-0.16923,0.28712,11.25,11.22,11.6,11.61
933,15.55,13.0,33.62,-0.146,0.9971,4.23,2.97,-0.57,11.335,0.11506,-0.00734,-34.0,-34.0,-0.16918,0.2905,11.31,11.28,11.67,11.09
934,15.5667,13.0,33.648,-0.148,0.9964,4.46,3.26,-0.64,11.429,0.10886,-0.02189,-31.13,-31.13,-0.17287,0.288,11.22,11.28,11.65,11.58
935,15.5833,13.0,33.677,-0.149,0.9934,4.54,3.4,-0.65,11.403,0.11028,-0.02702,-31.19,-31.19,-0.17329,0.28983,11.32,11.3,11.8,11.19
936,15.6,13.0,33.707,-0.151,0.9899,4.18,3.22,-0.67,12.113,0.11732,-0.03187,-32.96,-32.96,-0.17328,0.29687,11.31,11.31,14.05,11.78
937,15.6167,13.0,33.736,-0.152,0.9854,3.78,2.66,-0.71,11.388,0.11561,-0.02916,-32.64,-32.64,-0.17481,0.29669,11.33,11.08,11.47,11.67
938,15.6333,13.0,33.765,-0.154,0.9781,3.48,2.03,-0.75,11.591,0.11353,-0.02683,-32.18,-32.18,-0.17603,0.29583,11.8,11.03,11.66,11.87
939,15.65,13.0,33.793,-0.155,0.9758,3.97,1.85,-0.52,10.326,0.10269,-0.03279,-28.51,-29.18,-0.17916,0.28812,11.2,10.24,9.95,9.92
940,15.6667,13.0,33.82,-0.159,0.9777,3.9,1.57,-0.67,14.091,0.11274,-0.03124,-31.64,-31.64,-0.17349,0.2925,11.14,18.69,14.8,11.73
941,15.6833,13.0,33.845,-0.163,0.9834,3.76,1.12,-1.08,11.334,0.11477,-0.02142,-32.93,-32.93,-0.17058,0.29161,11.19,10.76,11.71,11.68
942,15.7,13.0,33.87,-0.166,0.9871,3.96,0.76,-1.44,11.521,0.11123,-0.01786,-32.12,-32.12,-0.1735,0.291,11.56,11.24,11.72,11.56
943,15.7167,13.0,33.894,-0.169,0.9882,4.13,0.27,-1.78,11.499,0.10889,-0.02439,-30.96,-30.96,-0.17477,0.28993,11.5,11.14,11.72,11.63
944,15.7333,13.0,33.919,-0.173,0.9883,3.86,0.12,-2.12,11.141,0.11625,-0.02081,-33.42,-33.42,-0.17257,0.2951,11.42,13.09,11.77,8.28
945,15.75,13.0,33.944,-0.176,0.987,3.66,0.03,-2.58,10.841,0.11252,-0.01935,-32.4,-32.4,-0.17392,0.29271,11.51,11.12,11.89,8.84
946,15.7667,13.0,33.97,-0.18,0.9855,3.95,0.26,-2.88,11.281,0.10226,-0.01748,-29.45,-29.45,-0.18209,0.29062,11.47,10.5,11.73,11.43
947,15.7833,13.0,33.996,-0.184,0.9837,4.05,0.75,-3.15,10.811,0.10105,-0.0274,-28.4,-28.4,-0.18372,0.29104,11.62,10.65,11.8,9.18
948,15.8,13.0,34.022,-0.189,0.9808,3.99,1.15,-3.09,10.438,0.10929,-0.02974,-30.71,-30.71,-0.18313,0.29869,11.52,11.45,7.67,11.11
949,15.8167,13.0,34.049,-0.191,0.9783,4.08,1.41,-2.95,10.982,0.11167,-0.02573,-31.7,-31.7,-0.18297,0.30091,11.36,10.19,11.65,10.73
950,15.8333,13.0,34.077,-0.194,0.98,3.86,1.13,-2.85,14.164,0.12105,-0.01013,-35.61,-34.7,-0.17926,0.30658,11.25,22.54,12.62,10.26
951,15.85,13.0,34.104,-0.197,0.9771,3.26,1.02,-2.5,11.889,0.1257,0.00081,-37.77,-37.7,-0.18127,0.31324,10.87,11.38,13.86,11.46
952,15.8667,13.0,34.131,-0.199,0.9792,3.73,1.28,-2.32,10.899,0.12068,0.00911,-36.84,-36.84,-0.18648,0.31343,10.92,10.9,10.22,11.56
953,15.8833,13.0,34.159,-0.201,0.9784,3.8,0.94,-2.2,11.847,0.12259,0.02893,-38.8,-38.8,-0.18723,0.31609,11.15,12.29,12.22,11.73
954,15.9,13.0,34.186,-0.204,0.9784,3.81,0.35,-2.21,11.2,0.11879,0.0437,-38.7,-38.7,-0.18911,0.31417,11.06,10.91,11.33,11.5
955,15.9167,13.0,34.213,-0.206,0.9757,3.82,-0.31,-2.26,11.207,0.11511,0.04444,-37.64,-37.64,-0.19081,0.31219,11.11,10.87,11.29,11.56
956,15.9333,13.0,34.241,-0.208,0.9703,3.86,-1.01,-2.36,11.271,0.11196,0.03941,-36.35,-36.35,-0.19252,0.31076,11.21,10.9,11.31,11.66
957,15.95,13.0,34.259,-0.211,0.9748,3.62,-1.54,-2.64,9.053,0.12785,0.04168,-41.27,-39.35,-0.19274,0.32686,8.82,6.81,10.57,10.0
958,15.9667,13.0,34.27,-0.213,0.9835,3.15,-2.22,-2.81,11.102,0.12435,0.03529,-39.78,-39.78,-0.19349,0.32411,11.21,10.62,11.11,11.46
959,15.9833,13.0,34.281,-0.215,0.9898,2.83,-2.93,-3.01,15.514,0.12292,0.03336,-39.21,-39.21,-0.19198,0.32117,11.26,27.99,11.29,11.51
960,16.0,13.0,34.293,-0.216,0.9941,2.87,-3.6,-3.25,10.321,0.11731,0.02392,-36.87,-36.87,-0.19512,0.3187,11.22,7.19,11.25,11.62
961,16.0167,13.0,34.305,-0.218,0.9964,3.03,-4.24,-3.44,8.817,0.11082,0.01285,-34.15,-34.15,-0.19945,0.31654,11.25,1.09,11.4,11.52
962,16.0333,13.0,34.317,-0.22,0.9978,3.45,-4.75,-3.62,10.338,0.10011,-0.00412,-29.74,-31.15,-0.20816,0.31454,11.44,6.77,11.49,11.65
963,16.05,13.0,34.331,-0.223,0.9981,4.06,-5.16,-3.68,10.418,0.09009,-0.02613,-25.2,-28.15,-0.21632,0.31268,11.37,6.57,11.82,11.91
964,16.0667,13.0,34.344,-0.227,0.9985,3.95,-5.19,-3.68,10.33,0.09612,-0.05563,-24.94,-25.15,-0.21637,0.31876,11.76,11.63,11.77,6.16
965,16.0833,13.0,34.359,-0.231,0.9981,4.01,-5.17,-3.81,13.359,0.09855,-0.07549,-24.28,-24.28,-0.21668,0.32151,12.06,23.18,12.0,6.2
966,16.1,13.0,34.375,-0.235,0.997,4.21,-5.16,-3.92,5.964,0.09568,-0.09445,-22.09,-22.09,-0.21869,0.32064,11.61,8.24,11.95,-7.95
967,16.1167,13.0,34.391,-0.239,0.9953,3.92,-4.97,-3.9,10.919,0.10708,-0.09364,-25.57,-25.09,-0.21883,0.33218,11.76,11.74,12.32,7.85
968,16.1333,13.0,34.409,-0.243,0.994,4.09,-4.65,-3.93,9.573,0.10684,-0.08649,-26.0,-26.0,-0.22114,0.33425,11.65,6.02,12.08,8.54
969,16.15,13.0,34.429,-0.246,0.993,4.12,-4.78,-3.75,8.975,0.11605,-0.05971,-30.64,-29.0,-0.21749,0.33982,11.77,7.39,8.95,7.79
970,16.1667,13.0,34.449,-0.25,0.9923,3.83,-4.73,-3.54,10.695,0.12401,-0.01766,-35.97,-32.0,-0.21685,0.34713,11.48,11.48,11.95,7.87
971,16.1833,13.0,34.47,-0.252,0.9929,4.13,-4.68,-3.44,9.702,0.12352,0.01263,-37.94,-35.0,-0.22095,0.35073,11.49,9.05,10.7,7.56
972,16.2,13.0,34.492,-0.255,0.9929,4.3,-4.69,-3.32,10.252,0.1259,0.03924,-40.52,-38.0,-0.22179,0.35396,11.21,9.06,11.61,9.12
973,16.2167,13.0,34.515,-0.258,0.993,4.33,-4.66,-3.21,9.823,0.12929,0.0691,-43.62,-41.0,-0.2232,0.35876,11.05,10.58,8.24,9.42
974,16.2333,13.0,34.538,-0.261,0.9925,4.22,-4.85,-3.15,9.862,0.12907,0.08343,-44.56,-44.0,-0.22496,0.3603,10.93,10.95,11.26,6.31
975,16.25,13.0,34.562,-0.264,0.9928,4.38,-4.68,-3.08,9.029,0.13331,0.10064,-47.04,-47.0,-0.22749,0.36707,10.93,6.64,13.74,4.8
976,16.2667,13.0,34.586,-0.267,0.9907,4.32,-4.64,-2.98,7.432,0.13589,0.10897,-48.39,-48.39,-0.22598,0.36814,10.67,1.18,5.48,12.4
977,16.2833,13.0,34.611,-0.27,0.9913,4.34,-4.63,-2.92,10.292,0.14161,0.114,-50.46,-50.46,-0.22768,0.37555,10.45,10.49,10.91,9.31
978,16.3,13.0,34.636,-0.273,0.9923,4.31,-4.88,-3.03,10.366,0.13768,0.11488,-49.34,-49.34,-0.23022,0.37416,10.44,10.33,11.02,9.67
979,16.3167,13.0,34.66,-0.276,0.9907,4.27,-5.29,-3.16,10.419,0.13593,0.11141,-48.58,-48.58,-0.23239,0.37458,10.31,10.23,10.89,10.25
980,16.3333,13.0,34.684,-0.279,0.9917,4.47,-4.54,-3.16,6.154,0.13275,0.10161,-46.94,-46.94,-0.23203,0.37106,10.72,7.04,-0.32,7.18
981,16.35,13.0,34.708,-0.282,0.9936,4.2,-4.21,-2.85,8.417,0.14729,0.10815,-51.76,-49.94,-0.22366,0.37722,10.3,8.28,8.7,6.38
982,16.3667,13.0,34.72,-0.285,1.0027,3.83,-4.7,-2.93,7.638,0.16626,0.12907,-58.91,-52.94,-0.21347,0.386,4.47,10.4,6.19,9.5
983,16.3833,13.0,34.726,-0.285,1.0104,3.49,-4.86,-3.13,10.476,0.16221,0.14065,-58.51,-55.94,-0.21408,0.38257,10.09,10.03,10.99,10.8
984,16.4,13.0,34.733,-0.285,1.0162,3.4,-5.34,-3.3,7.402,0.1573,0.13992,-56.99,-56.99,-0.21545,0.37903,5.17,10.03,3.67,10.73
985,16.4167,13.0,34.74,-0.285,1.0206,3.17,-6.24,-3.52,17.513,0.1526,0.13848,-55.47,-55.47,-0.21633,0.3752,28.23,9.61,21.59,10.63
986,16.4333,13.0,34.747,-0.285,1.0223,3.06,-7.26,-3.75,7.419,0.14707,0.13333,-53.45,-53.45,-0.21826,0.3716,11.14,-9.76,17.76,10.54
987,16.45,13.0,34.756,-0.286,1.0233,3.25,-8.02,-4.08,9.998,0.13066,0.11517,-47.26,-50.45,-0.23163,0.36856,10.95,6.0,12.8,10.25
988,16.4667,13.0,34.765,-0.287,1.0233,3.1,-8.64,-4.15,8.111,0.13165,0.08527,-45.46,-47.45,-0.23367,0.37159,10.53,10.32,7.47,4.12
989,16.4833,13.0,34.775,-0.29,1.0289,3.47,-8.79,-4.38,8.283,0.12302,0.03057,-39.05,-44.45,-0.24293,0.37222,10.48,5.49,6.34,10.83
990,16.5,13.0,34.786,-0.293,1.0311,3.57,-9.4,-4.44,15.01,0.12479,-0.01159,-36.63,-41.45,-0.24552,0.37659,10.66,25.12,10.4,13.86
991,16.5167,13.0,34.797,-0.296,1.0344,3.88,-9.84,-4.41,8.791,0.12212,-0.04639,-33.39,-38.45,-0.24739,0.37578,11.16,5.28,13.44,5.28
992,16.5333,13.0,34.809,-0.298,1.0364,4.08,-10.22,-4.32,13.44,0.12097,-0.07336,-31.15,-35.45,-0.24819,0.37543,11.32,21.52,13.42,7.51
993,16.55,13.0,34.821,-0.301,1.0365,3.8,-10.42,-4.22,11.067,0.12699,-0.08521,-32.13,-32.45,-0.24872,0.38199,11.01,11.32,20.52,1.42
994,16.5667,13.0,34.835,-0.303,1.0381,3.97,-10.44,-4.22,10.113,0.12514,-0.08066,-31.9,-31.9,-0.25269,0.3841,11.6,6.34,13.91,8.6
995,16.5833,13.0,34.849,-0.306,1.0382,4.06,-10.53,-4.13,8.451,0.12151,-0.08142,-30.75,-30.75,-0.25532,0.3831,11.46,5.74,8.7,7.9
996,16.6,13.0,34.865,-0.309,1.0377,4.06,-10.64,-4.05,13.01,0.12877,-0.06573,-34.03,-33.75,-0.25499,0.39003,11.68,21.04,11.53,7.79
997,16.6167,13.0,34.881,-0.311,1.0381,4.1,-10.5,-4.04,6.985,0.12788,-0.05466,-34.54,-34.54,-0.25699,0.39114,11.54,5.75,4.58,6.07
998,16.6333,13.0,34.898,-0.314,1.038,4.13,-10.56,-3.88,10.225,0.13064,-0.03934,-36.44,-36.44,-0.25819,0.39511,11.45,13.04,8.13,8.28
999,16.65,13.0,34.917,-0.316,1.0368,4.15,-10.86,-3.67,10.499,0.13639,-0.01875,-39.6,-39.44,-0.25918,0.40184,11.18,11.12,11.63,8.06
1000,16.6667,13.0,34.936,-0.318,1.0373,4.24,-10.58,-3.57,7.235,0.13832,-0.00486,-41.15,-41.15,-0.26215,0.40674,11.19,9.6,0.35,7.8
1001,16.6833,13.0,34.956,-0.319,1.0362,4.16,-10.59,-3.39,8.528,0.14098,0.01201,-43.13,-43.13,-0.26317,0.41042,10.92,3.96,11.47,7.76
1002,16.7,13.0,34.977,-0.32,1.0361,4.44,-10.51,-3.17,8.277,0.13779,0.02732,-43.25,-43.25,-0.26868,0.41274,10.59,7.59,8.35,6.58
1003,16.7167,13.0,34.997,-0.322,1.0371,4.38,-10.53,-2.91,10.37,0.13925,0.03483,-44.21,-44.21,-0.26972,0.41525,10.82,10.77,11.36,8.54
1004,16.7333,13.0,35.018,-0.324,1.0363,4.47,-10.59,-2.74,8.721,0.13681,0.03982,-43.83,-43.83,-0.27216,0.41523,10.68,5.74,15.96,2.51
1005,16.75,13.0,35.04,-0.326,1.0359,4.52,-10.43,-2.55,9.522,0.14262,0.04736,-46.1,-46.1,-0.2732,0.42209,10.68,12.77,6.71,7.93
1006,16.7667,13.0,35.062,-0.327,1.0341,4.39,-10.49,-2.3,9.768,0.14793,0.05355,-48.13,-48.13,-0.27412,0.42832,10.55,10.72,9.48,8.32
1007,16.7833,13.0,35.082,-0.328,1.0376,4.91,-10.24,-1.9,8.543,0.14308,0.05202,-46.57,-46.57,-0.27982,0.42917,10.47,5.0,8.8,9.9
1008,16.8,13.0,35.096,-0.331,1.0431,4.5,-9.16,-1.39,10.284,0.14672,0.05169,-47.63,-47.63,-0.27905,0.43203,10.04,11.03,13.64,6.43
1009,16.8167,13.0,35.11,-0.333,1.0467,4.01,-8.5,-0.86,10.123,0.14832,0.05631,-48.44,-48.44,-0.28074,0.43533,9.43,10.54,13.33,7.19
1010,16.8333,13.0,35.125,-0.336,1.0495,3.53,-7.97,-0.42,12.51,0.15353,0.06424,-50.56,-50.56,-0.28027,0.44007,9.81,27.97,6.5,5.76
1011,16.85,13.0,35.14,-0.337,1.0509,2.98,-7.6,-0.08,7.786,0.15711,0.07741,-52.55,-52.55,-0.28295,0.44632,9.81,10.55,4.92,5.86
1012,16.8667,13.0,35.155,-0.337,1.0531,3.04,-7.13,0.15,1.903,0.16092,0.08694,-54.36,-54.36,-0.27941,0.4466,9.87,4.94,0.71,-7.91
1013,16.8833,13.0,35.172,-0.337,1.0557,2.99,-6.8,0.48,9.54,0.16336,0.09238,-55.47,-55.47,-0.27724,0.44687,10.07,9.63,12.38,6.09
1014,16.9,13.0,35.19,-0.337,1.0576,3.02,-6.58,0.75,6.606,0.16315,0.10193,-56.08,-56.08,-0.27731,0.44672,10.48,1.65,8.63,5.66
1015,16.9167,13.0,35.193,-0.336,1.0624,2.43,-6.26,-0.38,8.5,0.18602,0.13012,-64.91,-59.08,-0.27997,0.47226,9.98,13.21,2.11,8.7
1016,16.9333,13.0,35.197,-0.333,1.0662,2.02,-6.55,-0.92,11.082,0.18357,0.15077,-65.62,-60.0,-0.28487,0.47471,10.21,20.29,3.99,9.83
1017,16.95,13.0,35.201,-0.33,1.0697,1.77,-6.85,-1.39,5.872,0.16948,0.14908,-61.28,-60.0,-0.29672,0.47247,10.13,2.0,2.07,9.29
1018,16.9667,13.0,35.204,-0.329,1.0733,1.54,-7.21,-1.76,4.514,0.15945,0.1336,-57.19,-57.19,-0.30522,0.47093,2.29,2.24,3.46,10.06
1019,16.9833,13.0,35.207,-0.328,1.078,1.58,-7.94,-1.92,15.082,0.14555,0.10176,-50.79,-54.19,-0.31473,0.46655,28.84,4.98,15.5,11.0
1020,17.0,13.0,35.211,-0.328,1.0806,1.6,-8.48,-2.29,11.601,0.1317,0.05699,-43.5,-51.19,-0.32602,0.46399,9.89,3.19,22.27,11.05
1021,17.0167,13.0,35.215,-0.328,1.0828,1.65,-9.09,-2.66,6.902,0.12001,0.00579,-36.41,-48.19,-0.33657,0.46286,10.39,2.92,3.51,10.79
1022,17.0333,13.0,35.22,-0.33,1.085,1.74,-9.79,-3.01,10.21,0.1093,-0.07382,-27.62,-45.19,-0.34499,0.46056,13.1,3.66,13.11,10.97
1023,17.05,13.0,35.225,-0.332,1.0862,2.18,-10.17,-3.24,9.363,0.09765,-0.15334,-18.56,-42.19,-0.35352,0.45743,13.16,2.3,10.99,11.0
1024,17.0667,13.0,35.229,-0.335,1.0887,2.51,-10.69,-3.56,7.107,0.09377,-0.21281,-13.23,-39.19,-0.35888,0.45892,10.86,3.06,3.33,11.18
1025,17.0833,13.0,35.234,-0.338,1.0909,2.91,-11.28,-3.84,13.945,0.08638,-0.26243,-7.55,-36.19,-0.36589,0.45854,11.02,3.83,9.83,31.1
1026,17.1,13.0,35.24,-0.342,1.094,2.99,-11.85,-4.07,9.738,0.08584,-0.29236,-5.29,-33.19,-0.36943,0.46154,11.18,7.68,16.75,3.35
1027,17.1167,13.0,35.246,-0.345,1.0953,2.94,-12.17,-4.24,16.702,0.09052,-0.29964,-6.18,-30.19,-0.37039,0.46717,11.44,39.86,11.62,3.89
1028,17.1333,13.0,35.254,-0.348,1.0967,2.96,-12.41,-4.42,7.381,0.08743,-0.29719,-5.43,-27.19,-0.37314,0.46684,11.38,3.51,11.8,2.83
1029,17.15,13.0,35.263,-0.351,1.0993,3.19,-12.88,-4.53,4.911,0.08367,-0.28789,-4.95,-24.19,-0.37898,0.46892,11.72,4.92,6.7,-3.7
1030,17.1667,13.0,35.273,-0.355,1.103,3.16,-13.42,-4.61,9.585,0.08891,-0.26233,-8.31,-21.19,-0.38153,0.47671,11.39,6.39,13.08,7.48
1031,17.1833,13.0,35.285,-0.359,1.1058,3.05,-14.04,-4.68,13.233,0.09468,-0.22991,-12.31,-18.19,-0.38185,0.4828,11.62,13.85,23.7,3.76
1032,17.2,13.0,35.297,-0.363,1.1088,3.26,-14.45,-4.92,9.556,0.08742,-0.20125,-12.14,-15.19,-0.38774,0.48144,12.13,5.86,12.16,8.07
1033,17.2167,13.0,35.31,-0.367,1.1112,3.32,-14.85,-5.07,10.609,0.08652,-0.17641,-13.61,-13.61,-0.39238,0.48516,12.41,10.97,12.48,6.58
1034,17.2333,13.0,35.325,-0.372,1.1132,3.26,-15.25,-5.26,10.898,0.08969,-0.15609,-15.98,-15.98,-0.39436,0.49032,12.6,14.58,12.85,3.56
1035,17.25,13.0,35.34,-0.376,1.115,3.44,-15.61,-5.4,9.117,0.0832,-0.14171,-15.04,-15.04,-0.40052,0.48999,12.21,7.08,12.31,4.87
1036,17.2667,13.0,35.357,-0.38,1.1164,3.39,-15.83,-5.46,12.824,0.08689,-0.12139,-17.57,-17.57,-0.40296,0.49612,12.5,19.84,12.27,6.69
1037,17.2833,13.0,35.374,-0.384,1.1174,3.4,-16.01,-5.63,11.651,0.08585,-0.10997,-18.06,-18.06,-0.40649,0.49861,12.28,14.41,12.73,7.18
1038,17.3,13.0,35.391,-0.388,1.1175,3.53,-16.25,-5.82,8.759,0.07983,-0.11205,-16.1,-16.1,-0.41392,0.50001,12.0,8.2,12.28,2.55
1039,17.3167,13.0,35.41,-0.392,1.1182,3.48,-16.16,-5.99,10.784,0.07884,-0.10744,-16.13,-16.13,-0.41465,0.49976,12.27,12.16,12.42,6.28
1040,17.3333,13.0,35.428,-0.396,1.1179,3.41,-16.09,-6.22,15.884,0.07492,-0.10648,-15.02,-15.02,-0.41887,0.50006,12.69,28.55,12.49,9.81
1041,17.35,13.0,35.448,-0.4,1.1166,3.26,-16.22,-6.48,9.077,0.07021,-0.11374,-13.1,-13.1,-0.42242,0.4989,11.87,7.26,12.41,4.76
1042,17.3667,13.0,35.468,-0.405,1.1168,3.29,-15.97,-6.69,11.531,0.0638,-0.12004,-10.74,-10.74,-0.42971,0.49978,12.36,14.91,12.85,6.01
1043,17.3833,13.0,35.489,-0.41,1.1152,3.21,-15.83,-6.96,11.176,0.06504,-0.12811,-10.55,-10.55,-0.4284,0.49972,12.23,12.23,12.7,7.54
1044,17.4,13.0,35.51,-0.414,1.1132,3.3,-15.62,-7.15,10.263,0.05778,-0.14161,-7.42,-7.55,-0.43668,0.50073,12.68,7.63,12.62,8.13
1045,17.4167,13.0,35.527,-0.417,1.1132,4.87,-13.94,-7.03,11.321,0.0503,-0.15498,-4.24,-4.55,-0.44294,0.49951,12.67,7.29,12.71,12.62
1046,17.4333,13.0,35.543,-0.42,1.1206,5.79,-13.7,-6.74,9.602,0.04828,-0.16781,-2.74,-2.74,-0.44541,0.49996,12.18,6.59,7.33,12.31
1047,17.45,13.0,35.559,-0.423,1.1254,6.79,-13.5,-6.59,11.217,0.04206,-0.18147,0.09,0.09,-0.45163,0.49995,12.26,9.38,10.26,12.97
1048,17.4667,13.0,35.571,-0.427,1.1316,6.77,-12.68,-6.28,8.509,0.04597,-0.18463,-0.87,-0.87,-0.45023,0.50247,12.6,12.69,3.25,5.49
1049,17.4833,13.0,35.581,-0.43,1.1373,6.15,-11.9,-5.69,11.059,0.04482,-0.18199,-0.71,-0.71,-0.4489,0.49999,12.17,12.25,12.89,6.93
1050,17.5,13.0,35.591,-0.434,1.1412,5.36,-11.35,-5.18,11.578,0.04533,-0.18044,-0.97,-0.97,-0.44799,0.49958,12.21,12.28,10.64,11.18
1051,17.5167,13.0,35.6,-0.439,1.1435,4.4,-10.95,-4.72,11.928,0.04649,-0.17039,-2.02,-2.02,-0.4473,0.50006,12.3,12.37,12.85,10.19
1052,17.5333,13.0,35.61,-0.443,1.1445,3.33,-10.56,-4.38,11.749,0.04706,-0.15328,-3.39,-3.39,-0.4466,0.49993,12.35,12.49,12.89,9.26
1053,17.55,13.0,35.62,-0.447,1.1441,3.27,-10.4,-4.46,7.69,0.05249,-0.13056,-6.61,-6.39,-0.43984,0.4986,12.31,3.87,12.68,1.89
1054,17.5667,13.0,35.631,-0.45,1.1452,2.95,-9.66,-4.65,10.176,0.05918,-0.09728,-10.94,-9.39,-0.43361,0.49906,12.66,17.28,6.88,3.88
1055,17.5833,13.0,35.642,-0.454,1.1462,2.71,-9.17,-4.64,10.25,0.06281,-0.06828,-14.06,-12.39,-0.4265,0.49558,10.92,3.08,19.65,7.35
1056,17.6,13.0,35.655,-0.455,1.1489,2.45,-8.8,-4.55,8.728,0.06501,-0.03932,-16.75,-15.39,-0.42268,0.49396,11.26,13.16,21.01,-10.51
1057,17.6167,13.0,35.669,-0.458,1.1501,1.97,-8.57,-4.52,9.312,0.07094,-0.00826,-20.7,-18.39,-0.41664,0.49385,11.67,7.64,12.53,5.4
1058,17.6333,13.0,35.684,-0.46,1.1513,1.56,-8.4,-4.58,9.279,0.07323,0.02023,-23.38,-21.39,-0.41499,0.49449,11.97,6.24,12.84,6.07
1059,17.65,13.0,35.699,-0.461,1.1541,1.36,-8.47,-4.1,9.632,0.07385,0.04536,-25.33,-24.39,-0.41585,0.49597,7.26,12.03,12.31,6.93
1060,17.6667,13.0,35.708,-0.462,1.1615,1.12,-9.19,-3.73,15.162,0.07482,0.06288,-26.85,-26.85,-0.4126,0.49369,10.72,24.61,8.6,16.71
1061,17.6833,13.0,35.71,-0.461,1.168,1.07,-9.86,-3.7,11.582,0.07332,0.06988,-26.89,-26.89,-0.4128,0.49239,11.71,11.52,11.78,11.31
1062,17.7,13.0,35.712,-0.461,1.1721,1.0,-10.6,-3.67,12.217,0.07239,0.07135,-26.71,-26.71,-0.41376,0.49242,11.78,12.79,11.7,12.6
1063,17.7167,13.0,35.715,-0.461,1.175,0.85,-11.39,-3.6,22.167,0.07364,0.07167,-27.11,-27.11,-0.41422,0.49413,11.69,62.26,11.69,3.04
1064,17.7333,13.0,35.72,-0.46,1.1785,0.61,-11.99,-3.59,7.703,0.07566,0.06792,-27.45,-27.45,-0.4139,0.49583,11.6,2.74,11.44,5.04
1065,17.75,13.0,35.727,-0.46,1.1821,0.71,-12.45,-3.49,8.175,0.06885,0.05527,-24.52,-24.52,-0.42017,0.49529,11.79,4.05,11.92,4.94
1066,17.7667,13.0,35.734,-0.46,1.1849,0.83,-12.92,-3.32,11.966,0.06299,0.03747,-21.52,-21.52,-0.42577,0.49503,11.98,3.05,12.1,20.74
1067,17.7833,13.0,35.742,-0.461,1.1868,0.99,-13.34,-3.17,7.974,0.05899,0.01669,-18.87,-18.87,-0.43101,0.49627,11.97,3.76,12.03,4.14
1068,17.8,13.0,35.751,-0.462,1.1892,0.81,-13.63,-3.1,15.034,0.06202,0.00307,-18.82,-18.82,-0.43152,0.49981,12.02,31.98,12.18,3.95
1069,17.8167,13.0,35.76,-0.462,1.1903,0.63,-13.79,-3.17,10.426,0.05874,-0.01134,-16.83,-16.83,-0.43359,0.4986,12.19,13.37,12.06,4.09
1070,17.8333,13.0,35.771,-0.461,1.1917,0.6,-14.0,-3.19,8.812,0.05447,-0.0297,-14.26,-14.26,-0.43893,0.49968,12.53,2.81,13.69,6.22
1071,17.85,13.0,35.782,-0.461,1.192,0.69,-14.17,-3.15,8.612,0.0454,-0.05725,-9.61,-11.26,-0.44725,0.49892,12.28,4.46,12.47,5.23
1072,17.8667,13.0,35.796,-0.462,1.1934,0.53,-14.38,-3.0,13.69,0.04307,-0.0769,-7.54,-8.26,-0.45124,0.50058,12.52,22.52,13.98,5.73
1073,17.8833,13.0,35.81,-0.462,1.1945,0.38,-14.54,-2.96,15.604,0.0361,-0.09534,-4.15,-5.26,-0.45498,0.49735,13.01,28.19,13.96,7.25
1074,17.9,13.0,35.825,-0.463,1.195,0.43,-14.75,-2.94,8.026,0.03022,-0.1135,-1.12,-2.26,-0.46281,0.4993,13.1,3.46,12.9,2.63
1075,17.9167,13.0,35.841,-0.464,1.1959,0.28,-14.9,-2.86,9.811,0.03046,-0.13234,0.13,0.13,-0.46444,0.50117,12.46,0.55,20.07,6.15
1076,17.9333,13.0,35.859,-0.465,1.1971,0.18,-14.96,-2.87,13.624,0.01809,-0.15828,5.65,3.13,-0.47252,0.49688,12.95,12.68,13.32,15.54
1077,17.95,13.0,35.877,-0.466,1.197,0.15,-15.07,-2.87,11.287,0.01014,-0.18489,9.9,6.13,-0.48039,0.4968,12.81,7.05,13.01,12.28
1078,17.9667,13.0,35.896,-0.467,1.1971,-0.04,-15.11,-2.7,15.846,0.01272,-0.19632,9.93,9.13,-0.48102,0.50001,12.74,30.16,12.87,7.61
1079,17.9833,13.0,35.916,-0.469,1.1968,0.03,-15.11,-2.63,11.308,0.00582,-0.21108,13.03,12.13,-0.48791,0.5,12.55,7.43,12.62,12.64
1080,18.0,13.0,35.937,-0.47,1.196,-0.03,-14.98,-2.53,11.47,0.00591,-0.21679,13.4,13.4,-0.48837,0.50056,12.37,13.48,12.62,7.41
1081,18.0167,13.0,35.957,-0.471,1.1943,-0.12,-14.75,-2.49,13.804,0.00107,-0.22076,15.13,15.13,-0.49548,0.50282,12.09,14.14,21.38,7.61
1082,18.0333,13.0,35.979,-0.472,1.1931,-0.2,-14.67,-2.29,10.108,-0.00231,-0.22797,16.65,16.65,-0.50001,0.50397,12.02,8.39,7.84,12.18
1083,18.05,13.0,36.002,-0.473,1.1929,-0.64,-14.73,-1.89,11.905,-0.00558,-0.22496,17.42,17.42,-0.50038,0.50107,12.27,9.23,14.48,11.63
1084,18.0667,13.0,36.025,-0.474,1.1937,-0.62,-14.51,-1.38,11.233,-0.00294,-0.21141,15.68,15.68,-0.49812,0.50145,12.33,10.23,10.17,12.19
1085,18.0833,13.0,36.039,-0.475,1.2022,-0.33,-13.67,-0.59,9.506,-0.0001,-0.19922,13.97,13.97,-0.49056,0.49674,12.53,5.85,7.29,12.35
1086,18.1,13.0,36.051,-0.476,1.2085,-0.79,-12.52,-0.43,8.496,0.0086,-0.17245,9.49,10.97,-0.48514,0.50001,12.63,12.09,2.07,7.19
1087,18.1167,13.0,36.062,-0.477,1.2145,-1.47,-11.63,-0.07,17.113,0.01934,-0.13795,3.85,7.97,-0.47781,0.50342,11.57,26.03,20.93,9.92
1088,18.1333,13.0,36.072,-0.477,1.2184,-2.07,-10.79,0.17,15.934,0.01886,-0.1031,1.56,4.97,-0.47209,0.49723,11.39,26.82,12.36,13.16
1089,18.15,13.0,36.082,-0.477,1.2218,-2.39,-10.16,0.43,13.711,0.02335,-0.06433,-2.5,1.97,-0.46326,0.49288,33.59,2.82,12.84,5.6
1090,18.1667,13.0,36.091,-0.476,1.2263,-2.77,-9.55,0.77,17.338,0.03003,-0.01999,-7.61,-1.03,-0.45582,0.49212,11.85,26.76,14.13,16.62
1091,18.1833,13.0,36.1,-0.475,1.2291,-3.01,-9.11,1.17,7.368,0.02989,0.01618,-10.1,-4.03,-0.45055,0.48672,14.79,2.43,7.42,4.84
1092,18.2,13.0,36.11,-0.473,1.2325,-3.21,-8.59,1.47,13.22,0.03095,0.04617,-12.52,-7.03,-0.44147,0.47868,11.08,4.57,31.4,5.83
1093,18.2167,13.0,36.12,-0.471,1.2366,-3.38,-8.22,1.87,9.852,0.03039,0.06304,-13.53,-10.03,-0.43424,0.4709,12.83,3.87,17.76,4.95
1094,18.2333,13.0,36.131,-0.468,1.2402,-3.48,-7.83,2.27,7.382,0.02979,0.06623,-13.57,-13.03,-0.42801,0.46407,12.32,3.55,9.43,4.23
1095,18.25,13.0,36.142,-0.466,1.2428,-3.5,-7.4,2.57,7.858,0.02716,0.06682,-12.83,-12.83,-0.42379,0.45722,12.03,3.84,8.8,6.76
1096,18.2667,13.0,36.155,-0.464,1.2469,-3.47,-7.16,2.94,8.831,0.02593,0.06146,-12.08,-12.08,-0.41956,0.45176,12.29,4.85,9.74,8.44
1097,18.2833,13.0,36.169,-0.461,1.2498,-3.18,-7.04,3.2,10.02,0.02098,0.04477,-9.43,-9.43,-0.42202,0.44927,12.04,5.96,9.46,12.62
1098,18.3,13.0,36.184,-0.459,1.253,-3.01,-7.01,3.51,10.762,0.01488,0.02396,-6.14,-6.43,-0.42246,0.44362,12.29,6.24,17.13,7.39
1099,18.3167,13.0,36.201,-0.456,1.256,-2.74,-7.11,3.81,11.011,0.01046,1e-05,-3.14,-3.43,-0.42529,0.44201,12.55,6.73,12.75,12.01
1100,18.3333,13.0,36.22,-0.454,1.2588,-2.67,-7.27,4.08,10.384,0.01345,-0.01741,-2.82,-2.82,-0.42591,0.44563,12.64,7.36,12.84,8.69
1101,18.35,13.0,36.24,-0.452,1.2611,-2.78,-7.63,4.23,9.401,0.00893,-0.03678,-0.11,-0.11,-0.42811,0.44331,13.11,11.91,-1.3,13.89
1102,18.3667,13.0,36.261,-0.451,1.266,-2.95,-8.3,4.11,12.291,0.00177,-0.05849,3.56,2.89,-0.43408,0.44211,13.04,13.88,11.64,10.6
1103,18.3833,13.0,36.283,-0.45,1.2717,-3.15,-8.85,4.02,12.512,-0.00231,-0.08052,6.33,5.89,-0.43863,0.44259,12.65,11.81,12.78,12.81
1104,18.4,13.0,36.304,-0.45,1.2756,-3.21,-9.46,3.94,11.922,-0.00172,-0.0942,7.11,7.11,-0.43881,0.44336,12.6,9.75,12.69,12.65
1105,18.4167,13.0,36.327,-0.449,1.2777,-3.03,-9.98,3.87,11.961,-0.00845,-0.10689,10.02,10.02,-0.44608,0.4439,12.61,9.95,12.71,12.57
1106,18.4333,13.0,36.349,-0.449,1.279,-3.07,-10.39,3.85,10.166,-0.0019,-0.10677,8.04,8.04,-0.44607,0.45044,12.31,6.24,12.62,9.49
1107,18.45,13.0,36.372,-0.449,1.2804,-3.18,-10.44,3.78,11.899,-0.00622,-0.11419,9.86,9.86,-0.45139,0.45145,12.45,9.97,12.59,12.58
1108,18.4667,13.0,36.396,-0.449,1.2802,-3.1,-10.51,3.71,12.564,-0.00375,-0.11353,9.07,9.07,-0.4509,0.45343,12.6,12.53,12.68,12.44
1109,18.4833,13.0,36.42,-0.448,1.2794,-2.87,-10.56,3.69,11.097,-0.00735,-0.10928,9.86,9.86,-0.457,0.45592,12.52,8.38,12.64,10.84
1110,18.5,13.0,36.445,-0.448,1.2786,-2.85,-10.39,3.72,11.705,0.00099,-0.09278,6.2,6.86,-0.45549,0.46275,12.51,12.42,12.62,9.27
1111,18.5167,13.0,36.469,-0.448,1.2768,-2.96,-10.14,3.7,11.839,-0.00147,-0.0814,6.14,6.14,-0.45894,0.46374,12.72,9.21,12.66,12.77
1112,18.5333,13.0,36.495,-0.448,1.274,-3.01,-9.9,3.67,11.689,0.00414,-0.05868,2.87,3.14,-0.4582,0.46861,12.58,12.54,12.77,8.87
1113,18.55,13.0,36.521,-0.448,1.2711,-3.01,-9.44,3.61,11.961,-0.00167,-0.05141,4.1,4.1,-0.4647,0.4693,12.75,9.5,12.81,12.8
1114,18.5667,13.0,36.548,-0.447,1.2672,-2.99,-9.07,3.63,10.255,0.00528,-0.03341,0.75,1.1,-0.46394,0.4755,12.66,12.44,7.58,8.33
1115,18.5833,13.0,36.565,-0.447,1.268,-4.61,-7.35,3.39,10.694,0.04115,0.01678,-13.52,-1.9,-0.46031,0.50772,12.91,18.98,3.4,7.49
1116,18.6,13.0,36.577,-0.442,1.2728,-6.11,-6.36,4.01,10.385,0.02743,0.05054,-11.77,-4.9,-0.45992,0.49362,-2.67,10.6,25.11,8.5
1117,18.6167,13.0,36.589,-0.437,1.2769,-7.16,-5.83,4.28,9.445,0.0241,0.06825,-12.01,-7.9,-0.45778,0.48815,1.29,11.53,12.93,12.02
1118,18.6333,13.0,36.599,-0.431,1.2849,-7.53,-5.7,4.62,12.56,0.02389,0.08615,-13.2,-10.9,-0.45745,0.48761,12.34,12.62,12.59,12.69
1119,18.65,13.0,36.608,-0.426,1.2906,-8.05,-5.68,4.97,12.955,0.0201,0.09223,-12.49,-12.49,-0.45668,0.48305,12.43,13.35,12.52,13.52
1120,18.6667,13.0,36.617,-0.42,1.2955,-8.42,-5.44,5.21,9.014,0.0162,0.09955,-11.83,-11.83,-0.455,0.47747,12.09,1.11,12.26,10.59
1121,18.6833,13.0,36.626,-0.414,1.2993,-8.64,-5.08,5.45,14.533,0.01055,0.09302,-9.68,-9.68,-0.45448,0.47131,12.35,19.85,12.52,13.41
1122,18.7,13.0,36.634,-0.406,1.3009,-8.24,-4.72,5.46,17.568,0.00696,0.04669,-5.36,-6.68,-0.45797,0.4712,13.72,31.69,12.41,12.45
1123,18.7167,13.0,36.643,-0.4,1.3015,-8.02,-4.39,5.55,10.483,-0.00707,0.0056,1.73,-3.68,-0.46622,0.46542,12.64,3.23,12.74,13.31
1124,18.7333,13.0,36.652,-0.394,1.3023,-8.13,-3.87,5.81,16.663,-0.01313,-0.03336,6.27,-0.68,-0.46689,0.46003,13.45,27.41,12.64,13.16
1125,18.75,13.0,36.661,-0.388,1.3013,-8.04,-3.36,5.97,12.171,-0.02619,-0.08087,13.52,2.32,-0.4744,0.45448,17.86,2.51,11.96,16.36
1126,18.7667,13.0,36.671,-0.382,1.2995,-7.73,-3.01,6.0,13.198,-0.03856,-0.1315,20.77,5.32,-0.4842,0.45191,13.43,6.62,12.71,20.04
1127,18.7833,13.0,36.682,-0.376,1.3001,-7.7,-2.7,6.14,16.626,-0.05168,-0.18554,28.49,8.32,-0.48895,0.44354,27.22,3.03,17.7,18.55
1128,18.8,13.0,36.695,-0.371,1.3009,-7.46,-2.46,6.25,13.842,-0.06218,-0.23809,35.32,11.32,-0.49485,0.43894,22.34,6.05,5.34,21.64
1129,18.8167,13.0,36.708,-0.366,1.3035,-7.31,-2.4,6.37,14.171,-0.07214,-0.29088,42.0,14.32,-0.49913,0.43326,12.53,5.94,9.99,28.23
1130,18.8333,13.0,36.723,-0.361,1.3056,-7.16,-2.36,6.53,10.433,-0.07653,-0.32741,45.88,17.32,-0.5004,0.43014,12.38,6.56,11.49,11.3
1131,18.85,13.0,36.738,-0.358,1.3065,-7.09,-2.31,6.73,9.81,-0.0777,-0.35454,48.13,20.32,-0.49953,0.4281,11.96,9.34,5.43,12.51
1132,18.8667,13.0,36.755,-0.354,1.3081,-6.96,-2.32,6.89,11.731,-0.07876,-0.36607,49.25,23.32,-0.49982,0.42733,11.82,6.52,16.4,12.19
1133,18.8833,13.0,36.772,-0.352,1.3088,-6.82,-2.42,7.1,10.78,-0.07777,-0.36247,48.7,26.32,-0.4995,0.428,11.84,6.28,12.13,12.87
1134,18.9,13.0,36.79,-0.349,1.3083,-6.77,-2.5,7.33,10.903,-0.07304,-0.34094,45.78,29.32,-0.49983,0.43306,11.71,10.38,12.21,9.31
1135,18.9167,13.0,36.808,-0.345,1.3077,-6.64,-2.35,7.58,12.721,-0.07554,-0.31377,44.62,32.32,-0.50185,0.43259,11.39,9.0,11.83,18.66
1136,18.9333,13.0,36.828,-0.343,1.3077,-6.73,-2.31,7.86,9.865,-0.06696,-0.27079,39.04,35.32,-0.4972,0.4365,11.88,11.88,8.4,7.3
1137,18.95,13.0,36.848,-0.34,1.3062,-6.65,-2.37,7.99,10.041,-0.0667,-0.22818,35.98,35.98,-0.49855,0.43812,11.1,6.61,8.91,13.54
1138,18.9667,13.0,36.869,-0.338,1.3078,-6.65,-2.31,8.12,9.841,-0.06546,-0.1882,32.81,32.98,-0.49981,0.44062,11.32,7.94,8.56,11.55
1139,18.9833,13.0,36.889,-0.336,1.3079,-6.72,-2.33,8.38,10.86,-0.06286,-0.14926,29.31,29.98,-0.49985,0.44326,11.35,8.81,11.68,11.61
1140,19.0,13.0,36.91,-0.334,1.3075,-6.63,-2.38,8.52,9.279,-0.05762,-0.11063,25.03,26.98,-0.49955,0.4482,11.8,9.72,7.33,8.27
1141,19.0167,13.0,36.931,-0.331,1.3073,-6.5,-2.3,8.62,9.401,-0.059,-0.08292,23.5,23.98,-0.50019,0.44746,11.72,8.92,5.11,11.85
1142,19.0333,13.0,36.954,-0.329,1.3066,-6.48,-2.29,8.69,9.829,-0.05004,-0.04675,18.28,20.98,-0.49723,0.45346,11.68,7.34,11.99,8.31
1143,19.05,13.0,36.978,-0.327,1.307,-6.47,-2.21,8.72,10.891,-0.04991,-0.0236,16.63,17.98,-0.5007,0.45706,12.05,9.71,9.67,12.13
1144,19.0667,13.0,37.002,-0.324,1.3068,-6.59,-2.31,8.85,12.534,-0.04547,0.00107,13.57,14.98,-0.50027,0.46107,12.12,13.5,12.1,12.41
1145,19.0833,13.0,37.027,-0.321,1.3075,-6.35,-2.32,8.96,11.583,-0.04394,0.02307,11.57,11.98,-0.50024,0.46257,12.29,10.62,11.08,12.34
1146,19.1,13.0,37.052,-0.318,1.3083,-6.25,-2.38,9.17,12.111,-0.03865,0.0452,8.43,8.98,-0.49789,0.4655,12.41,12.39,12.54,11.11
1147,19.1167,13.0,37.078,-0.315,1.3087,-6.33,-2.45,9.16,11.718,-0.03957,0.05835,7.79,7.79,-0.50043,0.46713,12.44,9.14,12.63,12.67
1148,19.1333,13.0,37.104,-0.313,1.3094,-6.94,-1.88,9.08,11.623,-0.0292,0.082,3.02,4.79,-0.4978,0.47487,12.55,12.54,12.71,8.69
1149,19.15,13.0,37.128,-0.311,1.3097,-7.85,-1.1,8.9,10.845,-0.02207,0.10092,-0.44,1.79,-0.4964,0.4806,9.56,12.23,12.39,9.2
1150,19.1667,13.0,37.152,-0.308,1.3146,-8.4,-1.02,8.92,11.446,-0.02212,0.1174,-1.58,-1.21,-0.5,0.48416,10.44,12.55,12.61,10.18
1151,19.1833,13.0,37.176,-0.305,1.317,-8.97,-1.12,8.79,12.733,-0.02141,0.12806,-2.54,-2.54,-0.49979,0.48465,12.62,12.8,12.81,12.7
1152,19.2,13.0,37.199,-0.301,1.3188,-8.58,-0.71,8.51,14.837,-0.02183,0.13543,-2.93,-2.93,-0.49248,0.47692,19.84,10.99,13.26,15.25
1153,19.2167,13.0,37.22,-0.295,1.3202,-7.54,-0.19,8.06,14.679,-0.02423,0.13401,-2.11,-2.11,-0.49264,0.47468,26.84,1.55,11.94,18.38
1154,19.2333,13.0,37.242,-0.292,1.3203,-7.08,0.03,7.88,12.756,-0.02744,0.13041,-0.9,-0.9,-0.49173,0.47056,10.24,17.84,12.68,10.27
1155,19.25,13.0,37.266,-0.288,1.3199,-7.2,0.03,7.87,11.536,-0.02682,0.11721,-0.16,-0.16,-0.49506,0.47451,9.01,12.77,12.73,11.63
1156,19.2667,13.0,37.291,-0.285,1.3202,-7.24,-0.05,7.76,10.966,-0.0296,0.0954,2.2,2.2,-0.49682,0.47349,12.85,8.9,12.87,9.24
1157,19.2833,13.0,37.317,-0.281,1.3199,-7.45,-0.06,7.65,14.156,-0.03034,0.0755,3.82,3.82,-0.49993,0.47587,12.99,12.29,13.25,18.1
1158,19.3,13.0,37.343,-0.277,1.319,-7.45,0.09,7.54,12.33,-0.03299,0.05453,6.08,6.08,-0.50061,0.47389,12.86,10.64,12.92,12.9
1159,19.3167,13.0,37.369,-0.272,1.3173,-7.28,0.4,7.51,12.019,-0.03235,0.03717,7.1,7.1,-0.49984,0.47376,12.82,12.52,12.6,10.13
1160,19.3333,13.0,37.396,-0.268,1.3142,-7.35,0.68,7.56,11.161,-0.03127,0.02547,7.6,7.6,-0.50046,0.47547,12.62,10.73,12.61,8.7
1161,19.35,13.0,37.423,-0.264,1.3109,-7.56,1.09,7.6,12.09,-0.03161,0.01812,8.21,8.21,-0.50057,0.47523,12.65,10.54,12.53,12.65
1162,19.3667,13.0,37.451,-0.259,1.3069,-7.47,1.66,7.66,11.352,-0.03176,0.01086,8.77,8.77,-0.50011,0.47461,12.74,9.74,12.61,10.32
1163,19.3833,13.0,37.479,-0.255,1.3023,-7.44,2.24,7.83,11.356,-0.03162,0.00749,8.96,8.96,-0.49992,0.47457,12.4,8.24,12.26,12.53
1164,19.4,13.0,37.507,-0.25,1.297,-7.36,2.95,7.94,11.122,-0.02863,0.00834,8.01,8.01,-0.49995,0.47759,12.71,9.88,12.4,9.5
1165,19.4167,13.0,37.537,-0.246,1.2954,-7.29,2.95,7.93,12.531,-0.02627,0.01426,6.88,6.88,-0.49897,0.47897,12.46,13.12,12.32,12.23
1166,19.4333,13.0,37.566,-0.242,1.2972,-7.25,2.93,7.93,13.522,-0.02241,0.02277,5.13,5.13,-0.50055,0.4844,14.38,13.07,12.64,13.99
1167,19.45,13.0,37.595,-0.239,1.2995,-7.24,2.8,7.91,12.779,-0.02096,0.03064,4.14,4.14,-0.5,0.48531,12.77,12.78,12.84,12.72
1168,19.4667,13.0,37.624,-0.234,1.2993,-7.15,2.56,7.93,12.234,-0.02244,0.0364,4.18,4.18,-0.50162,0.48545,12.86,10.54,12.8,12.73
1169,19.4833,13.0,37.653,-0.231,1.2982,-6.93,2.55,8.05,12.508,-0.01895,0.04521,2.52,2.52,-0.4998,0.48712,12.79,12.74,12.83,11.68
1170,19.5,13.0,37.682,-0.227,1.2969,-7.12,2.95,8.11,10.593,-0.01134,0.06064,-0.84,-0.48,-0.49867,0.4936,3.39,15.58,12.93,10.48
1171,19.5167,13.0,37.712,-0.222,1.2954,-7.14,3.04,8.1,9.022,-0.01495,0.06744,-0.24,-0.24,-0.50175,0.49307,12.84,12.34,8.3,2.61
1172,19.5333,13.0,37.741,-0.218,1.2964,-7.15,2.96,8.13,11.992,-0.01069,0.07536,-2.07,-2.07,-0.49947,0.49505,9.95,13.31,12.98,11.74
1173,19.55,13.0,37.771,-0.214,1.2965,-7.08,2.89,8.12,10.289,-0.00737,0.08179,-3.52,-3.52,-0.49648,0.49538,10.16,14.41,12.69,3.9
1174,19.5667,13.0,37.8,-0.209,1.2964,-6.79,3.15,8.14,10.679,-0.00866,0.08463,-3.33,-3.33,-0.49973,0.49735,5.86,12.59,12.89,11.38
1175,19.5833,13.0,37.83,-0.205,1.2953,-6.81,3.19,8.07,12.143,-0.00627,0.0911,-4.5,-4.5,-0.49904,0.49904,12.65,12.65,12.97,10.31
1176,19.6,13.0,37.86,-0.201,1.2929,-7.11,3.38,7.96,12.644,-0.00518,0.09433,-5.05,-5.05,-0.49891,0.5,12.52,12.84,12.72,12.49
1177,19.6167,13.0,37.889,-0.197,1.2895,-7.06,3.8,7.87,11.615,-0.0062,0.0883,-4.32,-4.32,-0.50017,0.50024,12.64,10.26,12.88,10.68
1178,19.6333,13.0,37.919,-0.193,1.2858,-7.06,4.36,7.87,12.458,-0.00619,0.08671,-4.21,-4.21,-0.49992,0.5,12.24,12.58,12.61,12.41
1179,19.65,13.0,37.949,-0.189,1.2803,-7.27,4.88,7.84,12.296,-0.00506,0.0821,-4.23,-4.23,-0.49832,0.49954,12.66,12.9,12.83,10.79
1180,19.6667,13.0,37.98,-0.186,1.2743,-7.58,5.54,7.74,12.505,-0.00698,0.07265,-2.99,-2.99,-0.50008,0.49937,12.04,12.83,12.79,12.36
1181,19.6833,13.0,38.01,-0.181,1.2684,-7.26,6.54,7.65,12.136,-0.00751,0.06511,-2.3,-2.3,-0.49989,0.49865,12.44,10.7,12.8,12.61
1182,19.7,13.0,38.041,-0.177,1.2606,-6.88,7.24,7.53,11.891,-0.00816,0.05535,-1.43,-1.43,-0.49949,0.49759,12.08,10.78,12.36,12.35
1183,19.7167,13.0,38.071,-0.173,1.2535,-6.89,8.36,7.44,11.716,-0.0053,0.04858,-1.81,-1.81,-0.49946,0.50043,12.41,11.95,12.09,10.41
1184,19.7333,13.0,38.1,-0.17,1.2557,-6.63,8.22,7.51,12.447,-0.00324,0.0458,-2.23,-2.23,-0.49744,0.50047,11.17,12.39,12.29,13.94
1185,19.75,13.0,38.128,-0.166,1.2594,-6.17,8.09,7.68,12.571,-0.0019,0.04472,-2.56,-2.56,-0.49592,0.5003,12.41,12.65,12.64,12.58
1186,19.7667,13.0,38.156,-0.163,1.2611,-5.96,7.97,7.81,12.8,-0.00321,0.04126,-1.93,-1.93,-0.49621,0.49927,12.74,12.8,12.82,12.85
1187,19.7833,13.0,38.184,-0.159,1.26,-5.83,7.69,7.93,12.846,-0.00461,0.03874,-1.33,-1.33,-0.49657,0.49824,12.8,12.85,12.86,12.87
1188,19.8,13.0,38.212,-0.155,1.2563,-5.76,7.24,8.05,12.895,-0.00603,0.03562,-0.69,-0.69,-0.49696,0.4972,12.87,12.88,12.91,12.92
1189,19.8167,13.0,38.24,-0.152,1.2502,-5.68,6.74,8.16,12.754,-0.01049,0.02895,1.12,1.12,-0.49994,0.49572,12.94,12.18,12.93,12.98
1190,19.8333,13.0,38.268,-0.148,1.2421,-5.57,6.3,8.32,12.954,-0.01124,0.01937,2.02,2.02,-0.5,0.49503,12.92,12.98,12.98,12.94
1191,19.85,13.0,38.296,-0.145,1.2314,-5.58,5.74,8.5,12.845,-0.0119,0.00814,3.0,3.0,-0.5,0.49437,12.77,12.9,12.92,12.79
1192,19.8667,13.0,38.321,-0.141,1.2336,-5.77,5.54,8.65,10.983,-0.00455,0.00443,1.05,0.0,-0.49653,0.49825,9.18,12.77,12.55,9.42
1193,19.8833,13.0,38.346,-0.137,1.2334,-6.19,5.5,8.36,12.796,-0.00633,0.00069,1.85,1.85,-0.49756,0.4975,12.61,12.88,12.85,12.85
1194,19.9,13.0,38.371,-0.133,1.2311,-6.54,5.37,8.12,11.888,-0.00354,0.00171,0.94,0.0,-0.49587,0.4986,13.95,11.1,13.11,9.4
1195,19.9167,13.0,38.397,-0.127,1.2286,-6.69,5.52,7.88,13.312,0.00064,0.00836,-0.78,0.0,-0.49094,0.49785,13.61,13.67,12.9,13.07
1196,19.9333,13.0,38.423,-0.121,1.2265,-6.47,6.03,7.8,11.812,-0.00738,0.01056,1.48,1.48,-0.49286,0.49175,12.6,12.39,12.3,9.96
1197,19.95,13.0,38.449,-0.116,1.2229,-6.53,6.44,7.84,9.881,-0.00438,0.01635,0.17,0.0,-0.49194,0.49383,12.28,3.35,12.71,11.19
1198,19.9667,13.0,38.477,-0.11,1.2187,-6.57,7.0,7.9,11.915,-0.00564,0.02083,0.23,0.23,-0.49361,0.49425,12.71,12.1,12.8,10.04
1199,19.9833,13.0,38.505,-0.103,1.2138,-6.58,7.53,7.92,10.456,-0.00219,0.02075,-0.79,0.0,-0.49028,0.49436,12.71,3.72,12.72,12.67
1200,20.0,13.0,38.533,-0.097,1.2087,-6.56,8.28,7.97,12.018,-0.00551,0.0191,0.32,0.32,-0.49268,0.49344,12.68,12.2,12.66,10.53
1201,20.0167,13.0,38.562,-0.09,1.2027,-6.49,8.95,7.95,11.724,-0.00203,0.01836,-0.68,0.0,-0.48959,0.49383,12.68,9.19,12.55,12.49
1202,20.0333,13.0,38.592,-0.084,1.1966,-6.54,9.79,8.0,12.254,-0.00335,0.01206,0.16,0.0,-0.48988,0.4928,12.5,12.45,12.85,11.22
1203,20.05,13.0,38.622,-0.077,1.1894,-6.34,10.56,7.93,9.53,-0.00461,0.01346,0.44,0.0,-0.49259,0.49425,12.59,13.37,11.8,0.37
1204,20.0667,13.0,38.653,-0.07,1.1817,-6.27,11.35,8.05,12.307,-0.00961,0.00647,2.43,2.43,-0.49644,0.4931,12.2,12.23,12.4,12.41
1205,20.0833,13.0,38.683,-0.064,1.1772,-5.5,11.54,7.74,11.824,-0.02044,-0.00953,6.8,5.43,-0.50781,0.49364,12.23,9.76,12.52,12.78
1206,20.1,13.0,38.714,-0.062,1.1775,-4.87,11.16,7.47,11.216,-0.00925,-0.01565,3.87,3.87,-0.49734,0.49435,7.48,12.5,12.35,12.54
1207,20.1167,13.0,38.744,-0.059,1.1736,-4.41,10.97,7.24,13.084,-0.00716,-0.01547,3.23,3.23,-0.49618,0.49529,13.87,12.73,12.89,12.84
1208,20.1333,13.0,38.774,-0.056,1.1684,-3.6,10.49,7.21,12.546,-0.00669,-0.01841,3.3,3.3,-0.49618,0.49576,12.3,12.64,12.79,12.45
1209,20.15,13.0,38.804,-0.053,1.1606,-2.94,9.95,7.17,12.761,-0.00581,-0.01873,3.05,3.05,-0.49581,0.49626,13.01,12.69,12.83,12.52
1210,20.1667,13.0,38.833,-0.05,1.1513,-2.26,9.17,7.1,7.609,-0.0078,-0.01977,3.72,3.72,-0.49789,0.49637,-6.61,12.33,12.5,12.22
1211,20.1833,13.0,38.863,-0.048,1.1383,-1.92,8.57,6.97,12.715,-0.00731,-0.01504,3.25,3.25,-0.49782,0.49678,12.56,12.75,12.91,12.65
1212,20.2,13.0,38.893,-0.044,1.1336,-2.27,9.24,6.49,12.325,-0.00923,-0.0017,2.89,2.89,-0.49955,0.49659,11.14,12.89,12.67,12.59
1213,20.2167,13.0,38.923,-0.041,1.1285,-2.96,9.65,6.11,12.244,-0.00416,0.00375,0.98,0.0,-0.49812,0.50024,12.55,12.71,12.6,11.12
1214,20.2333,13.0,38.954,-0.038,1.1217,-3.64,9.97,5.76,12.559,-0.00459,0.00595,0.96,0.0,-0.49823,0.49992,12.24,12.9,12.65,12.44
1215,20.25,13.0,38.984,-0.035,1.1141,-4.68,10.57,5.35,12.329,-0.00425,0.00774,0.73,0.0,-0.49696,0.49897,12.61,12.95,12.78,10.97
1216,20.2667,13.0,39.015,-0.032,1.1046,-5.66,10.98,5.02,12.345,-0.00506,0.00759,0.99,0.99,-0.49715,0.49836,11.9,12.78,12.47,12.23
1217,20.2833,13.0,39.044,-0.027,1.1029,-5.85,11.33,5.26,14.087,-0.0105,0.0039,2.88,2.88,-0.50412,0.49989,15.76,13.05,12.2,15.34
1218,20.3,13.0,39.073,-0.022,1.1007,-5.73,11.43,5.13,12.789,-0.01239,-0.00179,3.84,3.84,-0.50359,0.49747,16.27,10.17,12.28,12.44
1219,20.3167,13.0,39.103,-0.019,1.1029,-5.7,11.36,5.11,12.377,-0.00447,0.00332,1.11,0.84,-0.49836,0.50016,12.04,12.74,12.72,12.01
1220,20.3333,13.0,39.132,-0.016,1.1042,-5.74,11.1,4.91,12.213,-0.00495,0.0021,1.34,0.0,-0.49785,0.49917,12.51,10.84,12.75,12.76
1221,20.35,13.0,39.162,-0.012,1.1041,-5.72,11.01,4.74,12.232,-0.00679,-0.00042,2.07,2.07,-0.49687,0.49635,12.76,12.7,12.82,10.65
1222,20.3667,13.0,39.191,-0.008,1.103,-5.7,11.2,4.61,12.849,-0.01119,-0.0075,3.88,3.88,-0.4999,0.49498,13.13,12.43,12.92,12.91
1223,20.3833,13.0,39.22,-0.005,1.0999,-5.75,11.39,4.65,12.765,-0.01141,-0.01313,4.34,4.34,-0.5,0.49486,12.75,12.7,12.79,12.82
1224,20.4,13.0,39.25,-0.002,1.0942,-5.82,11.39,4.73,12.748,-0.01157,-0.01265,4.36,4.36,-0.5,0.4947,12.74,12.74,12.76,12.75
1225,20.4167,13.0,39.279,0.001,1.0872,-5.82,10.94,4.8,12.568,-0.01076,-0.00946,3.89,3.89,-0.49902,0.49453,12.67,12.51,12.56,12.54
1226,20.4333,13.0,39.309,0.004,1.0786,-5.77,10.22,4.88,12.685,-0.00992,-0.01393,3.95,3.95,-0.49829,0.49464,12.56,12.8,12.79,12.59
1227,20.45,13.0,39.339,0.007,1.0682,-5.62,9.32,5.0,11.432,-0.00579,-0.01312,2.65,2.65,-0.49452,0.495,7.98,12.46,12.76,12.53
1228,20.4667,13.0,39.369,0.009,1.0542,-5.58,8.54,5.08,12.644,-0.00632,-0.01106,2.67,2.67,-0.49551,0.49546,12.54,12.71,12.76,12.57
1229,20.4833,13.0,39.398,0.012,1.0376,-5.51,7.74,5.19,12.612,-0.00549,-0.00387,1.92,1.92,-0.49528,0.49606,12.48,12.68,12.73,12.55
1230,20.5,13.0,39.427,0.014,1.0244,-4.28,8.71,5.59,11.621,-0.00913,-0.00107,2.81,2.81,-0.49866,0.4958,12.5,8.54,12.8,12.65
1231,20.5167,13.0,39.455,0.017,1.0108,-2.99,9.73,5.99,11.186,-0.0119,-0.00128,3.66,3.66,-0.50155,0.49591,12.02,8.15,11.83,12.74
1232,20.5333,13.0,39.483,0.017,1.0124,-3.17,9.76,5.47,13.22,0.00359,0.01364,-2.03,0.66,-0.49592,0.50578,12.09,16.11,12.25,12.43
1233,20.55,13.0,39.507,0.019,1.0166,-3.59,9.45,5.05,9.678,-0.00187,0.02028,-0.86,0.0,-0.4956,0.5,12.08,1.17,12.63,12.83
1234,20.5667,13.0,39.53,0.022,1.0187,-3.48,9.22,4.55,12.471,-0.00113,0.02264,-1.24,0.0,-0.49486,0.5,12.74,11.62,12.79,12.74
1235,20.5833,13.0,39.554,0.025,1.0186,-3.25,8.93,4.13,11.606,-0.00099,0.0254,-1.48,0.0,-0.49472,0.5,12.61,8.27,12.85,12.7
1236,20.6,13.0,39.578,0.028,1.0169,-2.8,8.78,3.8,12.289,-0.00703,0.02076,0.66,0.66,-0.50076,0.5,12.61,10.91,12.93,12.7
1237,20.6167,13.0,39.602,0.03,1.0137,-2.31,8.66,3.54,12.77,-0.00627,0.02121,0.4,0.4,-0.5,0.5,12.85,12.68,12.87,12.69
1238,20.6333,13.0,39.627,0.033,1.0087,-2.08,8.34,3.23,10.589,-0.01983,0.01051,5.21,3.4,-0.50749,0.49392,11.71,10.04,7.67,12.93
1239,20.65,13.0,39.652,0.032,1.0083,-2.3,8.38,2.9,14.134,-0.00999,-0.00473,3.33,3.33,-0.50002,0.4963,12.37,12.5,18.85,12.82
1240,20.6667,13.0,39.677,0.032,1.0072,-2.24,8.31,2.44,11.763,-0.00754,-0.00999,2.96,2.96,-0.50071,0.49944,12.84,11.24,10.02,12.95
1241,20.6833,13.0,39.703,0.032,1.0073,-2.23,8.03,1.94,12.725,-0.00627,-0.01408,2.87,2.87,-0.5,0.5,12.66,12.72,12.82,12.7
1242,20.7,13.0,39.729,0.032,1.0048,-2.24,7.62,1.5,12.743,-0.00619,-0.01773,3.1,3.1,-0.49984,0.49992,12.69,12.69,12.86,12.73
1243,20.7167,13.0,39.755,0.033,0.9995,-2.28,7.12,1.1,12.732,-0.00635,-0.0149,2.95,2.95,-0.49976,0.49968,12.65,12.7,12.85,12.73
1244,20.7333,13.0,39.781,0.033,0.9921,-2.48,6.39,0.75,12.957,-0.00427,-0.01106,2.06,0.0,-0.49869,0.50069,12.62,12.69,13.82,12.69
1245,20.75,13.0,39.807,0.033,0.9837,-2.97,5.37,0.45,12.247,-0.00505,0.00547,1.13,1.13,-0.49878,0.5,12.17,11.99,12.27,12.56
1246,20.7667,13.0,39.833,0.033,0.9725,-3.41,4.43,0.23,12.372,-0.00591,0.00901,1.14,1.14,-0.49898,0.49934,12.28,12.21,12.38,12.61
1247,20.7833,13.0,39.859,0.033,0.9586,-3.82,3.54,0.07,12.449,-0.00691,0.00858,1.47,1.47,-0.49924,0.4986,12.38,12.32,12.45,12.65
1248,20.8,13.0,39.885,0.033,0.9515,-3.02,4.58,0.05,6.103,-0.01992,-0.00649,6.43,4.47,-0.50528,0.49163,6.94,11.03,12.76,-6.32
1249,20.8167,13.0,39.912,0.031,0.9543,-2.85,4.43,0.13,11.709,-0.00858,-0.00818,3.15,3.15,-0.49822,0.49591,10.36,12.86,12.07,11.55
1250,20.8333,13.0,39.941,0.029,0.9554,-2.77,4.28,0.06,11.274,0.00103,0.00039,-0.34,0.15,-0.49345,0.50075,12.88,12.59,12.54,7.09
1251,20.85,13.0,39.97,0.028,0.9573,-2.92,3.92,-0.11,12.38,0.00037,0.00513,-0.47,0.0,-0.49322,0.49986,12.85,12.87,12.75,11.04
1252,20.8667,13.0,39.999,0.028,0.9583,-2.91,3.84,-0.33,10.791,-0.0053,0.00425,1.29,1.29,-0.4937,0.49466,12.44,10.97,12.64,7.12
1253,20.8833,13.0,40.028,0.027,0.9582,-3.18,3.92,-0.49,12.878,-0.00435,0.00535,0.93,0.0,-0.49268,0.4946,12.83,12.93,12.83,12.92
1254,20.9,13.0,40.057,0.027,0.9564,-3.21,4.04,-0.69,11.231,-0.00956,0.00198,2.73,2.73,-0.49455,0.49126,12.58,11.36,12.85,8.14
1255,20.9167,13.0,40.087,0.028,0.9562,-3.06,4.01,-0.67,12.366,-0.00672,0.01532,0.94,0.94,-0.49505,0.4946,11.94,12.86,12.71,11.97
1256,20.9333,13.0,40.117,0.029,0.9575,-2.99,3.99,-0.46,13.155,-0.00578,0.01637,0.59,0.59,-0.49803,0.49852,11.72,12.9,13.03,14.97
1257,20.95,13.0,40.146,0.03,0.9589,-2.96,3.91,-0.23,12.245,-0.0051,0.00811,0.96,0.96,-0.49803,0.4992,12.83,10.2,13.0,12.95
1258,20.9667,13.0,40.176,0.031,0.9579,-2.81,3.66,-0.04,12.912,-0.00419,0.00244,1.09,0.0,-0.49746,0.49954,12.98,12.96,12.89,12.82
1259,20.9833,13.0,40.205,0.032,0.9541,-2.6,3.25,0.16,12.929,-0.0036,0.00389,0.81,0.0,-0.49733,0.5,12.95,12.94,12.94,12.89
1260,21.0,13.0,40.235,0.034,0.9477,-2.32,2.73,0.32,12.864,-0.00347,0.00433,0.74,0.0,-0.4972,0.5,12.84,12.9,12.9,12.81
1261,21.0167,13.0,40.264,0.035,0.9396,-2.44,1.93,0.29,11.266,0.0006,0.01427,-1.18,0.0,-0.49392,0.5008,12.47,12.54,7.89,12.17
1262,21.0333,13.0,40.293,0.036,0.9294,-2.55,1.07,0.23,12.048,-0.00137,0.01806,-0.85,0.0,-0.49228,0.49718,12.42,12.43,10.59,12.75
1263,21.05,13.0,40.314,0.038,0.9432,-2.01,0.22,1.03,11.951,-0.01118,0.01033,2.63,2.63,-0.49955,0.49464,11.49,11.18,12.24,12.89
1264,21.0667,13.0,40.336,0.036,0.9481,-2.58,-0.5,0.66,11.654,-0.00402,0.0102,0.49,0.0,-0.49758,0.49983,12.02,12.17,12.25,10.18
1265,21.0833,13.0,40.359,0.035,0.9514,-2.94,-1.1,0.32,12.141,-0.00409,0.00908,0.59,0.0,-0.49776,0.49994,12.35,10.83,12.48,12.89
1266,21.1,13.0,40.382,0.034,0.9536,-3.03,-1.53,-0.04,11.878,-0.00151,0.01014,-0.26,0.0,-0.49662,0.50138,12.45,12.55,12.96,9.55
1267,21.1167,13.0,40.405,0.033,0.9551,-3.17,-1.73,-0.44,12.447,-0.00656,0.00574,1.57,1.57,-0.50029,0.5,12.6,11.53,12.86,12.8
1268,21.1333,13.0,40.43,0.032,0.9553,-3.3,-1.92,-0.79,11.881,-0.00434,-4e-05,1.31,0.0,-0.49881,0.50073,12.73,12.72,12.95,9.13
1269,21.15,13.0,40.455,0.031,0.9554,-3.43,-1.81,-1.11,12.089,-0.00704,-0.00586,2.52,2.52,-0.50077,0.5,12.67,9.98,12.89,12.82
1270,21.1667,13.0,40.48,0.029,0.9541,-3.52,-1.68,-1.37,12.039,-0.00558,0.00061,1.63,1.63,-0.49978,0.50048,12.86,12.86,12.87,9.56
1271,21.1833,13.0,40.506,0.027,0.9522,-3.57,-1.34,-1.56,12.197,-0.00615,-0.00165,1.96,1.96,-0.49988,0.5,12.99,9.8,13.0,13.0
1272,21.2,13.0,40.533,0.024,0.9489,-3.57,-1.04,-1.73,10.236,-0.00693,-0.00437,2.39,2.39,-0.501,0.50034,12.72,7.75,12.79,7.69
1273,21.2167,13.0,40.561,0.022,0.9479,-3.19,-0.75,-1.95,12.878,-0.0094,-0.01196,3.66,3.66,-0.50235,0.49922,12.34,13.83,12.68,12.66
1274,21.2333,13.0,40.59,0.018,0.9484,-2.95,-0.64,-1.98,12.534,-0.00584,-0.00978,2.44,2.44,-0.49948,0.49992,12.75,12.65,12.81,11.92
1275,21.25,13.0,40.62,0.015,0.948,-2.69,-0.63,-1.92,10.372,-0.00525,-0.00954,2.24,2.24,-0.4989,0.49991,10.76,11.38,12.75,6.6
1276,21.2667,13.0,40.649,0.013,0.9484,-2.56,-0.43,-1.84,12.799,-0.00447,-0.00575,1.74,0.0,-0.4982,0.50001,12.93,12.84,12.86,12.57
1277,21.2833,13.0,40.68,0.011,0.9478,-2.38,-0.52,-1.7,12.863,-0.00712,-0.00665,2.6,2.6,-0.49935,0.4985,12.56,12.96,12.96,12.96
1278,21.3,13.0,40.71,0.009,0.9448,-2.2,-0.87,-1.56,12.91,-0.00822,-0.00799,3.03,3.03,-0.49974,0.49779,12.89,12.91,12.93,12.91
1279,21.3167,13.0,40.74,0.008,0.9393,-2.06,-1.4,-1.43,13.47,-0.01124,-0.01146,4.17,4.17,-0.50181,0.49684,15.29,12.91,12.88,12.8
1280,21.3333,13.0,40.764,0.007,0.9442,-1.26,-2.02,-0.63,12.984,-0.00925,-0.00993,3.47,3.47,-0.50048,0.4975,12.72,13.38,12.93,12.9
1281,21.35,13.0,40.784,0.004,0.9526,-0.79,-2.76,-0.08,12.239,-0.00927,-0.01227,3.64,3.64,-0.5,0.497,11.93,12.53,12.4,12.09
1282,21.3667,13.0,40.805,0.002,0.9582,-0.46,-3.5,0.33,11.766,-0.00849,-0.01412,3.54,3.54,-0.49997,0.49775,12.12,12.56,12.52,9.87
1283,21.3833,13.0,40.826,-0.001,0.9618,-0.34,-4.11,0.65,11.924,-0.00461,-0.01258,2.26,0.54,-0.49921,0.50087,12.28,12.58,12.57,10.26
1284,21.4,13.0,40.846,-0.003,0.9646,-0.68,-4.37,0.92,12.848,-0.00559,-0.0095,2.34,2.34,-0.49932,0.5,12.93,12.77,12.92,12.77
1285,21.4167,13.0,40.868,-0.006,0.9655,-0.66,-4.77,0.98,10.769,0.00075,0.00087,-0.29,0.0,-0.49728,0.5043,12.78,9.49,12.68,8.12
1286,21.4333,13.0,40.89,-0.006,0.9671,-0.56,-4.8,0.72,11.92,-0.00652,0.00562,1.56,1.56,-0.49751,0.49727,13.02,13.01,13.03,8.62
1287,21.45,13.0,40.912,-0.006,0.9666,-0.53,-4.93,0.48,12.502,-0.00615,0.00814,1.27,1.27,-0.49748,0.4976,12.85,12.85,12.9,11.41
1288,21.4667,13.0,40.935,-0.007,0.9658,-0.78,-4.78,0.23,10.92,-0.00555,0.01099,0.89,0.89,-0.49907,0.4998,12.94,9.3,12.94,8.5
1289,21.4833,13.0,40.959,-0.007,0.9642,-0.69,-4.61,-0.04,12.116,-0.00463,0.01364,0.43,0.0,-0.499,0.50064,12.7,12.78,12.82,10.15
1290,21.5,13.0,40.984,-0.007,0.9619,-1.0,-4.36,-0.19,11.9,-0.00362,0.01303,0.17,0.0,-0.49737,0.50002,12.93,12.96,13.08,8.63
1291,21.5167,13.0,41.009,-0.007,0.9586,-1.24,-4.12,-0.35,11.792,-0.00216,0.015,-0.4,0.0,-0.4974,0.50151,12.55,13.22,12.98,8.42
1292,21.5333,13.0,41.035,-0.006,0.9564,-1.04,-3.64,-0.36,10.265,-0.00732,0.00489,1.85,1.85,-0.5011,0.50005,8.87,10.98,13.22,7.99
1293,21.55,13.0,41.063,-0.007,0.9557,-0.86,-3.46,-0.4,12.889,-0.00564,0.0052,1.33,1.33,-0.49979,0.50042,12.9,12.87,12.98,12.8
1294,21.5667,13.0,41.091,-0.008,0.9573,-0.79,-3.52,-0.45,12.522,-0.00508,0.00568,1.13,1.13,-0.49867,0.49986,11.8,12.97,13.13,12.17
1295,21.5833,13.0,41.119,-0.008,0.9587,-0.82,-3.49,-0.57,11.764,-0.00433,0.00625,0.86,0.0,-0.49806,0.5,8.08,12.96,13.03,12.98
1296,21.6,13.0,41.147,-0.009,0.9578,-0.74,-3.71,-0.72,11.337,-0.00274,0.00744,0.3,0.0,-0.49768,0.50121,12.79,12.79,12.85,6.92
1297,21.6167,13.0,41.175,-0.009,0.9568,-0.35,-3.44,-0.87,11.19,-0.00781,0.00224,2.18,2.18,-0.50154,0.5,6.79,12.11,12.93,12.93
1298,21.6333,13.0,41.201,-0.011,0.9607,-0.41,-2.72,-0.73,11.065,-0.00779,-0.00382,2.61,2.61,-0.49914,0.49761,8.85,12.07,12.21,11.14
1299,21.65,13.0,41.228,-0.013,0.9637,-0.44,-2.38,-0.59,12.734,-0.00731,-0.00336,2.43,2.43,-0.4986,0.49756,12.75,12.61,12.75,12.84
1300,21.6667,13.0,41.255,-0.016,0.9641,-0.42,-2.28,-0.52,12.45,-0.00656,-0.00389,2.24,2.24,-0.49917,0.49888,13.76,12.86,12.87,10.3
1301,21.6833,13.0,41.276,-0.018,0.9718,0.69,-3.14,0.24,12.302,-0.0043,-0.00263,1.47,0.0,-0.49935,0.50132,12.37,12.91,12.89,11.04
1302,21.7,13.0,41.299,-0.02,0.9784,1.16,-3.51,0.45,11.807,-0.00458,-0.00258,1.56,0.0,-0.49856,0.50024,12.03,12.82,12.3,10.08
1303,21.7167,13.0,41.321,-0.022,0.9828,1.53,-3.89,0.54,12.823,-0.005,-0.00459,1.82,0.0,-0.49863,0.4999,12.73,12.87,12.8,12.88
1304,21.7333,13.0,41.343,-0.024,0.9852,1.65,-4.24,0.59,12.119,-0.00327,0.00063,0.94,0.0,-0.49781,0.50081,12.71,12.8,12.7,10.27
1305,21.75,13.0,41.366,-0.026,0.9865,1.47,-4.41,0.56,12.956,-0.00433,0.00412,1.01,0.0,-0.49806,0.5,12.95,12.95,12.96,12.96
1306,21.7667,13.0,41.389,-0.028,0.986,1.33,-4.58,0.38,12.003,-0.00332,0.00773,0.45,0.0,-0.49871,0.50166,12.96,12.97,12.9,9.18
1307,21.7833,13.0,41.411,-0.028,0.9851,1.02,-4.46,0.07,12.803,-0.0051,0.0083,0.95,0.95,-0.49883,0.5,12.76,12.88,12.72,12.85
1308,21.8,13.0,41.434,-0.029,0.982,0.57,-4.46,-0.19,11.236,-0.00363,0.008,0.53,0.0,-0.49855,0.50119,12.74,12.84,12.68,6.69
1309,21.8167,13.0,41.458,-0.029,0.9817,0.27,-4.45,-0.48,12.223,-0.0108,0.00065,3.19,3.0,-0.50093,0.4964,12.86,13.0,12.86,10.19
1310,21.8333,13.0,41.482,-0.029,0.9813,-0.19,-4.76,-0.66,9.881,-0.00259,0.00305,0.56,0.0,-0.49559,0.49927,7.64,12.67,12.36,6.85
1311,21.85,13.0,41.507,-0.027,0.9839,-0.11,-4.89,-0.59,12.307,-0.00657,-0.00071,2.02,2.02,-0.50038,0.50007,12.95,10.29,12.92,13.06
1312,21.8667,13.0,41.533,-0.026,0.985,-0.18,-5.1,-0.47,12.349,-0.00661,-0.00298,2.19,2.19,-0.5,0.49966,12.87,12.86,12.86,10.81
1313,21.8833,13.0,41.559,-0.026,0.9856,-0.11,-5.04,-0.22,12.146,-0.00691,-0.00631,2.51,2.51,-0.49987,0.49923,12.78,10.02,12.9,12.88
1314,21.9,13.0,41.586,-0.026,0.9847,-0.05,-4.99,0.07,11.532,-0.00537,-0.00584,2.02,2.02,-0.49946,0.50035,12.8,12.7,12.76,7.87
1315,21.9167,13.0,41.612,-0.026,0.9833,-0.01,-4.74,0.32,12.421,-0.00646,-0.00805,2.5,2.5,-0.50019,0.5,12.93,10.98,12.93,12.84
1316,21.9333,13.0,41.639,-0.026,0.9823,0.69,-4.18,0.46,12.267,-0.0115,-0.00781,4.0,4.0,-0.50351,0.49828,9.56,10.91,13.37,15.24
1317,21.95,13.0,41.663,-0.027,0.9851,1.36,-3.31,0.59,11.885,-0.0199,-0.02468,7.7,7.0,-0.50341,0.48978,7.78,11.44,11.68,16.65
1318,21.9667,13.0,41.688,-0.031,0.9905,1.48,-2.82,0.5,10.597,-0.01619,-0.03161,7.07,7.07,-0.49496,0.48505,9.41,11.85,12.21,8.91
1319,21.9833,13.0,41.712,-0.035,0.9954,1.74,-2.55,0.36,12.158,-0.01525,-0.03669,7.14,7.14,-0.49385,0.48487,12.71,12.54,12.45,10.93
1320,22.0,13.0,41.737,-0.039,0.9977,1.98,-2.46,0.26,12.642,-0.01403,-0.03962,6.98,6.98,-0.49327,0.48551,12.64,12.64,12.67,12.62
1321,22.0167,13.0,41.762,-0.042,0.9977,2.18,-2.51,0.19,12.309,-0.00752,-0.03707,4.85,4.85,-0.49206,0.49081,12.55,12.55,12.73,11.41
1322,22.0333,13.0,41.787,-0.046,0.9962,2.18,-2.55,0.15,11.587,-0.00162,-0.02764,2.42,1.85,-0.49086,0.49552,12.7,12.7,12.72,8.23
1323,22.05,13.0,41.811,-0.049,1.0013,2.79,-2.85,0.61,12.838,0.0022,-0.01024,0.06,0.0,-0.49194,0.5004,11.22,12.94,13.22,13.96
1324,22.0667,13.0,41.836,-0.051,1.0047,3.34,-3.26,0.88,11.608,0.0049,0.0165,-2.63,0.0,-0.49085,0.50202,12.21,12.67,12.64,8.92
1325,22.0833,13.0,41.861,-0.053,1.0075,3.62,-3.34,1.04,11.379,0.00399,0.03527,-3.67,-3.0,-0.49047,0.50073,12.96,12.93,12.94,6.68
1326,22.1,13.0,41.886,-0.054,1.0087,3.99,-3.51,1.1,11.518,0.00516,0.05204,-5.19,-5.19,-0.48961,0.50104,12.68,12.67,12.8,7.93
1327,22.1167,13.0,41.912,-0.055,1.0098,4.09,-3.38,1.06,12.094,0.00386,0.0642,-5.65,-5.65,-0.48902,0.49916,12.77,12.77,12.72,10.11
1328,22.1333,13.0,41.938,-0.056,1.0089,4.19,-3.27,0.93,12.349,0.00403,0.06837,-5.99,-5.99,-0.48886,0.49915,12.67,12.67,12.75,11.3
1329,22.15,13.0,41.964,-0.057,1.0067,3.98,-3.02,0.79,12.059,0.00601,0.06801,-6.56,-6.56,-0.48755,0.49983,12.72,12.72,12.81,9.99
1330,22.1667,13.0,41.99,-0.058,1.0036,3.88,-2.92,0.68,12.152,0.01573,0.07377,-9.88,-9.56,-0.48089,0.50289,10.32,12.21,12.55,13.53
1331,22.1833,13.0,42.018,-0.057,1.0033,3.74,-2.69,0.6,11.987,0.01293,0.07317,-9.0,-9.0,-0.48037,0.49957,12.54,12.51,12.6,10.3
1332,22.2,13.0,42.046,-0.056,1.0038,3.89,-2.89,0.51,12.449,0.00974,0.0703,-7.84,-7.84,-0.48393,0.49993,12.16,12.57,12.73,12.33
1333,22.2167,13.0,42.074,-0.056,1.0054,3.78,-2.88,0.38,12.24,0.00506,0.06176,-5.84,-5.84,-0.48783,0.49916,11.29,12.81,12.86,12.0
1334,22.2333,13.0,42.102,-0.055,1.0077,3.8,-3.09,0.17,12.71,0.0044,0.05491,-5.16,-5.16,-0.48783,0.4985,12.63,12.62,12.78,12.82
1335,22.25,13.0,42.129,-0.054,1.0079,3.64,-3.31,-0.07,12.312,0.00719,0.05157,-5.77,-5.77,-0.48731,0.50076,12.7,12.69,12.59,11.27
1336,22.2667,13.0,42.157,-0.054,1.0071,3.18,-3.34,-0.31,12.685,0.00594,0.04531,-4.95,-4.95,-0.48779,0.5,12.65,12.62,12.76,12.71
1337,22.2833,13.0,42.182,-0.052,1.0101,3.83,-2.12,-0.49,10.061,-0.01348,0.00982,3.36,-1.95,-0.49398,0.48677,9.25,9.73,12.25,9.02
1338,22.3,13.0,42.209,-0.054,1.0132,3.76,-1.55,-0.87,13.495,-0.01608,-0.02119,6.31,1.05,-0.48906,0.47925,17.99,11.8,12.2,11.98
1339,22.3167,13.0,42.236,-0.055,1.0171,3.72,-1.38,-1.01,12.969,-0.02585,-0.05525,11.62,4.05,-0.48975,0.47017,14.96,12.56,12.67,11.68
1340,22.3333,13.0,42.263,-0.057,1.0198,3.38,-1.6,-1.08,12.709,-0.02698,-0.08157,13.8,7.05,-0.49159,0.47089,12.56,12.55,12.85,12.87
1341,22.35,13.0,42.289,-0.059,1.0205,3.26,-1.84,-1.19,13.014,-0.03075,-0.10795,16.78,10.05,-0.4944,0.46992,13.06,13.21,12.92,12.87
1342,22.3667,13.0,42.317,-0.062,1.0195,3.32,-2.0,-1.27,11.791,-0.02946,-0.13268,18.13,13.05,-0.49556,0.47237,12.51,10.3,12.62,11.73
1343,22.3833,13.0,42.344,-0.064,1.0179,3.12,-1.98,-1.4,11.779,-0.02033,-0.14378,16.16,16.05,-0.49467,0.4806,12.28,12.32,12.47,10.04
1344,22.4,13.0,42.372,-0.066,1.0164,3.09,-1.61,-1.55,12.005,-0.0231,-0.13642,16.48,16.48,-0.49776,0.48093,12.15,11.21,12.24,12.41
1345,22.4167,13.0,42.401,-0.068,1.0154,3.52,-1.46,-1.59,11.874,-0.02568,-0.12992,16.8,16.8,-0.49995,0.48054,10.55,12.93,12.42,11.59
1346,22.4333,13.0,42.43,-0.072,1.0156,3.64,-1.43,-1.53,10.621,-0.02331,-0.11172,14.81,14.81,-0.49878,0.48173,5.51,12.19,12.43,12.36
1347,22.45,13.0,42.459,-0.074,1.014,4.05,-1.56,-1.43,12.073,-0.02496,-0.09625,14.23,14.23,-0.5005,0.48181,12.3,11.13,12.45,12.41
1348,22.4667,13.0,42.488,-0.077,1.0133,4.29,-1.31,-1.28,12.64,-0.01722,-0.07078,10.12,11.23,-0.50063,0.48968,12.83,12.05,12.25,13.43
1349,22.4833,13.0,42.517,-0.081,1.0137,4.44,-1.14,-1.23,11.904,-0.00686,-0.03904,4.79,8.23,-0.50023,0.49964,11.39,12.26,12.5,11.46
1350,22.5,13.0,42.547,-0.084,1.0137,4.67,-1.09,-1.23,11.567,-0.0051,-0.01869,2.84,5.23,-0.49883,0.5,8.54,12.31,12.7,12.72
1351,22.5167,13.0,42.576,-0.086,1.0135,4.85,-0.99,-1.24,11.511,0.00163,0.00899,-1.12,2.23,-0.49279,0.50069,8.8,12.47,12.83,11.94
1352,22.5333,13.0,42.606,-0.088,1.014,5.36,-1.03,-1.06,11.432,0.00157,0.03594,-2.99,-0.77,-0.48967,0.4975,12.28,12.29,11.61,9.55
1353,22.55,13.0,42.635,-0.091,1.0138,5.12,-0.85,-0.7,14.678,0.00886,0.06472,-7.19,-3.77,-0.48381,0.49894,22.78,11.68,12.53,11.73
1354,22.5667,13.0,42.664,-0.093,1.0118,5.1,-0.8,-0.47,11.599,0.01273,0.09572,-10.52,-6.77,-0.48348,0.50247,12.71,12.76,10.71,10.21
1355,22.5833,13.0,42.692,-0.095,1.016,5.35,-0.35,-0.46,12.532,-0.001,0.10091,-6.76,-6.76,-0.48218,0.48745,9.47,14.86,12.52,13.28
1356,22.6,13.0,42.718,-0.1,1.0229,5.09,-0.06,-0.37,12.11,-6e-05,0.0958,-6.69,-6.69,-0.48007,0.48628,10.5,12.64,12.89,12.41
1357,22.6167,13.0,42.744,-0.105,1.0273,4.95,0.03,-0.29,12.675,0.00028,0.08984,-6.37,-6.37,-0.47956,0.48611,12.66,12.62,12.77,12.66
1358,22.6333,13.0,42.77,-0.11,1.029,4.84,-0.05,-0.26,12.706,0.00035,0.07773,-5.54,-5.54,-0.47939,0.486,12.67,12.68,12.77,12.71
1359,22.65,13.0,42.796,-0.115,1.0281,4.77,-0.31,-0.26,12.738,0.00037,0.06718,-4.81,-4.81,-0.47925,0.4859,12.7,12.7,12.8,12.75
1360,22.6667,13.0,42.822,-0.119,1.0255,5.11,-0.47,-0.34,11.944,-0.00527,0.04458,-1.54,-1.81,-0.48394,0.48494,12.61,9.68,12.76,12.72
1361,22.6833,13.0,42.849,-0.124,1.0226,5.46,-0.4,-0.35,10.518,0.00294,0.02916,-2.92,0.0,-0.47835,0.48756,12.61,7.1,12.68,9.67
1362,22.7,13.0,42.876,-0.128,1.0198,5.99,-0.12,-0.47,12.578,0.00015,0.02685,-1.92,0.0,-0.48054,0.48696,12.77,11.97,12.79,12.78
1363,22.7167,13.0,42.904,-0.133,1.0167,6.12,0.4,-0.58,11.98,0.0087,0.03263,-4.89,-3.0,-0.47981,0.49477,12.84,12.49,12.67,9.92
1364,22.7333,13.0,42.933,-0.137,1.0131,6.26,0.87,-0.66,11.024,0.02673,0.05592,-11.93,-6.0,-0.46883,0.50183,9.95,12.39,11.46,10.3
1365,22.75,13.0,42.962,-0.139,1.0157,6.74,0.77,-0.6,12.35,0.02732,0.07696,-13.58,-9.0,-0.46635,0.49995,12.01,12.05,12.33,13.0
1366,22.7667,13.0,42.99,-0.14,1.0176,6.87,0.69,-0.57,12.356,0.0281,0.09625,-15.17,-12.0,-0.46619,0.50056,12.56,12.54,12.6,11.72
1367,22.7833,13.0,43.018,-0.142,1.0183,6.75,0.77,-0.62,12.466,0.02629,0.11717,-16.09,-15.0,-0.46705,0.49961,12.4,12.35,12.52,12.59
1368,22.8,13.0,43.047,-0.143,1.0163,6.55,0.73,-0.7,11.449,0.02715,0.12801,-17.11,-17.11,-0.46767,0.50109,12.13,12.08,12.15,9.43
1369,22.8167,13.0,43.076,-0.144,1.0135,6.37,0.71,-0.76,12.233,0.03713,0.15069,-21.69,-20.11,-0.46082,0.50422,13.92,12.7,11.91,10.4
1370,22.8333,13.0,43.104,-0.144,1.0141,6.25,0.84,-0.69,11.685,0.03292,0.15752,-20.9,-20.9,-0.46195,0.50113,12.13,12.1,10.87,11.64
1371,22.85,13.0,43.133,-0.144,1.0147,6.09,0.69,-0.69,11.304,0.02889,0.14084,-18.53,-18.53,-0.46434,0.49951,10.01,10.97,12.03,12.2
1372,22.8667,13.0,43.161,-0.144,1.0143,6.15,0.78,-0.63,10.713,0.02892,0.12558,-17.47,-17.47,-0.46551,0.5007,12.24,12.2,6.92,11.49
1373,22.8833,13.0,43.19,-0.144,1.0137,6.16,0.68,-0.6,12.021,0.02277,0.10503,-14.18,-14.47,-0.47036,0.4994,12.62,10.93,12.28,12.25
1374,22.9,13.0,43.22,-0.144,1.0138,6.1,0.79,-0.57,11.427,0.02683,0.09298,-14.56,-14.56,-0.46861,0.50172,8.91,12.23,13.48,11.08
1375,22.9167,13.0,43.249,-0.143,1.015,6.12,0.49,-0.58,10.343,0.02313,0.07768,-12.38,-12.38,-0.47057,0.49997,12.08,10.21,11.72,7.37
1376,22.9333,13.0,43.279,-0.144,1.0154,5.84,0.59,-0.42,11.501,0.02808,0.05905,-12.56,-12.56,-0.46568,0.50003,12.26,8.4,12.58,12.77
1377,22.95,13.0,43.308,-0.143,1.015,6.17,0.81,-0.52,12.369,0.02758,0.04648,-11.53,-11.53,-0.46531,0.49917,12.23,12.26,12.62,12.38
1378,22.9667,13.0,43.338,-0.142,1.0125,6.23,1.03,-0.57,12.117,0.02991,0.04195,-11.91,-11.91,-0.46495,0.50113,12.4,12.41,12.85,10.81
1379,22.9833,13.0,43.367,-0.142,1.009,6.04,1.35,-0.61,11.018,0.02803,0.036,-10.93,-10.93,-0.46361,0.49791,12.22,6.48,13.96,11.42
1380,23.0,13.0,43.397,-0.142,1.0044,5.53,1.83,-0.68,12.111,0.02994,0.03905,-11.72,-11.72,-0.46379,0.5,12.12,12.64,12.59,11.1
1381,23.0167,13.0,43.428,-0.142,0.9998,5.58,2.53,-0.77,9.188,0.02328,0.03071,-9.13,-9.13,-0.46903,0.49858,12.05,10.41,12.29,2.01
1382,23.0333,13.0,43.459,-0.142,0.9945,5.79,3.29,-0.74,12.075,0.01616,0.01986,-6.24,-6.24,-0.47428,0.49672,12.16,10.98,12.79,12.38
1383,23.05,13.0,43.489,-0.144,0.9945,5.59,3.16,-0.94,12.825,0.01966,0.00882,-6.52,-6.52,-0.47229,0.49822,12.1,11.4,14.8,13.0
1384,23.0667,13.0,43.519,-0.145,0.996,5.43,3.35,-1.15,12.543,0.01704,-0.00309,-4.89,-4.89,-0.4745,0.49781,12.59,12.07,12.85,12.65
1385,23.0833,13.0,43.549,-0.146,0.9957,5.52,3.41,-1.34,12.876,0.0235,-0.00931,-6.4,-6.4,-0.46959,0.49936,12.93,12.59,13.15,12.83
1386,23.1,13.0,43.579,-0.146,0.9954,6.14,2.99,-1.24,12.603,0.01595,-0.02061,-3.34,-3.4,-0.47678,0.499,12.6,12.38,12.66,12.78
1387,23.1167,13.0,43.608,-0.147,0.996,6.32,3.19,-1.08,12.508,0.02087,-0.02747,-4.34,-4.34,-0.47397,0.50111,12.36,12.55,12.95,12.18
1388,23.1333,13.0,43.637,-0.148,0.9968,6.16,3.11,-1.07,12.799,0.02023,-0.0273,-4.16,-4.16,-0.47349,0.5,12.76,12.76,12.88,12.81
1389,23.15,13.0,43.666,-0.149,0.9954,5.91,3.02,-1.12,12.788,0.02169,-0.01834,-5.22,-5.22,-0.4725,0.50046,12.85,12.86,12.88,12.55
1390,23.1667,13.0,43.695,-0.15,0.9926,5.51,3.04,-1.21,11.75,0.02203,-0.01371,-5.65,-5.65,-0.4723,0.5006,12.75,12.87,8.63,12.75
1391,23.1833,13.0,43.724,-0.151,0.9889,5.57,2.53,-1.19,12.774,0.0193,-0.00973,-5.11,-5.11,-0.47443,0.5,13.03,12.6,12.76,12.71
1392,23.2,13.0,43.752,-0.152,0.9888,6.02,2.3,-1.21,10.773,0.01074,-0.0217,-1.7,-2.11,-0.48299,0.5,13.2,12.47,12.07,5.35
1393,23.2167,13.0,43.78,-0.154,0.991,6.07,2.09,-1.06,12.255,0.00929,-0.02594,-0.97,-0.97,-0.48408,0.49964,12.62,10.21,12.89,13.31
1394,23.2333,13.0,43.808,-0.156,0.992,6.3,2.0,-0.92,11.965,0.0103,-0.0337,-0.73,-0.73,-0.48391,0.50048,12.7,12.72,12.48,9.96
1395,23.25,13.0,43.837,-0.158,0.9917,6.24,2.06,-0.83,12.844,0.01026,-0.03992,-0.28,-0.28,-0.48376,0.50029,12.91,12.9,12.76,12.8
1396,23.2667,13.0,43.865,-0.16,0.9898,5.96,2.16,-0.8,12.117,0.01191,-0.04519,-0.41,-0.41,-0.48346,0.50164,12.79,12.8,12.68,10.19
1397,23.2833,13.0,43.893,-0.162,0.9878,5.87,2.59,-0.88,11.921,0.00709,-0.05514,1.73,1.73,-0.48664,0.5,12.53,9.72,12.8,12.63
1398,23.3,13.0,43.922,-0.164,0.9841,5.87,2.92,-0.96,11.412,0.0072,-0.06097,2.11,2.11,-0.48729,0.50075,12.74,12.61,12.62,7.68
1399,23.3167,13.0,43.952,-0.166,0.9798,6.08,3.45,-1.04,12.446,0.00188,-0.06276,3.83,3.83,-0.49214,0.50029,12.87,11.6,12.85,12.47
1400,23.3333,13.0,43.981,-0.169,0.9751,6.02,4.1,-1.09,12.132,0.00269,-0.06202,3.53,3.53,-0.4915,0.50046,12.81,12.52,12.58,10.62
1401,23.35,13.0,44.011,-0.171,0.9695,5.95,4.78,-1.21,12.442,-0.00135,-0.06656,5.06,5.06,-0.49508,0.5,12.35,12.47,12.4,12.55
1402,23.3667,13.0,44.042,-0.173,0.965,5.93,5.29,-1.29,12.523,0.00926,-0.05959,1.39,2.06,-0.48812,0.50366,13.85,10.07,13.46,12.71
1403,23.3833,13.0,44.073,-0.175,0.9659,5.73,5.41,-1.12,12.161,0.00302,-0.06158,3.4,3.4,-0.49071,0.5,12.33,10.48,12.93,12.9
1404,23.4,13.0,44.104,-0.176,0.9656,5.77,5.35,-1.05,11.929,0.00762,-0.05364,1.47,1.47,-0.48774,0.50163,13.65,9.96,11.05,13.05
1405,23.4167,13.0,44.134,-0.177,0.9671,5.86,5.23,-0.92,12.898,0.00427,-0.05022,2.24,2.24,-0.48963,0.50017,12.59,12.63,13.51,12.87
1406,23.4333,13.0,44.163,-0.178,0.9675,5.66,4.97,-0.87,12.947,0.00505,-0.04094,1.35,1.35,-0.48886,0.50018,12.99,13.0,13.05,12.74
1407,23.45,13.0,44.193,-0.179,0.9662,5.28,4.87,-0.88,12.835,0.0049,-0.03375,0.89,0.89,-0.48883,0.5,12.84,12.83,12.84,12.82
1408,23.4667,13.0,44.223,-0.181,0.9623,4.91,4.61,-0.88,12.867,0.00468,-0.0235,0.24,0.0,-0.48905,0.5,12.82,12.85,12.91,12.89
1409,23.4833,13.0,44.252,-0.182,0.9557,4.6,4.21,-0.88,11.59,0.00491,-0.02516,0.29,0.0,-0.48882,0.5,6.88,13.56,12.98,12.93
1410,23.5,13.0,44.282,-0.182,0.9486,4.77,3.45,-0.74,13.639,0.00423,-0.02089,0.19,0.0,-0.484,0.49451,12.57,12.83,18.91,10.25
1411,23.5167,13.0,44.31,-0.184,0.943,5.2,3.02,-0.82,12.125,-0.00023,-0.02645,1.92,0.0,-0.49269,0.49874,12.43,11.32,12.18,12.57
1412,23.5333,13.0,44.338,-0.186,0.9405,5.12,3.37,-0.83,12.211,0.00205,-0.02556,1.17,0.0,-0.49166,0.49998,12.73,12.86,12.8,10.46
1413,23.55,13.0,44.367,-0.188,0.9372,5.15,3.88,-0.89,11.095,0.00388,-0.0237,0.49,0.0,-0.49046,0.50061,12.77,9.22,12.99,9.39
1414,23.5667,13.0,44.396,-0.189,0.9336,5.38,4.48,-0.99,12.0,0.00139,-0.02445,1.29,0.0,-0.49246,0.50013,12.5,12.89,12.48,10.13
1415,23.5833,13.0,44.425,-0.192,0.9288,5.36,5.06,-1.02,11.928,0.00452,-0.02169,0.16,0.0,-0.49062,0.50141,12.66,12.48,12.8,9.77
1416,23.6,13.0,44.455,-0.193,0.9247,5.44,5.45,-1.13,12.441,0.00124,-0.02286,1.23,0.0,-0.49606,0.50357,12.38,12.5,12.34,12.54
1417,23.6167,13.0,44.484,-0.195,0.9262,5.28,5.4,-1.4,12.601,-0.00107,-0.02558,2.11,0.0,-0.49505,0.50024,12.99,12.45,12.93,12.03
1418,23.6333,13.0,44.513,-0.197,0.9263,5.03,5.46,-1.68,12.747,-0.00227,-0.02461,2.4,0.0,-0.49593,0.49993,12.79,12.41,12.88,12.91
1419,23.65,13.0,44.542,-0.199,0.9246,5.04,5.57,-1.96,10.274,-0.0047,-0.02861,3.41,0.0,-0.49902,0.50058,12.96,10.3,4.9,12.93
1420,23.6667,13.0,44.572,-0.2,0.9248,5.21,5.44,-2.2,12.384,-0.00531,-0.03463,4.02,3.0,-0.49996,0.50092,12.84,13.44,13.78,9.48
1421,23.6833,13.0,44.601,-0.202,0.9257,5.1,5.42,-2.39,12.497,-0.00404,-0.03606,3.74,3.74,-0.49878,0.50101,12.93,12.89,12.79,11.38
1422,23.7,13.0,44.63,-0.204,0.9249,4.98,5.46,-2.65,12.482,-0.00712,-0.04371,5.2,5.2,-0.50085,0.5,12.83,11.94,12.93,12.22
1423,23.7167,13.0,44.659,-0.207,0.9233,4.84,5.55,-2.81,13.472,-0.00393,-0.04378,4.24,4.24,-0.49989,0.50223,12.82,13.12,11.64,16.31
1424,23.7333,13.0,44.688,-0.21,0.9243,4.85,5.32,-3.02,12.834,-0.00624,-0.04384,4.94,4.94,-0.49997,0.5,12.84,12.79,12.85,12.86
1425,23.75,13.0,44.717,-0.212,0.9225,4.83,4.93,-3.27,12.795,-0.00629,-0.04271,4.88,4.88,-0.5,0.49999,12.82,12.78,12.8,12.78
1426,23.7667,13.0,44.747,-0.215,0.918,4.79,4.4,-3.52,12.772,-0.00629,-0.03921,4.63,4.63,-0.5,0.49998,12.71,12.85,12.79,12.74
1427,23.7833,13.0,44.776,-0.217,0.9109,4.72,3.78,-3.76,13.602,-0.00555,-0.03475,4.1,4.1,-0.49994,0.50065,12.81,13.02,15.62,12.96
1428,23.8,13.0,44.805,-0.22,0.9023,4.59,2.91,-3.91,13.264,-0.00234,-0.02884,2.72,1.1,-0.50028,0.50421,12.37,12.53,15.58,12.58
1429,23.8167,13.0,44.832,-0.22,0.8982,4.58,3.06,-3.43,13.361,-0.00589,-0.02411,3.45,3.45,-0.50118,0.50156,12.16,11.99,12.57,16.72
1430,23.8333,13.0,44.86,-0.221,0.8964,4.5,3.23,-2.54,12.041,-0.00627,-0.02362,3.53,3.53,-0.5,0.5,12.01,11.7,12.27,12.19
1431,23.85,13.0,44.888,-0.222,0.8953,4.37,3.5,-2.29,17.415,-0.01166,-0.02636,5.34,5.34,-0.49656,0.49118,13.09,15.35,16.13,25.09
1432,23.8667,13.0,44.915,-0.225,0.8977,4.03,3.52,-2.35,12.604,-0.01271,-0.02981,5.9,5.9,-0.49911,0.49267,12.32,12.35,12.9,12.85
1433,23.8833,13.0,44.942,-0.227,0.898,3.86,3.51,-2.44,12.503,-0.01427,-0.03444,6.69,6.69,-0.50037,0.49237,12.67,11.87,12.72,12.75
1434,23.9,13.0,44.969,-0.23,0.8972,4.02,3.61,-2.52,12.703,-0.01372,-0.03871,6.83,6.83,-0.5,0.49255,12.64,12.68,12.75,12.74
1435,23.9167,13.0,44.996,-0.232,0.8951,4.3,3.61,-2.58,12.098,-0.0068,-0.03866,4.75,4.75,-0.50026,0.49973,12.88,12.31,10.11,13.1
1436,23.9333,13.0,45.023,-0.235,0.8962,4.55,3.47,-2.59,13.366,-0.0045,-0.03259,3.63,3.63,-0.49899,0.50076,12.8,12.92,13.27,14.47
1437,23.95,13.0,45.051,-0.238,0.8958,4.53,3.45,-2.53,12.93,-0.00576,-0.02816,3.7,3.7,-0.49981,0.50032,13.09,11.7,13.66,13.26
1438,23.9667,13.0,45.079,-0.241,0.8947,4.41,3.57,-2.46,8.393,-0.00452,-0.01744,2.58,0.7,-0.49896,0.50071,12.88,0.07,6.81,13.81
1439,23.9833,13.0,45.108,-0.244,0.8953,4.52,3.52,-2.42,12.453,-0.00766,-0.01015,3.01,3.01,-0.49975,0.49836,12.6,12.14,14.12,10.94
1440,24.0,13.0,45.137,-0.247,0.8974,4.2,3.58,-2.13,12.741,-0.00687,-0.00132,2.15,2.15,-0.49936,0.49876,12.81,12.57,12.89,12.7
1441,24.0167,13.0,45.165,-0.251,0.8968,3.94,3.47,-1.88,12.81,-0.00609,0.00669,1.36,1.36,-0.49875,0.49893,12.84,12.69,12.92,12.8
1442,24.0333,13.0,45.195,-0.254,0.8935,3.76,3.2,-1.67,12.868,-0.00474,0.008,0.86,0.0,-0.49751,0.49903,12.86,12.82,12.93,12.86
1443,24.05,13.0,45.224,-0.257,0.8876,3.64,2.77,-1.51,12.922,-0.00392,0.00764,0.64,0.0,-0.4969,0.49925,12.93,12.89,12.95,12.92
1444,24.0667,13.0,45.252,-0.26,0.8802,3.43,2.0,-1.41,14.604,0.00186,0.01456,-1.58,0.0,-0.49492,0.50305,12.81,12.79,20.02,12.8
1445,24.0833,13.0,45.28,-0.263,0.8741,2.88,0.77,-1.5,12.049,-0.0005,0.01695,-1.04,0.0,-0.49423,0.5,12.12,11.71,12.05,12.32
1446,24.1,13.0,45.298,-0.267,0.8844,2.81,0.05,-1.6,10.065,0.00333,0.02623,-2.84,0.0,-0.48522,0.49482,8.2,10.03,9.37,12.66
1447,24.1167,13.0,45.315,-0.27,0.8916,2.79,-0.44,-1.51,12.894,0.00426,0.03453,-3.69,-3.0,-0.4837,0.49423,12.87,12.82,12.96,12.93
1448,24.1333,13.0,45.332,-0.273,0.8961,2.79,-1.04,-1.47,12.79,0.00443,0.04121,-4.22,-4.22,-0.4834,0.49411,12.77,12.66,12.82,12.91
1449,24.15,13.0,45.35,-0.276,0.8982,2.91,-1.7,-1.49,11.826,0.00074,0.04191,-3.16,-3.16,-0.48657,0.49358,12.63,9.16,12.68,12.84
1450,24.1667,13.0,45.368,-0.279,0.8988,3.26,-2.32,-1.61,12.368,-0.00216,0.03869,-2.06,-2.06,-0.48906,0.49317,12.69,11.35,12.71,12.72
1451,24.1833,13.0,45.387,-0.282,0.8995,3.86,-2.62,-1.67,9.601,-0.01037,0.02146,1.61,0.94,-0.49551,0.4914,12.59,8.18,12.66,4.97
1452,24.2,13.0,45.407,-0.286,0.9001,4.08,-2.68,-1.63,11.874,-0.00299,0.01633,-0.25,0.0,-0.4941,0.49739,12.82,12.81,12.82,9.05
1453,24.2167,13.0,45.428,-0.29,0.8996,4.25,-2.75,-1.65,10.12,-0.00252,0.00834,0.17,0.0,-0.49545,0.4992,12.85,7.95,12.91,6.77
1454,24.2333,13.0,45.45,-0.294,0.8994,4.21,-2.59,-1.71,11.679,-0.00126,0.00167,0.26,0.0,-0.49498,0.49999,12.89,12.89,12.94,7.99
1455,24.25,13.0,45.473,-0.297,0.8973,4.3,-2.53,-1.86,11.793,-0.00532,-0.00856,2.19,2.19,-0.49867,0.49963,12.84,8.44,12.94,12.95
1456,24.2667,13.0,45.496,-0.301,0.8958,4.17,-2.11,-1.98,11.603,-0.00505,-0.01349,2.46,2.46,-0.49873,0.49995,12.88,12.74,12.79,7.99
1457,24.2833,13.0,45.52,-0.305,0.8925,4.16,-1.81,-2.17,12.819,-0.00608,-0.01591,2.94,2.94,-0.50014,0.50032,12.9,9.54,12.7,16.14
1458,24.3,13.0,45.545,-0.308,0.8897,4.11,-1.48,-2.23,12.572,-0.00053,-0.00387,0.43,0.0,-0.50005,0.5058,12.34,12.23,16.79,8.93
1459,24.3167,13.0,45.571,-0.309,0.8894,4.22,-1.47,-2.06,10.52,-0.00302,-0.00344,1.15,0.0,-0.50078,0.50403,12.23,9.84,14.16,5.84
1460,24.3333,13.0,45.596,-0.31,0.8945,3.93,-1.94,-2.19,12.331,-0.00551,-0.0061,2.08,2.08,-0.49984,0.5006,12.89,12.86,12.79,10.79
1461,24.35,13.0,45.621,-0.311,0.898,3.75,-2.26,-2.31,12.543,-0.00635,-0.01061,2.65,2.65,-0.50008,0.5,12.86,11.55,12.85,12.91
1462,24.3667,13.0,45.646,-0.312,0.9,3.86,-2.55,-2.47,12.9,-0.00627,-0.01032,2.6,2.6,-0.5,0.5,12.88,12.89,12.92,12.91
1463,24.3833,13.0,45.671,-0.313,0.8994,3.94,-3.0,-2.64,12.874,-0.00627,-0.01033,2.6,2.6,-0.5,0.5,12.83,12.87,12.9,12.89
1464,24.4,13.0,45.696,-0.314,0.8961,3.99,-3.55,-2.79,12.822,-0.00627,-0.00928,2.53,2.53,-0.5,0.5,12.7,12.88,12.89,12.82
1465,24.4167,13.0,45.721,-0.316,0.8914,3.29,-3.79,-2.73,12.885,-0.00307,-0.01078,1.68,0.0,-0.49609,0.49928,12.86,13.08,13.71,11.9
1466,24.4333,13.0,45.747,-0.318,0.8883,3.04,-3.36,-2.75,11.127,-0.00425,-0.01075,2.03,0.0,-0.4982,0.50023,12.3,9.31,12.8,10.09
1467,24.45,13.0,45.767,-0.32,0.8954,2.4,-3.58,-2.98,11.232,0.00276,-0.00095,-0.76,0.0,-0.49158,0.50062,10.76,9.8,11.71,12.66
1468,24.4667,13.0,45.782,-0.32,0.905,1.85,-4.24,-3.0,12.61,0.00267,0.00844,-1.39,0.0,-0.49106,0.5,12.74,12.48,12.49,12.73
1469,24.4833,13.0,45.798,-0.32,0.912,1.42,-4.91,-3.02,12.63,0.00287,0.01683,-2.04,0.0,-0.49086,0.5,12.68,12.51,12.57,12.76
1470,24.5,13.0,45.814,-0.32,0.9162,1.1,-5.61,-3.02,12.65,0.00318,0.02453,-2.67,0.0,-0.49054,0.49999,12.67,12.55,12.62,12.76
1471,24.5167,13.0,45.829,-0.32,0.9187,1.07,-6.19,-3.06,11.261,-0.00438,0.02353,-0.33,0.0,-0.49735,0.49925,12.59,6.95,12.7,12.8
1472,24.5333,13.0,45.846,-0.321,0.9207,1.16,-6.5,-2.94,12.058,-0.00672,0.01695,0.83,0.83,-0.50019,0.49974,12.84,9.46,12.97,12.96
1473,24.55,13.0,45.863,-0.323,0.9218,1.21,-6.82,-2.74,11.561,-0.00731,0.01177,1.37,1.37,-0.5004,0.49937,12.88,7.54,12.94,12.88
1474,24.5667,13.0,45.881,-0.325,0.9213,1.26,-7.22,-2.52,11.29,-0.0095,-0.00226,3.01,3.01,-0.50256,0.49932,12.64,6.46,13.01,13.05
1475,24.5833,13.0,45.899,-0.33,0.9227,1.64,-6.96,-2.14,11.792,-0.00165,-0.00643,0.94,0.01,-0.49421,0.49884,12.89,8.57,12.92,12.79
1476,24.6,13.0,45.919,-0.334,0.921,2.08,-7.11,-1.94,12.518,-0.006,-0.01478,2.83,2.83,-0.49838,0.49865,12.72,11.62,12.8,12.93
1477,24.6167,13.0,45.939,-0.339,0.9185,2.83,-7.19,-1.83,11.573,-0.00904,-0.02557,4.5,4.5,-0.50082,0.49805,12.59,8.0,12.86,12.85
1478,24.6333,13.0,45.96,-0.344,0.9158,3.49,-7.1,-1.62,13.595,-0.00252,-0.02059,2.2,1.5,-0.49915,0.5029,12.6,23.65,12.46,5.67
1479,24.65,13.0,45.982,-0.349,0.9134,3.76,-6.76,-1.57,9.784,-0.00419,-0.01552,2.34,0.0,-0.49814,0.50022,12.61,5.4,12.63,8.49
1480,24.6667,13.0,46.004,-0.354,0.9114,3.91,-6.21,-1.75,11.258,-0.00461,-0.01089,2.15,0.0,-0.49859,0.50025,12.5,12.59,12.6,7.34
1481,24.6833,13.0,46.027,-0.355,0.9119,4.11,-6.24,-1.47,11.453,-0.00453,-0.00447,1.67,0.0,-0.49832,0.50006,12.59,12.51,11.06,9.64
1482,24.7,13.0,46.05,-0.356,0.9125,4.08,-6.25,-1.19,11.603,-0.00135,-0.00362,0.66,0.0,-0.49632,0.50125,12.76,12.91,9.99,10.75
1483,24.7167,13.0,46.073,-0.357,0.9135,3.62,-6.44,-0.97,12.802,-0.00233,0.00059,0.66,0.0,-0.49606,0.5,12.81,12.79,12.91,12.7
1484,24.7333,13.0,46.097,-0.357,0.9128,3.34,-6.65,-0.9,10.893,-0.00283,0.00691,0.37,0.0,-0.49764,0.50108,12.85,9.48,12.67,8.56
1485,24.75,13.0,46.122,-0.358,0.9119,2.85,-6.69,-0.93,12.727,-0.0024,0.0062,0.29,0.0,-0.49776,0.50163,12.78,12.89,12.79,12.45
1486,24.7667,13.0,46.144,-0.359,0.9141,2.19,-5.27,-1.2,9.583,-0.00101,0.00873,-0.31,0.0,-0.48881,0.49407,12.98,6.7,13.0,5.66
1487,24.7833,13.0,46.166,-0.36,0.9187,2.07,-4.52,-1.15,9.56,0.00477,0.01734,-2.65,0.0,-0.48059,0.49164,11.99,7.31,7.8,11.15
1488,24.8,13.0,46.188,-0.36,0.9226,2.05,-4.2,-1.05,4.139,0.00751,0.02764,-4.19,-3.0,-0.47794,0.49172,12.59,-7.36,7.47,3.85
1489,24.8167,13.0,46.212,-0.36,0.9277,1.87,-4.11,-0.98,12.724,0.00757,0.0335,-4.62,-4.62,-0.47616,0.49,12.51,12.55,12.9,12.93
1490,24.8333,13.0,46.218,-0.359,0.9396,0.83,-4.5,-1.8,10.481,0.02717,0.05981,-12.34,-7.62,-0.46244,0.49588,10.04,12.68,6.42,12.78
1491,24.85,13.0,46.226,-0.355,0.9487,0.52,-5.16,-1.87,17.283,0.02675,0.08306,-13.84,-10.62,-0.45639,0.48941,29.49,12.67,14.71,12.26
1492,24.8667,13.0,46.233,-0.351,0.9541,0.29,-5.88,-1.88,16.592,0.02445,0.10071,-14.38,-13.62,-0.45742,0.48814,12.51,12.24,28.98,12.64
1493,24.8833,13.0,46.241,-0.347,0.9566,0.02,-6.74,-1.94,17.48,0.02369,0.11403,-15.09,-15.09,-0.4554,0.48536,12.59,12.26,32.6,12.47
1494,24.9,13.0,46.25,-0.343,0.958,0.26,-7.2,-1.87,14.438,0.00835,0.10403,-9.79,-12.09,-0.46967,0.48429,28.49,4.92,11.98,12.37
1495,24.9167,13.0,46.259,-0.342,0.9604,0.23,-7.58,-1.91,10.534,-0.00796,0.07563,-2.9,-9.09,-0.48163,0.47994,12.77,3.88,12.84,12.65
1496,24.9333,13.0,46.269,-0.341,0.962,0.25,-8.04,-2.02,10.964,-0.01516,0.04318,1.52,-6.09,-0.48819,0.4793,12.61,7.15,11.52,12.58
1497,24.95,13.0,46.28,-0.342,0.964,0.33,-8.74,-2.21,9.88,-0.0221,-0.01268,7.52,-3.09,-0.49465,0.47883,12.77,3.95,9.98,12.82
1498,24.9667,13.0,46.292,-0.343,0.9681,0.51,-9.23,-2.24,11.557,-0.02558,-0.06499,12.22,-0.09,-0.49698,0.47767,12.89,8.02,13.19,12.13
1499,24.9833,13.0,46.304,-0.346,0.9706,0.7,-9.63,-2.09,12.585,-0.02669,-0.10979,15.69,2.91,-0.4973,0.47688,13.09,11.62,13.2,12.44
1500,25.0,13.0,46.318,-0.348,0.9713,1.08,-10.11,-2.01,13.939,-0.02851,-0.1503,19.07,5.91,-0.49944,0.4772,12.33,2.83,27.83,12.76
1501,25.0167,13.0,46.332,-0.351,0.9711,1.5,-10.46,-1.82,9.431,-0.02704,-0.16866,19.92,8.91,-0.49986,0.4791,12.37,6.92,13.5,4.94
1502,25.0333,13.0,46.347,-0.355,0.9718,2.01,-10.51,-1.52,14.772,-0.02286,-0.16375,18.32,11.91,-0.49969,0.48309,12.44,14.34,25.12,7.19
1503,25.05,13.0,46.363,-0.357,0.9718,2.12,-10.52,-1.21,12.738,-0.00983,-0.13862,12.65,12.65,-0.49911,0.49555,12.45,16.78,13.04,8.69
1504,25.0667,13.0,46.38,-0.359,0.9709,2.39,-10.55,-1.07,11.911,-0.00654,-0.10598,9.38,9.65,-0.49913,0.49886,12.42,15.09,14.5,5.63
1505,25.0833,13.0,46.397,-0.361,0.9704,2.43,-10.54,-0.85,12.455,-0.0032,-0.07025,5.88,6.65,-0.49784,0.50091,13.01,21.67,6.47,8.68
1506,25.1,13.0,46.415,-0.361,0.9708,2.39,-10.37,-0.8,10.326,-0.00512,-0.03963,4.31,4.31,-0.49761,0.49876,12.96,12.69,7.72,7.93
1507,25.1167,13.0,46.435,-0.36,0.971,2.31,-10.5,-0.59,11.557,-0.00733,-0.01309,3.11,3.11,-0.50225,0.50119,12.62,15.21,8.8,9.59
1508,25.1333,13.0,46.455,-0.358,0.9715,2.14,-10.64,-0.43,12.353,-0.00829,0.00777,1.94,1.94,-0.50158,0.49956,12.83,13.23,13.03,10.32
1509,25.15,13.0,46.477,-0.358,0.9725,1.93,-10.56,-0.28,11.519,-0.00762,0.02252,0.71,0.71,-0.50025,0.49891,12.82,7.67,12.92,12.66
1510,25.1667,13.0,46.498,-0.357,0.9716,1.77,-10.53,-0.1,11.718,-0.00973,0.01991,1.53,1.53,-0.50227,0.49881,12.8,8.17,12.96,12.93
1511,25.1833,13.0,46.521,-0.358,0.9708,1.88,-10.35,0.14,10.257,-0.00511,0.019,0.2,0.2,-0.50023,0.50139,13.1,8.1,6.93,12.9
1512,25.2,13.0,46.544,-0.359,0.9702,2.06,-10.32,0.55,11.095,-0.00403,0.01587,0.1,0.0,-0.49929,0.50153,12.79,11.0,10.38,10.22
1513,25.2167,13.0,46.568,-0.359,0.9715,2.45,-10.5,0.71,11.812,-0.00362,0.01551,-0.0,0.0,-0.4999,0.50255,12.85,13.09,10.85,10.46
1514,25.2333,13.0,46.589,-0.36,0.9759,1.43,-9.25,0.82,15.323,0.00755,0.02896,-4.29,-3.0,-0.49576,0.50958,13.08,13.09,24.49,10.63
1515,25.25,13.0,46.609,-0.359,0.98,0.51,-8.41,1.05,9.731,-0.00228,0.03166,-1.53,-1.53,-0.49517,0.49916,11.39,12.25,6.2,9.09
1516,25.2667,13.0,46.628,-0.358,0.9831,-0.48,-7.83,1.39,12.507,-0.00173,0.03391,-1.85,-1.85,-0.49435,0.49889,11.9,12.14,12.69,13.29
1517,25.2833,13.0,46.648,-0.356,0.9864,-0.66,-7.23,1.62,9.541,0.00559,0.0456,-4.87,-4.85,-0.48977,0.50164,12.99,1.07,12.95,11.16
1518,25.3,13.0,46.668,-0.353,0.99,-0.55,-6.67,1.79,10.828,0.0015,0.04693,-3.73,-3.73,-0.4889,0.49666,12.08,7.54,13.3,10.4
1519,25.3167,13.0,46.689,-0.351,0.9927,-0.54,-6.45,1.99,6.577,-0.00471,0.04059,-1.43,-1.43,-0.49073,0.49229,11.3,-5.37,13.55,6.83
1520,25.3333,13.0,46.695,-0.347,1.0033,-1.09,-6.57,0.55,10.962,0.00278,0.0423,-3.8,-3.8,-0.48854,0.49759,12.71,12.25,6.28,12.61
1521,25.35,13.0,46.704,-0.341,1.0107,-1.18,-7.01,-0.03,12.49,0.00192,0.03143,-2.77,-2.77,-0.48897,0.49716,12.48,12.26,12.66,12.56
1522,25.3667,13.0,46.713,-0.336,1.0163,-1.59,-7.78,-0.65,12.025,0.00123,0.03126,-2.56,-2.56,-0.48821,0.49571,12.57,12.37,10.48,12.68
1523,25.3833,13.0,46.722,-0.332,1.0195,-2.08,-8.64,-1.16,12.154,0.00066,0.02997,-2.29,0.0,-0.48815,0.49507,12.11,11.96,11.92,12.63
1524,25.4,13.0,46.731,-0.328,1.0233,-2.51,-9.26,-1.45,13.145,-0.01169,0.0086,2.91,2.91,-0.49719,0.49177,23.01,2.88,14.53,12.16
1525,25.4167,13.0,46.741,-0.326,1.028,-2.92,-9.66,-1.36,14.355,-0.01964,-0.01417,6.88,5.91,-0.5005,0.48713,13.52,5.56,25.64,12.71
1526,25.4333,13.0,46.753,-0.325,1.0334,-3.28,-10.27,-1.1,13.111,-0.02326,-0.03156,9.19,8.91,-0.4979,0.48091,18.24,7.39,14.73,12.07
1527,25.45,13.0,46.765,-0.325,1.0361,-3.59,-10.75,-0.89,11.466,-0.02452,-0.05585,11.26,11.26,-0.49966,0.48141,12.48,6.62,14.66,12.1
1528,25.4667,13.0,46.778,-0.326,1.0382,-3.48,-10.88,-0.64,8.195,-0.02382,-0.07562,12.44,12.44,-0.49966,0.48211,1.74,5.9,12.64,12.5
1529,25.4833,13.0,46.792,-0.327,1.0402,-3.35,-11.14,-0.34,10.817,-0.02595,-0.09449,14.4,14.4,-0.50013,0.48045,12.43,7.43,10.81,12.6
1530,25.5,13.0,46.807,-0.329,1.0425,-3.08,-11.7,-0.2,16.267,-0.02639,-0.11097,15.68,15.68,-0.5005,0.48038,11.99,12.66,28.03,12.38
1531,25.5167,13.0,46.823,-0.331,1.0432,-2.79,-12.14,-0.01,12.989,-0.02547,-0.11183,15.47,15.47,-0.5003,0.48109,11.86,9.38,19.26,11.45
1532,25.5333,13.0,46.838,-0.334,1.0444,-2.4,-12.23,0.31,11.773,-0.02448,-0.10339,14.58,14.58,-0.49987,0.48166,12.13,4.45,17.84,12.67
1533,25.55,13.0,46.855,-0.337,1.0442,-1.99,-12.47,0.57,11.102,-0.02376,-0.0915,13.53,13.53,-0.50005,0.48256,12.16,7.31,12.67,12.27
1534,25.5667,13.0,46.872,-0.341,1.0428,-1.49,-12.83,0.85,10.582,-0.02014,-0.07602,11.36,11.36,-0.50071,0.48684,11.98,4.48,13.1,12.77
1535,25.5833,13.0,46.889,-0.345,1.0425,-0.78,-12.88,1.22,11.489,-0.01744,-0.06033,9.46,9.46,-0.49941,0.48824,12.18,10.02,11.14,12.61
1536,25.6,13.0,46.908,-0.349,1.0429,-0.24,-13.19,1.45,11.283,-0.0177,-0.04461,8.43,8.43,-0.49945,0.48802,12.22,7.82,12.67,12.42
1537,25.6167,13.0,46.927,-0.354,1.0425,0.07,-13.36,1.55,14.611,-0.00277,-0.01496,1.88,5.43,-0.49843,0.50193,12.55,23.62,12.51,9.76
1538,25.6333,13.0,46.947,-0.358,1.043,0.5,-13.56,1.71,10.298,-0.00456,0.00834,0.78,2.43,-0.4999,0.50161,12.48,11.09,8.25,9.36
1539,25.65,13.0,46.968,-0.359,1.0458,0.94,-13.35,1.74,11.748,-0.00766,0.02464,0.57,0.57,-0.4999,0.49851,12.91,12.95,12.74,8.4
1540,25.6667,13.0,46.989,-0.36,1.0472,1.31,-13.41,1.79,12.129,-0.00411,0.0419,-1.7,-1.7,-0.49991,0.50207,12.83,12.82,10.39,12.48
1541,25.6833,13.0,47.011,-0.36,1.0486,1.39,-13.59,1.86,12.429,-0.00373,0.05374,-2.64,-2.64,-0.49847,0.50101,12.93,12.92,13.0,10.86
1542,25.7,13.0,47.033,-0.361,1.0488,1.11,-13.61,1.92,13.293,-0.00298,0.06217,-3.46,-3.46,-0.49893,0.50223,12.92,12.89,13.07,14.29
1543,25.7167,13.0,47.048,-0.361,1.0503,-0.12,-11.99,1.45,6.183,0.00321,0.07622,-6.3,-6.3,-0.49719,0.50667,12.66,12.65,-7.67,7.1
1544,25.7333,13.0,47.061,-0.358,1.0546,-1.35,-11.01,1.89,11.578,0.00448,0.07453,-6.56,-6.56,-0.49655,0.5073,11.61,12.44,14.8,7.47
1545,25.75,13.0,47.074,-0.356,1.057,-2.57,-10.29,2.16,14.074,-0.00581,0.0643,-2.76,-3.56,-0.49587,0.49633,10.96,11.77,26.17,7.4
1546,25.7667,13.0,47.088,-0.353,1.0582,-3.41,-9.64,2.22,5.592,0.00314,0.06769,-5.68,-5.68,-0.4926,0.50201,11.98,-22.9,28.15,5.14
1547,25.7833,13.0,47.1,-0.348,1.0634,-3.56,-8.76,2.26,8.229,-0.00607,0.05755,-2.21,-2.68,-0.49038,0.49058,11.69,5.2,1.21,14.81
1548,25.8,13.0,47.113,-0.343,1.07,-3.49,-8.35,2.26,14.346,-0.00987,0.04433,-0.14,-0.14,-0.49165,0.48805,13.16,10.85,14.32,19.06
1549,25.8167,13.0,47.127,-0.338,1.0748,-3.44,-7.91,2.2,12.439,-0.01738,0.02419,3.52,2.86,-0.49362,0.48251,12.92,5.44,12.96,18.43
1550,25.8333,13.0,47.141,-0.334,1.079,-3.34,-7.6,2.2,9.208,-0.02274,-0.0054,7.2,5.86,-0.49623,0.47976,12.99,-3.11,18.58,8.37
1551,25.85,13.0,47.156,-0.331,1.0824,-3.1,-7.23,2.13,10.844,-0.02616,-0.03627,10.39,8.86,-0.4997,0.4798,12.96,6.26,11.32,12.84
1552,25.8667,13.0,47.172,-0.329,1.0852,-3.0,-6.95,2.18,14.275,-0.02731,-0.05403,11.97,11.86,-0.50073,0.47969,12.22,5.61,26.34,12.93
1553,25.8833,13.0,47.188,-0.327,1.0872,-2.91,-6.72,2.29,10.817,-0.02602,-0.07753,13.23,13.23,-0.50014,0.48039,12.56,5.68,12.45,12.57
1554,25.9,13.0,47.204,-0.327,1.0905,-3.04,-6.7,2.1,12.462,-0.01932,-0.08185,11.53,11.53,-0.49946,0.48641,12.48,6.88,17.89,12.59
1555,25.9167,13.0,47.214,-0.326,1.097,-3.47,-6.84,1.42,12.263,-0.01721,-0.07958,10.73,10.73,-0.49883,0.48789,11.79,12.55,12.08,12.63
1556,25.9333,13.0,47.224,-0.326,1.1011,-3.92,-7.24,0.89,12.564,-0.01547,-0.06807,9.41,9.41,-0.49768,0.48848,12.01,12.61,12.96,12.67
1557,25.95,13.0,47.234,-0.327,1.1053,-4.36,-7.87,0.41,9.99,-0.01685,-0.05384,8.82,8.82,-0.5,0.48942,12.12,6.27,8.68,12.89
1558,25.9667,13.0,47.246,-0.328,1.1094,-4.77,-8.23,0.26,10.696,-0.01402,-0.03489,6.65,6.65,-0.49781,0.49006,12.26,5.31,12.58,12.64
1559,25.9833,13.0,47.258,-0.329,1.1118,-4.95,-8.69,0.12,9.08,-0.01582,-0.01889,6.07,6.07,-0.49957,0.49002,12.4,-1.34,12.63,12.63
1560,26.0,13.0,47.271,-0.331,1.1144,-4.87,-8.96,0.06,8.712,-0.01529,-0.00558,4.98,4.98,-0.49919,0.49017,17.08,7.13,-2.09,12.74
1561,26.0167,13.0,47.286,-0.333,1.1192,-4.82,-9.57,0.17,10.892,-0.01495,-0.00042,4.51,4.51,-0.49859,0.48991,12.49,10.58,7.96,12.53
1562,26.0333,13.0,47.301,-0.336,1.1212,-4.65,-10.21,0.26,12.146,-0.01721,-0.00036,5.19,5.19,-0.50089,0.48996,12.0,-3.6,27.64,12.55
1563,26.05,13.0,47.317,-0.339,1.1236,-4.3,-10.5,0.42,11.276,-0.01542,-0.00027,4.65,4.65,-0.49918,0.49002,12.48,7.16,12.87,12.59
1564,26.0667,13.0,47.334,-0.342,1.1249,-3.94,-10.78,0.61,11.667,-0.01632,0.00031,4.87,4.87,-0.50007,0.49002,12.73,8.3,12.88,12.76
1565,26.0833,13.0,47.351,-0.346,1.1243,-3.53,-11.16,0.77,11.823,-0.0163,-0.00207,5.03,5.03,-0.49994,0.48991,12.71,9.04,12.84,12.7
1566,26.1,13.0,47.369,-0.351,1.124,-2.87,-11.27,0.91,11.28,-0.01627,-0.00229,5.04,5.04,-0.49971,0.48971,12.58,6.98,12.91,12.65
1567,26.1167,13.0,47.388,-0.355,1.1231,-2.22,-11.47,1.16,17.807,-0.01438,-0.00108,4.39,4.39,-0.50142,0.49332,12.17,26.51,19.58,12.97
1568,26.1333,13.0,47.408,-0.359,1.121,-1.58,-11.8,1.34,13.517,-0.00708,0.00715,1.62,1.62,-0.50188,0.50108,11.53,7.42,26.86,8.25
1569,26.15,13.0,47.428,-0.361,1.1242,-1.28,-11.67,1.44,10.407,-0.00603,0.01779,0.56,0.56,-0.50003,0.50027,12.57,12.26,8.17,8.62
1570,26.1667,13.0,47.448,-0.361,1.1264,-0.96,-11.84,1.52,11.729,-0.00537,0.02599,-0.21,-0.21,-0.49996,0.50086,12.75,12.76,13.07,8.34
1571,26.1833,13.0,47.468,-0.361,1.1268,-0.64,-12.19,1.56,11.878,-0.00626,0.03322,-0.45,-0.45,-0.49999,0.5,12.89,12.91,13.06,8.65
1572,26.2,13.0,47.489,-0.36,1.1288,-0.62,-11.86,1.36,11.891,-0.01127,0.0344,0.97,0.97,-0.49945,0.49445,12.94,12.95,12.91,8.77
1573,26.2167,13.0,47.511,-0.359,1.1273,-0.75,-11.95,1.28,11.714,-0.01067,0.03604,0.68,0.68,-0.49943,0.49503,12.93,12.94,13.05,7.93
1574,26.2333,13.0,47.533,-0.358,1.1256,-1.37,-11.88,1.24,11.781,-0.00449,0.04189,-1.59,-1.59,-0.49949,0.50128,12.95,12.94,13.14,8.09
1575,26.25,13.0,47.552,-0.356,1.124,-2.32,-11.14,0.91,6.314,0.00395,0.0482,-4.56,-4.56,-0.49844,0.50866,12.69,12.85,-2.31,2.02
1576,26.2667,13.0,47.564,-0.351,1.1267,-3.67,-10.02,1.04,8.608,-0.0052,0.04327,-1.47,-1.56,-0.49831,0.49938,11.25,12.5,4.04,6.64
1577,26.2833,13.0,47.575,-0.345,1.129,-5.03,-9.23,1.4,3.43,-0.00271,0.04082,-2.05,-2.05,-0.49506,0.49862,10.66,-44.8,28.0,19.85
1578,26.3,13.0,47.584,-0.338,1.1353,-5.01,-8.37,1.2,16.963,-0.01962,0.02218,4.33,0.95,-0.49915,0.4858,11.77,29.73,14.71,11.65
1579,26.3167,13.0,47.595,-0.332,1.1397,-5.28,-7.85,1.23,10.324,-0.02526,0.00513,7.22,3.95,-0.49985,0.48087,12.88,4.06,8.17,16.19
1580,26.3333,13.0,47.605,-0.327,1.1436,-5.54,-7.25,1.34,3.685,-0.03077,-0.01616,10.36,6.95,-0.49969,0.47519,12.24,-18.67,6.27,14.89
1581,26.35,13.0,47.616,-0.322,1.1479,-5.62,-6.67,1.51,18.876,-0.03801,-0.04871,14.81,9.95,-0.5,0.46825,12.11,13.57,34.51,15.32
1582,26.3667,13.0,47.627,-0.317,1.151,-5.91,-6.33,1.87,7.242,-0.0498,-0.09815,21.81,12.95,-0.50016,0.45663,12.38,2.7,9.1,4.79
1583,26.3833,13.0,47.638,-0.313,1.1541,-6.24,-5.85,2.28,16.141,-0.05296,-0.13549,25.37,15.95,-0.49854,0.45186,12.86,-3.28,23.6,31.39
1584,26.4,13.0,47.65,-0.31,1.157,-6.03,-5.53,2.38,9.043,-0.0588,-0.17693,30.02,18.95,-0.49985,0.44732,12.38,4.72,7.29,11.77
1585,26.4167,13.0,47.662,-0.307,1.1606,-5.88,-5.28,2.44,10.645,-0.06046,-0.1977,31.98,21.95,-0.50069,0.4465,11.93,3.61,14.6,12.44
1586,26.4333,13.0,47.675,-0.305,1.1632,-5.74,-5.06,2.65,11.875,-0.06332,-0.21313,33.91,24.95,-0.49977,0.44273,11.95,4.42,17.03,14.1
1587,26.45,13.0,47.689,-0.303,1.1657,-5.54,-4.96,2.83,14.816,-0.06535,-0.22312,35.22,27.95,-0.49979,0.44071,11.73,6.37,14.13,27.05
1588,26.4667,13.0,47.704,-0.301,1.1677,-5.42,-4.86,3.07,9.078,-0.06581,-0.22493,35.49,30.95,-0.49829,0.43875,11.68,5.65,12.43,6.55
1589,26.4833,13.0,47.719,-0.299,1.1683,-5.28,-4.76,3.28,11.995,-0.06645,-0.21506,34.99,33.95,-0.49728,0.4371,11.44,8.16,18.49,9.89
1590,26.5,13.0,47.736,-0.298,1.1695,-5.12,-4.73,3.31,8.33,-0.07302,-0.20989,36.6,36.6,-0.49992,0.43318,11.57,8.34,5.43,7.98
1591,26.5167,13.0,47.752,-0.298,1.1726,-5.28,-4.95,3.15,9.597,-0.06574,-0.19184,33.15,33.6,-0.4994,0.43993,11.44,7.89,7.47,11.59
1592,26.5333,13.0,47.768,-0.298,1.1759,-5.53,-5.45,2.92,9.7,-0.06347,-0.17192,31.08,31.08,-0.49932,0.44211,11.09,4.38,11.65,11.67
1593,26.55,13.0,47.784,-0.297,1.1793,-5.57,-5.74,2.77,10.215,-0.06226,-0.1502,29.19,29.19,-0.49897,0.44299,11.45,8.2,9.57,11.64
1594,26.5667,13.0,47.801,-0.298,1.1822,-5.61,-6.1,2.73,14.276,-0.06176,-0.12849,27.52,27.52,-0.49958,0.44408,11.3,9.16,24.74,11.91
1595,26.5833,13.0,47.818,-0.298,1.1828,-5.53,-6.56,2.69,10.091,-0.06084,-0.10796,25.81,25.81,-0.4996,0.44504,11.34,4.56,12.94,11.53
1596,26.6,13.0,47.835,-0.299,1.1834,-5.2,-6.54,2.76,9.006,-0.06001,-0.08838,24.19,24.19,-0.49962,0.44589,11.8,6.94,5.13,12.16
1597,26.6167,13.0,47.854,-0.3,1.1837,-4.9,-6.68,2.93,12.514,-0.0574,-0.06171,21.54,21.54,-0.4991,0.44797,11.88,11.94,19.09,7.14
1598,26.6333,13.0,47.873,-0.301,1.1834,-4.8,-6.8,3.14,7.658,-0.05213,-0.0403,18.46,18.54,-0.49851,0.45266,11.97,3.9,6.3,8.46
1599,26.65,13.0,47.893,-0.301,1.1841,-4.84,-6.73,3.26,12.56,-0.04729,-0.01881,15.5,15.54,-0.50023,0.45922,12.01,10.68,13.01,14.53
1600,26.6667,13.0,47.914,-0.302,1.1834,-4.73,-6.71,3.47,13.195,-0.04289,0.00337,12.63,12.63,-0.49994,0.46333,12.45,13.32,3.34,23.67
1601,26.6833,13.0,47.936,-0.303,1.1833,-4.8,-6.77,3.73,10.382,-0.03633,0.02912,8.86,9.63,-0.49832,0.46825,12.36,7.76,12.78,8.63
1602,26.7,13.0,47.959,-0.303,1.1832,-4.51,-6.7,3.84,11.063,-0.03597,0.05121,7.21,7.21,-0.5002,0.4705,12.46,10.37,8.84,12.58
1603,26.7167,13.0,47.983,-0.302,1.1836,-4.53,-6.71,4.08,13.12,-0.02915,0.0768,3.37,4.21,-0.4986,0.47573,12.59,12.53,17.26,10.09
1604,26.7333,13.0,48.007,-0.302,1.1834,-4.51,-6.67,4.25,12.362,-0.03013,0.09563,2.34,2.34,-0.50015,0.47629,12.84,10.89,12.87,12.85
1605,26.75,13.0,48.032,-0.301,1.1827,-4.56,-6.68,4.43,12.086,-0.02172,0.11543,-1.56,-0.66,-0.4982,0.48274,12.92,12.75,11.6,11.08
1606,26.7667,13.0,48.058,-0.3,1.1823,-4.52,-6.54,4.63,12.146,-0.02087,0.12875,-2.75,-2.75,-0.50082,0.48622,13.09,10.7,11.74,13.05
1607,26.7833,13.0,48.08,-0.3,1.1848,-5.52,-5.53,4.69,12.552,-0.00983,0.14731,-7.36,-5.75,-0.4988,0.49524,12.12,12.1,14.72,11.27
1608,26.8,13.0,48.1,-0.299,1.1881,-6.68,-4.48,4.73,11.254,-0.00899,0.15775,-8.34,-8.34,-0.49808,0.49536,11.07,12.08,12.95,8.91
1609,26.8167,13.0,48.119,-0.296,1.1936,-7.39,-3.85,4.95,9.689,-0.00776,0.16783,-9.42,-9.42,-0.49445,0.49295,4.78,12.39,12.74,8.85
1610,26.8333,13.0,48.138,-0.294,1.199,-8.08,-3.56,5.23,11.788,-0.01043,0.16694,-8.56,-8.56,-0.49509,0.49092,6.47,12.73,12.98,14.97
1611,26.85,13.0,48.156,-0.29,1.2042,-7.97,-3.28,5.31,11.302,-0.00963,0.16799,-8.87,-8.87,-0.49241,0.48905,12.29,7.78,12.61,12.53
1612,26.8667,13.0,48.174,-0.285,1.2086,-7.61,-2.85,5.41,9.354,-0.01348,0.15631,-6.9,-6.9,-0.49077,0.48356,12.11,1.45,12.84,11.02
1613,26.8833,13.0,48.194,-0.28,1.2122,-7.2,-2.56,5.46,10.262,-0.01866,0.13983,-4.19,-4.19,-0.491,0.47861,12.36,7.33,12.64,8.72
1614,26.9,13.0,48.214,-0.275,1.2148,-6.88,-2.39,5.55,11.739,-0.023,0.1095,-0.77,-1.19,-0.4922,0.47547,12.57,8.87,12.82,12.7
1615,26.9167,13.0,48.236,-0.27,1.2158,-6.66,-2.3,5.72,11.5,-0.02361,0.08133,1.39,1.39,-0.49245,0.47511,12.83,7.35,12.9,12.93
1616,26.9333,13.0,48.258,-0.265,1.2157,-6.33,-2.22,5.9,10.668,-0.03127,0.04739,6.07,4.39,-0.49869,0.47368,12.93,8.25,12.85,8.64
1617,26.95,13.0,48.281,-0.261,1.2147,-6.14,-2.13,6.17,11.569,-0.03374,0.01772,8.88,7.39,-0.50046,0.47299,12.81,10.08,12.86,10.52
1618,26.9667,13.0,48.306,-0.257,1.2136,-6.31,-1.97,6.46,10.572,-0.02737,-0.00264,8.39,8.39,-0.49985,0.47875,12.68,6.76,12.7,10.15
1619,26.9833,13.0,48.332,-0.252,1.2122,-6.25,-1.69,6.65,11.95,-0.02778,-0.01704,9.53,9.53,-0.49998,0.47847,12.63,9.92,12.63,12.62
1620,27.0,13.0,48.358,-0.247,1.2124,-6.4,-1.84,6.66,13.002,-0.02665,-0.02321,9.62,9.62,-0.50144,0.48107,12.52,11.89,10.69,16.91
1621,27.0167,13.0,48.384,-0.243,1.2148,-6.43,-1.9,6.66,12.416,-0.02424,-0.02171,8.79,8.79,-0.5,0.48203,12.22,12.16,12.64,12.64
1622,27.0333,13.0,48.409,-0.238,1.2147,-6.4,-2.08,6.68,11.356,-0.02544,-0.02098,9.1,9.1,-0.50132,0.48216,12.26,7.96,12.59,12.61
1623,27.05,13.0,48.435,-0.234,1.2142,-6.19,-1.99,6.8,11.226,-0.02372,-0.01069,7.86,7.86,-0.4998,0.48235,12.57,10.18,12.71,9.44
1624,27.0667,13.0,48.462,-0.23,1.2128,-6.14,-1.88,6.99,10.07,-0.02,0.00473,5.67,5.67,-0.49799,0.48426,12.66,5.42,11.99,10.2
1625,27.0833,13.0,48.49,-0.226,1.2131,-6.22,-1.83,7.04,12.215,-0.02538,0.00621,7.18,7.18,-0.50074,0.48164,12.54,12.83,10.25,13.24
1626,27.1,13.0,48.518,-0.223,1.2151,-6.53,-1.93,7.04,12.693,-0.02317,0.01021,6.24,6.24,-0.5,0.4831,12.61,12.6,12.77,12.79
1627,27.1167,13.0,48.546,-0.22,1.2155,-6.6,-1.93,7.07,12.618,-0.02328,0.01244,6.11,6.11,-0.49993,0.48292,12.71,12.23,12.78,12.76
1628,27.1333,13.0,48.575,-0.217,1.2143,-6.46,-1.88,7.1,11.622,-0.02357,0.01164,6.26,6.26,-0.50033,0.48303,12.58,8.37,12.78,12.75
1629,27.15,13.0,48.603,-0.214,1.2131,-6.25,-1.85,7.06,13.578,-0.02507,0.01062,6.78,6.78,-0.50237,0.48357,12.73,15.48,13.23,12.88
1630,27.1667,13.0,48.631,-0.212,1.2156,-6.96,-1.45,6.97,12.304,-0.01538,0.01792,3.36,3.78,-0.49894,0.48983,12.69,12.75,12.79,10.99
1631,27.1833,13.0,48.657,-0.21,1.2185,-7.71,-1.02,6.9,12.514,-0.00793,0.02819,0.4,0.78,-0.49638,0.49473,13.65,12.01,12.33,12.06
1632,27.2,13.0,48.684,-0.208,1.2218,-8.31,-0.86,6.88,10.357,-0.0079,0.04278,-0.62,-0.62,-0.49656,0.49493,3.51,12.45,12.83,12.63
1633,27.2167,13.0,48.71,-0.203,1.2248,-7.79,-0.63,6.8,12.493,-0.00993,0.05127,-0.61,-0.61,-0.49693,0.49327,12.91,11.13,12.95,12.97
1634,27.2333,13.0,48.736,-0.197,1.2261,-7.1,-0.42,6.71,14.993,-0.0111,0.05765,-0.71,-0.71,-0.49811,0.49328,12.74,22.04,12.54,12.65
1635,27.25,13.0,48.762,-0.193,1.2259,-6.85,-0.35,6.73,11.723,-0.00891,0.0658,-1.93,-1.93,-0.49665,0.49401,12.75,11.4,12.73,10.01
1636,27.2667,13.0,48.79,-0.188,1.2246,-6.73,-0.17,6.77,11.055,-0.01375,0.06955,-0.74,-0.74,-0.50009,0.49261,12.94,13.43,12.79,5.06
1637,27.2833,13.0,48.818,-0.183,1.2227,-6.77,0.12,6.9,12.662,-0.00954,0.06721,-1.84,-1.84,-0.49909,0.49582,12.78,12.88,12.92,12.06
1638,27.3,13.0,48.846,-0.178,1.2198,-6.77,0.48,6.99,12.442,-0.01187,0.05509,-0.3,-0.3,-0.50092,0.49532,12.82,11.81,12.96,12.18
1639,27.3167,13.0,48.875,-0.174,1.2163,-6.66,0.95,7.11,12.432,-0.0078,0.04858,-1.06,-1.06,-0.49962,0.49809,12.57,12.52,12.63,12.01
1640,27.3333,13.0,48.904,-0.169,1.2119,-6.69,1.48,7.21,11.935,-0.00659,0.04619,-1.26,-1.26,-0.50011,0.49979,12.72,12.66,12.76,9.6
1641,27.35,13.0,48.934,-0.164,1.2073,-6.8,2.05,7.3,9.234,-0.00617,0.04572,-1.35,-1.35,-0.49968,0.49978,11.81,0.09,12.59,12.45
1642,27.3667,13.0,48.964,-0.16,1.2033,-6.74,2.57,7.26,12.012,-0.01229,0.03675,1.12,1.12,-0.50358,0.49755,11.5,11.73,13.02,11.79
1643,27.3833,13.0,48.995,-0.155,1.2045,-6.61,2.55,7.11,12.845,-0.00658,0.03972,-0.81,-0.81,-0.5,0.49969,12.98,12.96,12.75,12.7
1644,27.4,13.0,49.025,-0.151,1.2037,-6.74,2.56,6.97,12.679,-0.0047,0.03993,-1.38,-1.38,-0.4989,0.50047,12.99,13.0,13.04,11.69
1645,27.4167,13.0,49.055,-0.146,1.2038,-6.56,2.44,6.89,11.796,-0.01023,0.03682,0.49,0.49,-0.50267,0.49871,12.37,9.36,12.82,12.64
1646,27.4333,13.0,49.085,-0.142,1.2037,-6.37,2.74,6.91,12.534,-0.00558,0.03469,-0.75,-0.75,-0.49959,0.50027,12.87,12.69,12.74,11.83
1647,27.45,13.0,49.115,-0.137,1.2042,-6.29,2.6,6.94,13.085,-0.00883,0.02822,0.67,0.67,-0.49835,0.49579,12.94,12.79,13.94,12.66
1648,27.4667,13.0,49.144,-0.134,1.2041,-6.81,2.46,6.84,11.007,-0.00146,0.02967,-1.64,0.0,-0.49567,0.50048,8.99,11.68,12.62,10.74
1649,27.4833,13.0,49.172,-0.128,1.2052,-6.56,2.27,7.12,12.783,-0.00011,0.03864,-2.67,-2.67,-0.49384,0.5,12.66,12.63,12.92,12.92
1650,27.5,13.0,49.2,-0.123,1.2052,-6.73,2.37,7.36,11.228,0.00136,0.04217,-3.36,-3.36,-0.49252,0.50015,6.9,13.05,12.87,12.09
1651,27.5167,13.0,49.229,-0.117,1.2043,-6.74,2.51,7.46,12.723,-0.00575,0.03603,-0.8,-0.8,-0.49901,0.49953,13.53,11.71,12.86,12.8
1652,27.5333,13.0,49.258,-0.111,1.2035,-6.69,2.55,7.47,12.253,-0.00865,0.03333,0.26,0.26,-0.50258,0.50019,10.5,12.86,12.75,12.9
1653,27.55,13.0,49.286,-0.105,1.2058,-6.63,2.27,7.56,12.232,-0.00723,0.02764,0.23,0.23,-0.50086,0.4999,12.73,12.34,12.91,10.94
1654,27.5667,13.0,49.314,-0.099,1.2069,-6.54,2.21,7.68,12.92,-0.0057,0.02754,-0.22,-0.22,-0.49969,0.50025,13.0,13.01,12.93,12.75
1655,27.5833,13.0,49.343,-0.094,1.2062,-6.67,2.21,7.79,11.956,-0.00521,0.02038,0.14,0.14,-0.49996,0.50102,12.81,12.81,12.63,9.57
1656,27.6,13.0,49.371,-0.088,1.2048,-6.82,2.44,7.78,12.778,-0.00211,0.01587,-0.48,0.0,-0.49582,0.49998,12.44,12.91,13.13,12.63
1657,27.6167,13.0,49.399,-0.081,1.2021,-6.68,2.77,7.82,11.719,-0.00817,0.00416,2.16,2.16,-0.49802,0.49612,12.62,11.84,11.93,10.49
1658,27.6333,13.0,49.428,-0.075,1.1986,-6.63,3.18,7.84,12.87,-0.00794,0.00141,2.28,2.28,-0.49949,0.49783,12.86,14.24,12.82,11.56
1659,27.65,13.0,49.457,-0.069,1.1945,-6.75,3.7,7.9,12.305,-0.00461,0.0054,1.01,0.0,-0.49872,0.50037,12.76,12.82,12.7,10.94
1660,27.6667,13.0,49.487,-0.062,1.1897,-6.82,4.34,7.86,12.084,-0.0067,0.0053,1.64,1.64,-0.50043,0.5,12.27,10.88,12.66,12.53
1661,27.6833,13.0,49.516,-0.055,1.1841,-6.81,4.97,7.88,13.111,-0.00527,0.00511,1.22,1.22,-0.49971,0.50071,12.5,16.96,12.48,10.5
1662,27.7,13.0,49.546,-0.049,1.1784,-6.74,5.78,7.86,12.07,-0.00681,0.00286,1.84,1.84,-0.50054,0.5,12.38,10.72,12.65,12.53
1663,27.7167,13.0,49.577,-0.042,1.1718,-6.74,6.54,7.92,12.058,-0.00503,-0.00048,1.54,1.54,-0.49942,0.50066,12.27,12.1,12.33,11.53
1664,27.7333,13.0,49.608,-0.036,1.1693,-6.59,6.83,7.76,10.59,-0.01996,-0.01255,6.87,4.54,-0.50477,0.49109,8.65,10.82,12.73,10.16
1665,27.75,13.0,49.639,-0.032,1.1718,-6.32,6.87,7.68,13.037,-0.0131,-0.01635,5.07,5.07,-0.50018,0.49335,13.73,12.84,12.78,12.8
1666,27.7667,13.0,49.67,-0.028,1.172,-5.99,6.67,7.64,12.827,-0.0125,-0.0225,5.32,5.32,-0.49989,0.49366,12.8,12.82,12.85,12.84
1667,27.7833,13.0,49.702,-0.024,1.1694,-5.68,6.32,7.6,12.792,-0.01208,-0.02533,5.4,5.4,-0.49971,0.4939,12.74,12.79,12.84,12.8
1668,27.8,13.0,49.733,-0.02,1.1642,-5.41,5.84,7.57,13.292,-0.01175,-0.02895,5.55,5.55,-0.49961,0.49413,12.67,15.03,12.78,12.68
1669,27.8167,13.0,49.764,-0.016,1.1564,-5.2,5.31,7.58,12.738,-0.0119,-0.03072,5.72,5.72,-0.5,0.49437,12.61,12.8,12.84,12.7
1670,27.8333,13.0,49.796,-0.012,1.146,-5.05,4.69,7.61,12.713,-0.01167,-0.03386,5.87,5.87,-0.5,0.4946,12.55,12.82,12.82,12.66
1671,27.85,13.0,49.826,-0.007,1.1391,-5.84,5.76,7.0,7.996,-0.00953,-0.01907,4.19,4.19,-0.49725,0.49399,12.59,-3.76,12.7,10.46
1672,27.8667,13.0,49.857,-0.002,1.1381,-6.13,5.89,6.81,12.733,-0.00621,-0.0097,2.54,2.54,-0.49944,0.49951,13.05,12.39,12.03,13.47
1673,27.8833,13.0,49.888,0.004,1.1346,-6.68,6.06,6.47,12.607,-0.00656,-0.00243,2.14,2.14,-0.49912,0.49882,12.42,12.86,12.53,12.62
1674,27.9,13.0,49.919,0.009,1.1312,-6.65,6.74,6.25,12.592,-0.00523,0.00491,1.23,1.23,-0.49708,0.49812,12.6,12.12,12.8,12.86
1675,27.9167,13.0,49.95,0.015,1.1262,-6.28,7.47,6.07,12.561,-0.00887,0.00728,2.15,2.15,-0.49994,0.49735,12.81,11.78,12.81,12.85
1676,27.9333,13.0,49.981,0.021,1.1195,-5.89,8.01,5.97,12.447,-0.00894,0.00945,2.02,2.02,-0.49989,0.49722,12.6,12.17,12.35,12.67
1677,27.95,13.0,50.011,0.027,1.1119,-5.2,8.79,5.95,12.478,-0.00959,0.01045,2.15,2.15,-0.49981,0.49649,12.95,11.26,12.75,12.96
1678,27.9667,13.0,50.042,0.032,1.1027,-4.54,9.45,6.01,11.946,-0.01222,0.00643,3.22,3.22,-0.50191,0.49596,12.42,10.22,12.34,12.81
1679,27.9833,13.0,50.073,0.038,1.0938,-3.67,10.33,6.16,11.904,-0.01102,0.0007,3.26,3.26,-0.5006,0.49584,12.09,11.2,11.69,12.63
1680,28.0,13.0,50.103,0.044,1.0963,-4.06,10.07,5.57,10.609,-0.01258,-0.00557,4.16,4.16,-0.50149,0.49518,13.59,5.84,9.3,13.7
1681,28.0167,13.0,50.131,0.048,1.0972,-4.39,10.03,4.97,12.43,-0.00509,-0.00476,1.86,1.86,-0.49907,0.50025,12.68,12.76,11.36,12.92
1682,28.0333,13.0,50.16,0.053,1.0975,-4.5,9.82,4.48,12.747,-0.00533,-0.00055,1.64,1.64,-0.49906,0.5,12.61,12.8,12.75,12.83
1683,28.05,13.0,50.188,0.059,1.0952,-4.59,9.48,4.09,12.813,-0.00526,0.0033,1.35,1.35,-0.49897,0.49998,12.72,12.84,12.8,12.89
1684,28.0667,13.0,50.216,0.064,1.0901,-4.66,9.0,3.76,12.81,-0.00519,0.00744,1.04,1.04,-0.49891,0.5,12.72,12.83,12.81,12.88
1685,28.0833,13.0,50.245,0.069,1.0831,-5.0,8.31,3.4,12.336,-0.00298,0.01605,-0.23,0.0,-0.49707,0.50036,12.41,12.57,12.04,12.33
1686,28.1,13.0,50.273,0.074,1.0736,-5.52,7.51,3.0,11.704,-0.00258,0.02282,-0.82,0.0,-0.4942,0.4979,12.51,12.71,9.45,12.14
1687,28.1167,13.0,50.301,0.079,1.0623,-5.81,6.58,2.78,15.3,-0.00118,0.03181,-1.87,-1.87,-0.49138,0.49647,22.12,12.19,14.78,12.11
1688,28.1333,13.0,50.327,0.085,1.0524,-5.47,5.35,2.83,11.981,-0.00267,0.03048,-1.33,-1.33,-0.49042,0.49402,11.75,11.98,12.18,12.02
1689,28.15,13.0,50.353,0.092,1.0404,-5.12,4.57,2.96,12.066,-0.02526,0.00632,7.14,1.67,-0.51253,0.49354,11.69,11.85,12.36,12.37
1690,28.1667,13.0,50.379,0.095,1.0335,-5.14,5.26,3.39,11.411,-0.00549,0.00532,1.27,1.27,-0.49945,0.50023,12.19,12.06,12.3,9.1
1691,28.1833,13.0,50.405,0.1,1.027,-5.38,6.17,3.39,9.154,-0.00299,0.00694,0.41,0.0,-0.49645,0.49973,11.86,2.34,12.55,9.87
1692,28.2,13.0,50.432,0.104,1.0235,-5.95,6.31,3.0,11.359,-0.00532,0.00371,1.34,1.34,-0.50054,0.50149,12.36,11.94,8.73,12.41
1693,28.2167,13.0,50.458,0.111,1.0239,-6.4,6.09,2.7,14.068,-0.01018,-0.00456,3.37,3.37,-0.50231,0.4984,12.86,12.09,12.9,18.42
1694,28.2333,13.0,50.485,0.116,1.023,-6.86,5.88,2.53,10.907,-0.0073,-0.0103,2.91,2.91,-0.50078,0.49975,9.76,12.72,12.7,8.44
1695,28.25,13.0,50.512,0.122,1.0222,-7.29,5.75,2.37,10.142,-0.00473,-0.01118,2.2,0.0,-0.49798,0.49952,4.13,13.03,12.63,10.77
1696,28.2667,13.0,50.54,0.129,1.0234,-7.25,5.76,2.28,12.751,-0.0084,0.00751,2.0,2.0,-0.50071,0.49858,13.0,12.31,12.79,12.91
1697,28.2833,13.0,50.568,0.134,1.0239,-7.14,5.67,2.11,12.935,-0.0074,0.00463,1.9,1.9,-0.5,0.49887,12.91,12.94,12.95,12.95
1698,28.3,13.0,50.596,0.139,1.0232,-7.05,5.78,2.1,10.134,-0.01563,-0.00892,5.31,4.9,-0.49923,0.48987,4.84,12.64,13.38,9.69
1699,28.3167,13.0,50.625,0.143,1.0229,-7.4,5.73,2.16,10.482,-0.01807,-0.02097,6.89,6.89,-0.49963,0.48783,12.32,9.78,12.6,7.22
1700,28.3333,13.0,50.653,0.148,1.0248,-7.0,5.61,2.1,13.168,-0.0258,-0.03453,10.16,9.89,-0.49704,0.47751,12.5,12.19,13.19,14.79
1701,28.35,13.0,50.682,0.151,1.0249,-7.43,5.52,2.34,12.51,-0.02486,-0.04845,10.85,10.85,-0.49622,0.47763,12.62,12.35,12.63,12.45
1702,28.3667,13.0,50.711,0.155,1.0224,-7.79,5.27,2.53,12.488,-0.02378,-0.06224,11.49,11.49,-0.4955,0.47798,12.48,12.4,12.6,12.47
1703,28.3833,13.0,50.74,0.158,1.0177,-8.02,4.77,2.76,12.291,-0.02977,-0.07675,14.3,14.3,-0.50133,0.47783,11.65,12.53,12.56,12.42
1704,28.4,13.0,50.769,0.161,1.0127,-7.95,3.87,3.05,12.196,-0.02791,-0.08863,14.58,14.58,-0.5,0.47836,11.9,12.37,12.53,11.98
1705,28.4167,13.0,50.797,0.165,1.0051,-7.91,3.01,3.28,12.22,-0.02694,-0.08963,14.36,14.36,-0.49949,0.47882,11.96,12.38,12.52,12.03
1706,28.4333,13.0,50.816,0.168,1.0079,-5.83,0.71,4.38,13.336,-0.02865,-0.08976,14.88,14.88,-0.50047,0.47809,16.49,12.38,12.46,12.01
1707,28.45,13.0,50.835,0.168,1.0122,-6.19,0.25,4.37,10.204,-0.00688,-0.05952,6.23,11.88,-0.49155,0.49094,12.12,9.08,12.26,7.35
1708,28.4667,13.0,50.854,0.169,1.0154,-6.08,-0.12,4.2,12.596,-0.00952,-0.0366,5.42,8.88,-0.49436,0.49111,12.3,11.47,12.43,14.18
1709,28.4833,13.0,50.873,0.17,1.0174,-6.17,-0.37,4.04,11.198,-0.00297,-0.0108,1.65,5.88,-0.4931,0.4964,12.37,9.16,12.52,10.74
1710,28.5,13.0,50.893,0.171,1.0181,-6.1,-0.55,3.82,11.986,-0.0076,0.0133,1.35,2.88,-0.49809,0.49676,12.69,9.7,12.75,12.81
1711,28.5167,13.0,50.914,0.172,1.0181,-6.18,-0.59,3.66,9.838,-0.00347,0.03684,-1.54,-0.12,-0.49683,0.49963,12.88,5.11,12.76,8.6
1712,28.5333,13.0,50.936,0.174,1.0176,-6.25,-0.47,3.43,12.368,-0.00654,0.0534,-1.77,-1.77,-0.50029,0.50001,12.89,9.63,12.91,14.04
1713,28.55,13.0,50.959,0.176,1.0162,-6.29,-0.4,3.26,10.478,-0.00625,0.07003,-3.03,-3.03,-0.49982,0.49984,12.96,6.54,13.03,9.38
1714,28.5667,13.0,50.983,0.178,1.0149,-6.23,-0.13,3.11,9.685,-0.00753,0.06096,-2.01,-2.01,-0.50072,0.49947,4.51,10.81,12.69,10.73
1715,28.5833,13.0,51.008,0.18,1.0141,-6.27,-0.2,2.91,10.769,-0.00526,0.05803,-2.49,-2.49,-0.49912,0.50014,10.89,10.21,12.16,9.81
1716,28.6,13.0,51.034,0.182,1.0158,-6.47,-0.29,2.63,12.594,-0.00457,0.04942,-2.09,-2.09,-0.49834,0.50004,12.84,12.8,12.8,11.93
1717,28.6167,13.0,51.06,0.184,1.0158,-6.59,-0.4,2.38,9.381,-0.00728,0.04382,-0.88,-0.88,-0.50007,0.49905,12.78,8.32,12.76,3.66
1718,28.6333,13.0,51.087,0.187,1.0161,-6.49,-0.13,2.26,11.228,-0.00787,0.03403,-0.02,-0.02,-0.50034,0.49873,6.14,12.93,12.92,12.92
1719,28.65,13.0,51.115,0.189,1.0147,-6.31,-0.07,2.17,9.88,-0.01235,0.02397,2.03,2.03,-0.50195,0.49586,7.54,12.82,12.63,6.54
1720,28.6667,13.0,51.143,0.191,1.0133,-6.36,0.17,2.08,12.437,-0.00876,0.01851,1.33,1.33,-0.49988,0.49739,12.82,12.21,13.02,11.71
1721,28.6833,13.0,51.171,0.191,1.0133,-6.32,-0.17,1.77,12.537,-0.00616,0.0177,0.61,0.61,-0.49814,0.49825,12.04,12.63,12.72,12.77
1722,28.7,13.0,51.2,0.192,1.0114,-5.96,-0.54,1.7,13.349,-0.00917,0.01155,1.94,1.94,-0.50113,0.49824,14.58,12.9,12.96,12.95
1723,28.7167,13.0,51.228,0.192,1.0081,-5.69,-1.21,1.57,12.687,-0.00745,0.0072,1.73,1.73,-0.5,0.49882,12.49,12.74,12.86,12.65
1724,28.7333,13.0,51.249,0.193,1.0079,-4.06,-2.47,2.35,14.928,-0.01233,0.00114,3.62,3.62,-0.50257,0.49651,21.79,12.26,12.88,12.78
1725,28.75,13.0,51.264,0.19,1.0123,-3.53,-3.55,2.44,2.696,-0.00536,0.0036,1.35,1.35,-0.49851,0.49942,-21.89,13.84,10.99,7.84
1726,28.7667,13.0,51.277,0.189,1.0195,-2.98,-4.05,2.62,14.762,-5e-05,0.01582,-1.09,0.0,-0.49609,0.50231,11.8,12.94,13.02,21.28
1727,28.7833,13.0,51.291,0.189,1.0238,-2.35,-4.49,2.82,10.633,-0.00233,0.02054,-0.74,0.0,-0.49567,0.49961,12.11,12.99,9.95,7.49
1728,28.8,13.0,51.306,0.189,1.0268,-1.94,-5.05,2.78,8.982,0.00168,0.02614,-2.33,0.0,-0.49532,0.50327,12.45,12.5,12.9,-1.91
1729,28.8167,13.0,51.322,0.19,1.0315,-1.78,-5.04,2.56,11.461,-0.00512,0.02717,-0.37,-0.37,-0.49471,0.49586,12.88,12.93,12.96,7.08
1730,28.8333,13.0,51.339,0.192,1.0336,-1.8,-5.33,2.47,12.153,-0.00141,0.03012,-1.69,-1.69,-0.49449,0.49935,12.98,12.98,13.04,9.61
1731,28.85,13.0,51.356,0.193,1.034,-1.97,-5.7,2.41,11.326,0.00084,0.04005,-3.05,-3.05,-0.49364,0.50075,12.71,12.71,12.81,7.07
1732,28.8667,13.0,51.374,0.196,1.0343,-2.32,-5.74,2.2,11.31,-0.00111,0.03961,-2.44,-2.44,-0.4937,0.49886,12.82,12.81,12.81,6.8
1733,28.8833,13.0,51.393,0.198,1.0332,-2.7,-5.84,1.97,11.803,0.0,0.03491,-2.44,-2.44,-0.4936,0.49987,12.83,12.87,12.93,8.59
1734,28.9,13.0,51.412,0.202,1.0304,-3.19,-5.99,1.78,11.331,0.00286,0.03606,-3.38,-3.38,-0.49272,0.50185,12.61,12.63,12.74,7.34
1735,28.9167,13.0,51.432,0.205,1.0277,-3.89,-5.77,1.47,11.118,-0.00028,0.02972,-2.0,-0.38,-0.49246,0.49845,12.47,12.71,12.77,6.52
1736,28.9333,13.0,51.452,0.21,1.0261,-4.61,-5.97,1.22,11.147,-0.00523,0.02604,-0.25,-0.25,-0.49859,0.49962,10.6,12.91,12.78,8.29
1737,28.95,13.0,51.474,0.214,1.0254,-5.35,-6.44,1.02,11.277,-0.00698,0.01718,0.89,0.89,-0.50091,0.5002,8.88,12.63,12.59,11.02
1738,28.9667,13.0,51.495,0.217,1.0273,-6.27,-6.9,0.91,12.432,-0.00769,0.00635,1.86,1.86,-0.5,0.49858,12.35,12.32,12.41,12.65
1739,28.9833,13.0,51.515,0.221,1.0289,-6.62,-6.9,0.86,11.396,-0.00922,-0.00275,2.96,2.96,-0.50022,0.49727,12.45,7.88,12.52,12.74
1740,29.0,13.0,51.536,0.224,1.0289,-7.05,-6.92,0.94,11.862,-0.01109,-0.01383,4.3,4.3,-0.50162,0.4968,12.63,9.17,12.85,12.8
1741,29.0167,13.0,51.558,0.227,1.0288,-7.13,-6.83,0.95,11.042,-0.01315,-0.02864,5.95,5.95,-0.50263,0.49575,10.11,8.81,12.63,12.62
1742,29.0333,13.0,51.581,0.228,1.0296,-7.25,-6.71,0.94,11.783,-0.01006,-0.03527,5.49,5.49,-0.49942,0.49563,13.14,8.8,12.58,12.62
1743,29.05,13.0,51.604,0.23,1.0289,-7.22,-6.86,0.78,12.33,-0.01333,-0.03937,6.75,6.75,-0.50216,0.4951,14.69,9.49,12.57,12.57
1744,29.0667,13.0,51.626,0.232,1.0312,-6.02,-6.01,0.65,11.705,-0.01279,-0.04061,6.68,6.68,-0.50036,0.49384,12.55,8.91,12.62,12.74
1745,29.0833,13.0,51.648,0.232,1.0335,-4.99,-5.35,0.49,11.941,-0.01347,-0.04168,6.96,6.96,-0.50108,0.49388,12.39,10.41,12.08,12.89
1746,29.1,13.0,51.67,0.231,1.036,-4.18,-4.87,0.32,11.934,-0.01304,-0.04061,6.75,6.75,-0.50068,0.49391,12.75,9.9,12.23,12.86
1747,29.1167,13.0,51.693,0.23,1.0384,-3.9,-4.4,0.26,9.905,-0.00901,-0.03359,5.05,5.05,-0.4925,0.48976,15.88,2.16,12.73,8.85
1748,29.1333,13.0,51.716,0.227,1.0404,-3.75,-4.16,0.06,10.687,-0.00326,-0.01939,2.33,2.05,-0.48669,0.48971,7.51,14.06,12.49,8.69
1749,29.15,13.0,51.726,0.225,1.0524,-2.15,-4.69,1.36,11.549,-0.01027,-0.01728,4.29,4.29,-0.49799,0.49398,10.72,12.74,12.83,9.9
1750,29.1667,13.0,51.74,0.221,1.0614,-1.48,-5.37,1.84,10.488,-0.01057,-0.01237,4.04,4.04,-0.49694,0.49264,11.91,12.52,6.29,11.23
1751,29.1833,13.0,51.754,0.216,1.0688,-1.3,-6.26,1.98,12.602,-0.00502,-0.0029,1.71,1.71,-0.49116,0.49241,16.4,12.01,12.56,9.43
1752,29.2,13.0,51.769,0.211,1.0737,-1.1,-7.03,1.94,15.225,0.0068,0.0183,-3.32,-1.29,-0.49309,0.50616,12.8,12.71,12.56,22.83
1753,29.2167,13.0,51.783,0.208,1.078,-0.49,-7.46,1.57,11.292,-0.0021,0.02736,-1.29,0.0,-0.49393,0.4981,12.64,12.73,12.69,7.1
1754,29.2333,13.0,51.798,0.205,1.0811,-0.13,-7.77,1.26,11.193,0.00093,0.0343,-2.68,-2.68,-0.49296,0.50016,12.5,12.4,12.74,7.14
1755,29.25,13.0,51.814,0.203,1.0837,-0.01,-7.93,0.93,11.146,0.00058,0.03413,-2.56,-2.56,-0.49294,0.49979,12.85,12.86,12.84,6.03
1756,29.2667,13.0,51.831,0.202,1.0851,0.09,-8.09,0.54,11.617,0.00072,0.04134,-3.11,-3.11,-0.49303,0.50001,12.88,12.82,12.92,7.86
1757,29.2833,13.0,51.848,0.2,1.0848,0.08,-8.34,0.23,11.068,0.00184,0.04914,-3.99,-3.99,-0.49243,0.50054,12.81,12.7,13.04,5.72
1758,29.3,13.0,51.865,0.2,1.0848,-0.14,-8.16,-0.25,11.079,0.00018,0.0486,-3.46,-3.46,-0.49231,0.49876,12.89,12.84,12.87,5.72
1759,29.3167,13.0,51.884,0.2,1.0834,-0.44,-8.08,-0.64,11.017,0.00177,0.03759,-3.16,-3.16,-0.49204,0.50009,12.62,12.73,12.85,5.86
1760,29.3333,13.0,51.903,0.2,1.0805,-0.82,-8.08,-0.94,9.61,0.00254,0.03786,-3.41,-3.41,-0.49156,0.50037,5.42,12.66,12.79,7.57
1761,29.35,13.0,51.923,0.202,1.0805,-1.19,-8.08,-1.27,11.112,0.00211,0.03453,-3.05,-3.05,-0.48771,0.49609,8.4,12.87,12.9,10.28
1762,29.3667,13.0,51.944,0.203,1.0803,-1.63,-8.26,-1.49,11.623,0.00654,0.03651,-4.52,-4.52,-0.48778,0.50058,12.63,12.7,12.84,8.33
1763,29.3833,13.0,51.966,0.204,1.0791,-2.09,-8.64,-1.75,10.792,0.00477,0.0363,-3.97,-3.97,-0.49025,0.5013,10.36,12.44,12.66,7.71
1764,29.4,13.0,51.988,0.206,1.0799,-2.73,-8.85,-2.08,10.883,0.00183,0.03193,-2.78,-2.78,-0.49155,0.49965,8.5,12.6,12.6,9.82
1765,29.4167,13.0,52.011,0.208,1.0802,-3.37,-9.31,-2.28,12.613,0.0007,0.02864,-2.22,0.0,-0.49161,0.49858,12.53,12.42,12.59,12.91
1766,29.4333,13.0,52.035,0.21,1.0796,-4.08,-9.55,-2.51,10.719,-0.00161,0.02172,-1.04,0.0,-0.49456,0.49922,12.53,8.46,12.71,9.17
1767,29.45,13.0,52.059,0.212,1.0786,-4.48,-9.69,-2.81,12.568,-0.00268,0.01373,-0.16,0.0,-0.49472,0.4983,11.59,12.91,12.86,12.92
1768,29.4667,13.0,52.077,0.215,1.0811,-3.48,-8.42,-3.34,10.802,-0.01977,-0.01042,6.66,3.0,-0.5098,0.4963,7.56,9.85,12.88,12.92
1769,29.4833,13.0,52.092,0.213,1.0886,-2.75,-7.8,-4.22,13.657,-0.00862,-0.02476,4.32,4.32,-0.4976,0.49525,14.07,17.21,11.72,11.62
1770,29.5,13.0,52.106,0.212,1.0928,-2.03,-7.34,-4.85,12.486,-0.01015,-0.03713,5.64,5.64,-0.49805,0.49417,12.48,12.95,12.21,12.3
1771,29.5167,13.0,52.121,0.21,1.0959,-1.29,-6.94,-5.33,11.108,-0.01374,-0.04869,7.53,7.53,-0.50063,0.49315,12.5,7.18,12.31,12.44
1772,29.5333,13.0,52.137,0.208,1.098,-0.78,-6.62,-5.62,11.072,-0.01318,-0.05712,7.95,7.95,-0.49931,0.49241,12.48,6.62,12.43,12.75
1773,29.55,13.0,52.153,0.204,1.0991,-0.29,-6.36,-5.84,11.073,-0.0139,-0.06291,8.57,8.57,-0.49934,0.49171,12.53,6.45,12.51,12.8
1774,29.5667,13.0,52.17,0.2,1.0997,0.03,-6.11,-5.95,3.068,-0.01342,-0.0664,8.67,8.67,-0.49763,0.49048,12.75,6.42,12.43,-19.33
1775,29.5833,13.0,52.182,0.196,1.1051,0.31,-5.89,-5.11,9.283,-0.01162,-0.05005,6.99,6.99,-0.50168,0.49633,7.19,12.52,12.6,4.81
1776,29.6,13.0,52.189,0.191,1.1123,0.92,-6.15,-4.36,10.44,-0.00701,-0.04239,5.07,5.07,-0.50013,0.49938,12.05,12.16,12.15,5.41
1777,29.6167,13.0,52.196,0.187,1.1198,1.61,-6.41,-3.78,12.647,-0.00772,-0.03481,4.75,4.75,-0.49924,0.49779,20.18,12.42,12.38,5.62
1778,29.6333,13.0,52.205,0.184,1.1261,2.14,-6.74,-3.26,11.267,-0.00722,-0.02392,3.84,3.84,-0.49883,0.49788,14.44,12.59,12.65,5.39
1779,29.65,13.0,52.215,0.182,1.1318,2.66,-7.09,-2.84,12.71,-0.00505,-0.01269,2.4,2.4,-0.49911,0.50034,14.57,12.47,12.57,11.22
1780,29.6667,13.0,52.225,0.18,1.1357,3.12,-7.2,-2.72,10.86,-0.00615,-0.00319,2.07,2.07,-0.49857,0.49868,12.84,12.92,12.84,4.83
1781,29.6833,13.0,52.236,0.179,1.1398,3.49,-7.52,-2.48,11.393,-0.00474,0.00612,0.99,0.0,-0.49818,0.49971,12.64,12.89,12.93,7.11
1782,29.7,13.0,52.249,0.177,1.1429,3.46,-8.06,-2.4,11.118,-0.00265,0.0146,-0.23,0.0,-0.49611,0.49973,16.96,12.94,8.56,6.01
1783,29.7167,13.0,52.262,0.176,1.1469,3.4,-8.78,-2.47,16.814,0.00399,0.02417,-2.89,0.0,-0.48711,0.49736,11.93,13.07,29.18,13.08
1784,29.7333,13.0,52.276,0.176,1.1516,3.24,-9.25,-2.43,18.811,0.01124,0.04077,-6.23,-3.0,-0.48474,0.50225,28.65,13.12,13.32,20.15
1785,29.75,13.0,52.29,0.178,1.1543,3.28,-9.58,-2.54,18.821,0.00939,0.05296,-6.52,-6.0,-0.48475,0.50041,28.65,12.98,13.28,20.38
1786,29.7667,13.0,52.304,0.179,1.1544,3.01,-10.04,-2.39,11.268,0.00994,0.06202,-7.32,-7.32,-0.48415,0.50036,12.68,12.53,12.61,7.26
1787,29.7833,13.0,52.319,0.181,1.1549,2.68,-10.09,-2.44,11.796,0.00446,0.06549,-5.92,-5.92,-0.48463,0.49537,13.26,12.87,12.86,8.2
1788,29.8,13.0,52.334,0.183,1.1547,2.2,-10.25,-2.54,11.927,0.00966,0.07245,-7.97,-7.97,-0.48555,0.50148,9.26,12.6,12.34,13.5
1789,29.8167,13.0,52.351,0.185,1.1535,1.61,-10.52,-2.7,10.299,0.00526,0.07189,-6.61,-6.61,-0.48758,0.49911,7.49,12.57,12.67,8.47
1790,29.8333,13.0,52.369,0.187,1.1534,0.93,-10.88,-2.91,10.332,0.00422,0.06351,-5.71,-5.71,-0.48859,0.49909,6.38,12.79,12.61,9.56
1791,29.85,13.0,52.387,0.189,1.1553,0.34,-11.26,-3.1,11.203,0.00509,0.04956,-5.0,-5.0,-0.48892,0.50028,12.55,12.37,12.57,7.32
1792,29.8667,13.0,52.406,0.192,1.1552,-0.1,-11.72,-3.29,12.163,0.005,0.0391,-4.24,-4.24,-0.48882,0.50009,12.75,12.53,12.72,10.65
1793,29.8833,13.0,52.425,0.195,1.155,-0.83,-11.94,-3.41,11.368,0.00492,0.02924,-3.52,-1.24,-0.48833,0.49952,12.77,12.39,12.57,7.75
1794,29.9,13.0,52.446,0.198,1.1536,-1.46,-12.17,-3.56,6.489,0.00038,0.02153,-1.62,0.0,-0.4933,0.49995,3.44,2.76,13.07,6.68
1795,29.9167,13.0,52.468,0.2,1.1538,-2.12,-12.48,-3.59,11.216,-0.00687,0.00195,1.93,1.93,-0.50128,0.50067,12.56,10.07,12.58,9.66
1796,29.9333,13.0,52.491,0.201,1.1559,-2.46,-12.32,-3.46,11.647,-0.00646,-0.01034,2.66,2.66,-0.50019,0.5,12.63,8.57,12.79,12.61
1797,29.95,13.0,52.514,0.202,1.1557,-2.75,-12.25,-3.32,12.348,-0.00745,-0.02111,3.71,3.71,-0.50118,0.5,12.88,10.65,12.93,12.93
1798,29.9667,13.0,52.537,0.202,1.1556,-2.78,-12.2,-3.37,12.004,-0.01143,-0.03556,5.92,5.92,-0.50489,0.49974,11.74,10.97,12.65,12.66
1799,29.9833,13.0,52.553,0.199,1.1627,-1.5,-10.64,-3.97,12.265,-0.01111,-0.04786,6.68,6.68,-0.50375,0.49892,13.99,10.56,12.25,12.26
1800,30.0,13.0,52.568,0.195,1.168,-0.57,-9.66,-4.38,12.455,-0.00657,-0.05394,5.75,5.75,-0.49882,0.49852,12.21,13.88,11.67,12.07
1801,30.0167,13.0,52.584,0.192,1.1706,0.13,-9.14,-4.68,12.185,-0.00745,-0.05552,6.12,6.12,-0.4997,0.49852,12.49,11.76,12.09,12.4
1802,30.0333,13.0,52.6,0.188,1.1721,1.03,-8.74,-5.01,16.733,-0.0076,-0.04961,5.75,5.75,-0.49927,0.49793,13.08,28.22,12.76,12.88
1803,30.05,13.0,52.616,0.185,1.1724,2.06,-8.26,-5.25,10.968,-0.00937,-0.04665,6.08,6.08,-0.50036,0.49727,12.71,5.7,12.7,12.76
1804,30.0667,13.0,52.632,0.18,1.1718,2.73,-7.82,-5.36,-10.068,-0.00954,-0.0432,5.89,5.89,-0.49951,0.49624,3.44,-35.74,12.3,-20.27
1805,30.0833,13.0,52.65,0.174,1.1781,2.74,-7.07,-5.18,11.766,-0.00747,-0.03394,4.62,4.62,-0.49616,0.49497,11.63,14.21,18.94,2.29
1806,30.1,13.0,52.669,0.169,1.1826,2.65,-6.56,-5.07,15.982,-0.00433,-0.0229,2.9,1.62,-0.49483,0.49677,22.68,11.77,27.26,2.22
1807,30.1167,13.0,52.688,0.164,1.1867,2.36,-6.29,-4.92,12.872,-0.00278,-0.01625,1.97,0.0,-0.49476,0.49825,12.87,12.83,12.88,12.9
1808,30.1333,13.0,52.706,0.16,1.1926,2.63,-6.41,-4.28,10.962,-0.00649,-0.01332,2.88,2.88,-0.50062,0.50039,10.32,13.04,13.16,7.32
1809,30.15,13.0,52.721,0.157,1.2008,3.31,-6.8,-3.62,12.55,-0.0028,-0.00678,1.31,0.0,-0.49931,0.50278,11.64,12.42,12.02,14.11
1810,30.1667,13.0,52.736,0.154,1.2064,3.93,-7.27,-3.2,13.042,-0.00397,-0.00041,1.22,0.0,-0.49988,0.50219,12.12,12.76,12.59,14.7
1811,30.1833,13.0,52.752,0.151,1.2104,4.33,-7.74,-2.89,11.93,-0.00606,0.00321,1.59,1.59,-0.49946,0.49967,12.33,12.92,12.64,9.83
1812,30.2,13.0,52.768,0.148,1.2145,4.64,-8.13,-2.69,10.402,-0.00208,0.00837,0.04,0.0,-0.49559,0.49978,6.61,12.9,12.74,9.36
1813,30.2167,13.0,52.785,0.147,1.2188,5.02,-8.44,-2.61,12.095,-0.00119,0.0106,-0.38,0.0,-0.49533,0.50041,13.55,12.88,12.25,9.7
1814,30.2333,13.0,52.802,0.145,1.2208,5.06,-8.78,-2.46,10.13,0.0003,0.0125,-0.97,0.0,-0.49471,0.50129,13.06,13.07,8.45,5.95
1815,30.25,13.0,52.82,0.144,1.2233,5.1,-9.0,-2.68,11.345,-0.00337,0.01421,0.02,0.0,-0.49463,0.49753,12.93,12.82,12.88,6.75
1816,30.2667,13.0,52.838,0.143,1.2241,5.13,-9.16,-3.02,11.904,-0.00087,0.01449,-0.75,0.0,-0.49448,0.49989,12.99,13.0,12.92,8.72
1817,30.2833,13.0,52.858,0.142,1.2239,4.92,-9.37,-3.27,11.743,0.00113,0.018,-1.6,0.0,-0.49337,0.50077,12.94,12.95,13.12,7.96
1818,30.3,13.0,52.877,0.142,1.2236,4.6,-9.34,-3.59,11.436,-5e-05,0.02202,-1.53,0.0,-0.49352,0.49974,12.69,12.93,12.68,7.44
1819,30.3167,13.0,52.897,0.142,1.2219,4.3,-9.37,-3.91,12.504,0.00021,0.02173,-1.58,0.0,-0.49328,0.49976,12.87,13.0,13.02,11.12
1820,30.3333,13.0,52.918,0.143,1.2202,3.9,-9.32,-4.3,9.963,0.00118,0.02156,-1.86,0.0,-0.4938,0.50124,6.35,13.02,13.06,7.43
1821,30.35,13.0,52.94,0.144,1.2208,3.61,-9.41,-4.71,11.869,0.00012,0.01879,-1.35,0.0,-0.49371,0.5001,12.52,12.79,12.8,9.37
1822,30.3667,13.0,52.962,0.145,1.2199,3.26,-9.77,-5.01,10.592,-0.00141,0.01855,-0.88,0.0,-0.49471,0.49957,10.79,12.6,12.76,6.22
1823,30.3833,13.0,52.985,0.145,1.2208,2.51,-9.95,-5.24,9.487,-8e-05,0.01713,-1.17,0.0,-0.49404,0.50023,3.39,12.78,12.67,9.11
1824,30.4,13.0,53.009,0.146,1.2207,2.05,-10.29,-5.45,12.99,0.00042,0.01434,-1.13,0.0,-0.49382,0.50051,14.17,12.64,12.81,12.33
1825,30.4167,13.0,53.034,0.147,1.2208,1.34,-10.54,-5.64,9.989,0.00127,0.01398,-1.36,0.0,-0.49244,0.49998,4.54,12.72,12.77,9.93
1826,30.4333,13.0,53.046,0.148,1.2279,2.25,-8.81,-5.81,9.064,-0.0146,-0.00294,4.59,3.0,-0.50672,0.49838,3.58,7.71,12.44,12.52
1827,30.45,13.0,53.057,0.145,1.2357,2.7,-8.0,-6.5,11.731,-0.00772,-0.01173,3.14,3.14,-0.49981,0.49836,12.16,11.34,11.67,11.75
1828,30.4667,13.0,53.067,0.142,1.2406,3.02,-7.49,-6.98,12.274,-0.00763,-0.0183,3.57,3.57,-0.49972,0.49837,12.42,12.03,12.25,12.4
1829,30.4833,13.0,53.078,0.14,1.2432,3.39,-7.19,-7.41,11.702,-0.00777,-0.02264,3.92,3.92,-0.49941,0.49791,12.65,8.88,12.54,12.73
1830,30.5,13.0,53.089,0.138,1.2455,4.33,-6.81,-7.85,11.899,-0.00817,-0.02824,4.43,4.43,-0.49958,0.49768,12.68,9.97,12.42,12.52
1831,30.5167,13.0,53.1,0.134,1.2468,5.07,-6.39,-8.03,10.506,-0.00846,-0.03398,4.92,4.92,-0.50023,0.49804,12.61,4.43,12.45,12.53
1832,30.5333,13.0,53.112,0.13,1.2479,5.79,-6.16,-8.06,9.387,-0.00579,-0.03716,4.34,4.34,-0.49965,0.50014,12.85,4.82,8.56,11.31
1833,30.55,13.0,53.124,0.125,1.2503,6.58,-6.18,-8.04,9.385,-0.00726,-0.02515,3.94,3.94,-0.50023,0.49925,12.7,5.46,6.37,13.01
1834,30.5667,13.0,53.136,0.119,1.2531,6.91,-6.0,-8.07,10.161,0.00159,-0.01255,0.4,0.94,-0.49372,0.50158,12.71,8.58,14.09,5.26
1835,30.5833,13.0,53.147,0.112,1.2565,6.63,-5.51,-8.08,13.671,-0.00251,-0.00578,1.16,0.0,-0.49234,0.49611,11.85,12.91,20.84,9.08
1836,30.6,13.0,53.159,0.107,1.2588,6.07,-5.11,-7.99,12.169,-0.00111,0.00176,0.21,0.0,-0.49239,0.49755,12.27,12.52,22.23,1.66
1837,30.6167,13.0,53.171,0.102,1.2602,5.41,-4.8,-7.91,13.981,0.00697,0.01712,-3.29,-3.0,-0.49154,0.50479,12.62,12.69,12.83,17.77
1838,30.6333,13.0,53.183,0.099,1.2603,5.07,-4.43,-8.05,10.434,0.00216,0.02598,-2.47,0.0,-0.49187,0.50029,12.86,12.89,12.88,3.1
1839,30.65,13.0,53.196,0.096,1.2608,4.64,-4.1,-8.11,8.592,0.00488,0.03383,-3.83,-3.0,-0.49115,0.50229,12.82,12.92,2.84,5.78
1840,30.6667,13.0,53.211,0.095,1.2622,4.22,-3.89,-8.07,11.292,0.00322,0.04055,-3.8,-3.8,-0.49114,0.50063,12.65,12.84,13.51,6.16
1841,30.6833,13.0,53.227,0.094,1.2628,3.72,-3.79,-7.98,11.455,0.00188,0.03599,-3.08,-3.08,-0.49115,0.4993,12.81,12.9,12.81,7.3
1842,30.7,13.0,53.244,0.094,1.2624,3.16,-3.73,-7.89,11.274,0.00267,0.03699,-3.39,-3.39,-0.49114,0.50009,12.78,12.85,12.89,6.58
1843,30.7167,13.0,53.262,0.093,1.2612,2.7,-3.71,-7.86,12.347,4e-05,0.03374,-2.37,-2.37,-0.49285,0.49916,13.06,11.83,12.87,11.63
1844,30.7333,13.0,53.281,0.093,1.2597,2.54,-3.6,-7.83,10.782,-0.00854,0.01374,1.6,0.63,-0.49959,0.49732,12.82,10.18,13.0,7.14
1845,30.75,13.0,53.302,0.091,1.2588,2.36,-3.45,-7.69,8.911,-0.00744,0.00222,2.08,2.08,-0.50148,0.50031,12.65,7.3,3.18,12.52
1846,30.7667,13.0,53.324,0.089,1.2596,2.39,-3.37,-7.39,11.994,-0.00613,-0.00937,2.5,2.5,-0.49986,0.5,12.9,9.27,12.93,12.87
1847,30.7833,13.0,53.346,0.086,1.2616,2.1,-3.77,-7.46,10.606,-0.00595,-0.01768,3.02,3.02,-0.49986,0.50019,12.8,6.27,10.46,12.89
1848,30.8,13.0,53.369,0.082,1.2646,2.16,-3.95,-7.39,10.567,-0.00778,-0.0255,4.12,4.12,-0.50047,0.49895,12.77,10.15,6.57,12.78
1849,30.8167,13.0,53.392,0.078,1.2667,2.1,-4.26,-7.29,10.843,-0.00723,-0.03263,4.45,4.45,-0.4997,0.49873,12.76,4.96,12.82,12.83
1850,30.8333,13.0,53.416,0.073,1.2678,2.38,-4.43,-7.23,11.947,-0.00877,-0.03777,5.27,5.27,-0.50089,0.49839,12.87,9.24,12.83,12.84
1851,30.85,13.0,53.439,0.068,1.2676,2.56,-4.52,-7.06,11.607,-0.00532,-0.02992,3.69,3.69,-0.49977,0.50072,12.67,12.69,12.86,8.2
1852,30.8667,13.0,53.464,0.063,1.2668,2.63,-4.45,-6.91,11.074,-0.00646,-0.02533,3.71,3.71,-0.50091,0.50072,12.87,10.32,12.88,8.22
1853,30.8833,13.0,53.489,0.057,1.2659,2.77,-4.21,-6.76,10.302,-0.00467,-0.02078,2.85,0.71,-0.50009,0.5017,12.88,12.58,10.19,5.55
1854,30.9,13.0,53.515,0.052,1.2639,2.93,-4.08,-6.64,7.121,-0.00388,-0.01616,2.29,0.0,-0.49972,0.50212,13.46,3.65,0.87,10.51
1855,30.9167,13.0,53.543,0.048,1.2646,2.8,-3.93,-6.5,12.325,-0.00651,-0.0129,2.85,2.85,-0.49981,0.49958,12.92,12.93,12.83,10.62
1856,30.9333,13.0,53.571,0.044,1.2633,2.65,-3.88,-6.41,9.857,-0.00782,-0.01195,3.18,3.18,-0.50061,0.49906,12.67,8.05,12.77,5.94
1857,30.95,13.0,53.592,0.041,1.271,3.13,-2.68,-5.97,9.927,-0.00647,-0.00815,2.51,2.51,-0.49626,0.49606,12.78,7.49,6.27,13.17
1858,30.9667,13.0,53.612,0.038,1.2791,3.86,-1.98,-5.94,13.472,-0.00293,-0.00472,1.21,0.0,-0.48874,0.49208,11.95,11.33,16.84,13.76
1859,30.9833,13.0,53.634,0.035,1.2864,4.63,-1.72,-6.16,11.145,-0.00561,-0.00327,1.91,1.91,-0.48485,0.48551,12.8,12.03,7.07,12.68
1860,31.0,13.0,53.655,0.032,1.2928,5.31,-1.55,-6.45,12.517,-0.0057,-0.00394,1.98,1.98,-0.4844,0.48498,12.87,12.14,12.45,12.61
1861,31.0167,13.0,53.677,0.029,1.2966,5.88,-1.59,-6.7,13.983,-0.00769,-0.00739,2.82,2.82,-0.48616,0.48474,12.86,17.5,12.74,12.83
1862,31.0333,13.0,53.697,0.024,1.2993,5.54,-1.33,-6.75,13.585,-0.0074,-0.00742,2.74,2.74,-0.48039,0.47926,12.78,20.61,12.81,8.14
1863,31.05,13.0,53.718,0.018,1.3008,4.86,-1.08,-6.74,12.442,-0.00406,-0.00267,1.41,0.0,-0.47964,0.48185,12.68,12.87,12.89,11.33
1864,31.0667,13.0,53.74,0.013,1.3012,4.4,-0.96,-6.81,10.468,0.00288,0.00727,-1.37,0.0,-0.47377,0.48293,12.74,7.59,12.87,8.66
1865,31.0833,13.0,53.763,0.008,1.301,4.19,-0.84,-7.04,10.793,0.00302,0.01251,-1.78,0.0,-0.47323,0.48252,12.78,8.14,12.8,9.45
1866,31.1,13.0,53.788,0.002,1.2997,3.94,-0.9,-7.29,11.557,0.00626,0.02321,-3.5,-3.0,-0.47198,0.48451,12.87,12.86,12.72,7.78
1867,31.1167,13.0,53.813,-0.004,1.2989,4.03,-0.57,-7.51,11.509,0.00127,0.0276,-2.31,0.0,-0.47752,0.48506,12.71,10.3,12.77,10.25
1868,31.1333,13.0,53.84,-0.009,1.2969,4.15,-0.28,-7.64,10.972,-0.00497,0.02708,-0.4,0.0,-0.48296,0.48426,12.67,9.52,12.94,8.76
1869,31.15,13.0,53.867,-0.016,1.2943,4.26,0.07,-7.63,11.877,-0.00448,0.02683,-0.53,0.0,-0.48351,0.4853,12.74,12.63,12.7,9.45
1870,31.1667,13.0,53.894,-0.023,1.2899,4.16,0.39,-7.64,12.053,0.00529,0.03323,-3.91,-3.0,-0.48237,0.49393,12.84,12.83,12.99,9.55
1871,31.1833,13.0,53.921,-0.03,1.2847,3.85,0.81,-7.71,12.46,0.01053,0.03711,-5.76,-5.76,-0.48235,0.49915,12.44,12.81,12.82,11.78
1872,31.2,13.0,53.949,-0.036,1.2814,3.8,1.15,-7.6,11.121,0.02512,0.05539,-11.41,-8.76,-0.47137,0.50276,7.5,12.58,13.13,11.27
1873,31.2167,13.0,53.977,-0.039,1.2835,4.44,1.37,-7.61,12.507,0.019,0.06185,-10.03,-10.03,-0.47473,0.5,12.69,12.41,12.52,12.41
1874,31.2333,13.0,54.006,-0.043,1.2841,4.66,1.43,-7.53,13.359,0.01457,0.0681,-9.14,-9.14,-0.47216,0.493,12.64,12.42,14.15,14.23
1875,31.25,13.0,54.034,-0.048,1.2836,4.61,1.44,-7.34,12.161,0.01752,0.08307,-11.07,-11.07,-0.47058,0.49437,11.05,12.66,12.52,12.41
1876,31.2667,13.0,54.062,-0.053,1.2825,4.51,1.42,-7.12,11.033,0.03127,0.10987,-17.07,-14.07,-0.46338,0.50093,7.59,13.01,12.48,11.06
1877,31.2833,13.0,54.09,-0.056,1.2838,4.93,1.4,-6.71,12.296,0.02961,0.1217,-17.4,-17.07,-0.46412,0.5,11.97,12.48,12.2,12.53
1878,31.3,13.0,54.117,-0.059,1.2825,5.23,1.25,-6.39,11.454,0.02855,0.12562,-17.36,-17.36,-0.46461,0.49943,11.76,11.98,12.32,9.75
1879,31.3167,13.0,54.145,-0.063,1.2812,5.01,1.38,-6.04,11.955,0.02808,0.1136,-16.38,-16.38,-0.46561,0.49996,10.58,12.15,12.13,12.97
1880,31.3333,13.0,54.174,-0.067,1.2796,4.95,1.12,-5.71,10.731,0.02589,0.10705,-15.26,-15.26,-0.46702,0.49917,5.93,12.31,12.3,12.38
1881,31.35,13.0,54.203,-0.07,1.2772,5.08,0.86,-5.42,12.516,0.02739,0.10739,-15.73,-15.73,-0.46904,0.5027,13.21,12.01,12.56,12.29
1882,31.3667,13.0,54.232,-0.072,1.2774,5.07,0.98,-5.2,9.014,0.02321,0.10035,-13.99,-13.99,-0.46811,0.49759,-1.76,12.14,12.48,13.19
1883,31.3833,13.0,54.26,-0.076,1.2779,4.75,1.0,-4.86,12.454,0.02328,0.08009,-12.59,-12.59,-0.46675,0.4963,12.81,12.36,12.38,12.27
1884,31.4,13.0,54.289,-0.08,1.2762,4.56,0.72,-4.57,12.451,0.02157,0.06222,-10.83,-10.83,-0.46749,0.49534,12.42,12.44,12.46,12.49
1885,31.4167,13.0,54.318,-0.084,1.2717,4.38,0.31,-4.34,12.519,0.02025,0.04622,-9.31,-9.31,-0.46785,0.49436,12.5,12.48,12.5,12.59
1886,31.4333,13.0,54.346,-0.088,1.2668,4.87,0.4,-4.17,11.471,0.01391,0.0261,-6.0,-6.31,-0.47584,0.49602,12.66,9.74,12.51,10.97
1887,31.45,13.0,54.376,-0.092,1.2629,5.08,0.88,-3.83,12.138,0.01719,0.01402,-6.14,-6.14,-0.47623,0.49969,12.46,12.01,12.53,11.56
1888,31.4667,13.0,54.406,-0.095,1.2574,5.61,1.2,-3.64,12.403,0.01119,-0.00432,-3.05,-3.14,-0.4804,0.49786,12.55,11.7,12.66,12.7
1889,31.4833,13.0,54.437,-0.1,1.2523,5.95,1.81,-3.36,12.225,0.01352,-0.01377,-3.09,-3.09,-0.4803,0.50009,12.51,12.24,12.32,11.84
1890,31.5,13.0,54.468,-0.105,1.25,6.39,2.3,-2.95,12.415,0.00858,-0.02724,-0.67,-0.67,-0.48525,0.5001,12.17,12.63,12.9,11.96
1891,31.5167,13.0,54.499,-0.11,1.2489,6.79,2.42,-2.7,12.722,0.00666,-0.03931,0.75,0.75,-0.48657,0.4995,12.75,12.54,12.65,12.94
1892,31.5333,13.0,54.531,-0.115,1.2456,7.27,2.26,-2.47,12.875,0.00465,-0.05063,2.15,2.15,-0.48769,0.49861,13.11,12.75,12.62,13.02
1893,31.55,13.0,54.561,-0.121,1.2423,7.63,1.68,-2.43,12.266,0.01105,-0.0475,0.01,0.01,-0.48664,0.50396,12.04,12.13,10.98,13.92
1894,31.5667,13.0,54.592,-0.125,1.2424,7.73,1.99,-2.63,12.436,0.00595,-0.05336,1.95,1.95,-0.4857,0.49793,13.21,13.21,11.28,12.04
1895,31.5833,13.0,54.622,-0.13,1.2425,7.56,1.76,-2.66,12.775,0.01285,-0.04525,-0.69,-0.69,-0.48435,0.50346,12.95,12.9,13.85,11.4
1896,31.6,13.0,54.651,-0.132,1.244,7.5,1.78,-2.55,12.718,0.00828,-0.04521,0.68,0.68,-0.48545,0.5,12.93,12.25,12.83,12.86
1897,31.6167,13.0,54.68,-0.135,1.2434,7.62,1.72,-2.49,10.147,0.00935,-0.039,-0.07,-0.07,-0.48533,0.50094,12.71,6.03,12.64,9.22
1898,31.6333,13.0,54.71,-0.137,1.242,7.86,1.76,-2.48,10.756,0.00842,-0.03252,-0.25,-0.25,-0.4872,0.50188,12.87,12.78,9.89,7.48
1899,31.65,13.0,54.739,-0.14,1.2435,7.73,1.74,-2.43,12.895,0.00671,-0.0265,-0.16,-0.16,-0.48682,0.4998,13.04,12.85,13.0,12.69
1900,31.6667,13.0,54.768,-0.143,1.2432,7.6,1.71,-2.42,12.477,0.00512,-0.02942,0.52,0.52,-0.48858,0.49997,12.94,12.31,12.92,11.74
1901,31.6833,13.0,54.797,-0.146,1.2419,7.64,1.87,-2.44,11.598,0.00707,-0.02474,-0.39,-0.39,-0.48927,0.50261,13.03,10.83,9.25,13.28
1902,31.7,13.0,54.827,-0.149,1.2407,7.85,2.05,-2.29,12.698,0.00645,-0.02835,0.05,0.05,-0.4891,0.50182,12.87,12.69,13.28,11.96
1903,31.7167,13.0,54.856,-0.151,1.2384,7.83,2.39,-2.26,12.582,0.00406,-0.02929,0.83,0.0,-0.48967,0.5,12.69,12.76,12.78,12.1
1904,31.7333,13.0,54.886,-0.154,1.2343,7.64,2.76,-2.27,12.308,0.00619,-0.02902,0.18,0.18,-0.48894,0.5014,12.93,12.94,13.17,10.2
1905,31.75,13.0,54.915,-0.156,1.2297,7.22,3.32,-2.37,12.444,0.00454,-0.02953,0.71,0.0,-0.48919,0.5,12.21,12.6,12.54,12.43
1906,31.7667,13.0,54.945,-0.159,1.2243,7.23,4.0,-2.45,12.729,-0.00093,-0.03384,2.65,2.65,-0.49307,0.49841,12.67,13.87,13.46,10.91
1907,31.7833,13.0,54.975,-0.162,1.2187,7.58,4.82,-2.48,12.443,-0.00529,-0.04049,4.42,4.42,-0.49839,0.49937,12.61,11.9,12.68,12.59
1908,31.8,13.0,55.006,-0.165,1.212,7.57,5.63,-2.48,11.788,-0.00277,-0.04575,4.03,4.03,-0.49746,0.50096,12.6,12.23,12.47,9.85
1909,31.8167,13.0,55.036,-0.168,1.2117,7.37,5.73,-2.69,13.183,-0.0034,-0.0504,4.55,4.55,-0.49889,0.50176,11.94,12.12,16.66,12.01
1910,31.8333,13.0,55.064,-0.17,1.215,7.25,5.37,-2.9,11.918,-0.00668,-0.05539,5.88,5.88,-0.5004,0.49999,12.65,9.38,12.83,12.81
1911,31.85,13.0,55.092,-0.172,1.2169,7.46,5.22,-3.07,12.724,-0.00632,-0.06161,6.21,6.21,-0.5,0.49995,12.59,12.63,12.86,12.82
1912,31.8667,13.0,55.12,-0.174,1.2167,7.41,5.1,-3.18,15.013,-0.00595,-0.065,6.33,6.33,-0.50002,0.50035,13.08,10.34,13.56,23.07
1913,31.8833,13.0,55.148,-0.177,1.2155,7.52,5.11,-3.2,12.937,-0.01336,-0.06998,8.91,8.91,-0.49938,0.4923,12.13,14.01,12.84,12.77
1914,31.9,13.0,55.175,-0.182,1.214,6.72,5.55,-2.97,12.183,-0.01292,-0.06943,8.74,8.74,-0.4985,0.49185,12.15,11.86,12.51,12.21
1915,31.9167,13.0,55.202,-0.187,1.21,6.07,5.75,-2.82,12.426,-0.01244,-0.07105,8.71,8.71,-0.4979,0.49173,12.44,12.14,12.66,12.46
1916,31.9333,13.0,55.23,-0.191,1.2045,5.92,5.43,-2.56,12.747,-0.00125,-0.0603,4.6,5.71,-0.49257,0.49759,12.33,12.52,13.56,12.59
1917,31.95,13.0,55.258,-0.195,1.1995,6.01,4.48,-2.28,12.992,0.00202,-0.04412,2.48,2.71,-0.48999,0.49828,14.7,12.04,12.62,12.62
1918,31.9667,13.0,55.284,-0.198,1.1976,6.67,4.09,-2.27,11.374,-0.01183,-0.04449,6.66,5.71,-0.49871,0.49315,12.34,12.99,8.8,11.37
1919,31.9833,13.0,55.308,-0.201,1.1999,8.08,4.11,-2.14,8.233,-0.01098,-0.04432,6.4,6.4,-0.4982,0.4935,12.11,11.68,10.86,-1.72
1920,32.0,13.0,55.334,-0.206,1.2006,8.66,4.11,-1.85,12.275,-0.0073,-0.03278,4.48,4.48,-0.4964,0.49537,12.56,12.31,12.44,11.79
1921,32.0167,13.0,55.359,-0.21,1.1997,8.9,4.17,-1.61,11.942,-0.00031,-0.01587,1.2,1.48,-0.49495,0.50091,12.71,12.5,12.55,10.02
1922,32.0333,13.0,55.385,-0.215,1.1978,8.9,4.39,-1.45,12.52,-0.00069,-0.00188,0.34,0.0,-0.49442,0.5,12.85,12.74,12.81,11.68
1923,32.05,13.0,55.41,-0.22,1.1945,8.67,4.74,-1.33,12.607,0.00125,0.00091,-0.44,0.0,-0.49263,0.50015,13.07,13.07,13.01,11.28
1924,32.0667,13.0,55.436,-0.225,1.1901,8.24,5.18,-1.28,12.504,0.00141,0.00017,-0.43,0.0,-0.49224,0.49992,12.31,12.64,12.6,12.47
1925,32.0833,13.0,55.461,-0.23,1.1843,7.8,5.66,-1.34,12.047,0.00328,0.01569,-2.08,0.0,-0.49153,0.50109,12.76,12.93,12.78,9.72
1926,32.1,13.0,55.487,-0.235,1.178,7.42,6.24,-1.54,11.369,0.00362,0.02882,-3.1,0.0,-0.4914,0.50128,12.16,12.63,12.34,8.35
1927,32.1167,13.0,55.513,-0.238,1.1718,7.37,7.0,-1.74,10.726,0.00146,0.03437,-2.84,-2.84,-0.493,0.50073,12.5,9.15,12.63,8.62
1928,32.1333,13.0,55.54,-0.242,1.1656,7.23,7.84,-1.92,11.687,0.00089,0.03148,-2.47,-2.47,-0.49272,0.49988,12.2,12.35,12.4,9.8
1929,32.15,13.0,55.567,-0.245,1.1659,7.16,7.81,-2.15,14.622,-0.00137,0.027,-1.48,0.0,-0.49667,0.50157,11.7,9.4,14.91,22.47
1930,32.1667,13.0,55.592,-0.248,1.1668,7.11,7.69,-2.46,12.92,-0.00332,0.01906,-0.34,0.0,-0.49705,0.5,12.98,12.97,12.85,12.88
1931,32.1833,13.0,55.618,-0.252,1.1665,7.14,7.74,-2.65,12.038,-0.00836,0.00673,2.04,2.04,-0.49986,0.49777,13.09,10.7,12.43,11.94
1932,32.2,13.0,55.644,-0.257,1.1654,7.14,7.86,-2.68,12.252,-0.00507,-0.00267,1.71,1.71,-0.49978,0.50099,12.94,12.9,12.73,10.44
1933,32.2167,13.0,55.671,-0.261,1.1643,6.87,7.74,-2.58,12.388,-0.00103,-0.00713,0.81,0.0,-0.49817,0.50341,12.77,12.05,12.94,11.79
1934,32.2333,13.0,55.698,-0.266,1.1648,6.25,7.59,-2.64,12.739,-0.00448,-0.01239,2.21,0.0,-0.49821,0.5,12.72,12.71,12.74,12.79
1935,32.25,13.0,55.725,-0.27,1.1626,5.73,7.3,-2.73,12.812,-0.00487,-0.01683,2.64,0.0,-0.4986,0.5,12.83,12.74,12.78,12.9
1936,32.2667,13.0,55.752,-0.274,1.1577,5.29,6.9,-2.83,12.834,-0.00527,-0.01882,2.9,2.9,-0.499,0.5,12.85,12.76,12.79,12.94
1937,32.2833,13.0,55.779,-0.277,1.1513,5.48,6.18,-2.72,13.154,-0.00296,-0.01619,2.02,0.0,-0.49614,0.49945,14.15,12.82,12.8,12.85
1938,32.3,13.0,55.805,-0.279,1.1432,5.85,5.34,-2.61,12.48,-0.00365,-0.0094,1.75,0.0,-0.49701,0.49963,12.28,12.67,12.49,12.48
1939,32.3167,13.0,55.832,-0.282,1.1324,6.19,4.53,-2.53,12.918,-0.00092,-0.004,0.56,0.0,-0.49755,0.50291,12.4,12.69,13.83,12.74
1940,32.3333,13.0,55.858,-0.284,1.1245,6.17,4.92,-2.4,8.627,-0.00256,-0.00509,1.12,0.0,-0.49642,0.50013,13.03,7.98,5.34,8.15
1941,32.35,13.0,55.886,-0.285,1.119,6.93,5.26,-1.69,14.471,-0.00733,-0.00741,2.72,2.72,-0.49945,0.4984,12.1,10.55,12.73,22.5
1942,32.3667,13.0,55.913,-0.285,1.1155,6.98,6.49,-1.34,12.254,-0.01317,-0.01505,5.0,5.0,-0.49806,0.49117,12.52,12.34,12.22,11.94
1943,32.3833,13.0,55.941,-0.287,1.1116,6.16,6.78,-1.1,8.829,0.00294,-0.0048,-0.55,2.0,-0.49367,0.50288,12.09,-0.04,11.87,11.39
1944,32.4,13.0,55.969,-0.286,1.1113,6.01,6.82,-1.15,11.714,-0.00064,-0.00184,0.32,0.0,-0.49612,0.50175,12.63,10.99,10.59,12.64
1945,32.4167,13.0,55.997,-0.285,1.114,6.13,6.66,-1.24,12.895,-0.0026,-0.00054,0.82,0.0,-0.49633,0.5,12.9,12.88,12.91,12.89
1946,32.4333,13.0,56.025,-0.284,1.114,6.23,6.36,-1.34,12.231,-0.00589,-0.00559,2.16,2.16,-0.4987,0.49908,12.69,10.57,12.84,12.82
1947,32.45,13.0,56.053,-0.284,1.1136,6.06,6.54,-1.23,12.75,-0.00398,-0.00638,1.64,0.0,-0.49706,0.49935,12.87,12.87,13.0,12.26
1948,32.4667,13.0,56.08,-0.283,1.1116,6.06,6.77,-1.18,12.642,-0.00795,-0.00625,2.82,2.82,-0.50029,0.49862,12.89,11.77,12.95,12.97
1949,32.4833,13.0,56.109,-0.283,1.1102,5.85,6.89,-1.04,14.145,-0.00367,0.00427,0.8,0.0,-0.49779,0.5004,13.13,12.88,13.39,17.19
1950,32.5,13.0,56.137,-0.282,1.1123,5.95,6.78,-1.1,12.34,-0.00784,-0.00733,2.87,2.87,-0.49976,0.49819,12.66,11.25,12.7,12.75
1951,32.5167,13.0,56.164,-0.282,1.1144,6.13,6.55,-1.02,12.404,-0.01027,-0.01636,4.23,4.23,-0.49783,0.49383,12.74,12.66,12.65,11.57
1952,32.5333,13.0,56.192,-0.283,1.115,5.7,6.46,-0.8,12.701,-0.00947,-0.02147,4.34,4.34,-0.49646,0.49326,12.85,12.59,12.76,12.61
1953,32.55,13.0,56.219,-0.284,1.1129,5.33,6.2,-0.63,12.717,-0.00883,-0.02191,4.18,4.18,-0.49575,0.49318,12.78,12.67,12.77,12.65
1954,32.5667,13.0,56.247,-0.284,1.1081,5.02,5.78,-0.5,12.735,-0.00818,-0.0236,4.11,4.11,-0.49513,0.49322,12.78,12.74,12.78,12.65
1955,32.5833,13.0,56.275,-0.285,1.1007,4.77,5.24,-0.4,12.732,-0.0075,-0.02031,3.67,3.67,-0.49462,0.49339,12.76,12.76,12.79,12.62
1956,32.6,13.0,56.302,-0.285,1.0921,4.99,4.3,-0.26,12.81,-0.01015,-0.02455,4.76,4.76,-0.49711,0.49323,13.09,12.76,12.78,12.61
1957,32.6167,13.0,56.33,-0.286,1.0808,5.15,3.39,-0.18,12.465,-0.00975,-0.02356,4.57,4.57,-0.49718,0.4937,12.27,12.62,12.66,12.31
1958,32.6333,13.0,56.355,-0.29,1.0797,5.24,3.34,-0.51,11.238,-0.00793,-0.01832,3.66,3.66,-0.49941,0.49775,13.06,9.6,10.14,12.15
1959,32.65,13.0,56.381,-0.294,1.0798,5.57,3.12,-0.72,12.898,-0.00125,-0.00766,0.91,0.66,-0.4974,0.50243,12.66,10.42,16.87,11.64
1960,32.6667,13.0,56.406,-0.297,1.0802,5.79,2.97,-0.75,13.027,-0.00271,-0.00045,0.85,0.0,-0.49779,0.50134,12.79,17.46,12.02,9.84
1961,32.6833,13.0,56.432,-0.301,1.0799,5.7,3.02,-0.96,10.219,-0.00258,0.00536,0.4,0.0,-0.49787,0.50156,12.96,7.02,8.1,12.8
1962,32.7,13.0,56.459,-0.304,1.0805,5.79,2.94,-0.84,14.081,-0.00181,0.01056,-0.2,0.0,-0.49871,0.50317,12.6,23.29,11.63,8.81
1963,32.7167,13.0,56.485,-0.306,1.0813,5.39,3.07,-0.99,11.748,-0.00459,0.01502,0.33,0.0,-0.49832,0.5,12.7,8.92,12.62,12.76
1964,32.7333,13.0,56.512,-0.309,1.0803,5.34,3.14,-1.12,14.656,-0.00254,0.02063,-0.68,0.0,-0.50007,0.5038,12.95,15.52,17.38,12.79
1965,32.75,13.0,56.54,-0.31,1.0789,5.63,3.04,-1.19,11.553,-0.00582,0.02033,0.32,0.32,-0.5023,0.50275,12.89,11.83,8.46,13.03
1966,32.7667,13.0,56.567,-0.313,1.0815,5.92,2.95,-1.15,13.05,-0.00415,0.0149,0.2,0.0,-0.49964,0.50176,12.81,12.78,14.27,12.34
1967,32.7833,13.0,56.594,-0.315,1.0824,6.13,2.86,-1.19,12.945,-0.00625,0.00948,1.21,1.21,-0.49998,0.5,12.97,12.96,12.92,12.93
1968,32.8,13.0,56.621,-0.317,1.0819,5.99,2.93,-1.24,12.444,-0.00548,0.00536,1.27,1.27,-0.49931,0.50011,12.96,12.98,13.01,10.82
1969,32.8167,13.0,56.648,-0.32,1.08,5.72,2.99,-1.31,12.296,-0.00437,0.00209,1.16,0.0,-0.49959,0.50149,12.96,12.97,10.29,12.96
1970,32.8333,13.0,56.676,-0.322,1.0781,5.6,2.73,-1.29,12.411,-0.00351,0.00295,0.85,0.0,-0.49985,0.50261,12.67,11.91,14.09,10.98
1971,32.85,13.0,56.704,-0.323,1.0758,5.38,2.53,-1.25,13.165,-0.00396,0.00114,1.11,0.0,-0.49904,0.50135,13.02,13.03,13.79,12.82
1972,32.8667,13.0,56.733,-0.325,1.0725,4.96,1.86,-1.28,12.648,-0.00525,0.00158,1.46,1.46,-0.49898,0.5,12.69,12.51,12.56,12.84
1973,32.8833,13.0,56.761,-0.327,1.0666,4.59,1.17,-1.33,12.649,-0.00541,0.0001,1.62,1.62,-0.49888,0.49975,12.6,12.57,12.67,12.76
1974,32.9,13.0,56.782,-0.328,1.0659,2.95,-0.38,-2.0,13.748,-0.00032,0.00619,-0.34,0.0,-0.4956,0.50155,12.65,12.66,17.1,12.58
1975,32.9167,13.0,56.798,-0.328,1.0737,2.86,-0.51,-1.75,11.654,-0.00538,0.00554,1.23,1.23,-0.49533,0.49621,17.17,9.06,7.91,12.47
1976,32.9333,13.0,56.814,-0.328,1.0786,2.71,-1.0,-1.88,12.919,-0.01157,-0.00254,3.65,3.65,-0.49998,0.49468,12.85,9.46,16.29,13.07
1977,32.95,13.0,56.831,-0.328,1.0816,2.64,-1.61,-2.02,12.153,-0.01169,-0.01065,4.25,4.25,-0.49971,0.49428,12.79,10.26,12.8,12.77
1978,32.9667,13.0,56.849,-0.329,1.0847,2.77,-1.89,-2.02,11.462,-0.01281,-0.01847,5.14,5.14,-0.50007,0.49353,12.61,7.67,12.83,12.74
1979,32.9833,13.0,56.867,-0.331,1.0863,2.87,-2.14,-1.91,11.785,-0.01319,-0.02442,5.67,5.67,-0.50003,0.4931,12.77,8.75,12.8,12.82
1980,33.0,13.0,56.886,-0.333,1.0865,3.11,-2.42,-1.79,11.81,-0.01475,-0.0311,6.6,6.6,-0.50061,0.49213,12.53,9.15,12.76,12.8
1981,33.0167,13.0,56.905,-0.336,1.0862,3.59,-2.5,-1.62,11.423,-0.01406,-0.0415,7.12,7.12,-0.49969,0.4919,12.64,7.62,12.71,12.72
1982,33.0333,13.0,56.925,-0.339,1.0844,4.03,-2.61,-1.43,12.35,-0.01419,-0.04558,7.45,7.45,-0.49975,0.49183,12.71,11.28,12.71,12.71
1983,33.05,13.0,56.946,-0.343,1.0815,4.68,-2.67,-1.27,11.676,-0.01548,-0.04413,7.73,7.73,-0.50038,0.49118,12.37,9.08,12.66,12.6
1984,33.0667,13.0,56.967,-0.348,1.0799,5.39,-2.65,-1.0,11.343,-0.01154,-0.03867,6.17,6.17,-0.49822,0.49295,12.74,9.9,10.01,12.72
1985,33.0833,13.0,56.989,-0.354,1.0798,5.76,-2.63,-0.87,11.563,-0.00184,-0.02275,2.14,3.17,-0.49575,0.50018,12.51,12.6,12.69,8.45
1986,33.1,13.0,57.011,-0.357,1.0816,6.21,-2.76,-0.6,12.351,-0.00366,-0.01021,1.81,0.17,-0.49585,0.49846,12.97,12.85,13.45,10.13
1987,33.1167,13.0,57.034,-0.36,1.0828,6.45,-2.79,-0.38,11.744,0.00124,0.00746,-0.9,0.0,-0.49416,0.50167,12.63,12.82,11.51,10.02
1988,33.1333,13.0,57.058,-0.362,1.0841,6.28,-2.87,-0.19,12.923,-0.00012,0.0209,-1.43,0.0,-0.49385,0.5,12.93,12.94,12.93,12.9
1989,33.15,13.0,57.081,-0.365,1.0832,6.04,-3.05,-0.03,12.07,0.00248,0.03554,-3.23,-3.0,-0.49298,0.50173,12.74,12.74,12.81,9.99
1990,33.1667,13.0,57.105,-0.368,1.082,5.7,-2.96,-0.04,12.769,0.00245,0.04972,-4.22,-4.22,-0.49325,0.50197,12.55,16.87,12.96,8.69
1991,33.1833,13.0,57.129,-0.369,1.08,5.67,-2.95,-0.25,9.49,-0.00133,0.05425,-3.4,-3.4,-0.49563,0.50057,12.7,9.39,8.09,7.78
1992,33.2,13.0,57.156,-0.371,1.078,5.7,-2.91,-0.29,12.71,-0.00241,0.04716,-2.58,-2.58,-0.4969,0.50077,12.86,12.83,12.96,12.19
1993,33.2167,13.0,57.182,-0.371,1.0764,5.77,-3.43,-0.2,12.965,-0.00489,0.04023,-1.35,-1.35,-0.49756,0.49893,12.78,12.76,13.47,12.85
1994,33.2333,13.0,57.208,-0.372,1.076,4.97,-3.14,-0.11,11.24,-0.00334,0.03069,-1.15,-1.15,-0.49666,0.4996,12.75,12.77,9.42,10.02
1995,33.25,13.0,57.234,-0.371,1.0753,4.61,-2.98,-0.04,10.627,0.00129,0.02847,-2.38,0.0,-0.49332,0.50088,12.52,9.98,9.63,10.38
1996,33.2667,13.0,57.252,-0.371,1.0868,3.13,-3.64,-0.86,12.197,0.00097,0.0235,-1.94,0.0,-0.49276,0.5,12.73,10.11,13.19,12.76
1997,33.2833,13.0,57.271,-0.369,1.0958,2.31,-4.39,-1.21,12.307,-0.0009,0.01723,-0.94,0.0,-0.49463,0.5,12.11,12.16,12.14,12.82
1998,33.3,13.0,57.289,-0.367,1.1026,1.73,-5.06,-1.47,12.49,-0.00817,0.00813,1.88,1.88,-0.50191,0.5,12.24,12.04,12.63,13.04
1999,33.3167,13.0,57.309,-0.365,1.1074,1.22,-5.71,-1.66,10.901,-0.00756,0.00185,2.14,2.14,-0.50129,0.5,12.39,6.12,12.44,12.65
2000,33.3333,13.0,57.328,-0.365,1.1123,0.85,-5.93,-1.61,11.734,-0.00542,0.00109,1.55,1.55,-0.49914,0.5,12.63,8.44,12.93,12.94
2001,33.35,13.0,57.348,-0.365,1.1152,0.53,-6.2,-1.54,11.303,-0.00624,-0.00203,2.01,2.01,-0.49997,0.5,12.87,6.48,12.93,12.93
2002,33.3667,13.0,57.368,-0.365,1.117,0.42,-6.38,-1.49,11.762,-0.00783,-0.01117,3.13,3.13,-0.50104,0.49949,12.85,8.29,12.95,12.95
2003,33.3833,13.0,57.389,-0.367,1.1177,0.29,-6.43,-1.31,11.5,-0.00707,-0.0181,3.39,3.39,-0.50027,0.49947,12.78,7.35,12.93,12.94
2004,33.4,13.0,57.41,-0.368,1.117,0.28,-6.54,-1.15,11.778,-0.0082,-0.02344,4.1,4.1,-0.5004,0.49847,12.58,8.84,12.8,12.88
2005,33.4167,13.0,57.432,-0.37,1.1162,0.61,-6.39,-0.97,11.562,-0.00847,-0.02093,4.01,4.01,-0.50013,0.49793,12.69,7.76,12.89,12.91
2006,33.4333,13.0,57.454,-0.373,1.1138,0.86,-6.29,-0.76,12.162,-0.00968,-0.02059,4.34,4.34,-0.50077,0.49737,12.85,10.11,12.79,12.91
2007,33.45,13.0,57.477,-0.377,1.1096,0.99,-6.28,-0.48,12.785,-0.00947,-0.02229,4.4,4.4,-0.5,0.4968,12.82,12.65,12.83,12.85
2008,33.4667,13.0,57.5,-0.381,1.1067,1.59,-5.6,-0.05,11.74,-0.00543,-0.01879,2.95,2.95,-0.49477,0.49561,12.83,8.34,12.89,12.9
2009,33.4833,13.0,57.523,-0.385,1.1007,2.28,-5.38,0.18,8.247,-0.01077,-0.01956,4.6,4.6,-0.49919,0.49469,12.85,6.26,1.54,12.33
2010,33.5,13.0,57.548,-0.388,1.103,3.02,-5.84,0.35,11.541,-0.00683,-0.01697,3.24,3.24,-0.50068,0.50012,12.39,9.87,11.23,12.68
2011,33.5167,13.0,57.572,-0.392,1.1024,3.62,-6.24,0.62,12.19,-0.00485,-0.01149,2.26,0.24,-0.4994,0.50082,12.48,12.82,10.85,12.61
2012,33.5333,13.0,57.596,-0.396,1.1025,4.42,-6.6,0.87,11.785,-0.00656,-0.00814,2.54,2.54,-0.50087,0.50058,12.32,9.89,12.42,12.52
2013,33.55,13.0,57.616,-0.401,1.1065,3.94,-5.59,1.19,14.357,0.00722,0.01021,-2.88,-0.46,-0.49701,0.5105,12.19,12.7,21.57,10.96
2014,33.5667,13.0,57.636,-0.403,1.1115,3.68,-4.93,1.66,16.606,0.00641,0.02531,-3.69,-3.46,-0.49507,0.50775,13.02,13.29,18.6,21.51
2015,33.5833,13.0,57.656,-0.403,1.116,3.54,-4.34,1.91,11.812,-0.00048,0.02737,-1.77,-0.46,-0.4938,0.4996,12.58,12.76,14.38,7.53
2016,33.6,13.0,57.677,-0.403,1.119,3.19,-4.11,2.25,11.499,0.00169,0.03691,-3.09,-3.09,-0.4926,0.50056,12.51,12.63,11.16,9.7
2017,33.6167,13.0,57.699,-0.403,1.1215,2.89,-4.06,2.51,11.698,0.00145,0.041,-3.31,-3.31,-0.49259,0.50031,12.63,12.76,12.84,8.57
2018,33.6333,13.0,57.718,-0.403,1.1263,1.89,-4.55,2.0,10.695,0.01268,0.05411,-7.59,-6.31,-0.48328,0.50224,12.88,4.78,12.14,12.99
2019,33.65,13.0,57.732,-0.4,1.1347,1.5,-5.31,1.2,13.188,0.00979,0.06444,-7.45,-7.45,-0.48394,0.5,11.96,16.3,12.12,12.37
2020,33.6667,13.0,57.745,-0.397,1.141,1.16,-6.0,0.69,12.881,-0.00252,0.04669,-2.51,-4.45,-0.4961,0.49986,12.26,13.45,12.73,13.09
2021,33.6833,13.0,57.759,-0.395,1.1443,0.9,-6.79,0.26,11.681,-0.00207,0.03237,-1.65,-1.65,-0.49591,0.50012,12.59,-1.37,23.16,12.34
2022,33.7,13.0,57.774,-0.394,1.1486,0.8,-7.1,0.16,16.004,-0.00839,0.02035,1.09,1.09,-0.50206,0.49994,12.19,10.06,28.36,13.41
2023,33.7167,13.0,57.789,-0.394,1.1514,0.76,-7.38,0.14,11.431,-0.00705,0.00892,1.49,1.49,-0.50078,0.5,12.93,7.21,12.78,12.79
2024,33.7333,13.0,57.805,-0.395,1.1529,0.57,-7.72,0.22,12.421,-0.007,-0.00084,2.16,2.16,-0.50073,0.5,12.97,11.04,12.87,12.81
2025,33.75,13.0,57.822,-0.397,1.1532,0.44,-8.17,0.27,12.323,-0.0067,-0.02067,3.46,3.46,-0.50043,0.5,13.13,10.31,12.96,12.89
2026,33.7667,13.0,57.84,-0.401,1.1554,0.75,-7.85,0.52,11.675,7e-05,-0.02818,1.95,0.46,-0.49364,0.49999,12.81,8.25,12.87,12.76
2027,33.7833,13.0,57.858,-0.403,1.154,1.17,-8.05,0.54,8.491,-0.00235,-0.02464,2.43,0.0,-0.49608,0.5,12.79,-4.67,12.93,12.91
2028,33.8,13.0,57.878,-0.406,1.153,1.9,-8.27,0.65,11.574,-0.0078,-0.02758,4.27,3.0,-0.5018,0.50027,12.67,9.11,11.51,13.01
2029,33.8167,13.0,57.898,-0.41,1.1537,2.36,-8.58,0.84,12.131,-0.00333,-0.01906,2.33,0.0,-0.49986,0.5028,12.66,12.45,13.29,10.12
2030,33.8333,13.0,57.919,-0.414,1.154,2.75,-8.76,0.94,11.335,-0.00799,-0.01775,3.64,3.0,-0.50048,0.49875,12.87,12.37,11.16,8.93
2031,33.85,13.0,57.941,-0.417,1.1548,2.92,-8.58,0.88,10.993,-0.00618,-0.01477,2.89,2.89,-0.50005,0.50015,13.05,13.03,9.18,8.71
2032,33.8667,13.0,57.964,-0.418,1.1552,3.17,-8.62,0.94,11.46,-0.00377,-0.00999,1.83,0.0,-0.49977,0.50227,12.87,12.94,9.81,10.22
2033,33.8833,13.0,57.987,-0.418,1.156,3.1,-8.69,1.22,12.306,-0.00448,-0.01347,2.29,0.0,-0.49902,0.50081,12.87,12.93,13.08,10.34
2034,33.9,13.0,58.009,-0.419,1.1559,2.79,-8.51,1.35,12.836,-0.00551,-0.0151,2.71,2.71,-0.49924,0.5,12.82,12.73,12.91,12.88
2035,33.9167,13.0,58.032,-0.419,1.1532,2.46,-8.51,1.48,11.75,-0.00128,-0.00658,0.84,0.0,-0.49917,0.50417,12.85,12.79,8.62,12.75
2036,33.9333,13.0,58.056,-0.417,1.1533,2.49,-8.56,1.87,11.187,-0.00481,-0.00732,1.96,0.0,-0.49951,0.50097,12.62,10.03,11.54,10.56
2037,33.95,13.0,58.08,-0.414,1.1548,2.59,-8.71,2.16,11.515,-0.00496,-0.00332,1.72,0.0,-0.49925,0.50057,12.93,12.91,12.89,7.32
2038,33.9667,13.0,58.099,-0.412,1.1587,0.99,-7.18,2.41,10.872,-0.0007,0.00271,0.02,0.0,-0.49597,0.50153,12.87,12.84,8.08,9.7
2039,33.9833,13.0,58.118,-0.41,1.161,-0.11,-6.49,2.78,10.908,-0.00066,0.00558,-0.19,0.0,-0.49547,0.50108,11.62,11.71,8.42,11.88
2040,34.0,13.0,58.138,-0.407,1.1615,-1.17,-6.04,3.13,12.744,0.00168,0.01125,-1.29,0.0,-0.49381,0.50176,12.2,12.05,12.98,13.75
2041,34.0167,13.0,58.157,-0.403,1.163,-1.32,-5.38,3.15,9.614,-0.00183,0.01369,-0.41,0.0,-0.49586,0.5003,12.77,6.91,7.17,11.61
2042,34.0333,13.0,58.177,-0.399,1.1679,-1.19,-4.92,3.15,9.999,-0.00704,0.00612,1.68,1.68,-0.49849,0.49773,12.58,7.68,7.71,12.03
2043,34.05,13.0,58.197,-0.395,1.1714,-1.08,-4.68,3.16,11.723,-0.00902,0.00106,2.63,2.63,-0.49979,0.49704,12.85,8.38,12.79,12.88
2044,34.0667,13.0,58.214,-0.393,1.1787,-1.74,-4.83,2.55,11.323,-0.00519,0.00069,1.51,1.51,-0.50013,0.50121,12.95,8.02,11.56,12.76
2045,34.0833,13.0,58.228,-0.39,1.1878,-2.57,-5.33,2.03,8.987,-0.00365,-0.00243,1.26,0.0,-0.49738,0.5,11.23,0.05,11.94,12.73
2046,34.1,13.0,58.242,-0.388,1.1946,-3.26,-5.87,1.7,12.434,-0.00507,-0.00667,1.99,1.99,-0.49854,0.49974,12.08,12.31,12.4,12.94
2047,34.1167,13.0,58.257,-0.386,1.1994,-3.82,-6.4,1.5,11.413,-0.00424,-0.01195,2.11,0.0,-0.49766,0.49969,12.35,7.96,12.49,12.86
2048,34.1333,13.0,58.272,-0.384,1.2037,-4.23,-6.8,1.44,11.482,-0.00662,-0.01544,3.07,3.0,-0.49993,0.49958,12.82,7.51,12.72,12.88
2049,34.15,13.0,58.288,-0.383,1.2062,-4.48,-7.29,1.45,9.719,-0.00808,-0.01466,3.45,3.45,-0.50099,0.49918,7.85,5.58,12.72,12.72
2050,34.1667,13.0,58.305,-0.383,1.2097,-4.4,-7.57,1.74,11.423,-0.00556,-0.00934,2.32,2.32,-0.49896,0.49967,12.68,7.36,12.91,12.73
2051,34.1833,13.0,58.323,-0.382,1.2118,-4.27,-7.88,2.07,11.851,-0.00621,-0.00927,2.51,2.51,-0.49994,0.5,12.87,8.83,12.9,12.8
2052,34.2,13.0,58.341,-0.382,1.2123,-4.04,-8.27,2.38,12.495,-0.00839,-0.01303,3.43,3.43,-0.50213,0.5,12.8,11.34,13.0,12.84
2053,34.2167,13.0,58.36,-0.383,1.2129,-3.65,-8.34,2.76,11.32,-0.00466,-0.01105,2.17,0.43,-0.49839,0.5,12.65,7.07,12.89,12.67
2054,34.2333,13.0,58.379,-0.385,1.2121,-3.19,-8.47,3.08,11.813,-0.00644,-0.01199,2.77,2.77,-0.50017,0.5,12.67,8.94,12.82,12.82
2055,34.25,13.0,58.399,-0.386,1.2097,-2.66,-8.67,3.34,11.359,-0.00689,-0.01083,2.83,2.83,-0.50062,0.5,13.0,6.97,12.78,12.69
2056,34.2667,13.0,58.419,-0.388,1.2078,-1.92,-8.51,3.63,11.219,-0.00593,-0.00732,2.29,2.29,-0.49966,0.5,12.49,6.97,12.64,12.77
2057,34.2833,13.0,58.44,-0.391,1.2069,-1.33,-8.68,3.88,11.959,-0.00523,-0.00611,2.0,2.0,-0.4994,0.50044,12.44,10.47,11.89,13.04
2058,34.3,13.0,58.461,-0.393,1.2081,-0.8,-9.2,3.94,11.679,-0.00704,-0.00622,2.55,2.55,-0.50077,0.5,12.58,8.73,12.77,12.64
2059,34.3167,13.0,58.482,-0.396,1.2085,-0.09,-9.49,3.98,12.972,-0.00816,-0.00523,2.81,2.81,-0.50189,0.5,12.64,13.8,12.77,12.68
2060,34.3333,13.0,58.504,-0.399,1.2082,0.31,-9.61,3.95,11.822,-0.0043,-0.00424,1.59,0.0,-0.49959,0.50157,12.65,12.85,12.93,8.85
2061,34.35,13.0,58.525,-0.401,1.2084,0.42,-9.39,3.85,12.867,-0.00662,-0.00391,2.26,2.26,-0.50051,0.50016,13.24,13.19,7.01,18.03
2062,34.3667,13.0,58.547,-0.4,1.2086,0.69,-9.53,3.93,12.231,-0.00369,-0.00015,1.12,0.0,-0.4994,0.50199,12.64,12.53,15.64,8.11
2063,34.3833,13.0,58.566,-0.4,1.2107,-0.15,-8.53,3.88,10.028,-0.00977,-0.00408,3.22,3.0,-0.49842,0.49492,12.37,12.44,4.53,10.77
2064,34.4,13.0,58.581,-0.398,1.2148,-1.49,-7.69,4.22,9.451,-0.00346,-0.00177,1.16,0.0,-0.49765,0.50046,11.78,12.06,5.69,8.27
2065,34.4167,13.0,58.597,-0.396,1.2173,-2.59,-7.07,4.53,11.135,-0.00321,0.00237,0.8,0.0,-0.49705,0.50011,11.89,12.03,12.82,7.81
2066,34.4333,13.0,58.612,-0.394,1.2183,-3.72,-6.62,4.79,11.869,-0.0029,0.0075,0.34,0.0,-0.49654,0.49991,12.06,12.12,12.92,10.38
2067,34.45,13.0,58.628,-0.39,1.2212,-4.37,-6.07,4.84,9.962,-0.00319,0.00774,0.41,0.0,-0.49365,0.49673,7.52,15.57,13.17,3.58
2068,34.4667,13.0,58.643,-0.386,1.2261,-4.05,-5.52,4.73,10.294,-0.01586,-0.00269,4.95,3.0,-0.49795,0.48836,14.28,5.87,12.09,8.94
2069,34.4833,13.0,58.658,-0.381,1.2289,-3.97,-5.04,4.84,6.46,-0.01808,-0.01717,6.63,6.0,-0.49598,0.48418,12.3,-7.17,8.52,12.19
2070,34.5,13.0,58.675,-0.377,1.2326,-3.66,-4.6,4.87,16.737,-0.02386,-0.0296,9.23,9.0,-0.49658,0.47899,28.86,6.94,14.62,16.52
2071,34.5167,13.0,58.693,-0.373,1.2359,-3.37,-4.44,4.86,13.569,-0.0282,-0.0515,12.07,12.0,-0.49802,0.47609,12.65,12.21,18.23,11.18
2072,34.5333,13.0,58.712,-0.37,1.2384,-3.12,-4.25,4.94,11.037,-0.03117,-0.07407,14.54,14.54,-0.50028,0.47538,12.43,7.04,11.91,12.77
2073,34.55,13.0,58.732,-0.368,1.2402,-2.93,-4.25,5.03,9.737,-0.03264,-0.09577,16.5,16.5,-0.50038,0.47401,12.2,8.78,5.46,12.5
2074,34.5667,13.0,58.752,-0.366,1.2424,-2.7,-4.3,5.12,11.234,-0.03223,-0.11415,17.66,17.66,-0.49954,0.47358,12.19,8.09,12.32,12.33
2075,34.5833,13.0,58.773,-0.365,1.2468,-2.91,-4.72,4.91,12.355,-0.03061,-0.11563,17.28,17.28,-0.50044,0.4761,12.25,13.72,10.96,12.49
2076,34.6,13.0,58.795,-0.364,1.2492,-2.97,-5.22,4.83,11.642,-0.03153,-0.11559,17.55,17.55,-0.50023,0.47497,11.73,10.25,12.92,11.66
2077,34.6167,13.0,58.816,-0.364,1.2514,-2.77,-5.46,4.81,11.935,-0.03426,-0.11241,18.15,18.15,-0.50162,0.47363,11.96,11.13,12.09,12.56
2078,34.6333,13.0,58.838,-0.363,1.2521,-2.55,-5.92,4.76,10.257,-0.03331,-0.10418,17.28,17.28,-0.50097,0.47393,11.92,4.69,12.2,12.21
2079,34.65,13.0,58.861,-0.364,1.2528,-2.13,-5.97,4.86,11.327,-0.03161,-0.09213,15.93,15.93,-0.49972,0.47437,12.06,8.64,12.32,12.29
2080,34.6667,13.0,58.884,-0.364,1.2519,-1.8,-6.02,5.03,12.963,-0.02238,-0.07052,11.65,12.93,-0.49865,0.48254,12.14,18.93,12.28,8.49
2081,34.6833,13.0,58.907,-0.365,1.2507,-1.4,-6.08,5.16,9.537,-0.01973,-0.0492,9.36,9.93,-0.50052,0.48706,12.28,11.0,4.89,9.98
2082,34.7,13.0,58.932,-0.365,1.2512,-1.12,-6.31,5.26,12.415,-0.01902,-0.03137,7.9,7.9,-0.50009,0.48734,12.45,11.94,12.66,12.61
2083,34.7167,13.0,58.957,-0.366,1.2518,-1.14,-6.2,5.29,10.883,-0.00684,-0.00222,2.21,4.9,-0.49968,0.49911,12.59,8.6,12.66,9.68
2084,34.7333,13.0,58.983,-0.365,1.2517,-1.16,-6.0,5.23,12.016,-0.00525,0.02789,-0.38,1.9,-0.49859,0.49961,12.77,12.77,12.85,9.68
2085,34.75,13.0,59.009,-0.365,1.2506,-1.19,-6.02,5.32,9.99,-0.00203,0.05671,-3.36,-1.1,-0.50024,0.50447,12.51,11.17,12.38,3.89
2086,34.7667,13.0,59.036,-0.363,1.252,-1.41,-6.15,5.08,12.464,-0.00415,0.07815,-4.23,-4.1,-0.49712,0.49924,13.07,13.04,12.93,10.82
2087,34.7833,13.0,59.062,-0.36,1.2525,-1.67,-6.06,4.83,12.144,-0.00806,0.0835,-3.43,-3.43,-0.50073,0.49894,12.6,10.49,12.75,12.73
2088,34.8,13.0,59.086,-0.359,1.2542,-2.54,-4.83,4.38,10.953,-0.00648,0.08711,-4.15,-4.15,-0.49798,0.49777,12.8,12.83,10.76,7.42
2089,34.8167,13.0,59.107,-0.359,1.2566,-3.9,-3.74,4.4,12.057,0.00405,0.10038,-8.24,-7.15,-0.49649,0.50681,10.87,12.28,18.29,6.79
2090,34.8333,13.0,59.127,-0.356,1.2613,-4.51,-2.99,4.47,11.036,0.00216,0.0976,-7.48,-7.48,-0.49007,0.4985,13.27,11.62,12.03,7.22
2091,34.85,13.0,59.145,-0.353,1.268,-4.86,-2.58,4.48,12.533,0.00016,0.09145,-6.45,-6.45,-0.49213,0.49856,12.21,12.61,12.78,12.54
2092,34.8667,13.0,59.163,-0.351,1.2721,-5.13,-2.4,4.48,12.7,0.00033,0.08291,-5.9,-5.9,-0.49234,0.49894,12.54,12.79,12.76,12.7
2093,34.8833,13.0,59.181,-0.348,1.2743,-5.09,-2.24,4.4,12.46,-0.0037,0.07343,-4.03,-4.03,-0.49357,0.49614,12.95,13.97,12.73,10.19
2094,34.9,13.0,59.199,-0.344,1.2762,-4.84,-1.88,4.41,8.38,-0.00733,0.06536,-2.37,-2.37,-0.49305,0.49199,12.49,-0.3,12.73,8.61
2095,34.9167,13.0,59.218,-0.341,1.278,-4.39,-1.52,4.37,14.214,-0.0123,0.05153,0.08,0.08,-0.49694,0.49091,12.69,18.21,12.98,12.97
2096,34.9333,13.0,59.238,-0.338,1.2769,-4.09,-1.37,4.35,10.096,-0.01504,0.02571,2.71,2.71,-0.49754,0.48877,13.18,11.1,12.57,3.53
2097,34.95,13.0,59.259,-0.335,1.2776,-3.86,-1.3,4.42,10.692,-0.01718,0.00273,4.96,4.96,-0.49989,0.48897,12.97,7.83,9.02,12.95
2098,34.9667,13.0,59.281,-0.332,1.2783,-3.69,-1.36,4.49,8.697,-0.01931,-0.01763,7.03,7.03,-0.50077,0.48772,12.57,-0.76,16.01,6.97
2099,34.9833,13.0,59.305,-0.33,1.2788,-3.8,-1.54,4.58,12.072,-0.01798,-0.03435,7.8,7.8,-0.50176,0.49005,12.18,10.66,12.72,12.73
2100,35.0,13.0,59.33,-0.328,1.2791,-3.69,-1.45,4.74,10.127,-0.01477,-0.04162,7.34,7.34,-0.49995,0.49145,12.49,12.29,7.87,7.86
2101,35.0167,13.0,59.355,-0.326,1.2784,-3.73,-1.42,4.87,11.331,-0.01457,-0.04407,7.46,7.46,-0.49944,0.49114,12.47,7.51,12.68,12.66
2102,35.0333,13.0,59.382,-0.325,1.2782,-3.59,-1.36,4.92,12.406,-0.01181,-0.03828,6.22,6.22,-0.49946,0.49392,12.7,13.67,11.03,12.22
2103,35.05,13.0,59.409,-0.323,1.2797,-3.79,-1.5,4.96,9.984,-0.01149,-0.03003,5.55,5.55,-0.4992,0.49399,12.76,1.59,12.81,12.77
2104,35.0667,13.0,59.436,-0.321,1.28,-3.6,-1.53,4.88,11.35,-0.01228,-0.02138,5.18,5.18,-0.49978,0.49377,12.81,10.63,12.74,9.22
2105,35.0833,13.0,59.464,-0.319,1.2792,-3.55,-1.52,4.84,11.262,-0.01289,-0.01221,4.72,4.72,-0.50004,0.49342,12.62,6.76,12.82,12.85
2106,35.1,13.0,59.492,-0.317,1.2777,-3.54,-1.28,4.81,12.215,-0.00865,-0.00115,2.68,2.68,-0.49968,0.4973,12.79,12.75,12.88,10.44
2107,35.1167,13.0,59.521,-0.314,1.2764,-3.66,-1.21,4.85,12.083,-0.00432,0.00974,0.61,0.0,-0.49841,0.50036,12.49,12.24,10.74,12.86
2108,35.1333,13.0,59.551,-0.312,1.2785,-3.74,-1.29,4.9,13.06,-0.00635,0.01703,0.71,0.71,-0.5,0.49993,12.78,13.24,13.28,12.95
2109,35.15,13.0,59.58,-0.309,1.2799,-3.78,-1.5,4.98,11.708,-0.00799,0.01892,1.07,1.07,-0.50094,0.49922,12.76,8.48,12.79,12.8
2110,35.1667,13.0,59.609,-0.306,1.2799,-3.59,-1.58,5.08,11.819,-0.00675,0.02152,0.52,0.52,-0.49974,0.49926,12.87,12.33,12.75,9.33
2111,35.1833,13.0,59.638,-0.303,1.2786,-3.48,-1.52,5.22,11.15,-0.00827,0.02306,0.87,0.87,-0.50103,0.49903,12.73,9.11,12.71,10.05
2112,35.2,13.0,59.666,-0.301,1.2809,-4.38,-0.47,5.55,12.521,-0.00405,0.02939,-0.84,0.0,-0.49974,0.50195,12.25,12.23,12.05,13.55
2113,35.2167,13.0,59.694,-0.297,1.2832,-4.89,-0.07,6.0,11.067,-0.00518,0.02943,-0.51,-0.51,-0.50031,0.5014,8.9,11.86,12.7,10.81
2114,35.2333,13.0,59.723,-0.292,1.2846,-5.01,-0.22,6.39,12.849,-0.00627,0.0239,0.21,0.21,-0.5,0.5,12.89,12.72,12.94,12.84
2115,35.25,13.0,59.751,-0.286,1.2846,-4.48,-0.2,6.61,12.506,-0.00746,0.01989,0.84,0.84,-0.50083,0.49965,12.97,11.4,12.9,12.76
2116,35.2667,13.0,59.78,-0.281,1.284,-4.27,0.08,6.8,12.026,-0.00669,0.01884,0.69,0.69,-0.50053,0.50011,10.49,12.66,12.78,12.18
2117,35.2833,13.0,59.809,-0.276,1.2824,-4.41,0.32,6.87,12.139,-0.0095,0.01374,1.89,1.89,-0.50388,0.50065,10.94,13.02,12.99,11.6
2118,35.3,13.0,59.838,-0.272,1.2825,-4.87,0.26,6.69,11.39,-0.00597,0.01446,0.78,0.78,-0.4997,0.5,12.36,7.98,12.55,12.67
2119,35.3167,13.0,59.868,-0.267,1.2814,-4.74,0.48,6.46,12.65,-0.00628,0.01043,1.15,1.15,-0.5,0.5,12.88,11.73,12.98,13.01
2120,35.3333,13.0,59.897,-0.262,1.2785,-4.43,0.66,6.28,12.195,-0.00831,0.00596,2.08,2.08,-0.50205,0.50001,12.93,10.18,12.82,12.84
2121,35.35,13.0,59.926,-0.258,1.2756,-4.31,1.23,6.26,11.803,-0.00568,0.00585,1.29,1.29,-0.49992,0.50051,12.75,12.27,12.62,9.57
2122,35.3667,13.0,59.955,-0.253,1.2711,-4.22,1.71,6.14,11.265,-0.00601,0.00664,1.34,1.34,-0.49974,0.5,12.54,7.33,12.58,12.61
2123,35.3833,13.0,59.984,-0.248,1.2712,-4.67,1.66,6.1,13.776,-0.00975,0.0027,2.74,2.74,-0.50129,0.49782,9.62,17.91,16.65,10.93
2124,35.4,13.0,60.013,-0.244,1.272,-4.85,1.74,6.05,12.401,-0.00795,0.00397,2.11,2.11,-0.5018,0.50012,12.78,12.05,11.91,12.87
2125,35.4167,13.0,60.042,-0.239,1.2753,-4.72,1.75,6.07,12.853,-0.00627,0.00318,1.66,1.66,-0.5,0.5,12.91,12.86,12.81,12.82
2126,35.4333,13.0,60.071,-0.234,1.2759,-4.57,1.6,6.08,12.93,-0.00595,0.00314,1.56,1.56,-0.49968,0.5,12.93,12.9,12.94,12.95
2127,35.45,13.0,60.1,-0.229,1.2739,-4.46,1.32,6.07,12.185,-0.00466,0.00652,0.94,0.0,-0.4988,0.50041,12.72,12.67,12.79,10.56
2128,35.4667,13.0,60.129,-0.224,1.2722,-4.51,1.55,6.06,10.831,-0.00676,0.00462,1.71,1.71,-0.5001,0.49961,12.95,11.24,7.95,11.19
2129,35.4833,13.0,60.159,-0.22,1.2717,-4.85,1.6,6.19,9.661,-0.00623,0.00384,1.6,1.6,-0.49981,0.49985,12.85,0.1,12.87,12.82
2130,35.5,13.0,60.188,-0.215,1.2724,-4.72,1.71,6.08,13.935,-0.00638,0.00684,1.44,1.44,-0.50023,0.50012,13.08,16.12,13.31,13.23
2131,35.5167,13.0,60.218,-0.21,1.2735,-4.35,1.43,6.03,12.858,-0.00666,0.00735,1.48,1.48,-0.4996,0.49921,12.82,12.76,12.95,12.9
2132,35.5333,13.0,60.247,-0.205,1.2728,-4.0,1.3,6.09,12.621,-0.00767,0.00503,1.95,1.95,-0.49958,0.49817,12.93,12.23,12.09,13.23
2133,35.55,13.0,60.277,-0.201,1.2725,-4.12,1.57,6.14,12.73,-0.00601,0.00436,1.5,1.5,-0.49865,0.49891,12.93,12.9,13.0,12.09
2134,35.5667,13.0,60.307,-0.197,1.2705,-4.53,1.84,6.17,11.43,-0.00509,0.00339,1.29,1.29,-0.49941,0.50059,8.69,12.89,12.87,11.27
2135,35.5833,13.0,60.338,-0.192,1.2696,-4.66,2.02,6.11,13.285,-0.0085,0.0012,2.47,2.47,-0.50103,0.4988,12.96,13.8,13.19,13.19
2136,35.6,13.0,60.368,-0.188,1.2669,-4.78,2.25,6.18,12.023,-0.00816,-0.00093,2.51,2.51,-0.5002,0.49831,12.76,13.22,12.8,9.31
2137,35.6167,13.0,60.398,-0.183,1.2636,-4.62,2.75,6.26,12.731,-0.00944,-0.00396,3.11,3.11,-0.50047,0.4973,12.95,12.08,12.91,12.98
2138,35.6333,13.0,60.428,-0.179,1.2595,-4.37,3.29,6.38,12.307,-0.00647,-0.00329,2.17,2.17,-0.49964,0.49944,12.53,12.28,12.38,12.05
2139,35.65,13.0,60.459,-0.175,1.2543,-4.38,3.85,6.47,12.249,-0.00573,-0.0009,1.78,1.78,-0.50037,0.50091,12.64,13.87,12.31,10.18
2140,35.6667,13.0,60.49,-0.17,1.2489,-4.59,4.49,6.46,11.786,-0.00557,-0.00034,1.69,1.69,-0.49988,0.50058,12.23,12.27,12.41,10.24
2141,35.6833,13.0,60.521,-0.165,1.243,-4.54,5.31,6.5,11.515,-0.00663,-0.00188,2.12,2.12,-0.49965,0.49928,12.62,10.77,12.64,10.02
2142,35.7,13.0,60.553,-0.16,1.2379,-4.49,5.79,6.54,12.036,-0.00707,-0.00019,2.13,2.13,-0.50169,0.50089,11.26,10.83,12.34,13.71
2143,35.7167,13.0,60.585,-0.156,1.241,-4.34,5.71,6.3,12.573,-0.00487,0.00321,1.24,0.0,-0.49829,0.49968,12.61,12.44,12.35,12.9
2144,35.7333,13.0,60.616,-0.153,1.2429,-4.37,5.75,6.13,12.947,-0.00455,0.00786,0.81,0.0,-0.49828,0.5,12.91,12.96,12.97,12.95
2145,35.75,13.0,60.647,-0.149,1.2422,-4.37,5.61,5.98,12.937,-0.00468,0.00876,0.79,0.0,-0.49841,0.5,12.96,12.96,12.92,12.91
2146,35.7667,13.0,60.679,-0.146,1.2388,-4.34,5.31,5.86,12.949,-0.00478,0.00868,0.83,0.0,-0.49851,0.5,12.96,12.96,12.94,12.93
2147,35.7833,13.0,60.71,-0.143,1.2355,-3.91,5.38,5.77,13.24,-0.00862,0.00451,2.27,2.27,-0.50233,0.49999,13.04,14.32,12.79,12.81
2148,35.8,13.0,60.741,-0.14,1.2341,-3.88,4.8,5.51,12.862,-0.00628,0.00433,1.58,1.58,-0.50001,0.5,12.78,12.68,13.22,12.77
2149,35.8167,13.0,60.772,-0.138,1.2305,-3.78,4.11,5.35,12.696,-0.00619,0.00472,1.53,1.53,-0.49992,0.5,12.56,12.74,12.76,12.72
2150,35.8333,13.0,60.801,-0.136,1.2268,-4.39,4.2,5.1,12.818,-0.00342,0.00564,0.63,0.0,-0.49664,0.49949,12.75,12.89,13.01,12.62
2151,35.85,13.0,60.831,-0.133,1.2263,-4.75,4.15,4.86,12.498,-0.00711,0.00233,1.97,1.97,-0.50071,0.49987,12.81,12.65,12.35,12.19
2152,35.8667,13.0,60.859,-0.131,1.2259,-4.86,4.4,4.6,12.515,-0.00646,0.00022,1.92,1.92,-0.50019,0.5,12.58,11.75,12.76,12.97
2153,35.8833,13.0,60.888,-0.129,1.2239,-4.79,4.67,4.42,12.807,-0.00599,-0.00105,1.87,1.87,-0.49972,0.5,12.84,12.72,12.81,12.85
2154,35.9,13.0,60.917,-0.127,1.2201,-4.64,4.99,4.29,12.322,-0.00974,-0.00209,3.07,3.07,-0.50018,0.49671,12.9,11.37,13.34,11.67
2155,35.9167,13.0,60.947,-0.125,1.216,-4.6,5.45,4.29,11.786,-0.00601,-0.00155,1.91,1.91,-0.49927,0.49954,12.67,9.7,12.65,12.13
2156,35.9333,13.0,60.977,-0.123,1.2113,-4.61,6.1,4.26,12.357,-0.0059,-0.00107,1.85,1.85,-0.49968,0.50004,12.8,13.21,12.87,10.54
2157,35.95,13.0,61.008,-0.121,1.206,-4.64,6.75,4.13,12.174,-0.00176,0.00077,0.47,0.0,-0.49483,0.49934,11.99,11.96,12.4,12.35
2158,35.9667,13.0,61.038,-0.119,1.2002,-4.57,7.54,4.05,11.74,-0.00387,0.004,0.88,0.0,-0.49601,0.49841,12.43,12.17,12.26,10.09
2159,35.9833,13.0,61.069,-0.116,1.1935,-4.48,8.31,3.91,12.957,-0.00439,0.00566,0.92,0.0,-0.49517,0.49706,12.21,14.26,12.73,12.63
2160,36.0,13.0,61.101,-0.114,1.1861,-4.64,9.21,3.85,12.394,-0.00427,0.00674,0.81,0.0,-0.49828,0.50028,12.46,13.41,12.56,11.15
2161,36.0167,13.0,61.132,-0.112,1.1863,-4.44,9.2,3.99,9.638,-0.01158,0.00405,3.19,3.0,-0.49768,0.49237,7.19,14.44,11.48,5.44
2162,36.0333,13.0,61.162,-0.111,1.1886,-4.0,9.17,4.06,13.001,-0.01284,-0.00346,4.09,4.09,-0.49662,0.49005,12.64,12.61,12.47,14.29
2163,36.05,13.0,61.191,-0.109,1.1888,-3.88,9.16,4.14,12.865,-0.01287,-0.01022,4.58,4.58,-0.49627,0.48966,12.83,12.85,12.9,12.88
2164,36.0667,13.0,61.221,-0.108,1.1864,-3.83,8.98,4.22,12.812,-0.01346,-0.02103,5.51,5.51,-0.49613,0.48894,12.79,12.81,12.82,12.83
2165,36.0833,13.0,61.251,-0.107,1.1812,-3.83,8.63,4.3,12.755,-0.01396,-0.02888,6.21,6.21,-0.49602,0.48833,12.73,12.76,12.76,12.77
