f,t,cmd_vel,x,y,z,roll,pitch,yaw,wheel_mean,e,edot_f,tau_pd_raw,tau,qL,qR,wvFL,wvRL,wvFR,wvRR
0,0.0,0.5,19.967,-0.0,0.4468,0.06,-1.15,-0.0,-0.033,0.0,0.0,-0.0,0.0,0.0,0.0,-0.03,-0.03,-0.04,-0.02
1,0.0167,0.507,19.968,-0.001,0.4468,0.07,-1.15,-0.0,0.206,0.0,0.0,-0.0,0.0,0.0,0.0,0.17,0.22,0.32,0.11
2,0.0333,0.514,19.968,-0.001,0.4468,0.09,-1.16,-0.0,0.279,0.0,0.0,-0.0,0.0,0.0,0.0,0.29,0.3,0.23,0.29
3,0.05,0.522,19.969,-0.001,0.447,0.09,-1.15,-0.0,0.465,0.0,0.0,-0.0,0.0,0.0,0.0,0.62,0.4,0.39,0.45
4,0.0667,0.529,19.97,-0.001,0.4471,0.09,-1.15,-0.0,0.338,0.0,0.0,-0.0,0.0,0.0,0.0,0.41,0.49,0.42,0.02
5,0.0833,0.536,19.971,-0.001,0.4472,0.09,-1.15,-0.0,0.449,0.0,0.0,-0.0,0.0,0.0,0.0,0.45,0.51,0.46,0.37
6,0.1,0.543,19.972,-0.001,0.4474,0.08,-1.15,-0.0,0.418,0.0,0.0,-0.0,0.0,0.0,0.0,0.34,0.48,0.46,0.39
7,0.1167,0.551,19.973,-0.001,0.4475,0.08,-1.15,-0.0,0.442,0.0,0.0,-0.0,0.0,0.0,0.0,0.34,0.48,0.51,0.44
8,0.1333,0.558,19.974,-0.001,0.4477,0.08,-1.15,-0.0,0.459,0.0,0.0,-0.0,0.0,0.0,0.0,0.46,0.47,0.46,0.45
9,0.15,0.565,19.975,-0.001,0.4478,0.08,-1.15,-0.0,0.459,0.0,0.0,-0.0,0.0,0.0,0.0,0.47,0.46,0.45,0.46
10,0.1667,0.572,19.976,-0.001,0.4479,0.08,-1.15,-0.0,0.446,0.0,0.0,-0.0,0.0,0.0,0.0,0.41,0.46,0.44,0.48
11,0.1833,0.579,19.977,-0.001,0.448,0.08,-1.15,-0.0,0.468,0.0,0.0,-0.0,0.0,0.0,0.0,0.48,0.47,0.44,0.48
12,0.2,0.587,19.978,-0.001,0.4482,0.07,-1.15,-0.0,0.489,0.0,0.0,-0.0,0.0,0.0,0.0,0.49,0.59,0.4,0.47
13,0.2167,0.594,19.979,-0.001,0.4483,0.07,-1.15,-0.0,0.519,0.0,0.0,-0.0,0.0,0.0,0.0,0.52,0.49,0.53,0.54
14,0.2333,0.601,19.98,-0.0,0.4484,0.07,-1.15,-0.0,0.54,0.0,0.0,-0.0,0.0,0.0,0.0,0.49,0.51,0.67,0.5
15,0.25,0.608,19.981,-0.0,0.4485,0.07,-1.15,-0.0,0.521,0.0,0.0,-0.0,0.0,0.0,0.0,0.55,0.53,0.51,0.49
16,0.2667,0.616,19.982,-0.0,0.4486,0.06,-1.15,-0.0,0.508,0.0,0.0,-0.0,0.0,0.0,0.0,0.44,0.57,0.5,0.52
17,0.2833,0.623,19.983,-0.0,0.4487,0.06,-1.15,-0.0,0.614,0.0,0.0,-0.0,0.0,0.0,0.0,0.53,0.89,0.51,0.53
18,0.3,0.63,19.985,-0.0,0.4488,0.06,-1.15,-0.0,0.545,0.0,0.0,-0.0,0.0,0.0,0.0,0.55,0.55,0.55,0.53
19,0.3167,0.637,19.986,-0.0,0.4489,0.06,-1.15,-0.0,0.576,0.0,0.0,-0.0,0.0,0.0,0.0,0.6,0.56,0.58,0.56
20,0.3333,0.644,19.987,-0.0,0.4489,0.05,-1.15,-0.0,0.465,0.0,0.0,-0.0,0.0,0.0,0.0,0.6,0.2,0.46,0.61
21,0.35,0.652,19.989,-0.0,0.449,0.05,-1.15,-0.0,0.341,0.0,0.0,-0.0,0.0,0.0,0.0,0.73,-0.54,0.56,0.61
22,0.3667,0.659,19.99,-0.0,0.449,0.05,-1.15,-0.0,0.61,0.0,0.0,-0.0,0.0,0.0,0.0,0.61,0.61,0.55,0.66
23,0.3833,0.666,19.991,-0.0,0.4491,0.04,-1.15,-0.0,0.676,0.0,0.0,-0.0,0.0,0.0,0.0,0.68,0.77,0.66,0.59
24,0.4,0.673,19.993,-0.0,0.4491,0.04,-1.15,-0.0,0.621,0.0,0.0,-0.0,0.0,0.0,0.0,0.62,0.59,0.65,0.63
25,0.4167,0.681,19.994,-0.0,0.4491,0.04,-1.15,-0.0,0.643,0.0,0.0,-0.0,0.0,0.0,0.0,0.76,0.5,0.68,0.64
26,0.4333,0.688,19.996,-0.0,0.4491,0.03,-1.15,-0.0,0.574,0.0,0.0,-0.0,0.0,0.0,0.0,0.57,0.38,0.68,0.67
27,0.45,0.695,19.997,-0.0,0.449,0.03,-1.15,-0.0,0.681,0.0,0.0,-0.0,0.0,0.0,0.0,0.67,0.75,0.65,0.65
28,0.4667,0.702,19.999,-0.0,0.449,0.03,-1.15,-0.0,0.652,0.0,0.0,-0.0,0.0,0.0,0.0,0.69,0.55,0.68,0.69
29,0.4833,0.709,20.001,-0.0,0.449,0.03,-1.15,-0.0,0.673,0.0,0.0,-0.0,0.0,0.0,0.0,0.56,0.82,0.66,0.65
30,0.5,0.717,20.002,-0.0,0.4489,0.04,-1.15,-0.0,0.681,0.0,0.0,-0.0,0.0,0.0,0.0,0.6,0.71,0.69,0.72
31,0.5167,0.724,20.004,-0.0,0.4488,0.04,-1.16,-0.0,0.737,0.0,0.0,-0.0,0.0,0.0,0.0,0.72,0.83,0.69,0.7
32,0.5333,0.731,20.006,-0.0,0.4487,0.04,-1.15,-0.0,0.698,0.0,0.0,-0.0,0.0,0.0,0.0,0.7,0.76,0.68,0.65
33,0.55,0.738,20.008,-0.0,0.4488,0.03,-1.14,-0.0,0.705,0.0,0.0,-0.0,0.0,0.0,0.0,0.69,0.73,0.69,0.7
34,0.5667,0.746,20.009,-0.0,0.4488,0.02,-1.14,-0.0,0.696,0.0,0.0,-0.0,0.0,0.0,0.0,0.7,0.67,0.69,0.71
35,0.5833,0.753,20.011,0.0,0.4488,0.0,-1.14,-0.0,0.745,0.0,0.0,-0.0,0.0,0.0,0.0,0.75,0.81,0.71,0.72
36,0.6,0.76,20.013,0.0,0.4487,-0.02,-1.14,-0.0,0.747,0.0,0.0,-0.0,0.0,0.0,0.0,0.74,0.79,0.74,0.72
37,0.6167,0.767,20.014,0.0,0.4487,-0.03,-1.14,-0.0,0.756,0.0,0.0,-0.0,0.0,0.0,0.0,0.72,0.81,0.74,0.74
38,0.6333,0.774,20.016,0.0,0.4486,-0.05,-1.13,-0.0,0.718,0.0,0.0,-0.0,0.0,0.0,0.0,0.74,0.63,0.74,0.76
39,0.65,0.782,20.018,0.001,0.4485,-0.07,-1.13,-0.0,0.779,0.0,0.0,-0.0,0.0,0.0,0.0,0.8,0.74,0.79,0.79
40,0.6667,0.789,20.02,0.001,0.4484,-0.09,-1.13,-0.0,0.814,0.0,0.0,-0.0,0.0,0.0,0.0,0.81,0.87,0.78,0.79
41,0.6833,0.796,20.022,0.001,0.4482,-0.11,-1.13,-0.0,0.773,0.0,0.0,-0.0,0.0,0.0,0.0,0.83,0.82,0.65,0.8
42,0.7,0.803,20.024,0.001,0.4482,-0.11,-1.14,-0.0,0.658,0.0,0.0,-0.0,0.0,0.0,0.0,0.67,0.67,0.61,0.69
43,0.7167,0.811,20.026,0.001,0.4483,-0.07,-1.13,-0.0,0.754,0.0,0.0,-0.0,0.0,0.0,0.0,0.74,0.73,0.8,0.74
44,0.7333,0.818,20.027,0.0,0.4483,-0.03,-1.12,-0.0,0.772,0.0,0.0,-0.0,0.0,0.0,0.0,0.77,0.79,0.76,0.77
45,0.75,0.825,20.029,0.0,0.4484,0.01,-1.12,-0.0,0.747,0.0,0.0,-0.0,0.0,0.0,0.0,0.68,0.76,0.78,0.77
46,0.7667,0.832,20.031,-0.0,0.4484,0.05,-1.12,-0.0,0.821,0.0,0.0,-0.0,0.0,0.0,0.0,0.81,0.84,0.82,0.82
47,0.7833,0.839,20.033,-0.0,0.4485,0.06,-1.14,-0.0,0.815,0.0,0.0,-0.0,0.0,0.0,0.0,0.84,0.79,0.8,0.83
48,0.8,0.847,20.035,-0.0,0.4486,0.06,-1.15,-0.0,0.781,0.0,0.0,-0.0,0.0,0.0,0.0,0.89,0.76,0.74,0.73
49,0.8167,0.854,20.036,-0.0,0.4488,0.07,-1.15,-0.01,0.748,0.0,0.0,-0.0,0.0,0.0,0.0,0.75,0.76,0.74,0.75
50,0.8333,0.861,20.038,-0.0,0.449,0.06,-1.15,-0.0,0.784,0.0,0.0,-0.0,0.0,0.0,0.0,0.81,0.75,0.79,0.79
51,0.85,0.868,20.04,-0.0,0.4491,0.07,-1.15,-0.0,0.77,0.0,0.0,-0.0,0.0,0.0,0.0,0.78,0.81,0.74,0.75
52,0.8667,0.876,20.042,-0.0,0.4493,0.07,-1.15,-0.0,0.771,0.0,0.0,-0.0,0.0,0.0,0.0,0.87,0.62,0.79,0.8
53,0.8833,0.883,20.044,-0.0,0.4494,0.07,-1.15,-0.0,0.799,0.0,0.0,-0.0,0.0,0.0,0.0,0.74,0.84,0.82,0.81
54,0.9,0.89,20.046,-0.0,0.4494,0.07,-1.15,-0.0,0.775,0.0,0.0,-0.0,0.0,0.0,0.0,0.83,0.6,0.84,0.83
55,0.9167,0.897,20.048,-0.0,0.4495,0.07,-1.15,-0.0,0.856,0.0,0.0,-0.0,0.0,0.0,0.0,0.91,0.8,0.86,0.86
56,0.9333,0.904,20.05,-0.0,0.4495,0.07,-1.15,-0.0,0.718,0.0,0.0,-0.0,0.0,0.0,0.0,0.87,0.25,0.87,0.87
57,0.95,0.912,20.052,-0.0,0.4495,0.07,-1.15,-0.0,0.886,0.0,0.0,-0.0,0.0,0.0,0.0,0.91,0.86,0.9,0.88
58,0.9667,0.919,20.054,-0.0,0.4495,0.07,-1.15,-0.0,0.871,0.0,0.0,-0.0,0.0,0.0,0.0,0.78,0.86,0.95,0.89
59,0.9833,0.926,20.056,-0.0,0.4494,0.07,-1.15,-0.0,0.755,0.0,0.0,-0.0,0.0,0.0,0.0,0.89,0.33,0.9,0.89
60,1.0,0.933,20.058,-0.0,0.4494,0.07,-1.15,-0.0,0.921,0.0,0.0,-0.0,0.0,0.0,0.0,0.76,1.14,0.86,0.92
61,1.0167,0.941,20.06,-0.0,0.4493,0.07,-1.15,-0.0,0.93,0.0,0.0,-0.0,0.0,0.0,0.0,0.93,0.95,0.96,0.88
62,1.0333,0.948,20.062,-0.0,0.4491,0.06,-1.16,-0.0,1.036,0.0,0.0,-0.0,0.0,0.0,0.0,1.3,0.97,0.96,0.91
63,1.05,0.955,20.065,-0.0,0.449,0.05,-1.16,-0.0,0.938,0.0,0.0,-0.0,0.0,0.0,0.0,0.94,1.07,0.82,0.91
64,1.0667,0.962,20.067,-0.0,0.4487,0.05,-1.16,-0.0,0.966,0.0,0.0,-0.0,0.0,0.0,0.0,0.97,1.0,0.91,0.98
65,1.0833,0.969,20.069,-0.0,0.4485,0.04,-1.16,-0.0,1.024,0.0,0.0,-0.0,0.0,0.0,0.0,1.15,1.03,0.9,1.01
66,1.1,0.977,20.072,-0.0,0.4482,0.03,-1.16,-0.0,1.075,0.0,0.0,-0.0,0.0,0.0,0.0,1.02,1.2,1.06,1.01
67,1.1167,0.984,20.074,-0.0,0.4478,0.03,-1.16,-0.0,1.032,0.0,0.0,-0.0,0.0,0.0,0.0,1.03,1.01,1.01,1.08
68,1.1333,0.991,20.077,-0.0,0.4474,0.03,-1.16,-0.0,1.051,0.0,0.0,-0.0,0.0,0.0,0.0,1.06,1.06,1.01,1.07
69,1.15,0.998,20.08,-0.0,0.4471,0.09,-1.14,-0.0,1.039,0.0,0.0,-0.0,0.0,0.0,0.0,1.13,0.96,1.05,1.02
70,1.1667,1.006,20.082,-0.001,0.4474,0.13,-1.16,0.0,0.859,0.0,0.0,-0.0,0.0,0.0,0.0,0.83,1.06,0.9,0.65
71,1.1833,1.013,20.084,-0.001,0.4477,0.13,-1.16,0.0,0.87,0.0,0.0,-0.0,0.0,0.0,0.0,0.95,0.77,0.82,0.93
72,1.2,1.02,20.086,-0.001,0.448,0.12,-1.15,0.0,0.904,0.0,0.0,-0.0,0.0,0.0,0.0,1.11,0.88,0.91,0.71
73,1.2167,1.027,20.088,-0.001,0.4482,0.12,-1.15,0.0,0.947,0.0,0.0,-0.0,0.0,0.0,0.0,1.04,0.93,0.92,0.89
74,1.2333,1.034,20.09,-0.001,0.4485,0.11,-1.15,0.0,0.991,0.0,0.0,-0.0,0.0,0.0,0.0,1.15,0.95,0.96,0.9
75,1.25,1.042,20.092,-0.001,0.4487,0.11,-1.15,0.0,0.942,0.0,0.0,-0.0,0.0,0.0,0.0,0.95,0.93,0.94,0.95
76,1.2667,1.049,20.094,-0.001,0.4489,0.1,-1.15,0.0,0.988,0.0,0.0,-0.0,0.0,0.0,0.0,0.94,0.99,1.07,0.94
77,1.2833,1.056,20.096,-0.001,0.4491,0.1,-1.15,0.0,0.969,0.0,0.0,-0.0,0.0,0.0,0.0,0.96,1.03,0.95,0.93
78,1.3,1.063,20.098,-0.0,0.4493,0.09,-1.15,0.0,1.011,0.0,0.0,-0.0,0.0,0.0,0.0,1.11,0.96,1.02,0.96
79,1.3167,1.071,20.101,-0.0,0.4494,0.09,-1.15,0.0,1.023,0.0,0.0,-0.0,0.0,0.0,0.0,0.99,1.18,0.98,0.94
80,1.3333,1.078,20.103,-0.0,0.4494,0.08,-1.15,0.0,1.004,0.0,0.0,-0.0,0.0,0.0,0.0,1.0,1.05,1.01,0.96
81,1.35,1.085,20.105,-0.0,0.4495,0.08,-1.15,0.0,1.198,0.0,0.0,-0.0,0.0,0.0,0.0,1.04,1.65,1.08,1.02
82,1.3667,1.092,20.108,-0.0,0.4495,0.07,-1.15,0.0,0.831,0.0,0.0,-0.0,0.0,0.0,0.0,0.98,1.06,1.05,0.23
83,1.3833,1.099,20.11,-0.0,0.4494,0.07,-1.15,0.0,1.07,0.0,0.0,-0.0,0.0,0.0,0.0,1.04,1.21,0.98,1.05
84,1.4,1.107,20.113,-0.0,0.4494,0.06,-1.15,0.0,1.035,0.0,0.0,-0.0,0.0,0.0,0.0,1.06,0.96,1.03,1.09
85,1.4167,1.114,20.115,-0.0,0.4493,0.06,-1.15,0.0,0.951,0.0,0.0,-0.0,0.0,0.0,0.0,0.58,1.14,1.05,1.04
86,1.4333,1.121,20.118,-0.0,0.4491,0.06,-1.16,0.0,1.026,0.0,0.0,-0.0,0.0,0.0,0.0,1.02,1.06,0.97,1.06
87,1.45,1.128,20.121,-0.0,0.449,0.06,-1.16,-0.0,1.133,0.0,0.0,-0.0,0.0,0.0,0.0,1.11,1.2,1.09,1.12
88,1.4667,1.136,20.123,-0.0,0.4487,0.06,-1.16,-0.0,1.161,0.0,0.0,-0.0,0.0,0.0,0.0,1.11,1.3,1.08,1.14
89,1.4833,1.143,20.126,-0.0,0.4484,0.06,-1.16,-0.0,1.161,0.0,0.0,-0.0,0.0,0.0,0.0,1.19,1.12,1.15,1.19
90,1.5,1.15,20.129,-0.0,0.448,0.06,-1.16,-0.0,1.212,0.0,0.0,-0.0,0.0,0.0,0.0,1.31,1.19,1.16,1.19
91,1.5167,1.157,20.132,-0.0,0.4476,0.06,-1.16,-0.0,1.22,0.0,0.0,-0.0,0.0,0.0,0.0,1.24,1.2,1.21,1.23
92,1.5333,1.164,20.135,-0.0,0.4471,0.06,-1.16,-0.0,1.185,0.0,0.0,-0.0,0.0,0.0,0.0,1.2,1.13,1.23,1.18
93,1.55,1.172,20.138,-0.0,0.4474,0.05,-1.15,-0.0,1.044,0.0,0.0,-0.0,0.0,0.0,0.0,1.05,1.12,1.0,1.0
94,1.5667,1.179,20.14,-0.0,0.4478,0.05,-1.14,-0.0,1.071,0.0,0.0,-0.0,0.0,0.0,0.0,1.08,1.04,1.08,1.08
95,1.5833,1.186,20.142,-0.0,0.4481,0.06,-1.15,-0.0,1.074,0.0,0.0,-0.0,0.0,0.0,0.0,1.09,1.08,1.06,1.06
96,1.6,1.193,20.145,-0.0,0.4484,0.07,-1.15,-0.0,1.108,0.0,0.0,-0.0,0.0,0.0,0.0,1.15,1.1,1.1,1.08
97,1.6167,1.201,20.147,-0.0,0.4487,0.07,-1.15,-0.0,1.124,0.0,0.0,-0.0,0.0,0.0,0.0,1.16,1.16,1.08,1.1
98,1.6333,1.208,20.15,-0.0,0.449,0.07,-1.15,-0.0,1.1,0.0,0.0,-0.0,0.0,0.0,0.0,1.12,1.1,1.09,1.09
99,1.65,1.215,20.153,-0.0,0.4492,0.07,-1.15,-0.0,1.168,0.0,0.0,-0.0,0.0,0.0,0.0,1.1,1.41,1.09,1.07
100,1.6667,1.222,20.155,-0.0,0.4493,0.07,-1.15,-0.0,1.158,0.0,0.0,-0.0,0.0,0.0,0.0,1.12,1.27,1.13,1.11
101,1.6833,1.229,20.158,-0.0,0.4495,0.07,-1.15,-0.0,1.26,0.0,0.0,-0.0,0.0,0.0,0.0,1.15,1.52,1.24,1.13
102,1.7,1.237,20.16,-0.0,0.4495,0.07,-1.15,-0.0,1.157,0.0,0.0,-0.0,0.0,0.0,0.0,1.14,1.14,1.2,1.13
103,1.7167,1.244,20.163,-0.0,0.4496,0.07,-1.15,-0.0,1.287,0.0,0.0,-0.0,0.0,0.0,0.0,1.17,1.6,1.25,1.13
104,1.7333,1.251,20.166,-0.0,0.4495,0.07,-1.15,-0.0,1.204,0.0,0.0,-0.0,0.0,0.0,0.0,1.17,1.18,1.18,1.28
105,1.75,1.258,20.169,-0.0,0.4494,0.07,-1.15,-0.0,1.064,0.0,0.0,-0.0,0.0,0.0,0.0,1.22,0.96,1.26,0.81
106,1.7667,1.266,20.172,-0.0,0.4493,0.07,-1.16,-0.0,1.103,0.0,0.0,-0.0,0.0,0.0,0.0,0.86,1.24,1.03,1.28
107,1.7833,1.273,20.175,-0.0,0.4491,0.06,-1.16,-0.0,1.281,0.0,0.0,-0.0,0.0,0.0,0.0,1.05,1.47,1.3,1.3
108,1.8,1.28,20.178,-0.0,0.4489,0.05,-1.16,-0.01,1.294,0.0,0.0,-0.0,0.0,0.0,0.0,1.27,1.32,1.31,1.28
109,1.8167,1.287,20.181,0.0,0.4486,0.04,-1.16,-0.01,1.329,0.0,0.0,-0.0,0.0,0.0,0.0,1.33,1.38,1.23,1.38
110,1.8333,1.294,20.184,0.0,0.4481,0.04,-1.15,-0.01,1.326,0.0,0.0,-0.0,0.0,0.0,0.0,1.33,1.3,1.32,1.35
111,1.85,1.302,20.188,-0.0,0.4477,0.07,-1.14,-0.0,0.647,0.0,0.0,-0.0,0.0,0.0,0.0,0.72,-0.0,1.12,0.75
112,1.8667,1.309,20.19,-0.001,0.448,0.2,-1.07,-0.01,0.791,0.0,0.0,-0.0,0.0,0.0,0.0,0.97,0.95,0.37,0.88
113,1.8833,1.316,20.193,-0.001,0.4485,0.22,-1.02,-0.01,1.076,0.0,0.0,-0.0,0.0,0.0,0.0,0.93,1.1,1.23,1.04
114,1.9,1.323,20.195,-0.001,0.449,0.17,-1.02,-0.01,1.175,0.0,0.0,-0.0,0.0,0.0,0.0,0.99,1.41,1.12,1.17
115,1.9167,1.331,20.198,-0.001,0.4495,0.13,-1.02,-0.01,1.126,0.0,0.0,-0.0,0.0,0.0,0.0,1.13,1.01,1.41,0.96
116,1.9333,1.338,20.2,-0.001,0.4499,0.14,-0.98,-0.01,1.141,0.0,0.0,-0.0,0.0,0.0,0.0,1.0,1.11,1.35,1.1
117,1.95,1.345,20.203,-0.001,0.4504,0.14,-0.95,-0.01,0.948,0.0,0.0,-0.0,0.0,0.0,0.0,1.14,1.18,0.3,1.18
118,1.9667,1.352,20.206,-0.001,0.4508,0.14,-0.92,-0.01,1.211,0.0,0.0,-0.0,0.0,0.0,0.0,1.22,1.21,1.17,1.25
119,1.9833,1.359,20.209,-0.001,0.4512,0.14,-0.9,-0.01,1.226,0.0,0.0,-0.0,0.0,0.0,0.0,1.27,1.23,1.17,1.23
120,2.0,1.367,20.212,-0.001,0.4516,0.14,-0.87,-0.01,1.29,0.0,0.0,-0.0,0.0,0.0,0.0,1.45,1.24,1.23,1.24
121,2.0167,1.374,20.215,-0.001,0.4519,0.14,-0.84,-0.01,1.32,0.0,0.0,-0.0,0.0,0.0,0.0,1.49,1.25,1.28,1.26
122,2.0333,1.381,20.218,-0.001,0.4521,0.14,-0.82,-0.01,1.208,0.0,0.0,-0.0,0.0,0.0,0.0,1.17,1.29,1.09,1.29
123,2.05,1.388,20.222,-0.001,0.4523,0.14,-0.79,-0.0,1.306,0.0,0.0,-0.0,0.0,0.0,0.0,1.3,1.3,1.33,1.3
124,2.0667,1.396,20.225,-0.001,0.4524,0.14,-0.76,-0.0,1.32,0.0,0.0,-0.0,0.0,0.0,0.0,1.15,1.29,1.52,1.32
125,2.0833,1.403,20.228,-0.001,0.4524,0.14,-0.73,-0.0,1.793,0.0,0.0,-0.0,0.0,0.0,0.0,1.57,1.37,2.81,1.42
126,2.1,1.41,20.232,-0.001,0.4524,0.14,-0.7,-0.0,1.382,0.0,0.0,-0.0,0.0,0.0,0.0,1.42,1.41,1.35,1.34
127,2.1167,1.417,20.235,-0.001,0.4523,0.14,-0.67,-0.0,1.404,0.0,0.0,-0.0,0.0,0.0,0.0,1.41,1.42,1.41,1.37
128,2.1333,1.424,20.239,-0.001,0.4521,0.14,-0.63,-0.0,1.449,0.0,0.0,-0.0,0.0,0.0,0.0,1.54,1.37,1.45,1.43
129,2.15,1.432,20.243,-0.001,0.4518,0.15,-0.6,-0.0,1.396,0.0,0.0,-0.0,0.0,0.0,0.0,1.42,1.46,1.35,1.35
130,2.1667,1.439,20.246,-0.001,0.452,0.2,-0.59,-0.0,1.425,0.0,0.0,-0.0,0.0,0.0,0.0,1.26,1.35,1.61,1.48
131,2.1833,1.446,20.249,-0.001,0.4525,0.18,-0.59,-0.0,1.348,0.0,0.0,-0.0,0.0,0.0,0.0,1.35,1.29,1.33,1.42
132,2.2,1.453,20.252,-0.001,0.4528,0.17,-0.59,-0.0,1.356,0.0,0.0,-0.0,0.0,0.0,0.0,1.38,1.33,1.3,1.41
133,2.2167,1.461,20.256,-0.001,0.4531,0.16,-0.6,-0.0,1.368,0.0,0.0,-0.0,0.0,0.0,0.0,1.35,1.34,1.33,1.45
134,2.2333,1.468,20.259,-0.001,0.4534,0.14,-0.6,-0.01,1.38,0.0,0.0,-0.0,0.0,0.0,0.0,1.38,1.36,1.34,1.44
135,2.25,1.475,20.262,-0.0,0.4535,0.13,-0.6,-0.01,1.407,0.0,0.0,-0.0,0.0,0.0,0.0,1.39,1.4,1.36,1.48
136,2.2667,1.482,20.265,-0.0,0.4536,0.11,-0.6,-0.01,1.459,0.0,0.0,-0.0,0.0,0.0,0.0,1.45,1.42,1.38,1.59
137,2.2833,1.489,20.269,-0.0,0.4536,0.09,-0.6,-0.01,1.468,0.0,0.0,-0.0,0.0,0.0,0.0,1.38,1.68,1.3,1.5
138,2.3,1.497,20.272,-0.0,0.4536,0.07,-0.6,-0.0,1.378,0.0,0.0,-0.0,0.0,0.0,0.0,1.43,1.38,1.42,1.27
139,2.3167,1.504,20.275,-0.0,0.4537,0.07,-0.6,-0.0,1.44,0.0,0.0,-0.0,0.0,0.0,0.0,1.43,1.41,1.49,1.43
140,2.3333,1.511,20.279,-0.0,0.4537,0.07,-0.6,-0.0,1.86,0.0,0.0,-0.0,0.0,0.0,0.0,2.69,1.66,1.69,1.4
141,2.35,1.518,20.282,-0.0,0.4536,0.07,-0.6,-0.01,1.455,0.0,0.0,-0.0,0.0,0.0,0.0,1.44,1.51,1.41,1.47
142,2.3667,1.526,20.286,-0.0,0.4535,0.08,-0.59,-0.01,1.472,0.0,0.0,-0.0,0.0,0.0,0.0,1.45,1.44,1.53,1.47
143,2.3833,1.533,20.29,-0.0,0.4532,0.1,-0.58,-0.01,1.539,0.0,0.0,-0.0,0.0,0.0,0.0,1.51,1.54,1.6,1.5
144,2.4,1.54,20.293,-0.0,0.4529,0.1,-0.57,-0.01,1.549,0.0,0.0,-0.0,0.0,0.0,0.0,1.5,1.48,1.63,1.59
145,2.4167,1.547,20.297,-0.0,0.4525,0.11,-0.56,-0.01,1.651,0.0,0.0,-0.0,0.0,0.0,0.0,1.71,1.57,1.7,1.63
146,2.4333,1.554,20.301,-0.0,0.452,0.11,-0.56,-0.01,1.455,0.0,0.0,-0.0,0.0,0.0,0.0,1.43,1.41,1.46,1.51
147,2.45,1.562,20.305,-0.001,0.4521,0.18,-0.6,-0.01,1.424,0.0,0.0,-0.0,0.0,0.0,0.0,1.04,1.44,1.41,1.82
148,2.4667,1.569,20.307,-0.001,0.4528,0.16,-0.63,-0.01,1.434,0.0,0.0,-0.0,0.0,0.0,0.0,1.44,1.31,1.41,1.58
149,2.4833,1.576,20.31,-0.001,0.4535,0.15,-0.68,-0.01,1.452,0.0,0.0,-0.0,0.0,0.0,0.0,1.48,1.37,1.39,1.57
150,2.5,1.583,20.313,-0.001,0.4541,0.15,-0.73,-0.01,1.483,0.0,0.0,-0.0,0.0,0.0,0.0,1.51,1.39,1.46,1.57
151,2.5167,1.591,20.316,-0.001,0.4546,0.15,-0.77,-0.01,1.396,0.0,0.0,-0.0,0.0,0.0,0.0,1.35,1.38,1.43,1.42
152,2.5333,1.598,20.319,-0.0,0.4551,0.12,-0.81,-0.01,1.519,0.0,0.0,-0.0,0.0,0.0,0.0,1.5,1.47,1.51,1.6
153,2.55,1.605,20.322,-0.0,0.4556,0.1,-0.85,-0.01,1.467,0.0,0.0,-0.0,0.0,0.0,0.0,1.5,1.29,1.54,1.54
154,2.5667,1.612,20.325,-0.0,0.4559,0.08,-0.9,-0.01,1.549,0.0,0.0,-0.0,0.0,0.0,0.0,1.52,1.59,1.59,1.49
155,2.5833,1.619,20.328,-0.0,0.4563,0.07,-0.95,-0.01,1.362,0.0,0.0,-0.0,0.0,0.0,0.0,1.33,1.34,1.41,1.36
156,2.6,1.627,20.332,-0.0,0.4566,0.07,-0.98,-0.01,1.453,0.0,0.0,-0.0,0.0,0.0,0.0,1.55,1.38,1.44,1.44
157,2.6167,1.634,20.335,-0.0,0.4569,0.07,-1.02,-0.02,1.537,0.0,0.0,-0.0,0.0,0.0,0.0,1.55,1.57,1.5,1.52
158,2.6333,1.641,20.338,-0.0,0.457,0.08,-1.05,-0.02,1.598,0.0,0.0,-0.0,0.0,0.0,0.0,1.57,1.76,1.52,1.55
159,2.65,1.648,20.342,-0.0,0.4571,0.08,-1.09,-0.02,1.574,0.0,0.0,-0.0,0.0,0.0,0.0,1.59,1.53,1.59,1.59
160,2.6667,1.656,20.345,-0.0,0.4571,0.08,-1.13,-0.02,1.646,0.0,0.0,-0.0,0.0,0.0,0.0,1.62,1.74,1.62,1.61
161,2.6833,1.663,20.349,-0.0,0.4569,0.08,-1.17,-0.02,1.649,0.0,0.0,-0.0,0.0,0.0,0.0,1.64,1.67,1.65,1.64
162,2.7,1.67,20.353,-0.0,0.4567,0.09,-1.21,-0.02,1.644,0.0,0.0,-0.0,0.0,0.0,0.0,1.66,1.59,1.68,1.65
163,2.7167,1.677,20.357,-0.0,0.4563,0.09,-1.25,-0.02,1.671,0.0,0.0,-0.0,0.0,0.0,0.0,1.69,1.61,1.67,1.72
164,2.7333,1.684,20.36,0.0,0.4567,0.05,-1.26,-0.02,1.392,0.0,0.0,-0.0,0.0,0.0,0.0,1.13,2.14,1.45,0.85
165,2.75,1.692,20.364,-0.0,0.4572,0.06,-1.27,-0.01,1.492,0.0,0.0,-0.0,0.0,0.0,0.0,1.46,1.42,1.48,1.61
166,2.7667,1.699,20.367,0.0,0.4577,0.06,-1.26,-0.01,1.645,0.0,0.0,-0.0,0.0,0.0,0.0,1.84,1.56,1.54,1.64
167,2.7833,1.706,20.371,-0.0,0.4581,0.07,-1.25,-0.01,1.594,0.0,0.0,-0.0,0.0,0.0,0.0,1.63,1.61,1.55,1.58
168,2.8,1.713,20.375,-0.0,0.4584,0.07,-1.26,-0.01,1.67,0.0,0.0,-0.0,0.0,0.0,0.0,1.59,1.86,1.57,1.67
169,2.8167,1.721,20.379,-0.0,0.4587,0.08,-1.26,-0.01,1.631,0.0,0.0,-0.0,0.0,0.0,0.0,1.62,1.64,1.66,1.61
170,2.8333,1.728,20.383,-0.0,0.4588,0.08,-1.26,-0.01,1.663,0.0,0.0,-0.0,0.0,0.0,0.0,1.64,1.58,1.77,1.67
171,2.85,1.735,20.386,-0.0,0.4588,0.08,-1.26,-0.01,1.548,0.0,0.0,-0.0,0.0,0.0,0.0,1.67,1.69,1.66,1.17
172,2.8667,1.742,20.391,-0.0,0.4588,0.09,-1.26,-0.01,1.724,0.0,0.0,-0.0,0.0,0.0,0.0,1.71,1.64,1.84,1.71
173,2.8833,1.749,20.395,-0.0,0.4586,0.09,-1.26,-0.01,1.727,0.0,0.0,-0.0,0.0,0.0,0.0,1.49,1.75,1.91,1.76
174,2.9,1.757,20.399,-0.0,0.4584,0.08,-1.27,-0.02,1.702,0.0,0.0,-0.0,0.0,0.0,0.0,1.79,1.53,1.72,1.77
175,2.9167,1.764,20.403,0.0,0.458,0.07,-1.28,-0.02,1.941,0.0,0.0,-0.0,0.0,0.0,0.0,1.75,2.43,1.77,1.81
176,2.9333,1.771,20.407,0.0,0.4574,0.06,-1.28,-0.02,1.785,0.0,0.0,-0.0,0.0,0.0,0.0,1.81,1.78,1.73,1.82
177,2.95,1.778,20.412,0.0,0.4567,0.05,-1.28,-0.02,1.806,0.0,0.0,-0.0,0.0,0.0,0.0,1.83,1.84,1.76,1.79
178,2.9667,1.786,20.416,-0.0,0.4561,0.11,-1.25,-0.01,1.999,0.0,0.0,-0.0,0.0,0.0,0.0,2.05,1.78,2.16,2.0
179,2.9833,1.793,20.42,-0.0,0.4568,0.13,-1.27,-0.01,1.55,0.0,0.0,-0.0,0.0,0.0,0.0,1.58,1.54,1.51,1.57
180,3.0,1.8,20.423,-0.0,0.4572,0.11,-1.26,-0.01,1.696,0.0,0.0,-0.0,0.0,0.0,0.0,1.76,1.66,1.65,1.72
181,3.0167,1.807,20.427,-0.0,0.4576,0.1,-1.26,-0.01,1.706,0.0,0.0,-0.0,0.0,0.0,0.0,1.69,1.65,1.66,1.82
182,3.0333,1.814,20.431,-0.0,0.4579,0.1,-1.25,-0.01,1.626,0.0,0.0,-0.0,0.0,0.0,0.0,1.71,0.97,2.17,1.66
183,3.05,1.822,20.436,-0.0,0.4582,0.09,-1.25,-0.01,1.869,0.0,0.0,-0.0,0.0,0.0,0.0,1.79,2.14,1.81,1.73
184,3.0667,1.829,20.44,-0.0,0.4584,0.1,-1.26,-0.01,1.75,0.0,0.0,-0.0,0.0,0.0,0.0,1.69,1.9,1.71,1.7
185,3.0833,1.836,20.444,-0.0,0.4585,0.1,-1.26,-0.01,1.667,0.0,0.0,-0.0,0.0,0.0,0.0,1.81,1.35,1.76,1.75
186,3.1,1.843,20.448,-0.0,0.4585,0.1,-1.26,-0.01,1.783,0.0,0.0,-0.0,0.0,0.0,0.0,1.81,1.79,1.78,1.76
187,3.1167,1.851,20.452,-0.0,0.4583,0.1,-1.27,-0.01,1.925,0.0,0.0,-0.0,0.0,0.0,0.0,2.15,2.13,1.76,1.66
188,3.1333,1.858,20.457,-0.0,0.4583,0.07,-1.25,-0.01,1.824,0.0,0.0,-0.0,0.0,0.0,0.0,1.82,1.86,1.78,1.83
189,3.15,1.865,20.461,0.0,0.4583,0.03,-1.25,-0.01,1.883,0.0,0.0,-0.0,0.0,0.0,0.0,1.9,1.94,1.92,1.77
190,3.1667,1.872,20.466,0.001,0.4581,-0.01,-1.24,-0.01,1.879,0.0,0.0,-0.0,0.0,0.0,0.0,1.91,1.87,1.86,1.87
191,3.1833,1.879,20.47,0.001,0.4577,-0.05,-1.23,-0.01,1.893,0.0,0.0,-0.0,0.0,0.0,0.0,1.86,1.97,1.84,1.9
192,3.2,1.887,20.475,0.001,0.4577,-0.04,-1.25,-0.01,1.649,0.0,0.0,-0.0,0.0,0.0,0.0,1.56,1.67,1.7,1.67
193,3.2167,1.894,20.479,0.0,0.4577,0.04,-1.25,-0.01,1.814,0.0,0.0,-0.0,0.0,0.0,0.0,1.83,1.72,1.89,1.82
194,3.2333,1.901,20.483,-0.0,0.4581,0.08,-1.26,-0.01,1.779,0.0,0.0,-0.0,0.0,0.0,0.0,1.9,1.72,1.73,1.76
195,3.25,1.908,20.487,-0.0,0.4584,0.08,-1.25,-0.01,1.795,0.0,0.0,-0.0,0.0,0.0,0.0,1.78,1.83,1.77,1.8
196,3.2667,1.916,20.492,-0.0,0.4587,0.08,-1.26,-0.01,1.789,0.0,0.0,-0.0,0.0,0.0,0.0,1.81,1.73,1.8,1.81
197,3.2833,1.923,20.496,-0.0,0.4589,0.08,-1.26,-0.01,1.9,0.0,0.0,-0.0,0.0,0.0,0.0,1.91,1.86,1.92,1.9
198,3.3,1.93,20.501,-0.0,0.4589,0.08,-1.26,-0.01,1.768,0.0,0.0,-0.0,0.0,0.0,0.0,1.91,1.35,1.94,1.88
199,3.3167,1.937,20.505,-0.0,0.4587,0.09,-1.26,-0.01,1.87,0.0,0.0,-0.0,0.0,0.0,0.0,1.98,1.71,1.87,1.91
200,3.3333,1.944,20.51,0.0,0.4585,0.07,-1.27,-0.01,1.47,0.0,0.0,-0.0,0.0,0.0,0.0,0.46,2.1,1.45,1.87
201,3.35,1.952,20.515,0.0,0.4581,0.06,-1.27,-0.01,1.954,0.0,0.0,-0.0,0.0,0.0,0.0,1.92,1.95,1.93,2.02
202,3.3667,1.959,20.519,0.0,0.4575,0.05,-1.27,-0.02,1.975,0.0,0.0,-0.0,0.0,0.0,0.0,2.04,1.99,1.94,1.93
203,3.3833,1.966,20.524,0.0,0.4568,0.03,-1.28,-0.02,2.037,0.0,0.0,-0.0,0.0,0.0,0.0,2.0,2.17,1.94,2.03
204,3.4,1.973,20.529,-0.0,0.4566,0.13,-1.26,-0.01,1.525,0.0,0.0,-0.0,0.0,0.0,0.0,0.68,2.02,1.94,1.47
205,3.4167,1.981,20.533,-0.0,0.4573,0.12,-1.25,-0.01,1.896,0.0,0.0,-0.0,0.0,0.0,0.0,2.08,1.79,1.78,1.93
206,3.4333,1.988,20.537,-0.0,0.4578,0.12,-1.26,-0.01,1.875,0.0,0.0,-0.0,0.0,0.0,0.0,1.92,1.84,1.81,1.93
207,3.45,1.995,20.542,-0.0,0.4583,0.11,-1.26,-0.01,1.851,0.0,0.0,-0.0,0.0,0.0,0.0,1.85,1.84,1.85,1.86
208,3.4667,2.002,20.546,-0.0,0.4586,0.1,-1.26,-0.01,1.846,0.0,0.0,-0.0,0.0,0.0,0.0,1.88,1.7,1.96,1.85
209,3.4833,2.009,20.551,-0.0,0.4588,0.09,-1.26,-0.01,2.154,0.0,0.0,-0.0,0.0,0.0,0.0,1.98,2.63,2.04,1.96
210,3.5,2.017,20.555,-0.0,0.4588,0.08,-1.26,-0.01,1.596,0.0,0.0,-0.0,0.0,0.0,0.0,1.15,1.53,2.03,1.68
211,3.5167,2.024,20.56,0.0,0.4587,0.07,-1.27,-0.01,1.948,0.0,0.0,-0.0,0.0,0.0,0.0,1.99,1.78,2.05,1.98
212,3.5333,2.031,20.565,0.0,0.4585,0.07,-1.27,-0.01,1.959,0.0,0.0,-0.0,0.0,0.0,0.0,1.93,2.54,1.97,1.4
213,3.55,2.038,20.569,0.0,0.4581,0.07,-1.27,-0.01,2.004,0.0,0.0,-0.0,0.0,0.0,0.0,2.02,1.87,2.05,2.06
214,3.5667,2.046,20.574,0.0,0.4576,0.07,-1.27,-0.01,1.871,0.0,0.0,-0.0,0.0,0.0,0.0,1.49,1.89,2.07,2.03
215,3.5833,2.053,20.579,0.0,0.4568,0.08,-1.28,-0.01,1.928,0.0,0.0,-0.0,0.0,0.0,0.0,2.08,1.59,2.02,2.03
216,3.6,2.06,20.584,0.0,0.4566,0.05,-1.26,-0.01,1.837,0.0,0.0,-0.0,0.0,0.0,0.0,1.78,2.3,1.87,1.4
217,3.6167,2.067,20.589,0.0,0.4573,0.05,-1.25,-0.01,1.878,0.0,0.0,-0.0,0.0,0.0,0.0,2.01,1.84,1.61,2.05
218,3.6333,2.074,20.593,0.0,0.4579,0.07,-1.25,-0.01,1.943,0.0,0.0,-0.0,0.0,0.0,0.0,2.06,1.91,1.9,1.9
219,3.65,2.082,20.598,0.0,0.4583,0.07,-1.25,-0.01,2.009,0.0,0.0,-0.0,0.0,0.0,0.0,1.94,1.99,2.16,1.95
220,3.6667,2.089,20.602,0.0,0.4587,0.08,-1.26,-0.01,2.113,0.0,0.0,-0.0,0.0,0.0,0.0,1.97,2.42,2.06,2.0
221,3.6833,2.096,20.607,0.0,0.4588,0.08,-1.26,-0.01,1.923,0.0,0.0,-0.0,0.0,0.0,0.0,2.03,2.06,2.09,1.5
222,3.7,2.103,20.612,0.0,0.4589,0.09,-1.26,-0.01,2.376,0.0,0.0,-0.0,0.0,0.0,0.0,3.01,2.29,2.17,2.04
223,3.7167,2.111,20.617,0.0,0.4587,0.09,-1.27,-0.01,2.024,0.0,0.0,-0.0,0.0,0.0,0.0,2.1,1.96,2.18,1.86
224,3.7333,2.118,20.622,0.0,0.4585,0.08,-1.27,-0.01,1.915,0.0,0.0,-0.0,0.0,0.0,0.0,1.57,2.16,1.79,2.14
225,3.75,2.125,20.627,0.0,0.4581,0.07,-1.28,-0.02,2.209,0.0,0.0,-0.0,0.0,0.0,0.0,2.29,2.67,2.19,1.68
226,3.7667,2.132,20.632,0.0,0.4574,0.06,-1.28,-0.02,2.119,0.0,0.0,-0.0,0.0,0.0,0.0,2.12,2.12,2.11,2.11
227,3.7833,2.139,20.637,-0.0,0.4569,0.16,-1.24,-0.02,2.254,0.0,0.0,-0.0,0.0,0.0,0.0,2.31,2.08,2.3,2.32
228,3.8,2.147,20.642,-0.001,0.4572,0.24,-1.27,-0.02,1.952,0.0,0.0,-0.0,0.0,0.0,0.0,1.9,1.86,2.07,1.98
229,3.8167,2.154,20.646,-0.001,0.4578,0.18,-1.26,-0.02,2.003,0.0,0.0,-0.0,0.0,0.0,0.0,2.13,2.03,1.93,1.93
230,3.8333,2.161,20.651,-0.0,0.4582,0.15,-1.26,-0.02,2.033,0.0,0.0,-0.0,0.0,0.0,0.0,2.03,2.03,2.03,2.04
231,3.85,2.168,20.656,-0.0,0.4585,0.11,-1.26,-0.02,2.083,0.0,0.0,-0.0,0.0,0.0,0.0,2.06,2.06,2.14,2.07
232,3.8667,2.176,20.661,0.0,0.4587,0.09,-1.26,-0.02,2.061,0.0,0.0,-0.0,0.0,0.0,0.0,2.1,1.92,2.17,2.05
233,3.8833,2.183,20.666,0.0,0.4588,0.09,-1.26,-0.02,2.154,0.0,0.0,-0.0,0.0,0.0,0.0,2.1,2.14,2.26,2.12
234,3.9,2.19,20.671,0.0,0.4587,0.09,-1.27,-0.02,2.126,0.0,0.0,-0.0,0.0,0.0,0.0,2.1,2.13,2.17,2.11
235,3.9167,2.197,20.676,0.0,0.4585,0.09,-1.27,-0.03,2.112,0.0,0.0,-0.0,0.0,0.0,0.0,2.18,2.2,2.1,1.97
236,3.9333,2.204,20.682,0.0,0.458,0.08,-1.27,-0.03,2.211,0.0,0.0,-0.0,0.0,0.0,0.0,2.16,2.23,2.2,2.25
237,3.95,2.212,20.687,-0.0,0.4574,0.13,-1.24,-0.03,0.904,0.0,0.0,-0.0,0.0,0.0,0.0,1.86,1.15,1.14,-0.54
238,3.9667,2.219,20.692,-0.001,0.4584,0.22,-1.07,-0.03,1.854,0.0,0.0,-0.0,0.0,0.0,0.0,1.71,1.85,2.04,1.81
239,3.9833,2.226,20.697,-0.0,0.4593,0.18,-1.03,-0.03,2.053,0.0,0.0,-0.0,0.0,0.0,0.0,1.94,2.26,2.01,1.99
240,4.0,2.233,20.702,-0.0,0.4602,0.14,-1.01,-0.03,2.157,0.0,0.0,-0.0,0.0,0.0,0.0,1.98,2.39,2.23,2.03
241,4.0167,2.241,20.707,0.0,0.4609,0.1,-0.98,-0.02,1.984,0.0,0.0,-0.0,0.0,0.0,0.0,1.85,1.97,2.19,1.93
242,4.0333,2.248,20.712,0.0,0.4614,0.11,-0.92,-0.02,2.119,0.0,0.0,-0.0,0.0,0.0,0.0,1.98,2.25,2.24,2.0
243,4.05,2.255,20.717,0.0,0.4618,0.1,-0.87,-0.02,1.939,0.0,0.0,-0.0,0.0,0.0,0.0,1.96,2.19,1.58,2.03
244,4.0667,2.262,20.722,0.0,0.4621,0.1,-0.82,-0.02,2.211,0.0,0.0,-0.0,0.0,0.0,0.0,2.26,2.21,2.18,2.2
245,4.0833,2.269,20.728,0.0,0.4623,0.11,-0.78,-0.02,2.091,0.0,0.0,-0.0,0.0,0.0,0.0,2.12,2.01,2.11,2.13
246,4.1,2.277,20.733,0.0,0.4623,0.12,-0.74,-0.02,2.45,0.0,0.0,-0.0,0.0,0.0,0.0,2.62,2.28,2.71,2.18
247,4.1167,2.284,20.739,0.0,0.4622,0.13,-0.7,-0.02,2.255,0.0,0.0,-0.0,0.0,0.0,0.0,2.25,2.37,2.16,2.25
248,4.1333,2.291,20.745,-0.0,0.4618,0.14,-0.66,-0.02,2.247,0.0,0.0,-0.0,0.0,0.0,0.0,2.26,2.24,2.24,2.26
249,4.15,2.298,20.75,-0.0,0.4615,0.18,-0.63,-0.02,2.442,0.0,0.0,-0.0,0.0,0.0,0.0,2.62,2.33,2.44,2.37
250,4.1667,2.306,20.755,-0.001,0.4623,0.25,-0.7,-0.02,2.09,0.0,0.0,-0.0,0.0,0.0,0.0,2.31,2.06,1.87,2.12
251,4.1833,2.313,20.76,-0.001,0.4628,0.2,-0.69,-0.02,2.097,0.0,0.0,-0.0,0.0,0.0,0.0,2.22,2.1,2.0,2.07
252,4.2,2.32,20.765,-0.0,0.4632,0.16,-0.68,-0.02,2.11,0.0,0.0,-0.0,0.0,0.0,0.0,2.39,2.22,2.12,1.71
253,4.2167,2.327,20.771,0.0,0.4633,0.13,-0.67,-0.02,2.244,0.0,0.0,-0.0,0.0,0.0,0.0,2.33,2.19,2.2,2.26
254,4.2333,2.334,20.776,0.0,0.4633,0.09,-0.66,-0.03,2.492,0.0,0.0,-0.0,0.0,0.0,0.0,2.18,2.95,2.43,2.41
255,4.25,2.342,20.781,0.0,0.4634,0.08,-0.66,-0.02,2.477,0.0,0.0,-0.0,0.0,0.0,0.0,2.95,2.2,2.3,2.45
256,4.2667,2.349,20.787,0.0,0.4634,0.08,-0.66,-0.03,2.317,0.0,0.0,-0.0,0.0,0.0,0.0,2.49,2.12,2.41,2.25
257,4.2833,2.356,20.792,0.0,0.4631,0.08,-0.67,-0.03,2.26,0.0,0.0,-0.0,0.0,0.0,0.0,2.21,2.44,2.42,1.97
258,4.3,2.363,20.798,0.0,0.4626,0.07,-0.68,-0.03,2.34,0.0,0.0,-0.0,0.0,0.0,0.0,2.35,2.31,2.38,2.32
259,4.3167,2.371,20.804,0.0,0.462,0.07,-0.69,-0.03,1.482,0.0,0.0,-0.0,0.0,0.0,0.0,-0.49,1.69,2.01,2.73
260,4.3333,2.378,20.808,0.0,0.4625,0.1,-0.86,-0.03,2.32,0.0,0.0,-0.0,0.0,0.0,0.0,2.49,2.24,2.31,2.24
261,4.35,2.385,20.812,0.0,0.4636,0.11,-0.91,-0.03,2.211,0.0,0.0,-0.0,0.0,0.0,0.0,2.02,2.53,2.44,1.86
262,4.3667,2.392,20.817,0.0,0.4647,0.1,-0.96,-0.03,2.165,0.0,0.0,-0.0,0.0,0.0,0.0,2.23,2.13,2.22,2.09
263,4.3833,2.399,20.822,0.0,0.4656,0.1,-1.0,-0.03,2.355,0.0,0.0,-0.0,0.0,0.0,0.0,2.33,2.3,2.66,2.13
264,4.4,2.407,20.827,0.0,0.4663,0.1,-1.05,-0.03,2.363,0.0,0.0,-0.0,0.0,0.0,0.0,2.33,2.42,2.54,2.16
265,4.4167,2.414,20.832,0.0,0.4669,0.1,-1.1,-0.04,2.354,0.0,0.0,-0.0,0.0,0.0,0.0,2.32,2.34,2.51,2.25
266,4.4333,2.421,20.837,0.0,0.4672,0.09,-1.15,-0.04,2.349,0.0,0.0,-0.0,0.0,0.0,0.0,2.3,2.35,2.48,2.26
267,4.45,2.428,20.842,0.0,0.4674,0.09,-1.21,-0.05,2.325,0.0,0.0,-0.0,0.0,0.0,0.0,2.36,2.29,2.47,2.18
268,4.4667,2.436,20.847,0.001,0.4675,0.07,-1.26,-0.05,2.422,0.0,0.0,-0.0,0.0,0.0,0.0,2.4,2.43,2.45,2.42
269,4.4833,2.443,20.852,0.001,0.4673,0.04,-1.32,-0.05,2.389,0.0,0.0,-0.0,0.0,0.0,0.0,2.45,2.55,2.46,2.09
270,4.5,2.45,20.858,0.001,0.4669,0.02,-1.38,-0.05,2.451,0.0,0.0,-0.0,0.0,0.0,0.0,2.42,2.48,2.43,2.48
271,4.5167,2.457,20.863,0.0,0.4665,0.09,-1.36,-0.05,2.468,0.0,0.0,-0.0,0.0,0.0,0.0,2.31,2.74,2.61,2.22
272,4.5333,2.464,20.868,0.0,0.4673,0.08,-1.36,-0.05,2.317,0.0,0.0,-0.0,0.0,0.0,0.0,2.47,2.19,2.17,2.44
273,4.55,2.472,20.874,0.0,0.4679,0.1,-1.38,-0.05,2.363,0.0,0.0,-0.0,0.0,0.0,0.0,2.45,2.29,2.24,2.46
274,4.5667,2.479,20.879,0.0,0.4683,0.09,-1.38,-0.05,2.337,0.0,0.0,-0.0,0.0,0.0,0.0,2.46,2.35,2.27,2.27
275,4.5833,2.486,20.885,0.001,0.4685,0.07,-1.38,-0.05,2.358,0.0,0.0,-0.0,0.0,0.0,0.0,2.54,2.15,2.34,2.41
276,4.6,2.493,20.891,0.001,0.4685,0.05,-1.39,-0.05,2.332,0.0,0.0,-0.0,0.0,0.0,0.0,2.45,1.99,2.51,2.38
277,4.6167,2.501,20.896,0.001,0.4684,0.05,-1.39,-0.05,2.511,0.0,0.0,-0.0,0.0,0.0,0.0,2.57,2.54,2.51,2.43
278,4.6333,2.508,20.902,0.001,0.4681,0.05,-1.39,-0.05,2.371,0.0,0.0,-0.0,0.0,0.0,0.0,2.36,2.37,2.26,2.5
279,4.65,2.515,20.908,0.001,0.4681,-0.0,-1.37,-0.05,2.405,0.0,0.0,-0.0,0.0,0.0,0.0,2.37,2.45,2.42,2.38
280,4.6667,2.522,20.914,0.001,0.4678,-0.05,-1.35,-0.05,2.49,0.0,0.0,-0.0,0.0,0.0,0.0,2.51,2.46,2.55,2.44
281,4.6833,2.529,20.92,0.001,0.4676,-0.05,-1.34,-0.06,2.221,0.0,0.0,-0.0,0.0,0.0,0.0,2.35,2.55,2.18,1.8
282,4.7,2.537,20.926,0.0,0.468,0.08,-1.35,-0.06,2.813,0.0,0.0,-0.0,0.0,0.0,0.0,3.45,2.53,2.66,2.61
283,4.7167,2.544,20.932,0.0,0.4684,0.09,-1.37,-0.06,2.401,0.0,0.0,-0.0,0.0,0.0,0.0,2.5,2.46,2.35,2.29
284,4.7333,2.551,20.937,0.0,0.4688,0.1,-1.37,-0.06,2.161,0.0,0.0,-0.0,0.0,0.0,0.0,2.25,1.65,2.38,2.36
285,4.75,2.558,20.943,0.0,0.469,0.09,-1.38,-0.06,2.437,0.0,0.0,-0.0,0.0,0.0,0.0,2.5,2.28,2.52,2.45
286,4.7667,2.566,20.949,0.0,0.469,0.09,-1.38,-0.06,2.541,0.0,0.0,-0.0,0.0,0.0,0.0,2.58,2.56,2.56,2.48
287,4.7833,2.573,20.955,0.0,0.4687,0.08,-1.39,-0.06,2.569,0.0,0.0,-0.0,0.0,0.0,0.0,2.51,2.69,2.57,2.51
288,4.8,2.58,20.961,0.001,0.4683,0.06,-1.4,-0.06,2.564,0.0,0.0,-0.0,0.0,0.0,0.0,2.61,2.54,2.55,2.56
289,4.8167,2.587,20.967,0.001,0.4676,0.03,-1.41,-0.06,2.777,0.0,0.0,-0.0,0.0,0.0,0.0,3.29,2.64,2.47,2.72
290,4.8333,2.594,20.974,0.0,0.4667,0.09,-1.35,-0.06,2.081,0.0,0.0,-0.0,0.0,0.0,0.0,1.87,2.0,1.95,2.51
291,4.85,2.602,20.979,-0.0,0.4676,0.18,-1.41,-0.06,2.179,0.0,0.0,-0.0,0.0,0.0,0.0,1.94,2.18,2.23,2.37
292,4.8667,2.609,20.985,0.0,0.4681,0.13,-1.38,-0.06,2.442,0.0,0.0,-0.0,0.0,0.0,0.0,2.56,2.32,2.27,2.63
293,4.8833,2.616,20.99,0.0,0.4686,0.13,-1.38,-0.06,2.544,0.0,0.0,-0.0,0.0,0.0,0.0,2.57,2.5,2.48,2.63
294,4.9,2.623,20.996,0.0,0.4689,0.11,-1.38,-0.06,2.424,0.0,0.0,-0.0,0.0,0.0,0.0,2.55,2.08,2.52,2.55
295,4.9167,2.631,21.002,0.0,0.4689,0.09,-1.38,-0.06,2.709,0.0,0.0,-0.0,0.0,0.0,0.0,2.17,2.6,2.73,3.33
296,4.9333,2.638,21.008,0.001,0.4688,0.08,-1.39,-0.06,2.432,0.0,0.0,-0.0,0.0,0.0,0.0,2.56,1.89,2.71,2.57
297,4.95,2.645,21.014,0.001,0.4685,0.07,-1.39,-0.06,2.916,0.0,0.0,-0.0,0.0,0.0,0.0,2.99,2.69,2.45,3.54
298,4.9667,2.652,21.02,0.001,0.4678,0.07,-1.4,-0.07,2.618,0.0,0.0,-0.0,0.0,0.0,0.0,2.67,2.54,2.72,2.55
299,4.9833,2.659,21.027,0.001,0.4669,0.06,-1.4,-0.07,2.977,0.0,0.0,-0.0,0.0,0.0,0.0,4.03,2.56,2.67,2.65
300,5.0,2.667,21.033,0.001,0.4672,0.07,-1.37,-0.07,2.532,0.0,0.0,-0.0,0.0,0.0,0.0,2.76,2.32,2.33,2.71
301,5.0167,2.674,21.039,0.001,0.468,0.08,-1.37,-0.07,2.557,0.0,0.0,-0.0,0.0,0.0,0.0,2.56,2.53,2.49,2.65
302,5.0333,2.681,21.045,0.0,0.4686,0.1,-1.38,-0.07,2.537,0.0,0.0,-0.0,0.0,0.0,0.0,2.74,2.53,2.47,2.41
303,5.05,2.688,21.051,0.0,0.4689,0.1,-1.37,-0.07,2.576,0.0,0.0,-0.0,0.0,0.0,0.0,2.69,2.38,2.51,2.72
304,5.0667,2.696,21.057,0.0,0.469,0.09,-1.38,-0.07,2.635,0.0,0.0,-0.0,0.0,0.0,0.0,2.71,2.63,2.66,2.53
305,5.0833,2.703,21.063,0.001,0.4689,0.09,-1.39,-0.07,2.598,0.0,0.0,-0.0,0.0,0.0,0.0,2.66,2.4,2.73,2.6
306,5.1,2.71,21.069,0.001,0.4686,0.07,-1.39,-0.07,2.597,0.0,0.0,-0.0,0.0,0.0,0.0,2.3,2.7,2.72,2.67
307,5.1167,2.717,21.076,0.001,0.4679,0.04,-1.4,-0.07,2.681,0.0,0.0,-0.0,0.0,0.0,0.0,2.57,3.32,2.77,2.07
308,5.1333,2.724,21.082,0.0,0.4672,0.11,-1.35,-0.07,2.881,0.0,0.0,-0.0,0.0,0.0,0.0,3.4,2.44,2.94,2.74
309,5.15,2.732,21.088,-0.001,0.4674,0.26,-1.41,-0.07,2.813,0.0,0.0,-0.0,0.0,0.0,0.0,2.31,3.57,2.59,2.78
310,5.1667,2.739,21.094,-0.001,0.4682,0.24,-1.4,-0.07,2.524,0.0,0.0,-0.0,0.0,0.0,0.0,2.74,2.76,2.32,2.27
311,5.1833,2.746,21.1,-0.0,0.4685,0.16,-1.39,-0.07,2.52,0.0,0.0,-0.0,0.0,0.0,0.0,2.6,2.43,2.49,2.56
312,5.2,2.753,21.106,0.0,0.4687,0.12,-1.37,-0.07,2.572,0.0,0.0,-0.0,0.0,0.0,0.0,2.56,2.63,2.54,2.56
313,5.2167,2.761,21.112,0.0,0.4689,0.12,-1.37,-0.07,2.655,0.0,0.0,-0.0,0.0,0.0,0.0,2.61,2.6,2.73,2.68
314,5.2333,2.768,21.119,0.0,0.4688,0.11,-1.37,-0.07,2.705,0.0,0.0,-0.0,0.0,0.0,0.0,2.66,2.68,2.78,2.71
315,5.25,2.775,21.125,0.0,0.4684,0.09,-1.38,-0.08,2.746,0.0,0.0,-0.0,0.0,0.0,0.0,2.69,2.76,2.8,2.74
316,5.2667,2.782,21.132,0.001,0.4677,0.06,-1.39,-0.08,2.692,0.0,0.0,-0.0,0.0,0.0,0.0,2.7,2.64,2.7,2.72
317,5.2833,2.789,21.139,-0.0,0.4675,0.21,-1.37,-0.08,2.845,0.0,0.0,-0.0,0.0,0.0,0.0,2.86,2.74,3.0,2.79
318,5.3,2.797,21.145,-0.001,0.4682,0.24,-1.41,-0.08,2.495,0.0,0.0,-0.0,0.0,0.0,0.0,2.19,2.57,2.52,2.69
319,5.3167,2.804,21.151,-0.0,0.4686,0.16,-1.38,-0.07,2.727,0.0,0.0,-0.0,0.0,0.0,0.0,2.74,2.71,2.7,2.76
320,5.3333,2.811,21.157,0.0,0.4688,0.12,-1.38,-0.08,1.956,0.0,0.0,-0.0,0.0,0.0,0.0,2.64,0.27,2.2,2.72
321,5.35,2.818,21.164,0.0,0.4689,0.08,-1.38,-0.07,2.682,0.0,0.0,-0.0,0.0,0.0,0.0,2.66,2.74,2.75,2.58
322,5.3667,2.826,21.17,0.0,0.469,0.09,-1.38,-0.07,2.777,0.0,0.0,-0.0,0.0,0.0,0.0,2.72,2.82,2.82,2.75
323,5.3833,2.833,21.177,0.0,0.4687,0.08,-1.39,-0.08,2.747,0.0,0.0,-0.0,0.0,0.0,0.0,2.75,2.54,2.86,2.85
324,5.4,2.84,21.184,0.001,0.4683,0.07,-1.38,-0.08,1.818,0.0,0.0,-0.0,0.0,0.0,0.0,2.69,-1.02,2.97,2.64
325,5.4167,2.847,21.19,0.0,0.4686,0.13,-1.18,-0.1,2.817,0.0,0.0,-0.0,0.0,0.0,0.0,2.29,3.69,2.92,2.37
326,5.4333,2.854,21.197,0.0,0.4699,0.11,-1.1,-0.09,2.601,0.0,0.0,-0.0,0.0,0.0,0.0,2.5,2.53,2.72,2.66
327,5.45,2.862,21.204,0.0,0.471,0.11,-1.04,-0.09,2.654,0.0,0.0,-0.0,0.0,0.0,0.0,2.47,2.58,2.87,2.7
328,5.4667,2.869,21.21,0.0,0.4719,0.1,-0.98,-0.09,2.678,0.0,0.0,-0.0,0.0,0.0,0.0,2.52,2.65,2.89,2.65
329,5.4833,2.876,21.217,0.0,0.4725,0.1,-0.92,-0.09,2.669,0.0,0.0,-0.0,0.0,0.0,0.0,2.6,2.69,2.73,2.66
330,5.5,2.883,21.224,0.0,0.4729,0.1,-0.86,-0.09,2.774,0.0,0.0,-0.0,0.0,0.0,0.0,2.77,2.73,2.9,2.7
331,5.5167,2.891,21.231,0.0,0.4732,0.1,-0.82,-0.09,2.815,0.0,0.0,-0.0,0.0,0.0,0.0,2.82,2.79,2.82,2.82
332,5.5333,2.898,21.238,0.0,0.4732,0.09,-0.81,-0.08,2.835,0.0,0.0,-0.0,0.0,0.0,0.0,2.82,2.83,2.89,2.8
333,5.55,2.905,21.245,0.0,0.4728,0.08,-0.78,-0.08,2.87,0.0,0.0,-0.0,0.0,0.0,0.0,2.87,2.91,2.86,2.85
334,5.5667,2.912,21.252,0.0,0.4722,0.08,-0.76,-0.08,2.909,0.0,0.0,-0.0,0.0,0.0,0.0,2.89,2.91,2.95,2.87
335,5.5833,2.919,21.259,0.001,0.4725,0.06,-0.73,-0.08,2.581,0.0,0.0,-0.0,0.0,0.0,0.0,2.66,2.58,2.61,2.47
336,5.6,2.927,21.265,0.001,0.4733,0.05,-0.7,-0.08,2.82,0.0,0.0,-0.0,0.0,0.0,0.0,2.8,2.79,2.76,2.93
337,5.6167,2.934,21.272,0.0,0.4738,0.08,-0.71,-0.08,2.827,0.0,0.0,-0.0,0.0,0.0,0.0,2.74,2.82,2.83,2.93
338,5.6333,2.941,21.279,0.0,0.474,0.11,-0.71,-0.08,2.577,0.0,0.0,-0.0,0.0,0.0,0.0,2.58,2.78,2.2,2.76
339,5.65,2.948,21.286,0.0,0.4741,0.11,-0.72,-0.08,3.003,0.0,0.0,-0.0,0.0,0.0,0.0,2.9,3.42,2.82,2.87
340,5.6667,2.956,21.292,0.0,0.4738,0.1,-0.73,-0.08,2.922,0.0,0.0,-0.0,0.0,0.0,0.0,2.97,2.93,2.9,2.89
341,5.6833,2.963,21.299,0.001,0.4734,0.07,-0.75,-0.09,1.478,0.0,0.0,-0.0,0.0,0.0,0.0,-0.16,3.66,1.13,1.29
342,5.7,2.97,21.305,0.001,0.4742,0.0,-0.93,-0.09,3.136,0.0,0.0,-0.0,0.0,0.0,0.0,3.2,2.97,3.41,2.96
343,5.7167,2.977,21.311,0.001,0.4751,0.05,-1.11,-0.09,2.619,0.0,0.0,-0.0,0.0,0.0,0.0,2.95,2.44,2.69,2.39
344,5.7333,2.984,21.316,0.0,0.4763,0.14,-1.24,-0.08,2.834,0.0,0.0,-0.0,0.0,0.0,0.0,3.05,2.57,2.74,2.98
345,5.75,2.992,21.321,0.0,0.4773,0.14,-1.3,-0.08,2.727,0.0,0.0,-0.0,0.0,0.0,0.0,2.99,2.51,2.9,2.51
346,5.7667,2.999,21.327,0.0,0.4781,0.12,-1.35,-0.09,2.781,0.0,0.0,-0.0,0.0,0.0,0.0,2.98,2.58,2.84,2.73
347,5.7833,3.006,21.334,0.0,0.4788,0.12,-1.39,-0.09,2.913,0.0,0.0,-0.0,0.0,0.0,0.0,2.98,2.8,2.8,3.07
348,5.8,3.013,21.34,0.0,0.4792,0.12,-1.44,-0.09,3.078,0.0,0.0,-0.0,0.0,0.0,0.0,3.0,2.92,2.86,3.53
349,5.8167,3.021,21.347,0.0,0.4793,0.12,-1.49,-0.09,2.799,0.0,0.0,-0.0,0.0,0.0,0.0,3.04,2.46,2.9,2.8
350,5.8333,3.028,21.354,0.001,0.4791,0.03,-1.47,-0.09,2.897,0.0,0.0,-0.0,0.0,0.0,0.0,3.0,2.94,2.8,2.85
351,5.85,3.035,21.361,0.001,0.4786,-0.06,-1.45,-0.09,3.159,0.0,0.0,-0.0,0.0,0.0,0.0,2.93,3.23,3.72,2.76
352,5.8667,3.042,21.368,0.001,0.479,-0.01,-1.49,-0.09,2.784,0.0,0.0,-0.0,0.0,0.0,0.0,2.75,2.87,2.99,2.53
353,5.8833,3.049,21.375,0.0,0.4791,0.11,-1.5,-0.09,2.749,0.0,0.0,-0.0,0.0,0.0,0.0,2.86,2.88,2.72,2.53
354,5.9,3.057,21.382,0.0,0.4797,0.11,-1.48,-0.09,2.917,0.0,0.0,-0.0,0.0,0.0,0.0,2.85,2.8,3.13,2.89
355,5.9167,3.064,21.389,0.0,0.48,0.11,-1.48,-0.09,3.018,0.0,0.0,-0.0,0.0,0.0,0.0,3.07,2.96,3.06,2.98
356,5.9333,3.071,21.396,0.0,0.4799,0.1,-1.48,-0.09,3.002,0.0,0.0,-0.0,0.0,0.0,0.0,3.07,2.87,3.08,2.99
357,5.95,3.078,21.404,0.0,0.4794,0.1,-1.48,-0.09,2.977,0.0,0.0,-0.0,0.0,0.0,0.0,3.11,2.65,3.1,3.04
358,5.9667,3.086,21.411,0.0,0.4787,0.06,-1.47,-0.09,3.101,0.0,0.0,-0.0,0.0,0.0,0.0,3.07,3.22,3.04,3.07
359,5.9833,3.093,21.419,0.001,0.4777,0.05,-1.49,-0.09,3.311,0.0,0.0,-0.0,0.0,0.0,0.0,4.3,3.23,2.79,2.92
360,6.0,3.1,21.425,-0.0,0.4785,0.2,-1.53,-0.09,2.708,0.0,0.0,-0.0,0.0,0.0,0.0,3.07,2.61,2.5,2.66
361,6.0167,3.107,21.432,-0.0,0.4792,0.15,-1.5,-0.09,2.692,0.0,0.0,-0.0,0.0,0.0,0.0,2.1,2.81,2.73,3.13
362,6.0333,3.114,21.439,-0.0,0.4797,0.14,-1.49,-0.09,3.118,0.0,0.0,-0.0,0.0,0.0,0.0,2.89,2.91,3.75,2.92
363,6.05,3.122,21.446,0.0,0.4799,0.12,-1.48,-0.09,3.111,0.0,0.0,-0.0,0.0,0.0,0.0,3.01,3.31,3.17,2.96
364,6.0667,3.129,21.453,0.0,0.4797,0.09,-1.48,-0.09,3.045,0.0,0.0,-0.0,0.0,0.0,0.0,3.13,2.86,3.14,3.05
365,6.0833,3.136,21.461,0.0,0.4793,0.08,-1.48,-0.1,3.107,0.0,0.0,-0.0,0.0,0.0,0.0,3.15,3.13,3.1,3.04
366,6.1,3.143,21.468,0.0,0.4785,0.08,-1.47,-0.1,3.047,0.0,0.0,-0.0,0.0,0.0,0.0,3.12,2.77,3.18,3.11
367,6.1167,3.151,21.476,0.0,0.4775,0.07,-1.5,-0.1,3.603,0.0,0.0,-0.0,0.0,0.0,0.0,4.4,3.3,3.46,3.24
368,6.1333,3.158,21.482,-0.0,0.4786,0.12,-1.52,-0.09,2.793,0.0,0.0,-0.0,0.0,0.0,0.0,3.14,2.56,2.67,2.8
369,6.15,3.165,21.489,0.0,0.4793,0.12,-1.5,-0.09,3.112,0.0,0.0,-0.0,0.0,0.0,0.0,2.98,3.01,3.6,2.86
370,6.1667,3.172,21.496,0.0,0.4799,0.11,-1.49,-0.09,2.925,0.0,0.0,-0.0,0.0,0.0,0.0,3.01,2.55,3.16,2.98
371,6.1833,3.179,21.504,0.0,0.48,0.11,-1.48,-0.09,2.978,0.0,0.0,-0.0,0.0,0.0,0.0,3.15,2.58,3.13,3.05
372,6.2,3.187,21.511,0.0,0.4797,0.1,-1.47,-0.09,3.181,0.0,0.0,-0.0,0.0,0.0,0.0,3.14,3.35,3.16,3.07
373,6.2167,3.194,21.519,0.0,0.4791,0.08,-1.47,-0.1,3.194,0.0,0.0,-0.0,0.0,0.0,0.0,3.17,3.19,3.17,3.25
374,6.2333,3.201,21.526,0.0,0.4784,0.06,-1.49,-0.1,3.469,0.0,0.0,-0.0,0.0,0.0,0.0,4.33,2.91,3.3,3.34
375,6.25,3.208,21.533,-0.001,0.4783,0.23,-1.5,-0.1,3.004,0.0,0.0,-0.0,0.0,0.0,0.0,2.97,2.9,3.17,2.98
376,6.2667,3.216,21.54,-0.001,0.4791,0.25,-1.53,-0.1,2.736,0.0,0.0,-0.0,0.0,0.0,0.0,3.18,1.96,2.99,2.82
377,6.2833,3.223,21.547,-0.0,0.4795,0.17,-1.5,-0.1,3.084,0.0,0.0,-0.0,0.0,0.0,0.0,3.29,2.98,3.01,3.06
378,6.3,3.23,21.555,-0.0,0.4798,0.13,-1.49,-0.1,3.087,0.0,0.0,-0.0,0.0,0.0,0.0,2.94,2.96,3.17,3.27
379,6.3167,3.237,21.562,0.0,0.4798,0.11,-1.48,-0.1,3.138,0.0,0.0,-0.0,0.0,0.0,0.0,3.13,3.11,3.18,3.13
380,6.3333,3.244,21.57,0.0,0.4794,0.1,-1.47,-0.1,3.222,0.0,0.0,-0.0,0.0,0.0,0.0,3.16,3.23,3.25,3.24
381,6.35,3.252,21.578,0.0,0.4786,0.09,-1.46,-0.1,3.259,0.0,0.0,-0.0,0.0,0.0,0.0,2.9,3.57,3.3,3.27
382,6.3667,3.259,21.585,-0.001,0.4786,0.21,-1.5,-0.1,3.186,0.0,0.0,-0.0,0.0,0.0,0.0,3.28,2.99,3.32,3.15
383,6.3833,3.266,21.592,-0.001,0.4793,0.23,-1.53,-0.09,2.992,0.0,0.0,-0.0,0.0,0.0,0.0,3.23,2.71,2.89,3.14
384,6.4,3.273,21.6,-0.0,0.4797,0.15,-1.49,-0.09,3.278,0.0,0.0,-0.0,0.0,0.0,0.0,2.98,3.07,3.79,3.27
385,6.4167,3.281,21.607,-0.0,0.4798,0.11,-1.48,-0.09,3.024,0.0,0.0,-0.0,0.0,0.0,0.0,2.72,3.15,3.17,3.06
386,6.4333,3.288,21.615,0.0,0.4799,0.09,-1.48,-0.09,2.927,0.0,0.0,-0.0,0.0,0.0,0.0,3.2,1.47,3.15,3.89
387,6.45,3.295,21.623,0.0,0.4796,0.09,-1.47,-0.1,3.278,0.0,0.0,-0.0,0.0,0.0,0.0,3.23,3.44,3.31,3.13
388,6.4667,3.302,21.631,0.0,0.479,0.1,-1.44,-0.11,3.261,0.0,0.0,-0.0,0.0,0.0,0.0,3.22,3.29,3.27,3.27
389,6.4833,3.309,21.638,-0.0,0.4786,0.11,-1.48,-0.11,3.497,0.0,0.0,-0.0,0.0,0.0,0.0,3.59,3.49,3.32,3.6
390,6.5,3.317,21.646,-0.001,0.4786,0.24,-1.52,-0.1,3.26,0.0,0.0,-0.0,0.0,0.0,0.0,3.26,3.87,3.52,2.39
391,6.5167,3.324,21.653,-0.001,0.4794,0.2,-1.51,-0.1,3.084,0.0,0.0,-0.0,0.0,0.0,0.0,3.31,3.01,3.08,2.93
392,6.5333,3.331,21.66,-0.0,0.4798,0.15,-1.49,-0.1,3.204,0.0,0.0,-0.0,0.0,0.0,0.0,3.42,3.09,3.15,3.15
393,6.55,3.338,21.668,-0.0,0.4798,0.1,-1.48,-0.1,3.669,0.0,0.0,-0.0,0.0,0.0,0.0,3.52,3.97,3.64,3.54
394,6.5667,3.346,21.676,-0.0,0.4798,0.09,-1.48,-0.1,3.356,0.0,0.0,-0.0,0.0,0.0,0.0,3.57,3.26,3.45,3.15
395,6.5833,3.353,21.684,-0.0,0.4796,0.13,-1.39,-0.12,1.489,0.0,0.0,-0.0,0.0,0.0,0.0,1.11,2.42,1.57,0.85
396,6.6,3.36,21.692,-0.0,0.4805,0.15,-1.15,-0.12,3.039,0.0,0.0,-0.0,0.0,0.0,0.0,2.66,3.33,3.34,2.83
397,6.6167,3.367,21.7,0.0,0.4816,0.09,-1.01,-0.12,2.948,0.0,0.0,-0.0,0.0,0.0,0.0,2.24,3.42,2.92,3.2
398,6.6333,3.374,21.708,-0.0,0.483,0.1,-0.97,-0.12,3.239,0.0,0.0,-0.0,0.0,0.0,0.0,3.15,3.26,3.2,3.34
399,6.65,3.382,21.716,-0.0,0.4841,0.11,-0.92,-0.11,3.219,0.0,0.0,-0.0,0.0,0.0,0.0,3.15,3.22,3.36,3.15
400,6.6667,3.389,21.724,-0.0,0.4847,0.11,-0.87,-0.11,3.348,0.0,0.0,-0.0,0.0,0.0,0.0,3.22,3.52,3.44,3.2
401,6.6833,3.396,21.732,0.0,0.485,0.09,-0.84,-0.11,3.313,0.0,0.0,-0.0,0.0,0.0,0.0,3.32,3.21,3.39,3.34
402,6.7,3.403,21.74,0.0,0.4848,0.08,-0.8,-0.11,3.468,0.0,0.0,-0.0,0.0,0.0,0.0,4.06,3.18,3.41,3.23
403,6.7167,3.411,21.748,0.0,0.4841,0.08,-0.75,-0.1,3.393,0.0,0.0,-0.0,0.0,0.0,0.0,3.42,3.37,3.42,3.37
404,6.7333,3.418,21.757,0.0,0.4833,0.08,-0.76,-0.1,3.875,0.0,0.0,-0.0,0.0,0.0,0.0,4.8,3.57,3.42,3.71
405,6.75,3.425,21.764,-0.0,0.4839,0.16,-0.84,-0.1,3.41,0.0,0.0,-0.0,0.0,0.0,0.0,3.44,3.44,3.09,3.67
406,6.7667,3.432,21.772,-0.0,0.4846,0.15,-0.81,-0.1,3.163,0.0,0.0,-0.0,0.0,0.0,0.0,3.42,3.13,3.05,3.04
407,6.7833,3.439,21.78,-0.0,0.485,0.12,-0.78,-0.1,3.311,0.0,0.0,-0.0,0.0,0.0,0.0,3.42,3.3,3.17,3.35
408,6.8,3.447,21.788,0.0,0.4849,0.09,-0.75,-0.1,3.336,0.0,0.0,-0.0,0.0,0.0,0.0,3.29,3.43,3.35,3.27
409,6.8167,3.454,21.796,0.0,0.4848,0.07,-0.75,-0.1,3.386,0.0,0.0,-0.0,0.0,0.0,0.0,2.84,3.74,3.51,3.46
410,6.8333,3.461,21.804,0.0,0.4856,0.11,-0.84,-0.09,3.436,0.0,0.0,-0.0,0.0,0.0,0.0,3.58,3.48,3.49,3.2
411,6.85,3.468,21.811,-0.0,0.487,0.14,-0.98,-0.09,3.466,0.0,0.0,-0.0,0.0,0.0,0.0,3.86,3.46,3.38,3.16
412,6.8667,3.476,21.817,-0.0,0.488,0.14,-1.12,-0.09,3.4,0.0,0.0,-0.0,0.0,0.0,0.0,3.5,3.47,3.4,3.23
413,6.8833,3.483,21.824,-0.0,0.4886,0.12,-1.28,-0.09,2.977,0.0,0.0,-0.0,0.0,0.0,0.0,3.34,1.98,3.33,3.26
414,6.9,3.49,21.831,-0.0,0.4895,0.13,-1.33,-0.09,3.26,0.0,0.0,-0.0,0.0,0.0,0.0,3.27,3.2,3.48,3.09
415,6.9167,3.497,21.839,-0.0,0.4902,0.12,-1.37,-0.09,3.198,0.0,0.0,-0.0,0.0,0.0,0.0,3.37,2.72,3.46,3.25
416,6.9333,3.504,21.847,-0.0,0.4904,0.11,-1.42,-0.1,3.768,0.0,0.0,-0.0,0.0,0.0,0.0,3.38,4.78,3.56,3.35
417,6.95,3.512,21.854,-0.0,0.4903,0.1,-1.46,-0.1,3.35,0.0,0.0,-0.0,0.0,0.0,0.0,3.4,3.17,3.48,3.35
418,6.9667,3.519,21.862,0.0,0.4898,0.06,-1.52,-0.1,3.535,0.0,0.0,-0.0,0.0,0.0,0.0,3.65,3.31,3.58,3.6
419,6.9833,3.526,21.87,-0.0,0.4901,0.14,-1.62,-0.11,3.215,0.0,0.0,-0.0,0.0,0.0,0.0,3.12,2.99,3.53,3.23
420,7.0,3.533,21.877,-0.001,0.4909,0.21,-1.64,-0.11,2.957,0.0,0.0,-0.0,0.0,0.0,0.0,3.56,2.22,2.93,3.11
421,7.0167,3.541,21.885,-0.0,0.4914,0.16,-1.59,-0.11,3.249,0.0,0.0,-0.0,0.0,0.0,0.0,3.04,3.18,3.24,3.53
422,7.0333,3.548,21.893,-0.0,0.4915,0.14,-1.56,-0.11,3.788,0.0,0.0,-0.0,0.0,0.0,0.0,3.33,4.11,4.23,3.48
423,7.05,3.555,21.901,-0.0,0.4914,0.1,-1.55,-0.11,3.467,0.0,0.0,-0.0,0.0,0.0,0.0,3.67,3.08,3.53,3.58
424,7.0667,3.562,21.91,-0.0,0.4908,0.09,-1.54,-0.12,3.369,0.0,0.0,-0.0,0.0,0.0,0.0,3.54,3.34,3.53,3.07
425,7.0833,3.569,21.918,-0.0,0.4897,0.08,-1.52,-0.12,3.503,0.0,0.0,-0.0,0.0,0.0,0.0,3.16,3.53,3.7,3.62
426,7.1,3.577,21.926,-0.001,0.49,0.14,-1.65,-0.12,2.966,0.0,0.0,-0.0,0.0,0.0,0.0,2.07,3.65,3.23,2.92
427,7.1167,3.584,21.934,-0.0,0.4909,0.13,-1.61,-0.12,3.309,0.0,0.0,-0.0,0.0,0.0,0.0,4.07,3.18,3.13,2.85
428,7.1333,3.591,21.942,-0.0,0.4915,0.13,-1.59,-0.12,3.385,0.0,0.0,-0.0,0.0,0.0,0.0,3.29,3.42,3.54,3.28
429,7.15,3.598,21.95,-0.0,0.4917,0.12,-1.56,-0.12,3.499,0.0,0.0,-0.0,0.0,0.0,0.0,3.51,3.53,3.59,3.37
430,7.1667,3.606,21.959,-0.0,0.4913,0.11,-1.54,-0.12,3.55,0.0,0.0,-0.0,0.0,0.0,0.0,3.53,3.47,3.68,3.52
431,7.1833,3.613,21.967,-0.0,0.4906,0.09,-1.52,-0.13,3.581,0.0,0.0,-0.0,0.0,0.0,0.0,3.49,3.61,3.63,3.59
432,7.2,3.62,21.975,-0.0,0.4905,0.1,-1.62,-0.12,3.382,0.0,0.0,-0.0,0.0,0.0,0.0,3.12,3.58,3.3,3.52
433,7.2167,3.627,21.983,-0.002,0.4906,0.29,-1.65,-0.12,3.612,0.0,0.0,-0.0,0.0,0.0,0.0,3.68,3.88,3.54,3.35
434,7.2333,3.634,21.991,-0.002,0.4914,0.29,-1.62,-0.12,3.399,0.0,0.0,-0.0,0.0,0.0,0.0,3.63,3.63,3.2,3.14
435,7.25,3.642,21.999,-0.001,0.4913,0.16,-1.58,-0.12,3.096,0.0,0.0,-0.0,0.0,0.0,0.0,1.75,2.15,5.11,3.37
436,7.2667,3.649,22.008,-0.001,0.4914,0.13,-1.56,-0.12,3.499,0.0,0.0,-0.0,0.0,0.0,0.0,3.49,3.43,3.64,3.44
437,7.2833,3.656,22.016,-0.0,0.491,0.11,-1.53,-0.12,3.545,0.0,0.0,-0.0,0.0,0.0,0.0,3.48,3.43,3.7,3.57
438,7.3,3.663,22.025,-0.0,0.4908,0.1,-1.58,-0.13,3.704,0.0,0.0,-0.0,0.0,0.0,0.0,3.71,3.58,3.73,3.8
439,7.3167,3.671,22.033,-0.001,0.4906,0.22,-1.61,-0.13,3.375,0.0,0.0,-0.0,0.0,0.0,0.0,3.2,3.27,3.66,3.38
440,7.3333,3.678,22.041,-0.001,0.4913,0.26,-1.64,-0.13,3.172,0.0,0.0,-0.0,0.0,0.0,0.0,3.59,2.46,3.2,3.44
441,7.35,3.685,22.049,-0.001,0.4915,0.15,-1.58,-0.13,3.486,0.0,0.0,-0.0,0.0,0.0,0.0,3.67,3.33,3.27,3.68
442,7.3667,3.692,22.058,-0.0,0.4916,0.11,-1.57,-0.13,3.305,0.0,0.0,-0.0,0.0,0.0,0.0,3.39,2.75,3.36,3.72
443,7.3833,3.699,22.067,-0.0,0.4914,0.1,-1.54,-0.14,3.899,0.0,0.0,-0.0,0.0,0.0,0.0,3.61,4.27,3.7,4.01
444,7.4,3.707,22.075,-0.0,0.4907,0.09,-1.52,-0.14,3.596,0.0,0.0,-0.0,0.0,0.0,0.0,3.61,3.4,3.69,3.69
445,7.4167,3.714,22.084,-0.0,0.4907,0.08,-1.61,-0.14,3.792,0.0,0.0,-0.0,0.0,0.0,0.0,3.9,3.71,3.7,3.87
446,7.4333,3.721,22.092,-0.001,0.4906,0.23,-1.62,-0.14,4.398,0.0,0.0,-0.0,0.0,0.0,0.0,7.75,3.45,3.13,3.27
447,7.45,3.728,22.1,-0.001,0.4913,0.23,-1.63,-0.14,3.442,0.0,0.0,-0.0,0.0,0.0,0.0,3.86,3.17,3.32,3.42
448,7.4667,3.736,22.109,-0.001,0.4915,0.14,-1.57,-0.14,3.576,0.0,0.0,-0.0,0.0,0.0,0.0,3.71,3.43,3.44,3.73
449,7.4833,3.743,22.118,-0.001,0.4916,0.1,-1.57,-0.14,3.792,0.0,0.0,-0.0,0.0,0.0,0.0,3.46,3.58,3.74,4.39
450,7.5,3.75,22.126,-0.001,0.4913,0.1,-1.54,-0.14,4.005,0.0,0.0,-0.0,0.0,0.0,0.0,3.47,4.02,3.71,4.83
451,7.5167,3.757,22.135,-0.001,0.4904,0.1,-1.5,-0.14,3.936,0.0,0.0,-0.0,0.0,0.0,0.0,3.74,4.39,3.78,3.84
452,7.5333,3.764,22.144,-0.001,0.4899,0.11,-1.59,-0.14,3.873,0.0,0.0,-0.0,0.0,0.0,0.0,3.89,3.83,3.76,4.01
453,7.55,3.772,22.152,-0.001,0.4905,0.12,-1.64,-0.15,3.361,0.0,0.0,-0.0,0.0,0.0,0.0,3.23,3.08,3.67,3.46
454,7.5667,3.779,22.16,-0.001,0.4913,0.12,-1.61,-0.14,3.615,0.0,0.0,-0.0,0.0,0.0,0.0,3.84,3.38,3.81,3.43
455,7.5833,3.786,22.169,-0.001,0.4917,0.12,-1.58,-0.14,4.059,0.0,0.0,-0.0,0.0,0.0,0.0,4.57,4.48,3.7,3.49
456,7.6,3.793,22.178,-0.001,0.4916,0.14,-1.53,-0.14,3.866,0.0,0.0,-0.0,0.0,0.0,0.0,3.9,3.16,3.67,4.73
457,7.6167,3.801,22.186,-0.001,0.4923,0.17,-1.3,-0.13,3.273,0.0,0.0,-0.0,0.0,0.0,0.0,3.97,2.86,2.86,3.4
458,7.6333,3.808,22.196,-0.001,0.4929,0.17,-1.05,-0.13,2.656,0.0,0.0,-0.0,0.0,0.0,0.0,2.79,3.83,6.6,-2.59
459,7.65,3.815,22.205,-0.002,0.4947,0.18,-0.97,-0.12,3.74,0.0,0.0,-0.0,0.0,0.0,0.0,3.65,3.9,3.7,3.7
460,7.6667,3.822,22.214,-0.001,0.4959,0.15,-0.92,-0.12,3.509,0.0,0.0,-0.0,0.0,0.0,0.0,3.63,3.65,3.15,3.61
461,7.6833,3.829,22.223,-0.001,0.4967,0.15,-0.86,-0.13,3.707,0.0,0.0,-0.0,0.0,0.0,0.0,3.84,3.61,3.68,3.7
462,7.7,3.837,22.232,-0.001,0.497,0.13,-0.83,-0.13,3.64,0.0,0.0,-0.0,0.0,0.0,0.0,3.54,3.67,3.7,3.65
463,7.7167,3.844,22.242,-0.001,0.4971,0.12,-0.82,-0.13,3.762,0.0,0.0,-0.0,0.0,0.0,0.0,3.68,3.74,3.85,3.78
464,7.7333,3.851,22.251,-0.001,0.4968,0.07,-0.8,-0.12,3.672,0.0,0.0,-0.0,0.0,0.0,0.0,3.82,3.77,3.55,3.56
465,7.75,3.858,22.26,-0.0,0.4968,0.01,-0.82,-0.12,3.902,0.0,0.0,-0.0,0.0,0.0,0.0,3.88,3.94,3.85,3.95
466,7.7667,3.866,22.268,-0.001,0.4971,0.04,-0.88,-0.12,3.31,0.0,0.0,-0.0,0.0,0.0,0.0,2.51,3.37,3.91,3.45
467,7.7833,3.873,22.277,-0.001,0.4973,0.14,-0.83,-0.12,3.671,0.0,0.0,-0.0,0.0,0.0,0.0,3.49,4.38,3.41,3.41
468,7.8,3.88,22.286,-0.001,0.4975,0.13,-0.8,-0.11,3.61,0.0,0.0,-0.0,0.0,0.0,0.0,3.75,3.22,3.83,3.63
469,7.8167,3.887,22.295,-0.001,0.4972,0.13,-0.76,-0.11,3.96,0.0,0.0,-0.0,0.0,0.0,0.0,3.66,4.55,3.92,3.71
470,7.8333,3.894,22.304,-0.002,0.4981,0.2,-0.9,-0.1,4.24,0.0,0.0,-0.0,0.0,0.0,0.0,4.36,3.88,4.7,4.02
471,7.85,3.902,22.312,-0.002,0.499,0.19,-1.15,-0.1,3.896,0.0,0.0,-0.0,0.0,0.0,0.0,3.98,3.83,3.98,3.79
472,7.8667,3.909,22.319,-0.002,0.4996,0.19,-1.37,-0.1,2.975,0.0,0.0,-0.0,0.0,0.0,0.0,2.95,3.8,2.72,2.43
473,7.8833,3.916,22.326,-0.002,0.501,0.19,-1.4,-0.1,3.776,0.0,0.0,-0.0,0.0,0.0,0.0,3.75,3.92,4.26,3.17
474,7.9,3.923,22.334,-0.001,0.502,0.16,-1.43,-0.11,2.989,0.0,0.0,-0.0,0.0,0.0,0.0,1.46,3.73,3.66,3.1
475,7.9167,3.931,22.343,-0.001,0.5027,0.14,-1.48,-0.11,3.89,0.0,0.0,-0.0,0.0,0.0,0.0,3.79,4.17,3.86,3.73
476,7.9333,3.938,22.352,-0.001,0.5028,0.11,-1.53,-0.11,3.846,0.0,0.0,-0.0,0.0,0.0,0.0,3.72,3.96,3.94,3.76
477,7.95,3.945,22.361,-0.001,0.5024,0.11,-1.57,-0.12,4.173,0.0,0.0,-0.0,0.0,0.0,0.0,4.8,3.77,4.04,4.09
478,7.9667,3.952,22.369,-0.001,0.5025,0.1,-1.76,-0.11,3.968,0.0,0.0,-0.0,0.0,0.0,0.0,3.98,3.8,3.95,4.14
479,7.9833,3.959,22.378,-0.001,0.5032,0.14,-1.74,-0.12,3.736,0.0,0.0,-0.0,0.0,0.0,0.0,3.36,3.25,4.91,3.43
480,8.0,3.967,22.386,-0.001,0.5039,0.14,-1.7,-0.11,3.839,0.0,0.0,-0.0,0.0,0.0,0.0,4.22,3.62,3.99,3.52
481,8.0167,3.974,22.396,-0.001,0.504,0.14,-1.65,-0.12,4.002,0.0,0.0,-0.0,0.0,0.0,0.0,3.85,4.5,3.96,3.71
482,8.0333,3.981,22.405,-0.001,0.5036,0.13,-1.6,-0.12,3.829,0.0,0.0,-0.0,0.0,0.0,0.0,3.97,4.19,3.96,3.19
483,8.05,3.988,22.415,-0.001,0.5032,0.14,-1.62,-0.13,4.302,0.0,0.0,-0.0,0.0,0.0,0.0,4.14,4.68,4.04,4.35
484,8.0667,3.996,22.424,-0.002,0.503,0.17,-1.73,-0.13,3.914,0.0,0.0,-0.0,0.0,0.0,0.0,3.88,3.88,3.95,3.94
485,8.0833,4.003,22.432,-0.002,0.5034,0.3,-1.77,-0.13,3.595,0.0,0.0,-0.0,0.0,0.0,0.0,3.67,3.92,3.43,3.36
486,8.1,4.01,22.441,-0.002,0.5037,0.21,-1.7,-0.13,3.906,0.0,0.0,-0.0,0.0,0.0,0.0,3.99,3.53,4.45,3.65
487,8.1167,4.017,22.451,-0.002,0.5038,0.15,-1.65,-0.13,3.822,0.0,0.0,-0.0,0.0,0.0,0.0,3.77,3.94,3.82,3.76
488,8.1333,4.024,22.46,-0.001,0.5034,0.14,-1.6,-0.14,3.916,0.0,0.0,-0.0,0.0,0.0,0.0,3.86,3.89,4.04,3.86
489,8.15,4.032,22.47,-0.002,0.5034,0.16,-1.64,-0.14,4.101,0.0,0.0,-0.0,0.0,0.0,0.0,4.1,4.03,4.04,4.23
490,8.1667,4.039,22.479,-0.002,0.5032,0.19,-1.74,-0.14,3.788,0.0,0.0,-0.0,0.0,0.0,0.0,3.54,3.91,4.12,3.6
491,8.1833,4.046,22.488,-0.002,0.5039,0.27,-1.76,-0.15,3.824,0.0,0.0,-0.0,0.0,0.0,0.0,3.84,4.64,3.19,3.63
492,8.2,4.053,22.497,-0.002,0.504,0.16,-1.67,-0.14,3.953,0.0,0.0,-0.0,0.0,0.0,0.0,4.27,3.48,4.09,3.98
493,8.2167,4.061,22.506,-0.001,0.5039,0.12,-1.65,-0.14,3.446,0.0,0.0,-0.0,0.0,0.0,0.0,3.93,2.82,3.06,3.97
494,8.2333,4.068,22.516,-0.001,0.5034,0.12,-1.58,-0.15,3.903,0.0,0.0,-0.0,0.0,0.0,0.0,3.84,3.55,4.1,4.12
495,8.25,4.075,22.525,-0.002,0.5034,0.15,-1.63,-0.16,4.081,0.0,0.0,-0.0,0.0,0.0,0.0,3.98,4.08,4.05,4.22
496,8.2667,4.082,22.535,-0.002,0.5032,0.19,-1.73,-0.16,4.076,0.0,0.0,-0.0,0.0,0.0,0.0,4.0,4.08,4.08,4.15
497,8.2833,4.089,22.543,-0.002,0.5037,0.26,-1.76,-0.16,3.703,0.0,0.0,-0.0,0.0,0.0,0.0,4.2,3.72,3.44,3.45
498,8.3,4.097,22.553,-0.002,0.5041,0.2,-1.7,-0.16,4.0,0.0,0.0,-0.0,0.0,0.0,0.0,4.06,3.62,4.5,3.82
499,8.3167,4.104,22.563,-0.002,0.5039,0.13,-1.64,-0.16,4.207,0.0,0.0,-0.0,0.0,0.0,0.0,3.73,5.86,3.05,4.19
500,8.3333,4.111,22.572,-0.002,0.5035,0.11,-1.59,-0.16,4.007,0.0,0.0,-0.0,0.0,0.0,0.0,4.02,4.0,4.12,3.89
501,8.35,4.118,22.582,-0.002,0.5025,0.12,-1.54,-0.17,4.631,0.0,0.0,-0.0,0.0,0.0,0.0,5.87,4.01,4.13,4.51
502,8.3667,4.126,22.591,-0.002,0.5028,0.12,-1.74,-0.17,4.187,0.0,0.0,-0.0,0.0,0.0,0.0,4.26,4.08,4.12,4.3
503,8.3833,4.133,22.6,-0.002,0.5032,0.13,-1.77,-0.17,3.628,0.0,0.0,-0.0,0.0,0.0,0.0,3.39,3.34,4.13,3.65
504,8.4,4.14,22.609,-0.002,0.5039,0.13,-1.71,-0.17,3.891,0.0,0.0,-0.0,0.0,0.0,0.0,4.06,3.64,4.15,3.7
505,8.4167,4.147,22.619,-0.002,0.504,0.13,-1.64,-0.17,3.997,0.0,0.0,-0.0,0.0,0.0,0.0,4.22,3.86,4.09,3.82
506,8.4333,4.154,22.629,-0.002,0.5034,0.14,-1.57,-0.17,4.478,0.0,0.0,-0.0,0.0,0.0,0.0,4.01,4.17,4.05,5.68
507,8.45,4.162,22.639,-0.002,0.5026,0.14,-1.54,-0.18,4.431,0.0,0.0,-0.0,0.0,0.0,0.0,4.76,4.18,4.18,4.61
508,8.4667,4.169,22.648,-0.002,0.5027,0.16,-1.7,-0.18,3.957,0.0,0.0,-0.0,0.0,0.0,0.0,4.14,4.07,4.19,3.44
509,8.4833,4.176,22.657,-0.002,0.503,0.17,-1.76,-0.18,3.359,0.0,0.0,-0.0,0.0,0.0,0.0,4.15,3.49,3.47,2.33
510,8.5,4.183,22.666,-0.002,0.5035,0.14,-1.69,-0.18,3.865,0.0,0.0,-0.0,0.0,0.0,0.0,4.17,3.77,3.73,3.79
511,8.5167,4.191,22.676,-0.002,0.5038,0.13,-1.58,-0.17,3.719,0.0,0.0,-0.0,0.0,0.0,0.0,3.33,4.39,2.96,4.19
512,8.5333,4.198,22.685,-0.002,0.5058,0.2,-1.43,-0.17,4.245,0.0,0.0,-0.0,0.0,0.0,0.0,4.15,3.5,5.75,3.58
513,8.55,4.205,22.695,-0.002,0.5071,0.2,-1.24,-0.16,3.065,0.0,0.0,-0.0,0.0,0.0,0.0,4.12,3.7,3.7,0.74
514,8.5667,4.212,22.705,-0.002,0.5083,0.18,-1.05,-0.16,4.134,0.0,0.0,-0.0,0.0,0.0,0.0,4.02,4.16,4.15,4.21
515,8.5833,4.219,22.716,-0.002,0.5096,0.17,-0.96,-0.16,4.139,0.0,0.0,-0.0,0.0,0.0,0.0,4.23,4.05,3.97,4.31
516,8.6,4.227,22.726,-0.002,0.5101,0.16,-0.88,-0.16,4.123,0.0,0.0,-0.0,0.0,0.0,0.0,4.23,4.12,4.07,4.08
517,8.6167,4.234,22.737,-0.002,0.51,0.17,-0.81,-0.16,4.13,0.0,0.0,-0.0,0.0,0.0,0.0,4.26,4.1,4.26,3.89
518,8.6333,4.241,22.747,-0.002,0.5093,0.16,-0.75,-0.16,4.228,0.0,0.0,-0.0,0.0,0.0,0.0,4.23,4.17,4.29,4.23
519,8.65,4.248,22.757,-0.003,0.5094,0.22,-0.84,-0.16,4.318,0.0,0.0,-0.0,0.0,0.0,0.0,4.39,4.14,4.24,4.5
520,8.6667,4.256,22.767,-0.003,0.509,0.19,-0.99,-0.16,3.701,0.0,0.0,-0.0,0.0,0.0,0.0,3.85,3.77,3.23,3.96
521,8.6833,4.263,22.776,-0.002,0.5098,0.16,-0.92,-0.16,4.194,0.0,0.0,-0.0,0.0,0.0,0.0,4.47,4.1,4.02,4.19
522,8.7,4.27,22.786,-0.002,0.5102,0.15,-0.85,-0.16,4.131,0.0,0.0,-0.0,0.0,0.0,0.0,3.72,3.86,4.67,4.28
523,8.7167,4.277,22.796,-0.002,0.51,0.16,-0.79,-0.16,3.965,0.0,0.0,-0.0,0.0,0.0,0.0,0.92,5.54,4.82,4.58
524,8.7333,4.284,22.804,-0.003,0.5118,0.2,-1.05,-0.15,4.389,0.0,0.0,-0.0,0.0,0.0,0.0,4.73,4.27,4.46,4.09
525,8.75,4.292,22.812,-0.003,0.5127,0.2,-1.31,-0.15,4.279,0.0,0.0,-0.0,0.0,0.0,0.0,4.4,4.28,4.33,4.11
526,8.7667,4.299,22.82,-0.002,0.5136,0.14,-1.55,-0.15,3.787,0.0,0.0,-0.0,0.0,0.0,0.0,3.4,3.97,4.12,3.66
527,8.7833,4.306,22.828,-0.002,0.5149,0.11,-1.59,-0.15,5.034,0.0,0.0,-0.0,0.0,0.0,0.0,3.84,3.32,4.27,8.71
528,8.8,4.313,22.837,-0.002,0.5159,0.12,-1.61,-0.14,3.958,0.0,0.0,-0.0,0.0,0.0,0.0,3.77,3.46,4.27,4.33
529,8.8167,4.321,22.846,-0.003,0.5163,0.15,-1.62,-0.14,3.927,0.0,0.0,-0.0,0.0,0.0,0.0,4.0,4.05,4.32,3.33
530,8.8333,4.328,22.856,-0.003,0.5165,0.18,-1.72,-0.14,4.294,0.0,0.0,-0.0,0.0,0.0,0.0,4.3,4.32,4.35,4.22
531,8.85,4.335,22.865,-0.003,0.5164,0.18,-1.82,-0.14,4.289,0.0,0.0,-0.0,0.0,0.0,0.0,4.25,4.23,4.33,4.34
532,8.8667,4.342,22.875,-0.003,0.5163,0.24,-1.86,-0.14,4.37,0.0,0.0,-0.0,0.0,0.0,0.0,4.6,4.06,3.71,5.11
533,8.8833,4.349,22.884,-0.003,0.5168,0.22,-1.8,-0.14,3.957,0.0,0.0,-0.0,0.0,0.0,0.0,4.34,3.89,3.76,3.83
534,8.9,4.357,22.895,-0.003,0.5167,0.16,-1.71,-0.14,4.222,0.0,0.0,-0.0,0.0,0.0,0.0,3.42,3.95,5.45,4.07
535,8.9167,4.364,22.905,-0.003,0.5167,0.18,-1.69,-0.14,4.484,0.0,0.0,-0.0,0.0,0.0,0.0,4.54,4.14,4.49,4.77
536,8.9333,4.371,22.915,-0.003,0.5167,0.18,-1.79,-0.14,4.38,0.0,0.0,-0.0,0.0,0.0,0.0,4.37,4.33,4.37,4.46
537,8.95,4.378,22.925,-0.003,0.5162,0.21,-1.87,-0.14,3.287,0.0,0.0,-0.0,0.0,0.0,0.0,3.63,4.08,3.8,1.64
538,8.9667,4.386,22.934,-0.003,0.517,0.23,-1.83,-0.14,4.179,0.0,0.0,-0.0,0.0,0.0,0.0,4.37,4.22,4.12,4.01
539,8.9833,4.393,22.945,-0.003,0.5171,0.17,-1.74,-0.13,4.346,0.0,0.0,-0.0,0.0,0.0,0.0,4.33,3.99,4.86,4.21
540,9.0,4.4,22.955,-0.002,0.5165,0.12,-1.67,-0.13,4.22,0.0,0.0,-0.0,0.0,0.0,0.0,3.8,3.97,4.7,4.41
541,9.0167,4.407,22.966,-0.003,0.5168,0.15,-1.74,-0.14,4.322,0.0,0.0,-0.0,0.0,0.0,0.0,4.42,4.29,4.36,4.21
542,9.0333,4.414,22.975,-0.003,0.5166,0.17,-1.83,-0.14,4.404,0.0,0.0,-0.0,0.0,0.0,0.0,4.37,4.4,4.41,4.44
543,9.05,4.422,22.985,-0.003,0.5165,0.21,-1.86,-0.14,3.919,0.0,0.0,-0.0,0.0,0.0,0.0,4.12,4.27,3.94,3.35
544,9.0667,4.429,22.995,-0.003,0.517,0.2,-1.81,-0.14,4.115,0.0,0.0,-0.0,0.0,0.0,0.0,4.42,4.05,4.15,3.84
545,9.0833,4.436,23.006,-0.003,0.5169,0.15,-1.72,-0.14,4.435,0.0,0.0,-0.0,0.0,0.0,0.0,4.54,4.05,4.76,4.39
546,9.1,4.443,23.016,-0.002,0.5161,0.13,-1.62,-0.14,4.731,0.0,0.0,-0.0,0.0,0.0,0.0,5.58,4.59,3.41,5.35
547,9.1167,4.451,23.027,-0.003,0.5165,0.16,-1.71,-0.11,4.558,0.0,0.0,-0.0,0.0,0.0,0.0,4.51,4.43,4.46,4.83
548,9.1333,4.458,23.037,-0.003,0.5162,0.2,-1.86,-0.11,3.927,0.0,0.0,-0.0,0.0,0.0,0.0,2.6,5.3,4.83,2.98
549,9.15,4.465,23.046,-0.002,0.5166,0.08,-1.9,-0.12,3.644,0.0,0.0,-0.0,0.0,0.0,0.0,3.97,2.04,4.42,4.15
550,9.1667,4.472,23.056,-0.002,0.517,0.09,-1.79,-0.11,4.132,0.0,0.0,-0.0,0.0,0.0,0.0,3.98,3.82,4.47,4.26
551,9.1833,4.479,23.067,-0.003,0.5165,0.14,-1.66,-0.11,4.192,0.0,0.0,-0.0,0.0,0.0,0.0,3.65,4.22,4.41,4.49
552,9.2,4.487,23.078,-0.003,0.516,0.19,-1.62,-0.11,4.72,0.0,0.0,-0.0,0.0,0.0,0.0,4.71,4.35,4.77,5.04
553,9.2167,4.494,23.088,-0.003,0.5161,0.22,-1.77,-0.11,4.641,0.0,0.0,-0.0,0.0,0.0,0.0,2.14,7.57,5.12,3.73
554,9.2333,4.501,23.098,-0.003,0.5158,0.17,-1.88,-0.08,4.036,0.0,0.0,-0.0,0.0,0.0,0.0,4.08,4.34,4.08,3.64
555,9.25,4.508,23.108,-0.003,0.5165,0.11,-1.85,-0.07,4.052,0.0,0.0,-0.0,0.0,0.0,0.0,3.82,4.07,4.53,3.79
556,9.2667,4.516,23.119,-0.003,0.5166,0.12,-1.76,-0.06,5.15,0.0,0.0,-0.0,0.0,0.0,0.0,8.95,4.71,2.96,3.99
557,9.2833,4.523,23.129,-0.003,0.5169,0.16,-1.75,-0.06,4.478,0.0,0.0,-0.0,0.0,0.0,0.0,4.52,4.51,4.37,4.51
558,9.3,4.53,23.14,-0.003,0.5165,0.14,-1.7,-0.07,4.333,0.0,0.0,-0.0,0.0,0.0,0.0,5.13,4.49,3.17,4.54
559,9.3167,4.537,23.15,-0.003,0.5171,0.13,-1.79,-0.07,4.499,0.0,0.0,-0.0,0.0,0.0,0.0,4.55,4.47,4.51,4.47
560,9.3333,4.544,23.161,-0.003,0.5168,0.08,-1.87,-0.07,4.217,0.0,0.0,-0.0,0.0,0.0,0.0,4.21,4.43,4.46,3.77
561,9.35,4.552,23.171,-0.003,0.5169,0.1,-1.77,-0.07,4.232,0.0,0.0,-0.0,0.0,0.0,0.0,4.28,3.98,4.55,4.11
562,9.3667,4.559,23.182,-0.003,0.5176,0.14,-1.48,-0.07,3.918,0.0,0.0,-0.0,0.0,0.0,0.0,3.45,3.72,4.58,3.92
563,9.3833,4.566,23.193,-0.003,0.5197,0.14,-1.28,-0.07,4.13,0.0,0.0,-0.0,0.0,0.0,0.0,4.3,3.21,4.58,4.43
564,9.4,4.573,23.203,-0.003,0.5216,0.13,-1.17,-0.07,4.312,0.0,0.0,-0.0,0.0,0.0,0.0,4.19,4.24,4.57,4.24
565,9.4167,4.581,23.214,-0.003,0.5229,0.13,-1.07,-0.07,4.692,0.0,0.0,-0.0,0.0,0.0,0.0,5.37,4.74,4.57,4.09
566,9.4333,4.588,23.225,-0.003,0.5234,0.14,-0.94,-0.06,4.679,0.0,0.0,-0.0,0.0,0.0,0.0,5.49,4.28,4.66,4.27
567,9.45,4.595,23.237,-0.003,0.5232,0.16,-0.81,-0.06,4.482,0.0,0.0,-0.0,0.0,0.0,0.0,4.42,4.74,4.52,4.25
568,9.4667,4.602,23.248,-0.003,0.5233,0.12,-0.8,-0.06,4.661,0.0,0.0,-0.0,0.0,0.0,0.0,4.72,4.57,4.61,4.74
569,9.4833,4.609,23.259,-0.003,0.5234,0.14,-0.92,-0.07,4.762,0.0,0.0,-0.0,0.0,0.0,0.0,4.69,5.02,4.73,4.6
570,9.5,4.617,23.269,-0.003,0.5228,0.16,-1.04,-0.07,3.899,0.0,0.0,-0.0,0.0,0.0,0.0,3.92,3.25,4.12,4.3
571,9.5167,4.624,23.279,-0.003,0.5235,0.08,-1.0,-0.08,4.393,0.0,0.0,-0.0,0.0,0.0,0.0,4.13,4.05,4.45,4.94
572,9.5333,4.631,23.289,-0.003,0.5234,0.13,-0.86,-0.08,4.741,0.0,0.0,-0.0,0.0,0.0,0.0,4.63,4.24,4.63,5.46
573,9.55,4.638,23.3,-0.003,0.5249,0.26,-0.96,-0.06,4.755,0.0,0.0,-0.0,0.0,0.0,0.0,5.14,4.73,4.66,4.48
574,9.5667,4.646,23.309,-0.004,0.5264,0.28,-1.25,-0.07,4.679,0.0,0.0,-0.0,0.0,0.0,0.0,4.89,4.64,4.86,4.34
575,9.5833,4.653,23.317,-0.003,0.5271,0.24,-1.54,-0.08,4.606,0.0,0.0,-0.0,0.0,0.0,0.0,4.7,4.58,4.65,4.49
576,9.6,4.66,23.326,-0.004,0.528,0.26,-1.66,-0.09,4.577,0.0,0.0,-0.0,0.0,0.0,0.0,4.09,3.81,6.46,3.96
577,9.6167,4.667,23.335,-0.003,0.5294,0.2,-1.7,-0.08,4.438,0.0,0.0,-0.0,0.0,0.0,0.0,4.89,4.08,4.67,4.12
578,9.6333,4.674,23.345,-0.003,0.5301,0.16,-1.75,-0.07,4.279,0.0,0.0,-0.0,0.0,0.0,0.0,4.0,4.13,4.7,4.28
579,9.65,4.682,23.356,-0.003,0.5307,0.19,-1.83,-0.08,4.087,0.0,0.0,-0.0,0.0,0.0,0.0,4.58,4.46,3.65,3.65
580,9.6667,4.689,23.366,-0.003,0.5306,0.22,-1.93,-0.08,4.609,0.0,0.0,-0.0,0.0,0.0,0.0,4.66,4.65,4.64,4.48
581,9.6833,4.696,23.377,-0.003,0.5303,0.24,-1.94,-0.07,3.944,0.0,0.0,-0.0,0.0,0.0,0.0,4.62,4.01,3.67,3.47
582,9.7,4.703,23.388,-0.003,0.5305,0.2,-1.81,-0.07,4.687,0.0,0.0,-0.0,0.0,0.0,0.0,4.34,5.52,4.47,4.42
583,9.7167,4.711,23.399,-0.003,0.5303,0.16,-1.74,-0.07,4.77,0.0,0.0,-0.0,0.0,0.0,0.0,4.53,5.32,4.7,4.53
584,9.7333,4.718,23.41,-0.003,0.5306,0.16,-1.81,-0.08,4.26,0.0,0.0,-0.0,0.0,0.0,0.0,4.89,3.84,4.51,3.8
585,9.75,4.725,23.421,-0.003,0.5306,0.18,-1.89,-0.08,4.358,0.0,0.0,-0.0,0.0,0.0,0.0,4.6,4.92,5.04,2.87
586,9.7667,4.732,23.431,-0.003,0.53,0.2,-1.97,-0.08,4.535,0.0,0.0,-0.0,0.0,0.0,0.0,4.29,5.51,3.79,4.55
587,9.7833,4.739,23.442,-0.004,0.5303,0.21,-1.85,-0.09,4.508,0.0,0.0,-0.0,0.0,0.0,0.0,4.39,4.67,4.6,4.38
588,9.8,4.747,23.453,-0.003,0.5305,0.17,-1.77,-0.08,5.316,0.0,0.0,-0.0,0.0,0.0,0.0,6.51,5.58,4.74,4.44
589,9.8167,4.754,23.464,-0.003,0.5305,0.11,-1.76,-0.08,4.73,0.0,0.0,-0.0,0.0,0.0,0.0,4.65,4.99,4.58,4.71
590,9.8333,4.761,23.475,-0.003,0.5308,0.12,-1.81,-0.09,4.55,0.0,0.0,-0.0,0.0,0.0,0.0,3.7,5.13,4.6,4.77
591,9.85,4.768,23.486,-0.003,0.5301,0.19,-1.95,-0.09,4.826,0.0,0.0,-0.0,0.0,0.0,0.0,5.09,5.88,3.82,4.51
592,9.8667,4.776,23.496,-0.003,0.5305,0.13,-1.93,-0.08,4.58,0.0,0.0,-0.0,0.0,0.0,0.0,4.24,4.85,4.85,4.38
593,9.8833,4.783,23.507,-0.003,0.5306,0.13,-1.82,-0.07,4.766,0.0,0.0,-0.0,0.0,0.0,0.0,5.18,4.09,4.79,5.01
594,9.9,4.79,23.518,-0.003,0.5304,0.14,-1.72,-0.07,5.287,0.0,0.0,-0.0,0.0,0.0,0.0,5.55,5.75,5.3,4.55
595,9.9167,4.797,23.53,-0.003,0.5307,0.12,-1.79,-0.08,4.892,0.0,0.0,-0.0,0.0,0.0,0.0,4.78,5.36,4.65,4.78
596,9.9333,4.804,23.54,-0.003,0.5301,0.16,-1.91,-0.08,5.096,0.0,0.0,-0.0,0.0,0.0,0.0,5.24,5.56,4.8,4.78
597,9.95,4.812,23.551,-0.003,0.5298,0.13,-1.93,-0.08,4.083,0.0,0.0,-0.0,0.0,0.0,0.0,4.15,3.28,4.76,4.13
598,9.9667,4.819,23.562,-0.003,0.5303,0.12,-1.84,-0.08,4.235,0.0,0.0,-0.0,0.0,0.0,0.0,4.8,4.43,4.27,3.44
599,9.9833,4.826,23.573,-0.003,0.5302,0.12,-1.78,-0.08,5.404,0.0,0.0,-0.0,0.0,0.0,0.0,4.98,5.25,5.26,6.13
600,10.0,4.833,23.585,-0.003,0.5305,0.1,-1.83,-0.08,5.071,0.0,0.0,-0.0,0.0,0.0,0.0,5.53,5.17,4.68,4.89
601,10.0167,4.841,23.596,-0.003,0.5309,0.11,-1.89,-0.08,4.725,0.0,0.0,-0.0,0.0,0.0,0.0,4.64,4.82,4.83,4.62
602,10.0333,4.848,23.607,-0.002,0.5307,0.08,-1.95,-0.07,4.505,0.0,0.0,-0.0,0.0,0.0,0.0,3.62,4.84,4.84,4.72
603,10.05,4.855,23.618,-0.003,0.5306,0.12,-1.83,-0.06,4.565,0.0,0.0,-0.0,0.0,0.0,0.0,4.93,4.22,4.86,4.25
604,10.0667,4.862,23.63,-0.003,0.5304,0.14,-1.73,-0.06,5.349,0.0,0.0,-0.0,0.0,0.0,0.0,5.24,5.68,5.47,5.01
605,10.0833,4.869,23.641,-0.003,0.5308,0.13,-1.8,-0.07,4.692,0.0,0.0,-0.0,0.0,0.0,0.0,5.08,5.29,3.57,4.83
606,10.1,4.877,23.652,-0.003,0.5302,0.19,-1.95,-0.09,4.539,0.0,0.0,-0.0,0.0,0.0,0.0,4.85,5.09,3.38,4.84
607,10.1167,4.884,23.663,-0.003,0.5302,0.15,-1.94,-0.08,4.317,0.0,0.0,-0.0,0.0,0.0,0.0,4.12,4.14,4.84,4.17
608,10.1333,4.891,23.674,-0.003,0.5306,0.14,-1.8,-0.08,3.547,0.0,0.0,-0.0,0.0,0.0,0.0,3.04,2.8,4.51,3.84
609,10.15,4.898,23.685,-0.002,0.5323,0.09,-1.48,-0.06,4.891,0.0,0.0,-0.0,0.0,0.0,0.0,4.61,3.92,3.56,7.48
610,10.1667,4.906,23.696,-0.002,0.5345,0.09,-1.31,-0.06,4.838,0.0,0.0,-0.0,0.0,0.0,0.0,4.35,4.42,6.88,3.7
611,10.1833,4.913,23.708,-0.002,0.5364,0.09,-1.2,-0.06,4.728,0.0,0.0,-0.0,0.0,0.0,0.0,4.41,4.89,4.89,4.72
612,10.2,4.92,23.719,-0.002,0.5375,0.09,-1.08,-0.05,4.879,0.0,0.0,-0.0,0.0,0.0,0.0,5.35,4.63,5.0,4.53
613,10.2167,4.927,23.731,-0.003,0.5376,0.14,-0.92,-0.06,4.933,0.0,0.0,-0.0,0.0,0.0,0.0,5.7,4.59,4.93,4.52
614,10.2333,4.934,23.743,-0.003,0.5377,0.16,-0.85,-0.05,5.237,0.0,0.0,-0.0,0.0,0.0,0.0,5.22,5.61,5.32,4.8
615,10.25,4.942,23.755,-0.003,0.5378,0.18,-0.93,-0.06,4.934,0.0,0.0,-0.0,0.0,0.0,0.0,4.93,4.96,5.05,4.78
616,10.2667,4.949,23.767,-0.003,0.537,0.22,-1.03,-0.06,4.835,0.0,0.0,-0.0,0.0,0.0,0.0,5.29,5.26,3.89,4.9
617,10.2833,4.956,23.778,-0.004,0.537,0.28,-0.95,-0.07,5.603,0.0,0.0,-0.0,0.0,0.0,0.0,3.67,6.8,7.3,4.64
618,10.3,4.963,23.789,-0.003,0.5373,0.2,-0.87,-0.07,4.514,0.0,0.0,-0.0,0.0,0.0,0.0,7.67,5.11,0.62,4.66
619,10.3167,4.971,23.8,-0.003,0.5393,0.21,-1.1,-0.07,5.229,0.0,0.0,-0.0,0.0,0.0,0.0,5.5,4.91,5.64,4.86
620,10.3333,4.978,23.809,-0.003,0.5408,0.21,-1.39,-0.07,5.263,0.0,0.0,-0.0,0.0,0.0,0.0,4.17,4.72,5.32,6.84
621,10.35,4.985,23.819,-0.004,0.5418,0.24,-1.68,-0.07,5.031,0.0,0.0,-0.0,0.0,0.0,0.0,4.99,4.68,4.96,5.49
622,10.3667,4.992,23.829,-0.004,0.5432,0.23,-1.73,-0.07,4.441,0.0,0.0,-0.0,0.0,0.0,0.0,4.98,4.2,4.28,4.3
623,10.3833,4.999,23.839,-0.003,0.5443,0.19,-1.77,-0.07,5.323,0.0,0.0,-0.0,0.0,0.0,0.0,4.92,4.75,5.11,6.51
624,10.4,5.007,23.85,-0.003,0.5451,0.15,-1.86,-0.06,5.033,0.0,0.0,-0.0,0.0,0.0,0.0,5.01,4.67,4.96,5.49
625,10.4167,5.014,23.861,-0.003,0.5452,0.19,-1.94,-0.06,4.934,0.0,0.0,-0.0,0.0,0.0,0.0,5.25,4.92,4.62,4.94
626,10.4333,5.021,23.873,-0.004,0.5445,0.21,-2.01,-0.06,4.978,0.0,0.0,-0.0,0.0,0.0,0.0,5.02,4.92,4.85,5.13
627,10.45,5.028,23.884,-0.004,0.5444,0.24,-1.92,-0.06,4.539,0.0,0.0,-0.0,0.0,0.0,0.0,4.54,4.04,4.67,4.9
628,10.4667,5.036,23.896,-0.004,0.5447,0.19,-1.82,-0.07,4.628,0.0,0.0,-0.0,0.0,0.0,0.0,6.78,4.33,1.78,5.62
629,10.4833,5.043,23.908,-0.003,0.5451,0.04,-1.79,-0.06,4.91,0.0,0.0,-0.0,0.0,0.0,0.0,3.49,4.95,5.98,5.22
630,10.5,5.05,23.919,-0.003,0.5454,0.12,-1.9,-0.07,5.271,0.0,0.0,-0.0,0.0,0.0,0.0,5.19,5.83,5.02,5.04
631,10.5167,5.057,23.931,-0.004,0.5444,0.23,-2.02,-0.07,5.154,0.0,0.0,-0.0,0.0,0.0,0.0,5.07,5.06,5.43,5.06
632,10.5333,5.064,23.942,-0.003,0.5448,0.12,-1.99,-0.06,4.845,0.0,0.0,-0.0,0.0,0.0,0.0,4.59,5.07,5.08,4.64
633,10.55,5.072,23.954,-0.003,0.5448,0.11,-1.84,-0.05,5.301,0.0,0.0,-0.0,0.0,0.0,0.0,6.98,4.11,5.06,5.06
634,10.5667,5.079,23.965,-0.003,0.5451,0.1,-1.79,-0.05,4.735,0.0,0.0,-0.0,0.0,0.0,0.0,3.66,5.2,5.0,5.08
635,10.5833,5.086,23.977,-0.003,0.545,0.17,-1.89,-0.06,5.234,0.0,0.0,-0.0,0.0,0.0,0.0,5.08,5.93,4.85,5.08
636,10.6,5.093,23.988,-0.004,0.5443,0.24,-2.04,-0.06,5.274,0.0,0.0,-0.0,0.0,0.0,0.0,5.12,5.49,5.18,5.32
637,10.6167,5.101,24.0,-0.003,0.5444,0.14,-1.99,-0.05,5.122,0.0,0.0,-0.0,0.0,0.0,0.0,6.59,4.31,5.12,4.46
638,10.6333,5.108,24.012,-0.003,0.5446,0.14,-1.87,-0.05,5.661,0.0,0.0,-0.0,0.0,0.0,0.0,4.86,5.84,5.08,6.87
639,10.65,5.115,24.023,-0.003,0.5453,0.14,-1.89,-0.05,5.028,0.0,0.0,-0.0,0.0,0.0,0.0,5.11,5.05,4.84,5.11
640,10.6667,5.122,24.035,-0.003,0.5453,0.17,-1.92,-0.05,5.101,0.0,0.0,-0.0,0.0,0.0,0.0,5.13,5.13,5.0,5.14
641,10.6833,5.129,24.047,-0.003,0.5453,0.13,-1.98,-0.06,4.943,0.0,0.0,-0.0,0.0,0.0,0.0,4.57,5.12,5.11,4.98
642,10.7,5.137,24.059,-0.003,0.5449,0.09,-1.94,-0.04,4.684,0.0,0.0,-0.0,0.0,0.0,0.0,4.48,4.59,5.18,4.49
643,10.7167,5.144,24.071,-0.003,0.545,0.14,-1.83,-0.04,5.151,0.0,0.0,-0.0,0.0,0.0,0.0,5.24,5.29,5.05,5.02
644,10.7333,5.151,24.083,-0.003,0.5454,0.15,-1.88,-0.05,5.542,0.0,0.0,-0.0,0.0,0.0,0.0,5.17,6.54,5.28,5.18
645,10.75,5.158,24.094,-0.004,0.5448,0.23,-1.97,-0.04,5.791,0.0,0.0,-0.0,0.0,0.0,0.0,5.44,6.58,5.83,5.33
646,10.7667,5.166,24.106,-0.004,0.5446,0.21,-1.96,-0.03,4.77,0.0,0.0,-0.0,0.0,0.0,0.0,4.62,4.99,5.15,4.32
647,10.7833,5.173,24.118,-0.003,0.5447,0.14,-1.87,-0.02,4.468,0.0,0.0,-0.0,0.0,0.0,0.0,4.81,4.5,5.16,3.41
648,10.8,5.18,24.13,-0.003,0.5454,0.14,-1.86,-0.02,5.135,0.0,0.0,-0.0,0.0,0.0,0.0,5.22,5.12,5.03,5.18
649,10.8167,5.187,24.142,-0.003,0.5453,0.15,-1.9,-0.02,5.223,0.0,0.0,-0.0,0.0,0.0,0.0,5.21,6.0,4.51,5.17
650,10.8333,5.194,24.153,-0.004,0.5444,0.26,-2.01,-0.02,4.957,0.0,0.0,-0.0,0.0,0.0,0.0,4.82,5.41,5.06,4.55
651,10.85,5.202,24.165,-0.003,0.5449,0.15,-1.95,-0.01,4.969,0.0,0.0,-0.0,0.0,0.0,0.0,4.68,5.27,5.22,4.71
652,10.8667,5.209,24.176,-0.003,0.5455,0.19,-1.68,-0.02,5.334,0.0,0.0,-0.0,0.0,0.0,0.0,7.95,5.37,2.8,5.22
653,10.8833,5.216,24.188,-0.003,0.5483,0.2,-1.49,-0.02,4.731,0.0,0.0,-0.0,0.0,0.0,0.0,5.31,4.99,4.1,4.53
654,10.9,5.223,24.2,-0.003,0.5502,0.21,-1.28,-0.01,4.97,0.0,0.0,-0.0,0.0,0.0,0.0,5.21,4.9,4.87,4.91
655,10.9167,5.231,24.213,-0.003,0.5515,0.21,-1.11,-0.01,5.389,0.0,0.0,-0.0,0.0,0.0,0.0,5.0,6.3,5.18,5.08
656,10.9333,5.238,24.226,-0.003,0.5519,0.2,-0.94,-0.01,5.466,0.0,0.0,-0.0,0.0,0.0,0.0,6.72,4.87,5.25,5.03
657,10.95,5.245,24.239,-0.003,0.5526,0.17,-0.94,-0.01,5.521,0.0,0.0,-0.0,0.0,0.0,0.0,5.8,5.54,5.51,5.24
658,10.9667,5.252,24.251,-0.003,0.5528,0.23,-1.02,-0.02,4.969,0.0,0.0,-0.0,0.0,0.0,0.0,5.25,5.25,4.28,5.09
659,10.9833,5.259,24.263,-0.004,0.552,0.28,-1.07,-0.02,5.262,0.0,0.0,-0.0,0.0,0.0,0.0,5.25,5.34,5.18,5.28
660,11.0,5.267,24.276,-0.003,0.5519,0.23,-0.96,-0.02,5.07,0.0,0.0,-0.0,0.0,0.0,0.0,4.94,5.2,5.28,4.86
661,11.0167,5.274,24.288,-0.003,0.5521,0.17,-0.87,-0.01,6.056,0.0,0.0,-0.0,0.0,0.0,0.0,5.17,6.0,5.7,7.36
662,11.0333,5.281,24.299,-0.002,0.5546,0.05,-1.12,-0.01,5.505,0.0,0.0,-0.0,0.0,0.0,0.0,5.92,5.34,5.48,5.28
663,11.05,5.288,24.309,-0.002,0.5565,0.11,-1.44,-0.03,5.498,0.0,0.0,-0.0,0.0,0.0,0.0,5.29,6.18,5.22,5.29
664,11.0667,5.296,24.319,-0.003,0.5574,0.19,-1.79,-0.04,5.229,0.0,0.0,-0.0,0.0,0.0,0.0,5.29,5.11,5.23,5.29
665,11.0833,5.303,24.329,-0.003,0.5587,0.2,-1.89,-0.05,4.643,0.0,0.0,-0.0,0.0,0.0,0.0,5.35,4.52,4.23,4.47
666,11.1,5.31,24.34,-0.003,0.56,0.19,-1.93,-0.04,5.093,0.0,0.0,-0.0,0.0,0.0,0.0,5.29,4.73,5.29,5.06
667,11.1167,5.317,24.352,-0.003,0.5603,0.17,-1.98,-0.04,5.232,0.0,0.0,-0.0,0.0,0.0,0.0,5.32,4.75,5.02,5.83
668,11.1333,5.324,24.364,-0.003,0.5601,0.22,-2.02,-0.04,5.264,0.0,0.0,-0.0,0.0,0.0,0.0,5.32,5.29,5.09,5.35
669,11.15,5.332,24.376,-0.003,0.5595,0.26,-2.04,-0.04,4.792,0.0,0.0,-0.0,0.0,0.0,0.0,3.79,4.92,4.91,5.55
670,11.1667,5.339,24.388,-0.003,0.5596,0.14,-1.96,-0.04,5.148,0.0,0.0,-0.0,0.0,0.0,0.0,5.08,5.34,5.35,4.82
671,11.1833,5.346,24.401,-0.002,0.5598,0.08,-1.86,-0.04,5.228,0.0,0.0,-0.0,0.0,0.0,0.0,5.28,5.07,5.2,5.35
672,11.2,5.353,24.413,-0.003,0.5604,0.14,-1.93,-0.04,5.279,0.0,0.0,-0.0,0.0,0.0,0.0,5.32,5.23,5.23,5.35
673,11.2167,5.361,24.425,-0.003,0.5598,0.21,-2.0,-0.05,4.991,0.0,0.0,-0.0,0.0,0.0,0.0,5.35,4.35,4.9,5.37
674,11.2333,5.368,24.437,-0.003,0.5594,0.17,-2.07,-0.05,4.746,0.0,0.0,-0.0,0.0,0.0,0.0,5.26,4.86,4.35,4.51
675,11.25,5.375,24.449,-0.002,0.5593,0.05,-1.91,-0.04,4.948,0.0,0.0,-0.0,0.0,0.0,0.0,5.52,4.5,4.41,5.36
676,11.2667,5.382,24.462,-0.002,0.5601,0.12,-1.95,-0.04,5.368,0.0,0.0,-0.0,0.0,0.0,0.0,5.34,5.45,5.3,5.37
677,11.2833,5.389,24.474,-0.003,0.5604,0.18,-2.01,-0.04,5.167,0.0,0.0,-0.0,0.0,0.0,0.0,4.92,5.43,5.41,4.91
678,11.3,5.397,24.486,-0.003,0.5602,0.19,-2.01,-0.04,5.055,0.0,0.0,-0.0,0.0,0.0,0.0,4.42,5.39,5.3,5.12
679,11.3167,5.404,24.499,-0.002,0.5596,0.12,-1.97,-0.03,4.889,0.0,0.0,-0.0,0.0,0.0,0.0,3.97,5.47,5.41,4.7
680,11.3333,5.411,24.512,-0.002,0.5599,0.12,-1.89,-0.03,5.421,0.0,0.0,-0.0,0.0,0.0,0.0,5.48,5.32,5.47,5.41
681,11.35,5.418,24.524,-0.003,0.5605,0.18,-1.97,-0.03,5.239,0.0,0.0,-0.0,0.0,0.0,0.0,5.42,5.42,4.71,5.41
682,11.3667,5.426,24.536,-0.003,0.5599,0.26,-2.06,-0.03,5.136,0.0,0.0,-0.0,0.0,0.0,0.0,5.4,4.83,4.92,5.39
683,11.3833,5.433,24.549,-0.003,0.5595,0.22,-1.99,-0.03,5.149,0.0,0.0,-0.0,0.0,0.0,0.0,4.83,5.64,5.45,4.68
684,11.4,5.44,24.561,-0.002,0.5595,0.13,-1.91,-0.03,5.615,0.0,0.0,-0.0,0.0,0.0,0.0,4.03,5.71,5.17,7.55
685,11.4167,5.447,24.574,-0.002,0.5605,0.1,-1.9,-0.03,5.402,0.0,0.0,-0.0,0.0,0.0,0.0,5.65,5.2,5.35,5.41
686,11.4333,5.454,24.586,-0.003,0.5603,0.2,-2.01,-0.04,5.242,0.0,0.0,-0.0,0.0,0.0,0.0,5.78,3.44,6.28,5.47
687,11.45,5.462,24.598,-0.003,0.5597,0.25,-2.04,-0.05,4.909,0.0,0.0,-0.0,0.0,0.0,0.0,4.01,5.48,5.17,4.97
688,11.4667,5.469,24.611,-0.002,0.5596,0.12,-1.97,-0.04,5.104,0.0,0.0,-0.0,0.0,0.0,0.0,4.54,5.5,5.49,4.89
689,11.4833,5.476,24.623,-0.002,0.5601,0.16,-1.94,-0.04,5.489,0.0,0.0,-0.0,0.0,0.0,0.0,5.26,5.41,5.47,5.82
690,11.5,5.483,24.636,-0.003,0.5604,0.24,-2.0,-0.04,5.436,0.0,0.0,-0.0,0.0,0.0,0.0,5.48,5.48,5.41,5.37
691,11.5167,5.491,24.648,-0.003,0.5596,0.3,-2.07,-0.04,5.235,0.0,0.0,-0.0,0.0,0.0,0.0,5.48,5.34,5.0,5.12
692,11.5333,5.498,24.661,-0.003,0.5593,0.25,-1.99,-0.04,5.197,0.0,0.0,-0.0,0.0,0.0,0.0,5.4,5.13,5.43,4.83
693,11.55,5.505,24.673,-0.002,0.5611,0.18,-1.81,-0.06,5.038,0.0,0.0,-0.0,0.0,0.0,0.0,6.53,4.41,3.76,5.44
694,11.5667,5.512,24.685,-0.003,0.5637,0.21,-1.58,-0.05,5.184,0.0,0.0,-0.0,0.0,0.0,0.0,5.61,4.76,4.89,5.48
695,11.5833,5.519,24.698,-0.002,0.5654,0.2,-1.33,-0.05,4.857,0.0,0.0,-0.0,0.0,0.0,0.0,4.16,4.66,6.48,4.12
696,11.6,5.527,24.712,-0.003,0.5666,0.22,-1.11,-0.04,5.2,0.0,0.0,-0.0,0.0,0.0,0.0,4.42,5.65,5.51,5.22
697,11.6167,5.534,24.726,-0.003,0.5669,0.19,-0.94,-0.04,5.488,0.0,0.0,-0.0,0.0,0.0,0.0,5.84,5.18,5.25,5.68
698,11.6333,5.541,24.739,-0.003,0.568,0.17,-1.0,-0.03,5.767,0.0,0.0,-0.0,0.0,0.0,0.0,5.88,5.76,5.91,5.53
699,11.65,5.548,24.752,-0.003,0.5679,0.23,-1.07,-0.03,5.275,0.0,0.0,-0.0,0.0,0.0,0.0,5.54,5.52,4.56,5.49
700,11.6667,5.556,24.765,-0.003,0.5668,0.28,-1.12,-0.03,5.35,0.0,0.0,-0.0,0.0,0.0,0.0,5.39,5.16,5.69,5.16
701,11.6833,5.563,24.778,-0.002,0.5672,0.17,-1.0,-0.05,5.231,0.0,0.0,-0.0,0.0,0.0,0.0,4.72,5.39,5.5,5.31
702,11.7,5.57,24.791,-0.002,0.5681,0.11,-0.96,-0.06,4.546,0.0,0.0,-0.0,0.0,0.0,0.0,0.1,6.6,5.84,5.63
703,11.7167,5.577,24.802,-0.002,0.5708,0.08,-1.31,-0.06,5.582,0.0,0.0,-0.0,0.0,0.0,0.0,4.6,6.35,5.8,5.58
704,11.7333,5.584,24.812,-0.002,0.5724,0.12,-1.6,-0.06,5.38,0.0,0.0,-0.0,0.0,0.0,0.0,5.58,4.82,5.53,5.59
705,11.75,5.592,24.823,-0.002,0.5732,0.16,-1.9,-0.07,5.762,0.0,0.0,-0.0,0.0,0.0,0.0,5.6,7.87,5.14,4.43
706,11.7667,5.599,24.834,-0.002,0.5744,0.06,-1.95,-0.03,6.178,0.0,0.0,-0.0,0.0,0.0,0.0,8.61,4.36,6.2,5.54
707,11.7833,5.606,24.845,-0.002,0.5755,0.14,-2.0,-0.04,5.249,0.0,0.0,-0.0,0.0,0.0,0.0,5.62,5.02,4.77,5.59
708,11.8,5.613,24.857,-0.003,0.576,0.26,-2.09,-0.04,5.451,0.0,0.0,-0.0,0.0,0.0,0.0,5.6,5.33,5.22,5.66
709,11.8167,5.621,24.869,-0.004,0.5756,0.38,-2.21,-0.05,5.2,0.0,0.0,-0.0,0.0,0.0,0.0,5.51,5.38,4.67,5.24
710,11.8333,5.628,24.882,-0.003,0.5749,0.13,-2.12,-0.05,5.093,0.0,0.0,-0.0,0.0,0.0,0.0,2.93,5.64,7.09,4.72
711,11.85,5.635,24.894,-0.002,0.5752,0.05,-2.0,-0.05,6.055,0.0,0.0,-0.0,0.0,0.0,0.0,5.5,5.26,7.85,5.61
712,11.8667,5.642,24.907,-0.003,0.5759,0.18,-2.08,-0.02,5.492,0.0,0.0,-0.0,0.0,0.0,0.0,5.63,5.91,4.79,5.65
713,11.8833,5.649,24.92,-0.003,0.576,0.21,-2.08,-0.02,5.476,0.0,0.0,-0.0,0.0,0.0,0.0,5.36,5.65,5.64,5.25
714,11.9,5.657,24.933,-0.003,0.5753,0.18,-2.08,-0.02,4.807,0.0,0.0,-0.0,0.0,0.0,0.0,2.51,5.48,5.39,5.85
715,11.9167,5.664,24.946,-0.002,0.5748,0.07,-1.99,-0.03,5.415,0.0,0.0,-0.0,0.0,0.0,0.0,5.15,5.38,4.11,7.02
716,11.9333,5.671,24.959,-0.003,0.5761,0.18,-2.06,-0.03,5.506,0.0,0.0,-0.0,0.0,0.0,0.0,5.62,5.37,5.37,5.66
717,11.95,5.678,24.971,-0.003,0.5761,0.29,-2.14,-0.03,5.909,0.0,0.0,-0.0,0.0,0.0,0.0,5.66,5.51,6.74,5.72
718,11.9667,5.686,24.984,-0.004,0.5751,0.27,-2.07,-0.08,4.924,0.0,0.0,-0.0,0.0,0.0,0.0,3.93,5.18,6.24,4.35
719,11.9833,5.693,24.997,-0.003,0.5749,0.12,-2.01,-0.08,5.623,0.0,0.0,-0.0,0.0,0.0,0.0,6.86,4.73,5.27,5.63
720,12.0,5.7,25.01,-0.002,0.5761,0.08,-2.0,-0.08,5.542,0.0,0.0,-0.0,0.0,0.0,0.0,5.34,5.48,5.67,5.68
721,12.0167,5.707,25.023,-0.003,0.576,0.2,-2.07,-0.08,5.75,0.0,0.0,-0.0,0.0,0.0,0.0,5.77,4.99,6.54,5.7
722,12.0333,5.714,25.036,-0.004,0.5751,0.28,-2.11,-0.09,5.099,0.0,0.0,-0.0,0.0,0.0,0.0,4.39,4.99,5.4,5.62
723,12.05,5.722,25.049,-0.003,0.5752,0.16,-2.02,-0.08,5.445,0.0,0.0,-0.0,0.0,0.0,0.0,5.28,5.72,5.7,5.07
724,12.0667,5.729,25.061,-0.003,0.5758,0.14,-2.05,-0.08,5.548,0.0,0.0,-0.0,0.0,0.0,0.0,5.45,5.26,5.74,5.74
725,12.0833,5.736,25.074,-0.004,0.5761,0.26,-2.09,-0.08,5.778,0.0,0.0,-0.0,0.0,0.0,0.0,5.73,5.72,5.68,5.97
726,12.1,5.743,25.087,-0.004,0.5753,0.36,-2.16,-0.08,6.005,0.0,0.0,-0.0,0.0,0.0,0.0,5.73,5.85,6.28,6.16
727,12.1167,5.751,25.1,-0.004,0.5749,0.28,-2.02,-0.07,6.456,0.0,0.0,-0.0,0.0,0.0,0.0,10.67,5.3,4.56,5.29
728,12.1333,5.758,25.113,-0.004,0.576,0.18,-2.06,-0.09,5.593,0.0,0.0,-0.0,0.0,0.0,0.0,5.41,5.44,5.76,5.76
729,12.15,5.765,25.126,-0.004,0.5762,0.23,-2.11,-0.09,5.794,0.0,0.0,-0.0,0.0,0.0,0.0,5.82,5.51,5.9,5.94
730,12.1667,5.772,25.139,-0.005,0.5756,0.32,-2.16,-0.1,5.935,0.0,0.0,-0.0,0.0,0.0,0.0,5.8,5.62,5.52,6.81
731,12.1833,5.779,25.153,-0.004,0.5751,0.25,-2.01,-0.1,5.627,0.0,0.0,-0.0,0.0,0.0,0.0,5.6,5.82,5.83,5.25
732,12.2,5.787,25.166,-0.004,0.5758,0.17,-2.0,-0.1,5.741,0.0,0.0,-0.0,0.0,0.0,0.0,5.66,5.73,5.79,5.79
733,12.2167,5.794,25.179,-0.004,0.5787,0.26,-1.8,-0.09,5.518,0.0,0.0,-0.0,0.0,0.0,0.0,5.82,5.41,5.12,5.72
734,12.2333,5.801,25.192,-0.005,0.5807,0.28,-1.53,-0.13,5.649,0.0,0.0,-0.0,0.0,0.0,0.0,5.79,5.78,6.24,4.78
735,12.25,5.808,25.206,-0.005,0.5815,0.27,-1.21,-0.13,6.093,0.0,0.0,-0.0,0.0,0.0,0.0,-0.93,14.43,5.65,5.22
736,12.2667,5.816,25.22,-0.004,0.5831,0.23,-1.11,-0.21,5.742,0.0,0.0,-0.0,0.0,0.0,0.0,5.85,5.93,5.37,5.81
737,12.2833,5.823,25.234,-0.003,0.584,0.17,-1.05,-0.2,5.856,0.0,0.0,-0.0,0.0,0.0,0.0,5.83,5.68,6.0,5.92
738,12.3,5.83,25.248,-0.004,0.5839,0.2,-1.09,-0.19,5.888,0.0,0.0,-0.0,0.0,0.0,0.0,6.14,5.74,5.84,5.83
739,12.3167,5.837,25.262,-0.004,0.5829,0.28,-1.07,-0.19,5.197,0.0,0.0,-0.0,0.0,0.0,0.0,4.11,5.46,5.59,5.63
740,12.3333,5.844,25.275,-0.004,0.5827,0.14,-0.97,-0.15,5.488,0.0,0.0,-0.0,0.0,0.0,0.0,5.45,5.89,5.69,4.92
741,12.35,5.852,25.288,-0.003,0.584,0.18,-1.06,-0.09,4.651,0.0,0.0,-0.0,0.0,0.0,0.0,7.64,6.07,-1.3,6.19
742,12.3667,5.859,25.3,-0.004,0.5869,0.27,-1.49,-0.13,5.806,0.0,0.0,-0.0,0.0,0.0,0.0,5.8,5.2,6.36,5.87
743,12.3833,5.866,25.311,-0.005,0.5885,0.34,-1.89,-0.12,6.16,0.0,0.0,-0.0,0.0,0.0,0.0,5.84,7.31,5.97,5.52
744,12.4,5.873,25.321,-0.005,0.5897,0.18,-2.02,-0.21,5.552,0.0,0.0,-0.0,0.0,0.0,0.0,5.89,5.87,5.89,4.56
745,12.4167,5.881,25.333,-0.004,0.5913,0.14,-2.11,-0.21,5.629,0.0,0.0,-0.0,0.0,0.0,0.0,5.4,5.39,5.91,5.82
746,12.4333,5.888,25.346,-0.005,0.592,0.17,-2.17,-0.2,6.314,0.0,0.0,-0.0,0.0,0.0,0.0,5.47,7.05,5.71,7.02
747,12.45,5.895,25.359,-0.005,0.5922,0.18,-2.18,-0.21,5.592,0.0,0.0,-0.0,0.0,0.0,0.0,5.31,5.88,5.89,5.29
748,12.4667,5.902,25.372,-0.004,0.5915,0.12,-2.18,-0.21,5.856,0.0,0.0,-0.0,0.0,0.0,0.0,6.11,5.91,5.9,5.5
749,12.4833,5.909,25.386,-0.004,0.5918,0.1,-2.1,-0.21,5.643,0.0,0.0,-0.0,0.0,0.0,0.0,5.96,5.39,5.36,5.86
750,12.5,5.917,25.399,-0.005,0.5925,0.17,-2.13,-0.21,5.983,0.0,0.0,-0.0,0.0,0.0,0.0,5.75,5.8,6.46,5.92
751,12.5167,5.924,25.413,-0.005,0.5918,0.26,-2.18,-0.22,6.368,0.0,0.0,-0.0,0.0,0.0,0.0,5.9,6.97,6.7,5.9
752,12.5333,5.931,25.426,-0.005,0.5908,0.25,-2.16,-0.22,5.649,0.0,0.0,-0.0,0.0,0.0,0.0,5.53,6.24,5.34,5.49
753,12.55,5.938,25.44,-0.004,0.5917,0.03,-2.06,-0.23,4.992,0.0,0.0,-0.0,0.0,0.0,0.0,3.68,5.12,5.28,5.88
754,12.5667,5.946,25.453,-0.004,0.5929,0.06,-2.12,-0.24,5.907,0.0,0.0,-0.0,0.0,0.0,0.0,5.89,5.86,5.94,5.94
755,12.5833,5.953,25.466,-0.005,0.5923,0.17,-2.19,-0.23,5.918,0.0,0.0,-0.0,0.0,0.0,0.0,5.18,6.58,5.96,5.96
756,12.6,5.96,25.48,-0.005,0.5912,0.26,-2.15,-0.22,5.463,0.0,0.0,-0.0,0.0,0.0,0.0,4.56,6.03,6.06,5.2
757,12.6167,5.967,25.493,-0.005,0.5915,0.12,-2.13,-0.24,6.231,0.0,0.0,-0.0,0.0,0.0,0.0,6.55,5.29,7.2,5.89
758,12.6333,5.974,25.507,-0.005,0.5923,0.18,-2.15,-0.19,5.921,0.0,0.0,-0.0,0.0,0.0,0.0,6.25,5.93,5.65,5.84
759,12.65,5.982,25.52,-0.005,0.5919,0.28,-2.17,-0.19,6.404,0.0,0.0,-0.0,0.0,0.0,0.0,5.96,6.69,6.94,6.03
760,12.6667,5.989,25.534,-0.006,0.5906,0.31,-2.2,-0.19,7.503,0.0,0.0,-0.0,0.0,0.0,0.0,8.54,8.76,6.14,6.57
761,12.6833,5.996,25.547,-0.005,0.5919,0.14,-2.13,-0.19,7.126,0.0,0.0,-0.0,0.0,0.0,0.0,5.56,5.66,11.24,6.05
762,12.7,6.003,25.56,-0.005,0.5925,0.16,-2.17,-0.23,5.887,0.0,0.0,-0.0,0.0,0.0,0.0,6.91,5.75,4.85,6.04
763,12.7167,6.011,25.573,-0.006,0.592,0.28,-2.19,-0.24,5.626,0.0,0.0,-0.0,0.0,0.0,0.0,6.04,5.81,5.65,5.0
764,12.7333,6.018,25.587,-0.006,0.591,0.29,-2.11,-0.23,5.205,0.0,0.0,-0.0,0.0,0.0,0.0,4.18,5.88,4.55,6.21
765,12.75,6.025,25.601,-0.006,0.5919,0.17,-2.11,-0.23,5.673,0.0,0.0,-0.0,0.0,0.0,0.0,5.86,5.54,5.4,5.89
766,12.7667,6.032,25.615,-0.006,0.5926,0.15,-2.15,-0.23,5.945,0.0,0.0,-0.0,0.0,0.0,0.0,5.83,5.9,6.03,6.03
767,12.7833,6.039,25.628,-0.006,0.592,0.23,-2.18,-0.24,6.212,0.0,0.0,-0.0,0.0,0.0,0.0,6.1,5.59,7.16,6.0
768,12.8,6.047,25.642,-0.006,0.5908,0.28,-2.17,-0.25,4.717,0.0,0.0,-0.0,0.0,0.0,0.0,4.47,5.61,2.35,6.45
769,12.8167,6.054,25.656,-0.005,0.5919,0.13,-2.11,-0.25,5.695,0.0,0.0,-0.0,0.0,0.0,0.0,6.11,5.33,5.27,6.07
770,12.8333,6.061,25.669,-0.005,0.5933,0.11,-1.99,-0.25,5.436,0.0,0.0,-0.0,0.0,0.0,0.0,5.37,5.45,4.88,6.04
771,12.85,6.068,25.683,-0.006,0.5957,0.27,-1.74,-0.25,6.061,0.0,0.0,-0.0,0.0,0.0,0.0,6.07,5.15,6.96,6.06
772,12.8667,6.076,25.696,-0.008,0.5969,0.43,-1.47,-0.25,8.562,0.0,0.0,-0.0,0.0,0.0,0.0,6.28,17.8,6.0,4.16
773,12.8833,6.083,25.71,-0.008,0.5992,0.37,-1.29,-0.15,5.758,0.0,0.0,-0.0,0.0,0.0,0.0,6.09,5.15,5.7,6.09
774,12.9,6.09,25.725,-0.008,0.6005,0.37,-1.25,-0.15,5.936,0.0,0.0,-0.0,0.0,0.0,0.0,6.06,5.4,6.25,6.03
775,12.9167,6.097,25.739,-0.008,0.6006,0.38,-1.19,-0.13,5.579,0.0,0.0,-0.0,0.0,0.0,0.0,6.16,5.93,4.12,6.11
776,12.9333,6.104,25.753,-0.008,0.6004,0.35,-1.21,-0.13,5.824,0.0,0.0,-0.0,0.0,0.0,0.0,6.11,5.95,5.35,5.89
777,12.95,6.112,25.767,-0.006,0.5993,0.08,-1.12,-0.12,4.366,0.0,0.0,-0.0,0.0,0.0,0.0,5.96,3.78,2.02,5.71
778,12.9667,6.119,25.782,-0.007,0.6006,0.09,-1.12,-0.11,6.035,0.0,0.0,-0.0,0.0,0.0,0.0,5.95,5.97,6.11,6.11
779,12.9833,6.126,25.795,-0.008,0.6029,0.28,-1.36,-0.12,6.007,0.0,0.0,-0.0,0.0,0.0,0.0,6.39,6.12,5.95,5.57
780,13.0,6.133,25.807,-0.008,0.6053,0.33,-1.7,-0.12,6.182,0.0,0.0,-0.0,0.0,0.0,0.0,6.22,6.13,6.49,5.89
781,13.0167,6.141,25.819,-0.008,0.6069,0.21,-1.93,-0.12,5.737,0.0,0.0,-0.0,0.0,0.0,0.0,5.36,6.13,5.57,5.89
782,13.0333,6.148,25.831,-0.007,0.6084,0.12,-2.14,-0.09,5.784,0.0,0.0,-0.0,0.0,0.0,0.0,6.22,4.49,6.22,6.21
783,13.05,6.155,25.843,-0.007,0.6086,0.19,-2.15,-0.02,5.929,0.0,0.0,-0.0,0.0,0.0,0.0,6.15,5.27,6.15,6.15
784,13.0667,6.162,25.857,-0.007,0.608,0.29,-2.2,-0.02,5.859,0.0,0.0,-0.0,0.0,0.0,0.0,6.23,5.84,5.22,6.14
785,13.0833,6.169,25.87,-0.006,0.6084,0.11,-2.24,-0.03,5.895,0.0,0.0,-0.0,0.0,0.0,0.0,6.16,6.07,5.79,5.55
786,13.1,6.177,25.883,-0.006,0.6092,0.1,-2.24,-0.03,5.82,0.0,0.0,-0.0,0.0,0.0,0.0,5.51,5.43,6.17,6.17
787,13.1167,6.184,25.897,-0.007,0.6092,0.22,-2.23,-0.03,6.321,0.0,0.0,-0.0,0.0,0.0,0.0,6.35,7.13,5.62,6.18
788,13.1333,6.191,25.911,-0.008,0.6082,0.32,-2.17,-0.05,5.462,0.0,0.0,-0.0,0.0,0.0,0.0,3.87,5.94,6.33,5.71
789,13.15,6.198,25.925,-0.007,0.6086,0.16,-2.18,-0.04,6.275,0.0,0.0,-0.0,0.0,0.0,0.0,7.25,6.2,5.99,5.66
790,13.1667,6.206,25.939,-0.007,0.6095,0.1,-2.26,-0.02,5.777,0.0,0.0,-0.0,0.0,0.0,0.0,5.36,5.25,6.25,6.25
791,13.1833,6.213,25.953,-0.007,0.6094,0.2,-2.23,-0.04,5.608,0.0,0.0,-0.0,0.0,0.0,0.0,6.33,4.45,5.81,5.85
792,13.2,6.22,25.967,-0.008,0.6082,0.32,-2.24,-0.04,6.478,0.0,0.0,-0.0,0.0,0.0,0.0,6.08,7.45,7.45,4.93
793,13.2167,6.227,25.98,-0.007,0.6089,0.12,-2.3,-0.08,5.653,0.0,0.0,-0.0,0.0,0.0,0.0,6.17,4.34,6.26,5.85
794,13.2333,6.234,25.994,-0.007,0.6093,0.16,-2.25,-0.07,5.024,0.0,0.0,-0.0,0.0,0.0,0.0,6.14,5.32,2.39,6.24
795,13.25,6.242,26.009,-0.008,0.6089,0.26,-2.23,-0.08,6.284,0.0,0.0,-0.0,0.0,0.0,0.0,6.46,5.64,6.83,6.2
796,13.2667,6.249,26.023,-0.008,0.6082,0.24,-2.19,-0.07,6.303,0.0,0.0,-0.0,0.0,0.0,0.0,6.23,6.17,6.64,6.18
797,13.2833,6.256,26.037,-0.007,0.6093,0.06,-2.24,-0.08,6.002,0.0,0.0,-0.0,0.0,0.0,0.0,5.91,5.66,6.22,6.22
798,13.3,6.263,26.05,-0.007,0.61,0.11,-2.27,-0.04,6.051,0.0,0.0,-0.0,0.0,0.0,0.0,6.26,5.42,6.26,6.26
799,13.3167,6.271,26.064,-0.007,0.6088,0.24,-2.26,0.04,6.039,0.0,0.0,-0.0,0.0,0.0,0.0,6.25,5.35,6.28,6.28
800,13.3333,6.278,26.078,-0.007,0.6084,0.21,-2.24,0.04,5.934,0.0,0.0,-0.0,0.0,0.0,0.0,6.18,6.58,5.36,5.61
801,13.35,6.285,26.093,-0.006,0.6086,0.02,-2.2,0.04,6.033,0.0,0.0,-0.0,0.0,0.0,0.0,4.65,6.48,6.64,6.36
802,13.3667,6.292,26.107,-0.006,0.6098,0.08,-2.22,0.04,6.412,0.0,0.0,-0.0,0.0,0.0,0.0,6.83,6.24,6.29,6.29
803,13.3833,6.299,26.121,-0.007,0.609,0.22,-2.25,0.06,6.654,0.0,0.0,-0.0,0.0,0.0,0.0,6.39,7.61,6.31,6.31
804,13.4,6.307,26.135,-0.007,0.6085,0.23,-2.17,0.06,6.489,0.0,0.0,-0.0,0.0,0.0,0.0,6.16,7.04,6.88,5.88
805,13.4167,6.314,26.15,-0.005,0.6083,0.0,-2.26,0.06,7.568,0.0,0.0,-0.0,0.0,0.0,0.0,7.92,9.81,6.26,6.29
806,13.4333,6.321,26.163,-0.005,0.6093,0.09,-2.27,0.13,6.057,0.0,0.0,-0.0,0.0,0.0,0.0,6.33,5.28,6.32,6.3
807,13.45,6.328,26.177,-0.005,0.6116,0.1,-1.89,0.14,6.611,0.0,0.0,-0.0,0.0,0.0,0.0,7.2,6.21,8.1,4.93
808,13.4667,6.336,26.192,-0.005,0.6136,0.08,-1.54,0.14,3.232,0.0,0.0,-0.0,0.0,0.0,0.0,6.23,-2.42,3.39,5.73
809,13.4833,6.343,26.207,-0.005,0.6161,0.08,-1.31,0.13,5.208,0.0,0.0,-0.0,0.0,0.0,0.0,2.02,6.39,5.9,6.52
810,13.5,6.35,26.223,-0.006,0.6175,0.17,-1.23,0.13,6.084,0.0,0.0,-0.0,0.0,0.0,0.0,6.26,6.02,6.22,5.84
811,13.5167,6.357,26.239,-0.006,0.6175,0.22,-1.13,0.17,6.26,0.0,0.0,-0.0,0.0,0.0,0.0,6.35,6.32,6.35,6.02
812,13.5333,6.364,26.254,-0.005,0.6169,0.08,-1.11,0.17,6.777,0.0,0.0,-0.0,0.0,0.0,0.0,6.28,8.26,6.17,6.39
813,13.55,6.372,26.269,-0.004,0.618,-0.02,-1.22,0.2,6.323,0.0,0.0,-0.0,0.0,0.0,0.0,5.91,6.33,6.53,6.53
814,13.5667,6.379,26.283,-0.006,0.6187,0.08,-1.18,0.09,6.235,0.0,0.0,-0.0,0.0,0.0,0.0,6.4,5.77,6.39,6.39
815,13.5833,6.386,26.296,-0.007,0.6202,0.24,-1.47,0.06,6.7,0.0,0.0,-0.0,0.0,0.0,0.0,7.36,6.28,6.79,6.37
816,13.6,6.393,26.308,-0.007,0.6225,0.2,-1.79,0.05,6.451,0.0,0.0,-0.0,0.0,0.0,0.0,7.36,6.49,6.37,5.58
817,13.6167,6.401,26.32,-0.006,0.6244,0.07,-2.11,0.04,6.498,0.0,0.0,-0.0,0.0,0.0,0.0,5.19,4.25,6.37,10.18
818,13.6333,6.408,26.332,-0.006,0.6255,0.16,-2.18,0.09,6.056,0.0,0.0,-0.0,0.0,0.0,0.0,6.42,4.97,6.42,6.42
819,13.65,6.415,26.345,-0.007,0.6258,0.31,-2.28,0.09,5.687,0.0,0.0,-0.0,0.0,0.0,0.0,6.45,6.25,5.94,4.1
820,13.6667,6.422,26.358,-0.007,0.6266,0.14,-2.35,0.03,5.789,0.0,0.0,-0.0,0.0,0.0,0.0,3.92,6.36,7.07,5.8
821,13.6833,6.429,26.372,-0.005,0.6267,-0.01,-2.47,0.05,6.663,0.0,0.0,-0.0,0.0,0.0,0.0,5.57,5.55,6.48,9.06
822,13.7,6.437,26.386,-0.006,0.6269,0.15,-2.36,0.05,5.978,0.0,0.0,-0.0,0.0,0.0,0.0,5.58,5.43,6.45,6.45
823,13.7167,6.444,26.4,-0.008,0.6267,0.32,-2.38,0.05,6.692,0.0,0.0,-0.0,0.0,0.0,0.0,6.24,6.93,7.24,6.36
824,13.7333,6.451,26.414,-0.008,0.6279,0.26,-2.47,-0.02,6.239,0.0,0.0,-0.0,0.0,0.0,0.0,6.46,6.44,6.46,5.6
825,13.75,6.458,26.428,-0.007,0.6275,0.13,-2.48,-0.1,7.054,0.0,0.0,-0.0,0.0,0.0,0.0,6.32,5.54,6.48,9.88
826,13.7667,6.466,26.443,-0.008,0.6264,0.24,-2.33,-0.1,7.08,0.0,0.0,-0.0,0.0,0.0,0.0,6.87,6.74,8.2,6.5
827,13.7833,6.473,26.457,-0.008,0.6266,0.23,-2.34,-0.08,6.034,0.0,0.0,-0.0,0.0,0.0,0.0,6.42,5.76,5.83,6.12
828,13.8,6.48,26.472,-0.007,0.627,0.07,-2.43,-0.08,6.51,0.0,0.0,-0.0,0.0,0.0,0.0,6.36,6.47,6.45,6.76
829,13.8167,6.487,26.487,-0.006,0.6276,0.05,-2.37,0.01,6.095,0.0,0.0,-0.0,0.0,0.0,0.0,5.58,5.84,6.48,6.48
830,13.8333,6.494,26.501,-0.007,0.6273,0.11,-2.32,0.01,6.374,0.0,0.0,-0.0,0.0,0.0,0.0,6.47,6.03,6.5,6.5
831,13.85,6.502,26.516,-0.007,0.6269,0.19,-2.37,0.01,5.932,0.0,0.0,-0.0,0.0,0.0,0.0,6.52,6.28,6.3,4.63
832,13.8667,6.509,26.531,-0.007,0.6269,0.07,-2.41,-0.06,5.746,0.0,0.0,-0.0,0.0,0.0,0.0,3.75,6.45,6.48,6.31
833,13.8833,6.516,26.546,-0.007,0.6273,0.12,-2.37,0.0,6.312,0.0,0.0,-0.0,0.0,0.0,0.0,6.44,5.78,6.52,6.51
834,13.9,6.523,26.561,-0.008,0.6263,0.24,-2.29,0.02,6.419,0.0,0.0,-0.0,0.0,0.0,0.0,6.51,6.13,6.51,6.52
835,13.9167,6.531,26.575,-0.007,0.6268,0.16,-2.33,0.02,6.442,0.0,0.0,-0.0,0.0,0.0,0.0,7.04,6.4,6.14,6.2
836,13.9333,6.538,26.59,-0.006,0.6267,0.07,-2.42,0.02,7.075,0.0,0.0,-0.0,0.0,0.0,0.0,6.87,6.25,6.49,8.69
837,13.95,6.545,26.605,-0.006,0.6268,0.15,-2.42,0.08,6.192,0.0,0.0,-0.0,0.0,0.0,0.0,6.53,5.21,6.54,6.49
838,13.9667,6.552,26.62,-0.007,0.6269,0.28,-2.38,0.08,6.246,0.0,0.0,-0.0,0.0,0.0,0.0,6.63,6.11,5.62,6.62
839,13.9833,6.559,26.634,-0.007,0.6273,0.21,-2.4,0.08,6.32,0.0,0.0,-0.0,0.0,0.0,0.0,6.55,6.54,6.05,6.13
840,14.0,6.567,26.649,-0.006,0.6267,0.07,-2.48,0.08,6.404,0.0,0.0,-0.0,0.0,0.0,0.0,6.08,6.33,6.4,6.81
841,14.0167,6.574,26.664,-0.005,0.6272,0.1,-2.3,0.14,5.831,0.0,0.0,-0.0,0.0,0.0,0.0,5.48,4.71,6.57,6.57
842,14.0333,6.581,26.678,-0.006,0.6297,0.2,-1.93,0.17,6.069,0.0,0.0,-0.0,0.0,0.0,0.0,6.61,5.79,5.36,6.52
843,14.05,6.588,26.692,-0.006,0.633,0.27,-1.74,0.17,8.502,0.0,0.0,-0.0,0.0,0.0,0.0,6.42,5.88,16.13,5.59
844,14.0667,6.596,26.707,-0.007,0.6347,0.29,-1.51,0.16,6.406,0.0,0.0,-0.0,0.0,0.0,0.0,6.6,5.77,6.61,6.64
845,14.0833,6.603,26.723,-0.007,0.6352,0.29,-1.26,0.16,5.624,0.0,0.0,-0.0,0.0,0.0,0.0,6.76,6.74,2.76,6.24
846,14.1,6.61,26.739,-0.006,0.6362,0.14,-1.2,0.14,6.543,0.0,0.0,-0.0,0.0,0.0,0.0,6.61,6.53,6.42,6.61
847,14.1167,6.617,26.755,-0.005,0.6364,0.05,-1.27,0.14,6.552,0.0,0.0,-0.0,0.0,0.0,0.0,6.94,6.06,6.6,6.6
848,14.1333,6.624,26.77,-0.005,0.6354,0.11,-1.29,0.21,6.207,0.0,0.0,-0.0,0.0,0.0,0.0,6.58,5.02,6.63,6.6
849,14.15,6.632,26.784,-0.005,0.6375,0.11,-1.36,0.21,6.588,0.0,0.0,-0.0,0.0,0.0,0.0,6.49,5.8,7.44,6.63
850,14.1667,6.639,26.797,-0.004,0.6409,0.06,-1.79,0.24,6.832,0.0,0.0,-0.0,0.0,0.0,0.0,7.03,7.04,6.63,6.63
851,14.1833,6.646,26.809,-0.004,0.6428,0.09,-2.21,0.25,5.736,0.0,0.0,-0.0,0.0,0.0,0.0,6.5,5.77,6.54,4.13
852,14.2,6.653,26.822,-0.004,0.6435,0.12,-2.44,0.27,5.802,0.0,0.0,-0.0,0.0,0.0,0.0,6.91,5.93,3.96,6.41
853,14.2167,6.661,26.834,-0.005,0.6455,0.27,-2.58,0.25,6.24,0.0,0.0,-0.0,0.0,0.0,0.0,7.18,6.16,6.34,5.28
854,14.2333,6.668,26.848,-0.005,0.6465,0.24,-2.57,0.23,6.503,0.0,0.0,-0.0,0.0,0.0,0.0,6.66,6.67,6.91,5.77
855,14.25,6.675,26.863,-0.005,0.6458,0.15,-2.58,0.23,7.032,0.0,0.0,-0.0,0.0,0.0,0.0,6.65,6.65,6.65,8.17
856,14.2667,6.682,26.877,-0.005,0.6447,0.17,-2.42,0.23,7.004,0.0,0.0,-0.0,0.0,0.0,0.0,6.02,5.58,9.69,6.73
857,14.2833,6.689,26.892,-0.005,0.646,0.2,-2.52,0.25,6.275,0.0,0.0,-0.0,0.0,0.0,0.0,6.66,6.57,5.85,6.02
858,14.3,6.697,26.907,-0.004,0.646,0.12,-2.54,0.25,6.295,0.0,0.0,-0.0,0.0,0.0,0.0,6.73,6.18,6.71,5.56
859,14.3167,6.704,26.922,-0.004,0.6452,0.13,-2.54,0.27,6.311,0.0,0.0,-0.0,0.0,0.0,0.0,5.94,6.0,6.84,6.47
860,14.3333,6.711,26.937,-0.005,0.6455,0.27,-2.52,0.27,6.931,0.0,0.0,-0.0,0.0,0.0,0.0,6.41,7.17,7.5,6.65
861,14.35,6.718,26.952,-0.004,0.6472,0.2,-2.65,0.21,6.558,0.0,0.0,-0.0,0.0,0.0,0.0,6.72,6.72,6.72,6.07
862,14.3667,6.726,26.967,-0.004,0.647,0.1,-2.72,0.17,6.556,0.0,0.0,-0.0,0.0,0.0,0.0,6.72,6.43,6.72,6.36
863,14.3833,6.733,26.982,-0.004,0.6455,0.17,-2.59,0.23,6.273,0.0,0.0,-0.0,0.0,0.0,0.0,6.77,4.8,6.76,6.76
864,14.4,6.74,26.997,-0.004,0.6457,0.23,-2.51,0.23,6.38,0.0,0.0,-0.0,0.0,0.0,0.0,6.36,6.13,6.34,6.69
865,14.4167,6.747,27.012,-0.004,0.6461,0.13,-2.52,0.23,7.213,0.0,0.0,-0.0,0.0,0.0,0.0,6.72,6.86,7.16,8.12
866,14.4333,6.754,27.028,-0.003,0.6455,0.11,-2.52,0.22,6.939,0.0,0.0,-0.0,0.0,0.0,0.0,6.95,7.1,6.87,6.84
867,14.45,6.762,27.043,-0.003,0.6453,0.13,-2.61,0.25,6.064,0.0,0.0,-0.0,0.0,0.0,0.0,6.74,5.7,5.34,6.48
868,14.4667,6.769,27.059,-0.004,0.6461,0.21,-2.56,0.24,6.623,0.0,0.0,-0.0,0.0,0.0,0.0,6.73,6.81,6.44,6.52
869,14.4833,6.776,27.074,-0.003,0.6461,0.15,-2.55,0.24,7.049,0.0,0.0,-0.0,0.0,0.0,0.0,6.74,7.29,7.51,6.65
870,14.5,6.783,27.09,-0.003,0.6451,0.08,-2.48,0.24,6.163,0.0,0.0,-0.0,0.0,0.0,0.0,5.2,6.76,6.65,6.04
871,14.5167,6.791,27.106,-0.003,0.6454,0.12,-2.52,0.23,6.535,0.0,0.0,-0.0,0.0,0.0,0.0,6.23,6.36,6.77,6.78
872,14.5333,6.798,27.121,-0.003,0.6463,0.17,-2.53,0.23,6.5,0.0,0.0,-0.0,0.0,0.0,0.0,6.78,6.78,6.21,6.23
873,14.55,6.805,27.137,-0.003,0.6455,0.11,-2.56,0.2,6.555,0.0,0.0,-0.0,0.0,0.0,0.0,6.56,6.75,6.75,6.15
874,14.5667,6.812,27.153,-0.003,0.644,0.1,-2.47,0.21,5.644,0.0,0.0,-0.0,0.0,0.0,0.0,5.61,6.44,3.7,6.82
875,14.5833,6.819,27.167,-0.003,0.6475,0.11,-2.29,0.17,6.461,0.0,0.0,-0.0,0.0,0.0,0.0,4.97,6.48,8.81,5.58
876,14.6,6.827,27.182,-0.003,0.6508,0.12,-1.95,0.17,7.925,0.0,0.0,-0.0,0.0,0.0,0.0,7.85,7.0,11.69,5.16
877,14.6167,6.834,27.198,-0.003,0.653,0.11,-1.64,0.17,7.023,0.0,0.0,-0.0,0.0,0.0,0.0,6.83,8.05,6.84,6.38
878,14.6333,6.841,27.215,-0.003,0.6542,0.15,-1.4,0.16,7.556,0.0,0.0,-0.0,0.0,0.0,0.0,6.88,10.16,6.74,6.45
879,14.65,6.848,27.231,-0.003,0.6556,0.11,-1.33,0.13,6.866,0.0,0.0,-0.0,0.0,0.0,0.0,6.89,7.05,6.84,6.68
880,14.6667,6.856,27.247,-0.003,0.6555,0.08,-1.35,0.12,6.733,0.0,0.0,-0.0,0.0,0.0,0.0,6.87,6.65,6.85,6.57
881,14.6833,6.863,27.263,-0.003,0.6544,0.08,-1.4,0.12,6.313,0.0,0.0,-0.0,0.0,0.0,0.0,7.56,6.77,6.76,4.16
882,14.7,6.87,27.279,-0.004,0.6556,0.26,-1.41,0.09,3.914,0.0,0.0,-0.0,0.0,0.0,0.0,7.61,1.97,-1.32,7.4
883,14.7167,6.877,27.291,-0.003,0.6599,0.09,-1.86,0.08,6.812,0.0,0.0,-0.0,0.0,0.0,0.0,6.66,6.47,7.22,6.9
884,14.7333,6.884,27.304,-0.002,0.662,0.01,-2.26,0.08,6.975,0.0,0.0,-0.0,0.0,0.0,0.0,6.83,7.05,7.06,6.96
885,14.75,6.892,27.317,-0.003,0.6637,0.12,-2.47,0.11,4.809,0.0,0.0,-0.0,0.0,0.0,0.0,6.73,6.02,-0.57,7.06
886,14.7667,6.899,27.331,-0.003,0.6654,0.16,-2.66,0.03,6.28,0.0,0.0,-0.0,0.0,0.0,0.0,6.89,5.77,6.93,5.53
887,14.7833,6.906,27.345,-0.004,0.6662,0.13,-2.74,-0.05,6.623,0.0,0.0,-0.0,0.0,0.0,0.0,6.9,6.3,6.9,6.39
888,14.8,6.913,27.36,-0.004,0.6656,0.09,-2.78,-0.13,8.336,0.0,0.0,-0.0,0.0,0.0,0.0,6.71,5.45,6.94,14.24
889,14.8167,6.921,27.375,-0.005,0.6659,0.2,-2.72,-0.12,6.685,0.0,0.0,-0.0,0.0,0.0,0.0,6.86,6.44,6.56,6.88
890,14.8333,6.928,27.39,-0.005,0.6665,0.15,-2.77,-0.19,6.162,0.0,0.0,-0.0,0.0,0.0,0.0,6.9,4.99,6.9,5.86
891,14.85,6.935,27.405,-0.005,0.6658,0.09,-2.72,-0.25,6.692,0.0,0.0,-0.0,0.0,0.0,0.0,6.93,6.52,6.94,6.38
892,14.8667,6.942,27.421,-0.006,0.6646,0.17,-2.64,-0.24,5.649,0.0,0.0,-0.0,0.0,0.0,0.0,7.14,6.36,2.21,6.89
893,14.8833,6.949,27.437,-0.006,0.6666,0.27,-2.72,-0.26,6.435,0.0,0.0,-0.0,0.0,0.0,0.0,6.91,6.92,5.91,6.0
894,14.9,6.957,27.452,-0.007,0.6668,0.22,-2.71,-0.31,6.749,0.0,0.0,-0.0,0.0,0.0,0.0,6.95,6.95,6.95,6.16
895,14.9167,6.964,27.468,-0.006,0.6657,0.1,-2.76,-0.32,6.639,0.0,0.0,-0.0,0.0,0.0,0.0,6.85,6.89,6.26,6.56
896,14.9333,6.971,27.484,-0.006,0.6655,0.13,-2.75,-0.32,5.884,0.0,0.0,-0.0,0.0,0.0,0.0,6.38,6.38,3.93,6.85
897,14.95,6.978,27.5,-0.007,0.6666,0.22,-2.78,-0.32,7.343,0.0,0.0,-0.0,0.0,0.0,0.0,6.98,9.53,6.34,6.52
898,14.9667,6.986,27.516,-0.006,0.6658,0.15,-2.72,-0.31,6.899,0.0,0.0,-0.0,0.0,0.0,0.0,7.02,6.74,7.02,6.82
899,14.9833,6.993,27.532,-0.006,0.6656,0.04,-2.72,-0.31,7.265,0.0,0.0,-0.0,0.0,0.0,0.0,7.35,7.41,7.09,7.21
900,15.0,7.0,27.548,-0.006,0.6667,0.09,-2.82,-0.26,6.762,0.0,0.0,-0.0,0.0,0.0,0.0,6.99,6.06,7.0,7.0
901,15.0167,7.0,27.564,-0.006,0.6665,0.12,-2.76,-0.22,6.683,0.0,0.0,-0.0,0.0,0.0,0.0,7.02,6.61,7.02,6.09
902,15.0333,7.0,27.58,-0.005,0.6647,0.07,-2.66,-0.22,5.756,0.0,0.0,-0.0,0.0,0.0,0.0,1.6,7.82,7.14,6.46
903,15.05,7.0,27.596,-0.006,0.6656,0.16,-2.78,-0.21,6.885,0.0,0.0,-0.0,0.0,0.0,0.0,6.59,7.1,6.93,6.91
904,15.0667,7.0,27.611,-0.006,0.6671,0.06,-2.75,-0.22,6.901,0.0,0.0,-0.0,0.0,0.0,0.0,7.08,6.46,7.04,7.04
905,15.0833,7.0,27.627,-0.005,0.6665,0.02,-2.73,-0.21,6.88,0.0,0.0,-0.0,0.0,0.0,0.0,7.0,6.51,7.01,7.0
906,15.1,7.0,27.643,-0.006,0.6651,0.12,-2.82,-0.21,6.315,0.0,0.0,-0.0,0.0,0.0,0.0,5.09,6.36,6.93,6.88
907,15.1167,7.0,27.658,-0.007,0.6668,0.22,-2.68,-0.2,6.6,0.0,0.0,-0.0,0.0,0.0,0.0,6.9,7.23,6.19,6.08
908,15.1333,7.0,27.672,-0.007,0.6695,0.18,-2.28,-0.19,5.393,0.0,0.0,-0.0,0.0,0.0,0.0,5.93,4.37,18.46,-7.19
909,15.15,7.0,27.688,-0.006,0.6721,0.18,-1.87,-0.26,8.74,0.0,0.0,-0.0,0.0,0.0,0.0,13.97,6.98,7.0,7.01
910,15.1667,7.0,27.704,-0.006,0.6741,0.18,-1.68,-0.27,6.74,0.0,0.0,-0.0,0.0,0.0,0.0,7.03,6.44,6.55,6.95
911,15.1833,7.0,27.72,-0.006,0.6759,0.17,-1.6,-0.23,6.682,0.0,0.0,-0.0,0.0,0.0,0.0,7.0,6.29,7.01,6.42
912,15.2,7.0,27.736,-0.006,0.6759,0.16,-1.5,-0.19,7.136,0.0,0.0,-0.0,0.0,0.0,0.0,7.02,7.68,7.01,6.84
913,15.2167,7.0,27.753,-0.006,0.6754,0.21,-1.49,-0.19,6.695,0.0,0.0,-0.0,0.0,0.0,0.0,5.69,7.11,6.94,7.04
914,15.2333,7.0,27.769,-0.006,0.6771,0.24,-1.45,-0.2,6.529,0.0,0.0,-0.0,0.0,0.0,0.0,7.09,6.94,5.77,6.31
915,15.25,7.0,27.785,-0.006,0.6789,0.2,-1.63,-0.19,8.143,0.0,0.0,-0.0,0.0,0.0,0.0,9.13,7.04,8.98,7.43
916,15.2667,7.0,27.798,-0.005,0.6821,0.18,-2.23,-0.19,7.153,0.0,0.0,-0.0,0.0,0.0,0.0,6.87,6.88,6.92,7.94
917,15.2833,7.0,27.812,-0.006,0.6841,0.22,-2.53,-0.16,6.338,0.0,0.0,-0.0,0.0,0.0,0.0,7.02,6.55,4.88,6.9
918,15.3,7.0,27.825,-0.006,0.6861,0.16,-2.71,-0.29,6.675,0.0,0.0,-0.0,0.0,0.0,0.0,7.02,6.96,7.02,5.7
919,15.3167,7.0,27.84,-0.006,0.6869,0.11,-2.82,-0.36,6.7,0.0,0.0,-0.0,0.0,0.0,0.0,7.0,6.38,7.0,6.41
920,15.3333,7.0,27.854,-0.006,0.6869,0.11,-2.98,-0.37,7.381,0.0,0.0,-0.0,0.0,0.0,0.0,6.58,6.01,6.95,9.98
921,15.35,7.0,27.869,-0.007,0.688,0.26,-3.01,-0.4,7.603,0.0,0.0,-0.0,0.0,0.0,0.0,6.99,11.93,4.9,6.6
922,15.3667,7.0,27.885,-0.006,0.6885,0.1,-3.0,-0.59,7.432,0.0,0.0,-0.0,0.0,0.0,0.0,7.01,4.49,7.07,11.16
923,15.3833,7.0,27.9,-0.006,0.6876,0.09,-2.94,-0.59,6.965,0.0,0.0,-0.0,0.0,0.0,0.0,7.19,6.78,6.81,7.08
924,15.4,7.0,27.916,-0.006,0.6867,0.15,-3.09,-0.59,5.873,0.0,0.0,-0.0,0.0,0.0,0.0,4.47,7.26,6.71,5.05
925,15.4167,7.0,27.931,-0.007,0.6881,0.19,-2.99,-0.61,6.533,0.0,0.0,-0.0,0.0,0.0,0.0,7.01,6.98,5.94,6.2
926,15.4333,7.0,27.947,-0.007,0.6879,0.14,-2.93,-0.63,7.552,0.0,0.0,-0.0,0.0,0.0,0.0,6.97,7.13,6.99,9.12
927,15.45,7.0,27.964,-0.007,0.6879,0.1,-2.96,-0.6,6.733,0.0,0.0,-0.0,0.0,0.0,0.0,6.47,7.01,6.93,6.52
928,15.4667,7.0,27.98,-0.007,0.6875,0.1,-2.99,-0.6,5.113,0.0,0.0,-0.0,0.0,0.0,0.0,5.12,6.05,4.97,4.31
929,15.4833,7.0,27.996,-0.007,0.6877,0.08,-2.92,-0.59,7.034,0.0,0.0,-0.0,0.0,0.0,0.0,7.08,6.81,7.7,6.54
930,15.5,7.0,28.012,-0.007,0.6873,0.07,-2.95,-0.59,7.469,0.0,0.0,-0.0,0.0,0.0,0.0,8.3,6.95,6.92,7.7
931,15.5167,7.0,28.028,-0.007,0.6875,0.16,-3.13,-0.55,6.864,0.0,0.0,-0.0,0.0,0.0,0.0,7.05,6.27,7.13,7.01
932,15.5333,7.0,28.044,-0.008,0.6882,0.18,-2.98,-0.55,7.002,0.0,0.0,-0.0,0.0,0.0,0.0,7.0,7.59,6.9,6.51
933,15.55,7.0,28.061,-0.007,0.6877,0.11,-2.91,-0.54,6.394,0.0,0.0,-0.0,0.0,0.0,0.0,4.94,6.92,7.02,6.7
934,15.5667,7.0,28.077,-0.008,0.6872,0.12,-3.03,-0.55,7.512,0.0,0.0,-0.0,0.0,0.0,0.0,7.23,7.06,6.95,8.81
935,15.5833,7.0,28.093,-0.008,0.6876,0.16,-2.97,-0.55,6.697,0.0,0.0,-0.0,0.0,0.0,0.0,7.01,6.49,6.8,6.48
936,15.6,7.0,28.109,-0.008,0.6883,0.12,-2.95,-0.55,6.765,0.0,0.0,-0.0,0.0,0.0,0.0,7.0,6.44,7.05,6.57
937,15.6167,7.0,28.125,-0.008,0.6878,0.11,-2.99,-0.55,6.702,0.0,0.0,-0.0,0.0,0.0,0.0,6.79,6.97,7.0,6.04
938,15.6333,7.0,28.141,-0.008,0.6869,0.13,-3.04,-0.54,6.728,0.0,0.0,-0.0,0.0,0.0,0.0,7.29,7.09,5.61,6.92
939,15.65,7.0,28.156,-0.01,0.6897,0.28,-2.88,-0.53,6.427,0.0,0.0,-0.0,0.0,0.0,0.0,7.1,6.61,4.93,7.06
940,15.6667,7.0,28.171,-0.012,0.6931,0.45,-2.58,-0.57,6.574,0.0,0.0,-0.0,0.0,0.0,0.0,7.06,7.39,7.08,4.76
941,15.6833,7.0,28.187,-0.013,0.6954,0.44,-2.22,-0.74,7.141,0.0,0.0,-0.0,0.0,0.0,0.0,6.99,7.58,6.99,7.0
942,15.7,7.0,28.203,-0.013,0.6976,0.38,-1.96,-0.71,6.232,0.0,0.0,-0.0,0.0,0.0,0.0,6.93,6.8,5.1,6.1
943,15.7167,7.0,28.219,-0.012,0.6983,0.28,-1.75,-0.75,7.116,0.0,0.0,-0.0,0.0,0.0,0.0,6.96,8.67,8.69,4.14
944,15.7333,7.0,28.236,-0.012,0.698,0.18,-1.61,-0.75,6.454,0.0,0.0,-0.0,0.0,0.0,0.0,7.69,7.58,6.99,3.55
945,15.75,7.0,28.253,-0.012,0.6989,0.18,-1.59,-0.75,7.101,0.0,0.0,-0.0,0.0,0.0,0.0,6.93,7.59,6.91,6.97
946,15.7667,7.0,28.269,-0.012,0.7008,0.19,-1.73,-0.74,7.276,0.0,0.0,-0.0,0.0,0.0,0.0,8.33,6.8,6.8,7.18
947,15.7833,7.0,28.282,-0.013,0.7052,0.43,-2.05,-0.64,6.697,0.0,0.0,-0.0,0.0,0.0,0.0,6.6,6.98,6.97,6.24
948,15.8,7.0,28.295,-0.015,0.7078,0.47,-2.54,-0.62,7.196,0.0,0.0,-0.0,0.0,0.0,0.0,6.97,6.99,7.79,7.05
949,15.8167,7.0,28.308,-0.014,0.7096,0.33,-2.91,-0.71,6.057,0.0,0.0,-0.0,0.0,0.0,0.0,4.83,6.96,6.97,5.47
950,15.8333,7.0,28.32,-0.013,0.7114,0.1,-3.2,-0.69,6.263,0.0,0.0,-0.0,0.0,0.0,0.0,6.59,5.04,6.93,6.5
951,15.85,7.0,28.334,-0.012,0.7128,0.09,-3.41,-0.59,6.619,0.0,0.0,-0.0,0.0,0.0,0.0,7.03,5.95,6.99,6.5
952,15.8667,7.0,28.349,-0.012,0.7125,0.06,-3.59,-0.53,6.704,0.0,0.0,-0.0,0.0,0.0,0.0,6.94,5.97,6.95,6.95
953,15.8833,7.0,28.363,-0.012,0.712,0.17,-3.42,-0.41,6.185,0.0,0.0,-0.0,0.0,0.0,0.0,7.06,5.19,7.05,5.44
954,15.9,7.0,28.38,-0.012,0.712,0.15,-3.28,-0.41,8.022,0.0,0.0,-0.0,0.0,0.0,0.0,7.69,9.88,6.9,7.63
955,15.9167,7.0,28.396,-0.011,0.7126,0.13,-3.36,-0.39,6.895,0.0,0.0,-0.0,0.0,0.0,0.0,7.02,6.99,7.02,6.54
956,15.9333,7.0,28.412,-0.011,0.7119,0.0,-3.37,-0.38,6.941,0.0,0.0,-0.0,0.0,0.0,0.0,6.93,7.0,7.0,6.83
957,15.95,7.0,28.428,-0.011,0.7115,0.05,-3.22,-0.35,7.042,0.0,0.0,-0.0,0.0,0.0,0.0,6.18,7.22,7.66,7.1
958,15.9667,7.0,28.445,-0.013,0.7125,0.17,-3.28,-0.45,6.943,0.0,0.0,-0.0,0.0,0.0,0.0,6.95,7.0,7.0,6.83
959,15.9833,7.0,28.461,-0.013,0.7123,0.25,-3.41,-0.45,7.341,0.0,0.0,-0.0,0.0,0.0,0.0,6.93,6.93,7.77,7.73
960,16.0,7.0,28.477,-0.013,0.712,0.14,-3.37,-0.49,6.319,0.0,0.0,-0.0,0.0,0.0,0.0,7.07,5.6,7.08,5.52
961,16.0167,7.0,28.493,-0.013,0.7124,0.13,-3.29,-0.48,6.834,0.0,0.0,-0.0,0.0,0.0,0.0,6.85,6.5,7.11,6.88
962,16.0333,7.0,28.51,-0.013,0.7122,0.1,-3.37,-0.49,6.628,0.0,0.0,-0.0,0.0,0.0,0.0,7.28,5.54,6.99,6.71
963,16.05,7.0,28.526,-0.013,0.7114,0.12,-3.39,-0.48,5.912,0.0,0.0,-0.0,0.0,0.0,0.0,6.95,7.17,4.21,5.32
964,16.0667,7.0,28.542,-0.014,0.7124,0.16,-3.27,-0.49,7.068,0.0,0.0,-0.0,0.0,0.0,0.0,6.97,7.11,6.61,7.57
965,16.0833,7.0,28.558,-0.013,0.7128,0.19,-3.29,-0.38,6.845,0.0,0.0,-0.0,0.0,0.0,0.0,7.18,7.19,7.2,5.81
966,16.1,7.0,28.574,-0.013,0.7114,0.11,-3.41,-0.39,6.23,0.0,0.0,-0.0,0.0,0.0,0.0,6.01,7.0,7.22,4.7
967,16.1167,7.0,28.59,-0.013,0.7117,0.13,-3.3,-0.38,6.858,0.0,0.0,-0.0,0.0,0.0,0.0,7.23,6.16,7.13,6.92
968,16.1333,7.0,28.606,-0.013,0.7125,0.18,-3.28,-0.38,6.84,0.0,0.0,-0.0,0.0,0.0,0.0,6.64,6.99,7.0,6.73
969,16.15,7.0,28.622,-0.014,0.712,0.19,-3.34,-0.38,7.242,0.0,0.0,-0.0,0.0,0.0,0.0,7.08,7.08,7.51,7.29
970,16.1667,7.0,28.638,-0.013,0.712,0.17,-3.36,-0.38,6.408,0.0,0.0,-0.0,0.0,0.0,0.0,7.0,5.97,6.65,6.02
971,16.1833,7.0,28.654,-0.014,0.713,0.23,-3.12,-0.34,5.765,0.0,0.0,-0.0,0.0,0.0,0.0,7.18,3.95,4.85,7.08
972,16.2,7.0,28.669,-0.015,0.7167,0.29,-2.71,-0.3,6.769,0.0,0.0,-0.0,0.0,0.0,0.0,8.13,6.98,5.57,6.39
973,16.2167,7.0,28.685,-0.014,0.7201,0.23,-2.41,-0.29,8.857,0.0,0.0,-0.0,0.0,0.0,0.0,7.05,5.98,7.81,14.58
974,16.2333,7.0,28.701,-0.014,0.7221,0.17,-2.12,-0.21,6.805,0.0,0.0,-0.0,0.0,0.0,0.0,7.0,7.0,7.0,6.23
975,16.25,7.0,28.718,-0.014,0.7226,0.18,-1.91,-0.22,5.898,0.0,0.0,-0.0,0.0,0.0,0.0,6.84,9.96,6.85,-0.06
976,16.2667,7.0,28.735,-0.014,0.7231,0.15,-1.86,-0.23,7.685,0.0,0.0,-0.0,0.0,0.0,0.0,7.12,7.29,8.39,7.94
977,16.2833,7.0,28.752,-0.014,0.724,0.17,-1.81,-0.16,6.592,0.0,0.0,-0.0,0.0,0.0,0.0,7.01,6.16,7.15,6.05
978,16.3,7.0,28.765,-0.015,0.729,0.36,-2.15,-0.14,7.51,0.0,0.0,-0.0,0.0,0.0,0.0,8.41,7.06,8.62,5.95
979,16.3167,7.0,28.776,-0.016,0.7334,0.43,-2.73,-0.26,7.125,0.0,0.0,-0.0,0.0,0.0,0.0,6.94,6.75,6.8,8.01
980,16.3333,7.0,28.788,-0.016,0.736,0.42,-3.3,-0.28,6.77,0.0,0.0,-0.0,0.0,0.0,0.0,7.15,6.94,7.48,5.5
981,16.35,7.0,28.799,-0.015,0.7378,0.24,-3.7,-0.28,5.743,0.0,0.0,-0.0,0.0,0.0,0.0,3.16,6.9,6.89,6.03
982,16.3667,7.0,28.812,-0.014,0.7405,0.12,-3.96,-0.19,6.436,0.0,0.0,-0.0,0.0,0.0,0.0,7.06,5.5,6.99,6.19
983,16.3833,7.0,28.825,-0.013,0.742,0.1,-4.18,-0.1,6.704,0.0,0.0,-0.0,0.0,0.0,0.0,7.02,7.15,6.98,5.66
984,16.4,7.0,28.838,-0.012,0.7423,-0.04,-4.31,-0.08,6.688,0.0,0.0,-0.0,0.0,0.0,0.0,7.02,7.04,7.02,5.68
985,16.4167,7.0,28.852,-0.012,0.743,-0.03,-4.3,-0.08,6.335,0.0,0.0,-0.0,0.0,0.0,0.0,5.48,5.97,6.95,6.94
986,16.4333,7.0,28.868,-0.013,0.7432,0.07,-4.32,-0.08,6.899,0.0,0.0,-0.0,0.0,0.0,0.0,6.05,7.98,6.97,6.59
987,16.45,7.0,28.883,-0.012,0.7427,0.04,-4.36,-0.05,6.917,0.0,0.0,-0.0,0.0,0.0,0.0,7.01,7.25,7.01,6.4
988,16.4667,7.0,28.899,-0.013,0.7417,0.11,-4.33,-0.05,6.809,0.0,0.0,-0.0,0.0,0.0,0.0,6.76,6.44,7.02,7.02
989,16.4833,7.0,28.914,-0.015,0.7431,0.3,-4.18,-0.13,6.733,0.0,0.0,-0.0,0.0,0.0,0.0,7.09,6.99,7.0,5.84
990,16.5,7.0,28.93,-0.016,0.7435,0.4,-4.05,-0.18,6.392,0.0,0.0,-0.0,0.0,0.0,0.0,5.27,6.96,6.97,6.37
991,16.5167,7.0,28.946,-0.016,0.7425,0.44,-4.04,-0.18,6.746,0.0,0.0,-0.0,0.0,0.0,0.0,7.12,7.01,6.01,6.84
992,16.5333,7.0,28.962,-0.015,0.743,0.34,-4.15,-0.17,6.646,0.0,0.0,-0.0,0.0,0.0,0.0,6.4,7.14,7.1,5.95
993,16.55,7.0,28.978,-0.014,0.7432,0.16,-4.22,-0.16,7.045,0.0,0.0,-0.0,0.0,0.0,0.0,7.35,6.92,6.94,6.96
994,16.5667,7.0,28.994,-0.013,0.7428,0.04,-4.34,-0.15,6.446,0.0,0.0,-0.0,0.0,0.0,0.0,7.03,5.66,7.0,6.09
995,16.5833,7.0,29.009,-0.014,0.7424,0.08,-4.32,-0.15,6.472,0.0,0.0,-0.0,0.0,0.0,0.0,5.92,6.04,6.97,6.96
996,16.6,7.0,29.025,-0.015,0.743,0.25,-4.25,-0.16,6.766,0.0,0.0,-0.0,0.0,0.0,0.0,6.98,7.06,7.06,5.96
997,16.6167,7.0,29.041,-0.015,0.7431,0.29,-4.14,-0.16,6.606,0.0,0.0,-0.0,0.0,0.0,0.0,5.62,7.0,7.0,6.8
998,16.6333,7.0,29.057,-0.015,0.742,0.31,-4.13,-0.1,6.866,0.0,0.0,-0.0,0.0,0.0,0.0,7.0,7.0,7.0,6.47
999,16.65,7.0,29.073,-0.015,0.7424,0.25,-4.18,-0.09,6.623,0.0,0.0,-0.0,0.0,0.0,0.0,6.22,7.07,7.03,6.17
1000,16.6667,7.0,29.088,-0.014,0.7434,0.1,-4.31,-0.09,6.547,0.0,0.0,-0.0,0.0,0.0,0.0,6.84,5.73,6.97,6.65
1001,16.6833,7.0,29.104,-0.013,0.7431,-0.01,-4.41,-0.08,6.768,0.0,0.0,-0.0,0.0,0.0,0.0,6.76,5.74,6.85,7.72
1002,16.7,7.0,29.119,-0.013,0.7423,0.08,-4.17,0.01,5.158,0.0,0.0,-0.0,0.0,0.0,0.0,0.58,5.89,7.08,7.08
1003,16.7167,7.0,29.135,-0.014,0.743,0.23,-4.17,0.01,6.605,0.0,0.0,-0.0,0.0,0.0,0.0,6.23,7.07,7.09,6.04
1004,16.7333,7.0,29.15,-0.014,0.7451,0.2,-3.95,0.01,6.112,0.0,0.0,-0.0,0.0,0.0,0.0,4.58,7.0,7.05,5.82
1005,16.75,7.0,29.165,-0.013,0.7485,0.16,-3.52,0.02,5.829,0.0,0.0,-0.0,0.0,0.0,0.0,6.97,4.97,6.98,4.39
1006,16.7667,7.0,29.181,-0.013,0.7511,0.17,-3.11,0.02,3.791,0.0,0.0,-0.0,0.0,0.0,0.0,2.32,6.42,7.0,-0.57
1007,16.7833,7.0,29.198,-0.014,0.7541,0.2,-2.89,0.02,6.657,0.0,0.0,-0.0,0.0,0.0,0.0,5.96,7.01,7.01,6.66
1008,16.8,7.0,29.215,-0.014,0.7554,0.19,-2.72,-0.0,6.848,0.0,0.0,-0.0,0.0,0.0,0.0,7.0,6.57,7.0,6.83
1009,16.8167,7.0,29.232,-0.014,0.7551,0.24,-2.47,0.0,6.959,0.0,0.0,-0.0,0.0,0.0,0.0,6.72,6.98,7.07,7.06
1010,16.8333,7.0,29.244,-0.016,0.761,0.83,-2.51,0.32,6.528,0.0,0.0,-0.0,0.0,0.0,0.0,6.78,7.04,7.04,5.26
1011,16.85,7.0,29.254,-0.019,0.7676,1.2,-2.92,0.34,8.385,0.0,0.0,-0.0,0.0,0.0,0.0,8.1,7.04,8.66,9.75
1012,16.8667,7.0,29.263,-0.023,0.7724,1.24,-3.54,0.37,6.961,0.0,0.0,-0.0,0.0,0.0,0.0,6.91,6.96,7.01,6.96
1013,16.8833,7.0,29.273,-0.027,0.7748,1.29,-4.11,0.34,5.69,0.0,0.0,-0.0,0.0,0.0,0.0,6.74,6.79,6.78,2.46
1014,16.9,7.0,29.283,-0.027,0.7779,1.26,-4.38,0.16,7.351,0.0,0.0,-0.0,0.0,0.0,0.0,9.35,7.03,7.03,6.0
1015,16.9167,7.0,29.294,-0.027,0.7808,1.16,-4.74,0.11,6.018,0.0,0.0,-0.0,0.0,0.0,0.0,4.0,7.01,7.0,6.06
1016,16.9333,7.0,29.306,-0.026,0.7827,1.01,-5.21,0.07,6.82,0.0,0.0,-0.0,0.0,0.0,0.0,7.02,6.99,7.02,6.24
1017,16.95,7.0,29.318,-0.025,0.7826,0.78,-5.67,0.07,6.786,0.0,0.0,-0.0,0.0,0.0,0.0,6.99,6.98,7.0,6.17
1018,16.9667,7.0,29.331,-0.022,0.7833,0.41,-5.97,0.08,6.489,0.0,0.0,-0.0,0.0,0.0,0.0,5.99,6.94,7.01,6.02
1019,16.9833,7.0,29.344,-0.019,0.7835,0.0,-6.21,0.1,6.785,0.0,0.0,-0.0,0.0,0.0,0.0,7.22,5.49,7.01,7.42
1020,17.0,7.0,29.357,-0.018,0.784,-0.1,-6.14,0.16,6.369,0.0,0.0,-0.0,0.0,0.0,0.0,5.33,6.13,7.01,7.01
1021,17.0167,7.0,29.371,-0.019,0.7851,-0.08,-6.12,0.04,6.588,0.0,0.0,-0.0,0.0,0.0,0.0,6.28,5.99,7.04,7.04
1022,17.0333,7.0,29.386,-0.02,0.7843,0.07,-6.16,-0.04,6.748,0.0,0.0,-0.0,0.0,0.0,0.0,6.95,5.97,7.03,7.03
1023,17.05,7.0,29.401,-0.021,0.7832,0.14,-6.09,-0.04,6.311,0.0,0.0,-0.0,0.0,0.0,0.0,5.05,6.99,7.0,6.21
1024,17.0667,7.0,29.416,-0.021,0.7829,0.22,-6.12,-0.04,6.635,0.0,0.0,-0.0,0.0,0.0,0.0,5.91,6.54,7.07,7.02
1025,17.0833,7.0,29.432,-0.023,0.7834,0.45,-6.0,-0.05,6.519,0.0,0.0,-0.0,0.0,0.0,0.0,6.19,7.13,7.17,5.59
1026,17.1,7.0,29.448,-0.024,0.7838,0.5,-5.82,-0.06,6.676,0.0,0.0,-0.0,0.0,0.0,0.0,6.12,7.0,6.99,6.59
1027,17.1167,7.0,29.464,-0.023,0.7829,0.55,-5.72,0.0,6.856,0.0,0.0,-0.0,0.0,0.0,0.0,6.97,6.97,6.98,6.5
1028,17.1333,7.0,29.48,-0.024,0.7827,0.57,-5.86,-0.01,6.77,0.0,0.0,-0.0,0.0,0.0,0.0,5.91,6.69,6.63,7.84
1029,17.15,7.0,29.495,-0.023,0.7844,0.52,-5.86,0.05,8.0,0.0,0.0,-0.0,0.0,0.0,0.0,11.89,7.04,7.02,6.05
1030,17.1667,7.0,29.51,-0.022,0.7842,0.41,-5.92,0.07,6.786,0.0,0.0,-0.0,0.0,0.0,0.0,6.99,6.99,6.99,6.16
1031,17.1833,7.0,29.526,-0.021,0.7824,0.27,-6.0,0.07,7.791,0.0,0.0,-0.0,0.0,0.0,0.0,7.19,6.7,7.05,10.22
1032,17.2,7.0,29.541,-0.021,0.7831,0.36,-6.05,0.04,6.417,0.0,0.0,-0.0,0.0,0.0,0.0,5.87,7.08,7.14,5.58
1033,17.2167,7.0,29.556,-0.02,0.7835,0.23,-6.01,0.05,6.68,0.0,0.0,-0.0,0.0,0.0,0.0,6.43,6.99,7.0,6.3
1034,17.2333,7.0,29.572,-0.02,0.7827,0.14,-5.97,0.08,6.311,0.0,0.0,-0.0,0.0,0.0,0.0,5.78,5.36,7.05,7.05
1035,17.25,7.0,29.587,-0.021,0.7827,0.33,-6.11,0.08,6.799,0.0,0.0,-0.0,0.0,0.0,0.0,6.45,7.49,6.88,6.37
1036,17.2667,7.0,29.603,-0.021,0.784,0.33,-6.02,0.11,6.394,0.0,0.0,-0.0,0.0,0.0,0.0,5.3,7.0,7.0,6.28
1037,17.2833,7.0,29.619,-0.021,0.7839,0.27,-6.01,0.06,6.749,0.0,0.0,-0.0,0.0,0.0,0.0,7.0,7.0,7.0,5.99
1038,17.3,7.0,29.634,-0.021,0.7871,0.23,-5.42,0.04,6.088,0.0,0.0,-0.0,0.0,0.0,0.0,5.22,6.19,6.93,6.01
1039,17.3167,7.0,29.648,-0.021,0.7924,0.27,-5.04,-0.01,8.672,0.0,0.0,-0.0,0.0,0.0,0.0,9.78,8.93,7.04,8.93
1040,17.3333,7.0,29.663,-0.022,0.7964,0.3,-4.69,-0.07,6.624,0.0,0.0,-0.0,0.0,0.0,0.0,6.99,5.71,7.0,6.79
1041,17.35,7.0,29.679,-0.022,0.7992,0.32,-4.35,-0.12,6.796,0.0,0.0,-0.0,0.0,0.0,0.0,7.0,6.08,7.0,7.11
1042,17.3667,7.0,29.696,-0.022,0.8007,0.32,-4.03,-0.16,6.567,0.0,0.0,-0.0,0.0,0.0,0.0,7.01,6.29,7.0,5.97
1043,17.3833,7.0,29.713,-0.023,0.8017,0.33,-3.82,-0.16,6.909,0.0,0.0,-0.0,0.0,0.0,0.0,6.88,7.0,7.0,6.76
1044,17.4,7.0,29.726,-0.023,0.8064,0.75,-3.89,0.22,6.821,0.0,0.0,-0.0,0.0,0.0,0.0,7.62,7.06,7.07,5.53
1045,17.4167,7.0,29.734,-0.026,0.8129,1.22,-4.39,0.24,8.42,0.0,0.0,-0.0,0.0,0.0,0.0,7.76,7.02,7.03,11.86
1046,17.4333,7.0,29.74,-0.031,0.8176,1.57,-4.96,0.16,6.981,0.0,0.0,-0.0,0.0,0.0,0.0,7.0,6.96,6.99,6.96
1047,17.45,7.0,29.747,-0.034,0.8213,1.82,-5.28,-0.08,5.138,0.0,0.0,-0.0,0.0,0.0,0.0,3.43,6.86,6.93,3.33
1048,17.4667,7.0,29.755,-0.036,0.8255,1.94,-5.57,-0.22,6.226,0.0,0.0,-0.0,0.0,0.0,0.0,6.9,6.84,6.9,4.26
1049,17.4833,7.0,29.764,-0.037,0.8286,1.92,-5.88,-0.34,6.439,0.0,0.0,-0.0,0.0,0.0,0.0,6.98,7.0,7.0,4.77
1050,17.5,7.0,29.775,-0.037,0.831,1.85,-6.28,-0.38,6.501,0.0,0.0,-0.0,0.0,0.0,0.0,7.15,7.03,7.03,4.8
1051,17.5167,7.0,29.786,-0.036,0.8328,1.71,-6.8,-0.4,6.763,0.0,0.0,-0.0,0.0,0.0,0.0,6.64,6.99,7.0,6.43
1052,17.5333,7.0,29.797,-0.034,0.8343,1.45,-7.27,-0.4,7.339,0.0,0.0,-0.0,0.0,0.0,0.0,9.62,7.06,7.04,5.63
1053,17.55,7.0,29.809,-0.032,0.8359,1.07,-7.7,-0.43,7.597,0.0,0.0,-0.0,0.0,0.0,0.0,10.9,7.09,7.04,5.36
1054,17.5667,7.0,29.822,-0.03,0.8362,0.65,-8.17,-0.44,6.816,0.0,0.0,-0.0,0.0,0.0,0.0,6.42,6.94,6.94,6.96
1055,17.5833,7.0,29.834,-0.028,0.8362,0.36,-8.41,-0.42,6.846,0.0,0.0,-0.0,0.0,0.0,0.0,8.85,4.51,7.0,7.02
1056,17.6,7.0,29.847,-0.027,0.8367,0.31,-8.33,-0.37,6.51,0.0,0.0,-0.0,0.0,0.0,0.0,7.01,4.97,7.03,7.03
1057,17.6167,7.0,29.861,-0.028,0.8365,0.4,-8.33,-0.37,6.599,0.0,0.0,-0.0,0.0,0.0,0.0,6.25,6.2,6.98,6.98
1058,17.6333,7.0,29.876,-0.029,0.8361,0.5,-8.42,-0.37,6.565,0.0,0.0,-0.0,0.0,0.0,0.0,5.91,7.02,7.01,6.32
1059,17.65,7.0,29.892,-0.029,0.8353,0.58,-8.38,-0.37,6.296,0.0,0.0,-0.0,0.0,0.0,0.0,7.03,6.01,7.0,5.15
1060,17.6667,7.0,29.908,-0.029,0.8354,0.53,-8.18,-0.35,7.076,0.0,0.0,-0.0,0.0,0.0,0.0,6.95,7.02,7.06,7.28
1061,17.6833,7.0,29.924,-0.029,0.8365,0.41,-8.39,-0.32,7.097,0.0,0.0,-0.0,0.0,0.0,0.0,6.76,7.02,7.01,7.6
1062,17.7,7.0,29.939,-0.029,0.8361,0.41,-8.45,-0.3,6.595,0.0,0.0,-0.0,0.0,0.0,0.0,7.14,5.09,7.08,7.07
1063,17.7167,7.0,29.955,-0.029,0.835,0.57,-8.25,-0.23,7.017,0.0,0.0,-0.0,0.0,0.0,0.0,6.98,8.85,6.91,5.32
1064,17.7333,7.0,29.971,-0.029,0.8361,0.51,-8.23,-0.22,6.918,0.0,0.0,-0.0,0.0,0.0,0.0,6.81,6.99,7.0,6.87
1065,17.75,7.0,29.987,-0.029,0.8365,0.46,-8.42,-0.22,6.955,0.0,0.0,-0.0,0.0,0.0,0.0,6.65,6.98,6.98,7.22
1066,17.7667,7.0,30.003,-0.029,0.8352,0.47,-8.45,-0.18,5.325,0.0,0.0,-0.0,0.0,0.0,0.0,7.14,4.71,7.1,2.35
1067,17.7833,7.0,30.019,-0.029,0.8356,0.49,-8.25,-0.18,7.131,0.0,0.0,-0.0,0.0,0.0,0.0,6.72,7.85,7.01,6.94
1068,17.8,7.0,30.035,-0.029,0.8367,0.47,-8.38,-0.18,7.069,0.0,0.0,-0.0,0.0,0.0,0.0,7.01,6.98,6.98,7.31
1069,17.8167,7.0,30.051,-0.029,0.8357,0.44,-8.51,-0.17,7.003,0.0,0.0,-0.0,0.0,0.0,0.0,7.04,6.54,6.96,7.48
1070,17.8333,7.0,30.067,-0.029,0.8343,0.46,-8.32,-0.16,6.73,0.0,0.0,-0.0,0.0,0.0,0.0,4.39,9.22,6.96,6.36
1071,17.85,7.0,30.083,-0.029,0.8358,0.46,-8.31,-0.17,6.984,0.0,0.0,-0.0,0.0,0.0,0.0,7.1,6.66,6.95,7.23
1072,17.8667,7.0,30.098,-0.03,0.8381,0.81,-7.98,-0.05,6.498,0.0,0.0,-0.0,0.0,0.0,0.0,6.79,5.21,7.0,7.0
1073,17.8833,7.0,30.112,-0.032,0.8406,1.09,-7.31,0.07,4.25,0.0,0.0,-0.0,0.0,0.0,0.0,-1.65,7.02,7.08,4.55
1074,17.9,7.0,30.125,-0.033,0.8446,1.24,-6.68,-0.08,12.51,0.0,0.0,-0.0,0.0,0.0,0.0,25.88,4.13,7.47,12.57
1075,17.9167,7.0,30.14,-0.034,0.8492,1.35,-6.2,-0.15,9.921,0.0,0.0,-0.0,0.0,0.0,0.0,8.86,5.65,6.53,18.65
1076,17.9333,7.0,30.155,-0.035,0.852,1.43,-5.71,-0.3,6.648,0.0,0.0,-0.0,0.0,0.0,0.0,7.18,6.97,7.03,5.42
1077,17.95,7.0,30.17,-0.035,0.8546,1.42,-5.29,-0.32,8.51,0.0,0.0,-0.0,0.0,0.0,0.0,4.7,17.19,6.85,5.3
1078,17.9667,7.0,30.186,-0.035,0.8576,1.39,-5.13,-0.36,6.83,0.0,0.0,-0.0,0.0,0.0,0.0,6.13,6.92,6.99,7.28
1079,17.9833,7.0,30.202,-0.035,0.859,1.39,-4.94,-0.34,6.143,0.0,0.0,-0.0,0.0,0.0,0.0,6.97,6.17,6.97,4.47
1080,18.0,7.0,30.213,-0.035,0.8633,1.86,-4.93,0.16,5.855,0.0,0.0,-0.0,0.0,0.0,0.0,4.88,7.0,7.01,4.53
1081,18.0167,7.0,30.218,-0.04,0.8684,2.31,-5.29,0.31,5.27,0.0,0.0,-0.0,0.0,0.0,0.0,5.54,6.91,6.89,1.73
1082,18.0333,7.0,30.224,-0.044,0.8746,2.71,-5.61,0.16,6.831,0.0,0.0,-0.0,0.0,0.0,0.0,10.24,6.94,6.93,3.21
1083,18.05,7.0,30.231,-0.047,0.88,2.98,-5.98,0.0,6.235,0.0,0.0,-0.0,0.0,0.0,0.0,7.08,6.98,7.0,3.88
1084,18.0667,7.0,30.238,-0.049,0.8849,3.18,-6.39,-0.08,8.705,0.0,0.0,-0.0,0.0,0.0,0.0,16.32,7.07,7.12,4.3
1085,18.0833,7.0,30.247,-0.05,0.8888,3.27,-6.87,-0.12,9.808,0.0,0.0,-0.0,0.0,0.0,0.0,19.94,7.02,7.07,5.21
1086,18.1,7.0,30.256,-0.05,0.8917,3.29,-7.44,-0.14,6.73,0.0,0.0,-0.0,0.0,0.0,0.0,6.82,6.98,6.97,6.14
1087,18.1167,7.0,30.266,-0.05,0.8942,3.22,-7.99,-0.16,6.101,0.0,0.0,-0.0,0.0,0.0,0.0,4.89,7.05,7.05,5.42
1088,18.1333,7.0,30.276,-0.049,0.8976,3.0,-8.44,-0.15,6.7,0.0,0.0,-0.0,0.0,0.0,0.0,7.02,7.01,7.0,5.77
1089,18.15,7.0,30.287,-0.047,0.8994,2.77,-8.89,-0.16,6.658,0.0,0.0,-0.0,0.0,0.0,0.0,7.02,6.99,6.99,5.64
1090,18.1667,7.0,30.298,-0.045,0.8996,2.43,-9.34,-0.16,6.8,0.0,0.0,-0.0,0.0,0.0,0.0,6.99,6.96,6.97,6.27
1091,18.1833,7.0,30.31,-0.042,0.8995,2.06,-9.85,-0.19,6.011,0.0,0.0,-0.0,0.0,0.0,0.0,3.8,6.82,6.77,6.65
1092,18.2,7.0,30.321,-0.039,0.9006,1.61,-10.19,-0.06,6.802,0.0,0.0,-0.0,0.0,0.0,0.0,6.99,6.97,6.99,6.25
1093,18.2167,7.0,30.333,-0.035,0.9007,1.26,-10.43,0.07,5.71,0.0,0.0,-0.0,0.0,0.0,0.0,4.79,3.88,7.08,7.09
1094,18.2333,7.0,30.346,-0.034,0.9014,1.12,-10.69,0.08,6.095,0.0,0.0,-0.0,0.0,0.0,0.0,5.41,4.92,7.02,7.02
1095,18.25,7.0,30.359,-0.034,0.9018,1.24,-10.67,0.11,6.566,0.0,0.0,-0.0,0.0,0.0,0.0,7.02,5.21,7.02,7.02
1096,18.2667,7.0,30.374,-0.036,0.9019,1.43,-10.54,0.15,6.568,0.0,0.0,-0.0,0.0,0.0,0.0,7.06,6.6,7.01,5.6
1097,18.2833,7.0,30.389,-0.036,0.9013,1.42,-10.46,0.07,6.742,0.0,0.0,-0.0,0.0,0.0,0.0,7.02,6.29,7.03,6.63
1098,18.3,7.0,30.405,-0.036,0.9008,1.45,-10.62,0.09,7.029,0.0,0.0,-0.0,0.0,0.0,0.0,6.74,6.99,7.0,7.39
1099,18.3167,7.0,30.421,-0.035,0.9011,1.31,-10.58,0.1,6.004,0.0,0.0,-0.0,0.0,0.0,0.0,6.41,4.24,7.01,6.36
1100,18.3333,7.0,30.437,-0.035,0.9013,1.28,-10.4,0.13,5.713,0.0,0.0,-0.0,0.0,0.0,0.0,2.02,6.79,7.02,7.01
1101,18.35,7.0,30.453,-0.035,0.901,1.38,-10.62,0.13,7.297,0.0,0.0,-0.0,0.0,0.0,0.0,6.43,7.1,7.0,8.66
1102,18.3667,7.0,30.469,-0.036,0.9009,1.38,-10.64,0.16,6.166,0.0,0.0,-0.0,0.0,0.0,0.0,5.15,6.47,6.98,6.06
1103,18.3833,7.0,30.484,-0.035,0.9017,1.41,-10.51,0.21,7.048,0.0,0.0,-0.0,0.0,0.0,0.0,7.03,6.37,7.06,7.73
1104,18.4,7.0,30.501,-0.035,0.9011,1.45,-10.44,0.22,7.325,0.0,0.0,-0.0,0.0,0.0,0.0,7.66,8.41,7.01,6.22
1105,18.4167,7.0,30.517,-0.036,0.9005,1.52,-10.6,0.18,6.891,0.0,0.0,-0.0,0.0,0.0,0.0,7.05,6.96,6.97,6.58
1106,18.4333,7.0,30.534,-0.035,0.9011,1.4,-10.45,0.19,6.581,0.0,0.0,-0.0,0.0,0.0,0.0,5.77,7.03,7.02,6.51
1107,18.45,7.0,30.55,-0.035,0.9012,1.4,-10.39,0.19,6.93,0.0,0.0,-0.0,0.0,0.0,0.0,6.87,6.81,7.02,7.03
1108,18.4667,7.0,30.566,-0.035,0.901,1.47,-10.58,0.18,6.782,0.0,0.0,-0.0,0.0,0.0,0.0,6.93,7.0,6.99,6.2
1109,18.4833,7.0,30.58,-0.037,0.9025,1.99,-9.87,0.47,4.001,0.0,0.0,-0.0,0.0,0.0,0.0,10.09,5.21,6.97,-6.26
1110,18.5,7.0,30.592,-0.038,0.9071,2.19,-9.06,0.43,5.183,0.0,0.0,-0.0,0.0,0.0,0.0,3.18,6.5,6.66,4.38
1111,18.5167,7.0,30.605,-0.038,0.9128,2.28,-8.49,0.44,7.562,0.0,0.0,-0.0,0.0,0.0,0.0,12.07,6.83,7.06,4.27
1112,18.5333,7.0,30.619,-0.04,0.9179,2.34,-7.97,0.48,6.59,0.0,0.0,-0.0,0.0,0.0,0.0,7.73,4.19,6.92,7.52
1113,18.55,7.0,30.633,-0.04,0.922,2.4,-7.48,0.52,7.106,0.0,0.0,-0.0,0.0,0.0,0.0,6.96,6.92,6.98,7.57
1114,18.5667,7.0,30.648,-0.041,0.9251,2.48,-7.0,0.56,8.494,0.0,0.0,-0.0,0.0,0.0,0.0,7.05,13.5,7.02,6.41
1115,18.5833,7.0,30.664,-0.041,0.9274,2.56,-6.56,0.59,8.715,0.0,0.0,-0.0,0.0,0.0,0.0,11.32,5.83,7.04,10.67
1116,18.6,7.0,30.68,-0.042,0.9298,2.63,-6.27,0.61,6.828,0.0,0.0,-0.0,0.0,0.0,0.0,8.61,5.81,7.1,5.79
1117,18.6167,7.0,30.697,-0.042,0.9308,2.7,-5.99,0.6,6.015,0.0,0.0,-0.0,0.0,0.0,0.0,7.01,4.12,7.03,5.89
1118,18.6333,7.0,30.714,-0.042,0.9312,2.75,-5.8,0.61,7.031,0.0,0.0,-0.0,0.0,0.0,0.0,7.17,6.98,6.99,6.98
1119,18.65,7.0,30.729,-0.043,0.9343,3.06,-5.99,0.86,6.91,0.0,0.0,-0.0,0.0,0.0,0.0,6.61,7.07,7.07,6.88
1120,18.6667,7.0,30.74,-0.045,0.9392,3.5,-6.52,1.02,6.312,0.0,0.0,-0.0,0.0,0.0,0.0,7.69,6.8,6.72,4.04
1121,18.6833,7.0,30.748,-0.048,0.9452,3.74,-6.93,0.88,6.151,0.0,0.0,-0.0,0.0,0.0,0.0,5.78,6.96,7.0,4.87
1122,18.7,7.0,30.758,-0.05,0.9504,3.93,-7.38,0.73,6.601,0.0,0.0,-0.0,0.0,0.0,0.0,6.97,6.99,7.02,5.42
1123,18.7167,7.0,30.768,-0.051,0.9542,4.0,-7.86,0.6,6.632,0.0,0.0,-0.0,0.0,0.0,0.0,6.96,6.98,7.01,5.58
1124,18.7333,7.0,30.78,-0.052,0.9563,3.99,-8.36,0.5,6.827,0.0,0.0,-0.0,0.0,0.0,0.0,6.94,6.97,6.99,6.41
1125,18.75,7.0,30.791,-0.051,0.9576,3.89,-8.7,0.41,6.878,0.0,0.0,-0.0,0.0,0.0,0.0,8.44,7.04,7.04,4.99
1126,18.7667,7.0,30.803,-0.05,0.96,3.62,-9.05,0.37,6.634,0.0,0.0,-0.0,0.0,0.0,0.0,6.01,7.03,7.04,6.46
1127,18.7833,7.0,30.815,-0.047,0.9608,3.33,-9.44,0.31,6.927,0.0,0.0,-0.0,0.0,0.0,0.0,7.02,6.98,7.0,6.7
1128,18.8,7.0,30.829,-0.045,0.9602,2.97,-9.84,0.3,8.996,0.0,0.0,-0.0,0.0,0.0,0.0,13.9,5.42,6.75,9.92
1129,18.8167,7.0,30.842,-0.044,0.9603,2.96,-9.9,0.31,7.596,0.0,0.0,-0.0,0.0,0.0,0.0,12.96,4.0,6.86,6.56
1130,18.8333,7.0,30.856,-0.044,0.9617,2.85,-10.04,0.3,6.609,0.0,0.0,-0.0,0.0,0.0,0.0,6.2,7.0,7.0,6.24
1131,18.85,7.0,30.87,-0.043,0.962,2.77,-10.1,0.35,6.472,0.0,0.0,-0.0,0.0,0.0,0.0,6.69,5.13,7.03,7.03
1132,18.8667,7.0,30.885,-0.043,0.9618,2.93,-9.96,0.43,6.603,0.0,0.0,-0.0,0.0,0.0,0.0,7.02,5.36,7.01,7.02
1133,18.8833,7.0,30.9,-0.044,0.961,3.06,-9.91,0.44,6.608,0.0,0.0,-0.0,0.0,0.0,0.0,5.83,6.92,6.79,6.89
1134,18.9,7.0,30.916,-0.043,0.9619,2.98,-9.94,0.46,7.357,0.0,0.0,-0.0,0.0,0.0,0.0,7.9,6.98,6.98,7.56
1135,18.9167,7.0,30.931,-0.042,0.9612,2.96,-9.94,0.5,6.491,0.0,0.0,-0.0,0.0,0.0,0.0,7.05,4.78,7.06,7.08
1136,18.9333,7.0,30.947,-0.043,0.9607,3.08,-9.89,0.5,8.684,0.0,0.0,-0.0,0.0,0.0,0.0,6.18,15.29,6.67,6.6
1137,18.95,7.0,30.962,-0.043,0.9623,2.98,-9.96,0.5,6.813,0.0,0.0,-0.0,0.0,0.0,0.0,6.57,6.97,6.97,6.73
1138,18.9667,7.0,30.978,-0.041,0.9618,2.86,-10.04,0.48,6.873,0.0,0.0,-0.0,0.0,0.0,0.0,7.02,7.01,7.02,6.45
1139,18.9833,7.0,30.994,-0.041,0.961,2.95,-9.87,0.52,6.484,0.0,0.0,-0.0,0.0,0.0,0.0,4.37,7.57,7.01,6.99
1140,19.0,7.0,31.01,-0.043,0.9614,3.08,-9.89,0.43,6.879,0.0,0.0,-0.0,0.0,0.0,0.0,6.76,7.02,6.99,6.74
1141,19.0167,7.0,31.026,-0.043,0.9625,3.13,-9.82,0.53,6.723,0.0,0.0,-0.0,0.0,0.0,0.0,6.51,7.0,6.99,6.39
1142,19.0333,7.0,31.042,-0.042,0.9617,3.15,-9.81,0.54,6.947,0.0,0.0,-0.0,0.0,0.0,0.0,7.15,7.14,7.13,6.36
1143,19.05,7.0,31.058,-0.042,0.9599,3.09,-9.81,0.51,7.458,0.0,0.0,-0.0,0.0,0.0,0.0,8.4,6.77,6.68,7.98
1144,19.0667,7.0,31.071,-0.041,0.9639,3.14,-9.6,0.6,14.82,0.0,0.0,-0.0,0.0,0.0,0.0,17.36,6.3,7.7,27.92
1145,19.0833,7.0,31.082,-0.041,0.969,3.33,-8.93,0.72,9.239,0.0,0.0,-0.0,0.0,0.0,0.0,20.0,6.42,6.27,4.26
1146,19.1,7.0,31.092,-0.041,0.9726,3.43,-8.35,0.82,5.718,0.0,0.0,-0.0,0.0,0.0,0.0,2.11,6.93,6.93,6.9
1147,19.1167,7.0,31.102,-0.041,0.9751,3.63,-7.71,0.87,10.598,0.0,0.0,-0.0,0.0,0.0,0.0,11.83,4.67,7.08,18.82
1148,19.1333,7.0,31.113,-0.042,0.9785,3.88,-7.16,0.81,4.793,0.0,0.0,-0.0,0.0,0.0,0.0,0.35,8.16,6.97,3.69
1149,19.15,7.0,31.124,-0.043,0.9829,3.99,-6.7,0.83,17.551,0.0,0.0,-0.0,0.0,0.0,0.0,28.14,28.79,7.3,5.96
1150,19.1667,7.0,31.136,-0.044,0.9851,4.19,-6.16,0.81,7.884,0.0,0.0,-0.0,0.0,0.0,0.0,7.03,12.85,7.0,4.67
1151,19.1833,7.0,31.149,-0.045,0.9875,4.33,-5.65,0.82,6.497,0.0,0.0,-0.0,0.0,0.0,0.0,8.27,6.15,6.25,5.32
1152,19.2,7.0,31.162,-0.046,0.9907,4.46,-5.32,0.86,5.612,0.0,0.0,-0.0,0.0,0.0,0.0,4.41,5.35,7.02,5.67
1153,19.2167,7.0,31.177,-0.046,0.9936,4.61,-5.02,0.87,8.219,0.0,0.0,-0.0,0.0,0.0,0.0,7.25,7.46,6.82,11.35
1154,19.2333,7.0,31.193,-0.047,0.9945,4.74,-4.68,0.85,6.37,0.0,0.0,-0.0,0.0,0.0,0.0,6.99,5.87,7.01,5.62
1155,19.25,7.0,31.21,-0.048,0.9949,4.88,-4.42,0.87,7.071,0.0,0.0,-0.0,0.0,0.0,0.0,7.53,7.03,7.01,6.72
1156,19.2667,7.0,31.227,-0.048,0.997,4.95,-4.31,0.85,6.701,0.0,0.0,-0.0,0.0,0.0,0.0,6.54,7.03,7.04,6.2
1157,19.2833,7.0,31.244,-0.048,0.9977,5.01,-4.25,0.89,6.876,0.0,0.0,-0.0,0.0,0.0,0.0,7.1,7.1,7.09,6.21
1158,19.3,7.0,31.26,-0.048,0.996,5.0,-4.21,0.91,6.478,0.0,0.0,-0.0,0.0,0.0,0.0,6.93,5.85,6.92,6.21
1159,19.3167,7.0,31.274,-0.049,0.9987,5.18,-4.38,1.03,6.821,0.0,0.0,-0.0,0.0,0.0,0.0,7.46,7.07,7.04,5.71
1160,19.3333,7.0,31.287,-0.051,1.0031,5.31,-4.75,0.97,6.774,0.0,0.0,-0.0,0.0,0.0,0.0,7.22,7.01,7.02,5.85
1161,19.35,7.0,31.299,-0.052,1.0061,5.42,-5.12,0.87,6.676,0.0,0.0,-0.0,0.0,0.0,0.0,6.99,6.99,6.99,5.73
1162,19.3667,7.0,31.312,-0.052,1.0073,5.47,-5.5,0.76,6.748,0.0,0.0,-0.0,0.0,0.0,0.0,7.01,7.0,7.0,5.98
1163,19.3833,7.0,31.326,-0.053,1.0067,5.45,-5.88,0.64,6.802,0.0,0.0,-0.0,0.0,0.0,0.0,7.01,7.0,7.01,6.18
1164,19.4,7.0,31.34,-0.05,1.0094,5.14,-5.84,0.6,6.708,0.0,0.0,-0.0,0.0,0.0,0.0,6.72,7.02,7.01,6.08
1165,19.4167,7.0,31.355,-0.049,1.0098,4.98,-5.99,0.6,6.823,0.0,0.0,-0.0,0.0,0.0,0.0,6.74,6.59,6.98,6.99
1166,19.4333,7.0,31.37,-0.049,1.0096,5.03,-6.21,0.59,6.812,0.0,0.0,-0.0,0.0,0.0,0.0,7.0,6.24,7.01,7.0
1167,19.45,7.0,31.385,-0.049,1.0102,4.95,-6.14,0.6,6.59,0.0,0.0,-0.0,0.0,0.0,0.0,6.29,7.09,7.01,5.97
1168,19.4667,7.0,31.401,-0.048,1.0102,4.93,-6.0,0.64,6.696,0.0,0.0,-0.0,0.0,0.0,0.0,7.02,5.72,7.02,7.02
1169,19.4833,7.0,31.417,-0.049,1.0096,5.07,-6.05,0.65,6.557,0.0,0.0,-0.0,0.0,0.0,0.0,6.75,7.1,6.94,5.44
1170,19.5,7.0,31.433,-0.049,1.0101,5.15,-6.07,0.66,6.508,0.0,0.0,-0.0,0.0,0.0,0.0,5.92,7.14,7.16,5.81
1171,19.5167,7.0,31.448,-0.049,1.0105,5.04,-6.03,0.6,6.75,0.0,0.0,-0.0,0.0,0.0,0.0,7.03,7.03,7.03,5.92
1172,19.5333,7.0,31.464,-0.048,1.0094,4.97,-5.96,0.52,8.155,0.0,0.0,-0.0,0.0,0.0,0.0,6.95,6.66,7.24,11.78
1173,19.55,7.0,31.48,-0.049,1.009,5.01,-6.13,0.56,6.101,0.0,0.0,-0.0,0.0,0.0,0.0,6.92,6.02,7.04,4.43
1174,19.5667,7.0,31.496,-0.049,1.0105,5.05,-6.07,0.55,6.907,0.0,0.0,-0.0,0.0,0.0,0.0,6.81,7.06,7.12,6.64
1175,19.5833,7.0,31.512,-0.048,1.0105,5.02,-6.05,0.51,6.665,0.0,0.0,-0.0,0.0,0.0,0.0,5.94,7.01,7.03,6.68
1176,19.6,7.0,31.528,-0.047,1.009,4.92,-6.08,0.53,6.724,0.0,0.0,-0.0,0.0,0.0,0.0,6.31,7.03,7.04,6.51
1177,19.6167,7.0,31.544,-0.049,1.009,5.11,-6.1,0.53,6.081,0.0,0.0,-0.0,0.0,0.0,0.0,6.08,6.16,6.87,5.21
1178,19.6333,7.0,31.56,-0.048,1.0102,5.05,-6.03,0.52,6.799,0.0,0.0,-0.0,0.0,0.0,0.0,8.05,5.3,7.07,6.78
1179,19.65,7.0,31.576,-0.048,1.0095,4.97,-6.02,0.47,6.729,0.0,0.0,-0.0,0.0,0.0,0.0,7.09,6.56,7.02,6.25
1180,19.6667,7.0,31.592,-0.047,1.009,4.96,-6.19,0.47,7.079,0.0,0.0,-0.0,0.0,0.0,0.0,7.28,7.06,7.02,6.97
1181,19.6833,7.0,31.605,-0.049,1.0121,5.32,-5.71,0.54,5.438,0.0,0.0,-0.0,0.0,0.0,0.0,6.06,5.52,6.99,3.18
1182,19.7,7.0,31.617,-0.051,1.0166,5.54,-4.97,0.53,7.177,0.0,0.0,-0.0,0.0,0.0,0.0,6.86,5.55,7.06,9.23
1183,19.7167,7.0,31.63,-0.054,1.02,5.69,-4.29,0.52,10.991,0.0,0.0,-0.0,0.0,0.0,0.0,7.2,23.75,7.0,6.02
1184,19.7333,7.0,31.642,-0.055,1.0239,5.79,-3.79,0.54,6.786,0.0,0.0,-0.0,0.0,0.0,0.0,9.02,6.36,5.99,5.77
1185,19.75,7.0,31.656,-0.055,1.0271,5.79,-3.38,0.56,6.102,0.0,0.0,-0.0,0.0,0.0,0.0,5.08,6.84,6.85,5.63
1186,19.7667,7.0,31.67,-0.056,1.0301,5.81,-2.98,0.56,6.085,0.0,0.0,-0.0,0.0,0.0,0.0,6.97,2.96,6.97,7.44
1187,19.7833,7.0,31.685,-0.056,1.0321,5.88,-2.58,0.62,6.144,0.0,0.0,-0.0,0.0,0.0,0.0,6.97,5.04,6.97,5.59
1188,19.8,7.0,31.701,-0.057,1.0343,5.98,-2.33,0.64,6.215,0.0,0.0,-0.0,0.0,0.0,0.0,6.03,5.38,7.0,6.45
1189,19.8167,7.0,31.718,-0.057,1.0355,6.05,-2.12,0.64,6.617,0.0,0.0,-0.0,0.0,0.0,0.0,6.08,6.96,6.98,6.44
1190,19.8333,7.0,31.735,-0.057,1.0352,6.09,-1.95,0.66,6.809,0.0,0.0,-0.0,0.0,0.0,0.0,5.76,7.7,7.02,6.77
1191,19.85,7.0,31.752,-0.057,1.0352,6.2,-2.03,0.66,7.823,0.0,0.0,-0.0,0.0,0.0,0.0,6.97,10.72,6.89,6.71
1192,19.8667,7.0,31.769,-0.059,1.0343,6.51,-1.93,0.75,6.775,0.0,0.0,-0.0,0.0,0.0,0.0,7.01,6.05,7.01,7.03
1193,19.8833,7.0,31.786,-0.059,1.0349,6.54,-1.61,0.75,7.579,0.0,0.0,-0.0,0.0,0.0,0.0,6.58,6.91,10.16,6.67
1194,19.9,7.0,31.802,-0.06,1.036,6.62,-1.65,0.76,7.123,0.0,0.0,-0.0,0.0,0.0,0.0,7.78,6.95,6.96,6.8
1195,19.9167,7.0,31.819,-0.061,1.0355,6.71,-1.81,0.7,7.052,0.0,0.0,-0.0,0.0,0.0,0.0,6.88,6.88,6.91,7.54
1196,19.9333,7.0,31.836,-0.061,1.0336,6.8,-1.99,0.65,8.298,0.0,0.0,-0.0,0.0,0.0,0.0,6.82,12.9,7.75,5.72
1197,19.95,7.0,31.852,-0.059,1.0355,6.49,-1.67,0.62,6.818,0.0,0.0,-0.0,0.0,0.0,0.0,6.23,6.65,7.0,7.4
1198,19.9667,7.0,31.869,-0.057,1.0357,6.45,-1.86,0.87,6.935,0.0,0.0,-0.0,0.0,0.0,0.0,6.72,7.0,7.0,7.02
1199,19.9833,7.0,31.885,-0.056,1.0346,6.51,-1.95,0.97,6.691,0.0,0.0,-0.0,0.0,0.0,0.0,7.01,5.8,7.0,6.95
1200,20.0,7.0,31.902,-0.055,1.0344,6.39,-1.64,0.95,7.294,0.0,0.0,-0.0,0.0,0.0,0.0,7.73,7.01,6.96,7.47
1201,20.0167,7.0,31.918,-0.055,1.0356,6.41,-1.77,0.94,6.814,0.0,0.0,-0.0,0.0,0.0,0.0,6.14,6.97,6.96,7.18
1202,20.0333,7.0,31.934,-0.054,1.0351,6.47,-1.93,0.98,6.421,0.0,0.0,-0.0,0.0,0.0,0.0,9.53,6.31,6.88,2.96
1203,20.05,7.0,31.95,-0.054,1.0332,6.68,-1.95,1.11,6.653,0.0,0.0,-0.0,0.0,0.0,0.0,7.06,6.9,5.88,6.77
1204,20.0667,7.0,31.967,-0.054,1.0347,6.49,-1.57,0.96,6.84,0.0,0.0,-0.0,0.0,0.0,0.0,7.15,6.94,7.0,6.27
1205,20.0833,7.0,31.984,-0.054,1.0355,6.52,-1.77,0.98,6.948,0.0,0.0,-0.0,0.0,0.0,0.0,6.27,7.01,7.01,7.51
1206,20.1,7.0,32.001,-0.054,1.0342,6.65,-1.94,0.99,6.635,0.0,0.0,-0.0,0.0,0.0,0.0,6.93,5.54,7.0,7.06
1207,20.1167,7.0,32.017,-0.053,1.0345,6.55,-1.57,0.98,6.666,0.0,0.0,-0.0,0.0,0.0,0.0,7.01,7.05,5.64,6.97
1208,20.1333,7.0,32.034,-0.051,1.0329,6.37,-1.47,1.01,6.828,0.0,0.0,-0.0,0.0,0.0,0.0,6.76,7.0,7.0,6.55
1209,20.15,7.0,32.05,-0.051,1.0352,6.48,-1.95,1.01,4.114,0.0,0.0,-0.0,0.0,0.0,0.0,8.78,7.21,6.82,-6.35
1210,20.1667,7.0,32.066,-0.052,1.0337,6.68,-1.87,1.08,7.545,0.0,0.0,-0.0,0.0,0.0,0.0,6.81,9.03,7.49,6.84
1211,20.1833,7.0,32.083,-0.052,1.0355,6.49,-1.68,0.81,6.991,0.0,0.0,-0.0,0.0,0.0,0.0,6.9,6.97,6.96,7.12
1212,20.2,7.0,32.1,-0.052,1.0359,6.49,-1.81,0.86,7.008,0.0,0.0,-0.0,0.0,0.0,0.0,6.42,6.96,6.99,7.67
1213,20.2167,7.0,32.117,-0.052,1.0346,6.61,-1.99,0.87,6.192,0.0,0.0,-0.0,0.0,0.0,0.0,6.94,6.08,7.05,4.7
1214,20.2333,7.0,32.134,-0.051,1.0346,6.52,-1.56,0.88,8.251,0.0,0.0,-0.0,0.0,0.0,0.0,7.82,6.99,11.67,6.52
1215,20.25,7.0,32.15,-0.051,1.0361,6.52,-1.71,0.88,6.896,0.0,0.0,-0.0,0.0,0.0,0.0,6.3,6.99,6.99,7.31
1216,20.2667,7.0,32.165,-0.05,1.0395,6.35,-1.47,0.84,6.307,0.0,0.0,-0.0,0.0,0.0,0.0,4.84,6.91,6.98,6.5
1217,20.2833,7.0,32.181,-0.049,1.0424,6.26,-1.13,0.88,6.186,0.0,0.0,-0.0,0.0,0.0,0.0,6.96,3.76,7.0,7.02
1218,20.3,7.0,32.196,-0.049,1.044,6.34,-0.7,1.01,8.03,0.0,0.0,-0.0,0.0,0.0,0.0,7.07,15.39,7.06,2.6
1219,20.3167,7.0,32.212,-0.05,1.0461,6.43,-0.5,1.07,6.468,0.0,0.0,-0.0,0.0,0.0,0.0,5.9,6.72,6.99,6.27
1220,20.3333,7.0,32.229,-0.05,1.0464,6.51,-0.21,1.14,8.424,0.0,0.0,-0.0,0.0,0.0,0.0,6.96,12.88,6.95,6.91
1221,20.35,7.0,32.245,-0.05,1.048,6.55,-0.14,1.13,6.736,0.0,0.0,-0.0,0.0,0.0,0.0,6.21,6.98,7.0,6.75
1222,20.3667,7.0,32.261,-0.05,1.0484,6.52,-0.18,1.12,6.716,0.0,0.0,-0.0,0.0,0.0,0.0,6.37,7.01,7.02,6.47
1223,20.3833,7.0,32.278,-0.05,1.0478,6.73,-0.06,1.27,6.713,0.0,0.0,-0.0,0.0,0.0,0.0,7.03,5.78,7.03,7.02
1224,20.4,7.0,32.295,-0.05,1.0466,6.87,-0.01,1.27,6.865,0.0,0.0,-0.0,0.0,0.0,0.0,6.97,6.6,6.89,7.0
1225,20.4167,7.0,32.312,-0.05,1.0466,6.76,0.27,1.19,6.894,0.0,0.0,-0.0,0.0,0.0,0.0,6.99,6.99,6.99,6.61
1226,20.4333,7.0,32.329,-0.048,1.0469,6.62,0.13,1.19,6.64,0.0,0.0,-0.0,0.0,0.0,0.0,7.04,6.93,5.7,6.9
1227,20.45,7.0,32.345,-0.048,1.0467,6.58,0.14,1.16,6.889,0.0,0.0,-0.0,0.0,0.0,0.0,6.98,6.92,6.68,6.98
1228,20.4667,7.0,32.362,-0.048,1.0453,6.54,0.25,1.09,5.674,0.0,0.0,-0.0,0.0,0.0,0.0,7.18,5.43,4.39,5.69
1229,20.4833,7.0,32.378,-0.047,1.0439,6.66,0.5,1.22,5.675,0.0,0.0,-0.0,0.0,0.0,0.0,2.19,6.57,6.99,6.94
1230,20.5,7.0,32.395,-0.046,1.0472,6.57,0.19,1.24,6.805,0.0,0.0,-0.0,0.0,0.0,0.0,8.51,6.45,5.31,6.95
1231,20.5167,7.0,32.411,-0.046,1.0456,6.55,0.15,1.21,6.931,0.0,0.0,-0.0,0.0,0.0,0.0,6.99,6.75,6.98,7.0
1232,20.5333,7.0,32.427,-0.046,1.0456,6.54,0.29,1.22,6.804,0.0,0.0,-0.0,0.0,0.0,0.0,7.04,7.34,5.99,6.85
1233,20.55,7.0,32.443,-0.047,1.0472,6.59,0.2,1.2,6.788,0.0,0.0,-0.0,0.0,0.0,0.0,7.05,6.02,7.03,7.05
1234,20.5667,7.0,32.458,-0.048,1.0465,6.65,0.11,1.23,7.873,0.0,0.0,-0.0,0.0,0.0,0.0,7.17,10.39,6.96,6.98
1235,20.5833,7.0,32.474,-0.048,1.0448,6.57,0.26,1.11,6.988,0.0,0.0,-0.0,0.0,0.0,0.0,6.99,6.93,7.92,6.12
1236,20.6,7.0,32.489,-0.046,1.0463,6.43,0.25,1.13,6.395,0.0,0.0,-0.0,0.0,0.0,0.0,7.01,5.37,6.16,7.04
1237,20.6167,7.0,32.505,-0.046,1.0472,6.42,0.34,1.12,6.634,0.0,0.0,-0.0,0.0,0.0,0.0,7.0,6.37,6.17,7.0
1238,20.6333,7.0,32.521,-0.047,1.0463,6.48,0.35,1.11,6.938,0.0,0.0,-0.0,0.0,0.0,0.0,7.01,6.73,7.01,7.01
1239,20.65,7.0,32.538,-0.047,1.0438,6.53,0.43,1.11,6.431,0.0,0.0,-0.0,0.0,0.0,0.0,5.4,7.04,6.75,6.53
1240,20.6667,7.0,32.553,-0.046,1.0467,6.46,0.22,1.13,6.818,0.0,0.0,-0.0,0.0,0.0,0.0,6.95,6.77,6.58,6.98
1241,20.6833,7.0,32.569,-0.046,1.0466,6.52,0.24,1.12,6.471,0.0,0.0,-0.0,0.0,0.0,0.0,7.09,6.39,5.38,7.02
1242,20.7,7.0,32.586,-0.046,1.0452,6.54,0.28,1.15,6.867,0.0,0.0,-0.0,0.0,0.0,0.0,7.02,7.01,7.15,6.29
1243,20.7167,7.0,32.601,-0.045,1.0464,6.42,0.26,1.16,6.186,0.0,0.0,-0.0,0.0,0.0,0.0,6.99,5.56,5.18,7.02
1244,20.7333,7.0,32.617,-0.045,1.0473,6.4,0.36,1.14,6.896,0.0,0.0,-0.0,0.0,0.0,0.0,6.98,6.5,7.05,7.06
1245,20.75,7.0,32.633,-0.045,1.0463,6.44,0.4,1.12,6.84,0.0,0.0,-0.0,0.0,0.0,0.0,7.0,6.37,6.99,7.0
1246,20.7667,7.0,32.65,-0.045,1.0436,6.52,0.43,1.12,6.242,0.0,0.0,-0.0,0.0,0.0,0.0,6.27,6.01,6.7,5.99
1247,20.7833,7.0,32.665,-0.045,1.0471,6.57,0.2,1.13,6.668,0.0,0.0,-0.0,0.0,0.0,0.0,6.96,6.88,5.84,6.99
1248,20.8,7.0,32.681,-0.046,1.0471,6.73,0.11,1.13,6.888,0.0,0.0,-0.0,0.0,0.0,0.0,7.01,6.55,7.0,7.0
1249,20.8167,7.0,32.697,-0.047,1.046,6.73,0.26,1.06,6.886,0.0,0.0,-0.0,0.0,0.0,0.0,7.05,7.08,7.07,6.34
1250,20.8333,7.0,32.713,-0.045,1.0468,6.57,0.13,1.07,6.474,0.0,0.0,-0.0,0.0,0.0,0.0,7.06,7.76,4.13,6.94
1251,20.85,7.0,32.728,-0.045,1.0478,6.64,0.2,0.92,6.998,0.0,0.0,-0.0,0.0,0.0,0.0,7.0,7.0,7.0,7.0
1252,20.8667,7.0,32.744,-0.045,1.0463,6.67,0.24,0.86,8.127,0.0,0.0,-0.0,0.0,0.0,0.0,7.17,4.67,7.36,13.31
1253,20.8833,7.0,32.76,-0.045,1.0441,6.67,0.5,0.9,6.599,0.0,0.0,-0.0,0.0,0.0,0.0,6.99,7.0,7.02,5.38
1254,20.9,7.0,32.776,-0.045,1.0454,6.62,0.44,0.91,6.644,0.0,0.0,-0.0,0.0,0.0,0.0,6.02,6.55,7.02,6.99
1255,20.9167,7.0,32.793,-0.045,1.0434,6.73,0.5,0.94,6.854,0.0,0.0,-0.0,0.0,0.0,0.0,7.0,6.42,7.0,7.0
1256,20.9333,7.0,32.81,-0.044,1.0408,6.62,0.89,0.87,6.037,0.0,0.0,-0.0,0.0,0.0,0.0,7.01,3.33,7.12,6.68
1257,20.95,7.0,32.827,-0.044,1.038,6.75,1.33,0.91,6.622,0.0,0.0,-0.0,0.0,0.0,0.0,6.96,6.2,6.34,6.98
1258,20.9667,7.0,32.846,-0.045,1.0337,6.9,1.7,0.94,6.741,0.0,0.0,-0.0,0.0,0.0,0.0,6.98,6.01,6.97,7.0
1259,20.9833,7.0,32.864,-0.043,1.0314,6.74,2.2,0.96,7.21,0.0,0.0,-0.0,0.0,0.0,0.0,7.03,7.09,7.21,7.51
1260,21.0,7.0,32.882,-0.041,1.0329,6.39,2.24,0.98,6.291,0.0,0.0,-0.0,0.0,0.0,0.0,7.04,5.36,5.78,6.99
1261,21.0167,7.0,32.9,-0.039,1.0329,6.13,2.47,1.07,6.938,0.0,0.0,-0.0,0.0,0.0,0.0,7.02,6.75,6.96,7.02
1262,21.0333,7.0,32.918,-0.038,1.0315,5.88,2.65,1.01,6.947,0.0,0.0,-0.0,0.0,0.0,0.0,6.93,6.89,6.99,6.99
1263,21.05,7.0,32.935,-0.036,1.0278,5.74,2.75,0.99,7.574,0.0,0.0,-0.0,0.0,0.0,0.0,8.23,8.02,7.08,6.98
1264,21.0667,7.0,32.952,-0.037,1.0326,5.82,2.66,0.97,7.028,0.0,0.0,-0.0,0.0,0.0,0.0,6.94,7.3,6.87,7.0
1265,21.0833,7.0,32.969,-0.037,1.0326,5.96,2.65,1.07,6.879,0.0,0.0,-0.0,0.0,0.0,0.0,6.99,6.51,7.01,7.0
1266,21.1,7.0,32.986,-0.038,1.0317,6.09,2.46,1.04,7.522,0.0,0.0,-0.0,0.0,0.0,0.0,6.78,8.09,8.3,6.91
1267,21.1167,7.0,33.001,-0.038,1.0316,6.13,2.01,1.09,7.05,0.0,0.0,-0.0,0.0,0.0,0.0,7.01,6.94,7.14,7.11
1268,21.1333,7.0,33.017,-0.039,1.0327,6.47,2.15,1.14,6.841,0.0,0.0,-0.0,0.0,0.0,0.0,7.05,6.76,6.47,7.08
1269,21.15,7.0,33.033,-0.041,1.0316,6.62,2.09,1.04,6.321,0.0,0.0,-0.0,0.0,0.0,0.0,6.96,7.38,6.98,3.96
1270,21.1667,7.0,33.049,-0.041,1.032,6.55,1.96,1.03,6.765,0.0,0.0,-0.0,0.0,0.0,0.0,6.99,7.0,6.79,6.29
1271,21.1833,7.0,33.065,-0.041,1.0328,6.59,2.04,1.03,6.463,0.0,0.0,-0.0,0.0,0.0,0.0,7.01,5.63,6.2,7.0
1272,21.2,7.0,33.081,-0.041,1.0324,6.68,2.11,1.1,6.279,0.0,0.0,-0.0,0.0,0.0,0.0,7.0,5.91,5.2,7.01
1273,21.2167,7.0,33.098,-0.042,1.0306,6.73,2.29,1.09,6.636,0.0,0.0,-0.0,0.0,0.0,0.0,6.96,6.97,6.94,5.67
1274,21.2333,7.0,33.114,-0.04,1.0308,6.44,1.88,1.13,6.707,0.0,0.0,-0.0,0.0,0.0,0.0,6.99,7.23,6.04,6.58
1275,21.25,7.0,33.13,-0.04,1.0326,6.46,2.23,1.1,7.26,0.0,0.0,-0.0,0.0,0.0,0.0,6.88,6.12,8.93,7.11
1276,21.2667,7.0,33.146,-0.04,1.0312,6.48,2.34,1.11,6.675,0.0,0.0,-0.0,0.0,0.0,0.0,7.01,5.68,7.01,7.0
1277,21.2833,7.0,33.162,-0.039,1.0316,6.39,2.02,1.11,6.95,0.0,0.0,-0.0,0.0,0.0,0.0,7.01,7.32,6.47,7.0
1278,21.3,7.0,33.178,-0.038,1.0307,6.4,1.93,1.08,7.012,0.0,0.0,-0.0,0.0,0.0,0.0,7.02,7.35,6.78,6.9
1279,21.3167,7.0,33.194,-0.038,1.0282,6.26,1.92,0.94,6.735,0.0,0.0,-0.0,0.0,0.0,0.0,7.08,7.06,7.1,5.7
1280,21.3333,7.0,33.211,-0.038,1.025,6.04,2.2,0.79,6.616,0.0,0.0,-0.0,0.0,0.0,0.0,6.97,5.62,6.98,6.89
1281,21.35,7.0,33.226,-0.036,1.0261,5.76,1.83,0.8,6.646,0.0,0.0,-0.0,0.0,0.0,0.0,6.89,6.6,6.11,6.98
1282,21.3667,7.0,33.243,-0.036,1.0276,5.79,2.19,0.75,7.325,0.0,0.0,-0.0,0.0,0.0,0.0,6.97,7.43,7.89,7.02
1283,21.3833,7.0,33.259,-0.035,1.0267,5.74,2.14,0.76,7.02,0.0,0.0,-0.0,0.0,0.0,0.0,6.94,6.73,7.51,6.9
1284,21.4,7.0,33.276,-0.035,1.027,5.8,2.21,0.76,6.708,0.0,0.0,-0.0,0.0,0.0,0.0,7.0,6.51,6.34,6.99
1285,21.4167,7.0,33.292,-0.035,1.0265,5.91,2.29,0.75,6.897,0.0,0.0,-0.0,0.0,0.0,0.0,7.03,6.96,6.57,7.03
1286,21.4333,7.0,33.309,-0.036,1.0245,6.03,2.32,0.79,6.883,0.0,0.0,-0.0,0.0,0.0,0.0,7.07,6.38,7.03,7.05
1287,21.45,7.0,33.326,-0.036,1.0212,5.97,2.59,0.71,6.547,0.0,0.0,-0.0,0.0,0.0,0.0,7.0,6.98,7.01,5.2
1288,21.4667,7.0,33.343,-0.036,1.018,6.14,3.17,0.77,6.906,0.0,0.0,-0.0,0.0,0.0,0.0,6.99,6.79,6.71,7.14
1289,21.4833,7.0,33.361,-0.037,1.0138,6.32,3.57,0.8,5.421,0.0,0.0,-0.0,0.0,0.0,0.0,7.46,6.05,0.85,7.34
1290,21.5,7.0,33.38,-0.037,1.0117,6.12,3.89,0.6,6.955,0.0,0.0,-0.0,0.0,0.0,0.0,6.98,7.18,6.99,6.67
1291,21.5167,7.0,33.398,-0.035,1.0118,5.75,3.45,0.62,5.933,0.0,0.0,-0.0,0.0,0.0,0.0,7.09,6.64,5.68,4.33
1292,21.5333,7.0,33.416,-0.034,1.0135,5.78,3.97,0.58,6.786,0.0,0.0,-0.0,0.0,0.0,0.0,6.95,6.62,6.57,7.01
1293,21.55,7.0,33.434,-0.034,1.0144,5.61,4.05,0.63,7.07,0.0,0.0,-0.0,0.0,0.0,0.0,7.05,6.94,7.27,7.03
1294,21.5667,7.0,33.451,-0.033,1.0137,5.42,4.02,0.63,8.248,0.0,0.0,-0.0,0.0,0.0,0.0,7.08,7.04,11.78,7.09
1295,21.5833,7.0,33.468,-0.032,1.0137,5.36,4.21,0.63,6.375,0.0,0.0,-0.0,0.0,0.0,0.0,6.99,5.53,6.0,6.99
1296,21.6,7.0,33.485,-0.033,1.0133,5.41,4.28,0.67,7.185,0.0,0.0,-0.0,0.0,0.0,0.0,7.34,7.02,7.39,6.99
1297,21.6167,7.0,33.501,-0.033,1.0137,5.44,3.99,0.71,6.804,0.0,0.0,-0.0,0.0,0.0,0.0,6.99,6.25,6.97,7.0
1298,21.6333,7.0,33.517,-0.034,1.0138,5.58,3.95,0.7,6.666,0.0,0.0,-0.0,0.0,0.0,0.0,7.08,6.74,5.92,6.92
1299,21.65,7.0,33.532,-0.035,1.0136,5.7,4.1,0.6,6.933,0.0,0.0,-0.0,0.0,0.0,0.0,7.01,6.7,7.01,7.01
1300,21.6667,7.0,33.547,-0.036,1.0143,5.79,3.88,0.6,6.496,0.0,0.0,-0.0,0.0,0.0,0.0,6.95,5.85,6.23,6.95
1301,21.6833,7.0,33.562,-0.037,1.0136,5.87,3.63,0.56,6.99,0.0,0.0,-0.0,0.0,0.0,0.0,7.01,7.15,6.8,7.0
1302,21.7,7.0,33.577,-0.038,1.0114,5.97,3.34,0.49,6.774,0.0,0.0,-0.0,0.0,0.0,0.0,6.9,6.93,6.86,6.4
1303,21.7167,7.0,33.594,-0.04,1.0129,6.26,3.76,0.47,6.875,0.0,0.0,-0.0,0.0,0.0,0.0,6.97,8.25,7.14,5.14
1304,21.7333,7.0,33.609,-0.038,1.0144,6.08,3.52,0.48,6.548,0.0,0.0,-0.0,0.0,0.0,0.0,6.98,6.42,5.82,6.97
1305,21.75,7.0,33.625,-0.038,1.0136,6.0,3.6,0.44,5.993,0.0,0.0,-0.0,0.0,0.0,0.0,7.11,6.34,3.45,7.07
1306,21.7667,7.0,33.641,-0.038,1.0136,6.03,3.84,0.34,6.949,0.0,0.0,-0.0,0.0,0.0,0.0,7.01,6.77,7.01,7.01
1307,21.7833,7.0,33.657,-0.038,1.0146,5.98,3.71,0.35,6.617,0.0,0.0,-0.0,0.0,0.0,0.0,7.02,6.49,5.96,7.0
1308,21.8,7.0,33.672,-0.038,1.0139,5.99,3.54,0.37,6.863,0.0,0.0,-0.0,0.0,0.0,0.0,7.01,6.68,6.8,6.95
1309,21.8167,7.0,33.688,-0.038,1.0118,6.04,3.44,0.34,6.795,0.0,0.0,-0.0,0.0,0.0,0.0,7.09,6.65,6.33,7.12
1310,21.8333,7.0,33.704,-0.039,1.0081,6.1,3.26,0.3,6.571,0.0,0.0,-0.0,0.0,0.0,0.0,7.0,4.87,6.95,7.46
1311,21.85,7.0,33.719,-0.037,1.0069,5.93,2.63,0.28,7.007,0.0,0.0,-0.0,0.0,0.0,0.0,7.0,7.48,6.54,7.01
1312,21.8667,7.0,33.734,-0.036,1.0022,5.83,2.16,0.26,7.0,0.0,0.0,-0.0,0.0,0.0,0.0,6.99,6.99,7.02,7.0
1313,21.8833,7.0,33.748,-0.035,0.9955,5.59,1.87,0.19,5.929,0.0,0.0,-0.0,0.0,0.0,0.0,7.11,7.13,7.01,2.47
1314,21.9,7.0,33.763,-0.032,0.9946,5.17,1.74,0.2,6.46,0.0,0.0,-0.0,0.0,0.0,0.0,5.56,6.5,6.9,6.88
1315,21.9167,7.0,33.778,-0.032,0.9931,5.02,1.69,0.1,6.72,0.0,0.0,-0.0,0.0,0.0,0.0,7.0,7.05,7.0,5.82
1316,21.9333,7.0,33.794,-0.033,0.9939,5.15,2.09,0.11,6.689,0.0,0.0,-0.0,0.0,0.0,0.0,7.11,6.24,6.4,7.0
1317,21.95,7.0,33.811,-0.033,0.9932,5.18,2.13,0.13,7.867,0.0,0.0,-0.0,0.0,0.0,0.0,7.22,8.07,9.06,7.12
1318,21.9667,7.0,33.827,-0.033,0.9955,5.02,1.68,0.03,7.193,0.0,0.0,-0.0,0.0,0.0,0.0,6.94,7.91,6.95,6.97
1319,21.9833,7.0,33.841,-0.032,0.9973,4.98,1.54,0.03,6.447,0.0,0.0,-0.0,0.0,0.0,0.0,6.99,5.96,5.82,7.02
1320,22.0,7.0,33.856,-0.033,0.9991,5.02,1.51,0.03,6.998,0.0,0.0,-0.0,0.0,0.0,0.0,6.96,6.26,7.85,6.92
1321,22.0167,7.0,33.871,-0.034,1.0005,5.06,1.32,0.01,6.879,0.0,0.0,-0.0,0.0,0.0,0.0,7.01,6.57,6.91,7.02
1322,22.0333,7.0,33.886,-0.034,1.0003,5.16,1.09,0.0,6.814,0.0,0.0,-0.0,0.0,0.0,0.0,7.01,6.23,7.01,7.01
1323,22.05,7.0,33.901,-0.036,0.9997,5.36,1.03,-0.01,6.524,0.0,0.0,-0.0,0.0,0.0,0.0,7.01,5.95,6.15,7.0
1324,22.0667,7.0,33.917,-0.037,1.0004,5.42,1.15,-0.04,7.343,0.0,0.0,-0.0,0.0,0.0,0.0,7.02,7.0,7.39,7.96
1325,22.0833,7.0,33.933,-0.036,1.0008,5.3,1.03,-0.09,6.878,0.0,0.0,-0.0,0.0,0.0,0.0,7.05,7.04,7.06,6.36
1326,22.1,7.0,33.949,-0.035,0.9991,5.11,0.92,-0.17,7.519,0.0,0.0,-0.0,0.0,0.0,0.0,7.1,7.8,7.01,8.16
1327,22.1167,7.0,33.965,-0.036,0.9994,5.23,1.28,-0.18,6.508,0.0,0.0,-0.0,0.0,0.0,0.0,7.01,6.03,5.96,7.02
1328,22.1333,7.0,33.982,-0.037,0.998,5.34,1.47,-0.15,8.358,0.0,0.0,-0.0,0.0,0.0,0.0,7.02,12.59,8.18,5.65
1329,22.15,7.0,33.998,-0.035,0.9998,5.1,1.14,-0.17,6.918,0.0,0.0,-0.0,0.0,0.0,0.0,7.0,7.51,6.17,7.0
1330,22.1667,7.0,34.015,-0.035,0.9998,5.04,1.33,-0.18,6.498,0.0,0.0,-0.0,0.0,0.0,0.0,7.15,7.77,4.04,7.04
1331,22.1833,7.0,34.031,-0.035,0.9999,5.04,1.43,-0.19,7.496,0.0,0.0,-0.0,0.0,0.0,0.0,7.23,7.37,8.25,7.14
1332,22.2,7.0,34.047,-0.035,1.0008,5.06,1.16,-0.13,7.013,0.0,0.0,-0.0,0.0,0.0,0.0,7.02,7.0,7.01,7.02
1333,22.2167,7.0,34.063,-0.034,0.9998,5.19,1.03,0.02,6.205,0.0,0.0,-0.0,0.0,0.0,0.0,7.1,3.44,7.15,7.13
1334,22.2333,7.0,34.08,-0.035,0.9995,5.36,1.19,0.03,6.928,0.0,0.0,-0.0,0.0,0.0,0.0,6.9,7.01,6.68,7.12
1335,22.25,7.0,34.096,-0.036,0.9984,5.37,1.42,-0.02,6.717,0.0,0.0,-0.0,0.0,0.0,0.0,6.98,6.99,6.98,5.92
1336,22.2667,7.0,34.113,-0.035,1.0,5.17,1.07,0.0,5.836,0.0,0.0,-0.0,0.0,0.0,0.0,6.89,3.43,6.07,6.95
1337,22.2833,7.0,34.128,-0.035,1.0002,5.18,1.25,0.02,6.689,0.0,0.0,-0.0,0.0,0.0,0.0,7.07,5.93,6.82,6.93
1338,22.3,7.0,34.144,-0.035,1.0,5.19,1.23,0.02,7.514,0.0,0.0,-0.0,0.0,0.0,0.0,7.01,8.21,7.83,7.02
1339,22.3167,7.0,34.16,-0.034,1.0003,5.13,0.98,0.02,6.799,0.0,0.0,-0.0,0.0,0.0,0.0,6.81,6.59,6.87,6.92
1340,22.3333,7.0,34.176,-0.034,0.9987,5.19,0.82,0.07,7.251,0.0,0.0,-0.0,0.0,0.0,0.0,7.02,7.9,7.05,7.04
1341,22.35,7.0,34.192,-0.034,0.995,5.24,0.7,0.08,6.85,0.0,0.0,-0.0,0.0,0.0,0.0,7.07,6.83,7.05,6.46
1342,22.3667,7.0,34.207,-0.034,0.9891,5.24,0.6,0.07,6.924,0.0,0.0,-0.0,0.0,0.0,0.0,7.02,7.06,6.61,7.01
1343,22.3833,7.0,34.222,-0.031,0.9881,4.92,-0.22,0.07,6.178,0.0,0.0,-0.0,0.0,0.0,0.0,7.06,4.82,5.64,7.2
1344,22.4,7.0,34.237,-0.031,0.9858,4.86,-0.26,0.05,6.143,0.0,0.0,-0.0,0.0,0.0,0.0,6.96,5.16,5.45,7.0
1345,22.4167,7.0,34.246,-0.029,0.9908,4.26,-0.48,-0.17,6.222,0.0,0.0,-0.0,0.0,0.0,0.0,6.99,3.97,6.94,7.0
1346,22.4333,7.0,34.255,-0.027,0.9954,3.84,-0.92,-0.23,11.232,0.0,0.0,-0.0,0.0,0.0,0.0,7.13,22.26,8.44,7.09
1347,22.45,7.0,34.264,-0.025,0.9998,3.39,-1.34,-0.15,6.465,0.0,0.0,-0.0,0.0,0.0,0.0,6.97,4.87,7.03,6.99
1348,22.4667,7.0,34.274,-0.024,1.0034,3.22,-1.63,-0.13,8.107,0.0,0.0,-0.0,0.0,0.0,0.0,6.73,4.86,13.87,6.96
1349,22.4833,7.0,34.285,-0.023,1.0078,3.18,-1.93,-0.09,6.535,0.0,0.0,-0.0,0.0,0.0,0.0,7.02,5.34,6.75,7.03
1350,22.5,7.0,34.297,-0.023,1.0112,3.19,-2.3,-0.08,6.708,0.0,0.0,-0.0,0.0,0.0,0.0,7.02,5.84,6.96,7.02
1351,22.5167,7.0,34.309,-0.024,1.0133,3.28,-2.71,-0.08,6.775,0.0,0.0,-0.0,0.0,0.0,0.0,7.02,6.29,6.79,6.99
1352,22.5333,7.0,34.322,-0.025,1.0139,3.41,-3.16,-0.08,6.371,0.0,0.0,-0.0,0.0,0.0,0.0,6.96,4.92,6.68,6.92
1353,22.55,7.0,34.335,-0.027,1.0157,3.67,-3.39,-0.11,6.602,0.0,0.0,-0.0,0.0,0.0,0.0,6.99,6.21,6.22,6.99
1354,22.5667,7.0,34.349,-0.029,1.0164,3.98,-3.65,-0.09,6.86,0.0,0.0,-0.0,0.0,0.0,0.0,7.02,6.31,7.1,7.01
1355,22.5833,7.0,34.363,-0.032,1.0154,4.35,-3.96,-0.08,5.977,0.0,0.0,-0.0,0.0,0.0,0.0,7.06,6.17,3.62,7.05
1356,22.6,7.0,34.378,-0.035,1.0142,4.73,-4.22,-0.08,7.617,0.0,0.0,-0.0,0.0,0.0,0.0,7.2,8.86,7.35,7.07
1357,22.6167,7.0,34.39,-0.036,1.0173,5.22,-4.57,-0.17,6.963,0.0,0.0,-0.0,0.0,0.0,0.0,6.96,6.95,6.98,6.96
1358,22.6333,7.0,34.403,-0.038,1.0177,5.65,-4.97,-0.24,6.733,0.0,0.0,-0.0,0.0,0.0,0.0,6.88,6.94,6.81,6.29
1359,22.65,7.0,34.416,-0.039,1.0188,5.54,-4.83,-0.42,6.425,0.0,0.0,-0.0,0.0,0.0,0.0,6.98,6.95,6.98,4.79
1360,22.6667,7.0,34.43,-0.039,1.0182,5.34,-4.8,-0.58,6.608,0.0,0.0,-0.0,0.0,0.0,0.0,7.0,7.0,7.0,5.43
1361,22.6833,7.0,34.444,-0.039,1.0168,5.29,-4.7,-0.65,5.374,0.0,0.0,-0.0,0.0,0.0,0.0,7.1,5.56,1.84,7.0
1362,22.7,7.0,34.459,-0.038,1.0161,5.31,-4.67,-0.48,6.327,0.0,0.0,-0.0,0.0,0.0,0.0,7.11,6.99,5.81,5.4
1363,22.7167,7.0,34.475,-0.037,1.0143,5.02,-4.5,-0.5,6.583,0.0,0.0,-0.0,0.0,0.0,0.0,6.86,4.04,6.84,8.59
1364,22.7333,7.0,34.49,-0.036,1.0163,4.87,-4.35,-0.48,6.462,0.0,0.0,-0.0,0.0,0.0,0.0,6.95,6.43,5.51,6.96
1365,22.75,7.0,34.506,-0.036,1.0169,4.76,-4.25,-0.47,6.716,0.0,0.0,-0.0,0.0,0.0,0.0,7.0,6.44,6.42,7.0
1366,22.7667,7.0,34.523,-0.036,1.0157,4.72,-4.22,-0.48,6.771,0.0,0.0,-0.0,0.0,0.0,0.0,6.97,6.14,6.98,6.99
1367,22.7833,7.0,34.539,-0.036,1.0163,4.72,-4.22,-0.48,6.495,0.0,0.0,-0.0,0.0,0.0,0.0,7.02,5.7,6.25,7.01
1368,22.8,7.0,34.554,-0.036,1.0168,4.73,-4.25,-0.49,7.023,0.0,0.0,-0.0,0.0,0.0,0.0,7.09,7.83,6.15,7.02
1369,22.8167,7.0,34.57,-0.037,1.0156,4.79,-4.33,-0.55,7.045,0.0,0.0,-0.0,0.0,0.0,0.0,7.17,6.84,7.08,7.09
1370,22.8333,7.0,34.586,-0.038,1.0147,4.94,-4.26,-0.56,7.539,0.0,0.0,-0.0,0.0,0.0,0.0,7.35,6.36,9.49,6.95
1371,22.85,7.0,34.601,-0.039,1.0167,5.09,-4.48,-0.54,6.927,0.0,0.0,-0.0,0.0,0.0,0.0,6.99,6.76,6.95,7.01
1372,22.8667,7.0,34.616,-0.04,1.0167,5.25,-4.72,-0.55,6.85,0.0,0.0,-0.0,0.0,0.0,0.0,6.98,6.43,7.0,7.0
1373,22.8833,7.0,34.631,-0.041,1.0151,5.31,-4.8,-0.6,6.908,0.0,0.0,-0.0,0.0,0.0,0.0,7.05,7.06,7.05,6.47
1374,22.9,7.0,34.647,-0.04,1.0135,5.22,-4.95,-0.62,6.984,0.0,0.0,-0.0,0.0,0.0,0.0,6.94,5.59,6.68,8.73
1375,22.9167,7.0,34.662,-0.04,1.013,5.08,-5.0,-0.65,6.558,0.0,0.0,-0.0,0.0,0.0,0.0,6.98,6.96,7.66,4.62
1376,22.9333,7.0,34.677,-0.038,1.0129,4.64,-4.71,-0.76,6.75,0.0,0.0,-0.0,0.0,0.0,0.0,6.84,3.66,6.85,9.64
1377,22.95,7.0,34.692,-0.038,1.0128,4.54,-4.21,-0.72,6.275,0.0,0.0,-0.0,0.0,0.0,0.0,7.0,7.15,3.63,7.32
1378,22.9667,7.0,34.708,-0.038,1.0157,4.46,-4.1,-0.74,6.74,0.0,0.0,-0.0,0.0,0.0,0.0,7.02,6.56,6.41,6.98
1379,22.9833,7.0,34.715,-0.034,1.0213,3.93,-4.1,-1.32,6.455,0.0,0.0,-0.0,0.0,0.0,0.0,6.99,7.0,4.84,6.99
1380,23.0,7.0,34.721,-0.028,1.0258,3.43,-4.55,-1.53,6.852,0.0,0.0,-0.0,0.0,0.0,0.0,6.99,6.99,6.42,7.01
1381,23.0167,7.0,34.727,-0.024,1.0303,2.75,-4.93,-1.47,6.544,0.0,0.0,-0.0,0.0,0.0,0.0,7.22,4.26,7.56,7.13
1382,23.0333,7.0,34.734,-0.022,1.0353,2.27,-5.29,-1.48,6.281,0.0,0.0,-0.0,0.0,0.0,0.0,6.99,4.57,6.55,7.01
1383,23.05,7.0,34.743,-0.02,1.0409,1.96,-5.61,-1.49,8.417,0.0,0.0,-0.0,0.0,0.0,0.0,6.75,4.61,15.22,7.09
1384,23.0667,7.0,34.752,-0.019,1.0456,1.72,-6.01,-1.54,7.296,0.0,0.0,-0.0,0.0,0.0,0.0,6.95,6.53,8.6,7.1
1385,23.0833,7.0,34.762,-0.018,1.0494,1.55,-6.47,-1.6,6.66,0.0,0.0,-0.0,0.0,0.0,0.0,6.99,5.65,7.01,6.99
1386,23.1,7.0,34.773,-0.019,1.0514,1.46,-6.94,-1.66,6.765,0.0,0.0,-0.0,0.0,0.0,0.0,6.98,6.09,7.0,6.98
1387,23.1167,7.0,34.784,-0.019,1.0544,1.56,-7.19,-1.66,7.383,0.0,0.0,-0.0,0.0,0.0,0.0,7.21,4.46,10.71,7.15
1388,23.1333,7.0,34.796,-0.021,1.0574,1.7,-7.56,-1.65,6.643,0.0,0.0,-0.0,0.0,0.0,0.0,7.01,5.96,6.6,7.0
1389,23.15,7.0,34.808,-0.022,1.0593,1.9,-7.97,-1.65,6.522,0.0,0.0,-0.0,0.0,0.0,0.0,7.01,6.68,5.4,7.0
1390,23.1667,7.0,34.821,-0.024,1.0599,2.14,-8.42,-1.66,6.796,0.0,0.0,-0.0,0.0,0.0,0.0,6.96,6.19,7.06,6.97
1391,23.1833,7.0,34.833,-0.027,1.0604,2.47,-8.72,-1.66,6.381,0.0,0.0,-0.0,0.0,0.0,0.0,7.0,5.36,6.19,6.98
1392,23.2,7.0,34.847,-0.03,1.061,2.92,-8.97,-1.67,8.915,0.0,0.0,-0.0,0.0,0.0,0.0,6.95,8.65,13.08,6.98
1393,23.2167,7.0,34.86,-0.033,1.0608,3.38,-9.42,-1.68,6.957,0.0,0.0,-0.0,0.0,0.0,0.0,6.91,6.91,7.06,6.95
1394,23.2333,7.0,34.874,-0.036,1.0605,3.75,-9.96,-1.71,6.977,0.0,0.0,-0.0,0.0,0.0,0.0,6.94,7.05,6.95,6.96
1395,23.25,7.0,34.887,-0.04,1.0611,4.24,-10.26,-1.75,6.779,0.0,0.0,-0.0,0.0,0.0,0.0,7.01,6.75,6.29,7.07
1396,23.2667,7.0,34.9,-0.043,1.0615,4.55,-10.37,-1.86,6.349,0.0,0.0,-0.0,0.0,0.0,0.0,6.98,7.05,7.03,4.34
1397,23.2833,7.0,34.915,-0.044,1.0612,4.68,-10.53,-1.94,7.104,0.0,0.0,-0.0,0.0,0.0,0.0,7.03,7.03,6.91,7.45
1398,23.3,7.0,34.93,-0.044,1.0622,4.48,-10.48,-1.96,6.672,0.0,0.0,-0.0,0.0,0.0,0.0,7.0,7.02,7.0,5.66
1399,23.3167,7.0,34.945,-0.043,1.0619,4.42,-10.39,-1.92,6.724,0.0,0.0,-0.0,0.0,0.0,0.0,7.0,5.86,7.02,7.02
1400,23.3333,7.0,34.961,-0.043,1.06,4.41,-10.28,-1.88,6.257,0.0,0.0,-0.0,0.0,0.0,0.0,7.08,7.55,3.53,6.87
1401,23.35,7.0,34.977,-0.043,1.0608,4.35,-10.36,-1.82,6.377,0.0,0.0,-0.0,0.0,0.0,0.0,7.02,6.39,5.08,7.02
1402,23.3667,7.0,34.991,-0.045,1.0626,4.36,-10.22,-1.81,7.001,0.0,0.0,-0.0,0.0,0.0,0.0,7.0,7.0,7.0,7.0
1403,23.3833,7.0,35.006,-0.046,1.0616,4.36,-10.18,-1.8,7.0,0.0,0.0,-0.0,0.0,0.0,0.0,7.0,7.0,7.0,7.0
1404,23.4,7.0,35.021,-0.047,1.0602,4.38,-10.46,-1.8,6.259,0.0,0.0,-0.0,0.0,0.0,0.0,6.77,5.98,6.09,6.19
1405,23.4167,7.0,35.036,-0.047,1.0613,4.38,-10.37,-1.8,6.609,0.0,0.0,-0.0,0.0,0.0,0.0,7.05,6.48,8.96,3.95
1406,23.4333,7.0,35.051,-0.048,1.0616,4.48,-10.35,-1.81,8.002,0.0,0.0,-0.0,0.0,0.0,0.0,7.04,6.98,7.17,10.82
1407,23.45,7.0,35.067,-0.048,1.0604,4.56,-10.38,-1.83,7.266,0.0,0.0,-0.0,0.0,0.0,0.0,7.3,6.9,8.02,6.85
1408,23.4667,7.0,35.082,-0.048,1.0615,4.29,-10.28,-1.94,5.844,0.0,0.0,-0.0,0.0,0.0,0.0,6.96,6.84,3.0,6.58
1409,23.4833,7.0,35.094,-0.047,1.0619,3.72,-9.84,-2.18,6.229,0.0,0.0,-0.0,0.0,0.0,0.0,6.85,6.95,6.86,4.26
1410,23.5,7.0,35.106,-0.046,1.062,3.37,-9.2,-2.36,-4.817,0.0,0.0,-0.0,0.0,0.0,0.0,6.32,1.86,7.47,-34.92
1411,23.5167,7.0,35.119,-0.045,1.0657,2.83,-8.52,-2.11,12.071,0.0,0.0,-0.0,0.0,0.0,0.0,7.04,23.38,11.84,6.02
1412,23.5333,7.0,35.132,-0.044,1.069,2.57,-7.99,-2.0,6.243,0.0,0.0,-0.0,0.0,0.0,0.0,7.04,4.81,6.23,6.89
1413,23.55,7.0,35.146,-0.044,1.0713,2.49,-7.58,-1.94,6.253,0.0,0.0,-0.0,0.0,0.0,0.0,6.97,4.65,6.42,6.98
1414,23.5667,7.0,35.16,-0.044,1.0728,2.49,-7.19,-1.91,6.296,0.0,0.0,-0.0,0.0,0.0,0.0,6.99,11.57,6.93,-0.3
1415,23.5833,7.0,35.176,-0.043,1.0752,2.3,-6.93,-1.92,6.62,0.0,0.0,-0.0,0.0,0.0,0.0,6.98,6.65,6.46,6.39
1416,23.6,7.0,35.193,-0.043,1.0764,2.11,-6.7,-1.9,7.079,0.0,0.0,-0.0,0.0,0.0,0.0,7.0,7.09,7.01,7.2
1417,23.6167,7.0,35.207,-0.043,1.0782,1.71,-6.35,-2.27,5.248,0.0,0.0,-0.0,0.0,0.0,0.0,7.36,5.12,1.36,7.15
1418,23.6333,7.0,35.212,-0.039,1.082,1.22,-6.11,-2.73,5.564,0.0,0.0,-0.0,0.0,0.0,0.0,7.03,7.05,1.19,6.99
1419,23.65,7.0,35.215,-0.032,1.0838,1.04,-6.12,-2.94,6.428,0.0,0.0,-0.0,0.0,0.0,0.0,7.0,7.02,4.77,6.91
1420,23.6667,7.0,35.218,-0.027,1.0869,0.3,-6.49,-3.08,4.685,0.0,0.0,-0.0,0.0,0.0,0.0,6.82,-1.84,6.71,7.04
1421,23.6833,7.0,35.22,-0.026,1.0929,-0.74,-6.53,-2.61,6.717,0.0,0.0,-0.0,0.0,0.0,0.0,6.84,7.08,6.1,6.85
1422,23.7,7.0,35.222,-0.024,1.0985,-1.13,-6.74,-2.44,9.156,0.0,0.0,-0.0,0.0,0.0,0.0,6.82,15.3,7.53,6.98
1423,23.7167,7.0,35.225,-0.022,1.1022,-1.26,-7.09,-2.44,5.841,0.0,0.0,-0.0,0.0,0.0,0.0,6.96,2.41,7.01,6.98
1424,23.7333,7.0,35.229,-0.021,1.1072,-1.44,-7.59,-2.3,6.278,0.0,0.0,-0.0,0.0,0.0,0.0,6.98,3.53,7.58,7.01
1425,23.75,7.0,35.234,-0.022,1.1118,-1.4,-8.18,-2.27,10.314,0.0,0.0,-0.0,0.0,0.0,0.0,6.68,4.83,22.71,7.04
1426,23.7667,7.0,35.24,-0.023,1.1147,-1.23,-8.78,-2.26,7.009,0.0,0.0,-0.0,0.0,0.0,0.0,6.96,7.02,7.08,6.99
1427,23.7833,7.0,35.247,-0.024,1.1177,-1.02,-9.59,-2.26,6.12,0.0,0.0,-0.0,0.0,0.0,0.0,6.96,3.88,6.68,6.96
1428,23.8,7.0,35.254,-0.026,1.1197,-0.77,-10.42,-2.24,6.344,0.0,0.0,-0.0,0.0,0.0,0.0,6.8,6.23,5.5,6.84
1429,23.8167,7.0,35.262,-0.029,1.1232,-0.31,-11.0,-2.2,6.552,0.0,0.0,-0.0,0.0,0.0,0.0,6.95,5.37,6.92,6.98
1430,23.8333,7.0,35.271,-0.033,1.1254,0.16,-11.7,-2.18,7.693,0.0,0.0,-0.0,0.0,0.0,0.0,6.85,7.02,10.07,6.83
1431,23.85,7.0,35.28,-0.037,1.1271,0.62,-12.4,-2.21,6.654,0.0,0.0,-0.0,0.0,0.0,0.0,6.9,5.86,6.92,6.93
1432,23.8667,7.0,35.29,-0.04,1.1271,1.13,-13.02,-2.21,3.343,0.0,0.0,-0.0,0.0,0.0,0.0,7.41,5.01,-6.35,7.31
1433,23.8833,7.0,35.3,-0.044,1.1293,1.7,-13.68,-2.15,7.022,0.0,0.0,-0.0,0.0,0.0,0.0,6.94,7.23,6.96,6.95
1434,23.9,7.0,35.31,-0.048,1.1309,2.07,-14.01,-2.22,6.358,0.0,0.0,-0.0,0.0,0.0,0.0,7.02,7.09,7.08,4.25
1435,23.9167,7.0,35.322,-0.049,1.1323,2.17,-14.24,-2.33,6.628,0.0,0.0,-0.0,0.0,0.0,0.0,7.01,7.01,7.01,5.48
1436,23.9333,7.0,35.334,-0.05,1.1324,2.17,-14.55,-2.41,6.785,0.0,0.0,-0.0,0.0,0.0,0.0,7.0,7.0,7.0,6.14
1437,23.95,7.0,35.347,-0.051,1.1332,2.11,-14.53,-2.5,6.709,0.0,0.0,-0.0,0.0,0.0,0.0,7.03,7.17,7.08,5.56
1438,23.9667,7.0,35.362,-0.051,1.1336,1.94,-14.55,-2.62,6.844,0.0,0.0,-0.0,0.0,0.0,0.0,7.03,7.47,7.0,5.88
1439,23.9833,7.0,35.377,-0.051,1.1327,1.81,-14.52,-2.67,6.338,0.0,0.0,-0.0,0.0,0.0,0.0,7.04,4.1,7.09,7.11
1440,24.0,7.0,35.392,-0.053,1.1312,1.92,-14.26,-2.65,5.434,0.0,0.0,-0.0,0.0,0.0,0.0,7.12,5.74,1.93,6.95
1441,24.0167,7.0,35.407,-0.054,1.132,2.03,-14.23,-2.66,7.504,0.0,0.0,-0.0,0.0,0.0,0.0,6.98,10.75,5.83,6.46
1442,24.0333,7.0,35.423,-0.054,1.131,1.93,-14.16,-2.66,8.013,0.0,0.0,-0.0,0.0,0.0,0.0,7.02,4.92,7.26,12.86
1443,24.05,7.0,35.44,-0.053,1.1297,1.79,-14.25,-2.66,6.726,0.0,0.0,-0.0,0.0,0.0,0.0,6.82,7.05,6.12,6.9
1444,24.0667,7.0,35.455,-0.054,1.131,1.78,-14.16,-2.64,6.642,0.0,0.0,-0.0,0.0,0.0,0.0,7.0,6.09,6.48,6.99
1445,24.0833,7.0,35.471,-0.055,1.1316,1.89,-14.07,-2.64,6.828,0.0,0.0,-0.0,0.0,0.0,0.0,7.07,6.87,6.4,6.97
1446,24.1,7.0,35.487,-0.057,1.1303,2.01,-14.09,-2.64,7.304,0.0,0.0,-0.0,0.0,0.0,0.0,7.25,7.13,7.75,7.09
1447,24.1167,7.0,35.502,-0.058,1.1302,2.02,-14.39,-2.62,6.921,0.0,0.0,-0.0,0.0,0.0,0.0,6.8,7.58,6.39,6.9
1448,24.1333,7.0,35.517,-0.058,1.1319,1.96,-14.3,-2.65,6.194,0.0,0.0,-0.0,0.0,0.0,0.0,7.01,4.68,7.01,6.07
1449,24.15,7.0,35.533,-0.059,1.1319,1.93,-14.31,-2.65,6.436,0.0,0.0,-0.0,0.0,0.0,0.0,7.02,5.5,7.03,6.2
1450,24.1667,7.0,35.547,-0.061,1.1331,1.96,-13.95,-2.49,5.427,0.0,0.0,-0.0,0.0,0.0,0.0,7.22,4.25,3.08,7.16
1451,24.1833,7.0,35.558,-0.062,1.1386,1.75,-13.24,-2.4,5.606,0.0,0.0,-0.0,0.0,0.0,0.0,6.96,6.91,3.64,4.92
1452,24.2,7.0,35.568,-0.062,1.1436,1.58,-12.61,-2.44,7.275,0.0,0.0,-0.0,0.0,0.0,0.0,6.94,6.94,6.95,8.26
1453,24.2167,7.0,35.578,-0.061,1.1469,1.27,-12.02,-2.49,7.071,0.0,0.0,-0.0,0.0,0.0,0.0,6.95,6.79,7.06,7.49
1454,24.2333,7.0,35.589,-0.06,1.1497,1.07,-11.38,-2.53,2.342,0.0,0.0,-0.0,0.0,0.0,0.0,6.9,4.29,-2.89,1.07
1455,24.25,7.0,35.6,-0.059,1.1533,0.77,-10.81,-2.43,12.53,0.0,0.0,-0.0,0.0,0.0,0.0,7.29,29.55,6.9,6.38
1456,24.2667,7.0,35.611,-0.057,1.1561,0.53,-10.28,-2.33,7.194,0.0,0.0,-0.0,0.0,0.0,0.0,6.96,3.84,7.04,10.93
1457,24.2833,7.0,35.624,-0.056,1.1588,0.29,-9.77,-2.3,6.152,0.0,0.0,-0.0,0.0,0.0,0.0,6.97,4.4,6.97,6.26
1458,24.3,7.0,35.638,-0.055,1.1615,0.06,-9.3,-2.32,6.047,0.0,0.0,-0.0,0.0,0.0,0.0,6.95,4.87,6.99,5.38
1459,24.3167,7.0,35.653,-0.055,1.1638,-0.17,-8.89,-2.38,6.28,0.0,0.0,-0.0,0.0,0.0,0.0,7.01,5.62,7.03,5.46
1460,24.3333,7.0,35.669,-0.054,1.1654,-0.42,-8.54,-2.44,6.48,0.0,0.0,-0.0,0.0,0.0,0.0,7.0,6.23,7.03,5.67
1461,24.35,7.0,35.686,-0.053,1.1658,-0.68,-8.23,-2.51,6.73,0.0,0.0,-0.0,0.0,0.0,0.0,7.01,7.0,7.02,5.89
1462,24.3667,7.0,35.704,-0.053,1.1646,-0.98,-7.93,-2.57,6.752,0.0,0.0,-0.0,0.0,0.0,0.0,7.0,6.98,7.02,6.01
1463,24.3833,7.0,35.716,-0.052,1.1659,-1.65,-7.63,-3.12,4.516,0.0,0.0,-0.0,0.0,0.0,0.0,7.27,1.94,1.65,7.21
1464,24.4,7.0,35.723,-0.05,1.1704,-2.26,-7.57,-3.44,5.388,0.0,0.0,-0.0,0.0,0.0,0.0,6.99,2.93,4.72,6.9
1465,24.4167,7.0,35.728,-0.047,1.1765,-2.81,-7.87,-3.39,5.911,0.0,0.0,-0.0,0.0,0.0,0.0,6.98,2.88,6.8,6.98
1466,24.4333,7.0,35.732,-0.043,1.1834,-3.25,-8.38,-3.29,6.294,0.0,0.0,-0.0,0.0,0.0,0.0,7.0,3.65,7.54,6.98
1467,24.45,7.0,35.737,-0.039,1.1879,-3.64,-8.96,-3.12,6.947,0.0,0.0,-0.0,0.0,0.0,0.0,6.98,6.93,6.91,6.96
1468,24.4667,7.0,35.743,-0.037,1.1929,-3.83,-9.44,-2.94,6.763,0.0,0.0,-0.0,0.0,0.0,0.0,6.96,4.4,8.74,6.95
1469,24.4833,7.0,35.749,-0.035,1.1973,-3.91,-9.92,-2.78,6.323,0.0,0.0,-0.0,0.0,0.0,0.0,6.93,4.19,7.25,6.93
1470,24.5,7.0,35.757,-0.035,1.2016,-3.86,-10.41,-2.66,6.474,0.0,0.0,-0.0,0.0,0.0,0.0,6.99,4.82,7.12,6.97
1471,24.5167,7.0,35.765,-0.036,1.2051,-3.73,-10.98,-2.58,6.714,0.0,0.0,-0.0,0.0,0.0,0.0,7.11,5.52,7.65,6.57
1472,24.5333,7.0,35.774,-0.038,1.2076,-3.52,-11.59,-2.51,6.689,0.0,0.0,-0.0,0.0,0.0,0.0,6.98,6.13,6.65,7.0
1473,24.55,7.0,35.785,-0.04,1.2087,-3.27,-12.26,-2.48,7.084,0.0,0.0,-0.0,0.0,0.0,0.0,7.02,7.41,7.32,6.59
1474,24.5667,7.0,35.794,-0.043,1.2102,-2.91,-12.81,-2.42,6.283,0.0,0.0,-0.0,0.0,0.0,0.0,6.94,5.4,5.85,6.93
1475,24.5833,7.0,35.805,-0.046,1.2117,-2.4,-13.31,-2.4,9.366,0.0,0.0,-0.0,0.0,0.0,0.0,6.74,6.34,17.32,7.07
1476,24.6,7.0,35.816,-0.05,1.2122,-1.85,-13.95,-2.32,6.811,0.0,0.0,-0.0,0.0,0.0,0.0,6.88,6.72,6.71,6.93
1477,24.6167,7.0,35.828,-0.054,1.2111,-1.3,-14.57,-2.29,6.747,0.0,0.0,-0.0,0.0,0.0,0.0,6.9,6.19,6.96,6.93
1478,24.6333,7.0,35.839,-0.057,1.2106,-1.05,-14.75,-2.26,6.507,0.0,0.0,-0.0,0.0,0.0,0.0,6.93,6.95,5.67,6.48
1479,24.65,7.0,35.853,-0.057,1.2124,-1.05,-14.66,-2.18,6.765,0.0,0.0,-0.0,0.0,0.0,0.0,7.01,7.03,7.03,5.99
1480,24.6667,7.0,35.867,-0.057,1.212,-1.04,-14.75,-2.07,6.828,0.0,0.0,-0.0,0.0,0.0,0.0,7.01,7.01,7.01,6.28
1481,24.6833,7.0,35.881,-0.057,1.2099,-1.15,-14.86,-2.01,4.62,0.0,0.0,-0.0,0.0,0.0,0.0,6.85,0.73,5.37,5.52
1482,24.7,7.0,35.896,-0.057,1.2111,-1.27,-14.53,-2.01,7.445,0.0,0.0,-0.0,0.0,0.0,0.0,6.98,5.45,10.38,6.97
1483,24.7167,7.0,35.912,-0.058,1.2104,-1.21,-14.36,-2.01,6.04,0.0,0.0,-0.0,0.0,0.0,0.0,7.01,5.73,4.43,6.99
1484,24.7333,7.0,35.927,-0.059,1.2114,-1.18,-14.67,-1.99,7.007,0.0,0.0,-0.0,0.0,0.0,0.0,7.01,7.06,6.96,7.0
1485,24.75,7.0,35.942,-0.059,1.2111,-1.26,-14.66,-2.06,6.61,0.0,0.0,-0.0,0.0,0.0,0.0,7.05,7.03,7.04,5.32
1486,24.7667,7.0,35.958,-0.06,1.2107,-1.23,-14.41,-2.05,6.635,0.0,0.0,-0.0,0.0,0.0,0.0,7.02,5.49,7.01,7.02
1487,24.7833,7.0,35.974,-0.061,1.2115,-1.18,-14.57,-2.06,7.062,0.0,0.0,-0.0,0.0,0.0,0.0,7.01,7.4,6.83,7.01
1488,24.8,7.0,35.989,-0.061,1.2107,-1.11,-14.88,-2.08,6.738,0.0,0.0,-0.0,0.0,0.0,0.0,7.0,6.0,6.98,6.97
1489,24.8167,7.0,36.005,-0.061,1.2108,-1.35,-14.63,-2.17,6.762,0.0,0.0,-0.0,0.0,0.0,0.0,7.0,7.08,7.0,5.98
1490,24.8333,7.0,36.022,-0.061,1.2105,-1.29,-14.3,-2.09,6.579,0.0,0.0,-0.0,0.0,0.0,0.0,7.01,5.77,6.53,7.01
1491,24.85,7.0,36.035,-0.063,1.2142,-1.39,-14.21,-1.89,5.574,0.0,0.0,-0.0,0.0,0.0,0.0,7.03,4.74,3.54,6.98
1492,24.8667,7.0,36.046,-0.065,1.2195,-1.41,-13.46,-1.88,8.577,0.0,0.0,-0.0,0.0,0.0,0.0,7.16,10.65,11.48,5.03
1493,24.8833,7.0,36.056,-0.066,1.2241,-1.67,-12.62,-2.0,8.83,0.0,0.0,-0.0,0.0,0.0,0.0,6.94,7.23,7.23,13.93
1494,24.9,7.0,36.065,-0.066,1.2281,-1.89,-11.99,-1.97,6.259,0.0,0.0,-0.0,0.0,0.0,0.0,6.88,7.2,6.56,4.4
1495,24.9167,7.0,36.074,-0.064,1.2328,-2.16,-11.4,-2.0,14.012,0.0,0.0,-0.0,0.0,0.0,0.0,6.47,10.26,29.56,9.76
1496,24.9333,7.0,36.082,-0.062,1.2338,-2.68,-10.94,-2.09,7.274,0.0,0.0,-0.0,0.0,0.0,0.0,6.94,6.99,7.11,8.06
1497,24.95,7.0,36.09,-0.06,1.2352,-2.9,-10.32,-2.09,13.106,0.0,0.0,-0.0,0.0,0.0,0.0,7.19,32.93,9.0,3.3
1498,24.9667,7.0,36.099,-0.058,1.2385,-3.16,-9.91,-2.15,4.395,0.0,0.0,-0.0,0.0,0.0,0.0,6.93,3.02,2.7,4.94
1499,24.9833,7.0,36.108,-0.056,1.2416,-3.54,-9.52,-2.17,7.038,0.0,0.0,-0.0,0.0,0.0,0.0,6.96,6.98,7.02,7.19
1500,25.0,7.0,36.117,-0.055,1.2432,-3.74,-9.03,-2.16,5.993,0.0,0.0,-0.0,0.0,0.0,0.0,6.95,3.03,7.05,6.95
1501,25.0167,7.0,36.128,-0.054,1.2441,-3.88,-8.59,-2.13,12.19,0.0,0.0,-0.0,0.0,0.0,0.0,7.19,20.03,7.14,14.39
1502,25.0333,7.0,36.138,-0.053,1.2474,-4.09,-8.28,-2.2,5.153,0.0,0.0,-0.0,0.0,0.0,0.0,7.22,8.99,0.02,4.38
1503,25.05,7.0,36.151,-0.052,1.2497,-4.33,-7.96,-2.21,6.779,0.0,0.0,-0.0,0.0,0.0,0.0,6.96,3.55,7.27,9.33
1504,25.0667,7.0,36.164,-0.051,1.2515,-4.58,-7.62,-2.23,6.328,0.0,0.0,-0.0,0.0,0.0,0.0,6.98,5.61,6.99,5.73
1505,25.0833,7.0,36.18,-0.049,1.253,-4.86,-7.34,-2.26,6.838,0.0,0.0,-0.0,0.0,0.0,0.0,6.97,7.69,6.98,5.71
1506,25.1,7.0,36.196,-0.049,1.2537,-5.0,-7.0,-2.24,6.681,0.0,0.0,-0.0,0.0,0.0,0.0,6.98,5.75,6.99,7.0
1507,25.1167,7.0,36.212,-0.049,1.2543,-5.1,-6.82,-2.24,7.05,0.0,0.0,-0.0,0.0,0.0,0.0,7.03,7.44,6.68,7.05
1508,25.1333,7.0,36.229,-0.049,1.2552,-5.19,-6.87,-2.23,6.796,0.0,0.0,-0.0,0.0,0.0,0.0,4.46,6.75,6.91,9.06
1509,25.15,7.0,36.242,-0.049,1.2602,-5.14,-7.39,-2.08,6.972,0.0,0.0,-0.0,0.0,0.0,0.0,6.94,6.98,6.98,6.98
1510,25.1667,7.0,36.256,-0.049,1.2626,-5.09,-7.94,-1.95,7.774,0.0,0.0,-0.0,0.0,0.0,0.0,6.8,6.84,6.83,10.63
1511,25.1833,7.0,36.269,-0.05,1.2637,-5.14,-8.16,-1.9,5.621,0.0,0.0,-0.0,0.0,0.0,0.0,7.1,4.27,7.14,3.97
1512,25.2,7.0,36.282,-0.049,1.2642,-5.37,-8.22,-1.92,6.576,0.0,0.0,-0.0,0.0,0.0,0.0,7.03,6.57,7.04,5.66
1513,25.2167,7.0,36.297,-0.048,1.2642,-5.62,-8.46,-1.89,7.491,0.0,0.0,-0.0,0.0,0.0,0.0,7.02,7.77,8.05,7.13
1514,25.2333,7.0,36.311,-0.048,1.2683,-5.6,-8.48,-1.87,6.902,0.0,0.0,-0.0,0.0,0.0,0.0,6.97,6.76,6.86,7.02
1515,25.25,7.0,36.325,-0.049,1.2697,-5.58,-8.68,-1.85,6.684,0.0,0.0,-0.0,0.0,0.0,0.0,7.0,6.61,6.14,6.99
1516,25.2667,7.0,36.34,-0.05,1.2697,-5.56,-8.96,-1.84,7.03,0.0,0.0,-0.0,0.0,0.0,0.0,7.0,7.39,6.74,6.99
1517,25.2833,7.0,36.355,-0.05,1.2684,-5.63,-9.16,-1.87,6.601,0.0,0.0,-0.0,0.0,0.0,0.0,7.01,6.89,7.02,5.48
1518,25.3,7.0,36.37,-0.052,1.2703,-5.41,-8.87,-1.85,6.947,0.0,0.0,-0.0,0.0,0.0,0.0,7.01,5.88,7.87,7.04
1519,25.3167,7.0,36.386,-0.054,1.2704,-5.31,-9.03,-1.85,5.867,0.0,0.0,-0.0,0.0,0.0,0.0,6.95,4.92,6.51,5.09
1520,25.3333,7.0,36.402,-0.054,1.2692,-5.52,-9.11,-1.85,6.333,0.0,0.0,-0.0,0.0,0.0,0.0,5.53,6.99,5.97,6.85
1521,25.35,7.0,36.418,-0.055,1.2706,-5.46,-8.9,-1.84,7.025,0.0,0.0,-0.0,0.0,0.0,0.0,7.0,6.11,7.92,7.07
1522,25.3667,7.0,36.434,-0.056,1.2698,-5.33,-8.83,-1.8,6.725,0.0,0.0,-0.0,0.0,0.0,0.0,7.01,5.87,7.01,7.01
1523,25.3833,7.0,36.45,-0.057,1.2711,-5.23,-9.05,-1.79,6.461,0.0,0.0,-0.0,0.0,0.0,0.0,6.49,6.98,6.17,6.21
1524,25.4,7.0,36.465,-0.057,1.2708,-5.22,-9.2,-1.8,6.643,0.0,0.0,-0.0,0.0,0.0,0.0,6.98,6.33,6.98,6.28
1525,25.4167,7.0,36.481,-0.058,1.2702,-5.15,-9.05,-1.78,6.604,0.0,0.0,-0.0,0.0,0.0,0.0,6.95,6.12,8.76,4.58
1526,25.4333,7.0,36.497,-0.058,1.2698,-5.25,-8.9,-1.83,7.636,0.0,0.0,-0.0,0.0,0.0,0.0,8.58,6.98,7.13,7.87
1527,25.45,7.0,36.513,-0.058,1.2716,-5.39,-9.23,-1.78,6.996,0.0,0.0,-0.0,0.0,0.0,0.0,7.0,7.0,7.0,6.99
1528,25.4667,7.0,36.528,-0.059,1.2717,-5.29,-9.33,-1.67,6.716,0.0,0.0,-0.0,0.0,0.0,0.0,7.03,5.82,7.02,7.0
1529,25.4833,7.0,36.544,-0.06,1.2705,-5.04,-9.32,-1.47,6.67,0.0,0.0,-0.0,0.0,0.0,0.0,7.01,5.65,7.01,7.01
1530,25.5,7.0,36.56,-0.06,1.2711,-5.22,-9.08,-1.4,7.192,0.0,0.0,-0.0,0.0,0.0,0.0,6.98,6.98,7.33,7.47
1531,25.5167,7.0,36.575,-0.061,1.2727,-5.25,-8.85,-1.33,5.133,0.0,0.0,-0.0,0.0,0.0,0.0,5.63,4.97,2.9,7.04
1532,25.5333,7.0,36.585,-0.063,1.2793,-5.13,-7.93,-1.44,7.669,0.0,0.0,-0.0,0.0,0.0,0.0,11.56,7.14,7.27,4.69
1533,25.55,7.0,36.595,-0.064,1.2851,-5.27,-7.23,-1.52,6.867,0.0,0.0,-0.0,0.0,0.0,0.0,6.93,6.89,8.28,5.37
1534,25.5667,7.0,36.605,-0.063,1.2916,-5.37,-6.7,-1.59,7.841,0.0,0.0,-0.0,0.0,0.0,0.0,11.51,6.41,6.06,7.38
1535,25.5833,7.0,36.616,-0.061,1.2968,-5.61,-6.26,-1.7,11.011,0.0,0.0,-0.0,0.0,0.0,0.0,24.55,7.06,7.09,5.34
1536,25.6,7.0,36.626,-0.059,1.3012,-5.96,-5.9,-1.76,11.007,0.0,0.0,-0.0,0.0,0.0,0.0,22.28,7.22,7.33,7.21
1537,25.6167,7.0,36.637,-0.056,1.304,-6.47,-5.61,-1.84,4.952,0.0,0.0,-0.0,0.0,0.0,0.0,2.86,6.77,6.72,3.46
1538,25.6333,7.0,36.648,-0.053,1.3081,-6.96,-5.5,-1.88,5.929,0.0,0.0,-0.0,0.0,0.0,0.0,4.1,6.98,6.99,5.65
1539,25.65,7.0,36.659,-0.049,1.3121,-7.58,-5.54,-1.88,8.133,0.0,0.0,-0.0,0.0,0.0,0.0,12.47,6.98,6.98,6.11
1540,25.6667,7.0,36.672,-0.045,1.3151,-8.12,-5.51,-1.9,6.583,0.0,0.0,-0.0,0.0,0.0,0.0,7.4,4.92,7.01,7.01
1541,25.6833,7.0,36.685,-0.042,1.3179,-8.43,-5.37,-1.89,6.575,0.0,0.0,-0.0,0.0,0.0,0.0,6.99,5.27,7.03,7.01
1542,25.7,7.0,36.699,-0.041,1.3198,-8.61,-5.18,-1.85,6.629,0.0,0.0,-0.0,0.0,0.0,0.0,7.05,5.38,7.03,7.05
1543,25.7167,7.0,36.713,-0.041,1.321,-8.72,-5.12,-1.84,7.567,0.0,0.0,-0.0,0.0,0.0,0.0,11.59,6.09,7.05,5.54
1544,25.7333,7.0,36.729,-0.04,1.3215,-8.92,-5.08,-1.89,6.774,0.0,0.0,-0.0,0.0,0.0,0.0,6.22,6.85,7.07,6.95
1545,25.75,7.0,36.744,-0.039,1.322,-9.16,-5.16,-1.89,7.34,0.0,0.0,-0.0,0.0,0.0,0.0,6.71,5.65,7.1,9.9
1546,25.7667,7.0,36.76,-0.04,1.3229,-9.07,-5.09,-1.93,6.632,0.0,0.0,-0.0,0.0,0.0,0.0,6.02,6.53,6.99,6.99
1547,25.7833,7.0,36.776,-0.042,1.322,-8.91,-5.08,-1.9,6.568,0.0,0.0,-0.0,0.0,0.0,0.0,6.97,5.32,6.99,6.99
1548,25.8,7.0,36.792,-0.043,1.3221,-8.91,-4.98,-1.9,6.984,0.0,0.0,-0.0,0.0,0.0,0.0,6.01,7.89,6.99,7.04
1549,25.8167,7.0,36.808,-0.043,1.3229,-8.97,-5.12,-1.84,7.304,0.0,0.0,-0.0,0.0,0.0,0.0,6.79,6.95,6.95,8.52
1550,25.8333,7.0,36.824,-0.044,1.3224,-8.85,-5.19,-1.74,6.766,0.0,0.0,-0.0,0.0,0.0,0.0,7.02,6.03,7.02,6.99
1551,25.85,7.0,36.84,-0.045,1.3204,-8.64,-5.16,-1.57,6.607,0.0,0.0,-0.0,0.0,0.0,0.0,7.02,5.53,7.01,6.88
1552,25.8667,7.0,36.857,-0.045,1.3225,-8.76,-4.89,-1.55,7.182,0.0,0.0,-0.0,0.0,0.0,0.0,6.65,7.42,7.01,7.64
1553,25.8833,7.0,36.874,-0.046,1.3227,-8.8,-5.03,-1.53,7.251,0.0,0.0,-0.0,0.0,0.0,0.0,7.28,6.96,6.95,7.82
1554,25.9,7.0,36.89,-0.046,1.3214,-8.81,-5.09,-1.53,7.197,0.0,0.0,-0.0,0.0,0.0,0.0,6.89,7.65,7.12,7.11
1555,25.9167,7.0,36.907,-0.047,1.3215,-8.82,-4.83,-1.55,7.079,0.0,0.0,-0.0,0.0,0.0,0.0,7.22,6.9,6.9,7.29
1556,25.9333,7.0,36.923,-0.047,1.3228,-8.77,-4.94,-1.47,6.716,0.0,0.0,-0.0,0.0,0.0,0.0,5.93,7.03,7.03,6.87
1557,25.95,7.0,36.939,-0.048,1.3221,-8.78,-5.15,-1.48,7.027,0.0,0.0,-0.0,0.0,0.0,0.0,7.0,7.0,7.0,7.1
1558,25.9667,7.0,36.955,-0.049,1.3201,-8.67,-5.16,-1.43,6.7,0.0,0.0,-0.0,0.0,0.0,0.0,6.7,6.11,7.0,6.98
1559,25.9833,7.0,36.972,-0.049,1.3221,-8.79,-4.86,-1.43,7.187,0.0,0.0,-0.0,0.0,0.0,0.0,7.15,7.18,7.04,7.39
1560,26.0,7.0,36.989,-0.05,1.3227,-8.79,-5.03,-1.42,7.12,0.0,0.0,-0.0,0.0,0.0,0.0,7.28,7.09,7.1,7.01
1561,26.0167,7.0,37.005,-0.05,1.3216,-8.79,-5.15,-1.41,6.873,0.0,0.0,-0.0,0.0,0.0,0.0,6.84,6.02,7.06,7.57
1562,26.0333,7.0,37.022,-0.051,1.3215,-8.84,-4.89,-1.42,6.98,0.0,0.0,-0.0,0.0,0.0,0.0,7.19,6.85,6.95,6.94
1563,26.05,7.0,37.038,-0.051,1.323,-8.8,-5.05,-1.44,6.887,0.0,0.0,-0.0,0.0,0.0,0.0,7.16,6.85,6.87,6.67
1564,26.0667,7.0,37.054,-0.051,1.3233,-8.89,-5.09,-1.42,7.053,0.0,0.0,-0.0,0.0,0.0,0.0,6.66,7.06,7.07,7.42
1565,26.0833,7.0,37.07,-0.051,1.3222,-8.96,-5.18,-1.39,7.026,0.0,0.0,-0.0,0.0,0.0,0.0,7.06,6.87,7.12,7.05
1566,26.1,7.0,37.086,-0.051,1.3222,-9.15,-5.18,-1.35,7.18,0.0,0.0,-0.0,0.0,0.0,0.0,6.84,7.13,6.95,7.79
1567,26.1167,7.0,37.102,-0.051,1.3234,-9.03,-5.16,-1.23,6.782,0.0,0.0,-0.0,0.0,0.0,0.0,6.71,6.4,7.02,7.0
1568,26.1333,7.0,37.118,-0.051,1.3224,-8.87,-5.19,-1.07,8.226,0.0,0.0,-0.0,0.0,0.0,0.0,6.7,14.15,6.63,5.41
1569,26.15,7.0,37.134,-0.051,1.3214,-9.04,-5.0,-1.12,6.872,0.0,0.0,-0.0,0.0,0.0,0.0,6.51,7.1,7.11,6.77
1570,26.1667,7.0,37.148,-0.049,1.3263,-9.27,-4.82,-1.16,5.989,0.0,0.0,-0.0,0.0,0.0,0.0,4.74,6.94,6.97,5.31
1571,26.1833,7.0,37.162,-0.047,1.3305,-9.59,-4.58,-1.23,10.133,0.0,0.0,-0.0,0.0,0.0,0.0,19.97,7.16,7.14,6.26
1572,26.2,7.0,37.176,-0.044,1.3331,-9.97,-4.39,-1.3,6.295,0.0,0.0,-0.0,0.0,0.0,0.0,6.94,4.85,7.04,6.35
1573,26.2167,7.0,37.192,-0.042,1.3355,-10.23,-4.16,-1.32,6.516,0.0,0.0,-0.0,0.0,0.0,0.0,5.41,6.67,6.99,6.99
1574,26.2333,7.0,37.208,-0.041,1.3377,-10.36,-4.09,-1.33,6.916,0.0,0.0,-0.0,0.0,0.0,0.0,6.58,8.51,6.94,5.63
1575,26.25,7.0,37.224,-0.04,1.3386,-10.56,-4.03,-1.33,7.407,0.0,0.0,-0.0,0.0,0.0,0.0,5.86,12.36,6.93,4.47
1576,26.2667,7.0,37.24,-0.038,1.3389,-10.83,-4.04,-1.36,7.082,0.0,0.0,-0.0,0.0,0.0,0.0,6.87,7.6,7.05,6.81
1577,26.2833,7.0,37.257,-0.037,1.3379,-11.16,-4.19,-1.33,6.972,0.0,0.0,-0.0,0.0,0.0,0.0,6.99,6.59,6.99,7.31
1578,26.3,7.0,37.273,-0.037,1.3383,-11.05,-3.65,-1.11,6.517,0.0,0.0,-0.0,0.0,0.0,0.0,7.01,5.02,7.01,7.02
1579,26.3167,7.0,37.291,-0.036,1.3359,-10.91,-3.4,-0.93,6.582,0.0,0.0,-0.0,0.0,0.0,0.0,7.01,5.3,7.01,7.01
1580,26.3333,7.0,37.308,-0.036,1.332,-10.84,-3.07,-0.78,5.898,0.0,0.0,-0.0,0.0,0.0,0.0,7.2,4.3,7.19,4.89
1581,26.35,7.0,37.325,-0.035,1.3268,-10.87,-2.57,-0.7,6.687,0.0,0.0,-0.0,0.0,0.0,0.0,6.99,6.37,7.0,6.39
1582,26.3667,7.0,37.343,-0.035,1.3221,-10.67,-1.75,-0.47,6.344,0.0,0.0,-0.0,0.0,0.0,0.0,6.96,4.44,6.98,6.99
1583,26.3833,7.0,37.362,-0.034,1.3164,-10.71,-0.92,-0.42,6.543,0.0,0.0,-0.0,0.0,0.0,0.0,6.99,6.11,7.01,6.07
1584,26.4,7.0,37.379,-0.034,1.3167,-10.63,-1.01,-0.44,7.488,0.0,0.0,-0.0,0.0,0.0,0.0,7.74,8.93,7.0,6.28
1585,26.4167,7.0,37.397,-0.035,1.3149,-10.65,-1.08,-0.52,6.982,0.0,0.0,-0.0,0.0,0.0,0.0,6.81,6.62,6.57,7.92
1586,26.4333,7.0,37.412,-0.034,1.3152,-10.68,-0.79,-0.33,5.719,0.0,0.0,-0.0,0.0,0.0,0.0,3.65,5.69,6.99,6.54
1587,26.45,7.0,37.429,-0.033,1.3163,-10.76,-0.98,-0.32,7.06,0.0,0.0,-0.0,0.0,0.0,0.0,7.32,6.99,6.98,6.96
1588,26.4667,7.0,37.445,-0.032,1.3156,-10.89,-1.19,-0.3,6.961,0.0,0.0,-0.0,0.0,0.0,0.0,7.0,6.99,7.0,6.85
1589,26.4833,7.0,37.461,-0.032,1.3154,-10.7,-0.85,-0.14,6.637,0.0,0.0,-0.0,0.0,0.0,0.0,7.0,5.51,7.0,7.04
1590,26.5,7.0,37.477,-0.033,1.316,-10.65,-0.87,-0.1,6.895,0.0,0.0,-0.0,0.0,0.0,0.0,6.09,6.57,6.99,7.93
1591,26.5167,7.0,37.492,-0.033,1.3165,-10.65,-0.92,-0.11,6.177,0.0,0.0,-0.0,0.0,0.0,0.0,6.13,4.81,6.94,6.83
1592,26.5333,7.0,37.508,-0.032,1.3159,-10.66,-0.89,-0.12,6.89,0.0,0.0,-0.0,0.0,0.0,0.0,7.0,6.66,7.0,6.9
1593,26.55,7.0,37.523,-0.032,1.3153,-10.67,-0.82,-0.16,7.462,0.0,0.0,-0.0,0.0,0.0,0.0,8.33,8.87,6.87,5.77
1594,26.5667,7.0,37.539,-0.032,1.3165,-10.7,-0.95,-0.06,6.982,0.0,0.0,-0.0,0.0,0.0,0.0,7.01,6.99,7.01,6.92
1595,26.5833,7.0,37.554,-0.031,1.3154,-10.76,-1.08,0.01,6.302,0.0,0.0,-0.0,0.0,0.0,0.0,6.98,4.15,6.99,7.09
1596,26.6,7.0,37.57,-0.031,1.3139,-10.53,-0.86,0.21,6.576,0.0,0.0,-0.0,0.0,0.0,0.0,7.03,5.21,7.05,7.02
1597,26.6167,7.0,37.586,-0.03,1.3155,-10.55,-0.68,0.29,6.903,0.0,0.0,-0.0,0.0,0.0,0.0,6.17,6.94,6.96,7.54
1598,26.6333,7.0,37.602,-0.03,1.3146,-10.48,-0.65,0.48,7.066,0.0,0.0,-0.0,0.0,0.0,0.0,7.02,7.02,7.02,7.19
1599,26.65,7.0,37.619,-0.029,1.3114,-10.46,-0.62,0.63,7.153,0.0,0.0,-0.0,0.0,0.0,0.0,7.0,6.98,7.0,7.63
1600,26.6667,7.0,37.635,-0.027,1.309,-10.68,0.03,0.53,6.546,0.0,0.0,-0.0,0.0,0.0,0.0,7.01,4.81,7.03,7.34
1601,26.6833,7.0,37.653,-0.025,1.3051,-10.71,0.51,0.63,7.391,0.0,0.0,-0.0,0.0,0.0,0.0,6.98,8.06,7.01,7.52
1602,26.7,7.0,37.671,-0.025,1.2999,-10.67,0.95,0.74,6.551,0.0,0.0,-0.0,0.0,0.0,0.0,6.99,5.17,7.0,7.05
1603,26.7167,7.0,37.69,-0.024,1.2942,-10.95,1.68,0.68,6.82,0.0,0.0,-0.0,0.0,0.0,0.0,7.05,7.13,7.06,6.05
1604,26.7333,7.0,37.709,-0.023,1.289,-10.86,2.69,0.77,6.438,0.0,0.0,-0.0,0.0,0.0,0.0,6.91,4.89,6.97,6.98
1605,26.75,7.0,37.729,-0.025,1.2878,-10.53,2.62,0.72,7.21,0.0,0.0,-0.0,0.0,0.0,0.0,6.28,7.19,7.11,8.26
1606,26.7667,7.0,37.747,-0.026,1.2846,-10.31,2.63,0.72,8.188,0.0,0.0,-0.0,0.0,0.0,0.0,9.88,7.06,7.05,8.75
1607,26.7833,7.0,37.764,-0.026,1.289,-10.24,2.98,0.79,7.198,0.0,0.0,-0.0,0.0,0.0,0.0,6.74,6.98,7.05,8.02
1608,26.8,7.0,37.782,-0.026,1.2887,-10.06,3.01,0.98,7.002,0.0,0.0,-0.0,0.0,0.0,0.0,6.95,6.96,6.97,7.13
1609,26.8167,7.0,37.8,-0.026,1.286,-9.92,3.05,1.08,7.133,0.0,0.0,-0.0,0.0,0.0,0.0,6.66,7.09,7.11,7.67
1610,26.8333,7.0,37.818,-0.025,1.2867,-10.09,3.41,1.09,7.142,0.0,0.0,-0.0,0.0,0.0,0.0,6.56,7.0,7.02,7.99
1611,26.85,7.0,37.836,-0.024,1.2841,-10.26,3.49,1.17,7.031,0.0,0.0,-0.0,0.0,0.0,0.0,6.85,6.98,6.98,7.31
1612,26.8667,7.0,37.854,-0.023,1.2795,-10.48,3.72,1.11,7.898,0.0,0.0,-0.0,0.0,0.0,0.0,11.78,7.51,7.5,4.8
1613,26.8833,7.0,37.871,-0.021,1.2757,-10.88,4.13,1.04,6.502,0.0,0.0,-0.0,0.0,0.0,0.0,6.68,6.01,7.02,6.29
1614,26.9,7.0,37.889,-0.02,1.2715,-10.92,4.85,1.07,6.597,0.0,0.0,-0.0,0.0,0.0,0.0,6.99,5.33,7.02,7.05
1615,26.9167,7.0,37.908,-0.019,1.2659,-10.88,5.47,1.15,6.473,0.0,0.0,-0.0,0.0,0.0,0.0,6.95,4.99,6.97,6.98
1616,26.9333,7.0,37.927,-0.018,1.259,-10.95,6.15,1.19,6.886,0.0,0.0,-0.0,0.0,0.0,0.0,6.78,7.6,6.8,6.37
1617,26.95,7.0,37.946,-0.017,1.2523,-10.85,7.19,1.26,6.458,0.0,0.0,-0.0,0.0,0.0,0.0,6.93,4.96,6.97,6.97
1618,26.9667,7.0,37.965,-0.018,1.2535,-10.55,7.21,1.18,6.662,0.0,0.0,-0.0,0.0,0.0,0.0,6.25,6.83,6.93,6.63
1619,26.9833,7.0,37.984,-0.019,1.2525,-10.29,7.47,1.15,6.857,0.0,0.0,-0.0,0.0,0.0,0.0,6.41,6.91,6.99,7.12
1620,27.0,7.0,38.001,-0.02,1.2538,-10.02,7.59,1.12,6.884,0.0,0.0,-0.0,0.0,0.0,0.0,6.79,7.01,7.03,6.71
1621,27.0167,7.0,38.018,-0.021,1.2534,-9.79,7.65,1.13,7.008,0.0,0.0,-0.0,0.0,0.0,0.0,7.0,7.0,7.0,7.03
1622,27.0333,7.0,38.035,-0.021,1.2519,-9.69,7.94,1.1,5.845,0.0,0.0,-0.0,0.0,0.0,0.0,3.41,7.0,7.04,5.93
1623,27.05,7.0,38.053,-0.021,1.2507,-9.63,8.29,1.27,6.972,0.0,0.0,-0.0,0.0,0.0,0.0,6.99,6.98,7.0,6.92
1624,27.0667,7.0,38.069,-0.022,1.2533,-9.37,8.07,1.27,6.983,0.0,0.0,-0.0,0.0,0.0,0.0,7.12,7.02,7.04,6.76
1625,27.0833,7.0,38.086,-0.022,1.2511,-9.25,8.09,1.27,6.75,0.0,0.0,-0.0,0.0,0.0,0.0,6.37,7.01,7.01,6.62
1626,27.1,7.0,38.103,-0.021,1.2505,-9.34,8.47,1.27,6.424,0.0,0.0,-0.0,0.0,0.0,0.0,5.81,7.01,7.02,5.85
1627,27.1167,7.0,38.119,-0.022,1.2534,-9.18,8.3,1.26,6.979,0.0,0.0,-0.0,0.0,0.0,0.0,7.0,7.01,7.09,6.82
1628,27.1333,7.0,38.136,-0.021,1.2523,-9.08,8.31,1.32,6.686,0.0,0.0,-0.0,0.0,0.0,0.0,5.69,7.08,7.1,6.87
1629,27.15,7.0,38.153,-0.021,1.2492,-9.08,8.24,1.32,7.012,0.0,0.0,-0.0,0.0,0.0,0.0,7.03,7.01,7.02,6.99
1630,27.1667,7.0,38.169,-0.02,1.2523,-9.07,8.21,1.35,6.99,0.0,0.0,-0.0,0.0,0.0,0.0,6.91,6.92,6.88,7.25
1631,27.1833,7.0,38.185,-0.02,1.2511,-9.0,8.11,1.42,7.052,0.0,0.0,-0.0,0.0,0.0,0.0,6.54,7.0,7.0,7.66
1632,27.2,7.0,38.202,-0.02,1.2481,-9.05,7.86,1.36,7.188,0.0,0.0,-0.0,0.0,0.0,0.0,6.93,6.95,6.96,7.92
1633,27.2167,7.0,38.218,-0.019,1.2431,-9.16,7.5,1.42,7.305,0.0,0.0,-0.0,0.0,0.0,0.0,6.78,6.89,9.59,5.97
1634,27.2333,7.0,38.232,-0.02,1.241,-9.09,6.52,1.51,7.725,0.0,0.0,-0.0,0.0,0.0,0.0,9.46,6.71,7.02,7.71
1635,27.25,7.0,38.247,-0.02,1.2358,-8.96,6.01,1.66,6.809,0.0,0.0,-0.0,0.0,0.0,0.0,6.73,5.95,7.22,7.33
1636,27.2667,7.0,38.26,-0.021,1.2301,-8.89,5.52,1.79,8.045,0.0,0.0,-0.0,0.0,0.0,0.0,7.37,10.33,7.54,6.94
1637,27.2833,7.0,38.274,-0.02,1.231,-8.99,5.24,1.78,6.418,0.0,0.0,-0.0,0.0,0.0,0.0,6.68,6.94,7.0,5.06
1638,27.3,7.0,38.287,-0.018,1.2309,-9.21,5.05,1.8,7.0,0.0,0.0,-0.0,0.0,0.0,0.0,7.18,7.01,7.01,6.8
1639,27.3167,7.0,38.301,-0.016,1.2292,-9.45,4.81,1.82,6.773,0.0,0.0,-0.0,0.0,0.0,0.0,6.99,6.99,6.99,6.11
1640,27.3333,7.0,38.316,-0.014,1.226,-9.72,4.51,1.89,7.142,0.0,0.0,-0.0,0.0,0.0,0.0,7.33,7.0,6.99,7.24
1641,27.35,7.0,38.331,-0.01,1.2276,-10.16,4.76,1.89,6.195,0.0,0.0,-0.0,0.0,0.0,0.0,7.4,3.4,7.19,6.79
1642,27.3667,7.0,38.347,-0.009,1.2251,-10.11,5.08,2.01,6.422,0.0,0.0,-0.0,0.0,0.0,0.0,7.05,4.61,7.01,7.02
1643,27.3833,7.0,38.363,-0.008,1.2212,-10.0,5.37,2.15,6.494,0.0,0.0,-0.0,0.0,0.0,0.0,7.0,4.97,7.0,7.01
1644,27.4,7.0,38.381,-0.006,1.2184,-10.18,5.86,2.11,6.85,0.0,0.0,-0.0,0.0,0.0,0.0,6.27,7.28,6.98,6.87
1645,27.4167,7.0,38.399,-0.005,1.2145,-10.09,6.45,2.2,5.978,0.0,0.0,-0.0,0.0,0.0,0.0,6.94,6.25,6.94,3.78
1646,27.4333,7.0,38.418,-0.004,1.2093,-10.16,7.06,2.18,6.599,0.0,0.0,-0.0,0.0,0.0,0.0,6.97,5.42,6.98,7.03
1647,27.45,7.0,38.438,-0.003,1.2027,-10.34,7.7,2.1,6.772,0.0,0.0,-0.0,0.0,0.0,0.0,6.89,7.54,6.93,5.73
1648,27.4667,7.0,38.457,-0.001,1.1963,-10.34,8.75,2.1,6.593,0.0,0.0,-0.0,0.0,0.0,0.0,6.97,5.42,7.01,6.98
1649,27.4833,7.0,38.477,-0.0,1.1885,-10.21,9.64,2.16,6.509,0.0,0.0,-0.0,0.0,0.0,0.0,6.93,5.2,6.95,6.95
1650,27.5,7.0,38.496,-0.001,1.1874,-9.91,9.95,2.12,6.352,0.0,0.0,-0.0,0.0,0.0,0.0,6.06,6.97,7.1,5.27
1651,27.5167,7.0,38.515,-0.003,1.1872,-9.67,10.16,2.03,7.218,0.0,0.0,-0.0,0.0,0.0,0.0,8.12,6.95,6.94,6.86
1652,27.5333,7.0,38.534,-0.003,1.1854,-9.36,10.36,2.05,6.981,0.0,0.0,-0.0,0.0,0.0,0.0,6.96,6.98,7.0,6.99
1653,27.55,7.0,38.552,-0.004,1.1813,-9.12,10.53,1.99,7.044,0.0,0.0,-0.0,0.0,0.0,0.0,6.97,6.97,6.97,7.27
1654,27.5667,7.0,38.57,-0.005,1.1866,-8.93,10.81,1.97,6.664,0.0,0.0,-0.0,0.0,0.0,0.0,6.53,7.01,7.01,6.1
1655,27.5833,7.0,38.588,-0.005,1.1857,-8.77,10.93,1.85,6.974,0.0,0.0,-0.0,0.0,0.0,0.0,6.97,6.99,7.0,6.94
1656,27.6,7.0,38.606,-0.006,1.1845,-8.53,10.87,1.81,7.409,0.0,0.0,-0.0,0.0,0.0,0.0,7.7,6.77,6.78,8.39
1657,27.6167,7.0,38.623,-0.005,1.1866,-8.4,11.22,1.82,7.061,0.0,0.0,-0.0,0.0,0.0,0.0,6.76,7.04,7.02,7.43
1658,27.6333,7.0,38.64,-0.006,1.186,-8.28,11.31,1.89,6.998,0.0,0.0,-0.0,0.0,0.0,0.0,7.0,7.0,7.0,7.0
1659,27.65,7.0,38.658,-0.005,1.1832,-8.19,11.41,1.88,6.771,0.0,0.0,-0.0,0.0,0.0,0.0,7.07,6.98,6.98,6.06
1660,27.6667,7.0,38.674,-0.006,1.1846,-7.99,11.3,1.83,6.468,0.0,0.0,-0.0,0.0,0.0,0.0,5.43,6.96,6.96,6.52
1661,27.6833,7.0,38.691,-0.006,1.1833,-7.8,11.27,1.87,7.145,0.0,0.0,-0.0,0.0,0.0,0.0,7.21,7.03,7.04,7.31
1662,27.7,7.0,38.708,-0.006,1.1802,-7.63,11.2,1.92,6.788,0.0,0.0,-0.0,0.0,0.0,0.0,6.5,7.02,7.02,6.62
1663,27.7167,7.0,38.724,-0.006,1.1762,-7.72,10.86,2.0,7.253,0.0,0.0,-0.0,0.0,0.0,0.0,6.96,6.99,8.06,7.0
1664,27.7333,7.0,38.738,-0.006,1.1739,-7.61,9.99,2.08,7.473,0.0,0.0,-0.0,0.0,0.0,0.0,8.9,7.0,6.97,7.03
1665,27.75,7.0,38.752,-0.006,1.1682,-7.6,9.34,2.22,6.951,0.0,0.0,-0.0,0.0,0.0,0.0,6.93,6.95,6.95,6.98
1666,27.7667,7.0,38.766,-0.006,1.161,-7.59,8.65,2.31,10.543,0.0,0.0,-0.0,0.0,0.0,0.0,7.65,21.39,6.39,6.74
1667,27.7833,7.0,38.779,-0.004,1.1585,-7.22,8.02,1.86,6.361,0.0,0.0,-0.0,0.0,0.0,0.0,6.95,6.96,4.63,6.9
1668,27.8,7.0,38.793,-0.002,1.1537,-7.03,7.28,1.59,7.069,0.0,0.0,-0.0,0.0,0.0,0.0,6.77,6.85,7.71,6.95
1669,27.8167,7.0,38.806,0.0,1.1464,-6.97,6.53,1.35,6.941,0.0,0.0,-0.0,0.0,0.0,0.0,6.87,6.9,7.04,6.95
1670,27.8333,7.0,38.821,0.004,1.1444,-7.39,6.44,1.4,7.077,0.0,0.0,-0.0,0.0,0.0,0.0,7.23,6.91,6.93,7.24
1671,27.85,7.0,38.835,0.007,1.1445,-7.85,6.38,1.43,6.517,0.0,0.0,-0.0,0.0,0.0,0.0,6.18,7.0,7.0,5.9
1672,27.8667,7.0,38.85,0.011,1.1426,-8.28,6.3,1.42,6.827,0.0,0.0,-0.0,0.0,0.0,0.0,6.98,6.98,6.98,6.36
1673,27.8833,7.0,38.866,0.015,1.1396,-8.75,6.37,1.39,6.621,0.0,0.0,-0.0,0.0,0.0,0.0,6.99,3.88,7.11,8.5
1674,27.9,7.0,38.882,0.018,1.1361,-8.92,6.77,1.56,6.309,0.0,0.0,-0.0,0.0,0.0,0.0,6.98,4.27,6.99,6.98
1675,27.9167,7.0,38.899,0.021,1.1309,-8.99,7.12,1.74,6.511,0.0,0.0,-0.0,0.0,0.0,0.0,6.99,5.06,7.0,6.99
1676,27.9333,7.0,38.917,0.022,1.1262,-8.75,7.94,2.04,6.332,0.0,0.0,-0.0,0.0,0.0,0.0,7.0,4.89,7.01,6.43
1677,27.95,7.0,38.936,0.024,1.1202,-8.67,8.72,2.18,6.383,0.0,0.0,-0.0,0.0,0.0,0.0,7.11,7.11,7.15,4.17
1678,27.9667,7.0,38.954,0.026,1.1127,-8.97,9.55,2.16,6.678,0.0,0.0,-0.0,0.0,0.0,0.0,6.93,6.09,7.01,6.67
1679,27.9833,7.0,38.974,0.028,1.1078,-9.09,9.95,2.2,6.974,0.0,0.0,-0.0,0.0,0.0,0.0,8.22,7.07,6.97,5.63
1680,28.0,7.0,38.993,0.028,1.1061,-8.84,10.46,2.32,7.09,0.0,0.0,-0.0,0.0,0.0,0.0,7.02,7.28,7.01,7.05
1681,28.0167,7.0,39.011,0.026,1.1087,-8.5,10.34,2.28,6.152,0.0,0.0,-0.0,0.0,0.0,0.0,4.91,6.54,6.73,6.42
1682,28.0333,7.0,39.029,0.026,1.1078,-8.3,10.61,2.34,7.083,0.0,0.0,-0.0,0.0,0.0,0.0,6.19,6.91,6.92,8.32
1683,28.05,7.0,39.047,0.026,1.107,-8.03,10.63,2.33,6.612,0.0,0.0,-0.0,0.0,0.0,0.0,6.29,6.94,6.89,6.34
1684,28.0667,7.0,39.064,0.025,1.1084,-7.85,10.85,2.27,6.966,0.0,0.0,-0.0,0.0,0.0,0.0,7.24,7.05,7.03,6.54
1685,28.0833,7.0,39.081,0.025,1.1081,-7.67,11.07,2.26,6.986,0.0,0.0,-0.0,0.0,0.0,0.0,7.0,6.99,7.01,6.94
1686,28.1,7.0,39.099,0.025,1.1055,-7.55,11.27,2.23,6.252,0.0,0.0,-0.0,0.0,0.0,0.0,4.44,6.97,6.98,6.62
1687,28.1167,7.0,39.116,0.024,1.1058,-7.24,11.03,2.22,7.204,0.0,0.0,-0.0,0.0,0.0,0.0,7.66,6.99,7.0,7.17
1688,28.1333,7.0,39.132,0.024,1.1078,-7.2,11.43,2.2,6.912,0.0,0.0,-0.0,0.0,0.0,0.0,7.56,7.02,7.03,6.05
1689,28.15,7.0,39.149,0.024,1.1068,-7.13,11.59,2.15,6.984,0.0,0.0,-0.0,0.0,0.0,0.0,7.0,7.0,7.0,6.93
1690,28.1667,7.0,39.166,0.025,1.1046,-7.17,11.5,2.15,7.31,0.0,0.0,-0.0,0.0,0.0,0.0,6.79,7.01,8.39,7.05
1691,28.1833,7.0,39.182,0.025,1.1061,-7.15,11.17,2.15,6.67,0.0,0.0,-0.0,0.0,0.0,0.0,6.02,6.86,7.04,6.75
1692,28.2,7.0,39.198,0.027,1.1036,-7.12,11.03,2.27,7.157,0.0,0.0,-0.0,0.0,0.0,0.0,6.97,6.98,6.98,7.7
1693,28.2167,7.0,39.214,0.028,1.0991,-7.21,10.79,2.3,5.316,0.0,0.0,-0.0,0.0,0.0,0.0,3.75,7.14,7.69,2.68
1694,28.2333,7.0,39.228,0.028,1.0979,-7.16,10.0,2.35,7.186,0.0,0.0,-0.0,0.0,0.0,0.0,7.63,6.96,6.98,7.17
1695,28.25,7.0,39.242,0.028,1.0938,-7.0,9.62,2.47,6.794,0.0,0.0,-0.0,0.0,0.0,0.0,7.34,5.86,6.98,7.0
1696,28.2667,7.0,39.256,0.028,1.0905,-6.85,9.19,2.52,7.179,0.0,0.0,-0.0,0.0,0.0,0.0,6.99,7.53,7.2,6.99
1697,28.2833,7.0,39.27,0.028,1.0869,-6.77,8.6,2.55,6.966,0.0,0.0,-0.0,0.0,0.0,0.0,6.96,6.97,6.96,6.97
1698,28.3,7.0,39.284,0.028,1.0813,-6.67,7.94,2.57,5.421,0.0,0.0,-0.0,0.0,0.0,0.0,1.28,6.73,6.9,6.77
1699,28.3167,7.0,39.297,0.028,1.0739,-6.62,7.2,2.64,7.533,0.0,0.0,-0.0,0.0,0.0,0.0,8.87,7.0,7.37,6.89
1700,28.3333,7.0,39.31,0.028,1.0648,-6.6,6.44,2.7,5.796,0.0,0.0,-0.0,0.0,0.0,0.0,1.29,6.96,8.02,6.91
1701,28.35,7.0,39.322,0.026,1.0564,-6.3,5.25,2.66,7.514,0.0,0.0,-0.0,0.0,0.0,0.0,9.14,6.97,6.96,6.98
1702,28.3667,7.0,39.335,0.029,1.0586,-6.6,5.6,2.66,6.071,0.0,0.0,-0.0,0.0,0.0,0.0,5.51,6.17,6.84,5.77
1703,28.3833,7.0,39.348,0.031,1.0574,-6.88,5.62,2.65,6.663,0.0,0.0,-0.0,0.0,0.0,0.0,6.0,6.9,6.9,6.86
1704,28.4,7.0,39.362,0.034,1.0547,-7.18,5.6,2.67,7.079,0.0,0.0,-0.0,0.0,0.0,0.0,12.02,2.66,6.96,6.67
1705,28.4167,7.0,39.377,0.035,1.0515,-7.2,5.93,2.82,5.561,0.0,0.0,-0.0,0.0,0.0,0.0,2.96,7.66,6.97,4.65
1706,28.4333,7.0,39.393,0.038,1.0484,-7.48,6.31,2.76,6.802,0.0,0.0,-0.0,0.0,0.0,0.0,7.29,6.19,6.86,6.87
1707,28.45,7.0,39.41,0.04,1.0433,-7.78,6.67,2.71,6.798,0.0,0.0,-0.0,0.0,0.0,0.0,6.99,6.61,7.01,6.57
1708,28.4667,7.0,39.428,0.039,1.0415,-7.56,7.44,2.75,8.14,0.0,0.0,-0.0,0.0,0.0,0.0,9.19,9.21,7.06,7.1
1709,28.4833,7.0,39.446,0.038,1.0402,-7.26,7.46,2.72,6.998,0.0,0.0,-0.0,0.0,0.0,0.0,7.27,6.99,6.97,6.76
1710,28.5,7.0,39.463,0.038,1.0403,-6.95,7.73,2.91,6.761,0.0,0.0,-0.0,0.0,0.0,0.0,6.87,6.85,6.9,6.43
1711,28.5167,7.0,39.48,0.038,1.0394,-6.71,7.8,2.87,6.798,0.0,0.0,-0.0,0.0,0.0,0.0,6.6,6.9,6.88,6.82
1712,28.5333,7.0,39.497,0.037,1.0388,-6.38,7.67,2.93,7.47,0.0,0.0,-0.0,0.0,0.0,0.0,6.96,6.97,6.99,8.96
1713,28.55,7.0,39.514,0.037,1.0392,-6.48,8.2,2.81,7.222,0.0,0.0,-0.0,0.0,0.0,0.0,7.47,7.07,7.08,7.27
1714,28.5667,7.0,39.532,0.038,1.0374,-6.54,8.27,2.88,7.617,0.0,0.0,-0.0,0.0,0.0,0.0,7.89,7.0,8.58,6.99
1715,28.5833,7.0,39.548,0.038,1.0385,-6.4,7.89,2.88,7.13,0.0,0.0,-0.0,0.0,0.0,0.0,7.33,7.02,7.05,7.12
1716,28.6,7.0,39.564,0.04,1.0396,-6.48,8.11,2.91,6.462,0.0,0.0,-0.0,0.0,0.0,0.0,5.86,7.0,7.0,5.98
1717,28.6167,7.0,39.581,0.042,1.0386,-6.61,8.18,2.91,6.818,0.0,0.0,-0.0,0.0,0.0,0.0,5.91,6.99,6.99,7.38
1718,28.6333,7.0,39.597,0.042,1.0394,-6.57,7.87,2.88,6.885,0.0,0.0,-0.0,0.0,0.0,0.0,6.7,6.94,6.93,6.97
1719,28.65,7.0,39.613,0.044,1.0376,-6.53,7.66,2.97,7.165,0.0,0.0,-0.0,0.0,0.0,0.0,6.98,6.98,6.99,7.71
1720,28.6667,7.0,39.629,0.046,1.0392,-6.78,7.97,3.0,6.738,0.0,0.0,-0.0,0.0,0.0,0.0,6.56,7.02,7.02,6.34
1721,28.6833,7.0,39.646,0.049,1.037,-6.99,7.97,2.96,6.957,0.0,0.0,-0.0,0.0,0.0,0.0,7.1,6.97,6.98,6.78
1722,28.7,7.0,39.661,0.05,1.0386,-6.93,7.41,2.92,6.955,0.0,0.0,-0.0,0.0,0.0,0.0,6.92,6.99,7.0,6.91
1723,28.7167,7.0,39.677,0.051,1.0372,-7.02,7.27,2.92,6.87,0.0,0.0,-0.0,0.0,0.0,0.0,6.98,6.29,7.04,7.18
1724,28.7333,7.0,39.693,0.053,1.0339,-6.95,7.15,3.05,6.733,0.0,0.0,-0.0,0.0,0.0,0.0,7.03,6.26,6.99,6.66
1725,28.75,7.0,39.709,0.05,1.0336,-6.49,7.15,3.09,7.101,0.0,0.0,-0.0,0.0,0.0,0.0,7.26,7.07,7.01,7.06
1726,28.7667,7.0,39.725,0.049,1.0297,-6.1,6.98,3.12,6.954,0.0,0.0,-0.0,0.0,0.0,0.0,7.0,6.79,7.01,7.01
1727,28.7833,7.0,39.741,0.048,1.0275,-5.89,6.47,3.18,7.374,0.0,0.0,-0.0,0.0,0.0,0.0,6.93,7.75,7.82,6.99
1728,28.8,7.0,39.756,0.048,1.0239,-5.73,5.94,3.25,6.98,0.0,0.0,-0.0,0.0,0.0,0.0,6.97,6.99,6.98,6.98
1729,28.8167,7.0,39.77,0.048,1.0176,-5.6,5.38,3.31,6.977,0.0,0.0,-0.0,0.0,0.0,0.0,6.97,6.98,6.98,6.97
1730,28.8333,7.0,39.785,0.048,1.0098,-5.64,4.62,3.43,9.85,0.0,0.0,-0.0,0.0,0.0,0.0,6.96,17.22,8.29,6.94
1731,28.85,7.0,39.798,0.048,1.0013,-5.6,3.88,3.45,7.414,0.0,0.0,-0.0,0.0,0.0,0.0,8.78,6.94,6.98,6.95
1732,28.8667,7.0,39.812,0.05,1.0002,-5.65,3.63,3.46,6.241,0.0,0.0,-0.0,0.0,0.0,0.0,5.49,6.94,6.97,5.56
1733,28.8833,7.0,39.826,0.052,0.998,-5.8,3.43,3.5,6.848,0.0,0.0,-0.0,0.0,0.0,0.0,6.8,7.0,7.0,6.6
1734,28.9,7.0,39.841,0.055,0.9985,-6.21,3.6,3.51,6.706,0.0,0.0,-0.0,0.0,0.0,0.0,6.88,6.97,6.98,6.0
1735,28.9167,7.0,39.857,0.058,0.9959,-6.61,3.6,3.51,6.875,0.0,0.0,-0.0,0.0,0.0,0.0,6.39,7.03,7.06,7.02
1736,28.9333,7.0,39.871,0.059,0.9966,-6.56,3.25,3.55,7.221,0.0,0.0,-0.0,0.0,0.0,0.0,8.24,6.36,7.0,7.28
1737,28.95,7.0,39.886,0.059,0.9963,-6.49,2.97,3.56,6.914,0.0,0.0,-0.0,0.0,0.0,0.0,6.94,6.47,7.03,7.22
1738,28.9667,7.0,39.901,0.061,0.9991,-6.62,3.2,3.58,6.352,0.0,0.0,-0.0,0.0,0.0,0.0,5.31,6.93,7.01,6.16
1739,28.9833,7.0,39.917,0.063,1.0002,-6.6,3.02,3.56,6.973,0.0,0.0,-0.0,0.0,0.0,0.0,7.21,7.04,7.04,6.6
1740,29.0,7.0,39.932,0.064,0.9993,-6.6,2.81,3.57,6.792,0.0,0.0,-0.0,0.0,0.0,0.0,7.05,6.07,7.04,7.0
1741,29.0167,7.0,39.948,0.066,0.9999,-6.7,3.03,3.58,6.431,0.0,0.0,-0.0,0.0,0.0,0.0,5.68,7.02,7.02,6.01
1742,29.0333,7.0,39.964,0.067,0.9987,-6.75,3.17,3.6,6.843,0.0,0.0,-0.0,0.0,0.0,0.0,7.1,6.37,7.0,6.9
1743,29.05,7.0,39.98,0.067,0.9997,-6.55,2.93,3.59,6.669,0.0,0.0,-0.0,0.0,0.0,0.0,6.09,6.9,6.91,6.77
1744,29.0667,7.0,39.996,0.068,0.9976,-6.35,2.84,3.72,6.976,0.0,0.0,-0.0,0.0,0.0,0.0,6.99,6.98,6.99,6.95
1745,29.0833,7.0,40.013,0.07,0.9994,-6.5,3.27,3.73,6.508,0.0,0.0,-0.0,0.0,0.0,0.0,5.71,7.04,7.04,6.25
1746,29.1,7.0,40.03,0.072,0.9973,-6.59,3.4,3.67,6.755,0.0,0.0,-0.0,0.0,0.0,0.0,6.61,6.99,6.99,6.42
1747,29.1167,7.0,40.046,0.072,0.999,-6.44,2.93,3.66,6.855,0.0,0.0,-0.0,0.0,0.0,0.0,6.39,6.92,6.99,7.11
1748,29.1333,7.0,40.062,0.074,0.9998,-6.53,3.18,3.7,6.479,0.0,0.0,-0.0,0.0,0.0,0.0,5.73,7.02,7.01,6.16
1749,29.15,7.0,40.079,0.075,0.9982,-6.68,3.27,3.76,7.072,0.0,0.0,-0.0,0.0,0.0,0.0,6.94,6.99,6.99,7.36
1750,29.1667,7.0,40.094,0.076,0.9992,-6.59,2.91,3.75,6.714,0.0,0.0,-0.0,0.0,0.0,0.0,6.15,6.99,7.0,6.71
1751,29.1833,7.0,40.11,0.076,0.9974,-6.52,2.72,3.78,6.845,0.0,0.0,-0.0,0.0,0.0,0.0,6.99,6.45,7.0,6.94
1752,29.2,7.0,40.126,0.079,0.999,-6.72,3.15,3.79,5.594,0.0,0.0,-0.0,0.0,0.0,0.0,2.78,6.93,7.12,5.55
1753,29.2167,7.0,40.142,0.08,1.0004,-6.67,2.94,3.73,6.626,0.0,0.0,-0.0,0.0,0.0,0.0,5.79,6.98,7.0,6.74
1754,29.2333,7.0,40.158,0.081,0.9993,-6.64,2.74,3.75,6.991,0.0,0.0,-0.0,0.0,0.0,0.0,6.92,7.72,7.0,6.34
1755,29.25,7.0,40.174,0.082,0.9972,-6.4,2.85,3.89,6.88,0.0,0.0,-0.0,0.0,0.0,0.0,7.03,6.43,7.01,7.05
1756,29.2667,7.0,40.191,0.082,0.9934,-6.04,3.0,4.08,6.675,0.0,0.0,-0.0,0.0,0.0,0.0,7.01,5.67,7.01,7.01
1757,29.2833,7.0,40.207,0.079,0.991,-5.54,2.62,4.08,8.617,0.0,0.0,-0.0,0.0,0.0,0.0,4.58,16.46,6.73,6.71
1758,29.3,7.0,40.223,0.078,0.985,-4.99,2.46,4.25,6.956,0.0,0.0,-0.0,0.0,0.0,0.0,6.91,6.97,6.98,6.97
1759,29.3167,7.0,40.239,0.076,0.977,-4.51,2.24,4.32,7.246,0.0,0.0,-0.0,0.0,0.0,0.0,7.2,7.82,6.99,6.98
1760,29.3333,7.0,40.254,0.073,0.9758,-3.91,2.07,4.28,5.915,0.0,0.0,-0.0,0.0,0.0,0.0,5.09,6.95,6.69,4.93
1761,29.35,7.0,40.271,0.072,0.9743,-3.55,2.25,4.26,6.902,0.0,0.0,-0.0,0.0,0.0,0.0,7.34,6.98,7.02,6.27
1762,29.3667,7.0,40.288,0.072,0.9743,-3.41,2.7,4.23,8.917,0.0,0.0,-0.0,0.0,0.0,0.0,15.79,7.0,7.1,5.78
1763,29.3833,7.0,40.305,0.072,0.9749,-3.21,2.79,4.19,6.955,0.0,0.0,-0.0,0.0,0.0,0.0,7.18,6.99,7.02,6.63
1764,29.4,7.0,40.32,0.071,0.9769,-2.75,2.65,4.31,7.084,0.0,0.0,-0.0,0.0,0.0,0.0,7.52,7.01,7.01,6.79
1765,29.4167,7.0,40.334,0.069,0.9799,-2.27,2.27,4.34,6.517,0.0,0.0,-0.0,0.0,0.0,0.0,7.66,6.7,6.73,4.98
1766,29.4333,7.0,40.347,0.068,0.9849,-2.17,2.23,4.1,6.814,0.0,0.0,-0.0,0.0,0.0,0.0,7.2,6.92,6.97,6.17
1767,29.45,7.0,40.361,0.066,0.9873,-2.07,2.0,3.93,6.506,0.0,0.0,-0.0,0.0,0.0,0.0,6.23,6.98,6.98,5.84
1768,29.4667,7.0,40.375,0.066,0.9882,-1.99,1.76,3.79,6.799,0.0,0.0,-0.0,0.0,0.0,0.0,6.97,7.01,7.01,6.2
1769,29.4833,7.0,40.39,0.066,0.9877,-1.95,1.54,3.72,6.244,0.0,0.0,-0.0,0.0,0.0,0.0,4.25,6.98,6.97,6.78
1770,29.5,7.0,40.405,0.067,0.9908,-2.01,1.63,3.74,6.814,0.0,0.0,-0.0,0.0,0.0,0.0,6.57,6.99,6.99,6.71
1771,29.5167,7.0,40.42,0.069,0.991,-2.07,1.51,3.74,7.067,0.0,0.0,-0.0,0.0,0.0,0.0,6.69,7.03,7.03,7.53
1772,29.5333,7.0,40.436,0.071,0.9894,-2.16,1.34,3.72,6.822,0.0,0.0,-0.0,0.0,0.0,0.0,6.97,7.08,7.08,6.15
1773,29.55,7.0,40.452,0.073,0.9889,-2.42,1.47,3.74,6.775,0.0,0.0,-0.0,0.0,0.0,0.0,6.63,7.03,7.03,6.4
1774,29.5667,7.0,40.467,0.075,0.9914,-2.51,1.17,3.71,6.587,0.0,0.0,-0.0,0.0,0.0,0.0,7.2,7.0,6.99,5.16
1775,29.5833,7.0,40.483,0.077,0.9908,-2.68,0.93,3.68,6.801,0.0,0.0,-0.0,0.0,0.0,0.0,7.0,7.0,7.0,6.2
1776,29.6,7.0,40.498,0.079,0.9882,-2.93,0.76,3.65,7.016,0.0,0.0,-0.0,0.0,0.0,0.0,6.97,6.99,7.0,7.1
1777,29.6167,7.0,40.513,0.082,0.9912,-3.16,0.65,3.65,7.031,0.0,0.0,-0.0,0.0,0.0,0.0,7.19,7.01,7.0,6.92
1778,29.6333,7.0,40.528,0.084,0.9915,-3.39,0.37,3.63,7.391,0.0,0.0,-0.0,0.0,0.0,0.0,8.19,6.98,6.95,7.45
1779,29.65,7.0,40.543,0.087,0.9898,-3.6,0.1,3.65,6.731,0.0,0.0,-0.0,0.0,0.0,0.0,6.91,6.91,6.91,6.2
1780,29.6667,7.0,40.558,0.09,0.9894,-3.98,0.11,3.64,6.708,0.0,0.0,-0.0,0.0,0.0,0.0,6.56,7.02,7.02,6.24
1781,29.6833,7.0,40.572,0.093,0.9918,-4.22,-0.32,3.62,6.972,0.0,0.0,-0.0,0.0,0.0,0.0,7.28,7.0,7.0,6.61
1782,29.7,7.0,40.587,0.096,0.9911,-4.54,-0.65,3.62,6.815,0.0,0.0,-0.0,0.0,0.0,0.0,6.98,6.98,6.98,6.33
1783,29.7167,7.0,40.602,0.099,0.9888,-4.89,-0.93,3.64,6.991,0.0,0.0,-0.0,0.0,0.0,0.0,6.8,7.0,7.01,7.15
1784,29.7333,7.0,40.616,0.102,0.9904,-5.22,-1.25,3.67,6.919,0.0,0.0,-0.0,0.0,0.0,0.0,6.71,6.99,6.98,7.0
1785,29.75,7.0,40.63,0.106,0.9902,-5.5,-1.64,3.76,6.909,0.0,0.0,-0.0,0.0,0.0,0.0,7.0,6.99,6.99,6.66
1786,29.7667,7.0,40.644,0.109,0.988,-5.85,-2.06,3.8,7.093,0.0,0.0,-0.0,0.0,0.0,0.0,7.43,6.92,6.92,7.1
1787,29.7833,7.0,40.658,0.11,0.9876,-5.68,-1.82,4.06,6.479,0.0,0.0,-0.0,0.0,0.0,0.0,6.99,4.96,6.98,6.98
1788,29.8,7.0,40.673,0.11,0.9869,-5.45,-1.98,4.07,6.921,0.0,0.0,-0.0,0.0,0.0,0.0,6.99,6.69,7.01,7.0
1789,29.8167,7.0,40.689,0.109,0.9841,-5.2,-2.16,4.1,6.969,0.0,0.0,-0.0,0.0,0.0,0.0,7.13,6.64,7.06,7.05
1790,29.8333,7.0,40.704,0.108,0.9791,-4.89,-2.35,4.17,6.941,0.0,0.0,-0.0,0.0,0.0,0.0,7.0,6.79,6.99,6.99
1791,29.85,7.0,40.719,0.107,0.9767,-4.64,-2.44,4.2,5.932,0.0,0.0,-0.0,0.0,0.0,0.0,5.04,6.92,7.04,4.73
1792,29.8667,7.0,40.734,0.108,0.9769,-4.5,-2.39,4.22,7.029,0.0,0.0,-0.0,0.0,0.0,0.0,9.1,5.37,7.06,6.58
1793,29.8833,7.0,40.75,0.107,0.9757,-4.2,-2.26,4.26,6.499,0.0,0.0,-0.0,0.0,0.0,0.0,6.96,6.11,7.0,5.92
1794,29.9,7.0,40.767,0.107,0.9737,-3.91,-1.98,4.33,6.414,0.0,0.0,-0.0,0.0,0.0,0.0,7.05,5.83,7.02,5.75
1795,29.9167,7.0,40.782,0.107,0.9784,-3.55,-1.76,4.41,6.629,0.0,0.0,-0.0,0.0,0.0,0.0,7.57,7.09,7.09,4.76
1796,29.9333,7.0,40.794,0.104,0.9832,-2.88,-1.95,4.42,9.062,0.0,0.0,-0.0,0.0,0.0,0.0,6.24,6.94,6.95,16.12
1797,29.95,7.0,40.806,0.101,0.9863,-2.38,-2.21,4.47,6.521,0.0,0.0,-0.0,0.0,0.0,0.0,6.6,6.9,6.92,5.66
1798,29.9667,7.0,40.819,0.099,0.9892,-1.99,-2.4,4.47,6.408,0.0,0.0,-0.0,0.0,0.0,0.0,6.51,6.82,6.82,5.48
1799,29.9833,7.0,40.832,0.099,0.9937,-1.82,-2.38,4.48,10.267,0.0,0.0,-0.0,0.0,0.0,0.0,19.93,7.22,7.23,6.69
1800,30.0,7.0,40.845,0.099,0.9958,-1.67,-2.6,4.49,6.779,0.0,0.0,-0.0,0.0,0.0,0.0,6.5,6.99,6.99,6.64
1801,30.0167,7.0,40.859,0.099,0.9963,-1.56,-2.82,4.49,6.462,0.0,0.0,-0.0,0.0,0.0,0.0,5.43,6.88,6.88,6.66
1802,30.0333,7.0,40.874,0.101,0.9983,-1.57,-2.83,4.49,6.547,0.0,0.0,-0.0,0.0,0.0,0.0,6.07,7.0,7.0,6.13
1803,30.05,7.0,40.889,0.102,0.999,-1.67,-2.91,4.49,6.675,0.0,0.0,-0.0,0.0,0.0,0.0,5.78,7.01,7.01,6.9
1804,30.0667,7.0,40.904,0.105,0.998,-1.81,-3.06,4.48,6.795,0.0,0.0,-0.0,0.0,0.0,0.0,7.05,7.03,7.02,6.08
1805,30.0833,7.0,40.919,0.107,0.9955,-2.03,-3.13,4.47,6.545,0.0,0.0,-0.0,0.0,0.0,0.0,5.08,7.03,7.0,7.07
1806,30.1,7.0,40.934,0.11,0.9985,-2.2,-3.35,4.46,6.886,0.0,0.0,-0.0,0.0,0.0,0.0,6.82,7.0,7.0,6.72
1807,30.1167,7.0,40.949,0.113,0.9985,-2.44,-3.58,4.45,6.874,0.0,0.0,-0.0,0.0,0.0,0.0,6.99,6.99,7.0,6.51
1808,30.1333,7.0,40.964,0.115,0.9965,-2.71,-3.81,4.46,7.153,0.0,0.0,-0.0,0.0,0.0,0.0,6.2,7.05,7.04,8.32
1809,30.15,7.0,40.978,0.118,0.997,-2.94,-4.22,4.53,6.925,0.0,0.0,-0.0,0.0,0.0,0.0,6.69,6.99,6.99,7.02
1810,30.1667,7.0,40.992,0.122,0.9987,-3.3,-4.39,4.54,7.038,0.0,0.0,-0.0,0.0,0.0,0.0,7.17,6.98,6.98,7.02
1811,30.1833,7.0,41.006,0.125,0.9977,-3.69,-4.71,4.55,6.896,0.0,0.0,-0.0,0.0,0.0,0.0,6.98,6.98,7.0,6.63
1812,30.2,7.0,41.02,0.128,0.9954,-3.87,-4.78,4.63,6.32,0.0,0.0,-0.0,0.0,0.0,0.0,7.1,4.08,7.07,7.04
1813,30.2167,7.0,41.034,0.129,0.9977,-3.89,-4.94,4.62,6.527,0.0,0.0,-0.0,0.0,0.0,0.0,6.07,6.99,7.01,6.05
1814,30.2333,7.0,41.048,0.131,0.998,-4.04,-5.08,4.64,6.978,0.0,0.0,-0.0,0.0,0.0,0.0,7.18,7.0,7.0,6.73
1815,30.25,7.0,41.063,0.133,0.9977,-4.01,-5.06,4.75,6.462,0.0,0.0,-0.0,0.0,0.0,0.0,7.06,4.72,7.04,7.03
1816,30.2667,7.0,41.079,0.133,0.9972,-3.93,-4.95,4.76,7.582,0.0,0.0,-0.0,0.0,0.0,0.0,7.77,9.62,7.06,5.88
1817,30.2833,7.0,41.095,0.133,0.998,-3.92,-5.06,4.56,6.789,0.0,0.0,-0.0,0.0,0.0,0.0,7.0,7.0,7.01,6.15
1818,30.3,7.0,41.111,0.133,0.9969,-4.0,-5.19,4.35,6.849,0.0,0.0,-0.0,0.0,0.0,0.0,7.0,7.0,7.0,6.39
1819,30.3167,7.0,41.128,0.133,0.9956,-3.79,-4.88,4.32,6.914,0.0,0.0,-0.0,0.0,0.0,0.0,7.03,6.63,7.01,6.99
1820,30.3333,7.0,41.145,0.132,0.9933,-3.34,-5.0,4.22,6.925,0.0,0.0,-0.0,0.0,0.0,0.0,6.85,6.87,6.99,6.98
1821,30.35,7.0,41.16,0.129,0.9915,-2.78,-4.73,4.23,6.642,0.0,0.0,-0.0,0.0,0.0,0.0,9.97,5.23,7.02,4.35
1822,30.3667,7.0,41.177,0.127,0.9908,-2.09,-4.18,4.34,6.605,0.0,0.0,-0.0,0.0,0.0,0.0,6.97,5.71,6.95,6.79
1823,30.3833,7.0,41.194,0.124,0.9908,-1.47,-3.71,4.3,6.309,0.0,0.0,-0.0,0.0,0.0,0.0,6.02,6.91,6.94,5.37
1824,30.4,7.0,41.212,0.122,0.9922,-1.03,-3.21,4.26,6.736,0.0,0.0,-0.0,0.0,0.0,0.0,6.73,6.96,6.98,6.28
1825,30.4167,7.0,41.231,0.121,0.9917,-0.68,-2.87,4.21,6.779,0.0,0.0,-0.0,0.0,0.0,0.0,6.96,6.92,6.94,6.28
1826,30.4333,7.0,41.248,0.121,0.9923,-0.64,-3.09,4.07,7.608,0.0,0.0,-0.0,0.0,0.0,0.0,6.85,9.2,7.4,6.98
1827,30.45,7.0,41.262,0.123,0.9963,-0.74,-3.55,4.0,7.088,0.0,0.0,-0.0,0.0,0.0,0.0,7.01,7.0,7.34,7.01
1828,30.4667,7.0,41.274,0.125,0.9993,-0.81,-4.02,4.08,6.921,0.0,0.0,-0.0,0.0,0.0,0.0,7.23,6.75,6.81,6.89
1829,30.4833,7.0,41.285,0.126,1.0035,-0.77,-4.62,4.12,6.921,0.0,0.0,-0.0,0.0,0.0,0.0,7.71,5.86,7.06,7.06
1830,30.5,7.0,41.296,0.125,1.007,-0.6,-5.11,4.09,5.939,0.0,0.0,-0.0,0.0,0.0,0.0,7.13,6.07,7.02,3.54
1831,30.5167,7.0,41.307,0.126,1.01,-0.62,-5.37,4.04,8.425,0.0,0.0,-0.0,0.0,0.0,0.0,13.51,6.92,6.96,6.31
1832,30.5333,7.0,41.32,0.127,1.0125,-0.73,-5.73,4.02,6.757,0.0,0.0,-0.0,0.0,0.0,0.0,6.81,7.0,7.0,6.21
1833,30.55,7.0,41.332,0.128,1.0141,-0.74,-6.0,4.07,6.581,0.0,0.0,-0.0,0.0,0.0,0.0,7.04,5.26,7.01,7.01
1834,30.5667,7.0,41.346,0.129,1.0146,-0.57,-6.17,4.14,5.765,0.0,0.0,-0.0,0.0,0.0,0.0,6.97,5.32,6.98,3.79
1835,30.5833,7.0,41.36,0.13,1.0148,-0.67,-6.07,4.08,5.383,0.0,0.0,-0.0,0.0,0.0,0.0,1.85,7.03,7.04,5.61
1836,30.6,7.0,41.374,0.132,1.015,-0.78,-6.11,4.16,7.928,0.0,0.0,-0.0,0.0,0.0,0.0,11.75,6.87,6.84,6.26
1837,30.6167,7.0,41.389,0.133,1.0151,-0.72,-6.21,4.2,6.312,0.0,0.0,-0.0,0.0,0.0,0.0,5.56,5.79,6.95,6.95
1838,30.6333,7.0,41.404,0.134,1.0153,-0.63,-6.22,4.19,6.227,0.0,0.0,-0.0,0.0,0.0,0.0,4.65,6.92,6.93,6.41
1839,30.65,7.0,41.419,0.136,1.0158,-0.65,-6.12,4.29,6.515,0.0,0.0,-0.0,0.0,0.0,0.0,5.85,7.0,7.0,6.22
1840,30.6667,7.0,41.434,0.138,1.0148,-0.75,-6.11,4.33,7.873,0.0,0.0,-0.0,0.0,0.0,0.0,6.93,5.61,7.02,11.94
1841,30.6833,7.0,41.45,0.138,1.0145,-0.54,-6.15,4.34,6.768,0.0,0.0,-0.0,0.0,0.0,0.0,6.04,6.79,6.92,7.32
1842,30.7,7.0,41.466,0.138,1.0155,-0.48,-6.05,4.34,6.543,0.0,0.0,-0.0,0.0,0.0,0.0,6.13,7.01,7.02,6.02
1843,30.7167,7.0,41.482,0.14,1.0155,-0.53,-5.97,4.34,6.818,0.0,0.0,-0.0,0.0,0.0,0.0,7.0,7.01,7.01,6.25
1844,30.7333,7.0,41.498,0.142,1.0145,-0.61,-6.01,4.34,7.611,0.0,0.0,-0.0,0.0,0.0,0.0,8.73,6.94,6.95,7.83
1845,30.75,7.0,41.514,0.143,1.0149,-0.53,-6.26,4.42,6.421,0.0,0.0,-0.0,0.0,0.0,0.0,6.98,3.21,6.97,8.52
1846,30.7667,7.0,41.529,0.145,1.0156,-0.68,-6.15,4.42,6.987,0.0,0.0,-0.0,0.0,0.0,0.0,7.24,7.03,7.0,6.67
1847,30.7833,7.0,41.545,0.147,1.0149,-0.73,-6.08,4.48,5.867,0.0,0.0,-0.0,0.0,0.0,0.0,3.59,5.58,7.15,7.15
1848,30.8,7.0,41.561,0.147,1.0143,-0.55,-6.12,4.48,7.213,0.0,0.0,-0.0,0.0,0.0,0.0,6.66,8.21,6.99,6.99
1849,30.8167,7.0,41.577,0.148,1.0147,-0.43,-6.03,4.49,6.654,0.0,0.0,-0.0,0.0,0.0,0.0,6.16,7.0,7.01,6.44
1850,30.8333,7.0,41.594,0.149,1.0142,-0.43,-5.91,4.49,6.551,0.0,0.0,-0.0,0.0,0.0,0.0,5.45,6.95,6.95,6.85
1851,30.85,7.0,41.608,0.151,1.018,-0.53,-5.63,4.5,6.001,0.0,0.0,-0.0,0.0,0.0,0.0,4.39,6.92,6.92,5.78
1852,30.8667,7.0,41.623,0.153,1.0227,-0.69,-5.32,4.47,6.421,0.0,0.0,-0.0,0.0,0.0,0.0,5.65,6.95,6.96,6.12
1853,30.8833,7.0,41.638,0.156,1.0262,-0.94,-5.11,4.44,7.134,0.0,0.0,-0.0,0.0,0.0,0.0,8.25,7.02,7.02,6.25
1854,30.9,7.0,41.653,0.159,1.0283,-1.24,-4.93,4.42,6.756,0.0,0.0,-0.0,0.0,0.0,0.0,7.01,7.01,7.02,5.98
1855,30.9167,7.0,41.668,0.161,1.0309,-1.42,-4.9,4.42,7.603,0.0,0.0,-0.0,0.0,0.0,0.0,8.7,3.8,7.0,10.91
1856,30.9333,7.0,41.683,0.162,1.0336,-1.23,-4.46,4.36,6.116,0.0,0.0,-0.0,0.0,0.0,0.0,1.93,8.42,7.04,7.08
1857,30.95,7.0,41.699,0.161,1.0349,-0.94,-4.1,4.41,6.893,0.0,0.0,-0.0,0.0,0.0,0.0,6.99,6.6,6.97,7.01
1858,30.9667,7.0,41.715,0.16,1.0345,-0.57,-3.77,4.47,6.784,0.0,0.0,-0.0,0.0,0.0,0.0,7.0,6.15,6.98,7.01
1859,30.9833,7.0,41.731,0.158,1.033,-0.1,-3.53,4.47,6.566,0.0,0.0,-0.0,0.0,0.0,0.0,6.24,6.14,6.93,6.96
1860,31.0,7.0,41.748,0.157,1.0323,0.35,-3.27,4.48,6.397,0.0,0.0,-0.0,0.0,0.0,0.0,5.79,7.04,7.01,5.75
1861,31.0167,7.0,41.766,0.156,1.0327,0.5,-3.23,4.48,8.378,0.0,0.0,-0.0,0.0,0.0,0.0,6.8,6.69,11.04,8.98
1862,31.0333,7.0,41.781,0.158,1.0349,0.46,-3.64,4.55,7.089,0.0,0.0,-0.0,0.0,0.0,0.0,6.97,6.48,7.9,7.0
1863,31.05,7.0,41.796,0.16,1.0358,0.52,-4.05,4.61,7.483,0.0,0.0,-0.0,0.0,0.0,0.0,8.38,7.77,6.87,6.91
1864,31.0667,7.0,41.809,0.161,1.0412,0.51,-4.36,4.58,7.252,0.0,0.0,-0.0,0.0,0.0,0.0,8.41,7.12,6.98,6.5
1865,31.0833,7.0,41.822,0.161,1.044,0.49,-4.86,4.47,6.847,0.0,0.0,-0.0,0.0,0.0,0.0,6.98,6.98,6.99,6.43
1866,31.1,7.0,41.835,0.162,1.0451,0.55,-5.23,4.42,6.782,0.0,0.0,-0.0,0.0,0.0,0.0,6.98,6.16,7.0,6.98
1867,31.1167,7.0,41.848,0.163,1.0466,0.46,-5.22,4.34,6.967,0.0,0.0,-0.0,0.0,0.0,0.0,8.0,7.06,7.05,5.75
1868,31.1333,7.0,41.863,0.164,1.0475,0.36,-5.31,4.32,6.908,0.0,0.0,-0.0,0.0,0.0,0.0,8.7,5.99,7.06,5.87
1869,31.15,7.0,41.877,0.165,1.0478,0.4,-5.46,4.32,7.112,0.0,0.0,-0.0,0.0,0.0,0.0,6.64,6.9,7.02,7.88
1870,31.1667,7.0,41.893,0.165,1.0471,0.49,-5.59,4.28,6.565,0.0,0.0,-0.0,0.0,0.0,0.0,5.89,6.99,6.99,6.4
1871,31.1833,7.0,41.908,0.167,1.048,0.37,-5.45,4.28,7.31,0.0,0.0,-0.0,0.0,0.0,0.0,9.87,6.29,7.05,6.02
1872,31.2,7.0,41.925,0.168,1.0472,0.42,-5.3,4.28,7.02,0.0,0.0,-0.0,0.0,0.0,0.0,7.45,7.26,7.01,6.36
1873,31.2167,7.0,41.941,0.169,1.0487,0.45,-5.41,4.26,6.988,0.0,0.0,-0.0,0.0,0.0,0.0,7.06,7.0,7.0,6.88
1874,31.2333,7.0,41.957,0.17,1.0486,0.43,-5.52,4.21,6.851,0.0,0.0,-0.0,0.0,0.0,0.0,7.0,7.0,7.01,6.39
1875,31.25,7.0,41.973,0.171,1.0479,0.31,-5.39,4.15,5.578,0.0,0.0,-0.0,0.0,0.0,0.0,3.02,5.81,7.13,6.35
1876,31.2667,7.0,41.99,0.172,1.0483,0.45,-5.43,4.16,6.821,0.0,0.0,-0.0,0.0,0.0,0.0,6.3,6.92,6.99,7.08
1877,31.2833,7.0,42.006,0.172,1.0472,0.53,-5.5,4.16,7.024,0.0,0.0,-0.0,0.0,0.0,0.0,7.47,6.9,6.89,6.84
1878,31.3,7.0,42.022,0.174,1.0481,0.45,-5.34,4.14,6.977,0.0,0.0,-0.0,0.0,0.0,0.0,7.51,7.01,7.01,6.39
1879,31.3167,7.0,42.039,0.175,1.0486,0.39,-5.44,4.14,6.702,0.0,0.0,-0.0,0.0,0.0,0.0,6.9,7.01,7.01,5.88
1880,31.3333,7.0,42.055,0.177,1.0482,0.42,-5.57,4.19,6.811,0.0,0.0,-0.0,0.0,0.0,0.0,7.0,6.27,7.0,6.97
1881,31.35,7.0,42.071,0.178,1.0463,0.44,-5.59,4.22,6.715,0.0,0.0,-0.0,0.0,0.0,0.0,7.43,6.27,6.86,6.3
1882,31.3667,7.0,42.087,0.179,1.0478,0.47,-5.25,4.22,7.38,0.0,0.0,-0.0,0.0,0.0,0.0,8.21,6.95,6.97,7.39
1883,31.3833,7.0,42.102,0.18,1.0514,0.47,-5.04,4.2,6.35,0.0,0.0,-0.0,0.0,0.0,0.0,5.76,7.03,7.04,5.57
1884,31.4,7.0,42.116,0.182,1.0558,0.26,-4.65,4.17,6.779,0.0,0.0,-0.0,0.0,0.0,0.0,7.31,6.99,6.99,5.83
1885,31.4167,7.0,42.131,0.185,1.0593,-0.01,-4.36,4.16,6.832,0.0,0.0,-0.0,0.0,0.0,0.0,7.06,6.98,6.98,6.32
1886,31.4333,7.0,42.146,0.188,1.0616,-0.35,-4.14,4.15,6.722,0.0,0.0,-0.0,0.0,0.0,0.0,7.0,7.01,7.01,5.87
1887,31.45,7.0,42.16,0.191,1.0651,-0.45,-4.03,4.15,5.848,0.0,0.0,-0.0,0.0,0.0,0.0,4.25,4.37,7.38,7.39
1888,31.4667,7.0,42.175,0.191,1.0682,-0.28,-3.53,4.1,7.318,0.0,0.0,-0.0,0.0,0.0,0.0,7.54,7.76,6.97,7.0
1889,31.4833,7.0,42.189,0.191,1.0696,-0.05,-3.1,4.12,5.755,0.0,0.0,-0.0,0.0,0.0,0.0,6.91,2.12,6.98,7.01
1890,31.5,7.0,42.204,0.19,1.0699,0.28,-2.68,4.15,5.436,0.0,0.0,-0.0,0.0,0.0,0.0,2.9,4.7,7.07,7.08
1891,31.5167,7.0,42.22,0.187,1.0702,0.72,-2.46,4.12,7.863,0.0,0.0,-0.0,0.0,0.0,0.0,15.39,2.16,6.95,6.96
1892,31.5333,7.0,42.236,0.185,1.0685,1.21,-2.23,4.05,6.697,0.0,0.0,-0.0,0.0,0.0,0.0,7.03,5.7,7.03,7.03
1893,31.55,7.0,42.253,0.183,1.067,1.67,-1.95,4.08,7.061,0.0,0.0,-0.0,0.0,0.0,0.0,6.8,7.7,7.03,6.71
1894,31.5667,7.0,42.269,0.181,1.0674,2.05,-1.97,4.0,6.483,0.0,0.0,-0.0,0.0,0.0,0.0,6.91,6.91,6.92,5.19
1895,31.5833,7.0,42.286,0.179,1.067,2.3,-1.81,3.91,6.867,0.0,0.0,-0.0,0.0,0.0,0.0,6.9,6.99,6.99,6.59
1896,31.6,7.0,42.303,0.181,1.0686,2.3,-1.57,3.91,7.426,0.0,0.0,-0.0,0.0,0.0,0.0,7.03,7.0,7.81,7.86
1897,31.6167,7.0,42.32,0.182,1.0683,2.2,-1.77,3.93,7.18,0.0,0.0,-0.0,0.0,0.0,0.0,6.99,6.99,6.99,7.76
1898,31.6333,7.0,42.337,0.184,1.0674,2.09,-1.93,3.92,6.87,0.0,0.0,-0.0,0.0,0.0,0.0,6.71,7.02,7.01,6.73
1899,31.65,7.0,42.352,0.187,1.0677,1.84,-1.87,3.93,7.045,0.0,0.0,-0.0,0.0,0.0,0.0,7.4,7.01,7.01,6.76
1900,31.6667,7.0,42.368,0.189,1.0676,1.62,-2.04,3.92,7.522,0.0,0.0,-0.0,0.0,0.0,0.0,8.38,6.97,6.98,7.76
1901,31.6833,7.0,42.383,0.191,1.0688,1.51,-2.46,3.93,7.007,0.0,0.0,-0.0,0.0,0.0,0.0,6.98,6.99,7.0,7.07
1902,31.7,7.0,42.398,0.193,1.0689,1.32,-2.52,3.91,7.364,0.0,0.0,-0.0,0.0,0.0,0.0,6.93,5.59,7.09,9.85
1903,31.7167,7.0,42.412,0.195,1.0687,1.5,-2.24,4.11,6.736,0.0,0.0,-0.0,0.0,0.0,0.0,7.01,6.59,7.02,6.33
1904,31.7333,7.0,42.428,0.195,1.0678,1.59,-2.18,4.12,7.868,0.0,0.0,-0.0,0.0,0.0,0.0,8.25,9.14,7.05,7.03
1905,31.75,7.0,42.444,0.195,1.067,1.69,-2.16,4.0,6.854,0.0,0.0,-0.0,0.0,0.0,0.0,7.23,7.01,7.02,6.16
1906,31.7667,7.0,42.46,0.196,1.0674,1.66,-1.93,4.0,6.753,0.0,0.0,-0.0,0.0,0.0,0.0,6.24,7.02,7.02,6.74
1907,31.7833,7.0,42.476,0.197,1.0686,1.68,-2.06,3.99,6.895,0.0,0.0,-0.0,0.0,0.0,0.0,6.95,6.99,6.99,6.64
1908,31.8,7.0,42.492,0.198,1.0678,1.7,-2.24,3.96,6.56,0.0,0.0,-0.0,0.0,0.0,0.0,6.85,6.85,6.84,5.7
1909,31.8167,7.0,42.508,0.199,1.0663,1.54,-2.17,3.91,6.873,0.0,0.0,-0.0,0.0,0.0,0.0,6.62,7.01,7.01,6.84
1910,31.8333,7.0,42.524,0.201,1.0681,1.45,-2.15,3.9,6.606,0.0,0.0,-0.0,0.0,0.0,0.0,6.53,6.75,7.08,6.07
1911,31.85,7.0,42.54,0.201,1.0681,1.58,-2.22,3.88,6.425,0.0,0.0,-0.0,0.0,0.0,0.0,7.01,5.93,7.01,5.75
1912,31.8667,7.0,42.556,0.201,1.067,1.67,-2.17,3.89,6.219,0.0,0.0,-0.0,0.0,0.0,0.0,4.5,7.07,7.14,6.18
1913,31.8833,7.0,42.572,0.203,1.0667,1.56,-1.93,3.89,6.737,0.0,0.0,-0.0,0.0,0.0,0.0,6.54,7.02,7.03,6.35
1914,31.9,7.0,42.588,0.204,1.0679,1.55,-2.1,3.89,7.429,0.0,0.0,-0.0,0.0,0.0,0.0,7.06,6.99,6.99,8.67
1915,31.9167,7.0,42.604,0.205,1.0677,1.57,-2.32,3.87,6.815,0.0,0.0,-0.0,0.0,0.0,0.0,6.81,6.77,6.87,6.81
1916,31.9333,7.0,42.62,0.206,1.0674,1.53,-2.24,3.88,6.64,0.0,0.0,-0.0,0.0,0.0,0.0,6.35,7.21,7.01,6.0
1917,31.95,7.0,42.635,0.209,1.0687,1.35,-1.94,3.86,5.931,0.0,0.0,-0.0,0.0,0.0,0.0,3.42,7.08,7.3,5.93
1918,31.9667,7.0,42.65,0.212,1.0728,1.07,-1.8,3.88,6.512,0.0,0.0,-0.0,0.0,0.0,0.0,5.36,6.95,6.96,6.78
1919,31.9833,7.0,42.665,0.215,1.0756,0.73,-1.75,3.9,6.536,0.0,0.0,-0.0,0.0,0.0,0.0,5.64,6.97,6.97,6.56
1920,32.0,7.0,42.68,0.218,1.0776,0.59,-1.55,3.93,6.319,0.0,0.0,-0.0,0.0,0.0,0.0,6.95,4.38,6.98,6.97
1921,32.0167,7.0,42.695,0.219,1.08,0.68,-1.04,4.05,6.144,0.0,0.0,-0.0,0.0,0.0,0.0,4.42,6.17,6.98,7.0
1922,32.0333,7.0,42.711,0.218,1.083,0.9,-0.76,4.03,10.424,0.0,0.0,-0.0,0.0,0.0,0.0,22.55,5.18,6.98,6.98
1923,32.05,7.0,42.726,0.217,1.0838,1.15,-0.47,3.97,6.179,0.0,0.0,-0.0,0.0,0.0,0.0,6.88,4.02,6.89,6.93
1924,32.0667,7.0,42.742,0.215,1.0828,1.46,-0.18,3.89,6.728,0.0,0.0,-0.0,0.0,0.0,0.0,7.0,5.9,7.01,7.0
1925,32.0833,7.0,42.758,0.213,1.0813,1.98,-0.17,3.91,6.953,0.0,0.0,-0.0,0.0,0.0,0.0,6.84,6.94,7.02,7.01
1926,32.1,7.0,42.775,0.211,1.0801,2.43,-0.03,3.92,6.191,0.0,0.0,-0.0,0.0,0.0,0.0,5.18,7.19,7.23,5.16
1927,32.1167,7.0,42.791,0.21,1.0801,2.55,0.28,3.79,6.771,0.0,0.0,-0.0,0.0,0.0,0.0,7.11,7.01,7.02,5.94
1928,32.1333,7.0,42.809,0.21,1.0787,2.65,0.52,3.73,6.947,0.0,0.0,-0.0,0.0,0.0,0.0,6.78,7.02,7.01,6.98
1929,32.15,7.0,42.827,0.21,1.0762,2.74,0.68,3.76,6.959,0.0,0.0,-0.0,0.0,0.0,0.0,6.24,7.19,7.25,7.15
1930,32.1667,7.0,42.843,0.213,1.0776,2.49,0.61,3.77,6.848,0.0,0.0,-0.0,0.0,0.0,0.0,6.99,7.01,6.49,6.9
1931,32.1833,7.0,42.86,0.216,1.0768,2.28,0.56,3.79,7.368,0.0,0.0,-0.0,0.0,0.0,0.0,8.9,7.82,7.07,5.68
1932,32.2,7.0,42.876,0.215,1.0772,2.39,0.4,3.7,6.964,0.0,0.0,-0.0,0.0,0.0,0.0,7.03,6.89,6.98,6.95
1933,32.2167,7.0,42.892,0.216,1.0761,2.3,0.47,3.51,6.576,0.0,0.0,-0.0,0.0,0.0,0.0,7.01,6.97,7.01,5.32
1934,32.2333,7.0,42.908,0.217,1.0767,2.22,0.53,3.51,6.446,0.0,0.0,-0.0,0.0,0.0,0.0,6.88,4.97,7.01,6.93
1935,32.25,7.0,42.924,0.218,1.0774,2.23,0.43,3.5,6.891,0.0,0.0,-0.0,0.0,0.0,0.0,7.0,6.56,7.0,7.0
1936,32.2667,7.0,42.94,0.219,1.076,2.25,0.38,3.49,6.345,0.0,0.0,-0.0,0.0,0.0,0.0,5.5,7.2,6.79,5.9
1937,32.2833,7.0,42.956,0.22,1.0757,2.14,0.6,3.44,5.92,0.0,0.0,-0.0,0.0,0.0,0.0,4.18,6.11,7.02,6.37
1938,32.3,7.0,42.972,0.22,1.0771,2.29,0.55,3.44,6.957,0.0,0.0,-0.0,0.0,0.0,0.0,7.07,7.09,7.03,6.63
1939,32.3167,7.0,42.988,0.22,1.0769,2.37,0.43,3.41,6.572,0.0,0.0,-0.0,0.0,0.0,0.0,7.08,6.84,6.99,5.38
1940,32.3333,7.0,43.004,0.221,1.0759,2.35,0.52,3.39,5.924,0.0,0.0,-0.0,0.0,0.0,0.0,5.29,6.92,5.11,6.37
1941,32.35,7.0,43.02,0.223,1.0758,2.23,0.7,3.4,5.832,0.0,0.0,-0.0,0.0,0.0,0.0,2.24,6.83,7.18,7.08
1942,32.3667,7.0,43.036,0.223,1.0768,2.33,0.55,3.39,6.471,0.0,0.0,-0.0,0.0,0.0,0.0,7.23,4.8,6.88,6.98
1943,32.3833,7.0,43.052,0.224,1.0767,2.31,0.43,3.4,6.652,0.0,0.0,-0.0,0.0,0.0,0.0,6.74,6.87,6.85,6.15
1944,32.4,7.0,43.067,0.225,1.0771,2.17,0.47,3.37,6.339,0.0,0.0,-0.0,0.0,0.0,0.0,6.87,4.81,7.0,6.67
1945,32.4167,7.0,43.083,0.226,1.0769,2.17,0.63,3.36,7.067,0.0,0.0,-0.0,0.0,0.0,0.0,7.14,7.04,7.04,7.05
1946,32.4333,7.0,43.099,0.226,1.0764,2.37,0.49,3.37,6.896,0.0,0.0,-0.0,0.0,0.0,0.0,6.66,6.35,6.96,7.62
1947,32.45,7.0,43.115,0.227,1.0766,2.36,0.61,3.4,7.487,0.0,0.0,-0.0,0.0,0.0,0.0,9.09,7.07,7.65,6.14
1948,32.4667,7.0,43.131,0.228,1.0759,2.23,0.71,3.37,6.646,0.0,0.0,-0.0,0.0,0.0,0.0,4.71,8.53,7.01,6.34
1949,32.4833,7.0,43.147,0.229,1.077,2.2,0.47,3.39,6.746,0.0,0.0,-0.0,0.0,0.0,0.0,6.1,6.94,7.02,6.92
1950,32.5,7.0,43.162,0.23,1.0766,2.25,0.39,3.48,6.168,0.0,0.0,-0.0,0.0,0.0,0.0,3.76,8.06,7.11,5.74
1951,32.5167,7.0,43.177,0.23,1.077,2.21,0.55,3.32,7.54,0.0,0.0,-0.0,0.0,0.0,0.0,7.15,6.81,7.0,9.21
1952,32.5333,7.0,43.193,0.231,1.0768,2.31,0.63,3.33,7.121,0.0,0.0,-0.0,0.0,0.0,0.0,6.82,7.12,7.13,7.42
1953,32.55,7.0,43.209,0.231,1.0769,2.28,0.4,3.23,7.084,0.0,0.0,-0.0,0.0,0.0,0.0,7.0,7.01,7.01,7.32
1954,32.5667,7.0,43.224,0.231,1.0764,2.31,0.47,3.22,6.646,0.0,0.0,-0.0,0.0,0.0,0.0,6.54,6.49,6.93,6.63
1955,32.5833,7.0,43.24,0.233,1.0765,2.26,0.63,3.23,8.89,0.0,0.0,-0.0,0.0,0.0,0.0,6.96,6.78,7.3,14.51
1956,32.6,7.0,43.256,0.234,1.0769,2.29,0.51,3.17,6.962,0.0,0.0,-0.0,0.0,0.0,0.0,7.05,6.99,7.04,6.76
1957,32.6167,7.0,43.271,0.235,1.0762,2.23,0.3,3.15,6.977,0.0,0.0,-0.0,0.0,0.0,0.0,6.84,6.94,6.97,7.16
1958,32.6333,7.0,43.287,0.237,1.0766,2.14,0.48,3.19,5.891,0.0,0.0,-0.0,0.0,0.0,0.0,6.18,5.55,7.12,4.72
1959,32.65,7.0,43.303,0.238,1.0758,2.23,0.72,3.24,7.5,0.0,0.0,-0.0,0.0,0.0,0.0,8.79,7.87,6.97,6.36
1960,32.6667,7.0,43.32,0.238,1.0734,2.34,0.92,3.26,6.314,0.0,0.0,-0.0,0.0,0.0,0.0,6.99,4.88,6.99,6.39
1961,32.6833,7.0,43.338,0.239,1.0708,2.32,1.26,3.27,6.293,0.0,0.0,-0.0,0.0,0.0,0.0,4.94,7.07,7.08,6.09
1962,32.7,7.0,43.355,0.241,1.0683,2.2,1.66,3.34,6.835,0.0,0.0,-0.0,0.0,0.0,0.0,6.98,7.01,7.01,6.34
1963,32.7167,7.0,43.373,0.243,1.0644,2.19,2.13,3.44,6.649,0.0,0.0,-0.0,0.0,0.0,0.0,6.99,5.61,7.0,7.01
1964,32.7333,7.0,43.392,0.244,1.0589,2.22,2.62,3.51,6.583,0.0,0.0,-0.0,0.0,0.0,0.0,6.86,7.13,6.89,5.45
1965,32.75,7.0,43.41,0.246,1.0535,2.1,3.47,3.5,4.319,0.0,0.0,-0.0,0.0,0.0,0.0,7.78,5.91,-7.7,11.29
1966,32.7667,7.0,43.428,0.247,1.0555,2.22,3.36,3.49,7.517,0.0,0.0,-0.0,0.0,0.0,0.0,7.96,8.13,6.97,7.01
1967,32.7833,7.0,43.446,0.248,1.0548,2.3,3.26,3.45,8.273,0.0,0.0,-0.0,0.0,0.0,0.0,6.82,10.51,8.96,6.81
1968,32.8,7.0,43.463,0.249,1.0542,2.22,3.34,3.43,6.431,0.0,0.0,-0.0,0.0,0.0,0.0,7.02,5.54,6.98,6.18
1969,32.8167,7.0,43.479,0.25,1.0548,2.31,3.42,3.43,6.708,0.0,0.0,-0.0,0.0,0.0,0.0,6.51,6.77,7.03,6.52
1970,32.8333,7.0,43.495,0.251,1.0548,2.32,3.29,3.45,6.397,0.0,0.0,-0.0,0.0,0.0,0.0,6.97,7.62,7.59,3.41
1971,32.85,7.0,43.511,0.252,1.0547,2.16,3.18,3.34,6.722,0.0,0.0,-0.0,0.0,0.0,0.0,7.09,7.05,7.09,5.65
1972,32.8667,7.0,43.527,0.253,1.0543,2.14,3.42,3.34,6.584,0.0,0.0,-0.0,0.0,0.0,0.0,5.68,6.63,7.0,7.02
1973,32.8833,7.0,43.543,0.253,1.0548,2.3,3.37,3.34,7.976,0.0,0.0,-0.0,0.0,0.0,0.0,7.87,7.83,8.69,7.52
1974,32.9,7.0,43.559,0.253,1.0551,2.36,3.18,3.43,6.831,0.0,0.0,-0.0,0.0,0.0,0.0,6.99,6.33,7.0,7.0
1975,32.9167,7.0,43.575,0.255,1.0545,2.23,3.35,3.34,6.361,0.0,0.0,-0.0,0.0,0.0,0.0,7.01,5.37,7.03,6.03
1976,32.9333,7.0,43.591,0.255,1.055,2.28,3.41,3.33,6.934,0.0,0.0,-0.0,0.0,0.0,0.0,6.86,7.0,7.01,6.86
1977,32.95,7.0,43.608,0.256,1.0546,2.28,3.3,3.3,7.074,0.0,0.0,-0.0,0.0,0.0,0.0,7.22,6.94,6.95,7.18
1978,32.9667,7.0,43.624,0.257,1.0542,2.28,3.31,3.29,6.654,0.0,0.0,-0.0,0.0,0.0,0.0,6.96,6.03,5.8,7.82
1979,32.9833,7.0,43.64,0.257,1.0539,2.39,3.42,3.28,5.755,0.0,0.0,-0.0,0.0,0.0,0.0,5.42,6.14,4.7,6.75
1980,33.0,7.0,43.656,0.258,1.0548,2.4,3.19,3.27,7.136,0.0,0.0,-0.0,0.0,0.0,0.0,7.01,7.16,7.37,7.01
1981,33.0167,7.0,43.672,0.258,1.0541,2.42,2.98,3.26,6.855,0.0,0.0,-0.0,0.0,0.0,0.0,6.99,6.34,7.04,7.04
1982,33.0333,7.0,43.688,0.258,1.0525,2.54,2.98,3.27,6.971,0.0,0.0,-0.0,0.0,0.0,0.0,7.07,6.91,6.84,7.06
1983,33.05,7.0,43.704,0.259,1.0514,2.56,2.73,3.24,5.407,0.0,0.0,-0.0,0.0,0.0,0.0,6.92,1.69,6.53,6.49
1984,33.0667,7.0,43.719,0.26,1.0507,2.41,2.61,3.24,6.762,0.0,0.0,-0.0,0.0,0.0,0.0,6.93,6.56,6.53,7.03
1985,33.0833,7.0,43.735,0.262,1.0493,2.27,2.67,3.21,5.212,0.0,0.0,-0.0,0.0,0.0,0.0,7.27,5.78,1.8,6.0
1986,33.1,7.0,43.75,0.265,1.05,2.37,2.82,3.55,5.545,0.0,0.0,-0.0,0.0,0.0,0.0,2.72,5.56,6.99,6.91
1987,33.1167,7.0,43.767,0.267,1.05,2.47,2.88,3.72,7.293,0.0,0.0,-0.0,0.0,0.0,0.0,8.43,6.73,7.01,7.01
1988,33.1333,7.0,43.784,0.268,1.0483,2.58,2.92,3.83,8.248,0.0,0.0,-0.0,0.0,0.0,0.0,6.69,12.97,6.79,6.55
1989,33.15,7.0,43.8,0.269,1.0489,2.47,3.0,3.84,7.097,0.0,0.0,-0.0,0.0,0.0,0.0,6.42,6.97,6.95,8.05
1990,33.1667,7.0,43.816,0.271,1.0486,2.4,3.02,3.87,7.163,0.0,0.0,-0.0,0.0,0.0,0.0,7.2,7.21,7.13,7.12
1991,33.1833,7.0,43.832,0.272,1.0466,2.47,3.16,3.94,6.759,0.0,0.0,-0.0,0.0,0.0,0.0,6.96,6.09,6.98,7.0
1992,33.2,7.0,43.849,0.274,1.0441,2.41,3.49,3.95,6.537,0.0,0.0,-0.0,0.0,0.0,0.0,5.96,6.9,6.98,6.31
1993,33.2167,7.0,43.866,0.276,1.0416,2.34,3.9,4.03,6.722,0.0,0.0,-0.0,0.0,0.0,0.0,7.14,5.6,7.08,7.07
1994,33.2333,7.0,43.883,0.278,1.0379,2.46,4.4,4.15,6.664,0.0,0.0,-0.0,0.0,0.0,0.0,7.02,5.62,7.0,7.01
1995,33.25,7.0,43.902,0.279,1.0325,2.58,4.92,4.24,8.013,0.0,0.0,-0.0,0.0,0.0,0.0,6.89,13.12,6.84,5.21
1996,33.2667,7.0,43.919,0.281,1.0266,2.34,5.67,4.13,6.381,0.0,0.0,-0.0,0.0,0.0,0.0,7.0,4.94,6.98,6.61
1997,33.2833,7.0,43.938,0.284,1.0258,2.13,6.15,4.15,7.044,0.0,0.0,-0.0,0.0,0.0,0.0,7.58,6.8,6.89,6.91
1998,33.3,7.0,43.956,0.287,1.0262,1.89,6.21,4.16,7.227,0.0,0.0,-0.0,0.0,0.0,0.0,7.66,7.24,7.0,7.01
1999,33.3167,7.0,43.974,0.289,1.0248,1.73,6.17,4.17,6.837,0.0,0.0,-0.0,0.0,0.0,0.0,6.12,7.86,6.66,6.7
2000,33.3333,7.0,43.991,0.288,1.0261,1.96,6.19,4.19,6.686,0.0,0.0,-0.0,0.0,0.0,0.0,6.44,6.52,6.79,7.0
2001,33.35,7.0,44.008,0.289,1.0258,2.15,6.12,4.17,6.832,0.0,0.0,-0.0,0.0,0.0,0.0,7.03,6.06,7.21,7.03
2002,33.3667,7.0,44.024,0.289,1.0244,2.31,5.98,4.2,6.89,0.0,0.0,-0.0,0.0,0.0,0.0,6.99,6.56,7.0,7.01
2003,33.3833,7.0,44.04,0.289,1.025,2.4,6.0,4.2,6.921,0.0,0.0,-0.0,0.0,0.0,0.0,7.0,6.85,6.83,7.0
2004,33.4,7.0,44.056,0.29,1.0259,2.49,5.84,4.25,7.24,0.0,0.0,-0.0,0.0,0.0,0.0,7.04,7.08,7.79,7.04
2005,33.4167,7.0,44.071,0.29,1.0254,2.45,5.75,4.1,6.625,0.0,0.0,-0.0,0.0,0.0,0.0,7.09,7.02,7.12,5.27
2006,33.4333,7.0,44.087,0.29,1.0245,2.4,6.01,4.0,5.085,0.0,0.0,-0.0,0.0,0.0,0.0,7.08,6.41,2.69,4.16
2007,33.45,7.0,44.103,0.292,1.026,2.36,5.95,4.03,6.91,0.0,0.0,-0.0,0.0,0.0,0.0,6.95,6.36,7.26,7.07
2008,33.4667,7.0,44.119,0.294,1.0256,2.39,5.83,4.14,6.809,0.0,0.0,-0.0,0.0,0.0,0.0,6.98,6.26,7.0,7.0
2009,33.4833,7.0,44.135,0.295,1.0238,2.4,5.85,4.21,7.007,0.0,0.0,-0.0,0.0,0.0,0.0,6.89,8.82,5.32,7.0
2010,33.5,7.0,44.151,0.296,1.0253,2.43,5.94,4.17,6.698,0.0,0.0,-0.0,0.0,0.0,0.0,6.93,6.46,6.46,6.94
2011,33.5167,7.0,44.167,0.297,1.0261,2.44,5.86,4.15,7.038,0.0,0.0,-0.0,0.0,0.0,0.0,7.05,7.15,6.94,7.01
2012,33.5333,7.0,44.183,0.297,1.0253,2.49,5.72,4.16,7.093,0.0,0.0,-0.0,0.0,0.0,0.0,7.06,7.29,7.01,7.02
2013,33.55,7.0,44.198,0.298,1.0228,2.59,5.62,4.15,7.543,0.0,0.0,-0.0,0.0,0.0,0.0,7.18,8.16,7.5,7.33
2014,33.5667,7.0,44.214,0.299,1.0229,2.59,5.33,4.12,7.07,0.0,0.0,-0.0,0.0,0.0,0.0,6.98,6.72,7.62,6.96
2015,33.5833,7.0,44.229,0.301,1.0209,2.63,4.98,4.18,7.033,0.0,0.0,-0.0,0.0,0.0,0.0,7.01,7.14,6.99,7.0
2016,33.6,7.0,44.244,0.301,1.0172,2.68,4.67,4.16,7.261,0.0,0.0,-0.0,0.0,0.0,0.0,7.02,7.48,7.54,7.01
2017,33.6167,7.0,44.258,0.302,1.0126,2.66,4.23,4.17,6.903,0.0,0.0,-0.0,0.0,0.0,0.0,6.99,6.79,6.81,7.01
2018,33.6333,7.0,44.272,0.304,1.007,2.63,3.72,4.13,7.284,0.0,0.0,-0.0,0.0,0.0,0.0,7.0,6.98,8.15,7.01
2019,33.65,7.0,44.286,0.306,1.0004,2.33,3.56,3.95,6.109,0.0,0.0,-0.0,0.0,0.0,0.0,5.53,6.57,6.87,5.47
2020,33.6667,7.0,44.299,0.308,1.0025,2.03,3.24,3.94,6.468,0.0,0.0,-0.0,0.0,0.0,0.0,5.64,6.96,6.98,6.29
2021,33.6833,7.0,44.313,0.311,1.0034,2.0,3.4,4.09,6.633,0.0,0.0,-0.0,0.0,0.0,0.0,7.42,5.03,7.04,7.05
2022,33.7,7.0,44.328,0.312,1.003,2.06,3.54,4.2,6.634,0.0,0.0,-0.0,0.0,0.0,0.0,7.02,5.48,7.02,7.02
2023,33.7167,7.0,44.343,0.313,1.0007,2.18,3.65,4.29,6.649,0.0,0.0,-0.0,0.0,0.0,0.0,7.0,5.59,7.0,7.0
2024,33.7333,7.0,44.359,0.314,0.9974,2.15,3.96,4.26,5.388,0.0,0.0,-0.0,0.0,0.0,0.0,7.0,2.33,7.03,5.2
2025,33.75,7.0,44.376,0.315,0.9936,2.26,4.54,4.3,6.544,0.0,0.0,-0.0,0.0,0.0,0.0,6.88,5.23,7.02,7.04
2026,33.7667,7.0,44.394,0.315,0.9886,2.39,5.12,4.3,7.418,0.0,0.0,-0.0,0.0,0.0,0.0,4.06,13.38,6.87,5.36
2027,33.7833,7.0,44.412,0.317,0.9832,2.15,5.77,4.2,7.374,0.0,0.0,-0.0,0.0,0.0,0.0,7.24,6.97,6.95,8.33
2028,33.8,7.0,44.431,0.32,0.9808,1.99,6.3,4.2,6.548,0.0,0.0,-0.0,0.0,0.0,0.0,6.44,6.49,6.25,7.02
2029,33.8167,7.0,44.449,0.322,0.9804,1.8,6.57,4.21,7.598,0.0,0.0,-0.0,0.0,0.0,0.0,6.09,7.75,9.56,6.98
2030,33.8333,7.0,44.467,0.323,0.9811,1.99,6.36,4.1,7.369,0.0,0.0,-0.0,0.0,0.0,0.0,8.47,7.0,7.0,7.0
2031,33.85,7.0,44.484,0.323,0.9807,2.14,6.22,4.11,7.542,0.0,0.0,-0.0,0.0,0.0,0.0,7.43,8.07,7.56,7.12
2032,33.8667,7.0,44.5,0.324,0.9817,2.42,6.03,3.89,6.983,0.0,0.0,-0.0,0.0,0.0,0.0,6.99,7.0,7.0,6.95
2033,33.8833,7.0,44.515,0.325,0.9808,2.25,6.01,3.73,6.649,0.0,0.0,-0.0,0.0,0.0,0.0,7.08,7.08,7.08,5.37
2034,33.9,7.0,44.531,0.326,0.9805,2.17,6.16,3.74,7.338,0.0,0.0,-0.0,0.0,0.0,0.0,6.77,6.85,6.11,9.63
2035,33.9167,7.0,44.547,0.328,0.9819,2.04,6.21,3.73,6.828,0.0,0.0,-0.0,0.0,0.0,0.0,7.02,6.26,7.01,7.01
2036,33.9333,7.0,44.563,0.329,0.981,1.97,6.23,3.69,6.852,0.0,0.0,-0.0,0.0,0.0,0.0,7.0,6.41,7.0,7.0
2037,33.95,7.0,44.579,0.329,0.9793,2.07,6.18,3.7,5.942,0.0,0.0,-0.0,0.0,0.0,0.0,5.2,7.25,4.25,7.07
2038,33.9667,7.0,44.594,0.329,0.9811,2.27,6.07,3.7,6.435,0.0,0.0,-0.0,0.0,0.0,0.0,6.98,6.59,6.01,6.16
2039,33.9833,7.0,44.61,0.328,0.9813,2.41,6.01,3.65,7.266,0.0,0.0,-0.0,0.0,0.0,0.0,7.01,6.97,7.26,7.83
2040,34.0,7.0,44.626,0.329,0.9804,2.34,6.1,3.53,6.657,0.0,0.0,-0.0,0.0,0.0,0.0,7.02,7.05,7.01,5.55
2041,34.0167,7.0,44.642,0.331,0.9799,2.1,6.08,3.54,5.719,0.0,0.0,-0.0,0.0,0.0,0.0,6.78,2.11,6.19,7.8
2042,34.0333,7.0,44.658,0.333,0.9807,2.01,6.29,3.54,6.561,0.0,0.0,-0.0,0.0,0.0,0.0,7.0,6.37,5.89,6.99
2043,34.05,7.0,44.675,0.334,0.9808,2.03,6.35,3.54,7.262,0.0,0.0,-0.0,0.0,0.0,0.0,7.37,7.69,7.01,6.99
2044,34.0667,7.0,44.691,0.334,0.9797,2.15,6.21,3.53,7.25,0.0,0.0,-0.0,0.0,0.0,0.0,7.0,7.12,7.89,7.0
2045,34.0833,7.0,44.707,0.334,0.9792,2.18,5.93,3.52,7.085,0.0,0.0,-0.0,0.0,0.0,0.0,7.0,7.0,7.33,7.0
2046,34.1,7.0,44.723,0.335,0.9775,2.19,5.65,3.53,6.969,0.0,0.0,-0.0,0.0,0.0,0.0,7.0,6.86,7.0,7.0
2047,34.1167,7.0,44.738,0.336,0.9734,2.25,5.39,3.55,6.944,0.0,0.0,-0.0,0.0,0.0,0.0,7.06,6.78,6.96,6.97
2048,34.1333,7.0,44.753,0.338,0.9705,2.1,4.81,3.52,7.248,0.0,0.0,-0.0,0.0,0.0,0.0,6.89,7.72,7.37,7.01
2049,34.15,7.0,44.766,0.34,0.9657,1.93,4.29,3.52,6.982,0.0,0.0,-0.0,0.0,0.0,0.0,6.99,6.97,6.97,7.0
2050,34.1667,7.0,44.78,0.342,0.9593,1.87,3.55,3.49,7.683,0.0,0.0,-0.0,0.0,0.0,0.0,9.92,6.93,6.93,6.96
2051,34.1833,7.0,44.793,0.341,0.9542,2.12,2.99,3.54,6.309,0.0,0.0,-0.0,0.0,0.0,0.0,6.43,4.99,6.9,6.92
2052,34.2,7.0,44.807,0.341,0.9549,2.23,3.23,3.54,6.542,0.0,0.0,-0.0,0.0,0.0,0.0,6.58,7.0,6.98,5.61
2053,34.2167,7.0,44.822,0.342,0.9537,2.24,3.33,3.55,7.084,0.0,0.0,-0.0,0.0,0.0,0.0,8.21,7.01,7.01,6.11
2054,34.2333,7.0,44.838,0.344,0.9512,2.17,3.44,3.53,8.163,0.0,0.0,-0.0,0.0,0.0,0.0,4.64,15.01,6.8,6.21
2055,34.25,7.0,44.854,0.346,0.9495,1.9,3.69,3.52,5.77,0.0,0.0,-0.0,0.0,0.0,0.0,6.11,3.44,7.02,6.51
2056,34.2667,7.0,44.871,0.348,0.9476,1.87,4.15,3.57,6.166,0.0,0.0,-0.0,0.0,0.0,0.0,2.46,8.3,6.95,6.94
2057,34.2833,7.0,44.888,0.347,0.9467,1.94,4.28,3.34,8.693,0.0,0.0,-0.0,0.0,0.0,0.0,10.2,10.56,6.99,7.02
2058,34.3,7.0,44.905,0.347,0.9468,2.11,4.14,3.33,6.854,0.0,0.0,-0.0,0.0,0.0,0.0,7.24,7.09,6.82,6.26
2059,34.3167,7.0,44.92,0.348,0.9473,2.02,4.11,3.33,6.986,0.0,0.0,-0.0,0.0,0.0,0.0,6.96,6.55,7.05,7.4
2060,34.3333,7.0,44.936,0.349,0.9462,2.08,4.18,3.4,6.459,0.0,0.0,-0.0,0.0,0.0,0.0,7.0,5.07,6.79,6.98
2061,34.35,7.0,44.952,0.35,0.9458,2.03,4.08,3.39,6.25,0.0,0.0,-0.0,0.0,0.0,0.0,6.48,5.93,5.93,6.66
2062,34.3667,7.0,44.967,0.351,0.9472,2.0,4.08,3.38,6.374,0.0,0.0,-0.0,0.0,0.0,0.0,6.19,5.93,7.01,6.38
2063,34.3833,7.0,44.983,0.352,0.947,2.06,4.16,3.41,6.752,0.0,0.0,-0.0,0.0,0.0,0.0,7.02,5.96,7.02,7.01
2064,34.4,7.0,44.999,0.353,0.9453,2.12,4.18,3.42,7.614,0.0,0.0,-0.0,0.0,0.0,0.0,7.05,7.26,8.97,7.17
2065,34.4167,7.0,45.014,0.354,0.9469,1.98,4.0,3.41,6.666,0.0,0.0,-0.0,0.0,0.0,0.0,6.44,7.04,7.0,6.18
2066,34.4333,7.0,45.029,0.356,0.9478,1.97,4.06,3.47,6.704,0.0,0.0,-0.0,0.0,0.0,0.0,7.01,5.78,7.02,7.01
2067,34.45,7.0,45.044,0.357,0.9469,2.06,4.14,3.54,6.751,0.0,0.0,-0.0,0.0,0.0,0.0,7.02,5.95,7.02,7.01
2068,34.4667,7.0,45.06,0.358,0.9463,2.05,4.09,3.55,7.463,0.0,0.0,-0.0,0.0,0.0,0.0,4.71,11.88,6.66,6.61
2069,34.4833,7.0,45.075,0.36,0.9472,1.79,3.9,3.54,6.243,0.0,0.0,-0.0,0.0,0.0,0.0,6.52,5.2,6.89,6.36
2070,34.5,7.0,45.09,0.362,0.9481,1.84,4.03,3.67,6.853,0.0,0.0,-0.0,0.0,0.0,0.0,7.03,6.3,7.04,7.04
2071,34.5167,7.0,45.106,0.364,0.9473,1.98,4.17,3.82,6.693,0.0,0.0,-0.0,0.0,0.0,0.0,7.03,5.71,7.02,7.02
2072,34.5333,7.0,45.121,0.364,0.9472,2.11,4.1,3.82,6.616,0.0,0.0,-0.0,0.0,0.0,0.0,5.59,6.94,7.33,6.61
2073,34.55,7.0,45.137,0.366,0.9467,2.04,4.12,3.86,6.18,0.0,0.0,-0.0,0.0,0.0,0.0,4.21,7.04,7.04,6.43
2074,34.5667,7.0,45.153,0.366,0.9457,2.07,4.23,3.86,6.463,0.0,0.0,-0.0,0.0,0.0,0.0,5.49,6.39,6.98,6.99
2075,34.5833,7.0,45.169,0.367,0.9468,2.13,4.03,3.86,6.855,0.0,0.0,-0.0,0.0,0.0,0.0,6.95,6.7,6.77,7.0
2076,34.6,7.0,45.184,0.368,0.9461,2.17,3.83,3.88,6.896,0.0,0.0,-0.0,0.0,0.0,0.0,7.0,6.59,6.99,7.0
2077,34.6167,7.0,45.2,0.368,0.9442,2.28,3.73,3.88,7.244,0.0,0.0,-0.0,0.0,0.0,0.0,7.02,6.8,8.18,6.99
2078,34.6333,7.0,45.216,0.369,0.9427,2.31,3.43,3.86,7.414,0.0,0.0,-0.0,0.0,0.0,0.0,6.93,7.6,8.15,6.98
2079,34.65,7.0,45.231,0.37,0.9413,2.24,2.94,3.85,7.001,0.0,0.0,-0.0,0.0,0.0,0.0,6.99,6.98,7.02,7.02
2080,34.6667,7.0,45.245,0.372,0.9373,2.22,2.43,3.84,7.733,0.0,0.0,-0.0,0.0,0.0,0.0,6.98,9.55,7.18,7.22
2081,34.6833,7.0,45.26,0.373,0.9308,2.24,1.96,3.86,7.356,0.0,0.0,-0.0,0.0,0.0,0.0,6.98,8.15,7.13,7.16
2082,34.7,7.0,45.27,0.377,0.9307,1.79,0.99,3.8,6.649,0.0,0.0,-0.0,0.0,0.0,0.0,6.0,7.02,6.59,6.98
2083,34.7167,7.0,45.28,0.379,0.929,1.56,0.56,3.85,6.204,0.0,0.0,-0.0,0.0,0.0,0.0,6.98,3.89,6.96,6.98
2084,34.7333,7.0,45.29,0.381,0.9319,1.47,0.35,3.86,5.529,0.0,0.0,-0.0,0.0,0.0,0.0,7.08,5.1,2.82,7.12
2085,34.75,7.0,45.302,0.381,0.9343,1.55,0.18,3.86,3.281,0.0,0.0,-0.0,0.0,0.0,0.0,7.16,4.89,-6.11,7.18
2086,34.7667,7.0,45.315,0.381,0.9361,1.63,-0.08,3.8,6.949,0.0,0.0,-0.0,0.0,0.0,0.0,7.0,6.79,7.01,7.0
2087,34.7833,7.0,45.329,0.38,0.9359,1.77,-0.33,3.76,6.795,0.0,0.0,-0.0,0.0,0.0,0.0,6.99,6.19,7.0,7.0
2088,34.8,7.0,45.343,0.38,0.9358,2.0,-0.39,3.77,5.96,0.0,0.0,-0.0,0.0,0.0,0.0,6.99,6.64,5.84,4.37
2089,34.8167,7.0,45.358,0.379,0.9374,2.13,-0.51,3.75,6.668,0.0,0.0,-0.0,0.0,0.0,0.0,7.1,7.11,6.5,5.96
2090,34.8333,7.0,45.373,0.381,0.9381,2.02,-0.53,3.75,6.744,0.0,0.0,-0.0,0.0,0.0,0.0,6.99,6.99,6.99,6.0
2091,34.85,7.0,45.388,0.383,0.937,1.9,-0.49,3.75,6.602,0.0,0.0,-0.0,0.0,0.0,0.0,7.11,5.08,7.11,7.12
2092,34.8667,7.0,45.403,0.383,0.9359,1.95,-0.27,3.75,7.084,0.0,0.0,-0.0,0.0,0.0,0.0,7.26,6.68,7.34,7.05
2093,34.8833,7.0,45.419,0.385,0.937,1.9,-0.45,3.74,7.003,0.0,0.0,-0.0,0.0,0.0,0.0,6.97,6.84,7.2,7.0
2094,34.9,7.0,45.434,0.386,0.9365,1.78,-0.58,3.71,6.335,0.0,0.0,-0.0,0.0,0.0,0.0,6.84,6.0,6.87,5.63
2095,34.9167,7.0,45.45,0.387,0.9362,1.87,-0.33,3.75,6.677,0.0,0.0,-0.0,0.0,0.0,0.0,7.02,6.2,6.45,7.04
2096,34.9333,7.0,45.466,0.387,0.9371,1.91,-0.37,3.77,6.927,0.0,0.0,-0.0,0.0,0.0,0.0,6.94,7.17,6.63,6.97
2097,34.95,7.0,45.482,0.388,0.937,1.89,-0.48,3.74,6.692,0.0,0.0,-0.0,0.0,0.0,0.0,7.01,6.94,6.6,6.22
2098,34.9667,7.0,45.498,0.39,0.9353,1.7,-0.52,3.67,8.162,0.0,0.0,-0.0,0.0,0.0,0.0,6.61,6.27,6.87,12.9
2099,34.9833,7.0,45.513,0.391,0.935,1.77,-0.14,3.69,6.447,0.0,0.0,-0.0,0.0,0.0,0.0,7.08,5.77,5.89,7.04
2100,35.0,7.0,45.529,0.392,0.9369,1.72,-0.21,3.7,6.828,0.0,0.0,-0.0,0.0,0.0,0.0,7.0,6.53,6.78,7.0
2101,35.0167,7.0,45.545,0.393,0.937,1.71,-0.31,3.7,6.871,0.0,0.0,-0.0,0.0,0.0,0.0,7.02,6.46,7.0,7.0
2102,35.0333,7.0,45.561,0.393,0.9351,1.75,-0.35,3.74,6.598,0.0,0.0,-0.0,0.0,0.0,0.0,6.75,6.41,6.16,7.08
2103,35.05,7.0,45.577,0.394,0.9365,1.79,-0.31,3.76,6.672,0.0,0.0,-0.0,0.0,0.0,0.0,7.01,6.14,6.53,7.01
2104,35.0667,7.0,45.593,0.395,0.9371,1.83,-0.41,3.77,6.824,0.0,0.0,-0.0,0.0,0.0,0.0,7.02,6.85,6.39,7.03
2105,35.0833,7.0,45.608,0.395,0.9358,1.87,-0.51,3.74,6.782,0.0,0.0,-0.0,0.0,0.0,0.0,7.09,7.07,7.09,5.88
2106,35.1,7.0,45.624,0.396,0.9351,1.93,-0.33,3.74,6.765,0.0,0.0,-0.0,0.0,0.0,0.0,7.04,6.49,6.47,7.06
2107,35.1167,7.0,45.64,0.397,0.9372,1.91,-0.39,3.74,6.763,0.0,0.0,-0.0,0.0,0.0,0.0,6.97,6.72,6.41,6.96
2108,35.1333,7.0,45.655,0.397,0.9374,1.92,-0.49,3.72,6.84,0.0,0.0,-0.0,0.0,0.0,0.0,7.01,6.35,7.0,7.0
2109,35.15,7.0,45.671,0.398,0.9355,1.98,-0.56,3.72,6.455,0.0,0.0,-0.0,0.0,0.0,0.0,6.89,5.58,6.37,6.97
2110,35.1667,7.0,45.687,0.398,0.9347,1.99,-0.75,3.7,7.076,0.0,0.0,-0.0,0.0,0.0,0.0,6.97,7.21,7.13,6.99
2111,35.1833,7.0,45.702,0.399,0.9333,1.96,-1.1,3.69,6.173,0.0,0.0,-0.0,0.0,0.0,0.0,7.16,3.6,6.96,6.97
2112,35.2,7.0,45.717,0.401,0.9293,1.99,-1.45,3.7,7.687,0.0,0.0,-0.0,0.0,0.0,0.0,7.1,8.71,7.95,6.98
2113,35.2167,7.0,45.73,0.402,0.9287,1.75,-2.01,3.61,6.628,0.0,0.0,-0.0,0.0,0.0,0.0,6.97,4.01,8.55,6.98
2114,35.2333,7.0,45.739,0.404,0.9346,1.71,-2.27,3.69,6.455,0.0,0.0,-0.0,0.0,0.0,0.0,7.0,5.14,6.68,6.99
2115,35.25,7.0,45.749,0.404,0.9388,1.67,-2.72,3.7,6.875,0.0,0.0,-0.0,0.0,0.0,0.0,6.99,6.6,6.91,7.0
2116,35.2667,7.0,45.76,0.405,0.9416,1.69,-3.24,3.7,5.906,0.0,0.0,-0.0,0.0,0.0,0.0,7.07,6.03,3.46,7.06
2117,35.2833,7.0,45.772,0.405,0.9433,1.78,-3.79,3.69,6.633,0.0,0.0,-0.0,0.0,0.0,0.0,6.97,5.78,6.82,6.96
2118,35.3,7.0,45.784,0.405,0.9459,1.97,-4.07,3.67,6.473,0.0,0.0,-0.0,0.0,0.0,0.0,6.97,4.96,7.15,6.82
2119,35.3167,7.0,45.797,0.405,0.9476,2.06,-4.27,3.66,7.225,0.0,0.0,-0.0,0.0,0.0,0.0,6.98,6.22,8.66,7.03
2120,35.3333,7.0,45.811,0.405,0.9479,2.19,-4.51,3.66,5.731,0.0,0.0,-0.0,0.0,0.0,0.0,6.97,6.35,4.92,4.68
2121,35.35,7.0,45.825,0.406,0.9483,2.01,-4.49,3.56,6.644,0.0,0.0,-0.0,0.0,0.0,0.0,7.01,6.56,6.76,6.25
2122,35.3667,7.0,45.84,0.408,0.95,1.94,-4.41,3.57,7.622,0.0,0.0,-0.0,0.0,0.0,0.0,6.92,6.17,10.38,7.02
2123,35.3833,7.0,45.856,0.409,0.9499,1.98,-4.42,3.6,7.374,0.0,0.0,-0.0,0.0,0.0,0.0,7.07,9.1,6.3,7.03
2124,35.4,7.0,45.871,0.409,0.9483,2.05,-4.46,3.61,5.664,0.0,0.0,-0.0,0.0,0.0,0.0,7.02,6.97,3.66,5.0
2125,35.4167,7.0,45.887,0.412,0.9478,1.75,-4.5,3.61,6.119,0.0,0.0,-0.0,0.0,0.0,0.0,6.95,2.73,6.76,8.04
2126,35.4333,7.0,45.903,0.413,0.9503,1.81,-4.27,3.62,6.949,0.0,0.0,-0.0,0.0,0.0,0.0,7.0,6.72,7.08,7.0
2127,35.45,7.0,45.92,0.414,0.9495,1.86,-4.27,3.64,7.067,0.0,0.0,-0.0,0.0,0.0,0.0,7.0,7.27,7.0,7.0
2128,35.4667,7.0,45.936,0.415,0.9482,1.89,-4.4,3.63,7.272,0.0,0.0,-0.0,0.0,0.0,0.0,6.95,7.25,7.87,7.01
2129,35.4833,7.0,45.951,0.415,0.9501,2.02,-4.46,3.61,6.996,0.0,0.0,-0.0,0.0,0.0,0.0,7.02,6.77,7.2,7.0
2130,35.5,7.0,45.967,0.415,0.9503,2.18,-4.61,3.64,6.851,0.0,0.0,-0.0,0.0,0.0,0.0,7.05,6.37,6.95,7.04
2131,35.5167,7.0,45.982,0.416,0.9493,2.11,-4.53,3.54,6.586,0.0,0.0,-0.0,0.0,0.0,0.0,7.03,7.14,7.03,5.14
2132,35.5333,7.0,45.998,0.418,0.9485,1.84,-4.49,3.54,7.149,0.0,0.0,-0.0,0.0,0.0,0.0,7.01,7.37,7.49,6.73
2133,35.55,7.0,46.014,0.42,0.9502,1.75,-4.25,3.58,6.824,0.0,0.0,-0.0,0.0,0.0,0.0,7.0,6.33,6.97,7.0
2134,35.5667,7.0,46.031,0.422,0.9494,1.68,-4.14,3.6,6.867,0.0,0.0,-0.0,0.0,0.0,0.0,6.99,6.48,7.0,7.0
2135,35.5833,7.0,46.047,0.424,0.9484,1.6,-4.17,3.59,7.141,0.0,0.0,-0.0,0.0,0.0,0.0,6.99,6.91,7.65,7.02
2136,35.6,7.0,46.063,0.425,0.9505,1.64,-4.11,3.57,6.995,0.0,0.0,-0.0,0.0,0.0,0.0,7.01,6.65,7.35,6.97
2137,35.6167,7.0,46.079,0.425,0.9505,1.73,-4.17,3.59,6.936,0.0,0.0,-0.0,0.0,0.0,0.0,6.99,6.75,7.0,7.0
2138,35.6333,7.0,46.095,0.426,0.9484,1.82,-4.26,3.61,8.045,0.0,0.0,-0.0,0.0,0.0,0.0,7.27,9.43,8.3,7.19
2139,35.65,7.0,46.111,0.427,0.9484,1.79,-4.52,3.57,5.781,0.0,0.0,-0.0,0.0,0.0,0.0,6.92,6.0,4.48,5.72
2140,35.6667,7.0,46.126,0.427,0.9505,1.75,-4.18,3.51,6.512,0.0,0.0,-0.0,0.0,0.0,0.0,6.98,6.01,8.38,4.68
2141,35.6833,7.0,46.142,0.429,0.95,1.32,-3.77,3.23,6.477,0.0,0.0,-0.0,0.0,0.0,0.0,6.94,6.24,6.98,5.74
2142,35.7,7.0,46.159,0.431,0.9486,0.8,-3.4,2.98,5.844,0.0,0.0,-0.0,0.0,0.0,0.0,6.95,5.79,4.06,6.58
2143,35.7167,7.0,46.176,0.434,0.9504,0.48,-3.01,2.99,7.104,0.0,0.0,-0.0,0.0,0.0,0.0,6.96,6.28,8.26,6.92
2144,35.7333,7.0,46.193,0.437,0.9503,0.24,-2.75,3.02,6.944,0.0,0.0,-0.0,0.0,0.0,0.0,7.04,6.71,7.02,7.0
2145,35.75,7.0,46.201,0.443,0.9544,-0.4,-2.62,2.68,5.201,0.0,0.0,-0.0,0.0,0.0,0.0,6.84,2.82,4.29,6.85
2146,35.7667,7.0,46.207,0.449,0.9584,-0.86,-2.54,2.63,8.863,0.0,0.0,-0.0,0.0,0.0,0.0,7.04,14.39,6.97,7.05
2147,35.7833,7.0,46.214,0.454,0.9622,-1.39,-2.39,2.69,5.625,0.0,0.0,-0.0,0.0,0.0,0.0,7.06,1.9,6.52,7.02
2148,35.8,7.0,46.221,0.458,0.9676,-1.93,-2.42,2.69,4.385,0.0,0.0,-0.0,0.0,0.0,0.0,6.95,2.8,0.81,6.98
2149,35.8167,7.0,46.229,0.461,0.9734,-2.31,-2.59,2.65,6.337,0.0,0.0,-0.0,0.0,0.0,0.0,7.02,4.76,6.46,7.1
2150,35.8333,7.0,46.238,0.463,0.9792,-2.59,-2.97,2.65,6.473,0.0,0.0,-0.0,0.0,0.0,0.0,7.0,4.74,7.16,6.99
2151,35.85,7.0,46.248,0.465,0.9839,-2.78,-3.4,2.66,6.531,0.0,0.0,-0.0,0.0,0.0,0.0,7.0,5.17,6.97,6.99
2152,35.8667,7.0,46.258,0.466,0.9885,-2.81,-3.75,2.7,6.777,0.0,0.0,-0.0,0.0,0.0,0.0,7.01,5.55,7.56,6.99
2153,35.8833,7.0,46.269,0.466,0.9922,-2.73,-4.17,2.73,6.696,0.0,0.0,-0.0,0.0,0.0,0.0,7.03,5.92,6.83,7.0
2154,35.9,7.0,46.281,0.466,0.9945,-2.62,-4.64,2.76,7.02,0.0,0.0,-0.0,0.0,0.0,0.0,7.02,7.04,7.01,7.0
2155,35.9167,7.0,46.294,0.465,0.9953,-2.45,-5.14,2.78,6.69,0.0,0.0,-0.0,0.0,0.0,0.0,6.92,6.36,6.47,7.02
2156,35.9333,7.0,46.306,0.464,0.9965,-2.16,-5.49,2.79,6.455,0.0,0.0,-0.0,0.0,0.0,0.0,6.95,5.76,6.11,7.0
2157,35.95,7.0,46.319,0.462,0.9975,-1.75,-5.85,2.79,6.994,0.0,0.0,-0.0,0.0,0.0,0.0,6.99,6.87,7.12,7.0
2158,35.9667,7.0,46.332,0.46,0.9977,-1.32,-6.31,2.8,6.627,0.0,0.0,-0.0,0.0,0.0,0.0,6.95,6.11,6.5,6.95
2159,35.9833,7.0,46.346,0.457,0.9962,-0.9,-6.77,2.82,6.787,0.0,0.0,-0.0,0.0,0.0,0.0,7.06,6.51,6.56,7.02
2160,36.0,7.0,46.359,0.454,0.9965,-0.37,-7.17,2.83,6.679,0.0,0.0,-0.0,0.0,0.0,0.0,6.94,6.35,6.47,6.96
2161,36.0167,7.0,46.373,0.451,0.996,0.22,-7.55,2.83,7.053,0.0,0.0,-0.0,0.0,0.0,0.0,7.1,7.49,6.59,7.03
2162,36.0333,7.0,46.386,0.448,0.996,0.71,-8.11,2.81,6.74,0.0,0.0,-0.0,0.0,0.0,0.0,6.93,6.15,6.92,6.97
2163,36.05,7.0,46.399,0.446,0.9951,1.05,-8.42,2.7,5.924,0.0,0.0,-0.0,0.0,0.0,0.0,7.16,6.39,5.45,4.69
2164,36.0667,7.0,46.413,0.445,0.9954,1.03,-8.32,2.54,6.87,0.0,0.0,-0.0,0.0,0.0,0.0,7.21,4.41,6.85,9.01
2165,36.0833,7.0,46.427,0.445,0.9957,1.12,-8.4,2.53,7.092,0.0,0.0,-0.0,0.0,0.0,0.0,6.97,8.06,6.18,7.17
2166,36.1,7.0,46.442,0.445,0.9955,1.15,-8.55,2.48,7.534,0.0,0.0,-0.0,0.0,0.0,0.0,6.8,7.54,9.47,6.33
2167,36.1167,7.0,46.457,0.446,0.9947,0.93,-8.37,2.26,5.961,0.0,0.0,-0.0,0.0,0.0,0.0,6.95,4.71,7.04,5.14
2168,36.1333,7.0,46.473,0.447,0.9958,0.95,-8.18,2.24,6.856,0.0,0.0,-0.0,0.0,0.0,0.0,6.96,6.72,6.77,6.97
2169,36.15,7.0,46.489,0.448,0.9964,0.93,-8.27,2.25,6.964,0.0,0.0,-0.0,0.0,0.0,0.0,7.0,7.0,6.86,6.99
2170,36.1667,7.0,46.505,0.449,0.9948,0.94,-8.38,2.28,6.451,0.0,0.0,-0.0,0.0,0.0,0.0,6.85,6.18,5.88,6.89
2171,36.1833,7.0,46.521,0.449,0.9941,0.99,-8.17,2.24,4.955,0.0,0.0,-0.0,0.0,0.0,0.0,7.1,6.06,0.27,6.39
2172,36.2,7.0,46.537,0.449,0.9961,0.95,-8.2,2.25,7.027,0.0,0.0,-0.0,0.0,0.0,0.0,7.0,7.14,6.97,7.0
2173,36.2167,7.0,46.554,0.45,0.996,0.92,-8.33,2.27,7.057,0.0,0.0,-0.0,0.0,0.0,0.0,6.98,7.3,6.98,6.97
2174,36.2333,7.0,46.57,0.451,0.9943,0.92,-8.28,2.3,5.954,0.0,0.0,-0.0,0.0,0.0,0.0,7.02,4.64,6.83,5.32
2175,36.25,7.0,46.586,0.452,0.9962,0.81,-8.06,2.31,5.422,0.0,0.0,-0.0,0.0,0.0,0.0,6.83,6.06,4.14,4.66
2176,36.2667,7.0,46.601,0.456,0.997,0.11,-7.5,2.25,6.753,0.0,0.0,-0.0,0.0,0.0,0.0,6.96,6.96,7.24,5.85
2177,36.2833,7.0,46.616,0.461,0.9964,-0.64,-7.03,2.2,6.732,0.0,0.0,-0.0,0.0,0.0,0.0,6.92,6.95,6.99,6.06
2178,36.3,7.0,46.631,0.465,0.9957,-1.14,-6.42,2.26,6.548,0.0,0.0,-0.0,0.0,0.0,0.0,7.02,4.54,7.04,7.59
2179,36.3167,7.0,46.648,0.469,0.9982,-1.56,-6.16,2.25,3.957,0.0,0.0,-0.0,0.0,0.0,0.0,6.97,-7.68,4.16,12.38
2180,36.3333,7.0,46.663,0.471,1.0019,-1.65,-5.63,2.42,6.605,0.0,0.0,-0.0,0.0,0.0,0.0,6.98,5.28,6.97,7.19
2181,36.35,7.0,46.679,0.473,1.0044,-1.65,-5.18,2.56,7.787,0.0,0.0,-0.0,0.0,0.0,0.0,7.0,10.13,7.02,7.0
2182,36.3667,7.0,46.695,0.474,1.0073,-1.66,-4.89,2.55,6.688,0.0,0.0,-0.0,0.0,0.0,0.0,6.9,6.67,6.22,6.96
2183,36.3833,7.0,46.702,0.479,1.0151,-2.3,-5.05,2.24,7.05,0.0,0.0,-0.0,0.0,0.0,0.0,7.01,7.76,6.42,7.01
2184,36.4,7.0,46.709,0.484,1.0214,-2.68,-5.32,2.26,6.841,0.0,0.0,-0.0,0.0,0.0,0.0,6.99,6.39,6.99,7.0
2185,36.4167,7.0,46.716,0.488,1.0268,-3.05,-5.56,2.4,6.99,0.0,0.0,-0.0,0.0,0.0,0.0,6.87,4.69,9.5,6.91
2186,36.4333,7.0,46.724,0.491,1.0332,-3.36,-5.92,2.43,6.425,0.0,0.0,-0.0,0.0,0.0,0.0,7.0,4.64,7.06,7.0
2187,36.45,7.0,46.733,0.493,1.0385,-3.51,-6.34,2.53,6.997,0.0,0.0,-0.0,0.0,0.0,0.0,7.01,6.96,7.0,7.02
2188,36.4667,7.0,46.743,0.494,1.0427,-3.56,-6.8,2.61,6.709,0.0,0.0,-0.0,0.0,0.0,0.0,7.0,5.55,7.28,7.01
2189,36.4833,7.0,46.753,0.495,1.0458,-3.55,-7.33,2.64,6.985,0.0,0.0,-0.0,0.0,0.0,0.0,7.05,6.85,7.07,6.97
2190,36.5,7.0,46.765,0.495,1.0475,-3.49,-7.89,2.7,6.781,0.0,0.0,-0.0,0.0,0.0,0.0,6.97,6.6,6.56,6.99
2191,36.5167,7.0,46.776,0.493,1.0502,-3.22,-8.27,2.72,6.753,0.0,0.0,-0.0,0.0,0.0,0.0,7.0,6.22,6.79,7.0
2192,36.5333,7.0,46.788,0.492,1.0518,-2.87,-8.72,2.74,8.304,0.0,0.0,-0.0,0.0,0.0,0.0,6.85,6.75,12.62,7.0
2193,36.55,7.0,46.801,0.49,1.0521,-2.49,-9.25,2.74,6.981,0.0,0.0,-0.0,0.0,0.0,0.0,6.94,7.1,6.91,6.97
2194,36.5667,7.0,46.814,0.488,1.0507,-2.08,-9.82,2.72,6.934,0.0,0.0,-0.0,0.0,0.0,0.0,6.95,6.96,6.84,6.98
2195,36.5833,7.0,46.827,0.485,1.0507,-1.52,-10.15,2.74,6.846,0.0,0.0,-0.0,0.0,0.0,0.0,6.94,6.29,7.19,6.97
2196,36.6,7.0,46.84,0.481,1.0494,-0.86,-10.5,2.74,6.769,0.0,0.0,-0.0,0.0,0.0,0.0,6.98,6.51,6.63,6.96
2197,36.6167,7.0,46.853,0.478,1.0489,-0.33,-11.06,2.73,5.299,0.0,0.0,-0.0,0.0,0.0,0.0,6.62,2.84,5.53,6.21
2198,36.6333,7.0,46.867,0.477,1.0487,-0.21,-11.29,2.76,6.829,0.0,0.0,-0.0,0.0,0.0,0.0,6.89,6.88,8.34,5.21
2199,36.65,7.0,46.881,0.478,1.0494,-0.22,-11.13,2.74,6.801,0.0,0.0,-0.0,0.0,0.0,0.0,7.03,6.46,8.49,5.23
2200,36.6667,7.0,46.896,0.479,1.0491,-0.28,-11.01,2.71,6.641,0.0,0.0,-0.0,0.0,0.0,0.0,7.02,6.6,7.02,5.93
2201,36.6833,7.0,46.912,0.48,1.0489,-0.36,-11.16,2.72,7.148,0.0,0.0,-0.0,0.0,0.0,0.0,7.0,7.62,6.78,7.19
2202,36.7,7.0,46.927,0.481,1.0493,-0.31,-11.14,2.73,6.617,0.0,0.0,-0.0,0.0,0.0,0.0,7.05,5.76,6.79,6.87
2203,36.7167,7.0,46.943,0.481,1.0492,-0.24,-11.02,2.72,7.201,0.0,0.0,-0.0,0.0,0.0,0.0,6.99,9.3,7.06,5.46
2204,36.7333,7.0,46.959,0.482,1.0493,-0.32,-11.03,2.7,7.025,0.0,0.0,-0.0,0.0,0.0,0.0,7.01,7.26,6.8,7.02
2205,36.75,7.0,46.975,0.483,1.0485,-0.37,-11.22,2.69,6.695,0.0,0.0,-0.0,0.0,0.0,0.0,6.95,6.13,6.76,6.94
2206,36.7667,7.0,46.991,0.484,1.0493,-0.18,-11.18,2.8,6.234,0.0,0.0,-0.0,0.0,0.0,0.0,6.82,5.78,7.35,4.98
2207,36.7833,7.0,47.007,0.484,1.0492,-0.2,-11.02,2.82,6.838,0.0,0.0,-0.0,0.0,0.0,0.0,7.09,7.09,5.29,7.88
2208,36.8,7.0,47.022,0.486,1.0491,-0.41,-11.11,2.83,6.729,0.0,0.0,-0.0,0.0,0.0,0.0,6.98,7.0,6.49,6.44
2209,36.8167,7.0,47.038,0.488,1.0495,-0.54,-10.96,2.84,6.558,0.0,0.0,-0.0,0.0,0.0,0.0,7.03,5.96,6.27,6.97
2210,36.8333,7.0,47.052,0.49,1.051,-1.05,-10.2,2.54,6.541,0.0,0.0,-0.0,0.0,0.0,0.0,7.01,7.01,7.37,4.78
2211,36.85,7.0,47.065,0.495,1.0529,-1.83,-9.59,2.41,6.576,0.0,0.0,-0.0,0.0,0.0,0.0,6.89,6.98,6.4,6.03
2212,36.8667,7.0,47.078,0.501,1.0543,-2.8,-9.1,2.37,6.614,0.0,0.0,-0.0,0.0,0.0,0.0,6.89,6.97,6.97,5.62
2213,36.8833,7.0,47.091,0.506,1.0555,-3.68,-8.53,2.23,6.194,0.0,0.0,-0.0,0.0,0.0,0.0,6.85,4.44,6.95,6.53
2214,36.9,7.0,47.106,0.511,1.0569,-4.42,-7.98,2.16,7.305,0.0,0.0,-0.0,0.0,0.0,0.0,6.92,6.8,6.99,8.52
2215,36.9167,7.0,47.121,0.516,1.0579,-5.05,-7.43,2.06,7.134,0.0,0.0,-0.0,0.0,0.0,0.0,6.56,2.55,7.62,11.81
2216,36.9333,7.0,47.135,0.52,1.0588,-5.13,-6.63,2.2,5.228,0.0,0.0,-0.0,0.0,0.0,0.0,5.02,-6.29,15.37,6.8
2217,36.95,7.0,47.147,0.521,1.0629,-5.53,-5.85,2.61,6.571,0.0,0.0,-0.0,0.0,0.0,0.0,6.76,6.82,5.87,6.84
2218,36.9667,7.0,47.161,0.521,1.0645,-5.93,-5.4,2.97,5.151,0.0,0.0,-0.0,0.0,0.0,0.0,7.01,7.05,-0.44,6.99
2219,36.9833,7.0,47.174,0.522,1.0671,-5.87,-5.08,2.98,6.737,0.0,0.0,-0.0,0.0,0.0,0.0,6.93,6.5,6.55,6.97
2220,37.0,7.0,47.189,0.521,1.0693,-5.66,-4.84,2.97,7.039,0.0,0.0,-0.0,0.0,0.0,0.0,7.0,7.13,7.01,7.01
2221,37.0167,7.0,47.203,0.521,1.0697,-5.4,-4.6,2.99,7.408,0.0,0.0,-0.0,0.0,0.0,0.0,7.0,8.59,7.02,7.02
2222,37.0333,7.0,47.215,0.52,1.075,-5.45,-4.87,2.73,5.976,0.0,0.0,-0.0,0.0,0.0,0.0,7.09,5.08,4.67,7.07
2223,37.05,7.0,47.223,0.522,1.0807,-5.6,-5.46,2.8,6.59,0.0,0.0,-0.0,0.0,0.0,0.0,7.0,5.01,7.35,7.01
2224,37.0667,7.0,47.232,0.524,1.0854,-5.65,-6.05,2.89,6.12,0.0,0.0,-0.0,0.0,0.0,0.0,6.92,3.92,6.7,6.93
2225,37.0833,7.0,47.241,0.525,1.0905,-5.56,-6.56,3.04,6.653,0.0,0.0,-0.0,0.0,0.0,0.0,6.96,5.56,7.11,6.98
2226,37.1,7.0,47.25,0.525,1.0943,-5.4,-7.1,3.17,6.607,0.0,0.0,-0.0,0.0,0.0,0.0,6.99,5.4,7.05,6.99
2227,37.1167,7.0,47.261,0.525,1.0965,-5.18,-7.62,3.28,5.78,0.0,0.0,-0.0,0.0,0.0,0.0,7.05,5.03,4.03,7.01
2228,37.1333,7.0,47.272,0.524,1.0976,-4.96,-8.18,3.31,6.008,0.0,0.0,-0.0,0.0,0.0,0.0,7.05,6.23,3.71,7.05
2229,37.15,7.0,47.283,0.522,1.0991,-4.62,-8.66,3.34,7.481,0.0,0.0,-0.0,0.0,0.0,0.0,6.93,4.78,11.27,6.95
2230,37.1667,7.0,47.295,0.52,1.1005,-4.14,-9.14,3.42,6.686,0.0,0.0,-0.0,0.0,0.0,0.0,6.97,6.3,6.5,6.98
2231,37.1833,7.0,47.307,0.518,1.1015,-3.85,-9.29,3.37,6.595,0.0,0.0,-0.0,0.0,0.0,0.0,7.2,7.23,7.28,4.67
2232,37.2,7.0,47.32,0.518,1.1024,-3.79,-9.29,3.4,6.843,0.0,0.0,-0.0,0.0,0.0,0.0,6.96,6.96,6.29,7.17
2233,37.2167,7.0,47.333,0.52,1.1028,-3.83,-9.46,3.46,6.897,0.0,0.0,-0.0,0.0,0.0,0.0,7.0,7.0,7.16,6.43
2234,37.2333,7.0,47.348,0.521,1.1017,-3.83,-9.62,3.54,6.359,0.0,0.0,-0.0,0.0,0.0,0.0,6.99,4.62,6.95,6.87
2235,37.25,7.0,47.362,0.523,1.1013,-3.91,-9.32,3.62,6.688,0.0,0.0,-0.0,0.0,0.0,0.0,7.03,7.05,6.78,5.9
2236,37.2667,7.0,47.378,0.525,1.0993,-4.09,-9.14,3.72,6.785,0.0,0.0,-0.0,0.0,0.0,0.0,7.01,7.01,7.02,6.09
2237,37.2833,7.0,47.393,0.527,1.1019,-4.22,-9.23,3.71,6.532,0.0,0.0,-0.0,0.0,0.0,0.0,7.0,5.93,6.2,7.0
2238,37.3,7.0,47.409,0.528,1.1011,-4.2,-9.22,3.73,6.121,0.0,0.0,-0.0,0.0,0.0,0.0,6.93,3.67,6.94,6.94
2239,37.3167,7.0,47.425,0.529,1.0984,-4.13,-9.23,3.77,7.047,0.0,0.0,-0.0,0.0,0.0,0.0,7.05,6.99,7.13,7.01
2240,37.3333,7.0,47.44,0.53,1.101,-4.18,-9.34,3.81,6.938,0.0,0.0,-0.0,0.0,0.0,0.0,7.07,6.35,7.02,7.32
2241,37.35,7.0,47.456,0.53,1.1011,-3.91,-9.49,3.84,6.688,0.0,0.0,-0.0,0.0,0.0,0.0,7.02,6.32,6.46,6.95
2242,37.3667,7.0,47.472,0.53,1.1013,-3.92,-9.28,3.73,6.693,0.0,0.0,-0.0,0.0,0.0,0.0,6.99,6.99,6.99,5.82
2243,37.3833,7.0,47.488,0.531,1.1011,-4.07,-9.31,3.78,7.01,0.0,0.0,-0.0,0.0,0.0,0.0,7.0,7.0,6.75,7.29
2244,37.4,7.0,47.504,0.532,1.1013,-4.1,-9.28,3.79,6.59,0.0,0.0,-0.0,0.0,0.0,0.0,7.01,5.99,6.37,6.99
2245,37.4167,7.0,47.52,0.533,1.101,-4.04,-9.37,3.78,7.042,0.0,0.0,-0.0,0.0,0.0,0.0,6.97,7.17,7.04,6.99
2246,37.4333,7.0,47.536,0.534,1.1005,-4.16,-9.29,3.76,6.757,0.0,0.0,-0.0,0.0,0.0,0.0,7.0,7.02,6.17,6.84
2247,37.45,7.0,47.551,0.537,1.1015,-4.49,-8.96,3.68,6.496,0.0,0.0,-0.0,0.0,0.0,0.0,7.0,7.03,4.38,7.56
2248,37.4667,7.0,47.562,0.543,1.1031,-5.43,-8.18,3.51,6.549,0.0,0.0,-0.0,0.0,0.0,0.0,6.89,6.98,7.0,5.33
2249,37.4833,7.0,47.573,0.549,1.1032,-6.44,-7.58,3.4,6.475,0.0,0.0,-0.0,0.0,0.0,0.0,6.89,6.98,7.0,5.02
2250,37.5,7.0,47.585,0.554,1.103,-7.1,-6.96,3.37,5.773,0.0,0.0,-0.0,0.0,0.0,0.0,6.81,2.5,6.93,6.86
2251,37.5167,7.0,47.598,0.559,1.1033,-7.74,-6.26,3.29,8.764,0.0,0.0,-0.0,0.0,0.0,0.0,7.17,4.01,7.2,16.67
2252,37.5333,7.0,47.612,0.564,1.1032,-8.41,-5.64,3.15,6.309,0.0,0.0,-0.0,0.0,0.0,0.0,6.99,5.47,7.03,5.74
2253,37.55,7.0,47.628,0.568,1.1026,-9.16,-5.13,2.94,9.218,0.0,0.0,-0.0,0.0,0.0,0.0,7.11,4.87,4.85,20.05
2254,37.5667,7.0,47.643,0.572,1.1039,-9.66,-4.47,2.97,5.673,0.0,0.0,-0.0,0.0,0.0,0.0,7.27,4.03,4.2,7.19
2255,37.5833,7.0,47.657,0.574,1.1069,-9.68,-3.74,2.91,6.667,0.0,0.0,-0.0,0.0,0.0,0.0,6.98,5.08,7.62,6.99
2256,37.6,7.0,47.672,0.575,1.1097,-9.66,-3.16,2.85,6.284,0.0,0.0,-0.0,0.0,0.0,0.0,6.91,5.28,5.98,6.96
2257,37.6167,7.0,47.688,0.577,1.115,-9.7,-2.95,2.84,6.369,0.0,0.0,-0.0,0.0,0.0,0.0,7.0,6.14,5.35,6.99
2258,37.6333,7.0,47.703,0.578,1.1171,-9.62,-2.66,2.81,7.919,0.0,0.0,-0.0,0.0,0.0,0.0,7.07,11.14,6.47,7.0
2259,37.65,7.0,47.72,0.578,1.1177,-9.48,-2.37,2.75,6.296,0.0,0.0,-0.0,0.0,0.0,0.0,7.11,6.11,4.86,7.1
2260,37.6667,7.0,47.736,0.579,1.1202,-9.45,-2.46,2.74,6.867,0.0,0.0,-0.0,0.0,0.0,0.0,7.0,6.88,6.59,7.0
2261,37.6833,7.0,47.752,0.58,1.1204,-9.36,-2.55,2.72,7.023,0.0,0.0,-0.0,0.0,0.0,0.0,7.0,7.1,7.0,7.0
2262,37.7,7.0,47.767,0.58,1.1226,-9.33,-2.61,2.72,7.117,0.0,0.0,-0.0,0.0,0.0,0.0,7.07,6.33,8.01,7.06
2263,37.7167,7.0,47.78,0.582,1.1263,-9.39,-2.96,2.79,7.079,0.0,0.0,-0.0,0.0,0.0,0.0,7.01,6.82,7.47,7.02
2264,37.7333,7.0,47.793,0.584,1.1284,-9.43,-3.32,2.95,6.686,0.0,0.0,-0.0,0.0,0.0,0.0,7.0,5.77,6.98,7.0
2265,37.75,7.0,47.807,0.585,1.1287,-9.41,-3.66,3.12,6.738,0.0,0.0,-0.0,0.0,0.0,0.0,7.0,5.96,6.99,7.0
2266,37.7667,7.0,47.821,0.585,1.1302,-9.21,-3.69,3.24,6.106,0.0,0.0,-0.0,0.0,0.0,0.0,6.95,5.95,4.45,7.08
2267,37.7833,7.0,47.835,0.585,1.1315,-9.03,-3.94,3.24,6.801,0.0,0.0,-0.0,0.0,0.0,0.0,7.0,6.95,6.26,6.99
2268,37.8,7.0,47.85,0.585,1.131,-8.86,-4.2,3.29,6.768,0.0,0.0,-0.0,0.0,0.0,0.0,6.95,6.73,6.36,7.04
2269,37.8167,7.0,47.864,0.584,1.1289,-8.67,-4.46,3.34,6.883,0.0,0.0,-0.0,0.0,0.0,0.0,7.0,6.52,7.01,7.0
2270,37.8333,7.0,47.879,0.582,1.1296,-8.28,-4.47,3.36,6.718,0.0,0.0,-0.0,0.0,0.0,0.0,7.02,5.97,6.87,7.01
2271,37.85,7.0,47.894,0.581,1.1313,-7.96,-4.88,3.37,5.988,0.0,0.0,-0.0,0.0,0.0,0.0,6.75,3.53,6.33,7.34
2272,37.8667,7.0,47.909,0.58,1.1314,-7.8,-4.99,3.33,6.613,0.0,0.0,-0.0,0.0,0.0,0.0,7.14,7.12,7.15,5.04
2273,37.8833,7.0,47.924,0.58,1.1305,-7.67,-5.1,3.34,6.185,0.0,0.0,-0.0,0.0,0.0,0.0,6.99,5.84,5.53,6.37
2274,37.9,7.0,47.94,0.581,1.1325,-7.7,-4.86,3.35,6.699,0.0,0.0,-0.0,0.0,0.0,0.0,6.99,6.98,6.22,6.6
2275,37.9167,7.0,47.956,0.582,1.1323,-7.8,-4.91,3.39,7.024,0.0,0.0,-0.0,0.0,0.0,0.0,7.0,6.99,6.73,7.37
2276,37.9333,7.0,47.972,0.584,1.1299,-7.93,-5.02,3.43,6.882,0.0,0.0,-0.0,0.0,0.0,0.0,6.98,6.98,6.98,6.59
2277,37.95,7.0,47.988,0.584,1.1299,-7.92,-4.73,3.4,6.544,0.0,0.0,-0.0,0.0,0.0,0.0,6.97,5.56,6.73,6.91
2278,37.9667,7.0,48.004,0.585,1.1314,-7.98,-4.81,3.44,7.026,0.0,0.0,-0.0,0.0,0.0,0.0,7.0,7.24,6.86,7.0
2279,37.9833,7.0,48.02,0.587,1.1306,-8.03,-4.92,3.51,7.003,0.0,0.0,-0.0,0.0,0.0,0.0,6.96,6.96,7.05,7.04
2280,38.0,7.0,48.036,0.587,1.1275,-8.02,-5.01,3.6,6.692,0.0,0.0,-0.0,0.0,0.0,0.0,7.0,6.2,7.0,6.57
2281,38.0167,7.0,48.053,0.587,1.1296,-7.88,-4.66,3.58,7.212,0.0,0.0,-0.0,0.0,0.0,0.0,6.99,8.04,6.7,7.12
2282,38.0333,7.0,48.07,0.589,1.1306,-8.06,-4.77,3.62,7.128,0.0,0.0,-0.0,0.0,0.0,0.0,6.99,7.5,7.04,6.98
2283,38.05,7.0,48.087,0.591,1.1285,-8.14,-4.82,3.67,6.865,0.0,0.0,-0.0,0.0,0.0,0.0,6.99,6.48,7.0,6.99
2284,38.0667,7.0,48.101,0.594,1.1294,-8.84,-3.79,3.4,6.396,0.0,0.0,-0.0,0.0,0.0,0.0,7.02,7.26,5.43,5.87
2285,38.0833,7.0,48.114,0.6,1.1306,-9.68,-3.27,3.34,5.078,0.0,0.0,-0.0,0.0,0.0,0.0,6.93,7.02,-0.4,6.76
2286,38.1,7.0,48.129,0.607,1.1304,-10.56,-2.83,3.23,6.699,0.0,0.0,-0.0,0.0,0.0,0.0,6.88,7.0,6.97,5.94
2287,38.1167,7.0,48.143,0.613,1.1288,-11.48,-2.44,3.17,6.902,0.0,0.0,-0.0,0.0,0.0,0.0,-1.1,16.26,7.26,5.19
2288,38.1333,7.0,48.159,0.62,1.1323,-11.83,-1.86,3.39,6.302,0.0,0.0,-0.0,0.0,0.0,0.0,7.02,4.26,6.97,6.96
2289,38.15,7.0,48.174,0.623,1.1372,-12.02,-2.02,3.35,6.071,0.0,0.0,-0.0,0.0,0.0,0.0,3.57,6.8,6.97,6.94
2290,38.1667,7.0,48.188,0.626,1.1404,-12.13,-1.56,3.23,6.164,0.0,0.0,-0.0,0.0,0.0,0.0,6.12,4.59,6.98,6.96
2291,38.1833,7.0,48.202,0.628,1.1424,-12.16,-1.12,3.19,6.975,0.0,0.0,-0.0,0.0,0.0,0.0,6.98,6.94,7.0,6.98
2292,38.2,7.0,48.216,0.628,1.145,-12.0,-0.97,3.15,6.229,0.0,0.0,-0.0,0.0,0.0,0.0,5.24,5.72,6.99,6.97
2293,38.2167,7.0,48.231,0.628,1.1456,-11.81,-0.78,3.13,6.832,0.0,0.0,-0.0,0.0,0.0,0.0,7.11,6.19,7.02,7.01
2294,38.2333,7.0,48.247,0.628,1.1445,-11.56,-0.61,3.13,6.816,0.0,0.0,-0.0,0.0,0.0,0.0,6.89,6.31,7.03,7.04
2295,38.25,7.0,48.263,0.626,1.1434,-11.15,-0.51,3.11,6.576,0.0,0.0,-0.0,0.0,0.0,0.0,5.94,6.37,6.99,7.01
2296,38.2667,7.0,48.279,0.623,1.141,-10.67,-0.55,3.16,7.029,0.0,0.0,-0.0,0.0,0.0,0.0,7.07,6.94,7.05,7.06
2297,38.2833,7.0,48.296,0.621,1.1385,-10.26,-0.77,3.19,7.18,0.0,0.0,-0.0,0.0,0.0,0.0,6.95,7.26,7.53,6.99
2298,38.3,7.0,48.311,0.623,1.1402,-10.45,-0.84,3.2,6.787,0.0,0.0,-0.0,0.0,0.0,0.0,6.99,7.02,6.58,6.57
2299,38.3167,7.0,48.327,0.625,1.1405,-10.47,-0.72,3.21,6.47,0.0,0.0,-0.0,0.0,0.0,0.0,6.98,6.48,5.46,6.96
2300,38.3333,7.0,48.343,0.626,1.1398,-10.48,-0.65,3.16,6.806,0.0,0.0,-0.0,0.0,0.0,0.0,7.0,6.22,7.0,7.0
2301,38.35,7.0,48.36,0.627,1.139,-10.56,-0.79,3.18,7.052,0.0,0.0,-0.0,0.0,0.0,0.0,6.99,7.12,7.09,7.01
2302,38.3667,7.0,48.376,0.627,1.1407,-10.5,-0.68,3.17,6.867,0.0,0.0,-0.0,0.0,0.0,0.0,7.0,7.05,6.42,6.99
2303,38.3833,7.0,48.392,0.628,1.1404,-10.38,-0.68,3.18,6.817,0.0,0.0,-0.0,0.0,0.0,0.0,6.94,6.32,7.0,7.0
2304,38.4,7.0,48.409,0.628,1.139,-10.31,-0.78,3.17,7.566,0.0,0.0,-0.0,0.0,0.0,0.0,6.94,8.29,8.1,6.93
2305,38.4167,7.0,48.425,0.631,1.1385,-10.52,-0.86,3.19,6.832,0.0,0.0,-0.0,0.0,0.0,0.0,7.01,6.9,6.73,6.69
2306,38.4333,7.0,48.441,0.632,1.1402,-10.54,-0.56,3.18,7.04,0.0,0.0,-0.0,0.0,0.0,0.0,6.81,6.88,7.44,7.02
2307,38.45,7.0,48.458,0.633,1.1396,-10.52,-0.52,3.2,7.205,0.0,0.0,-0.0,0.0,0.0,0.0,7.42,7.41,6.99,6.99
2308,38.4667,7.0,48.475,0.634,1.1389,-10.56,-0.69,3.24,6.837,0.0,0.0,-0.0,0.0,0.0,0.0,6.8,7.23,6.42,6.9
2309,38.4833,7.0,48.49,0.635,1.14,-10.46,-0.62,3.26,6.944,0.0,0.0,-0.0,0.0,0.0,0.0,7.02,6.96,6.82,6.97
2310,38.5,7.0,48.506,0.635,1.1397,-10.4,-0.59,3.27,6.276,0.0,0.0,-0.0,0.0,0.0,0.0,6.92,4.31,6.93,6.95
2311,38.5167,7.0,48.522,0.636,1.1383,-10.35,-0.64,3.26,7.466,0.0,0.0,-0.0,0.0,0.0,0.0,7.12,7.99,7.76,6.99
2312,38.5333,7.0,48.538,0.637,1.1374,-10.48,-0.83,3.28,6.844,0.0,0.0,-0.0,0.0,0.0,0.0,7.06,6.97,6.86,6.48
2313,38.55,7.0,48.554,0.638,1.1391,-10.45,-0.56,3.3,7.192,0.0,0.0,-0.0,0.0,0.0,0.0,7.37,7.55,7.05,6.79
2314,38.5667,7.0,48.571,0.638,1.1386,-10.4,-0.51,3.32,8.612,0.0,0.0,-0.0,0.0,0.0,0.0,10.35,9.05,7.86,7.2
2315,38.5833,7.0,48.587,0.639,1.1384,-10.44,-0.72,3.36,7.393,0.0,0.0,-0.0,0.0,0.0,0.0,7.04,7.76,7.78,7.0
2316,38.6,7.0,48.603,0.64,1.1392,-10.33,-0.64,3.38,7.052,0.0,0.0,-0.0,0.0,0.0,0.0,7.03,7.73,6.34,7.1
2317,38.6167,7.0,48.619,0.64,1.1388,-10.21,-0.6,3.38,6.998,0.0,0.0,-0.0,0.0,0.0,0.0,7.09,6.79,7.05,7.05
2318,38.6333,7.0,48.635,0.641,1.1385,-10.19,-0.75,3.42,7.033,0.0,0.0,-0.0,0.0,0.0,0.0,7.0,6.85,7.28,7.01
2319,38.65,7.0,48.65,0.642,1.1386,-10.48,-0.63,3.33,4.45,0.0,0.0,-0.0,0.0,0.0,0.0,2.38,5.4,5.69,4.33
2320,38.6667,7.0,48.664,0.646,1.1415,-10.75,-0.53,3.2,6.734,0.0,0.0,-0.0,0.0,0.0,0.0,6.9,8.25,6.89,4.89
2321,38.6833,7.0,48.679,0.65,1.1434,-11.12,-0.47,3.32,6.819,0.0,0.0,-0.0,0.0,0.0,0.0,6.98,7.0,7.0,6.3
2322,38.7,7.0,48.694,0.654,1.143,-11.54,-0.45,3.38,5.445,0.0,0.0,-0.0,0.0,0.0,0.0,6.92,2.42,6.94,5.5
2323,38.7167,7.0,48.708,0.656,1.1461,-11.6,-0.56,3.38,6.344,0.0,0.0,-0.0,0.0,0.0,0.0,5.16,6.28,7.02,6.93
2324,38.7333,7.0,48.723,0.657,1.1467,-11.57,-0.46,3.38,6.675,0.0,0.0,-0.0,0.0,0.0,0.0,6.98,5.68,7.02,7.02
2325,38.75,7.0,48.739,0.658,1.1462,-11.46,-0.16,3.46,6.858,0.0,0.0,-0.0,0.0,0.0,0.0,7.0,6.42,7.01,7.01
2326,38.7667,7.0,48.754,0.658,1.1464,-11.19,-0.15,3.46,6.912,0.0,0.0,-0.0,0.0,0.0,0.0,5.68,6.1,7.01,8.85
2327,38.7833,7.0,48.77,0.657,1.1461,-10.86,-0.06,3.47,6.689,0.0,0.0,-0.0,0.0,0.0,0.0,6.99,6.6,7.0,6.17
2328,38.8,7.0,48.787,0.657,1.1448,-10.7,0.11,3.45,6.94,0.0,0.0,-0.0,0.0,0.0,0.0,7.43,6.99,6.98,6.36
2329,38.8167,7.0,48.804,0.658,1.1451,-10.76,0.38,3.42,6.875,0.0,0.0,-0.0,0.0,0.0,0.0,6.73,7.0,7.0,6.77
2330,38.8333,7.0,48.821,0.659,1.143,-10.86,0.43,3.39,6.987,0.0,0.0,-0.0,0.0,0.0,0.0,7.09,7.03,7.03,6.79
2331,38.85,7.0,48.839,0.66,1.1398,-10.77,0.78,3.44,6.792,0.0,0.0,-0.0,0.0,0.0,0.0,7.05,6.05,7.04,7.02
2332,38.8667,7.0,48.857,0.661,1.1364,-10.91,1.24,3.34,6.785,0.0,0.0,-0.0,0.0,0.0,0.0,6.79,7.13,7.02,6.21
2333,38.8833,7.0,48.875,0.663,1.1354,-10.95,1.29,3.35,6.892,0.0,0.0,-0.0,0.0,0.0,0.0,6.44,7.0,6.98,7.16
2334,38.9,7.0,48.892,0.663,1.1351,-10.8,1.4,3.41,6.808,0.0,0.0,-0.0,0.0,0.0,0.0,6.5,6.64,7.06,7.03
2335,38.9167,7.0,48.909,0.664,1.1343,-10.74,1.6,3.4,6.506,0.0,0.0,-0.0,0.0,0.0,0.0,5.44,7.05,7.04,6.49
2336,38.9333,7.0,48.926,0.666,1.1327,-10.79,1.76,3.35,6.875,0.0,0.0,-0.0,0.0,0.0,0.0,6.99,7.02,7.03,6.46
2337,38.95,7.0,48.943,0.666,1.1346,-10.69,1.39,3.36,7.193,0.0,0.0,-0.0,0.0,0.0,0.0,7.67,7.01,7.01,7.08
2338,38.9667,7.0,48.959,0.667,1.1333,-10.63,1.49,3.4,6.262,0.0,0.0,-0.0,0.0,0.0,0.0,6.08,5.82,7.06,6.1
2339,38.9833,7.0,48.976,0.669,1.1325,-10.78,1.73,3.36,6.79,0.0,0.0,-0.0,0.0,0.0,0.0,6.53,7.03,7.01,6.6
2340,39.0,7.0,48.993,0.669,1.1345,-10.74,1.4,3.38,7.292,0.0,0.0,-0.0,0.0,0.0,0.0,7.65,7.03,7.03,7.45
2341,39.0167,7.0,49.009,0.671,1.1339,-10.6,1.4,3.49,6.767,0.0,0.0,-0.0,0.0,0.0,0.0,6.98,5.99,7.01,7.09
2342,39.0333,7.0,49.025,0.672,1.1331,-10.66,1.66,3.45,6.415,0.0,0.0,-0.0,0.0,0.0,0.0,5.09,7.0,7.01,6.57
2343,39.05,7.0,49.042,0.673,1.1347,-10.63,1.46,3.47,7.157,0.0,0.0,-0.0,0.0,0.0,0.0,7.61,7.03,7.03,6.95
2344,39.0667,7.0,49.058,0.674,1.1337,-10.56,1.38,3.53,7.071,0.0,0.0,-0.0,0.0,0.0,0.0,7.06,7.21,7.03,6.99
2345,39.0833,7.0,49.074,0.675,1.1325,-10.53,1.51,3.5,8.478,0.0,0.0,-0.0,0.0,0.0,0.0,6.5,16.16,6.85,4.4
2346,39.1,7.0,49.091,0.677,1.1314,-10.74,1.7,3.48,6.879,0.0,0.0,-0.0,0.0,0.0,0.0,6.69,7.01,7.01,6.81
2347,39.1167,7.0,49.107,0.678,1.134,-10.73,1.26,3.5,7.207,0.0,0.0,-0.0,0.0,0.0,0.0,7.55,6.98,7.0,7.29
2348,39.1333,7.0,49.123,0.68,1.1337,-10.57,1.38,3.68,6.784,0.0,0.0,-0.0,0.0,0.0,0.0,7.04,6.03,7.04,7.03
2349,39.15,7.0,49.14,0.681,1.1323,-10.66,1.59,3.67,5.539,0.0,0.0,-0.0,0.0,0.0,0.0,9.16,0.24,6.81,5.95
2350,39.1667,7.0,49.156,0.682,1.1339,-10.63,1.36,3.67,6.932,0.0,0.0,-0.0,0.0,0.0,0.0,6.84,6.95,7.01,6.93
2351,39.1833,7.0,49.173,0.683,1.1333,-10.49,1.37,3.71,6.776,0.0,0.0,-0.0,0.0,0.0,0.0,7.0,6.09,7.02,6.99
2352,39.2,7.0,49.189,0.684,1.1319,-10.45,1.54,3.68,6.989,0.0,0.0,-0.0,0.0,0.0,0.0,6.45,8.13,6.86,6.52
2353,39.2167,7.0,49.206,0.685,1.1305,-10.61,1.78,3.62,6.828,0.0,0.0,-0.0,0.0,0.0,0.0,6.56,7.02,7.02,6.72
2354,39.2333,7.0,49.223,0.686,1.133,-10.53,1.35,3.61,6.578,0.0,0.0,-0.0,0.0,0.0,0.0,4.97,6.93,6.95,7.46
2355,39.25,7.0,49.239,0.687,1.1321,-10.45,1.46,3.72,6.336,0.0,0.0,-0.0,0.0,0.0,0.0,6.65,5.67,7.06,5.96
2356,39.2667,7.0,49.256,0.689,1.1312,-10.59,1.63,3.7,6.816,0.0,0.0,-0.0,0.0,0.0,0.0,6.57,7.01,7.0,6.68
2357,39.2833,7.0,49.272,0.69,1.1331,-10.58,1.28,3.72,7.035,0.0,0.0,-0.0,0.0,0.0,0.0,7.17,6.87,7.0,7.11
2358,39.3,7.0,49.288,0.691,1.1329,-10.41,1.35,3.87,6.806,0.0,0.0,-0.0,0.0,0.0,0.0,7.05,6.13,7.04,7.0
2359,39.3167,7.0,49.304,0.693,1.1312,-10.41,1.61,3.91,6.343,0.0,0.0,-0.0,0.0,0.0,0.0,5.48,7.04,7.04,5.81
2360,39.3333,7.0,49.32,0.695,1.1302,-10.52,1.66,3.87,6.975,0.0,0.0,-0.0,0.0,0.0,0.0,7.09,7.25,6.99,6.57
2361,39.35,7.0,49.337,0.696,1.1273,-10.71,1.63,3.84,6.904,0.0,0.0,-0.0,0.0,0.0,0.0,6.99,7.01,6.99,6.62
2362,39.3667,7.0,49.354,0.697,1.1257,-10.47,2.3,4.01,6.772,0.0,0.0,-0.0,0.0,0.0,0.0,7.02,6.08,7.01,6.98
2363,39.3833,7.0,49.371,0.698,1.1217,-10.48,2.8,4.0,4.704,0.0,0.0,-0.0,0.0,0.0,0.0,3.06,2.53,7.09,6.13
2364,39.4,7.0,49.39,0.699,1.1168,-10.49,3.22,3.89,7.465,0.0,0.0,-0.0,0.0,0.0,0.0,6.94,7.14,7.07,8.71
2365,39.4167,7.0,49.408,0.7,1.1117,-10.28,3.96,3.95,7.098,0.0,0.0,-0.0,0.0,0.0,0.0,6.97,9.57,6.93,4.93
2366,39.4333,7.0,49.426,0.701,1.1103,-10.25,4.37,3.91,6.985,0.0,0.0,-0.0,0.0,0.0,0.0,6.9,6.87,6.87,7.3
2367,39.45,7.0,49.444,0.701,1.1112,-10.1,4.31,3.89,7.328,0.0,0.0,-0.0,0.0,0.0,0.0,6.92,6.93,6.95,8.51
2368,39.4667,7.0,49.461,0.702,1.1097,-10.09,4.26,3.85,6.498,0.0,0.0,-0.0,0.0,0.0,0.0,6.65,6.61,6.7,6.03
2369,39.4833,7.0,49.478,0.704,1.1089,-10.21,4.47,3.82,6.727,0.0,0.0,-0.0,0.0,0.0,0.0,5.81,6.98,7.0,7.12
2370,39.5,7.0,49.495,0.705,1.1108,-10.19,4.25,3.84,7.207,0.0,0.0,-0.0,0.0,0.0,0.0,7.59,7.03,7.04,7.16
2371,39.5167,7.0,49.511,0.706,1.1097,-10.23,4.08,3.87,7.034,0.0,0.0,-0.0,0.0,0.0,0.0,6.98,6.99,6.99,7.19
2372,39.5333,7.0,49.527,0.707,1.1083,-10.17,4.26,3.88,6.263,0.0,0.0,-0.0,0.0,0.0,0.0,5.42,7.3,6.92,5.4
2373,39.55,7.0,49.545,0.707,1.1072,-10.21,4.42,3.68,6.751,0.0,0.0,-0.0,0.0,0.0,0.0,7.02,7.12,7.02,5.84
2374,39.5667,7.0,49.561,0.707,1.1071,-9.83,4.01,3.54,7.263,0.0,0.0,-0.0,0.0,0.0,0.0,8.1,6.98,6.99,6.99
2375,39.5833,7.0,49.578,0.706,1.1034,-9.55,3.75,3.53,6.991,0.0,0.0,-0.0,0.0,0.0,0.0,6.98,6.99,7.0,6.99
2376,39.6,7.0,49.594,0.704,1.1008,-8.88,4.22,3.81,6.782,0.0,0.0,-0.0,0.0,0.0,0.0,7.0,6.13,7.0,6.99
2377,39.6167,7.0,49.611,0.701,1.0978,-8.24,4.08,3.8,7.355,0.0,0.0,-0.0,0.0,0.0,0.0,7.99,7.49,6.96,6.98
2378,39.6333,7.0,49.628,0.698,1.0925,-7.65,3.93,3.79,6.485,0.0,0.0,-0.0,0.0,0.0,0.0,11.85,1.34,6.83,5.92
2379,39.65,7.0,49.645,0.695,1.0889,-7.1,4.33,3.82,6.781,0.0,0.0,-0.0,0.0,0.0,0.0,7.12,5.98,7.01,7.02
2380,39.6667,7.0,49.662,0.69,1.0859,-6.35,4.12,3.81,7.098,0.0,0.0,-0.0,0.0,0.0,0.0,7.74,6.75,6.93,6.97
2381,39.6833,7.0,49.678,0.686,1.08,-5.61,3.98,3.87,6.91,0.0,0.0,-0.0,0.0,0.0,0.0,6.95,6.75,6.97,6.97
2382,39.7,7.0,49.695,0.682,1.0741,-4.92,4.05,3.86,6.905,0.0,0.0,-0.0,0.0,0.0,0.0,7.17,6.7,6.98,6.76
2383,39.7167,7.0,49.712,0.681,1.0701,-4.5,3.86,3.89,7.395,0.0,0.0,-0.0,0.0,0.0,0.0,7.02,7.69,7.87,6.99
2384,39.7333,7.0,49.728,0.68,1.068,-4.22,3.61,3.86,6.848,0.0,0.0,-0.0,0.0,0.0,0.0,6.46,6.99,7.03,6.91
2385,39.75,7.0,49.744,0.68,1.068,-4.19,3.34,3.94,6.728,0.0,0.0,-0.0,0.0,0.0,0.0,6.86,6.87,6.31,6.88
2386,39.7667,7.0,49.759,0.681,1.066,-4.18,3.12,3.95,7.341,0.0,0.0,-0.0,0.0,0.0,0.0,7.03,7.03,7.93,7.39
2387,39.7833,7.0,49.775,0.685,1.068,-4.51,3.41,3.96,7.154,0.0,0.0,-0.0,0.0,0.0,0.0,7.51,6.99,6.99,7.12
2388,39.8,7.0,49.791,0.687,1.0679,-4.7,3.16,3.92,8.098,0.0,0.0,-0.0,0.0,0.0,0.0,10.56,6.98,7.0,7.85
2389,39.8167,7.0,49.807,0.69,1.0659,-4.82,2.89,3.99,6.213,0.0,0.0,-0.0,0.0,0.0,0.0,7.05,7.07,7.06,3.68
2390,39.8333,7.0,49.823,0.693,1.0667,-5.21,3.05,4.03,7.169,0.0,0.0,-0.0,0.0,0.0,0.0,7.15,7.17,7.02,7.32
2391,39.85,7.0,49.84,0.696,1.0657,-5.42,3.06,4.06,6.725,0.0,0.0,-0.0,0.0,0.0,0.0,6.99,5.9,7.01,7.0
2392,39.8667,7.0,49.856,0.699,1.0629,-5.53,3.11,4.13,6.775,0.0,0.0,-0.0,0.0,0.0,0.0,7.01,6.09,7.0,7.0
2393,39.8833,7.0,49.873,0.7,1.0608,-5.3,3.73,4.34,6.275,0.0,0.0,-0.0,0.0,0.0,0.0,7.1,4.31,7.13,6.56
2394,39.9,7.0,49.892,0.702,1.0569,-5.32,4.22,4.42,6.598,0.0,0.0,-0.0,0.0,0.0,0.0,6.99,6.01,7.02,6.37
2395,39.9167,7.0,49.91,0.704,1.0512,-5.38,4.66,4.44,6.681,0.0,0.0,-0.0,0.0,0.0,0.0,6.96,6.11,7.01,6.64
2396,39.9333,7.0,49.929,0.706,1.0455,-5.3,5.55,4.54,6.216,0.0,0.0,-0.0,0.0,0.0,0.0,7.04,4.92,7.09,5.81
2397,39.95,7.0,49.948,0.706,1.0466,-5.07,5.72,4.54,7.02,0.0,0.0,-0.0,0.0,0.0,0.0,7.26,6.89,6.91,7.02
2398,39.9667,7.0,49.966,0.706,1.0462,-4.79,5.85,4.48,7.507,0.0,0.0,-0.0,0.0,0.0,0.0,7.1,7.13,7.1,8.7
2399,39.9833,7.0,49.985,0.706,1.0433,-4.58,5.96,4.44,6.804,0.0,0.0,-0.0,0.0,0.0,0.0,6.86,7.01,7.01,6.33
2400,40.0,7.0,50.002,0.706,1.0454,-4.39,6.3,4.42,6.863,0.0,0.0,-0.0,0.0,0.0,0.0,6.4,7.02,7.02,7.02
2401,40.0167,7.0,50.02,0.706,1.0458,-4.15,6.46,4.34,7.325,0.0,0.0,-0.0,0.0,0.0,0.0,8.42,7.06,7.04,6.78
2402,40.0333,7.0,50.038,0.707,1.0455,-3.84,6.73,4.44,6.844,0.0,0.0,-0.0,0.0,0.0,0.0,6.96,6.94,6.96,6.51
2403,40.05,7.0,50.055,0.708,1.0439,-3.75,6.74,4.46,7.506,0.0,0.0,-0.0,0.0,0.0,0.0,9.05,6.75,6.06,8.16
2404,40.0667,7.0,50.072,0.709,1.0455,-3.66,6.88,4.44,7.017,0.0,0.0,-0.0,0.0,0.0,0.0,7.6,6.97,6.98,6.53
2405,40.0833,7.0,50.089,0.711,1.0451,-3.62,6.74,4.42,6.647,0.0,0.0,-0.0,0.0,0.0,0.0,6.98,6.99,6.47,6.14
2406,40.1,7.0,50.105,0.712,1.044,-3.9,6.75,4.27,6.728,0.0,0.0,-0.0,0.0,0.0,0.0,7.08,7.09,7.08,5.66
2407,40.1167,7.0,50.121,0.714,1.045,-3.98,6.67,4.29,6.887,0.0,0.0,-0.0,0.0,0.0,0.0,7.0,6.98,6.99,6.56
2408,40.1333,7.0,50.137,0.715,1.0451,-4.03,6.55,4.29,6.992,0.0,0.0,-0.0,0.0,0.0,0.0,7.0,7.0,7.0,6.97
2409,40.15,7.0,50.152,0.717,1.0428,-4.12,6.43,4.29,6.543,0.0,0.0,-0.0,0.0,0.0,0.0,6.62,6.99,7.01,5.54
2410,40.1667,7.0,50.168,0.718,1.0427,-4.09,6.18,4.27,7.123,0.0,0.0,-0.0,0.0,0.0,0.0,7.38,7.03,7.04,7.04
2411,40.1833,7.0,50.183,0.719,1.0412,-4.06,5.82,4.28,7.012,0.0,0.0,-0.0,0.0,0.0,0.0,6.96,6.97,6.97,7.15
2412,40.2,7.0,50.198,0.72,1.0372,-4.08,5.48,4.28,6.958,0.0,0.0,-0.0,0.0,0.0,0.0,7.03,7.02,7.03,6.76
2413,40.2167,7.0,50.213,0.72,1.0337,-3.87,5.4,4.29,6.869,0.0,0.0,-0.0,0.0,0.0,0.0,7.59,6.55,6.34,7.0
2414,40.2333,7.0,50.229,0.719,1.0313,-3.58,5.05,4.32,7.036,0.0,0.0,-0.0,0.0,0.0,0.0,6.79,7.37,6.98,7.0
2415,40.25,7.0,50.244,0.718,1.0266,-3.28,4.69,4.33,9.033,0.0,0.0,-0.0,0.0,0.0,0.0,10.75,11.17,7.13,7.08
2416,40.2667,7.0,50.258,0.718,1.0254,-3.14,3.74,4.35,7.203,0.0,0.0,-0.0,0.0,0.0,0.0,6.9,7.16,7.64,7.11
2417,40.2833,7.0,50.272,0.719,1.0216,-3.15,3.42,4.27,6.597,0.0,0.0,-0.0,0.0,0.0,0.0,6.99,7.02,7.52,4.85
2418,40.3,7.0,50.285,0.722,1.0196,-3.45,3.54,4.25,5.756,0.0,0.0,-0.0,0.0,0.0,0.0,1.59,6.87,6.89,7.67
2419,40.3167,7.0,50.3,0.725,1.0192,-3.67,3.37,4.22,6.749,0.0,0.0,-0.0,0.0,0.0,0.0,6.48,7.0,7.01,6.5
2420,40.3333,7.0,50.315,0.728,1.0168,-3.95,3.13,4.25,6.869,0.0,0.0,-0.0,0.0,0.0,0.0,6.98,6.99,6.99,6.51
2421,40.35,7.0,50.33,0.732,1.0174,-4.34,3.15,4.26,6.807,0.0,0.0,-0.0,0.0,0.0,0.0,6.33,7.08,7.01,6.81
2422,40.3667,7.0,50.345,0.735,1.0165,-4.58,3.16,4.32,6.621,0.0,0.0,-0.0,0.0,0.0,0.0,7.0,5.5,7.0,6.98
2423,40.3833,7.0,50.361,0.738,1.0137,-4.73,3.19,4.41,6.73,0.0,0.0,-0.0,0.0,0.0,0.0,7.01,5.92,7.0,7.0
2424,40.4,7.0,50.378,0.739,1.0117,-4.42,3.77,4.7,5.476,0.0,0.0,-0.0,0.0,0.0,0.0,6.92,5.67,6.94,2.38
2425,40.4167,7.0,50.396,0.741,1.0079,-4.46,4.3,4.75,6.967,0.0,0.0,-0.0,0.0,0.0,0.0,7.0,7.53,7.01,6.32
2426,40.4333,7.0,50.414,0.743,1.0028,-4.53,4.75,4.74,7.017,0.0,0.0,-0.0,0.0,0.0,0.0,-0.87,16.28,7.3,5.35
2427,40.45,7.0,50.432,0.743,1.0024,-4.3,4.93,4.72,7.018,0.0,0.0,-0.0,0.0,0.0,0.0,6.93,7.18,7.0,6.96
2428,40.4667,7.0,50.45,0.743,1.0045,-3.97,5.04,4.7,6.721,0.0,0.0,-0.0,0.0,0.0,0.0,6.17,7.0,7.01,6.71
2429,40.4833,7.0,50.467,0.742,1.0042,-3.75,5.26,4.62,6.624,0.0,0.0,-0.0,0.0,0.0,0.0,6.24,6.93,6.99,6.34
2430,40.5,7.0,50.485,0.743,1.0031,-3.55,5.54,4.64,6.813,0.0,0.0,-0.0,0.0,0.0,0.0,6.97,6.98,6.98,6.32
2431,40.5167,7.0,50.502,0.743,1.0038,-3.29,5.6,4.61,6.566,0.0,0.0,-0.0,0.0,0.0,0.0,6.21,7.06,6.73,6.25
2432,40.5333,7.0,50.519,0.743,1.0039,-3.12,5.76,4.59,6.364,0.0,0.0,-0.0,0.0,0.0,0.0,7.13,7.13,3.98,7.21
2433,40.55,7.0,50.536,0.744,1.0033,-3.12,5.66,4.62,7.672,0.0,0.0,-0.0,0.0,0.0,0.0,7.15,7.12,9.07,7.35
2434,40.5667,7.0,50.552,0.747,1.0018,-3.24,5.34,4.6,6.989,0.0,0.0,-0.0,0.0,0.0,0.0,6.96,6.95,6.97,7.07
2435,40.5833,7.0,50.568,0.75,1.0041,-3.5,5.46,4.61,7.172,0.0,0.0,-0.0,0.0,0.0,0.0,7.48,7.0,7.0,7.2
2436,40.6,7.0,50.584,0.752,1.0037,-3.72,5.27,4.57,7.42,0.0,0.0,-0.0,0.0,0.0,0.0,7.26,6.99,6.95,8.48
2437,40.6167,7.0,50.6,0.755,1.0013,-3.88,5.09,4.56,6.923,0.0,0.0,-0.0,0.0,0.0,0.0,7.06,7.01,7.0,6.63
2438,40.6333,7.0,50.615,0.757,1.0043,-4.05,4.99,4.56,6.867,0.0,0.0,-0.0,0.0,0.0,0.0,6.68,7.04,7.01,6.75
2439,40.65,7.0,50.63,0.76,1.0047,-4.26,4.84,4.56,7.049,0.0,0.0,-0.0,0.0,0.0,0.0,6.81,7.02,7.03,7.34
2440,40.6667,7.0,50.645,0.763,1.0033,-4.43,4.67,4.6,6.636,0.0,0.0,-0.0,0.0,0.0,0.0,7.05,7.03,7.06,5.41
2441,40.6833,7.0,50.66,0.764,1.0038,-4.36,4.81,4.61,7.287,0.0,0.0,-0.0,0.0,0.0,0.0,7.94,7.0,7.04,7.18
2442,40.7,7.0,50.676,0.764,1.0037,-4.02,4.52,4.67,6.91,0.0,0.0,-0.0,0.0,0.0,0.0,6.99,6.63,7.01,7.01
2443,40.7167,7.0,50.691,0.763,1.0011,-3.66,4.24,4.78,6.916,0.0,0.0,-0.0,0.0,0.0,0.0,6.98,6.7,6.99,7.0
2444,40.7333,7.0,50.707,0.763,0.9971,-3.15,4.16,4.98,6.967,0.0,0.0,-0.0,0.0,0.0,0.0,6.99,6.86,7.01,7.01
2445,40.75,7.0,50.723,0.762,0.9912,-2.6,4.12,5.13,7.03,0.0,0.0,-0.0,0.0,0.0,0.0,7.01,6.47,7.63,7.01
2446,40.7667,7.0,50.738,0.761,0.9911,-2.39,3.35,5.16,7.315,0.0,0.0,-0.0,0.0,0.0,0.0,6.98,7.84,7.42,7.02
2447,40.7833,7.0,50.75,0.763,0.9915,-2.48,2.56,5.1,6.733,0.0,0.0,-0.0,0.0,0.0,0.0,6.96,5.01,7.98,6.99
2448,40.8,7.0,50.758,0.765,0.9927,-2.65,1.82,5.19,6.969,0.0,0.0,-0.0,0.0,0.0,0.0,6.95,6.91,7.06,6.96
2449,40.8167,7.0,50.767,0.768,0.9921,-2.88,1.04,5.24,6.92,0.0,0.0,-0.0,0.0,0.0,0.0,6.99,6.72,6.98,6.99
2450,40.8333,7.0,50.776,0.771,0.992,-3.26,0.6,5.25,6.531,0.0,0.0,-0.0,0.0,0.0,0.0,6.94,6.91,7.38,4.89
2451,40.85,7.0,50.787,0.775,0.9908,-3.73,0.27,5.27,7.217,0.0,0.0,-0.0,0.0,0.0,0.0,7.04,7.01,7.12,7.69
2452,40.8667,7.0,50.798,0.778,0.9922,-3.88,0.36,5.36,3.85,0.0,0.0,-0.0,0.0,0.0,0.0,7.08,7.3,-5.96,6.98
2453,40.8833,7.0,50.81,0.78,0.9952,-4.08,0.23,5.21,6.779,0.0,0.0,-0.0,0.0,0.0,0.0,6.96,6.23,6.93,7.0
2454,40.9,7.0,50.823,0.781,0.9961,-4.19,0.04,5.09,6.761,0.0,0.0,-0.0,0.0,0.0,0.0,7.01,6.04,6.99,7.0
2455,40.9167,7.0,50.836,0.781,0.9973,-3.97,-0.29,5.13,6.805,0.0,0.0,-0.0,0.0,0.0,0.0,7.62,5.6,7.0,7.0
2456,40.9333,7.0,50.848,0.78,0.998,-3.59,-0.58,5.16,6.707,0.0,0.0,-0.0,0.0,0.0,0.0,6.99,5.82,7.02,7.0
2457,40.95,7.0,50.862,0.779,1.0001,-3.38,-0.54,5.15,6.69,0.0,0.0,-0.0,0.0,0.0,0.0,7.32,7.01,7.0,5.43
2458,40.9667,7.0,50.876,0.78,1.0016,-3.23,-0.55,5.13,6.707,0.0,0.0,-0.0,0.0,0.0,0.0,6.52,7.0,6.97,6.34
2459,40.9833,7.0,50.892,0.781,1.0025,-3.16,-0.63,5.13,6.908,0.0,0.0,-0.0,0.0,0.0,0.0,6.91,6.98,6.98,6.76
2460,41.0,7.0,50.907,0.782,1.0029,-3.13,-0.69,5.13,6.471,0.0,0.0,-0.0,0.0,0.0,0.0,6.04,7.03,6.98,5.83
2461,41.0167,7.0,50.922,0.784,1.0029,-3.2,-0.68,5.13,5.977,0.0,0.0,-0.0,0.0,0.0,0.0,3.93,6.92,6.91,6.14
2462,41.0333,7.0,50.938,0.786,1.0011,-3.3,-0.7,5.12,6.888,0.0,0.0,-0.0,0.0,0.0,0.0,6.98,7.02,7.0,6.55
2463,41.05,7.0,50.954,0.788,0.9979,-3.38,-0.71,5.12,6.579,0.0,0.0,-0.0,0.0,0.0,0.0,5.88,6.19,7.27,6.98
2464,41.0667,7.0,50.97,0.788,1.0026,-3.14,-0.61,5.1,6.699,0.0,0.0,-0.0,0.0,0.0,0.0,6.6,7.0,7.01,6.19
2465,41.0833,7.0,50.986,0.788,1.0018,-3.04,-0.48,5.07,6.884,0.0,0.0,-0.0,0.0,0.0,0.0,7.0,7.0,7.0,6.53
2466,41.1,7.0,51.003,0.789,0.9992,-2.94,-0.42,5.07,6.981,0.0,0.0,-0.0,0.0,0.0,0.0,7.05,7.0,7.01,6.85
2467,41.1167,7.0,51.019,0.789,1.0025,-2.78,-0.39,5.05,6.627,0.0,0.0,-0.0,0.0,0.0,0.0,6.17,7.0,7.0,6.33
2468,41.1333,7.0,51.035,0.79,1.0026,-2.74,-0.28,5.04,6.877,0.0,0.0,-0.0,0.0,0.0,0.0,7.0,7.0,7.0,6.5
2469,41.15,7.0,51.051,0.791,1.0005,-2.72,-0.19,5.04,6.4,0.0,0.0,-0.0,0.0,0.0,0.0,4.67,6.96,6.93,7.04
2470,41.1667,7.0,51.068,0.792,1.0003,-2.56,-0.44,5.04,7.133,0.0,0.0,-0.0,0.0,0.0,0.0,7.39,6.99,6.99,7.16
2471,41.1833,7.0,51.084,0.794,1.0025,-2.62,-0.2,5.04,6.885,0.0,0.0,-0.0,0.0,0.0,0.0,6.85,7.0,7.0,6.69
2472,41.2,7.0,51.1,0.795,1.0015,-2.68,-0.18,5.0,7.063,0.0,0.0,-0.0,0.0,0.0,0.0,7.0,7.0,7.0,7.25
2473,41.2167,7.0,51.116,0.797,0.9992,-2.77,-0.3,5.01,8.019,0.0,0.0,-0.0,0.0,0.0,0.0,8.31,7.03,8.73,8.0
2474,41.2333,7.0,51.131,0.799,1.0003,-2.97,-0.79,5.03,6.702,0.0,0.0,-0.0,0.0,0.0,0.0,5.77,6.98,6.97,7.08
2475,41.25,7.0,51.145,0.802,0.9983,-3.19,-1.16,5.07,6.835,0.0,0.0,-0.0,0.0,0.0,0.0,6.99,6.99,7.0,6.36
2476,41.2667,7.0,51.16,0.805,0.9952,-3.26,-1.25,5.14,6.496,0.0,0.0,-0.0,0.0,0.0,0.0,5.39,6.39,7.1,7.1
2477,41.2833,7.0,51.176,0.803,0.9958,-2.81,-1.08,5.16,6.958,0.0,0.0,-0.0,0.0,0.0,0.0,7.07,6.76,7.0,7.0
2478,41.3,7.0,51.192,0.802,0.9937,-2.45,-1.29,5.16,7.438,0.0,0.0,-0.0,0.0,0.0,0.0,7.0,8.15,7.59,7.01
2479,41.3167,7.0,51.206,0.802,0.9941,-2.41,-1.86,5.06,7.305,0.0,0.0,-0.0,0.0,0.0,0.0,7.01,3.31,11.91,6.98
2480,41.3333,7.0,51.211,0.805,0.9987,-2.81,-2.41,5.01,6.952,0.0,0.0,-0.0,0.0,0.0,0.0,6.96,6.94,6.92,6.98
2481,41.35,7.0,51.217,0.808,1.0005,-3.18,-2.98,4.96,6.96,0.0,0.0,-0.0,0.0,0.0,0.0,6.97,6.94,6.95,6.98
2482,41.3667,7.0,51.224,0.81,1.001,-3.46,-3.49,4.93,6.606,0.0,0.0,-0.0,0.0,0.0,0.0,6.98,5.51,6.95,6.98
2483,41.3833,7.0,51.232,0.811,1.0,-3.69,-4.06,4.87,4.356,0.0,0.0,-0.0,0.0,0.0,0.0,7.18,6.9,-3.85,7.19
2484,41.4,7.0,51.24,0.812,1.0008,-3.79,-4.78,4.88,6.016,0.0,0.0,-0.0,0.0,0.0,0.0,7.2,4.46,5.3,7.1
2485,41.4167,7.0,51.249,0.813,1.0035,-3.64,-5.27,4.95,5.887,0.0,0.0,-0.0,0.0,0.0,0.0,6.99,4.58,5.01,6.97
2486,41.4333,7.0,51.259,0.812,1.0056,-3.42,-5.84,4.99,6.691,0.0,0.0,-0.0,0.0,0.0,0.0,6.97,5.65,7.17,6.98
2487,41.45,7.0,51.27,0.812,1.007,-3.29,-6.28,4.98,7.026,0.0,0.0,-0.0,0.0,0.0,0.0,7.04,7.11,9.0,4.95
2488,41.4667,7.0,51.281,0.812,1.0085,-3.2,-6.53,4.99,6.23,0.0,0.0,-0.0,0.0,0.0,0.0,7.09,6.09,6.56,5.18
2489,41.4833,7.0,51.294,0.812,1.0103,-3.13,-6.64,4.96,6.586,0.0,0.0,-0.0,0.0,0.0,0.0,7.06,5.96,7.07,6.25
2490,41.5,7.0,51.306,0.813,1.0133,-3.05,-7.0,5.0,6.832,0.0,0.0,-0.0,0.0,0.0,0.0,6.96,7.0,7.0,6.37
2491,41.5167,7.0,51.319,0.814,1.0149,-2.99,-7.39,5.01,6.44,0.0,0.0,-0.0,0.0,0.0,0.0,5.37,6.97,6.99,6.44
2492,41.5333,7.0,51.332,0.815,1.017,-3.08,-7.61,5.01,6.478,0.0,0.0,-0.0,0.0,0.0,0.0,6.03,6.99,6.99,5.91
2493,41.55,7.0,51.345,0.818,1.0186,-3.2,-7.79,5.04,6.698,0.0,0.0,-0.0,0.0,0.0,0.0,7.0,6.26,6.99,6.54
2494,41.5667,7.0,51.359,0.82,1.0188,-3.27,-7.96,5.1,6.538,0.0,0.0,-0.0,0.0,0.0,0.0,6.99,5.77,7.0,6.39
2495,41.5833,7.0,51.374,0.821,1.0182,-3.32,-8.27,5.11,6.914,0.0,0.0,-0.0,0.0,0.0,0.0,6.8,6.79,6.97,7.1
2496,41.6,7.0,51.389,0.822,1.0196,-3.22,-8.05,5.19,6.976,0.0,0.0,-0.0,0.0,0.0,0.0,8.95,6.14,7.05,5.76
2497,41.6167,7.0,51.404,0.824,1.0196,-3.25,-7.96,5.18,6.678,0.0,0.0,-0.0,0.0,0.0,0.0,7.03,6.26,7.02,6.41
2498,41.6333,7.0,51.421,0.825,1.018,-3.28,-7.92,5.18,6.892,0.0,0.0,-0.0,0.0,0.0,0.0,6.61,7.11,7.03,6.81
2499,41.65,7.0,51.437,0.825,1.0185,-3.02,-8.01,5.19,6.58,0.0,0.0,-0.0,0.0,0.0,0.0,6.35,6.24,7.0,6.73
2500,41.6667,7.0,51.454,0.826,1.0195,-2.89,-7.68,5.18,6.809,0.0,0.0,-0.0,0.0,0.0,0.0,6.95,7.0,7.01,6.27
2501,41.6833,7.0,51.471,0.826,1.0187,-2.77,-7.5,5.17,7.19,0.0,0.0,-0.0,0.0,0.0,0.0,7.6,7.02,7.02,7.12
2502,41.7,7.0,51.488,0.827,1.0186,-2.57,-7.67,5.16,6.948,0.0,0.0,-0.0,0.0,0.0,0.0,7.26,6.99,6.99,6.55
2503,41.7167,7.0,51.504,0.828,1.0195,-2.56,-7.5,5.17,6.782,0.0,0.0,-0.0,0.0,0.0,0.0,6.73,7.01,7.01,6.37
2504,41.7333,7.0,51.521,0.83,1.0192,-2.61,-7.38,5.16,5.4,0.0,0.0,-0.0,0.0,0.0,0.0,1.7,7.03,7.08,5.8
2505,41.75,7.0,51.538,0.831,1.0184,-2.63,-7.48,5.15,7.29,0.0,0.0,-0.0,0.0,0.0,0.0,8.05,6.82,6.83,7.47
2506,41.7667,7.0,51.554,0.833,1.0175,-2.62,-7.81,5.1,6.036,0.0,0.0,-0.0,0.0,0.0,0.0,3.82,7.02,7.03,6.28
2507,41.7833,7.0,51.57,0.836,1.0191,-2.88,-7.62,5.12,6.884,0.0,0.0,-0.0,0.0,0.0,0.0,6.61,7.0,6.99,6.93
2508,41.8,7.0,51.585,0.839,1.0207,-3.09,-7.49,5.0,6.132,0.0,0.0,-0.0,0.0,0.0,0.0,4.71,7.07,7.08,5.67
2509,41.8167,7.0,51.598,0.843,1.0266,-3.52,-7.24,5.0,6.497,0.0,0.0,-0.0,0.0,0.0,0.0,5.58,6.96,6.97,6.47
2510,41.8333,7.0,51.612,0.847,1.0301,-4.03,-7.06,5.0,7.548,0.0,0.0,-0.0,0.0,0.0,0.0,7.59,6.93,6.95,8.71
2511,41.85,7.0,51.626,0.852,1.0326,-4.55,-6.96,4.99,6.715,0.0,0.0,-0.0,0.0,0.0,0.0,6.08,6.95,6.94,6.89
2512,41.8667,7.0,51.641,0.857,1.0351,-5.04,-7.03,5.01,6.458,0.0,0.0,-0.0,0.0,0.0,0.0,5.24,7.03,7.01,6.55
2513,41.8833,7.0,51.653,0.86,1.0397,-5.02,-6.62,5.07,6.465,0.0,0.0,-0.0,0.0,0.0,0.0,7.16,4.75,6.97,6.98
2514,41.9,7.0,51.667,0.862,1.0425,-4.9,-6.22,5.19,7.797,0.0,0.0,-0.0,0.0,0.0,0.0,7.05,10.01,7.06,7.07
2515,41.9167,7.0,51.68,0.864,1.0436,-4.67,-5.82,5.35,7.284,0.0,0.0,-0.0,0.0,0.0,0.0,7.0,8.16,6.99,7.0
2516,41.9333,7.0,51.694,0.864,1.0441,-4.34,-5.49,5.48,6.47,0.0,0.0,-0.0,0.0,0.0,0.0,6.47,5.46,6.97,6.98
2517,41.95,7.0,51.705,0.865,1.0494,-4.23,-5.72,5.5,6.671,0.0,0.0,-0.0,0.0,0.0,0.0,6.97,5.84,6.9,6.97
2518,41.9667,7.0,51.715,0.866,1.0556,-4.21,-6.18,5.56,6.687,0.0,0.0,-0.0,0.0,0.0,0.0,6.99,5.76,7.01,7.0
2519,41.9833,7.0,51.726,0.866,1.0604,-4.12,-6.65,5.62,6.702,0.0,0.0,-0.0,0.0,0.0,0.0,6.98,6.26,6.55,7.01
2520,42.0,7.0,51.737,0.867,1.0642,-3.98,-7.17,5.66,5.655,0.0,0.0,-0.0,0.0,0.0,0.0,6.97,5.46,3.14,7.05
2521,42.0167,7.0,51.748,0.866,1.0679,-3.75,-7.65,5.73,7.031,0.0,0.0,-0.0,0.0,0.0,0.0,6.97,5.93,8.23,6.98
2522,42.0333,7.0,51.76,0.866,1.0702,-3.47,-8.14,5.77,8.244,0.0,0.0,-0.0,0.0,0.0,0.0,6.94,6.67,12.41,6.95
2523,42.05,7.0,51.772,0.865,1.0711,-3.12,-8.71,5.82,6.847,0.0,0.0,-0.0,0.0,0.0,0.0,6.95,6.64,6.83,6.97
2524,42.0667,7.0,51.785,0.864,1.0703,-2.77,-9.26,5.85,6.307,0.0,0.0,-0.0,0.0,0.0,0.0,7.0,6.97,4.25,7.01
2525,42.0833,7.0,51.798,0.863,1.0711,-2.62,-9.31,5.72,6.434,0.0,0.0,-0.0,0.0,0.0,0.0,6.97,5.83,7.06,5.88
2526,42.1,7.0,51.812,0.863,1.0731,-2.44,-9.5,5.73,6.868,0.0,0.0,-0.0,0.0,0.0,0.0,7.0,6.99,7.0,6.48
2527,42.1167,7.0,51.825,0.863,1.0743,-2.26,-9.82,5.74,6.88,0.0,0.0,-0.0,0.0,0.0,0.0,6.64,7.01,7.01,6.87
2528,42.1333,7.0,51.839,0.864,1.0768,-2.24,-9.87,5.73,6.586,0.0,0.0,-0.0,0.0,0.0,0.0,6.21,7.01,7.01,6.11
2529,42.15,7.0,51.854,0.866,1.078,-2.28,-9.99,5.73,7.399,0.0,0.0,-0.0,0.0,0.0,0.0,8.19,7.08,7.07,7.25
2530,42.1667,7.0,51.868,0.868,1.0782,-2.35,-10.26,5.72,6.904,0.0,0.0,-0.0,0.0,0.0,0.0,6.78,6.96,6.96,6.92
2531,42.1833,7.0,51.883,0.869,1.0771,-2.41,-10.56,5.73,5.974,0.0,0.0,-0.0,0.0,0.0,0.0,5.42,5.69,7.01,5.78
2532,42.2,7.0,51.898,0.871,1.0787,-2.51,-10.35,5.74,6.805,0.0,0.0,-0.0,0.0,0.0,0.0,7.06,7.03,7.02,6.12
2533,42.2167,7.0,51.914,0.873,1.0782,-2.58,-10.26,5.74,6.622,0.0,0.0,-0.0,0.0,0.0,0.0,7.09,6.05,7.0,6.34
2534,42.2333,7.0,51.93,0.875,1.0779,-2.53,-10.44,5.74,7.019,0.0,0.0,-0.0,0.0,0.0,0.0,7.02,6.96,7.0,7.1
2535,42.25,7.0,51.945,0.876,1.0786,-2.56,-10.42,5.74,6.559,0.0,0.0,-0.0,0.0,0.0,0.0,6.27,7.04,6.98,5.95
2536,42.2667,7.0,51.961,0.878,1.0788,-2.6,-10.34,5.75,6.417,0.0,0.0,-0.0,0.0,0.0,0.0,7.02,6.02,7.01,5.62
2537,42.2833,7.0,51.977,0.879,1.0784,-2.53,-10.39,5.74,7.23,0.0,0.0,-0.0,0.0,0.0,0.0,7.02,7.46,6.93,7.52
2538,42.3,7.0,51.993,0.881,1.0776,-2.47,-10.66,5.78,6.928,0.0,0.0,-0.0,0.0,0.0,0.0,7.03,7.02,7.03,6.64
2539,42.3167,7.0,52.009,0.883,1.0787,-2.67,-10.47,5.79,6.896,0.0,0.0,-0.0,0.0,0.0,0.0,6.98,7.08,7.0,6.52
2540,42.3333,7.0,52.025,0.886,1.0786,-2.73,-10.33,5.81,6.817,0.0,0.0,-0.0,0.0,0.0,0.0,7.0,6.26,7.0,7.0
2541,42.35,7.0,52.04,0.888,1.0803,-2.58,-10.28,5.6,5.698,0.0,0.0,-0.0,0.0,0.0,0.0,4.32,7.21,7.34,3.91
2542,42.3667,7.0,52.052,0.891,1.0854,-2.84,-9.88,5.44,6.04,0.0,0.0,-0.0,0.0,0.0,0.0,4.36,6.9,6.94,5.96
2543,42.3833,7.0,52.064,0.893,1.0903,-3.35,-9.57,5.44,7.172,0.0,0.0,-0.0,0.0,0.0,0.0,7.85,6.98,6.98,6.87
2544,42.4,7.0,52.076,0.897,1.0952,-3.79,-9.3,5.45,6.167,0.0,0.0,-0.0,0.0,0.0,0.0,4.34,6.92,6.99,6.42
2545,42.4167,7.0,52.088,0.902,1.1004,-4.29,-9.24,5.47,9.914,0.0,0.0,-0.0,0.0,0.0,0.0,17.76,7.11,7.06,7.73
2546,42.4333,7.0,52.1,0.906,1.1043,-4.81,-9.23,5.45,6.948,0.0,0.0,-0.0,0.0,0.0,0.0,7.92,7.09,7.09,5.7
2547,42.45,7.0,52.113,0.911,1.1077,-5.14,-9.05,5.53,6.219,0.0,0.0,-0.0,0.0,0.0,0.0,6.97,3.95,6.99,6.97
2548,42.4667,7.0,52.124,0.915,1.1113,-5.13,-8.48,5.73,5.233,0.0,0.0,-0.0,0.0,0.0,0.0,-3.14,9.58,7.24,7.24
2549,42.4833,7.0,52.136,0.916,1.1159,-5.03,-8.02,5.77,6.392,0.0,0.0,-0.0,0.0,0.0,0.0,6.37,5.13,7.03,7.03
2550,42.5,7.0,52.148,0.916,1.1194,-4.85,-7.62,5.81,7.034,0.0,0.0,-0.0,0.0,0.0,0.0,6.98,7.17,6.99,6.99
2551,42.5167,7.0,52.16,0.916,1.1213,-4.54,-7.24,5.85,6.997,0.0,0.0,-0.0,0.0,0.0,0.0,6.98,7.0,7.0,7.01
2552,42.5333,7.0,52.173,0.915,1.1217,-4.14,-6.86,5.92,6.988,0.0,0.0,-0.0,0.0,0.0,0.0,6.98,6.97,6.99,7.01
2553,42.55,7.0,52.18,0.917,1.1268,-4.2,-6.98,5.9,5.866,0.0,0.0,-0.0,0.0,0.0,0.0,6.88,4.42,5.21,6.96
2554,42.5667,7.0,52.188,0.918,1.1332,-4.23,-7.34,5.96,11.145,0.0,0.0,-0.0,0.0,0.0,0.0,6.87,8.06,22.7,6.95
2555,42.5833,7.0,52.196,0.919,1.1389,-4.16,-7.78,6.08,6.768,0.0,0.0,-0.0,0.0,0.0,0.0,6.94,4.58,8.6,6.95
2556,42.6,7.0,52.205,0.92,1.1442,-4.02,-8.27,6.14,5.048,0.0,0.0,-0.0,0.0,0.0,0.0,7.05,5.31,0.78,7.05
2557,42.6167,7.0,52.214,0.92,1.1487,-3.85,-8.8,6.19,6.579,0.0,0.0,-0.0,0.0,0.0,0.0,6.97,5.43,6.93,6.99
2558,42.6333,7.0,52.224,0.919,1.1519,-3.64,-9.33,6.23,4.63,0.0,0.0,-0.0,0.0,0.0,0.0,7.17,6.1,-1.82,7.08
2559,42.65,7.0,52.235,0.919,1.1549,-3.44,-9.94,6.24,6.768,0.0,0.0,-0.0,0.0,0.0,0.0,6.95,6.17,6.98,6.98
2560,42.6667,7.0,52.246,0.918,1.1573,-3.1,-10.36,6.28,7.743,0.0,0.0,-0.0,0.0,0.0,0.0,6.83,7.31,10.0,6.84
2561,42.6833,7.0,52.258,0.917,1.1587,-2.75,-10.96,6.35,6.843,0.0,0.0,-0.0,0.0,0.0,0.0,6.94,6.63,6.84,6.96
2562,42.7,7.0,52.269,0.916,1.1588,-2.35,-11.47,6.38,6.215,0.0,0.0,-0.0,0.0,0.0,0.0,7.05,6.88,3.87,7.06
2563,42.7167,7.0,52.282,0.914,1.1591,-1.91,-11.86,6.32,6.583,0.0,0.0,-0.0,0.0,0.0,0.0,6.87,5.64,6.92,6.9
2564,42.7333,7.0,52.294,0.911,1.16,-1.43,-12.07,6.31,6.518,0.0,0.0,-0.0,0.0,0.0,0.0,7.08,6.97,6.27,5.76
2565,42.75,7.0,52.307,0.913,1.1617,-1.35,-12.16,6.33,9.87,0.0,0.0,-0.0,0.0,0.0,0.0,6.74,6.67,20.99,5.08
2566,42.7667,7.0,52.32,0.914,1.1618,-1.32,-12.28,6.4,6.726,0.0,0.0,-0.0,0.0,0.0,0.0,6.99,6.99,7.28,5.65
2567,42.7833,7.0,52.334,0.916,1.1602,-1.32,-12.39,6.51,7.868,0.0,0.0,-0.0,0.0,0.0,0.0,7.04,3.59,7.07,13.77
2568,42.8,7.0,52.348,0.919,1.1596,-1.47,-12.06,6.48,6.608,0.0,0.0,-0.0,0.0,0.0,0.0,6.99,7.18,7.01,5.26
2569,42.8167,7.0,52.363,0.922,1.1605,-1.66,-12.18,6.48,6.233,0.0,0.0,-0.0,0.0,0.0,0.0,6.9,5.81,6.31,5.92
2570,42.8333,7.0,52.378,0.925,1.1602,-1.72,-12.33,6.46,6.803,0.0,0.0,-0.0,0.0,0.0,0.0,5.44,7.12,7.01,7.65
2571,42.85,7.0,52.394,0.926,1.1595,-1.53,-12.16,6.45,6.682,0.0,0.0,-0.0,0.0,0.0,0.0,6.97,5.72,7.02,7.01
2572,42.8667,7.0,52.409,0.928,1.1601,-1.61,-12.17,6.45,6.481,0.0,0.0,-0.0,0.0,0.0,0.0,7.07,5.87,6.5,6.48
2573,42.8833,7.0,52.425,0.93,1.1603,-1.73,-12.3,6.45,6.906,0.0,0.0,-0.0,0.0,0.0,0.0,6.59,6.76,6.87,7.41
2574,42.9,7.0,52.44,0.933,1.1612,-1.8,-12.32,6.53,6.669,0.0,0.0,-0.0,0.0,0.0,0.0,7.11,5.35,7.11,7.11
2575,42.9167,7.0,52.455,0.935,1.1613,-1.72,-12.19,6.67,6.831,0.0,0.0,-0.0,0.0,0.0,0.0,7.02,6.27,7.02,7.02
2576,42.9333,7.0,52.471,0.936,1.1606,-1.64,-12.19,6.66,6.557,0.0,0.0,-0.0,0.0,0.0,0.0,6.94,6.38,6.48,6.44
2577,42.95,7.0,52.487,0.938,1.1597,-1.69,-12.29,6.68,7.188,0.0,0.0,-0.0,0.0,0.0,0.0,6.78,8.0,6.94,7.04
2578,42.9667,7.0,52.503,0.94,1.159,-1.45,-12.19,6.76,6.738,0.0,0.0,-0.0,0.0,0.0,0.0,7.01,5.88,7.01,7.05
2579,42.9833,7.0,52.515,0.944,1.1627,-1.89,-11.6,6.56,3.941,0.0,0.0,-0.0,0.0,0.0,0.0,1.34,6.93,3.06,4.44
2580,43.0,7.0,52.525,0.949,1.1702,-2.25,-11.51,6.38,5.695,0.0,0.0,-0.0,0.0,0.0,0.0,4.01,6.94,6.94,4.89
2581,43.0167,7.0,52.535,0.954,1.1762,-2.97,-11.41,6.41,7.797,0.0,0.0,-0.0,0.0,0.0,0.0,9.65,6.73,6.69,8.12
2582,43.0333,7.0,52.546,0.959,1.1801,-3.71,-11.37,6.46,7.802,0.0,0.0,-0.0,0.0,0.0,0.0,10.13,6.96,7.01,7.1
2583,43.05,7.0,52.556,0.964,1.1827,-4.48,-11.33,6.46,6.868,0.0,0.0,-0.0,0.0,0.0,0.0,6.99,6.97,7.0,6.52
2584,43.0667,7.0,52.565,0.969,1.1886,-5.09,-11.56,6.43,6.174,0.0,0.0,-0.0,0.0,0.0,0.0,5.33,6.94,6.97,5.46
2585,43.0833,7.0,52.576,0.975,1.1923,-5.86,-11.74,6.37,6.923,0.0,0.0,-0.0,0.0,0.0,0.0,8.09,6.98,7.01,5.61
2586,43.1,7.0,52.586,0.982,1.1952,-6.47,-11.75,6.39,6.039,0.0,0.0,-0.0,0.0,0.0,0.0,7.04,2.93,7.06,7.13
2587,43.1167,7.0,52.595,0.987,1.1977,-6.52,-11.16,6.61,7.065,0.0,0.0,-0.0,0.0,0.0,0.0,6.96,7.33,6.99,6.98
2588,43.1333,7.0,52.602,0.988,1.2032,-6.32,-10.81,6.6,5.534,0.0,0.0,-0.0,0.0,0.0,0.0,4.96,3.25,6.96,6.96
2589,43.15,7.0,52.611,0.99,1.2052,-6.06,-10.38,6.8,7.059,0.0,0.0,-0.0,0.0,0.0,0.0,7.59,6.64,7.0,7.01
2590,43.1667,7.0,52.62,0.992,1.2058,-5.67,-9.9,7.03,6.906,0.0,0.0,-0.0,0.0,0.0,0.0,6.97,6.67,6.98,7.01
2591,43.1833,7.0,52.63,0.992,1.2058,-5.19,-9.5,7.22,8.534,0.0,0.0,-0.0,0.0,0.0,0.0,17.89,3.03,6.55,6.66
2592,43.2,7.0,52.64,0.991,1.2055,-4.7,-9.15,7.41,8.896,0.0,0.0,-0.0,0.0,0.0,0.0,14.67,7.86,6.48,6.58
2593,43.2167,7.0,52.65,0.99,1.2048,-4.07,-8.82,7.53,4.825,0.0,0.0,-0.0,0.0,0.0,0.0,7.19,3.72,6.95,1.43
2594,43.2333,7.0,52.662,0.989,1.2053,-3.55,-8.44,7.71,6.354,0.0,0.0,-0.0,0.0,0.0,0.0,6.95,6.64,6.97,4.86
2595,43.25,7.0,52.676,0.988,1.2056,-3.0,-8.11,7.92,6.861,0.0,0.0,-0.0,0.0,0.0,0.0,6.94,7.46,6.93,6.12
2596,43.2667,7.0,52.686,0.989,1.2113,-2.81,-8.32,7.95,6.443,0.0,0.0,-0.0,0.0,0.0,0.0,6.97,5.41,6.42,6.97
2597,43.2833,7.0,52.696,0.989,1.2177,-2.67,-8.7,7.97,6.835,0.0,0.0,-0.0,0.0,0.0,0.0,7.02,5.64,7.64,7.04
2598,43.3,7.0,52.706,0.99,1.2231,-2.47,-9.15,8.0,6.809,0.0,0.0,-0.0,0.0,0.0,0.0,7.09,5.67,7.51,6.97
2599,43.3167,7.0,52.716,0.989,1.2274,-2.23,-9.62,8.02,6.38,0.0,0.0,-0.0,0.0,0.0,0.0,6.97,5.65,5.93,6.97
2600,43.3333,7.0,52.728,0.989,1.2306,-1.93,-10.13,8.04,6.904,0.0,0.0,-0.0,0.0,0.0,0.0,7.1,6.12,7.46,6.93
2601,43.35,7.0,52.74,0.988,1.2324,-1.59,-10.66,8.08,7.421,0.0,0.0,-0.0,0.0,0.0,0.0,6.95,6.42,9.3,7.01
2602,43.3667,7.0,52.752,0.989,1.2342,-1.4,-10.93,8.05,6.458,0.0,0.0,-0.0,0.0,0.0,0.0,6.83,7.0,5.65,6.36
2603,43.3833,7.0,52.764,0.99,1.2359,-1.39,-11.08,8.06,6.793,0.0,0.0,-0.0,0.0,0.0,0.0,7.0,7.0,7.0,6.17
2604,43.4,7.0,52.778,0.993,1.2361,-1.44,-11.26,8.09,4.136,0.0,0.0,-0.0,0.0,0.0,0.0,7.02,-3.6,7.02,6.1
2605,43.4167,7.0,52.792,0.995,1.2362,-1.52,-11.26,8.13,6.528,0.0,0.0,-0.0,0.0,0.0,0.0,7.05,6.03,7.03,6.01
2606,43.4333,7.0,52.807,0.998,1.2354,-1.65,-11.25,8.14,6.837,0.0,0.0,-0.0,0.0,0.0,0.0,7.04,7.12,7.05,6.14
2607,43.45,7.0,52.822,1.0,1.2359,-1.58,-11.07,8.13,6.749,0.0,0.0,-0.0,0.0,0.0,0.0,7.1,5.8,7.18,6.91
2608,43.4667,7.0,52.838,1.001,1.2362,-1.43,-11.17,8.21,7.417,0.0,0.0,-0.0,0.0,0.0,0.0,6.85,6.83,6.47,9.51
2609,43.4833,7.0,52.854,1.003,1.2357,-1.48,-11.11,8.15,6.887,0.0,0.0,-0.0,0.0,0.0,0.0,7.03,7.03,7.04,6.45
2610,43.5,7.0,52.87,1.006,1.2334,-1.57,-11.06,8.13,6.789,0.0,0.0,-0.0,0.0,0.0,0.0,6.96,7.0,7.0,6.19
2611,43.5167,7.0,52.885,1.008,1.2362,-1.52,-11.12,8.13,6.869,0.0,0.0,-0.0,0.0,0.0,0.0,6.8,6.87,6.74,7.06
2612,43.5333,7.0,52.901,1.01,1.2361,-1.46,-11.15,8.14,6.672,0.0,0.0,-0.0,0.0,0.0,0.0,6.97,6.99,6.98,5.74
2613,43.55,7.0,52.917,1.012,1.2348,-1.51,-11.02,8.1,6.349,0.0,0.0,-0.0,0.0,0.0,0.0,5.87,6.85,6.65,6.03
2614,43.5667,7.0,52.933,1.015,1.2362,-1.54,-11.1,8.09,6.675,0.0,0.0,-0.0,0.0,0.0,0.0,6.98,6.25,6.5,6.97
2615,43.5833,7.0,52.949,1.017,1.2361,-1.44,-11.15,8.14,6.682,0.0,0.0,-0.0,0.0,0.0,0.0,6.91,6.15,6.89,6.77
2616,43.6,7.0,52.965,1.019,1.235,-1.45,-10.97,8.15,6.554,0.0,0.0,-0.0,0.0,0.0,0.0,5.91,7.01,6.61,6.69
2617,43.6167,7.0,52.98,1.022,1.2343,-1.61,-11.21,8.16,7.289,0.0,0.0,-0.0,0.0,0.0,0.0,7.0,12.42,6.12,3.61
2618,43.6333,7.0,52.994,1.025,1.2363,-1.7,-10.94,7.96,6.242,0.0,0.0,-0.0,0.0,0.0,0.0,6.99,7.87,4.89,5.22
2619,43.65,7.0,53.003,1.03,1.2392,-2.13,-10.5,7.64,5.195,0.0,0.0,-0.0,0.0,0.0,0.0,3.3,6.83,6.64,4.0
2620,43.6667,7.0,53.011,1.035,1.245,-2.52,-10.46,7.39,5.867,0.0,0.0,-0.0,0.0,0.0,0.0,3.86,7.04,6.99,5.58
2621,43.6833,7.0,53.018,1.04,1.2508,-3.23,-10.42,7.36,12.716,0.0,0.0,-0.0,0.0,0.0,0.0,25.54,7.29,7.32,10.71
2622,43.7,7.0,53.025,1.044,1.2542,-4.31,-10.39,7.41,6.964,0.0,0.0,-0.0,0.0,0.0,0.0,6.92,6.93,6.95,7.06
2623,43.7167,7.0,53.032,1.049,1.2586,-5.06,-10.57,7.42,6.871,0.0,0.0,-0.0,0.0,0.0,0.0,7.98,6.93,6.95,5.62
2624,43.7333,7.0,53.039,1.054,1.2638,-5.79,-10.93,7.42,7.091,0.0,0.0,-0.0,0.0,0.0,0.0,8.87,6.9,6.9,5.69
2625,43.75,7.0,53.047,1.06,1.269,-6.61,-11.02,7.32,6.376,0.0,0.0,-0.0,0.0,0.0,0.0,10.53,3.14,7.26,4.58
2626,43.7667,7.0,53.057,1.066,1.2742,-7.3,-11.13,7.24,6.389,0.0,0.0,-0.0,0.0,0.0,0.0,7.0,5.86,6.98,5.71
2627,43.7833,7.0,53.067,1.072,1.2782,-8.04,-11.24,7.18,6.648,0.0,0.0,-0.0,0.0,0.0,0.0,6.97,6.95,6.96,5.7
2628,43.8,7.0,53.077,1.078,1.2811,-8.63,-11.17,7.2,6.217,0.0,0.0,-0.0,0.0,0.0,0.0,6.79,3.95,6.94,7.18
2629,43.8167,7.0,53.085,1.084,1.2841,-8.54,-10.59,7.26,4.839,0.0,0.0,-0.0,0.0,0.0,0.0,-1.25,6.92,6.83,6.85
2630,43.8333,7.0,53.093,1.087,1.2874,-8.47,-9.96,7.37,7.006,0.0,0.0,-0.0,0.0,0.0,0.0,6.93,7.11,7.0,6.99
2631,43.85,7.0,53.101,1.089,1.2907,-8.24,-9.42,7.45,12.413,0.0,0.0,-0.0,0.0,0.0,0.0,28.68,7.04,6.96,6.97
2632,43.8667,7.0,53.108,1.089,1.2933,-7.85,-9.05,7.54,5.8,0.0,0.0,-0.0,0.0,0.0,0.0,5.19,4.09,6.95,6.97
2633,43.8833,7.0,53.116,1.089,1.2943,-7.29,-8.64,7.71,6.869,0.0,0.0,-0.0,0.0,0.0,0.0,6.96,6.56,6.96,6.99
2634,43.9,7.0,53.124,1.089,1.2938,-6.61,-8.22,7.88,1.663,0.0,0.0,-0.0,0.0,0.0,0.0,6.79,-13.99,6.9,6.96
2635,43.9167,7.0,53.132,1.089,1.2923,-5.81,-7.78,8.04,7.554,0.0,0.0,-0.0,0.0,0.0,0.0,6.84,8.83,7.24,7.3
2636,43.9333,7.0,53.141,1.088,1.2895,-5.25,-7.45,8.19,14.665,0.0,0.0,-0.0,0.0,0.0,0.0,19.53,3.48,7.67,27.98
2637,43.95,7.0,53.15,1.088,1.2897,-4.76,-6.92,8.08,4.499,0.0,0.0,-0.0,0.0,0.0,0.0,1.01,6.84,6.87,3.28
2638,43.9667,7.0,53.161,1.087,1.289,-4.43,-6.56,8.1,1.522,0.0,0.0,-0.0,0.0,0.0,0.0,6.75,-15.26,6.78,7.81
2639,43.9833,7.0,53.172,1.086,1.2909,-3.96,-6.23,8.09,11.994,0.0,0.0,-0.0,0.0,0.0,0.0,29.03,6.8,7.04,5.11
2640,44.0,7.0,53.186,1.085,1.2915,-3.56,-5.86,8.12,3.526,0.0,0.0,-0.0,0.0,0.0,0.0,7.71,-5.85,6.8,5.44
2641,44.0167,7.0,53.199,1.084,1.2915,-3.13,-5.44,8.08,6.657,0.0,0.0,-0.0,0.0,0.0,0.0,6.95,5.65,7.0,7.02
2642,44.0333,7.0,53.213,1.083,1.2905,-2.58,-5.09,8.07,7.129,0.0,0.0,-0.0,0.0,0.0,0.0,7.61,7.87,6.53,6.5
2643,44.05,7.0,53.228,1.082,1.2908,-2.11,-4.72,8.07,6.182,0.0,0.0,-0.0,0.0,0.0,0.0,5.44,7.02,7.04,5.22
2644,44.0667,7.0,53.244,1.082,1.292,-1.95,-4.62,8.06,7.805,0.0,0.0,-0.0,0.0,0.0,0.0,6.98,6.95,9.2,8.09
2645,44.0833,7.0,53.258,1.085,1.296,-1.95,-4.9,8.1,6.927,0.0,0.0,-0.0,0.0,0.0,0.0,7.0,6.64,7.06,7.01
2646,44.1,7.0,53.272,1.087,1.2987,-1.85,-5.1,8.18,6.788,0.0,0.0,-0.0,0.0,0.0,0.0,7.02,6.11,7.01,7.02
2647,44.1167,7.0,53.287,1.088,1.2995,-1.69,-5.3,8.24,6.795,0.0,0.0,-0.0,0.0,0.0,0.0,7.01,6.16,7.01,7.01
2648,44.1333,7.0,53.301,1.09,1.2992,-1.62,-5.39,8.24,8.203,0.0,0.0,-0.0,0.0,0.0,0.0,6.86,6.86,12.81,6.28
2649,44.15,7.0,53.316,1.092,1.2974,-1.7,-5.47,8.18,6.415,0.0,0.0,-0.0,0.0,0.0,0.0,6.98,3.11,7.01,8.56
2650,44.1667,7.0,53.332,1.093,1.2985,-1.56,-5.41,8.18,6.888,0.0,0.0,-0.0,0.0,0.0,0.0,6.99,6.77,6.74,7.05
2651,44.1833,7.0,53.347,1.095,1.3,-1.58,-5.44,8.11,6.808,0.0,0.0,-0.0,0.0,0.0,0.0,7.01,7.01,7.0,6.22
2652,44.2,7.0,53.362,1.097,1.2995,-1.65,-5.5,8.04,6.815,0.0,0.0,-0.0,0.0,0.0,0.0,7.0,7.0,7.0,6.25
2653,44.2167,7.0,53.378,1.099,1.2982,-1.55,-5.35,8.08,5.305,0.0,0.0,-0.0,0.0,0.0,0.0,-0.25,7.13,7.16,7.18
2654,44.2333,7.0,53.394,1.1,1.3,-1.48,-5.39,7.92,6.797,0.0,0.0,-0.0,0.0,0.0,0.0,6.99,6.99,6.78,6.42
2655,44.25,7.0,53.41,1.101,1.3003,-1.51,-5.43,7.81,6.914,0.0,0.0,-0.0,0.0,0.0,0.0,7.0,7.0,7.0,6.65
2656,44.2667,7.0,53.426,1.104,1.299,-1.56,-5.56,7.79,7.826,0.0,0.0,-0.0,0.0,0.0,0.0,7.07,7.08,9.15,8.0
2657,44.2833,7.0,53.442,1.105,1.2992,-1.38,-5.57,7.9,6.35,0.0,0.0,-0.0,0.0,0.0,0.0,6.82,5.11,6.96,6.51
2658,44.3,7.0,53.458,1.108,1.3005,-1.48,-5.41,7.92,6.953,0.0,0.0,-0.0,0.0,0.0,0.0,6.98,7.0,6.69,7.15
2659,44.3167,7.0,53.474,1.111,1.2996,-1.61,-5.5,7.91,6.863,0.0,0.0,-0.0,0.0,0.0,0.0,6.99,6.99,6.98,6.49
2660,44.3333,7.0,53.49,1.112,1.2994,-1.47,-5.54,7.91,6.637,0.0,0.0,-0.0,0.0,0.0,0.0,6.27,6.3,7.01,6.96
2661,44.35,7.0,53.506,1.114,1.3004,-1.43,-5.44,7.91,6.872,0.0,0.0,-0.0,0.0,0.0,0.0,7.0,7.0,6.77,6.72
2662,44.3667,7.0,53.522,1.117,1.3001,-1.53,-5.49,7.89,6.695,0.0,0.0,-0.0,0.0,0.0,0.0,6.81,6.77,6.79,6.42
2663,44.3833,7.0,53.538,1.12,1.3003,-1.64,-5.51,7.88,7.008,0.0,0.0,-0.0,0.0,0.0,0.0,7.09,6.98,7.01,6.95
2664,44.4,7.0,53.55,1.124,1.3052,-1.72,-5.01,7.52,6.051,0.0,0.0,-0.0,0.0,0.0,0.0,5.15,6.94,6.96,5.15
2665,44.4167,7.0,53.562,1.128,1.3101,-2.13,-4.63,7.42,6.792,0.0,0.0,-0.0,0.0,0.0,0.0,6.77,7.01,7.02,6.36
2666,44.4333,7.0,53.574,1.132,1.3139,-2.75,-4.33,7.45,6.581,0.0,0.0,-0.0,0.0,0.0,0.0,6.17,7.01,7.02,6.12
2667,44.45,7.0,53.586,1.136,1.3198,-3.11,-4.38,7.44,6.476,0.0,0.0,-0.0,0.0,0.0,0.0,5.38,6.94,6.99,6.59
2668,44.4667,7.0,53.598,1.14,1.3233,-3.66,-4.39,7.43,8.203,0.0,0.0,-0.0,0.0,0.0,0.0,12.2,7.17,7.15,6.29
2669,44.4833,7.0,53.611,1.146,1.3258,-4.27,-4.36,7.39,6.872,0.0,0.0,-0.0,0.0,0.0,0.0,7.68,7.01,7.03,5.76
2670,44.5,7.0,53.623,1.151,1.3292,-4.82,-4.52,7.4,6.277,0.0,0.0,-0.0,0.0,0.0,0.0,5.07,6.96,6.96,6.12
2671,44.5167,7.0,53.635,1.157,1.3323,-5.42,-4.77,7.39,6.477,0.0,0.0,-0.0,0.0,0.0,0.0,6.1,6.95,6.96,5.89
2672,44.5333,7.0,53.648,1.162,1.3344,-5.85,-4.82,7.42,5.785,0.0,0.0,-0.0,0.0,0.0,0.0,4.74,4.28,7.01,7.11
2673,44.55,7.0,53.659,1.166,1.3369,-5.8,-4.26,7.63,7.0,0.0,0.0,-0.0,0.0,0.0,0.0,6.98,7.03,7.0,7.0
2674,44.5667,7.0,53.67,1.168,1.3405,-5.59,-3.84,7.64,6.918,0.0,0.0,-0.0,0.0,0.0,0.0,9.05,4.63,6.99,7.0
2675,44.5833,7.0,53.682,1.169,1.3427,-5.33,-3.43,7.77,7.085,0.0,0.0,-0.0,0.0,0.0,0.0,7.17,7.17,6.99,7.01
2676,44.6,7.0,53.694,1.169,1.3434,-4.92,-3.05,7.9,6.968,0.0,0.0,-0.0,0.0,0.0,0.0,6.98,6.9,6.98,7.01
2677,44.6167,7.0,53.707,1.17,1.3427,-4.41,-2.65,8.06,7.076,0.0,0.0,-0.0,0.0,0.0,0.0,6.99,7.34,6.97,7.01
2678,44.6333,7.0,53.72,1.169,1.341,-3.79,-2.28,8.23,6.123,0.0,0.0,-0.0,0.0,0.0,0.0,5.41,5.16,6.94,6.99
2679,44.65,7.0,53.734,1.167,1.3389,-3.08,-2.0,8.33,6.616,0.0,0.0,-0.0,0.0,0.0,0.0,6.96,5.55,6.96,7.0
2680,44.6667,7.0,53.749,1.164,1.3356,-2.28,-1.76,8.41,6.48,0.0,0.0,-0.0,0.0,0.0,0.0,6.98,4.96,6.96,7.01
2681,44.6833,7.0,53.765,1.162,1.3332,-1.63,-1.41,8.4,6.234,0.0,0.0,-0.0,0.0,0.0,0.0,5.8,7.01,6.93,5.19
2682,44.7,7.0,53.782,1.161,1.3326,-1.21,-1.54,8.43,7.921,0.0,0.0,-0.0,0.0,0.0,0.0,6.97,9.3,9.42,6.0
2683,44.7167,7.0,53.798,1.162,1.3373,-1.18,-1.3,8.26,6.964,0.0,0.0,-0.0,0.0,0.0,0.0,6.92,6.96,6.97,7.0
2684,44.7333,7.0,53.814,1.163,1.3382,-1.02,-1.47,8.23,6.927,0.0,0.0,-0.0,0.0,0.0,0.0,6.99,6.98,6.99,6.75
2685,44.75,7.0,53.83,1.164,1.3372,-0.97,-1.52,8.12,6.598,0.0,0.0,-0.0,0.0,0.0,0.0,7.12,7.1,7.12,5.05
2686,44.7667,7.0,53.846,1.167,1.3359,-1.24,-1.21,7.88,6.838,0.0,0.0,-0.0,0.0,0.0,0.0,7.01,7.02,7.01,6.31
2687,44.7833,7.0,53.863,1.169,1.3327,-1.56,-0.99,7.73,6.848,0.0,0.0,-0.0,0.0,0.0,0.0,7.0,7.02,7.0,6.38
2688,44.8,7.0,53.879,1.171,1.3336,-1.49,-1.27,7.74,6.93,0.0,0.0,-0.0,0.0,0.0,0.0,6.8,6.9,6.99,7.04
2689,44.8167,7.0,53.895,1.172,1.3327,-1.36,-1.3,7.73,6.188,0.0,0.0,-0.0,0.0,0.0,0.0,6.94,6.35,5.48,5.98
2690,44.8333,7.0,53.911,1.175,1.3327,-1.44,-0.93,7.7,6.949,0.0,0.0,-0.0,0.0,0.0,0.0,6.99,6.99,6.96,6.85
2691,44.85,7.0,53.927,1.177,1.334,-1.54,-1.13,7.73,6.82,0.0,0.0,-0.0,0.0,0.0,0.0,6.82,7.01,7.27,6.18
2692,44.8667,7.0,53.943,1.179,1.3342,-1.53,-1.17,7.65,6.782,0.0,0.0,-0.0,0.0,0.0,0.0,7.01,7.01,7.01,6.1
2693,44.8833,7.0,53.959,1.181,1.3329,-1.6,-1.07,7.56,6.426,0.0,0.0,-0.0,0.0,0.0,0.0,6.92,6.13,7.09,5.57
2694,44.9,7.0,53.975,1.182,1.3342,-1.47,-1.12,7.58,7.08,0.0,0.0,-0.0,0.0,0.0,0.0,7.17,7.08,7.06,7.01
2695,44.9167,7.0,53.991,1.184,1.334,-1.44,-1.25,7.56,6.897,0.0,0.0,-0.0,0.0,0.0,0.0,7.0,7.0,7.0,6.59
2696,44.9333,7.0,54.007,1.186,1.3326,-1.36,-1.27,7.56,5.936,0.0,0.0,-0.0,0.0,0.0,0.0,6.94,7.14,5.44,4.23
2697,44.95,7.0,54.023,1.188,1.3328,-1.45,-0.91,7.48,5.464,0.0,0.0,-0.0,0.0,0.0,0.0,6.0,6.94,1.84,7.08
2698,44.9667,7.0,54.039,1.19,1.3342,-1.47,-1.16,7.45,7.226,0.0,0.0,-0.0,0.0,0.0,0.0,7.32,7.04,8.88,5.66
2699,44.9833,7.0,54.055,1.192,1.3331,-1.47,-1.4,7.41,7.022,0.0,0.0,-0.0,0.0,0.0,0.0,7.0,7.0,7.01,7.08
2700,45.0,7.0,54.07,1.195,1.3325,-1.58,-1.06,7.33,6.178,0.0,0.0,-0.0,0.0,0.0,0.0,5.6,5.86,6.98,6.26
2701,45.0167,7.0,54.086,1.196,1.3345,-1.51,-1.14,7.32,6.804,0.0,0.0,-0.0,0.0,0.0,0.0,6.76,7.0,6.67,6.79
2702,45.0333,7.0,54.102,1.198,1.3341,-1.47,-1.23,7.3,6.831,0.0,0.0,-0.0,0.0,0.0,0.0,7.0,7.01,7.01,6.3
2703,45.05,7.0,54.118,1.201,1.3326,-1.52,-1.08,7.27,7.797,0.0,0.0,-0.0,0.0,0.0,0.0,3.11,11.54,11.89,4.65
2704,45.0667,7.0,54.133,1.205,1.3348,-1.8,-0.88,7.23,6.637,0.0,0.0,-0.0,0.0,0.0,0.0,5.5,6.98,7.0,7.07
2705,45.0833,7.0,54.148,1.209,1.3389,-2.06,-1.0,7.25,6.756,0.0,0.0,-0.0,0.0,0.0,0.0,6.07,6.99,6.99,6.98
2706,45.1,7.0,54.163,1.213,1.3414,-2.43,-0.95,7.26,6.904,0.0,0.0,-0.0,0.0,0.0,0.0,6.92,7.0,7.0,6.69
2707,45.1167,7.0,54.178,1.218,1.342,-2.84,-0.98,7.25,6.883,0.0,0.0,-0.0,0.0,0.0,0.0,7.0,7.01,7.01,6.51
2708,45.1333,7.0,54.193,1.221,1.3442,-3.11,-1.32,7.26,6.91,0.0,0.0,-0.0,0.0,0.0,0.0,6.86,7.0,6.99,6.79
2709,45.15,7.0,54.207,1.225,1.345,-3.2,-1.39,7.34,6.349,0.0,0.0,-0.0,0.0,0.0,0.0,7.08,4.17,7.08,7.07
2710,45.1667,7.0,54.221,1.227,1.3457,-3.04,-0.99,7.58,6.342,0.0,0.0,-0.0,0.0,0.0,0.0,7.01,4.33,7.01,7.02
2711,45.1833,7.0,54.236,1.229,1.346,-2.75,-0.62,7.73,6.429,0.0,0.0,-0.0,0.0,0.0,0.0,5.74,5.97,6.99,7.01
2712,45.2,7.0,54.251,1.228,1.3463,-2.34,-0.41,7.74,6.578,0.0,0.0,-0.0,0.0,0.0,0.0,5.89,6.4,7.0,7.02
2713,45.2167,7.0,54.267,1.227,1.3448,-1.84,-0.23,7.75,6.718,0.0,0.0,-0.0,0.0,0.0,0.0,7.01,5.84,7.0,7.02
2714,45.2333,7.0,54.283,1.226,1.3421,-1.41,0.11,7.7,6.466,0.0,0.0,-0.0,0.0,0.0,0.0,7.12,7.13,7.15,4.46
2715,45.25,7.0,54.3,1.225,1.3428,-1.06,0.35,7.69,6.614,0.0,0.0,-0.0,0.0,0.0,0.0,6.31,6.95,6.96,6.24
2716,45.2667,7.0,54.317,1.226,1.3419,-0.77,0.53,7.68,6.485,0.0,0.0,-0.0,0.0,0.0,0.0,5.58,7.01,7.02,6.34
2717,45.2833,7.0,54.334,1.227,1.3395,-0.57,0.73,7.65,6.054,0.0,0.0,-0.0,0.0,0.0,0.0,3.82,6.69,6.78,6.92
2718,45.3,7.0,54.352,1.229,1.3394,-0.54,1.11,7.65,7.073,0.0,0.0,-0.0,0.0,0.0,0.0,7.95,6.97,6.99,6.38
2719,45.3167,7.0,54.369,1.231,1.3374,-0.54,1.39,7.64,6.834,0.0,0.0,-0.0,0.0,0.0,0.0,6.92,6.88,6.91,6.63
2720,45.3333,7.0,54.387,1.234,1.3348,-0.61,1.69,7.61,6.875,0.0,0.0,-0.0,0.0,0.0,0.0,6.96,6.97,6.97,6.6
2721,45.35,7.0,54.405,1.237,1.3306,-0.74,1.95,7.59,7.404,0.0,0.0,-0.0,0.0,0.0,0.0,7.27,7.17,7.89,7.29
2722,45.3667,7.0,54.422,1.243,1.3296,-1.21,1.97,7.59,7.954,0.0,0.0,-0.0,0.0,0.0,0.0,8.98,6.9,6.95,8.98
2723,45.3833,7.0,54.438,1.247,1.3293,-1.51,1.59,7.64,7.441,0.0,0.0,-0.0,0.0,0.0,0.0,6.87,6.88,6.88,9.13
2724,45.4,7.0,54.455,1.25,1.3289,-1.43,1.76,7.84,6.713,0.0,0.0,-0.0,0.0,0.0,0.0,7.02,5.76,7.03,7.04
2725,45.4167,7.0,54.471,1.252,1.3295,-1.42,1.83,7.84,6.802,0.0,0.0,-0.0,0.0,0.0,0.0,6.36,7.0,7.0,6.84
2726,45.4333,7.0,54.488,1.255,1.3289,-1.37,1.83,7.86,7.409,0.0,0.0,-0.0,0.0,0.0,0.0,7.52,7.07,7.07,7.98
2727,45.45,7.0,54.504,1.256,1.3266,-1.4,1.73,7.74,6.937,0.0,0.0,-0.0,0.0,0.0,0.0,7.0,7.01,7.01,6.73
2728,45.4667,7.0,54.521,1.259,1.3279,-1.43,1.95,7.75,6.973,0.0,0.0,-0.0,0.0,0.0,0.0,6.85,6.8,6.85,7.39
2729,45.4833,7.0,54.537,1.261,1.3294,-1.44,1.8,7.74,6.492,0.0,0.0,-0.0,0.0,0.0,0.0,5.55,7.0,7.01,6.41
2730,45.5,7.0,54.553,1.264,1.3282,-1.49,1.68,7.77,6.922,0.0,0.0,-0.0,0.0,0.0,0.0,7.0,7.01,7.01,6.68
2731,45.5167,7.0,54.569,1.265,1.3268,-1.32,1.9,7.86,6.661,0.0,0.0,-0.0,0.0,0.0,0.0,5.96,9.94,4.03,6.71
2732,45.5333,7.0,54.585,1.266,1.3289,-1.24,2.0,7.72,6.916,0.0,0.0,-0.0,0.0,0.0,0.0,7.09,6.99,6.99,6.6
2733,45.55,7.0,54.602,1.267,1.3285,-1.13,2.01,7.59,7.03,0.0,0.0,-0.0,0.0,0.0,0.0,7.0,7.0,7.0,7.13
2734,45.5667,7.0,54.62,1.268,1.3262,-1.06,2.01,7.5,6.223,0.0,0.0,-0.0,0.0,0.0,0.0,5.01,6.68,4.4,8.8
2735,45.5833,7.0,54.635,1.272,1.3291,-1.29,1.95,7.47,6.895,0.0,0.0,-0.0,0.0,0.0,0.0,7.06,6.96,6.86,6.71
2736,45.6,7.0,54.651,1.275,1.3295,-1.44,1.79,7.44,7.026,0.0,0.0,-0.0,0.0,0.0,0.0,7.0,6.99,7.0,7.12
2737,45.6167,7.0,54.666,1.278,1.3278,-1.6,1.68,7.43,6.679,0.0,0.0,-0.0,0.0,0.0,0.0,6.74,5.98,7.02,6.97
2738,45.6333,7.0,54.683,1.279,1.3277,-1.42,1.94,7.41,6.989,0.0,0.0,-0.0,0.0,0.0,0.0,7.77,7.35,6.83,6.01
2739,45.65,7.0,54.699,1.28,1.3292,-1.28,1.97,7.39,6.854,0.0,0.0,-0.0,0.0,0.0,0.0,6.83,7.0,7.0,6.58
2740,45.6667,7.0,54.716,1.282,1.3284,-1.19,1.98,7.37,6.873,0.0,0.0,-0.0,0.0,0.0,0.0,7.02,7.02,7.02,6.43
2741,45.6833,7.0,54.732,1.284,1.326,-1.2,1.91,7.35,6.752,0.0,0.0,-0.0,0.0,0.0,0.0,6.59,6.68,6.08,7.66
2742,45.7,7.0,54.748,1.288,1.3288,-1.41,1.88,7.34,6.985,0.0,0.0,-0.0,0.0,0.0,0.0,7.02,7.01,7.0,6.91
2743,45.7167,7.0,54.763,1.291,1.3294,-1.57,1.72,7.36,7.071,0.0,0.0,-0.0,0.0,0.0,0.0,7.03,6.37,7.0,7.88
2744,45.7333,7.0,54.779,1.294,1.3279,-1.67,1.6,7.38,6.409,0.0,0.0,-0.0,0.0,0.0,0.0,6.94,3.22,6.93,8.55
2745,45.75,7.0,54.794,1.296,1.3266,-1.34,1.96,7.63,5.251,0.0,0.0,-0.0,0.0,0.0,0.0,0.66,6.31,7.01,7.03
2746,45.7667,7.0,54.811,1.297,1.3283,-1.14,2.11,7.62,6.828,0.0,0.0,-0.0,0.0,0.0,0.0,6.67,7.0,7.0,6.64
2747,45.7833,7.0,54.828,1.298,1.328,-1.01,2.29,7.59,6.73,0.0,0.0,-0.0,0.0,0.0,0.0,6.38,7.0,7.0,6.54
2748,45.8,7.0,54.845,1.3,1.3267,-0.89,2.49,7.62,6.865,0.0,0.0,-0.0,0.0,0.0,0.0,7.0,6.98,7.01,6.46
2749,45.8167,7.0,54.862,1.302,1.3246,-0.89,2.79,7.61,6.692,0.0,0.0,-0.0,0.0,0.0,0.0,6.47,7.01,7.02,6.28
2750,45.8333,7.0,54.88,1.305,1.322,-0.95,3.07,7.6,6.85,0.0,0.0,-0.0,0.0,0.0,0.0,6.99,7.0,7.01,6.4
2751,45.85,7.0,54.898,1.308,1.3172,-1.05,3.35,7.57,6.826,0.0,0.0,-0.0,0.0,0.0,0.0,6.99,7.0,7.0,6.32
2752,45.8667,7.0,54.916,1.312,1.3118,-1.41,3.98,7.43,6.641,0.0,0.0,-0.0,0.0,0.0,0.0,8.7,4.62,6.97,6.27
2753,45.8833,7.0,54.934,1.316,1.3066,-1.59,4.61,7.48,6.515,0.0,0.0,-0.0,0.0,0.0,0.0,6.98,5.74,7.0,6.35
2754,45.9,7.0,54.954,1.32,1.2997,-1.71,5.18,7.53,6.215,0.0,0.0,-0.0,0.0,0.0,0.0,6.77,3.34,6.79,7.96
2755,45.9167,7.0,54.973,1.322,1.2931,-1.35,6.15,7.83,6.236,0.0,0.0,-0.0,0.0,0.0,0.0,6.9,5.05,6.95,6.04
2756,45.9333,7.0,54.993,1.323,1.2957,-1.0,6.37,7.83,6.927,0.0,0.0,-0.0,0.0,0.0,0.0,7.13,6.87,6.54,7.16
2757,45.95,7.0,55.012,1.323,1.2946,-0.69,6.56,7.81,7.277,0.0,0.0,-0.0,0.0,0.0,0.0,6.9,6.85,6.89,8.46
2758,45.9667,7.0,55.03,1.325,1.2938,-0.6,6.5,7.78,8.68,0.0,0.0,-0.0,0.0,0.0,0.0,12.57,7.06,7.35,7.74
2759,45.9833,7.0,55.046,1.329,1.2954,-0.67,6.62,7.9,6.934,0.0,0.0,-0.0,0.0,0.0,0.0,6.42,7.02,7.02,7.27
2760,46.0,7.0,55.062,1.332,1.2942,-0.74,6.61,8.0,6.317,0.0,0.0,-0.0,0.0,0.0,0.0,4.42,7.07,7.09,6.68
2761,46.0167,7.0,55.077,1.335,1.2936,-0.79,6.31,7.99,6.954,0.0,0.0,-0.0,0.0,0.0,0.0,6.99,6.71,6.74,7.38
2762,46.0333,7.0,55.092,1.338,1.2949,-1.01,6.36,8.01,6.783,0.0,0.0,-0.0,0.0,0.0,0.0,6.72,7.02,7.02,6.38
2763,46.05,7.0,55.107,1.342,1.2942,-1.26,6.34,8.01,6.389,0.0,0.0,-0.0,0.0,0.0,0.0,4.9,6.99,6.99,6.67
2764,46.0667,7.0,55.122,1.346,1.294,-1.45,6.07,8.01,7.166,0.0,0.0,-0.0,0.0,0.0,0.0,7.61,7.0,7.0,7.05
2765,46.0833,7.0,55.136,1.348,1.2944,-1.35,5.98,8.16,6.649,0.0,0.0,-0.0,0.0,0.0,0.0,7.03,5.5,7.02,7.04
2766,46.1,7.0,55.152,1.351,1.2932,-1.1,5.96,8.36,6.701,0.0,0.0,-0.0,0.0,0.0,0.0,7.01,5.77,7.01,7.01
2767,46.1167,7.0,55.167,1.353,1.2899,-0.76,5.92,8.58,6.491,0.0,0.0,-0.0,0.0,0.0,0.0,7.01,4.97,7.0,7.0
2768,46.1333,7.0,55.183,1.354,1.2891,-0.58,5.85,8.58,6.633,0.0,0.0,-0.0,0.0,0.0,0.0,7.04,6.08,6.39,7.03
2769,46.15,7.0,55.198,1.355,1.2891,-0.36,5.8,8.58,7.033,0.0,0.0,-0.0,0.0,0.0,0.0,7.03,6.52,7.58,7.01
2770,46.1667,7.0,55.214,1.355,1.288,-0.1,5.69,8.59,7.36,0.0,0.0,-0.0,0.0,0.0,0.0,7.03,8.19,7.04,7.17
2771,46.1833,7.0,55.229,1.357,1.2878,0.11,5.32,8.59,7.394,0.0,0.0,-0.0,0.0,0.0,0.0,6.82,7.72,8.11,6.93
2772,46.2,7.0,55.244,1.358,1.2872,0.28,4.95,8.59,6.774,0.0,0.0,-0.0,0.0,0.0,0.0,7.02,6.93,6.12,7.03
2773,46.2167,7.0,55.258,1.359,1.2851,0.37,4.71,8.55,6.322,0.0,0.0,-0.0,0.0,0.0,0.0,7.04,6.24,7.06,4.95
2774,46.2333,7.0,55.273,1.361,1.2824,0.12,4.79,8.36,6.523,0.0,0.0,-0.0,0.0,0.0,0.0,7.0,7.03,7.01,5.05
2775,46.25,7.0,55.289,1.365,1.2788,-0.26,5.01,8.17,6.699,0.0,0.0,-0.0,0.0,0.0,0.0,6.99,7.01,7.02,5.77
2776,46.2667,7.0,55.305,1.369,1.2737,-0.69,5.23,8.02,6.957,0.0,0.0,-0.0,0.0,0.0,0.0,6.99,7.01,7.02,6.81
2777,46.2833,7.0,55.322,1.374,1.268,-1.22,5.72,7.87,7.023,0.0,0.0,-0.0,0.0,0.0,0.0,6.96,4.98,6.98,9.17
2778,46.3,7.0,55.34,1.377,1.2617,-1.31,6.32,7.95,7.598,0.0,0.0,-0.0,0.0,0.0,0.0,6.92,8.86,7.05,7.57
2779,46.3167,7.0,55.358,1.379,1.2562,-1.03,7.05,8.05,8.605,0.0,0.0,-0.0,0.0,0.0,0.0,9.94,10.63,6.99,6.86
2780,46.3333,7.0,55.378,1.376,1.256,-0.87,7.44,7.49,6.673,0.0,0.0,-0.0,0.0,0.0,0.0,6.88,6.88,6.92,6.01
2781,46.35,7.0,55.399,1.374,1.2537,-0.73,7.75,7.01,6.886,0.0,0.0,-0.0,0.0,0.0,0.0,6.94,6.95,6.97,6.69
2782,46.3667,7.0,55.419,1.371,1.2493,-0.63,8.04,6.55,6.533,0.0,0.0,-0.0,0.0,0.0,0.0,6.82,6.72,6.74,5.85
2783,46.3833,7.0,55.44,1.371,1.245,-0.85,8.71,6.01,3.115,0.0,0.0,-0.0,0.0,0.0,0.0,7.54,7.46,-10.73,8.19
2784,46.4,7.0,55.46,1.375,1.2455,-1.21,8.53,5.98,7.519,0.0,0.0,-0.0,0.0,0.0,0.0,7.0,7.0,9.07,7.01
2785,46.4167,7.0,55.479,1.379,1.2444,-1.47,8.51,6.01,6.173,0.0,0.0,-0.0,0.0,0.0,0.0,6.94,3.82,6.96,6.97
2786,46.4333,7.0,55.497,1.382,1.2442,-1.57,8.99,6.04,6.656,0.0,0.0,-0.0,0.0,0.0,0.0,7.03,7.18,5.39,7.02
2787,46.45,7.0,55.515,1.385,1.2449,-1.8,9.0,6.02,7.174,0.0,0.0,-0.0,0.0,0.0,0.0,6.99,7.14,7.56,7.0
2788,46.4667,7.0,55.533,1.389,1.2442,-2.02,8.98,6.04,6.989,0.0,0.0,-0.0,0.0,0.0,0.0,6.99,6.98,6.99,7.0
2789,46.4833,7.0,55.55,1.392,1.245,-2.14,9.2,6.05,6.909,0.0,0.0,-0.0,0.0,0.0,0.0,6.97,6.91,6.77,6.98
2790,46.5,7.0,55.567,1.395,1.2446,-2.2,9.32,6.06,6.914,0.0,0.0,-0.0,0.0,0.0,0.0,7.0,6.65,7.0,7.0
2791,46.5167,7.0,55.584,1.398,1.2437,-2.36,9.18,6.05,6.269,0.0,0.0,-0.0,0.0,0.0,0.0,6.83,4.42,6.9,6.93
2792,46.5333,7.0,55.6,1.399,1.2452,-2.27,9.29,6.06,6.726,0.0,0.0,-0.0,0.0,0.0,0.0,6.27,6.66,6.99,7.0
2793,46.55,7.0,55.617,1.4,1.2443,-2.09,9.25,6.12,6.852,0.0,0.0,-0.0,0.0,0.0,0.0,6.98,6.45,6.99,6.99
2794,46.5667,7.0,55.633,1.401,1.2443,-2.02,9.01,6.12,7.111,0.0,0.0,-0.0,0.0,0.0,0.0,6.93,7.92,6.61,6.98
2795,46.5833,7.0,55.648,1.402,1.2441,-1.92,8.88,6.11,6.629,0.0,0.0,-0.0,0.0,0.0,0.0,6.89,5.86,6.88,6.88
2796,46.6,7.0,55.663,1.402,1.2435,-1.65,9.02,6.18,6.83,0.0,0.0,-0.0,0.0,0.0,0.0,7.02,6.28,7.01,7.01
2797,46.6167,7.0,55.679,1.403,1.2445,-1.51,8.73,6.19,7.06,0.0,0.0,-0.0,0.0,0.0,0.0,7.01,7.09,7.14,7.01
2798,46.6333,7.0,55.694,1.404,1.244,-1.33,8.4,6.2,6.925,0.0,0.0,-0.0,0.0,0.0,0.0,6.94,6.68,7.04,7.04
2799,46.65,7.0,55.709,1.404,1.2433,-1.07,8.3,6.2,6.81,0.0,0.0,-0.0,0.0,0.0,0.0,6.98,6.82,6.46,6.99
2800,46.6667,7.0,55.724,1.404,1.2418,-0.75,8.2,6.22,7.2,0.0,0.0,-0.0,0.0,0.0,0.0,7.13,7.85,6.69,7.13
2801,46.6833,7.0,55.739,1.404,1.2426,-0.62,7.67,6.22,7.092,0.0,0.0,-0.0,0.0,0.0,0.0,7.01,7.02,7.34,7.0
2802,46.7,7.0,55.753,1.405,1.2405,-0.44,7.23,6.24,6.872,0.0,0.0,-0.0,0.0,0.0,0.0,7.1,6.25,7.08,7.05
2803,46.7167,7.0,55.767,1.405,1.236,-0.24,6.84,6.3,7.063,0.0,0.0,-0.0,0.0,0.0,0.0,7.01,6.77,7.49,6.99
2804,46.7333,7.0,55.781,1.406,1.2307,-0.11,6.32,6.32,3.394,0.0,0.0,-0.0,0.0,0.0,0.0,7.06,-7.6,7.06,7.06
2805,46.75,7.0,55.795,1.407,1.223,-0.03,5.72,6.35,13.091,0.0,0.0,-0.0,0.0,0.0,0.0,6.81,29.93,8.76,6.86
2806,46.7667,7.0,55.808,1.408,1.2151,0.17,5.21,6.36,6.973,0.0,0.0,-0.0,0.0,0.0,0.0,6.96,6.97,6.99,6.97
2807,46.7833,7.0,55.821,1.409,1.2063,-0.03,5.15,6.2,6.003,0.0,0.0,-0.0,0.0,0.0,0.0,7.09,7.1,6.82,3.0
2808,46.8,7.0,55.836,1.413,1.2035,-0.39,5.41,6.19,6.838,0.0,0.0,-0.0,0.0,0.0,0.0,6.52,7.6,6.9,6.33
2809,46.8167,7.0,55.851,1.416,1.2024,-0.64,5.33,6.19,6.804,0.0,0.0,-0.0,0.0,0.0,0.0,8.02,4.85,6.87,7.48
2810,46.8333,7.0,55.867,1.418,1.2011,-0.57,5.62,6.29,6.555,0.0,0.0,-0.0,0.0,0.0,0.0,6.83,5.35,7.03,7.02
2811,46.85,7.0,55.883,1.42,1.1985,-0.51,5.91,6.28,8.967,0.0,0.0,-0.0,0.0,0.0,0.0,7.23,15.78,6.7,6.16
2812,46.8667,7.0,55.9,1.422,1.1959,-0.65,6.19,6.19,6.912,0.0,0.0,-0.0,0.0,0.0,0.0,7.0,7.0,7.0,6.64
2813,46.8833,7.0,55.917,1.424,1.1947,-0.74,6.45,6.2,6.635,0.0,0.0,-0.0,0.0,0.0,0.0,7.01,6.21,6.34,6.98
2814,46.9,7.0,55.934,1.427,1.1948,-0.82,6.62,6.19,7.159,0.0,0.0,-0.0,0.0,0.0,0.0,6.97,7.04,7.64,6.98
2815,46.9167,7.0,55.951,1.43,1.1953,-1.01,6.52,6.2,6.986,0.0,0.0,-0.0,0.0,0.0,0.0,7.01,6.34,7.6,7.0
2816,46.9333,7.0,55.968,1.432,1.1957,-1.14,6.59,6.2,6.786,0.0,0.0,-0.0,0.0,0.0,0.0,7.02,6.9,6.2,7.01
2817,46.95,7.0,55.984,1.435,1.1958,-1.2,6.7,6.19,6.85,0.0,0.0,-0.0,0.0,0.0,0.0,7.02,6.36,7.01,7.01
2818,46.9667,7.0,56.001,1.437,1.1953,-1.29,6.68,6.19,7.073,0.0,0.0,-0.0,0.0,0.0,0.0,7.0,7.04,7.25,7.0
2819,46.9833,7.0,56.017,1.44,1.1951,-1.34,6.72,6.2,7.004,0.0,0.0,-0.0,0.0,0.0,0.0,6.89,8.23,5.89,7.01
2820,47.0,7.0,56.033,1.441,1.1953,-1.19,6.77,6.09,7.034,0.0,0.0,-0.0,0.0,0.0,0.0,7.1,7.04,7.01,7.0
2821,47.0167,7.0,56.049,1.442,1.1954,-1.1,6.57,6.09,7.036,0.0,0.0,-0.0,0.0,0.0,0.0,6.95,6.99,7.22,6.99
2822,47.0333,7.0,56.064,1.443,1.1948,-1.0,6.38,6.13,6.746,0.0,0.0,-0.0,0.0,0.0,0.0,7.12,7.1,5.9,6.86
2823,47.05,7.0,56.079,1.444,1.1948,-0.83,6.49,6.05,6.829,0.0,0.0,-0.0,0.0,0.0,0.0,6.97,6.29,7.08,6.97
2824,47.0667,7.0,56.095,1.444,1.1949,-0.65,6.43,6.05,7.103,0.0,0.0,-0.0,0.0,0.0,0.0,6.97,6.6,7.87,6.97
2825,47.0833,7.0,56.11,1.446,1.1957,-0.64,6.23,6.04,6.711,0.0,0.0,-0.0,0.0,0.0,0.0,7.04,6.9,6.85,6.05
2826,47.1,7.0,56.125,1.447,1.1949,-0.78,6.18,5.95,7.015,0.0,0.0,-0.0,0.0,0.0,0.0,7.0,7.0,7.0,7.05
2827,47.1167,7.0,56.141,1.449,1.1922,-0.9,6.21,5.9,6.705,0.0,0.0,-0.0,0.0,0.0,0.0,7.0,5.83,6.99,7.0
2828,47.1333,7.0,56.156,1.453,1.1906,-1.14,5.92,5.91,6.886,0.0,0.0,-0.0,0.0,0.0,0.0,6.47,6.99,7.17,6.91
2829,47.15,7.0,56.17,1.456,1.1874,-1.39,5.64,5.89,6.828,0.0,0.0,-0.0,0.0,0.0,0.0,6.97,6.39,7.21,6.73
2830,47.1667,7.0,56.185,1.458,1.1852,-1.52,5.06,5.92,7.325,0.0,0.0,-0.0,0.0,0.0,0.0,7.56,7.06,7.01,7.67
2831,47.1833,7.0,56.198,1.46,1.1815,-1.57,4.48,5.95,7.462,0.0,0.0,-0.0,0.0,0.0,0.0,6.93,6.91,6.94,9.06
2832,47.2,7.0,56.212,1.462,1.1758,-1.54,3.99,5.98,6.667,0.0,0.0,-0.0,0.0,0.0,0.0,5.19,7.39,7.02,7.07
2833,47.2167,7.0,56.226,1.461,1.1736,-1.28,3.76,6.02,6.771,0.0,0.0,-0.0,0.0,0.0,0.0,6.99,6.11,6.98,7.01
2834,47.2333,7.0,56.24,1.461,1.1705,-0.99,3.39,6.04,7.071,0.0,0.0,-0.0,0.0,0.0,0.0,7.02,7.61,6.66,6.99
2835,47.25,7.0,56.254,1.461,1.1671,-0.74,2.84,6.04,5.959,0.0,0.0,-0.0,0.0,0.0,0.0,7.04,2.53,7.22,7.04
2836,47.2667,7.0,56.268,1.461,1.1637,-0.75,2.7,5.94,6.524,0.0,0.0,-0.0,0.0,0.0,0.0,6.96,6.97,7.58,4.59
2837,47.2833,7.0,56.283,1.464,1.1623,-0.85,2.67,5.94,6.928,0.0,0.0,-0.0,0.0,0.0,0.0,6.99,6.92,6.93,6.88
2838,47.3,7.0,56.298,1.465,1.1616,-0.9,2.47,5.94,6.334,0.0,0.0,-0.0,0.0,0.0,0.0,4.87,6.65,6.66,7.15
2839,47.3167,7.0,56.312,1.469,1.1625,-1.03,2.63,6.07,7.166,0.0,0.0,-0.0,0.0,0.0,0.0,8.54,6.98,6.99,6.16
2840,47.3333,7.0,56.327,1.472,1.1615,-1.22,2.67,6.14,5.615,0.0,0.0,-0.0,0.0,0.0,0.0,2.34,7.02,7.01,6.1
2841,47.35,7.0,56.342,1.475,1.1602,-1.48,2.47,6.04,6.943,0.0,0.0,-0.0,0.0,0.0,0.0,7.02,6.99,6.99,6.77
2842,47.3667,7.0,56.358,1.478,1.1571,-1.74,2.26,5.99,6.408,0.0,0.0,-0.0,0.0,0.0,0.0,6.72,6.71,6.68,5.52
2843,47.3833,7.0,56.374,1.483,1.1566,-2.22,2.6,5.98,6.31,0.0,0.0,-0.0,0.0,0.0,0.0,3.12,6.94,6.87,8.31
2844,47.4,7.0,56.39,1.486,1.1578,-2.39,2.24,5.97,6.558,0.0,0.0,-0.0,0.0,0.0,0.0,6.05,6.81,6.92,6.46
2845,47.4167,7.0,56.405,1.489,1.1585,-2.21,2.31,6.25,6.731,0.0,0.0,-0.0,0.0,0.0,0.0,7.02,5.71,7.01,7.18
2846,47.4333,7.0,56.421,1.491,1.1576,-2.15,2.49,6.4,6.727,0.0,0.0,-0.0,0.0,0.0,0.0,7.0,7.0,7.0,5.92
2847,47.45,7.0,56.437,1.493,1.1573,-2.18,2.52,6.4,7.095,0.0,0.0,-0.0,0.0,0.0,0.0,7.52,6.96,6.98,6.93
2848,47.4667,7.0,56.453,1.495,1.1577,-2.11,2.37,6.39,6.934,0.0,0.0,-0.0,0.0,0.0,0.0,7.12,6.31,7.16,7.15
2849,47.4833,7.0,56.468,1.495,1.1563,-1.83,2.38,6.5,7.876,0.0,0.0,-0.0,0.0,0.0,0.0,6.69,12.72,6.62,5.47
2850,47.5,7.0,56.484,1.498,1.1563,-1.87,2.87,6.48,9.786,0.0,0.0,-0.0,0.0,0.0,0.0,18.9,6.92,6.92,6.4
2851,47.5167,7.0,56.5,1.499,1.1572,-1.73,2.77,6.49,7.059,0.0,0.0,-0.0,0.0,0.0,0.0,7.15,7.0,7.0,7.09
2852,47.5333,7.0,56.517,1.5,1.1563,-1.58,2.63,6.48,6.967,0.0,0.0,-0.0,0.0,0.0,0.0,7.0,7.0,7.0,6.87
2853,47.55,7.0,56.533,1.503,1.1565,-1.64,2.96,6.49,6.683,0.0,0.0,-0.0,0.0,0.0,0.0,6.1,7.0,7.01,6.62
2854,47.5667,7.0,56.55,1.505,1.1553,-1.74,3.11,6.46,5.303,0.0,0.0,-0.0,0.0,0.0,0.0,3.48,6.96,7.03,3.74
2855,47.5833,7.0,56.566,1.506,1.1565,-1.61,2.83,6.44,6.976,0.0,0.0,-0.0,0.0,0.0,0.0,7.13,7.01,7.02,6.75
2856,47.6,7.0,56.582,1.508,1.155,-1.6,2.72,6.41,7.652,0.0,0.0,-0.0,0.0,0.0,0.0,10.73,6.87,6.88,6.13
2857,47.6167,7.0,56.597,1.511,1.1555,-1.68,3.06,6.53,6.88,0.0,0.0,-0.0,0.0,0.0,0.0,7.0,7.0,7.01,6.51
2858,47.6333,7.0,56.612,1.512,1.1573,-1.63,2.87,6.53,6.633,0.0,0.0,-0.0,0.0,0.0,0.0,6.3,7.0,7.0,6.22
2859,47.65,7.0,56.628,1.514,1.1569,-1.66,2.8,6.52,6.587,0.0,0.0,-0.0,0.0,0.0,0.0,5.96,7.02,7.03,6.33
2860,47.6667,7.0,56.644,1.517,1.1547,-1.74,2.72,6.52,6.886,0.0,0.0,-0.0,0.0,0.0,0.0,7.02,7.0,7.01,6.52
2861,47.6833,7.0,56.659,1.519,1.1518,-1.79,2.48,6.53,7.666,0.0,0.0,-0.0,0.0,0.0,0.0,8.95,6.96,6.95,7.8
2862,47.7,7.0,56.674,1.519,1.1527,-1.38,2.38,6.64,6.718,0.0,0.0,-0.0,0.0,0.0,0.0,7.0,5.86,7.02,6.99
2863,47.7167,7.0,56.69,1.519,1.1503,-0.97,2.31,6.79,6.886,0.0,0.0,-0.0,0.0,0.0,0.0,7.0,6.53,7.01,7.0
2864,47.7333,7.0,56.706,1.519,1.1468,-0.61,2.21,6.79,7.546,0.0,0.0,-0.0,0.0,0.0,0.0,7.32,8.78,6.91,7.19
2865,47.75,7.0,56.721,1.518,1.1446,-0.31,1.86,6.79,7.428,0.0,0.0,-0.0,0.0,0.0,0.0,6.94,7.87,7.92,6.97
2866,47.7667,7.0,56.736,1.519,1.1428,-0.09,1.37,6.78,7.204,0.0,0.0,-0.0,0.0,0.0,0.0,6.94,7.4,7.5,6.97
2867,47.7833,7.0,56.751,1.52,1.1409,-0.21,1.28,6.64,6.506,0.0,0.0,-0.0,0.0,0.0,0.0,6.99,6.94,6.91,5.18
2868,47.8,7.0,56.765,1.523,1.1387,-0.56,1.39,6.47,7.054,0.0,0.0,-0.0,0.0,0.0,0.0,6.99,7.0,7.01,7.2
2869,47.8167,7.0,56.78,1.526,1.1379,-0.75,1.21,6.5,7.004,0.0,0.0,-0.0,0.0,0.0,0.0,6.92,6.99,7.04,7.06
2870,47.8333,7.0,56.796,1.528,1.1363,-0.91,0.98,6.47,6.713,0.0,0.0,-0.0,0.0,0.0,0.0,6.79,6.8,6.84,6.43
2871,47.85,7.0,56.811,1.532,1.1377,-1.23,1.06,6.47,6.87,0.0,0.0,-0.0,0.0,0.0,0.0,6.79,6.96,6.98,6.75
2872,47.8667,7.0,56.826,1.535,1.138,-1.46,0.82,6.46,7.291,0.0,0.0,-0.0,0.0,0.0,0.0,7.71,6.95,6.97,7.55
2873,47.8833,7.0,56.84,1.538,1.1391,-1.34,0.81,6.63,6.72,0.0,0.0,-0.0,0.0,0.0,0.0,7.02,5.83,7.02,7.01
2874,47.9,7.0,56.855,1.54,1.1382,-1.34,0.84,6.7,6.646,0.0,0.0,-0.0,0.0,0.0,0.0,7.1,7.1,7.1,5.29
2875,47.9167,7.0,56.871,1.542,1.1378,-1.44,0.91,6.69,6.973,0.0,0.0,-0.0,0.0,0.0,0.0,7.12,6.98,6.97,6.82
2876,47.9333,7.0,56.886,1.544,1.1388,-1.31,0.89,6.76,6.801,0.0,0.0,-0.0,0.0,0.0,0.0,7.01,6.17,7.01,7.01
2877,47.95,7.0,56.902,1.545,1.1377,-1.1,0.84,6.85,6.808,0.0,0.0,-0.0,0.0,0.0,0.0,7.0,6.24,7.0,6.99
2878,47.9667,7.0,56.918,1.548,1.1369,-1.16,1.19,6.83,7.724,0.0,0.0,-0.0,0.0,0.0,0.0,-1.4,6.62,19.6,6.06
2879,47.9833,7.0,56.934,1.549,1.1377,-1.06,1.14,6.82,6.917,0.0,0.0,-0.0,0.0,0.0,0.0,6.88,6.99,7.0,6.8
2880,48.0,7.0,56.949,1.551,1.1376,-1.04,0.89,6.8,6.703,0.0,0.0,-0.0,0.0,0.0,0.0,6.99,6.99,5.94,6.89
2881,48.0167,7.0,56.965,1.553,1.1366,-1.26,1.04,6.68,6.655,0.0,0.0,-0.0,0.0,0.0,0.0,7.03,7.02,7.04,5.53
2882,48.0333,7.0,56.98,1.555,1.1378,-1.34,0.99,6.67,6.912,0.0,0.0,-0.0,0.0,0.0,0.0,6.87,7.05,7.03,6.69
2883,48.05,7.0,56.996,1.557,1.1384,-1.28,0.93,6.72,6.771,0.0,0.0,-0.0,0.0,0.0,0.0,7.01,6.05,7.01,7.01
2884,48.0667,7.0,57.011,1.559,1.137,-1.1,0.9,6.82,6.899,0.0,0.0,-0.0,0.0,0.0,0.0,7.02,6.54,7.01,7.03
2885,48.0833,7.0,57.027,1.561,1.136,-1.2,1.22,6.81,3.375,0.0,0.0,-0.0,0.0,0.0,0.0,4.64,7.06,-4.71,6.51
2886,48.1,7.0,57.044,1.563,1.1377,-1.18,1.01,6.8,6.776,0.0,0.0,-0.0,0.0,0.0,0.0,6.93,6.85,6.73,6.59
2887,48.1167,7.0,57.059,1.566,1.1378,-1.25,1.05,6.78,6.773,0.0,0.0,-0.0,0.0,0.0,0.0,6.54,7.01,7.02,6.52
2888,48.1333,7.0,57.075,1.569,1.1362,-1.33,1.05,6.81,6.064,0.0,0.0,-0.0,0.0,0.0,0.0,6.94,3.8,6.98,6.53
2889,48.15,7.0,57.091,1.57,1.1379,-1.33,0.97,6.82,6.912,0.0,0.0,-0.0,0.0,0.0,0.0,6.91,7.01,6.99,6.73
2890,48.1667,7.0,57.107,1.572,1.1382,-1.23,0.92,6.88,6.802,0.0,0.0,-0.0,0.0,0.0,0.0,7.0,6.19,7.0,7.01
2891,48.1833,7.0,57.123,1.574,1.1366,-1.05,0.89,6.97,6.768,0.0,0.0,-0.0,0.0,0.0,0.0,6.98,6.58,6.98,6.53
2892,48.2,7.0,57.139,1.576,1.1337,-1.06,0.9,6.99,7.226,0.0,0.0,-0.0,0.0,0.0,0.0,7.26,5.08,8.66,7.91
2893,48.2167,7.0,57.154,1.577,1.1368,-0.98,0.79,6.99,6.744,0.0,0.0,-0.0,0.0,0.0,0.0,6.99,6.59,6.42,6.98
2894,48.2333,7.0,57.169,1.578,1.137,-0.83,0.68,7.01,6.567,0.0,0.0,-0.0,0.0,0.0,0.0,7.02,5.64,6.67,6.93
2895,48.25,7.0,57.185,1.579,1.1355,-0.63,0.56,7.01,7.295,0.0,0.0,-0.0,0.0,0.0,0.0,7.22,7.47,7.31,7.18
2896,48.2667,7.0,57.2,1.58,1.1341,-0.46,0.27,7.02,7.038,0.0,0.0,-0.0,0.0,0.0,0.0,6.88,6.99,7.35,6.94
2897,48.2833,7.0,57.215,1.581,1.1339,-0.29,-0.05,7.07,7.008,0.0,0.0,-0.0,0.0,0.0,0.0,7.0,7.02,7.0,7.01
2898,48.3,7.0,57.23,1.582,1.1325,-0.25,-0.31,7.06,6.36,0.0,0.0,-0.0,0.0,0.0,0.0,6.78,6.72,4.65,7.29
2899,48.3167,7.0,57.244,1.586,1.1323,-0.56,-0.15,7.08,6.712,0.0,0.0,-0.0,0.0,0.0,0.0,7.02,7.02,7.04,5.77
2900,48.3333,7.0,57.258,1.59,1.1302,-0.92,-0.11,7.1,7.611,0.0,0.0,-0.0,0.0,0.0,0.0,6.83,6.8,10.36,6.45
2901,48.35,7.0,57.274,1.594,1.1306,-1.13,0.09,7.08,6.589,0.0,0.0,-0.0,0.0,0.0,0.0,6.99,6.26,6.1,7.01
2902,48.3667,7.0,57.29,1.597,1.13,-1.32,-0.01,7.08,7.39,0.0,0.0,-0.0,0.0,0.0,0.0,7.06,7.19,8.37,6.94
2903,48.3833,7.0,57.305,1.6,1.1317,-1.41,-0.05,7.18,6.79,0.0,0.0,-0.0,0.0,0.0,0.0,7.0,6.18,6.97,7.01
2904,48.4,7.0,57.321,1.602,1.1332,-1.39,0.1,7.21,6.797,0.0,0.0,-0.0,0.0,0.0,0.0,7.02,6.29,6.87,7.01
2905,48.4167,7.0,57.337,1.604,1.1326,-1.37,0.09,7.21,6.643,0.0,0.0,-0.0,0.0,0.0,0.0,7.05,7.22,5.25,7.05
2906,48.4333,7.0,57.353,1.606,1.131,-1.33,-0.09,7.18,7.429,0.0,0.0,-0.0,0.0,0.0,0.0,6.94,6.15,9.6,7.02
2907,48.45,7.0,57.368,1.608,1.1331,-1.12,-0.2,7.22,6.846,0.0,0.0,-0.0,0.0,0.0,0.0,6.98,6.51,6.89,7.0
2908,48.4667,7.0,57.383,1.608,1.1335,-0.94,-0.35,7.23,7.238,0.0,0.0,-0.0,0.0,0.0,0.0,7.01,7.95,6.99,6.99
2909,48.4833,7.0,57.399,1.609,1.1321,-0.79,-0.35,7.21,6.58,0.0,0.0,-0.0,0.0,0.0,0.0,7.18,7.14,7.23,4.76
2910,48.5,7.0,57.414,1.612,1.1313,-0.92,-0.23,7.21,6.672,0.0,0.0,-0.0,0.0,0.0,0.0,6.9,6.89,6.32,6.58
2911,48.5167,7.0,57.429,1.615,1.1334,-1.06,-0.24,7.2,6.601,0.0,0.0,-0.0,0.0,0.0,0.0,7.0,6.22,6.19,6.99
2912,48.5333,7.0,57.445,1.617,1.1326,-1.09,-0.18,7.21,5.632,0.0,0.0,-0.0,0.0,0.0,0.0,7.03,4.36,4.1,7.03
2913,48.55,7.0,57.462,1.62,1.1301,-1.08,-0.21,7.19,6.88,0.0,0.0,-0.0,0.0,0.0,0.0,7.2,6.65,6.99,6.68
2914,48.5667,7.0,57.477,1.621,1.133,-1.02,-0.29,7.17,6.812,0.0,0.0,-0.0,0.0,0.0,0.0,7.01,6.76,6.42,7.06
2915,48.5833,7.0,57.492,1.623,1.1333,-0.9,-0.37,7.17,6.98,0.0,0.0,-0.0,0.0,0.0,0.0,6.99,6.98,6.97,6.98
2916,48.6,7.0,57.508,1.624,1.1316,-0.81,-0.39,7.17,6.778,0.0,0.0,-0.0,0.0,0.0,0.0,7.0,7.0,7.0,6.12
2917,48.6167,7.0,57.524,1.628,1.1317,-1.06,-0.38,7.17,5.456,0.0,0.0,-0.0,0.0,0.0,0.0,7.0,1.14,6.77,6.91
2918,48.6333,7.0,57.54,1.63,1.1334,-1.09,-0.21,7.17,6.868,0.0,0.0,-0.0,0.0,0.0,0.0,7.01,6.63,6.84,7.0
2919,48.65,7.0,57.556,1.632,1.1327,-1.09,-0.2,7.18,6.473,0.0,0.0,-0.0,0.0,0.0,0.0,7.01,4.89,7.0,6.99
2920,48.6667,7.0,57.573,1.634,1.1299,-1.13,-0.19,7.18,6.45,0.0,0.0,-0.0,0.0,0.0,0.0,7.1,5.3,6.51,6.9
2921,48.6833,7.0,57.588,1.637,1.1332,-1.24,-0.11,7.16,6.687,0.0,0.0,-0.0,0.0,0.0,0.0,6.98,6.54,6.25,6.98
2922,48.7,7.0,57.604,1.64,1.1335,-1.29,-0.05,7.16,7.351,0.0,0.0,-0.0,0.0,0.0,0.0,6.98,8.45,6.99,6.99
2923,48.7167,7.0,57.62,1.642,1.1317,-1.28,-0.02,7.19,6.809,0.0,0.0,-0.0,0.0,0.0,0.0,7.02,6.12,7.07,7.02
2924,48.7333,7.0,57.636,1.645,1.1315,-1.32,-0.2,7.2,6.809,0.0,0.0,-0.0,0.0,0.0,0.0,6.56,8.0,5.59,7.09
2925,48.75,7.0,57.65,1.646,1.1335,-1.23,-0.05,7.14,6.853,0.0,0.0,-0.0,0.0,0.0,0.0,7.01,7.05,6.35,7.0
2926,48.7667,7.0,57.665,1.648,1.1331,-1.22,-0.16,7.14,7.404,0.0,0.0,-0.0,0.0,0.0,0.0,7.26,8.44,6.76,7.15
2927,48.7833,7.0,57.681,1.649,1.1316,-1.13,-0.37,7.11,6.489,0.0,0.0,-0.0,0.0,0.0,0.0,6.77,5.37,6.91,6.91
2928,48.8,7.0,57.696,1.651,1.1316,-1.07,-0.45,7.12,6.704,0.0,0.0,-0.0,0.0,0.0,0.0,6.99,6.8,6.65,6.37
2929,48.8167,7.0,57.712,1.652,1.1317,-1.01,-0.45,7.11,9.329,0.0,0.0,-0.0,0.0,0.0,0.0,7.06,12.7,11.36,6.2
2930,48.8333,7.0,57.727,1.655,1.1304,-1.3,-0.23,6.95,6.801,0.0,0.0,-0.0,0.0,0.0,0.0,7.02,7.03,7.03,6.13
2931,48.85,7.0,57.743,1.659,1.1308,-1.55,-0.17,6.94,6.881,0.0,0.0,-0.0,0.0,0.0,0.0,7.94,6.31,6.28,6.99
2932,48.8667,7.0,57.759,1.661,1.1326,-1.6,0.04,6.94,6.938,0.0,0.0,-0.0,0.0,0.0,0.0,7.21,6.81,6.78,6.95
2933,48.8833,7.0,57.776,1.664,1.1322,-1.6,-0.01,6.92,7.406,0.0,0.0,-0.0,0.0,0.0,0.0,7.93,7.71,7.01,6.97
2934,48.9,7.0,57.792,1.665,1.1309,-1.46,-0.28,6.95,7.141,0.0,0.0,-0.0,0.0,0.0,0.0,6.97,7.8,6.85,6.95
2935,48.9167,7.0,57.807,1.665,1.1328,-1.25,-0.35,6.9,6.849,0.0,0.0,-0.0,0.0,0.0,0.0,7.01,6.95,6.44,7.0
2936,48.9333,7.0,57.823,1.666,1.1332,-1.02,-0.57,6.89,6.608,0.0,0.0,-0.0,0.0,0.0,0.0,7.04,5.43,6.94,7.02
2937,48.95,7.0,57.838,1.667,1.1334,-1.06,-0.46,6.76,6.649,0.0,0.0,-0.0,0.0,0.0,0.0,7.02,7.03,7.04,5.51
2938,48.9667,7.0,57.854,1.67,1.1337,-1.21,-0.51,6.75,6.865,0.0,0.0,-0.0,0.0,0.0,0.0,7.0,7.01,6.69,6.77
2939,48.9833,7.0,57.869,1.672,1.1341,-1.27,-0.47,6.76,6.802,0.0,0.0,-0.0,0.0,0.0,0.0,6.96,6.74,6.53,6.98
2940,49.0,7.0,57.886,1.674,1.1331,-1.25,-0.48,6.77,6.874,0.0,0.0,-0.0,0.0,0.0,0.0,7.0,6.47,7.03,7.0
2941,49.0167,7.0,57.902,1.676,1.131,-1.34,-0.33,6.76,7.283,0.0,0.0,-0.0,0.0,0.0,0.0,7.16,7.12,6.96,7.89
2942,49.0333,7.0,57.917,1.68,1.1339,-1.56,-0.3,6.78,6.699,0.0,0.0,-0.0,0.0,0.0,0.0,6.98,6.4,6.44,6.98
2943,49.05,7.0,57.934,1.683,1.1342,-1.67,-0.2,6.8,7.067,0.0,0.0,-0.0,0.0,0.0,0.0,6.99,7.29,7.0,6.99
2944,49.0667,7.0,57.95,1.686,1.1322,-1.7,-0.14,6.85,6.802,0.0,0.0,-0.0,0.0,0.0,0.0,7.0,6.22,6.99,7.0
2945,49.0833,7.0,57.966,1.688,1.1339,-1.71,-0.13,6.85,6.855,0.0,0.0,-0.0,0.0,0.0,0.0,6.98,6.85,6.6,6.99
2946,49.1,7.0,57.981,1.69,1.1346,-1.64,-0.18,6.86,6.826,0.0,0.0,-0.0,0.0,0.0,0.0,7.0,6.29,7.0,7.01
2947,49.1167,7.0,57.997,1.691,1.133,-1.5,-0.24,6.9,6.859,0.0,0.0,-0.0,0.0,0.0,0.0,7.0,6.44,7.0,7.0
2948,49.1333,7.0,58.013,1.693,1.1305,-1.49,-0.3,6.89,7.232,0.0,0.0,-0.0,0.0,0.0,0.0,7.02,6.82,7.81,7.28
2949,49.15,7.0,58.029,1.696,1.1341,-1.61,-0.22,6.9,6.819,0.0,0.0,-0.0,0.0,0.0,0.0,6.99,6.36,6.92,7.02
2950,49.1667,7.0,58.044,1.698,1.1342,-1.63,-0.17,6.94,7.255,0.0,0.0,-0.0,0.0,0.0,0.0,6.98,8.04,7.0,7.0
2951,49.1833,7.0,58.06,1.7,1.1322,-1.57,-0.16,7.02,6.936,0.0,0.0,-0.0,0.0,0.0,0.0,7.01,6.74,7.0,7.0
2952,49.2,7.0,58.076,1.703,1.132,-1.62,-0.43,7.04,6.962,0.0,0.0,-0.0,0.0,0.0,0.0,6.84,8.27,5.78,6.96
2953,49.2167,7.0,58.091,1.704,1.1341,-1.48,-0.26,7.03,7.842,0.0,0.0,-0.0,0.0,0.0,0.0,7.01,9.5,8.02,6.85
2954,49.2333,7.0,58.106,1.705,1.1338,-1.42,-0.4,7.04,6.857,0.0,0.0,-0.0,0.0,0.0,0.0,6.96,6.66,6.82,6.98
2955,49.25,7.0,58.121,1.707,1.1325,-1.38,-0.49,7.02,6.539,0.0,0.0,-0.0,0.0,0.0,0.0,7.06,6.85,6.5,5.75
2956,49.2667,7.0,58.136,1.708,1.1334,-1.34,-0.5,7.03,6.661,0.0,0.0,-0.0,0.0,0.0,0.0,6.98,6.4,6.28,6.98
2957,49.2833,7.0,58.152,1.709,1.1335,-1.2,-0.54,7.05,6.333,0.0,0.0,-0.0,0.0,0.0,0.0,7.01,5.78,5.56,6.99
2958,49.3,7.0,58.167,1.711,1.1327,-1.2,-0.4,6.97,6.693,0.0,0.0,-0.0,0.0,0.0,0.0,7.02,7.02,7.02,5.71
2959,49.3167,7.0,58.183,1.714,1.133,-1.42,-0.48,6.96,6.628,0.0,0.0,-0.0,0.0,0.0,0.0,6.98,6.97,6.26,6.3
2960,49.3333,7.0,58.199,1.717,1.1341,-1.53,-0.27,6.97,6.854,0.0,0.0,-0.0,0.0,0.0,0.0,7.01,6.44,6.94,7.03
2961,49.35,7.0,58.215,1.72,1.1333,-1.6,-0.17,6.98,7.688,0.0,0.0,-0.0,0.0,0.0,0.0,6.98,10.68,6.76,6.33
2962,49.3667,7.0,58.232,1.723,1.1311,-1.79,0.0,6.95,5.548,0.0,0.0,-0.0,0.0,0.0,0.0,3.24,6.95,4.84,7.16
2963,49.3833,7.0,58.248,1.726,1.1343,-1.92,0.0,6.96,6.767,0.0,0.0,-0.0,0.0,0.0,0.0,6.97,6.53,6.58,6.99
2964,49.4,7.0,58.264,1.728,1.1345,-1.96,0.07,6.97,6.385,0.0,0.0,-0.0,0.0,0.0,0.0,5.91,5.61,7.01,7.01
2965,49.4167,7.0,58.281,1.73,1.1329,-1.9,0.03,6.98,7.049,0.0,0.0,-0.0,0.0,0.0,0.0,7.25,6.94,7.0,7.0
2966,49.4333,7.0,58.296,1.732,1.1339,-1.79,-0.11,6.98,6.712,0.0,0.0,-0.0,0.0,0.0,0.0,6.97,6.26,6.82,6.8
2967,49.45,7.0,58.312,1.732,1.1341,-1.58,-0.23,7.02,6.82,0.0,0.0,-0.0,0.0,0.0,0.0,6.98,6.44,6.88,6.98
2968,49.4667,7.0,58.327,1.733,1.1332,-1.49,-0.13,6.97,6.325,0.0,0.0,-0.0,0.0,0.0,0.0,7.07,7.05,5.62,5.57
2969,49.4833,7.0,58.343,1.736,1.1332,-1.63,-0.23,6.98,6.824,0.0,0.0,-0.0,0.0,0.0,0.0,7.01,7.01,6.8,6.48
2970,49.5,7.0,58.358,1.739,1.134,-1.7,-0.17,6.98,6.695,0.0,0.0,-0.0,0.0,0.0,0.0,6.97,6.28,6.47,7.06
2971,49.5167,7.0,58.374,1.741,1.1338,-1.64,-0.15,7.02,6.678,0.0,0.0,-0.0,0.0,0.0,0.0,7.01,6.33,6.37,7.0
2972,49.5333,7.0,58.39,1.743,1.1322,-1.65,-0.04,6.99,6.658,0.0,0.0,-0.0,0.0,0.0,0.0,7.02,7.01,7.01,5.59
2973,49.55,7.0,58.405,1.746,1.1321,-1.94,-0.27,7.0,6.828,0.0,0.0,-0.0,0.0,0.0,0.0,6.61,8.52,5.32,6.85
2974,49.5667,7.0,58.421,1.748,1.1342,-1.87,0.03,6.97,7.051,0.0,0.0,-0.0,0.0,0.0,0.0,6.99,6.25,7.96,7.01
2975,49.5833,7.0,58.436,1.75,1.133,-1.85,0.08,6.95,7.155,0.0,0.0,-0.0,0.0,0.0,0.0,6.99,7.63,7.0,7.0
2976,49.6,7.0,58.452,1.752,1.1325,-1.88,-0.19,6.95,7.018,0.0,0.0,-0.0,0.0,0.0,0.0,6.98,6.74,7.37,6.98
2977,49.6167,7.0,58.467,1.753,1.1339,-1.72,-0.18,6.97,6.807,0.0,0.0,-0.0,0.0,0.0,0.0,7.0,6.55,6.66,7.01
2978,49.6333,7.0,58.483,1.753,1.1336,-1.51,-0.22,6.99,7.224,0.0,0.0,-0.0,0.0,0.0,0.0,6.99,9.51,6.8,5.6
2979,49.65,7.0,58.498,1.755,1.1324,-1.58,-0.01,6.9,6.77,0.0,0.0,-0.0,0.0,0.0,0.0,7.02,7.02,7.02,6.02
2980,49.6667,7.0,58.513,1.759,1.132,-1.86,-0.27,6.91,6.284,0.0,0.0,-0.0,0.0,0.0,0.0,7.0,7.65,6.21,4.28
2981,49.6833,7.0,58.529,1.76,1.1342,-1.72,-0.1,6.9,7.049,0.0,0.0,-0.0,0.0,0.0,0.0,7.06,7.22,6.91,7.0
2982,49.7,7.0,58.545,1.762,1.134,-1.64,-0.24,6.92,7.065,0.0,0.0,-0.0,0.0,0.0,0.0,6.8,6.57,6.88,8.01
2983,49.7167,7.0,58.561,1.764,1.1322,-1.77,-0.14,6.85,6.613,0.0,0.0,-0.0,0.0,0.0,0.0,7.04,6.69,7.04,5.68
2984,49.7333,7.0,58.576,1.766,1.1337,-1.82,-0.11,6.85,6.674,0.0,0.0,-0.0,0.0,0.0,0.0,6.98,6.51,6.24,6.97
2985,49.75,7.0,58.593,1.767,1.1333,-1.75,-0.05,6.84,6.842,0.0,0.0,-0.0,0.0,0.0,0.0,7.0,6.36,7.01,7.0
2986,49.7667,7.0,58.609,1.769,1.1311,-1.74,0.05,6.84,6.729,0.0,0.0,-0.0,0.0,0.0,0.0,7.29,7.29,5.39,6.95
2987,49.7833,7.0,58.624,1.772,1.134,-1.92,-0.04,6.84,6.485,0.0,0.0,-0.0,0.0,0.0,0.0,6.96,6.1,5.93,6.95
2988,49.8,7.0,58.64,1.775,1.1342,-1.92,0.08,6.87,6.768,0.0,0.0,-0.0,0.0,0.0,0.0,7.01,6.04,7.01,7.01
2989,49.8167,7.0,58.656,1.777,1.1323,-1.85,0.16,6.89,6.85,0.0,0.0,-0.0,0.0,0.0,0.0,6.99,6.38,7.01,7.01
2990,49.8333,7.0,58.672,1.779,1.1327,-1.91,-0.18,6.88,7.082,0.0,0.0,-0.0,0.0,0.0,0.0,6.98,6.93,7.39,7.02
2991,49.85,7.0,58.687,1.78,1.1337,-1.76,-0.16,6.89,5.192,0.0,0.0,-0.0,0.0,0.0,0.0,7.0,6.51,7.11,0.15
2992,49.8667,7.0,58.703,1.782,1.1342,-1.76,0.03,6.87,6.762,0.0,0.0,-0.0,0.0,0.0,0.0,7.02,7.03,7.03,5.97
2993,49.8833,7.0,58.719,1.784,1.1337,-1.88,0.09,6.86,7.113,0.0,0.0,-0.0,0.0,0.0,0.0,6.98,6.99,7.39,7.09
2994,49.9,7.0,58.735,1.787,1.1336,-2.03,0.08,6.86,6.592,0.0,0.0,-0.0,0.0,0.0,0.0,7.2,6.13,5.94,7.11
2995,49.9167,7.0,58.751,1.79,1.1333,-2.01,0.18,6.89,6.747,0.0,0.0,-0.0,0.0,0.0,0.0,7.03,5.94,7.01,7.01
2996,49.9333,7.0,58.768,1.792,1.1312,-1.96,0.3,6.95,5.89,0.0,0.0,-0.0,0.0,0.0,0.0,7.07,5.74,4.92,5.83
2997,49.95,7.0,58.783,1.795,1.132,-2.24,0.05,6.93,5.642,0.0,0.0,-0.0,0.0,0.0,0.0,7.99,1.2,6.92,6.47
2998,49.9667,7.0,58.798,1.799,1.1334,-2.22,0.19,7.15,6.792,0.0,0.0,-0.0,0.0,0.0,0.0,7.47,5.64,7.03,7.02
2999,49.9833,7.0,58.814,1.802,1.1329,-2.13,0.24,7.36,6.716,0.0,0.0,-0.0,0.0,0.0,0.0,7.01,5.84,7.01,7.01
3000,50.0,7.0,58.83,1.804,1.133,-2.14,0.11,7.36,7.186,0.0,0.0,-0.0,0.0,0.0,0.0,7.02,7.36,7.36,7.01
3001,50.0167,7.0,58.846,1.806,1.1317,-2.16,-0.12,7.36,6.325,0.0,0.0,-0.0,0.0,0.0,0.0,6.8,5.72,6.84,5.94
3002,50.0333,7.0,58.862,1.807,1.1328,-1.89,0.14,7.36,6.793,0.0,0.0,-0.0,0.0,0.0,0.0,6.95,7.0,8.92,4.3
3003,50.05,7.0,58.878,1.808,1.1319,-1.86,0.34,7.36,7.678,0.0,0.0,-0.0,0.0,0.0,0.0,7.17,7.15,8.24,8.15
3004,50.0667,7.0,58.894,1.813,1.1324,-2.13,-0.02,7.37,6.911,0.0,0.0,-0.0,0.0,0.0,0.0,7.0,6.47,7.11,7.07
3005,50.0833,7.0,58.91,1.815,1.1332,-2.12,0.2,7.42,6.753,0.0,0.0,-0.0,0.0,0.0,0.0,7.02,6.15,6.81,7.02
3006,50.1,7.0,58.926,1.817,1.1324,-2.05,0.32,7.44,6.809,0.0,0.0,-0.0,0.0,0.0,0.0,7.01,6.17,7.03,7.02
3007,50.1167,7.0,58.942,1.819,1.133,-2.04,0.09,7.43,7.048,0.0,0.0,-0.0,0.0,0.0,0.0,7.0,7.07,7.12,7.0
3008,50.1333,7.0,58.957,1.821,1.1317,-2.09,-0.11,7.41,6.874,0.0,0.0,-0.0,0.0,0.0,0.0,7.0,6.97,7.0,6.52
3009,50.15,7.0,58.973,1.822,1.1337,-1.91,0.03,7.41,6.692,0.0,0.0,-0.0,0.0,0.0,0.0,6.99,7.01,6.79,5.97
3010,50.1667,7.0,58.99,1.824,1.1335,-1.9,0.1,7.37,6.827,0.0,0.0,-0.0,0.0,0.0,0.0,7.01,7.0,7.0,6.3
3011,50.1833,7.0,59.006,1.827,1.1328,-2.0,-0.05,7.35,7.031,0.0,0.0,-0.0,0.0,0.0,0.0,7.01,7.0,7.12,7.0
3012,50.2,7.0,59.022,1.829,1.1327,-1.98,0.06,7.35,6.684,0.0,0.0,-0.0,0.0,0.0,0.0,7.02,6.24,6.5,6.99
3013,50.2167,7.0,59.038,1.831,1.1321,-1.95,0.24,7.37,6.746,0.0,0.0,-0.0,0.0,0.0,0.0,7.01,7.01,7.01,5.96
3014,50.2333,7.0,59.054,1.834,1.1322,-2.18,0.02,7.37,6.974,0.0,0.0,-0.0,0.0,0.0,0.0,6.98,6.98,6.8,7.14
3015,50.25,7.0,59.069,1.836,1.1331,-2.19,0.21,7.38,6.538,0.0,0.0,-0.0,0.0,0.0,0.0,6.97,5.82,6.38,6.99
3016,50.2667,7.0,59.085,1.838,1.1326,-2.09,0.34,7.44,6.213,0.0,0.0,-0.0,0.0,0.0,0.0,7.05,6.25,4.5,7.05
3017,50.2833,7.0,59.101,1.84,1.1333,-2.04,0.13,7.45,7.116,0.0,0.0,-0.0,0.0,0.0,0.0,7.01,7.1,7.34,7.01
3018,50.3,7.0,59.117,1.842,1.1327,-2.01,-0.15,7.47,7.108,0.0,0.0,-0.0,0.0,0.0,0.0,6.97,6.98,6.93,7.55
3019,50.3167,7.0,59.132,1.843,1.1327,-1.79,-0.04,7.48,6.249,0.0,0.0,-0.0,0.0,0.0,0.0,7.04,6.45,4.46,7.05
3020,50.3333,7.0,59.149,1.844,1.1329,-1.77,0.25,7.37,6.754,0.0,0.0,-0.0,0.0,0.0,0.0,7.01,7.01,7.02,5.98
3021,50.35,7.0,59.164,1.847,1.1338,-1.89,0.0,7.34,6.941,0.0,0.0,-0.0,0.0,0.0,0.0,7.01,7.01,7.0,6.75
3022,50.3667,7.0,59.18,1.85,1.1318,-2.02,-0.18,7.32,6.179,0.0,0.0,-0.0,0.0,0.0,0.0,6.66,6.74,6.71,4.61
3023,50.3833,7.0,59.196,1.852,1.1313,-2.02,0.23,7.32,6.941,0.0,0.0,-0.0,0.0,0.0,0.0,6.95,5.73,9.72,5.37
3024,50.4,7.0,59.212,1.855,1.1324,-2.19,0.12,7.31,7.054,0.0,0.0,-0.0,0.0,0.0,0.0,7.08,7.41,6.7,7.02
3025,50.4167,7.0,59.228,1.858,1.1316,-2.33,0.04,7.28,6.995,0.0,0.0,-0.0,0.0,0.0,0.0,7.06,6.93,7.15,6.84
3026,50.4333,7.0,59.244,1.86,1.1316,-2.33,0.28,7.28,6.738,0.0,0.0,-0.0,0.0,0.0,0.0,7.01,6.02,6.92,7.01
3027,50.45,7.0,59.261,1.862,1.1303,-2.22,0.46,7.29,6.799,0.0,0.0,-0.0,0.0,0.0,0.0,7.01,6.19,7.01,6.99
3028,50.4667,7.0,59.278,1.863,1.127,-2.13,0.66,7.28,6.53,0.0,0.0,-0.0,0.0,0.0,0.0,7.01,7.0,6.12,6.0
3029,50.4833,7.0,59.295,1.866,1.1243,-2.2,0.64,7.28,7.017,0.0,0.0,-0.0,0.0,0.0,0.0,6.96,6.81,7.34,6.95
3030,50.5,7.0,59.313,1.867,1.1248,-2.12,1.06,7.27,6.89,0.0,0.0,-0.0,0.0,0.0,0.0,7.01,6.51,7.22,6.82
3031,50.5167,7.0,59.33,1.871,1.1267,-2.32,0.88,7.25,7.043,0.0,0.0,-0.0,0.0,0.0,0.0,7.01,7.36,6.78,7.01
3032,50.5333,7.0,59.346,1.874,1.1256,-2.46,0.77,7.21,7.039,0.0,0.0,-0.0,0.0,0.0,0.0,6.97,7.18,7.0,7.0
3033,50.55,7.0,59.363,1.876,1.1255,-2.39,1.1,7.22,6.426,0.0,0.0,-0.0,0.0,0.0,0.0,7.06,6.67,4.94,7.04
3034,50.5667,7.0,59.38,1.878,1.1265,-2.39,1.0,7.2,7.266,0.0,0.0,-0.0,0.0,0.0,0.0,7.0,7.81,7.24,7.01
3035,50.5833,7.0,59.396,1.881,1.126,-2.42,0.81,7.2,7.244,0.0,0.0,-0.0,0.0,0.0,0.0,6.97,8.0,7.01,6.99
3036,50.6,7.0,59.412,1.883,1.1247,-2.4,0.66,7.21,7.079,0.0,0.0,-0.0,0.0,0.0,0.0,6.72,8.73,6.05,6.81
3037,50.6167,7.0,59.428,1.884,1.1262,-2.23,0.87,7.21,7.197,0.0,0.0,-0.0,0.0,0.0,0.0,6.98,6.51,8.29,7.01
3038,50.6333,7.0,59.443,1.885,1.1262,-2.21,0.73,7.21,6.613,0.0,0.0,-0.0,0.0,0.0,0.0,7.0,6.94,6.71,5.81
3039,50.65,7.0,59.459,1.888,1.1248,-2.18,0.59,7.23,6.793,0.0,0.0,-0.0,0.0,0.0,0.0,7.01,6.4,6.83,6.94
3040,50.6667,7.0,59.475,1.89,1.1245,-2.22,0.94,7.23,4.43,0.0,0.0,-0.0,0.0,0.0,0.0,7.11,6.51,-2.69,6.79
3041,50.6833,7.0,59.491,1.893,1.1264,-2.38,0.88,7.24,6.99,0.0,0.0,-0.0,0.0,0.0,0.0,7.0,6.86,7.1,7.0
3042,50.7,7.0,59.508,1.896,1.1257,-2.54,0.77,7.26,7.0,0.0,0.0,-0.0,0.0,0.0,0.0,7.0,7.0,7.0,7.0
3043,50.7167,7.0,59.524,1.898,1.125,-2.43,1.06,7.34,6.734,0.0,0.0,-0.0,0.0,0.0,0.0,7.06,6.36,6.48,7.02
3044,50.7333,7.0,59.541,1.9,1.126,-2.43,0.98,7.34,7.129,0.0,0.0,-0.0,0.0,0.0,0.0,7.0,7.54,6.97,7.01
3045,50.75,7.0,59.557,1.902,1.1258,-2.44,0.8,7.32,7.082,0.0,0.0,-0.0,0.0,0.0,0.0,6.86,7.79,6.84,6.84
3046,50.7667,7.0,59.572,1.904,1.1245,-2.36,0.77,7.31,6.871,0.0,0.0,-0.0,0.0,0.0,0.0,6.99,6.88,6.6,7.02
3047,50.7833,7.0,59.589,1.905,1.1243,-2.22,1.01,7.3,7.372,0.0,0.0,-0.0,0.0,0.0,0.0,7.04,7.21,9.38,5.86
3048,50.8,7.0,59.605,1.908,1.126,-2.41,0.85,7.3,6.929,0.0,0.0,-0.0,0.0,0.0,0.0,7.0,6.91,6.81,7.0
3049,50.8167,7.0,59.621,1.911,1.1248,-2.47,0.79,7.3,6.925,0.0,0.0,-0.0,0.0,0.0,0.0,6.99,6.73,6.96,7.01
3050,50.8333,7.0,59.637,1.913,1.1243,-2.37,1.01,7.28,6.69,0.0,0.0,-0.0,0.0,0.0,0.0,6.99,6.2,6.57,7.0
3051,50.85,7.0,59.653,1.915,1.1259,-2.35,0.87,7.27,7.064,0.0,0.0,-0.0,0.0,0.0,0.0,7.0,7.18,7.09,6.99
3052,50.8667,7.0,59.669,1.917,1.1259,-2.33,0.69,7.28,7.014,0.0,0.0,-0.0,0.0,0.0,0.0,6.86,6.82,6.99,7.39
3053,50.8833,7.0,59.685,1.92,1.1245,-2.46,0.73,7.18,8.814,0.0,0.0,-0.0,0.0,0.0,0.0,6.8,3.88,6.92,17.67
3054,50.9,7.0,59.701,1.922,1.1225,-2.43,1.03,7.11,8.777,0.0,0.0,-0.0,0.0,0.0,0.0,6.79,6.88,16.01,5.43
3055,50.9167,7.0,59.716,1.926,1.1228,-2.79,0.74,7.07,6.764,0.0,0.0,-0.0,0.0,0.0,0.0,7.0,6.7,6.36,6.99
3056,50.9333,7.0,59.732,1.929,1.1213,-2.96,0.76,7.1,6.532,0.0,0.0,-0.0,0.0,0.0,0.0,6.96,7.35,4.68,7.13
3057,50.95,7.0,59.748,1.931,1.1208,-2.93,1.07,7.07,3.604,0.0,0.0,-0.0,0.0,0.0,0.0,7.22,6.27,-6.26,7.19
3058,50.9667,7.0,59.765,1.933,1.1196,-2.87,1.25,7.07,6.78,0.0,0.0,-0.0,0.0,0.0,0.0,7.0,6.11,6.99,7.02
3059,50.9833,7.0,59.782,1.935,1.1163,-2.77,1.41,7.08,7.309,0.0,0.0,-0.0,0.0,0.0,0.0,7.02,9.19,6.98,6.04
3060,51.0,7.0,59.799,1.936,1.1118,-2.64,1.79,7.17,6.531,0.0,0.0,-0.0,0.0,0.0,0.0,7.01,5.11,7.0,7.01
3061,51.0167,7.0,59.817,1.94,1.1107,-2.82,2.28,7.17,7.477,0.0,0.0,-0.0,0.0,0.0,0.0,7.06,7.39,7.65,7.81
3062,51.0333,7.0,59.835,1.943,1.1108,-2.89,2.27,7.22,8.42,0.0,0.0,-0.0,0.0,0.0,0.0,6.96,8.84,10.91,6.96
3063,51.05,7.0,59.853,1.946,1.1099,-2.98,2.18,7.21,8.794,0.0,0.0,-0.0,0.0,0.0,0.0,6.99,6.88,14.29,7.01
3064,51.0667,7.0,59.868,1.95,1.1117,-2.88,2.14,7.56,5.14,0.0,0.0,-0.0,0.0,0.0,0.0,7.14,5.27,7.13,1.02
3065,51.0833,7.0,59.884,1.954,1.1113,-2.82,2.16,7.85,6.39,0.0,0.0,-0.0,0.0,0.0,0.0,6.99,5.44,6.98,6.15
3066,51.1,7.0,59.9,1.958,1.1099,-2.88,2.18,7.93,7.032,0.0,0.0,-0.0,0.0,0.0,0.0,7.0,7.21,6.92,6.99
3067,51.1167,7.0,59.917,1.96,1.1089,-2.9,2.37,7.9,7.075,0.0,0.0,-0.0,0.0,0.0,0.0,6.97,6.66,10.37,4.29
3068,51.1333,7.0,59.933,1.963,1.1105,-3.03,2.35,7.84,6.942,0.0,0.0,-0.0,0.0,0.0,0.0,6.99,6.99,6.8,6.99
3069,51.15,7.0,59.949,1.966,1.1099,-3.15,2.31,7.81,6.951,0.0,0.0,-0.0,0.0,0.0,0.0,7.03,6.79,6.99,6.99
3070,51.1667,7.0,59.966,1.968,1.1091,-3.14,2.45,7.81,6.678,0.0,0.0,-0.0,0.0,0.0,0.0,7.0,6.43,6.28,7.0
3071,51.1833,7.0,59.983,1.97,1.1078,-3.04,2.68,7.85,6.531,0.0,0.0,-0.0,0.0,0.0,0.0,7.03,6.23,5.82,7.04
3072,51.2,7.0,59.999,1.973,1.1099,-3.15,2.32,7.85,7.031,0.0,0.0,-0.0,0.0,0.0,0.0,7.0,6.98,7.14,7.0
3073,51.2167,7.0,60.015,1.976,1.1088,-3.12,2.28,7.93,6.565,0.0,0.0,-0.0,0.0,0.0,0.0,7.11,5.89,6.26,7.0
3074,51.2333,7.0,60.03,1.977,1.1079,-3.03,2.47,7.88,6.221,0.0,0.0,-0.0,0.0,0.0,0.0,7.19,5.71,4.87,7.12
3075,51.25,7.0,60.045,1.98,1.1085,-3.19,2.26,7.89,6.869,0.0,0.0,-0.0,0.0,0.0,0.0,7.0,6.99,6.7,6.78
3076,51.2667,7.0,60.061,1.984,1.1067,-3.36,2.14,7.88,6.859,0.0,0.0,-0.0,0.0,0.0,0.0,6.99,6.99,7.0,6.46
3077,51.2833,7.0,60.076,1.988,1.1038,-3.77,2.29,7.78,6.24,0.0,0.0,-0.0,0.0,0.0,0.0,7.08,5.2,7.05,5.62
3078,51.3,7.0,60.092,1.993,1.1011,-4.14,2.46,7.84,7.885,0.0,0.0,-0.0,0.0,0.0,0.0,9.05,7.11,7.13,8.25
3079,51.3167,7.0,60.108,1.996,1.1011,-4.45,2.19,7.75,6.73,0.0,0.0,-0.0,0.0,0.0,0.0,6.89,6.91,6.93,6.19
3080,51.3333,7.0,60.124,2.0,1.0993,-4.7,2.0,7.75,7.032,0.0,0.0,-0.0,0.0,0.0,0.0,7.05,6.99,7.01,7.08
3081,51.35,7.0,60.139,2.004,1.096,-4.92,1.81,7.75,6.369,0.0,0.0,-0.0,0.0,0.0,0.0,6.0,5.46,7.01,7.0
3082,51.3667,7.0,60.155,2.003,1.0984,-4.42,1.82,7.76,6.734,0.0,0.0,-0.0,0.0,0.0,0.0,6.69,6.23,7.01,7.01
3083,51.3833,7.0,60.172,2.003,1.0969,-4.12,1.69,7.74,7.147,0.0,0.0,-0.0,0.0,0.0,0.0,7.0,7.19,7.41,7.0
3084,51.4,7.0,60.188,2.004,1.0945,-3.86,1.44,7.77,6.942,0.0,0.0,-0.0,0.0,0.0,0.0,6.99,6.79,7.03,6.95
3085,51.4167,7.0,60.203,2.008,1.0962,-4.16,1.68,7.78,6.957,0.0,0.0,-0.0,0.0,0.0,0.0,6.98,6.89,7.22,6.74
3086,51.4333,7.0,60.219,2.011,1.0956,-4.3,1.67,7.8,6.999,0.0,0.0,-0.0,0.0,0.0,0.0,5.78,7.18,8.0,7.04
3087,51.45,7.0,60.236,2.014,1.0932,-4.35,1.59,7.78,6.985,0.0,0.0,-0.0,0.0,0.0,0.0,7.07,6.86,7.0,7.01
3088,51.4667,7.0,60.251,2.016,1.0958,-4.36,1.56,7.78,6.708,0.0,0.0,-0.0,0.0,0.0,0.0,6.32,7.0,6.98,6.54
3089,51.4833,7.0,60.266,2.018,1.0961,-4.41,1.51,7.78,6.948,0.0,0.0,-0.0,0.0,0.0,0.0,6.65,7.06,7.06,7.03
3090,51.5,7.0,60.282,2.021,1.0947,-4.48,1.38,7.79,6.858,0.0,0.0,-0.0,0.0,0.0,0.0,6.97,7.0,7.0,6.47
3091,51.5167,7.0,60.297,2.024,1.0951,-4.59,1.4,7.79,6.735,0.0,0.0,-0.0,0.0,0.0,0.0,6.5,6.98,6.98,6.49
3092,51.5333,7.0,60.311,2.026,1.0963,-4.69,1.28,7.79,6.825,0.0,0.0,-0.0,0.0,0.0,0.0,6.4,7.04,7.04,6.82
3093,51.55,7.0,60.326,2.029,1.0959,-4.82,1.11,7.79,6.845,0.0,0.0,-0.0,0.0,0.0,0.0,7.0,7.0,7.0,6.38
3094,51.5667,7.0,60.341,2.032,1.0937,-4.94,1.0,7.81,6.566,0.0,0.0,-0.0,0.0,0.0,0.0,7.02,5.27,7.02,6.95
3095,51.5833,7.0,60.357,2.036,1.0933,-5.14,1.25,7.81,6.512,0.0,0.0,-0.0,0.0,0.0,0.0,5.62,7.07,7.01,6.35
3096,51.6,7.0,60.373,2.039,1.0926,-5.13,1.62,7.89,6.714,0.0,0.0,-0.0,0.0,0.0,0.0,7.01,5.83,7.01,7.0
3097,51.6167,7.0,60.39,2.041,1.0895,-5.1,1.86,7.96,6.925,0.0,0.0,-0.0,0.0,0.0,0.0,6.99,6.72,6.99,7.0
3098,51.6333,7.0,60.408,2.044,1.0844,-5.0,2.07,8.05,6.737,0.0,0.0,-0.0,0.0,0.0,0.0,6.98,5.96,7.0,7.01
3099,51.65,7.0,60.426,2.046,1.0854,-4.92,2.5,8.04,6.974,0.0,0.0,-0.0,0.0,0.0,0.0,6.79,7.27,7.01,6.83
3100,51.6667,7.0,60.443,2.048,1.0847,-4.83,2.52,7.99,7.204,0.0,0.0,-0.0,0.0,0.0,0.0,6.96,6.97,6.96,7.93
3101,51.6833,7.0,60.461,2.05,1.0814,-4.77,2.52,7.96,6.804,0.0,0.0,-0.0,0.0,0.0,0.0,5.95,7.0,7.0,7.27
3102,51.7,7.0,60.478,2.052,1.0851,-4.73,2.67,7.95,6.827,0.0,0.0,-0.0,0.0,0.0,0.0,6.22,7.08,7.0,7.02
3103,51.7167,7.0,60.494,2.054,1.0851,-4.68,2.69,7.93,6.945,0.0,0.0,-0.0,0.0,0.0,0.0,8.12,7.01,7.03,5.61
3104,51.7333,7.0,60.511,2.056,1.0832,-4.57,2.69,8.03,7.116,0.0,0.0,-0.0,0.0,0.0,0.0,6.99,6.99,6.99,7.49
3105,51.75,7.0,60.527,2.059,1.0843,-4.55,2.82,8.02,6.742,0.0,0.0,-0.0,0.0,0.0,0.0,6.36,7.01,7.01,6.58
3106,51.7667,7.0,60.543,2.061,1.085,-4.52,2.8,8.02,6.971,0.0,0.0,-0.0,0.0,0.0,0.0,6.7,6.98,6.99,7.21
3107,51.7833,7.0,60.558,2.063,1.0846,-4.57,2.85,8.0,6.018,0.0,0.0,-0.0,0.0,0.0,0.0,3.69,6.9,6.92,6.55
3108,51.8,7.0,60.574,2.066,1.083,-4.63,2.93,8.04,6.895,0.0,0.0,-0.0,0.0,0.0,0.0,7.01,7.02,7.03,6.52
3109,51.8167,7.0,60.59,2.068,1.0852,-4.6,2.76,8.02,6.478,0.0,0.0,-0.0,0.0,0.0,0.0,6.28,6.99,7.0,5.65
3110,51.8333,7.0,60.605,2.071,1.0849,-4.65,2.71,8.08,6.933,0.0,0.0,-0.0,0.0,0.0,0.0,6.98,6.98,6.98,6.79
3111,51.85,7.0,60.621,2.074,1.0825,-4.76,2.65,8.09,6.701,0.0,0.0,-0.0,0.0,0.0,0.0,6.18,6.89,6.9,6.83
3112,51.8667,7.0,60.637,2.075,1.082,-4.57,2.53,8.11,6.528,0.0,0.0,-0.0,0.0,0.0,0.0,6.32,5.6,6.99,7.21
3113,51.8833,7.0,60.653,2.076,1.0802,-4.17,2.47,8.18,6.825,0.0,0.0,-0.0,0.0,0.0,0.0,7.01,6.28,7.0,7.01
3114,51.9,7.0,60.669,2.076,1.0763,-3.73,2.41,8.3,6.79,0.0,0.0,-0.0,0.0,0.0,0.0,6.99,6.2,6.98,6.99
3115,51.9167,7.0,60.685,2.076,1.0703,-3.22,2.34,8.41,6.815,0.0,0.0,-0.0,0.0,0.0,0.0,6.98,6.29,6.98,7.01
3116,51.9333,7.0,60.701,2.076,1.0727,-2.85,2.71,8.4,6.474,0.0,0.0,-0.0,0.0,0.0,0.0,6.1,6.99,6.97,5.83
3117,51.95,7.0,60.718,2.077,1.0723,-2.58,2.94,8.38,6.622,0.0,0.0,-0.0,0.0,0.0,0.0,5.11,6.98,6.98,7.41
3118,51.9667,7.0,60.736,2.078,1.0701,-2.33,3.1,8.38,6.885,0.0,0.0,-0.0,0.0,0.0,0.0,6.98,7.01,7.0,6.55
3119,51.9833,7.0,60.753,2.079,1.0718,-2.1,3.35,8.37,6.805,0.0,0.0,-0.0,0.0,0.0,0.0,6.63,6.99,6.99,6.61
3120,52.0,7.0,60.77,2.08,1.0723,-1.88,3.49,8.34,6.957,0.0,0.0,-0.0,0.0,0.0,0.0,7.0,7.0,7.0,6.84
3121,52.0167,7.0,60.787,2.081,1.0704,-1.7,3.61,8.33,7.002,0.0,0.0,-0.0,0.0,0.0,0.0,7.01,7.02,7.01,6.97
3122,52.0333,7.0,60.804,2.083,1.0678,-1.58,3.81,8.32,7.253,0.0,0.0,-0.0,0.0,0.0,0.0,8.1,7.1,7.09,6.73
3123,52.05,7.0,60.82,2.085,1.0717,-1.43,3.87,8.33,6.73,0.0,0.0,-0.0,0.0,0.0,0.0,6.1,7.0,7.0,6.82
3124,52.0667,7.0,60.836,2.087,1.0711,-1.41,3.86,8.3,7.002,0.0,0.0,-0.0,0.0,0.0,0.0,7.01,7.01,7.01,6.98
3125,52.0833,7.0,60.853,2.089,1.0684,-1.43,3.88,8.26,6.844,0.0,0.0,-0.0,0.0,0.0,0.0,7.0,7.0,7.0,6.38
3126,52.1,7.0,60.869,2.092,1.0684,-1.51,4.15,8.26,6.732,0.0,0.0,-0.0,0.0,0.0,0.0,6.34,7.01,7.01,6.57
3127,52.1167,7.0,60.886,2.095,1.0666,-1.62,4.32,8.24,7.055,0.0,0.0,-0.0,0.0,0.0,0.0,6.99,7.0,7.0,7.23
3128,52.1333,7.0,60.903,2.098,1.0625,-1.76,4.47,8.23,6.821,0.0,0.0,-0.0,0.0,0.0,0.0,6.95,7.0,7.01,6.33
3129,52.15,7.0,60.92,2.102,1.057,-2.03,4.76,8.17,6.789,0.0,0.0,-0.0,0.0,0.0,0.0,6.55,7.09,7.06,6.46
3130,52.1667,7.0,60.937,2.106,1.0574,-2.27,4.99,8.16,7.285,0.0,0.0,-0.0,0.0,0.0,0.0,7.62,7.01,7.02,7.49
3131,52.1833,7.0,60.954,2.109,1.0566,-2.38,4.88,8.1,7.145,0.0,0.0,-0.0,0.0,0.0,0.0,6.98,6.97,6.98,7.65
3132,52.2,7.0,60.971,2.112,1.0535,-2.56,4.81,8.02,6.784,0.0,0.0,-0.0,0.0,0.0,0.0,6.97,7.0,7.0,6.17
3133,52.2167,7.0,60.987,2.115,1.0571,-2.55,4.69,8.0,6.936,0.0,0.0,-0.0,0.0,0.0,0.0,6.97,7.0,7.0,6.77
3134,52.2333,7.0,61.003,2.117,1.0571,-2.64,4.61,7.96,6.803,0.0,0.0,-0.0,0.0,0.0,0.0,6.88,6.91,6.91,6.52
3135,52.25,7.0,61.019,2.121,1.0556,-2.8,4.62,7.95,6.367,0.0,0.0,-0.0,0.0,0.0,0.0,4.65,6.99,6.99,6.84
3136,52.2667,7.0,61.034,2.123,1.0569,-2.84,4.39,7.94,7.037,0.0,0.0,-0.0,0.0,0.0,0.0,7.39,6.95,6.96,6.84
3137,52.2833,7.0,61.05,2.126,1.0573,-2.97,4.34,7.95,6.885,0.0,0.0,-0.0,0.0,0.0,0.0,6.86,7.0,7.0,6.67
3138,52.3,7.0,61.065,2.129,1.0562,-3.13,4.22,7.94,6.918,0.0,0.0,-0.0,0.0,0.0,0.0,7.01,7.0,7.0,6.67
3139,52.3167,7.0,61.081,2.133,1.0532,-3.35,4.16,7.94,6.713,0.0,0.0,-0.0,0.0,0.0,0.0,4.57,7.04,7.05,8.19
3140,52.3333,7.0,61.095,2.136,1.0569,-3.42,3.91,7.94,6.852,0.0,0.0,-0.0,0.0,0.0,0.0,6.7,7.0,7.0,6.71
3141,52.35,7.0,61.11,2.139,1.0565,-3.62,3.73,7.93,6.923,0.0,0.0,-0.0,0.0,0.0,0.0,7.01,7.01,7.01,6.66
3142,52.3667,7.0,61.126,2.143,1.0542,-3.86,3.54,7.96,6.982,0.0,0.0,-0.0,0.0,0.0,0.0,6.68,7.04,7.06,7.15
3143,52.3833,7.0,61.14,2.144,1.0546,-3.74,3.24,7.97,6.197,0.0,0.0,-0.0,0.0,0.0,0.0,5.87,5.02,6.96,6.94
3144,52.4,7.0,61.155,2.146,1.0525,-3.46,3.23,8.05,6.732,0.0,0.0,-0.0,0.0,0.0,0.0,7.0,5.94,7.0,6.99
3145,52.4167,7.0,61.171,2.146,1.0485,-3.11,3.2,8.15,6.761,0.0,0.0,-0.0,0.0,0.0,0.0,7.0,6.05,6.99,7.0
3146,52.4333,7.0,61.187,2.145,1.0453,-2.53,3.29,8.16,7.72,0.0,0.0,-0.0,0.0,0.0,0.0,8.81,7.97,7.04,7.06
3147,52.45,7.0,61.203,2.141,1.0425,-1.84,3.15,7.99,6.934,0.0,0.0,-0.0,0.0,0.0,0.0,6.97,6.82,6.98,6.97
3148,52.4667,7.0,61.219,2.138,1.0388,-1.42,3.34,7.72,4.639,0.0,0.0,-0.0,0.0,0.0,0.0,-0.54,6.97,6.97,5.16
3149,52.4833,7.0,61.236,2.138,1.0366,-1.07,3.7,7.65,7.591,0.0,0.0,-0.0,0.0,0.0,0.0,7.01,7.0,6.99,9.37
3150,52.5,7.0,61.253,2.138,1.0386,-0.74,3.9,7.68,6.33,0.0,0.0,-0.0,0.0,0.0,0.0,6.06,7.02,6.11,6.13
3151,52.5167,7.0,61.27,2.139,1.0389,-0.59,4.11,7.66,6.84,0.0,0.0,-0.0,0.0,0.0,0.0,6.55,7.0,6.99,6.83
3152,52.5333,7.0,61.287,2.141,1.0375,-0.43,4.29,7.69,6.77,0.0,0.0,-0.0,0.0,0.0,0.0,7.11,7.12,7.14,5.72
3153,52.55,7.0,61.304,2.142,1.0371,-0.31,4.29,7.7,6.436,0.0,0.0,-0.0,0.0,0.0,0.0,5.41,6.94,6.94,6.45
3154,52.5667,7.0,61.32,2.144,1.0386,-0.25,4.39,7.69,7.282,0.0,0.0,-0.0,0.0,0.0,0.0,8.68,6.99,6.99,6.48
3155,52.5833,7.0,61.336,2.146,1.0381,-0.25,4.43,7.69,6.777,0.0,0.0,-0.0,0.0,0.0,0.0,7.0,7.01,7.01,6.1
3156,52.6,7.0,61.353,2.149,1.0358,-0.29,4.43,7.68,7.568,0.0,0.0,-0.0,0.0,0.0,0.0,7.15,6.98,6.98,9.16
3157,52.6167,7.0,61.369,2.152,1.0356,-0.45,4.55,7.69,6.697,0.0,0.0,-0.0,0.0,0.0,0.0,6.22,7.01,7.01,6.55
3158,52.6333,7.0,61.385,2.155,1.0339,-0.65,4.65,7.68,6.888,0.0,0.0,-0.0,0.0,0.0,0.0,7.0,6.99,6.99,6.56
3159,52.65,7.0,61.402,2.159,1.03,-0.91,4.75,7.65,6.945,0.0,0.0,-0.0,0.0,0.0,0.0,6.98,6.99,7.0,6.81
3160,52.6667,7.0,61.418,2.163,1.0246,-1.27,4.96,7.59,6.956,0.0,0.0,-0.0,0.0,0.0,0.0,7.1,7.04,7.07,6.62
3161,52.6833,7.0,61.434,2.167,1.0241,-1.56,4.99,7.55,7.121,0.0,0.0,-0.0,0.0,0.0,0.0,7.23,6.98,7.0,7.28
3162,52.7,7.0,61.451,2.171,1.0234,-1.81,4.83,7.53,6.946,0.0,0.0,-0.0,0.0,0.0,0.0,6.94,6.97,6.98,6.9
3163,52.7167,7.0,61.466,2.174,1.0232,-1.96,4.5,7.53,7.123,0.0,0.0,-0.0,0.0,0.0,0.0,7.28,7.01,7.01,7.19
3164,52.7333,7.0,61.481,2.178,1.0242,-2.17,4.4,7.54,6.76,0.0,0.0,-0.0,0.0,0.0,0.0,6.66,6.99,7.0,6.39
3165,52.75,7.0,61.496,2.181,1.024,-2.43,4.25,7.57,6.684,0.0,0.0,-0.0,0.0,0.0,0.0,5.79,6.98,6.99,6.98
3166,52.7667,7.0,61.511,2.185,1.022,-2.68,4.08,7.64,6.946,0.0,0.0,-0.0,0.0,0.0,0.0,6.99,6.99,6.99,6.82
3167,52.7833,7.0,61.525,2.188,1.0231,-2.83,3.72,7.64,6.093,0.0,0.0,-0.0,0.0,0.0,0.0,5.28,4.98,6.95,7.17
3168,52.8,7.0,61.538,2.192,1.0241,-2.99,3.62,7.72,6.657,0.0,0.0,-0.0,0.0,0.0,0.0,6.99,5.51,6.99,7.14
3169,52.8167,7.0,61.553,2.196,1.0236,-3.13,3.54,7.8,6.747,0.0,0.0,-0.0,0.0,0.0,0.0,7.0,6.06,7.0,6.92
3170,52.8333,7.0,61.568,2.197,1.0237,-3.01,3.65,7.87,6.965,0.0,0.0,-0.0,0.0,0.0,0.0,6.97,6.87,7.01,7.01
3171,52.85,7.0,61.584,2.197,1.0235,-2.77,3.61,7.77,6.86,0.0,0.0,-0.0,0.0,0.0,0.0,7.0,6.44,7.0,7.0
3172,52.8667,7.0,61.6,2.197,1.021,-2.48,3.55,7.72,6.871,0.0,0.0,-0.0,0.0,0.0,0.0,7.0,6.5,6.99,6.99
3173,52.8833,7.0,61.616,2.197,1.0162,-2.1,3.48,7.7,6.994,0.0,0.0,-0.0,0.0,0.0,0.0,7.0,6.97,7.0,7.0
3174,52.9,7.0,61.633,2.194,1.0129,-1.35,3.67,7.69,6.895,0.0,0.0,-0.0,0.0,0.0,0.0,6.88,6.86,6.97,6.88
3175,52.9167,7.0,61.65,2.192,1.0106,-0.73,3.94,7.71,6.717,0.0,0.0,-0.0,0.0,0.0,0.0,6.6,6.94,6.97,6.36
3176,52.9333,7.0,61.668,2.191,1.0072,-0.23,3.98,7.7,8.655,0.0,0.0,-0.0,0.0,0.0,0.0,7.23,7.07,10.68,9.64
3177,52.95,7.0,61.684,2.192,1.0054,0.1,3.4,7.78,6.956,0.0,0.0,-0.0,0.0,0.0,0.0,6.95,6.97,6.96,6.94
3178,52.9667,7.0,61.701,2.192,1.0046,0.4,3.22,7.78,7.293,0.0,0.0,-0.0,0.0,0.0,0.0,6.96,6.96,8.29,6.97
3179,52.9833,7.0,61.717,2.193,1.004,0.64,2.91,7.78,7.174,0.0,0.0,-0.0,0.0,0.0,0.0,6.98,7.28,7.43,7.01
3180,53.0,7.0,61.732,2.194,1.0024,0.85,2.53,7.79,6.978,0.0,0.0,-0.0,0.0,0.0,0.0,6.98,6.92,7.0,7.01
3181,53.0167,7.0,61.747,2.196,1.0009,0.84,2.44,7.79,6.512,0.0,0.0,-0.0,0.0,0.0,0.0,6.99,7.02,7.14,4.9
3182,53.0333,7.0,61.762,2.199,0.9986,0.53,2.59,7.67,6.763,0.0,0.0,-0.0,0.0,0.0,0.0,7.01,7.01,7.28,5.75
3183,53.05,7.0,61.778,2.203,0.9948,0.15,2.71,7.59,7.11,0.0,0.0,-0.0,0.0,0.0,0.0,6.98,6.99,6.99,7.49
3184,53.0667,7.0,61.793,2.206,0.9938,-0.03,2.41,7.6,6.737,0.0,0.0,-0.0,0.0,0.0,0.0,7.33,6.91,6.94,5.77
3185,53.0833,7.0,61.807,2.21,0.9949,-0.25,2.3,7.61,6.701,0.0,0.0,-0.0,0.0,0.0,0.0,6.25,6.99,6.98,6.58
3186,53.1,7.0,61.822,2.213,0.9951,-0.53,2.2,7.62,6.799,0.0,0.0,-0.0,0.0,0.0,0.0,6.41,7.01,7.01,6.77
3187,53.1167,7.0,61.837,2.218,0.9938,-0.85,2.06,7.61,6.855,0.0,0.0,-0.0,0.0,0.0,0.0,6.55,7.04,7.05,6.78
3188,53.1333,7.0,61.852,2.221,0.993,-0.86,2.17,7.75,6.598,0.0,0.0,-0.0,0.0,0.0,0.0,6.99,5.37,7.02,7.01
3189,53.15,7.0,61.868,2.224,0.9915,-0.9,2.34,7.76,9.614,0.0,0.0,-0.0,0.0,0.0,0.0,13.9,11.96,6.91,5.68
3190,53.1667,7.0,61.885,2.227,0.9885,-1.1,2.55,7.7,6.641,0.0,0.0,-0.0,0.0,0.0,0.0,7.1,6.94,6.95,5.59
3191,53.1833,7.0,61.902,2.229,0.9859,-1.04,3.13,7.74,4.83,0.0,0.0,-0.0,0.0,0.0,0.0,-0.98,6.53,6.89,6.88
3192,53.2,7.0,61.919,2.229,0.9847,-0.74,3.2,7.75,6.43,0.0,0.0,-0.0,0.0,0.0,0.0,6.33,6.95,6.97,5.47
3193,53.2167,7.0,61.936,2.23,0.9844,-0.6,3.51,7.69,6.833,0.0,0.0,-0.0,0.0,0.0,0.0,6.95,7.01,7.02,6.36
3194,53.2333,7.0,61.954,2.231,0.984,-0.38,3.59,7.68,7.097,0.0,0.0,-0.0,0.0,0.0,0.0,7.22,7.0,7.01,7.16
3195,53.25,7.0,61.971,2.232,0.9838,-0.17,3.65,7.65,6.642,0.0,0.0,-0.0,0.0,0.0,0.0,5.64,7.08,7.09,6.75
3196,53.2667,7.0,61.987,2.234,0.9847,0.0,3.9,7.75,6.855,0.0,0.0,-0.0,0.0,0.0,0.0,7.0,7.02,7.02,6.37
3197,53.2833,7.0,62.003,2.237,0.9841,0.0,3.9,7.77,7.318,0.0,0.0,-0.0,0.0,0.0,0.0,8.21,6.94,7.25,6.87
3198,53.3,7.0,62.019,2.24,0.9833,-0.02,3.74,7.65,8.768,0.0,0.0,-0.0,0.0,0.0,0.0,14.97,6.95,8.68,4.48
3199,53.3167,7.0,62.035,2.243,0.9843,-0.19,3.73,7.67,6.624,0.0,0.0,-0.0,0.0,0.0,0.0,5.77,7.0,7.0,6.73
3200,53.3333,7.0,62.05,2.246,0.9839,-0.42,3.7,7.68,6.558,0.0,0.0,-0.0,0.0,0.0,0.0,5.05,7.0,7.01,7.17
3201,53.35,7.0,62.066,2.25,0.9841,-0.56,3.44,7.67,6.67,0.0,0.0,-0.0,0.0,0.0,0.0,7.17,6.98,6.99,5.54
3202,53.3667,7.0,62.081,2.252,0.9835,-0.63,3.2,7.71,6.781,0.0,0.0,-0.0,0.0,0.0,0.0,7.81,6.36,7.18,5.78
3203,53.3833,7.0,62.096,2.255,0.9848,-0.91,3.22,7.54,6.847,0.0,0.0,-0.0,0.0,0.0,0.0,7.26,7.03,7.01,6.09
3204,53.4,7.0,62.111,2.257,0.9839,-1.1,3.23,7.44,5.911,0.0,0.0,-0.0,0.0,0.0,0.0,4.32,5.16,7.1,7.07
3205,53.4167,7.0,62.126,2.257,0.9844,-0.81,3.14,7.44,6.664,0.0,0.0,-0.0,0.0,0.0,0.0,6.4,6.24,7.01,7.01
3206,53.4333,7.0,62.142,2.258,0.9823,-0.51,3.12,7.45,5.714,0.0,0.0,-0.0,0.0,0.0,0.0,6.89,5.81,6.88,3.27
3207,53.45,7.0,62.158,2.258,0.9788,-0.22,3.22,7.46,6.081,0.0,0.0,-0.0,0.0,0.0,0.0,6.53,4.61,6.4,6.78
3208,53.4667,7.0,62.174,2.258,0.9789,0.07,3.15,7.48,6.971,0.0,0.0,-0.0,0.0,0.0,0.0,7.02,6.96,6.91,7.0
3209,53.4833,7.0,62.19,2.259,0.9776,0.35,3.01,7.49,7.079,0.0,0.0,-0.0,0.0,0.0,0.0,7.27,6.44,7.57,7.04
3210,53.5,7.0,62.205,2.259,0.9783,0.5,2.64,7.47,6.751,0.0,0.0,-0.0,0.0,0.0,0.0,6.91,6.68,6.47,6.94
3211,53.5167,7.0,62.22,2.26,0.9774,0.69,2.36,7.44,6.773,0.0,0.0,-0.0,0.0,0.0,0.0,7.11,6.72,6.2,7.06
3212,53.5333,7.0,62.235,2.261,0.9751,0.95,2.01,7.52,7.078,0.0,0.0,-0.0,0.0,0.0,0.0,7.03,7.22,7.03,7.03
3213,53.55,7.0,62.249,2.262,0.974,0.96,1.47,7.46,7.163,0.0,0.0,-0.0,0.0,0.0,0.0,6.99,6.6,9.15,5.91
3214,53.5667,7.0,62.259,2.266,0.9754,0.52,0.9,7.4,6.903,0.0,0.0,-0.0,0.0,0.0,0.0,6.92,4.77,6.98,8.93
3215,53.5833,7.0,62.271,2.27,0.975,0.05,0.4,7.37,6.69,0.0,0.0,-0.0,0.0,0.0,0.0,6.93,6.93,6.97,5.92
3216,53.6,7.0,62.283,2.274,0.9742,-0.15,0.29,7.48,6.256,0.0,0.0,-0.0,0.0,0.0,0.0,6.99,4.02,6.99,7.03
3217,53.6167,7.0,62.296,2.277,0.9733,-0.22,0.43,7.61,6.057,0.0,0.0,-0.0,0.0,0.0,0.0,7.02,5.13,7.03,5.05
3218,53.6333,7.0,62.31,2.28,0.9722,-0.45,0.46,7.63,5.317,0.0,0.0,-0.0,0.0,0.0,0.0,7.06,2.53,5.23,6.44
3219,53.65,7.0,62.325,2.283,0.9726,-0.55,0.73,7.63,6.187,0.0,0.0,-0.0,0.0,0.0,0.0,7.09,5.06,5.59,7.01
3220,53.6667,7.0,62.341,2.286,0.9737,-0.61,0.75,7.62,6.743,0.0,0.0,-0.0,0.0,0.0,0.0,6.98,6.48,6.52,6.99
3221,53.6833,7.0,62.357,2.288,0.9742,-0.66,0.6,7.62,6.874,0.0,0.0,-0.0,0.0,0.0,0.0,7.01,6.58,6.91,7.0
3222,53.7,7.0,62.372,2.29,0.9734,-0.65,0.55,7.66,6.464,0.0,0.0,-0.0,0.0,0.0,0.0,6.98,6.93,4.92,7.02
3223,53.7167,7.0,62.388,2.291,0.9735,-0.53,0.77,7.59,7.268,0.0,0.0,-0.0,0.0,0.0,0.0,7.0,8.06,7.01,7.0
3224,53.7333,7.0,62.403,2.293,0.9744,-0.44,0.54,7.58,7.025,0.0,0.0,-0.0,0.0,0.0,0.0,7.0,7.1,7.0,7.0
3225,53.75,7.0,62.418,2.294,0.9737,-0.4,0.37,7.55,6.71,0.0,0.0,-0.0,0.0,0.0,0.0,7.05,7.01,7.04,5.74
3226,53.7667,7.0,62.433,2.296,0.9741,-0.36,0.39,7.55,6.606,0.0,0.0,-0.0,0.0,0.0,0.0,6.99,6.28,6.15,7.01
3227,53.7833,7.0,62.449,2.297,0.9741,-0.21,0.4,7.57,6.489,0.0,0.0,-0.0,0.0,0.0,0.0,7.01,6.75,5.19,7.0
3228,53.8,7.0,62.465,2.299,0.9748,-0.22,0.37,7.57,6.723,0.0,0.0,-0.0,0.0,0.0,0.0,7.0,6.99,6.37,6.53
3229,53.8167,7.0,62.481,2.302,0.974,-0.31,0.34,7.55,6.848,0.0,0.0,-0.0,0.0,0.0,0.0,7.0,7.0,7.0,6.39
3230,53.8333,7.0,62.497,2.304,0.9731,-0.27,0.56,7.56,6.583,0.0,0.0,-0.0,0.0,0.0,0.0,7.0,7.82,4.53,6.99
3231,53.85,7.0,62.513,2.306,0.9745,-0.28,0.38,7.55,6.985,0.0,0.0,-0.0,0.0,0.0,0.0,7.01,6.87,7.06,7.0
3232,53.8667,7.0,62.528,2.308,0.9743,-0.36,0.31,7.51,6.851,0.0,0.0,-0.0,0.0,0.0,0.0,7.0,6.98,7.0,6.42
3233,53.8833,7.0,62.544,2.31,0.9732,-0.33,0.5,7.55,6.271,0.0,0.0,-0.0,0.0,0.0,0.0,6.99,7.38,3.73,6.98
3234,53.9,7.0,62.56,2.312,0.974,-0.32,0.48,7.54,6.833,0.0,0.0,-0.0,0.0,0.0,0.0,6.97,6.82,6.56,6.99
3235,53.9167,7.0,62.576,2.315,0.9741,-0.36,0.37,7.54,6.662,0.0,0.0,-0.0,0.0,0.0,0.0,7.0,7.01,5.87,6.77
3236,53.9333,7.0,62.592,2.317,0.9739,-0.41,0.47,7.56,6.529,0.0,0.0,-0.0,0.0,0.0,0.0,7.0,6.78,5.31,7.02
3237,53.95,7.0,62.608,2.319,0.9731,-0.36,0.64,7.57,6.097,0.0,0.0,-0.0,0.0,0.0,0.0,7.05,6.71,3.74,6.88
3238,53.9667,7.0,62.624,2.321,0.9746,-0.35,0.45,7.56,6.985,0.0,0.0,-0.0,0.0,0.0,0.0,7.0,7.09,6.85,7.0
3239,53.9833,7.0,62.639,2.323,0.9737,-0.3,0.26,7.54,6.523,0.0,0.0,-0.0,0.0,0.0,0.0,6.72,5.62,6.88,6.88
3240,54.0,7.0,62.655,2.324,0.9732,-0.1,0.37,7.54,6.949,0.0,0.0,-0.0,0.0,0.0,0.0,6.99,6.1,7.71,7.01
3241,54.0167,7.0,62.67,2.325,0.9743,0.01,0.2,7.53,7.099,0.0,0.0,-0.0,0.0,0.0,0.0,7.15,7.37,6.79,7.09
3242,54.0333,7.0,62.686,2.326,0.9744,0.14,-0.06,7.51,6.956,0.0,0.0,-0.0,0.0,0.0,0.0,7.04,6.71,7.03,7.03
3243,54.05,7.0,62.701,2.327,0.9725,0.36,-0.27,7.55,6.894,0.0,0.0,-0.0,0.0,0.0,0.0,6.93,6.66,6.99,6.99
3244,54.0667,7.0,62.708,2.33,0.9782,-0.07,-0.82,7.42,6.156,0.0,0.0,-0.0,0.0,0.0,0.0,6.99,4.09,6.56,6.99
3245,54.0833,7.0,62.717,2.332,0.9815,-0.23,-1.37,7.47,6.882,0.0,0.0,-0.0,0.0,0.0,0.0,6.99,5.65,7.92,6.97
3246,54.1,7.0,62.727,2.335,0.9839,-0.37,-1.99,7.46,6.751,0.0,0.0,-0.0,0.0,0.0,0.0,6.97,6.13,6.94,6.96
3247,54.1167,7.0,62.737,2.337,0.9847,-0.47,-2.66,7.46,6.974,0.0,0.0,-0.0,0.0,0.0,0.0,6.96,6.66,7.32,6.96
3248,54.1333,7.0,62.748,2.339,0.9838,-0.57,-3.37,7.48,7.009,0.0,0.0,-0.0,0.0,0.0,0.0,6.95,7.17,6.95,6.96
3249,54.15,7.0,62.759,2.339,0.9857,-0.41,-3.72,7.49,6.59,0.0,0.0,-0.0,0.0,0.0,0.0,6.98,5.78,6.63,6.97
3250,54.1667,7.0,62.771,2.339,0.987,-0.15,-4.16,7.48,6.951,0.0,0.0,-0.0,0.0,0.0,0.0,6.99,6.41,7.41,6.99
3251,54.1833,7.0,62.783,2.339,0.987,0.07,-4.55,7.46,6.319,0.0,0.0,-0.0,0.0,0.0,0.0,6.74,6.62,6.78,5.14
3252,54.2,7.0,62.796,2.34,0.9882,-0.0,-4.52,7.41,7.164,0.0,0.0,-0.0,0.0,0.0,0.0,7.02,6.8,8.36,6.47
3253,54.2167,7.0,62.81,2.342,0.9895,-0.02,-4.55,7.44,6.75,0.0,0.0,-0.0,0.0,0.0,0.0,7.02,5.91,7.07,7.0
3254,54.2333,7.0,62.825,2.344,0.9892,0.02,-4.65,7.43,6.07,0.0,0.0,-0.0,0.0,0.0,0.0,7.04,6.25,4.09,6.9
3255,54.25,7.0,62.84,2.347,0.9886,-0.07,-4.69,7.43,5.606,0.0,0.0,-0.0,0.0,0.0,0.0,6.98,4.66,5.33,5.46
3256,54.2667,7.0,62.855,2.349,0.989,-0.14,-4.47,7.44,6.843,0.0,0.0,-0.0,0.0,0.0,0.0,6.98,6.91,6.39,7.09
3257,54.2833,7.0,62.871,2.352,0.9899,-0.19,-4.45,7.44,6.878,0.0,0.0,-0.0,0.0,0.0,0.0,6.99,6.86,6.67,7.0
3258,54.3,7.0,62.887,2.354,0.9891,-0.19,-4.51,7.44,7.046,0.0,0.0,-0.0,0.0,0.0,0.0,7.0,7.19,7.0,7.0
3259,54.3167,7.0,62.903,2.356,0.9877,-0.15,-4.41,7.43,7.202,0.0,0.0,-0.0,0.0,0.0,0.0,7.23,6.99,7.55,7.05
3260,54.3333,7.0,62.918,2.358,0.9898,-0.13,-4.49,7.47,6.9,0.0,0.0,-0.0,0.0,0.0,0.0,6.99,6.65,6.96,7.0
3261,54.35,7.0,62.934,2.36,0.9897,-0.05,-4.6,7.51,6.86,0.0,0.0,-0.0,0.0,0.0,0.0,6.99,6.45,7.0,7.0
3262,54.3667,7.0,62.949,2.362,0.988,-0.06,-4.55,7.5,6.08,0.0,0.0,-0.0,0.0,0.0,0.0,7.05,5.24,7.0,5.03
3263,54.3833,7.0,62.965,2.364,0.9892,-0.09,-4.5,7.5,6.83,0.0,0.0,-0.0,0.0,0.0,0.0,7.0,6.73,6.59,7.0
3264,54.4,7.0,62.98,2.366,0.9898,-0.1,-4.53,7.5,6.936,0.0,0.0,-0.0,0.0,0.0,0.0,7.06,6.87,6.79,7.02
3265,54.4167,7.0,62.996,2.368,0.9889,-0.05,-4.61,7.5,7.232,0.0,0.0,-0.0,0.0,0.0,0.0,7.04,7.81,7.04,7.03
3266,54.4333,7.0,63.013,2.37,0.9881,-0.01,-4.44,7.5,7.402,0.0,0.0,-0.0,0.0,0.0,0.0,7.2,7.3,8.48,6.63
3267,54.45,7.0,63.028,2.373,0.9897,-0.08,-4.54,7.5,6.917,0.0,0.0,-0.0,0.0,0.0,0.0,6.99,7.05,6.64,6.99
3268,54.4667,7.0,63.044,2.375,0.9895,-0.07,-4.61,7.5,7.136,0.0,0.0,-0.0,0.0,0.0,0.0,6.99,7.55,7.0,7.0
3269,54.4833,7.0,63.06,2.376,0.9878,-0.01,-4.55,7.52,6.763,0.0,0.0,-0.0,0.0,0.0,0.0,6.94,7.46,4.5,8.15
3270,54.5,7.0,63.076,2.378,0.9895,0.01,-4.58,7.52,6.856,0.0,0.0,-0.0,0.0,0.0,0.0,7.0,6.68,6.74,7.0
3271,54.5167,7.0,63.091,2.38,0.9897,0.06,-4.68,7.53,6.779,0.0,0.0,-0.0,0.0,0.0,0.0,7.02,6.48,7.05,6.57
3272,54.5333,7.0,63.107,2.383,0.9898,-0.17,-4.36,7.43,6.646,0.0,0.0,-0.0,0.0,0.0,0.0,6.99,6.98,7.55,5.06
3273,54.55,7.0,63.122,2.386,0.9894,-0.59,-4.0,7.36,6.22,0.0,0.0,-0.0,0.0,0.0,0.0,6.98,7.0,7.0,3.89
3274,54.5667,7.0,63.138,2.391,0.9904,-1.01,-3.81,7.35,6.589,0.0,0.0,-0.0,0.0,0.0,0.0,7.01,6.07,6.31,6.97
3275,54.5833,7.0,63.154,2.395,0.9902,-1.27,-3.63,7.36,6.732,0.0,0.0,-0.0,0.0,0.0,0.0,6.96,6.8,6.94,6.22
3276,54.6,7.0,63.171,2.4,0.9886,-1.61,-3.37,7.33,6.752,0.0,0.0,-0.0,0.0,0.0,0.0,6.99,7.0,7.0,6.01
3277,54.6167,7.0,63.187,2.405,0.9894,-2.11,-3.33,7.25,7.325,0.0,0.0,-0.0,0.0,0.0,0.0,7.04,4.49,10.76,7.0
3278,54.6333,7.0,63.196,2.411,0.9932,-2.94,-3.51,7.15,4.73,0.0,0.0,-0.0,0.0,0.0,0.0,6.91,-1.49,6.57,6.93
3279,54.65,7.0,63.206,2.417,0.9957,-3.61,-3.63,7.11,6.535,0.0,0.0,-0.0,0.0,0.0,0.0,6.96,5.25,6.96,6.96
3280,54.6667,7.0,63.217,2.422,0.9997,-4.05,-3.66,7.15,11.291,0.0,0.0,-0.0,0.0,0.0,0.0,6.8,4.26,27.31,6.8
3281,54.6833,7.0,63.228,2.426,1.0044,-4.33,-3.64,7.19,6.303,0.0,0.0,-0.0,0.0,0.0,0.0,6.96,5.7,5.6,6.96
3282,54.7,7.0,63.241,2.429,1.0091,-4.53,-3.76,7.18,5.075,0.0,0.0,-0.0,0.0,0.0,0.0,7.07,4.84,1.31,7.09
3283,54.7167,7.0,63.254,2.432,1.0129,-4.68,-3.99,7.2,6.75,0.0,0.0,-0.0,0.0,0.0,0.0,7.0,6.02,6.98,7.0
3284,54.7333,7.0,63.267,2.434,1.015,-4.78,-4.24,7.24,5.955,0.0,0.0,-0.0,0.0,0.0,0.0,7.0,6.53,3.34,6.95
3285,54.75,7.0,63.281,2.436,1.0168,-4.85,-4.47,7.19,6.772,0.0,0.0,-0.0,0.0,0.0,0.0,7.0,6.1,6.99,7.0
3286,54.7667,7.0,63.295,2.437,1.0182,-4.71,-4.44,7.23,6.644,0.0,0.0,-0.0,0.0,0.0,0.0,7.01,6.97,5.56,7.03
3287,54.7833,7.0,63.31,2.438,1.018,-4.58,-4.6,7.21,6.09,0.0,0.0,-0.0,0.0,0.0,0.0,7.14,5.37,4.72,7.13
3288,54.8,7.0,63.324,2.439,1.018,-4.47,-4.95,7.23,7.201,0.0,0.0,-0.0,0.0,0.0,0.0,7.03,8.43,6.24,7.1
3289,54.8167,7.0,63.338,2.44,1.0191,-4.17,-5.09,7.29,6.64,0.0,0.0,-0.0,0.0,0.0,0.0,7.01,6.19,6.37,6.98
3290,54.8333,7.0,63.352,2.439,1.0188,-3.85,-5.22,7.35,6.902,0.0,0.0,-0.0,0.0,0.0,0.0,7.05,6.44,7.07,7.05
3291,54.85,7.0,63.367,2.439,1.0165,-3.46,-5.36,7.4,6.73,0.0,0.0,-0.0,0.0,0.0,0.0,6.95,5.97,7.0,7.01
3292,54.8667,7.0,63.381,2.439,1.0183,-3.21,-5.89,7.41,6.718,0.0,0.0,-0.0,0.0,0.0,0.0,6.99,6.47,6.4,7.0
3293,54.8833,7.0,63.395,2.438,1.0186,-2.8,-6.11,7.44,6.874,0.0,0.0,-0.0,0.0,0.0,0.0,6.98,6.33,7.19,7.0
3294,54.9,7.0,63.409,2.437,1.0175,-2.34,-6.33,7.47,6.777,0.0,0.0,-0.0,0.0,0.0,0.0,6.97,6.18,6.97,6.99
3295,54.9167,7.0,63.424,2.436,1.0176,-1.94,-6.81,7.5,6.986,0.0,0.0,-0.0,0.0,0.0,0.0,7.0,7.06,6.89,7.0
3296,54.9333,7.0,63.438,2.435,1.0182,-1.47,-7.11,7.53,6.717,0.0,0.0,-0.0,0.0,0.0,0.0,7.02,6.32,6.53,7.0
3297,54.95,7.0,63.452,2.433,1.0175,-0.95,-7.4,7.55,7.008,0.0,0.0,-0.0,0.0,0.0,0.0,6.98,6.78,7.21,7.07
3298,54.9667,7.0,63.467,2.434,1.0193,-0.89,-6.96,7.41,6.11,0.0,0.0,-0.0,0.0,0.0,0.0,6.95,6.89,3.38,7.23
3299,54.9833,7.0,63.482,2.436,1.021,-0.9,-7.11,7.39,6.792,0.0,0.0,-0.0,0.0,0.0,0.0,7.0,7.01,6.73,6.43
3300,55.0,7.0,63.497,2.438,1.0201,-0.93,-7.31,7.4,6.797,0.0,0.0,-0.0,0.0,0.0,0.0,6.98,6.99,6.99,6.23
3301,55.0167,7.0,63.512,2.441,1.0186,-1.2,-7.17,7.29,6.588,0.0,0.0,-0.0,0.0,0.0,0.0,7.03,7.0,7.02,5.29
3302,55.0333,7.0,63.528,2.445,1.0159,-1.59,-6.98,7.21,6.803,0.0,0.0,-0.0,0.0,0.0,0.0,7.02,7.03,7.02,6.14
3303,55.05,7.0,63.544,2.449,1.0177,-1.88,-6.88,7.21,6.457,0.0,0.0,-0.0,0.0,0.0,0.0,6.96,6.0,5.89,6.97
3304,55.0667,7.0,63.56,2.452,1.0183,-2.15,-6.53,7.16,6.834,0.0,0.0,-0.0,0.0,0.0,0.0,7.03,7.16,7.1,6.05
3305,55.0833,7.0,63.575,2.456,1.0179,-2.81,-5.97,6.92,7.787,0.0,0.0,-0.0,0.0,0.0,0.0,6.95,7.02,6.98,10.19
3306,55.1,7.0,63.589,2.462,1.0179,-3.65,-5.61,6.87,6.645,0.0,0.0,-0.0,0.0,0.0,0.0,6.91,6.98,6.73,5.96
3307,55.1167,7.0,63.604,2.468,1.0177,-4.26,-5.16,6.84,6.69,0.0,0.0,-0.0,0.0,0.0,0.0,6.91,5.4,7.52,6.93
3308,55.1333,7.0,63.62,2.474,1.0171,-4.96,-4.63,6.73,6.637,0.0,0.0,-0.0,0.0,0.0,0.0,6.96,7.02,6.98,5.58
3309,55.15,7.0,63.636,2.481,1.0156,-5.75,-4.27,6.68,5.166,0.0,0.0,-0.0,0.0,0.0,0.0,6.84,2.94,4.46,6.42
3310,55.1667,7.0,63.653,2.488,1.0157,-6.35,-3.85,6.75,6.049,0.0,0.0,-0.0,0.0,0.0,0.0,7.05,6.01,4.14,6.99
3311,55.1833,7.0,63.67,2.494,1.0142,-6.95,-3.63,6.74,5.68,0.0,0.0,-0.0,0.0,0.0,0.0,6.79,4.96,4.04,6.93
3312,55.2,7.0,63.688,2.499,1.0129,-7.4,-3.28,6.69,6.414,0.0,0.0,-0.0,0.0,0.0,0.0,6.96,7.34,4.34,7.01
3313,55.2167,7.0,63.706,2.504,1.0115,-7.9,-3.22,6.65,7.261,0.0,0.0,-0.0,0.0,0.0,0.0,6.97,8.12,6.97,6.99
3314,55.2333,7.0,63.719,2.509,1.0197,-8.49,-3.13,6.43,6.978,0.0,0.0,-0.0,0.0,0.0,0.0,6.93,6.05,7.91,7.02
3315,55.25,7.0,63.731,2.515,1.026,-8.94,-3.24,6.52,6.739,0.0,0.0,-0.0,0.0,0.0,0.0,6.99,5.58,7.37,7.01
3316,55.2667,7.0,63.744,2.521,1.0311,-9.31,-3.34,6.65,6.751,0.0,0.0,-0.0,0.0,0.0,0.0,7.0,5.97,7.02,7.02
3317,55.2833,7.0,63.757,2.526,1.0349,-9.58,-3.38,6.82,6.659,0.0,0.0,-0.0,0.0,0.0,0.0,6.98,5.64,7.0,7.01
3318,55.3,7.0,63.77,2.53,1.0373,-9.77,-3.41,7.01,6.663,0.0,0.0,-0.0,0.0,0.0,0.0,6.99,5.65,7.01,7.01
3319,55.3167,7.0,63.785,2.535,1.0382,-9.89,-3.46,7.22,6.574,0.0,0.0,-0.0,0.0,0.0,0.0,6.97,5.36,6.98,6.98
3320,55.3333,7.0,63.8,2.538,1.0375,-9.94,-3.53,7.43,6.604,0.0,0.0,-0.0,0.0,0.0,0.0,7.0,5.41,7.0,7.0
3321,55.35,7.0,63.815,2.541,1.0351,-9.96,-3.62,7.64,6.73,0.0,0.0,-0.0,0.0,0.0,0.0,7.01,5.91,7.0,7.0
3322,55.3667,7.0,63.832,2.543,1.0359,-9.76,-3.31,7.74,6.689,0.0,0.0,-0.0,0.0,0.0,0.0,7.01,5.72,7.02,7.01
3323,55.3833,7.0,63.848,2.545,1.0375,-9.71,-3.51,7.74,7.109,0.0,0.0,-0.0,0.0,0.0,0.0,6.99,7.51,6.94,6.99
3324,55.4,7.0,63.864,2.547,1.0364,-9.67,-3.71,7.78,7.215,0.0,0.0,-0.0,0.0,0.0,0.0,6.93,7.91,7.01,7.01
3325,55.4167,7.0,63.88,2.548,1.0357,-9.44,-3.55,7.88,6.96,0.0,0.0,-0.0,0.0,0.0,0.0,6.91,7.88,6.23,6.82
3326,55.4333,7.0,63.896,2.549,1.0371,-9.31,-3.71,7.94,7.078,0.0,0.0,-0.0,0.0,0.0,0.0,7.01,7.01,7.28,7.01
3327,55.45,7.0,63.912,2.551,1.0367,-9.16,-3.96,8.03,7.007,0.0,0.0,-0.0,0.0,0.0,0.0,6.98,7.06,6.99,7.0
3328,55.4667,7.0,63.928,2.552,1.0339,-8.97,-4.19,8.17,6.825,0.0,0.0,-0.0,0.0,0.0,0.0,7.0,6.29,7.0,7.0
3329,55.4833,7.0,63.944,2.552,1.0353,-8.62,-4.09,8.2,6.933,0.0,0.0,-0.0,0.0,0.0,0.0,7.0,6.41,7.31,7.01
3330,55.5,7.0,63.96,2.552,1.0367,-8.39,-4.44,8.24,7.036,0.0,0.0,-0.0,0.0,0.0,0.0,7.01,6.94,7.2,7.0
3331,55.5167,7.0,63.975,2.553,1.0355,-8.15,-4.77,8.32,7.075,0.0,0.0,-0.0,0.0,0.0,0.0,6.99,7.32,7.0,6.99
3332,55.5333,7.0,63.99,2.553,1.032,-7.9,-5.07,8.43,7.565,0.0,0.0,-0.0,0.0,0.0,0.0,7.03,8.34,8.15,6.74
3333,55.55,7.0,64.006,2.553,1.0361,-7.48,-5.17,8.55,7.076,0.0,0.0,-0.0,0.0,0.0,0.0,7.0,6.65,7.65,7.01
3334,55.5667,7.0,64.021,2.553,1.0357,-7.08,-5.55,8.64,6.971,0.0,0.0,-0.0,0.0,0.0,0.0,6.97,6.95,6.99,6.98
3335,55.5833,7.0,64.036,2.553,1.0331,-6.76,-5.91,8.71,6.942,0.0,0.0,-0.0,0.0,0.0,0.0,6.98,7.09,6.73,6.97
3336,55.6,7.0,64.05,2.553,1.0347,-6.58,-5.77,8.68,7.856,0.0,0.0,-0.0,0.0,0.0,0.0,7.02,11.41,7.2,5.79
3337,55.6167,7.0,64.061,2.558,1.0361,-7.27,-5.27,8.61,6.298,0.0,0.0,-0.0,0.0,0.0,0.0,6.91,6.96,6.53,4.79
3338,55.6333,7.0,64.071,2.565,1.0365,-7.99,-4.8,8.56,6.232,0.0,0.0,-0.0,0.0,0.0,0.0,6.76,6.79,6.78,4.6
3339,55.65,7.0,64.082,2.571,1.0355,-8.52,-4.37,8.56,5.798,0.0,0.0,-0.0,0.0,0.0,0.0,6.91,2.36,6.94,6.98
3340,55.6667,7.0,64.094,2.576,1.0351,-9.0,-3.78,8.54,10.807,0.0,0.0,-0.0,0.0,0.0,0.0,7.29,0.69,7.4,27.85
3341,55.6833,7.0,64.107,2.581,1.0342,-9.49,-3.22,8.46,9.045,0.0,0.0,-0.0,0.0,0.0,0.0,6.92,1.27,16.25,11.73
3342,55.7,7.0,64.122,2.586,1.0327,-9.86,-2.7,8.45,6.555,0.0,0.0,-0.0,0.0,0.0,0.0,6.99,7.02,7.02,5.19
3343,55.7167,7.0,64.136,2.592,1.0318,-10.39,-2.38,8.36,6.388,0.0,0.0,-0.0,0.0,0.0,0.0,6.76,5.04,6.17,7.58
3344,55.7333,7.0,64.152,2.596,1.0328,-10.65,-2.05,8.31,9.1,0.0,0.0,-0.0,0.0,0.0,0.0,6.76,6.26,16.21,7.17
3345,55.75,7.0,64.168,2.6,1.0315,-10.83,-1.79,8.32,6.623,0.0,0.0,-0.0,0.0,0.0,0.0,7.02,5.49,6.98,7.0
3346,55.7667,7.0,64.185,2.604,1.03,-11.06,-1.67,8.3,6.948,0.0,0.0,-0.0,0.0,0.0,0.0,6.83,6.86,7.19,6.91
3347,55.7833,7.0,64.201,2.608,1.0281,-11.3,-1.75,8.34,7.064,0.0,0.0,-0.0,0.0,0.0,0.0,7.02,7.26,6.96,7.02
3348,55.8,7.0,64.218,2.61,1.0306,-11.3,-1.28,8.33,7.295,0.0,0.0,-0.0,0.0,0.0,0.0,6.91,6.47,8.84,6.96
3349,55.8167,7.0,64.236,2.613,1.03,-11.29,-1.01,8.25,5.008,0.0,0.0,-0.0,0.0,0.0,0.0,6.98,4.8,1.13,7.12
3350,55.8333,7.0,64.252,2.615,1.0333,-11.31,-0.82,7.98,6.975,0.0,0.0,-0.0,0.0,0.0,0.0,6.9,6.96,7.12,6.92
3351,55.85,7.0,64.269,2.618,1.0346,-11.25,-0.81,8.02,6.93,0.0,0.0,-0.0,0.0,0.0,0.0,6.98,6.72,7.0,7.01
3352,55.8667,7.0,64.285,2.621,1.0341,-11.18,-0.74,8.13,6.81,0.0,0.0,-0.0,0.0,0.0,0.0,7.0,6.25,7.0,7.0
3353,55.8833,7.0,64.302,2.623,1.0314,-11.03,-0.69,8.23,5.88,0.0,0.0,-0.0,0.0,0.0,0.0,6.9,2.81,6.89,6.92
3354,55.9,7.0,64.319,2.624,1.0299,-10.75,-0.45,8.26,7.577,0.0,0.0,-0.0,0.0,0.0,0.0,8.66,8.01,6.62,7.02
3355,55.9167,7.0,64.336,2.623,1.029,-10.5,-0.42,8.03,5.562,0.0,0.0,-0.0,0.0,0.0,0.0,7.28,0.95,7.02,7.0
3356,55.9333,7.0,64.354,2.622,1.0256,-10.23,-0.39,7.86,6.944,0.0,0.0,-0.0,0.0,0.0,0.0,6.97,6.83,6.99,6.98
3357,55.95,7.0,64.371,2.621,1.0199,-9.93,-0.35,7.78,6.043,0.0,0.0,-0.0,0.0,0.0,0.0,6.65,4.45,6.81,6.26
3358,55.9667,7.0,64.388,2.622,1.0257,-9.69,-0.13,7.77,7.44,0.0,0.0,-0.0,0.0,0.0,0.0,8.76,7.52,7.04,6.44
3359,55.9833,7.0,64.405,2.623,1.0257,-9.56,0.07,7.68,6.96,0.0,0.0,-0.0,0.0,0.0,0.0,7.02,7.03,7.03,6.75
3360,56.0,7.0,64.423,2.624,1.0241,-9.46,0.24,7.68,6.972,0.0,0.0,-0.0,0.0,0.0,0.0,6.95,7.0,7.0,6.94
3361,56.0167,7.0,64.439,2.625,1.0261,-9.27,0.15,7.68,6.873,0.0,0.0,-0.0,0.0,0.0,0.0,6.62,6.97,6.97,6.93
3362,56.0333,7.0,64.456,2.627,1.0255,-9.18,0.26,7.71,6.4,0.0,0.0,-0.0,0.0,0.0,0.0,5.26,7.04,7.04,6.26
3363,56.05,7.0,64.473,2.629,1.0232,-9.22,0.23,7.66,6.909,0.0,0.0,-0.0,0.0,0.0,0.0,6.99,7.0,7.0,6.65
3364,56.0667,7.0,64.489,2.63,1.0226,-9.1,-0.11,7.7,7.227,0.0,0.0,-0.0,0.0,0.0,0.0,7.49,7.0,7.0,7.42
3365,56.0833,7.0,64.505,2.633,1.0254,-9.21,0.13,7.63,7.112,0.0,0.0,-0.0,0.0,0.0,0.0,7.71,7.01,7.01,6.73
3366,56.1,7.0,64.521,2.635,1.0241,-9.32,0.03,7.6,6.938,0.0,0.0,-0.0,0.0,0.0,0.0,6.99,7.0,7.0,6.76
3367,56.1167,7.0,64.537,2.638,1.0205,-9.51,-0.07,7.61,7.408,0.0,0.0,-0.0,0.0,0.0,0.0,8.75,6.98,6.98,6.92
3368,56.1333,7.0,64.552,2.641,1.0246,-9.64,-0.29,7.56,6.531,0.0,0.0,-0.0,0.0,0.0,0.0,5.75,6.75,6.96,6.67
3369,56.15,7.0,64.568,2.645,1.0241,-9.81,-0.41,7.6,6.518,0.0,0.0,-0.0,0.0,0.0,0.0,7.02,5.28,7.04,6.75
3370,56.1667,7.0,64.583,2.648,1.0221,-9.87,-0.41,7.72,6.532,0.0,0.0,-0.0,0.0,0.0,0.0,6.99,5.22,6.98,6.94
3371,56.1833,7.0,64.595,2.651,1.0282,-9.96,0.04,7.48,5.849,0.0,0.0,-0.0,0.0,0.0,0.0,3.55,6.92,6.95,5.99
3372,56.2,7.0,64.607,2.655,1.0327,-10.28,0.26,7.42,6.726,0.0,0.0,-0.0,0.0,0.0,0.0,6.86,6.98,6.99,6.08
3373,56.2167,7.0,64.62,2.659,1.0358,-10.7,0.41,7.38,6.992,0.0,0.0,-0.0,0.0,0.0,0.0,6.98,6.99,7.0,6.99
3374,56.2333,7.0,64.633,2.664,1.037,-11.2,0.54,7.34,7.252,0.0,0.0,-0.0,0.0,0.0,0.0,6.98,7.0,7.01,8.02
3375,56.25,7.0,64.646,2.669,1.0406,-11.61,0.29,7.32,6.671,0.0,0.0,-0.0,0.0,0.0,0.0,6.4,6.97,6.98,6.34
3376,56.2667,7.0,64.66,2.674,1.0417,-12.13,0.06,7.32,6.901,0.0,0.0,-0.0,0.0,0.0,0.0,7.21,6.98,6.99,6.42
3377,56.2833,7.0,64.673,2.679,1.0411,-12.7,-0.18,7.35,6.827,0.0,0.0,-0.0,0.0,0.0,0.0,6.97,6.97,6.99,6.38
3378,56.3,7.0,64.687,2.684,1.0396,-13.0,-0.1,7.43,6.632,0.0,0.0,-0.0,0.0,0.0,0.0,7.29,5.14,7.04,7.06
3379,56.3167,7.0,64.7,2.686,1.0429,-12.99,-0.46,7.44,5.855,0.0,0.0,-0.0,0.0,0.0,0.0,5.91,4.62,6.97,5.91
3380,56.3333,7.0,64.715,2.689,1.0425,-13.09,-0.47,7.44,6.471,0.0,0.0,-0.0,0.0,0.0,0.0,5.91,5.96,7.01,7.0
3381,56.35,7.0,64.73,2.691,1.0405,-13.15,-0.52,7.45,4.749,0.0,0.0,-0.0,0.0,0.0,0.0,6.87,-1.29,6.66,6.76
3382,56.3667,7.0,64.746,2.691,1.0418,-12.77,-0.4,7.45,7.088,0.0,0.0,-0.0,0.0,0.0,0.0,6.31,8.18,6.92,6.95
3383,56.3833,7.0,64.761,2.691,1.0425,-12.65,-0.25,7.36,7.08,0.0,0.0,-0.0,0.0,0.0,0.0,8.81,7.06,7.06,5.39
3384,56.4,7.0,64.778,2.692,1.0413,-12.48,-0.08,7.32,6.711,0.0,0.0,-0.0,0.0,0.0,0.0,7.14,6.32,7.03,6.35
3385,56.4167,7.0,64.795,2.693,1.0384,-12.35,0.11,7.31,7.03,0.0,0.0,-0.0,0.0,0.0,0.0,5.61,10.15,6.96,5.4
3386,56.4333,7.0,64.812,2.693,1.0411,-12.16,0.19,7.2,7.215,0.0,0.0,-0.0,0.0,0.0,0.0,7.59,7.48,7.05,6.74
3387,56.45,7.0,64.829,2.695,1.0403,-12.25,0.15,7.1,6.907,0.0,0.0,-0.0,0.0,0.0,0.0,6.89,7.63,6.95,6.17
3388,56.4667,7.0,64.846,2.697,1.0376,-12.39,0.22,7.03,6.88,0.0,0.0,-0.0,0.0,0.0,0.0,7.02,7.02,7.02,6.46
3389,56.4833,7.0,64.864,2.697,1.0386,-12.1,0.39,6.97,6.71,0.0,0.0,-0.0,0.0,0.0,0.0,6.31,7.82,6.9,5.8
3390,56.5,7.0,64.881,2.7,1.0388,-12.13,0.4,7.0,6.995,0.0,0.0,-0.0,0.0,0.0,0.0,7.08,7.01,7.01,6.87
3391,56.5167,7.0,64.898,2.702,1.0371,-12.17,0.34,7.03,7.106,0.0,0.0,-0.0,0.0,0.0,0.0,6.99,7.0,7.01,7.42
3392,56.5333,7.0,64.914,2.705,1.037,-12.21,0.12,7.08,6.448,0.0,0.0,-0.0,0.0,0.0,0.0,5.89,6.25,6.96,6.69
3393,56.55,7.0,64.93,2.706,1.0384,-12.1,0.33,7.08,6.628,0.0,0.0,-0.0,0.0,0.0,0.0,6.96,7.01,6.99,5.56
3394,56.5667,7.0,64.946,2.708,1.0374,-12.09,0.33,7.09,7.112,0.0,0.0,-0.0,0.0,0.0,0.0,6.7,7.73,6.98,7.04
3395,56.5833,7.0,64.963,2.71,1.0349,-12.14,0.3,7.14,6.58,0.0,0.0,-0.0,0.0,0.0,0.0,6.82,6.24,6.87,6.39
3396,56.6,7.0,64.979,2.711,1.0375,-11.92,0.38,7.08,7.147,0.0,0.0,-0.0,0.0,0.0,0.0,7.71,6.06,6.91,7.91
3397,56.6167,7.0,64.995,2.713,1.0376,-11.96,0.32,7.08,6.899,0.0,0.0,-0.0,0.0,0.0,0.0,7.02,6.73,7.04,6.8
3398,56.6333,7.0,65.012,2.715,1.0356,-11.97,0.29,7.11,6.114,0.0,0.0,-0.0,0.0,0.0,0.0,6.91,3.93,6.95,6.67
3399,56.65,7.0,65.028,2.717,1.0332,-11.74,0.71,7.25,6.377,0.0,0.0,-0.0,0.0,0.0,0.0,7.02,6.21,7.04,5.24
3400,56.6667,7.0,65.044,2.719,1.037,-11.61,0.56,7.22,6.629,0.0,0.0,-0.0,0.0,0.0,0.0,6.04,6.85,6.87,6.75
3401,56.6833,7.0,65.06,2.721,1.0361,-11.53,0.64,7.34,6.886,0.0,0.0,-0.0,0.0,0.0,0.0,6.99,7.0,7.0,6.56
3402,56.7,7.0,65.076,2.723,1.0335,-11.62,0.66,7.34,6.888,0.0,0.0,-0.0,0.0,0.0,0.0,8.12,6.7,6.72,6.01
3403,56.7167,7.0,65.091,2.725,1.0365,-11.67,0.41,7.33,6.886,0.0,0.0,-0.0,0.0,0.0,0.0,6.94,7.01,7.01,6.59
3404,56.7333,7.0,65.107,2.728,1.0362,-11.73,0.34,7.37,7.045,0.0,0.0,-0.0,0.0,0.0,0.0,7.04,6.41,7.06,7.67
3405,56.75,7.0,65.123,2.731,1.034,-11.74,0.31,7.47,6.751,0.0,0.0,-0.0,0.0,0.0,0.0,7.01,6.0,7.0,6.99
3406,56.7667,7.0,65.138,2.733,1.0349,-11.78,0.18,7.48,6.517,0.0,0.0,-0.0,0.0,0.0,0.0,6.0,6.92,6.94,6.2
3407,56.7833,7.0,65.153,2.736,1.0363,-11.69,0.29,7.63,6.819,0.0,0.0,-0.0,0.0,0.0,0.0,7.03,6.2,7.02,7.02
3408,56.8,7.0,65.168,2.739,1.0355,-11.72,0.32,7.71,5.643,0.0,0.0,-0.0,0.0,0.0,0.0,7.01,2.61,7.01,5.95
3409,56.8167,7.0,65.184,2.742,1.0332,-11.89,0.43,7.71,7.403,0.0,0.0,-0.0,0.0,0.0,0.0,4.46,11.62,7.06,6.47
3410,56.8333,7.0,65.2,2.742,1.0361,-11.67,0.36,7.68,7.001,0.0,0.0,-0.0,0.0,0.0,0.0,6.93,7.1,6.99,6.99
3411,56.85,7.0,65.216,2.744,1.0352,-11.54,0.37,7.68,7.061,0.0,0.0,-0.0,0.0,0.0,0.0,7.07,8.38,7.03,5.76
3412,56.8667,7.0,65.233,2.745,1.0321,-11.4,0.38,7.66,6.711,0.0,0.0,-0.0,0.0,0.0,0.0,6.98,6.17,7.01,6.69
3413,56.8833,7.0,65.249,2.745,1.0313,-10.99,0.37,7.66,6.62,0.0,0.0,-0.0,0.0,0.0,0.0,6.15,6.3,7.01,7.02
3414,56.9,7.0,65.265,2.743,1.0294,-10.52,0.39,7.64,6.889,0.0,0.0,-0.0,0.0,0.0,0.0,6.98,6.58,7.0,6.99
3415,56.9167,7.0,65.281,2.742,1.0254,-10.04,0.41,7.66,6.696,0.0,0.0,-0.0,0.0,0.0,0.0,6.98,5.84,6.98,6.98
3416,56.9333,7.0,65.297,2.74,1.0196,-9.54,0.45,7.67,6.749,0.0,0.0,-0.0,0.0,0.0,0.0,6.97,6.06,6.98,6.98
3417,56.95,7.0,65.314,2.735,1.0177,-8.58,0.35,7.67,6.677,0.0,0.0,-0.0,0.0,0.0,0.0,6.27,6.51,6.96,6.97
3418,56.9667,7.0,65.331,2.73,1.012,-7.72,0.39,7.66,6.82,0.0,0.0,-0.0,0.0,0.0,0.0,6.89,6.48,6.95,6.96
3419,56.9833,7.0,65.348,2.726,1.0043,-6.86,0.42,7.65,6.787,0.0,0.0,-0.0,0.0,0.0,0.0,7.23,6.01,6.95,6.96
3420,57.0,7.0,65.365,2.724,1.0,-6.27,1.08,7.55,5.562,0.0,0.0,-0.0,0.0,0.0,0.0,3.86,6.69,6.88,4.82
3421,57.0167,7.0,65.383,2.723,0.9975,-5.95,1.71,7.46,6.658,0.0,0.0,-0.0,0.0,0.0,0.0,7.0,6.92,6.94,5.78
3422,57.0333,7.0,65.402,2.724,0.995,-5.79,1.93,7.46,7.272,0.0,0.0,-0.0,0.0,0.0,0.0,7.12,6.93,8.02,7.02
3423,57.05,7.0,65.421,2.726,0.9913,-5.82,1.86,7.39,7.433,0.0,0.0,-0.0,0.0,0.0,0.0,7.06,7.06,8.02,7.58
3424,57.0667,7.0,65.438,2.73,0.9954,-5.95,2.0,7.37,6.915,0.0,0.0,-0.0,0.0,0.0,0.0,6.86,7.01,7.13,6.65
3425,57.0833,7.0,65.455,2.733,0.9946,-6.0,1.96,7.32,7.165,0.0,0.0,-0.0,0.0,0.0,0.0,7.05,7.09,7.1,7.41
3426,57.1,7.0,65.472,2.735,0.991,-6.12,1.9,7.32,7.101,0.0,0.0,-0.0,0.0,0.0,0.0,6.55,6.98,6.57,8.31
3427,57.1167,7.0,65.488,2.738,0.9953,-6.16,1.82,7.32,6.581,0.0,0.0,-0.0,0.0,0.0,0.0,6.2,6.98,7.01,6.14
3428,57.1333,7.0,65.504,2.74,0.9952,-6.25,1.75,7.32,6.232,0.0,0.0,-0.0,0.0,0.0,0.0,5.08,7.03,7.03,5.79
3429,57.15,7.0,65.52,2.743,0.9931,-6.35,1.62,7.36,6.996,0.0,0.0,-0.0,0.0,0.0,0.0,6.99,7.0,7.0,7.0
3430,57.1667,7.0,65.535,2.745,0.992,-6.34,1.21,7.38,6.978,0.0,0.0,-0.0,0.0,0.0,0.0,6.59,7.05,7.0,7.27
3431,57.1833,7.0,65.55,2.748,0.9955,-6.51,1.53,7.39,8.716,0.0,0.0,-0.0,0.0,0.0,0.0,13.89,5.51,7.08,8.38
3432,57.2,7.0,65.567,2.75,0.9942,-6.48,1.58,7.43,7.185,0.0,0.0,-0.0,0.0,0.0,0.0,7.37,7.41,7.03,6.92
3433,57.2167,7.0,65.583,2.752,0.991,-6.45,1.64,7.47,6.59,0.0,0.0,-0.0,0.0,0.0,0.0,6.97,6.08,6.98,6.33
3434,57.2333,7.0,65.599,2.753,0.9951,-6.35,1.61,7.46,6.447,0.0,0.0,-0.0,0.0,0.0,0.0,5.99,6.64,6.99,6.17
3435,57.25,7.0,65.616,2.756,0.9944,-6.33,1.63,7.43,6.843,0.0,0.0,-0.0,0.0,0.0,0.0,6.69,6.94,6.93,6.81
3436,57.2667,7.0,65.632,2.758,0.9922,-6.25,1.65,7.49,6.793,0.0,0.0,-0.0,0.0,0.0,0.0,7.07,7.06,7.05,6.0
3437,57.2833,7.0,65.648,2.76,0.9946,-6.24,1.63,7.48,6.221,0.0,0.0,-0.0,0.0,0.0,0.0,5.2,6.99,7.01,5.68
3438,57.3,7.0,65.664,2.763,0.9949,-6.3,1.65,7.49,7.012,0.0,0.0,-0.0,0.0,0.0,0.0,6.9,6.99,6.99,7.16
3439,57.3167,7.0,65.679,2.765,0.9936,-6.38,1.58,7.51,6.847,0.0,0.0,-0.0,0.0,0.0,0.0,6.95,6.95,6.96,6.53
3440,57.3333,7.0,65.695,2.768,0.9905,-6.46,1.62,7.52,6.79,0.0,0.0,-0.0,0.0,0.0,0.0,7.09,6.01,6.99,7.07
3441,57.35,7.0,65.711,2.769,0.9945,-6.41,1.54,7.51,6.421,0.0,0.0,-0.0,0.0,0.0,0.0,5.87,6.83,6.99,6.0
3442,57.3667,7.0,65.727,2.772,0.9942,-6.45,1.58,7.47,6.706,0.0,0.0,-0.0,0.0,0.0,0.0,5.68,7.08,7.07,6.99
3443,57.3833,7.0,65.743,2.775,0.9939,-6.54,1.55,7.54,7.626,0.0,0.0,-0.0,0.0,0.0,0.0,10.07,6.89,6.89,6.65
3444,57.4,7.0,65.759,2.777,0.9952,-6.66,1.22,7.34,6.933,0.0,0.0,-0.0,0.0,0.0,0.0,7.08,7.07,7.08,6.51
3445,57.4167,7.0,65.774,2.778,0.9952,-6.84,1.16,7.15,7.047,0.0,0.0,-0.0,0.0,0.0,0.0,7.09,6.12,7.04,7.94
3446,57.4333,7.0,65.79,2.78,0.9935,-6.88,1.21,7.09,6.494,0.0,0.0,-0.0,0.0,0.0,0.0,6.99,5.95,6.99,6.05
3447,57.45,7.0,65.806,2.781,0.9907,-6.97,1.43,7.0,5.964,0.0,0.0,-0.0,0.0,0.0,0.0,5.59,7.18,6.87,4.22
3448,57.4667,7.0,65.821,2.783,0.9945,-6.88,1.23,6.96,6.482,0.0,0.0,-0.0,0.0,0.0,0.0,5.96,6.93,6.93,6.1
3449,57.4833,7.0,65.837,2.785,0.9936,-6.89,1.29,7.02,6.894,0.0,0.0,-0.0,0.0,0.0,0.0,7.0,6.63,7.0,6.94
3450,57.5,7.0,65.854,2.788,0.9908,-6.84,1.38,7.12,6.625,0.0,0.0,-0.0,0.0,0.0,0.0,6.98,5.8,6.98,6.75
3451,57.5167,7.0,65.871,2.79,0.986,-6.79,1.47,7.22,6.666,0.0,0.0,-0.0,0.0,0.0,0.0,7.02,5.8,7.01,6.83
3452,57.5333,7.0,65.889,2.792,0.9861,-6.87,2.32,7.19,7.565,0.0,0.0,-0.0,0.0,0.0,0.0,9.69,6.41,7.03,7.14
3453,57.55,7.0,65.909,2.794,0.9815,-6.84,2.75,7.17,7.605,0.0,0.0,-0.0,0.0,0.0,0.0,6.59,9.16,6.77,7.91
3454,57.5667,7.0,65.928,2.795,0.9809,-6.6,2.53,7.15,7.371,0.0,0.0,-0.0,0.0,0.0,0.0,8.52,6.97,6.98,7.01
3455,57.5833,7.0,65.946,2.797,0.9831,-6.59,2.92,7.13,7.377,0.0,0.0,-0.0,0.0,0.0,0.0,7.65,7.05,7.05,7.75
3456,57.6,7.0,65.964,2.798,0.9818,-6.49,3.0,7.15,7.12,0.0,0.0,-0.0,0.0,0.0,0.0,7.07,7.03,7.03,7.35
3457,57.6167,7.0,65.982,2.799,0.981,-6.27,2.85,7.16,7.373,0.0,0.0,-0.0,0.0,0.0,0.0,7.75,7.02,7.02,7.7
3458,57.6333,7.0,65.998,2.801,0.9829,-6.25,3.17,7.13,6.863,0.0,0.0,-0.0,0.0,0.0,0.0,6.84,7.05,7.05,6.51
3459,57.65,7.0,66.016,2.803,0.9824,-6.22,3.27,7.12,7.072,0.0,0.0,-0.0,0.0,0.0,0.0,6.99,7.0,7.0,7.3
3460,57.6667,7.0,66.033,2.805,0.9794,-6.2,3.36,7.09,6.858,0.0,0.0,-0.0,0.0,0.0,0.0,6.71,7.04,7.04,6.64
3461,57.6833,7.0,66.049,2.806,0.9826,-6.09,3.32,7.11,6.552,0.0,0.0,-0.0,0.0,0.0,0.0,6.45,7.0,7.0,5.75
3462,57.7,7.0,66.066,2.808,0.9823,-6.1,3.4,7.1,6.84,0.0,0.0,-0.0,0.0,0.0,0.0,6.57,6.95,6.96,6.88
3463,57.7167,7.0,66.082,2.811,0.9802,-6.1,3.42,7.09,6.606,0.0,0.0,-0.0,0.0,0.0,0.0,5.76,6.99,6.97,6.7
3464,57.7333,7.0,66.098,2.812,0.9797,-5.99,3.09,7.12,7.194,0.0,0.0,-0.0,0.0,0.0,0.0,7.33,7.01,7.02,7.41
3465,57.75,7.0,66.114,2.815,0.981,-6.13,3.25,7.13,7.068,0.0,0.0,-0.0,0.0,0.0,0.0,7.04,6.97,6.97,7.29
3466,57.7667,7.0,66.131,2.817,0.9791,-6.23,3.18,7.15,6.954,0.0,0.0,-0.0,0.0,0.0,0.0,6.58,6.93,6.95,7.35
3467,57.7833,7.0,66.147,2.82,0.9761,-6.29,3.04,7.16,7.335,0.0,0.0,-0.0,0.0,0.0,0.0,8.17,7.08,7.08,7.01
3468,57.8,7.0,66.162,2.821,0.9749,-6.18,2.45,7.2,6.458,0.0,0.0,-0.0,0.0,0.0,0.0,7.05,7.2,7.06,4.52
3469,57.8167,7.0,66.178,2.821,0.9746,-5.64,2.73,7.46,6.704,0.0,0.0,-0.0,0.0,0.0,0.0,7.02,5.79,7.01,7.0
3470,57.8333,7.0,66.193,2.821,0.9714,-5.15,2.7,7.6,6.779,0.0,0.0,-0.0,0.0,0.0,0.0,7.0,6.12,7.0,6.99
3471,57.85,7.0,66.21,2.821,0.968,-4.78,2.53,7.61,7.673,0.0,0.0,-0.0,0.0,0.0,0.0,7.01,8.11,8.65,6.93
3472,57.8667,7.0,66.225,2.823,0.9677,-4.79,2.45,7.55,6.983,0.0,0.0,-0.0,0.0,0.0,0.0,7.0,7.71,7.05,6.17
3473,57.8833,7.0,66.24,2.825,0.9656,-4.98,2.44,7.44,6.817,0.0,0.0,-0.0,0.0,0.0,0.0,7.07,7.06,6.97,6.17
3474,57.9,7.0,66.256,2.827,0.9646,-5.02,2.17,7.46,7.158,0.0,0.0,-0.0,0.0,0.0,0.0,7.45,6.99,6.99,7.2
3475,57.9167,7.0,66.271,2.83,0.966,-5.25,2.31,7.47,6.8,0.0,0.0,-0.0,0.0,0.0,0.0,6.43,7.0,7.0,6.77
3476,57.9333,7.0,66.287,2.834,0.9647,-5.48,2.27,7.47,6.349,0.0,0.0,-0.0,0.0,0.0,0.0,5.13,6.87,6.87,6.52
3477,57.95,7.0,66.302,2.837,0.9638,-5.63,1.98,7.47,6.774,0.0,0.0,-0.0,0.0,0.0,0.0,6.48,6.84,6.84,6.94
3478,57.9667,7.0,66.317,2.841,0.9654,-5.85,1.85,7.48,6.319,0.0,0.0,-0.0,0.0,0.0,0.0,6.18,5.9,7.12,6.09
3479,57.9833,7.0,66.331,2.844,0.9652,-5.95,1.89,7.62,6.203,0.0,0.0,-0.0,0.0,0.0,0.0,7.06,6.38,7.03,4.34
3480,58.0,7.0,66.347,2.848,0.9639,-5.88,2.02,7.84,6.593,0.0,0.0,-0.0,0.0,0.0,0.0,7.08,5.17,7.06,7.06
3481,58.0167,7.0,66.363,2.85,0.9608,-5.74,2.12,8.06,6.579,0.0,0.0,-0.0,0.0,0.0,0.0,7.0,5.31,7.0,7.01
3482,58.0333,7.0,66.38,2.854,0.9582,-5.97,2.76,8.06,6.823,0.0,0.0,-0.0,0.0,0.0,0.0,7.03,7.04,7.04,6.18
3483,58.05,7.0,66.397,2.857,0.9539,-5.94,3.32,8.16,6.657,0.0,0.0,-0.0,0.0,0.0,0.0,7.01,5.59,7.02,7.02
3484,58.0667,7.0,66.415,2.858,0.9536,-5.66,3.16,8.19,7.372,0.0,0.0,-0.0,0.0,0.0,0.0,7.69,6.89,6.94,7.97
3485,58.0833,7.0,66.431,2.86,0.9549,-5.66,3.38,8.18,6.683,0.0,0.0,-0.0,0.0,0.0,0.0,6.6,6.99,7.01,6.13
3486,58.1,7.0,66.448,2.863,0.9542,-5.69,3.51,8.16,6.944,0.0,0.0,-0.0,0.0,0.0,0.0,6.99,6.99,7.0,6.8
3487,58.1167,7.0,66.465,2.865,0.9536,-5.65,3.37,8.17,7.154,0.0,0.0,-0.0,0.0,0.0,0.0,7.43,7.0,7.0,7.18
3488,58.1333,7.0,66.48,2.867,0.9522,-5.6,3.14,8.18,7.893,0.0,0.0,-0.0,0.0,0.0,0.0,10.01,7.03,7.04,7.49
3489,58.15,7.0,66.496,2.87,0.9539,-5.84,3.4,8.18,7.11,0.0,0.0,-0.0,0.0,0.0,0.0,6.11,7.72,7.05,7.56
3490,58.1667,7.0,66.513,2.874,0.9529,-5.91,3.39,8.19,6.928,0.0,0.0,-0.0,0.0,0.0,0.0,7.45,6.23,7.03,7.0
3491,58.1833,7.0,66.529,2.875,0.9524,-5.71,3.22,8.17,7.331,0.0,0.0,-0.0,0.0,0.0,0.0,6.93,8.42,6.99,6.98
3492,58.2,7.0,66.545,2.877,0.9535,-5.71,3.5,8.15,6.551,0.0,0.0,-0.0,0.0,0.0,0.0,6.21,7.04,7.01,5.94
3493,58.2167,7.0,66.562,2.879,0.9524,-5.76,3.67,8.14,6.927,0.0,0.0,-0.0,0.0,0.0,0.0,7.0,7.0,7.0,6.71
3494,58.2333,7.0,66.578,2.882,0.9491,-5.81,3.82,8.11,5.765,0.0,0.0,-0.0,0.0,0.0,0.0,6.98,3.55,7.06,5.47
3495,58.25,7.0,66.595,2.884,0.9443,-5.75,4.1,8.17,6.655,0.0,0.0,-0.0,0.0,0.0,0.0,7.0,5.63,7.0,6.99
3496,58.2667,7.0,66.613,2.889,0.9407,-6.0,4.71,8.21,7.233,0.0,0.0,-0.0,0.0,0.0,0.0,6.8,6.87,6.36,8.89
3497,58.2833,7.0,66.632,2.892,0.9409,-6.08,5.09,8.24,7.964,0.0,0.0,-0.0,0.0,0.0,0.0,9.65,8.27,7.0,6.93
3498,58.3,7.0,66.65,2.894,0.9418,-5.97,4.75,8.21,2.518,0.0,0.0,-0.0,0.0,0.0,0.0,6.92,3.25,-6.94,6.84
3499,58.3167,7.0,66.668,2.896,0.9404,-5.86,4.43,8.24,7.228,0.0,0.0,-0.0,0.0,0.0,0.0,7.05,5.99,8.84,7.03
3500,58.3333,7.0,66.685,2.897,0.9421,-5.61,4.51,8.28,6.986,0.0,0.0,-0.0,0.0,0.0,0.0,7.01,6.65,7.3,6.99
3501,58.35,7.0,66.701,2.899,0.9418,-5.44,4.34,8.3,6.784,0.0,0.0,-0.0,0.0,0.0,0.0,7.09,6.39,6.62,7.04
3502,58.3667,7.0,66.717,2.901,0.9407,-5.32,3.99,8.4,6.984,0.0,0.0,-0.0,0.0,0.0,0.0,7.04,6.99,6.96,6.95
3503,58.3833,7.0,66.733,2.902,0.9387,-5.1,3.84,8.45,7.125,0.0,0.0,-0.0,0.0,0.0,0.0,6.97,7.31,7.23,6.98
3504,58.4,7.0,66.749,2.903,0.9358,-4.91,3.57,8.47,6.977,0.0,0.0,-0.0,0.0,0.0,0.0,6.89,7.64,6.39,6.99
3505,58.4167,7.0,66.764,2.903,0.9314,-4.78,3.27,8.46,6.996,0.0,0.0,-0.0,0.0,0.0,0.0,7.0,6.99,6.99,7.0
3506,58.4333,7.0,66.78,2.904,0.9251,-4.72,3.13,8.37,6.503,0.0,0.0,-0.0,0.0,0.0,0.0,7.21,7.05,7.22,4.52
3507,58.45,7.0,66.796,2.907,0.9217,-4.77,3.63,8.3,8.32,0.0,0.0,-0.0,0.0,0.0,0.0,6.92,7.7,11.65,7.01
3508,58.4667,7.0,66.812,2.908,0.9204,-4.58,3.55,8.28,6.903,0.0,0.0,-0.0,0.0,0.0,0.0,4.05,8.11,7.77,7.67
3509,58.4833,7.0,66.828,2.91,0.9193,-4.51,3.31,8.26,6.852,0.0,0.0,-0.0,0.0,0.0,0.0,6.99,7.15,6.3,6.97
3510,58.5,7.0,66.844,2.913,0.9206,-4.77,3.69,8.23,7.605,0.0,0.0,-0.0,0.0,0.0,0.0,9.78,5.26,7.09,8.29
3511,58.5167,7.0,66.86,2.916,0.9203,-4.79,3.72,8.22,7.262,0.0,0.0,-0.0,0.0,0.0,0.0,7.03,8.37,6.65,6.99
3512,58.5333,7.0,66.876,2.919,0.9197,-4.86,3.58,8.23,6.934,0.0,0.0,-0.0,0.0,0.0,0.0,7.02,6.72,6.99,7.01
3513,58.55,7.0,66.892,2.922,0.9188,-5.04,3.71,8.25,6.677,0.0,0.0,-0.0,0.0,0.0,0.0,5.64,7.34,7.06,6.67
3514,58.5667,7.0,66.908,2.925,0.9189,-5.03,4.0,8.3,6.772,0.0,0.0,-0.0,0.0,0.0,0.0,6.91,6.17,7.0,7.0
3515,58.5833,7.0,66.924,2.927,0.9197,-4.95,3.69,8.29,6.841,0.0,0.0,-0.0,0.0,0.0,0.0,7.04,6.93,6.41,6.98
3516,58.6,7.0,66.94,2.93,0.9192,-5.02,3.63,8.31,6.805,0.0,0.0,-0.0,0.0,0.0,0.0,6.2,7.44,7.01,6.57
3517,58.6167,7.0,66.955,2.934,0.9191,-4.99,3.77,8.44,6.694,0.0,0.0,-0.0,0.0,0.0,0.0,7.02,5.72,7.02,7.02
3518,58.6333,7.0,66.971,2.936,0.9196,-4.93,3.69,8.44,6.857,0.0,0.0,-0.0,0.0,0.0,0.0,7.05,7.12,6.32,6.94
3519,58.65,7.0,66.987,2.938,0.9187,-4.95,3.5,8.42,6.998,0.0,0.0,-0.0,0.0,0.0,0.0,7.0,7.0,6.99,7.0
3520,58.6667,7.0,67.003,2.941,0.9188,-4.98,3.75,8.4,6.387,0.0,0.0,-0.0,0.0,0.0,0.0,5.65,6.48,6.99,6.43
3521,58.6833,7.0,67.02,2.944,0.9189,-5.0,3.76,8.41,7.094,0.0,0.0,-0.0,0.0,0.0,0.0,6.96,7.4,7.03,6.99
3522,58.7,7.0,67.036,2.947,0.919,-5.04,3.54,8.43,7.124,0.0,0.0,-0.0,0.0,0.0,0.0,7.38,7.5,6.83,6.79
3523,58.7167,7.0,67.051,2.949,0.9188,-5.05,3.61,8.43,6.163,0.0,0.0,-0.0,0.0,0.0,0.0,4.59,7.06,7.05,5.95
3524,58.7333,7.0,67.068,2.951,0.9183,-5.0,3.77,8.47,6.596,0.0,0.0,-0.0,0.0,0.0,0.0,7.01,6.17,7.02,6.18
3525,58.75,7.0,67.084,2.953,0.9197,-4.9,3.71,8.45,6.603,0.0,0.0,-0.0,0.0,0.0,0.0,6.07,7.03,6.38,6.93
3526,58.7667,7.0,67.1,2.956,0.9192,-4.94,3.64,8.47,6.916,0.0,0.0,-0.0,0.0,0.0,0.0,7.09,7.07,6.46,7.05
3527,58.7833,7.0,67.116,2.959,0.9187,-5.01,3.57,8.5,6.248,0.0,0.0,-0.0,0.0,0.0,0.0,6.72,7.41,4.82,6.05
3528,58.8,7.0,67.131,2.962,0.9183,-4.92,3.69,8.53,7.049,0.0,0.0,-0.0,0.0,0.0,0.0,6.97,6.97,7.25,7.0
3529,58.8167,7.0,67.147,2.964,0.9183,-4.94,3.46,8.54,7.024,0.0,0.0,-0.0,0.0,0.0,0.0,7.33,6.6,7.18,6.98
3530,58.8333,7.0,67.162,2.966,0.9169,-4.84,3.37,8.61,6.873,0.0,0.0,-0.0,0.0,0.0,0.0,6.95,6.9,6.61,7.04
3531,58.85,7.0,67.178,2.967,0.9163,-4.6,3.51,8.62,8.288,0.0,0.0,-0.0,0.0,0.0,0.0,6.97,6.01,13.18,6.99
3532,58.8667,7.0,67.193,2.969,0.9183,-4.56,3.17,8.64,6.977,0.0,0.0,-0.0,0.0,0.0,0.0,7.0,6.88,7.02,7.01
3533,58.8833,7.0,67.208,2.971,0.9171,-4.45,2.92,8.66,6.684,0.0,0.0,-0.0,0.0,0.0,0.0,6.86,6.08,6.89,6.9
3534,58.9,7.0,67.224,2.972,0.9144,-4.25,2.84,8.72,6.785,0.0,0.0,-0.0,0.0,0.0,0.0,6.91,6.49,6.68,7.06
3535,58.9167,7.0,67.239,2.974,0.9119,-4.13,2.56,8.76,7.205,0.0,0.0,-0.0,0.0,0.0,0.0,6.99,7.34,7.49,7.0
3536,58.9333,7.0,67.254,2.975,0.9078,-4.04,2.18,8.8,9.021,0.0,0.0,-0.0,0.0,0.0,0.0,7.22,12.81,9.03,7.03
3537,58.95,7.0,67.269,2.977,0.9035,-4.02,1.79,8.84,5.087,0.0,0.0,-0.0,0.0,0.0,0.0,7.18,2.12,5.4,5.66
3538,58.9667,7.0,67.283,2.981,0.9031,-4.16,2.32,8.83,4.455,0.0,0.0,-0.0,0.0,0.0,0.0,7.13,5.9,-2.31,7.1
3539,58.9833,7.0,67.298,2.985,0.9054,-4.4,2.24,8.86,6.397,0.0,0.0,-0.0,0.0,0.0,0.0,5.72,6.51,6.36,6.99
3540,59.0,7.0,67.313,2.988,0.9044,-4.44,2.12,8.86,7.056,0.0,0.0,-0.0,0.0,0.0,0.0,7.49,6.97,6.82,6.95
3541,59.0167,7.0,67.329,2.99,0.9044,-4.43,2.17,8.83,6.402,0.0,0.0,-0.0,0.0,0.0,0.0,7.09,6.1,5.42,7.0
3542,59.0333,7.0,67.344,2.993,0.9061,-4.46,2.12,8.84,6.864,0.0,0.0,-0.0,0.0,0.0,0.0,7.0,6.68,6.78,7.0
3543,59.05,7.0,67.36,2.996,0.906,-4.45,2.03,8.88,6.868,0.0,0.0,-0.0,0.0,0.0,0.0,7.0,6.47,7.0,7.0
3544,59.0667,7.0,67.376,2.999,0.9039,-4.39,1.97,8.95,6.841,0.0,0.0,-0.0,0.0,0.0,0.0,7.02,6.33,7.0,7.01
3545,59.0833,7.0,67.392,3.001,0.9011,-4.34,1.87,8.96,7.003,0.0,0.0,-0.0,0.0,0.0,0.0,6.42,7.62,7.1,6.88
3546,59.1,7.0,67.407,3.004,0.9006,-4.48,1.46,8.99,6.877,0.0,0.0,-0.0,0.0,0.0,0.0,6.96,7.01,6.86,6.68
3547,59.1167,7.0,67.422,3.008,0.9018,-4.7,1.45,9.01,6.456,0.0,0.0,-0.0,0.0,0.0,0.0,5.43,6.97,6.97,6.46
3548,59.1333,7.0,67.436,3.012,0.9025,-4.91,1.31,9.03,7.339,0.0,0.0,-0.0,0.0,0.0,0.0,8.29,7.0,7.0,7.07
3549,59.15,7.0,67.451,3.015,0.9029,-5.06,0.95,9.08,6.625,0.0,0.0,-0.0,0.0,0.0,0.0,5.47,6.98,6.98,7.07
3550,59.1667,7.0,67.465,3.019,0.9019,-5.17,0.62,9.17,6.958,0.0,0.0,-0.0,0.0,0.0,0.0,7.0,7.0,7.0,6.84
3551,59.1833,7.0,67.48,3.024,0.9033,-5.52,0.66,9.2,6.801,0.0,0.0,-0.0,0.0,0.0,0.0,6.41,7.0,7.0,6.8
3552,59.2,7.0,67.494,3.028,0.9021,-5.87,0.56,9.18,6.415,0.0,0.0,-0.0,0.0,0.0,0.0,5.01,7.01,6.99,6.65
3553,59.2167,7.0,67.509,3.032,0.9045,-6.07,0.14,9.16,6.999,0.0,0.0,-0.0,0.0,0.0,0.0,7.24,7.01,7.01,6.74
3554,59.2333,7.0,67.523,3.036,0.9043,-6.26,-0.07,9.21,6.648,0.0,0.0,-0.0,0.0,0.0,0.0,7.03,5.55,7.01,7.0
3555,59.25,7.0,67.538,3.04,0.9032,-6.52,-0.07,9.22,6.274,0.0,0.0,-0.0,0.0,0.0,0.0,5.73,6.69,6.91,5.77
3556,59.2667,7.0,67.553,3.044,0.9037,-6.42,0.31,9.41,6.74,0.0,0.0,-0.0,0.0,0.0,0.0,7.04,5.87,7.03,7.02
3557,59.2833,7.0,67.569,3.045,0.9044,-6.19,0.01,9.41,6.768,0.0,0.0,-0.0,0.0,0.0,0.0,6.85,6.15,7.04,7.03
3558,59.3,7.0,67.585,3.047,0.903,-6.11,0.06,9.42,6.058,0.0,0.0,-0.0,0.0,0.0,0.0,4.4,6.06,6.94,6.83
3559,59.3167,7.0,67.602,3.05,0.9008,-6.07,0.17,9.5,6.876,0.0,0.0,-0.0,0.0,0.0,0.0,7.05,7.06,7.06,6.33
3560,59.3333,7.0,67.618,3.05,0.901,-5.68,0.0,9.5,6.913,0.0,0.0,-0.0,0.0,0.0,0.0,6.81,6.86,6.99,7.0
3561,59.35,7.0,67.634,3.05,0.8977,-5.32,-0.06,9.55,6.835,0.0,0.0,-0.0,0.0,0.0,0.0,7.0,6.33,7.0,7.0
3562,59.3667,7.0,67.651,3.05,0.8924,-4.93,-0.08,9.59,6.106,0.0,0.0,-0.0,0.0,0.0,0.0,6.3,7.64,6.31,4.17
3563,59.3833,7.0,67.668,3.05,0.8926,-4.44,0.16,9.53,6.984,0.0,0.0,-0.0,0.0,0.0,0.0,7.8,6.96,6.92,6.26
3564,59.4,7.0,67.684,3.051,0.8918,-4.18,0.1,9.58,6.946,0.0,0.0,-0.0,0.0,0.0,0.0,7.0,7.0,7.01,6.77
3565,59.4167,7.0,67.701,3.054,0.8926,-4.18,0.47,9.57,6.646,0.0,0.0,-0.0,0.0,0.0,0.0,6.41,6.99,7.0,6.18
3566,59.4333,7.0,67.718,3.057,0.8931,-4.06,0.48,9.56,6.987,0.0,0.0,-0.0,0.0,0.0,0.0,6.75,6.89,6.89,7.41
3567,59.45,7.0,67.735,3.059,0.8925,-3.82,0.44,9.67,7.27,0.0,0.0,-0.0,0.0,0.0,0.0,6.96,6.98,6.98,8.16
3568,59.4667,7.0,67.751,3.062,0.8927,-3.81,0.67,9.65,6.689,0.0,0.0,-0.0,0.0,0.0,0.0,6.24,7.0,7.02,6.49
3569,59.4833,7.0,67.768,3.065,0.892,-3.88,0.82,9.65,6.99,0.0,0.0,-0.0,0.0,0.0,0.0,7.0,6.99,7.0,6.96
3570,59.5,7.0,67.784,3.067,0.8927,-3.77,0.62,9.64,7.091,0.0,0.0,-0.0,0.0,0.0,0.0,7.35,7.0,6.99,7.02
3571,59.5167,7.0,67.8,3.069,0.8915,-3.68,0.42,9.62,6.977,0.0,0.0,-0.0,0.0,0.0,0.0,6.99,7.0,7.0,6.92
3572,59.5333,7.0,67.816,3.073,0.8925,-3.82,0.75,9.63,6.787,0.0,0.0,-0.0,0.0,0.0,0.0,6.46,6.99,6.99,6.71
3573,59.55,7.0,67.832,3.076,0.8929,-3.82,0.65,9.62,6.774,0.0,0.0,-0.0,0.0,0.0,0.0,7.35,6.9,6.9,5.94
3574,59.5667,7.0,67.848,3.08,0.892,-3.68,0.5,9.76,6.833,0.0,0.0,-0.0,0.0,0.0,0.0,7.05,7.05,7.03,6.2
3575,59.5833,7.0,67.864,3.083,0.8927,-3.83,0.66,9.78,6.715,0.0,0.0,-0.0,0.0,0.0,0.0,6.14,7.0,7.0,6.73
3576,59.6,7.0,67.88,3.087,0.8918,-4.02,0.73,9.79,6.971,0.0,0.0,-0.0,0.0,0.0,0.0,6.97,7.0,7.0,6.92
3577,59.6167,7.0,67.895,3.09,0.8924,-4.03,0.43,9.79,7.092,0.0,0.0,-0.0,0.0,0.0,0.0,7.35,7.0,7.0,7.02
3578,59.6333,7.0,67.91,3.093,0.8942,-3.99,0.25,9.81,6.542,0.0,0.0,-0.0,0.0,0.0,0.0,6.11,7.0,7.01,6.05
3579,59.65,7.0,67.924,3.096,0.8956,-4.05,0.15,9.83,6.274,0.0,0.0,-0.0,0.0,0.0,0.0,4.64,6.98,7.0,6.46
3580,59.6667,7.0,67.938,3.099,0.8968,-4.11,-0.03,9.83,6.532,0.0,0.0,-0.0,0.0,0.0,0.0,6.23,7.07,7.08,5.75
3581,59.6833,7.0,67.953,3.102,0.8973,-4.25,-0.2,9.86,6.74,0.0,0.0,-0.0,0.0,0.0,0.0,6.19,6.98,6.98,6.81
3582,59.7,7.0,67.967,3.106,0.8962,-4.4,-0.37,9.91,6.587,0.0,0.0,-0.0,0.0,0.0,0.0,5.22,7.18,7.19,6.77
3583,59.7167,7.0,67.982,3.111,0.8958,-4.72,-0.36,9.92,6.864,0.0,0.0,-0.0,0.0,0.0,0.0,6.93,7.0,7.0,6.53
3584,59.7333,7.0,67.997,3.115,0.8969,-4.87,-0.74,9.93,6.41,0.0,0.0,-0.0,0.0,0.0,0.0,5.19,7.95,6.98,5.52
3585,59.75,7.0,68.011,3.118,0.8962,-4.84,-0.94,10.06,6.739,0.0,0.0,-0.0,0.0,0.0,0.0,6.99,5.96,7.0,7.01
3586,59.7667,7.0,68.026,3.122,0.8964,-5.03,-0.79,10.05,6.785,0.0,0.0,-0.0,0.0,0.0,0.0,6.47,7.2,7.01,6.46
3587,59.7833,7.0,68.042,3.125,0.8963,-5.0,-0.52,10.15,6.757,0.0,0.0,-0.0,0.0,0.0,0.0,7.03,5.95,7.02,7.02
3588,59.8,7.0,68.059,3.127,0.8966,-4.8,-0.79,10.14,6.758,0.0,0.0,-0.0,0.0,0.0,0.0,6.47,6.61,6.98,6.97
3589,59.8167,7.0,68.075,3.129,0.8936,-4.6,-0.93,10.22,6.807,0.0,0.0,-0.0,0.0,0.0,0.0,6.99,6.22,7.0,7.02
3590,59.8333,7.0,68.091,3.132,0.8926,-4.48,-0.5,10.27,6.76,0.0,0.0,-0.0,0.0,0.0,0.0,5.79,6.73,7.06,7.45
3591,59.85,7.0,68.108,3.132,0.8933,-4.12,-0.6,10.27,6.84,0.0,0.0,-0.0,0.0,0.0,0.0,6.8,7.0,7.01,6.56
3592,59.8667,7.0,68.125,3.133,0.8921,-3.88,-0.59,10.26,6.799,0.0,0.0,-0.0,0.0,0.0,0.0,7.01,7.01,7.02,6.16
3593,59.8833,7.0,68.142,3.136,0.8923,-3.85,-0.21,10.26,7.109,0.0,0.0,-0.0,0.0,0.0,0.0,7.72,7.01,7.01,6.7
3594,59.9,7.0,68.159,3.139,0.8933,-3.73,-0.21,10.28,7.127,0.0,0.0,-0.0,0.0,0.0,0.0,7.1,7.0,7.0,7.41
3595,59.9167,7.0,68.175,3.141,0.894,-3.6,-0.19,10.32,7.001,0.0,0.0,-0.0,0.0,0.0,0.0,7.01,7.01,7.02,6.97
3596,59.9333,7.0,68.192,3.144,0.8936,-3.64,0.05,10.28,6.347,0.0,0.0,-0.0,0.0,0.0,0.0,4.73,6.97,6.95,6.75
3597,59.95,7.0,68.208,3.148,0.8926,-3.65,0.26,10.41,6.882,0.0,0.0,-0.0,0.0,0.0,0.0,6.99,6.99,6.99,6.56
3598,59.9667,7.0,68.224,3.15,0.8939,-3.53,-0.01,10.4,7.067,0.0,0.0,-0.0,0.0,0.0,0.0,7.18,7.0,7.0,7.09
3599,59.9833,7.0,68.239,3.153,0.8926,-3.54,-0.1,10.37,6.647,0.0,0.0,-0.0,0.0,0.0,0.0,6.12,6.95,6.93,6.6
