f,t,cmd_vel,x,y,z,roll,pitch,yaw,wheel_mean,e,edot_f,tau_pd_raw,tau,qL,qR,wvFL,wvRL,wvFR,wvRR
0,0.0,0.5,19.967,-0.002,0.4468,0.09,-1.15,0.01,0.015,4e-05,0.0,-0.01,0.0,0.003,0.00331,0.01,-0.0,0.03,0.01
1,0.0167,0.507,19.967,-0.002,0.4468,0.1,-1.15,0.01,0.436,-0.0006,0.0,0.18,0.0,0.00268,0.003,1.02,0.29,0.25,0.19
2,0.0333,0.514,19.968,-0.001,0.4469,0.1,-1.15,0.01,0.435,-0.00208,0.0,0.62,0.0,0.00193,0.00226,0.74,0.38,0.35,0.28
3,0.05,0.522,19.969,-0.001,0.447,0.09,-1.15,0.01,0.377,-0.00435,-0.01054,2.04,0.0,0.0008,0.00112,0.37,0.36,0.4,0.38
4,0.0667,0.529,19.97,-0.0,0.447,0.09,-1.15,0.01,0.405,-0.00678,-0.02155,3.54,3.0,-0.00041,-0.0001,0.4,0.41,0.41,0.39
5,0.0833,0.536,19.97,0.0,0.4471,0.09,-1.15,0.01,0.409,-0.0091,-0.03212,4.98,4.98,-0.00158,-0.00125,0.4,0.41,0.43,0.39
6,0.1,0.543,19.971,0.0,0.4472,0.09,-1.15,0.01,0.397,-0.01025,-0.04062,5.92,5.92,-0.00215,-0.00183,0.41,0.38,0.43,0.36
7,0.1167,0.551,19.972,0.0,0.4474,0.08,-1.15,0.01,0.391,-0.01001,-0.04608,6.23,6.23,-0.00203,-0.0017,0.4,0.39,0.39,0.38
8,0.1333,0.558,19.973,0.0,0.4475,0.08,-1.15,0.01,0.405,-0.00989,-0.0501,6.47,6.47,-0.00196,-0.00165,0.4,0.43,0.41,0.38
9,0.15,0.565,19.974,0.0,0.4476,0.08,-1.15,0.01,0.414,-0.01002,-0.05226,6.66,6.66,-0.00203,-0.00172,0.43,0.39,0.42,0.41
10,0.1667,0.572,19.975,0.0,0.4477,0.08,-1.15,0.01,0.419,-0.01012,-0.05192,6.67,6.67,-0.00208,-0.00177,0.44,0.4,0.43,0.41
11,0.1833,0.579,19.976,0.0,0.4478,0.08,-1.15,0.01,0.436,-0.0102,-0.04921,6.5,6.5,-0.00211,-0.00181,0.43,0.4,0.5,0.42
12,0.2,0.587,19.977,0.0,0.448,0.07,-1.15,0.01,0.403,-0.01019,-0.04443,6.17,6.17,-0.00213,-0.00179,0.43,0.38,0.31,0.49
13,0.2167,0.594,19.978,0.0,0.4481,0.07,-1.15,0.01,0.404,-0.01043,-0.03929,5.88,5.88,-0.00225,-0.00191,0.45,0.44,0.2,0.52
14,0.2333,0.601,19.979,0.0,0.4482,0.07,-1.15,0.02,0.419,-0.01057,-0.03516,5.63,5.63,-0.00232,-0.00199,0.52,0.43,0.26,0.47
15,0.25,0.608,19.98,0.001,0.4483,0.07,-1.15,0.01,0.443,-0.01078,-0.03186,5.46,5.46,-0.00243,-0.00208,0.47,0.48,0.35,0.48
16,0.2667,0.616,19.981,0.001,0.4484,0.06,-1.15,0.01,0.468,-0.01093,-0.02897,5.31,5.31,-0.0025,-0.00217,0.48,0.46,0.44,0.5
17,0.2833,0.623,19.982,0.001,0.4485,0.06,-1.15,0.01,0.491,-0.0111,-0.02651,5.19,5.19,-0.00259,-0.00224,0.52,0.39,0.52,0.53
18,0.3,0.63,19.984,0.001,0.4486,0.06,-1.15,0.01,0.514,-0.01127,-0.02443,5.09,5.09,-0.00268,-0.00232,0.53,0.48,0.52,0.53
19,0.3167,0.637,19.985,0.001,0.4487,0.05,-1.15,0.02,0.541,-0.01142,-0.02276,5.02,5.02,-0.00274,-0.00241,0.58,0.53,0.52,0.53
20,0.3333,0.644,19.986,0.001,0.4487,0.05,-1.15,0.02,0.512,-0.01155,-0.02117,4.95,4.95,-0.00281,-0.00247,0.53,0.45,0.52,0.55
21,0.35,0.652,19.987,0.001,0.4488,0.05,-1.15,0.02,0.561,-0.01211,-0.02021,5.05,5.05,-0.00313,-0.0027,0.61,0.55,0.52,0.55
22,0.3667,0.659,19.989,0.001,0.4488,0.04,-1.15,0.02,0.574,-0.01228,-0.01932,5.04,5.04,-0.00322,-0.00279,0.6,0.7,0.42,0.58
23,0.3833,0.666,19.99,0.001,0.4489,0.04,-1.15,0.02,0.51,-0.01207,-0.01817,4.89,4.89,-0.00307,-0.00273,0.55,0.43,0.54,0.51
24,0.4,0.673,19.992,0.001,0.4489,0.04,-1.15,0.02,0.573,-0.01143,-0.01633,4.57,4.57,-0.00273,-0.00242,0.59,0.58,0.55,0.56
25,0.4167,0.681,19.993,0.001,0.449,0.04,-1.15,0.02,0.619,-0.01062,-0.0137,4.15,4.15,-0.00233,-0.00202,0.6,0.73,0.58,0.56
26,0.4333,0.688,19.994,0.001,0.449,0.04,-1.15,0.02,0.631,-0.00979,-0.01038,3.66,3.66,-0.0019,-0.00162,0.61,0.75,0.56,0.59
27,0.45,0.695,19.996,0.0,0.449,0.04,-1.15,0.02,0.644,-0.00899,-0.0065,3.15,3.15,-0.00149,-0.00123,0.64,0.74,0.59,0.6
28,0.4667,0.702,19.997,0.0,0.449,0.04,-1.15,0.02,0.649,-0.0083,-0.00181,2.62,2.62,-0.00114,-0.00089,0.62,0.75,0.6,0.63
29,0.4833,0.709,19.999,0.0,0.449,0.04,-1.15,0.02,0.645,-0.00747,0.00335,2.01,2.01,-0.00069,-0.00051,0.6,0.68,0.64,0.66
30,0.5,0.717,20.0,0.0,0.449,0.04,-1.15,0.02,0.659,-0.00669,0.00848,1.41,1.41,-0.00026,-0.00016,0.63,0.67,0.67,0.67
31,0.5167,0.724,20.002,-0.0,0.4489,0.03,-1.15,0.02,0.685,-0.006,0.01305,0.89,0.89,0.00011,0.00016,0.64,0.75,0.67,0.67
32,0.5333,0.731,20.004,-0.0,0.4489,0.03,-1.16,0.02,0.692,-0.00531,0.01695,0.41,0.41,0.0005,0.00047,0.65,0.72,0.7,0.71
33,0.55,0.738,20.006,-0.0,0.4488,0.03,-1.16,0.02,0.75,-0.00465,0.0202,-0.02,0.0,0.00084,0.00078,0.73,0.78,0.71,0.78
34,0.5667,0.746,20.007,-0.0,0.4486,0.03,-1.16,0.02,0.741,-0.00309,0.02384,-0.74,0.0,0.0016,0.00157,0.69,0.78,0.65,0.84
35,0.5833,0.753,20.009,-0.001,0.4486,0.02,-1.15,0.02,0.723,0.00092,0.03046,-2.41,-2.41,0.00364,0.00355,0.68,0.86,0.67,0.68
36,0.6,0.76,20.011,-0.002,0.4484,0.01,-1.14,0.02,0.742,0.00494,0.03957,-4.25,-4.25,0.00566,0.00554,0.75,0.78,0.72,0.72
37,0.6167,0.767,20.013,-0.002,0.4483,-0.01,-1.14,0.02,0.748,0.00789,0.04982,-5.85,-5.85,0.00715,0.00701,0.85,0.64,0.75,0.75
38,0.6333,0.774,20.015,-0.003,0.4482,-0.03,-1.14,0.02,0.716,0.00969,0.05997,-7.11,-7.11,0.00803,0.00793,0.86,0.61,0.72,0.68
39,0.65,0.782,20.017,-0.003,0.4481,-0.05,-1.13,0.02,0.745,0.01135,0.06991,-8.3,-8.3,0.00888,0.00874,0.76,0.73,0.77,0.73
40,0.6667,0.789,20.018,-0.003,0.4479,-0.07,-1.13,0.02,0.727,0.01357,0.08027,-9.69,-9.69,0.00999,0.00985,0.79,0.69,0.69,0.73
41,0.6833,0.796,20.02,-0.003,0.4477,-0.08,-1.13,0.02,0.622,0.01579,0.09006,-11.04,-11.04,0.01109,0.01097,0.66,0.54,0.58,0.7
42,0.7,0.803,20.022,-0.004,0.4479,-0.06,-1.15,0.04,0.59,0.01593,0.09469,-11.41,-11.41,0.01074,0.01146,0.64,0.69,0.45,0.57
43,0.7167,0.811,20.024,-0.004,0.448,-0.02,-1.14,0.05,0.627,0.01576,0.09446,-11.34,-11.34,0.01044,0.01159,0.67,0.71,0.49,0.63
44,0.7333,0.818,20.025,-0.004,0.4481,0.01,-1.14,0.07,0.656,0.01584,0.0913,-11.14,-11.14,0.01026,0.01185,0.72,0.73,0.53,0.64
45,0.75,0.825,20.027,-0.004,0.4482,0.05,-1.15,0.07,0.683,0.01611,0.08694,-10.92,-10.92,0.01034,0.01204,0.83,0.94,0.48,0.48
46,0.7667,0.832,20.028,-0.004,0.4484,0.06,-1.15,0.06,0.539,0.01515,0.08042,-10.18,-10.18,0.00981,0.01161,0.28,0.54,0.66,0.68
47,0.7833,0.839,20.03,-0.004,0.4486,0.06,-1.15,0.07,0.6,0.01367,0.07087,-9.06,-9.06,0.00913,0.01081,0.31,0.68,0.61,0.8
48,0.8,0.847,20.031,-0.003,0.4487,0.06,-1.15,0.07,0.664,0.01144,0.05789,-7.48,-7.48,0.00801,0.0097,0.68,0.68,0.65,0.65
49,0.8167,0.854,20.033,-0.003,0.4489,0.06,-1.15,0.07,0.688,0.00902,0.04384,-5.77,-5.77,0.00682,0.00847,0.69,0.7,0.7,0.67
50,0.8333,0.861,20.035,-0.003,0.449,0.06,-1.15,0.07,0.721,0.00663,0.02918,-4.03,-4.03,0.00562,0.00728,0.75,0.72,0.68,0.74
51,0.85,0.868,20.036,-0.002,0.4491,0.06,-1.15,0.07,0.669,0.00424,0.01376,-2.24,-1.03,0.00443,0.00609,0.65,0.66,0.66,0.7
52,0.8667,0.876,20.038,-0.002,0.4492,0.06,-1.15,0.07,0.726,0.00185,-0.00255,-0.38,0.0,0.00323,0.00489,0.78,0.76,0.64,0.72
53,0.8833,0.883,20.04,-0.001,0.4493,0.06,-1.15,0.07,0.782,-0.0006,-0.01845,1.47,0.0,0.00201,0.00366,0.81,0.78,0.75,0.79
54,0.9,0.89,20.042,-0.001,0.4494,0.06,-1.15,0.07,0.744,-0.00304,-0.03342,3.25,3.0,0.0008,0.00244,0.84,0.71,0.6,0.83
55,0.9167,0.897,20.044,-0.0,0.4494,0.06,-1.15,0.07,0.795,-0.00528,-0.0466,4.84,4.84,-0.00033,0.00132,0.85,0.81,0.73,0.79
56,0.9333,0.904,20.046,0.0,0.4494,0.06,-1.15,0.07,0.763,-0.00675,-0.05723,6.03,6.03,-0.00104,0.00056,1.01,0.49,0.76,0.8
57,0.95,0.912,20.048,0.0,0.4495,0.06,-1.15,0.07,0.768,-0.00663,-0.06399,6.47,6.47,-0.00097,0.00062,0.63,0.88,0.77,0.79
58,0.9667,0.919,20.05,0.0,0.4495,0.06,-1.15,0.07,0.619,-0.00649,-0.06736,6.66,6.66,-0.0009,0.00068,0.88,-0.02,0.8,0.82
59,0.9833,0.926,20.052,0.0,0.4495,0.06,-1.15,0.07,0.774,-0.00655,-0.06792,6.72,6.72,-0.00093,0.00065,0.85,0.61,0.81,0.83
60,1.0,0.933,20.054,0.0,0.4495,0.07,-1.15,0.08,0.793,-0.00668,-0.06603,6.63,6.63,-0.001,0.00059,0.8,0.73,0.79,0.85
61,1.0167,0.941,20.056,0.0,0.4494,0.07,-1.15,0.08,0.851,-0.00702,-0.06221,6.46,6.46,-0.00114,0.00039,0.98,0.85,0.7,0.87
62,1.0333,0.948,20.058,0.0,0.4493,0.07,-1.15,0.08,0.854,-0.00719,-0.05672,6.13,6.13,-0.00123,0.0003,0.91,0.9,0.71,0.89
63,1.05,0.955,20.06,0.0,0.4492,0.07,-1.15,0.08,0.835,-0.0066,-0.04976,5.46,5.46,-0.00099,0.00066,0.86,0.77,0.8,0.91
64,1.0667,0.962,20.063,0.0,0.449,0.07,-1.15,0.08,0.873,-0.00581,-0.04295,4.75,4.75,-0.00064,0.0011,0.9,0.86,0.82,0.92
65,1.0833,0.969,20.065,-0.0,0.4489,0.07,-1.15,0.09,0.912,-0.00478,-0.03603,3.96,3.96,-0.00016,0.00165,0.93,0.9,0.85,0.97
66,1.1,0.977,20.067,-0.0,0.4486,0.07,-1.15,0.09,0.996,-0.0038,-0.02888,3.16,0.96,0.00029,0.00218,1.1,0.96,0.92,1.0
67,1.1167,0.984,20.07,-0.001,0.4483,0.07,-1.15,0.09,1.008,-0.00277,-0.02139,2.33,0.0,0.00079,0.00271,1.02,1.01,0.95,1.05
68,1.1333,0.991,20.072,-0.001,0.448,0.07,-1.15,0.09,1.0,-0.00176,-0.0134,1.46,0.0,0.00127,0.00325,1.02,1.02,0.85,1.11
69,1.15,0.998,20.075,-0.001,0.4476,0.07,-1.15,0.09,1.01,-0.0007,-0.00512,0.57,0.0,0.00175,0.00381,1.07,1.01,0.85,1.11
70,1.1667,1.006,20.078,-0.001,0.4471,0.07,-1.15,0.09,1.056,0.00039,0.00268,-0.3,0.0,0.00227,0.00439,1.08,1.04,0.95,1.15
71,1.1833,1.013,20.08,-0.001,0.4472,0.13,-1.16,0.09,0.8,-0.0008,0.00752,-0.29,0.0,0.0017,0.00378,0.67,0.71,0.62,1.2
72,1.2,1.02,20.082,-0.001,0.4475,0.12,-1.16,0.1,1.179,-0.00173,0.00975,-0.16,0.0,0.0012,0.00334,1.41,0.82,0.94,1.55
73,1.2167,1.027,20.084,-0.001,0.4477,0.11,-1.16,0.1,0.845,-0.00412,0.00825,0.66,0.0,0.0,0.00215,0.85,0.86,0.84,0.82
74,1.2333,1.034,20.086,-0.0,0.448,0.11,-1.16,0.1,0.903,-0.0064,0.00352,1.67,1.67,-0.00114,0.001,0.89,0.89,0.9,0.93
75,1.25,1.042,20.088,0.0,0.4482,0.1,-1.15,0.1,0.96,-0.00853,-0.00387,2.83,2.83,-0.00224,-3e-05,0.8,0.79,1.24,1.01
76,1.2667,1.049,20.09,0.001,0.4484,0.1,-1.15,0.1,0.945,-0.0096,-0.01256,3.76,3.76,-0.00281,-0.00052,0.87,0.83,1.09,0.99
77,1.2833,1.056,20.092,0.001,0.4487,0.09,-1.15,0.11,0.93,-0.00932,-0.02104,4.27,4.27,-0.00267,-0.00038,0.92,0.92,0.92,0.96
78,1.3,1.063,20.094,0.001,0.4489,0.09,-1.16,0.11,0.882,-0.00902,-0.02697,4.59,4.59,-0.00253,-0.00022,0.98,0.94,0.71,0.91
79,1.3167,1.071,20.097,0.001,0.449,0.08,-1.15,0.11,0.952,-0.0091,-0.03131,4.92,4.92,-0.00258,-0.00025,1.0,0.94,0.93,0.94
80,1.3333,1.078,20.099,0.001,0.4492,0.08,-1.15,0.11,0.94,-0.0092,-0.03279,5.06,5.06,-0.00264,-0.00029,0.94,0.93,0.92,0.98
81,1.35,1.085,20.101,0.001,0.4493,0.07,-1.15,0.11,1.077,-0.00916,-0.03169,4.97,4.97,-0.00263,-0.00026,0.96,1.45,0.95,0.94
82,1.3667,1.092,20.103,0.001,0.4494,0.07,-1.15,0.11,0.897,-0.00918,-0.02855,4.75,4.75,-0.00267,-0.00025,0.97,0.7,0.96,0.96
83,1.3833,1.099,20.106,0.001,0.4494,0.07,-1.15,0.11,1.083,-0.00871,-0.0242,4.31,4.31,-0.00243,-0.0,0.95,1.55,0.93,0.9
84,1.4,1.107,20.108,0.001,0.4495,0.07,-1.15,0.11,1.019,-0.00802,-0.01996,3.8,3.8,-0.0021,0.00036,0.98,1.19,0.94,0.96
85,1.4167,1.114,20.11,0.001,0.4495,0.07,-1.15,0.11,0.985,-0.00743,-0.01593,3.35,3.35,-0.00174,0.00058,0.94,1.06,1.0,0.94
86,1.4333,1.121,20.113,0.001,0.4494,0.07,-1.15,0.11,1.011,-0.00676,-0.01161,2.84,2.84,-0.00136,0.00087,0.96,1.08,1.0,1.0
87,1.45,1.128,20.115,0.0,0.4493,0.06,-1.15,0.1,1.037,-0.00609,-0.00702,2.32,2.32,-0.00104,0.00121,0.98,1.11,1.03,1.03
88,1.4667,1.136,20.118,0.0,0.4492,0.06,-1.15,0.1,1.066,-0.00543,-0.00234,1.79,1.79,-0.00072,0.00156,1.04,1.1,1.08,1.04
89,1.4833,1.143,20.121,0.0,0.449,0.06,-1.15,0.1,1.127,-0.00478,0.00247,1.26,0.0,-0.00039,0.00187,1.12,1.25,1.03,1.12
90,1.5,1.15,20.124,0.0,0.4487,0.06,-1.15,0.1,1.131,-0.00421,0.00679,0.79,0.0,-0.0001,0.00216,0.94,1.3,1.12,1.16
91,1.5167,1.157,20.126,0.0,0.4484,0.06,-1.15,0.1,1.194,-0.00367,0.01045,0.37,0.0,0.00017,0.00243,1.18,1.2,1.19,1.21
92,1.5333,1.164,20.129,-0.0,0.448,0.06,-1.15,0.1,1.161,-0.00307,0.01368,-0.04,0.0,0.00049,0.0027,1.13,1.16,1.14,1.21
93,1.55,1.172,20.132,-0.0,0.4475,0.06,-1.15,0.1,1.231,-0.00241,0.01651,-0.43,0.0,0.00082,0.00303,1.23,1.24,1.24,1.22
94,1.5667,1.179,20.136,-0.0,0.4471,0.05,-1.17,0.1,1.113,-0.00124,0.01952,-0.99,0.0,0.0014,0.00363,1.16,0.86,1.38,1.04
95,1.5833,1.186,20.138,0.0,0.4475,0.04,-1.17,0.1,0.993,-0.00312,0.01955,-0.43,0.0,0.00047,0.00268,0.95,1.02,0.94,1.07
96,1.6,1.193,20.14,0.0,0.4478,0.04,-1.16,0.1,1.349,-0.00538,0.01659,0.45,0.45,-0.0007,0.00158,0.94,1.07,1.02,2.36
97,1.6167,1.201,20.142,0.001,0.4481,0.05,-1.16,0.1,1.122,-0.00613,0.01262,0.96,0.96,-0.00102,0.00116,1.32,1.05,1.04,1.09
98,1.6333,1.208,20.145,0.001,0.4484,0.05,-1.15,0.1,1.039,-0.00584,0.00887,1.13,1.13,-0.00091,0.00134,0.96,1.08,1.07,1.05
99,1.65,1.215,20.148,0.001,0.4487,0.05,-1.15,0.1,1.036,-0.00557,0.00524,1.3,1.3,-0.00075,0.00145,1.14,0.94,0.94,1.11
100,1.6667,1.222,20.15,0.001,0.449,0.05,-1.15,0.1,1.099,-0.00582,0.00111,1.67,1.67,-0.00087,0.00133,1.06,1.1,1.19,1.03
101,1.6833,1.229,20.153,0.001,0.4492,0.06,-1.15,0.1,1.1,-0.00594,-0.00386,2.05,2.05,-0.00091,0.00125,1.1,1.09,1.12,1.08
102,1.7,1.237,20.155,0.001,0.4493,0.06,-1.15,0.09,1.148,-0.00609,-0.00645,2.28,2.28,-0.00099,0.00117,1.23,1.1,1.16,1.1
103,1.7167,1.244,20.158,0.001,0.4495,0.06,-1.15,0.09,1.08,-0.0062,-0.00652,2.32,2.32,-0.00103,0.0011,1.11,0.98,1.14,1.09
104,1.7333,1.251,20.161,0.001,0.4495,0.06,-1.15,0.09,1.154,-0.00633,-0.00594,2.31,2.31,-0.0011,0.00104,1.18,1.22,1.13,1.09
105,1.75,1.258,20.163,0.001,0.4495,0.06,-1.15,0.09,1.108,-0.00648,-0.00588,2.36,2.36,-0.00116,0.00095,1.06,1.13,1.23,1.01
106,1.7667,1.266,20.166,0.001,0.4495,0.07,-1.15,0.1,1.162,-0.00649,-0.00612,2.37,2.37,-0.0011,0.00089,1.11,1.17,1.23,1.15
107,1.7833,1.273,20.169,0.001,0.4494,0.07,-1.15,0.1,1.293,-0.00683,-0.00642,2.5,2.5,-0.00131,0.00075,1.15,1.63,1.15,1.24
108,1.8,1.28,20.172,0.001,0.4492,0.07,-1.15,0.09,0.889,-0.00677,-0.0065,2.49,2.49,-0.00135,0.00085,1.14,1.23,1.14,0.05
109,1.8167,1.287,20.175,0.001,0.449,0.07,-1.15,0.09,1.21,-0.00583,-0.00545,2.13,2.13,-0.00097,0.00141,1.24,1.17,1.19,1.24
110,1.8333,1.294,20.178,0.001,0.4488,0.07,-1.15,0.1,1.266,-0.00486,-0.00342,1.7,0.0,-0.00056,0.00197,1.28,1.23,1.22,1.34
111,1.85,1.302,20.181,0.0,0.4484,0.07,-1.15,0.1,1.327,-0.00401,-0.00062,1.25,0.0,-0.0002,0.00246,1.33,1.34,1.26,1.38
112,1.8667,1.309,20.184,0.0,0.448,0.07,-1.15,0.1,1.308,-0.00305,0.00298,0.71,0.0,0.00023,0.00299,1.35,1.24,1.28,1.36
113,1.8833,1.316,20.188,0.0,0.4476,0.09,-1.15,0.1,1.063,-0.00278,0.00644,0.38,0.0,0.00029,0.00321,1.23,1.29,1.13,0.6
114,1.9,1.323,20.19,0.0,0.4482,0.09,-1.12,0.1,1.111,-0.00383,0.00875,0.54,0.0,-0.0003,0.00274,1.0,1.09,1.29,1.06
115,1.9167,1.331,20.193,0.001,0.4487,0.09,-1.09,0.1,1.302,-0.0056,0.0089,1.06,1.06,-0.00124,0.00191,0.97,1.04,1.3,1.89
116,1.9333,1.338,20.195,0.001,0.4492,0.08,-1.05,0.1,1.127,-0.00763,0.00598,1.87,1.87,-0.00222,0.00086,1.0,1.2,1.28,1.03
117,1.95,1.345,20.198,0.002,0.4495,0.1,-1.02,0.1,1.113,-0.01015,-0.00017,3.06,3.06,-0.00356,-0.00032,1.06,1.1,1.22,1.08
118,1.9667,1.352,20.201,0.002,0.4499,0.1,-0.98,0.1,1.119,-0.01202,-0.00839,4.19,4.19,-0.00449,-0.00125,1.06,1.12,1.2,1.1
119,1.9833,1.359,20.204,0.002,0.4504,0.09,-0.95,0.1,1.12,-0.01223,-0.01683,4.85,4.85,-0.00459,-0.00137,0.78,1.23,1.19,1.27
120,2.0,1.367,20.206,0.002,0.4508,0.09,-0.92,0.1,1.18,-0.0108,-0.02306,4.85,4.85,-0.00388,-0.00065,1.14,1.22,1.17,1.19
121,2.0167,1.374,20.209,0.001,0.4512,0.11,-0.89,0.1,1.173,-0.00949,-0.02612,4.68,4.68,-0.00322,0.0,1.18,1.2,1.11,1.2
122,2.0333,1.381,20.213,0.001,0.4515,0.11,-0.86,0.1,1.201,-0.00787,-0.02532,4.13,4.13,-0.00241,0.00081,1.16,1.25,1.17,1.21
123,2.05,1.388,20.216,0.001,0.4518,0.11,-0.83,0.1,1.255,-0.00653,-0.02115,3.44,3.44,-0.00175,0.00149,1.23,1.24,1.23,1.32
124,2.0667,1.396,20.219,0.001,0.452,0.11,-0.79,0.1,1.24,-0.00548,-0.01381,2.61,2.61,-0.00124,0.00203,1.22,1.25,1.24,1.26
125,2.0833,1.403,20.222,0.001,0.4522,0.11,-0.77,0.1,1.274,-0.00548,-0.00543,2.02,2.02,-0.00124,0.00203,1.25,1.28,1.23,1.35
126,2.1,1.41,20.225,0.001,0.4523,0.12,-0.74,0.1,1.337,-0.00628,0.00134,1.79,1.79,-0.00164,0.00162,1.31,1.31,1.3,1.43
127,2.1167,1.417,20.229,0.001,0.4524,0.12,-0.72,0.1,1.281,-0.00719,0.00489,1.81,1.81,-0.00209,0.00117,1.28,1.34,1.39,1.12
128,2.1333,1.424,20.232,0.001,0.4523,0.12,-0.69,0.1,1.341,-0.00817,0.00567,2.05,2.05,-0.00258,0.00068,1.33,1.38,1.31,1.34
129,2.15,1.432,20.236,0.001,0.4522,0.13,-0.66,0.1,1.391,-0.00899,0.00384,2.43,2.43,-0.00298,0.00026,1.51,1.38,1.26,1.41
130,2.1667,1.439,20.239,0.001,0.452,0.13,-0.63,0.1,1.411,-0.00929,0.00054,2.75,2.75,-0.00313,0.00011,1.41,1.41,1.42,1.41
131,2.1833,1.446,20.243,0.001,0.4517,0.13,-0.6,0.1,1.437,-0.00903,-0.00318,2.93,2.93,-0.00299,0.00023,1.43,1.43,1.45,1.44
132,2.2,1.453,20.246,0.001,0.4519,0.17,-0.62,0.09,1.345,-0.01073,-0.0082,3.79,3.79,-0.00388,-0.00058,1.19,1.4,1.56,1.22
133,2.2167,1.461,20.249,0.002,0.4524,0.14,-0.6,0.09,1.298,-0.0117,-0.01278,4.4,4.4,-0.00435,-0.00107,1.32,1.32,1.27,1.29
134,2.2333,1.468,20.253,0.002,0.4527,0.13,-0.61,0.09,1.256,-0.01378,-0.01803,5.4,5.4,-0.00543,-0.00208,1.29,1.19,1.26,1.28
135,2.25,1.475,20.256,0.003,0.4529,0.12,-0.61,0.09,1.256,-0.01556,-0.02347,6.31,6.31,-0.00635,-0.00294,1.28,1.26,1.26,1.23
136,2.2667,1.482,20.259,0.003,0.4531,0.11,-0.6,0.09,1.31,-0.01729,-0.0292,7.23,7.23,-0.00725,-0.00377,1.3,1.45,1.28,1.2
137,2.2833,1.489,20.262,0.003,0.4532,0.09,-0.6,0.08,1.289,-0.0189,-0.03558,8.16,8.16,-0.00808,-0.00455,1.33,1.33,1.31,1.18
138,2.3,1.497,20.265,0.003,0.4534,0.09,-0.6,0.08,1.233,-0.01893,-0.04148,8.58,8.58,-0.00808,-0.00458,1.26,1.33,1.25,1.09
139,2.3167,1.504,20.269,0.003,0.4536,0.09,-0.6,0.08,1.262,-0.0159,-0.04182,7.7,7.7,-0.00655,-0.00309,1.2,1.3,1.27,1.28
140,2.3333,1.511,20.272,0.002,0.4537,0.09,-0.6,0.08,1.265,-0.014,-0.03917,6.94,6.94,-0.00557,-0.00215,1.3,1.26,1.2,1.31
141,2.35,1.518,20.275,0.002,0.4538,0.09,-0.6,0.08,1.317,-0.01293,-0.0336,6.23,6.23,-0.00503,-0.00163,1.31,1.37,1.24,1.35
142,2.3667,1.526,20.278,0.002,0.4538,0.09,-0.6,0.08,1.364,-0.01185,-0.02575,5.36,5.36,-0.00444,-0.00114,1.33,1.42,1.36,1.35
143,2.3833,1.533,20.282,0.002,0.4537,0.09,-0.6,0.08,1.432,-0.01051,-0.01569,4.25,4.25,-0.0038,-0.00044,1.37,1.52,1.43,1.41
144,2.4,1.54,20.285,0.002,0.4535,0.09,-0.6,0.08,1.449,-0.00865,-0.00326,2.82,2.82,-0.00288,0.00051,1.41,1.47,1.47,1.45
145,2.4167,1.547,20.289,0.001,0.4532,0.09,-0.6,0.08,1.46,-0.00634,0.01007,1.2,1.2,-0.00174,0.00167,1.39,1.49,1.46,1.5
146,2.4333,1.554,20.293,0.001,0.4528,0.09,-0.6,0.08,1.527,-0.00415,0.02095,-0.22,0.0,-0.00065,0.00277,1.57,1.5,1.49,1.55
147,2.45,1.562,20.297,0.0,0.4523,0.09,-0.6,0.08,1.536,-0.00202,0.03076,-1.55,-1.55,0.00043,0.00383,1.39,1.58,1.59,1.6
148,2.4667,1.569,20.301,-0.0,0.4518,0.11,-0.59,0.08,1.412,-0.00063,0.03972,-2.59,-2.59,0.00109,0.00455,2.03,0.87,1.23,1.51
149,2.4833,1.576,20.304,-0.0,0.452,0.17,-0.63,0.07,0.456,-0.00288,0.04418,-2.23,-2.23,-9e-05,0.00348,0.83,1.3,-1.34,1.03
150,2.5,1.583,20.307,0.0,0.4528,0.15,-0.65,0.07,1.41,-0.00433,0.04524,-1.87,-1.87,-0.00079,0.00273,1.38,1.32,1.45,1.48
151,2.5167,1.591,20.31,0.001,0.4534,0.15,-0.71,0.07,1.343,-0.00699,0.04151,-0.81,-0.81,-0.00219,0.00147,1.25,1.31,1.47,1.34
152,2.5333,1.598,20.313,0.001,0.454,0.13,-0.75,0.07,1.414,-0.00915,0.03365,0.39,0.39,-0.00326,0.00039,1.34,1.39,1.47,1.46
153,2.55,1.605,20.316,0.002,0.4544,0.12,-0.77,0.07,1.544,-0.0113,0.02226,1.83,1.83,-0.00435,-0.00068,1.61,1.5,1.49,1.58
154,2.5667,1.612,20.319,0.003,0.4549,0.1,-0.81,0.07,1.483,-0.01365,0.00762,3.56,3.56,-0.0055,-0.00188,1.47,1.45,1.54,1.48
155,2.5833,1.619,20.322,0.003,0.4554,0.08,-0.87,0.07,1.42,-0.01345,-0.00648,4.49,4.49,-0.00537,-0.0018,1.45,1.23,1.49,1.5
156,2.6,1.627,20.325,0.002,0.4559,0.07,-0.91,0.07,1.447,-0.01118,-0.01423,4.35,4.35,-0.00424,-0.00066,1.34,1.4,1.66,1.39
157,2.6167,1.634,20.328,0.002,0.4563,0.08,-0.94,0.06,1.496,-0.01051,-0.01887,4.47,4.47,-0.00387,-0.00037,1.47,1.63,1.5,1.38
158,2.6333,1.641,20.331,0.002,0.4566,0.08,-0.97,0.06,1.464,-0.00979,-0.01949,4.3,4.3,-0.0035,-3e-05,1.47,1.59,1.37,1.42
159,2.65,1.648,20.335,0.002,0.4569,0.08,-1.01,0.06,1.477,-0.00906,-0.01706,3.91,3.91,-0.00317,0.00038,1.53,1.47,1.42,1.48
160,2.6667,1.656,20.338,0.002,0.457,0.09,-1.04,0.06,1.527,-0.00843,-0.01207,3.37,3.37,-0.0029,0.00074,1.57,1.53,1.49,1.51
161,2.6833,1.663,20.342,0.002,0.4571,0.09,-1.08,0.06,1.598,-0.00781,-0.00461,2.66,2.66,-0.00253,0.001,1.57,1.66,1.55,1.61
162,2.7,1.67,20.345,0.001,0.4572,0.1,-1.13,0.06,1.592,-0.0073,0.00226,2.03,2.03,-0.00228,0.00124,1.61,1.6,1.59,1.57
163,2.7167,1.677,20.349,0.001,0.4569,0.1,-1.15,0.06,1.654,-0.00676,0.00653,1.57,1.57,-0.002,0.00151,1.67,1.67,1.64,1.64
164,2.7333,1.684,20.353,0.001,0.4568,0.11,-1.2,0.06,1.66,-0.00631,0.01007,1.19,1.19,-0.00177,0.00174,1.65,1.69,1.68,1.62
165,2.75,1.692,20.357,0.001,0.4566,0.11,-1.26,0.06,1.576,-0.00577,0.013,0.82,0.82,-0.00151,0.00201,1.62,1.61,1.62,1.46
166,2.7667,1.699,20.36,0.001,0.4567,0.01,-1.28,0.06,1.471,-0.00227,0.01842,-0.61,0.0,0.00022,0.00378,1.43,1.43,1.52,1.51
167,2.7833,1.706,20.364,0.001,0.4573,0.02,-1.27,0.06,1.568,-0.00359,0.0212,-0.41,0.0,-0.00034,0.00303,1.55,1.51,1.51,1.7
168,2.8,1.713,20.367,0.001,0.4577,0.03,-1.27,0.06,1.527,-0.00388,0.02269,-0.42,0.0,-0.0005,0.00288,1.46,1.55,1.55,1.55
169,2.8167,1.721,20.371,0.001,0.4581,0.04,-1.26,0.06,1.665,-0.00365,0.02372,-0.56,0.0,-0.00035,0.00297,1.76,1.48,1.76,1.66
170,2.8333,1.728,20.375,0.001,0.4585,0.05,-1.26,0.06,1.619,-0.00407,0.02364,-0.43,0.0,-0.00057,0.00277,1.58,1.6,1.7,1.59
171,2.85,1.735,20.379,0.001,0.4587,0.05,-1.26,0.06,1.639,-0.00462,0.02254,-0.19,0.0,-0.00086,0.00251,1.6,1.65,1.7,1.61
172,2.8667,1.742,20.383,0.001,0.4588,0.06,-1.26,0.06,1.732,-0.00473,0.0209,-0.04,0.0,-0.0009,0.00244,1.62,1.92,1.75,1.65
173,2.8833,1.749,20.387,0.001,0.4588,0.07,-1.26,0.05,1.785,-0.00525,0.01533,0.5,0.5,-0.00115,0.00218,1.7,1.88,1.8,1.75
174,2.9,1.757,20.391,0.001,0.4587,0.08,-1.26,0.05,1.701,-0.00553,0.01148,0.86,0.86,-0.00138,0.00212,1.63,1.79,1.7,1.69
175,2.9167,1.764,20.395,0.001,0.4585,0.09,-1.26,0.05,1.762,-0.00601,0.00792,1.25,1.25,-0.00154,0.0018,1.77,1.76,1.75,1.77
176,2.9333,1.771,20.399,0.002,0.4582,0.1,-1.26,0.05,1.662,-0.00651,0.00403,1.67,1.67,-0.0018,0.00156,1.7,1.53,1.7,1.72
177,2.95,1.778,20.403,0.001,0.4578,0.1,-1.26,0.05,1.798,-0.00568,0.00189,1.57,1.57,-0.00147,0.00206,1.81,1.85,1.72,1.8
178,2.9667,1.786,20.408,0.001,0.4572,0.1,-1.26,0.05,1.777,-0.00523,0.00104,1.5,1.5,-0.00126,0.0023,1.82,1.8,1.79,1.7
179,2.9833,1.793,20.412,0.001,0.4565,0.1,-1.26,0.06,1.828,-0.00477,0.00088,1.37,0.0,-0.00106,0.00256,1.9,1.89,1.66,1.86
180,3.0,1.8,20.416,0.001,0.4563,0.07,-1.28,0.06,1.63,-0.00451,0.00153,1.25,0.0,-0.00096,0.00272,1.47,2.4,1.35,1.3
181,3.0167,1.807,20.42,0.002,0.4568,0.07,-1.27,0.05,1.781,-0.00802,-0.00121,2.49,2.49,-0.00274,0.00099,1.76,1.54,1.53,2.3
182,3.0333,1.814,20.424,0.002,0.4572,0.07,-1.27,0.05,1.652,-0.00987,-0.00503,3.31,3.31,-0.00367,7e-05,1.67,1.65,1.62,1.67
183,3.05,1.822,20.428,0.002,0.4577,0.08,-1.26,0.05,1.695,-0.00924,-0.00723,3.28,3.28,-0.00335,0.00038,1.67,1.63,1.79,1.69
184,3.0667,1.829,20.432,0.002,0.4581,0.09,-1.27,0.05,1.632,-0.00902,-0.0098,3.39,3.39,-0.00323,0.00048,1.62,1.68,1.61,1.61
185,3.0833,1.836,20.436,0.002,0.4584,0.09,-1.26,0.05,1.739,-0.00858,-0.01208,3.42,3.42,-0.00299,0.00068,1.72,1.74,1.78,1.71
186,3.1,1.843,20.44,0.002,0.4585,0.1,-1.26,0.05,1.735,-0.00802,-0.01397,3.38,3.38,-0.00269,0.00094,1.71,1.86,1.74,1.64
187,3.1167,1.851,20.444,0.002,0.4586,0.1,-1.26,0.05,1.669,-0.00739,-0.01526,3.29,3.29,-0.00234,0.00121,1.78,1.44,1.72,1.73
188,3.1333,1.858,20.448,0.002,0.4585,0.11,-1.26,0.05,1.803,-0.00669,-0.01206,2.85,2.85,-0.00189,0.00147,1.77,1.95,1.74,1.75
189,3.15,1.865,20.453,0.002,0.4583,0.11,-1.26,0.05,1.688,-0.00619,-0.00683,2.33,2.33,-0.00162,0.00171,1.78,1.38,1.79,1.8
190,3.1667,1.872,20.457,0.001,0.4582,0.08,-1.25,0.05,1.762,-0.00245,0.00098,0.67,0.0,0.00023,0.00359,1.77,1.78,1.75,1.75
191,3.1833,1.879,20.462,0.001,0.458,0.04,-1.24,0.05,1.819,0.00125,0.01142,-1.18,0.0,0.00207,0.00546,1.84,1.88,1.74,1.82
192,3.2,1.887,20.466,0.0,0.4577,0.0,-1.24,0.04,1.816,0.00507,0.02409,-3.21,-3.0,0.00395,0.00739,1.84,1.78,1.85,1.8
193,3.2167,1.894,20.471,-0.0,0.4572,-0.03,-1.23,0.05,1.777,0.00855,0.03824,-5.24,-5.24,0.00568,0.00914,1.65,1.8,1.82,1.83
194,3.2333,1.901,20.475,-0.0,0.4574,0.01,-1.27,0.07,1.782,0.00765,0.04913,-5.73,-5.73,0.00482,0.0091,2.04,1.99,1.67,1.43
195,3.25,1.908,20.479,-0.0,0.4579,0.03,-1.27,0.07,1.666,0.00637,0.05667,-5.88,-5.88,0.00418,0.00846,1.59,1.75,1.67,1.66
196,3.2667,1.916,20.483,-0.0,0.4584,0.04,-1.26,0.07,1.727,0.00444,0.0608,-5.59,-5.59,0.00325,0.00746,1.91,1.68,1.51,1.82
197,3.2833,1.923,20.487,0.0,0.4587,0.05,-1.27,0.07,1.753,0.00217,0.05825,-4.73,-4.73,0.00211,0.00633,1.77,1.77,1.68,1.8
198,3.3,1.93,20.492,0.001,0.4589,0.06,-1.26,0.07,1.782,-0.0003,0.04966,-3.38,-3.38,0.00088,0.00509,1.79,1.8,1.72,1.82
199,3.3167,1.937,20.496,0.001,0.4589,0.06,-1.26,0.07,1.848,-0.00288,0.03552,-1.62,-1.62,-0.00038,0.00378,1.87,1.86,1.84,1.83
200,3.3333,1.944,20.501,0.002,0.4588,0.07,-1.26,0.07,2.058,-0.00486,0.01747,0.24,0.0,-0.00134,0.00275,1.87,2.77,1.85,1.75
201,3.35,1.952,20.505,0.002,0.4587,0.08,-1.26,0.07,1.879,-0.00525,0.00211,1.43,1.43,-0.00149,0.00252,1.9,1.84,1.88,1.89
202,3.3667,1.959,20.51,0.002,0.4583,0.09,-1.26,0.07,1.94,-0.00525,-0.0101,2.28,2.28,-0.00144,0.00246,1.95,1.98,1.89,1.94
203,3.3833,1.966,20.515,0.002,0.4579,0.09,-1.26,0.07,1.942,-0.00568,-0.01929,3.05,3.05,-0.00166,0.00225,2.05,1.83,1.91,1.97
204,3.4,1.973,20.52,0.002,0.4573,0.09,-1.26,0.07,1.942,-0.00471,-0.02405,3.1,0.05,-0.00121,0.00277,1.96,1.91,1.88,2.02
205,3.4167,1.981,20.524,0.001,0.4565,0.1,-1.25,0.07,2.047,-0.00404,-0.025,2.96,0.0,-0.00088,0.00312,2.09,1.99,2.03,2.08
206,3.4333,1.988,20.529,0.002,0.4568,0.08,-1.28,0.07,1.604,-0.00521,-0.0244,3.27,3.0,-0.00142,0.00248,1.72,1.66,1.76,1.28
207,3.45,1.995,20.533,0.002,0.4573,0.08,-1.28,0.08,1.998,-0.00755,-0.02423,3.96,3.96,-0.00263,0.00135,1.81,1.8,1.72,2.66
208,3.4667,2.002,20.537,0.003,0.4578,0.08,-1.27,0.07,1.928,-0.00968,-0.02589,4.72,4.72,-0.00375,0.00034,1.77,1.83,1.75,2.37
209,3.4833,2.009,20.542,0.003,0.4582,0.07,-1.27,0.08,1.849,-0.01078,-0.02847,5.23,5.23,-0.00438,-0.00012,1.91,1.81,1.78,1.9
210,3.5,2.017,20.546,0.003,0.4585,0.07,-1.26,0.07,1.844,-0.0109,-0.03043,5.4,5.4,-0.00442,-0.00021,1.83,1.78,1.9,1.87
211,3.5167,2.024,20.551,0.003,0.4587,0.07,-1.26,0.07,1.83,-0.0104,-0.03263,5.41,5.41,-0.00412,-1e-05,1.89,1.8,1.78,1.86
212,3.5333,2.031,20.556,0.003,0.4588,0.08,-1.26,0.07,1.871,-0.00971,-0.03455,5.33,5.33,-0.00379,0.00035,1.85,2.04,1.75,1.85
213,3.55,2.038,20.56,0.003,0.4587,0.08,-1.26,0.07,1.983,-0.00913,-0.03444,5.15,5.15,-0.00352,0.00066,2.03,2.15,1.84,1.91
214,3.5667,2.046,20.565,0.003,0.4585,0.09,-1.26,0.07,2.237,-0.00874,-0.03154,4.83,4.83,-0.00323,0.00076,2.97,2.11,1.87,2.0
215,3.5833,2.053,20.57,0.002,0.4581,0.09,-1.26,0.07,1.908,-0.00821,-0.02624,4.3,4.3,-0.0029,0.00096,1.88,2.02,1.79,1.94
216,3.6,2.06,20.575,0.002,0.4576,0.1,-1.26,0.06,1.961,-0.00775,-0.01998,3.72,3.72,-0.00262,0.00114,2.06,1.87,1.91,2.0
217,3.6167,2.067,20.58,0.002,0.4568,0.1,-1.26,0.06,2.182,-0.00706,-0.01363,3.07,3.07,-0.00224,0.00146,2.14,2.15,2.3,2.14
218,3.6333,2.074,20.584,0.002,0.4567,0.02,-1.29,0.06,1.786,-0.00362,-0.00502,1.44,0.07,-0.00057,0.00321,1.8,1.65,1.8,1.9
219,3.65,2.082,20.589,0.002,0.4574,0.03,-1.27,0.06,2.126,-0.00584,-0.00043,1.78,1.78,-0.00162,0.00205,2.62,1.89,1.92,2.08
220,3.6667,2.089,20.593,0.002,0.458,0.04,-1.27,0.07,1.914,-0.00583,0.00302,1.54,1.54,-0.0016,0.00204,1.91,1.94,1.9,1.91
221,3.6833,2.096,20.598,0.002,0.4584,0.05,-1.27,0.06,1.921,-0.00525,0.00625,1.14,1.14,-0.00131,0.00233,1.87,1.92,1.94,1.95
222,3.7,2.103,20.603,0.002,0.4587,0.06,-1.26,0.06,2.013,-0.00483,0.00898,0.82,0.0,-0.00108,0.00252,2.01,2.01,2.06,1.97
223,3.7167,2.111,20.608,0.002,0.4589,0.06,-1.26,0.06,2.095,-0.00484,0.01089,0.69,0.0,-0.00109,0.00253,1.97,2.33,2.08,1.99
224,3.7333,2.118,20.612,0.002,0.4589,0.07,-1.26,0.06,2.116,-0.00513,0.01157,0.73,0.73,-0.00123,0.00237,2.03,2.18,2.14,2.12
225,3.75,2.125,20.617,0.002,0.4587,0.08,-1.26,0.06,2.099,-0.00536,0.0084,1.02,1.02,-0.00137,0.00228,2.05,2.11,2.07,2.16
226,3.7667,2.132,20.622,0.002,0.4583,0.09,-1.26,0.06,2.089,-0.0058,0.00743,1.22,1.22,-0.00171,0.00218,2.08,2.04,2.09,2.15
227,3.7833,2.139,20.628,0.002,0.4578,0.09,-1.26,0.07,2.124,-0.00538,0.007,1.12,1.12,-0.00157,0.00246,2.18,2.08,2.09,2.14
228,3.8,2.147,20.633,0.002,0.457,0.1,-1.25,0.07,2.162,-0.00452,0.00691,0.87,0.0,-0.00121,0.00296,2.16,2.15,2.08,2.25
229,3.8167,2.154,20.638,0.002,0.4567,0.18,-1.27,0.07,2.203,-0.00647,0.0044,1.63,1.63,-0.00225,0.00205,2.2,2.25,2.54,1.82
230,3.8333,2.161,20.643,0.002,0.4574,0.19,-1.29,0.07,1.928,-0.00488,0.00383,1.2,0.0,-0.00144,0.00283,1.78,1.94,2.04,1.95
231,3.85,2.168,20.647,0.002,0.4579,0.16,-1.28,0.07,2.038,-0.00504,0.00346,1.27,1.27,-0.00152,0.00276,2.16,2.0,2.01,1.98
232,3.8667,2.176,20.652,0.002,0.4582,0.13,-1.26,0.07,2.029,-0.00538,0.00303,1.4,1.4,-0.00169,0.00258,1.93,2.08,2.06,2.05
233,3.8833,2.183,20.657,0.002,0.4584,0.1,-1.26,0.07,2.118,-0.0049,0.00358,1.22,0.0,-0.00146,0.00283,2.12,2.1,2.12,2.13
234,3.9,2.19,20.663,0.002,0.4586,0.1,-1.26,0.07,2.119,-0.00457,0.00398,1.09,0.0,-0.00131,0.00301,2.1,2.09,2.15,2.13
235,3.9167,2.197,20.668,0.002,0.4587,0.1,-1.26,0.07,2.141,-0.00452,0.0035,1.11,0.0,-0.00133,0.00307,2.06,2.06,2.25,2.18
236,3.9333,2.204,20.673,0.002,0.4586,0.1,-1.26,0.07,2.151,-0.00566,0.00391,1.42,1.42,-0.00198,0.00259,2.1,2.11,2.19,2.2
237,3.95,2.212,20.678,0.003,0.4582,0.11,-1.26,0.07,2.156,-0.00708,0.00118,2.04,2.04,-0.00262,0.00181,2.15,2.14,2.16,2.18
238,3.9667,2.219,20.683,0.003,0.4577,0.11,-1.25,0.06,2.21,-0.00813,-0.00214,2.59,2.59,-0.00313,0.00127,2.15,2.32,2.16,2.21
239,3.9833,2.226,20.689,0.003,0.4576,0.1,-1.19,0.06,1.71,-0.00743,-0.00399,2.51,2.51,-0.0027,0.00154,1.48,1.88,1.71,1.78
240,4.0,2.233,20.694,0.003,0.4587,0.12,-1.11,0.06,1.991,-0.00731,-0.00599,2.61,2.61,-0.00268,0.00165,1.92,1.96,2.11,1.97
241,4.0167,2.241,20.698,0.002,0.4596,0.11,-1.07,0.06,1.997,-0.00565,-0.00638,2.14,2.14,-0.0018,0.00242,1.88,2.03,2.12,1.96
242,4.0333,2.248,20.703,0.002,0.4604,0.11,-1.01,0.06,2.116,-0.00496,-0.00607,1.91,0.0,-0.00146,0.00277,1.86,1.98,2.67,1.95
243,4.05,2.255,20.708,0.002,0.4611,0.11,-0.97,0.07,2.03,-0.00438,-0.00403,1.6,0.0,-0.00112,0.00301,2.16,2.07,1.93,1.96
244,4.0667,2.262,20.714,0.002,0.4616,0.11,-0.92,0.06,2.134,-0.004,-0.00038,1.23,0.0,-0.00092,0.00319,2.12,2.15,2.08,2.19
245,4.0833,2.269,20.719,0.002,0.462,0.12,-0.87,0.07,2.165,-0.00349,0.00444,0.74,0.0,-0.00072,0.00349,2.22,2.16,2.16,2.12
246,4.1,2.277,20.725,0.002,0.4622,0.12,-0.82,0.07,1.96,-0.00292,0.00855,0.28,0.0,-0.00041,0.00376,2.27,2.16,1.15,2.26
247,4.1167,2.284,20.73,0.002,0.4622,0.12,-0.76,0.08,2.172,-0.00255,0.01242,-0.1,0.0,-0.00028,0.00401,1.99,2.25,2.25,2.2
248,4.1333,2.291,20.736,0.001,0.4621,0.13,-0.73,0.07,2.226,-0.00082,0.01589,-0.87,0.0,0.00055,0.00489,2.28,2.17,2.27,2.19
249,4.15,2.298,20.742,0.001,0.4618,0.13,-0.69,0.07,2.277,0.00118,0.0203,-1.77,0.0,0.00157,0.00588,2.26,2.26,2.3,2.29
250,4.1667,2.306,20.747,0.001,0.4614,0.13,-0.65,0.07,2.194,0.00195,0.02438,-2.29,0.0,0.00196,0.00626,1.97,2.07,2.37,2.36
251,4.1833,2.313,20.752,0.001,0.462,0.15,-0.69,0.07,2.134,-0.00077,0.02477,-1.5,0.0,0.00058,0.00492,2.24,2.08,2.1,2.11
252,4.2,2.32,20.757,0.002,0.4626,0.14,-0.69,0.07,2.211,-0.00303,0.02227,-0.65,0.0,-0.00061,0.00385,2.32,2.14,2.09,2.29
253,4.2167,2.327,20.762,0.002,0.463,0.14,-0.69,0.07,2.167,-0.00504,0.01742,0.29,0.29,-0.00161,0.00284,2.31,2.13,2.13,2.1
254,4.2333,2.334,20.768,0.003,0.4633,0.11,-0.68,0.07,2.205,-0.00657,0.01119,1.19,1.19,-0.0024,0.0021,2.23,2.19,2.2,2.2
255,4.25,2.342,20.773,0.003,0.4633,0.08,-0.66,0.07,2.281,-0.00834,0.00212,2.35,2.35,-0.0033,0.00123,2.33,2.23,2.29,2.28
256,4.2667,2.349,20.779,0.003,0.4635,0.08,-0.67,0.07,2.243,-0.00956,-0.00917,3.51,3.51,-0.00389,0.0006,2.27,2.23,2.25,2.22
257,4.2833,2.356,20.784,0.003,0.4635,0.1,-0.66,0.07,2.206,-0.00948,-0.01983,4.23,4.23,-0.00385,0.00064,2.22,2.03,2.31,2.26
258,4.3,2.363,20.79,0.003,0.4633,0.1,-0.66,0.06,2.22,-0.00869,-0.0256,4.4,4.4,-0.00342,0.00099,2.26,2.17,2.2,2.25
259,4.3167,2.371,20.795,0.003,0.4629,0.11,-0.65,0.06,2.341,-0.00821,-0.02785,4.41,4.41,-0.00309,0.00115,2.43,2.39,2.22,2.32
260,4.3333,2.378,20.801,0.003,0.4622,0.12,-0.64,0.06,2.262,-0.0074,-0.02694,4.11,4.11,-0.00266,0.00153,2.34,2.24,2.16,2.31
261,4.35,2.385,20.806,0.003,0.4623,0.11,-0.74,0.06,2.56,-0.00508,-0.02218,3.08,3.08,-0.00157,0.00276,2.53,2.33,2.72,2.66
262,4.3667,2.392,20.811,0.002,0.4631,0.08,-0.87,0.06,2.206,-0.00314,-0.01417,1.93,0.08,-0.00063,0.00376,2.38,2.11,2.31,2.03
263,4.3833,2.399,20.815,0.003,0.4641,0.03,-0.95,0.06,2.053,-0.0038,-0.00654,1.6,0.0,-0.00099,0.00346,2.1,1.9,2.36,1.86
264,4.4,2.407,20.819,0.003,0.465,0.05,-0.99,0.06,2.185,-0.00523,-0.00138,1.66,1.66,-0.0017,0.00274,2.21,2.08,2.39,2.05
265,4.4167,2.414,20.824,0.003,0.4658,0.06,-1.03,0.06,2.224,-0.0056,0.00197,1.54,1.54,-0.0019,0.00256,2.25,2.16,2.34,2.15
266,4.4333,2.421,20.829,0.003,0.4665,0.07,-1.07,0.06,2.345,-0.00551,0.00451,1.34,1.34,-0.00182,0.00258,2.28,2.58,2.34,2.17
267,4.45,2.428,20.834,0.003,0.4669,0.08,-1.11,0.05,2.356,-0.00534,0.00609,1.18,1.18,-0.00177,0.0027,2.29,2.49,2.38,2.26
268,4.4667,2.436,20.839,0.003,0.4672,0.09,-1.16,0.05,2.349,-0.00534,0.00509,1.24,1.24,-0.00182,0.00275,2.33,2.36,2.39,2.32
269,4.4833,2.443,20.844,0.003,0.4673,0.1,-1.2,0.05,2.242,-0.00548,0.00207,1.5,1.5,-0.00193,0.00273,2.33,2.4,2.32,1.92
270,4.5,2.45,20.85,0.003,0.4672,0.11,-1.25,0.04,2.454,-0.00584,-0.00028,1.77,1.77,-0.00225,0.00268,2.39,2.65,2.37,2.41
271,4.5167,2.457,20.855,0.003,0.4669,0.11,-1.3,0.04,2.645,-0.00503,-4e-05,1.51,1.51,-0.00192,0.00317,2.51,3.18,2.39,2.5
272,4.5333,2.464,20.86,0.003,0.4668,0.09,-1.41,0.03,2.432,-0.00511,0.00047,1.5,1.5,-0.00198,0.00315,2.43,2.47,2.43,2.4
273,4.55,2.472,20.866,0.003,0.4671,0.08,-1.45,0.03,2.142,-0.00622,-0.00031,1.89,1.89,-0.00258,0.00263,2.31,2.15,2.08,2.04
274,4.5667,2.479,20.871,0.004,0.4676,0.07,-1.43,0.03,2.275,-0.00886,-0.00389,2.93,2.93,-0.00389,0.0013,2.35,2.21,2.14,2.4
275,4.5833,2.486,20.876,0.004,0.4679,0.05,-1.4,0.03,2.309,-0.01093,-0.00917,3.92,3.92,-0.0049,0.00024,2.28,2.37,2.25,2.33
276,4.6,2.493,20.882,0.005,0.4683,0.05,-1.4,0.03,2.307,-0.0121,-0.01489,4.67,4.67,-0.00547,-0.00037,2.22,2.28,2.31,2.43
277,4.6167,2.501,20.888,0.004,0.4686,0.06,-1.39,0.03,2.373,-0.01132,-0.01873,4.71,4.71,-0.00509,4e-05,2.34,2.55,2.31,2.29
278,4.6333,2.508,20.893,0.004,0.4686,0.07,-1.38,0.03,2.333,-0.01038,-0.022,4.65,4.65,-0.0046,0.00048,2.37,2.27,2.36,2.34
279,4.65,2.515,20.899,0.004,0.4684,0.07,-1.37,0.03,2.449,-0.00925,-0.02361,4.43,4.43,-0.00396,0.00098,2.48,2.5,2.44,2.39
280,4.6667,2.522,20.905,0.003,0.4681,0.04,-1.37,0.03,2.354,-0.00547,-0.02001,3.04,3.04,-0.0021,0.0029,2.41,2.44,2.27,2.29
281,4.6833,2.529,20.911,0.003,0.4677,-0.0,-1.35,0.03,2.361,-0.00085,-0.00936,0.91,0.04,0.00021,0.00522,2.36,2.29,2.36,2.43
282,4.7,2.537,20.918,0.002,0.4673,-0.04,-1.34,0.03,2.893,0.0028,0.00587,-1.25,0.0,0.00187,0.0072,3.47,2.79,2.65,2.66
283,4.7167,2.544,20.923,0.002,0.4678,-0.01,-1.41,0.03,2.295,0.00221,0.01989,-2.05,0.0,0.00153,0.00694,2.43,2.53,2.24,1.97
284,4.7333,2.551,20.928,0.002,0.4683,0.05,-1.41,0.03,2.328,-7e-05,0.02907,-2.01,0.0,0.00033,0.00587,2.45,2.34,2.24,2.28
285,4.75,2.558,20.934,0.003,0.4687,0.06,-1.39,0.03,2.801,-0.00118,0.03505,-2.1,-2.1,-0.00023,0.00533,2.54,2.22,3.92,2.53
286,4.7667,2.566,20.94,0.003,0.469,0.06,-1.39,0.03,2.573,-0.0023,0.03799,-1.97,-1.97,-0.0008,0.00477,2.4,3.09,2.45,2.35
287,4.7833,2.573,20.946,0.003,0.4691,0.07,-1.38,0.04,2.645,-0.00321,0.03575,-1.54,-1.54,-0.00126,0.00432,2.45,3.23,2.49,2.41
288,4.8,2.58,20.952,0.003,0.4689,0.08,-1.37,0.04,2.39,-0.00316,0.02908,-1.09,0.0,-0.00123,0.00433,2.48,2.18,2.45,2.44
289,4.8167,2.587,20.958,0.003,0.4685,0.09,-1.36,0.04,2.577,-0.00326,0.01936,-0.38,0.0,-0.00125,0.00426,2.56,2.7,2.56,2.49
290,4.8333,2.594,20.964,0.003,0.4677,0.09,-1.36,0.04,2.535,-0.0044,0.01025,0.6,0.0,-0.00192,0.0038,2.59,2.45,2.52,2.59
291,4.85,2.602,20.971,0.003,0.4669,0.08,-1.37,0.04,2.829,-0.00352,0.00547,0.67,0.0,-0.0015,0.00426,3.18,2.94,2.99,2.2
292,4.8667,2.609,20.976,0.003,0.4672,0.06,-1.43,0.03,2.127,-0.00466,0.00123,1.31,0.0,-0.00214,0.00374,2.13,2.3,2.06,2.02
293,4.8833,2.616,20.982,0.004,0.4678,0.09,-1.43,0.02,2.378,-0.0087,-0.00551,3.0,3.0,-0.00433,0.00189,2.58,2.27,2.16,2.5
294,4.9,2.623,20.987,0.004,0.4682,0.08,-1.41,0.02,2.344,-0.01049,-0.01233,4.01,4.01,-0.00521,0.001,2.45,2.33,2.32,2.28
295,4.9167,2.631,20.993,0.005,0.4687,0.08,-1.4,0.02,2.401,-0.01131,-0.01923,4.74,4.74,-0.00561,0.00056,2.38,2.35,2.46,2.41
296,4.9333,2.638,20.999,0.004,0.469,0.09,-1.39,0.02,2.467,-0.01044,-0.02431,4.83,4.83,-0.00514,0.00097,2.43,2.58,2.47,2.39
297,4.95,2.645,21.005,0.004,0.469,0.09,-1.38,0.02,2.496,-0.0095,-0.02664,4.71,4.71,-0.00469,0.00146,2.4,2.59,2.57,2.42
298,4.9667,2.652,21.011,0.004,0.4688,0.1,-1.37,0.02,2.506,-0.0085,-0.02857,4.55,4.55,-0.00418,0.00195,2.32,2.87,2.41,2.42
299,4.9833,2.659,21.017,0.004,0.4683,0.1,-1.36,0.02,2.555,-0.00777,-0.02834,4.32,4.32,-0.0037,0.0022,2.58,2.63,2.5,2.52
300,5.0,2.667,21.024,0.004,0.4675,0.1,-1.35,0.02,2.637,-0.00693,-0.02311,3.7,3.7,-0.00325,0.00259,2.61,2.73,2.63,2.59
301,5.0167,2.674,21.03,0.004,0.4673,0.06,-1.43,0.02,2.705,-0.00467,-0.01436,2.41,0.7,-0.00213,0.00373,2.68,2.73,2.72,2.68
302,5.0333,2.681,21.036,0.004,0.4677,0.05,-1.44,0.02,2.34,-0.00616,-0.00733,2.36,2.36,-0.00289,0.003,2.52,2.28,2.22,2.34
303,5.05,2.688,21.042,0.004,0.4683,0.07,-1.41,0.02,2.401,-0.00691,-0.00282,2.27,2.27,-0.00317,0.00253,2.3,2.55,2.38,2.38
304,5.0667,2.696,21.048,0.004,0.4688,0.07,-1.4,0.02,2.516,-0.00632,0.00079,1.84,1.84,-0.00283,0.00279,2.45,2.49,2.63,2.5
305,5.0833,2.703,21.054,0.004,0.4691,0.08,-1.39,0.02,2.575,-0.0054,0.00389,1.35,1.35,-0.00237,0.00324,2.55,2.58,2.62,2.55
306,5.1,2.71,21.06,0.004,0.469,0.08,-1.38,0.02,2.588,-0.00473,0.00655,0.96,0.0,-0.00203,0.00357,2.54,2.67,2.57,2.57
307,5.1167,2.717,21.066,0.004,0.4687,0.08,-1.37,0.02,2.731,-0.0044,0.00836,0.73,0.0,-0.00185,0.00372,2.53,2.64,2.71,3.05
308,5.1333,2.724,21.073,0.004,0.4681,0.09,-1.36,0.01,2.799,-0.00444,0.0076,0.8,0.0,-0.002,0.00383,2.62,3.16,2.71,2.71
309,5.15,2.732,21.08,0.004,0.4672,0.09,-1.35,0.01,2.774,-0.00468,0.0082,0.83,0.0,-0.00222,0.00381,2.3,3.16,2.74,2.91
310,5.1667,2.739,21.086,0.004,0.4672,0.16,-1.42,0.0,2.486,-0.00735,0.00677,1.73,1.73,-0.00359,0.00251,2.83,2.7,2.51,1.91
311,5.1833,2.746,21.091,0.004,0.4679,0.21,-1.46,0.01,2.45,-0.0088,0.00341,2.4,2.4,-0.00434,0.00181,2.86,2.18,2.32,2.45
312,5.2,2.753,21.097,0.004,0.4683,0.16,-1.43,0.01,2.49,-0.00805,0.00027,2.4,2.4,-0.0039,0.00212,2.61,2.46,2.46,2.43
313,5.2167,2.761,21.104,0.004,0.4685,0.12,-1.39,0.01,2.734,-0.00789,-0.00301,2.58,2.58,-0.00384,0.00222,2.46,2.57,3.27,2.64
314,5.2333,2.768,21.11,0.004,0.4688,0.11,-1.39,0.01,2.617,-0.00743,-0.00577,2.63,2.63,-0.00363,0.00247,2.6,2.54,2.66,2.66
315,5.25,2.775,21.117,0.004,0.4687,0.11,-1.37,0.01,2.654,-0.00676,-0.00746,2.55,2.55,-0.00332,0.00283,2.64,2.63,2.69,2.66
316,5.2667,2.782,21.123,0.004,0.4684,0.1,-1.36,0.01,2.697,-0.00724,-0.0092,2.82,2.82,-0.00365,0.00268,2.69,2.68,2.7,2.73
317,5.2833,2.789,21.13,0.004,0.4678,0.1,-1.35,0.01,2.74,-0.00815,-0.00892,3.07,3.07,-0.00408,0.00221,2.73,2.71,2.73,2.79
318,5.3,2.797,21.137,0.005,0.4675,0.13,-1.39,0.02,2.825,-0.01082,-0.00992,3.94,3.94,-0.00566,0.00111,2.77,2.8,2.78,2.95
319,5.3167,2.804,21.143,0.005,0.4679,0.16,-1.45,0.02,2.556,-0.01384,-0.01469,5.18,5.18,-0.0072,-0.00038,2.6,2.6,2.46,2.57
320,5.3333,2.811,21.149,0.005,0.4683,0.15,-1.44,0.02,2.491,-0.01489,-0.02013,5.88,5.88,-0.0077,-0.00092,2.53,2.51,2.46,2.46
321,5.35,2.818,21.155,0.006,0.4686,0.11,-1.4,0.02,2.484,-0.01569,-0.02621,6.54,6.54,-0.00812,-0.00131,2.08,2.65,2.67,2.54
322,5.3667,2.826,21.162,0.006,0.469,0.1,-1.4,0.02,2.505,-0.01634,-0.03293,7.21,7.21,-0.00839,-0.00168,2.63,2.27,2.54,2.59
323,5.3833,2.833,21.168,0.006,0.4691,0.11,-1.38,0.02,2.626,-0.01616,-0.03815,7.52,7.52,-0.00829,-0.0016,2.58,2.69,2.63,2.61
324,5.4,2.84,21.175,0.006,0.4689,0.12,-1.37,0.01,2.65,-0.01544,-0.04107,7.51,7.51,-0.00784,-0.00133,2.63,2.78,2.55,2.65
325,5.4167,2.847,21.182,0.005,0.4685,0.11,-1.35,0.01,2.625,-0.01253,-0.03791,6.41,6.41,-0.00654,0.00028,2.64,2.54,2.6,2.72
326,5.4333,2.854,21.188,0.005,0.4686,0.13,-1.21,-0.01,2.348,-0.01083,-0.03026,5.37,5.37,-0.00567,0.0011,1.9,2.28,2.57,2.64
327,5.45,2.862,21.195,0.005,0.4697,0.12,-1.08,0.0,3.306,-0.01022,-0.02182,4.59,4.59,-0.00514,0.0012,4.37,2.46,2.82,3.57
328,5.4667,2.869,21.201,0.004,0.471,0.11,-1.02,0.02,2.566,-0.00894,-0.01226,3.54,3.54,-0.00415,0.00148,2.61,2.51,2.46,2.68
329,5.4833,2.876,21.208,0.004,0.4719,0.12,-0.97,0.03,2.559,-0.00834,-0.00256,2.68,2.68,-0.00374,0.00167,2.53,2.71,2.42,2.58
330,5.5,2.883,21.215,0.004,0.4726,0.11,-0.91,0.03,2.679,-0.00743,0.00673,1.76,1.76,-0.0033,0.00214,2.71,2.65,2.67,2.69
331,5.5167,2.891,21.222,0.004,0.4731,0.11,-0.85,0.03,2.77,-0.0067,0.01492,0.96,0.96,-0.00295,0.00252,2.84,2.71,2.77,2.75
332,5.5333,2.898,21.229,0.004,0.4734,0.11,-0.8,0.03,2.81,-0.00607,0.01977,0.44,0.44,-0.00264,0.00284,2.8,2.7,2.8,2.95
333,5.55,2.905,21.236,0.004,0.4733,0.12,-0.76,0.03,2.859,-0.00558,0.0228,0.08,0.08,-0.00244,0.00312,2.89,2.81,2.89,2.84
334,5.5667,2.912,21.243,0.004,0.473,0.12,-0.72,0.03,2.895,-0.00549,0.02493,-0.1,-0.1,-0.0024,0.00317,2.93,2.86,2.94,2.85
335,5.5833,2.919,21.25,0.004,0.4725,0.1,-0.71,0.03,3.272,-0.00447,0.02653,-0.52,0.0,-0.00189,0.00369,3.13,2.89,3.81,3.26
336,5.6,2.927,21.257,0.004,0.4727,0.07,-0.79,0.03,2.946,-0.00381,0.02801,-0.82,0.0,-0.00157,0.00404,2.9,2.96,2.99,2.94
337,5.6167,2.934,21.263,0.004,0.4729,0.04,-0.8,0.04,2.611,-0.00303,0.02917,-1.13,0.0,-0.00115,0.00439,2.74,2.75,2.61,2.34
338,5.6333,2.941,21.27,0.004,0.4736,0.06,-0.77,0.03,2.769,-0.00374,0.02871,-0.89,0.0,-0.00152,0.00405,2.75,2.59,2.88,2.86
339,5.65,2.948,21.276,0.004,0.474,0.07,-0.75,0.04,2.777,-0.0036,0.02781,-0.87,0.0,-0.00146,0.00413,2.73,2.72,2.92,2.74
340,5.6667,2.956,21.283,0.004,0.4741,0.08,-0.72,0.04,2.821,-0.00336,0.02675,-0.86,0.0,-0.00135,0.00426,2.8,2.82,2.85,2.81
341,5.6833,2.963,21.29,0.004,0.4739,0.09,-0.7,0.04,2.926,-0.00343,0.02567,-0.77,0.0,-0.00141,0.00425,2.84,3.05,2.94,2.87
342,5.7,2.97,21.297,0.004,0.4734,0.11,-0.68,0.03,2.898,-0.00466,0.02239,-0.17,0.0,-0.00217,0.00377,2.82,2.96,2.89,2.93
343,5.7167,2.977,21.304,0.004,0.4741,0.01,-0.78,0.02,3.005,-0.00077,0.02282,-1.37,0.0,-0.00029,0.00579,2.94,3.08,3.06,2.94
344,5.7333,2.984,21.309,0.004,0.4748,-0.01,-0.97,0.02,3.055,-0.0006,0.02259,-1.4,0.0,-0.00028,0.00596,3.15,2.99,3.11,2.97
345,5.75,2.992,21.315,0.004,0.4752,0.03,-1.19,0.02,2.778,-0.00159,0.02209,-1.07,0.0,-0.00094,0.00562,2.54,3.6,2.29,2.69
346,5.7667,2.999,21.32,0.004,0.4764,0.1,-1.27,0.02,3.086,-0.00428,0.01874,-0.03,0.0,-0.00218,0.00417,3.0,2.17,4.81,2.36
347,5.7833,3.006,21.326,0.004,0.4774,0.09,-1.31,0.02,2.769,-0.00436,0.01547,0.23,0.0,-0.00221,0.00412,2.96,2.75,2.72,2.65
348,5.8,3.013,21.332,0.004,0.4783,0.1,-1.34,0.02,2.851,-0.00373,0.0133,0.19,0.0,-0.00189,0.00443,3.0,2.85,2.78,2.78
349,5.8167,3.021,21.339,0.004,0.4789,0.1,-1.38,0.02,2.913,-0.00232,0.01412,-0.29,0.0,-0.00116,0.00511,3.02,2.94,2.82,2.86
350,5.8333,3.028,21.346,0.003,0.4791,0.11,-1.41,0.02,2.971,-0.00043,0.01277,-0.76,0.0,-0.00015,0.00599,3.07,3.06,2.85,2.91
351,5.85,3.035,21.353,0.003,0.479,0.11,-1.44,0.02,3.005,0.00163,0.01354,-1.44,0.0,0.00097,0.00693,3.04,3.09,2.94,2.96
352,5.8667,3.042,21.36,0.003,0.4785,0.06,-1.43,0.02,2.838,0.00559,0.01929,-3.03,-3.0,0.00289,0.00897,2.91,2.92,2.73,2.79
353,5.8833,3.049,21.366,0.003,0.4789,0.03,-1.51,0.04,2.84,0.00568,0.02722,-3.61,-3.61,0.00248,0.00947,2.74,2.73,2.89,3.0
354,5.9,3.057,21.373,0.003,0.4791,0.04,-1.57,0.06,2.694,0.00491,0.03349,-3.82,-3.82,0.00159,0.00959,3.07,2.98,2.7,2.02
355,5.9167,3.064,21.38,0.003,0.4796,0.05,-1.54,0.07,2.809,0.00208,0.03545,-3.1,-3.1,0.00014,0.00821,2.82,2.68,2.93,2.81
356,5.9333,3.071,21.387,0.004,0.48,0.06,-1.51,0.07,2.837,-0.0005,0.03306,-2.16,-2.16,-0.00111,0.00688,2.82,2.8,2.96,2.76
357,5.95,3.078,21.394,0.004,0.48,0.08,-1.48,0.07,3.034,-0.00087,0.02865,-1.75,0.0,-0.00121,0.00661,2.99,3.31,2.98,2.86
358,5.9667,3.086,21.401,0.004,0.4796,0.09,-1.45,0.08,2.943,-0.00124,0.02226,-1.19,0.0,-0.00134,0.00637,3.04,2.71,3.06,2.96
359,5.9833,3.093,21.409,0.004,0.4789,0.1,-1.41,0.07,3.078,-0.00256,0.0112,-0.02,0.0,-0.00202,0.00572,3.04,3.16,3.07,3.04
360,6.0,3.1,21.416,0.004,0.4785,0.06,-1.43,0.07,3.138,-0.00168,0.00229,0.34,0.0,-0.00164,0.00623,3.16,3.16,3.12,3.12
361,6.0167,3.107,21.423,0.004,0.4782,0.06,-1.57,0.07,3.104,-0.00286,-0.00598,1.28,0.0,-0.0022,0.00561,3.23,2.97,3.11,3.11
362,6.0333,3.114,21.43,0.005,0.4789,0.11,-1.57,0.07,2.789,-0.00609,-0.01366,2.78,2.78,-0.00384,0.00402,3.1,2.82,2.65,2.58
363,6.05,3.122,21.437,0.005,0.4793,0.1,-1.52,0.07,2.789,-0.00775,-0.01948,3.69,3.69,-0.00469,0.00321,2.59,2.91,2.83,2.82
364,6.0667,3.129,21.444,0.005,0.4798,0.09,-1.51,0.07,2.995,-0.00773,-0.0242,4.01,4.01,-0.00463,0.00318,2.99,3.05,3.0,2.95
365,6.0833,3.136,21.452,0.005,0.4799,0.09,-1.48,0.07,2.975,-0.00781,-0.02806,4.31,4.31,-0.00469,0.00314,2.99,3.03,2.98,2.9
366,6.1,3.143,21.459,0.005,0.4796,0.1,-1.44,0.07,2.923,-0.00774,-0.03002,4.42,4.42,-0.00467,0.0032,3.06,2.64,3.0,2.99
367,6.1167,3.151,21.467,0.005,0.4789,0.1,-1.41,0.05,3.129,-0.00718,-0.03207,4.4,4.4,-0.00436,0.00345,3.14,3.34,3.03,3.01
368,6.1333,3.158,21.474,0.005,0.4787,0.06,-1.46,0.05,3.18,-0.00509,-0.03051,3.66,3.66,-0.00332,0.0045,3.15,3.26,3.18,3.13
369,6.15,3.165,21.481,0.005,0.4785,0.05,-1.58,0.05,3.256,-0.00529,-0.02603,3.41,3.41,-0.00343,0.00442,3.33,3.37,3.3,3.03
370,6.1667,3.172,21.488,0.005,0.4791,0.08,-1.55,0.05,3.123,-0.00543,-0.02052,3.07,3.07,-0.00353,0.00437,2.69,2.78,4.16,2.86
371,6.1833,3.179,21.495,0.005,0.4798,0.08,-1.52,0.05,2.988,-0.00428,-0.01452,2.3,0.07,-0.00295,0.00493,2.96,3.0,3.08,2.91
372,6.2,3.187,21.503,0.005,0.48,0.08,-1.49,0.05,3.126,-0.00365,-0.00849,1.69,0.0,-0.00263,0.00525,3.05,3.27,3.15,3.03
373,6.2167,3.194,21.51,0.005,0.4799,0.09,-1.46,0.05,3.15,-0.00313,-0.00274,1.13,0.0,-0.00237,0.0055,3.09,3.23,3.18,3.09
374,6.2333,3.201,21.518,0.005,0.4793,0.09,-1.42,0.04,3.187,-0.00283,0.00206,0.7,0.0,-0.00221,0.00565,3.18,3.35,3.21,3.01
375,6.25,3.208,21.526,0.005,0.4786,0.11,-1.42,0.05,3.412,-0.00384,0.0031,0.93,0.0,-0.0029,0.00533,3.56,3.63,3.12,3.33
376,6.2667,3.216,21.533,0.005,0.4784,0.13,-1.53,0.06,3.279,-0.00682,0.00116,1.96,1.96,-0.00467,0.00412,3.31,3.19,3.24,3.37
377,6.2833,3.223,21.54,0.005,0.4789,0.21,-1.6,0.06,3.012,-0.01117,-0.00489,3.69,3.69,-0.00679,0.00188,3.02,3.06,2.94,3.03
378,6.3,3.23,21.547,0.006,0.4792,0.17,-1.55,0.07,2.871,-0.01018,-0.01036,3.78,3.78,-0.00628,0.00237,3.02,2.85,2.8,2.82
379,6.3167,3.237,21.554,0.006,0.4794,0.13,-1.5,0.07,2.924,-0.00947,-0.01511,3.9,3.9,-0.00599,0.00279,3.03,2.28,2.92,3.46
380,6.3333,3.244,21.562,0.006,0.4796,0.12,-1.47,0.06,3.023,-0.00884,-0.01917,4.0,4.0,-0.00565,0.00308,2.97,2.98,3.07,3.08
381,6.35,3.252,21.57,0.006,0.4793,0.11,-1.44,0.06,3.125,-0.00922,-0.02344,4.41,4.41,-0.00588,0.00293,3.11,3.11,3.14,3.14
382,6.3667,3.259,21.578,0.006,0.4787,0.11,-1.41,0.05,3.045,-0.00945,-0.0264,4.68,4.68,-0.00598,0.0028,3.05,2.8,3.08,3.26
383,6.3833,3.266,21.585,0.006,0.4787,0.12,-1.51,0.06,3.402,-0.01173,-0.02828,5.5,5.5,-0.00727,0.00181,3.42,3.38,3.5,3.3
384,6.4,3.273,21.592,0.007,0.479,0.16,-1.59,0.06,2.856,-0.01495,-0.02877,6.5,6.5,-0.00894,0.00026,2.84,2.84,2.81,2.94
385,6.4167,3.281,21.599,0.007,0.4794,0.15,-1.56,0.06,2.832,-0.0154,-0.0307,6.77,6.77,-0.00915,2e-05,2.93,2.81,2.77,2.82
386,6.4333,3.288,21.607,0.007,0.4798,0.11,-1.53,0.05,2.843,-0.01504,-0.03274,6.8,6.8,-0.00884,7e-05,3.04,2.22,3.05,3.06
387,6.45,3.295,21.614,0.007,0.48,0.12,-1.49,0.05,3.014,-0.01466,-0.03479,6.83,6.83,-0.0086,0.00022,3.07,3.0,3.01,2.97
388,6.4667,3.302,21.622,0.007,0.4798,0.12,-1.45,0.05,3.142,-0.01394,-0.03547,6.66,6.66,-0.00823,0.00056,3.14,3.32,3.07,3.04
389,6.4833,3.309,21.63,0.007,0.4793,0.12,-1.41,0.03,3.178,-0.01277,-0.03463,6.26,6.26,-0.00768,0.00117,3.18,3.27,3.08,3.2
390,6.5,3.317,21.638,0.007,0.4787,0.13,-1.43,0.03,3.488,-0.01239,-0.03116,5.9,5.9,-0.00754,0.00143,3.62,3.55,3.35,3.44
391,6.5167,3.324,21.645,0.006,0.4786,0.11,-1.56,0.03,3.193,-0.01145,-0.02382,5.1,5.1,-0.00707,0.00189,3.22,3.13,3.16,3.26
392,6.5333,3.331,21.652,0.007,0.4792,0.19,-1.6,0.03,2.749,-0.01495,-0.02049,5.92,5.92,-0.00876,8e-05,3.06,2.62,2.58,2.73
393,6.55,3.338,21.66,0.007,0.4795,0.14,-1.54,0.04,3.016,-0.01376,-0.01671,5.3,5.3,-0.00811,0.00063,3.21,2.92,2.97,2.96
394,6.5667,3.346,21.667,0.007,0.4799,0.1,-1.52,0.04,3.0,-0.01317,-0.01318,4.87,4.87,-0.00777,0.00086,3.0,2.87,3.13,3.0
395,6.5833,3.353,21.675,0.007,0.48,0.11,-1.48,0.04,3.155,-0.01302,-0.01065,4.65,4.65,-0.00766,0.00091,3.17,3.24,3.15,3.06
396,6.6,3.36,21.683,0.007,0.4803,0.1,-1.37,0.02,3.465,-0.01118,-0.00773,3.9,3.9,-0.00659,0.00168,2.8,4.69,3.34,3.04
397,6.6167,3.367,21.691,0.006,0.481,0.09,-1.15,0.01,2.878,-0.00871,-0.00302,2.82,2.82,-0.00548,0.00304,2.72,2.87,3.2,2.71
398,6.6333,3.374,21.699,0.006,0.4825,0.06,-1.03,0.03,3.184,-0.00654,0.00239,1.8,1.8,-0.00397,0.0037,3.25,3.14,3.1,3.24
399,6.65,3.382,21.707,0.006,0.4837,0.09,-0.97,0.05,3.232,-0.00683,0.01046,1.32,1.32,-0.00371,0.00316,3.26,3.1,3.13,3.44
400,6.6667,3.389,21.715,0.006,0.4844,0.1,-0.88,0.05,3.5,-0.00601,0.01717,0.6,0.6,-0.00329,0.00355,2.99,3.22,4.65,3.13
401,6.6833,3.396,21.724,0.005,0.4851,0.11,-0.83,0.05,3.28,-0.00413,0.02441,-0.47,0.0,-0.00229,0.00443,3.34,3.25,3.26,3.27
402,6.7,3.403,21.732,0.005,0.4852,0.12,-0.77,0.06,3.347,-0.00223,0.03257,-1.61,-1.61,-0.00131,0.00535,3.39,3.27,3.39,3.33
403,6.7167,3.411,21.74,0.005,0.4849,0.12,-0.71,0.06,3.353,-0.00192,0.03819,-2.1,-2.1,-0.00113,0.00548,3.41,3.31,3.35,3.35
404,6.7333,3.418,21.749,0.005,0.4842,0.12,-0.66,0.06,3.634,-0.00225,0.04026,-2.14,-2.14,-0.00126,0.00528,3.61,3.75,3.59,3.59
405,6.75,3.425,21.757,0.005,0.4843,0.05,-0.74,0.05,3.415,-0.00192,0.04018,-2.24,-2.24,-0.00117,0.00551,3.39,3.42,3.5,3.35
406,6.7667,3.432,21.765,0.006,0.484,0.05,-0.85,0.05,3.512,-0.00386,0.03841,-1.53,-1.53,-0.00217,0.00457,3.58,3.53,3.58,3.36
407,6.7833,3.439,21.772,0.006,0.4843,0.1,-0.87,0.05,3.003,-0.00757,0.03219,0.02,0.02,-0.00401,0.00271,3.36,2.97,2.76,2.93
408,6.8,3.447,21.78,0.006,0.4847,0.1,-0.8,0.05,3.855,-0.00884,0.02348,1.01,1.01,-0.0046,0.00202,3.28,3.11,5.56,3.47
409,6.8167,3.454,21.788,0.006,0.485,0.07,-0.78,0.05,3.316,-0.0073,0.01544,1.11,1.11,-0.00378,0.00274,3.34,3.24,3.41,3.28
410,6.8333,3.461,21.796,0.006,0.4849,0.07,-0.73,0.05,3.453,-0.00625,0.00913,1.24,1.24,-0.00318,0.0032,2.93,3.86,3.52,3.5
411,6.85,3.468,21.804,0.006,0.4855,0.14,-0.78,0.06,3.818,-0.0068,0.00336,1.8,1.8,-0.00368,0.00315,4.27,3.76,3.72,3.52
412,6.8667,3.476,21.811,0.005,0.4867,0.14,-0.98,0.06,3.085,-0.00407,0.00075,1.17,0.0,-0.00245,0.00466,2.93,3.32,2.72,3.37
413,6.8833,3.483,21.818,0.005,0.4876,0.13,-1.12,0.12,3.38,-0.0009,0.00371,0.01,0.0,-0.00215,0.00752,3.3,3.48,3.5,3.24
414,6.9,3.49,21.825,0.004,0.4882,0.1,-1.29,0.18,3.251,0.00218,0.0133,-1.59,0.0,-0.00189,0.01034,3.14,3.45,3.44,2.99
415,6.9167,3.497,21.831,0.004,0.4893,0.07,-1.34,0.18,3.149,0.00281,0.02369,-2.5,0.0,-0.0015,0.01058,3.1,3.08,3.48,2.94
416,6.9333,3.504,21.839,0.005,0.4901,0.08,-1.37,0.17,3.292,0.0024,0.03082,-2.88,-2.88,-0.00162,0.01028,3.3,3.23,3.5,3.13
417,6.95,3.512,21.846,0.005,0.4905,0.08,-1.39,0.17,3.476,0.0019,0.03551,-3.06,-3.06,-0.00177,0.00994,3.34,3.94,3.41,3.21
418,6.9667,3.519,21.854,0.005,0.4905,0.08,-1.43,0.17,3.525,0.00162,0.0399,-3.28,-3.28,-0.00191,0.0098,3.54,3.89,3.21,3.46
419,6.9833,3.526,21.862,0.005,0.4907,0.07,-1.54,0.16,3.485,0.00183,0.04118,-3.43,-3.43,-0.00177,0.00987,3.5,3.55,3.47,3.42
420,7.0,3.533,21.87,0.005,0.4905,0.08,-1.67,0.16,3.432,0.00176,0.03898,-3.26,-3.26,-0.00183,0.00986,3.34,3.53,3.46,3.4
421,7.0167,3.541,21.877,0.005,0.4908,0.15,-1.72,0.16,2.873,-0.00158,0.03043,-1.66,-1.66,-0.0035,0.00819,3.32,2.88,2.45,2.84
422,7.0333,3.548,21.885,0.005,0.4911,0.12,-1.62,0.17,2.477,-0.00156,0.02229,-1.09,0.0,-0.00344,0.00815,0.39,3.3,3.14,3.07
423,7.05,3.555,21.894,0.005,0.4915,0.11,-1.58,0.15,3.457,-0.00127,0.01584,-0.73,0.0,-0.00305,0.00805,3.4,3.46,3.55,3.41
424,7.0667,3.562,21.902,0.005,0.4915,0.09,-1.54,0.16,3.601,-0.00066,0.01131,-0.59,0.0,-0.00269,0.0083,3.42,4.1,3.54,3.34
425,7.0833,3.569,21.911,0.005,0.491,0.09,-1.48,0.14,3.538,-0.00039,0.00789,-0.44,0.0,-0.00253,0.00841,3.5,3.65,3.56,3.44
426,7.1,3.577,21.919,0.005,0.491,0.04,-1.53,0.14,3.652,0.00151,0.00661,-0.92,0.0,-0.00163,0.00941,3.63,3.72,3.67,3.59
427,7.1167,3.584,21.927,0.005,0.4907,0.04,-1.64,0.14,3.796,0.001,0.00503,-0.65,0.0,-0.00195,0.00922,3.84,3.9,3.88,3.57
428,7.1333,3.591,21.935,0.005,0.4907,0.09,-1.68,0.14,3.28,-0.00096,0.00506,-0.07,0.0,-0.00301,0.00832,2.82,3.0,4.39,2.91
429,7.15,3.598,21.943,0.005,0.4914,0.09,-1.62,0.14,3.318,-4e-05,0.00602,-0.41,0.0,-0.00252,0.00875,3.22,3.24,3.56,3.25
430,7.1667,3.606,21.951,0.005,0.4917,0.09,-1.57,0.14,3.441,0.00077,0.0074,-0.75,0.0,-0.00209,0.00913,3.4,3.42,3.59,3.36
431,7.1833,3.613,21.96,0.005,0.4914,0.09,-1.51,0.13,3.52,0.00086,0.00808,-0.82,0.0,-0.00203,0.00916,3.45,3.61,3.6,3.42
432,7.2,3.62,21.969,0.005,0.4907,0.08,-1.46,0.12,3.318,0.00072,0.00825,-0.79,0.0,-0.00212,0.00911,3.38,2.76,3.55,3.59
433,7.2167,3.627,21.977,0.006,0.4908,0.11,-1.57,0.13,3.723,-0.0025,0.00314,0.53,0.0,-0.00411,0.00788,3.74,3.68,3.65,3.83
434,7.2333,3.634,21.985,0.006,0.4904,0.13,-1.67,0.13,3.377,-0.00526,-0.00368,1.84,1.84,-0.00571,0.00672,3.07,3.94,3.56,2.94
435,7.25,3.642,21.993,0.006,0.4909,0.22,-1.68,0.12,3.004,-0.00931,-0.01183,3.62,3.62,-0.00806,0.00501,3.49,3.12,3.24,2.16
436,7.2667,3.649,22.001,0.007,0.4909,0.16,-1.59,0.12,3.161,-0.00854,-0.01915,3.9,3.9,-0.00765,0.00538,3.43,2.43,3.24,3.55
437,7.2833,3.656,22.01,0.007,0.4912,0.13,-1.55,0.12,3.401,-0.00916,-0.02706,4.64,4.64,-0.00805,0.00516,3.34,3.38,3.49,3.4
438,7.3,3.663,22.018,0.007,0.4909,0.11,-1.5,0.11,3.475,-0.00993,-0.03492,5.43,5.43,-0.00847,0.00481,3.45,3.48,3.46,3.5
439,7.3167,3.671,22.027,0.008,0.4909,0.07,-1.53,0.11,3.769,-0.00966,-0.04141,5.8,5.8,-0.00837,0.00498,3.89,3.81,3.75,3.63
440,7.3333,3.678,22.035,0.008,0.4906,0.08,-1.65,0.1,3.649,-0.0119,-0.04611,6.8,6.8,-0.00953,0.0039,3.58,3.62,3.68,3.72
441,7.35,3.685,22.044,0.008,0.4909,0.16,-1.68,0.1,3.297,-0.01627,-0.0519,8.51,8.51,-0.01183,0.00183,3.19,3.34,3.31,3.35
442,7.3667,3.692,22.052,0.008,0.4912,0.15,-1.64,0.09,3.453,-0.01638,-0.05294,8.62,8.62,-0.01183,0.00173,3.58,3.23,3.27,3.72
443,7.3833,3.699,22.06,0.008,0.4917,0.14,-1.59,0.09,3.372,-0.01502,-0.05325,8.23,8.23,-0.0111,0.00235,3.58,3.3,3.33,3.28
444,7.4,3.707,22.069,0.008,0.4916,0.13,-1.53,0.08,3.423,-0.01433,-0.05218,7.95,7.95,-0.01073,0.00267,3.41,3.57,3.35,3.37
445,7.4167,3.714,22.078,0.008,0.491,0.13,-1.48,0.07,3.537,-0.01348,-0.04957,7.51,7.51,-0.0102,0.00299,3.52,3.81,3.37,3.45
446,7.4333,3.721,22.086,0.008,0.4911,0.07,-1.53,0.07,3.656,-0.01141,-0.04542,6.6,6.6,-0.00919,0.00406,3.71,3.74,3.72,3.46
447,7.45,3.728,22.095,0.008,0.4906,0.07,-1.65,0.06,3.664,-0.01207,-0.04014,6.43,6.43,-0.00957,0.00377,3.72,3.73,3.77,3.43
448,7.4667,3.736,22.103,0.008,0.4909,0.19,-1.69,0.06,3.403,-0.01707,-0.03615,7.65,7.65,-0.01221,0.00141,3.37,3.41,3.39,3.44
449,7.4833,3.743,22.111,0.008,0.4913,0.15,-1.64,0.04,3.06,-0.01542,-0.03083,6.78,6.78,-0.01124,0.00208,3.3,2.22,3.36,3.35
450,7.5,3.75,22.12,0.008,0.4917,0.14,-1.58,0.04,3.41,-0.01428,-0.02637,6.13,6.13,-0.0106,0.00259,3.39,3.42,3.46,3.37
451,7.5167,3.757,22.129,0.008,0.4916,0.13,-1.52,0.04,3.537,-0.01363,-0.02248,5.66,5.66,-0.01023,0.00287,3.52,3.7,3.49,3.43
452,7.5333,3.764,22.138,0.008,0.4914,0.11,-1.52,0.03,3.695,-0.01254,-0.01881,5.08,5.08,-0.00962,0.00335,3.52,3.91,3.84,3.5
453,7.55,3.772,22.146,0.008,0.4911,0.09,-1.6,0.03,3.653,-0.01229,-0.01746,4.91,4.91,-0.00952,0.0035,3.51,3.75,3.75,3.6
454,7.5667,3.779,22.155,0.008,0.4904,0.1,-1.69,0.03,3.303,-0.0125,-0.01581,4.86,4.86,-0.00967,0.00344,3.78,3.15,2.58,3.7
455,7.5833,3.786,22.163,0.008,0.491,0.16,-1.63,0.03,3.464,-0.01309,-0.00982,4.61,4.61,-0.00986,0.00304,3.69,2.87,3.39,3.91
456,7.6,3.793,22.172,0.008,0.4916,0.13,-1.59,0.03,3.477,-0.01115,-0.00425,3.64,3.64,-0.00887,0.00399,3.47,3.42,3.6,3.42
457,7.6167,3.801,22.181,0.008,0.4917,0.12,-1.54,0.03,2.735,-0.01017,0.00049,3.02,3.02,-0.00831,0.00441,3.35,0.82,3.54,3.24
458,7.6333,3.808,22.19,0.007,0.4923,0.17,-1.3,0.04,5.474,-0.01019,0.00397,2.78,2.78,-0.00834,0.00443,11.65,3.09,2.89,4.27
459,7.65,3.815,22.198,0.007,0.494,0.13,-1.16,0.1,3.573,-0.00826,0.00789,1.92,1.92,-0.00591,0.00392,3.66,3.52,3.46,3.66
460,7.6667,3.822,22.207,0.008,0.4953,0.16,-1.07,0.13,3.516,-0.01057,0.00872,2.56,2.56,-0.00655,0.00225,3.71,3.54,3.47,3.34
461,7.6833,3.829,22.216,0.008,0.496,0.17,-0.96,0.13,3.585,-0.01175,0.00844,2.94,2.94,-0.00716,0.00168,3.72,3.57,3.49,3.56
462,7.7,3.837,22.226,0.008,0.4968,0.17,-0.88,0.13,3.588,-0.01164,0.00892,2.87,2.87,-0.00709,0.00172,3.59,3.64,3.43,3.69
463,7.7167,3.844,22.235,0.008,0.4972,0.16,-0.81,0.13,3.701,-0.01123,0.00777,2.82,2.82,-0.00686,0.0019,3.68,3.72,3.72,3.69
464,7.7333,3.851,22.245,0.008,0.497,0.16,-0.75,0.13,3.717,-0.01022,0.00677,2.59,2.59,-0.00634,0.00239,3.63,3.75,3.72,3.77
465,7.75,3.858,22.254,0.008,0.4973,0.11,-0.79,0.13,3.872,-0.00816,0.00805,1.88,1.88,-0.00525,0.00336,3.82,4.04,3.85,3.78
466,7.7667,3.866,22.263,0.008,0.497,0.07,-0.84,0.12,3.632,-0.00745,0.00792,1.68,1.68,-0.00505,0.00387,3.75,3.8,3.46,3.52
467,7.7833,3.873,22.272,0.008,0.4972,0.04,-0.9,0.12,3.791,-0.00499,0.01271,0.61,0.0,-0.00397,0.00525,3.83,3.75,3.77,3.82
468,7.8,3.88,22.28,0.007,0.4971,0.13,-0.87,0.12,3.649,-0.00676,0.01633,0.88,0.88,-0.00473,0.00424,3.6,3.6,3.82,3.57
469,7.8167,3.887,22.289,0.007,0.4974,0.12,-0.81,0.11,3.663,-0.00449,0.02172,-0.17,0.0,-0.00345,0.00523,3.65,3.62,3.83,3.56
470,7.8333,3.894,22.299,0.007,0.4972,0.11,-0.74,0.12,1.831,-0.00344,0.02713,-0.87,0.0,-0.00282,0.00565,3.2,3.18,-3.31,4.25
471,7.85,3.902,22.307,0.007,0.4988,0.1,-0.98,0.11,4.118,-0.00267,0.03164,-1.41,-1.41,-0.00293,0.00653,4.14,3.96,4.24,4.14
472,7.8667,3.909,22.314,0.007,0.4997,0.08,-1.22,0.11,3.782,-0.00264,0.03352,-1.55,-1.55,-0.00308,0.00671,3.89,3.63,3.85,3.76
473,7.8833,3.916,22.322,0.007,0.5002,0.07,-1.45,0.11,3.574,-0.00293,0.03415,-1.51,-1.51,-0.0031,0.00644,3.75,3.15,3.78,3.62
474,7.9,3.923,22.329,0.008,0.5012,0.19,-1.53,0.11,3.263,-0.00819,0.02675,0.59,0.59,-0.00561,0.00368,3.71,3.03,3.09,3.22
475,7.9167,3.931,22.337,0.008,0.5022,0.15,-1.52,0.12,3.615,-0.0081,0.02216,0.88,0.88,-0.00546,0.00363,3.91,3.53,3.54,3.49
476,7.9333,3.938,22.346,0.008,0.5029,0.12,-1.53,0.11,4.274,-0.00879,0.01507,1.58,1.58,-0.00573,0.00321,5.25,3.77,3.67,4.4
477,7.95,3.945,22.355,0.008,0.5036,0.12,-1.59,0.11,3.87,-0.00893,0.00761,2.15,2.15,-0.00565,0.00298,3.9,3.88,3.8,3.89
478,7.9667,3.952,22.364,0.008,0.5037,0.11,-1.66,0.11,3.828,-0.00856,0.00064,2.52,2.52,-0.00527,0.00299,3.83,3.87,3.81,3.81
479,7.9833,3.959,22.373,0.008,0.5032,0.1,-1.73,0.11,3.807,-0.00828,-0.00523,2.85,2.85,-0.00514,0.00313,3.67,3.91,3.87,3.79
480,8.0,3.967,22.381,0.008,0.5029,0.15,-1.81,0.11,3.23,-0.01021,-0.01209,3.91,3.91,-0.00611,0.00217,2.58,3.11,3.46,3.77
481,8.0167,3.974,22.39,0.008,0.5036,0.15,-1.72,0.11,3.554,-0.00902,-0.01149,3.51,3.51,-0.00551,0.00276,3.41,3.51,3.8,3.49
482,8.0333,3.981,22.399,0.008,0.5039,0.13,-1.65,0.11,3.711,-0.00796,-0.00996,3.08,3.08,-0.00492,0.00323,3.7,3.7,3.84,3.61
483,8.05,3.988,22.409,0.008,0.5035,0.12,-1.57,0.1,3.844,-0.00738,-0.00732,2.73,2.73,-0.00457,0.00346,3.79,4.03,3.85,3.7
484,8.0667,3.996,22.418,0.008,0.5035,0.1,-1.61,0.09,4.239,-0.00621,-0.00363,2.12,2.12,-0.00398,0.00404,4.33,4.47,4.15,4.01
485,8.0833,4.003,22.427,0.008,0.5032,0.09,-1.73,0.09,3.951,-0.00749,-0.0021,2.39,2.39,-0.00475,0.00353,3.95,3.87,3.88,4.1
486,8.1,4.01,22.436,0.009,0.503,0.2,-1.75,0.09,3.481,-0.01262,-0.00632,4.23,4.23,-0.0074,0.00105,2.94,3.67,3.7,3.61
487,8.1167,4.017,22.445,0.009,0.5029,0.24,-1.69,0.08,3.724,-0.01433,-0.00979,4.98,4.98,-0.00823,0.00017,3.31,4.06,3.49,4.04
488,8.1333,4.024,22.454,0.009,0.5034,0.17,-1.65,0.08,3.663,-0.01148,-0.01115,4.23,4.23,-0.0068,0.00159,3.56,3.64,3.81,3.64
489,8.15,4.032,22.464,0.009,0.5035,0.14,-1.62,0.07,4.233,-0.01051,-0.01244,4.02,4.02,-0.00638,0.00214,4.21,4.29,4.59,3.84
490,8.1667,4.039,22.473,0.009,0.5037,0.12,-1.67,0.07,3.941,-0.01152,-0.01519,4.52,4.52,-0.00682,0.00158,3.83,3.98,3.97,3.99
491,8.1833,4.046,22.483,0.009,0.5032,0.1,-1.74,0.07,4.133,-0.01221,-0.01954,5.03,5.03,-0.00729,0.00136,4.29,4.11,3.87,4.27
492,8.2,4.053,22.492,0.01,0.5032,0.21,-1.75,0.07,3.661,-0.01749,-0.02748,7.17,7.17,-0.01007,-0.00115,3.45,3.66,3.73,3.8
493,8.2167,4.061,22.501,0.009,0.5036,0.19,-1.71,0.05,3.522,-0.0155,-0.02714,6.55,6.55,-0.00867,-0.00056,3.73,3.07,3.77,3.52
494,8.2333,4.068,22.51,0.009,0.5039,0.15,-1.66,0.05,3.701,-0.01363,-0.02317,5.71,5.71,-0.0077,0.00034,3.72,3.69,3.79,3.61
495,8.25,4.075,22.52,0.009,0.5036,0.14,-1.58,0.04,3.409,-0.01275,-0.0217,5.35,5.35,-0.00723,0.00075,3.89,3.05,2.75,3.94
496,8.2667,4.082,22.529,0.009,0.5038,0.09,-1.62,0.04,4.016,-0.01071,-0.01931,4.57,4.57,-0.0062,0.00175,3.99,4.16,4.06,3.86
497,8.2833,4.089,22.539,0.009,0.5033,0.1,-1.72,0.03,3.749,-0.01138,-0.01685,4.59,4.59,-0.00664,0.00152,3.92,3.88,3.07,4.13
498,8.3,4.097,22.548,0.009,0.5032,0.19,-1.75,0.03,3.714,-0.01524,-0.01795,5.83,5.83,-0.00846,-0.00051,3.69,3.68,3.72,3.77
499,8.3167,4.104,22.557,0.009,0.5034,0.21,-1.71,0.02,4.325,-0.01427,-0.01249,5.16,5.16,-0.00758,-0.00042,3.95,5.68,3.81,3.86
500,8.3333,4.111,22.566,0.009,0.5039,0.15,-1.67,0.02,3.64,-0.01059,-0.00594,3.59,3.59,-0.00566,0.00134,3.45,3.56,3.91,3.63
501,8.35,4.118,22.576,0.009,0.5037,0.13,-1.6,0.02,4.651,-0.00953,-0.00101,2.93,2.93,-0.0051,0.00184,6.33,3.41,3.58,5.28
502,8.3667,4.126,22.586,0.009,0.5039,0.09,-1.63,0.03,4.054,-0.00796,0.00404,2.1,2.1,-0.00392,0.00223,3.96,4.14,4.1,4.01
503,8.3833,4.133,22.595,0.009,0.5033,0.09,-1.7,0.04,4.079,-0.00801,0.00634,1.96,1.96,-0.00391,0.00217,4.01,4.09,4.1,4.11
504,8.4,4.14,22.605,0.009,0.5029,0.12,-1.82,0.04,3.714,-0.00844,0.00861,1.93,1.93,-0.00424,0.00207,3.55,3.9,3.82,3.59
505,8.4167,4.147,22.614,0.009,0.5036,0.15,-1.72,0.04,3.846,-0.00753,0.0155,1.18,1.18,-0.0037,0.00243,3.66,3.95,3.99,3.77
506,8.4333,4.154,22.624,0.008,0.5039,0.13,-1.65,0.05,3.966,-0.00538,0.02278,0.02,0.02,-0.00255,0.00343,3.93,3.96,4.11,3.86
507,8.45,4.162,22.634,0.008,0.5036,0.1,-1.58,0.05,4.752,-0.00459,0.02622,-0.46,0.0,-0.00217,0.00385,5.41,4.19,4.06,5.35
508,8.4667,4.169,22.643,0.008,0.5036,0.08,-1.64,0.05,4.218,-0.00272,0.03008,-1.29,-1.29,-0.00088,0.00443,4.14,4.34,4.26,4.12
509,8.4833,4.176,22.653,0.009,0.5029,0.07,-1.71,0.05,4.553,-0.00355,0.03101,-1.11,-1.11,-0.00146,0.00418,5.01,4.16,4.2,4.84
510,8.5,4.183,22.662,0.009,0.5025,0.16,-1.78,0.04,4.046,-0.00697,0.02836,0.1,0.1,-0.00356,0.00287,4.33,4.52,3.52,3.81
511,8.5167,4.191,22.672,0.008,0.5031,0.16,-1.71,0.03,3.8,-0.00485,0.02865,-0.55,0.0,-0.00263,0.00405,4.2,3.83,3.55,3.63
512,8.5333,4.198,22.681,0.008,0.5043,0.1,-1.54,0.01,3.747,-0.00192,0.03099,-1.59,-1.59,-0.00084,0.0052,2.88,4.27,4.1,3.74
513,8.55,4.205,22.691,0.008,0.506,0.09,-1.34,0.05,3.633,-0.00124,0.03153,-1.84,-1.84,0.00015,0.00488,4.08,3.81,3.37,3.26
514,8.5667,4.212,22.701,0.008,0.5075,0.09,-1.19,0.05,3.906,-0.00293,0.02946,-1.18,0.0,-0.00074,0.00409,4.1,3.95,3.56,4.02
515,8.5833,4.219,22.711,0.009,0.5085,0.1,-1.03,0.05,5.396,-0.00363,0.02499,-0.66,0.0,-0.00124,0.00388,3.91,5.31,8.27,4.09
516,8.6,4.227,22.722,0.009,0.5096,0.12,-0.98,0.04,4.022,-0.004,0.02152,-0.3,0.0,-0.00117,0.00344,4.05,4.02,4.14,3.88
517,8.6167,4.234,22.732,0.008,0.5099,0.16,-0.88,0.05,4.159,-0.00452,0.02145,-0.15,0.0,-0.00151,0.00326,4.01,4.12,4.21,4.29
518,8.6333,4.241,22.742,0.009,0.5099,0.13,-0.8,0.06,4.097,-0.0041,0.01965,-0.15,0.0,-0.00135,0.00353,4.12,4.0,4.22,4.05
519,8.65,4.248,22.753,0.009,0.5101,0.08,-0.8,0.05,4.266,-0.004,0.01515,0.14,0.0,-0.00138,0.00365,4.26,4.25,4.32,4.23
520,8.6667,4.256,22.763,0.009,0.5098,0.06,-0.85,0.05,4.375,-0.00521,0.00924,0.92,0.92,-0.00204,0.0031,5.02,4.83,3.36,4.3
521,8.6833,4.263,22.772,0.009,0.5093,0.08,-1.01,0.07,4.316,-0.00652,0.00444,1.64,1.64,-0.00314,0.00289,4.17,5.06,4.04,4.0
522,8.7,4.27,22.782,0.009,0.5092,0.22,-0.93,0.07,4.038,-0.01101,-0.00369,3.56,3.56,-0.00539,0.00065,3.91,3.79,4.15,4.3
523,8.7167,4.277,22.791,0.009,0.5098,0.17,-0.86,0.07,3.852,-0.00763,-0.00698,2.78,2.78,-0.00363,0.00227,3.61,3.82,4.14,3.84
524,8.7333,4.284,22.801,0.009,0.5109,0.17,-0.91,0.08,4.666,-0.00794,-0.00966,3.06,3.06,-0.0038,0.00213,5.12,4.47,4.87,4.19
525,8.75,4.292,22.809,0.009,0.5127,0.17,-1.14,0.08,4.191,-0.00732,-0.01182,3.02,3.02,-0.00349,0.00243,4.39,4.07,4.17,4.13
526,8.7667,4.299,22.818,0.009,0.5137,0.13,-1.38,0.08,4.183,-0.00635,-0.01281,2.8,2.8,-0.00321,0.00314,4.29,4.17,4.19,4.09
527,8.7833,4.306,22.826,0.009,0.5142,0.09,-1.63,0.08,4.132,-0.00626,-0.01235,2.74,2.74,-0.00305,0.00306,4.19,4.05,4.19,4.1
528,8.8,4.313,22.835,0.009,0.5148,0.16,-1.65,0.07,3.696,-0.00832,-0.01273,3.39,3.39,-0.004,0.00195,3.44,3.54,4.23,3.57
529,8.8167,4.321,22.844,0.009,0.5159,0.15,-1.64,0.07,4.657,-0.0069,-0.00697,2.56,2.56,-0.0032,0.00257,3.91,3.75,7.25,3.73
530,8.8333,4.328,22.853,0.009,0.5167,0.13,-1.69,0.06,4.246,-0.00592,-0.00437,2.08,2.08,-0.0023,0.00266,4.62,4.23,3.92,4.22
531,8.85,4.335,22.863,0.009,0.5168,0.11,-1.72,0.05,4.212,-0.005,-0.00082,1.56,1.56,-0.00183,0.0031,4.26,4.23,4.0,4.36
532,8.8667,4.342,22.873,0.009,0.5166,0.11,-1.82,0.05,4.395,-0.00601,0.00063,1.76,1.76,-0.00253,0.00279,4.39,4.45,4.29,4.46
533,8.8833,4.349,22.882,0.009,0.516,0.2,-1.84,0.05,4.03,-0.01099,-0.00422,3.59,3.59,-0.00491,0.00019,3.68,3.77,4.28,4.39
534,8.9,4.357,22.892,0.009,0.5162,0.28,-1.78,0.04,3.968,-0.01178,-0.00939,4.19,4.19,-0.00489,-0.00062,3.79,4.19,4.12,3.77
535,8.9167,4.364,22.902,0.009,0.5166,0.19,-1.75,0.04,4.52,-0.00754,-0.00746,2.78,2.78,-0.00268,0.00142,5.75,4.2,4.2,3.94
536,8.9333,4.371,22.912,0.009,0.5171,0.16,-1.76,0.03,4.233,-0.00838,-0.00808,3.08,3.08,-0.00316,0.00105,4.26,4.22,4.21,4.25
537,8.95,4.378,22.922,0.009,0.5168,0.13,-1.77,0.03,3.75,-0.00887,-0.01015,3.37,3.37,-0.00346,0.00086,3.77,4.19,3.17,3.87
538,8.9667,4.386,22.933,0.01,0.5165,0.13,-1.86,0.05,3.999,-0.0091,-0.01314,3.65,3.65,-0.00399,0.00116,4.06,4.33,4.18,3.42
539,8.9833,4.393,22.943,0.01,0.5161,0.29,-1.77,0.05,5.41,-0.01458,-0.02039,5.8,5.8,-0.00665,-0.00166,3.77,7.12,6.51,4.24
540,9.0,4.4,22.953,0.009,0.5168,0.2,-1.75,0.03,4.075,-0.00998,-0.0169,4.18,4.18,-0.00388,0.00017,3.65,4.5,4.18,3.97
541,9.0167,4.407,22.963,0.01,0.5168,0.13,-1.71,0.03,4.908,-0.00874,-0.01174,3.44,3.44,-0.00328,0.00081,5.67,4.53,4.32,5.11
542,9.0333,4.414,22.973,0.01,0.5171,0.13,-1.74,0.04,4.302,-0.00909,-0.01193,3.56,3.56,-0.00332,0.0005,4.28,4.34,4.32,4.26
543,9.05,4.422,22.983,0.01,0.5167,0.12,-1.79,0.04,4.526,-0.009,-0.01114,3.48,3.48,-0.00361,0.00088,4.73,4.36,4.25,4.77
544,9.0667,4.429,22.993,0.01,0.5162,0.18,-1.84,0.04,3.779,-0.01201,-0.01303,4.51,4.51,-0.00501,-0.00073,3.85,3.73,4.33,3.21
545,9.0833,4.436,23.003,0.009,0.5164,0.27,-1.77,0.01,3.994,-0.01231,-0.01477,4.73,4.73,-0.00474,-0.0013,3.94,4.24,4.16,3.63
546,9.1,4.443,23.013,0.009,0.5168,0.18,-1.74,-0.02,3.838,-0.00818,-0.00642,2.9,2.9,-0.0019,-1e-05,3.47,4.13,3.68,4.07
547,9.1167,4.451,23.023,0.009,0.5171,0.14,-1.74,-0.02,4.312,-0.00749,-0.00309,2.46,2.46,-0.00143,0.00021,4.29,4.28,4.13,4.55
548,9.1333,4.458,23.034,0.01,0.5169,0.12,-1.75,-0.01,4.355,-0.0072,-0.00114,2.24,2.24,-0.00111,0.00018,4.33,4.33,4.33,4.44
549,9.15,4.465,23.044,0.01,0.5165,0.13,-1.81,-0.01,4.552,-0.00839,-0.00027,2.53,2.53,-0.00186,-0.00025,4.51,4.5,4.49,4.72
550,9.1667,4.472,23.054,0.01,0.5159,0.19,-1.87,-0.01,3.809,-0.01271,-0.00406,4.1,4.1,-0.00379,-0.00265,3.27,3.58,4.35,4.03
551,9.1833,4.479,23.064,0.01,0.5166,0.17,-1.79,-0.02,3.989,-0.01135,-0.0029,3.61,3.61,-0.00285,-0.00223,3.91,3.74,4.3,4.01
552,9.2,4.487,23.074,0.01,0.5167,0.15,-1.7,-0.01,3.537,-0.01064,-0.00083,3.25,3.25,-0.00243,-0.00194,5.26,4.1,0.47,4.32
553,9.2167,4.494,23.085,0.01,0.5168,0.12,-1.71,-0.01,4.392,-0.00996,-0.00257,3.17,3.17,-0.00201,-0.00168,4.19,4.54,4.45,4.39
554,9.2333,4.501,23.096,0.01,0.5163,0.09,-1.74,-0.01,4.467,-0.00922,-0.00403,3.05,3.05,-0.00149,-0.00146,5.14,2.99,4.95,4.79
555,9.25,4.508,23.106,0.01,0.5162,0.07,-1.91,0.0,4.469,-0.00789,-0.00425,2.66,2.66,-0.00131,-0.00031,4.38,5.23,4.24,4.02
556,9.2667,4.516,23.116,0.01,0.5162,0.24,-1.88,0.0,3.767,-0.01336,-0.00886,4.63,4.63,-0.00402,-0.00307,4.22,3.13,3.8,3.91
557,9.2833,4.523,23.126,0.01,0.5165,0.17,-1.77,0.01,4.55,-0.00862,-0.00359,2.84,2.84,-0.00155,-0.0008,4.36,4.7,4.63,4.51
558,9.3,4.53,23.137,0.01,0.5171,0.17,-1.78,0.01,4.392,-0.0086,-0.00033,2.6,2.6,-0.00142,-0.00091,4.39,4.47,4.31,4.4
559,9.3167,4.537,23.148,0.01,0.5167,0.14,-1.77,0.01,4.424,-0.00795,0.00248,2.21,2.21,-0.00092,-0.00075,4.39,4.55,4.39,4.37
560,9.3333,4.544,23.158,0.01,0.517,0.1,-1.79,0.04,4.438,-0.00658,0.00566,1.58,1.58,-0.00093,0.00062,4.36,4.43,4.45,4.52
561,9.35,4.552,23.169,0.01,0.5171,0.05,-1.87,0.08,4.276,-0.00442,0.00992,0.63,0.0,-0.00014,0.002,4.81,4.02,4.46,3.82
562,9.3667,4.559,23.179,0.01,0.5169,0.21,-1.69,0.08,2.836,-0.00938,0.00719,2.31,2.31,-0.00254,-0.00057,3.34,3.36,1.11,3.54
563,9.3833,4.566,23.189,0.01,0.5192,0.2,-1.5,0.11,4.153,-0.00977,0.01002,2.23,2.23,-0.00265,-0.00085,4.38,4.2,3.72,4.31
564,9.4,4.573,23.2,0.01,0.5208,0.2,-1.32,0.12,4.364,-0.0104,0.00699,2.63,2.63,-0.0029,-0.00124,4.46,4.26,4.5,4.23
565,9.4167,4.581,23.211,0.01,0.5216,0.21,-1.15,0.12,4.552,-0.01165,0.00301,3.29,3.29,-0.00346,-0.00192,4.44,4.24,5.28,4.24
566,9.4333,4.588,23.223,0.011,0.5224,0.23,-1.03,0.12,4.296,-0.01374,-0.00331,4.35,4.35,-0.00453,-0.00294,4.33,4.43,4.23,4.21
567,9.45,4.595,23.234,0.01,0.523,0.23,-0.92,0.12,4.732,-0.01186,-0.00834,4.14,4.14,-0.00343,-0.00216,4.36,5.86,4.39,4.32
568,9.4667,4.602,23.245,0.011,0.5237,0.18,-0.91,0.12,4.534,-0.01082,-0.01393,4.22,4.22,-0.00279,-0.00176,4.5,4.53,4.54,4.57
569,9.4833,4.609,23.256,0.011,0.5237,0.14,-0.9,0.13,4.589,-0.01108,-0.014,4.3,4.3,-0.00273,-0.00208,4.41,4.62,4.67,4.66
570,9.5,4.617,23.267,0.011,0.5232,0.13,-0.91,0.13,4.255,-0.01029,-0.01285,3.99,3.99,-0.0023,-0.00172,4.84,2.88,4.46,4.84
571,9.5167,4.624,23.277,0.011,0.5229,0.14,-1.05,0.12,4.588,-0.01205,-0.01301,4.53,4.53,-0.00288,-0.0029,4.72,4.5,4.44,4.7
572,9.5333,4.631,23.288,0.011,0.523,0.18,-0.96,0.12,4.05,-0.01258,-0.0124,4.64,4.64,-0.003,-0.0033,3.83,3.89,4.45,4.03
573,9.55,4.638,23.298,0.011,0.5245,0.12,-0.97,0.11,4.663,-0.01002,-0.00709,3.5,3.5,-0.00214,-0.00161,4.57,4.34,5.27,4.47
574,9.5667,4.646,23.307,0.011,0.5264,0.13,-1.22,0.11,4.594,-0.01149,-0.00585,3.86,3.86,-0.0028,-0.00242,4.77,4.42,4.73,4.46
575,9.5833,4.653,23.316,0.011,0.5276,0.13,-1.45,0.11,4.624,-0.0106,-0.00492,3.53,3.53,-0.00236,-0.00197,4.2,4.69,5.04,4.56
576,9.6,4.66,23.325,0.011,0.5283,0.09,-1.69,0.11,3.926,-0.00841,-0.0016,2.64,2.64,-0.00147,-0.00067,4.31,3.07,4.38,3.93
577,9.6167,4.667,23.334,0.011,0.5292,0.25,-1.8,0.09,4.345,-0.01499,-0.00624,4.93,4.93,-0.0052,-0.00352,4.57,4.2,4.1,4.51
578,9.6333,4.674,23.344,0.011,0.5303,0.22,-1.84,0.09,4.078,-0.01201,-0.00544,3.98,3.98,-0.00367,-0.00206,4.39,4.05,3.92,3.95
579,9.65,4.682,23.354,0.011,0.5308,0.17,-1.84,0.09,4.29,-0.01003,-0.00217,3.16,3.16,-0.0026,-0.00116,4.43,4.34,4.16,4.23
580,9.6667,4.689,23.365,0.011,0.5308,0.16,-1.84,0.08,5.265,-0.00941,-0.00128,2.91,2.91,-0.00232,-0.00082,4.51,4.48,7.43,4.65
581,9.6833,4.696,23.376,0.011,0.5305,0.14,-1.92,0.1,4.583,-0.00792,0.00254,2.2,2.2,-0.00221,0.00056,4.55,4.55,4.56,4.67
582,9.7,4.703,23.387,0.011,0.5297,0.31,-1.89,0.1,3.984,-0.01377,-0.00102,4.2,4.2,-0.00501,-0.00249,4.01,4.21,4.54,3.18
583,9.7167,4.711,23.398,0.01,0.5303,0.24,-1.79,0.1,4.554,-0.00859,-0.00108,2.65,2.65,-0.00223,-9e-05,4.16,4.4,4.67,4.98
584,9.7333,4.718,23.409,0.011,0.5307,0.14,-1.81,0.1,4.645,-0.0065,0.00779,1.4,1.4,-0.00098,0.00076,4.64,4.51,4.77,4.66
585,9.75,4.725,23.419,0.011,0.5308,0.14,-1.83,0.12,4.334,-0.00668,0.01234,1.14,1.14,-0.0005,9e-05,3.58,4.81,4.48,4.46
586,9.7667,4.732,23.43,0.011,0.5307,0.12,-1.91,0.12,4.652,-0.00658,0.0144,0.97,0.97,-0.00069,0.00037,4.58,4.48,4.63,4.92
587,9.7833,4.739,23.441,0.011,0.5299,0.23,-1.9,0.12,4.573,-0.01042,0.01164,2.31,2.31,-0.00247,-0.00168,4.27,4.18,4.66,5.18
588,9.8,4.747,23.452,0.01,0.5302,0.26,-1.83,0.12,4.276,-0.00763,0.01053,1.55,1.55,-0.00108,-0.00028,4.04,3.96,4.6,4.51
589,9.8167,4.754,23.463,0.011,0.5309,0.17,-1.83,0.13,4.566,-0.0058,0.01747,0.52,0.52,5e-05,0.00042,4.5,4.58,4.6,4.58
590,9.8333,4.761,23.474,0.011,0.5309,0.14,-1.82,0.14,4.648,-0.00589,0.01815,0.49,0.49,0.00039,-0.0,4.71,4.62,4.55,4.71
591,9.85,4.768,23.485,0.011,0.5305,0.15,-1.84,0.14,5.059,-0.0073,0.01515,1.13,1.13,-0.00045,-0.00058,5.31,4.81,4.82,5.29
592,9.8667,4.776,23.496,0.012,0.5301,0.14,-1.99,0.15,4.795,-0.00875,0.01121,1.84,1.84,-0.00112,-0.00136,4.84,4.87,4.73,4.75
593,9.8833,4.783,23.506,0.012,0.5302,0.16,-1.91,0.16,4.174,-0.01071,0.00562,2.82,2.82,-0.0019,-0.00254,3.95,4.0,4.69,4.05
594,9.9,4.79,23.518,0.012,0.5303,0.15,-1.79,0.17,5.194,-0.01141,0.00393,3.15,3.15,-0.00207,-0.00307,5.46,5.04,4.69,5.58
595,9.9167,4.797,23.529,0.012,0.5308,0.15,-1.8,0.16,4.549,-0.01093,6e-05,3.28,3.28,-0.00209,-0.00257,4.44,4.87,4.43,4.45
596,9.9333,4.804,23.54,0.012,0.5303,0.14,-1.81,0.16,4.735,-0.0111,-0.0054,3.71,3.71,-0.00238,-0.00245,5.14,3.96,4.82,5.02
597,9.95,4.812,23.551,0.012,0.5299,0.11,-1.94,0.18,4.767,-0.00976,-0.00874,3.54,3.54,-0.0023,-0.0012,4.82,4.68,4.64,4.93
598,9.9667,4.819,23.562,0.012,0.5298,0.19,-1.93,0.19,3.956,-0.01157,-0.01209,4.32,4.32,-0.003,-0.0023,4.4,3.6,3.81,4.02
599,9.9833,4.826,23.573,0.012,0.5303,0.15,-1.84,0.18,4.586,-0.01056,-0.01251,4.04,4.04,-0.00235,-0.00194,4.85,4.66,4.46,4.37
600,10.0,4.833,23.585,0.013,0.5305,0.12,-1.84,0.18,4.621,-0.01081,-0.01111,4.02,4.02,-0.00235,-0.00219,4.64,4.77,4.59,4.48
601,10.0167,4.841,23.596,0.012,0.5304,0.13,-1.85,0.17,4.887,-0.01017,-0.00849,3.64,3.64,-0.00212,-0.00178,4.81,4.51,5.38,4.85
602,10.0333,4.848,23.607,0.012,0.531,0.07,-1.92,0.21,4.623,-0.00586,-0.00226,1.92,1.92,-0.00086,0.00127,4.48,4.66,4.7,4.65
603,10.05,4.855,23.618,0.012,0.5306,0.08,-1.93,0.22,3.916,-0.00559,0.00369,1.42,1.42,-0.00071,0.0014,3.17,4.08,4.77,3.64
604,10.0667,4.862,23.629,0.012,0.5303,0.14,-1.8,0.22,5.533,-0.00727,0.0058,1.78,1.78,-0.00153,0.00053,8.07,4.64,4.74,4.68
605,10.0833,4.869,23.641,0.012,0.531,0.14,-1.81,0.22,4.798,-0.00708,0.00973,1.44,1.44,-0.0016,0.00079,4.8,4.83,4.77,4.8
606,10.1,4.877,23.652,0.012,0.5306,0.16,-1.84,0.21,4.753,-0.00843,0.01075,1.78,1.78,-0.00232,0.00016,4.99,3.61,5.47,4.94
607,10.1167,4.884,23.663,0.012,0.5302,0.14,-1.97,0.24,4.874,-0.00672,0.01367,1.06,1.06,-0.00232,0.00188,4.89,4.75,4.79,5.07
608,10.1333,4.891,23.674,0.012,0.5306,0.09,-1.91,0.21,4.327,-0.00396,0.01841,-0.1,0.0,-0.0004,0.00271,3.59,4.13,4.85,4.74
609,10.15,4.898,23.685,0.012,0.5321,0.08,-1.62,0.22,4.63,-0.00462,0.01747,0.16,0.0,-0.00067,0.00232,4.76,3.69,4.83,5.24
610,10.1667,4.906,23.696,0.013,0.5338,0.09,-1.4,0.25,4.346,-0.00641,0.01453,0.91,0.91,-0.00101,0.00087,4.8,4.29,4.02,4.27
611,10.1833,4.913,23.707,0.013,0.5354,0.12,-1.26,0.25,4.586,-0.00837,0.01166,1.69,1.69,-0.0022,0.0001,4.58,3.98,4.87,4.92
612,10.2,4.92,23.719,0.013,0.5365,0.14,-1.16,0.25,4.681,-0.00903,0.00826,2.13,2.13,-0.00262,-0.00014,4.52,4.65,4.86,4.69
613,10.2167,4.927,23.731,0.013,0.5371,0.14,-1.04,0.24,4.511,-0.00868,0.00701,2.11,2.11,-0.00243,1e-05,4.32,4.26,4.86,4.6
614,10.2333,4.934,23.743,0.013,0.5374,0.14,-0.91,0.23,5.326,-0.00765,0.00521,1.93,1.93,-0.0021,0.00073,5.09,5.8,5.2,5.21
615,10.25,4.942,23.755,0.013,0.5379,0.16,-0.9,0.2,4.881,-0.00696,0.0015,1.98,1.98,-0.00221,0.00153,4.86,4.81,5.02,4.83
616,10.2667,4.949,23.766,0.013,0.5377,0.17,-0.95,0.2,4.923,-0.00719,-0.00131,2.25,2.25,-0.00252,0.00161,4.98,4.87,4.86,4.98
617,10.2833,4.956,23.778,0.013,0.5371,0.17,-1.06,0.2,4.954,-0.00642,-0.00116,2.01,2.01,-0.00244,0.00229,4.94,4.95,4.87,5.06
618,10.3,4.963,23.789,0.013,0.5372,0.28,-1.01,0.2,4.672,-0.01024,-0.00295,3.28,3.28,-0.00423,0.00026,4.85,4.63,4.65,4.56
619,10.3167,4.971,23.8,0.013,0.5393,0.14,-1.12,0.16,4.981,-0.00647,4e-05,1.94,1.94,-0.0031,0.0029,4.94,4.88,5.26,4.85
620,10.3333,4.978,23.81,0.014,0.5413,0.11,-1.33,0.15,4.986,-0.00892,-0.00021,2.69,2.69,-0.00431,0.00166,5.18,4.77,5.09,4.91
621,10.35,4.985,23.82,0.014,0.5424,0.14,-1.57,0.13,4.814,-0.01186,-0.00452,3.87,3.87,-0.00597,0.00038,4.87,4.72,4.8,4.87
622,10.3667,4.992,23.829,0.014,0.5428,0.18,-1.82,0.11,4.581,-0.01388,-0.01109,4.94,4.94,-0.00721,-0.0004,4.79,4.09,4.66,4.79
623,10.3833,4.999,23.839,0.014,0.5441,0.23,-1.89,0.11,4.272,-0.01622,-0.01905,6.2,6.2,-0.00842,-0.00152,4.72,4.16,4.08,4.14
624,10.4,5.007,23.85,0.015,0.5449,0.16,-1.89,0.1,4.47,-0.01545,-0.02605,6.46,6.46,-0.00797,-0.00122,4.66,4.39,4.34,4.48
625,10.4167,5.014,23.862,0.015,0.5454,0.18,-1.9,0.11,4.698,-0.01699,-0.02988,7.19,7.19,-0.00834,-0.00239,4.67,4.69,4.53,4.9
626,10.4333,5.021,23.873,0.015,0.5451,0.2,-1.9,0.1,4.792,-0.01647,-0.03658,7.5,7.5,-0.00799,-0.0022,4.8,5.12,4.43,4.82
627,10.45,5.028,23.885,0.014,0.5446,0.2,-2.01,0.11,4.809,-0.01299,-0.03637,6.44,6.44,-0.00637,-0.00035,4.87,4.73,4.7,4.93
628,10.4667,5.036,23.896,0.014,0.5444,0.22,-1.94,0.1,3.981,-0.01201,-0.03217,5.86,5.86,-0.0058,6e-05,3.61,4.27,3.47,4.58
629,10.4833,5.043,23.908,0.014,0.5452,0.17,-1.91,0.1,5.253,-0.01119,-0.02554,5.15,5.15,-0.00546,0.00054,4.95,4.76,4.85,6.45
630,10.5,5.05,23.92,0.014,0.5454,0.16,-1.89,0.11,4.836,-0.01212,-0.01826,4.91,4.91,-0.00548,-0.00037,4.78,4.72,4.81,5.04
631,10.5167,5.057,23.931,0.014,0.5452,0.2,-1.92,0.1,5.023,-0.01313,-0.01368,4.9,4.9,-0.00587,-0.00099,5.19,4.93,4.86,5.12
632,10.5333,5.064,23.943,0.014,0.5443,0.22,-2.0,0.1,4.916,-0.01345,-0.00839,4.62,4.62,-0.00573,-0.00145,5.06,4.68,4.86,5.06
633,10.55,5.072,23.954,0.014,0.5444,0.1,-1.96,0.09,4.18,-0.00954,-0.00027,2.88,2.88,-0.0035,0.00022,3.57,3.52,4.82,4.82
634,10.5667,5.079,23.966,0.014,0.5449,0.1,-1.83,0.15,4.867,-0.01015,0.00268,2.86,2.86,-0.00236,-0.00153,4.99,4.62,4.88,4.97
635,10.5833,5.086,23.978,0.014,0.5451,0.15,-1.84,0.18,5.049,-0.01111,0.00329,3.1,3.1,-0.00231,-0.00253,4.95,5.34,4.93,4.97
636,10.6,5.093,23.99,0.014,0.545,0.2,-1.94,0.14,5.075,-0.01054,0.00357,2.91,2.91,-0.00244,-0.00183,4.91,5.51,4.87,5.01
637,10.6167,5.101,24.002,0.014,0.5441,0.21,-2.05,0.12,5.052,-0.01002,0.0053,2.63,2.63,-0.00287,-0.00088,4.95,5.19,5.05,5.01
638,10.6333,5.108,24.013,0.014,0.5441,0.14,-1.95,0.11,5.255,-0.00882,0.00909,2.01,2.01,-0.00264,9e-05,6.26,5.88,4.73,4.16
639,10.65,5.115,24.025,0.014,0.5452,0.18,-1.93,0.1,4.918,-0.01266,0.00881,3.18,3.18,-0.00464,-0.00175,5.01,4.88,4.72,5.06
640,10.6667,5.122,24.037,0.014,0.5452,0.21,-1.91,0.1,4.925,-0.01355,0.00364,3.81,3.81,-0.00499,-0.00229,4.95,5.08,4.86,4.81
641,10.6833,5.129,24.049,0.014,0.5453,0.19,-1.91,0.1,4.914,-0.00969,0.00368,2.65,2.65,-0.00316,-0.00026,4.9,4.92,4.98,4.86
642,10.7,5.137,24.061,0.013,0.5448,0.15,-1.91,0.13,4.499,-0.0068,0.00767,1.5,1.5,-0.00223,0.0017,3.0,5.04,5.02,4.93
643,10.7167,5.144,24.073,0.014,0.5445,0.1,-1.87,0.14,5.598,-0.00528,0.01216,0.73,0.73,-0.00126,0.00225,5.19,6.09,5.95,5.16
644,10.7333,5.151,24.085,0.014,0.5454,0.16,-1.9,0.14,5.093,-0.00781,0.01297,1.44,1.44,-0.00238,0.00084,5.13,5.08,5.16,5.0
645,10.75,5.158,24.097,0.014,0.5452,0.19,-1.92,0.13,5.205,-0.00925,0.01097,2.01,2.01,-0.00308,0.0001,5.57,4.97,5.08,5.2
646,10.7667,5.166,24.109,0.014,0.5444,0.2,-1.98,0.12,5.473,-0.00868,0.01375,1.64,1.64,-0.00266,0.00025,6.6,4.99,5.1,5.19
647,10.7833,5.173,24.121,0.014,0.5442,0.15,-1.96,0.12,4.161,-0.00575,0.02013,0.32,0.32,-0.00107,0.0016,3.31,4.08,5.13,4.13
648,10.8,5.18,24.132,0.014,0.5451,0.13,-1.89,0.13,5.013,-0.00822,0.01922,1.12,1.12,-0.00211,0.00016,5.13,4.91,4.86,5.15
649,10.8167,5.187,24.144,0.015,0.5453,0.15,-1.88,0.14,5.039,-0.01143,0.01215,2.58,2.58,-0.00371,-0.00145,4.12,5.17,5.74,5.12
650,10.8333,5.194,24.156,0.015,0.5451,0.21,-1.93,0.13,5.073,-0.01363,0.00211,3.94,3.94,-0.00469,-0.00266,5.09,4.97,5.09,5.14
651,10.85,5.202,24.168,0.015,0.5439,0.25,-1.98,0.12,4.789,-0.01387,-0.00437,4.47,4.47,-0.00448,-0.00311,4.85,4.52,4.87,4.91
652,10.8667,5.209,24.18,0.015,0.5454,0.18,-1.7,0.12,6.067,-0.0113,-0.00596,3.81,3.81,-0.00302,-0.00201,14.8,4.15,1.33,3.99
653,10.8833,5.216,24.191,0.015,0.5482,0.16,-1.5,0.13,4.788,-0.01059,-0.00721,3.68,3.68,-0.00222,-0.0021,4.91,4.83,4.39,5.02
654,10.9,5.223,24.204,0.015,0.5499,0.21,-1.33,0.14,4.722,-0.01165,-0.01241,4.36,4.36,-0.00263,-0.00275,5.02,4.7,4.48,4.69
655,10.9167,5.231,24.216,0.015,0.5509,0.23,-1.17,0.14,4.942,-0.01092,-0.0137,4.24,4.24,-0.00225,-0.00241,4.83,5.0,5.07,4.87
656,10.9333,5.238,24.229,0.014,0.5511,0.24,-1.03,0.13,4.826,-0.00931,-0.00988,3.48,3.48,-0.00142,-0.00162,4.46,4.62,4.98,5.25
657,10.95,5.245,24.242,0.014,0.5523,0.18,-0.97,0.12,5.18,-0.00737,-0.00225,2.37,2.37,-0.0005,-0.00059,5.21,5.23,5.21,5.07
658,10.9667,5.252,24.254,0.014,0.5527,0.18,-0.98,0.12,5.17,-0.00857,0.00346,2.33,2.33,-0.00111,-0.0012,5.13,5.02,5.39,5.14
659,10.9833,5.259,24.267,0.015,0.5524,0.22,-0.98,0.11,5.222,-0.00962,0.00477,2.55,2.55,-0.00173,-0.00163,5.14,5.4,5.22,5.13
660,11.0,5.267,24.279,0.014,0.5513,0.28,-1.02,0.1,5.341,-0.00961,0.00521,2.52,2.52,-0.00166,-0.00168,5.48,5.33,5.27,5.29
661,11.0167,5.274,24.291,0.014,0.5519,0.17,-0.97,0.08,6.353,-0.00542,0.01099,0.86,0.86,6e-05,0.00079,4.88,6.84,6.14,7.56
662,11.0333,5.281,24.302,0.015,0.5547,0.14,-1.21,-0.0,5.21,-0.00793,0.01275,1.48,1.48,-0.00277,0.00111,5.23,5.08,5.28,5.25
663,11.05,5.288,24.312,0.015,0.5566,0.13,-1.44,-0.02,5.016,-0.0102,0.01031,2.34,2.34,-0.00405,0.00012,5.06,4.69,5.1,5.22
664,11.0667,5.296,24.322,0.015,0.5579,0.18,-1.68,-0.03,5.121,-0.01152,0.0048,3.12,3.12,-0.00456,-0.00068,5.2,5.04,5.06,5.18
665,11.0833,5.303,24.333,0.015,0.5582,0.26,-1.96,-0.04,4.468,-0.01267,1e-05,3.8,3.8,-0.00519,-0.00121,4.9,4.69,4.75,3.54
666,11.1,5.31,24.343,0.015,0.5593,0.18,-1.96,-0.03,4.61,-0.00982,-0.00019,2.96,2.96,-0.00363,8e-05,5.04,4.55,4.38,4.46
667,11.1167,5.317,24.355,0.015,0.5602,0.16,-1.97,-0.03,4.988,-0.01089,-0.00149,3.37,3.37,-0.00417,-0.00045,5.13,4.96,4.76,5.1
668,11.1333,5.324,24.367,0.016,0.5604,0.19,-1.98,-0.04,5.136,-0.01227,-0.00836,4.27,4.27,-0.00497,-0.00103,5.33,5.16,4.92,5.13
669,11.15,5.332,24.38,0.015,0.5598,0.26,-2.0,-0.04,5.102,-0.01168,-0.01122,4.29,4.29,-0.00458,-0.00083,5.11,5.1,5.01,5.18
670,11.1667,5.339,24.392,0.015,0.5592,0.23,-1.96,-0.05,4.87,-0.00798,-0.00759,2.92,2.92,-0.00238,0.00067,4.62,5.12,5.07,4.66
671,11.1833,5.346,24.404,0.015,0.5591,0.07,-1.92,-0.06,5.528,-0.00443,0.00062,1.28,0.0,-0.00063,0.00248,6.09,5.35,5.34,5.33
672,11.2,5.353,24.416,0.016,0.5601,0.13,-1.94,-0.06,5.706,-0.00958,0.00372,2.61,2.61,-0.00336,5e-05,6.54,5.09,5.83,5.36
673,11.2167,5.361,24.429,0.015,0.5602,0.19,-1.96,-0.05,5.214,-0.01105,0.00201,3.18,3.18,-0.00369,-0.00109,5.23,5.19,5.18,5.26
674,11.2333,5.368,24.441,0.015,0.5598,0.25,-2.07,-0.07,5.391,-0.00936,0.00335,2.57,2.57,-0.00296,-0.00012,5.36,5.71,5.27,5.23
675,11.25,5.375,24.453,0.015,0.5586,0.07,-2.02,-0.12,3.775,-0.0036,0.01187,0.25,0.0,-0.00048,0.00315,5.29,4.0,1.35,4.46
676,11.2667,5.382,24.466,0.015,0.5597,0.09,-1.97,-0.12,5.388,-0.00808,0.01415,1.43,1.43,-0.00282,0.00101,5.45,5.38,5.39,5.33
677,11.2833,5.389,24.478,0.015,0.5603,0.14,-2.03,-0.13,5.237,-0.01065,0.0097,2.52,2.52,-0.00405,-0.00033,5.19,5.25,5.32,5.18
678,11.3,5.397,24.49,0.015,0.5603,0.14,-2.03,-0.12,5.169,-0.00741,0.00547,1.84,1.84,-0.00252,0.00138,5.12,5.35,5.35,4.86
679,11.3167,5.404,24.503,0.014,0.5596,0.08,-2.03,-0.11,4.929,-0.00266,0.01193,-0.04,0.0,-0.00036,0.00396,3.85,5.37,5.35,5.16
680,11.3333,5.411,24.515,0.015,0.5592,0.07,-1.94,-0.1,5.977,-0.0041,0.01765,-0.01,0.0,-0.00096,0.00313,6.43,5.13,6.63,5.71
681,11.35,5.418,24.528,0.015,0.5603,0.14,-1.97,-0.11,5.331,-0.00791,0.01703,1.18,1.18,-0.00295,0.00131,5.14,5.27,5.43,5.49
682,11.3667,5.426,24.54,0.015,0.5603,0.22,-2.0,-0.1,5.779,-0.00872,0.00972,1.93,1.93,-0.00317,0.00073,5.35,5.28,7.25,5.23
683,11.3833,5.433,24.553,0.014,0.5592,0.28,-2.02,-0.12,5.26,-0.00878,0.00783,2.09,2.09,-0.00302,0.00051,5.28,4.22,5.69,5.86
684,11.4,5.44,24.565,0.014,0.5589,0.12,-1.98,-0.13,4.537,-0.00131,0.0165,-0.76,0.0,0.00089,0.00407,4.72,2.88,4.97,5.58
685,11.4167,5.447,24.578,0.015,0.5601,0.09,-1.94,-0.13,5.535,-0.00462,0.01739,0.17,0.0,-0.00072,0.00237,5.75,5.98,4.99,5.41
686,11.4333,5.454,24.591,0.015,0.5604,0.17,-1.98,-0.18,5.622,-0.00907,0.00871,2.11,2.11,-0.00405,0.00124,5.22,4.92,7.69,4.66
687,11.45,5.462,24.603,0.015,0.5598,0.25,-2.0,-0.14,5.415,-0.01092,0.00064,3.23,3.23,-0.00359,-0.00106,5.14,5.11,6.03,5.38
688,11.4667,5.469,24.616,0.014,0.5591,0.22,-1.98,-0.17,4.942,-0.0079,0.00057,2.33,2.33,-0.00161,-2e-05,4.83,4.82,5.24,4.87
689,11.4833,5.476,24.628,0.015,0.5599,0.1,-2.0,-0.17,5.302,-0.00733,0.00193,2.06,2.06,-0.00165,0.00059,5.2,5.39,5.41,5.21
690,11.5,5.483,24.64,0.015,0.5603,0.17,-1.97,-0.18,5.08,-0.01158,-0.00118,3.56,3.56,-0.00393,-0.00138,5.7,5.11,3.72,5.79
691,11.5167,5.491,24.653,0.015,0.5601,0.23,-1.98,-0.18,5.416,-0.01237,-0.01242,4.58,4.58,-0.00409,-0.00201,5.47,4.48,6.65,5.06
692,11.5333,5.498,24.666,0.014,0.559,0.28,-2.01,-0.17,5.404,-0.01098,-0.01747,4.52,4.52,-0.00362,-0.00108,5.28,5.65,5.3,5.38
693,11.55,5.505,24.678,0.014,0.5612,0.28,-1.83,-0.15,4.725,-0.01051,-0.01686,4.33,4.33,-0.00297,-0.00127,5.29,4.89,3.92,4.81
694,11.5667,5.512,24.69,0.014,0.5638,0.27,-1.61,-0.14,5.041,-0.01138,-0.0153,4.48,4.48,-0.00318,-0.00193,5.31,4.9,5.0,4.96
695,11.5833,5.519,24.703,0.015,0.5655,0.26,-1.39,-0.14,5.062,-0.01222,-0.01791,4.92,4.92,-0.00356,-0.00239,5.29,4.92,5.05,4.99
696,11.6,5.527,24.717,0.015,0.5662,0.25,-1.17,-0.13,5.184,-0.01238,-0.02095,5.18,5.18,-0.0037,-0.0024,5.31,5.02,5.22,5.19
697,11.6167,5.534,24.731,0.015,0.5663,0.21,-0.97,-0.15,4.577,-0.01166,-0.01852,4.79,4.79,-0.00331,-0.00208,4.32,4.63,3.52,5.84
698,11.6333,5.541,24.744,0.015,0.5677,0.17,-0.99,-0.08,5.436,-0.01434,-0.01833,5.59,5.59,-0.00602,-0.00205,5.35,5.27,5.34,5.79
699,11.65,5.548,24.757,0.016,0.568,0.18,-1.0,-0.08,5.258,-0.01709,-0.02242,6.7,6.7,-0.00721,-0.00361,4.93,5.37,5.38,5.35
700,11.6667,5.556,24.77,0.016,0.5677,0.25,-1.02,-0.08,5.479,-0.01774,-0.02716,7.22,7.22,-0.00766,-0.00382,5.51,4.96,5.27,6.18
701,11.6833,5.563,24.783,0.015,0.5662,0.29,-1.03,-0.07,4.84,-0.01622,-0.02889,6.89,6.89,-0.00661,-0.00334,5.26,5.23,3.73,5.14
702,11.7,5.57,24.795,0.015,0.5681,0.17,-1.13,-0.09,5.769,-0.01338,-0.02661,5.88,5.88,-0.00493,-0.00217,6.16,5.49,6.25,5.17
703,11.7167,5.577,24.806,0.015,0.5709,0.17,-1.4,-0.1,5.346,-0.01337,-0.02444,5.72,5.72,-0.00503,-0.00207,5.35,5.08,5.9,5.06
704,11.7333,5.584,24.816,0.015,0.5727,0.21,-1.65,-0.11,5.233,-0.01385,-0.02376,5.82,5.82,-0.00545,-0.00213,5.31,5.05,5.23,5.35
705,11.75,5.592,24.827,0.015,0.5737,0.29,-1.9,-0.11,5.313,-0.0136,-0.02014,5.49,5.49,-0.00523,-0.0021,5.31,5.14,5.16,5.64
706,11.7667,5.599,24.839,0.014,0.5738,0.16,-1.98,-0.16,5.044,-0.00856,-0.00895,3.19,3.19,-0.0026,0.00031,-0.32,7.39,8.73,4.37
707,11.7833,5.606,24.85,0.015,0.5751,0.07,-2.07,-0.16,4.77,-0.01026,-0.00018,3.09,3.09,-0.00344,-0.00055,4.49,4.66,5.53,4.4
708,11.8,5.613,24.862,0.015,0.5758,0.18,-2.06,-0.16,5.224,-0.01537,0.00072,4.56,4.56,-0.00609,-0.00301,5.09,5.12,5.49,5.2
709,11.8167,5.621,24.875,0.015,0.5759,0.23,-2.09,-0.17,5.974,-0.01445,-0.00046,4.37,4.37,-0.00556,-0.00262,5.36,6.14,5.75,6.65
710,11.8333,5.628,24.888,0.014,0.5753,0.31,-2.22,-0.16,5.356,-0.01349,-0.00053,4.08,4.08,-0.00466,-0.00256,5.39,5.11,5.52,5.4
711,11.85,5.635,24.901,0.014,0.5744,0.09,-2.13,-0.17,6.011,-0.00491,0.00873,0.86,1.08,-0.00051,0.00187,7.34,5.35,5.78,5.57
712,11.8667,5.642,24.914,0.015,0.5757,0.14,-2.12,-0.15,5.476,-0.01113,0.01022,2.62,2.62,-0.00367,-0.0012,5.5,5.42,5.55,5.43
713,11.8833,5.649,24.927,0.015,0.5758,0.23,-2.08,-0.15,5.579,-0.01379,0.00361,3.88,3.88,-0.00494,-0.00258,5.45,5.63,6.45,4.78
714,11.9,5.657,24.94,0.014,0.5755,0.19,-2.01,-0.13,4.916,-0.0097,0.00376,2.65,2.65,-0.00319,-0.00023,3.26,5.56,5.56,5.29
715,11.9167,5.664,24.954,0.014,0.5745,0.09,-2.06,-0.14,5.594,-0.00613,0.01281,0.94,0.94,-0.00152,0.00167,6.44,4.13,6.32,5.49
716,11.9333,5.671,24.966,0.014,0.5758,0.12,-2.09,-0.16,5.233,-0.0104,0.01543,2.04,2.04,-0.00345,-0.00068,5.18,5.26,5.64,4.85
717,11.95,5.678,24.979,0.014,0.5759,0.2,-2.06,-0.16,5.506,-0.01247,0.01463,2.72,2.72,-0.00446,-0.00174,5.88,5.43,5.37,5.34
718,11.9667,5.686,24.993,0.014,0.5752,0.25,-2.05,-0.17,5.71,-0.01169,0.00591,3.09,3.09,-0.00407,-0.00135,5.42,6.28,5.57,5.57
719,11.9833,5.693,25.006,0.014,0.5748,0.22,-2.16,-0.18,5.372,-0.00938,0.007,2.32,2.32,-0.00306,-5e-05,5.29,5.18,5.13,5.89
720,12.0,5.7,25.019,0.014,0.5754,0.12,-2.09,-0.17,5.43,-0.00981,0.01026,2.23,2.23,-0.00321,-0.00033,5.54,5.24,5.14,5.8
721,12.0167,5.707,25.032,0.015,0.5761,0.16,-2.09,-0.17,5.422,-0.01414,0.00445,3.93,3.93,-0.00517,-0.0027,5.32,5.36,5.62,5.39
722,12.0333,5.714,25.045,0.015,0.5755,0.25,-2.06,-0.17,5.493,-0.01554,-0.00576,5.07,5.07,-0.00608,-0.00319,5.56,6.31,5.55,4.55
723,12.05,5.722,25.058,0.014,0.5742,0.27,-2.05,-0.17,5.756,-0.01411,-0.00889,4.86,4.86,-0.00513,-0.00271,5.01,5.61,6.85,5.57
724,12.0667,5.729,25.071,0.014,0.5755,0.09,-2.14,-0.16,5.454,-0.00939,-0.00465,3.14,3.14,-0.00275,-0.00037,5.36,5.55,5.53,5.38
725,12.0833,5.736,25.084,0.015,0.576,0.15,-2.08,-0.12,5.327,-0.0128,-0.00524,4.21,4.21,-0.00455,-0.00197,4.95,5.3,5.56,5.5
726,12.1,5.743,25.097,0.015,0.5758,0.22,-2.05,-0.13,5.826,-0.01436,-0.00973,4.99,4.99,-0.00562,-0.00246,5.54,6.28,5.71,5.78
727,12.1167,5.751,25.111,0.014,0.5747,0.26,-2.07,-0.15,6.09,-0.01343,-0.01228,4.89,4.89,-0.00513,-0.00203,5.26,6.33,7.17,5.61
728,12.1333,5.758,25.123,0.014,0.5752,0.2,-2.16,-0.15,5.2,-0.01251,-0.00914,4.39,4.39,-0.00489,-0.00135,5.48,5.17,5.19,4.96
729,12.15,5.765,25.136,0.015,0.5758,0.16,-2.09,-0.13,5.345,-0.01221,-0.00461,3.99,3.99,-0.00486,-0.00108,5.35,5.25,5.56,5.22
730,12.1667,5.772,25.15,0.015,0.5759,0.21,-2.08,-0.13,6.194,-0.01327,-0.00319,4.2,4.2,-0.00551,-0.00149,6.42,5.35,5.62,7.38
731,12.1833,5.779,25.163,0.014,0.5747,0.29,-2.03,-0.13,6.08,-0.0138,-0.00735,4.66,4.66,-0.00605,-0.00148,7.58,5.68,3.49,7.57
732,12.2,5.787,25.176,0.014,0.5769,0.28,-1.98,-0.15,4.652,-0.01262,-0.00629,4.23,4.23,-0.00577,-0.00058,5.54,5.17,3.49,4.41
733,12.2167,5.794,25.189,0.014,0.5795,0.26,-1.72,-0.14,5.181,-0.01106,-0.00214,3.47,3.47,-0.00496,0.00017,5.57,5.2,4.8,5.15
734,12.2333,5.801,25.202,0.014,0.5811,0.25,-1.45,-0.13,5.581,-0.01003,0.00161,2.9,2.9,-0.00452,0.00076,5.61,5.25,6.21,5.25
735,12.25,5.808,25.217,0.014,0.5817,0.24,-1.2,-0.14,6.654,-0.00955,0.00446,2.55,2.55,-0.00423,0.00094,8.68,6.57,5.69,5.68
736,12.2667,5.816,25.231,0.014,0.5828,0.17,-1.14,-0.12,5.788,-0.00704,0.00924,1.47,1.47,-0.00259,0.00182,5.75,5.82,5.87,5.71
737,12.2833,5.823,25.245,0.014,0.5838,0.16,-1.09,-0.12,5.558,-0.0089,0.01262,1.79,1.79,-0.00336,0.00073,5.71,5.6,5.56,5.37
738,12.3,5.83,25.259,0.015,0.5841,0.17,-1.07,-0.12,5.751,-0.00999,0.01503,1.94,1.94,-0.00389,0.00017,5.8,5.78,5.75,5.67
739,12.3167,5.837,25.273,0.014,0.5832,0.25,-0.99,-0.12,5.925,-0.01115,0.01474,2.31,2.31,-0.00458,-0.00029,6.14,5.5,5.74,6.32
740,12.3333,5.844,25.287,0.014,0.5831,0.2,-1.09,-0.14,6.876,-0.00602,0.01815,0.54,0.54,-0.00221,0.00246,5.78,6.15,10.2,5.37
741,12.35,5.852,25.297,0.014,0.5857,0.07,-1.43,-0.14,5.538,-0.00355,0.02264,-0.52,0.0,-0.00098,0.0037,5.64,6.0,5.88,4.63
742,12.3667,5.859,25.308,0.014,0.5883,0.12,-1.67,-0.13,5.596,-0.00561,0.02398,0.0,0.0,-0.002,0.00266,5.84,5.34,5.82,5.38
743,12.3833,5.866,25.319,0.014,0.5904,0.22,-1.93,-0.13,5.647,-0.00769,0.02043,0.88,0.88,-0.00295,0.00153,5.84,5.62,5.73,5.39
744,12.4,5.873,25.331,0.014,0.5914,0.32,-2.2,-0.14,5.663,-0.00894,0.01794,1.43,1.43,-0.00338,0.00071,5.83,5.67,5.61,5.55
745,12.4167,5.881,25.343,0.013,0.5913,0.15,-2.27,-0.18,5.538,-0.00331,0.02266,-0.59,0.0,-0.00108,0.00405,5.83,5.96,5.89,4.47
746,12.4333,5.888,25.355,0.014,0.592,0.09,-2.25,-0.18,5.213,-0.00424,0.02705,-0.62,0.0,-0.00151,0.00354,4.97,5.12,5.86,4.9
747,12.45,5.895,25.369,0.014,0.592,0.14,-2.17,-0.18,5.576,-0.00747,0.02231,0.68,0.68,-0.00303,0.00183,5.44,5.54,5.88,5.44
748,12.4667,5.902,25.383,0.014,0.5911,0.16,-2.07,-0.18,5.595,-0.00637,0.01674,0.74,0.74,-0.00241,0.00232,5.66,5.32,5.83,5.57
749,12.4833,5.909,25.397,0.013,0.5914,0.11,-2.19,-0.18,5.881,-0.00359,0.01681,-0.1,0.0,-0.00146,0.00415,6.23,5.74,5.56,5.99
750,12.5,5.917,25.41,0.013,0.5923,0.07,-2.25,-0.19,5.356,-0.00291,0.01972,-0.51,0.0,-0.00103,0.00439,5.29,5.24,5.86,5.04
751,12.5167,5.924,25.424,0.013,0.5923,0.16,-2.15,-0.18,5.79,-0.00601,0.02037,0.38,0.38,-0.00249,0.00276,6.24,5.52,5.92,5.47
752,12.5333,5.931,25.438,0.013,0.5913,0.23,-2.09,-0.19,6.512,-0.00688,0.01425,1.07,1.07,-0.00268,0.00207,6.2,7.07,7.25,5.53
753,12.55,5.938,25.451,0.013,0.5916,0.21,-2.28,-0.23,5.834,-0.00539,0.01135,0.82,0.82,-0.00203,0.0029,5.89,5.57,5.96,5.91
754,12.5667,5.946,25.464,0.013,0.5919,0.12,-2.23,-0.22,5.543,-0.0036,0.01396,0.1,0.0,-0.00121,0.00387,5.35,5.2,5.88,5.73
755,12.5833,5.953,25.478,0.014,0.5923,0.16,-2.16,-0.2,5.861,-0.00729,0.01134,1.39,1.39,-0.00309,0.00207,6.12,5.6,5.92,5.79
756,12.6,5.96,25.492,0.014,0.5912,0.23,-2.05,-0.2,6.442,-0.01013,0.00325,2.81,2.81,-0.00455,0.0007,8.33,5.62,4.33,7.49
757,12.6167,5.967,25.506,0.013,0.5916,0.19,-2.18,-0.22,6.103,-0.00573,-4e-05,1.72,1.72,-0.00241,0.00294,6.11,6.37,6.08,5.84
758,12.6333,5.974,25.519,0.014,0.592,0.06,-2.27,-0.24,5.097,-0.00425,0.00177,1.15,0.0,-0.0017,0.00372,4.31,4.84,5.81,5.42
759,12.65,5.982,25.533,0.014,0.5923,0.14,-2.17,-0.18,5.67,-0.00797,0.00045,2.36,2.36,-0.00367,0.00197,5.73,5.17,5.95,5.83
760,12.6667,5.989,25.547,0.014,0.5914,0.22,-2.08,-0.15,6.466,-0.01129,-0.00567,3.78,3.78,-0.00448,-0.00054,5.69,6.54,6.29,7.34
761,12.6833,5.996,25.561,0.014,0.5919,0.18,-2.22,-0.17,5.961,-0.00965,-0.0112,3.68,3.68,-0.00377,0.00039,5.8,6.17,6.0,5.87
762,12.7,6.003,25.574,0.014,0.5918,0.2,-2.24,-0.17,5.305,-0.01149,-0.01418,4.44,4.44,-0.00479,-0.00043,5.8,5.09,5.22,5.11
763,12.7167,6.011,25.588,0.014,0.5921,0.18,-2.17,-0.16,5.644,-0.01037,-0.01272,4.0,4.0,-0.00429,0.0002,5.6,5.5,5.83,5.65
764,12.7333,6.018,25.602,0.014,0.5913,0.23,-2.07,-0.15,7.398,-0.01115,-0.01676,4.52,4.52,-0.00479,-9e-05,10.2,6.1,4.51,8.78
765,12.75,6.025,25.616,0.014,0.5918,0.2,-2.21,-0.19,5.944,-0.01048,-0.02117,4.63,4.63,-0.00514,0.00092,5.78,6.12,6.06,5.81
766,12.7667,6.032,25.629,0.014,0.592,0.16,-2.2,-0.18,5.499,-0.01115,-0.02191,4.88,4.88,-0.0055,0.00062,5.8,5.38,5.49,5.33
767,12.7833,6.039,25.643,0.015,0.5924,0.16,-2.17,-0.18,5.72,-0.01285,-0.02089,5.32,5.32,-0.00641,-0.00017,5.69,5.6,5.85,5.75
768,12.8,6.047,25.658,0.015,0.5916,0.23,-2.09,-0.16,5.793,-0.01486,-0.02374,6.12,6.12,-0.00737,-0.00122,6.96,6.11,4.09,6.02
769,12.8167,6.054,25.671,0.015,0.5928,0.21,-2.12,-0.16,5.135,-0.01374,-0.02321,5.75,5.75,-0.00686,-0.00061,4.97,4.76,5.23,5.58
770,12.8333,6.061,25.684,0.014,0.5953,0.2,-1.86,-0.08,5.47,-0.01042,-0.02048,4.56,4.56,-0.00548,0.00133,5.75,5.42,5.79,4.92
771,12.85,6.068,25.697,0.014,0.5968,0.21,-1.55,-0.09,5.526,-0.0106,-0.01746,4.4,4.4,-0.00541,0.00108,5.74,5.46,5.89,5.01
772,12.8667,6.076,25.712,0.014,0.5976,0.2,-1.27,-0.11,6.209,-0.01039,-0.01527,4.19,4.19,-0.00528,0.00115,8.16,5.34,5.87,5.47
773,12.8833,6.083,25.727,0.014,0.5992,0.13,-1.18,-0.1,5.949,-0.00784,-0.01003,3.05,3.05,-0.0038,0.00223,5.95,6.03,5.92,5.89
774,12.9,6.09,25.741,0.014,0.6001,0.11,-1.19,-0.12,6.014,-0.00813,-0.00397,2.72,2.72,-0.00371,0.00185,6.16,5.94,5.98,5.98
775,12.9167,6.097,25.755,0.015,0.6008,0.11,-1.17,-0.13,5.734,-0.00939,0.00213,2.67,2.67,-0.00445,0.00133,5.98,5.28,6.0,5.68
776,12.9333,6.104,25.77,0.014,0.6002,0.2,-1.07,-0.11,6.036,-0.01186,0.00381,3.29,3.29,-0.00509,-0.0005,5.85,6.58,5.73,5.98
777,12.95,6.112,25.784,0.014,0.6005,0.22,-1.17,-0.1,6.117,-0.00936,0.00444,2.5,2.5,-0.00338,0.00029,5.94,6.34,6.2,5.99
778,12.9667,6.119,25.796,0.014,0.6027,0.26,-1.51,-0.08,5.375,-0.0101,0.00442,2.72,2.72,-0.00348,-0.00035,6.2,5.18,5.21,4.91
779,12.9833,6.126,25.808,0.014,0.6054,0.21,-1.78,-0.09,6.014,-0.01057,0.00371,2.91,2.91,-0.00352,-0.00077,6.07,5.95,6.48,5.56
780,13.0,6.133,25.82,0.015,0.607,0.21,-2.01,-0.08,5.667,-0.01252,-0.00155,3.87,3.87,-0.00451,-0.00175,6.03,5.12,6.04,5.47
781,13.0167,6.141,25.832,0.014,0.6084,0.19,-2.15,-0.08,5.785,-0.01129,-0.00462,3.71,3.71,-0.00402,-0.001,5.78,6.08,5.86,5.42
782,13.0333,6.148,25.845,0.014,0.6087,0.12,-2.32,-0.08,5.893,-0.00891,-0.00357,2.92,2.92,-0.00287,0.00023,5.77,6.09,5.97,5.74
783,13.05,6.155,25.858,0.015,0.609,0.07,-2.33,-0.08,5.323,-0.00968,-0.0009,2.97,2.97,-0.00321,-0.00021,4.96,5.26,6.07,4.99
784,13.0667,6.162,25.873,0.015,0.6086,0.18,-2.18,-0.06,6.636,-0.0137,-0.00525,4.48,4.48,-0.00491,-0.00251,8.65,6.37,4.76,6.77
785,13.0833,6.169,25.887,0.015,0.6094,0.17,-2.25,-0.05,6.107,-0.01153,-0.00609,3.89,3.89,-0.00348,-0.00178,6.01,6.27,6.19,5.96
786,13.1,6.177,25.901,0.015,0.6084,0.19,-2.36,-0.05,5.593,-0.01093,-0.00573,3.68,3.68,-0.00281,-0.00185,5.65,5.44,5.1,6.18
787,13.1167,6.184,25.915,0.015,0.609,0.12,-2.29,-0.05,5.528,-0.01062,-0.00308,3.4,3.4,-0.00233,-0.00202,5.3,5.39,6.09,5.33
788,13.1333,6.191,25.93,0.015,0.6084,0.17,-2.14,-0.04,7.534,-0.01335,-0.00483,4.34,4.34,-0.0037,-0.00338,11.27,6.06,3.68,9.11
789,13.15,6.198,25.945,0.015,0.6093,0.12,-2.2,-0.06,6.092,-0.00953,-0.0049,3.2,3.2,-0.00193,-0.00134,5.99,6.21,6.16,6.01
790,13.1667,6.206,25.959,0.015,0.6084,0.16,-2.32,-0.08,4.628,-0.01082,-0.00548,3.63,3.63,-0.00238,-0.00218,5.42,2.85,4.01,6.23
791,13.1833,6.213,25.973,0.015,0.609,0.09,-2.3,-0.09,5.597,-0.00956,-0.00057,2.91,2.91,-0.00161,-0.00169,5.9,5.35,6.09,5.05
792,13.2,6.22,25.987,0.015,0.6089,0.15,-2.18,-0.08,6.33,-0.01247,-0.00147,3.84,3.84,-0.00286,-0.00334,6.08,6.61,6.58,6.05
793,13.2167,6.227,26.001,0.015,0.6092,0.18,-2.26,-0.08,5.93,-0.01319,-0.00362,4.21,4.21,-0.00288,-0.00404,6.04,5.5,6.12,6.06
794,13.2333,6.234,26.016,0.015,0.6083,0.2,-2.37,-0.09,4.764,-0.01292,-0.00555,4.26,4.26,-0.00283,-0.00382,5.58,4.58,3.13,5.77
795,13.25,6.242,26.03,0.015,0.6089,0.17,-2.23,-0.09,5.876,-0.01086,-0.00233,3.42,3.42,-0.00169,-0.0029,6.16,5.53,6.11,5.7
796,13.2667,6.249,26.045,0.015,0.609,0.17,-2.19,-0.09,6.335,-0.01013,-0.00266,3.22,3.22,-0.00133,-0.00253,6.13,6.7,6.42,6.09
797,13.2833,6.256,26.059,0.015,0.6093,0.21,-2.31,-0.07,6.064,-0.01033,-0.00184,3.23,3.23,-0.00172,-0.00234,6.05,5.99,6.11,6.1
798,13.3,6.263,26.073,0.015,0.6087,0.17,-2.29,-0.07,5.384,-0.00949,-0.00154,2.95,2.95,-0.0013,-0.00192,5.05,5.15,5.87,5.47
799,13.3167,6.271,26.088,0.015,0.6091,0.18,-2.21,-0.06,6.013,-0.0107,0.00047,3.18,3.18,-0.00194,-0.00248,6.32,5.62,6.19,5.92
800,13.3333,6.278,26.103,0.015,0.6092,0.16,-2.22,-0.05,6.056,-0.01052,0.00317,2.93,2.93,-0.0015,-0.00275,5.79,6.13,6.18,6.12
801,13.35,6.285,26.117,0.015,0.6091,0.19,-2.3,-0.01,6.181,-0.00994,0.00585,2.57,2.57,-0.00013,-0.00354,6.15,6.27,6.15,6.15
802,13.3667,6.292,26.131,0.015,0.6088,0.17,-2.32,-0.01,5.581,-0.00833,0.00775,1.96,1.96,0.00049,-0.00255,5.32,5.17,6.18,5.65
803,13.3833,6.299,26.145,0.015,0.6092,0.19,-2.22,0.02,6.143,-0.00905,0.00793,2.16,2.16,1e-05,-0.00278,6.2,5.43,6.26,6.69
804,13.4,6.307,26.16,0.015,0.6091,0.17,-2.22,0.01,6.192,-0.00957,0.00776,2.33,2.33,-0.00039,-0.00291,6.24,6.08,6.23,6.21
805,13.4167,6.314,26.174,0.016,0.6105,0.23,-2.09,0.02,5.257,-0.01233,0.00391,3.42,3.42,-0.0012,-0.00486,6.11,5.94,3.99,4.99
806,13.4333,6.321,26.189,0.016,0.6134,0.23,-1.78,0.03,5.64,-0.01207,0.00203,3.48,3.48,-0.00109,-0.00471,6.08,5.88,5.04,5.57
807,13.45,6.328,26.205,0.016,0.6152,0.24,-1.51,0.03,6.464,-0.01136,0.00092,3.34,3.34,-0.00089,-0.00419,6.13,6.04,7.85,5.84
808,13.4667,6.336,26.22,0.016,0.6166,0.22,-1.35,0.02,6.213,-0.01078,-5e-05,3.24,3.24,-0.00063,-0.00388,6.16,6.45,6.04,6.2
809,13.4833,6.343,26.236,0.016,0.617,0.23,-1.3,0.0,6.228,-0.01127,-0.00307,3.6,3.6,-0.00112,-0.00388,6.18,6.44,6.07,6.22
810,13.5,6.35,26.251,0.016,0.6174,0.13,-1.22,-0.0,6.126,-0.00788,-0.00151,2.47,2.47,0.00061,-0.00222,6.11,6.18,6.25,5.97
811,13.5167,6.357,26.267,0.016,0.6169,0.13,-1.09,0.01,6.22,-0.00983,-0.00159,3.06,3.06,-0.00034,-0.00321,6.21,6.08,3.95,8.63
812,13.5333,6.364,26.282,0.016,0.6177,0.12,-1.14,-0.02,6.014,-0.01054,0.00044,3.13,3.13,-0.00106,-0.00322,2.75,6.9,8.06,6.34
813,13.55,6.372,26.295,0.016,0.6208,0.23,-1.52,0.02,6.138,-0.0122,0.00026,3.64,3.64,-0.00235,-0.00358,6.88,5.97,5.75,5.96
814,13.5667,6.379,26.307,0.016,0.6233,0.2,-1.88,0.03,6.018,-0.00918,0.00246,2.58,2.58,-0.00149,-0.00142,6.0,6.22,6.34,5.52
815,13.5833,6.386,26.319,0.016,0.6253,0.15,-2.16,0.01,5.807,-0.0082,0.00482,2.12,2.12,-0.00095,-0.00098,5.87,5.76,6.31,5.29
816,13.6,6.393,26.332,0.016,0.6263,0.24,-2.31,0.02,6.491,-0.01071,0.00482,2.88,2.88,-0.00217,-0.00227,6.37,5.71,6.37,7.51
817,13.6167,6.401,26.345,0.015,0.6258,0.33,-2.43,0.0,5.975,-0.01182,0.00019,3.53,3.53,-0.00199,-0.00356,5.9,6.36,6.25,5.39
818,13.6333,6.408,26.359,0.016,0.6263,0.12,-2.41,-0.03,5.602,-0.00514,0.00499,1.19,1.19,0.00201,-0.00088,5.74,4.78,6.24,5.65
819,13.65,6.415,26.373,0.016,0.6267,0.14,-2.31,-0.05,6.626,-0.00945,0.00552,2.45,2.45,-0.00039,-0.00278,7.41,6.73,5.97,6.39
820,13.6667,6.422,26.388,0.016,0.6271,0.16,-2.36,-0.11,6.264,-0.0109,0.0062,2.83,2.83,-0.00207,-0.00255,6.28,6.37,6.08,6.33
821,13.6833,6.429,26.402,0.016,0.6263,0.23,-2.43,-0.12,6.276,-0.01134,0.00323,3.18,3.18,-0.00189,-0.00319,6.05,6.27,7.19,5.59
822,13.7,6.437,26.417,0.016,0.6265,0.08,-2.39,-0.14,5.69,-0.0064,0.00469,1.59,1.59,0.00104,-0.00117,5.82,4.73,6.27,5.94
823,13.7167,6.444,26.432,0.017,0.627,0.12,-2.31,-0.15,6.115,-0.0111,0.00373,3.07,3.07,-0.00146,-0.00337,5.77,6.11,6.19,6.4
824,13.7333,6.451,26.447,0.017,0.6272,0.14,-2.36,-0.16,6.582,-0.01282,0.00225,3.69,3.69,-0.00226,-0.00429,6.27,6.1,7.61,6.33
825,13.75,6.458,26.461,0.017,0.6258,0.21,-2.46,-0.18,5.876,-0.01489,-0.00805,5.03,5.03,-0.00307,-0.00555,6.67,5.86,5.1,5.88
826,13.7667,6.466,26.476,0.017,0.6263,0.15,-2.3,-0.18,5.858,-0.01145,-0.00915,4.08,4.08,-0.0012,-0.00398,5.88,5.64,6.21,5.7
827,13.7833,6.473,26.491,0.016,0.6272,0.11,-2.31,-0.21,6.282,-0.00949,-0.0066,3.31,3.31,-0.00086,-0.00236,5.92,6.54,6.36,6.31
828,13.8,6.48,26.506,0.016,0.6269,0.18,-2.39,-0.21,6.24,-0.0112,-0.00566,3.76,3.76,-0.00156,-0.00338,6.31,6.29,6.01,6.35
829,13.8167,6.487,26.521,0.016,0.6265,0.17,-2.4,-0.22,5.584,-0.00974,-0.00842,3.51,3.51,-0.00073,-0.00274,5.3,5.12,6.21,5.72
830,13.8333,6.494,26.536,0.016,0.6268,0.17,-2.31,-0.21,6.947,-0.01153,-0.00785,4.01,4.01,-0.00114,-0.00412,6.24,6.58,6.61,8.36
831,13.85,6.502,26.551,0.016,0.6272,0.18,-2.39,-0.2,6.5,-0.01314,-0.00724,4.45,4.45,-0.00146,-0.00541,6.29,6.8,6.59,6.33
832,13.8667,6.509,26.565,0.016,0.6268,0.25,-2.47,-0.22,6.354,-0.01361,-0.00505,4.44,4.44,-0.00165,-0.00569,6.3,6.5,6.3,6.32
833,13.8833,6.516,26.58,0.016,0.6266,0.16,-2.39,-0.21,5.676,-0.00834,-0.00125,2.59,2.59,0.00093,-0.00301,5.52,5.49,6.37,5.31
834,13.9,6.523,26.595,0.016,0.6269,0.16,-2.29,-0.24,6.47,-0.00854,-0.00012,2.57,2.57,0.00025,-0.00252,6.61,6.63,6.24,6.41
835,13.9167,6.531,26.61,0.015,0.6271,0.19,-2.36,-0.26,6.417,-0.00872,0.00245,2.45,2.45,-0.00023,-0.00222,6.42,6.27,6.52,6.46
836,13.9333,6.538,26.625,0.015,0.6267,0.22,-2.47,-0.25,5.878,-0.00768,0.00427,2.0,2.0,0.00062,-0.00203,6.17,5.55,5.56,6.24
837,13.95,6.545,26.64,0.015,0.6265,0.04,-2.4,-0.27,6.182,-0.00292,0.01261,-0.01,0.0,0.00353,-0.00018,7.14,5.55,6.54,5.5
838,13.9667,6.552,26.655,0.016,0.6271,0.08,-2.28,-0.27,6.264,-0.0084,0.01598,1.4,1.4,0.00072,-0.00286,6.51,5.99,6.03,6.53
839,13.9833,6.559,26.671,0.016,0.6289,0.16,-2.16,-0.2,6.1,-0.01233,0.01537,2.62,2.62,-0.00015,-0.00591,6.47,6.06,5.33,6.54
840,14.0,6.567,26.686,0.015,0.6314,0.15,-1.81,-0.19,7.989,-0.00873,0.01313,1.7,1.7,0.00116,-0.00361,6.03,13.43,6.55,5.95
841,14.0167,6.574,26.701,0.015,0.6332,0.14,-1.5,-0.2,6.363,-0.00739,0.01273,1.33,1.33,0.00156,-0.00268,6.51,5.82,6.48,6.64
842,14.0333,6.581,26.717,0.014,0.6349,0.12,-1.35,-0.2,6.497,-0.00438,0.01566,0.22,0.0,0.00294,-0.00105,6.46,6.51,6.51,6.51
843,14.05,6.588,26.734,0.014,0.6359,0.12,-1.31,-0.2,6.568,-0.00359,0.01799,-0.18,0.0,0.00323,-0.00055,6.54,6.59,6.58,6.56
844,14.0667,6.596,26.749,0.014,0.6355,0.05,-1.28,-0.2,6.405,-0.0007,0.01812,-1.06,0.0,0.00485,0.00072,6.0,6.61,6.52,6.49
845,14.0833,6.603,26.765,0.015,0.6356,0.06,-1.18,-0.2,6.578,-0.00507,0.01938,0.17,0.17,0.00273,-0.00153,6.29,7.07,6.38,6.57
846,14.1,6.61,26.781,0.015,0.6366,0.11,-1.2,-0.2,6.313,-0.00814,0.02136,0.95,0.95,0.00027,-0.00214,4.36,7.06,6.9,6.92
847,14.1167,6.617,26.794,0.015,0.6389,0.37,-1.68,-0.2,5.44,-0.01654,0.01076,4.21,3.95,-0.004,-0.00628,4.26,6.3,5.12,6.08
848,14.1333,6.624,26.805,0.015,0.642,0.35,-1.9,-0.12,6.209,-0.01407,0.0026,4.04,4.04,-0.00429,-0.00351,6.4,6.42,6.49,5.54
849,14.15,6.632,26.818,0.015,0.6434,0.21,-2.16,-0.08,4.452,-0.01011,-0.0036,3.28,3.28,-0.00384,1e-05,-0.97,6.39,6.56,5.83
850,14.1667,6.639,26.83,0.015,0.6443,0.22,-2.4,-0.08,6.264,-0.01346,-0.01333,4.97,4.97,-0.00551,-0.00168,7.04,5.58,6.5,5.94
851,14.1833,6.646,26.844,0.015,0.6443,0.23,-2.47,-0.04,5.085,-0.01102,-0.02234,4.87,4.87,-0.00402,-0.00073,5.62,3.42,6.47,4.83
852,14.2,6.653,26.858,0.015,0.6449,0.01,-2.53,-0.06,5.743,-0.00668,-0.02132,3.5,3.5,-0.00152,0.00111,6.03,4.56,6.41,5.97
853,14.2167,6.661,26.872,0.016,0.6459,0.1,-2.51,-0.04,6.114,-0.01306,-0.02382,5.59,5.59,-0.00432,-0.00247,6.01,6.03,5.96,6.46
854,14.2333,6.668,26.887,0.016,0.6459,0.22,-2.56,-0.02,6.51,-0.01519,-0.01957,5.93,5.93,-0.00504,-0.00388,6.37,6.16,7.09,6.42
855,14.25,6.675,26.902,0.015,0.6447,0.23,-2.55,-0.04,6.302,-0.01184,-0.01492,4.6,4.6,-0.00318,-0.00239,6.34,6.34,6.45,6.07
856,14.2667,6.682,26.917,0.015,0.6456,0.13,-2.53,-0.03,6.541,-0.0076,-0.01055,3.02,3.02,-0.00108,-0.00024,6.64,6.48,6.83,6.21
857,14.2833,6.689,26.932,0.015,0.6463,0.19,-2.6,0.03,6.1,-0.00915,-0.00485,3.09,3.09,-0.00201,-0.00088,6.52,5.98,6.61,5.29
858,14.3,6.697,26.948,0.016,0.6454,0.33,-2.61,0.06,5.904,-0.01386,-0.00719,4.66,4.66,-0.00372,-0.00387,6.28,6.08,6.48,4.77
859,14.3167,6.704,26.963,0.015,0.6453,0.15,-2.49,0.03,6.212,-0.00638,-0.00601,2.33,2.33,0.00087,-0.00098,6.08,6.35,5.67,6.75
860,14.3333,6.711,26.979,0.016,0.6462,0.1,-2.48,0.05,6.476,-0.00772,0.00021,2.3,2.3,0.00078,-0.00223,6.53,6.42,6.37,6.59
861,14.35,6.718,26.995,0.016,0.6461,0.13,-2.5,0.04,6.899,-0.01043,0.00508,2.77,2.77,-0.00066,-0.0035,6.26,7.02,7.66,6.66
862,14.3667,6.726,27.01,0.016,0.6449,0.25,-2.56,0.02,6.224,-0.01131,0.00501,3.04,3.04,-0.00044,-0.0046,6.05,6.16,6.11,6.58
863,14.3833,6.733,27.026,0.016,0.6451,0.1,-2.48,0.02,6.944,-0.00664,0.00539,1.62,1.62,0.00183,-0.0022,8.0,7.95,6.11,5.71
864,14.4,6.74,27.041,0.017,0.646,0.14,-2.5,-0.03,6.537,-0.01154,0.00229,3.3,3.3,-0.00162,-0.00364,6.62,6.49,6.4,6.64
865,14.4167,6.747,27.057,0.017,0.6462,0.18,-2.55,-0.04,6.582,-0.01239,0.00353,3.47,3.47,-0.00217,-0.00395,6.61,6.61,6.49,6.62
866,14.4333,6.754,27.072,0.017,0.6455,0.12,-2.59,-0.05,6.407,-0.00874,0.00067,2.58,2.58,-0.00023,-0.00224,6.66,6.89,6.71,5.37
867,14.45,6.762,27.088,0.017,0.6453,0.02,-2.5,-0.07,6.475,-0.00755,0.00076,2.21,2.21,0.00011,-0.00139,6.87,6.27,6.07,6.69
868,14.4667,6.769,27.103,0.018,0.6461,0.11,-2.5,-0.06,6.459,-0.0132,-0.00218,4.11,4.11,-0.00233,-0.0046,5.19,6.88,7.01,6.76
869,14.4833,6.776,27.119,0.017,0.6454,0.22,-2.54,-0.07,6.594,-0.01288,-0.00353,4.11,4.11,-0.00281,-0.0038,6.52,6.63,6.61,6.61
870,14.5,6.783,27.134,0.017,0.6449,0.11,-2.49,-0.08,6.564,-0.00692,-0.00339,2.31,2.31,0.00037,-0.00102,6.41,7.04,6.15,6.66
871,14.5167,6.791,27.15,0.017,0.6457,0.07,-2.52,-0.1,6.698,-0.00889,-0.00027,2.69,2.69,-0.00066,-0.00196,6.86,6.63,6.63,6.68
872,14.5333,6.798,27.165,0.018,0.6465,0.23,-2.49,-0.08,2.617,-0.01358,-0.00145,4.18,4.18,-0.00235,-0.00496,6.3,5.48,5.19,-6.49
873,14.55,6.805,27.18,0.017,0.6497,0.23,-2.11,-0.05,5.846,-0.01034,-0.00293,3.31,3.31,-0.00108,-0.00299,6.62,4.71,6.58,5.48
874,14.5667,6.812,27.196,0.016,0.6521,0.22,-1.79,-0.04,6.465,-0.00796,-0.003,2.6,2.6,0.00033,-0.00202,6.69,6.33,6.25,6.59
875,14.5833,6.819,27.213,0.016,0.6541,0.23,-1.61,-0.05,6.547,-0.00797,0.00274,2.2,2.2,0.00025,-0.00196,6.69,6.44,6.71,6.34
876,14.6,6.827,27.229,0.016,0.6543,0.22,-1.43,-0.07,6.539,-0.00758,0.00785,1.72,1.72,0.00038,-0.00169,6.73,6.41,6.75,6.28
877,14.6167,6.834,27.246,0.016,0.6544,0.13,-1.24,-0.08,6.946,-0.00484,0.00905,0.82,0.0,0.00182,-0.00039,7.81,6.23,6.54,7.2
878,14.6333,6.841,27.263,0.017,0.6555,0.08,-1.35,-0.04,6.735,-0.0074,0.0095,1.55,1.55,-0.0006,-0.00053,6.63,7.25,6.73,6.33
879,14.65,6.848,27.278,0.018,0.6554,0.23,-1.35,-0.1,6.667,-0.01254,0.00944,3.1,3.1,-0.00545,-0.00081,6.78,6.26,6.82,6.81
880,14.6667,6.856,27.292,0.017,0.6583,0.2,-1.78,-0.11,6.225,-0.00956,0.00911,2.23,2.23,-0.00382,0.00053,6.5,5.0,7.22,6.18
881,14.6833,6.863,27.304,0.017,0.6615,0.03,-2.19,-0.1,6.597,-0.00558,0.01047,0.94,0.94,-0.00221,0.0029,6.69,6.73,6.77,6.2
882,14.7,6.87,27.316,0.018,0.6638,0.11,-2.46,-0.05,6.375,-0.00899,0.00817,2.13,2.13,-0.0041,0.00138,6.8,5.35,6.8,6.55
883,14.7167,6.877,27.329,0.018,0.6648,0.28,-2.67,0.04,6.529,-0.01094,0.00374,3.02,3.02,-0.00502,0.00036,6.78,5.63,6.82,6.89
884,14.7333,6.884,27.343,0.018,0.6651,0.21,-2.74,0.04,6.533,-0.00686,0.00121,1.97,1.97,-0.0028,0.00222,6.88,8.76,4.55,5.94
885,14.75,6.892,27.358,0.018,0.6658,0.06,-2.78,0.05,6.891,-0.00473,0.00381,1.15,0.0,-0.00163,0.00317,8.81,6.16,6.86,5.73
886,14.7667,6.899,27.373,0.019,0.6659,0.14,-2.74,-0.0,6.625,-0.01147,0.00445,3.13,3.0,-0.00581,0.00061,6.89,6.45,6.27,6.88
887,14.7833,6.906,27.389,0.019,0.6651,0.28,-2.71,-0.02,5.905,-0.01664,-0.00336,5.23,5.23,-0.00885,-0.00151,6.57,5.87,10.3,0.88
888,14.8,6.913,27.405,0.019,0.6653,0.03,-2.7,0.01,6.704,-0.00721,-0.00464,2.49,2.49,-0.00401,0.00307,6.74,6.34,6.86,6.87
889,14.8167,6.921,27.421,0.021,0.6661,0.1,-2.75,-0.0,6.753,-0.01451,-0.00976,5.04,5.04,-0.00793,-0.00031,6.35,6.6,6.83,7.24
890,14.8333,6.928,27.437,0.021,0.6658,0.25,-2.75,0.02,6.529,-0.01968,-0.01758,7.14,7.14,-0.01031,-0.00311,6.68,7.32,5.32,6.8
891,14.85,6.935,27.453,0.02,0.6654,0.22,-2.69,-0.04,6.339,-0.01553,-0.02439,6.37,6.37,-0.00828,-0.00097,6.59,6.72,6.6,5.44
892,14.8667,6.942,27.469,0.02,0.6653,0.02,-2.69,-0.03,6.794,-0.01029,-0.02718,4.99,4.99,-0.00597,0.00196,6.96,7.39,6.18,6.65
893,14.8833,6.949,27.485,0.021,0.666,0.13,-2.76,-0.05,6.857,-0.01679,-0.0294,7.1,7.1,-0.01022,-0.0003,7.42,6.52,6.66,6.83
894,14.9,6.957,27.5,0.021,0.6664,0.27,-2.79,-0.04,6.598,-0.01983,-0.02915,7.99,7.99,-0.01124,-0.00231,6.58,6.61,6.51,6.69
895,14.9167,6.964,27.516,0.02,0.6659,0.11,-2.73,-0.08,5.822,-0.0145,-0.03315,6.67,6.67,-0.00954,0.00131,6.6,6.32,4.24,6.13
896,14.9333,6.971,27.532,0.02,0.6662,0.04,-2.8,-0.09,6.756,-0.01267,-0.02728,5.71,5.71,-0.00856,0.00216,6.87,6.67,6.67,6.82
897,14.95,6.978,27.548,0.02,0.6662,0.25,-2.78,-0.06,6.57,-0.0164,-0.02063,6.36,6.36,-0.01174,0.00162,6.7,6.11,6.74,6.72
898,14.9667,6.986,27.564,0.02,0.6654,0.25,-2.73,-0.08,6.887,-0.01392,-0.0165,5.33,5.33,-0.01048,0.00284,6.72,7.35,7.24,6.24
899,14.9833,6.993,27.58,0.02,0.6658,0.01,-2.82,-0.17,6.625,-0.01064,-0.01488,4.23,4.23,-0.00987,0.0055,6.71,6.71,6.75,6.33
900,15.0,7.0,27.596,0.02,0.6659,0.06,-2.84,-0.17,6.298,-0.01508,-0.01132,5.32,5.32,-0.01226,0.00345,6.23,6.45,6.77,5.75
901,15.0167,7.0,27.612,0.02,0.6656,0.2,-2.65,-0.13,6.308,-0.01627,-0.0063,5.32,5.32,-0.01284,0.00284,6.78,6.38,5.6,6.47
902,15.0333,7.0,27.629,0.02,0.6662,0.1,-2.73,-0.13,6.503,-0.0105,-0.00144,3.25,3.25,-0.0097,0.00547,6.95,6.59,6.1,6.37
903,15.05,7.0,27.645,0.02,0.6664,-0.01,-2.85,-0.16,6.867,-0.00892,0.00259,2.5,2.5,-0.00828,0.00563,6.85,6.89,6.88,6.85
904,15.0667,7.0,27.66,0.02,0.6669,0.27,-2.68,-0.04,4.449,-0.01426,0.00447,3.97,3.97,-0.01151,0.00352,7.02,4.02,6.79,-0.03
905,15.0833,7.0,27.676,0.02,0.6693,0.18,-2.14,0.04,6.197,-0.01138,0.00655,2.95,2.95,-0.00893,0.00383,6.95,5.51,6.23,6.1
906,15.1,7.0,27.692,0.02,0.6731,0.2,-1.9,0.09,7.805,-0.01079,0.0056,2.85,2.85,-0.00866,0.00413,6.71,6.77,13.18,4.57
907,15.1167,7.0,27.709,0.02,0.6749,0.2,-1.65,0.16,6.781,-0.00953,0.01063,2.11,2.11,-0.00839,0.00513,6.87,6.9,6.93,6.43
908,15.1333,7.0,27.726,0.02,0.675,0.18,-1.45,0.19,6.478,-0.00982,0.01598,1.83,1.83,-0.00769,0.00414,6.85,6.28,6.54,6.25
909,15.15,7.0,27.743,0.021,0.6763,0.06,-1.43,0.17,7.133,-0.00771,0.01694,1.13,1.13,-0.00665,0.00521,6.99,7.24,7.34,6.96
910,15.1667,7.0,27.759,0.021,0.6767,-0.01,-1.53,0.17,7.0,-0.00805,0.01581,1.31,1.31,-0.0069,0.00512,7.02,7.03,6.95,6.99
911,15.1833,7.0,27.775,0.022,0.6765,0.17,-1.49,0.23,6.518,-0.01452,0.01365,3.4,3.4,-0.00969,0.00144,6.81,8.03,4.24,7.0
912,15.2,7.0,27.789,0.022,0.681,0.01,-1.88,0.23,7.396,-0.00822,0.01526,1.4,1.4,-0.0066,0.00466,8.14,6.46,8.21,6.77
913,15.2167,7.0,27.802,0.022,0.6835,0.06,-2.43,0.27,7.239,-0.00874,0.01554,1.53,1.53,-0.00696,0.0045,6.63,8.86,6.63,6.83
914,15.2333,7.0,27.815,0.023,0.6849,0.07,-2.67,0.27,6.008,-0.00861,0.01462,1.56,1.56,-0.00643,0.00409,6.9,5.62,6.48,5.04
915,15.25,7.0,27.828,0.023,0.6865,0.2,-2.9,0.26,6.608,-0.01512,0.00742,4.02,4.02,-0.0096,0.00075,6.89,6.34,6.28,6.92
916,15.2667,7.0,27.842,0.023,0.6878,0.14,-2.96,0.24,8.725,-0.01179,0.00234,3.37,3.37,-0.00785,0.00234,6.58,6.22,16.45,5.65
917,15.2833,7.0,27.857,0.023,0.688,-0.0,-3.04,0.2,6.0,-0.00768,0.00244,2.13,2.13,-0.00519,0.00378,6.48,4.15,6.85,6.52
918,15.3,7.0,27.873,0.024,0.6877,0.16,-2.99,0.24,6.339,-0.01262,0.0041,3.5,3.5,-0.00902,0.00267,6.89,5.63,6.86,5.97
919,15.3167,7.0,27.889,0.024,0.6875,0.26,-2.96,0.29,6.587,-0.01541,-0.00379,4.89,4.89,-0.00898,-0.00016,6.87,6.72,6.87,5.88
920,15.3333,7.0,27.904,0.023,0.6887,0.11,-3.03,0.28,6.656,-0.01071,-0.00537,3.59,3.59,-0.0081,0.00366,6.76,6.77,6.85,6.25
921,15.35,7.0,27.92,0.024,0.688,0.02,-3.03,0.22,6.406,-0.00914,-0.00528,3.11,3.11,-0.00754,0.00467,6.83,6.08,6.85,5.88
922,15.3667,7.0,27.936,0.024,0.6875,0.15,-2.95,0.18,6.627,-0.01336,-0.00284,4.21,4.21,-0.01007,0.00298,6.82,6.32,6.51,6.86
923,15.3833,7.0,27.952,0.023,0.6883,0.17,-2.96,0.15,6.471,-0.00864,0.00074,2.54,2.54,-0.00769,0.00532,6.84,6.53,6.04,6.46
924,15.4,7.0,27.968,0.022,0.6881,0.07,-2.95,0.14,6.878,-0.00325,0.0052,0.61,0.0,-0.00508,0.0081,6.91,6.9,6.92,6.78
925,15.4167,7.0,27.985,0.023,0.6869,0.09,-2.95,0.14,6.713,-0.00409,0.01335,0.29,0.0,-0.00585,0.00803,6.78,6.48,6.99,6.6
926,15.4333,7.0,28.001,0.022,0.6878,0.18,-2.93,0.16,6.839,-0.00572,0.02172,0.19,0.19,-0.00595,0.0065,6.99,6.71,6.66,7.0
927,15.45,7.0,28.017,0.022,0.6881,0.08,-2.97,0.13,6.491,-0.00162,0.02847,-1.51,0.0,-0.00395,0.0086,5.42,7.09,7.07,6.38
928,15.4667,7.0,28.033,0.022,0.6875,-0.05,-3.03,0.12,6.267,0.00223,0.03675,-3.24,-3.0,-0.00212,0.01062,5.62,6.16,6.83,6.45
929,15.4833,7.0,28.049,0.023,0.6868,0.07,-2.88,0.14,7.345,-0.00402,0.04195,-1.73,-1.73,-0.00552,0.00777,7.73,9.37,5.67,6.61
930,15.5,7.0,28.066,0.023,0.6883,0.13,-2.98,-0.01,5.798,-0.00487,0.0408,-1.39,-1.39,-0.00724,0.00864,6.89,3.74,6.51,6.05
931,15.5167,7.0,28.082,0.022,0.6882,0.02,-2.98,0.03,6.864,0.0,0.03925,-2.75,-2.75,-0.00567,0.01195,6.9,6.84,6.94,6.77
932,15.5333,7.0,28.099,0.023,0.687,0.1,-2.93,0.03,6.536,-0.00314,0.03552,-1.54,-1.54,-0.0078,0.01093,6.84,5.68,6.93,6.69
933,15.55,7.0,28.115,0.023,0.6878,0.18,-2.91,0.05,6.843,-0.00398,0.03304,-1.12,-1.12,-0.00769,0.00998,7.02,6.78,6.63,6.94
934,15.5667,7.0,28.131,0.022,0.6881,0.05,-2.96,0.0,6.639,0.00044,0.0312,-2.32,-2.32,-0.00531,0.01203,5.42,7.58,6.95,6.6
935,15.5833,7.0,28.147,0.023,0.6873,-0.05,-2.98,0.01,7.082,0.00123,0.02642,-2.22,0.0,-0.00506,0.01257,6.59,6.4,6.9,8.44
936,15.6,7.0,28.162,0.023,0.6892,0.19,-2.68,0.1,6.223,-0.00981,0.0173,1.73,1.73,-0.00909,0.00555,7.49,5.07,5.19,7.13
937,15.6167,7.0,28.176,0.023,0.6929,0.12,-2.38,0.17,4.928,-0.00558,0.01449,0.66,0.66,-0.00703,0.00771,7.0,1.64,3.77,7.31
938,15.6333,7.0,28.192,0.023,0.696,0.17,-2.1,0.16,8.994,-0.00674,0.00582,1.61,1.61,-0.00747,0.007,7.02,16.35,7.02,5.59
939,15.65,7.0,28.208,0.023,0.6975,0.19,-1.84,0.19,6.56,-0.00871,-0.00061,2.65,2.65,-0.00964,0.0072,6.91,5.71,6.96,6.66
940,15.6667,7.0,28.225,0.024,0.6983,0.16,-1.64,0.19,7.012,-0.0087,-0.00538,2.99,2.99,-0.00924,0.00682,6.89,6.72,6.98,7.45
941,15.6833,7.0,28.241,0.024,0.6993,0.06,-1.62,0.16,6.791,-0.00713,-0.01253,3.02,3.02,-0.00835,0.00749,6.87,6.81,6.92,6.57
942,15.7,7.0,28.258,0.024,0.6982,-0.01,-1.58,0.12,6.917,-0.00757,-0.02008,3.68,3.68,-0.00866,0.00736,6.62,6.81,6.91,7.32
943,15.7167,7.0,28.274,0.025,0.7006,0.03,-1.77,0.06,8.004,-0.0092,-0.01704,3.95,3.95,-0.01146,0.00854,8.98,6.57,9.62,6.85
944,15.7333,7.0,28.286,0.025,0.7049,0.06,-2.29,0.04,6.693,-0.01172,-0.02131,5.01,5.01,-0.01277,0.00732,7.16,6.06,6.94,6.61
945,15.75,7.0,28.298,0.025,0.7076,-0.02,-2.75,0.04,7.167,-0.00857,-0.02063,4.01,4.01,-0.01087,0.00858,6.64,8.93,6.85,6.25
946,15.7667,7.0,28.311,0.026,0.7099,0.07,-3.12,0.04,6.697,-0.013,-0.02257,5.48,5.48,-0.01376,0.00703,6.48,5.84,6.88,7.58
947,15.7833,7.0,28.323,0.026,0.7112,0.29,-3.31,0.11,5.928,-0.01792,-0.02934,7.43,7.43,-0.0161,0.00445,6.68,4.85,6.66,5.52
948,15.8,7.0,28.337,0.026,0.7123,0.16,-3.3,0.1,6.203,-0.01264,-0.0315,6.0,6.0,-0.01316,0.00678,6.61,5.84,6.75,5.61
949,15.8167,7.0,28.352,0.026,0.7122,0.04,-3.31,0.06,6.42,-0.01051,-0.03074,5.3,5.3,-0.01171,0.00747,6.71,6.25,6.76,5.96
950,15.8333,7.0,28.367,0.026,0.7121,0.07,-3.4,0.04,7.122,-0.01466,-0.03267,6.69,6.69,-0.01386,0.00547,6.09,6.5,6.75,9.15
951,15.85,7.0,28.383,0.026,0.7125,0.24,-3.39,0.05,6.183,-0.02007,-0.03734,8.64,8.64,-0.0164,0.0026,6.57,6.19,6.01,5.96
952,15.8667,7.0,28.399,0.026,0.7125,0.13,-3.27,-0.01,6.284,-0.01676,-0.04129,7.92,7.92,-0.0143,0.00381,6.58,5.98,6.67,5.9
953,15.8833,7.0,28.415,0.026,0.7115,0.06,-3.23,-0.01,7.126,-0.01547,-0.03887,7.36,7.36,-0.01387,0.00467,7.63,6.53,6.73,7.61
954,15.9,7.0,28.431,0.027,0.7119,0.22,-3.36,0.08,7.256,-0.02167,-0.03807,9.17,9.17,-0.0164,0.001,6.62,6.69,8.96,6.75
955,15.9167,7.0,28.447,0.026,0.7126,0.26,-3.38,0.09,6.426,-0.01986,-0.04093,8.82,8.82,-0.01531,0.00172,6.51,5.98,6.96,6.26
956,15.9333,7.0,28.463,0.026,0.7118,0.09,-3.29,-0.0,6.398,-0.01676,-0.04245,8.0,8.0,-0.01373,0.00324,6.56,6.44,6.66,5.93
957,15.95,7.0,28.479,0.026,0.7122,0.07,-3.39,-0.03,6.765,-0.01563,-0.03835,7.37,7.37,-0.01318,0.00383,6.15,6.49,6.52,7.9
958,15.9667,7.0,28.495,0.026,0.7129,0.17,-3.4,-0.02,6.337,-0.01451,-0.02802,6.31,6.31,-0.01283,0.00459,6.66,6.27,6.73,5.68
959,15.9833,7.0,28.511,0.025,0.7124,0.12,-3.28,-0.03,6.404,-0.01024,-0.01795,4.33,4.33,-0.01085,0.00688,6.71,6.48,6.77,5.67
960,16.0,7.0,28.527,0.026,0.7121,0.08,-3.27,-0.01,6.854,-0.01096,-0.01116,4.07,4.07,-0.01168,0.00699,6.82,6.81,6.89,6.89
961,16.0167,7.0,28.543,0.026,0.7118,0.18,-3.33,0.0,6.978,-0.01601,-0.00399,5.08,5.08,-0.01352,0.00379,7.14,6.99,7.03,6.76
962,16.0333,7.0,28.559,0.026,0.7125,0.21,-3.35,0.06,7.083,-0.01246,0.0041,3.45,3.45,-0.01177,0.00558,6.66,8.55,6.7,6.42
963,16.05,7.0,28.575,0.026,0.7121,0.05,-3.28,0.08,6.954,-0.00812,0.01249,1.56,1.56,-0.00974,0.00789,6.97,6.71,6.78,7.35
964,16.0667,7.0,28.591,0.027,0.7125,0.01,-3.45,0.12,6.66,-0.01108,0.01566,2.23,2.23,-0.0125,0.00768,7.28,6.88,6.92,5.56
965,16.0833,7.0,28.606,0.027,0.7128,0.24,-3.45,0.21,6.309,-0.01677,0.01145,4.23,4.23,-0.01514,0.00464,6.79,5.39,6.88,6.18
966,16.1,7.0,28.622,0.027,0.7121,0.12,-3.24,0.24,6.476,-0.01086,0.00944,2.6,2.6,-0.01218,0.00759,6.67,6.38,6.95,5.9
967,16.1167,7.0,28.638,0.027,0.7122,0.09,-3.27,0.28,6.994,-0.01226,0.00697,3.19,3.19,-0.01383,0.00784,7.5,6.86,6.85,6.76
968,16.1333,7.0,28.654,0.027,0.7141,0.08,-3.22,0.2,6.251,-0.00982,0.0125,2.07,2.07,-0.01229,0.00874,7.53,4.51,6.92,6.04
969,16.15,7.0,28.669,0.027,0.7171,0.06,-2.73,0.26,7.811,-0.00803,0.01556,1.32,1.32,-0.01173,0.00997,-0.83,19.26,6.95,5.87
970,16.1667,7.0,28.685,0.028,0.7195,0.07,-2.29,0.3,6.31,-0.00668,0.01517,0.94,0.94,-0.01043,0.01002,6.83,5.61,6.94,5.86
971,16.1833,7.0,28.701,0.028,0.7224,0.12,-2.1,0.27,6.698,-0.00771,0.01682,1.14,1.14,-0.0108,0.00936,6.43,6.88,6.88,6.61
972,16.2,7.0,28.718,0.027,0.7238,0.15,-1.95,0.26,6.663,-0.00733,0.02452,0.48,0.48,-0.0106,0.00954,6.94,6.46,6.95,6.3
973,16.2167,7.0,28.735,0.027,0.7236,0.04,-1.72,0.25,6.475,-0.0039,0.02874,-0.84,0.0,-0.00954,0.01192,7.01,5.78,6.98,6.12
974,16.2333,7.0,28.752,0.027,0.7245,0.12,-1.7,0.23,7.414,-0.00645,0.03127,-0.25,-0.25,-0.01079,0.01061,7.56,7.34,7.53,7.22
975,16.25,7.0,28.766,0.027,0.7282,0.33,-2.2,0.27,7.734,-0.01168,0.0256,1.71,1.71,-0.014,0.00858,8.82,7.02,8.96,6.14
976,16.2667,7.0,28.776,0.026,0.732,0.32,-2.84,0.22,6.297,-0.00648,0.02412,0.26,0.26,-0.01248,0.01226,6.55,6.74,6.82,5.08
977,16.2833,7.0,28.787,0.025,0.7358,0.12,-3.29,0.21,6.587,0.00171,0.02986,-2.6,0.0,-0.00866,0.01664,6.84,6.81,6.89,5.81
978,16.3,7.0,28.798,0.026,0.7386,-0.08,-3.76,0.22,7.385,0.0066,0.04099,-4.85,-3.0,-0.00635,0.01922,12.01,5.08,6.76,5.69
979,16.3167,7.0,28.811,0.027,0.7407,0.05,-4.04,0.18,6.681,0.00025,0.04386,-3.14,-3.14,-0.01142,0.01794,6.84,5.59,6.95,7.35
980,16.3333,7.0,28.823,0.027,0.7418,0.22,-4.18,0.26,6.095,-0.00185,0.0407,-2.29,-2.29,-0.01238,0.01681,6.97,4.92,6.94,5.55
981,16.35,7.0,28.837,0.027,0.743,0.08,-4.23,0.23,6.638,0.00288,0.04542,-4.04,-4.04,-0.00952,0.01867,6.58,6.61,6.88,6.48
982,16.3667,7.0,28.852,0.027,0.7437,-0.09,-4.44,0.22,6.51,0.00745,0.05965,-6.41,-6.41,-0.0072,0.02092,6.27,6.88,6.79,6.1
983,16.3833,7.0,28.867,0.028,0.7436,0.14,-4.42,0.27,6.441,0.00224,0.06146,-4.97,-4.97,-0.01173,0.02024,6.68,5.55,6.78,6.76
984,16.4,7.0,28.882,0.028,0.7426,0.2,-4.25,0.33,6.236,0.00391,0.05635,-5.12,-5.12,-0.01088,0.02106,6.79,6.12,6.81,5.22
985,16.4167,7.0,28.898,0.028,0.7437,0.18,-4.21,0.28,6.683,0.00442,0.04734,-4.64,-4.64,-0.0098,0.02048,6.74,6.69,6.77,6.53
986,16.4333,7.0,28.914,0.028,0.7436,0.11,-4.28,0.25,6.704,0.00569,0.04727,-5.02,-5.02,-0.00942,0.02138,6.75,6.74,6.82,6.5
987,16.45,7.0,28.93,0.028,0.7418,0.19,-4.24,0.25,5.356,0.00293,0.04651,-4.14,-4.14,-0.01096,0.02017,4.94,5.28,6.73,4.47
988,16.4667,7.0,28.946,0.028,0.7431,0.22,-4.11,0.29,6.66,0.00217,0.0402,-3.47,-3.47,-0.0123,0.02074,6.53,6.74,6.82,6.55
989,16.4833,7.0,28.963,0.029,0.7437,0.2,-4.15,0.29,6.792,0.00272,0.03052,-2.95,-2.95,-0.01225,0.02124,6.77,6.81,6.85,6.73
990,16.5,7.0,28.979,0.029,0.7425,0.14,-4.23,0.26,6.55,0.0037,0.02835,-3.09,0.0,-0.01185,0.02182,6.64,7.27,6.74,5.56
991,16.5167,7.0,28.995,0.029,0.7425,0.29,-4.15,0.26,6.768,-0.00223,0.01863,-0.63,0.0,-0.01499,0.01903,6.49,7.0,7.0,6.59
992,16.5333,7.0,29.011,0.029,0.7438,0.18,-4.21,0.24,6.83,0.00068,0.01255,-1.08,0.0,-0.01333,0.02028,6.68,6.95,6.95,6.75
993,16.55,7.0,29.026,0.03,0.7437,0.05,-4.33,0.21,6.802,0.00209,0.00734,-1.14,0.0,-0.01294,0.0213,6.98,6.99,6.98,6.26
994,16.5667,7.0,29.042,0.03,0.7423,0.23,-4.22,0.21,6.674,-0.00238,0.001,0.64,0.0,-0.01687,0.02076,7.0,5.7,7.0,7.0
995,16.5833,7.0,29.058,0.03,0.7433,0.26,-4.12,0.18,6.841,-0.00264,-0.00407,1.08,0.0,-0.01682,0.02045,6.98,6.92,6.9,6.56
996,16.6,7.0,29.074,0.03,0.7443,0.23,-4.19,0.12,6.821,-0.00159,-0.00802,1.04,0.0,-0.01645,0.02112,6.99,6.98,7.0,6.32
997,16.6167,7.0,29.089,0.029,0.7431,0.15,-4.27,0.05,6.532,0.00034,-0.01051,0.63,0.0,-0.01562,0.02223,6.88,6.72,7.0,5.54
998,16.6333,7.0,29.105,0.029,0.7415,0.28,-4.14,0.04,5.858,-0.00182,-0.00883,1.16,0.0,-0.01646,0.02091,2.94,7.45,6.63,6.41
999,16.65,7.0,29.122,0.029,0.7437,0.22,-4.21,-0.06,6.859,0.00192,-0.00649,-0.12,0.0,-0.01257,0.02075,6.94,6.98,6.96,6.56
1000,16.6667,7.0,29.138,0.029,0.7436,0.11,-4.29,-0.12,6.955,0.00317,-0.00461,-0.63,0.0,-0.01231,0.02175,6.96,6.95,6.95,6.96
1001,16.6833,7.0,29.153,0.029,0.745,0.25,-3.66,-0.16,11.011,-0.00169,-0.00335,0.74,0.0,-0.01498,0.01956,26.18,5.46,6.91,5.49
1002,16.7,7.0,29.169,0.029,0.7487,0.24,-3.23,-0.17,6.18,-0.00058,-0.00083,0.23,0.0,-0.01308,0.01877,5.17,6.75,6.73,6.07
1003,16.7167,7.0,29.185,0.03,0.753,0.21,-3.04,-0.19,6.307,-0.00191,-0.00105,0.65,0.0,-0.01318,0.01754,6.12,5.52,6.98,6.61
1004,16.7333,7.0,29.201,0.03,0.755,0.18,-2.8,-0.17,6.629,-0.00198,-0.00331,0.83,0.0,-0.01304,0.01733,6.99,6.15,7.01,6.37
1005,16.75,7.0,29.218,0.03,0.7555,0.16,-2.56,-0.16,6.484,-0.00341,-0.00455,1.34,0.0,-0.01373,0.01659,6.93,6.14,6.94,5.93
1006,16.7667,7.0,29.235,0.03,0.7576,0.2,-2.48,-0.19,6.953,-0.0055,-0.01163,2.46,2.46,-0.01422,0.01499,7.03,6.96,6.96,6.86
1007,16.7833,7.0,29.247,0.03,0.7639,0.79,-2.7,0.24,6.788,-0.02116,-0.03525,8.82,5.46,-0.02968,0.01479,7.13,6.9,6.9,6.22
1008,16.8,7.0,29.258,0.027,0.7685,1.09,-3.1,0.47,6.856,-0.02363,-0.05359,10.84,8.46,-0.02996,0.0126,6.64,6.64,7.56,6.6
1009,16.8167,7.0,29.269,0.025,0.772,1.03,-3.77,0.58,4.947,-0.01614,-0.06316,9.26,9.26,-0.02758,0.01771,4.78,6.38,6.42,2.21
1010,16.8333,7.0,29.279,0.024,0.7758,0.9,-4.23,0.6,6.129,-0.00646,-0.06026,6.16,6.26,-0.02416,0.02397,5.94,6.61,6.69,5.28
1011,16.85,7.0,29.289,0.024,0.7786,0.76,-4.71,0.65,7.46,-0.00126,-0.05229,4.04,4.04,-0.02316,0.02818,10.7,6.73,6.77,5.64
1012,16.8667,7.0,29.301,0.024,0.7803,0.57,-5.24,0.69,6.626,0.00223,-0.04022,2.15,2.15,-0.023,0.0315,6.6,6.72,6.85,6.34
1013,16.8833,7.0,29.313,0.025,0.7807,0.33,-5.78,0.7,6.25,0.00554,-0.02404,0.02,0.02,-0.02162,0.03343,4.76,6.53,6.58,7.13
1014,16.9,7.0,29.324,0.027,0.7826,-0.08,-6.15,0.66,5.972,0.01052,0.01143,-3.96,-2.98,-0.01843,0.03523,6.66,4.83,6.87,5.52
1015,16.9167,7.0,29.337,0.028,0.7848,0.08,-6.18,0.64,6.506,0.00122,0.03563,-2.86,-2.86,-0.02521,0.0327,6.93,5.21,6.87,7.01
1016,16.9333,7.0,29.35,0.029,0.7853,0.24,-6.28,0.67,6.476,-0.0046,0.04321,-1.64,-1.64,-0.0289,0.03056,6.89,5.5,6.88,6.63
1017,16.95,7.0,29.364,0.03,0.785,0.2,-6.3,0.69,6.109,-0.00139,0.04324,-2.61,-2.61,-0.02715,0.03202,6.97,5.27,7.0,5.2
1018,16.9667,7.0,29.379,0.03,0.7844,-0.08,-6.27,0.64,6.765,0.00467,0.04415,-4.49,-4.49,-0.0232,0.03414,6.56,6.81,6.83,6.86
1019,16.9833,7.0,29.395,0.032,0.785,0.11,-6.14,0.67,6.596,-0.00118,0.03535,-2.12,-2.12,-0.02827,0.03336,6.81,5.88,6.86,6.84
1020,17.0,7.0,29.411,0.032,0.7836,0.32,-6.1,0.72,5.96,-0.00725,0.01795,0.92,0.88,-0.03209,0.03112,5.05,7.06,6.76,4.97
1021,17.0167,7.0,29.427,0.032,0.7846,0.25,-6.11,0.59,6.65,-0.00308,0.00181,0.8,0.0,-0.02748,0.03067,6.6,6.92,6.86,6.22
1022,17.0333,7.0,29.443,0.032,0.7846,0.09,-6.12,0.54,6.787,-0.00052,-0.0002,0.17,0.0,-0.02684,0.0326,7.0,7.01,6.98,6.16
1023,17.05,7.0,29.459,0.033,0.7834,0.2,-5.97,0.55,5.876,-0.00394,0.00051,1.15,0.0,-0.02905,0.03139,5.83,6.14,6.97,4.57
1024,17.0667,7.0,29.476,0.033,0.7842,0.35,-6.05,0.52,6.864,-0.0063,-0.0046,2.21,2.21,-0.03014,0.03011,7.12,6.89,6.94,6.5
1025,17.0833,7.0,29.491,0.032,0.7857,0.33,-6.06,0.42,6.996,-0.00503,-0.01403,2.49,2.49,-0.02942,0.03066,6.94,6.95,6.99,7.1
1026,17.1,7.0,29.507,0.032,0.7851,0.2,-6.12,0.36,6.706,-0.0012,-0.01236,1.22,0.0,-0.02918,0.03426,6.85,6.86,6.92,6.2
1027,17.1167,7.0,29.523,0.031,0.784,0.28,-6.12,0.34,7.293,-0.00299,-0.0065,1.35,0.0,-0.03015,0.03343,7.57,7.23,6.93,7.44
1028,17.1333,7.0,29.539,0.031,0.7844,0.19,-6.17,0.3,6.616,0.00244,-4e-05,-0.73,0.0,-0.02614,0.03485,6.47,7.05,7.04,5.9
1029,17.15,7.0,29.555,0.031,0.7842,0.01,-6.17,0.27,6.823,0.00545,0.0061,-2.06,-2.06,-0.02514,0.03686,6.99,7.01,7.05,6.24
1030,17.1667,7.0,29.571,0.031,0.7831,0.15,-5.98,0.27,6.514,0.00149,0.01096,-1.22,0.0,-0.02781,0.03557,6.97,5.86,6.95,6.28
1031,17.1833,7.0,29.587,0.031,0.7837,0.32,-6.05,0.25,6.843,-0.0002,0.01591,-1.05,0.0,-0.02855,0.03462,6.77,6.82,6.91,6.87
1032,17.2,7.0,29.602,0.03,0.7849,0.27,-6.01,0.15,7.097,0.00203,0.02127,-2.1,0.0,-0.0276,0.0359,6.95,6.97,6.97,7.5
1033,17.2167,7.0,29.618,0.029,0.7843,0.13,-6.03,0.07,6.704,0.00758,0.02775,-4.22,-3.0,-0.02556,0.03941,7.04,7.29,6.96,5.53
1034,17.2333,7.0,29.632,0.029,0.7884,0.33,-5.49,-0.02,5.413,0.00534,0.03299,-3.91,-3.91,-0.02577,0.03738,4.14,4.99,6.89,5.64
1035,17.25,7.0,29.647,0.028,0.7929,0.31,-5.0,-0.06,9.578,0.00709,0.03382,-4.49,-4.49,-0.02413,0.03749,18.44,7.16,7.0,5.71
1036,17.2667,7.0,29.662,0.027,0.7964,0.33,-4.56,-0.09,6.389,0.00916,0.03357,-5.1,-5.1,-0.02247,0.0379,6.64,6.21,6.87,5.83
1037,17.2833,7.0,29.679,0.027,0.7988,0.33,-4.15,-0.11,6.366,0.01104,0.03935,-6.07,-6.07,-0.02108,0.03839,6.71,6.03,6.85,5.88
1038,17.3,7.0,29.696,0.026,0.8012,0.35,-3.9,-0.15,6.622,0.01208,0.04727,-6.93,-6.93,-0.01999,0.03834,6.53,6.68,6.78,6.49
1039,17.3167,7.0,29.713,0.026,0.8023,0.32,-3.71,-0.18,6.442,0.01382,0.05372,-7.91,-7.91,-0.01907,0.03917,6.59,6.35,6.73,6.1
1040,17.3333,7.0,29.725,0.025,0.8071,0.93,-3.66,0.28,6.294,-0.00337,0.03601,-1.51,-4.91,-0.03636,0.03926,6.54,6.57,6.73,5.33
1041,17.35,7.0,29.735,0.022,0.8119,1.45,-3.87,0.64,3.617,-0.00057,0.0256,-1.62,-1.91,-0.03801,0.0437,-1.74,6.4,6.52,3.28
1042,17.3667,7.0,29.746,0.02,0.8167,1.99,-4.28,0.84,6.622,-0.0057,0.00938,1.05,1.05,-0.04321,0.04378,7.08,6.91,6.7,5.8
1043,17.3833,7.0,29.755,0.017,0.8215,2.15,-4.74,0.87,6.826,0.00497,0.00394,-1.77,0.0,-0.03956,0.0508,6.77,6.87,8.54,5.11
1044,17.4,7.0,29.766,0.015,0.8263,2.18,-5.16,0.88,8.226,0.01139,0.00384,-3.69,-3.0,-0.0375,0.05517,11.41,6.93,6.97,7.59
1045,17.4167,7.0,29.777,0.013,0.8298,2.18,-5.62,0.89,6.833,0.01755,0.009,-5.89,-5.89,-0.03632,0.06014,7.6,6.79,6.86,6.08
1046,17.4333,7.0,29.789,0.013,0.8322,2.17,-6.1,0.9,6.794,0.02109,0.0154,-7.41,-7.41,-0.03539,0.06275,7.75,6.59,6.67,6.16
1047,17.45,7.0,29.801,0.013,0.8329,2.15,-6.61,0.89,6.524,0.02385,0.04155,-10.06,-10.06,-0.0349,0.06502,6.58,6.5,6.6,6.41
1048,17.4667,7.0,29.814,0.014,0.8364,1.8,-6.86,0.89,6.301,0.03338,0.07148,-15.02,-13.06,-0.03089,0.07054,6.45,6.37,6.51,5.88
1049,17.4833,7.0,29.827,0.015,0.8373,1.52,-7.24,0.87,6.365,0.03547,0.10524,-18.01,-16.06,-0.02991,0.07165,6.56,6.25,6.43,6.22
1050,17.5,7.0,29.841,0.017,0.8365,1.24,-7.63,0.83,6.017,0.03637,0.12491,-19.66,-19.06,-0.03004,0.07269,5.62,6.11,6.29,6.05
1051,17.5167,7.0,29.855,0.019,0.834,0.96,-8.03,0.79,6.194,0.03678,0.13604,-20.56,-20.56,-0.03005,0.0731,6.09,5.86,6.15,6.67
1052,17.5333,7.0,29.868,0.023,0.8374,0.39,-8.3,0.77,6.6,0.04151,0.14436,-22.56,-22.56,-0.02795,0.07573,6.76,6.87,6.07,6.71
1053,17.55,7.0,29.882,0.026,0.8383,0.24,-8.59,0.79,6.142,0.03584,0.14221,-20.71,-20.71,-0.03154,0.07365,5.86,5.97,5.93,6.81
1054,17.5667,7.0,29.896,0.028,0.8384,0.45,-8.61,0.86,5.795,0.02634,0.12771,-16.84,-17.71,-0.03935,0.07196,6.0,4.88,6.16,6.14
1055,17.5833,7.0,29.91,0.029,0.8382,0.43,-8.44,0.94,5.874,0.02549,0.10428,-14.95,-14.95,-0.04003,0.07179,6.13,5.4,6.29,5.69
1056,17.6,7.0,29.926,0.031,0.8381,0.36,-8.4,0.94,6.963,0.02219,0.07811,-12.13,-12.13,-0.04198,0.07044,7.29,7.37,6.34,6.85
1057,17.6167,7.0,29.942,0.032,0.8375,0.26,-8.59,0.89,5.995,0.02208,0.05403,-10.41,-10.41,-0.04226,0.07061,6.41,4.65,6.47,6.45
1058,17.6333,7.0,29.958,0.032,0.8364,0.51,-8.4,0.92,5.746,0.0126,0.02268,-5.37,-7.41,-0.04663,0.06551,6.41,5.04,6.33,5.21
1059,17.65,7.0,29.974,0.032,0.8376,0.53,-8.25,0.96,6.495,0.01284,-0.00953,-3.19,-4.41,-0.04737,0.06648,6.31,6.63,6.69,6.34
1060,17.6667,7.0,29.99,0.032,0.8381,0.52,-8.3,0.95,6.802,0.01443,-0.03041,-2.2,-2.2,-0.04689,0.06759,6.96,6.76,6.8,6.69
1061,17.6833,7.0,30.006,0.032,0.837,0.5,-8.42,0.94,6.897,0.01455,-0.03889,-1.64,-1.64,-0.04696,0.06777,6.88,6.89,6.9,6.92
1062,17.7,7.0,30.023,0.032,0.8359,0.48,-8.1,0.91,6.329,0.01583,-0.04417,-1.66,-1.66,-0.04659,0.06869,6.93,5.83,6.96,5.59
1063,17.7167,7.0,30.039,0.032,0.8384,0.62,-8.19,0.84,6.889,0.01284,-0.04849,-0.46,-0.46,-0.04719,0.0663,7.04,6.89,6.93,6.69
1064,17.7333,7.0,30.056,0.032,0.8378,0.61,-8.27,0.8,6.862,0.01414,-0.05083,-0.68,-0.68,-0.04726,0.06767,6.96,6.96,6.97,6.56
1065,17.75,7.0,30.072,0.032,0.8356,0.55,-8.18,0.73,5.835,0.01569,-0.04155,-1.8,-1.8,-0.04649,0.06846,6.7,4.89,7.19,4.57
1066,17.7667,7.0,30.088,0.032,0.8379,0.61,-8.17,0.68,6.792,0.01433,-0.03503,-1.85,-1.85,-0.04642,0.06703,6.85,6.87,6.91,6.53
1067,17.7833,7.0,30.103,0.032,0.8412,0.49,-7.93,0.51,5.194,0.01992,-0.02518,-4.21,-4.21,-0.04141,0.0676,8.16,0.28,7.08,5.25
1068,17.8,7.0,30.117,0.032,0.8456,0.48,-7.24,0.67,6.63,0.01972,-0.01683,-4.74,-4.74,-0.0409,0.0669,6.46,7.65,6.64,5.77
1069,17.8167,7.0,30.131,0.033,0.8491,0.5,-6.61,0.83,7.21,0.02035,-0.01016,-5.39,-5.39,-0.03992,0.06654,6.42,6.74,6.75,8.94
1070,17.8333,7.0,30.146,0.033,0.8541,0.62,-6.22,0.86,6.496,0.01508,-0.00664,-4.06,-4.06,-0.04164,0.06299,7.33,5.55,6.75,6.35
1071,17.85,7.0,30.162,0.033,0.857,0.73,-5.78,0.92,6.254,0.01526,-0.00469,-4.25,-4.25,-0.04071,0.06224,6.71,5.6,6.87,5.83
1072,17.8667,7.0,30.178,0.033,0.859,0.84,-5.36,0.98,6.437,0.01563,-0.00419,-4.4,-4.4,-0.04008,0.06198,6.73,6.07,6.87,6.08
1073,17.8833,7.0,30.196,0.033,0.8604,0.98,-5.05,0.95,7.018,0.01255,-0.00552,-3.38,-3.38,-0.04153,0.06035,7.19,7.54,6.85,6.49
1074,17.9,7.0,30.213,0.033,0.8613,1.08,-4.91,0.89,6.751,0.01173,-0.01329,-2.59,-2.59,-0.04211,0.06011,6.83,6.82,6.89,6.47
1075,17.9167,7.0,30.223,0.031,0.8659,1.89,-4.89,1.59,6.062,-0.00713,-0.03931,4.89,0.41,-0.06455,0.06369,5.42,6.91,6.93,4.98
1076,17.9333,7.0,30.232,0.028,0.8703,2.39,-5.22,1.96,5.65,-0.01288,-0.06877,8.68,3.41,-0.06831,0.0617,1.81,6.23,9.24,5.31
1077,17.95,7.0,30.239,0.023,0.8763,2.7,-5.63,2.07,8.827,-0.00424,-0.08039,6.9,6.41,-0.06713,0.06916,16.85,6.49,8.35,3.62
1078,17.9667,7.0,30.248,0.02,0.8811,2.91,-6.01,2.15,6.274,0.004,-0.08232,4.56,4.56,-0.06595,0.07622,-3.31,6.3,17.99,4.12
1079,17.9833,7.0,30.256,0.018,0.8861,3.2,-6.46,2.37,6.221,0.01029,-0.07793,2.37,2.37,-0.06562,0.08218,6.54,6.7,6.94,4.71
1080,18.0,7.0,30.265,0.017,0.8895,3.45,-6.9,2.59,6.146,0.01595,-0.06509,-0.23,-0.23,-0.06579,0.08801,6.71,6.82,5.98,5.06
1081,18.0167,7.0,30.275,0.016,0.8912,3.63,-7.37,2.76,6.527,0.021,-0.04774,-2.96,-2.96,-0.06596,0.09323,6.79,6.89,6.84,5.59
1082,18.0333,7.0,30.285,0.016,0.8934,3.36,-7.49,2.87,4.203,0.03077,-0.00303,-9.02,-5.96,-0.06542,0.10246,-2.4,6.56,6.47,6.19
1083,18.05,7.0,30.296,0.018,0.8967,3.25,-7.9,2.96,6.489,0.03334,0.04487,-13.14,-8.96,-0.06485,0.10445,6.7,6.63,6.73,5.9
1084,18.0667,7.0,30.308,0.019,0.8981,3.11,-8.35,3.03,5.782,0.0343,0.07913,-15.83,-11.96,-0.0673,0.10787,3.94,6.45,6.53,6.21
1085,18.0833,7.0,30.32,0.021,0.8986,3.01,-8.83,2.94,6.308,0.03383,0.10031,-17.17,-14.96,-0.06799,0.10809,6.88,6.29,6.43,5.64
1086,18.1,7.0,30.333,0.023,0.9008,2.65,-9.1,2.85,6.112,0.03967,0.11849,-20.2,-17.96,-0.06509,0.11103,6.51,6.11,6.37,5.46
1087,18.1167,7.0,30.346,0.026,0.9014,2.29,-9.44,2.78,6.299,0.04212,0.13118,-21.82,-20.96,-0.06396,0.11235,7.04,5.99,6.24,5.93
1088,18.1333,7.0,30.36,0.029,0.9017,2.02,-9.9,2.73,6.25,0.04138,0.1364,-21.96,-21.96,-0.06541,0.11306,6.76,5.81,6.09,6.33
1089,18.15,7.0,30.373,0.032,0.9004,1.76,-10.37,2.65,5.853,0.0409,0.13045,-21.4,-21.4,-0.0665,0.11367,5.41,5.7,5.98,6.33
1090,18.1667,7.0,30.386,0.035,0.9015,1.42,-10.4,2.6,5.258,0.04019,0.12185,-20.59,-20.59,-0.06736,0.11382,5.89,4.52,6.0,4.62
1091,18.1833,7.0,30.401,0.038,0.9011,1.41,-10.25,2.68,5.754,0.03567,0.10864,-18.31,-18.31,-0.06958,0.11153,5.99,5.24,6.18,5.61
1092,18.2,7.0,30.416,0.039,0.9022,1.49,-10.48,2.69,6.352,0.02954,0.09119,-15.25,-15.31,-0.07505,0.11086,6.74,6.04,6.24,6.39
1093,18.2167,7.0,30.432,0.041,0.9004,1.47,-10.7,2.64,6.25,0.0302,0.0705,-13.99,-13.99,-0.0754,0.11187,6.19,6.21,6.36,6.24
1094,18.2333,7.0,30.448,0.042,0.9014,1.39,-10.29,2.6,5.878,0.03028,0.04987,-12.57,-12.57,-0.07571,0.11226,6.29,5.46,6.43,5.33
1095,18.25,7.0,30.464,0.043,0.9027,1.51,-10.36,2.57,6.61,0.02574,0.0278,-9.67,-9.67,-0.07898,0.111,7.01,6.33,6.48,6.62
1096,18.2667,7.0,30.48,0.044,0.9019,1.59,-10.52,2.5,6.487,0.02674,0.0099,-8.71,-8.71,-0.07908,0.11209,6.49,6.48,6.61,6.37
1097,18.2833,7.0,30.496,0.044,0.8996,1.86,-10.51,2.45,6.291,0.02133,-0.01069,-5.65,-5.71,-0.08315,0.11075,6.57,5.18,6.67,6.74
1098,18.3,7.0,30.512,0.045,0.9007,1.57,-10.02,2.48,6.37,0.03272,-0.01245,-8.94,-8.71,-0.07971,0.1187,6.31,6.68,6.72,5.77
1099,18.3167,7.0,30.529,0.045,0.9029,1.78,-10.2,2.4,6.688,0.02744,-0.01312,-7.31,-7.31,-0.08234,0.11605,7.03,6.54,6.65,6.54
1100,18.3333,7.0,30.545,0.045,0.9014,1.88,-10.31,2.32,6.584,0.02862,-0.01317,-7.66,-7.66,-0.08231,0.11719,6.59,6.59,6.7,6.45
1101,18.35,7.0,30.562,0.046,0.9011,1.55,-10.11,2.24,6.418,0.03961,-0.00199,-11.74,-10.66,-0.07736,0.12324,6.91,6.6,6.71,5.45
1102,18.3667,7.0,30.575,0.047,0.9066,1.48,-9.81,1.79,5.774,0.04396,0.01698,-14.38,-13.66,-0.069,0.11923,5.1,6.43,6.57,4.99
1103,18.3833,7.0,30.588,0.048,0.9116,1.14,-9.53,1.54,6.168,0.0505,0.03939,-17.91,-16.66,-0.06083,0.1176,6.84,5.44,6.51,5.88
1104,18.4,7.0,30.6,0.049,0.9155,1.18,-9.04,1.44,5.909,0.04627,0.06032,-18.1,-18.1,-0.06331,0.11585,6.15,4.87,6.41,6.21
1105,18.4167,7.0,30.612,0.05,0.9185,1.54,-8.46,1.45,6.587,0.04154,0.06216,-16.81,-16.81,-0.06693,0.11474,5.96,7.99,6.34,6.07
1106,18.4333,7.0,30.625,0.05,0.9214,1.78,-7.9,1.47,6.555,0.03549,0.06298,-15.06,-15.06,-0.06893,0.11069,10.04,5.38,6.5,4.31
1107,18.45,7.0,30.638,0.049,0.9242,2.0,-7.39,1.47,9.941,0.03383,0.06078,-14.4,-14.4,-0.06924,0.10934,6.23,5.84,6.47,21.24
1108,18.4667,7.0,30.652,0.049,0.9262,2.18,-6.88,1.47,5.8,0.03212,0.04578,-12.84,-12.84,-0.06799,0.10638,6.19,5.64,6.45,4.92
1109,18.4833,7.0,30.667,0.048,0.9283,2.42,-6.48,1.41,7.099,0.03051,0.02645,-11.0,-11.0,-0.06769,0.10447,10.4,6.07,6.57,5.37
1110,18.5,7.0,30.684,0.046,0.9297,2.62,-6.14,1.37,6.022,0.0317,0.00394,-9.78,-9.78,-0.06653,0.1045,6.37,6.04,6.61,5.07
1111,18.5167,7.0,30.701,0.045,0.9299,2.82,-5.83,1.35,6.211,0.03312,-0.01006,-9.23,-9.23,-0.0656,0.105,6.47,6.23,6.63,5.52
1112,18.5333,7.0,30.718,0.045,0.9301,3.04,-5.74,1.32,7.486,0.03298,-0.01765,-8.66,-8.66,-0.06629,0.10555,8.04,7.78,7.0,7.12
1113,18.55,7.0,30.731,0.042,0.9355,2.69,-6.18,0.93,7.659,0.05273,0.0022,-15.97,-11.66,-0.05645,0.11545,8.58,5.83,10.43,5.79
1114,18.5667,7.0,30.739,0.041,0.9408,2.64,-7.03,1.11,6.255,0.05132,0.01993,-16.79,-14.66,-0.05621,0.1138,6.24,6.02,6.18,6.58
1115,18.5833,7.0,30.747,0.04,0.9439,2.76,-7.73,1.1,5.838,0.0559,0.042,-19.71,-17.66,-0.05481,0.11698,6.46,5.36,6.59,4.95
1116,18.6,7.0,30.757,0.04,0.9468,3.03,-8.27,1.04,6.123,0.05038,0.0574,-19.13,-19.13,-0.0588,0.11545,6.26,5.54,6.21,6.48
1117,18.6167,7.0,30.768,0.04,0.9516,2.84,-8.56,1.04,5.983,0.05825,0.07782,-22.92,-22.13,-0.05618,0.12069,6.33,5.85,6.2,5.56
1118,18.6333,7.0,30.779,0.041,0.9545,2.75,-9.04,1.03,5.584,0.0591,0.0952,-24.39,-24.39,-0.05609,0.12146,4.83,5.76,6.04,5.71
1119,18.65,7.0,30.79,0.042,0.9563,2.8,-9.46,1.0,5.603,0.0543,0.1057,-23.69,-23.69,-0.05931,0.11988,5.86,5.43,5.97,5.15
1120,18.6667,7.0,30.803,0.043,0.9573,3.15,-9.73,1.07,5.81,0.04687,0.08699,-20.15,-20.69,-0.06426,0.1174,5.84,5.19,6.02,6.19
1121,18.6833,7.0,30.816,0.043,0.9587,2.92,-9.63,1.13,3.521,0.05474,0.08006,-22.03,-22.03,-0.06253,0.12353,-3.7,5.98,5.91,5.9
1122,18.7,7.0,30.83,0.044,0.9598,2.78,-9.8,1.11,6.113,0.05565,0.07019,-21.61,-21.61,-0.06241,0.12433,6.8,5.82,6.08,5.76
1123,18.7167,7.0,30.844,0.045,0.9601,2.86,-9.95,1.08,5.732,0.0499,0.06127,-19.26,-19.26,-0.06613,0.1223,5.87,5.42,6.11,5.53
1124,18.7333,7.0,30.859,0.046,0.9593,3.19,-9.98,1.15,5.959,0.0443,0.03957,-16.06,-16.26,-0.06983,0.1204,6.03,5.49,6.21,6.11
1125,18.75,7.0,30.874,0.046,0.9612,3.01,-9.78,1.2,6.071,0.05207,0.02759,-17.55,-17.55,-0.06824,0.12657,6.22,6.11,6.3,5.66
1126,18.7667,7.0,30.89,0.047,0.96,2.89,-9.74,1.19,6.252,0.05382,0.02379,-17.81,-17.81,-0.06809,0.12818,6.62,6.11,6.25,6.03
1127,18.7833,7.0,30.906,0.048,0.9602,3.06,-9.95,1.15,5.66,0.04697,0.02103,-15.56,-15.56,-0.07184,0.12508,5.5,6.06,6.26,4.82
1128,18.8,7.0,30.922,0.047,0.9592,3.2,-9.94,1.11,6.267,0.04468,0.00816,-13.97,-13.97,-0.07142,0.12237,5.47,7.07,6.36,6.17
1129,18.8167,7.0,30.938,0.047,0.9606,3.0,-9.7,1.07,7.324,0.05399,0.00548,-16.58,-16.58,-0.06689,0.12715,7.75,6.35,6.38,8.81
1130,18.8333,7.0,30.954,0.048,0.9604,3.02,-9.75,1.04,6.507,0.05109,0.00605,-15.75,-15.75,-0.06866,0.12602,6.66,6.15,6.31,6.92
1131,18.85,7.0,30.97,0.048,0.9604,2.98,-9.89,1.04,4.887,0.04894,0.0101,-15.39,-15.39,-0.06936,0.12458,6.65,3.07,6.33,3.5
1132,18.8667,7.0,30.985,0.048,0.9608,2.82,-9.91,0.98,6.64,0.05327,0.01012,-16.69,-16.69,-0.06686,0.1264,6.21,7.6,6.37,6.37
1133,18.8833,7.0,31.001,0.048,0.9605,2.66,-10.0,0.95,6.756,0.05628,0.01144,-17.69,-17.69,-0.0648,0.12736,6.49,6.16,6.26,8.11
1134,18.9,7.0,31.016,0.048,0.961,2.91,-9.98,1.06,6.038,0.04931,0.01247,-15.67,-15.67,-0.06683,0.12241,5.85,5.69,6.29,6.32
1135,18.9167,7.0,31.031,0.048,0.9598,3.09,-9.96,1.17,6.168,0.04893,0.01535,-15.75,-15.75,-0.06562,0.12082,6.18,5.93,6.34,6.22
1136,18.9333,7.0,31.048,0.048,0.9602,2.93,-9.74,1.19,6.117,0.05624,0.01582,-17.98,-17.98,-0.06309,0.1256,5.34,6.24,6.36,6.52
1137,18.95,7.0,31.064,0.049,0.9606,2.97,-9.81,1.22,6.669,0.05425,0.01717,-17.48,-17.48,-0.06587,0.12638,6.96,6.05,6.48,7.19
1138,18.9667,7.0,31.075,0.049,0.9651,2.99,-9.31,0.82,2.793,0.05307,0.01936,-17.28,-17.28,-0.05836,0.1177,1.3,0.1,6.18,3.58
1139,18.9833,7.0,31.086,0.048,0.9696,3.29,-8.5,0.85,5.807,0.04744,0.01104,-15.0,-15.0,-0.06156,0.11527,5.5,4.87,6.41,6.44
1140,19.0,7.0,31.098,0.048,0.9737,3.47,-7.75,0.91,3.605,0.0448,-0.0021,-13.29,-13.29,-0.06269,0.11376,-0.53,3.7,6.42,4.83
1141,19.0167,7.0,31.11,0.047,0.9786,3.72,-7.14,0.95,6.985,0.0398,-0.01163,-11.12,-11.12,-0.06429,0.11036,8.34,4.91,6.12,8.57
1142,19.0333,7.0,31.123,0.046,0.9839,3.86,-6.68,1.05,5.1,0.04065,-0.01875,-10.88,-10.88,-0.06188,0.1088,6.18,5.29,4.04,4.9
1143,19.05,7.0,31.137,0.045,0.9888,4.06,-6.24,1.13,8.591,0.04062,-0.03256,-9.91,-9.91,-0.06062,0.10751,6.25,5.6,17.21,5.3
1144,19.0667,7.0,31.151,0.044,0.9928,4.24,-5.85,1.19,5.879,0.04087,-0.04242,-9.29,-9.29,-0.0593,0.10644,6.44,5.87,6.61,4.6
1145,19.0833,7.0,31.167,0.044,0.9965,4.42,-5.54,1.22,6.44,0.0403,-0.05047,-8.56,-8.56,-0.05813,0.1047,6.46,6.97,5.87,6.47
1146,19.1,7.0,31.183,0.043,0.9998,4.61,-5.35,1.23,6.499,0.04014,-0.05192,-8.41,-8.41,-0.05733,0.10375,6.57,6.49,6.68,6.25
1147,19.1167,7.0,31.2,0.042,1.0014,4.77,-5.15,1.23,6.491,0.0418,-0.04877,-9.13,-9.13,-0.05617,0.10424,6.58,6.48,6.68,6.22
1148,19.1333,7.0,31.218,0.042,1.0013,4.92,-4.96,1.22,6.485,0.04264,-0.04,-9.99,-9.99,-0.05571,0.10462,6.53,6.51,6.64,6.26
1149,19.15,7.0,31.235,0.041,1.0026,4.91,-5.07,1.15,6.754,0.04803,-0.02761,-12.48,-12.48,-0.05326,0.10756,6.48,7.01,7.12,6.4
1150,19.1667,7.0,31.251,0.041,1.0015,4.95,-5.24,1.14,8.241,0.05052,-0.01412,-14.17,-14.17,-0.05212,0.10891,6.33,14.81,3.78,8.05
1151,19.1833,7.0,31.264,0.04,1.0054,4.9,-5.6,0.98,6.651,0.05147,-0.00151,-15.34,-15.34,-0.05132,0.10906,6.21,6.03,8.27,6.1
1152,19.2,7.0,31.276,0.039,1.0093,5.02,-6.09,0.98,7.018,0.0529,0.01163,-16.68,-16.68,-0.05002,0.10919,6.29,8.49,6.22,7.08
1153,19.2167,7.0,31.289,0.038,1.0115,5.13,-6.51,0.93,6.417,0.05376,0.02424,-17.82,-17.82,-0.04832,0.10835,6.18,6.85,6.2,6.44
1154,19.2333,7.0,31.301,0.037,1.0119,5.23,-6.89,0.84,6.105,0.05311,0.03296,-18.24,-18.24,-0.04791,0.10729,6.07,6.13,6.21,6.01
1155,19.25,7.0,31.315,0.036,1.0131,4.82,-6.77,0.69,4.782,0.06416,0.05115,-22.83,-21.24,-0.04402,0.11445,6.13,2.79,6.28,3.93
1156,19.2667,7.0,31.329,0.036,1.0139,4.78,-6.57,0.55,5.046,0.06299,0.0604,-23.12,-23.12,-0.04431,0.11357,5.98,5.42,3.38,5.41
1157,19.2833,7.0,31.343,0.036,1.0142,4.73,-6.46,0.45,6.72,0.06278,0.06576,-23.44,-23.44,-0.04327,0.11232,5.78,9.14,6.04,5.93
1158,19.3,7.0,31.359,0.035,1.0126,4.74,-6.38,0.36,6.105,0.06141,0.06808,-23.19,-23.19,-0.04371,0.11139,5.77,6.91,6.07,5.67
1159,19.3167,7.0,31.374,0.035,1.0128,4.57,-6.42,0.33,6.142,0.07121,0.07874,-26.87,-26.19,-0.03918,0.11666,5.83,7.4,5.54,5.8
1160,19.3333,7.0,31.389,0.035,1.014,4.68,-6.42,0.27,5.804,0.06807,0.08402,-26.3,-26.3,-0.03975,0.11409,5.62,5.57,5.95,6.08
1161,19.35,7.0,31.404,0.034,1.0132,4.75,-6.46,0.28,5.716,0.06656,0.08777,-26.11,-26.11,-0.03945,0.11228,5.63,5.91,6.0,5.32
1162,19.3667,7.0,31.42,0.034,1.0108,4.79,-6.45,0.29,5.065,0.06785,0.08103,-26.03,-26.03,-0.03925,0.11336,5.66,3.43,5.98,5.18
1163,19.3833,7.0,31.435,0.033,1.0134,4.62,-6.35,0.25,5.855,0.07679,0.0855,-29.02,-29.02,-0.03472,0.11779,5.62,5.84,5.76,6.2
1164,19.4,7.0,31.452,0.034,1.0138,4.59,-6.22,0.32,6.403,0.07792,0.09082,-29.73,-29.73,-0.03307,0.11727,5.52,6.2,6.81,7.08
1165,19.4167,7.0,31.468,0.034,1.0124,4.63,-6.17,0.37,5.715,0.07659,0.09554,-29.66,-29.66,-0.03312,0.11598,5.41,5.85,6.31,5.29
1166,19.4333,7.0,31.485,0.034,1.013,4.46,-6.26,0.35,6.023,0.08243,0.09562,-31.42,-31.42,-0.0306,0.1193,5.37,7.45,5.51,5.76
1167,19.45,7.0,31.5,0.035,1.0146,4.56,-6.2,0.31,5.438,0.07976,0.09617,-30.66,-30.66,-0.03146,0.11749,5.31,5.27,5.74,5.43
1168,19.4667,7.0,31.516,0.035,1.014,4.57,-6.29,0.32,6.345,0.07946,0.0979,-30.69,-30.69,-0.0311,0.11683,5.48,6.94,6.46,6.49
1169,19.4833,7.0,31.531,0.035,1.0124,4.69,-6.45,0.34,6.404,0.07632,0.09487,-29.54,-29.54,-0.03245,0.11504,5.42,6.32,6.33,7.54
1170,19.5,7.0,31.546,0.034,1.0136,4.89,-6.57,0.33,6.021,0.07317,0.07977,-27.54,-27.54,-0.03425,0.11369,5.46,6.53,6.06,6.03
1171,19.5167,7.0,31.561,0.033,1.0136,5.2,-6.69,0.31,6.172,0.0686,0.06061,-24.82,-24.82,-0.0368,0.11167,5.49,6.05,6.7,6.44
1172,19.5333,7.0,31.577,0.032,1.0121,5.43,-6.77,0.32,5.824,0.06877,0.04529,-23.8,-23.8,-0.0378,0.11283,5.65,5.64,6.06,5.94
1173,19.55,7.0,31.593,0.032,1.0129,5.05,-6.58,0.23,6.734,0.08487,0.04236,-28.43,-26.8,-0.03077,0.12191,5.81,7.0,7.45,6.68
1174,19.5667,7.0,31.607,0.032,1.0182,5.15,-6.08,0.39,5.181,0.08045,0.03799,-26.8,-26.8,-0.03001,0.11673,5.62,5.47,3.93,5.7
1175,19.5833,7.0,31.62,0.032,1.0235,5.23,-5.56,0.57,7.053,0.07839,0.03233,-25.78,-25.78,-0.0303,0.11496,5.49,-3.07,5.94,19.85
1176,19.6,7.0,31.633,0.031,1.0274,5.36,-5.01,0.71,6.689,0.07563,0.02773,-24.63,-24.63,-0.03087,0.11277,5.64,11.61,5.9,3.61
1177,19.6167,7.0,31.645,0.03,1.0322,5.51,-4.65,0.81,5.296,0.07374,0.02498,-23.87,-23.87,-0.02987,0.10988,5.44,5.42,4.46,5.86
1178,19.6333,7.0,31.659,0.029,1.0365,5.71,-4.38,0.88,5.992,0.07296,0.02647,-23.74,-23.74,-0.02978,0.10902,5.76,5.03,9.83,3.34
1179,19.65,7.0,31.673,0.028,1.039,5.82,-4.04,0.96,4.489,0.07327,0.02792,-23.93,-23.93,-0.03046,0.11,5.61,1.43,6.0,4.92
1180,19.6667,7.0,31.688,0.027,1.0407,5.99,-3.68,1.02,8.533,0.07312,0.01249,-22.81,-22.81,-0.03004,0.10943,5.86,17.17,6.11,5.0
1181,19.6833,7.0,31.703,0.026,1.0439,6.08,-3.6,1.02,5.95,0.07263,0.00295,-22.0,-22.0,-0.03096,0.10986,5.72,6.25,5.76,6.06
1182,19.7,7.0,31.719,0.025,1.0446,6.31,-3.59,1.03,4.951,0.0722,-0.00377,-21.4,-21.4,-0.03058,0.10905,5.89,6.6,6.15,1.17
1183,19.7167,7.0,31.735,0.024,1.0442,6.34,-3.4,1.03,5.994,0.07416,-0.00483,-21.91,-21.91,-0.03093,0.11136,5.85,5.8,6.7,5.62
1184,19.7333,7.0,31.751,0.024,1.0458,6.31,-3.35,0.93,6.151,0.08066,0.00287,-24.4,-24.4,-0.02877,0.1157,5.91,6.39,6.22,6.08
1185,19.75,7.0,31.767,0.023,1.0466,6.49,-3.39,0.85,6.121,0.07787,0.00757,-23.89,-23.89,-0.03111,0.11525,5.71,6.54,6.29,5.94
1186,19.7667,7.0,31.783,0.023,1.0455,6.73,-3.49,0.82,6.264,0.07491,0.00835,-23.06,-23.06,-0.03297,0.11415,5.78,6.56,6.31,6.4
1187,19.7833,7.0,31.8,0.022,1.0443,6.5,-3.26,0.79,5.912,0.08088,0.01533,-25.34,-25.34,-0.03314,0.12029,5.79,5.76,6.45,5.65
1188,19.8,7.0,31.816,0.022,1.0457,6.41,-3.3,0.66,6.054,0.08618,0.02743,-27.78,-27.78,-0.03216,0.12462,5.67,6.38,6.32,5.84
1189,19.8167,7.0,31.832,0.022,1.0453,6.5,-3.33,0.66,5.817,0.08483,0.03712,-28.05,-28.05,-0.03259,0.12369,5.48,5.95,6.48,5.36
1190,19.8333,7.0,31.848,0.021,1.0434,6.46,-3.27,0.75,5.449,0.08634,0.0452,-29.07,-29.07,-0.03273,0.12534,5.46,5.46,4.26,6.62
1191,19.85,7.0,31.863,0.021,1.0449,6.29,-3.17,0.64,5.263,0.09415,0.05365,-32.0,-32.0,-0.03024,0.13065,5.43,5.19,5.65,4.77
1192,19.8667,7.0,31.879,0.021,1.046,6.13,-3.02,0.72,5.774,0.09872,0.06866,-34.42,-34.42,-0.02656,0.13156,5.31,5.77,6.09,5.93
1193,19.8833,7.0,31.896,0.022,1.0454,6.08,-2.95,0.78,5.596,0.09808,0.08425,-35.32,-35.32,-0.02576,0.1301,5.22,5.93,6.29,4.94
1194,19.9,7.0,31.913,0.023,1.0431,6.02,-2.89,0.87,5.588,0.09721,0.09094,-35.53,-35.53,-0.02601,0.12949,5.2,5.45,6.26,5.43
1195,19.9167,7.0,31.928,0.023,1.046,6.02,-2.95,0.77,5.914,0.09619,0.09032,-35.18,-35.18,-0.02767,0.13013,5.04,6.48,6.21,5.92
1196,19.9333,7.0,31.944,0.023,1.0461,6.11,-3.03,0.75,5.691,0.09442,0.08934,-34.58,-34.58,-0.02885,0.12954,5.11,6.65,6.2,4.8
1197,19.95,7.0,31.96,0.022,1.0453,6.09,-3.1,0.75,5.368,0.09212,0.08457,-33.56,-33.56,-0.03001,0.12841,5.19,5.14,5.62,5.52
1198,19.9667,7.0,31.976,0.022,1.0447,6.3,-3.16,0.71,5.534,0.08887,0.069,-31.49,-31.49,-0.03171,0.12685,5.28,5.77,6.01,5.07
1199,19.9833,7.0,31.991,0.021,1.0459,6.51,-3.32,0.67,6.0,0.08804,0.04973,-29.89,-29.89,-0.0323,0.12661,5.31,6.61,6.35,5.73
1200,20.0,7.0,32.007,0.019,1.0449,6.79,-3.47,0.63,5.718,0.08662,0.03198,-28.22,-28.22,-0.03334,0.12623,5.42,6.18,5.77,5.5
1201,20.0167,7.0,32.023,0.018,1.0436,6.6,-3.2,0.59,5.438,0.09206,0.02285,-29.22,-29.22,-0.03369,0.13202,5.52,5.26,5.96,5.01
1202,20.0333,7.0,32.038,0.017,1.0448,6.58,-3.24,0.41,6.055,0.09725,0.0212,-30.66,-30.66,-0.03384,0.13736,5.44,6.76,6.26,5.75
1203,20.05,7.0,32.054,0.017,1.0441,6.59,-3.3,0.31,5.725,0.09585,0.02014,-30.17,-30.17,-0.03439,0.13651,5.38,6.48,5.32,5.72
1204,20.0667,7.0,32.07,0.017,1.0423,6.61,-3.15,0.26,4.139,0.09751,0.02326,-30.88,-30.88,-0.03416,0.13795,5.76,5.7,-1.5,6.59
1205,20.0833,7.0,32.086,0.016,1.0449,6.46,-3.14,0.52,6.191,0.10426,0.0363,-33.82,-33.82,-0.02529,0.13582,4.91,8.82,5.59,5.45
1206,20.1,7.0,32.103,0.016,1.0448,6.39,-3.09,0.26,5.398,0.10175,0.04604,-33.75,-33.75,-0.02647,0.13449,5.29,6.15,5.6,4.56
1207,20.1167,7.0,32.119,0.015,1.0425,6.38,-3.08,0.12,5.057,0.10061,0.0549,-34.02,-34.02,-0.02733,0.1342,5.24,6.1,5.16,3.73
1208,20.1333,7.0,32.135,0.015,1.039,6.3,-3.11,0.14,5.226,0.1005,0.05699,-34.14,-34.14,-0.02768,0.13445,5.25,5.34,5.65,4.66
1209,20.15,7.0,32.151,0.013,1.0441,6.63,-2.99,0.08,4.354,0.09767,0.05058,-32.84,-32.84,-0.02762,0.13156,5.09,1.57,2.78,7.97
1210,20.1667,7.0,32.164,0.011,1.0479,6.75,-2.61,0.11,5.229,0.09829,0.04702,-32.78,-32.78,-0.02695,0.13152,5.16,7.12,3.62,5.01
1211,20.1833,7.0,32.178,0.009,1.05,6.8,-2.19,0.1,5.315,0.09813,0.04201,-32.38,-32.38,-0.02725,0.13165,5.27,5.29,5.7,5.0
1212,20.2,7.0,32.193,0.008,1.0509,6.9,-1.74,0.07,4.814,0.09786,0.03039,-31.49,-31.49,-0.02702,0.13116,5.27,5.46,5.66,2.87
1213,20.2167,7.0,32.209,0.007,1.0507,6.94,-1.28,0.01,4.229,0.09763,0.02251,-30.87,-30.87,-0.02691,0.13082,5.28,0.81,5.75,5.08
1214,20.2333,7.0,32.225,0.006,1.0493,6.97,-0.82,-0.07,5.038,0.09691,0.01601,-30.19,-30.19,-0.02677,0.12995,5.34,3.49,5.82,5.5
1215,20.25,7.0,32.242,0.005,1.0466,6.98,-0.38,-0.16,5.573,0.09677,0.01025,-29.75,-29.75,-0.02648,0.12952,5.31,5.78,5.76,5.45
1216,20.2667,7.0,32.26,0.004,1.0463,7.09,-0.14,-0.19,6.123,0.09757,0.00892,-29.9,-29.9,-0.02695,0.1308,5.42,6.79,6.18,6.11
1217,20.2833,7.0,32.277,0.003,1.0463,6.96,0.02,-0.21,5.881,0.09913,0.00871,-30.35,-30.35,-0.0277,0.1331,5.46,5.4,6.26,6.4
1218,20.3,7.0,32.295,0.003,1.0438,6.91,0.15,-0.18,5.839,0.09903,0.00859,-30.31,-30.31,-0.02884,0.13415,5.44,5.37,6.18,6.37
1219,20.3167,7.0,32.311,0.004,1.0451,6.84,0.16,-0.21,5.765,0.09997,0.00973,-30.67,-30.67,-0.0291,0.13534,5.4,6.53,5.34,5.79
1220,20.3333,7.0,32.328,0.004,1.0452,6.89,0.21,-0.24,5.784,0.09442,0.00526,-28.69,-28.69,-0.03205,0.13274,5.42,6.47,5.57,5.67
1221,20.35,7.0,32.345,0.004,1.0437,6.93,0.25,-0.24,5.634,0.0928,0.0004,-27.87,-27.87,-0.03314,0.13221,5.52,5.61,5.87,5.54
1222,20.3667,7.0,32.361,0.004,1.0445,6.84,0.16,-0.28,5.434,0.09559,-0.00086,-28.62,-28.62,-0.03286,0.13472,5.59,6.32,4.88,4.94
1223,20.3833,7.0,32.376,0.004,1.0456,6.94,0.14,-0.31,5.66,0.093,-0.00546,-27.52,-27.52,-0.03397,0.13325,5.5,5.48,5.88,5.78
1224,20.4,7.0,32.391,0.004,1.0447,6.91,0.16,-0.35,5.905,0.09242,-0.0117,-26.91,-26.91,-0.03519,0.13388,5.57,5.92,6.08,6.05
1225,20.4167,7.0,32.408,0.004,1.0423,6.83,0.24,-0.35,5.265,0.09212,-0.01741,-26.42,-26.42,-0.03619,0.13458,5.57,4.13,5.96,5.39
1226,20.4333,7.0,32.423,0.005,1.0451,6.78,0.19,-0.37,5.812,0.09047,-0.02509,-25.39,-25.39,-0.0379,0.13464,5.63,6.85,4.94,5.83
1227,20.45,7.0,32.439,0.005,1.0451,6.87,0.21,-0.43,5.746,0.0846,-0.03218,-23.13,-23.13,-0.0419,0.13277,5.76,6.18,5.14,5.91
1228,20.4667,7.0,32.456,0.005,1.0434,6.89,0.25,-0.42,6.009,0.08302,-0.03838,-22.22,-22.22,-0.04306,0.13235,5.81,6.66,5.97,5.59
1229,20.4833,7.0,32.471,0.005,1.0448,6.84,0.18,-0.48,5.8,0.0845,-0.04517,-22.19,-22.19,-0.04359,0.13437,5.82,6.43,4.98,5.98
1230,20.5,7.0,32.487,0.005,1.0452,6.91,0.11,-0.52,6.161,0.08092,-0.05218,-20.62,-20.62,-0.04682,0.13401,5.85,6.35,6.42,6.02
1231,20.5167,7.0,32.503,0.004,1.0443,6.78,0.13,-0.57,6.231,0.08342,-0.05518,-21.16,-21.16,-0.04571,0.1354,6.04,7.31,6.17,5.4
1232,20.5333,7.0,32.519,0.004,1.0442,6.81,0.22,-0.65,5.898,0.08114,-0.05984,-20.15,-20.15,-0.04843,0.13584,5.88,6.75,4.81,6.15
1233,20.55,7.0,32.534,0.004,1.0452,6.84,0.18,-0.74,6.231,0.07849,-0.06499,-19.0,-19.0,-0.05093,0.13568,5.87,6.33,6.58,6.13
1234,20.5667,7.0,32.55,0.004,1.0446,6.84,0.13,-0.79,6.239,0.07792,-0.06406,-18.89,-18.89,-0.05239,0.13658,6.01,6.65,6.13,6.16
1235,20.5833,7.0,32.566,0.004,1.0426,6.75,0.22,-0.82,6.115,0.07829,-0.06124,-19.2,-19.2,-0.05201,0.13658,5.97,6.59,6.17,5.74
1236,20.6,7.0,32.583,0.003,1.0413,7.05,0.44,-0.76,6.109,0.06896,-0.06988,-15.8,-16.2,-0.05712,0.13235,6.0,6.19,6.0,6.25
1237,20.6167,7.0,32.599,0.003,1.045,6.93,0.12,-0.8,6.066,0.07491,-0.06767,-17.74,-17.74,-0.05622,0.1374,6.16,6.56,5.07,6.47
1238,20.6333,7.0,32.615,0.002,1.044,6.79,0.12,-0.88,6.233,0.07784,-0.0653,-18.78,-18.78,-0.05488,0.13899,5.96,5.95,6.23,6.79
1239,20.65,7.0,32.631,0.002,1.0425,6.64,0.18,-0.86,7.194,0.08262,-0.05594,-20.87,-20.87,-0.0523,0.14119,6.41,8.23,6.84,7.3
1240,20.6667,7.0,32.646,0.002,1.0446,6.94,0.03,-0.69,6.053,0.07572,-0.05207,-19.07,-19.07,-0.0551,0.1371,5.77,6.62,5.94,5.89
1241,20.6833,7.0,32.661,0.002,1.045,6.91,0.11,-0.53,6.494,0.078,-0.04574,-20.2,-20.2,-0.05362,0.13788,5.99,7.26,6.17,6.57
1242,20.7,7.0,32.677,0.003,1.0437,6.9,0.2,-0.47,5.949,0.07648,-0.04212,-20.0,-20.0,-0.05421,0.13696,5.98,5.87,6.13,5.82
1243,20.7167,7.0,32.693,0.003,1.0434,6.76,0.07,-0.5,6.091,0.07792,-0.02785,-21.43,-21.43,-0.05517,0.13937,5.83,7.98,4.92,5.64
1244,20.7333,7.0,32.708,0.004,1.0445,6.86,0.1,-0.49,6.066,0.07273,-0.02674,-19.95,-19.95,-0.05932,0.13832,5.92,6.22,6.88,5.25
1245,20.75,7.0,32.724,0.004,1.0441,6.83,0.16,-0.52,6.177,0.07116,-0.0304,-19.22,-19.22,-0.06095,0.13839,5.93,6.22,6.17,6.39
1246,20.7667,7.0,32.74,0.004,1.0431,6.73,0.14,-0.56,7.608,0.07288,-0.03677,-19.29,-19.29,-0.06127,0.14042,6.15,7.08,7.63,9.57
1247,20.7833,7.0,32.755,0.005,1.0442,6.79,0.1,-0.58,6.13,0.06715,-0.04118,-17.26,-17.26,-0.06532,0.13874,5.96,6.09,6.25,6.22
1248,20.8,7.0,32.77,0.004,1.0445,6.88,0.15,-0.6,6.257,0.06353,-0.05112,-15.48,-15.48,-0.06782,0.13762,6.2,6.07,6.45,6.32
1249,20.8167,7.0,32.787,0.004,1.0432,6.88,0.25,-0.6,6.084,0.06346,-0.05838,-14.95,-14.95,-0.06794,0.13766,6.19,6.13,6.4,5.61
1250,20.8333,7.0,32.803,0.004,1.0402,6.9,0.35,-0.57,5.752,0.06404,-0.06565,-14.62,-14.62,-0.06855,0.13887,6.12,5.55,5.97,5.37
1251,20.85,7.0,32.82,0.003,1.0385,7.11,0.69,-0.47,5.88,0.06013,-0.07073,-13.09,-13.09,-0.07071,0.13712,6.19,4.62,7.14,5.56
1252,20.8667,7.0,32.838,0.003,1.0355,6.92,1.28,-0.37,5.922,0.06717,-0.06635,-15.51,-15.51,-0.06971,0.14315,6.14,5.5,6.55,5.5
1253,20.8833,7.0,32.856,0.003,1.0305,6.85,1.73,-0.32,6.457,0.06944,-0.06193,-16.5,-16.5,-0.06923,0.14494,6.01,7.98,6.42,5.42
1254,20.9,7.0,32.874,0.003,1.0298,6.77,2.0,-0.32,5.997,0.07133,-0.05019,-17.89,-17.89,-0.06914,0.14674,6.07,6.25,5.47,6.2
1255,20.9167,7.0,32.892,0.003,1.0296,6.75,2.17,-0.34,6.285,0.06813,-0.03945,-17.68,-17.68,-0.0707,0.1451,6.08,6.85,5.97,6.24
1256,20.9333,7.0,32.91,0.003,1.0277,6.74,2.28,-0.34,6.286,0.06696,-0.0311,-17.91,-17.91,-0.07177,0.145,6.01,6.41,6.47,6.24
1257,20.95,7.0,32.926,0.004,1.03,6.57,2.16,-0.42,5.883,0.06955,-0.02171,-19.34,-19.34,-0.07258,0.1484,6.04,6.34,4.99,6.16
1258,20.9667,7.0,32.943,0.004,1.0298,6.58,2.18,-0.44,6.07,0.06426,-0.01487,-18.24,-18.24,-0.07511,0.14564,5.94,6.88,5.33,6.13
1259,20.9833,7.0,32.959,0.004,1.0282,6.59,2.18,-0.48,6.252,0.06209,-0.01832,-17.34,-17.34,-0.07654,0.1449,6.04,6.47,6.26,6.24
1260,21.0,7.0,32.975,0.004,1.0295,6.59,2.12,-0.55,5.714,0.06149,-0.02429,-16.75,-16.75,-0.07807,0.14583,6.03,5.94,4.6,6.29
1261,21.0167,7.0,32.991,0.004,1.03,6.77,2.01,-0.51,6.423,0.05655,-0.03658,-14.4,-14.4,-0.08066,0.14347,6.1,6.31,6.89,6.39
1262,21.0333,7.0,33.006,0.003,1.0292,6.78,2.01,-0.52,6.201,0.0581,-0.04251,-14.45,-14.45,-0.08008,0.14444,6.26,6.11,6.49,5.94
1263,21.05,7.0,33.022,0.003,1.0274,6.65,2.03,-0.51,6.613,0.06211,-0.0424,-15.66,-15.66,-0.07792,0.1463,6.11,7.6,7.09,5.65
1264,21.0667,7.0,33.037,0.003,1.0296,6.78,1.97,-0.39,6.256,0.05859,-0.04858,-14.18,-14.18,-0.07837,0.14323,6.13,6.04,6.58,6.27
1265,21.0833,7.0,33.052,0.003,1.0299,6.91,1.93,-0.36,6.281,0.05749,-0.04971,-13.77,-13.77,-0.07941,0.14317,6.32,6.39,6.52,5.9
1266,21.1,7.0,33.068,0.002,1.0288,6.81,2.03,-0.37,6.235,0.05933,-0.04657,-14.54,-14.54,-0.0795,0.14511,6.28,6.24,6.46,5.97
1267,21.1167,7.0,33.084,0.002,1.0278,6.62,1.88,-0.44,6.304,0.06361,-0.0388,-16.37,-16.37,-0.07874,0.14862,6.03,7.39,5.58,6.22
1268,21.1333,7.0,33.098,0.002,1.0293,6.79,1.93,-0.44,6.06,0.05664,-0.03405,-14.61,-14.61,-0.0833,0.14622,6.13,5.95,5.91,6.24
1269,21.15,7.0,33.114,0.002,1.0293,6.85,2.02,-0.45,6.347,0.05543,-0.0327,-14.34,-14.34,-0.08462,0.14632,6.27,6.38,6.41,6.33
1270,21.1667,7.0,33.13,0.002,1.0288,6.83,2.01,-0.47,7.172,0.05579,-0.03528,-14.27,-14.27,-0.08479,0.14685,6.24,6.91,8.14,7.4
1271,21.1833,7.0,33.145,0.002,1.0289,6.77,1.78,-0.58,6.648,0.05346,-0.03632,-13.5,-13.5,-0.08611,0.14584,6.13,7.63,6.46,6.38
1272,21.2,7.0,33.161,0.001,1.0278,6.72,1.82,-0.61,6.431,0.05377,-0.03579,-13.62,-13.62,-0.08616,0.1462,6.38,6.0,7.04,6.3
1273,21.2167,7.0,33.177,0.001,1.0256,6.52,1.99,-0.67,6.495,0.05812,-0.03274,-15.15,-15.15,-0.08634,0.15073,6.32,6.27,6.88,6.51
1274,21.2333,7.0,33.193,0.001,1.024,6.11,1.82,-0.71,7.053,0.06785,-0.02446,-18.64,-18.15,-0.08286,0.15697,6.16,8.54,7.07,6.43
1275,21.25,7.0,33.209,0.002,1.0246,6.13,1.84,-0.69,6.094,0.06085,-0.01719,-17.05,-17.05,-0.08745,0.15457,6.08,5.3,6.63,6.35
1276,21.2667,7.0,33.224,0.003,1.0242,6.2,1.93,-0.6,6.169,0.05772,-0.01278,-16.42,-16.42,-0.08981,0.1538,6.14,5.51,6.33,6.7
1277,21.2833,7.0,33.24,0.004,1.0239,6.12,1.96,-0.62,6.68,0.05742,-0.00957,-16.56,-16.56,-0.09071,0.1544,6.12,6.75,7.02,6.82
1278,21.3,7.0,33.256,0.004,1.0237,6.0,1.85,-0.65,6.07,0.05751,-0.00426,-16.96,-16.96,-0.0921,0.15589,6.05,7.33,4.27,6.63
1279,21.3167,7.0,33.272,0.004,1.0249,5.91,2.0,-0.63,7.202,0.05556,-0.0019,-16.53,-16.53,-0.09239,0.15422,6.13,10.29,6.38,6.01
1280,21.3333,7.0,33.287,0.005,1.0242,5.85,2.14,-0.63,6.177,0.05434,-0.00556,-15.91,-15.91,-0.09237,0.15298,6.1,6.32,6.32,5.97
1281,21.35,7.0,33.303,0.005,1.0215,5.84,2.28,-0.64,5.939,0.05303,-0.02013,-14.5,-14.5,-0.09308,0.15238,6.14,5.12,6.35,6.15
1282,21.3667,7.0,33.32,0.005,1.0196,6.0,2.47,-0.61,6.113,0.0478,-0.03114,-12.16,-12.16,-0.09618,0.15026,6.35,5.72,5.92,6.45
1283,21.3833,7.0,33.337,0.005,1.0176,6.15,2.76,-0.57,6.194,0.04609,-0.03936,-11.07,-11.07,-0.09776,0.15013,6.39,5.92,6.5,5.96
1284,21.4,7.0,33.354,0.004,1.0142,6.19,3.12,-0.55,6.105,0.04596,-0.04642,-10.54,-10.54,-0.09732,0.14955,6.42,5.89,6.58,5.52
1285,21.4167,7.0,33.372,0.004,1.0108,6.22,3.41,-0.57,7.047,0.04461,-0.05412,-9.6,-9.6,-0.09825,0.14914,6.25,9.5,6.04,6.4
1286,21.4333,7.0,33.389,0.003,1.0121,6.24,3.6,-0.72,6.526,0.044,-0.05952,-9.03,-9.03,-0.09834,0.14861,6.45,6.45,6.61,6.6
1287,21.45,7.0,33.407,0.003,1.0108,6.27,3.7,-0.84,5.862,0.04234,-0.06472,-8.17,-8.17,-0.09867,0.14728,6.46,6.41,6.91,3.67
1288,21.4667,7.0,33.423,0.002,1.0106,6.01,3.58,-0.91,6.464,0.0517,-0.05833,-11.43,-11.17,-0.09593,0.15389,6.53,8.12,4.65,6.56
1289,21.4833,7.0,33.439,0.003,1.0114,6.09,3.58,-0.91,6.475,0.04368,-0.05557,-9.21,-9.21,-0.09939,0.14934,6.42,6.26,6.67,6.55
1290,21.5,7.0,33.455,0.002,1.0103,6.1,3.64,-0.91,6.195,0.04414,-0.05091,-9.68,-9.68,-0.09989,0.1503,6.47,5.51,6.49,6.3
1291,21.5167,7.0,33.472,0.002,1.0078,6.12,3.82,-0.88,6.585,0.04383,-0.04699,-9.86,-9.86,-0.09945,0.14955,6.49,7.44,6.6,5.81
1292,21.5333,7.0,33.488,0.002,1.0109,5.98,3.66,-0.9,5.934,0.04806,-0.03781,-11.77,-11.77,-0.09832,0.15265,6.44,6.11,4.97,6.22
1293,21.55,7.0,33.504,0.002,1.0103,6.08,3.68,-0.91,6.122,0.04188,-0.03544,-10.08,-10.08,-0.10204,0.15019,6.38,6.69,4.9,6.52
1294,21.5667,7.0,33.519,0.002,1.0105,6.07,3.65,-0.96,6.643,0.04397,-0.02952,-11.12,-11.12,-0.10194,0.15217,6.52,6.79,6.51,6.76
1295,21.5833,7.0,33.535,0.001,1.0102,6.03,3.5,-0.98,6.715,0.04585,-0.03199,-11.51,-11.51,-0.10052,0.15264,6.44,7.13,6.66,6.64
1296,21.6,7.0,33.55,0.001,1.0104,6.23,3.47,-1.03,6.074,0.03801,-0.03399,-9.02,-9.02,-0.10503,0.14931,6.41,6.12,5.28,6.49
1297,21.6167,7.0,33.566,-0.001,1.0104,6.15,3.65,-1.07,6.808,0.04211,-0.032,-10.39,-10.39,-0.10292,0.15129,6.52,7.2,6.6,6.91
1298,21.6333,7.0,33.583,-0.001,1.0104,6.08,3.57,-1.21,6.728,0.04453,-0.02745,-11.44,-11.44,-0.10403,0.15482,6.45,7.1,6.87,6.5
1299,21.65,7.0,33.598,-0.002,1.0099,6.09,3.46,-1.3,6.218,0.04504,-0.02725,-11.61,-11.61,-0.10631,0.15762,6.41,7.28,4.15,7.04
1300,21.6667,7.0,33.614,-0.002,1.0108,6.09,3.55,-1.33,6.228,0.04239,-0.02347,-11.07,-11.07,-0.10663,0.15529,6.44,5.79,6.49,6.19
1301,21.6833,7.0,33.629,-0.003,1.0102,6.09,3.64,-1.34,6.372,0.04442,-0.02018,-11.91,-11.91,-0.10505,0.15574,6.6,6.46,5.84,6.59
1302,21.7,7.0,33.645,-0.005,1.0101,6.04,3.51,-1.38,6.708,0.04777,-0.01578,-13.23,-13.23,-0.10288,0.15693,6.39,7.04,6.95,6.46
1303,21.7167,7.0,33.661,-0.006,1.0089,6.15,3.36,-1.43,6.471,0.04615,-0.00551,-13.46,-13.46,-0.10464,0.15706,6.32,6.76,6.37,6.43
1304,21.7333,7.0,33.677,-0.007,1.0078,5.89,3.51,-1.45,6.343,0.05107,0.00438,-15.63,-15.63,-0.10468,0.16203,6.33,6.31,6.5,6.23
1305,21.75,7.0,33.693,-0.008,1.005,5.57,3.32,-1.51,7.94,0.05875,0.01848,-18.92,-18.63,-0.10333,0.16835,6.62,12.27,7.29,5.58
1306,21.7667,7.0,33.709,-0.007,1.0019,5.34,3.03,-1.6,6.333,0.06182,0.03352,-20.89,-20.89,-0.10229,0.17038,5.92,5.84,6.71,6.86
1307,21.7833,7.0,33.724,-0.006,0.997,5.11,2.74,-1.67,7.019,0.0664,0.0542,-23.71,-23.71,-0.09964,0.17231,7.42,6.1,7.11,7.45
1308,21.8,7.0,33.738,-0.006,0.996,5.14,2.3,-1.6,5.927,0.06599,0.06987,-24.69,-24.69,-0.10221,0.17447,5.74,5.75,6.01,6.2
1309,21.8167,7.0,33.752,-0.007,0.995,5.04,2.02,-1.53,6.134,0.07138,0.08577,-27.42,-27.42,-0.10113,0.17878,6.79,5.69,6.0,6.05
1310,21.8333,7.0,33.767,-0.007,0.9928,4.94,1.79,-1.47,8.248,0.07575,0.10592,-30.14,-30.14,-0.10079,0.18281,14.0,5.88,5.42,7.69
1311,21.85,7.0,33.781,-0.007,0.9903,5.38,1.91,-1.32,5.603,0.06381,0.10631,-26.58,-27.14,-0.10589,0.17597,5.52,6.35,5.17,5.37
1312,21.8667,7.0,33.797,-0.008,0.9893,5.44,1.92,-1.28,6.194,0.06717,0.10221,-27.31,-27.31,-0.10406,0.1775,5.59,6.88,6.32,5.98
1313,21.8833,7.0,33.813,-0.009,0.9872,5.5,1.88,-1.29,4.776,0.06661,0.09488,-26.63,-26.63,-0.10471,0.1776,5.55,8.85,-1.26,5.97
1314,21.9,7.0,33.828,-0.01,0.9916,5.32,1.67,-1.44,6.874,0.068,0.08514,-26.36,-26.36,-0.10565,0.17991,5.6,6.56,6.26,9.08
1315,21.9167,7.0,33.841,-0.01,0.9941,5.37,1.4,-1.53,5.911,0.06434,0.07323,-24.43,-24.43,-0.10789,0.1785,5.63,6.1,5.98,5.93
1316,21.9333,7.0,33.856,-0.011,0.9944,5.35,1.12,-1.56,5.304,0.06496,0.05783,-23.53,-23.53,-0.10807,0.1793,5.78,4.04,5.79,5.61
1317,21.95,7.0,33.87,-0.012,0.9951,5.57,0.96,-1.61,5.899,0.057,0.03161,-19.31,-20.53,-0.11273,0.176,5.7,6.14,5.97,5.78
1318,21.9667,7.0,33.886,-0.013,0.9965,5.43,1.13,-1.68,6.389,0.06098,0.02491,-20.04,-20.04,-0.11049,0.17774,5.92,6.25,6.31,7.08
1319,21.9833,7.0,33.902,-0.014,0.9956,5.45,1.19,-1.71,5.911,0.06098,0.01555,-19.38,-19.38,-0.10997,0.17722,5.96,5.99,6.2,5.49
1320,22.0,7.0,33.917,-0.015,0.9956,5.36,0.95,-1.72,6.108,0.06477,0.0118,-20.26,-20.26,-0.10875,0.17979,5.83,5.81,6.4,6.4
1321,22.0167,7.0,33.933,-0.016,0.9961,5.44,1.08,-1.72,7.096,0.06298,0.00522,-19.26,-19.26,-0.10997,0.17922,5.98,5.95,9.72,6.73
1322,22.0333,7.0,33.949,-0.017,0.9961,5.44,1.17,-1.75,6.349,0.06498,0.00525,-19.86,-19.86,-0.10974,0.18099,5.99,7.39,5.74,6.28
1323,22.05,7.0,33.965,-0.018,0.9967,5.51,0.97,-1.74,6.177,0.0634,0.00302,-19.23,-19.23,-0.11059,0.18026,5.96,5.94,6.17,6.64
1324,22.0667,7.0,33.981,-0.019,0.9955,5.3,1.01,-1.77,6.103,0.06604,0.01196,-20.65,-20.65,-0.11013,0.18245,6.04,6.01,6.27,6.09
1325,22.0833,7.0,33.997,-0.02,0.9957,5.41,1.24,-1.76,6.136,0.0644,0.01404,-20.3,-20.3,-0.11068,0.18135,5.94,6.23,6.29,6.08
1326,22.1,7.0,34.013,-0.022,0.9963,5.39,1.13,-1.78,6.71,0.06943,0.02104,-22.3,-22.3,-0.1089,0.1846,5.86,6.89,8.04,6.04
1327,22.1167,7.0,34.029,-0.023,0.9955,5.42,0.92,-1.85,6.363,0.07186,0.02581,-23.36,-23.36,-0.10884,0.18697,5.87,6.67,6.76,6.15
1328,22.1333,7.0,34.044,-0.024,0.995,5.26,1.07,-1.94,5.987,0.07277,0.03278,-24.13,-24.13,-0.10775,0.18679,5.89,6.06,6.12,5.88
1329,22.15,7.0,34.06,-0.025,0.9956,5.36,1.21,-1.97,6.022,0.07271,0.03679,-24.39,-24.39,-0.10854,0.18752,5.78,7.1,5.1,6.1
1330,22.1667,7.0,34.076,-0.026,0.9962,5.42,1.04,-2.0,5.882,0.07176,0.04098,-24.4,-24.4,-0.10971,0.18774,5.73,5.69,6.22,5.89
1331,22.1833,7.0,34.092,-0.027,0.995,5.29,1.01,-2.07,5.789,0.075,0.04528,-25.67,-25.67,-0.10851,0.18978,5.73,6.87,5.66,4.9
1332,22.2,7.0,34.108,-0.028,0.9955,5.48,1.23,-2.09,6.04,0.07043,0.04605,-24.35,-24.35,-0.11143,0.18813,5.71,5.93,6.47,6.06
1333,22.2167,7.0,34.124,-0.029,0.9959,5.43,1.16,-2.1,6.528,0.07574,0.04702,-26.01,-26.01,-0.10964,0.19166,5.68,6.84,7.81,5.78
1334,22.2333,7.0,34.14,-0.03,0.9951,5.42,0.96,-2.17,6.086,0.07731,0.04699,-26.48,-26.48,-0.10986,0.19345,5.66,6.27,6.47,5.95
1335,22.25,7.0,34.155,-0.031,0.994,5.23,0.97,-2.21,5.908,0.07942,0.04819,-27.2,-27.2,-0.10868,0.19438,5.65,6.12,6.0,5.86
1336,22.2667,7.0,34.171,-0.031,0.9913,4.98,1.05,-2.25,5.685,0.08069,0.05062,-27.75,-27.75,-0.10961,0.19657,5.6,5.57,5.94,5.62
1337,22.2833,7.0,34.187,-0.031,0.9894,4.6,0.8,-2.31,6.346,0.08761,0.06085,-30.54,-30.54,-0.10854,0.20243,5.59,7.28,6.67,5.85
1338,22.3,7.0,34.203,-0.031,0.9856,4.37,0.53,-2.33,5.625,0.08572,0.06457,-30.24,-30.24,-0.10987,0.20186,5.44,5.37,5.95,5.73
1339,22.3167,7.0,34.217,-0.03,0.9834,4.53,0.06,-2.31,4.705,0.07811,0.06472,-27.96,-27.96,-0.11546,0.19984,3.81,5.78,5.1,4.13
1340,22.3333,7.0,34.231,-0.03,0.9798,5.06,-0.02,-2.11,5.597,0.07046,0.05152,-24.74,-24.96,-0.11981,0.19654,5.51,5.1,5.84,5.93
1341,22.35,7.0,34.245,-0.032,0.9815,5.12,-0.59,-2.1,5.686,0.07379,0.04171,-25.06,-25.06,-0.11921,0.19927,5.65,6.2,4.76,6.15
1342,22.3667,7.0,34.255,-0.034,0.9846,5.07,-0.81,-2.44,5.767,0.08033,0.03764,-26.73,-26.73,-0.12161,0.20821,5.8,4.81,6.55,5.91
1343,22.3833,7.0,34.263,-0.035,0.9896,4.98,-1.26,-2.85,6.807,0.07978,0.03218,-26.19,-26.19,-0.12536,0.21141,5.77,9.58,6.16,5.71
1344,22.4,7.0,34.272,-0.037,0.9942,4.99,-1.87,-3.09,5.844,0.07659,0.01698,-24.17,-24.17,-0.12898,0.21184,5.74,5.51,6.29,5.84
1345,22.4167,7.0,34.28,-0.039,0.9976,5.08,-2.54,-3.28,5.905,0.07375,0.00263,-22.31,-22.31,-0.13151,0.21153,5.82,5.53,6.3,5.97
1346,22.4333,7.0,34.29,-0.041,0.9998,5.18,-3.25,-3.42,5.996,0.07085,-0.00516,-20.9,-20.9,-0.13377,0.21089,5.81,6.56,8.08,3.54
1347,22.45,7.0,34.3,-0.044,1.0043,5.53,-3.62,-3.48,6.681,0.06688,-0.00822,-19.49,-19.49,-0.13689,0.21004,5.98,5.44,8.66,6.64
1348,22.4667,7.0,34.311,-0.047,1.0069,5.67,-4.05,-3.5,6.222,0.06871,-0.01245,-19.74,-19.74,-0.1358,0.21078,5.95,6.16,6.72,6.06
1349,22.4833,7.0,34.323,-0.049,1.0081,5.62,-4.38,-3.53,6.047,0.07204,-0.01948,-20.25,-20.25,-0.13524,0.21355,6.03,5.92,6.28,5.97
1350,22.5,7.0,34.335,-0.052,1.009,5.5,-4.44,-3.64,9.291,0.07876,-0.01819,-22.35,-22.35,-0.13225,0.21728,5.46,5.54,23.29,2.87
1351,22.5167,7.0,34.349,-0.054,1.0105,5.59,-4.49,-3.72,6.373,0.07797,-0.01459,-22.37,-22.37,-0.13395,0.21818,5.72,6.55,6.82,6.4
1352,22.5333,7.0,34.363,-0.056,1.0115,5.69,-4.7,-3.66,6.495,0.0793,-0.00713,-23.29,-23.29,-0.13357,0.21913,5.77,8.07,6.26,5.87
1353,22.55,7.0,34.377,-0.058,1.011,5.6,-4.76,-3.64,5.645,0.08191,0.00509,-24.93,-24.93,-0.13323,0.22141,5.78,5.24,6.02,5.54
1354,22.5667,7.0,34.392,-0.059,1.0103,5.53,-4.56,-3.65,4.708,0.08483,0.02295,-27.06,-27.06,-0.13223,0.22333,5.81,5.82,0.63,6.57
1355,22.5833,7.0,34.408,-0.061,1.0109,5.63,-4.53,-3.59,6.36,0.08643,0.03842,-28.62,-28.62,-0.13271,0.22541,5.58,6.4,7.38,6.08
1356,22.6,7.0,34.423,-0.063,1.0111,5.79,-4.79,-3.52,5.929,0.08541,0.04756,-28.95,-28.95,-0.13404,0.22572,5.4,5.4,6.31,6.6
1357,22.6167,7.0,34.438,-0.064,1.0105,5.56,-4.73,-3.47,5.686,0.08924,0.05264,-30.46,-30.46,-0.13434,0.22986,5.59,5.54,5.86,5.76
1358,22.6333,7.0,34.454,-0.066,1.0099,5.61,-4.49,-3.44,5.627,0.08881,0.05747,-30.66,-30.66,-0.13526,0.23033,5.49,5.86,4.38,6.79
1359,22.65,7.0,34.469,-0.067,1.0112,5.65,-4.59,-3.4,6.168,0.09052,0.06212,-31.51,-31.51,-0.13496,0.23175,5.49,6.48,6.75,5.95
1360,22.6667,7.0,34.485,-0.069,1.0107,5.75,-4.76,-3.41,5.814,0.08833,0.06127,-30.79,-30.79,-0.13651,0.23111,5.36,6.2,5.57,6.12
1361,22.6833,7.0,34.5,-0.071,1.0094,5.5,-4.6,-3.4,5.566,0.09202,0.06131,-31.9,-31.9,-0.13703,0.23533,5.47,5.41,5.82,5.56
1362,22.7,7.0,34.516,-0.072,1.0104,5.64,-4.45,-3.4,6.51,0.09256,0.06026,-31.99,-31.99,-0.13922,0.23805,5.41,5.87,8.9,5.85
1363,22.7167,7.0,34.532,-0.074,1.0107,5.72,-4.63,-3.39,5.505,0.09364,0.06149,-32.4,-32.4,-0.14015,0.24006,5.32,4.26,6.79,5.65
1364,22.7333,7.0,34.547,-0.075,1.0095,5.65,-4.74,-3.38,5.437,0.09589,0.06094,-33.03,-33.03,-0.14069,0.24285,5.38,5.41,5.38,5.58
1365,22.75,7.0,34.562,-0.076,1.0093,5.73,-4.52,-3.32,5.691,0.0968,0.06185,-33.37,-33.37,-0.14171,0.24478,5.33,5.58,5.54,6.32
1366,22.7667,7.0,34.579,-0.078,1.008,5.83,-4.32,-3.18,5.731,0.09556,0.05961,-32.84,-32.84,-0.14225,0.24408,5.27,5.94,5.96,5.76
1367,22.7833,7.0,34.595,-0.079,1.0102,5.71,-4.63,-3.11,5.973,0.10148,0.06599,-35.06,-35.06,-0.14043,0.24819,5.21,6.6,6.63,5.45
1368,22.8,7.0,34.611,-0.08,1.0088,5.6,-4.61,-3.05,5.289,0.10321,0.06958,-35.83,-35.83,-0.14139,0.25088,5.17,5.13,5.47,5.38
1369,22.8167,7.0,34.627,-0.08,1.0064,5.44,-4.41,-3.04,5.626,0.10457,0.07358,-36.52,-36.52,-0.14165,0.25248,5.13,6.02,5.58,5.77
1370,22.8333,7.0,34.644,-0.081,1.0063,5.13,-4.67,-3.03,6.118,0.11074,0.08234,-38.98,-38.98,-0.14084,0.25784,5.05,6.81,6.86,5.76
1371,22.85,7.0,34.659,-0.08,1.0064,5.27,-4.69,-2.92,6.008,0.10583,0.08269,-37.54,-37.54,-0.14534,0.25744,5.1,5.72,7.45,5.77
1372,22.8667,7.0,34.674,-0.081,1.0069,5.54,-4.58,-2.72,4.014,0.09847,0.07448,-34.76,-34.76,-0.14738,0.25213,5.05,3.91,4.99,2.11
1373,22.8833,7.0,34.689,-0.083,1.0089,5.26,-4.38,-2.51,5.426,0.10467,0.07491,-36.64,-36.64,-0.14519,0.25612,4.9,5.05,5.98,5.77
1374,22.9,7.0,34.705,-0.084,1.0095,5.03,-4.17,-2.33,5.927,0.10771,0.07233,-37.38,-37.38,-0.14566,0.25964,4.95,7.25,6.13,5.37
1375,22.9167,7.0,34.719,-0.085,1.0109,4.67,-3.98,-2.51,4.775,0.12014,0.08106,-41.72,-40.38,-0.14374,0.27015,5.44,3.63,3.6,6.43
1376,22.9333,7.0,34.724,-0.084,1.0157,4.1,-3.99,-3.11,4.774,0.12285,0.09013,-43.16,-43.16,-0.1495,0.27861,4.9,4.89,4.45,4.86
1377,22.95,7.0,34.73,-0.083,1.0206,3.74,-4.22,-3.45,4.37,0.11993,0.08878,-42.19,-42.19,-0.15434,0.28055,4.81,3.06,4.6,5.02
1378,22.9667,7.0,34.735,-0.082,1.0251,3.47,-4.56,-3.72,4.824,0.11324,0.08574,-39.97,-39.97,-0.16124,0.28075,4.86,3.79,5.48,5.18
1379,22.9833,7.0,34.741,-0.081,1.0294,3.29,-5.04,-3.94,4.832,0.10616,0.08335,-37.68,-37.68,-0.16711,0.27954,4.93,3.98,5.13,5.28
1380,23.0,7.0,34.748,-0.081,1.0331,3.18,-5.59,-4.17,5.242,0.09881,0.06732,-34.36,-34.68,-0.17293,0.278,5.17,4.6,5.79,5.4
1381,23.0167,7.0,34.754,-0.082,1.0363,3.17,-6.16,-4.38,4.919,0.09337,0.0445,-31.13,-31.68,-0.17815,0.27779,5.33,4.28,4.42,5.64
1382,23.0333,7.0,34.761,-0.083,1.0396,3.38,-6.59,-4.57,3.544,0.08725,0.00533,-26.55,-28.68,-0.18247,0.27599,5.6,3.6,-0.73,5.71
1383,23.05,7.0,34.768,-0.085,1.043,3.59,-7.15,-4.76,5.184,0.08084,-0.03852,-21.56,-25.68,-0.18772,0.27483,5.63,4.88,4.37,5.85
1384,23.0667,7.0,34.776,-0.088,1.0457,3.89,-7.75,-4.92,5.272,0.07622,-0.07886,-17.35,-22.68,-0.19129,0.27378,5.88,4.55,4.65,6.0
1385,23.0833,7.0,34.784,-0.091,1.0474,4.2,-8.46,-5.05,5.827,0.07309,-0.11068,-14.18,-19.68,-0.19525,0.27461,6.01,5.64,5.54,6.13
1386,23.1,7.0,34.793,-0.095,1.0491,4.65,-9.14,-5.13,5.786,0.06983,-0.13476,-11.52,-16.68,-0.19898,0.27508,6.25,4.95,5.65,6.3
1387,23.1167,7.0,34.802,-0.099,1.0511,5.21,-9.76,-5.13,7.802,0.06512,-0.15324,-8.81,-13.68,-0.20183,0.27322,5.9,6.16,15.86,3.3
1388,23.1333,7.0,34.813,-0.104,1.0527,5.37,-10.11,-5.14,6.662,0.07403,-0.15474,-11.38,-11.38,-0.2004,0.2807,6.21,8.89,6.36,5.19
1389,23.15,7.0,34.824,-0.108,1.0532,5.52,-10.47,-5.21,6.404,0.0795,-0.14414,-13.76,-13.76,-0.20027,0.28605,6.47,7.23,6.47,5.45
1390,23.1667,7.0,34.837,-0.112,1.0538,5.24,-10.52,-5.29,6.139,0.08854,-0.11893,-18.24,-16.76,-0.20006,0.29487,6.33,6.26,6.43,5.53
1391,23.1833,7.0,34.85,-0.115,1.0531,5.03,-10.56,-5.49,6.211,0.09421,-0.08615,-22.23,-19.76,-0.20055,0.30104,6.15,6.2,6.24,6.26
1392,23.2,7.0,34.864,-0.118,1.0513,4.8,-10.58,-5.64,6.54,0.09423,-0.05408,-24.48,-22.76,-0.2015,0.302,6.0,6.12,6.24,7.79
1393,23.2167,7.0,34.879,-0.121,1.048,4.56,-10.61,-5.75,5.371,0.09643,-0.02023,-27.51,-25.76,-0.20208,0.30478,5.67,5.65,5.9,4.27
1394,23.2333,7.0,34.893,-0.123,1.0445,3.94,-10.38,-5.8,6.921,0.10777,0.02607,-34.16,-28.76,-0.20264,0.31668,5.15,5.07,13.45,4.01
1395,23.25,7.0,34.909,-0.124,1.042,3.44,-10.38,-5.7,5.594,0.1253,0.07568,-42.89,-31.76,-0.19753,0.3291,5.56,6.57,4.87,5.37
1396,23.2667,7.0,34.924,-0.124,1.0411,3.38,-10.38,-5.64,5.475,0.11697,0.10514,-42.45,-34.76,-0.20423,0.32748,5.43,4.8,5.86,5.81
1397,23.2833,7.0,34.94,-0.124,1.0383,3.35,-10.38,-5.49,5.317,0.11282,0.1175,-42.07,-37.76,-0.20909,0.32819,5.25,3.91,6.2,5.91
1398,23.3,7.0,34.956,-0.125,1.0418,3.43,-10.4,-5.36,5.93,0.11144,0.12112,-41.91,-40.76,-0.21273,0.33044,5.08,5.54,7.13,5.98
1399,23.3167,7.0,34.972,-0.126,1.0416,3.5,-10.38,-5.21,6.027,0.10947,0.12227,-41.4,-41.4,-0.21611,0.33185,4.9,6.8,6.53,5.88
1400,23.3333,7.0,34.988,-0.127,1.0397,3.57,-10.38,-5.02,5.225,0.10681,0.11827,-40.32,-40.32,-0.21943,0.33251,4.83,3.61,6.59,5.86
1401,23.35,7.0,35.004,-0.128,1.0392,3.2,-10.41,-4.96,5.592,0.11563,0.11216,-42.54,-42.54,-0.21838,0.34028,4.98,5.81,5.75,5.83
1402,23.3667,7.0,35.019,-0.128,1.0416,3.36,-10.28,-4.9,5.439,0.10773,0.08062,-37.96,-39.54,-0.22552,0.33952,4.79,5.65,5.91,5.42
1403,23.3833,7.0,35.036,-0.129,1.0409,3.41,-10.26,-4.77,5.437,0.10385,0.05745,-35.18,-36.54,-0.22862,0.33874,4.95,5.32,5.96,5.52
1404,23.4,7.0,35.051,-0.13,1.0396,3.42,-10.41,-4.67,5.959,0.10306,0.04051,-33.75,-33.75,-0.23236,0.34169,4.94,5.87,6.1,6.92
1405,23.4167,7.0,35.065,-0.131,1.0425,3.56,-10.23,-4.4,5.635,0.10295,0.02692,-32.77,-32.77,-0.23376,0.34299,5.33,4.71,6.73,5.77
1406,23.4333,7.0,35.077,-0.132,1.046,4.07,-10.05,-4.08,5.375,0.09865,0.01257,-30.47,-30.47,-0.23577,0.34069,5.07,5.15,5.64,5.64
1407,23.45,7.0,35.09,-0.134,1.0484,4.71,-9.88,-3.85,4.8,0.09224,-0.00393,-27.4,-27.47,-0.23972,0.33823,5.25,4.87,3.24,5.84
1408,23.4667,7.0,35.101,-0.136,1.0517,4.42,-9.34,-3.62,6.61,0.09992,-0.01962,-28.6,-28.6,-0.23797,0.34415,5.18,6.9,8.69,5.67
1409,23.4833,7.0,35.112,-0.138,1.0555,4.09,-8.81,-3.29,10.976,0.10753,-0.01748,-31.03,-31.03,-0.23265,0.34645,4.5,11.04,21.86,6.5
1410,23.5,7.0,35.123,-0.139,1.0575,3.67,-8.33,-2.98,11.412,0.11155,-0.00747,-32.94,-32.94,-0.23071,0.34853,4.4,16.98,18.87,5.4
1411,23.5167,7.0,35.135,-0.139,1.059,3.4,-7.81,-2.88,3.376,0.11507,0.00578,-34.92,-34.92,-0.22653,0.34787,5.25,3.5,0.64,4.11
1412,23.5333,7.0,35.147,-0.139,1.0617,3.1,-7.45,-2.65,4.58,0.12096,0.0236,-37.94,-37.92,-0.22056,0.34778,5.16,3.76,4.38,5.03
1413,23.55,7.0,35.16,-0.139,1.0643,2.83,-7.15,-2.42,5.749,0.12249,0.04529,-39.92,-39.92,-0.21604,0.3448,4.84,4.25,8.27,5.64
1414,23.5667,7.0,35.174,-0.138,1.0659,2.57,-6.84,-2.27,5.125,0.1219,0.07036,-41.5,-41.5,-0.21356,0.34173,4.95,4.76,5.43,5.36
1415,23.5833,7.0,35.189,-0.137,1.0666,2.39,-6.51,-2.14,4.491,0.11937,0.08193,-41.55,-41.55,-0.21296,0.3386,4.95,4.91,2.42,5.68
1416,23.6,7.0,35.201,-0.137,1.0698,2.39,-6.54,-1.8,2.335,0.10759,0.07217,-37.33,-38.55,-0.22393,0.33779,9.63,4.94,-18.5,13.26
1417,23.6167,7.0,35.201,-0.138,1.0749,2.28,-7.21,-2.11,5.776,0.10462,0.05638,-35.33,-35.55,-0.22465,0.33554,5.4,4.85,5.24,7.61
1418,23.6333,7.0,35.202,-0.14,1.0773,2.13,-7.87,-2.28,5.66,0.10272,0.03691,-33.4,-33.4,-0.22608,0.33507,5.4,4.91,5.41,6.93
1419,23.65,7.0,35.205,-0.142,1.0804,2.19,-8.39,-2.42,3.569,0.1001,0.01104,-30.8,-30.8,-0.22706,0.33344,5.51,3.09,2.71,2.96
1420,23.6667,7.0,35.208,-0.144,1.0854,2.25,-9.03,-2.69,5.521,0.09769,-0.01579,-28.2,-28.2,-0.22926,0.33322,5.64,4.33,6.11,6.01
1421,23.6833,7.0,35.213,-0.146,1.0903,2.28,-9.74,-2.89,5.283,0.09517,-0.04139,-25.65,-25.65,-0.23161,0.33305,5.82,6.03,6.27,3.01
1422,23.7,7.0,35.219,-0.149,1.0948,2.15,-10.37,-3.08,6.2,0.09897,-0.05741,-25.67,-25.67,-0.23178,0.33702,5.9,7.86,5.54,5.5
1423,23.7167,7.0,35.226,-0.151,1.0978,1.9,-10.93,-3.24,6.301,0.10422,-0.05398,-27.49,-27.49,-0.23257,0.34306,5.83,9.81,5.84,3.72
1424,23.7333,7.0,35.233,-0.153,1.1012,2.03,-11.28,-3.39,8.646,0.10014,-0.05211,-26.39,-26.39,-0.23615,0.34256,5.48,4.59,18.79,5.73
1425,23.75,7.0,35.241,-0.155,1.1054,2.16,-11.87,-3.56,6.173,0.0972,-0.05154,-25.55,-25.55,-0.23881,0.34228,5.7,5.75,7.69,5.55
1426,23.7667,7.0,35.251,-0.157,1.1085,2.29,-12.47,-3.7,6.847,0.09565,-0.04994,-25.2,-25.2,-0.24231,0.34423,5.74,5.72,10.62,5.32
1427,23.7833,7.0,35.262,-0.16,1.1104,2.4,-13.12,-3.85,6.562,0.09324,-0.04852,-24.58,-24.58,-0.24709,0.3466,5.92,6.25,3.52,10.56
1428,23.8,7.0,35.273,-0.163,1.1129,1.98,-13.35,-3.97,5.651,0.10239,-0.03527,-28.25,-27.58,-0.2481,0.35676,5.93,5.52,6.09,5.06
1429,23.8167,7.0,35.285,-0.165,1.1157,2.21,-13.54,-4.08,6.838,0.09702,-0.03304,-26.79,-26.79,-0.25398,0.35727,5.7,7.24,6.46,7.95
1430,23.8333,7.0,35.297,-0.167,1.1171,2.29,-13.9,-4.11,5.61,0.09648,-0.03704,-26.35,-26.35,-0.25749,0.36024,5.7,5.19,5.62,5.94
1431,23.85,7.0,35.31,-0.169,1.1168,2.34,-14.27,-4.14,6.047,0.09792,-0.03488,-26.94,-26.94,-0.26047,0.36466,5.64,5.6,6.88,6.06
1432,23.8667,7.0,35.324,-0.171,1.1168,1.91,-14.22,-4.13,6.076,0.10597,-0.02167,-30.28,-29.94,-0.26138,0.37363,5.65,5.61,7.68,5.37
1433,23.8833,7.0,35.338,-0.173,1.1193,2.22,-14.19,-4.17,5.885,0.09767,-0.01699,-28.11,-28.11,-0.27016,0.3741,5.45,6.04,6.22,5.83
1434,23.9,7.0,35.352,-0.174,1.1185,2.45,-14.37,-4.03,5.738,0.09452,-0.01364,-27.4,-27.4,-0.27458,0.37537,5.42,4.92,6.27,6.34
1435,23.9167,7.0,35.367,-0.176,1.1169,2.26,-14.24,-3.87,5.557,0.10012,-0.01434,-29.03,-29.03,-0.27516,0.38155,5.62,5.58,5.89,5.14
1436,23.9333,7.0,35.382,-0.178,1.1183,2.37,-14.22,-3.83,5.949,0.09841,-0.01119,-28.74,-28.74,-0.27915,0.38383,5.48,5.55,5.97,6.79
1437,23.95,7.0,35.397,-0.179,1.1182,2.46,-14.28,-3.69,5.985,0.09933,-0.00691,-29.32,-29.32,-0.28169,0.38729,5.51,6.05,6.41,5.97
1438,23.9667,7.0,35.412,-0.181,1.1166,2.49,-14.31,-3.52,5.211,0.1004,-0.00353,-29.87,-29.87,-0.28295,0.38963,5.45,5.44,5.62,4.34
1439,23.9833,7.0,35.428,-0.182,1.1146,2.11,-14.17,-3.36,5.919,0.10845,-0.00056,-32.5,-32.5,-0.28399,0.39871,5.46,5.37,6.66,6.19
1440,24.0,7.0,35.444,-0.183,1.1172,2.31,-14.12,-3.37,5.809,0.10267,0.00466,-31.13,-31.13,-0.29159,0.40054,5.34,5.6,6.48,5.81
1441,24.0167,7.0,35.459,-0.184,1.1167,2.46,-14.22,-3.25,5.812,0.1008,0.01056,-30.98,-30.98,-0.29561,0.40268,5.46,5.57,6.57,5.65
1442,24.0333,7.0,35.475,-0.185,1.1146,2.62,-14.36,-3.12,5.539,0.09451,0.00352,-28.6,-28.6,-0.3014,0.40218,5.45,5.16,5.83,5.72
1443,24.05,7.0,35.491,-0.187,1.1133,2.11,-14.25,-2.98,5.816,0.10732,0.01226,-33.05,-31.6,-0.30178,0.41537,5.55,5.54,5.85,6.32
1444,24.0667,7.0,35.507,-0.188,1.116,2.43,-14.12,-2.98,5.921,0.10019,0.01167,-30.87,-30.87,-0.31079,0.41725,5.39,6.06,6.38,5.85
1445,24.0833,7.0,35.523,-0.189,1.1147,2.51,-14.17,-2.85,5.711,0.0954,0.00513,-28.98,-28.98,-0.31498,0.41665,5.43,5.49,6.22,5.71
1446,24.1,7.0,35.535,-0.191,1.1181,2.78,-13.83,-2.44,4.425,0.0937,-0.01065,-27.36,-27.36,-0.31384,0.41381,5.26,3.08,3.87,5.49
1447,24.1167,7.0,35.544,-0.193,1.1235,3.28,-13.63,-2.13,5.587,0.09511,-0.01716,-27.33,-27.33,-0.31018,0.41156,5.42,5.34,5.71,5.88
1448,24.1333,7.0,35.552,-0.195,1.1282,3.26,-13.15,-1.98,9.221,0.09618,-0.01986,-27.46,-27.46,-0.30927,0.41171,5.25,5.41,21.75,4.47
1449,24.15,7.0,35.559,-0.197,1.1307,3.1,-12.66,-1.94,5.883,0.09322,-0.01881,-26.65,-26.65,-0.31031,0.4098,5.4,5.76,6.08,6.29
1450,24.1667,7.0,35.566,-0.199,1.1323,2.67,-12.13,-1.82,14.081,0.09998,-0.0241,-28.31,-28.31,-0.30777,0.41402,4.87,23.49,24.13,3.83
1451,24.1833,7.0,35.573,-0.199,1.1346,2.34,-11.71,-1.64,3.946,0.10584,-0.01539,-30.67,-30.67,-0.30423,0.41634,5.21,5.12,2.02,3.45
1452,24.2,7.0,35.58,-0.199,1.1375,2.03,-11.32,-1.38,3.728,0.10926,0.0007,-32.83,-32.83,-0.30117,0.4167,5.33,2.9,3.24,3.45
1453,24.2167,7.0,35.587,-0.199,1.1397,1.79,-10.87,-1.18,4.674,0.1093,0.01667,-33.96,-33.96,-0.29894,0.41451,5.24,3.19,6.72,3.54
1454,24.2333,7.0,35.595,-0.198,1.1418,1.62,-10.38,-0.98,5.021,0.10828,0.02822,-34.46,-34.46,-0.29667,0.41122,4.78,-8.25,19.82,3.75
1455,24.25,7.0,35.603,-0.197,1.1452,1.39,-10.05,-0.73,12.313,0.10921,0.03824,-35.44,-35.44,-0.29382,0.4093,5.31,28.54,11.11,4.29
1456,24.2667,7.0,35.612,-0.197,1.1482,1.22,-9.71,-0.45,6.098,0.11304,0.05404,-37.69,-37.69,-0.28649,0.40579,4.69,3.39,12.55,3.76
1457,24.2833,7.0,35.621,-0.196,1.1506,1.06,-9.35,-0.24,5.533,0.11073,0.05861,-37.32,-37.32,-0.28544,0.40244,5.07,7.94,5.71,3.41
1458,24.3,7.0,35.63,-0.194,1.1522,0.93,-8.95,-0.07,7.28,0.11016,0.05602,-36.97,-36.97,-0.28239,0.39882,4.24,2.41,18.94,3.53
1459,24.3167,7.0,35.64,-0.193,1.155,0.84,-8.74,0.05,5.658,0.1089,0.04893,-36.1,-36.1,-0.28167,0.39684,5.07,3.86,3.49,10.21
1460,24.3333,7.0,35.651,-0.192,1.1577,0.73,-8.53,0.25,4.153,0.10745,0.04115,-35.12,-35.12,-0.27962,0.39334,5.32,3.99,2.58,4.73
1461,24.35,7.0,35.663,-0.19,1.1595,0.68,-8.27,0.44,4.835,0.10503,0.03287,-33.81,-33.81,-0.27858,0.38988,5.28,3.86,5.67,4.53
1462,24.3667,7.0,35.676,-0.189,1.1603,0.65,-7.98,0.64,5.009,0.1035,0.02306,-32.67,-32.67,-0.27786,0.38764,5.33,4.14,5.73,4.83
1463,24.3833,7.0,35.688,-0.188,1.163,0.53,-7.94,0.58,2.862,0.10922,0.01636,-33.91,-33.91,-0.27782,0.39331,4.48,2.77,-1.84,6.04
1464,24.4,7.0,35.69,-0.188,1.1672,-0.05,-7.91,-0.31,5.705,0.10385,0.00732,-31.67,-31.67,-0.28181,0.39193,4.98,7.25,5.69,4.9
1465,24.4167,7.0,35.693,-0.187,1.1687,-0.46,-7.95,-0.97,4.709,0.09657,-0.00754,-28.44,-28.67,-0.28764,0.39048,5.37,2.46,5.74,5.26
1466,24.4333,7.0,35.697,-0.188,1.1692,-0.63,-7.97,-1.53,4.811,0.08657,-0.0296,-23.9,-25.67,-0.2961,0.38895,5.62,2.22,5.87,5.53
1467,24.45,7.0,35.701,-0.188,1.1686,-0.6,-7.98,-2.04,5.366,0.07956,-0.05473,-20.04,-22.67,-0.3017,0.38753,5.71,4.06,5.96,5.73
1468,24.4667,7.0,35.705,-0.189,1.1694,-0.42,-8.41,-2.36,5.489,0.07627,-0.07775,-17.44,-19.67,-0.30841,0.39095,8.35,3.4,4.24,5.96
1469,24.4833,7.0,35.708,-0.191,1.1723,-0.27,-9.15,-2.72,8.566,0.06933,-0.10357,-13.55,-16.67,-0.31449,0.39009,12.15,4.33,11.65,6.14
1470,24.5,7.0,35.712,-0.192,1.1739,0.08,-9.69,-3.0,5.435,0.06052,-0.14123,-8.27,-13.67,-0.32231,0.3891,6.3,3.03,6.17,6.24
1471,24.5167,7.0,35.716,-0.195,1.1769,0.36,-10.2,-3.21,7.118,0.05287,-0.17672,-3.49,-10.67,-0.32738,0.38652,6.32,3.91,6.68,11.56
1472,24.5333,7.0,35.722,-0.199,1.1813,0.4,-10.77,-3.38,5.602,0.0537,-0.19961,-2.14,-7.67,-0.32946,0.38942,6.55,5.22,6.6,4.05
1473,24.55,7.0,35.729,-0.202,1.1853,0.34,-11.29,-3.48,6.5,0.05912,-0.20389,-3.46,-4.67,-0.3304,0.39579,6.63,5.74,8.03,5.59
1474,24.5667,7.0,35.738,-0.206,1.1883,0.25,-11.83,-3.61,5.935,0.06624,-0.19313,-6.35,-6.35,-0.32959,0.4021,6.83,5.36,5.29,6.26
1475,24.5833,7.0,35.747,-0.208,1.1915,0.29,-12.39,-3.79,6.215,0.06677,-0.17973,-7.45,-7.45,-0.33228,0.40531,6.84,6.33,5.54,6.14
1476,24.6,7.0,35.756,-0.211,1.1948,0.56,-12.98,-3.89,6.871,0.06176,-0.16595,-6.91,-6.91,-0.33758,0.40561,6.63,5.64,8.55,6.67
1477,24.6167,7.0,35.766,-0.214,1.1976,0.52,-13.36,-3.92,6.299,0.06637,-0.14002,-10.11,-9.91,-0.33835,0.41098,6.74,6.7,6.68,5.08
1478,24.6333,7.0,35.776,-0.218,1.1995,0.37,-13.73,-3.98,6.117,0.0734,-0.1021,-14.87,-12.91,-0.33857,0.41824,6.55,6.43,6.54,4.95
1479,24.65,7.0,35.788,-0.22,1.2002,0.18,-14.08,-4.08,6.048,0.07916,-0.06366,-19.29,-15.91,-0.33918,0.42461,6.42,6.32,6.41,5.04
1480,24.6667,7.0,35.8,-0.222,1.2024,0.52,-14.29,-4.15,6.198,0.07136,-0.04343,-18.37,-18.37,-0.34737,0.425,6.22,6.14,6.13,6.3
1481,24.6833,7.0,35.812,-0.225,1.2035,0.55,-14.47,-4.1,5.672,0.07259,-0.03168,-19.56,-19.56,-0.34886,0.42772,6.16,4.82,6.25,5.46
1482,24.7,7.0,35.826,-0.227,1.2039,0.41,-14.59,-4.15,6.881,0.07834,-0.01598,-22.38,-22.38,-0.35003,0.43464,5.93,7.27,6.57,7.75
1483,24.7167,7.0,35.84,-0.23,1.2026,0.23,-14.7,-4.26,5.893,0.08392,0.00874,-25.79,-25.38,-0.35107,0.44126,5.77,5.36,6.22,6.22
1484,24.7333,7.0,35.855,-0.231,1.2039,0.66,-14.69,-4.24,6.195,0.07627,0.01787,-24.13,-24.13,-0.3607,0.44323,5.75,6.32,6.63,6.08
1485,24.75,7.0,35.869,-0.234,1.2032,0.69,-14.66,-4.07,6.053,0.07816,0.02063,-24.89,-24.89,-0.3623,0.44673,5.78,6.42,6.05,5.96
1486,24.7667,7.0,35.884,-0.236,1.2015,0.52,-14.56,-3.92,5.775,0.08595,0.02514,-27.54,-27.54,-0.36309,0.45531,5.73,5.69,5.04,6.64
1487,24.7833,7.0,35.899,-0.237,1.2025,0.68,-14.68,-3.81,6.012,0.08199,0.03305,-26.91,-26.91,-0.36827,0.45654,5.53,5.66,6.45,6.41
1488,24.8,7.0,35.914,-0.239,1.2023,0.92,-14.78,-3.63,5.785,0.07842,0.03508,-25.98,-25.98,-0.37422,0.45891,5.32,7.41,5.97,4.44
1489,24.8167,7.0,35.929,-0.24,1.2012,0.8,-14.59,-3.45,5.629,0.0832,0.03587,-27.47,-27.47,-0.37492,0.46439,5.64,5.6,5.83,5.45
1490,24.8333,7.0,35.945,-0.241,1.1987,0.7,-14.36,-3.28,5.359,0.08645,0.03416,-28.33,-28.33,-0.37676,0.46947,5.84,5.81,5.43,4.35
1491,24.85,7.0,35.961,-0.242,1.2013,0.73,-14.59,-3.17,6.142,0.08502,0.03907,-28.24,-28.24,-0.38173,0.47302,5.58,6.43,6.48,6.08
1492,24.8667,7.0,35.976,-0.242,1.2003,0.83,-14.64,-3.07,5.376,0.07622,0.03238,-25.13,-25.24,-0.38926,0.47175,5.52,4.15,5.98,5.85
1493,24.8833,7.0,35.992,-0.244,1.199,0.64,-14.58,-2.95,7.528,0.08231,0.02474,-26.42,-26.42,-0.38919,0.47777,5.98,10.21,7.39,6.54
1494,24.9,7.0,36.007,-0.244,1.1997,0.68,-14.66,-2.87,6.182,0.07941,0.01912,-25.16,-25.16,-0.39466,0.48034,5.65,6.76,6.52,5.8
1495,24.9167,7.0,36.019,-0.244,1.203,1.11,-14.43,-2.51,6.641,0.07976,0.0182,-25.2,-25.2,-0.3964,0.48242,5.72,7.09,7.04,6.71
1496,24.9333,7.0,36.029,-0.244,1.2081,1.69,-14.05,-2.13,4.715,0.07045,0.0029,-21.34,-22.2,-0.39516,0.47189,5.29,4.25,3.44,5.89
1497,24.95,7.0,36.039,-0.245,1.2133,2.32,-13.8,-1.92,5.204,0.06631,-0.01815,-18.62,-19.2,-0.39345,0.46604,5.59,5.52,3.61,6.1
1498,24.9667,7.0,36.045,-0.246,1.219,2.33,-13.26,-1.8,11.172,0.06793,-0.03355,-18.03,-18.03,-0.39258,0.46678,5.42,5.74,27.54,5.99
1499,24.9833,7.0,36.051,-0.248,1.2227,1.94,-12.69,-1.73,10.742,0.06684,-0.03917,-17.31,-17.31,-0.39306,0.46617,6.03,6.48,8.39,22.07
1500,25.0,7.0,36.056,-0.25,1.2241,1.42,-12.18,-1.7,6.417,0.06547,-0.05179,-16.01,-16.01,-0.39359,0.46532,5.97,6.25,6.44,7.0
1501,25.0167,7.0,36.062,-0.251,1.2233,0.88,-11.93,-1.58,7.731,0.06772,-0.0576,-16.29,-16.29,-0.39425,0.46825,4.99,5.4,33.01,-12.47
1502,25.0333,7.0,36.067,-0.251,1.2247,0.63,-11.58,-1.52,3.262,0.07479,-0.05579,-18.53,-18.53,-0.39077,0.47183,5.21,0.62,2.99,4.24
1503,25.05,7.0,36.072,-0.25,1.2276,0.4,-11.25,-1.42,5.221,0.07913,-0.04017,-20.93,-20.93,-0.38605,0.47145,6.13,8.84,2.81,3.1
1504,25.0667,7.0,36.077,-0.25,1.2296,0.14,-10.87,-1.29,4.073,0.08257,-0.01863,-23.47,-23.47,-0.38132,0.47015,5.92,1.27,5.3,3.81
1505,25.0833,7.0,36.083,-0.249,1.231,-0.04,-10.43,-1.19,10.104,0.08223,-0.00169,-24.55,-24.55,-0.37919,0.46769,5.9,12.75,14.25,7.52
1506,25.1,7.0,36.088,-0.247,1.2338,-0.2,-10.11,-1.05,3.511,0.08264,0.01476,-25.82,-25.82,-0.3762,0.46511,5.43,1.38,3.97,3.27
1507,25.1167,7.0,36.095,-0.246,1.2368,-0.47,-9.78,-0.79,7.667,0.08317,0.0312,-27.13,-27.13,-0.37213,0.46157,5.7,0.53,21.17,3.28
1508,25.1333,7.0,36.102,-0.244,1.2395,-0.69,-9.41,-0.54,6.129,0.0838,0.04399,-28.22,-28.22,-0.36872,0.45879,5.32,11.49,5.09,2.62
1509,25.15,7.0,36.109,-0.242,1.2409,-1.02,-9.02,-0.23,3.78,0.08579,0.05003,-29.24,-29.24,-0.36389,0.45595,5.28,1.62,4.9,3.32
1510,25.1667,7.0,36.117,-0.24,1.2426,-1.21,-8.57,0.05,6.894,0.0839,0.04893,-28.59,-28.59,-0.36068,0.45084,4.86,2.24,17.2,3.28
1511,25.1833,7.0,36.125,-0.237,1.2458,-1.47,-8.34,0.34,3.651,0.08374,0.04426,-28.22,-28.22,-0.35643,0.44644,5.34,2.36,3.2,3.7
1512,25.2,7.0,36.134,-0.235,1.2488,-1.64,-8.06,0.65,6.857,0.08263,0.03936,-27.54,-27.54,-0.3529,0.44181,5.13,2.14,19.84,0.32
1513,25.2167,7.0,36.144,-0.232,1.2507,-1.76,-7.72,0.83,5.56,0.07975,0.03166,-26.14,-26.14,-0.35271,0.43873,5.44,3.36,5.96,7.47
1514,25.2333,7.0,36.155,-0.23,1.2525,-1.89,-7.4,1.03,6.388,0.07654,0.02105,-24.44,-24.44,-0.35187,0.43469,5.75,4.94,4.51,10.35
1515,25.25,7.0,36.167,-0.228,1.2555,-1.93,-7.21,1.28,7.279,0.07168,0.00605,-21.93,-21.93,-0.35114,0.42909,5.51,3.92,15.06,4.63
1516,25.2667,7.0,36.18,-0.225,1.2573,-1.95,-7.02,1.49,6.14,0.0674,-0.01359,-19.27,-19.27,-0.35106,0.42473,5.89,4.28,6.56,7.84
1517,25.2833,7.0,36.194,-0.223,1.258,-1.93,-6.79,1.7,5.847,0.06348,-0.03296,-16.74,-16.74,-0.35194,0.42169,6.04,4.95,6.28,6.11
1518,25.3,7.0,36.209,-0.222,1.2577,-2.26,-6.72,1.89,6.324,0.06831,-0.04488,-17.35,-17.35,-0.35148,0.42606,6.18,6.09,6.55,6.47
1519,25.3167,7.0,36.224,-0.22,1.2594,-2.2,-6.64,1.99,6.227,0.06357,-0.0591,-14.93,-14.93,-0.35619,0.42603,6.1,5.19,7.26,6.36
1520,25.3333,7.0,36.238,-0.219,1.2619,-2.62,-6.89,1.77,6.729,0.06471,-0.06747,-14.69,-14.69,-0.35763,0.42861,6.3,7.06,7.17,6.38
1521,25.35,7.0,36.25,-0.217,1.2658,-2.92,-7.15,1.51,6.057,0.06173,-0.07461,-13.3,-13.3,-0.36164,0.42964,6.37,5.97,5.53,6.35
1522,25.3667,7.0,36.263,-0.216,1.269,-3.1,-7.44,1.34,7.262,0.0575,-0.08024,-11.63,-11.63,-0.3656,0.42937,6.4,6.27,9.99,6.39
1523,25.3833,7.0,36.276,-0.215,1.2709,-3.23,-7.78,1.22,6.231,0.05003,-0.08847,-8.82,-8.82,-0.37247,0.42878,6.23,5.06,6.83,6.8
1524,25.4,7.0,36.288,-0.215,1.2715,-3.31,-8.19,1.11,5.472,0.04809,-0.09368,-7.87,-7.87,-0.37451,0.42886,6.37,3.08,5.8,6.64
1525,25.4167,7.0,36.301,-0.214,1.2736,-3.11,-8.44,1.02,10.402,0.03917,-0.11242,-3.88,-4.87,-0.38112,0.42656,6.46,6.84,21.65,6.67
1526,25.4333,7.0,36.314,-0.214,1.2746,-2.96,-8.66,0.97,7.838,0.02977,-0.13369,0.43,-1.87,-0.38679,0.42283,6.67,6.24,11.62,6.83
1527,25.45,7.0,36.328,-0.215,1.2743,-2.75,-8.91,1.0,8.203,0.02479,-0.15871,3.67,1.13,-0.39159,0.42266,6.86,6.44,12.62,6.89
1528,25.4667,7.0,36.342,-0.216,1.2726,-2.45,-9.19,1.07,6.339,0.02114,-0.18141,6.36,4.13,-0.39518,0.42259,6.94,5.14,6.35,6.92
1529,25.4833,7.0,36.356,-0.217,1.2733,-2.47,-9.01,1.17,7.028,0.02643,-0.1916,5.48,5.48,-0.39557,0.42828,6.75,6.47,8.05,6.84
1530,25.5,7.0,36.372,-0.218,1.2741,-2.36,-9.12,1.26,6.865,0.02963,-0.18959,4.38,4.38,-0.39675,0.43265,6.73,7.07,7.09,6.57
1531,25.5167,7.0,36.387,-0.219,1.2731,-2.23,-9.22,1.32,6.505,0.03213,-0.18326,3.19,3.19,-0.39675,0.43514,6.84,6.54,5.74,6.9
1532,25.5333,7.0,36.403,-0.22,1.2716,-2.41,-9.03,1.38,5.92,0.04037,-0.16003,-0.91,0.19,-0.39453,0.44117,6.79,4.43,6.94,5.52
1533,25.55,7.0,36.418,-0.22,1.2726,-2.48,-8.95,1.32,6.756,0.04102,-0.12926,-3.26,-2.81,-0.39857,0.44586,6.78,6.8,6.5,6.95
1534,25.5667,7.0,36.434,-0.22,1.2728,-2.49,-8.98,1.38,6.821,0.04174,-0.09631,-5.78,-5.78,-0.40075,0.44876,6.9,6.87,6.64,6.88
1535,25.5833,7.0,36.45,-0.22,1.2717,-2.39,-9.08,1.44,6.722,0.04017,-0.06518,-7.49,-7.49,-0.402,0.44845,6.71,6.64,6.74,6.79
1536,25.6,7.0,36.465,-0.221,1.2713,-2.35,-9.0,1.43,7.975,0.04131,-0.04205,-9.45,-9.45,-0.40569,0.45328,6.68,9.39,8.67,7.16
1537,25.6167,7.0,36.481,-0.221,1.272,-2.23,-9.12,1.57,6.552,0.04067,-0.02566,-10.4,-10.4,-0.41034,0.45728,6.6,6.69,6.58,6.34
1538,25.6333,7.0,36.496,-0.221,1.2711,-2.12,-9.23,1.7,6.455,0.03772,-0.01683,-10.14,-10.14,-0.41421,0.4582,6.45,6.17,6.41,6.79
1539,25.65,7.0,36.511,-0.221,1.2697,-2.34,-9.1,1.78,6.055,0.04449,-0.01057,-12.61,-12.61,-0.41318,0.46394,6.47,5.46,6.61,5.68
1540,25.6667,7.0,36.526,-0.221,1.2701,-2.37,-9.0,1.74,5.702,0.04363,-0.00662,-12.62,-12.62,-0.41873,0.46862,6.36,4.44,5.58,6.43
1541,25.6833,7.0,36.542,-0.221,1.2705,-2.38,-9.04,1.81,6.192,0.041,-0.00658,-11.84,-11.84,-0.42229,0.46956,6.39,6.14,5.72,6.52
1542,25.7,7.0,36.557,-0.221,1.2695,-2.27,-9.13,1.88,6.388,0.03953,-0.00645,-11.41,-11.41,-0.42431,0.47011,6.39,6.6,6.01,6.55
1543,25.7167,7.0,36.565,-0.221,1.2704,-3.49,-7.94,1.62,4.786,0.06061,0.01417,-19.17,-14.41,-0.42216,0.48904,6.43,6.41,1.02,5.28
1544,25.7333,7.0,36.573,-0.222,1.2698,-4.61,-7.16,1.8,5.933,0.06035,0.03271,-20.39,-17.41,-0.42206,0.48868,5.44,6.37,6.51,5.41
1545,25.75,7.0,36.58,-0.221,1.2717,-5.56,-6.83,1.96,3.754,0.07387,0.06597,-26.78,-20.41,-0.41299,0.49313,0.43,6.22,5.89,2.48
1546,25.7667,7.0,36.583,-0.218,1.2763,-5.65,-6.41,2.08,6.474,0.06817,0.08241,-26.22,-23.41,-0.41074,0.48518,5.64,5.73,6.51,8.01
1547,25.7833,7.0,36.588,-0.215,1.2783,-5.7,-6.19,2.09,11.667,0.06017,0.08953,-24.32,-24.32,-0.41634,0.48278,7.7,5.88,7.18,25.9
1548,25.8,7.0,36.592,-0.212,1.2775,-5.81,-6.16,2.02,-11.525,0.05218,0.09028,-21.97,-21.97,-0.42064,0.47908,-23.26,-10.24,8.45,-21.06
1549,25.8167,7.0,36.596,-0.211,1.2807,-6.12,-5.9,1.83,0.919,0.04816,0.08833,-20.63,-20.63,-0.42202,0.47646,7.22,-15.41,6.09,5.77
1550,25.8333,7.0,36.6,-0.209,1.2823,-5.94,-5.52,1.59,6.01,0.04569,0.06238,-18.07,-18.07,-0.42311,0.47507,5.8,5.9,6.37,5.97
1551,25.85,7.0,36.605,-0.207,1.2825,-5.81,-5.42,1.47,5.667,0.04067,0.03466,-14.63,-15.07,-0.42676,0.4737,7.45,-0.67,9.45,6.44
1552,25.8667,7.0,36.609,-0.205,1.285,-5.77,-5.14,1.43,13.655,0.03512,-0.00935,-9.88,-12.07,-0.42676,0.46814,27.43,5.12,9.91,12.16
1553,25.8833,7.0,36.613,-0.203,1.2873,-5.81,-4.97,1.54,1.966,0.03308,-0.04432,-6.82,-9.07,-0.42514,0.46449,6.54,1.77,-1.38,0.93
1554,25.9,7.0,36.619,-0.201,1.2899,-5.98,-4.66,1.8,5.986,0.03381,-0.06612,-5.51,-6.07,-0.42089,0.46097,6.58,6.91,7.37,3.08
1555,25.9167,7.0,36.625,-0.2,1.2923,-6.15,-4.38,1.92,10.041,0.02898,-0.08205,-2.95,-3.07,-0.42262,0.45787,18.21,3.58,7.31,11.06
1556,25.9333,7.0,36.633,-0.198,1.2954,-6.1,-4.08,1.93,5.258,0.02272,-0.09838,0.07,-0.07,-0.42137,0.45035,4.54,5.76,6.68,4.06
1557,25.95,7.0,36.641,-0.197,1.298,-6.13,-3.68,2.0,15.466,0.02203,-0.11091,1.16,1.16,-0.41902,0.44732,6.34,1.48,26.39,27.66
1558,25.9667,7.0,36.648,-0.196,1.3004,-5.84,-3.56,1.85,5.287,0.01461,-0.12441,4.33,4.16,-0.42073,0.44162,6.95,4.72,2.51,6.98
1559,25.9833,7.0,36.657,-0.195,1.3028,-5.6,-3.36,1.73,6.163,0.00934,-0.136,6.72,6.72,-0.42146,0.43707,6.73,2.94,6.87,8.11
1560,26.0,7.0,36.667,-0.194,1.3056,-5.52,-3.13,1.77,5.574,0.01016,-0.14325,6.98,6.98,-0.41775,0.43418,6.92,4.88,5.65,4.85
1561,26.0167,7.0,36.678,-0.193,1.309,-5.4,-2.97,1.86,10.641,0.01026,-0.15027,7.44,7.44,-0.41428,0.43081,6.41,6.89,23.24,6.02
1562,26.0333,7.0,36.69,-0.192,1.3113,-5.34,-2.76,1.94,8.132,0.00917,-0.15261,7.93,7.93,-0.41195,0.42739,6.65,6.07,6.88,12.93
1563,26.05,7.0,36.703,-0.191,1.3128,-5.21,-2.56,2.03,5.748,0.00729,-0.15017,8.32,8.32,-0.41018,0.42374,6.59,3.98,6.68,5.73
1564,26.0667,7.0,36.718,-0.19,1.3143,-5.07,-2.49,2.04,6.434,0.00654,-0.14808,8.4,8.4,-0.41126,0.42407,6.68,6.08,6.37,6.61
1565,26.0833,7.0,36.733,-0.19,1.3153,-5.12,-2.4,2.05,6.195,0.0078,-0.13732,7.27,7.27,-0.41,0.42407,6.6,5.39,6.79,6.0
1566,26.1,7.0,36.749,-0.189,1.3156,-5.03,-2.23,2.04,6.819,0.00331,-0.12704,7.9,7.9,-0.41325,0.42283,6.66,6.18,7.79,6.65
1567,26.1167,7.0,36.765,-0.188,1.3157,-5.1,-2.26,1.99,6.677,0.00393,-0.11821,7.09,7.09,-0.4157,0.4259,6.66,6.45,6.93,6.66
1568,26.1333,7.0,36.781,-0.187,1.315,-5.19,-2.39,1.98,6.74,0.0035,-0.11098,6.72,6.72,-0.4173,0.42707,6.58,6.93,6.73,6.72
1569,26.15,7.0,36.797,-0.186,1.3147,-5.19,-2.29,1.98,6.4,-0.00207,-0.10923,8.27,8.27,-0.42322,0.42742,6.62,6.4,6.01,6.57
1570,26.1667,7.0,36.813,-0.186,1.3134,-5.15,-2.14,2.09,6.414,-0.00479,-0.10855,9.04,9.04,-0.42612,0.4276,6.53,6.58,5.86,6.68
1571,26.1833,7.0,36.83,-0.185,1.3143,-5.3,-2.32,2.05,7.558,-0.00191,-0.10421,7.87,7.87,-0.42689,0.43125,6.73,8.24,8.59,6.67
1572,26.2,7.0,36.846,-0.184,1.3137,-5.31,-2.39,2.08,7.005,-0.00579,-0.10569,9.14,9.14,-0.43333,0.4338,6.65,8.48,7.62,5.26
1573,26.2167,7.0,36.861,-0.183,1.3131,-5.33,-2.24,2.2,7.171,-0.01063,-0.10734,10.7,10.7,-0.43804,0.43368,6.61,6.71,8.7,6.66
1574,26.2333,7.0,36.877,-0.183,1.313,-5.48,-2.23,2.3,6.25,-0.01019,-0.10899,10.69,10.69,-0.44106,0.43714,6.36,6.14,5.98,6.53
1575,26.25,7.0,36.893,-0.182,1.3125,-5.56,-2.34,2.41,6.394,-0.00593,-0.10561,9.17,9.17,-0.43837,0.43871,6.32,6.53,6.21,6.52
1576,26.2667,7.0,36.908,-0.181,1.3125,-5.47,-2.29,2.39,7.547,-0.01149,-0.10262,10.63,10.63,-0.44191,0.43669,6.64,6.5,9.73,7.31
1577,26.2833,7.0,36.924,-0.18,1.3115,-5.33,-2.18,2.43,6.119,-0.01558,-0.1014,11.77,11.77,-0.44459,0.43528,6.49,6.07,6.28,5.63
1578,26.3,7.0,36.94,-0.18,1.3123,-5.43,-2.37,2.31,7.184,-0.01407,-0.10174,11.34,11.34,-0.44646,0.43866,6.52,8.17,7.49,6.55
1579,26.3167,7.0,36.956,-0.179,1.3114,-5.66,-2.36,2.25,5.776,-0.01114,-0.09503,9.99,9.99,-0.44598,0.44112,6.37,6.17,3.47,7.1
1580,26.3333,7.0,36.972,-0.178,1.3112,-5.61,-2.24,2.28,6.208,-0.01793,-0.09113,11.76,11.76,-0.4517,0.44004,6.42,5.78,5.98,6.66
1581,26.35,7.0,36.988,-0.178,1.3099,-5.45,-2.11,2.33,6.303,-0.02046,-0.09075,12.49,12.49,-0.45385,0.43966,6.43,6.16,6.08,6.54
1582,26.3667,7.0,37.005,-0.177,1.3113,-5.61,-2.4,2.24,6.918,-0.01687,-0.09111,11.44,11.44,-0.45483,0.44423,6.22,6.48,6.46,8.5
1583,26.3833,7.0,37.02,-0.177,1.3101,-5.92,-2.39,2.24,6.244,-0.01185,-0.08055,9.19,9.19,-0.45324,0.44766,6.43,6.53,6.53,5.48
1584,26.4,7.0,37.037,-0.176,1.3094,-5.79,-2.04,2.24,6.366,-0.02052,-0.07596,11.47,11.47,-0.46159,0.44734,6.42,6.11,6.33,6.61
1585,26.4167,7.0,37.053,-0.175,1.31,-6.11,-2.12,2.24,6.669,-0.018,-0.0709,10.36,10.36,-0.46396,0.45223,6.42,6.76,6.99,6.51
1586,26.4333,7.0,37.069,-0.175,1.3091,-6.26,-2.15,2.27,6.708,-0.01494,-0.0663,9.12,9.12,-0.46362,0.45495,6.16,8.24,6.04,6.4
1587,26.45,7.0,37.085,-0.173,1.3088,-6.22,-2.02,2.3,5.702,-0.02011,-0.06058,10.27,10.27,-0.4685,0.45466,6.37,6.31,3.54,6.59
1588,26.4667,7.0,37.101,-0.173,1.3089,-6.32,-1.99,2.31,6.707,-0.02087,-0.05373,10.02,10.02,-0.47313,0.45853,6.5,7.03,6.76,6.53
1589,26.4833,7.0,37.116,-0.172,1.3085,-6.39,-2.09,2.32,6.689,-0.02026,-0.05077,9.63,9.63,-0.47425,0.46026,6.51,6.84,6.83,6.58
1590,26.5,7.0,37.132,-0.171,1.3078,-6.43,-2.04,2.36,5.876,-0.02381,-0.05698,11.13,11.13,-0.47875,0.46122,6.38,6.0,9.13,1.98
1591,26.5167,7.0,37.146,-0.171,1.3086,-7.06,-1.43,2.45,4.239,-0.01188,-0.04125,6.45,8.13,-0.47169,0.46609,-2.13,5.96,6.07,7.06
1592,26.5333,7.0,37.161,-0.169,1.3132,-7.28,-1.14,2.69,6.795,-0.01148,-0.02958,5.51,5.51,-0.46925,0.46404,6.82,6.59,6.71,7.07
1593,26.55,7.0,37.175,-0.167,1.3171,-7.45,-0.97,2.77,6.399,-0.0143,-0.02537,6.06,6.06,-0.46683,0.45881,3.61,9.88,6.84,5.27
1594,26.5667,7.0,37.189,-0.164,1.3199,-7.36,-0.66,2.55,6.826,-0.01526,-0.01734,5.79,5.79,-0.46493,0.45594,6.88,6.86,6.97,6.6
1595,26.5833,7.0,37.204,-0.162,1.3208,-7.24,-0.34,2.38,4.985,-0.01884,-0.01317,6.57,6.57,-0.46584,0.45326,2.36,5.77,6.66,5.14
1596,26.6,7.0,37.219,-0.16,1.3224,-7.18,-0.19,2.33,6.758,-0.02665,-0.01817,9.27,9.27,-0.46633,0.44595,6.49,6.37,6.76,7.41
1597,26.6167,7.0,37.236,-0.158,1.3227,-7.08,-0.02,2.19,7.681,-0.03128,-0.02368,11.04,11.04,-0.46855,0.44353,8.14,6.39,6.75,9.45
1598,26.6333,7.0,37.252,-0.157,1.3212,-6.98,0.11,2.04,7.199,-0.03613,-0.04578,14.04,14.04,-0.47342,0.44356,6.51,6.99,6.63,8.67
1599,26.65,7.0,37.268,-0.156,1.3203,-6.91,0.09,1.9,6.632,-0.03611,-0.06562,15.43,15.43,-0.47594,0.44611,6.41,6.58,7.03,6.51
1600,26.6667,7.0,37.285,-0.155,1.32,-7.16,0.15,1.86,6.324,-0.03402,-0.07804,15.67,15.67,-0.47807,0.45032,6.37,6.24,6.35,6.35
1601,26.6833,7.0,37.301,-0.153,1.3184,-7.23,0.35,1.74,6.12,-0.03812,-0.09219,17.89,17.89,-0.48295,0.4511,6.12,5.6,6.37,6.38
1602,26.7,7.0,37.317,-0.152,1.3154,-7.14,0.63,1.58,5.736,-0.04193,-0.10487,19.92,19.92,-0.48779,0.45214,4.21,5.96,6.36,6.41
1603,26.7167,7.0,37.334,-0.152,1.3127,-7.38,0.91,1.43,5.992,-0.04051,-0.10654,19.61,19.61,-0.48831,0.45406,6.79,5.04,6.27,5.87
1604,26.7333,7.0,37.352,-0.151,1.3087,-7.52,1.38,1.22,6.211,-0.0459,-0.10879,21.38,21.38,-0.49449,0.45486,5.26,5.83,6.23,7.53
1605,26.75,7.0,37.369,-0.15,1.3035,-7.43,1.98,1.05,5.839,-0.04966,-0.10965,22.57,22.57,-0.49937,0.45599,6.04,5.04,6.02,6.26
1606,26.7667,7.0,37.387,-0.15,1.2974,-7.47,2.7,0.98,5.56,-0.04893,-0.10968,22.36,22.36,-0.49867,0.45601,6.02,5.44,5.94,4.84
1607,26.7833,7.0,37.405,-0.149,1.296,-7.48,3.04,1.14,6.648,-0.0487,-0.11162,22.42,22.42,-0.50103,0.4586,7.04,5.73,6.33,7.49
1608,26.8,7.0,37.423,-0.149,1.2943,-7.49,3.11,1.11,4.172,-0.04907,-0.10949,22.39,22.39,-0.50125,0.45845,3.76,5.36,6.54,1.03
1609,26.8167,7.0,37.44,-0.149,1.2951,-7.16,2.91,1.16,7.691,-0.04582,-0.10035,20.77,20.77,-0.5003,0.46075,6.62,6.5,11.25,6.4
1610,26.8333,7.0,37.457,-0.151,1.2957,-7.35,3.03,1.25,6.33,-0.03932,-0.08708,17.89,17.89,-0.49976,0.46671,6.45,6.01,6.17,6.69
1611,26.85,7.0,37.473,-0.151,1.2948,-7.34,3.05,1.33,6.017,-0.0306,-0.0609,13.44,14.89,-0.49569,0.47136,6.52,5.84,5.75,5.95
1612,26.8667,7.0,37.489,-0.151,1.2947,-7.14,2.94,1.45,6.173,-0.03702,-0.0406,13.95,13.95,-0.50038,0.46963,7.39,5.44,6.79,5.07
1613,26.8833,7.0,37.504,-0.152,1.2954,-7.26,2.91,1.46,6.325,-0.03232,-0.01864,11.0,11.0,-0.49967,0.47362,6.29,6.32,6.45,6.25
1614,26.9,7.0,37.52,-0.152,1.2954,-7.42,2.9,1.44,7.238,-0.0251,0.00787,6.98,8.0,-0.49516,0.47634,6.71,8.75,6.35,7.14
1615,26.9167,7.0,37.535,-0.152,1.2946,-7.28,3.0,1.56,4.854,-0.02994,0.0266,7.12,7.12,-0.49983,0.47615,4.93,6.12,6.34,2.03
1616,26.9333,7.0,37.551,-0.152,1.2945,-7.06,2.93,1.78,6.596,-0.03184,0.03779,6.91,6.91,-0.50047,0.4749,6.7,6.51,6.6,6.58
1617,26.95,7.0,37.567,-0.153,1.2954,-7.18,3.02,1.9,6.725,-0.02669,0.04624,4.77,4.77,-0.50001,0.47959,6.74,6.67,6.72,6.77
1618,26.9667,7.0,37.583,-0.153,1.2942,-7.27,3.04,1.93,4.664,-0.02201,0.04953,3.14,3.14,-0.49833,0.48259,2.49,3.87,6.58,5.71
1619,26.9833,7.0,37.599,-0.153,1.2943,-7.07,2.99,2.01,7.053,-0.02408,0.05689,3.24,3.24,-0.50006,0.48225,6.77,7.02,7.5,6.92
1620,27.0,7.0,37.615,-0.152,1.2934,-6.84,2.87,2.08,6.83,-0.02472,0.05789,3.36,3.36,-0.50055,0.4821,7.07,6.53,6.87,6.85
1621,27.0167,7.0,37.631,-0.152,1.2951,-7.01,3.08,2.24,6.384,-0.0185,0.05772,1.51,1.51,-0.49884,0.48661,5.47,6.75,6.83,6.49
1622,27.0333,7.0,37.648,-0.151,1.2941,-7.12,3.05,2.33,7.06,-0.01666,0.06445,0.49,0.49,-0.49837,0.48798,6.82,7.88,6.85,6.69
1623,27.05,7.0,37.663,-0.15,1.2944,-7.05,2.97,2.46,6.547,-0.01896,0.06997,0.79,0.79,-0.50012,0.48743,5.04,7.35,6.85,6.95
1624,27.0667,7.0,37.679,-0.149,1.2947,-7.36,2.86,2.52,6.906,-0.01578,0.0728,-0.36,-0.36,-0.50017,0.49066,7.0,6.92,6.88,6.83
1625,27.0833,7.0,37.693,-0.148,1.2945,-7.37,3.02,2.56,6.345,-0.01654,0.06968,0.09,0.09,-0.5002,0.48992,5.24,6.18,6.99,6.96
1626,27.1,7.0,37.709,-0.146,1.294,-7.08,3.0,2.65,6.944,-0.01849,0.06708,0.85,0.85,-0.50132,0.4891,7.45,6.42,6.96,6.95
1627,27.1167,7.0,37.724,-0.147,1.2947,-7.02,2.93,2.72,7.003,-0.01116,0.07297,-1.76,-1.76,-0.49868,0.49379,7.46,6.92,6.94,6.69
1628,27.1333,7.0,37.739,-0.146,1.2946,-7.14,2.93,2.73,6.759,-0.0106,0.07234,-1.89,-1.89,-0.50008,0.49576,6.73,6.9,6.91,6.49
1629,27.15,7.0,37.754,-0.146,1.2937,-7.08,3.06,2.75,5.135,-0.01153,0.06894,-1.37,-1.37,-0.50029,0.49502,5.93,5.68,2.06,6.87
1630,27.1667,7.0,37.769,-0.146,1.2939,-6.9,2.99,2.84,6.726,-0.00964,0.07025,-2.03,-2.03,-0.49952,0.49616,5.53,8.01,6.79,6.58
1631,27.1833,7.0,37.784,-0.146,1.2947,-7.09,2.92,2.92,6.762,-0.00681,0.07106,-2.93,-2.93,-0.49931,0.49877,6.94,6.92,6.81,6.37
1632,27.2,7.0,37.799,-0.145,1.2939,-7.14,2.97,2.9,7.107,-0.00839,0.07091,-2.45,-2.45,-0.50034,0.49822,6.75,6.9,6.93,7.85
1633,27.2167,7.0,37.815,-0.144,1.2921,-6.96,3.18,2.94,6.638,-0.00994,0.07119,-2.0,-2.0,-0.5015,0.49783,8.6,4.55,6.7,6.71
1634,27.2333,7.0,37.83,-0.145,1.2904,-7.02,3.38,2.81,7.959,-0.00507,0.06892,-3.3,-3.3,-0.49926,0.50046,7.38,10.01,6.92,7.53
1635,27.25,7.0,37.847,-0.145,1.2883,-7.25,3.64,2.58,6.016,-0.0056,0.06578,-2.92,-2.92,-0.49902,0.49969,7.23,4.43,6.98,5.43
1636,27.2667,7.0,37.864,-0.144,1.2852,-7.17,4.16,2.44,6.742,-0.00738,0.06216,-2.14,-2.14,-0.49999,0.49888,6.84,6.27,6.95,6.9
1637,27.2833,7.0,37.881,-0.144,1.2804,-6.99,4.69,2.34,5.14,-0.00804,0.05634,-1.53,-1.53,-0.50039,0.49862,6.7,4.9,7.0,1.96
1638,27.3,7.0,37.899,-0.144,1.2748,-7.22,5.36,2.3,6.549,-0.00462,0.05183,-2.24,-2.24,-0.49913,0.50077,6.72,6.84,6.74,5.9
1639,27.3167,7.0,37.917,-0.143,1.2677,-7.49,6.04,2.12,6.336,-0.0056,0.04848,-1.71,-1.71,-0.49918,0.49985,6.56,6.75,6.84,5.2
1640,27.3333,7.0,37.936,-0.143,1.2616,-7.39,7.29,2.15,6.415,-0.00219,0.05064,-2.89,-2.89,-0.4951,0.49919,6.58,5.58,6.8,6.7
1641,27.35,7.0,37.956,-0.142,1.2529,-7.25,8.12,2.13,5.609,-0.00675,0.04283,-0.97,-0.97,-0.49633,0.49584,6.39,3.35,6.18,6.52
1642,27.3667,7.0,37.975,-0.141,1.2535,-6.89,8.3,2.27,4.926,-0.01293,0.03015,1.77,1.77,-0.50072,0.49406,3.95,5.32,6.12,4.31
1643,27.3833,7.0,37.992,-0.141,1.2536,-6.57,8.18,2.41,6.284,-0.0134,0.02035,2.59,2.59,-0.49927,0.49214,5.55,6.64,6.76,6.19
1644,27.4,7.0,38.008,-0.142,1.2543,-6.59,8.3,2.52,6.8,-0.0107,0.01517,2.15,2.15,-0.49975,0.49532,6.78,6.75,6.89,6.78
1645,27.4167,7.0,38.024,-0.143,1.2539,-6.55,8.35,2.65,6.901,-0.00082,0.01726,-0.96,0.0,-0.49429,0.49974,8.72,5.92,6.81,6.15
1646,27.4333,7.0,38.039,-0.142,1.253,-6.43,8.32,2.87,7.075,-0.00539,0.01541,0.54,0.54,-0.49932,0.50021,7.32,6.98,7.0,7.0
1647,27.45,7.0,38.054,-0.142,1.2539,-6.4,8.31,3.05,6.939,-0.0064,0.00923,1.27,1.27,-0.49927,0.49914,6.66,6.92,6.96,7.22
1648,27.4667,7.0,38.07,-0.141,1.2548,-6.44,8.32,3.23,9.994,-0.00227,0.01273,-0.21,0.0,-0.49588,0.49987,18.23,6.61,6.93,8.2
1649,27.4833,7.0,38.085,-0.14,1.2538,-6.49,8.36,3.34,6.492,-0.00225,0.02219,-0.88,0.0,-0.49555,0.49957,5.69,6.89,6.97,6.42
1650,27.5,7.0,38.101,-0.139,1.2513,-6.61,8.34,3.4,6.284,-0.0014,0.03187,-1.81,-1.81,-0.49547,0.50035,5.91,6.87,6.92,5.44
1651,27.5167,7.0,38.115,-0.137,1.2543,-6.62,8.23,3.59,6.717,-0.00471,0.03421,-0.98,-0.98,-0.49861,0.50017,6.71,6.98,6.9,6.28
1652,27.5333,7.0,38.131,-0.135,1.2539,-6.88,8.16,3.57,6.946,-0.00618,0.02459,0.13,0.13,-0.49991,0.5,6.92,6.94,6.97,6.95
1653,27.55,7.0,38.146,-0.133,1.2524,-6.94,8.17,3.57,5.834,-0.00686,0.02012,0.65,0.65,-0.50023,0.49964,2.61,6.63,7.04,7.06
1654,27.5667,7.0,38.161,-0.132,1.2524,-6.67,8.03,3.71,7.189,-0.00707,0.01702,0.93,0.93,-0.49906,0.49826,6.66,8.41,6.97,6.72
1655,27.5833,7.0,38.176,-0.131,1.2514,-6.56,7.87,3.81,5.448,-0.00627,0.01086,1.12,1.12,-0.4996,0.4996,5.85,2.28,6.93,6.73
1656,27.6,7.0,38.192,-0.13,1.2496,-6.23,7.86,3.84,6.738,-0.00698,0.0047,1.76,1.76,-0.50017,0.49946,6.87,6.14,6.99,6.96
1657,27.6167,7.0,38.208,-0.13,1.2463,-6.04,7.9,3.89,6.929,-0.01067,-0.0054,3.58,3.58,-0.50061,0.49622,6.51,8.13,6.13,6.95
1658,27.6333,7.0,38.223,-0.13,1.2465,-5.92,7.44,3.88,6.277,-0.00545,-0.00552,2.02,2.02,-0.49775,0.49857,6.77,5.84,5.63,6.87
1659,27.65,7.0,38.238,-0.13,1.2439,-5.96,7.11,3.79,7.005,-0.00551,-0.00416,1.94,1.94,-0.49976,0.50053,6.83,7.13,7.02,7.04
1660,27.6667,7.0,38.253,-0.131,1.2394,-6.09,6.78,3.81,5.341,-0.00555,-0.00232,1.83,1.83,-0.49968,0.50039,2.74,5.71,6.02,6.89
1661,27.6833,7.0,38.268,-0.131,1.2358,-5.79,6.11,4.14,7.12,-0.00648,-0.00143,2.04,2.04,-0.49999,0.49978,8.1,6.79,6.83,6.75
1662,27.7,7.0,38.281,-0.132,1.2316,-5.67,5.6,4.39,6.258,-0.00559,-0.00056,1.72,1.72,-0.50168,0.50236,2.91,6.49,6.98,8.66
1663,27.7167,7.0,38.294,-0.131,1.232,-5.65,5.58,4.31,6.492,-0.00603,0.00049,1.77,1.77,-0.50001,0.50026,7.06,7.07,7.03,4.81
1664,27.7333,7.0,38.307,-0.13,1.2306,-5.77,5.55,4.26,6.409,-0.0053,0.00595,1.17,1.17,-0.49957,0.50054,6.93,6.95,7.06,4.69
1665,27.75,7.0,38.322,-0.128,1.2281,-5.91,5.49,4.17,6.974,-0.00626,0.0044,1.57,1.57,-0.50017,0.50018,8.36,6.93,6.99,5.62
1666,27.7667,7.0,38.337,-0.125,1.228,-6.34,5.7,4.01,6.846,-0.00733,0.002,2.06,2.06,-0.50016,0.4991,7.69,6.82,6.62,6.25
1667,27.7833,7.0,38.353,-0.123,1.2256,-6.71,5.83,3.87,6.427,-0.00953,-0.00234,3.02,3.02,-0.50151,0.49825,6.79,5.2,6.83,6.89
1668,27.8,7.0,38.369,-0.121,1.2225,-6.91,6.2,3.72,6.856,-0.00899,-0.00464,3.02,3.02,-0.50094,0.49822,7.33,6.39,6.83,6.87
1669,27.8167,7.0,38.385,-0.12,1.2186,-7.06,6.55,3.46,6.509,-0.00909,-0.00768,3.26,3.26,-0.50085,0.49804,6.88,5.64,6.71,6.82
1670,27.8333,7.0,38.402,-0.119,1.214,-6.87,7.27,3.3,6.244,-0.00839,-0.00919,3.16,3.16,-0.49986,0.49774,6.7,4.74,6.69,6.83
1671,27.85,7.0,38.418,-0.118,1.208,-6.6,7.96,3.21,6.22,-0.00922,-0.01212,3.61,3.61,-0.50028,0.49733,6.76,4.69,6.63,6.8
1672,27.8667,7.0,38.436,-0.118,1.2011,-6.73,8.78,3.19,7.61,-0.00407,-0.00841,1.81,0.61,-0.49832,0.50053,6.8,9.56,6.66,7.42
1673,27.8833,7.0,38.453,-0.117,1.1936,-6.86,9.75,3.0,6.071,-0.00771,-0.00779,2.86,2.86,-0.49919,0.49775,6.47,4.78,6.67,6.37
1674,27.9,7.0,38.472,-0.115,1.1854,-6.65,10.76,2.94,6.283,-0.00966,-0.00698,3.39,3.39,-0.50005,0.49666,6.42,5.69,6.42,6.6
1675,27.9167,7.0,38.491,-0.114,1.1799,-6.25,11.18,3.14,8.476,-0.01504,-0.01237,5.38,5.38,-0.50175,0.49298,11.28,6.26,6.56,9.79
1676,27.9333,7.0,38.509,-0.114,1.1817,-6.38,11.49,3.31,6.641,-0.00605,-0.00776,2.36,2.38,-0.49795,0.49817,6.63,6.69,6.79,6.45
1677,27.95,7.0,38.528,-0.113,1.1802,-6.27,11.63,3.41,6.576,-0.00722,-0.00563,2.56,2.56,-0.49759,0.49664,6.93,6.94,6.94,5.49
1678,27.9667,7.0,38.545,-0.113,1.182,-6.04,11.49,3.59,6.794,-0.00553,-0.00115,1.74,1.74,-0.49861,0.49936,6.64,6.81,6.84,6.89
1679,27.9833,7.0,38.561,-0.112,1.1824,-5.93,11.61,3.74,9.866,-0.00208,0.00103,0.55,0.0,-0.49615,0.50034,18.31,6.82,6.98,7.36
1680,28.0,7.0,38.577,-0.112,1.1808,-5.85,11.78,3.87,6.983,-0.00206,0.00672,0.15,0.0,-0.49534,0.49955,7.57,7.2,7.08,6.08
1681,28.0167,7.0,38.593,-0.111,1.1805,-5.58,11.66,4.19,6.094,-0.00682,0.00884,1.43,1.43,-0.50002,0.49947,5.52,6.44,6.79,5.63
1682,28.0333,7.0,38.608,-0.11,1.1819,-5.65,11.75,4.37,6.844,-0.00739,0.01564,1.12,1.12,-0.49982,0.49869,6.73,6.91,6.94,6.8
1683,28.05,7.0,38.623,-0.11,1.1816,-5.79,11.76,4.47,6.855,-0.00634,0.01347,0.96,0.96,-0.50007,0.49999,7.4,6.95,6.94,6.12
1684,28.0667,7.0,38.638,-0.108,1.1808,-5.8,11.72,4.65,7.754,-0.00618,0.01291,0.95,0.95,-0.50059,0.50068,9.23,6.9,7.05,7.84
1685,28.0833,7.0,38.653,-0.107,1.1811,-5.73,11.57,4.8,6.891,-0.0059,0.01097,1.0,1.0,-0.4991,0.49946,6.89,6.85,6.96,6.86
1686,28.1,7.0,38.667,-0.105,1.1802,-5.76,11.46,4.92,6.831,-0.00631,0.00531,1.52,1.52,-0.50016,0.50012,6.8,6.96,6.92,6.65
1687,28.1167,7.0,38.683,-0.103,1.1779,-5.77,11.35,4.98,4.753,-0.00623,0.00038,1.84,1.84,-0.49999,0.50003,4.11,1.78,6.89,6.23
1688,28.1333,7.0,38.698,-0.101,1.1771,-5.49,11.29,4.97,8.412,-0.01384,-0.00689,4.64,4.64,-0.50063,0.49306,7.53,6.88,12.53,6.71
1689,28.15,7.0,38.713,-0.099,1.1763,-5.25,11.1,4.93,6.677,-0.01373,-0.01258,5.0,5.0,-0.50019,0.49273,6.92,6.42,6.68,6.69
1690,28.1667,7.0,38.729,-0.099,1.174,-5.05,10.92,4.93,6.854,-0.0158,-0.0208,6.2,6.2,-0.49972,0.49019,7.06,6.0,7.42,6.93
1691,28.1833,7.0,38.744,-0.098,1.1698,-4.85,10.72,5.01,6.039,-0.02037,-0.0329,8.41,8.41,-0.50108,0.48698,5.37,5.47,6.3,7.02
1692,28.2,7.0,38.759,-0.098,1.1702,-5.12,10.05,4.93,6.646,-0.01209,-0.03531,6.1,6.1,-0.49813,0.49231,6.57,7.18,6.4,6.44
1693,28.2167,7.0,38.773,-0.098,1.1658,-5.18,9.62,5.0,6.62,-0.01462,-0.03962,7.16,7.16,-0.49932,0.49097,8.9,6.92,3.74,6.92
1694,28.2333,7.0,38.786,-0.098,1.1603,-5.12,9.01,5.1,7.697,-0.01495,-0.04384,7.55,7.55,-0.49666,0.48798,9.39,7.02,7.6,6.79
1695,28.25,7.0,38.8,-0.098,1.1547,-5.0,8.46,5.35,5.601,-0.02103,-0.04598,9.53,9.53,-0.49974,0.48498,4.56,5.68,5.56,6.61
1696,28.2667,7.0,38.812,-0.098,1.1486,-4.71,7.6,5.65,6.742,-0.02109,-0.04803,9.69,9.69,-0.5001,0.48528,7.65,6.55,6.63,6.14
1697,28.2833,7.0,38.824,-0.099,1.1408,-4.46,6.71,5.85,6.74,-0.02067,-0.04728,9.51,9.51,-0.50019,0.48578,7.51,6.57,6.68,6.19
1698,28.3,7.0,38.836,-0.1,1.1416,-4.9,6.75,6.13,8.743,-0.00424,-0.02501,3.02,6.51,-0.49907,0.50111,17.75,6.77,6.59,3.86
1699,28.3167,7.0,38.85,-0.098,1.1395,-5.04,6.78,5.96,5.908,-0.00625,-0.016,3.0,3.51,-0.50021,0.50023,5.96,6.75,6.65,4.27
1700,28.3333,7.0,38.865,-0.096,1.1359,-5.31,6.75,5.74,6.327,-0.00504,-0.00423,1.81,1.81,-0.4992,0.50043,6.54,6.81,6.83,5.12
1701,28.35,7.0,38.881,-0.092,1.1347,-5.85,7.15,5.44,6.498,-0.00844,0.00297,2.33,2.33,-0.49908,0.4969,9.38,3.7,6.89,6.03
1702,28.3667,7.0,38.897,-0.089,1.1308,-6.0,7.63,5.25,6.788,-0.01085,0.01309,2.34,2.34,-0.50144,0.49686,7.53,6.18,6.67,6.76
1703,28.3833,7.0,38.914,-0.086,1.1258,-6.05,8.09,5.03,6.705,-0.00902,0.02393,1.03,1.03,-0.49986,0.49711,6.7,6.67,6.66,6.78
1704,28.4,7.0,38.931,-0.084,1.1201,-6.03,8.89,4.98,6.309,-0.01072,0.0313,1.03,1.03,-0.50002,0.49556,6.89,6.13,6.83,5.38
1705,28.4167,7.0,38.949,-0.082,1.1137,-5.92,9.75,5.02,6.52,-0.0096,0.02202,1.34,1.34,-0.49985,0.49652,6.49,6.39,6.54,6.66
1706,28.4333,7.0,38.967,-0.08,1.1059,-5.77,10.55,5.1,4.225,-0.01024,0.01527,2.0,2.0,-0.49997,0.496,6.48,6.94,6.16,-2.68
1707,28.45,7.0,38.986,-0.077,1.1012,-5.76,11.34,5.36,6.345,-0.0076,0.01082,1.52,1.52,-0.50137,0.50004,6.28,6.06,6.51,6.54
1708,28.4667,7.0,39.004,-0.076,1.1009,-5.78,11.43,5.47,7.035,-0.00615,0.01188,1.01,1.01,-0.49988,0.5,7.99,6.6,6.72,6.83
1709,28.4833,7.0,39.023,-0.074,1.0989,-5.64,11.47,5.42,6.095,-0.00317,0.01836,-0.33,0.0,-0.49667,0.49977,8.13,2.22,7.02,7.01
1710,28.5,7.0,39.04,-0.073,1.1014,-5.46,11.36,5.6,6.819,-0.00548,0.01979,0.26,0.26,-0.49864,0.49943,6.82,6.73,6.96,6.77
1711,28.5167,7.0,39.057,-0.071,1.1012,-5.55,11.44,5.56,6.89,-0.00635,0.02192,0.37,0.37,-0.50003,0.49995,6.7,6.97,6.96,6.93
1712,28.5333,7.0,39.073,-0.07,1.1001,-5.59,11.45,5.59,7.16,-0.00245,0.02665,-1.13,0.0,-0.49666,0.50049,8.26,6.24,6.77,7.36
1713,28.55,7.0,39.089,-0.068,1.0998,-5.29,11.34,5.9,6.776,-0.00576,0.02806,-0.24,-0.24,-0.50017,0.50068,7.06,6.77,6.92,6.35
1714,28.5667,7.0,39.105,-0.066,1.1014,-5.3,11.57,5.98,6.879,-0.00873,0.02353,0.97,0.97,-0.50005,0.49759,6.91,6.98,6.92,6.71
1715,28.5833,7.0,39.121,-0.064,1.1007,-5.35,11.59,6.11,8.781,-0.00659,0.02024,0.56,0.56,-0.49963,0.4993,13.74,7.04,6.96,7.39
1716,28.6,7.0,39.137,-0.062,1.1,-5.29,11.45,6.33,7.648,-0.00712,0.01375,1.17,1.17,-0.50028,0.49943,9.13,6.94,6.89,7.63
1717,28.6167,7.0,39.151,-0.06,1.1,-5.27,11.31,6.48,6.454,-0.006,0.01156,0.99,0.99,-0.49991,0.50017,5.37,6.96,6.97,6.51
1718,28.6333,7.0,39.166,-0.058,1.0988,-5.16,11.24,6.5,9.009,-0.00717,0.00933,1.5,1.5,-0.50009,0.49919,12.81,6.98,6.9,9.34
1719,28.65,7.0,39.181,-0.055,1.0963,-4.71,11.34,6.46,6.591,-0.00876,0.00172,2.51,2.51,-0.50082,0.49833,5.97,6.59,6.9,6.9
1720,28.6667,7.0,39.197,-0.054,1.0949,-4.25,11.13,6.5,6.712,-0.00759,-0.00038,2.3,2.3,-0.50027,0.49895,7.68,5.8,6.82,6.55
1721,28.6833,7.0,39.212,-0.053,1.0918,-3.79,10.9,6.51,7.329,-0.00867,-0.00027,2.62,2.62,-0.50122,0.49882,8.11,7.59,6.82,6.8
1722,28.7,7.0,39.228,-0.054,1.0891,-3.27,10.93,6.56,7.017,-0.00636,0.0,1.91,1.91,-0.49875,0.49866,7.55,6.75,6.92,6.85
1723,28.7167,7.0,39.244,-0.054,1.0844,-2.65,10.66,6.63,7.264,-0.00865,-0.00157,2.71,2.71,-0.5005,0.49812,7.9,7.41,6.89,6.86
1724,28.7333,7.0,39.259,-0.055,1.0793,-2.0,10.21,6.76,6.794,-0.00912,-0.00459,3.06,3.06,-0.50102,0.49817,7.49,6.3,6.77,6.62
1725,28.75,7.0,39.274,-0.057,1.0736,-1.47,9.76,6.96,6.615,-0.00685,-0.00372,2.32,2.32,-0.49865,0.49806,6.71,6.24,6.81,6.69
1726,28.7667,7.0,39.289,-0.06,1.0661,-0.94,9.27,7.09,5.208,-0.00887,-0.00338,2.9,2.9,-0.50045,0.49785,7.56,-0.28,6.83,6.73
1727,28.7833,7.0,39.304,-0.063,1.0568,-0.53,8.66,7.14,6.979,-0.00877,-0.00418,2.92,2.92,-0.50022,0.49772,7.71,6.82,6.81,6.58
1728,28.8,7.0,39.318,-0.066,1.0483,0.32,7.53,7.24,7.163,-0.00871,-0.00372,2.87,2.87,-0.49934,0.4969,8.5,6.8,6.8,6.56
1729,28.8167,7.0,39.331,-0.066,1.0514,0.68,8.44,7.04,4.108,-0.00869,-0.00566,3.0,3.0,-0.49747,0.49505,0.72,6.51,6.48,2.73
1730,28.8333,7.0,39.346,-0.067,1.051,0.99,8.64,6.93,6.716,-0.00782,-0.00412,2.63,2.63,-0.49732,0.49577,6.85,6.65,6.73,6.63
1731,28.85,7.0,39.361,-0.068,1.0481,1.13,8.8,6.86,6.634,-0.00393,0.00171,1.06,0.0,-0.49652,0.49886,6.82,6.78,6.81,6.12
1732,28.8667,7.0,39.376,-0.068,1.0471,1.12,9.15,6.79,6.258,-0.00124,0.00728,-0.14,0.0,-0.49425,0.49927,5.6,6.97,6.94,5.52
1733,28.8833,7.0,39.392,-0.068,1.0444,1.0,9.48,6.68,6.657,0.00018,0.01571,-1.15,0.0,-0.49387,0.50032,7.01,7.0,6.99,5.63
1734,28.9,7.0,39.409,-0.067,1.0399,0.77,9.83,6.56,6.725,0.00017,0.02303,-1.66,0.0,-0.49365,0.5001,6.91,6.98,6.94,6.07
1735,28.9167,7.0,39.426,-0.067,1.0343,0.43,10.3,6.39,6.58,-0.00033,0.02888,-1.92,0.0,-0.49418,0.50011,7.15,6.91,6.97,5.29
1736,28.9333,7.0,39.444,-0.065,1.0308,-0.08,10.61,6.28,7.169,0.00238,0.03679,-3.29,-3.0,-0.49391,0.50256,6.5,6.74,7.84,7.6
1737,28.95,7.0,39.461,-0.061,1.0285,-0.41,10.72,6.19,6.701,-0.0035,0.03682,-1.53,-1.53,-0.49616,0.49893,6.95,6.97,6.63,6.26
1738,28.9667,7.0,39.478,-0.057,1.0282,-0.39,10.54,6.35,6.57,-0.0104,0.02574,1.32,1.32,-0.50025,0.49612,6.08,6.73,6.67,6.8
1739,28.9833,7.0,39.494,-0.054,1.0289,-0.72,10.54,6.42,6.648,-0.00551,0.01826,0.38,0.38,-0.49816,0.49892,5.82,6.88,7.12,6.77
1740,29.0,7.0,39.51,-0.051,1.0276,-1.03,10.57,6.46,6.673,-0.00467,0.01108,0.63,0.0,-0.49905,0.50065,5.82,6.81,6.82,7.24
1741,29.0167,7.0,39.526,-0.048,1.0253,-1.37,10.56,6.47,7.192,-0.00596,0.00344,1.55,1.55,-0.4984,0.49871,7.13,7.15,7.17,7.32
1742,29.0333,7.0,39.541,-0.045,1.027,-1.47,10.35,6.64,6.348,-0.00554,-0.00232,1.82,1.82,-0.49886,0.49959,5.63,6.74,6.76,6.27
1743,29.05,7.0,39.556,-0.041,1.0265,-1.82,10.34,6.59,6.698,-0.0049,-0.00953,2.14,0.0,-0.4985,0.49987,6.14,6.89,6.9,6.87
1744,29.0667,7.0,39.571,-0.037,1.0243,-2.24,10.3,6.52,6.854,-0.00469,-0.00961,2.08,0.0,-0.49882,0.5004,6.1,6.87,6.79,7.66
1745,29.0833,7.0,39.587,-0.033,1.0235,-2.44,10.03,6.59,6.791,-0.00651,-0.00446,2.27,2.27,-0.50025,0.50001,7.27,6.81,6.89,6.19
1746,29.1,7.0,39.601,-0.03,1.0243,-2.82,10.01,6.56,6.502,-0.00465,-0.00303,1.61,0.0,-0.4982,0.49983,5.86,6.85,6.87,6.43
1747,29.1167,7.0,39.616,-0.026,1.0233,-3.26,9.97,6.53,6.527,-0.00382,-0.00179,1.27,0.0,-0.49803,0.50048,5.51,6.83,6.81,6.95
1748,29.1333,7.0,39.631,-0.021,1.0212,-3.74,9.87,6.53,6.821,-0.00603,-0.00165,1.93,1.93,-0.49964,0.49988,6.8,6.87,6.78,6.83
1749,29.15,7.0,39.646,-0.017,1.0216,-3.99,9.5,6.64,6.755,-0.00543,-0.00134,1.72,1.72,-0.49939,0.50023,6.9,6.88,6.93,6.31
1750,29.1667,7.0,39.661,-0.013,1.0198,-4.34,9.28,6.63,6.778,-0.00476,-0.00104,1.5,0.0,-0.49865,0.50016,6.86,6.88,6.89,6.48
1751,29.1833,7.0,39.676,-0.008,1.0163,-4.48,9.2,6.56,6.618,-0.00749,-0.0038,2.51,2.51,-0.50097,0.49975,6.81,5.77,6.97,6.92
1752,29.2,7.0,39.692,-0.004,1.0143,-4.22,9.58,6.67,7.064,-0.0074,-0.00425,2.52,2.52,-0.50066,0.49954,6.92,7.37,6.99,6.98
1753,29.2167,7.0,39.708,-0.001,1.0115,-3.91,9.68,6.8,6.687,-0.00606,-0.00519,2.18,2.18,-0.49969,0.49991,6.9,5.98,6.95,6.92
1754,29.2333,7.0,39.724,0.001,1.0084,-3.87,9.71,6.72,8.918,-0.01072,-0.01167,4.03,4.03,-0.50095,0.4965,8.98,7.29,12.3,7.11
1755,29.25,7.0,39.74,0.003,1.0066,-4.05,9.44,6.47,6.412,-0.00518,-0.00939,2.21,2.21,-0.50021,0.5013,6.9,8.4,3.9,6.45
1756,29.2667,7.0,39.755,0.005,1.0041,-4.07,8.93,6.56,7.116,-0.00683,-0.00971,2.73,2.73,-0.50056,0.5,7.19,7.74,6.72,6.81
1757,29.2833,7.0,39.77,0.007,0.9996,-4.09,8.51,6.69,7.111,-0.00731,-0.01116,2.97,2.97,-0.50104,0.5,6.79,7.92,6.91,6.84
1758,29.3,7.0,39.785,0.008,0.9935,-4.28,8.1,6.84,7.426,-0.00927,-0.01165,3.6,3.6,-0.50243,0.49943,9.72,6.4,6.75,6.84
1759,29.3167,7.0,39.799,0.008,0.9878,-4.24,7.14,6.9,7.372,-0.00608,-0.00889,2.45,2.45,-0.49976,0.49995,8.71,7.6,6.65,6.52
1760,29.3333,7.0,39.813,0.008,0.9801,-4.11,6.28,6.99,5.481,-0.00767,-0.00948,2.97,2.97,-0.5014,0.5,2.31,6.72,6.52,6.38
1761,29.35,7.0,39.826,0.008,0.9703,-3.97,5.48,7.05,6.517,-0.00627,-0.00377,2.15,2.15,-0.5,0.5,6.39,6.53,6.66,6.49
1762,29.3667,7.0,39.841,0.012,0.9684,-3.89,5.57,6.57,5.743,-0.01412,-0.01251,5.11,5.11,-0.50393,0.49608,4.58,7.7,6.79,3.91
1763,29.3833,7.0,39.855,0.011,0.9645,-3.41,5.98,6.51,6.523,-0.01112,-0.01542,4.41,4.41,-0.50081,0.49596,7.44,5.77,6.31,6.57
1764,29.4,7.0,39.871,0.009,0.9636,-3.21,5.98,6.37,6.64,-0.00531,-0.01151,2.4,2.4,-0.49947,0.50043,7.08,7.65,5.06,6.77
1765,29.4167,7.0,39.886,0.008,0.9618,-2.88,5.84,6.14,5.837,-0.002,-0.00266,0.79,0.0,-0.49658,0.50086,7.1,6.17,3.33,6.75
1766,29.4333,7.0,39.901,0.008,0.9639,-2.56,5.63,5.87,6.606,-0.00866,-0.005,2.95,2.95,-0.50056,0.49817,6.93,7.25,5.6,6.64
1767,29.45,7.0,39.915,0.006,0.9646,-2.33,5.51,5.68,6.852,-0.0068,-0.0035,2.29,2.29,-0.5,0.49947,6.89,6.92,6.74,6.86
1768,29.4667,7.0,39.93,0.005,0.9642,-1.97,5.32,5.44,8.694,-0.00714,-0.00398,2.42,2.42,-0.49987,0.49899,6.8,7.44,13.57,6.97
1769,29.4833,7.0,39.944,0.004,0.9628,-1.6,5.18,5.23,5.851,-0.00852,0.00226,2.4,2.4,-0.50104,0.49879,6.92,5.48,4.15,6.86
1770,29.5,7.0,39.959,0.002,0.9646,-1.35,5.02,5.09,6.701,-0.00698,0.00625,1.66,1.66,-0.50009,0.49939,6.94,6.9,6.07,6.89
1771,29.5167,7.0,39.973,0.0,0.9648,-1.06,4.85,5.01,6.97,-0.00626,0.00452,1.56,1.56,-0.50006,0.50007,6.98,6.86,7.09,6.95
1772,29.5333,7.0,39.988,-0.001,0.9638,-0.63,4.62,4.88,7.655,-0.00479,0.00111,1.36,0.0,-0.49805,0.49953,7.75,8.52,7.37,6.97
1773,29.55,7.0,40.003,-0.003,0.9628,-0.13,4.51,4.76,6.089,-0.00899,0.00063,2.65,2.65,-0.50129,0.49858,7.02,5.5,5.05,6.79
1774,29.5667,7.0,40.017,-0.005,0.965,0.14,4.23,4.69,6.806,-0.00832,-0.00101,2.57,2.57,-0.50022,0.49817,6.92,7.06,6.33,6.91
1775,29.5833,7.0,40.032,-0.007,0.9659,0.27,4.27,4.54,6.738,-0.00546,0.00084,1.58,1.58,-0.49996,0.50078,6.88,6.84,7.83,5.4
1776,29.6,7.0,40.047,-0.008,0.9656,0.4,4.34,4.31,7.415,-0.00602,0.00331,1.58,1.58,-0.49984,0.50008,6.9,6.89,8.15,7.71
1777,29.6167,7.0,40.063,-0.008,0.9645,0.34,4.2,4.14,6.559,-0.00206,0.00797,0.06,0.0,-0.4967,0.50092,6.98,8.11,6.46,4.68
1778,29.6333,7.0,40.077,-0.008,0.9658,0.28,4.26,3.95,6.983,-0.00262,0.01076,0.03,0.0,-0.49637,0.50002,6.92,6.91,7.69,6.41
1779,29.65,7.0,40.093,-0.007,0.9651,0.07,4.29,3.76,6.901,-0.00245,0.01188,-0.1,0.0,-0.49628,0.5001,6.98,6.99,6.99,6.63
1780,29.6667,7.0,40.108,-0.006,0.963,0.0,4.42,3.55,6.046,-0.00373,0.01586,0.01,0.0,-0.49818,0.50073,7.18,6.67,3.51,6.83
1781,29.6833,7.0,40.123,-0.005,0.9647,-0.01,4.35,3.35,6.681,-0.00731,0.015,1.14,1.14,-0.50007,0.49903,6.87,6.54,6.44,6.87
1782,29.7,7.0,40.138,-0.004,0.9649,0.03,4.27,3.21,6.906,-0.00626,0.01238,1.01,1.01,-0.50001,0.50003,6.94,6.73,7.0,6.96
1783,29.7167,7.0,40.153,-0.002,0.9639,-0.14,4.28,3.07,6.417,-0.00577,0.01116,0.95,0.95,-0.49957,0.50007,6.9,5.12,6.97,6.67
1784,29.7333,7.0,40.168,-0.001,0.963,-0.19,4.36,2.88,7.385,-0.00518,0.0066,1.09,1.09,-0.5006,0.50168,7.11,8.25,7.13,7.05
1785,29.75,7.0,40.184,-0.0,0.9636,-0.3,4.28,2.84,7.178,-0.00568,0.00267,1.52,1.52,-0.49931,0.4999,6.92,7.33,7.51,6.95
1786,29.7667,7.0,40.199,0.001,0.9622,-0.4,4.18,2.82,6.823,-0.00633,-0.00164,2.01,2.01,-0.50009,0.50003,6.89,6.67,6.79,6.94
1787,29.7833,7.0,40.215,0.002,0.959,-0.49,4.06,2.81,6.53,-0.00774,-0.00557,2.71,2.71,-0.5011,0.49963,6.99,6.55,5.59,7.0
1788,29.8,7.0,40.231,0.002,0.957,-0.86,3.73,2.78,7.401,-0.00746,-0.00506,2.59,2.59,-0.5001,0.49891,6.81,7.57,8.43,6.8
1789,29.8167,7.0,40.246,0.002,0.9536,-1.25,3.42,2.74,6.828,-0.00734,-0.00556,2.59,2.59,-0.49995,0.49888,6.79,6.84,6.86,6.82
1790,29.8333,7.0,40.261,0.003,0.9479,-1.62,2.99,2.74,7.101,-0.00587,-0.00499,2.11,2.11,-0.49983,0.50024,6.74,6.8,8.04,6.82
1791,29.85,7.0,40.276,0.004,0.9403,-1.95,2.44,2.79,5.753,-0.00585,-0.00508,2.11,2.11,-0.49966,0.50008,6.64,6.67,2.99,6.72
1792,29.8667,7.0,40.289,0.004,0.942,-1.99,2.51,2.86,4.924,-0.00479,-0.00356,1.69,0.0,-0.49723,0.49871,6.37,3.95,2.7,6.68
1793,29.8833,7.0,40.302,0.005,0.9454,-2.21,2.25,2.64,6.488,0.00215,0.00559,-1.04,0.0,-0.4895,0.49792,6.18,6.89,5.92,6.97
1794,29.9,7.0,40.314,0.006,0.9484,-2.18,1.7,2.84,6.149,-0.00085,0.012,-0.58,0.0,-0.48391,0.48933,6.94,5.21,6.12,6.33
1795,29.9167,7.0,40.326,0.008,0.9494,-1.97,1.3,3.01,6.692,-0.01117,0.00674,2.88,2.88,-0.48796,0.48306,6.99,6.36,6.68,6.75
1796,29.9333,7.0,40.338,0.008,0.9503,-1.64,1.16,2.94,5.964,-0.01664,-0.00364,5.25,5.25,-0.49118,0.48081,6.65,5.78,4.6,6.82
1797,29.95,7.0,40.352,0.008,0.9499,-1.4,0.95,2.78,6.588,-0.02133,-0.01911,7.74,7.74,-0.4949,0.47985,6.75,6.11,6.76,6.74
1798,29.9667,7.0,40.365,0.008,0.9478,-1.18,0.72,2.65,7.091,-0.02807,-0.03967,11.2,10.74,-0.50081,0.47901,6.42,5.79,9.51,6.65
1799,29.9833,7.0,40.38,0.007,0.9466,-1.13,0.44,2.56,7.376,-0.0216,-0.05219,10.13,10.13,-0.49926,0.48393,6.73,8.72,7.23,6.82
1800,30.0,7.0,40.395,0.006,0.9491,-0.75,0.47,2.44,7.136,-0.01961,-0.06832,10.67,10.67,-0.49826,0.48492,6.51,6.4,8.53,7.1
1801,30.0167,7.0,40.41,0.005,0.948,-0.65,0.46,2.4,6.351,-0.01396,-0.0736,9.34,9.34,-0.49599,0.4883,6.49,6.42,6.38,6.11
1802,30.0333,7.0,40.427,0.004,0.9458,-0.72,0.49,2.34,5.5,-0.00576,-0.0592,5.87,6.34,-0.49399,0.49451,6.73,4.33,4.51,6.42
1803,30.05,7.0,40.442,0.003,0.947,-0.73,0.53,2.04,6.698,-0.00119,-0.03619,2.89,3.34,-0.49433,0.49942,6.63,7.32,6.0,6.85
1804,30.0667,7.0,40.458,0.003,0.9469,-0.73,0.46,1.78,6.937,0.00055,-0.00935,0.49,0.34,-0.4939,0.50072,6.74,6.76,7.94,6.31
1805,30.0833,7.0,40.475,0.004,0.9458,-0.78,0.41,1.66,6.917,-7e-05,0.02057,-1.42,0.0,-0.49321,0.49941,7.13,7.0,6.92,6.61
1806,30.1,7.0,40.491,0.005,0.9455,-0.84,0.51,1.54,7.097,0.00063,0.04097,-3.06,-3.0,-0.49375,0.50066,7.79,7.65,7.07,5.87
1807,30.1167,7.0,40.506,0.006,0.9468,-0.92,0.41,1.31,6.786,-0.00087,0.05533,-3.61,-3.61,-0.49482,0.50022,6.67,6.9,6.86,6.71
1808,30.1333,7.0,40.522,0.007,0.9464,-1.12,0.26,1.15,6.808,-0.00208,0.06091,-3.64,-3.64,-0.49553,0.49972,6.81,6.84,6.85,6.73
1809,30.15,7.0,40.538,0.007,0.9445,-1.33,0.18,1.06,5.715,-0.00464,0.05475,-2.44,-2.44,-0.49934,0.50097,5.71,5.66,6.87,4.63
1810,30.1667,7.0,40.554,0.008,0.9459,-1.22,0.31,1.02,6.866,-0.00463,0.04464,-1.74,-1.74,-0.49869,0.50034,7.1,6.45,6.81,7.11
1811,30.1833,7.0,40.57,0.009,0.9467,-1.32,0.24,1.06,6.606,-0.00396,0.03465,-1.24,-1.24,-0.49772,0.50004,6.87,5.46,6.91,7.18
1812,30.2,7.0,40.586,0.01,0.9454,-1.44,0.17,1.08,7.026,-0.0045,0.02594,-0.47,0.0,-0.49837,0.50014,7.19,6.76,6.95,7.2
1813,30.2167,7.0,40.601,0.011,0.9445,-1.32,0.36,1.12,6.676,-0.00665,0.01534,0.92,0.92,-0.5001,0.49972,7.6,5.98,6.92,6.2
1814,30.2333,7.0,40.617,0.012,0.9461,-1.33,0.29,1.19,6.899,-0.0062,0.00801,1.3,1.3,-0.49992,0.49999,6.82,6.95,6.98,6.85
1815,30.25,7.0,40.633,0.013,0.946,-1.36,0.22,1.21,6.74,-0.00636,0.00266,1.72,1.72,-0.5001,0.50001,6.6,6.99,6.92,6.45
1816,30.2667,7.0,40.649,0.014,0.9442,-1.47,0.1,1.2,6.701,-0.00643,0.0005,1.89,1.89,-0.50061,0.50045,6.9,6.87,6.9,6.13
1817,30.2833,7.0,40.665,0.014,0.9423,-1.57,0.18,1.15,6.614,-0.00727,-0.00228,2.34,2.34,-0.50096,0.49996,6.11,6.59,6.88,6.87
1818,30.3,7.0,40.681,0.012,0.9426,-1.29,-0.32,0.96,6.225,-0.00125,0.00077,0.32,0.0,-0.49533,0.50035,4.72,6.67,6.95,6.57
1819,30.3167,7.0,40.696,0.012,0.9397,-1.0,-0.5,0.79,6.79,-0.00143,0.00383,0.16,0.0,-0.49549,0.50033,6.95,6.97,6.97,6.26
1820,30.3333,7.0,40.712,0.012,0.9351,-0.64,-0.64,0.57,7.105,-0.00419,0.0059,0.84,0.0,-0.49829,0.50037,6.43,6.75,6.71,8.52
1821,30.35,7.0,40.726,0.013,0.9359,-0.86,-0.92,0.54,6.539,-0.00575,0.00566,1.33,1.33,-0.49826,0.49878,6.71,6.87,6.27,6.31
1822,30.3667,7.0,40.741,0.015,0.9352,-0.98,-1.0,0.49,6.681,-0.00586,0.00549,1.37,1.37,-0.49975,0.50016,5.97,6.91,6.9,6.95
1823,30.3833,7.0,40.756,0.017,0.9349,-1.02,-1.26,0.63,6.9,-0.00778,0.00345,2.09,2.09,-0.50163,0.50012,7.03,6.71,7.5,6.36
1824,30.4,7.0,40.766,0.019,0.9405,-0.82,-1.65,0.94,6.43,-0.00601,0.00433,1.5,1.5,-0.49985,0.50011,6.53,6.77,6.41,6.01
1825,30.4167,7.0,40.777,0.021,0.9444,-0.75,-2.02,1.12,6.271,-0.00531,-0.00037,1.62,1.62,-0.49944,0.5004,4.81,6.84,6.87,6.57
1826,30.4333,7.0,40.788,0.023,0.947,-0.72,-2.4,1.3,6.771,-0.00537,-0.00437,1.92,1.92,-0.49922,0.50012,6.8,6.91,6.89,6.49
1827,30.45,7.0,40.799,0.025,0.9487,-0.74,-2.86,1.48,5.974,-0.00629,-0.00601,2.31,2.31,-0.49998,0.49996,5.93,6.87,6.93,4.16
1828,30.4667,7.0,40.811,0.027,0.9514,-0.94,-3.1,1.58,6.328,-0.00671,-0.00628,2.45,2.45,-0.4993,0.49886,5.23,6.93,6.91,6.24
1829,30.4833,7.0,40.823,0.029,0.9533,-1.23,-3.43,1.67,8.44,-0.00523,-0.00488,1.91,1.91,-0.49878,0.49982,13.76,6.88,6.89,6.24
1830,30.5,7.0,40.836,0.032,0.9538,-1.54,-3.75,1.79,6.548,-0.00427,-0.00069,1.33,0.0,-0.49779,0.49979,5.68,6.81,6.89,6.8
1831,30.5167,7.0,40.849,0.035,0.953,-1.89,-4.14,1.84,5.97,-0.00565,-0.00024,1.71,1.71,-0.49967,0.50029,6.05,6.8,6.88,4.15
1832,30.5333,7.0,40.863,0.039,0.9539,-2.39,-4.23,1.74,6.464,-0.00795,-0.00293,2.59,2.59,-0.4997,0.49802,5.87,6.89,6.85,6.25
1833,30.55,7.0,40.876,0.042,0.9552,-2.85,-4.59,1.7,6.716,-0.00529,-0.00249,1.76,1.76,-0.49903,0.50001,6.69,6.79,6.78,6.6
1834,30.5667,7.0,40.89,0.045,0.9556,-3.21,-4.64,1.66,6.788,-0.00886,-0.00484,3.0,3.0,-0.50238,0.49979,8.67,5.29,6.54,6.65
1835,30.5833,7.0,40.905,0.047,0.9566,-3.52,-4.53,1.69,6.866,-0.00616,-0.00369,2.11,2.11,-0.49961,0.49971,8.07,5.66,6.88,6.86
1836,30.6,7.0,40.92,0.048,0.9561,-3.61,-4.71,1.72,7.1,-0.00727,-0.00535,2.56,2.56,-0.50017,0.49916,9.15,5.76,6.75,6.74
1837,30.6167,7.0,40.935,0.049,0.9559,-3.63,-4.84,1.69,6.968,-0.00937,-0.00995,3.51,3.51,-0.50253,0.49943,8.14,6.3,6.7,6.72
1838,30.6333,7.0,40.95,0.048,0.9568,-3.6,-4.71,1.55,6.842,-0.00666,-0.0098,2.68,2.68,-0.49932,0.49893,7.58,6.06,6.87,6.86
1839,30.65,7.0,40.966,0.047,0.9555,-3.49,-4.62,1.4,6.004,-0.00678,-0.00742,2.55,2.55,-0.49918,0.49867,3.27,6.85,6.96,6.94
1840,30.6667,7.0,40.981,0.045,0.955,-3.24,-4.78,1.39,7.163,-0.00334,-0.00453,1.32,0.0,-0.49784,0.50077,8.53,7.19,6.81,6.12
1841,30.6833,7.0,40.997,0.045,0.9551,-3.11,-4.87,1.24,6.671,-0.00427,0.00073,1.23,0.0,-0.49858,0.50057,7.03,7.02,7.0,5.63
1842,30.7,7.0,41.012,0.044,0.9542,-2.95,-4.74,1.1,6.769,-0.00643,0.00038,1.9,1.9,-0.5002,0.50004,7.0,5.98,7.0,7.09
1843,30.7167,7.0,41.028,0.044,0.9545,-2.89,-4.51,1.03,7.36,-0.00787,-0.00028,2.38,2.38,-0.50024,0.49864,7.59,7.34,6.99,7.52
1844,30.7333,7.0,41.043,0.044,0.9551,-2.82,-4.58,0.91,6.628,-0.00613,0.00309,1.62,1.62,-0.50013,0.50027,6.61,6.89,6.92,6.1
1845,30.75,7.0,41.059,0.043,0.9539,-2.8,-4.67,0.8,6.994,-0.0054,0.00402,1.34,1.34,-0.4994,0.50027,6.94,6.89,6.92,7.23
1846,30.7667,7.0,41.075,0.044,0.9536,-2.96,-4.54,0.68,6.734,-0.00627,0.00407,1.6,1.6,-0.49922,0.49922,5.98,6.99,7.02,6.95
1847,30.7833,7.0,41.091,0.044,0.9552,-3.07,-4.68,0.65,6.914,-0.00563,0.00122,1.6,1.6,-0.49957,0.50021,6.97,6.9,6.87,6.92
1848,30.8,7.0,41.107,0.045,0.9548,-3.22,-4.79,0.47,6.583,-0.0065,-0.00121,2.04,2.04,-0.50013,0.4999,6.9,6.17,6.93,6.34
1849,30.8167,7.0,41.122,0.045,0.9543,-3.21,-4.64,0.43,6.649,-0.00731,-0.00198,2.33,2.33,-0.50027,0.49923,6.92,5.93,6.89,6.85
1850,30.8333,7.0,41.137,0.045,0.955,-2.66,-4.31,0.25,6.854,-0.01113,-0.0051,3.7,3.7,-0.50299,0.49813,6.01,7.84,6.78,6.78
1851,30.85,7.0,41.15,0.043,0.9578,-2.03,-3.89,-0.12,6.831,-0.00812,-0.00654,2.89,2.89,-0.49969,0.49784,8.05,6.4,6.35,6.52
1852,30.8667,7.0,41.164,0.041,0.9587,-1.34,-3.58,-0.42,6.35,-0.00904,-0.0095,3.38,3.38,-0.5002,0.49743,6.78,5.38,6.54,6.71
1853,30.8833,7.0,41.177,0.038,0.9581,-0.7,-3.22,-0.59,4.897,-0.01013,-0.01233,3.9,3.9,-0.49988,0.49603,6.88,5.01,6.75,0.95
1854,30.9,7.0,41.192,0.035,0.9598,-0.58,-2.89,-0.52,5.904,-0.00689,-0.01215,2.92,2.92,-0.49915,0.49853,4.78,6.22,6.64,5.97
1855,30.9167,7.0,41.207,0.032,0.961,-0.5,-2.73,-0.51,6.969,-0.00462,-0.00876,2.0,0.0,-0.49929,0.50094,8.23,6.31,6.91,6.43
1856,30.9333,7.0,41.223,0.029,0.9614,-0.42,-2.49,-0.59,6.832,-0.00504,-0.00537,1.89,1.89,-0.49866,0.4999,7.03,7.05,6.99,6.26
1857,30.95,7.0,41.239,0.028,0.9623,-0.27,-2.3,-0.58,6.717,-0.00633,0.00022,1.88,1.88,-0.49999,0.49993,6.96,6.95,6.94,6.01
1858,30.9667,7.0,41.254,0.027,0.9642,0.1,-2.36,-0.41,7.798,-0.00718,0.00116,2.07,2.07,-0.50101,0.5001,10.49,6.97,6.98,6.75
1859,30.9833,7.0,41.267,0.025,0.9681,0.7,-2.73,-0.1,5.986,-0.00865,0.00143,2.49,2.49,-0.49983,0.49745,7.33,6.6,3.66,6.36
1860,31.0,7.0,41.278,0.023,0.9724,0.9,-3.16,-0.18,5.158,0.00194,0.01367,-1.54,0.0,-0.48792,0.49613,4.98,6.92,4.11,4.62
1861,31.0167,7.0,41.29,0.021,0.9765,1.07,-3.42,-0.35,7.354,0.00498,0.02424,-3.19,0.0,-0.48557,0.49682,6.73,6.76,5.15,10.77
1862,31.0333,7.0,41.301,0.019,0.9781,1.11,-3.71,-0.5,7.615,0.0084,0.03472,-4.95,-3.0,-0.4848,0.49947,6.89,6.91,10.39,6.28
1863,31.05,7.0,41.313,0.017,0.9795,1.12,-3.98,-0.5,7.881,0.01244,0.04853,-7.13,-6.0,-0.48046,0.49917,10.64,6.96,4.63,9.3
1864,31.0667,7.0,41.326,0.016,0.9803,1.13,-4.21,-0.57,8.205,0.0209,0.07071,-11.22,-9.0,-0.47471,0.50189,5.63,6.96,13.54,6.7
1865,31.0833,7.0,41.338,0.016,0.9822,1.16,-4.26,-0.48,8.567,0.01864,0.0888,-11.81,-11.81,-0.47444,0.49935,6.49,6.49,15.98,5.3
1866,31.1,7.0,41.351,0.017,0.9831,1.06,-4.39,-0.47,6.268,0.01949,0.10708,-13.34,-13.34,-0.47446,0.50022,6.43,6.41,6.82,5.41
1867,31.1167,7.0,41.365,0.018,0.9822,0.88,-4.48,-0.41,6.397,0.01919,0.11197,-13.59,-13.59,-0.47452,0.49998,6.34,6.32,6.52,6.41
1868,31.1333,7.0,41.379,0.019,0.9805,0.67,-4.54,-0.37,5.757,0.01824,0.11217,-13.32,-13.32,-0.47776,0.50227,5.51,6.17,6.56,4.79
1869,31.15,7.0,41.393,0.02,0.9819,0.49,-4.55,-0.44,6.521,0.01357,0.10402,-11.35,-11.35,-0.48021,0.50005,6.63,6.4,6.39,6.66
1870,31.1667,7.0,41.407,0.022,0.9818,0.22,-4.63,-0.52,6.512,0.01417,0.09333,-10.78,-10.78,-0.47987,0.50031,6.58,6.37,6.54,6.56
1871,31.1833,7.0,41.422,0.023,0.9803,-0.14,-4.75,-0.59,6.294,0.0134,0.07441,-9.23,-9.23,-0.48048,0.50015,5.73,6.49,6.6,6.36
1872,31.2,7.0,41.437,0.025,0.9783,-0.62,-4.77,-0.69,6.187,0.01268,0.05934,-7.96,-7.96,-0.48101,0.49996,5.27,6.6,6.58,6.3
1873,31.2167,7.0,41.452,0.026,0.9815,-0.83,-5.15,-0.62,6.415,0.00896,0.0414,-5.59,-5.59,-0.48514,0.50038,6.7,6.44,6.64,5.88
1874,31.2333,7.0,41.467,0.028,0.9817,-0.78,-5.06,-0.63,6.517,0.00153,0.01826,-1.74,-2.59,-0.4922,0.5,6.73,5.68,6.8,6.86
1875,31.25,7.0,41.482,0.03,0.9799,-0.78,-5.03,-0.58,6.546,-0.00425,-0.00706,1.77,0.0,-0.49798,0.5,6.89,5.46,6.91,6.92
1876,31.2667,7.0,41.497,0.03,0.9804,-0.91,-5.09,-0.47,7.045,-0.00593,-0.02627,3.62,3.0,-0.49938,0.49972,6.8,7.03,7.05,7.3
1877,31.2833,7.0,41.512,0.031,0.9806,-0.91,-5.02,-0.52,7.874,-0.00768,-0.04559,5.5,5.5,-0.50121,0.4998,9.22,5.73,6.78,9.76
1878,31.3,7.0,41.528,0.03,0.9796,-0.88,-4.89,-0.45,6.585,-0.00608,-0.06016,6.03,6.03,-0.49981,0.5,7.13,5.58,6.81,6.82
1879,31.3167,7.0,41.543,0.029,0.9797,-0.74,-5.02,-0.41,6.869,-0.00437,-0.07048,6.25,6.25,-0.49905,0.50095,7.73,6.54,6.96,6.24
1880,31.3333,7.0,41.558,0.029,0.9815,-0.59,-5.02,-0.34,6.556,-0.00476,-0.07614,6.76,6.76,-0.49816,0.49967,6.72,6.78,6.77,5.95
1881,31.35,7.0,41.572,0.029,0.9814,-0.5,-5.0,-0.32,6.436,-0.00395,-0.07264,6.27,6.27,-0.49782,0.50014,6.67,6.7,6.77,5.6
1882,31.3667,7.0,41.588,0.029,0.9794,-0.49,-4.96,-0.33,6.717,-0.00364,-0.06329,5.52,5.52,-0.49729,0.49993,6.7,6.71,6.76,6.7
1883,31.3833,7.0,41.603,0.029,0.9802,-0.56,-4.92,-0.29,6.814,-0.00923,-0.05909,6.91,6.91,-0.50102,0.49806,6.66,6.82,6.81,6.96
1884,31.4,7.0,41.618,0.029,0.9807,-0.64,-4.88,-0.45,7.986,-0.00864,-0.05298,6.3,6.3,-0.50044,0.49807,7.5,5.81,6.59,12.04
1885,31.4167,7.0,41.631,0.029,0.9815,0.12,-4.18,-0.58,6.792,-0.00882,-0.04945,6.11,6.11,-0.50053,0.49798,9.23,4.99,6.24,6.71
1886,31.4333,7.0,41.644,0.028,0.9865,0.44,-3.94,-0.82,6.031,-0.00682,-0.04603,5.27,5.27,-0.49915,0.4986,6.77,6.04,4.52,6.79
1887,31.45,7.0,41.657,0.026,0.9906,0.58,-3.59,-0.93,6.222,-0.00721,-0.04302,5.17,5.17,-0.49337,0.49243,6.76,6.4,6.71,5.02
1888,31.4667,7.0,41.67,0.025,0.9932,0.61,-3.16,-1.06,6.528,-0.0058,-0.03976,4.52,4.52,-0.48859,0.48905,6.79,6.35,6.7,6.26
1889,31.4833,7.0,41.684,0.023,0.9947,0.6,-2.71,-1.2,5.703,-0.00381,-0.03517,3.61,3.61,-0.48375,0.48621,6.85,6.76,6.59,2.61
1890,31.5,7.0,41.699,0.021,0.9971,0.56,-2.51,-1.15,6.447,-0.00279,-0.02433,2.54,0.61,-0.48347,0.48695,6.55,6.83,6.71,5.7
1891,31.5167,7.0,41.714,0.019,0.9984,0.5,-2.36,-1.2,6.005,-0.00072,-0.01327,1.14,0.0,-0.48156,0.48711,6.56,4.39,7.0,6.07
1892,31.5333,7.0,41.731,0.017,0.9985,0.5,-2.2,-1.26,8.368,0.0034,0.0009,-1.08,0.0,-0.47837,0.48804,5.34,14.57,6.94,6.62
1893,31.55,7.0,41.747,0.016,0.999,0.57,-2.32,-1.11,7.123,0.00595,0.01393,-2.76,-2.76,-0.48119,0.49341,7.42,6.98,7.0,7.09
1894,31.5667,7.0,41.763,0.015,0.9995,0.46,-2.3,-1.01,6.728,0.00853,0.02845,-4.55,-4.55,-0.48314,0.49794,6.6,6.8,6.87,6.65
1895,31.5833,7.0,41.778,0.014,1.0014,0.7,-2.43,-0.73,6.863,0.00669,0.03789,-4.66,-4.66,-0.48696,0.49992,7.06,6.85,6.85,6.69
1896,31.6,7.0,41.792,0.014,1.0033,1.09,-2.72,-0.51,6.017,-0.00086,0.03638,-2.29,-2.29,-0.48984,0.49526,7.45,6.82,4.2,5.59
1897,31.6167,7.0,41.805,0.013,1.0057,1.16,-3.13,-0.58,6.705,0.01141,0.04662,-6.69,-5.29,-0.48012,0.4978,7.15,6.74,6.18,6.75
1898,31.6333,7.0,41.817,0.012,1.0097,1.31,-3.33,-0.51,8.848,0.00928,0.05132,-6.38,-6.38,-0.47906,0.49461,6.63,6.55,7.05,15.16
1899,31.65,7.0,41.829,0.012,1.0114,1.35,-3.6,-0.44,8.216,0.00921,0.05113,-6.34,-6.34,-0.47917,0.49465,6.75,6.71,7.15,12.25
1900,31.6667,7.0,41.842,0.012,1.0109,1.29,-3.86,-0.35,6.424,0.01339,0.05264,-7.7,-7.7,-0.47931,0.49897,6.69,6.66,6.49,5.86
1901,31.6833,7.0,41.855,0.012,1.0101,1.04,-3.78,-0.4,6.202,0.01468,0.05266,-8.09,-8.09,-0.47953,0.50048,6.71,6.68,6.72,4.7
1902,31.7,7.0,41.869,0.014,1.0097,0.78,-3.7,-0.42,6.63,0.01455,0.05442,-8.17,-8.17,-0.47929,0.50011,7.14,6.71,6.67,6.0
1903,31.7167,7.0,41.884,0.016,1.0094,0.59,-3.77,-0.4,6.824,0.01104,0.06012,-7.52,-7.52,-0.48313,0.50044,7.65,6.42,6.65,6.57
1904,31.7333,7.0,41.899,0.018,1.0088,0.47,-3.99,-0.42,6.734,0.00708,0.04846,-5.52,-5.52,-0.48723,0.50058,6.79,6.99,6.63,6.53
1905,31.75,7.0,41.915,0.019,1.0093,0.3,-3.89,-0.35,6.676,8e-05,0.03318,-2.35,-2.52,-0.49285,0.4992,8.02,5.56,6.83,6.29
1906,31.7667,7.0,41.931,0.021,1.0088,0.19,-3.74,-0.21,6.667,-0.00169,0.01798,-0.75,0.0,-0.49531,0.49989,6.94,6.5,6.95,6.28
1907,31.7833,7.0,41.947,0.022,1.0089,0.17,-3.83,-0.18,6.883,-0.00594,-0.00406,2.07,2.07,-0.49929,0.49962,7.11,7.17,6.45,6.8
1908,31.8,7.0,41.963,0.023,1.0087,0.08,-3.98,-0.2,5.93,-0.00648,-0.02534,3.72,3.72,-0.50076,0.50055,5.88,4.66,6.66,6.53
1909,31.8167,7.0,41.978,0.024,1.0095,0.01,-3.84,-0.18,6.681,-0.00623,-0.04366,4.92,4.92,-0.50004,0.50009,6.83,6.31,6.82,6.76
1910,31.8333,7.0,41.994,0.024,1.0095,-0.04,-3.79,-0.13,6.826,-0.00567,-0.05561,5.59,5.59,-0.49944,0.50004,6.83,6.84,6.82,6.81
1911,31.85,7.0,42.01,0.025,1.0092,-0.01,-3.96,-0.09,6.879,-0.00701,-0.06343,6.54,6.54,-0.50059,0.49985,7.2,6.83,6.75,6.74
1912,31.8667,7.0,42.026,0.024,1.0091,0.07,-3.89,-0.17,6.564,-0.00616,-0.06223,6.2,6.2,-0.49962,0.49973,6.45,7.39,6.88,5.53
1913,31.8833,7.0,42.042,0.023,1.0089,0.09,-3.74,-0.29,6.481,-0.00372,-0.05685,5.1,5.1,-0.49854,0.50109,6.87,6.47,3.11,9.48
1914,31.9,7.0,42.058,0.024,1.0092,0.13,-3.81,-0.39,6.702,-0.00539,-0.04946,5.08,5.08,-0.4993,0.50019,6.77,6.82,6.6,6.61
1915,31.9167,7.0,42.074,0.025,1.0088,0.06,-3.93,-0.48,5.956,-0.00836,-0.04546,5.69,5.69,-0.50106,0.49897,3.84,6.61,6.27,7.11
1916,31.9333,7.0,42.089,0.025,1.0099,-0.0,-3.93,-0.48,6.474,-0.00623,-0.04,4.67,4.67,-0.49994,0.49998,6.7,5.95,6.84,6.41
1917,31.95,7.0,42.105,0.026,1.0094,-0.01,-3.84,-0.42,6.014,-0.00692,-0.03649,4.63,4.63,-0.50031,0.49966,4.86,5.44,6.88,6.87
1918,31.9667,7.0,42.121,0.025,1.0088,0.08,-3.97,-0.35,6.661,-0.00732,-0.03243,4.47,4.47,-0.50063,0.49958,7.21,6.09,6.77,6.57
1919,31.9833,7.0,42.135,0.024,1.0112,0.62,-3.64,-0.14,5.999,-0.01016,-0.03266,5.33,5.33,-0.49841,0.49453,6.94,6.01,4.18,6.87
1920,32.0,7.0,42.149,0.022,1.0169,0.92,-3.34,-0.06,8.318,-0.00398,-0.02901,3.23,2.33,-0.48839,0.49068,6.7,13.98,6.61,5.98
1921,32.0167,7.0,42.163,0.02,1.0211,0.87,-3.0,0.12,10.142,-0.00023,-0.02022,1.48,0.0,-0.48423,0.49027,6.85,20.8,7.04,5.88
1922,32.0333,7.0,42.177,0.018,1.0241,0.99,-2.62,0.26,5.962,0.00783,-0.00115,-2.27,-2.27,-0.47502,0.48912,6.85,5.19,6.95,4.86
1923,32.05,7.0,42.192,0.016,1.026,1.09,-2.23,0.33,5.105,0.01288,0.01864,-5.17,-5.17,-0.46898,0.48813,6.86,5.08,3.2,5.27
1924,32.0667,7.0,42.208,0.015,1.0286,1.18,-2.09,0.4,6.448,0.01994,0.04404,-9.07,-8.17,-0.46122,0.48743,6.6,6.22,6.32,6.65
1925,32.0833,7.0,42.224,0.014,1.0298,1.3,-2.01,0.51,6.468,0.0221,0.06902,-11.46,-11.17,-0.46013,0.4885,6.45,6.48,6.6,6.34
1926,32.1,7.0,42.241,0.014,1.0292,1.47,-1.87,0.53,4.564,0.02417,0.09605,-13.97,-13.97,-0.45923,0.48967,6.75,5.25,-0.41,6.67
1927,32.1167,7.0,42.257,0.013,1.0313,1.36,-1.82,0.56,6.761,0.0304,0.11989,-17.51,-16.97,-0.4546,0.49127,6.15,7.26,6.73,6.91
1928,32.1333,7.0,42.274,0.013,1.0317,1.4,-1.92,0.49,6.275,0.03143,0.13807,-19.1,-19.1,-0.45497,0.49268,6.14,6.11,6.35,6.5
1929,32.15,7.0,42.291,0.012,1.0299,1.4,-1.98,0.4,6.19,0.03454,0.14897,-20.79,-20.79,-0.4556,0.49641,6.08,6.04,6.37,6.26
1930,32.1667,7.0,42.307,0.012,1.0295,1.26,-1.68,0.43,8.597,0.04276,0.16183,-24.16,-23.79,-0.45107,0.5001,6.34,7.61,10.8,9.64
1931,32.1833,7.0,42.323,0.012,1.0327,1.45,-2.06,0.74,5.474,0.04062,0.16368,-23.64,-23.64,-0.45311,0.5,6.0,3.15,5.86,6.89
1932,32.2,7.0,42.339,0.012,1.0335,1.62,-2.36,0.95,6.02,0.03937,0.16179,-23.14,-23.14,-0.45424,0.49988,5.8,5.8,5.96,6.52
1933,32.2167,7.0,42.355,0.013,1.0333,1.62,-2.24,1.01,5.848,0.03932,0.15796,-22.85,-22.85,-0.45473,0.50032,5.9,5.89,6.03,5.57
1934,32.2333,7.0,42.371,0.014,1.032,1.47,-1.93,1.03,5.926,0.03854,0.14738,-21.88,-21.88,-0.45531,0.50012,5.87,5.84,6.2,5.79
1935,32.25,7.0,42.387,0.016,1.0311,1.3,-1.89,1.03,6.172,0.03265,0.13094,-18.96,-18.96,-0.45933,0.49824,5.78,6.16,6.57,6.18
1936,32.2667,7.0,42.403,0.017,1.0293,1.21,-1.91,1.0,4.805,0.03296,0.11361,-17.84,-17.84,-0.46044,0.49968,5.65,2.63,6.08,4.87
1937,32.2833,7.0,42.419,0.018,1.0302,1.06,-1.74,0.95,6.163,0.02769,0.08448,-14.22,-14.84,-0.46442,0.49838,5.72,5.1,6.88,6.96
1938,32.3,7.0,42.435,0.019,1.031,1.01,-1.76,0.88,8.672,0.02725,0.06059,-12.42,-12.42,-0.46629,0.49981,6.07,6.51,9.11,13.0
1939,32.3167,7.0,42.451,0.02,1.0299,1.03,-1.79,0.84,6.661,0.02539,0.03895,-10.34,-10.34,-0.46834,0.5,6.36,6.81,6.69,6.78
1940,32.3333,7.0,42.466,0.021,1.0285,0.89,-1.63,0.78,5.67,0.0244,0.01893,-8.65,-8.65,-0.46966,0.50033,6.83,5.51,3.97,6.37
1941,32.35,7.0,42.482,0.022,1.0301,0.75,-1.64,0.72,7.378,0.02057,-0.00183,-6.04,-6.04,-0.4728,0.49963,6.92,8.09,6.57,7.93
1942,32.3667,7.0,42.498,0.023,1.0301,0.65,-1.67,0.75,6.766,0.01803,-0.01664,-4.25,-4.25,-0.47579,0.50009,6.73,6.68,6.93,6.72
1943,32.3833,7.0,42.514,0.024,1.0286,0.62,-1.72,0.75,6.791,0.01862,-0.02939,-3.53,-3.53,-0.47691,0.50181,6.52,8.09,6.83,5.72
1944,32.4,7.0,42.529,0.025,1.0288,0.44,-1.55,0.72,9.692,0.0129,-0.04108,-0.99,-0.99,-0.48008,0.49925,11.83,6.76,6.88,13.29
1945,32.4167,7.0,42.545,0.026,1.0297,0.37,-1.58,0.72,7.563,0.00949,-0.05441,0.96,0.96,-0.4836,0.49936,6.88,6.73,7.29,9.36
1946,32.4333,7.0,42.56,0.027,1.0289,0.38,-1.62,0.71,6.778,0.00691,-0.0669,2.61,2.61,-0.48688,0.50006,6.95,6.33,6.84,6.98
1947,32.45,7.0,42.576,0.028,1.0274,0.24,-1.49,0.67,5.641,0.00693,-0.07684,3.3,3.3,-0.48726,0.50047,3.51,6.5,6.85,5.7
1948,32.4667,7.0,42.592,0.03,1.0289,0.18,-1.5,0.66,6.731,0.00168,-0.08704,5.59,5.59,-0.49199,0.49995,7.32,6.12,6.07,7.41
1949,32.4833,7.0,42.607,0.031,1.0289,0.13,-1.55,0.63,6.602,-2e-05,-0.09516,6.67,6.67,-0.49386,0.50011,6.75,6.42,6.87,6.36
1950,32.5,7.0,42.623,0.032,1.0275,0.12,-1.6,0.61,6.634,-0.00141,-0.10435,7.73,7.73,-0.49507,0.49993,6.67,6.68,6.78,6.4
1951,32.5167,7.0,42.639,0.034,1.028,0.03,-1.5,0.65,6.969,-0.00584,-0.11111,9.53,9.53,-0.49904,0.49947,6.78,6.61,7.53,6.96
1952,32.5333,7.0,42.655,0.035,1.0286,0.02,-1.53,0.61,6.76,-0.00647,-0.11419,9.93,9.93,-0.50014,0.49994,6.5,6.72,7.13,6.69
1953,32.55,7.0,42.669,0.036,1.0313,-0.09,-1.14,0.63,4.927,-0.00635,-0.11413,9.9,9.9,-0.49579,0.49571,5.24,4.57,5.51,4.39
1954,32.5667,7.0,42.685,0.036,1.0345,-0.08,-0.69,0.67,6.221,-0.00753,-0.11531,10.33,10.33,-0.48906,0.4878,9.49,4.46,3.62,7.32
1955,32.5833,7.0,42.7,0.037,1.0386,-0.03,-0.48,0.68,6.576,-0.00665,-0.11004,9.7,9.7,-0.48239,0.48201,7.88,6.31,4.99,7.13
1956,32.6,7.0,42.716,0.038,1.0414,-0.0,-0.37,0.73,6.918,-0.00644,-0.10345,9.17,9.17,-0.4785,0.47832,6.68,7.4,6.63,6.96
1957,32.6167,7.0,42.732,0.039,1.0421,0.05,-0.22,0.8,6.201,-0.00655,-0.09633,8.71,8.71,-0.47585,0.47556,6.57,5.58,6.66,6.0
1958,32.6333,7.0,42.748,0.039,1.0419,0.09,-0.12,0.77,7.608,-0.00495,-0.08385,7.36,7.36,-0.47574,0.47706,6.73,7.07,9.55,7.08
1959,32.65,7.0,42.765,0.04,1.0434,0.05,0.03,0.85,6.831,-0.00585,-0.07315,6.87,6.87,-0.47674,0.47716,6.63,6.84,6.55,7.3
1960,32.6667,7.0,42.782,0.04,1.0423,0.07,0.07,0.82,7.12,-0.00837,-0.06645,7.16,7.16,-0.47821,0.47611,6.66,6.73,6.63,8.46
1961,32.6833,7.0,42.799,0.041,1.0399,0.04,0.17,0.76,6.063,-0.00824,-0.0592,6.62,6.62,-0.47983,0.47787,5.24,5.81,6.65,6.55
1962,32.7,7.0,42.815,0.041,1.039,0.01,0.5,0.62,6.836,-0.00777,-0.05325,6.06,6.06,-0.4814,0.4799,6.77,6.56,6.86,7.16
1963,32.7167,7.0,42.833,0.041,1.0374,-0.09,0.71,0.53,6.831,-0.00889,-0.04938,6.12,6.12,-0.48421,0.48158,6.81,7.44,6.33,6.75
1964,32.7333,7.0,42.85,0.041,1.0353,-0.15,0.75,0.49,6.853,-0.00723,-0.04415,5.26,5.26,-0.4846,0.48365,6.78,6.93,6.9,6.79
1965,32.75,7.0,42.866,0.041,1.0363,-0.06,0.65,0.62,5.926,-0.00776,-0.04174,5.25,5.25,-0.48981,0.48832,5.91,5.09,6.72,5.98
1966,32.7667,7.0,42.882,0.042,1.0365,0.02,0.67,0.55,6.741,-0.00707,-0.03799,4.78,4.78,-0.49156,0.49076,6.8,6.73,6.69,6.75
1967,32.7833,7.0,42.898,0.042,1.0355,0.1,0.65,0.52,6.419,-0.00865,-0.03372,4.96,4.96,-0.49239,0.49,6.76,6.35,6.84,5.72
1968,32.8,7.0,42.914,0.042,1.0343,-0.02,0.62,0.52,6.227,-0.00198,-0.02323,2.22,1.96,-0.49037,0.49466,2.91,7.48,8.38,6.14
1969,32.8167,7.0,42.93,0.042,1.0357,0.04,0.67,0.58,6.838,-0.00254,-0.01507,1.82,0.0,-0.49347,0.4972,6.67,6.71,7.08,6.88
1970,32.8333,7.0,42.945,0.042,1.0353,0.1,0.65,0.7,6.826,-0.003,-0.00719,1.4,0.0,-0.49544,0.49871,6.88,6.62,6.8,7.0
1971,32.85,7.0,42.961,0.042,1.0335,0.16,0.66,0.79,5.568,-0.00143,-0.00037,0.46,0.0,-0.49503,0.49987,0.81,14.8,3.21,3.46
1972,32.8667,7.0,42.976,0.043,1.0349,0.0,0.64,0.77,6.797,-0.00454,0.00299,1.15,0.0,-0.4968,0.49853,7.1,6.81,6.98,6.29
1973,32.8833,7.0,42.991,0.043,1.0351,-0.02,0.67,0.74,6.576,-0.00794,0.00174,2.26,2.26,-0.50019,0.49853,6.87,6.42,6.04,6.98
1974,32.9,7.0,43.007,0.043,1.0342,0.06,0.68,0.72,8.293,-0.00861,0.00157,2.47,2.47,-0.50014,0.4978,6.86,6.37,13.01,6.93
1975,32.9167,7.0,43.022,0.043,1.0337,0.03,0.65,0.75,6.667,-0.00512,-0.00184,1.66,1.66,-0.49994,0.50109,4.22,7.27,10.81,4.37
1976,32.9333,7.0,43.037,0.043,1.035,0.04,0.66,0.7,6.776,-0.00635,-0.00554,2.29,2.29,-0.50013,0.50005,6.79,6.31,7.05,6.96
1977,32.95,7.0,43.052,0.043,1.035,0.04,0.65,0.69,6.787,-0.00627,-0.00824,2.46,2.46,-0.50005,0.50005,6.87,6.79,6.91,6.58
1978,32.9667,7.0,43.067,0.044,1.0331,0.04,0.67,0.68,5.604,-0.00596,-0.01191,2.62,2.62,-0.49986,0.50017,6.98,4.51,2.67,8.27
1979,32.9833,7.0,43.083,0.044,1.0346,-0.03,0.65,0.69,6.411,-0.00749,-0.01352,3.19,3.19,-0.49999,0.49877,6.12,5.19,7.59,6.74
1980,33.0,7.0,43.098,0.044,1.0351,-0.01,0.69,0.64,6.808,-0.00625,-0.01016,2.59,2.59,-0.50007,0.50009,6.81,6.68,6.94,6.8
1981,33.0167,7.0,43.114,0.044,1.0342,0.09,0.68,0.65,6.676,-0.00644,-0.00671,2.4,2.4,-0.50017,0.5,6.88,6.03,6.91,6.89
1982,33.0333,7.0,43.13,0.044,1.0333,0.01,0.62,0.57,6.169,-0.00324,-0.00397,1.25,0.0,-0.49898,0.50201,4.51,7.46,7.85,4.85
1983,33.05,7.0,43.145,0.044,1.0349,-0.02,0.67,0.59,6.996,-0.00613,-0.00327,2.07,2.07,-0.49989,0.50003,7.32,6.81,6.93,6.93
1984,33.0667,7.0,43.16,0.045,1.035,0.03,0.67,0.61,6.916,-0.00636,-0.00297,2.12,2.12,-0.50014,0.50005,6.89,6.87,6.98,6.92
1985,33.0833,7.0,43.176,0.045,1.0335,0.09,0.67,0.64,6.485,-0.00568,-0.00233,1.87,1.87,-0.49986,0.50044,6.93,6.95,6.16,5.9
1986,33.1,7.0,43.191,0.046,1.0343,0.15,0.54,0.55,7.795,-0.00671,-0.00125,2.1,2.1,-0.4998,0.49937,7.0,8.94,7.84,7.4
1987,33.1167,7.0,43.207,0.046,1.0352,-0.0,0.65,0.51,6.354,-0.00766,-0.00255,2.48,2.48,-0.49982,0.49843,6.95,5.48,6.02,6.96
1988,33.1333,7.0,43.223,0.047,1.0344,0.01,0.69,0.47,7.777,-0.0106,-0.00651,3.63,3.63,-0.50046,0.49614,6.95,7.62,5.52,11.02
1989,33.15,7.0,43.238,0.047,1.0339,-0.03,0.63,0.51,7.773,-0.01029,-0.01299,4.0,4.0,-0.50204,0.49802,7.18,6.67,8.53,8.7
1990,33.1667,7.0,43.253,0.047,1.0348,0.01,0.67,0.45,6.449,-0.0063,-0.01161,2.7,2.7,-0.50018,0.50015,7.22,6.06,5.82,6.69
1991,33.1833,7.0,43.269,0.047,1.035,0.03,0.68,0.38,6.758,-0.00567,-0.0095,2.36,2.36,-0.49947,0.50007,6.88,6.72,7.56,5.88
1992,33.2,7.0,43.285,0.047,1.0336,0.07,0.68,0.36,6.831,-0.00645,-0.00914,2.57,2.57,-0.49996,0.49979,6.93,6.32,6.51,7.57
1993,33.2167,7.0,43.301,0.048,1.0315,-0.03,0.95,0.34,5.009,-0.00317,-0.0044,1.26,0.0,-0.49993,0.50303,7.05,5.63,1.24,6.12
1994,33.2333,7.0,43.318,0.049,1.0303,0.04,1.33,0.49,6.745,-0.00833,-0.00457,2.82,2.82,-0.50015,0.4981,6.63,6.9,6.95,6.5
1995,33.25,7.0,43.335,0.049,1.0273,-0.15,1.73,0.39,7.333,-0.00735,-0.00068,2.25,2.25,-0.50047,0.49939,9.17,6.44,6.83,6.89
1996,33.2667,7.0,43.351,0.048,1.0227,-0.32,2.17,0.14,5.36,-0.00572,0.00411,1.43,1.43,-0.49932,0.49987,5.76,2.09,6.76,6.83
1997,33.2833,7.0,43.366,0.046,1.0173,-0.21,3.0,-0.3,4.654,-0.00671,0.0032,1.79,1.79,-0.50043,0.5,-0.17,5.53,6.62,6.63
1998,33.3,7.0,43.383,0.043,1.0134,0.02,3.41,-0.45,8.853,-0.00473,0.00378,1.15,0.0,-0.50087,0.50241,13.06,8.49,7.36,6.5
1999,33.3167,7.0,43.399,0.042,1.0123,0.36,3.35,-0.48,6.832,-0.00704,0.00272,1.92,1.92,-0.50094,0.50017,7.45,6.86,6.44,6.58
2000,33.3333,7.0,43.416,0.043,1.0149,0.19,3.36,-0.51,6.902,-0.00827,-0.00286,2.68,2.68,-0.49979,0.49778,6.96,6.92,7.0,6.72
2001,33.35,7.0,43.432,0.043,1.0148,0.12,3.3,-0.53,6.869,-0.00769,-0.00186,2.44,2.44,-0.49954,0.49812,6.89,6.86,6.88,6.85
2002,33.3667,7.0,43.448,0.044,1.0129,0.19,3.37,-0.57,5.981,-0.00944,-0.00379,3.1,3.1,-0.50099,0.49781,3.55,6.33,7.01,7.03
2003,33.3833,7.0,43.464,0.044,1.0135,0.09,3.36,-0.54,7.162,-0.00443,-0.00202,1.47,0.1,-0.49889,0.50073,7.81,7.01,6.79,7.04
2004,33.4,7.0,43.48,0.044,1.0134,-0.17,3.36,-0.58,7.243,-0.00496,2e-05,1.49,0.0,-0.49798,0.49929,7.44,7.1,6.87,7.56
2005,33.4167,7.0,43.497,0.045,1.0138,-0.08,3.43,-0.65,7.545,-0.00997,-0.00537,3.37,3.0,-0.50159,0.49789,6.0,7.71,9.44,7.03
2006,33.4333,7.0,43.513,0.044,1.0134,-0.03,3.3,-0.65,7.012,-0.00795,-0.00566,2.78,2.78,-0.50027,0.49859,6.28,7.3,6.82,7.65
2007,33.45,7.0,43.528,0.044,1.0142,0.0,3.33,-0.59,6.8,-0.00423,-0.00082,1.33,0.0,-0.49799,0.50003,6.88,6.85,6.93,6.55
2008,33.4667,7.0,43.543,0.044,1.0138,0.05,3.37,-0.56,6.956,-0.00664,0.00036,1.97,1.97,-0.50025,0.49989,6.97,6.65,7.25,6.95
2009,33.4833,7.0,43.559,0.044,1.0127,0.21,3.38,-0.5,5.101,-0.00777,0.00204,2.19,2.19,-0.50056,0.49906,7.39,4.52,1.06,7.44
2010,33.5,7.0,43.575,0.043,1.0138,0.09,3.35,-0.52,8.087,-0.00201,0.00429,0.3,0.0,-0.4952,0.49946,12.17,6.74,6.04,7.39
2011,33.5167,7.0,43.59,0.043,1.0141,-0.03,3.37,-0.61,6.827,-0.00571,0.003,1.5,1.5,-0.49833,0.49889,6.57,6.9,6.12,7.72
2012,33.5333,7.0,43.606,0.044,1.0137,-0.07,3.44,-0.68,6.729,-0.00822,0.00444,2.15,2.15,-0.50022,0.49827,6.82,6.65,6.54,6.91
2013,33.55,7.0,43.622,0.043,1.0133,-0.02,3.33,-0.7,6.588,-0.01002,0.00177,2.88,2.88,-0.50065,0.49689,4.93,6.62,6.51,8.29
2014,33.5667,7.0,43.637,0.043,1.0138,-0.21,3.27,-0.71,5.844,-0.00525,0.00051,1.54,1.54,-0.49897,0.49999,6.83,2.99,6.86,6.69
2015,33.5833,7.0,43.652,0.043,1.013,-0.12,3.36,-0.8,6.428,-0.00642,0.00067,1.88,1.88,-0.5007,0.50055,5.71,6.42,7.06,6.52
2016,33.6,7.0,43.668,0.043,1.0126,0.01,3.22,-0.76,6.742,-0.0068,0.00159,1.93,1.93,-0.49991,0.49938,6.06,7.12,6.93,6.87
2017,33.6167,7.0,43.684,0.043,1.0114,0.03,3.09,-0.71,7.514,-0.00563,-0.00232,1.85,1.85,-0.49955,0.50019,9.36,7.23,6.1,7.35
2018,33.6333,7.0,43.7,0.042,1.0094,-0.17,2.82,-0.73,7.163,-0.00797,-0.00437,2.7,2.7,-0.50047,0.49877,6.86,6.97,7.93,6.89
2019,33.65,7.0,43.715,0.042,1.0087,-0.03,2.73,-0.72,6.775,-0.00942,-0.00509,3.18,3.18,-0.50036,0.4972,7.31,6.49,6.5,6.8
2020,33.6667,7.0,43.73,0.041,1.0081,0.07,2.65,-0.69,6.605,-0.0055,0.00018,1.64,1.64,-0.49923,0.49999,6.95,6.84,6.8,5.84
2021,33.6833,7.0,43.746,0.04,1.0084,-0.08,2.67,-0.66,5.385,-0.00394,0.0015,1.08,0.0,-0.49839,0.50072,7.03,1.53,6.61,6.37
2022,33.7,7.0,43.761,0.039,1.0088,0.04,2.69,-0.67,6.941,-0.00644,0.0013,1.84,1.84,-0.49986,0.49969,6.92,6.83,7.06,6.96
2023,33.7167,7.0,43.777,0.039,1.0078,0.22,2.71,-0.64,5.963,-0.00753,0.0004,2.23,2.23,-0.50017,0.49892,6.89,5.95,3.96,7.04
2024,33.7333,7.0,43.793,0.038,1.0065,0.02,2.88,-0.62,7.083,-0.00422,0.00179,1.14,0.0,-0.49874,0.50079,6.84,6.84,7.44,7.21
2025,33.75,7.0,43.809,0.038,1.0053,-0.03,3.12,-0.55,7.316,-0.00605,0.00356,1.57,1.57,-0.50011,0.50033,6.56,5.96,12.09,4.65
2026,33.7667,7.0,43.826,0.038,1.0031,-0.1,3.47,-0.47,6.725,-0.00792,0.00468,2.05,2.05,-0.501,0.49935,7.83,5.62,6.83,6.61
2027,33.7833,7.0,43.843,0.039,0.9993,0.0,3.76,-0.38,5.859,-0.00627,0.00333,1.65,1.65,-0.50001,0.50001,6.75,7.08,7.04,2.57
2028,33.8,7.0,43.86,0.039,0.9953,-0.16,4.32,-0.26,6.118,-0.00412,0.00275,1.04,0.0,-0.49729,0.49944,6.81,5.63,6.94,5.09
2029,33.8167,7.0,43.878,0.04,0.9904,0.03,4.99,-0.15,6.696,-0.00772,0.00111,2.24,2.24,-0.50003,0.49858,6.71,6.48,6.81,6.78
2030,33.8333,7.0,43.896,0.04,0.984,0.18,5.7,-0.07,5.813,-0.00904,-0.00058,2.75,2.75,-0.49959,0.49683,6.39,3.15,6.65,7.07
2031,33.85,7.0,43.914,0.04,0.9831,-0.1,5.82,-0.2,6.384,-0.00162,0.00217,0.33,0.0,-0.49609,0.50075,5.97,5.59,6.45,7.53
2032,33.8667,7.0,43.93,0.042,0.9832,-0.21,5.79,-0.18,7.076,-0.00609,0.00187,1.69,1.69,-0.49934,0.49953,7.22,7.05,6.92,7.12
2033,33.8833,7.0,43.946,0.043,0.9838,-0.05,5.87,-0.13,6.888,-0.00666,0.00294,1.79,1.79,-0.5,0.49961,6.82,6.94,6.89,6.91
2034,33.9,7.0,43.963,0.044,0.9832,-0.04,5.8,-0.19,6.69,-0.00637,0.00248,1.74,1.74,-0.50002,0.49992,6.97,8.71,6.64,4.44
2035,33.9167,7.0,43.979,0.044,0.9833,-0.17,5.85,-0.17,7.802,-0.00866,-0.00249,2.77,2.77,-0.50075,0.49836,5.82,7.12,8.43,9.84
2036,33.9333,7.0,43.995,0.045,0.9834,-0.04,5.91,-0.05,6.861,-0.00891,-0.00342,2.91,2.91,-0.50083,0.49819,7.09,6.76,6.78,6.81
2037,33.95,7.0,44.01,0.044,0.9836,0.06,5.85,-0.06,8.075,-0.00867,-0.00263,2.78,2.78,-0.50019,0.4978,7.0,8.85,9.56,6.89
2038,33.9667,7.0,44.026,0.043,0.9833,-0.1,5.83,-0.09,6.882,-0.00409,-0.00486,1.57,0.0,-0.49798,0.50016,6.89,6.9,7.08,6.66
2039,33.9833,7.0,44.042,0.043,0.9835,-0.07,5.89,-0.15,7.311,-0.00758,-0.00581,2.68,2.68,-0.50049,0.49918,7.05,7.49,7.78,6.93
2040,34.0,7.0,44.058,0.043,0.983,0.18,5.87,-0.11,4.867,-0.00739,-0.00586,2.63,2.63,-0.5002,0.49908,6.66,5.74,0.62,6.45
2041,34.0167,7.0,44.073,0.042,0.9833,0.21,5.68,-0.32,7.169,-0.00731,-0.00612,2.62,2.62,-0.50006,0.49901,6.9,8.56,7.0,6.23
2042,34.0333,7.0,44.089,0.041,0.9832,-0.16,5.83,-0.62,6.231,-0.00616,-0.00282,2.05,2.05,-0.49891,0.49902,6.93,4.31,5.05,8.64
2043,34.05,7.0,44.105,0.04,0.9831,0.08,5.87,-0.71,4.273,-0.01068,-0.0043,3.51,3.51,-0.50011,0.49569,5.19,5.4,3.09,3.4
2044,34.0667,7.0,44.122,0.039,0.9836,0.09,5.84,-0.57,7.552,-0.00718,-0.00226,2.31,2.31,-0.49741,0.49649,7.03,8.78,7.85,6.55
2045,34.0833,7.0,44.137,0.037,0.9833,-0.12,5.83,-0.49,6.817,-0.00335,-0.00123,1.09,0.0,-0.49739,0.50031,6.84,6.8,6.41,7.22
2046,34.1,7.0,44.153,0.036,0.9834,-0.04,5.86,-0.49,9.001,-0.00417,0.00242,1.08,0.0,-0.49744,0.49954,6.33,8.53,14.47,6.66
2047,34.1167,7.0,44.169,0.035,0.9828,0.12,5.79,-0.29,6.521,-0.00464,0.00495,1.05,0.0,-0.4986,0.50023,6.46,5.41,7.0,7.21
2048,34.1333,7.0,44.185,0.034,0.9824,0.13,5.61,-0.29,6.994,-0.0051,0.00664,1.07,1.07,-0.49963,0.5008,6.92,6.77,6.85,7.44
2049,34.15,7.0,44.201,0.034,0.9807,0.11,5.39,-0.38,6.962,-0.00607,0.00593,1.41,1.41,-0.49998,0.50018,6.99,6.98,7.06,6.83
2050,34.1667,7.0,44.217,0.035,0.9778,0.13,5.13,-0.54,7.06,-0.00559,0.01046,0.94,0.94,-0.49929,0.49997,6.21,6.64,7.01,8.38
2051,34.1833,7.0,44.232,0.035,0.9751,0.16,4.69,-0.68,6.742,-0.00393,0.01255,0.3,0.0,-0.49896,0.50129,6.68,6.78,5.61,7.9
2052,34.2,7.0,44.247,0.036,0.971,0.07,4.06,-0.92,7.099,-0.00448,0.00988,0.65,0.0,-0.49883,0.50063,6.84,6.64,7.58,7.34
2053,34.2167,7.0,44.26,0.036,0.9656,-0.18,3.52,-0.65,7.018,-0.00819,0.00457,2.14,2.14,-0.50191,0.5,7.55,7.0,6.72,6.81
2054,34.2333,7.0,44.272,0.035,0.9627,0.03,3.23,-0.62,5.648,-0.00994,-0.00143,3.08,3.08,-0.50196,0.49829,3.54,6.4,7.17,5.48
2055,34.25,7.0,44.284,0.032,0.9623,0.2,3.22,-0.41,6.657,-0.00625,-0.00244,2.04,2.04,-0.49998,0.5,6.6,6.37,6.72,6.94
2056,34.2667,7.0,44.298,0.03,0.9627,0.33,3.43,-0.36,7.753,-0.00633,-0.0024,2.07,2.07,-0.49971,0.49965,6.77,6.72,12.54,4.98
2057,34.2833,7.0,44.312,0.029,0.9611,0.38,3.58,-0.32,6.902,-0.00562,-0.00215,1.84,1.84,-0.49936,0.50001,6.91,6.89,6.91,6.89
2058,34.3,7.0,44.327,0.029,0.9581,0.43,3.71,-0.25,4.147,0.00058,0.00275,-0.37,0.0,-0.49531,0.50216,7.22,5.3,0.42,3.66
2059,34.3167,7.0,44.342,0.029,0.9565,0.42,4.19,-0.26,6.622,6e-05,0.00709,-0.51,0.0,-0.49375,0.50008,6.81,6.8,6.89,5.99
2060,34.3333,7.0,44.358,0.03,0.9529,0.22,4.63,-0.27,6.816,0.00018,0.01484,-1.09,0.0,-0.49363,0.50008,6.88,6.9,6.93,6.55
2061,34.35,7.0,44.375,0.031,0.9478,0.19,5.14,-0.29,6.607,-0.00505,0.01809,0.25,0.25,-0.49805,0.49927,6.84,5.77,6.93,6.89
2062,34.3667,7.0,44.392,0.031,0.9417,0.09,5.82,-0.29,5.308,-0.0025,0.01977,-0.63,0.0,-0.49627,0.50003,6.63,2.76,6.81,5.03
2063,34.3833,7.0,44.409,0.033,0.94,-0.16,6.13,-0.29,7.133,-0.00555,0.01819,0.39,0.39,-0.49585,0.49657,5.69,7.66,7.85,7.33
2064,34.4,7.0,44.427,0.034,0.9405,-0.06,6.13,-0.22,6.885,-0.0114,0.01006,2.72,2.72,-0.50023,0.4951,7.04,6.64,6.93,6.93
2065,34.4167,7.0,44.443,0.035,0.9408,-0.13,6.15,-0.2,8.066,-0.00945,-0.00146,2.94,2.94,-0.49855,0.49537,6.71,9.02,9.29,7.24
2066,34.4333,7.0,44.46,0.036,0.9396,-0.2,6.05,-0.25,5.595,-0.00784,-0.00941,3.01,3.01,-0.49981,0.49824,6.75,4.77,4.16,6.7
2067,34.45,7.0,44.476,0.037,0.9403,-0.1,6.1,-0.12,6.927,-0.01089,-0.01966,4.64,4.64,-0.50098,0.49636,7.17,6.29,6.75,7.5
2068,34.4667,7.0,44.492,0.036,0.9402,-0.02,6.13,-0.07,6.162,-0.01146,-0.02388,5.11,5.11,-0.50005,0.49486,7.91,5.34,4.92,6.48
2069,34.4833,7.0,44.508,0.035,0.9404,-0.04,6.06,-0.14,6.736,-0.00387,-0.02242,2.73,2.11,-0.49476,0.49716,6.51,6.5,7.03,6.91
2070,34.5,7.0,44.524,0.035,0.9402,-0.01,6.12,-0.19,8.252,0.00044,-0.01356,0.82,0.0,-0.49242,0.49913,7.25,11.25,6.98,7.54
2071,34.5167,7.0,44.54,0.035,0.9401,0.16,6.13,-0.16,6.762,-0.00448,-0.00482,1.68,0.0,-0.49727,0.49905,6.61,6.57,6.94,6.93
2072,34.5333,7.0,44.555,0.034,0.9402,0.23,6.02,-0.19,6.954,-0.00482,0.00052,1.41,0.0,-0.4993,0.50075,6.97,6.78,6.97,7.09
2073,34.55,7.0,44.57,0.034,0.9401,-0.0,6.08,-0.19,6.872,-0.00469,0.0037,1.15,0.0,-0.49858,0.50016,6.96,6.95,7.23,6.34
2074,34.5667,7.0,44.586,0.034,0.9402,-0.05,6.1,-0.17,6.489,-0.00692,0.00733,1.56,1.56,-0.50025,0.4996,7.07,4.53,6.95,7.4
2075,34.5833,7.0,44.602,0.034,0.9399,0.05,6.12,-0.23,6.935,-0.00858,0.00941,1.91,1.91,-0.50068,0.49838,9.04,6.34,5.57,6.78
2076,34.6,7.0,44.618,0.034,0.94,-0.01,6.03,-0.35,5.978,-0.00499,0.00713,1.0,0.0,-0.49759,0.49887,6.77,5.06,6.1,5.98
2077,34.6167,7.0,44.634,0.033,0.9398,-0.07,6.11,-0.4,6.974,-0.00253,0.00322,0.53,0.0,-0.4964,0.50014,6.02,8.18,6.84,6.86
2078,34.6333,7.0,44.65,0.034,0.9397,0.14,6.14,-0.33,6.844,-0.00602,0.00125,1.72,1.72,-0.49989,0.50014,6.63,6.87,6.97,6.91
2079,34.65,7.0,44.665,0.034,0.9403,0.18,6.02,-0.36,6.924,-0.00587,2e-05,1.76,1.76,-0.4998,0.5002,6.91,6.91,6.92,6.96
2080,34.6667,7.0,44.681,0.034,0.9396,0.29,5.82,-0.35,6.356,-0.00603,-0.00137,1.91,1.91,-0.50013,0.50037,6.84,6.56,5.2,6.82
2081,34.6833,7.0,44.697,0.034,0.9376,0.28,5.71,-0.38,6.785,-0.00608,-0.00034,1.85,1.85,-0.49995,0.50014,6.91,6.92,6.88,6.42
2082,34.7,7.0,44.712,0.033,0.9353,0.04,5.48,-0.45,6.926,-0.00587,0.00248,1.59,1.59,-0.50052,0.50092,6.81,6.48,7.6,6.81
2083,34.7167,7.0,44.728,0.033,0.933,-0.22,5.18,-0.38,7.118,-0.00643,0.0007,1.88,1.88,-0.49986,0.4997,6.89,6.98,7.74,6.86
2084,34.7333,7.0,44.742,0.033,0.9293,-0.25,4.62,-0.22,7.121,-0.00752,-0.00452,2.57,2.57,-0.50056,0.4993,7.14,7.68,6.83,6.83
2085,34.75,7.0,44.757,0.033,0.9247,-0.14,3.92,-0.01,7.005,-0.00771,-0.00572,2.71,2.71,-0.50082,0.49938,7.6,7.11,6.74,6.57
2086,34.7667,7.0,44.77,0.031,0.9186,-0.07,3.22,0.18,6.916,-0.00668,-0.00587,2.41,2.41,-0.49996,0.49955,7.59,6.75,6.76,6.57
2087,34.7833,7.0,44.784,0.03,0.9149,0.02,3.04,0.18,8.308,-0.00183,-0.00084,0.61,0.0,-0.49754,0.50197,1.87,9.56,16.59,5.21
2088,34.8,7.0,44.797,0.03,0.9147,0.01,3.21,0.22,7.285,-0.00802,-0.00274,2.6,2.6,-0.50003,0.49828,9.31,6.91,7.26,5.65
2089,34.8167,7.0,44.812,0.03,0.913,0.08,3.39,0.17,6.437,-0.00637,-0.00292,2.12,2.12,-0.50011,0.50001,7.0,6.1,4.99,7.65
2090,34.8333,7.0,44.828,0.03,0.9107,0.24,3.52,0.24,7.135,-0.00644,-0.00258,2.11,2.11,-0.49953,0.49936,6.74,10.26,6.75,4.78
2091,34.85,7.0,44.844,0.029,0.9071,-0.07,4.04,0.2,3.544,-0.00456,0.00078,1.31,0.0,-0.49864,0.50036,-0.72,3.29,7.06,4.55
2092,34.8667,7.0,44.86,0.029,0.9069,0.0,4.28,0.14,7.839,-0.00725,0.00116,2.09,2.09,-0.49583,0.49485,7.87,7.21,8.11,8.16
2093,34.8833,7.0,44.876,0.029,0.9081,0.01,4.09,0.16,7.457,-0.01127,-0.0037,3.64,3.64,-0.49671,0.49171,6.82,7.07,8.95,6.99
2094,34.9,7.0,44.892,0.028,0.9087,-0.15,3.93,-0.12,6.794,-0.00932,-0.01096,3.56,3.56,-0.49403,0.49098,6.76,6.95,6.69,6.78
2095,34.9167,7.0,44.907,0.027,0.9081,-0.08,4.07,-0.27,6.494,-0.01616,-0.01802,6.11,6.11,-0.49848,0.48859,6.84,5.93,6.87,6.33
2096,34.9333,7.0,44.923,0.025,0.9074,-0.0,4.16,-0.21,6.543,-0.01523,-0.02496,6.32,6.32,-0.5001,0.49114,6.53,6.31,6.74,6.6
2097,34.95,7.0,44.94,0.024,0.9064,0.13,4.14,-0.27,8.789,-0.01026,-0.0259,4.89,4.89,-0.49709,0.49311,7.36,7.82,8.49,11.49
2098,34.9667,7.0,44.955,0.022,0.9065,0.07,4.09,-0.13,7.695,-0.00439,-0.02262,2.9,1.89,-0.49674,0.49862,9.22,6.84,6.94,7.78
2099,34.9833,7.0,44.971,0.021,0.907,0.17,4.11,-0.1,6.815,-0.00443,-0.017,2.52,0.0,-0.49731,0.49915,7.13,6.94,6.88,6.31
2100,35.0,7.0,44.987,0.019,0.9062,0.33,4.14,-0.09,5.089,-0.00406,-0.00754,1.75,0.0,-0.49792,0.50013,7.06,5.69,1.0,6.6
2101,35.0167,7.0,45.003,0.018,0.9054,0.41,4.02,-0.14,5.804,-0.00168,0.00122,0.42,0.0,-0.49684,0.50143,6.76,4.45,5.31,6.7
2102,35.0333,7.0,45.019,0.018,0.9059,0.4,4.19,-0.06,6.605,-0.00641,0.01111,1.14,1.14,-0.49991,0.49978,6.07,7.04,6.97,6.33
2103,35.05,7.0,45.036,0.018,0.9061,0.4,4.17,-0.02,6.824,-0.00596,0.01931,0.43,0.43,-0.49979,0.5001,7.27,6.98,6.59,6.46
2104,35.0667,7.0,45.052,0.017,0.9053,0.4,4.05,-0.09,7.117,-0.006,0.02137,0.31,0.31,-0.49974,0.5,6.87,7.53,6.84,7.23
2105,35.0833,7.0,45.068,0.017,0.9047,0.39,4.15,-0.07,8.468,-0.00655,0.01658,0.8,0.8,-0.49922,0.49893,5.63,9.17,11.51,7.57
2106,35.1,7.0,45.084,0.017,0.9058,0.44,4.15,0.07,6.832,-0.00661,0.01235,1.12,1.12,-0.50008,0.49973,7.05,6.45,6.97,6.85
2107,35.1167,7.0,45.1,0.016,0.9058,0.44,4.11,0.13,6.929,-0.00704,0.0078,1.57,1.57,-0.49996,0.49919,6.98,7.08,6.67,6.99
2108,35.1333,7.0,45.116,0.015,0.9046,0.49,4.04,0.09,6.681,-0.00275,0.00576,0.42,0.0,-0.49739,0.5009,7.35,5.42,7.13,6.83
2109,35.15,7.0,45.132,0.014,0.9045,0.66,4.14,0.12,6.205,-0.00629,0.00519,1.52,1.52,-0.49957,0.49955,5.07,6.27,6.86,6.62
2110,35.1667,7.0,45.148,0.012,0.9049,0.69,4.12,0.11,6.974,-0.00609,0.00443,1.52,1.52,-0.50001,0.50019,6.98,7.02,6.92,6.98
2111,35.1833,7.0,45.164,0.011,0.9046,0.78,3.96,0.05,6.544,-0.00656,0.00332,1.74,1.74,-0.49969,0.4994,6.71,5.37,7.11,6.98
2112,35.2,7.0,45.18,0.01,0.9018,0.82,3.96,-0.04,5.217,-0.00511,0.00441,1.22,1.22,-0.49989,0.50106,3.59,7.16,3.0,7.12
2113,35.2167,7.0,45.197,0.01,0.9002,0.91,3.66,0.15,9.479,-0.00901,0.00142,2.6,2.6,-0.50058,0.49784,8.42,9.99,12.52,6.98
2114,35.2333,7.0,45.213,0.008,0.898,0.8,3.33,0.14,6.011,-0.0072,0.00108,2.08,2.08,-0.49963,0.4987,-1.2,8.5,9.84,6.91
2115,35.25,7.0,45.228,0.006,0.8941,0.64,2.98,0.16,5.902,-0.00613,-0.00252,2.02,2.02,-0.49936,0.4995,4.99,4.87,6.87,6.88
2116,35.2667,7.0,45.243,0.005,0.8898,0.95,2.34,0.39,7.043,-0.00793,-0.00391,2.65,2.65,-0.50021,0.49854,8.03,6.77,6.74,6.62
2117,35.2833,7.0,45.257,0.003,0.8843,0.91,1.53,0.45,7.168,-0.00495,-0.00227,1.64,0.0,-0.49932,0.50064,6.55,6.78,8.76,6.57
2118,35.3,7.0,45.27,0.002,0.881,1.23,0.95,0.36,6.155,-0.00797,-0.00345,2.63,2.63,-0.5018,0.50011,6.66,4.62,6.67,6.67
2119,35.3167,7.0,45.284,-0.0,0.8791,1.56,0.69,0.5,4.109,-0.00649,-0.00446,2.26,2.26,-0.49968,0.49946,6.83,6.6,-4.01,7.02
2120,35.3333,7.0,45.296,-0.004,0.8849,1.72,0.45,0.46,6.787,0.00212,0.00752,-1.16,0.0,-0.49066,0.49905,7.04,7.16,5.93,7.02
2121,35.35,7.0,45.309,-0.007,0.8881,1.93,0.07,0.37,6.503,0.00557,0.01976,-3.05,-3.0,-0.48628,0.49812,6.75,6.74,6.63,5.89
2122,35.3667,7.0,45.321,-0.009,0.8893,2.18,-0.36,0.26,6.79,0.00564,0.02949,-3.76,-3.76,-0.48593,0.49784,6.69,8.98,9.43,2.06
2123,35.3833,7.0,45.334,-0.012,0.8897,2.21,-0.47,0.03,5.725,0.00796,0.0423,-5.35,-5.35,-0.48621,0.50043,6.88,5.4,5.9,4.71
2124,35.4,7.0,45.349,-0.014,0.8906,2.17,-0.37,-0.12,8.31,0.00996,0.05256,-6.67,-6.67,-0.48424,0.50047,8.87,10.97,7.13,6.27
2125,35.4167,7.0,45.364,-0.015,0.8909,2.18,-0.47,-0.11,6.926,0.00846,0.06315,-6.96,-6.96,-0.48564,0.50037,6.65,7.55,7.05,6.45
2126,35.4333,7.0,45.379,-0.015,0.8896,2.15,-0.53,-0.14,6.565,0.00757,0.07003,-7.17,-7.17,-0.48572,0.49956,6.63,6.62,6.69,6.33
2127,35.45,7.0,45.395,-0.016,0.8903,2.19,-0.48,-0.07,6.451,0.00506,0.06466,-6.04,-6.04,-0.48875,0.50008,6.46,6.43,6.69,6.22
2128,35.4667,7.0,45.411,-0.016,0.8906,2.18,-0.45,-0.11,6.066,0.0033,0.05456,-4.81,-4.81,-0.49065,0.50022,7.57,5.7,4.53,6.46
2129,35.4833,7.0,45.427,-0.017,0.8901,2.21,-0.52,-0.14,7.053,0.00297,0.04527,-4.06,-4.06,-0.49077,0.50002,6.82,7.39,7.14,6.86
2130,35.5,7.0,45.443,-0.017,0.8889,2.28,-0.52,-0.16,7.764,-0.00183,0.02977,-1.53,-1.06,-0.49623,0.50067,6.89,7.81,10.31,6.05
2131,35.5167,7.0,45.459,-0.017,0.8899,2.15,-0.46,-0.12,6.766,-0.00305,0.01282,0.02,0.0,-0.49745,0.50067,7.1,6.46,6.93,6.57
2132,35.5333,7.0,45.476,-0.016,0.8898,2.03,-0.49,-0.14,6.965,-0.00497,-0.00254,1.67,0.0,-0.49911,0.50041,6.83,6.79,7.25,6.99
2133,35.55,7.0,45.492,-0.015,0.8883,2.0,-0.57,-0.08,6.121,-0.00631,-0.0165,3.05,3.0,-0.50003,0.49999,6.81,3.83,6.83,7.01
2134,35.5667,7.0,45.508,-0.016,0.8887,2.21,-0.5,-0.05,7.965,-0.00816,-0.02811,4.42,4.42,-0.50019,0.4983,9.17,6.21,5.6,10.88
2135,35.5833,7.0,45.524,-0.017,0.89,2.14,-0.5,-0.07,6.788,-0.00579,-0.03409,4.12,4.12,-0.49983,0.50031,6.83,7.21,6.78,6.33
2136,35.6,7.0,45.54,-0.018,0.8896,2.18,-0.57,-0.16,6.86,-0.00424,-0.03742,3.89,3.89,-0.49963,0.50166,6.67,6.68,7.58,6.51
2137,35.6167,7.0,45.556,-0.018,0.8886,2.31,-0.59,-0.23,6.366,-0.00577,-0.03698,4.32,4.32,-0.50007,0.50057,6.75,5.35,7.43,5.93
2138,35.6333,7.0,45.572,-0.019,0.8896,2.21,-0.51,-0.2,7.067,-0.00584,-0.03542,4.23,4.23,-0.50009,0.50051,6.75,7.69,7.34,6.48
2139,35.65,7.0,45.589,-0.019,0.8898,2.14,-0.54,-0.23,6.935,-0.00515,-0.03136,3.74,3.74,-0.49976,0.50088,6.77,7.19,7.08,6.69
2140,35.6667,7.0,45.605,-0.018,0.8882,2.08,-0.61,-0.24,6.564,-0.00607,-0.02735,3.73,3.73,-0.50016,0.50036,6.75,5.88,6.76,6.87
2141,35.6833,7.0,45.621,-0.019,0.8885,2.28,-0.53,-0.22,5.801,-0.00752,-0.02341,3.89,3.89,-0.49995,0.49871,8.12,5.45,2.96,6.67
2142,35.7,7.0,45.637,-0.02,0.8902,2.26,-0.53,-0.25,7.082,-0.00144,-0.01613,1.56,0.89,-0.49425,0.49907,6.7,7.4,7.58,6.65
2143,35.7167,7.0,45.653,-0.021,0.8898,2.27,-0.61,-0.35,6.824,-0.0,-0.00984,0.69,0.0,-0.49434,0.50061,6.92,6.85,6.92,6.6
2144,35.7333,7.0,45.67,-0.022,0.8874,2.24,-0.71,-0.46,7.002,-0.00322,-0.00603,1.39,0.0,-0.49717,0.50022,6.92,7.14,6.95,7.0
2145,35.75,7.0,45.686,-0.023,0.8855,2.28,-1.08,-0.4,7.186,-0.00602,-0.00549,2.19,2.19,-0.49992,0.50017,6.89,7.47,7.38,7.0
2146,35.7667,7.0,45.701,-0.024,0.8827,2.23,-1.49,-0.25,6.981,-0.00644,-0.00616,2.36,2.36,-0.50078,0.50061,6.85,7.11,7.11,6.85
2147,35.7833,7.0,45.715,-0.025,0.8789,2.22,-1.83,-0.11,7.205,-0.00078,2e-05,0.23,0.0,-0.49523,0.50071,6.84,10.83,4.3,6.85
2148,35.8,7.0,45.728,-0.026,0.8798,2.54,-1.89,-0.37,6.907,-0.0069,0.00065,2.03,2.03,-0.50069,0.50006,6.65,5.06,8.86,7.05
2149,35.8167,7.0,45.737,-0.029,0.8844,2.13,-2.21,-1.05,6.229,-0.00551,-0.00361,1.91,1.91,-0.49961,0.50037,6.32,5.21,6.78,6.61
2150,35.8333,7.0,45.745,-0.031,0.8889,1.9,-2.72,-1.41,6.798,-0.00627,-0.00963,2.56,2.56,-0.50018,0.50017,6.53,6.75,6.96,6.95
2151,35.85,7.0,45.754,-0.033,0.8923,1.87,-3.34,-1.74,6.646,-0.00621,-0.01155,2.67,2.67,-0.49997,0.50003,6.56,6.71,6.57,6.74
2152,35.8667,7.0,45.763,-0.035,0.896,1.95,-3.78,-2.0,6.689,-0.0053,-0.00942,2.25,2.25,-0.49879,0.49976,6.54,6.13,7.36,6.73
2153,35.8833,7.0,45.773,-0.038,0.899,2.13,-4.18,-2.2,4.16,-0.00693,-0.00879,2.69,2.69,-0.50068,0.50002,6.86,5.02,-2.14,6.9
2154,35.9,7.0,45.784,-0.041,0.9017,2.26,-4.6,-2.39,7.042,-0.00651,-0.01362,2.91,2.91,-0.50024,0.5,6.7,7.84,6.83,6.8
2155,35.9167,7.0,45.794,-0.045,0.903,2.5,-5.09,-2.59,9.092,-0.00604,-0.0111,2.59,2.59,-0.50114,0.50137,6.6,11.32,11.84,6.61
2156,35.9333,7.0,45.805,-0.048,0.9053,2.78,-5.39,-2.82,6.223,-0.0063,-0.01058,2.63,2.63,-0.49993,0.4999,6.57,6.71,6.85,4.76
2157,35.95,7.0,45.818,-0.05,0.9075,2.83,-5.6,-2.94,7.353,-0.00444,-0.00743,1.85,0.0,-0.49928,0.50111,6.7,6.74,10.91,5.06
2158,35.9667,7.0,45.831,-0.051,0.9084,2.94,-5.8,-3.09,6.874,-0.0048,-0.00508,1.8,0.0,-0.49913,0.5006,6.92,6.91,7.82,5.84
2159,35.9833,7.0,45.846,-0.053,0.9082,3.01,-5.99,-3.25,6.847,-0.00384,-0.00298,1.36,0.0,-0.49843,0.50086,6.9,6.89,7.84,5.75
2160,36.0,7.0,45.861,-0.053,0.9084,2.84,-5.88,-3.29,6.782,-0.00596,-0.00163,1.9,1.9,-0.50001,0.50032,6.94,6.74,7.42,6.02
2161,36.0167,7.0,45.876,-0.054,0.9095,2.75,-5.85,-3.18,7.189,-0.00428,0.00086,1.22,0.0,-0.49809,0.50008,6.93,7.09,7.92,6.82
2162,36.0333,7.0,45.892,-0.055,0.9093,2.79,-5.98,-3.08,7.012,-0.00558,0.00123,1.59,1.59,-0.49929,0.49998,6.93,6.95,7.19,6.98
2163,36.05,7.0,45.908,-0.055,0.9078,2.96,-6.1,-3.0,6.556,-0.00588,0.00152,1.66,1.66,-0.50128,0.50167,7.09,6.71,5.38,7.05
2164,36.0667,7.0,45.923,-0.056,0.9082,3.09,-5.99,-2.88,6.795,-0.0068,-0.00109,2.12,2.12,-0.50093,0.5004,6.94,5.44,7.82,6.98
2165,36.0833,7.0,45.939,-0.057,0.9095,3.14,-6.1,-2.71,6.894,-0.00603,-0.00223,1.97,1.97,-0.49955,0.49979,6.89,6.58,7.15,6.96
2166,36.1,7.0,45.955,-0.058,0.9088,3.28,-6.25,-2.58,6.866,-0.00599,-0.00417,2.09,2.09,-0.50006,0.50035,6.95,6.75,6.82,6.95
2167,36.1167,7.0,45.97,-0.059,0.908,3.22,-6.13,-2.53,6.727,-0.00641,-0.00413,2.21,2.21,-0.50041,0.50027,6.93,6.41,7.22,6.34
2168,36.1333,7.0,45.986,-0.06,0.9093,3.22,-6.12,-2.48,7.194,-0.00646,-0.00588,2.35,2.35,-0.49917,0.49898,6.9,7.31,7.65,6.91
2169,36.15,7.0,46.002,-0.062,0.9093,3.19,-6.17,-2.4,6.701,-0.00597,-0.00557,2.18,2.18,-0.50029,0.5006,6.94,5.92,6.94,7.0
2170,36.1667,7.0,46.018,-0.063,0.9077,3.19,-6.2,-2.28,7.602,-0.00274,-0.00168,0.94,0.0,-0.49945,0.50297,6.71,10.75,7.13,5.82
2171,36.1833,7.0,46.034,-0.063,0.9076,3.16,-6.07,-2.16,7.713,-0.00706,-0.00174,2.24,2.24,-0.50187,0.50109,6.57,7.53,8.99,7.77
2172,36.2,7.0,46.048,-0.064,0.9098,3.13,-6.18,-2.07,6.963,-0.00562,-0.00111,1.76,1.76,-0.49922,0.49987,6.97,7.18,6.87,6.84
2173,36.2167,7.0,46.063,-0.065,0.9098,3.18,-6.29,-2.0,6.59,-0.00702,-0.00204,2.25,2.25,-0.50048,0.49974,6.93,5.49,6.97,6.97
2174,36.2333,7.0,46.079,-0.067,0.9085,3.2,-6.21,-1.98,6.69,-0.00467,0.0,1.4,0.0,-0.49887,0.50047,7.05,6.96,6.97,5.78
2175,36.25,7.0,46.094,-0.067,0.9091,3.26,-6.16,-1.95,7.041,-0.0086,-0.0022,2.73,2.73,-0.50058,0.49825,6.8,7.35,7.12,6.89
2176,36.2667,7.0,46.109,-0.068,0.9097,3.18,-6.19,-1.93,6.646,-0.00851,-0.00455,2.87,2.87,-0.49991,0.49767,6.87,5.91,6.91,6.89
2177,36.2833,7.0,46.124,-0.07,0.9086,3.23,-6.15,-1.91,-1.619,-0.00923,-0.01068,3.52,3.52,-0.49992,0.49696,6.81,-0.37,0.23,-13.14
2178,36.3,7.0,46.138,-0.072,0.9124,3.1,-5.53,-1.68,8.885,0.00262,0.00056,-0.82,0.52,-0.48886,0.49775,6.76,16.29,5.95,6.55
2179,36.3167,7.0,46.152,-0.073,0.9171,2.99,-5.12,-1.39,8.393,0.01033,0.01689,-4.28,-2.48,-0.47846,0.49505,6.53,7.53,13.11,6.4
2180,36.3333,7.0,46.166,-0.074,0.9205,2.87,-4.76,-1.13,6.917,0.01311,0.03556,-6.42,-5.48,-0.4732,0.49258,6.69,7.6,7.31,6.07
2181,36.35,7.0,46.181,-0.075,0.9223,2.74,-4.41,-0.96,3.829,0.01449,0.051,-7.92,-7.92,-0.46986,0.49062,6.73,-3.66,6.9,5.36
2182,36.3667,7.0,46.197,-0.076,0.9238,2.73,-4.17,-0.88,6.44,0.02048,0.07479,-11.38,-10.92,-0.46646,0.4932,6.27,7.28,7.5,4.71
2183,36.3833,7.0,46.21,-0.077,0.9275,2.38,-4.18,-1.32,7.034,0.03123,0.10668,-16.84,-13.92,-0.46541,0.5029,6.78,6.83,8.26,6.26
2184,36.4,7.0,46.213,-0.076,0.933,1.86,-4.59,-1.77,11.454,0.03234,0.13664,-19.27,-16.92,-0.4614,0.50001,17.09,16.9,5.88,5.94
2185,36.4167,7.0,46.216,-0.073,0.9366,1.82,-5.25,-1.84,6.196,0.02998,0.14839,-19.38,-19.38,-0.46033,0.49659,7.72,4.98,6.39,5.69
2186,36.4333,7.0,46.221,-0.072,0.9392,1.71,-5.76,-2.04,9.997,0.0173,0.13775,-14.83,-16.38,-0.46843,0.492,26.51,0.85,6.46,6.17
2187,36.45,7.0,46.226,-0.073,0.9415,1.66,-5.94,-2.5,5.115,0.00707,0.11501,-10.17,-13.38,-0.47707,0.4904,2.96,4.64,6.49,6.37
2188,36.4667,7.0,46.231,-0.073,0.9436,1.67,-6.27,-2.9,-4.851,-0.00082,0.08547,-5.74,-10.38,-0.48351,0.48896,-8.1,1.44,-19.29,6.55
2189,36.4833,7.0,46.236,-0.075,0.948,1.68,-6.9,-3.08,6.509,-0.00866,0.04524,-0.57,-7.38,-0.4889,0.48651,6.68,5.86,6.81,6.69
2190,36.5,7.0,46.242,-0.077,0.9509,1.8,-7.48,-3.27,6.58,-0.01577,-0.00853,5.33,-4.38,-0.49445,0.48495,6.69,5.45,7.43,6.75
2191,36.5167,7.0,46.249,-0.08,0.9533,1.94,-8.1,-3.51,5.709,-0.01823,-0.05952,9.64,-1.38,-0.49765,0.48569,6.84,8.49,8.25,-0.75
2192,36.5333,7.0,46.258,-0.083,0.9557,1.87,-8.46,-3.68,8.1,-0.01496,-0.09861,11.39,1.62,-0.5003,0.4916,6.64,5.76,15.84,4.17
2193,36.55,7.0,46.268,-0.086,0.9592,2.0,-8.85,-3.81,6.793,-0.01092,-0.11581,11.38,4.62,-0.49929,0.49464,6.88,6.17,7.98,6.15
2194,36.5667,7.0,46.278,-0.09,0.962,2.14,-9.27,-3.86,7.868,-0.01138,-0.12088,11.87,7.62,-0.50041,0.49531,6.61,7.55,15.07,2.24
2195,36.5833,7.0,46.289,-0.093,0.9638,2.36,-9.78,-4.01,6.988,-0.00745,-0.1132,10.16,10.16,-0.49945,0.49827,6.39,7.42,7.12,7.02
2196,36.6,7.0,46.301,-0.096,0.9659,2.29,-9.94,-4.12,6.483,-0.00424,-0.09506,7.93,7.93,-0.49866,0.50069,6.43,6.59,6.83,6.07
2197,36.6167,7.0,46.314,-0.097,0.9681,2.26,-10.13,-4.17,6.456,-0.00444,-0.072,6.37,6.37,-0.49829,0.50012,6.65,6.64,6.69,5.84
2198,36.6333,7.0,46.327,-0.098,0.969,2.2,-10.3,-4.23,7.797,-0.00757,-0.05239,5.94,5.94,-0.50155,0.50025,6.63,9.12,7.81,7.62
2199,36.65,7.0,46.341,-0.099,0.9691,2.22,-10.49,-4.04,6.611,-0.00644,-0.03733,4.54,4.54,-0.49976,0.49959,6.69,5.98,6.98,6.79
2200,36.6667,7.0,46.355,-0.1,0.9694,2.15,-10.44,-3.85,7.744,-0.0053,-0.02707,3.49,3.49,-0.49966,0.50063,6.77,9.83,8.23,6.15
2201,36.6833,7.0,46.37,-0.099,0.9694,2.13,-10.34,-3.66,7.507,-0.00726,-0.01959,3.55,3.55,-0.50084,0.49985,6.79,7.59,6.85,8.8
2202,36.7,7.0,46.385,-0.1,0.9691,2.07,-10.29,-3.38,6.899,-0.00542,-0.01515,2.69,2.69,-0.49967,0.50052,6.83,6.57,7.43,6.77
2203,36.7167,7.0,46.401,-0.101,0.969,2.08,-10.52,-3.2,6.817,-0.00627,-0.01542,2.96,2.96,-0.5,0.5,6.74,6.78,6.78,6.97
2204,36.7333,7.0,46.416,-0.101,0.9691,2.04,-10.4,-2.99,6.828,-0.0061,-0.01528,2.9,2.9,-0.49967,0.49984,6.78,6.08,7.08,7.38
2205,36.75,7.0,46.432,-0.101,0.9689,2.09,-10.27,-2.67,6.136,-0.00668,-0.01253,2.88,2.88,-0.50041,0.5,6.99,5.03,5.52,7.01
2206,36.7667,7.0,46.448,-0.102,0.9697,2.01,-10.35,-2.45,6.805,-0.007,-0.0116,2.91,2.91,-0.50014,0.49942,6.83,6.06,7.5,6.83
2207,36.7833,7.0,46.464,-0.103,0.9688,1.94,-10.44,-2.24,7.049,-0.00424,-0.00911,1.91,0.0,-0.50032,0.50236,6.83,6.73,7.09,7.54
2208,36.8,7.0,46.48,-0.104,0.9689,2.03,-10.27,-2.05,7.282,-0.00864,-0.00944,3.25,3.0,-0.50009,0.49772,6.95,5.86,7.94,8.38
2209,36.8167,7.0,46.495,-0.105,0.9695,2.13,-10.33,-1.84,6.983,-0.00645,-0.00937,2.59,2.59,-0.49998,0.4998,6.88,6.92,7.33,6.8
2210,36.8333,7.0,46.511,-0.107,0.9693,2.26,-10.5,-1.66,6.556,-0.00354,-0.00544,1.44,0.0,-0.49963,0.50236,6.76,8.06,6.89,4.51
2211,36.85,7.0,46.526,-0.106,0.9701,2.31,-10.36,-1.47,7.064,-0.00662,-0.00531,2.36,2.36,-0.50004,0.49969,6.91,6.92,7.74,6.68
2212,36.8667,7.0,46.542,-0.105,0.9699,2.39,-10.28,-1.3,7.225,-0.00561,-0.00358,1.93,1.93,-0.49919,0.49985,7.07,7.06,6.52,8.24
2213,36.8833,7.0,46.557,-0.104,0.9695,2.25,-10.45,-1.18,6.944,-0.00779,-0.00397,2.61,2.61,-0.50131,0.49979,7.11,5.86,7.88,6.92
2214,36.9,7.0,46.573,-0.104,0.9692,2.15,-10.42,-1.01,6.856,-0.00277,-0.00198,0.97,0.0,-0.49853,0.50203,6.68,6.58,8.07,6.09
2215,36.9167,7.0,46.587,-0.103,0.9699,1.37,-9.78,-0.83,6.875,-0.00163,0.00547,0.11,0.0,-0.49652,0.50116,6.87,6.84,7.33,6.45
2216,36.9333,7.0,46.599,-0.1,0.9738,0.79,-9.1,-0.51,8.428,0.0039,0.01546,-2.25,0.0,-0.48921,0.49939,5.94,4.46,6.61,16.7
2217,36.95,7.0,46.611,-0.098,0.979,0.82,-8.68,-0.5,12.062,0.00244,0.01975,-2.11,0.0,-0.4883,0.49701,6.79,5.38,17.9,18.18
2218,36.9667,7.0,46.624,-0.095,0.9834,0.64,-8.2,-0.39,4.81,-0.00069,0.02348,-1.44,0.0,-0.48407,0.48966,6.99,4.09,2.73,5.44
2219,36.9833,7.0,46.637,-0.094,0.9872,0.45,-7.78,-0.18,7.207,-0.00158,0.02481,-1.26,0.0,-0.47875,0.48343,6.89,7.76,6.79,7.38
2220,37.0,7.0,46.651,-0.092,0.9899,0.46,-7.39,-0.1,5.373,-0.00139,0.02842,-1.57,0.0,-0.47747,0.48235,6.96,6.55,3.44,4.54
2221,37.0167,7.0,46.665,-0.09,0.9926,0.32,-7.1,0.03,8.928,-0.00136,0.02646,-1.44,0.0,-0.47574,0.48065,7.17,16.92,7.13,4.49
2222,37.0333,7.0,46.68,-0.089,0.9941,0.31,-6.76,0.13,6.858,0.00059,0.02557,-1.97,0.0,-0.47074,0.4776,6.44,4.77,11.35,4.87
2223,37.05,7.0,46.694,-0.089,0.9962,0.1,-6.56,-0.03,6.962,0.00772,0.02643,-4.17,-3.0,-0.47023,0.48422,6.87,2.64,11.25,7.08
2224,37.0667,7.0,46.7,-0.088,1.0006,-0.69,-6.73,-0.84,5.687,0.01294,0.03406,-6.27,-6.0,-0.47514,0.49435,6.14,3.87,6.49,6.26
2225,37.0833,7.0,46.706,-0.086,1.006,-1.17,-7.26,-1.18,5.829,0.00999,0.04096,-5.87,-5.87,-0.47845,0.49472,6.73,2.27,7.61,6.7
2226,37.1,7.0,46.711,-0.084,1.0112,-1.46,-7.85,-1.42,18.115,0.0038,0.04157,-4.05,-4.05,-0.48097,0.49104,27.93,21.28,16.73,6.51
2227,37.1167,7.0,46.717,-0.083,1.0151,-1.61,-8.49,-1.54,6.509,-0.00404,0.03386,-1.16,-1.16,-0.48274,0.48497,12.18,1.11,5.9,6.85
2228,37.1333,7.0,46.723,-0.083,1.0195,-1.72,-9.06,-1.72,11.023,-0.01217,0.01867,2.35,1.84,-0.48738,0.48148,13.66,7.08,16.24,7.12
2229,37.15,7.0,46.73,-0.083,1.0226,-1.61,-9.57,-1.88,7.687,-0.01945,-0.00419,6.13,4.84,-0.4948,0.48162,6.68,10.53,6.78,6.75
2230,37.1667,7.0,46.737,-0.084,1.0253,-1.58,-9.96,-2.0,9.28,-0.02605,-0.03842,10.51,7.84,-0.50032,0.48054,6.61,5.94,17.8,6.78
2231,37.1833,7.0,46.745,-0.086,1.0279,-1.63,-10.31,-2.05,0.556,-0.0235,-0.07129,12.04,10.84,-0.49851,0.48128,6.89,4.55,-16.31,7.1
2232,37.2,7.0,46.754,-0.089,1.0301,-1.66,-10.77,-2.21,6.091,-0.02502,-0.09875,14.42,13.84,-0.49997,0.48122,6.16,5.34,6.51,6.35
2233,37.2167,7.0,46.764,-0.092,1.0324,-1.58,-11.26,-2.33,5.781,-0.02203,-0.11346,14.55,14.55,-0.5004,0.48463,6.16,5.87,4.64,6.46
2234,37.2333,7.0,46.773,-0.095,1.0351,-1.36,-11.57,-2.36,5.967,-0.02132,-0.11762,14.63,14.63,-0.50011,0.48506,6.26,4.68,6.5,6.43
2235,37.25,7.0,46.784,-0.099,1.0374,-1.09,-11.98,-2.36,6.242,-0.01941,-0.11095,13.59,13.59,-0.50021,0.48707,6.23,5.05,7.28,6.41
2236,37.2667,7.0,46.794,-0.103,1.0388,-0.76,-12.45,-2.32,6.23,-0.01741,-0.09554,11.91,11.91,-0.49988,0.48874,6.22,6.41,5.93,6.36
2237,37.2833,7.0,46.806,-0.107,1.0389,-0.39,-12.96,-2.22,6.532,-0.01577,-0.0735,9.88,9.88,-0.49995,0.49045,5.87,7.18,12.68,0.41
2238,37.3,7.0,46.818,-0.111,1.04,0.05,-13.17,-2.25,8.018,-0.01155,-0.05239,7.13,7.13,-0.50047,0.49518,6.24,6.55,14.29,4.99
2239,37.3167,7.0,46.831,-0.116,1.0406,0.5,-13.38,-2.13,6.319,-0.00758,-0.02816,4.24,4.24,-0.5,0.4987,6.59,5.66,6.29,6.74
2240,37.3333,7.0,46.845,-0.118,1.043,0.81,-13.17,-2.07,7.554,-0.00567,-0.00795,2.26,2.26,-0.5,0.50061,6.34,6.7,11.83,5.35
2241,37.35,7.0,46.859,-0.119,1.0459,1.11,-13.34,-2.01,6.595,-0.0071,0.00763,1.6,1.6,-0.49969,0.49886,6.98,6.85,5.74,6.8
2242,37.3667,7.0,46.873,-0.119,1.0465,1.39,-13.44,-1.98,6.916,-0.00613,0.02037,0.41,0.41,-0.49931,0.49945,6.89,6.92,6.94,6.91
2243,37.3833,7.0,46.887,-0.12,1.0456,1.32,-13.36,-1.93,6.808,-0.00424,0.03147,-0.93,-0.93,-0.49812,0.50015,7.05,7.04,7.02,6.12
2244,37.4,7.0,46.902,-0.119,1.0456,1.16,-13.31,-1.87,6.793,-0.00365,0.04016,-1.72,-1.72,-0.49826,0.50088,6.89,6.9,6.98,6.41
2245,37.4167,7.0,46.917,-0.117,1.0456,1.08,-13.36,-1.91,7.0,-0.00416,0.04294,-1.76,-1.76,-0.49815,0.50026,6.9,6.92,7.44,6.74
2246,37.4333,7.0,46.932,-0.114,1.0436,0.85,-13.45,-1.89,6.92,-0.00418,0.04129,-1.64,-1.64,-0.49789,0.49998,6.92,6.93,6.96,6.87
2247,37.45,7.0,46.947,-0.111,1.0409,0.27,-13.29,-1.84,5.808,-0.0022,0.0399,-2.13,-2.13,-0.49809,0.50216,6.81,5.87,4.94,5.62
2248,37.4667,7.0,46.962,-0.107,1.0403,-0.42,-13.31,-1.62,7.288,-0.01172,0.03036,1.39,0.87,-0.50204,0.49658,6.52,4.98,7.44,10.21
2249,37.4833,7.0,46.978,-0.105,1.0425,-0.72,-12.93,-1.06,6.537,-0.00693,0.0259,0.27,0.27,-0.49737,0.49671,6.76,5.17,7.81,6.4
2250,37.5,7.0,46.994,-0.102,1.042,-0.89,-12.78,-0.64,6.672,-0.01016,0.0167,1.88,1.88,-0.50026,0.49638,6.64,6.38,6.89,6.78
2251,37.5167,7.0,47.01,-0.1,1.0419,-1.09,-12.8,-0.4,6.905,-0.00826,0.00996,1.78,1.78,-0.49988,0.49789,6.88,6.62,7.4,6.73
2252,37.5333,7.0,47.026,-0.098,1.0414,-1.19,-12.79,-0.17,6.93,-0.0081,0.00471,2.1,2.1,-0.5007,0.49887,6.81,6.27,7.76,6.88
2253,37.55,7.0,47.041,-0.097,1.0418,-1.26,-12.57,0.18,6.618,-0.00656,0.0017,1.85,1.85,-0.49964,0.49936,7.02,5.49,6.98,6.99
2254,37.5667,7.0,47.053,-0.096,1.0456,-1.47,-11.99,0.58,4.445,-0.00097,0.00277,0.1,0.0,-0.4945,0.4998,7.1,5.28,3.38,2.02
2255,37.5833,7.0,47.063,-0.095,1.0513,-1.87,-11.22,0.94,6.121,0.006,0.02066,-3.25,-3.0,-0.48464,0.49691,6.17,8.64,4.36,5.32
2256,37.6,7.0,47.072,-0.094,1.0552,-2.47,-10.57,1.4,8.871,0.00565,0.03112,-3.87,-3.87,-0.48215,0.49407,6.13,11.58,8.27,9.5
2257,37.6167,7.0,47.082,-0.093,1.0573,-2.85,-9.92,1.68,2.948,0.00662,0.04464,-5.11,-5.11,-0.4804,0.4933,5.92,-10.39,5.59,10.67
2258,37.6333,7.0,47.09,-0.091,1.0612,-2.98,-9.42,1.86,4.317,0.00903,0.05707,-6.7,-6.7,-0.47618,0.49148,6.26,4.14,2.73,4.13
2259,37.65,7.0,47.099,-0.089,1.0661,-3.03,-9.03,2.06,6.254,0.00827,0.06706,-7.18,-7.18,-0.47082,0.48536,6.19,-4.82,17.11,6.53
2260,37.6667,7.0,47.109,-0.087,1.0698,-3.14,-8.61,2.28,5.738,0.00714,0.0731,-7.26,-7.26,-0.46768,0.48109,6.31,5.75,6.7,4.19
2261,37.6833,7.0,47.118,-0.085,1.0722,-3.26,-8.13,2.48,5.573,0.00613,0.07163,-6.85,-6.85,-0.46465,0.47706,6.23,0.71,6.63,8.73
2262,37.7,7.0,47.128,-0.083,1.0758,-3.17,-7.84,2.64,4.797,0.00205,0.05897,-4.74,-4.74,-0.46244,0.47076,6.46,3.99,3.82,4.91
2263,37.7167,7.0,47.139,-0.08,1.08,-3.11,-7.58,2.89,5.49,0.00032,0.04641,-3.34,-3.34,-0.45759,0.46418,6.74,4.54,6.42,4.26
2264,37.7333,7.0,47.151,-0.078,1.0834,-3.04,-7.3,3.19,6.61,-0.00119,0.0328,-1.94,-1.94,-0.4541,0.45918,6.77,7.47,6.95,5.24
2265,37.75,7.0,47.164,-0.075,1.0861,-2.9,-7.02,3.53,5.374,-0.00162,0.01791,-0.77,0.0,-0.45098,0.45563,6.68,3.29,5.12,6.41
2266,37.7667,7.0,47.178,-0.073,1.0892,-2.69,-6.87,3.69,6.3,-0.00616,0.00091,1.79,1.79,-0.45058,0.45068,6.76,5.26,7.11,6.07
2267,37.7833,7.0,47.193,-0.071,1.091,-2.43,-6.76,3.87,6.216,-0.00832,-0.0151,3.55,3.55,-0.45092,0.44887,6.98,5.23,6.88,5.78
2268,37.8,7.0,47.201,-0.07,1.0974,-3.09,-7.02,3.12,6.311,0.0057,-0.01373,-0.75,0.55,-0.4518,0.46377,6.86,5.4,6.09,6.89
2269,37.8167,7.0,47.21,-0.068,1.1018,-3.43,-7.39,2.71,3.53,0.00126,-0.01289,0.53,0.0,-0.45683,0.46436,6.6,5.76,-5.25,7.01
2270,37.8333,7.0,47.22,-0.066,1.106,-3.8,-7.83,2.35,6.246,-0.00276,-0.01451,1.84,0.0,-0.46136,0.46488,6.37,5.29,6.45,6.87
2271,37.85,7.0,47.229,-0.065,1.1099,-3.91,-8.1,2.0,8.079,-0.00966,-0.02148,4.4,3.0,-0.46818,0.46479,6.77,5.34,13.18,7.03
2272,37.8667,7.0,47.24,-0.064,1.1125,-4.11,-8.5,1.69,9.163,-0.0155,-0.03318,6.97,6.0,-0.47484,0.46561,6.72,5.31,17.74,6.88
2273,37.8833,7.0,47.251,-0.063,1.1141,-4.32,-8.96,1.42,6.315,-0.02011,-0.04354,9.08,9.0,-0.48163,0.46779,6.67,6.3,5.55,6.74
2274,37.9,7.0,47.262,-0.063,1.1151,-4.51,-9.44,1.27,6.996,-0.02446,-0.05492,11.18,11.18,-0.48729,0.4691,6.47,5.33,9.58,6.6
2275,37.9167,7.0,47.274,-0.064,1.1182,-4.36,-9.68,1.02,6.463,-0.03161,-0.0867,15.55,14.18,-0.49495,0.46962,6.36,7.04,5.98,6.47
2276,37.9333,7.0,47.286,-0.064,1.1197,-4.28,-10.03,0.93,6.792,-0.0354,-0.114,18.6,17.18,-0.49964,0.47051,6.34,5.89,8.54,6.4
2277,37.95,7.0,47.298,-0.065,1.1204,-4.17,-10.38,0.87,6.269,-0.03445,-0.13292,19.64,19.64,-0.49988,0.47169,6.09,6.58,6.12,6.29
2278,37.9667,7.0,47.311,-0.067,1.1214,-3.89,-10.64,0.83,6.792,-0.03375,-0.14175,20.05,20.05,-0.49982,0.47234,6.13,7.26,7.63,6.15
2279,37.9833,7.0,47.324,-0.069,1.1225,-3.6,-10.77,0.91,6.55,-0.03368,-0.14344,20.14,20.14,-0.49995,0.47254,6.0,5.68,8.31,6.21
2280,38.0,7.0,47.338,-0.071,1.1226,-3.29,-10.95,1.04,6.162,-0.03172,-0.13817,19.19,19.19,-0.50018,0.47473,6.0,6.17,6.2,6.28
2281,38.0167,7.0,47.352,-0.073,1.1226,-2.94,-11.28,1.14,6.357,-0.02884,-0.1261,17.48,17.48,-0.50001,0.47744,6.05,6.53,6.65,6.2
2282,38.0333,7.0,47.366,-0.075,1.1226,-2.45,-11.49,1.26,6.973,-0.0255,-0.10468,14.98,14.98,-0.50005,0.48082,6.21,8.56,6.75,6.38
2283,38.05,7.0,47.38,-0.078,1.1222,-1.97,-11.57,1.46,5.725,-0.02456,-0.08097,13.03,13.03,-0.4999,0.48161,6.24,5.08,5.28,6.3
2284,38.0667,7.0,47.395,-0.081,1.1222,-1.58,-11.79,1.59,6.676,-0.01929,-0.05565,9.68,10.03,-0.49925,0.48623,6.4,7.32,6.58,6.41
2285,38.0833,7.0,47.409,-0.084,1.1229,-1.67,-11.73,1.64,6.285,-0.00434,-0.01872,2.61,7.03,-0.49784,0.49977,6.4,6.46,6.75,5.53
2286,38.1,7.0,47.424,-0.085,1.1227,-1.46,-11.65,1.48,6.476,-0.00259,0.0155,-0.31,4.03,-0.49748,0.50117,6.62,6.59,7.27,5.42
2287,38.1167,7.0,47.44,-0.086,1.1214,-1.31,-11.66,1.43,5.816,-0.00062,0.04563,-3.01,1.03,-0.49674,0.5024,6.69,6.66,6.75,3.17
2288,38.1333,7.0,47.455,-0.084,1.1231,-1.43,-11.64,1.41,6.981,-0.00493,0.06476,-3.05,-1.97,-0.49761,0.49896,6.93,6.93,6.95,7.12
2289,38.15,7.0,47.47,-0.08,1.1234,-1.52,-11.66,1.44,6.894,-0.0044,0.07869,-4.19,-4.19,-0.49725,0.49912,6.91,6.91,6.95,6.8
2290,38.1667,7.0,47.485,-0.077,1.1216,-1.71,-11.65,1.54,6.345,-0.00917,0.08507,-3.2,-3.2,-0.50176,0.49886,6.67,4.95,6.89,6.87
2291,38.1833,7.0,47.501,-0.076,1.1214,-1.97,-11.45,1.77,6.588,-0.0033,0.09131,-5.4,-5.4,-0.49785,0.50082,6.86,6.29,6.16,7.04
2292,38.2,7.0,47.517,-0.074,1.121,-2.01,-11.57,1.89,6.79,-0.00507,0.0796,-4.05,-4.05,-0.49869,0.49989,6.73,6.76,6.84,6.83
2293,38.2167,7.0,47.532,-0.071,1.1196,-1.96,-11.37,2.04,6.506,-0.01016,0.06225,-1.31,-1.31,-0.50137,0.49747,6.74,5.41,6.89,6.99
2294,38.2333,7.0,47.546,-0.071,1.1194,-2.5,-10.73,2.22,7.537,0.00425,0.05979,-5.46,-4.31,-0.49546,0.50598,6.56,13.93,2.36,7.3
2295,38.25,7.0,47.553,-0.066,1.1228,-3.34,-9.8,2.65,5.057,-0.00485,0.0527,-2.24,-2.24,-0.49612,0.49754,5.65,6.5,3.1,4.98
2296,38.2667,7.0,47.561,-0.062,1.1238,-4.35,-9.03,3.19,6.201,-0.00547,0.04527,-1.53,-1.53,-0.49476,0.49556,5.95,6.14,6.94,5.78
2297,38.2833,7.0,47.568,-0.059,1.1261,-5.31,-8.66,3.48,4.765,-0.00704,0.04203,-0.83,-0.83,-0.49538,0.49461,1.27,5.98,6.8,5.0
2298,38.3,7.0,47.574,-0.055,1.1297,-6.24,-8.54,3.72,7.282,-0.00925,0.03086,0.62,0.62,-0.49458,0.4916,8.12,6.72,6.9,7.38
2299,38.3167,7.0,47.581,-0.052,1.1324,-7.31,-8.54,3.94,5.435,-0.00765,0.0245,0.58,0.58,-0.49375,0.49237,3.41,6.41,6.73,5.18
2300,38.3333,7.0,47.586,-0.048,1.1364,-7.72,-8.36,3.99,14.801,-0.0112,0.0205,1.92,1.92,-0.49413,0.48921,21.77,3.38,6.67,27.38
2301,38.35,7.0,47.591,-0.044,1.1395,-7.65,-8.04,3.97,17.078,-0.01999,-0.00689,6.48,4.92,-0.4989,0.48518,26.28,10.48,6.26,25.29
2302,38.3667,7.0,47.597,-0.04,1.141,-7.6,-7.73,3.96,12.466,-0.0279,-0.02977,10.45,7.92,-0.50166,0.48003,13.46,6.58,6.05,23.77
2303,38.3833,7.0,47.601,-0.037,1.1412,-7.21,-7.46,3.79,4.615,-0.02446,-0.04573,10.54,10.54,-0.49781,0.47962,5.36,16.03,6.87,-9.8
2304,38.4,7.0,47.606,-0.034,1.1418,-6.78,-7.04,3.56,9.76,-0.03284,-0.06678,14.53,13.54,-0.50394,0.47736,23.14,3.55,5.89,6.46
2305,38.4167,7.0,47.611,-0.033,1.1435,-6.47,-6.7,3.16,4.476,-0.02799,-0.07804,13.86,13.86,-0.49955,0.47783,1.67,3.46,6.27,6.5
2306,38.4333,7.0,47.617,-0.034,1.1465,-6.2,-6.48,2.93,15.303,-0.02966,-0.0913,15.29,15.29,-0.49801,0.47462,31.69,5.75,6.29,17.48
2307,38.45,7.0,47.623,-0.034,1.148,-5.89,-6.19,2.85,4.79,-0.03397,-0.10377,17.45,17.45,-0.49797,0.47027,5.01,5.89,6.22,2.04
2308,38.4667,7.0,47.63,-0.035,1.1496,-5.75,-5.84,2.8,3.35,-0.03254,-0.10423,17.06,17.06,-0.49379,0.46752,2.53,2.42,6.33,2.11
2309,38.4833,7.0,47.638,-0.035,1.1518,-5.56,-5.52,2.63,4.458,-0.03579,-0.09984,17.73,17.73,-0.49219,0.46267,2.56,6.37,6.2,2.71
2310,38.5,7.0,47.647,-0.036,1.1551,-5.36,-5.28,2.44,9.61,-0.03825,-0.10204,18.62,18.62,-0.48873,0.45675,28.28,0.38,6.28,3.49
2311,38.5167,7.0,47.657,-0.037,1.1577,-5.16,-5.0,2.33,5.544,-0.03869,-0.09581,18.31,18.31,-0.48467,0.45225,7.29,4.23,5.82,4.84
2312,38.5333,7.0,47.667,-0.037,1.1594,-5.0,-4.66,2.28,4.575,-0.03654,-0.09311,17.48,17.48,-0.47936,0.44909,6.25,3.57,4.56,3.91
2313,38.55,7.0,47.679,-0.037,1.1615,-4.86,-4.39,2.35,8.943,-0.03426,-0.08667,16.35,16.35,-0.47516,0.44716,20.79,1.73,7.07,6.19
2314,38.5667,7.0,47.692,-0.037,1.164,-4.65,-4.24,2.35,6.427,-0.03398,-0.07628,15.53,15.53,-0.4729,0.44519,1.67,11.72,6.65,5.67
2315,38.5833,7.0,47.706,-0.038,1.1652,-4.51,-4.05,2.38,6.048,-0.03087,-0.0654,13.84,13.84,-0.46965,0.44505,6.22,5.69,6.56,5.73
2316,38.6,7.0,47.722,-0.038,1.1653,-4.33,-3.86,2.4,6.238,-0.0295,-0.05109,12.43,12.43,-0.46811,0.44488,6.4,5.8,6.97,5.79
2317,38.6167,7.0,47.737,-0.038,1.1672,-4.39,-3.95,2.12,7.198,-0.023,-0.02928,8.95,9.43,-0.4691,0.45237,7.02,6.91,8.27,6.58
2318,38.6333,7.0,47.749,-0.038,1.1708,-4.82,-4.35,1.71,6.896,-0.01748,-0.00395,5.52,6.43,-0.47042,0.45921,6.19,7.0,7.61,6.78
2319,38.65,7.0,47.761,-0.037,1.173,-5.14,-4.83,1.49,5.797,-0.01859,0.01499,4.53,4.53,-0.47298,0.46066,6.33,3.97,6.17,6.71
2320,38.6667,7.0,47.773,-0.036,1.1758,-5.25,-5.08,1.29,2.881,-0.02541,0.0223,6.06,6.06,-0.47955,0.46041,6.84,4.52,-6.81,6.97
2321,38.6833,7.0,47.785,-0.036,1.1784,-5.36,-5.34,1.14,6.547,-0.02835,0.02541,6.73,6.73,-0.48298,0.46089,6.57,6.15,6.7,6.77
2322,38.7,7.0,47.797,-0.036,1.1794,-5.4,-5.62,1.02,7.609,-0.03285,0.02032,8.43,8.43,-0.48745,0.46087,6.56,5.44,11.72,6.72
2323,38.7167,7.0,47.81,-0.035,1.1797,-5.37,-5.98,0.86,5.905,-0.0361,0.0111,10.05,10.05,-0.49058,0.46075,6.6,4.59,5.83,6.6
2324,38.7333,7.0,47.823,-0.035,1.1807,-5.19,-6.2,0.74,6.395,-0.04522,-0.01309,14.48,13.05,-0.49895,0.45999,6.5,6.21,6.27,6.6
2325,38.75,7.0,47.836,-0.036,1.1813,-5.04,-6.32,0.73,6.174,-0.04604,-0.0409,16.68,16.05,-0.50021,0.46044,6.34,5.52,6.34,6.51
2326,38.7667,7.0,47.85,-0.037,1.1815,-4.88,-6.5,0.73,6.607,-0.04315,-0.06126,17.23,17.23,-0.49989,0.463,6.27,7.47,6.32,6.37
2327,38.7833,7.0,47.865,-0.038,1.1811,-4.88,-6.66,0.78,5.71,-0.03865,-0.06753,16.32,16.32,-0.50032,0.46794,6.26,5.0,5.76,5.83
2328,38.8,7.0,47.879,-0.039,1.1817,-4.63,-6.62,0.86,6.159,-0.03543,-0.0667,15.3,15.3,-0.49932,0.47016,6.1,6.12,6.08,6.33
2329,38.8167,7.0,47.894,-0.04,1.1813,-4.38,-6.55,1.01,6.815,-0.03127,-0.05707,13.38,13.38,-0.49881,0.4738,6.26,8.9,6.39,5.7
2330,38.8333,7.0,47.91,-0.041,1.1795,-4.46,-6.35,1.12,6.134,-0.02423,-0.03802,9.93,10.38,-0.49831,0.48036,6.32,6.33,6.56,5.32
2331,38.85,7.0,47.926,-0.041,1.1763,-4.47,-6.08,1.16,6.505,-0.02081,-0.00834,6.83,7.38,-0.50021,0.48567,6.57,7.17,6.68,5.6
2332,38.8667,7.0,47.942,-0.042,1.1728,-4.22,-5.56,1.26,6.064,-0.01989,0.01956,4.6,4.6,-0.50008,0.48646,6.67,4.3,6.52,6.77
2333,38.8833,7.0,47.96,-0.043,1.1704,-4.23,-5.21,1.31,6.559,-0.01176,0.0495,0.06,1.6,-0.50106,0.49557,7.74,4.42,6.53,7.55
2334,38.9,7.0,47.977,-0.044,1.1715,-4.04,-5.27,1.19,6.829,-0.00667,0.07645,-3.35,-1.4,-0.49986,0.49945,6.87,6.94,6.92,6.59
2335,38.9167,7.0,47.994,-0.045,1.1707,-3.9,-5.31,1.03,6.885,-0.00613,0.09741,-4.98,-4.4,-0.50024,0.50037,6.79,6.9,6.73,7.13
2336,38.9333,7.0,48.01,-0.045,1.1704,-3.71,-5.06,1.06,6.558,-0.00591,0.1118,-6.05,-6.05,-0.4997,0.50005,6.02,6.83,6.89,6.49
2337,38.95,7.0,48.026,-0.045,1.1713,-3.49,-4.94,1.04,7.276,-0.00646,0.11666,-6.23,-6.23,-0.50013,0.49994,8.32,6.73,6.87,7.18
2338,38.9667,7.0,48.043,-0.045,1.1717,-3.29,-5.1,0.97,6.714,-0.00628,0.11761,-6.35,-6.35,-0.5,0.5,6.7,6.67,6.72,6.76
2339,38.9833,7.0,48.059,-0.045,1.1698,-3.11,-5.2,0.92,6.613,-0.00526,0.11854,-6.72,-6.72,-0.49992,0.50093,6.67,6.65,6.64,6.49
2340,39.0,7.0,48.075,-0.044,1.1663,-2.81,-5.03,0.9,6.871,-0.00866,0.10751,-4.93,-4.93,-0.50249,0.5001,7.35,6.73,6.28,7.13
2341,39.0167,7.0,48.086,-0.044,1.1683,-2.34,-4.89,0.41,3.018,-0.00648,0.09481,-4.69,-4.69,-0.50001,0.49981,-0.15,6.87,4.69,0.67
2342,39.0333,7.0,48.093,-0.043,1.1714,-2.09,-4.32,0.21,2.2,-0.00699,0.08255,-3.68,-3.68,-0.50035,0.49963,0.73,6.21,0.19,1.67
2343,39.05,7.0,48.099,-0.044,1.1746,-1.99,-3.86,0.19,3.776,-0.00792,0.07058,-2.56,-2.56,-0.5008,0.49915,0.61,6.66,5.18,2.66
2344,39.0667,7.0,48.104,-0.045,1.1783,-2.24,-3.51,0.39,5.335,-0.00558,0.06301,-2.74,-2.74,-0.49983,0.50052,6.43,6.78,3.31,4.83
2345,39.0833,7.0,48.109,-0.047,1.1812,-2.89,-3.24,0.88,5.167,-0.00476,0.05701,-2.56,-2.56,-0.49889,0.5004,5.05,6.72,2.96,5.94
2346,39.1,7.0,48.114,-0.047,1.1847,-3.53,-3.13,1.31,6.037,-0.00342,0.05206,-2.62,-2.62,-0.49665,0.4995,5.44,6.47,6.93,5.31
2347,39.1167,7.0,48.119,-0.048,1.1886,-4.19,-3.2,1.62,6.493,-0.00056,0.05415,-3.62,-3.62,-0.49452,0.50023,7.56,6.46,6.78,5.17
2348,39.1333,7.0,48.125,-0.048,1.1916,-4.86,-3.21,1.86,6.844,0.00056,0.05489,-4.01,-4.01,-0.4938,0.50063,7.32,6.52,6.68,6.87
2349,39.15,7.0,48.131,-0.047,1.1931,-5.46,-3.15,1.97,6.934,0.0001,0.0556,-3.92,-3.92,-0.49345,0.49982,6.82,6.63,6.73,7.56
2350,39.1667,7.0,48.138,-0.045,1.1947,-6.06,-3.12,2.05,5.135,0.00238,0.05951,-4.88,-4.88,-0.49165,0.5003,3.49,6.6,6.79,3.66
2351,39.1833,7.0,48.145,-0.042,1.1976,-6.67,-3.21,2.08,-6.054,0.00217,0.06035,-4.88,-4.88,-0.49133,0.49978,6.78,-39.15,6.61,1.56
2352,39.2,7.0,48.154,-0.038,1.2015,-6.62,-2.9,1.99,7.115,-0.00067,0.05731,-3.81,-3.81,-0.4901,0.49569,6.51,6.24,6.73,8.99
2353,39.2167,7.0,48.162,-0.034,1.2027,-6.56,-2.7,1.88,6.772,-0.00064,0.0533,-3.54,-3.54,-0.49018,0.49581,6.81,6.82,6.76,6.7
2354,39.2333,7.0,48.171,-0.029,1.2022,-6.41,-2.45,1.78,7.964,-0.01094,0.03623,0.75,-0.54,-0.4959,0.49123,6.74,2.75,6.74,15.62
2355,39.25,7.0,48.182,-0.026,1.2036,-6.45,-2.18,1.67,6.744,-0.02737,0.00316,7.99,2.46,-0.49976,0.47867,10.12,4.92,6.93,5.01
2356,39.2667,7.0,48.194,-0.024,1.2057,-6.5,-1.93,1.52,6.503,-0.03375,-0.03204,12.37,5.46,-0.49947,0.47199,8.59,3.94,6.86,6.62
2357,39.2833,7.0,48.207,-0.022,1.2065,-6.48,-1.69,1.34,6.136,-0.03512,-0.06676,15.21,8.46,-0.50055,0.4717,6.71,4.29,6.83,6.73
2358,39.3,7.0,48.221,-0.022,1.2075,-6.35,-1.61,1.29,6.408,-0.03552,-0.09752,17.48,11.46,-0.50086,0.47161,7.43,4.91,6.65,6.64
2359,39.3167,7.0,48.236,-0.022,1.2084,-6.32,-1.57,1.24,6.708,-0.03402,-0.12012,18.61,14.46,-0.49902,0.47127,8.67,5.63,6.48,6.05
2360,39.3333,7.0,48.252,-0.022,1.2085,-6.45,-1.52,1.2,6.029,-0.02959,-0.13548,18.36,17.46,-0.49696,0.47363,4.93,6.27,6.48,6.43
2361,39.35,7.0,48.268,-0.021,1.2082,-6.27,-1.33,1.18,6.266,-0.03328,-0.14221,19.94,19.94,-0.50064,0.47363,5.88,6.62,6.29,6.27
2362,39.3667,7.0,48.284,-0.021,1.2079,-6.06,-1.48,1.16,5.809,-0.03289,-0.13082,19.02,19.02,-0.49916,0.47254,5.73,5.72,6.05,5.73
2363,39.3833,7.0,48.299,-0.022,1.2086,-6.33,-1.53,1.1,5.059,-0.02851,-0.10973,16.23,16.23,-0.49839,0.47615,5.1,3.57,6.32,5.26
2364,39.4,7.0,48.315,-0.022,1.2086,-6.19,-1.41,0.95,6.232,-0.02939,-0.09067,15.16,15.16,-0.49925,0.47613,6.3,5.76,6.36,6.5
2365,39.4167,7.0,48.331,-0.023,1.2082,-6.02,-1.43,0.9,7.487,-0.03135,-0.0755,14.69,14.69,-0.50032,0.47523,8.48,6.31,6.41,8.75
2366,39.4333,7.0,48.347,-0.024,1.2081,-6.03,-1.5,0.89,6.746,-0.02541,-0.05759,11.65,11.69,-0.49966,0.48052,7.62,5.91,6.35,7.1
2367,39.45,7.0,48.362,-0.025,1.2082,-6.24,-1.5,0.83,6.411,-0.02126,-0.04211,9.32,9.32,-0.49825,0.48327,6.45,6.35,6.55,6.29
2368,39.4667,7.0,48.378,-0.025,1.2076,-6.11,-1.33,0.77,6.719,-0.02591,-0.02947,9.84,9.84,-0.50114,0.4815,7.0,6.82,6.44,6.61
2369,39.4833,7.0,48.394,-0.025,1.2077,-5.96,-1.49,0.87,6.599,-0.02298,-0.01574,8.0,8.0,-0.49978,0.48307,6.46,6.42,6.62,6.9
2370,39.5,7.0,48.409,-0.026,1.2081,-6.13,-1.51,0.94,6.724,-0.0185,-0.00356,5.8,5.8,-0.49983,0.4876,6.61,6.63,6.69,6.98
2371,39.5167,7.0,48.425,-0.027,1.208,-6.13,-1.38,0.97,6.603,-0.01904,0.00752,5.18,5.18,-0.50004,0.48728,6.72,6.17,6.78,6.74
2372,39.5333,7.0,48.441,-0.027,1.2076,-5.89,-1.4,1.07,6.798,-0.01786,0.0205,3.92,3.92,-0.50021,0.48862,7.44,6.04,6.76,6.95
2373,39.55,7.0,48.456,-0.028,1.2074,-5.84,-1.48,1.14,6.663,-0.01301,0.0308,1.75,1.75,-0.50027,0.49353,6.83,6.82,6.83,6.17
2374,39.5667,7.0,48.471,-0.029,1.2077,-5.96,-1.44,1.17,8.787,-0.0082,0.04053,-0.38,-0.38,-0.49883,0.4969,14.1,7.66,6.95,6.45
2375,39.5833,7.0,48.487,-0.029,1.207,-5.97,-1.29,1.15,6.784,-0.01176,0.05022,0.01,0.01,-0.50125,0.49577,6.99,7.17,6.96,6.02
2376,39.6,7.0,48.502,-0.03,1.207,-5.76,-1.45,1.22,7.083,-0.00802,0.05958,-1.76,-1.76,-0.49929,0.49754,7.04,7.47,6.97,6.85
2377,39.6167,7.0,48.518,-0.03,1.2078,-5.8,-1.45,1.32,6.607,-0.00515,0.06616,-3.09,-3.09,-0.49855,0.49967,5.47,6.85,6.98,7.12
2378,39.6333,7.0,48.533,-0.029,1.2076,-5.86,-1.37,1.27,6.643,-0.00601,0.07162,-3.21,-3.21,-0.49892,0.49917,8.79,4.48,6.88,6.42
2379,39.65,7.0,48.549,-0.029,1.206,-5.83,-1.21,1.23,6.291,-0.00799,0.07317,-2.73,-2.73,-0.50023,0.49851,6.34,5.02,6.93,6.88
2380,39.6667,7.0,48.565,-0.029,1.2069,-5.72,-1.49,1.13,6.463,-0.00582,0.07179,-3.28,-3.28,-0.49796,0.49841,6.74,6.44,6.88,5.79
2381,39.6833,7.0,48.579,-0.029,1.207,-5.54,-1.57,1.17,6.559,-0.00654,0.06488,-2.58,-2.58,-0.49968,0.49942,6.55,6.21,6.77,6.71
2382,39.7,7.0,48.594,-0.029,1.2059,-5.23,-1.47,1.3,6.442,-0.00683,0.06217,-2.3,-2.3,-0.49998,0.49942,6.86,5.06,6.93,6.91
2383,39.7167,7.0,48.61,-0.029,1.2041,-4.94,-1.44,1.34,7.111,-0.00796,0.05476,-1.44,-1.44,-0.50234,0.50064,8.32,6.12,6.97,7.04
2384,39.7333,7.0,48.626,-0.03,1.2026,-4.64,-1.59,1.18,7.369,-0.00636,0.04695,-1.38,-1.38,-0.4998,0.49972,7.9,8.46,6.64,6.48
2385,39.75,7.0,48.638,-0.031,1.2059,-4.66,-1.13,1.06,5.39,-0.00398,0.0434,-1.84,-1.84,-0.49508,0.49737,2.79,6.78,6.9,5.08
2386,39.7667,7.0,48.65,-0.032,1.2098,-4.99,-0.74,1.17,6.881,-0.00036,0.04604,-3.11,-3.11,-0.49072,0.49663,7.83,6.72,6.62,6.34
2387,39.7833,7.0,48.663,-0.033,1.2139,-5.32,-0.53,1.39,6.224,0.00374,0.05035,-4.65,-4.65,-0.48868,0.49869,4.88,6.76,6.94,6.31
2388,39.8,7.0,48.676,-0.033,1.2173,-5.7,-0.41,1.56,7.43,0.00555,0.05674,-5.64,-5.64,-0.48848,0.5003,9.14,6.85,6.77,6.96
2389,39.8167,7.0,48.689,-0.033,1.219,-6.11,-0.28,1.68,6.646,0.00512,0.06223,-5.89,-5.89,-0.48877,0.50017,6.73,6.8,6.87,6.18
2390,39.8333,7.0,48.703,-0.032,1.2195,-6.44,-0.15,1.74,5.794,0.00626,0.06939,-6.73,-6.73,-0.48787,0.50039,3.62,6.7,6.72,6.13
2391,39.85,7.0,48.718,-0.03,1.2217,-6.56,-0.16,1.79,6.497,0.00326,0.07095,-5.94,-5.94,-0.48757,0.4971,6.54,7.38,6.53,5.54
2392,39.8667,7.0,48.733,-0.028,1.2235,-6.56,-0.09,1.83,7.036,0.00056,0.06711,-4.87,-4.87,-0.48612,0.49295,6.69,7.36,6.82,7.27
2393,39.8833,7.0,48.748,-0.026,1.2235,-6.55,-0.03,1.9,6.332,-0.00154,0.05784,-3.59,-3.59,-0.48644,0.49117,6.73,5.56,6.78,6.26
2394,39.9,7.0,48.764,-0.024,1.2215,-6.54,0.03,1.98,6.745,-0.00545,0.04144,-1.26,-1.26,-0.48957,0.49039,5.7,8.6,6.84,5.85
2395,39.9167,7.0,48.78,-0.023,1.2211,-6.59,0.1,1.99,6.983,-0.00907,0.02143,1.22,1.22,-0.49399,0.49118,7.57,6.67,6.76,6.93
2396,39.9333,7.0,48.797,-0.021,1.2204,-6.66,0.29,1.9,6.86,-0.00921,0.00412,2.47,2.47,-0.49572,0.49279,6.54,7.6,6.91,6.4
2397,39.95,7.0,48.813,-0.02,1.2183,-6.82,0.45,1.75,7.831,-0.0138,-0.01701,5.33,5.33,-0.49753,0.49,8.92,6.1,6.93,9.38
2398,39.9667,7.0,48.83,-0.018,1.2148,-6.78,0.73,1.51,5.453,-0.01676,-0.03555,7.52,7.52,-0.501,0.49051,6.63,5.19,6.68,3.31
2399,39.9833,7.0,48.847,-0.018,1.2114,-6.69,1.31,1.35,6.627,-0.01654,-0.04888,8.39,8.39,-0.50103,0.49076,7.74,5.63,6.41,6.72
2400,40.0,7.0,48.865,-0.018,1.2072,-6.63,1.86,1.22,6.274,-0.01457,-0.05641,8.32,8.32,-0.49972,0.49143,6.63,5.16,6.5,6.8
2401,40.0167,7.0,48.882,-0.019,1.2011,-6.43,2.36,1.09,6.599,-0.0142,-0.05863,8.36,8.36,-0.4999,0.49197,6.67,6.42,6.55,6.76
2402,40.0333,7.0,48.899,-0.02,1.1989,-5.71,2.44,0.95,6.752,-0.01707,-0.05982,9.31,9.31,-0.50302,0.49222,6.67,7.47,6.31,6.56
2403,40.05,7.0,48.916,-0.024,1.1976,-5.27,2.62,0.9,6.528,-0.01343,-0.05699,8.02,8.02,-0.49987,0.49271,6.35,6.5,6.56,6.7
2404,40.0667,7.0,48.932,-0.028,1.1947,-4.56,2.45,0.94,7.21,-0.01365,-0.05,7.6,7.6,-0.50005,0.49267,7.23,8.39,6.59,6.63
2405,40.0833,7.0,48.948,-0.031,1.1918,-3.72,2.34,0.96,6.598,-0.01087,-0.03794,5.92,5.92,-0.50093,0.49633,6.47,6.38,6.77,6.78
2406,40.1,7.0,48.964,-0.036,1.1895,-2.9,2.49,0.87,6.212,-0.00763,-0.02422,3.98,3.98,-0.50067,0.49931,5.32,6.58,6.59,6.36
2407,40.1167,7.0,48.979,-0.04,1.1859,-2.08,2.66,0.58,6.643,-0.00635,-0.01286,2.8,2.8,-0.5,0.49993,6.75,6.56,6.68,6.59
2408,40.1333,7.0,48.994,-0.043,1.1831,-0.98,2.47,0.26,6.658,-0.00544,-0.00231,1.79,1.79,-0.49873,0.49957,7.34,6.44,6.65,6.2
2409,40.15,7.0,49.008,-0.046,1.18,-0.23,2.47,-0.1,6.712,-0.00416,0.01125,0.46,0.0,-0.49877,0.50087,8.11,6.4,5.76,6.58
2410,40.1667,7.0,49.019,-0.048,1.1806,-0.16,2.31,-0.41,6.156,-0.00533,0.01823,0.32,0.32,-0.50011,0.50105,6.84,4.94,6.17,6.67
2411,40.1833,7.0,49.029,-0.047,1.1823,0.04,2.03,-0.62,6.975,-0.00712,0.02276,0.54,0.54,-0.49967,0.49882,6.74,6.78,7.2,7.18
2412,40.2,7.0,49.038,-0.048,1.1843,-0.14,1.51,-0.84,6.838,-0.00696,0.02405,0.41,0.41,-0.50012,0.49943,6.88,6.89,7.07,6.5
2413,40.2167,7.0,49.048,-0.048,1.1869,-0.18,1.37,-0.95,6.743,-0.00716,0.02165,0.63,0.63,-0.50017,0.49929,6.8,5.8,6.83,7.55
2414,40.2333,7.0,49.059,-0.049,1.1881,-0.09,1.3,-1.04,7.321,-0.00749,0.01788,1.0,1.0,-0.5003,0.49909,6.99,8.22,7.0,7.07
2415,40.25,7.0,49.07,-0.05,1.1888,-0.06,1.22,-1.11,6.343,-0.00614,0.01501,0.79,0.79,-0.50011,0.50024,6.95,4.83,6.88,6.71
2416,40.2667,7.0,49.081,-0.05,1.1903,-0.2,0.99,-1.21,6.876,-0.00564,0.01169,0.87,0.87,-0.49936,0.49999,6.93,8.67,5.8,6.1
2417,40.2833,7.0,49.092,-0.049,1.1906,-0.37,0.95,-1.25,6.68,-0.00704,0.00853,1.51,1.51,-0.50037,0.4996,6.86,5.37,7.42,7.07
2418,40.3,7.0,49.104,-0.049,1.1904,-0.34,1.09,-1.22,6.19,-0.00692,0.00771,1.54,1.54,-0.5,0.49936,6.91,3.92,6.99,6.94
2419,40.3167,7.0,49.117,-0.049,1.1896,-0.24,1.19,-1.15,6.358,-0.00644,0.00733,1.42,1.42,-0.50014,0.49997,6.95,4.44,7.13,6.91
2420,40.3333,7.0,49.131,-0.049,1.1887,-0.16,1.18,-1.14,6.854,-0.00608,0.00756,1.29,1.29,-0.49987,0.50007,6.94,6.61,7.15,6.72
2421,40.35,7.0,49.144,-0.049,1.1872,-0.19,1.24,-1.09,5.973,-0.00606,0.00812,1.25,1.25,-0.49996,0.50017,6.9,3.09,7.63,6.28
2422,40.3667,7.0,49.157,-0.047,1.1855,-0.08,1.54,-0.96,6.38,-0.0069,0.00637,1.62,1.62,-0.5004,0.49978,6.93,4.43,7.08,7.07
2423,40.3833,7.0,49.172,-0.047,1.1829,0.08,1.88,-0.76,5.267,-0.00584,0.00539,1.38,1.38,-0.50013,0.50055,6.99,3.33,7.06,3.7
2424,40.4,7.0,49.186,-0.046,1.18,0.09,2.35,-0.48,6.94,-0.00574,0.00608,1.3,1.3,-0.49959,0.50012,6.96,6.93,7.93,5.94
2425,40.4167,7.0,49.201,-0.044,1.1785,-0.03,2.42,-0.33,5.831,-0.00566,0.00664,1.23,1.23,-0.49965,0.50026,7.95,1.84,6.55,6.99
2426,40.4333,7.0,49.216,-0.044,1.1791,0.09,2.4,-0.26,6.741,-0.00568,0.00662,1.24,1.24,-0.49962,0.50021,6.99,6.38,6.62,6.97
2427,40.45,7.0,49.231,-0.044,1.179,0.09,2.46,-0.17,6.482,-0.00476,0.00718,0.93,0.0,-0.49863,0.50014,7.02,7.03,5.84,6.03
2428,40.4667,7.0,49.247,-0.043,1.1783,0.03,2.51,-0.1,7.594,-0.00771,0.00462,1.99,1.99,-0.50119,0.49975,8.27,7.03,7.03,8.05
2429,40.4833,7.0,49.262,-0.042,1.1783,0.1,2.41,-0.09,4.943,-0.00715,0.0038,1.88,1.88,-0.50057,0.49969,6.54,5.08,0.69,7.46
2430,40.5,7.0,49.277,-0.042,1.1787,0.18,2.42,-0.04,6.96,-0.00582,0.00337,1.51,1.51,-0.49861,0.49906,6.74,7.47,8.34,5.29
2431,40.5167,7.0,49.293,-0.042,1.1777,0.02,2.6,0.05,7.184,-0.004,0.00475,0.87,0.0,-0.49835,0.50062,6.86,6.86,8.17,6.85
2432,40.5333,7.0,49.309,-0.042,1.1757,-0.18,2.76,0.07,6.593,-0.00604,0.00379,1.55,1.55,-0.4999,0.50013,5.64,7.02,6.96,6.75
2433,40.55,7.0,49.325,-0.041,1.1742,-0.04,3.11,0.16,9.794,-0.00567,0.00335,1.47,1.47,-0.4993,0.4999,6.67,7.06,18.64,6.8
2434,40.5667,7.0,49.342,-0.041,1.1709,0.05,3.46,0.2,6.76,-0.00516,0.00254,1.37,1.37,-0.49906,0.50017,6.68,8.13,7.08,5.15
2435,40.5833,7.0,49.358,-0.04,1.1665,0.0,3.99,0.33,7.531,-0.00498,0.00505,1.14,0.0,-0.49959,0.50089,6.82,6.78,9.22,7.3
2436,40.6,7.0,49.375,-0.038,1.1608,0.18,4.61,0.48,6.622,-0.00646,0.00516,1.58,1.58,-0.50045,0.50026,6.84,7.1,5.7,6.85
2437,40.6167,7.0,49.391,-0.036,1.1553,0.28,5.42,0.79,7.917,-0.00129,0.00919,-0.26,0.0,-0.4965,0.50148,6.77,13.39,6.69,4.81
2438,40.6333,7.0,49.407,-0.032,1.1485,0.27,6.39,1.0,6.495,-0.00366,0.00844,0.51,0.0,-0.49697,0.49958,6.42,6.39,6.74,6.43
2439,40.65,7.0,49.423,-0.028,1.1463,-0.13,6.6,0.82,6.141,-0.00747,0.00596,1.82,1.82,-0.50107,0.49988,4.89,6.64,6.48,6.55
2440,40.6667,7.0,49.438,-0.025,1.1464,-0.3,6.75,0.98,6.698,-0.00472,0.00622,0.98,0.0,-0.4969,0.49845,7.0,6.02,6.74,7.03
2441,40.6833,7.0,49.455,-0.021,1.1449,-0.42,6.84,0.98,5.609,-0.00966,0.00085,2.84,2.84,-0.49997,0.49659,7.0,6.42,2.1,6.93
2442,40.7,7.0,49.47,-0.018,1.1454,-0.67,6.77,0.88,6.334,-0.01092,-0.00536,3.65,3.65,-0.50009,0.49544,5.03,6.48,6.97,6.86
2443,40.7167,7.0,49.486,-0.015,1.1466,-0.81,6.9,0.87,7.316,-0.01169,-0.0101,4.22,4.22,-0.50011,0.49468,6.95,6.47,8.9,6.95
2444,40.7333,7.0,49.501,-0.013,1.1462,-0.92,7.03,0.89,5.345,-0.01102,-0.01889,4.63,4.63,-0.49988,0.49514,6.95,5.18,2.48,6.77
2445,40.75,7.0,49.518,-0.011,1.1446,-1.12,7.15,0.84,6.477,-0.01186,-0.02506,5.31,5.31,-0.5002,0.49461,6.7,5.95,6.62,6.64
2446,40.7667,7.0,49.534,-0.009,1.1444,-1.21,6.79,0.88,6.817,-0.01053,-0.0252,4.92,4.92,-0.49739,0.49313,6.57,6.42,7.52,6.76
2447,40.7833,7.0,49.549,-0.008,1.1451,-1.05,6.87,0.76,6.569,-0.01414,-0.03186,6.47,6.47,-0.50023,0.49236,6.73,6.43,6.33,6.79
2448,40.8,7.0,49.565,-0.006,1.1434,-0.96,6.88,0.75,4.419,-0.01352,-0.03201,6.3,6.3,-0.5,0.49275,6.99,5.38,-1.02,6.32
2449,40.8167,7.0,49.581,-0.006,1.1432,-1.21,6.74,0.63,6.813,-0.00936,-0.02657,4.67,4.67,-0.49917,0.49608,6.68,6.85,7.21,6.51
2450,40.8333,7.0,49.597,-0.005,1.1416,-1.33,6.49,0.65,6.874,-0.01004,-0.02168,4.53,4.53,-0.50026,0.4965,6.78,7.11,6.82,6.79
2451,40.85,7.0,49.614,-0.005,1.1433,-1.12,6.74,0.46,7.144,-0.01056,-0.01861,4.47,4.47,-0.49849,0.4942,6.84,6.85,8.06,6.82
2452,40.8667,7.0,49.63,-0.005,1.1423,-1.12,6.67,0.38,6.597,-0.00986,-0.01432,3.96,3.96,-0.49836,0.49477,3.92,7.76,7.64,7.07
2453,40.8833,7.0,49.646,-0.005,1.1425,-1.23,6.51,0.2,6.788,-0.0079,-0.0099,3.06,3.06,-0.49758,0.49595,6.74,6.64,6.9,6.87
2454,40.9,7.0,49.662,-0.005,1.1425,-0.98,6.56,0.05,6.785,-0.00859,-0.003,2.79,2.79,-0.50034,0.49802,6.87,6.64,6.73,6.9
2455,40.9167,7.0,49.679,-0.005,1.1408,-0.87,6.52,-0.01,6.188,-0.01033,0.00064,3.05,3.05,-0.50092,0.49686,6.75,6.29,4.71,7.0
2456,40.9333,7.0,49.695,-0.006,1.14,-0.88,6.23,-0.1,7.029,-0.00082,0.00934,-0.41,0.05,-0.49439,0.49984,7.33,6.78,7.7,6.31
2457,40.95,7.0,49.71,-0.005,1.1379,-0.97,5.91,-0.19,6.806,0.00042,0.01898,-1.46,0.0,-0.49383,0.50052,6.91,6.93,6.79,6.59
2458,40.9667,7.0,49.725,-0.005,1.134,-1.11,5.57,-0.4,6.882,0.00101,0.02861,-2.31,0.0,-0.49317,0.50045,6.88,6.95,6.9,6.79
2459,40.9833,7.0,49.74,-0.003,1.1308,-0.91,5.08,-0.4,7.341,-0.00237,0.03288,-1.59,-1.59,-0.49612,0.50002,7.45,6.9,6.93,8.09
2460,41.0,7.0,49.754,-0.002,1.1266,-0.99,4.4,-0.49,6.993,-0.00176,0.03525,-1.94,-1.94,-0.49548,0.49999,6.85,6.84,7.37,6.9
2461,41.0167,7.0,49.768,-0.001,1.1227,-1.34,4.03,-0.48,4.686,0.00046,0.04032,-2.96,-2.96,-0.49507,0.5018,3.99,5.99,6.83,1.94
2462,41.0333,7.0,49.782,0.002,1.1228,-1.54,4.01,-0.49,6.414,-0.00376,0.04225,-1.83,-1.83,-0.49718,0.4997,5.94,6.11,6.94,6.66
2463,41.05,7.0,49.797,0.004,1.1215,-1.82,3.96,-0.48,6.152,-0.00821,0.02959,0.39,0.39,-0.50016,0.49823,5.27,5.71,6.89,6.74
2464,41.0667,7.0,49.812,0.005,1.1183,-2.08,3.98,-0.39,3.55,-0.00811,0.01726,1.22,1.22,-0.50104,0.4992,0.95,1.5,7.03,4.73
2465,41.0833,7.0,49.828,0.006,1.1185,-2.08,4.57,-0.52,6.648,-0.00529,0.00871,0.98,0.98,-0.4983,0.49929,6.54,6.14,6.94,6.97
2466,41.1,7.0,49.845,0.007,1.1156,-2.23,4.86,-0.64,6.754,-0.00755,0.00234,2.1,2.1,-0.50032,0.49904,6.89,6.21,6.94,6.97
2467,41.1167,7.0,49.862,0.007,1.1109,-2.34,5.21,-0.7,6.67,-0.00655,-0.00286,2.16,2.16,-0.49914,0.49887,6.86,5.98,6.9,6.94
2468,41.1333,7.0,49.879,0.007,1.106,-2.06,5.99,-0.73,6.516,-0.008,-0.01122,3.18,3.18,-0.49998,0.49825,6.9,5.32,6.88,6.96
2469,41.15,7.0,49.897,0.007,1.0996,-1.92,6.71,-0.71,6.169,-0.00543,-0.01159,2.44,2.44,-0.49904,0.49988,6.74,5.76,6.61,5.57
2470,41.1667,7.0,49.916,0.007,1.0926,-1.94,7.35,-0.74,9.204,-0.01048,-0.01254,4.02,4.02,-0.50181,0.4976,10.86,13.41,6.38,6.16
2471,41.1833,7.0,49.935,0.005,1.0928,-2.06,7.45,-0.68,6.821,-0.00493,-0.00777,2.02,1.02,-0.49746,0.4988,6.85,6.41,6.69,7.33
2472,41.2,7.0,49.953,0.005,1.0915,-1.9,7.81,-0.74,6.98,-0.00607,-0.00764,2.36,2.36,-0.49601,0.49621,6.96,6.39,6.89,7.67
2473,41.2167,7.0,49.971,0.006,1.0926,-1.55,7.78,-0.45,7.763,-0.01456,-0.01394,5.35,5.35,-0.49967,0.49138,7.35,6.87,8.65,8.18
2474,41.2333,7.0,49.988,0.005,1.0922,-1.68,7.76,-0.43,6.581,-0.00585,-0.01156,2.56,2.56,-0.49427,0.49469,5.56,6.76,6.7,7.31
2475,41.25,7.0,50.005,0.005,1.0913,-1.74,7.92,-0.41,6.522,-0.0017,-0.0037,0.77,0.0,-0.49132,0.49589,6.98,5.55,6.91,6.65
2476,41.2667,7.0,50.022,0.005,1.0925,-1.49,7.83,-0.32,6.873,-0.00526,-0.00308,1.79,1.79,-0.49202,0.49304,7.91,6.91,7.38,5.3
2477,41.2833,7.0,50.038,0.005,1.0922,-1.74,7.55,-0.51,6.408,-0.00497,0.00296,1.28,0.0,-0.48987,0.49117,6.87,6.68,6.46,5.62
2478,41.3,7.0,50.054,0.006,1.0921,-1.98,7.67,-0.59,5.692,-0.00054,0.00712,-0.34,0.0,-0.48627,0.49201,4.59,6.1,6.78,5.29
2479,41.3167,7.0,50.07,0.007,1.0931,-1.85,7.69,-0.46,7.054,-0.0036,0.00882,0.46,0.0,-0.48887,0.49155,6.77,6.95,6.94,7.56
2480,41.3333,7.0,50.086,0.008,1.0924,-1.85,7.63,-0.31,6.235,-0.00506,0.01754,0.29,0.29,-0.4884,0.48961,4.26,6.95,7.03,6.7
2481,41.35,7.0,50.102,0.008,1.0916,-2.1,7.65,-0.17,6.737,-0.0006,0.02084,-1.28,0.0,-0.488,0.49367,6.09,6.91,6.93,7.02
2482,41.3667,7.0,50.118,0.01,1.0909,-2.0,7.91,-0.19,6.658,-0.004,0.01597,0.08,0.0,-0.48857,0.49084,7.14,5.9,6.98,6.62
2483,41.3833,7.0,50.134,0.011,1.0914,-1.97,7.8,-0.03,7.176,-0.00848,0.01074,1.79,1.79,-0.48948,0.48726,6.84,6.87,7.92,7.07
2484,41.4,7.0,50.15,0.012,1.0903,-2.06,7.66,-0.06,6.793,-0.01049,0.00377,2.88,2.88,-0.49108,0.48686,6.89,6.85,6.6,6.83
2485,41.4167,7.0,50.167,0.013,1.0898,-2.19,7.81,-0.18,7.732,-0.01205,-0.00853,4.21,4.21,-0.49088,0.4851,7.03,7.19,10.36,6.35
2486,41.4333,7.0,50.183,0.014,1.0901,-2.17,7.71,-0.2,7.561,-0.01327,-0.01746,5.2,5.2,-0.48934,0.48233,7.81,6.7,8.43,7.31
2487,41.45,7.0,50.199,0.015,1.0892,-2.25,7.45,-0.22,6.984,-0.01377,-0.02433,5.84,5.84,-0.48851,0.481,6.73,6.75,6.67,7.79
2488,41.4667,7.0,50.215,0.016,1.0857,-2.46,7.17,-0.2,7.14,-0.01272,-0.03387,6.19,6.19,-0.48826,0.48181,9.79,6.74,6.66,5.37
2489,41.4833,7.0,50.23,0.017,1.0811,-2.53,6.86,-0.18,6.98,-0.01312,-0.03918,6.68,6.68,-0.49145,0.4846,7.18,6.72,6.7,7.31
2490,41.5,7.0,50.245,0.019,1.0777,-2.34,6.09,-0.13,7.922,-0.0155,-0.0417,7.57,7.57,-0.49257,0.48335,3.92,6.5,13.94,7.33
2491,41.5167,7.0,50.259,0.02,1.072,-2.58,5.39,-0.2,7.107,-0.01147,-0.03769,6.08,6.08,-0.48925,0.48405,8.04,6.69,7.2,6.5
2492,41.5333,7.0,50.272,0.021,1.0649,-2.7,4.62,-0.21,7.711,-0.01339,-0.03455,6.44,6.44,-0.49084,0.48372,9.29,6.77,8.2,6.59
2493,41.55,7.0,50.284,0.023,1.0568,-2.58,3.64,-0.17,6.8,-0.01922,-0.03652,8.32,8.32,-0.4956,0.48266,7.59,6.59,6.61,6.41
2494,41.5667,7.0,50.297,0.024,1.0575,-2.92,3.75,-0.32,5.218,-0.02007,-0.03861,8.72,8.72,-0.49389,0.48009,4.63,5.22,6.51,4.52
2495,41.5833,7.0,50.312,0.025,1.0547,-3.02,3.89,-0.25,5.69,-0.02536,-0.04698,10.9,10.9,-0.49719,0.47811,5.58,5.25,6.72,5.21
2496,41.6,7.0,50.327,0.026,1.0538,-3.16,4.22,-0.48,6.412,-0.02821,-0.05686,12.44,12.44,-0.49874,0.4768,6.49,5.86,6.54,6.76
2497,41.6167,7.0,50.343,0.027,1.0511,-3.24,4.55,-0.66,6.495,-0.02837,-0.06328,12.94,12.94,-0.49984,0.47775,6.4,6.56,6.45,6.57
2498,41.6333,7.0,50.36,0.028,1.0463,-3.32,4.86,-0.77,7.069,-0.03186,-0.07667,14.93,14.93,-0.50229,0.4767,6.68,1.12,6.94,13.54
2499,41.65,7.0,50.376,0.028,1.0409,-3.55,5.45,-0.82,3.983,-0.02425,-0.07864,12.78,12.78,-0.49976,0.48178,6.04,-1.58,6.34,5.14
2500,41.6667,7.0,50.394,0.028,1.041,-3.45,5.68,-0.99,7.054,-0.02795,-0.07818,13.86,13.86,-0.4997,0.47802,7.2,7.27,6.05,7.69
2501,41.6833,7.0,50.41,0.028,1.0408,-3.4,5.64,-1.01,6.378,-0.02585,-0.07475,12.99,12.99,-0.49905,0.47947,6.33,6.34,6.43,6.41
2502,41.7,7.0,50.427,0.027,1.0387,-3.49,5.7,-1.0,6.097,-0.02391,-0.06429,11.67,11.67,-0.49813,0.48049,5.22,6.96,6.7,5.51
2503,41.7167,7.0,50.443,0.028,1.0406,-3.42,5.72,-0.95,6.771,-0.02385,-0.05209,10.8,10.8,-0.49666,0.47907,6.68,6.78,6.6,7.02
2504,41.7333,7.0,50.459,0.028,1.0408,-3.37,5.69,-0.94,6.453,-0.02245,-0.03975,9.52,9.52,-0.49655,0.48037,6.46,6.11,6.57,6.67
2505,41.75,7.0,50.475,0.029,1.0389,-3.37,5.7,-0.95,8.011,-0.02384,-0.02673,9.02,9.02,-0.49833,0.48076,6.56,12.1,6.69,6.69
2506,41.7667,7.0,50.491,0.029,1.0378,-3.6,5.81,-0.93,6.651,-0.01925,-0.01838,7.06,7.06,-0.49793,0.48495,6.61,5.81,6.77,7.4
2507,41.7833,7.0,50.507,0.03,1.0398,-3.48,5.75,-0.88,6.779,-0.02073,-0.00875,6.83,6.83,-0.49779,0.48333,6.8,6.55,6.73,7.03
2508,41.8,7.0,50.523,0.031,1.0394,-3.53,5.71,-0.89,6.653,-0.02232,-0.00407,6.98,6.98,-0.49945,0.4834,6.7,6.47,6.73,6.72
2509,41.8167,7.0,50.539,0.032,1.0369,-3.57,5.68,-0.88,6.735,-0.02129,-0.00089,6.45,6.45,-0.49945,0.48444,6.7,6.72,6.77,6.76
2510,41.8333,7.0,50.555,0.033,1.0387,-3.6,5.78,-0.85,6.362,-0.02122,0.00193,6.23,6.23,-0.49894,0.48399,6.19,6.35,6.55,6.36
2511,41.85,7.0,50.571,0.034,1.0384,-3.65,5.76,-0.82,7.172,-0.02074,0.00345,5.98,5.98,-0.49958,0.48511,6.8,7.93,6.72,7.24
2512,41.8667,7.0,50.587,0.035,1.0368,-3.72,5.74,-0.8,6.605,-0.02264,0.00427,6.49,6.49,-0.50142,0.48505,6.5,6.38,6.77,6.76
2513,41.8833,7.0,50.604,0.035,1.036,-3.89,5.84,-0.85,6.868,-0.01797,0.00508,5.04,5.04,-0.49967,0.48797,8.77,4.93,6.59,7.19
2514,41.9,7.0,50.62,0.036,1.0379,-3.74,5.8,-0.82,6.755,-0.01708,0.00822,4.55,4.55,-0.49861,0.4878,6.69,6.64,6.74,6.96
2515,41.9167,7.0,50.636,0.037,1.0369,-3.77,5.78,-0.77,6.428,-0.01762,0.01207,4.44,4.44,-0.49875,0.48739,6.76,6.35,6.76,5.84
2516,41.9333,7.0,50.653,0.037,1.0348,-3.88,5.88,-0.76,7.021,-0.01934,0.01263,4.92,4.92,-0.49898,0.48592,8.17,7.21,6.82,5.89
2517,41.95,7.0,50.669,0.038,1.0364,-3.84,5.76,-0.73,7.174,-0.01963,0.01274,5.0,5.0,-0.49714,0.48378,7.07,6.81,6.78,8.04
2518,41.9667,7.0,50.685,0.04,1.0353,-3.83,5.66,-0.72,6.868,-0.01767,0.01437,4.3,4.3,-0.4964,0.485,6.77,6.74,6.85,7.11
2519,41.9833,7.0,50.701,0.041,1.0321,-3.95,5.57,-0.7,7.162,-0.02103,0.01431,5.31,5.31,-0.49965,0.4849,7.48,6.86,6.77,7.53
2520,42.0,7.0,50.717,0.042,1.0295,-3.93,5.19,-0.59,7.418,-0.02049,0.01,5.45,5.45,-0.50119,0.48697,8.28,6.61,6.81,7.98
2521,42.0167,7.0,50.733,0.043,1.0264,-3.88,4.68,-0.52,6.741,-0.0192,0.00662,5.3,5.3,-0.5,0.48707,6.62,6.75,6.85,6.75
2522,42.0333,7.0,50.748,0.044,1.0206,-3.84,4.14,-0.48,6.748,-0.0189,0.00451,5.35,5.35,-0.49974,0.48711,6.64,6.79,6.85,6.72
2523,42.05,7.0,50.763,0.045,1.0121,-3.81,3.58,-0.46,8.661,-0.02111,0.00214,6.18,6.18,-0.50184,0.487,13.91,6.82,7.02,6.89
2524,42.0667,7.0,50.778,0.045,1.0039,-3.62,2.56,-0.54,6.308,-0.01874,0.00281,5.42,5.42,-0.49946,0.48699,5.76,6.46,6.68,6.33
2525,42.0833,7.0,50.791,0.046,1.0047,-4.02,2.44,-0.43,6.283,-0.00857,0.01183,1.74,2.42,-0.49612,0.49382,9.02,8.82,4.06,3.23
2526,42.1,7.0,50.801,0.048,1.0082,-3.99,1.87,-0.35,9.541,-0.01406,0.01757,2.99,2.99,-0.49591,0.48812,7.22,4.93,16.49,9.52
2527,42.1167,7.0,50.812,0.048,1.0096,-4.19,1.53,-0.28,5.556,-0.00774,0.02858,0.32,0.32,-0.49194,0.49047,5.38,6.92,4.3,5.63
2528,42.1333,7.0,50.823,0.05,1.0125,-4.34,1.24,0.0,7.227,-0.00294,0.04188,-2.05,-2.05,-0.48941,0.49275,8.82,6.61,6.83,6.64
2529,42.15,7.0,50.835,0.052,1.0144,-4.17,1.14,0.13,6.469,-0.00692,0.04918,-1.37,-1.37,-0.49244,0.49179,6.93,5.16,6.91,6.88
2530,42.1667,7.0,50.848,0.055,1.0147,-4.16,0.96,0.28,6.851,-0.01194,0.05271,-0.11,-0.11,-0.4956,0.48993,6.93,5.6,6.94,7.92
2531,42.1833,7.0,50.862,0.056,1.0141,-4.38,0.91,0.41,6.383,-0.00872,0.0567,-1.35,-1.35,-0.49581,0.49336,5.96,6.75,6.77,6.05
2532,42.2,7.0,50.876,0.059,1.0151,-4.62,0.74,0.46,6.516,-0.00708,0.05143,-1.48,-1.48,-0.49692,0.49611,6.75,6.13,6.89,6.3
2533,42.2167,7.0,50.891,0.061,1.0153,-4.6,0.86,0.42,6.436,-0.01174,0.04764,0.19,0.19,-0.50094,0.49547,6.1,5.81,6.92,6.91
2534,42.2333,7.0,50.906,0.063,1.0143,-4.69,0.89,0.46,7.008,-0.01138,0.03818,0.74,0.74,-0.49998,0.49488,7.43,6.65,6.97,6.98
2535,42.25,7.0,50.921,0.064,1.0142,-4.74,0.69,0.55,7.88,-0.00672,0.02971,-0.06,-0.06,-0.49921,0.49876,8.53,8.58,6.91,7.5
2536,42.2667,7.0,50.936,0.065,1.0154,-4.7,0.6,0.61,6.663,-0.00632,0.02676,0.02,0.02,-0.49992,0.49987,6.93,5.97,7.0,6.75
2537,42.2833,7.0,50.951,0.066,1.0154,-4.66,0.63,0.69,7.024,-0.00639,0.02926,-0.13,-0.13,-0.49953,0.49941,7.05,7.0,7.03,7.02
2538,42.3,7.0,50.966,0.068,1.0129,-4.63,0.58,0.77,6.949,-0.00641,0.02811,-0.04,-0.04,-0.4992,0.49906,6.9,6.92,6.99,6.99
2539,42.3167,7.0,50.981,0.069,1.0145,-4.78,0.69,0.84,6.787,-0.00802,0.02378,0.74,0.74,-0.50021,0.49846,6.54,6.96,6.96,6.69
2540,42.3333,7.0,50.996,0.071,1.0145,-4.84,0.65,0.9,6.967,-0.00903,0.02371,1.05,1.05,-0.50063,0.49787,7.98,6.17,6.87,6.84
2541,42.35,7.0,51.012,0.072,1.0132,-4.86,0.63,0.95,7.043,-0.00909,0.02322,1.1,1.1,-0.50043,0.49761,7.77,6.61,6.91,6.88
2542,42.3667,7.0,51.027,0.073,1.0136,-4.97,0.63,1.11,7.122,-0.00655,0.02061,0.52,0.52,-0.49974,0.49946,7.15,6.94,6.96,7.44
2543,42.3833,7.0,51.042,0.074,1.0149,-4.93,0.56,1.2,6.634,-0.00492,0.01958,0.11,0.0,-0.49857,0.49993,6.97,6.0,6.95,6.62
2544,42.4,7.0,51.057,0.075,1.0145,-4.88,0.53,1.26,7.084,-0.00768,0.0159,1.19,1.19,-0.50015,0.49874,6.98,6.16,7.04,8.16
2545,42.4167,7.0,51.072,0.076,1.0126,-5.04,0.57,1.27,6.605,-0.00759,0.01278,1.38,1.38,-0.50173,0.50041,6.37,7.0,6.95,6.1
2546,42.4333,7.0,51.088,0.077,1.0119,-5.41,0.65,1.05,6.896,-0.00895,0.01029,1.96,1.96,-0.50076,0.49808,8.04,4.59,6.86,8.1
2547,42.45,7.0,51.103,0.078,1.015,-5.36,0.44,0.93,6.04,-0.00797,0.01014,1.68,1.68,-0.49934,0.49764,5.64,4.89,6.78,6.85
2548,42.4667,7.0,51.119,0.079,1.0137,-5.2,0.45,0.98,6.686,-0.00863,0.0094,1.93,1.93,-0.50003,0.49767,6.81,6.06,6.93,6.94
2549,42.4833,7.0,51.134,0.079,1.0126,-5.15,0.43,1.12,7.336,-0.00542,0.00944,0.96,0.96,-0.50086,0.50171,9.03,6.5,7.12,6.69
2550,42.5,7.0,51.149,0.08,1.0136,-4.97,0.36,1.24,6.827,-0.00608,0.00711,1.33,1.33,-0.49986,0.50006,6.82,6.86,6.95,6.67
2551,42.5167,7.0,51.164,0.082,1.0124,-4.88,0.32,1.34,6.692,-0.00607,0.00792,1.27,1.27,-0.49997,0.50017,6.95,6.96,6.97,5.9
2552,42.5333,7.0,51.179,0.084,1.0097,-4.81,0.24,1.37,7.047,-0.00564,0.00897,1.07,1.07,-0.49962,0.50025,7.6,6.96,6.95,6.69
2553,42.55,7.0,51.194,0.085,1.008,-4.7,-0.17,1.26,7.344,-0.00528,0.01166,0.77,0.77,-0.49927,0.50025,8.39,7.0,6.92,7.06
2554,42.5667,7.0,51.208,0.087,1.0053,-4.54,-0.57,1.1,6.881,-0.00584,0.01246,0.88,0.88,-0.49957,0.5,6.83,6.88,6.94,6.88
2555,42.5833,7.0,51.223,0.089,0.9999,-4.39,-1.02,0.96,6.884,-0.00613,0.01353,0.89,0.89,-0.49986,0.5,6.82,6.89,6.93,6.89
2556,42.6,7.0,51.233,0.091,0.9956,-3.63,-1.96,1.28,8.337,-0.01147,0.00568,3.04,3.04,-0.50258,0.49738,12.5,6.91,7.0,6.93
2557,42.6167,7.0,51.237,0.092,0.9978,-3.44,-1.69,1.51,4.774,-0.00928,0.00171,2.66,2.66,-0.4997,0.49669,5.17,6.7,5.93,1.31
2558,42.6333,7.0,51.242,0.093,1.0004,-3.41,-1.95,1.75,8.788,-0.00697,0.00058,2.05,2.05,-0.4995,0.4988,9.24,6.71,12.88,6.31
2559,42.65,7.0,51.247,0.095,1.004,-3.4,-2.4,1.87,12.355,-0.00529,0.00088,1.52,1.52,-0.49725,0.49824,21.99,7.03,15.15,5.26
2560,42.6667,7.0,51.253,0.097,1.0072,-3.48,-2.87,2.05,6.667,-0.00238,0.00376,0.45,0.0,-0.49621,0.5001,9.14,6.7,6.54,4.29
2561,42.6833,7.0,51.26,0.1,1.0101,-3.66,-3.46,2.28,7.164,-0.00125,0.00803,-0.19,0.0,-0.4951,0.50012,8.53,6.7,6.78,6.64
2562,42.7,7.0,51.268,0.103,1.0121,-3.89,-4.01,2.53,3.592,-0.00056,0.0128,-0.73,0.0,-0.49502,0.50074,-3.96,6.7,6.72,4.91
2563,42.7167,7.0,51.276,0.107,1.015,-4.21,-4.37,2.77,7.839,-0.00105,0.02198,-1.22,0.0,-0.49516,0.50039,10.02,6.76,6.86,7.72
2564,42.7333,7.0,51.284,0.112,1.0175,-4.52,-4.81,2.96,6.47,-0.00335,0.02544,-0.78,0.0,-0.49666,0.49958,7.04,6.72,6.8,5.31
2565,42.75,7.0,51.294,0.117,1.0194,-4.88,-5.32,3.11,6.619,-0.00443,0.025,-0.42,0.0,-0.49835,0.50019,5.66,6.64,6.78,7.39
2566,42.7667,7.0,51.304,0.122,1.0203,-5.29,-5.89,3.25,6.737,-0.00541,0.02187,0.09,0.09,-0.49919,0.50005,6.96,6.62,6.66,6.7
2567,42.7833,7.0,51.315,0.127,1.0214,-5.87,-6.34,3.35,6.382,-0.00699,0.0145,1.08,1.08,-0.49958,0.49886,5.22,6.57,6.73,7.02
2568,42.8,7.0,51.326,0.132,1.0227,-6.51,-6.75,3.39,6.513,-0.00595,0.00792,1.23,1.23,-0.50004,0.50036,7.33,6.52,6.61,5.59
2569,42.8167,7.0,51.338,0.136,1.0269,-6.95,-6.58,3.43,6.991,-0.00415,0.00327,1.02,0.0,-0.49789,0.5,8.19,6.31,6.67,6.79
2570,42.8333,7.0,51.351,0.139,1.0288,-7.33,-6.72,3.37,7.73,-0.00494,-0.00113,1.56,0.0,-0.49867,0.5,11.29,5.9,6.83,6.9
2571,42.85,7.0,51.364,0.142,1.0284,-7.59,-6.88,3.3,6.445,-0.00754,-0.00529,2.63,2.63,-0.50117,0.49991,8.41,3.52,6.93,6.93
2572,42.8667,7.0,51.377,0.145,1.0296,-7.68,-6.74,3.3,6.82,-0.00614,-0.00642,2.29,2.29,-0.49987,0.5,7.95,5.53,6.9,6.9
2573,42.8833,7.0,51.391,0.146,1.0296,-7.75,-6.61,3.33,6.789,-0.00638,-0.00664,2.38,2.38,-0.50011,0.5,6.92,6.39,6.93,6.92
2574,42.9,7.0,51.405,0.147,1.0296,-7.72,-6.73,3.27,6.686,-0.00755,-0.00642,2.71,2.71,-0.50128,0.5,7.08,5.98,6.83,6.85
2575,42.9167,7.0,51.42,0.146,1.0291,-7.72,-6.89,3.25,6.821,-0.00717,-0.00691,2.64,2.64,-0.50083,0.49993,8.29,5.55,6.72,6.72
2576,42.9333,7.0,51.434,0.146,1.0285,-7.36,-6.72,3.19,6.997,-0.00681,-0.00881,2.66,2.66,-0.50018,0.49964,8.57,5.59,6.92,6.91
2577,42.95,7.0,51.449,0.145,1.0272,-6.97,-6.65,3.14,6.769,-0.0088,-0.01172,3.46,3.46,-0.50198,0.49945,7.18,6.25,6.82,6.84
2578,42.9667,7.0,51.465,0.142,1.0262,-6.56,-6.79,3.07,6.986,-0.0072,-0.00997,2.86,2.86,-0.50039,0.49947,7.19,7.12,6.83,6.8
2579,42.9833,7.0,51.48,0.14,1.0247,-6.18,-6.8,2.79,6.467,-0.00531,-0.00791,2.15,2.15,-0.50037,0.50133,7.45,6.98,7.14,4.3
2580,43.0,7.0,51.496,0.139,1.0236,-5.9,-6.6,2.51,6.321,-0.00675,-0.00734,2.54,2.54,-0.50013,0.49965,5.48,6.06,6.79,6.94
2581,43.0167,7.0,51.511,0.137,1.0245,-5.61,-6.59,2.36,7.024,-0.00596,-0.00483,2.13,2.13,-0.49927,0.49957,7.62,6.96,6.97,6.54
2582,43.0333,7.0,51.527,0.135,1.0254,-5.52,-6.5,2.05,6.672,-0.006,-0.00304,2.01,2.01,-0.49976,0.50003,6.95,7.03,7.02,5.69
2583,43.05,7.0,51.543,0.135,1.0251,-5.48,-6.42,1.7,6.769,-0.0049,-0.00071,1.52,0.0,-0.49886,0.50023,6.9,6.9,6.8,6.47
2584,43.0667,7.0,51.559,0.134,1.0228,-5.56,-6.36,1.41,7.052,-0.00411,0.00419,0.94,0.0,-0.49805,0.50021,7.8,6.98,6.93,6.5
2585,43.0833,7.0,51.575,0.134,1.0253,-5.59,-6.54,1.25,6.784,-0.00672,0.00418,1.72,1.72,-0.49909,0.49864,6.65,7.03,7.03,6.42
2586,43.1,7.0,51.591,0.134,1.0249,-5.82,-6.57,0.97,6.648,-0.00617,0.0028,1.66,1.66,-0.4999,0.5,6.86,6.9,6.88,5.95
2587,43.1167,7.0,51.607,0.135,1.0236,-5.94,-6.54,0.7,6.913,-0.00816,0.00101,2.38,2.38,-0.5012,0.49931,6.78,8.76,6.99,5.12
2588,43.1333,7.0,51.62,0.134,1.0265,-5.26,-6.09,0.22,6.804,-0.00855,-0.00177,2.69,2.69,-0.50103,0.49875,5.78,7.83,6.83,6.77
2589,43.15,7.0,51.632,0.132,1.0297,-4.65,-5.69,-0.32,6.385,-0.00765,-0.00326,2.52,2.52,-0.49973,0.49835,6.65,6.11,6.35,6.43
2590,43.1667,7.0,51.644,0.13,1.031,-3.98,-5.36,-0.76,6.381,-0.00873,-0.00681,3.1,3.1,-0.50039,0.49793,6.73,5.71,6.53,6.56
2591,43.1833,7.0,51.657,0.128,1.0304,-3.43,-5.1,-1.08,1.511,-0.00633,-0.00828,2.48,2.48,-0.49785,0.49779,6.32,-2.35,6.34,-4.27
2592,43.2,7.0,51.67,0.125,1.0325,-3.36,-4.65,-1.14,5.842,-0.00596,-0.0065,2.24,2.24,-0.49788,0.49819,4.42,6.74,6.56,5.65
2593,43.2167,7.0,51.683,0.123,1.0349,-3.47,-4.41,-1.13,8.775,-0.00085,-0.00025,0.27,0.0,-0.49503,0.50046,11.63,8.16,7.08,8.23
2594,43.2333,7.0,51.698,0.12,1.0361,-3.48,-4.15,-1.18,7.64,0.00317,0.01143,-1.75,0.0,-0.49085,0.50029,4.72,13.1,6.82,5.93
2595,43.25,7.0,51.708,0.12,1.0405,-2.99,-4.12,-0.63,6.724,-0.00685,0.01181,1.23,1.23,-0.50063,0.50005,7.82,6.95,6.98,5.15
2596,43.2667,7.0,51.716,0.119,1.0468,-2.35,-4.39,-0.11,7.063,-0.00575,0.01235,0.86,0.86,-0.5,0.50052,6.95,6.73,6.47,8.11
2597,43.2833,7.0,51.725,0.118,1.0526,-1.79,-4.72,0.18,6.842,-0.00636,0.0133,0.98,0.98,-0.49978,0.49969,6.49,6.96,6.67,7.24
2598,43.3,7.0,51.734,0.118,1.0576,-1.34,-5.1,0.47,6.549,-0.00597,0.01208,0.95,0.95,-0.49922,0.49952,6.61,7.0,6.82,5.77
2599,43.3167,7.0,51.744,0.118,1.0615,-1.02,-5.54,0.78,6.641,-0.00516,0.01145,0.75,0.75,-0.49891,0.50002,6.2,6.92,6.83,6.62
2600,43.3333,7.0,51.754,0.118,1.0647,-0.81,-6.03,0.97,6.408,-0.0031,0.00776,0.39,0.0,-0.49741,0.50058,5.15,6.82,7.65,6.01
2601,43.35,7.0,51.764,0.119,1.069,-0.75,-6.39,1.02,6.834,-0.00357,-0.0001,1.08,0.0,-0.49657,0.49928,6.86,6.91,6.9,6.66
2602,43.3667,7.0,51.774,0.12,1.0718,-0.78,-6.74,1.03,7.075,-0.0024,0.00449,0.41,0.0,-0.49657,0.50044,6.93,6.95,6.96,7.46
2603,43.3833,7.0,51.785,0.122,1.0742,-0.78,-7.09,1.03,6.451,-0.00235,0.00745,0.18,0.0,-0.49534,0.49926,6.66,6.99,7.03,5.13
2604,43.4,7.0,51.797,0.124,1.0752,-0.9,-7.54,1.07,6.812,-0.00158,0.01148,-0.33,0.0,-0.49535,0.50004,6.44,6.88,6.93,7.0
2605,43.4167,7.0,51.809,0.126,1.0772,-1.18,-7.81,1.09,6.527,-0.00213,0.01404,-0.34,0.0,-0.49538,0.49952,5.91,6.88,6.92,6.4
2606,43.4333,7.0,51.822,0.129,1.0787,-1.53,-8.07,1.02,6.756,-0.00115,0.01648,-0.81,0.0,-0.49509,0.50021,7.27,6.91,6.94,5.9
2607,43.45,7.0,51.835,0.132,1.0792,-1.91,-8.38,0.9,6.683,-0.00229,0.01533,-0.39,0.0,-0.4962,0.50018,6.86,6.87,6.92,6.09
2608,43.4667,7.0,51.849,0.135,1.0782,-2.36,-8.7,0.77,6.736,-0.00451,0.01252,0.48,0.0,-0.49831,0.50007,6.74,6.78,6.82,6.6
2609,43.4833,7.0,51.863,0.139,1.0776,-2.97,-8.87,0.63,6.428,-0.00636,0.00695,1.42,1.42,-0.4994,0.49931,5.99,6.75,6.7,6.27
2610,43.5,7.0,51.877,0.142,1.0773,-3.54,-9.06,0.48,6.76,-0.00746,0.00086,2.18,2.18,-0.5007,0.49951,6.51,6.83,6.56,7.13
2611,43.5167,7.0,51.891,0.146,1.0775,-3.99,-9.42,0.34,6.592,-0.00701,-0.00483,2.44,2.44,-0.50067,0.49993,7.3,6.69,6.64,5.74
2612,43.5333,7.0,51.905,0.149,1.0782,-4.41,-9.51,0.23,6.539,-0.00801,-0.0103,3.12,3.12,-0.50175,0.50001,6.46,6.36,6.62,6.72
2613,43.55,7.0,51.919,0.149,1.0792,-4.87,-9.46,0.13,6.804,-0.00627,-0.01432,2.88,2.88,-0.5,0.5,7.3,6.39,6.73,6.8
2614,43.5667,7.0,51.933,0.15,1.079,-5.04,-9.61,0.04,6.255,-0.00631,-0.01673,3.06,3.06,-0.49991,0.49988,6.99,4.51,6.76,6.77
2615,43.5833,7.0,51.947,0.15,1.0797,-4.91,-9.56,-0.02,6.939,-0.00752,-0.01781,3.5,3.5,-0.50124,0.5,8.13,6.02,6.79,6.82
2616,43.6,7.0,51.962,0.148,1.0799,-4.87,-9.48,-0.11,7.367,-0.00667,-0.016,3.12,3.12,-0.5004,0.5,9.03,6.8,6.81,6.83
2617,43.6167,7.0,51.977,0.146,1.0784,-4.77,-9.39,-0.15,6.039,-0.00685,-0.01345,3.0,3.0,-0.50057,0.5,4.04,6.23,6.93,6.95
2618,43.6333,7.0,51.992,0.144,1.077,-4.34,-9.61,-0.26,6.02,-0.00655,-0.01136,2.76,2.76,-0.50137,0.50109,5.49,6.79,6.79,5.01
2619,43.65,7.0,52.007,0.14,1.0769,-3.97,-9.53,-0.35,6.755,-0.00671,-0.00866,2.62,2.62,-0.50044,0.5,7.09,6.24,6.82,6.88
2620,43.6667,7.0,52.022,0.137,1.0775,-3.63,-9.23,-0.59,7.335,-0.00682,-0.00819,2.62,2.62,-0.49976,0.49921,10.24,6.96,6.92,5.21
2621,43.6833,7.0,52.038,0.135,1.0778,-3.36,-9.01,-0.78,7.0,-0.00774,-0.00869,2.93,2.93,-0.50062,0.49915,6.47,6.81,6.9,7.82
2622,43.7,7.0,52.054,0.132,1.078,-3.18,-9.05,-0.91,6.87,-0.00636,-0.00646,2.36,2.36,-0.5002,0.50012,6.75,6.83,6.9,7.0
2623,43.7167,7.0,52.07,0.13,1.0773,-3.07,-9.0,-1.12,6.913,-0.00737,-0.0064,2.66,2.66,-0.50053,0.49942,6.49,7.05,6.87,7.24
2624,43.7333,7.0,52.085,0.129,1.0783,-2.61,-8.46,-1.35,5.946,-0.00883,-0.00767,3.18,3.18,-0.50065,0.4981,3.81,6.19,6.92,6.87
2625,43.75,7.0,52.098,0.127,1.0812,-1.62,-7.87,-1.78,6.548,-0.00885,-0.00911,3.29,3.29,-0.50067,0.49809,6.67,6.9,6.15,6.47
2626,43.7667,7.0,52.11,0.124,1.0833,-0.78,-7.38,-2.14,6.184,-0.00839,-0.00974,3.2,3.2,-0.50021,0.49809,6.8,5.09,6.37,6.48
2627,43.7833,7.0,52.123,0.121,1.0841,-0.11,-6.88,-2.36,3.257,-0.0099,-0.01174,3.79,3.79,-0.49829,0.49466,6.8,7.46,6.52,-7.75
2628,43.8,7.0,52.136,0.117,1.0881,-0.13,-6.31,-2.27,6.49,-0.00388,-0.00636,1.61,0.79,-0.49463,0.49702,2.71,6.55,10.98,5.73
2629,43.8167,7.0,52.149,0.113,1.0926,-0.24,-6.0,-2.16,6.692,0.00193,0.00294,-0.79,0.0,-0.49188,0.50008,7.17,6.86,6.85,5.89
2630,43.8333,7.0,52.162,0.109,1.096,-0.34,-5.69,-2.1,7.215,0.00247,0.0127,-1.63,0.0,-0.4917,0.50044,7.01,7.01,7.07,7.76
2631,43.85,7.0,52.176,0.107,1.0981,-0.44,-5.35,-2.1,6.434,0.0027,0.02304,-2.42,0.0,-0.4914,0.50038,7.01,7.02,6.96,4.75
2632,43.8667,7.0,52.191,0.105,1.1002,-0.48,-5.07,-2.11,-1.719,0.00034,0.02972,-2.18,0.0,-0.49339,0.5,-26.27,7.77,6.57,5.05
2633,43.8833,7.0,52.196,0.104,1.1059,0.41,-5.08,-1.2,6.523,-0.00639,0.02821,-0.06,-0.06,-0.50032,0.5002,6.33,6.61,6.55,6.6
2634,43.9,7.0,52.202,0.102,1.1111,1.1,-5.25,-0.8,5.668,-0.00618,0.02865,-0.15,-0.15,-0.49999,0.50009,6.18,6.7,6.39,3.4
2635,43.9167,7.0,52.208,0.101,1.1151,1.58,-5.38,-0.49,6.106,-0.00511,0.02395,-0.14,-0.14,-0.49942,0.50058,6.56,6.9,6.57,4.39
2636,43.9333,7.0,52.213,0.1,1.1209,2.03,-5.76,-0.4,5.209,-0.00421,0.01475,0.23,0.0,-0.49515,0.4972,4.56,6.95,4.52,4.81
2637,43.95,7.0,52.218,0.098,1.1269,2.24,-6.34,-0.52,8.468,0.00682,0.01746,-3.27,-3.0,-0.48202,0.49512,13.1,5.61,9.72,5.44
2638,43.9667,7.0,52.224,0.098,1.1312,2.27,-6.96,-0.42,8.473,0.01667,0.02973,-7.08,-6.0,-0.4772,0.50014,15.52,7.04,6.56,4.78
2639,43.9833,7.0,52.231,0.098,1.136,2.42,-7.57,-0.45,9.507,0.02075,0.04717,-9.53,-9.0,-0.47242,0.49944,4.12,5.98,20.84,7.09
2640,44.0,7.0,52.238,0.099,1.1387,2.29,-8.13,-0.42,6.351,0.02193,0.07064,-11.52,-11.52,-0.472,0.50021,6.66,6.3,6.39,6.06
2641,44.0167,7.0,52.247,0.1,1.1414,2.17,-8.69,-0.42,10.451,0.0266,0.09587,-14.69,-14.52,-0.46878,0.50165,18.9,6.45,7.82,8.64
2642,44.0333,7.0,52.255,0.102,1.1442,2.07,-8.95,-0.44,6.342,0.02065,0.11086,-13.96,-13.96,-0.46955,0.49647,7.75,6.39,6.58,4.65
2643,44.05,7.0,52.264,0.103,1.1471,1.83,-9.41,-0.32,7.135,0.02567,0.12829,-16.68,-16.68,-0.46878,0.50071,10.91,6.24,6.31,5.08
2644,44.0667,7.0,52.275,0.106,1.1493,1.7,-9.82,-0.33,6.857,0.02464,0.13122,-16.58,-16.58,-0.4684,0.49931,9.59,6.17,6.32,5.35
2645,44.0833,7.0,52.286,0.109,1.1503,1.46,-10.31,-0.28,6.423,0.025,0.12404,-16.18,-16.18,-0.4688,0.50007,6.32,6.1,6.23,7.05
2646,44.1,7.0,52.297,0.112,1.1519,1.08,-10.67,-0.26,6.873,0.02234,0.11079,-14.46,-14.46,-0.47008,0.49869,8.46,6.15,6.24,6.64
2647,44.1167,7.0,52.309,0.115,1.1534,0.62,-10.96,-0.32,6.77,0.02345,0.09905,-13.97,-13.97,-0.47,0.49972,8.73,6.18,6.36,5.81
2648,44.1333,7.0,52.322,0.118,1.1543,0.19,-11.31,-0.41,6.346,0.02233,0.08277,-12.49,-12.49,-0.47127,0.49987,6.6,6.19,6.4,6.19
2649,44.15,7.0,52.335,0.122,1.1538,-0.3,-11.69,-0.52,6.5,0.02047,0.07266,-11.23,-11.23,-0.47312,0.49986,6.17,6.24,6.47,7.13
2650,44.1667,7.0,52.349,0.125,1.1534,-0.93,-11.97,-0.67,6.742,0.01813,0.05618,-9.37,-9.37,-0.47486,0.49926,7.6,6.23,6.47,6.66
2651,44.1833,7.0,52.363,0.129,1.1531,-1.53,-12.11,-0.83,6.566,0.01346,0.03794,-6.69,-6.69,-0.47953,0.49926,6.51,5.48,6.44,7.84
2652,44.2,7.0,52.377,0.132,1.1527,-1.72,-12.19,-0.93,6.97,0.00201,0.00974,-1.28,-3.69,-0.49099,0.49926,6.99,5.97,6.73,8.18
2653,44.2167,7.0,52.391,0.135,1.1514,-1.92,-12.29,-0.93,7.124,-0.00854,-0.02319,4.19,-0.69,-0.50122,0.49895,9.47,5.46,6.78,6.79
2654,44.2333,7.0,52.406,0.136,1.151,-2.17,-12.37,-0.99,6.877,-0.00174,-0.04632,3.76,2.31,-0.49737,0.5019,8.71,7.07,6.67,5.06
2655,44.25,7.0,52.421,0.137,1.1533,-2.38,-12.1,-1.1,6.805,-0.0066,-0.07051,6.92,5.31,-0.50008,0.49975,7.27,6.68,6.49,6.78
2656,44.2667,7.0,52.436,0.137,1.1545,-2.6,-12.22,-1.06,6.549,-0.00658,-0.08987,8.26,8.26,-0.50029,0.49999,6.26,6.41,6.75,6.78
2657,44.2833,7.0,52.451,0.136,1.154,-2.78,-12.36,-0.97,5.865,-0.00688,-0.10481,9.4,9.4,-0.50061,0.5,7.67,2.87,6.5,6.42
2658,44.3,7.0,52.466,0.135,1.1535,-2.59,-12.15,-0.93,6.602,-0.00694,-0.11321,10.01,10.01,-0.50067,0.5,7.9,5.36,6.58,6.56
2659,44.3167,7.0,52.482,0.133,1.1534,-2.33,-12.15,-0.93,6.544,-0.00759,-0.1095,9.94,9.94,-0.50132,0.5,6.88,6.19,6.56,6.54
2660,44.3333,7.0,52.497,0.13,1.1527,-2.11,-12.24,-0.88,6.776,-0.00628,-0.09404,8.47,8.47,-0.50001,0.5,7.28,6.66,6.59,6.57
2661,44.35,7.0,52.512,0.126,1.1503,-1.72,-12.29,-0.88,6.097,-0.00795,-0.08914,8.62,8.62,-0.50163,0.49995,6.52,4.3,6.79,6.78
2662,44.3667,7.0,52.528,0.124,1.1512,-1.29,-11.72,-1.08,6.075,-0.01036,-0.08231,8.87,8.87,-0.50154,0.49745,6.71,6.3,6.32,4.97
2663,44.3833,7.0,52.543,0.121,1.1522,-0.93,-11.72,-1.19,6.397,-0.00515,-0.07097,6.51,6.51,-0.49917,0.50029,6.58,6.49,6.66,5.86
2664,44.4,7.0,52.558,0.119,1.1525,-0.04,-11.28,-1.29,6.574,-0.00919,-0.06483,7.3,7.3,-0.50197,0.49904,7.32,5.74,6.6,6.63
2665,44.4167,7.0,52.57,0.116,1.1533,1.14,-10.51,-1.36,6.135,-0.00819,-0.05834,6.54,6.54,-0.49984,0.49792,7.12,4.86,5.99,6.56
2666,44.4333,7.0,52.582,0.112,1.1551,1.98,-9.8,-1.57,4.486,-0.01095,-0.05479,7.12,7.12,-0.50044,0.49576,3.32,5.56,6.01,3.05
2667,44.45,7.0,52.592,0.107,1.1609,2.22,-9.25,-1.85,5.739,-0.00439,-0.04628,4.56,4.56,-0.49189,0.49377,6.3,6.25,6.19,4.21
2668,44.4667,7.0,52.602,0.102,1.1655,2.12,-8.82,-1.93,9.5,-0.00127,-0.03385,2.75,2.75,-0.48949,0.49449,13.75,6.71,6.76,10.78
2669,44.4833,7.0,52.612,0.096,1.168,1.93,-8.37,-2.07,7.982,0.00752,-0.0114,-1.46,-0.25,-0.48513,0.49892,12.8,4.57,6.73,7.82
2670,44.5,7.0,52.622,0.092,1.1718,2.05,-8.05,-2.17,4.4,0.01489,0.01058,-5.21,-3.25,-0.47894,0.50009,0.4,6.51,6.79,3.89
2671,44.5167,7.0,52.633,0.088,1.1762,2.01,-7.77,-2.19,6.55,0.01843,0.03772,-8.17,-6.25,-0.47574,0.50043,7.4,6.63,6.95,5.22
2672,44.5333,7.0,52.644,0.085,1.1792,1.86,-7.46,-2.25,8.903,0.01856,0.06071,-9.82,-9.25,-0.47606,0.50089,6.81,6.77,6.85,15.19
2673,44.55,7.0,52.656,0.082,1.1808,1.7,-7.15,-2.36,4.012,0.0199,0.08516,-11.93,-11.93,-0.47436,0.50053,0.19,5.5,6.56,3.8
2674,44.5667,7.0,52.669,0.08,1.1842,1.61,-6.97,-2.39,5.73,0.02049,0.10053,-13.18,-13.18,-0.47336,0.50012,5.07,6.18,6.41,5.26
2675,44.5833,7.0,52.682,0.079,1.1866,1.4,-6.84,-2.41,6.351,0.01975,0.11009,-13.63,-13.63,-0.47293,0.49895,6.24,6.4,6.45,6.31
2676,44.6,7.0,52.697,0.078,1.1877,1.12,-6.75,-2.44,5.907,0.02186,0.11163,-14.37,-14.37,-0.47172,0.49985,6.38,5.33,6.45,5.47
2677,44.6167,7.0,52.708,0.077,1.1924,1.51,-6.97,-1.9,6.457,0.01232,0.09559,-10.39,-11.37,-0.48174,0.50033,7.08,6.22,6.47,6.06
2678,44.6333,7.0,52.718,0.077,1.1979,1.9,-7.26,-1.49,6.36,0.00745,0.07283,-7.33,-8.37,-0.4854,0.49913,6.59,6.56,6.29,6.01
2679,44.65,7.0,52.728,0.077,1.2024,2.21,-7.61,-1.22,5.707,0.00776,0.05298,-6.04,-6.04,-0.48606,0.50009,4.17,6.64,6.44,5.58
2680,44.6667,7.0,52.739,0.077,1.2063,2.56,-7.97,-1.0,7.975,0.00537,0.03168,-3.83,-3.83,-0.48726,0.49891,13.11,6.7,6.6,5.5
2681,44.6833,7.0,52.75,0.077,1.2088,2.82,-8.39,-0.78,6.588,0.00572,0.01268,-2.6,-2.6,-0.48781,0.4998,6.11,6.77,6.74,6.73
2682,44.7,7.0,52.762,0.078,1.2119,2.92,-8.67,-0.6,11.695,0.00392,-0.00512,-0.82,0.0,-0.48891,0.49911,24.97,6.77,6.74,8.31
2683,44.7167,7.0,52.773,0.078,1.2146,2.98,-8.92,-0.48,7.228,0.00378,-0.0231,0.48,0.0,-0.48933,0.49938,7.89,7.03,7.01,6.99
2684,44.7333,7.0,52.786,0.08,1.2165,3.05,-9.19,-0.49,7.635,0.00313,-0.02978,1.15,0.0,-0.49099,0.5004,10.33,6.88,6.97,6.36
2685,44.75,7.0,52.798,0.081,1.2173,2.92,-9.57,-0.43,6.919,0.00324,-0.03054,1.17,1.17,-0.49053,0.50004,6.97,6.98,6.91,6.82
2686,44.7667,7.0,52.811,0.082,1.2187,2.73,-9.76,-0.44,6.795,0.00044,-0.03441,2.28,2.28,-0.49092,0.49763,5.8,7.06,7.07,7.25
2687,44.7833,7.0,52.824,0.083,1.2198,2.41,-9.96,-0.5,6.933,0.0042,-0.03149,0.95,0.95,-0.48986,0.50033,7.92,6.89,6.89,6.03
2688,44.8,7.0,52.838,0.086,1.2198,2.14,-10.1,-0.66,6.546,0.00403,-0.02944,0.85,0.0,-0.4897,0.5,6.86,6.9,6.92,5.5
2689,44.8167,7.0,52.852,0.088,1.2187,1.82,-10.31,-0.8,7.304,0.0008,-0.02912,1.8,0.0,-0.49289,0.49996,7.0,7.02,6.87,8.32
2690,44.8333,7.0,52.866,0.09,1.2196,1.43,-10.53,-0.92,6.973,-0.00261,-0.0322,3.04,3.0,-0.49532,0.49897,6.85,6.9,6.87,7.26
2691,44.85,7.0,52.881,0.092,1.2199,0.99,-10.7,-1.07,6.52,-0.00099,-0.03258,2.58,2.58,-0.4949,0.50018,6.73,6.82,6.77,5.75
2692,44.8667,7.0,52.895,0.095,1.2187,0.57,-10.82,-1.24,6.488,-0.00049,-0.03251,2.42,2.42,-0.49461,0.50039,6.84,6.84,6.77,5.5
2693,44.8833,7.0,52.91,0.098,1.2178,0.23,-11.14,-1.3,6.865,-0.00546,-0.03467,4.06,4.06,-0.49916,0.49997,6.56,6.82,6.71,7.37
2694,44.9,7.0,52.924,0.099,1.219,0.04,-11.15,-1.35,6.607,-0.00796,-0.04301,5.4,5.4,-0.50104,0.49935,5.99,6.94,6.8,6.7
2695,44.9167,7.0,52.939,0.098,1.2201,-0.23,-11.13,-1.39,6.513,-0.00673,-0.04891,5.44,5.44,-0.5001,0.49964,6.75,5.76,6.76,6.78
2696,44.9333,7.0,52.954,0.097,1.2191,-0.35,-11.15,-1.45,6.239,-0.00667,-0.05072,5.55,5.55,-0.50019,0.49979,4.04,7.46,6.73,6.72
2697,44.95,7.0,52.968,0.095,1.2193,-0.08,-11.16,-1.44,6.539,-0.00721,-0.04937,5.62,5.62,-0.50078,0.49983,6.14,6.53,6.75,6.74
2698,44.9667,7.0,52.982,0.092,1.2193,0.16,-11.13,-1.61,8.184,-0.00234,-0.04482,3.84,3.84,-0.49867,0.50261,8.22,13.72,6.56,4.24
2699,44.9833,7.0,52.998,0.09,1.2188,0.42,-10.9,-1.95,6.248,-0.00428,-0.04335,4.32,4.32,-0.49708,0.49907,4.83,6.62,6.8,6.74
2700,45.0,7.0,53.014,0.088,1.2181,0.6,-10.92,-2.1,6.799,-0.0057,-0.0384,4.4,4.4,-0.49939,0.49996,6.99,6.81,6.87,6.54
2701,45.0167,7.0,53.03,0.086,1.2185,0.59,-10.87,-2.27,6.977,-0.00632,-0.0321,4.14,4.14,-0.50002,0.49998,7.46,6.74,6.9,6.8
2702,45.0333,7.0,53.044,0.085,1.2189,0.9,-10.46,-2.47,6.999,-0.00738,-0.02892,4.24,4.24,-0.49977,0.49866,4.44,9.49,7.03,7.04
2703,45.05,7.0,53.053,0.082,1.2209,1.94,-9.53,-2.83,4.915,-0.00786,-0.02668,4.23,4.23,-0.50041,0.49882,2.26,4.78,5.99,6.63
2704,45.0667,7.0,53.06,0.078,1.2225,3.01,-8.79,-3.42,6.322,-0.00659,-0.02284,3.58,3.58,-0.49887,0.49855,7.63,5.56,5.94,6.15
2705,45.0833,7.0,53.068,0.075,1.2241,4.09,-8.35,-3.83,4.029,-0.00624,-0.02411,3.56,3.56,-0.4992,0.49924,6.67,2.56,0.81,6.08
2706,45.1,7.0,53.074,0.071,1.2279,4.78,-8.2,-4.16,6.654,-0.00517,-0.02213,3.1,3.1,-0.49733,0.49843,6.77,6.53,6.63,6.68
2707,45.1167,7.0,53.08,0.067,1.2302,5.71,-8.1,-4.44,3.665,-0.00514,-0.0189,2.86,2.86,-0.49754,0.49867,6.22,-1.37,2.74,7.07
2708,45.1333,7.0,53.086,0.064,1.2336,6.73,-8.24,-4.54,-1.5,-0.00623,-0.01654,3.03,3.03,-0.49673,0.49677,6.35,1.49,7.46,-21.31
2709,45.15,7.0,53.092,0.058,1.2374,6.54,-7.82,-4.39,6.279,-0.00065,-0.00763,0.73,0.03,-0.49429,0.49991,6.86,6.84,7.0,4.41
2710,45.1667,7.0,53.098,0.053,1.2397,6.27,-7.38,-4.29,5.571,0.00182,0.00324,-0.77,0.0,-0.49209,0.50018,6.85,-0.49,6.85,9.07
2711,45.1833,7.0,53.104,0.048,1.2411,6.2,-6.93,-4.27,20.594,0.01106,0.02101,-4.79,-3.0,-0.48801,0.50535,5.88,47.25,27.96,1.29
2712,45.2,7.0,53.11,0.047,1.2438,6.15,-6.52,-3.89,5.396,0.00582,0.03088,-3.91,-3.91,-0.48887,0.50096,6.59,6.81,3.61,4.58
2713,45.2167,7.0,53.115,0.047,1.2471,5.81,-6.31,-3.52,11.388,0.00447,0.0371,-3.94,-3.94,-0.48828,0.49902,6.64,6.87,14.5,17.55
2714,45.2333,7.0,53.12,0.047,1.2474,5.55,-6.19,-3.26,6.799,0.0043,0.04236,-4.26,-4.26,-0.4884,0.49897,6.68,6.87,6.85,6.8
2715,45.25,7.0,53.125,0.046,1.2459,5.05,-5.97,-3.01,3.147,0.00617,0.05003,-5.35,-5.35,-0.48648,0.49893,6.68,4.1,6.69,-4.88
2716,45.2667,7.0,53.131,0.046,1.2471,4.58,-5.55,-2.65,8.084,0.00905,0.05401,-6.49,-6.49,-0.48328,0.4986,6.51,14.1,7.69,4.04
2717,45.2833,7.0,53.139,0.047,1.2489,4.15,-5.3,-2.34,11.401,0.01185,0.05784,-7.6,-7.6,-0.48038,0.49849,6.19,17.6,16.68,5.13
2718,45.3,7.0,53.146,0.047,1.2505,3.94,-5.05,-2.2,4.722,0.01866,0.05871,-9.71,-9.71,-0.47436,0.49929,6.38,2.77,6.18,3.56
2719,45.3167,7.0,53.155,0.048,1.2516,3.74,-4.72,-2.06,11.327,0.01858,0.06479,-10.11,-10.11,-0.47335,0.4982,6.66,28.0,6.62,4.04
2720,45.3333,7.0,53.164,0.049,1.2532,3.56,-4.4,-1.91,3.996,0.02448,0.0776,-12.78,-12.78,-0.4664,0.49715,2.89,3.7,5.13,4.27
2721,45.35,7.0,53.175,0.049,1.2562,3.44,-4.21,-1.89,8.655,0.02306,0.08758,-13.05,-13.05,-0.46428,0.49361,7.35,2.79,22.85,1.62
2722,45.3667,7.0,53.187,0.05,1.2584,3.26,-3.98,-1.99,8.145,0.02049,0.09179,-12.57,-12.57,-0.46264,0.48939,6.66,12.42,6.7,6.8
2723,45.3833,7.0,53.2,0.05,1.2595,3.09,-3.76,-2.09,6.259,0.01846,0.09045,-11.87,-11.87,-0.46121,0.48594,6.35,5.47,6.52,6.7
2724,45.4,7.0,53.214,0.05,1.26,3.0,-3.59,-2.14,7.326,0.01952,0.08749,-11.98,-11.98,-0.46089,0.48668,5.83,5.96,16.9,0.62
2725,45.4167,7.0,53.229,0.05,1.2604,2.79,-3.51,-2.12,5.097,0.02209,0.08053,-12.27,-12.27,-0.45937,0.48773,6.52,6.17,3.37,4.32
2726,45.4333,7.0,53.245,0.05,1.261,2.81,-3.36,-2.09,6.596,0.01815,0.07042,-10.37,-10.37,-0.46319,0.4876,6.24,5.67,7.78,6.69
2727,45.45,7.0,53.259,0.05,1.2636,3.22,-3.56,-1.62,6.734,0.01046,0.04755,-6.47,-7.37,-0.47071,0.48744,6.69,6.49,6.62,7.13
2728,45.4667,7.0,53.273,0.05,1.2654,3.62,-3.93,-1.31,6.703,0.00804,0.0264,-4.26,-4.37,-0.47547,0.48978,6.62,6.69,6.55,6.95
2729,45.4833,7.0,53.285,0.049,1.268,3.81,-4.13,-1.08,6.315,0.01545,0.01805,-5.9,-5.9,-0.47624,0.49796,5.42,6.79,6.55,6.51
2730,45.5,7.0,53.299,0.049,1.2701,3.96,-4.33,-0.92,6.818,0.01703,0.01441,-6.12,-6.12,-0.47649,0.49979,7.15,6.72,6.82,6.58
2731,45.5167,7.0,53.312,0.049,1.2711,4.14,-4.5,-0.9,5.939,0.01639,0.00946,-5.58,-5.58,-0.47725,0.49991,4.37,6.7,6.61,6.07
2732,45.5333,7.0,53.326,0.049,1.2712,4.18,-4.7,-0.88,5.547,0.01739,0.00348,-5.46,-5.46,-0.47765,0.5013,3.38,6.54,6.86,5.4
2733,45.55,7.0,53.34,0.049,1.2726,4.11,-4.66,-0.89,6.611,0.01627,0.00113,-4.96,-4.96,-0.47758,0.50012,6.72,6.7,6.76,6.26
2734,45.5667,7.0,53.355,0.05,1.2726,3.97,-4.65,-0.93,6.979,0.01601,0.00671,-5.27,-5.27,-0.47761,0.49989,8.32,6.81,6.84,5.96
2735,45.5833,7.0,53.369,0.05,1.2734,3.94,-4.88,-0.93,6.831,0.01319,0.01119,-4.74,-4.74,-0.48086,0.50032,6.91,6.8,6.88,6.74
2736,45.6,7.0,53.384,0.051,1.2726,3.82,-4.98,-1.04,6.13,0.01615,0.01057,-5.59,-5.59,-0.4793,0.50172,5.95,6.65,6.71,5.21
2737,45.6167,7.0,53.399,0.052,1.2732,3.64,-4.93,-1.14,6.707,0.01343,0.0056,-4.42,-4.42,-0.48031,0.50002,6.78,6.74,6.85,6.47
2738,45.6333,7.0,53.414,0.053,1.2722,3.36,-4.92,-1.26,7.332,0.01297,0.00141,-3.99,-3.99,-0.48099,0.50023,7.74,6.83,6.91,7.86
2739,45.65,7.0,53.43,0.054,1.2695,2.96,-4.93,-1.39,6.788,0.0127,-0.00358,-3.56,-3.56,-0.48096,0.49993,6.83,6.85,6.9,6.57
2740,45.6667,7.0,53.445,0.056,1.2668,2.88,-4.62,-1.47,5.526,0.00427,-0.0155,-0.2,-0.56,-0.48961,0.50015,4.55,5.85,6.88,4.82
2741,45.6833,7.0,53.462,0.056,1.2647,2.67,-4.24,-1.63,6.908,0.00148,-0.02858,1.56,0.0,-0.49233,0.50009,7.69,6.59,6.94,6.41
2742,45.7,7.0,53.479,0.057,1.2636,2.45,-4.2,-1.71,7.298,-0.0009,-0.03964,3.05,3.0,-0.49494,0.50031,6.91,6.96,7.94,7.38
2743,45.7167,7.0,53.496,0.059,1.2634,2.47,-4.13,-1.66,6.753,-0.00685,-0.05854,6.15,6.0,-0.50027,0.49969,7.1,6.53,6.5,6.88
2744,45.7333,7.0,53.512,0.06,1.2635,2.2,-3.89,-1.72,6.978,-0.00443,-0.06989,6.22,6.22,-0.49936,0.50119,7.45,6.79,6.89,6.78
2745,45.75,7.0,53.528,0.06,1.2641,1.9,-3.91,-1.88,6.703,-0.00566,-0.08066,7.34,7.34,-0.49939,0.5,6.7,6.74,6.68,6.68
2746,45.7667,7.0,53.544,0.061,1.263,1.83,-3.9,-1.95,6.524,-0.00494,-0.08912,7.72,7.72,-0.50131,0.50264,6.68,6.55,6.26,6.6
2747,45.7833,7.0,53.56,0.061,1.2632,1.77,-3.67,-1.84,5.862,-0.0058,-0.08878,7.95,7.95,-0.49972,0.5002,6.24,5.37,5.3,6.54
2748,45.8,7.0,53.576,0.061,1.2642,1.67,-3.7,-1.88,6.992,-0.00778,-0.08765,8.47,8.47,-0.49963,0.49813,6.63,6.98,7.65,6.7
2749,45.8167,7.0,53.591,0.06,1.2638,1.62,-3.8,-1.93,6.522,-0.00654,-0.08292,7.77,7.77,-0.5002,0.49994,6.6,6.72,6.08,6.68
2750,45.8333,7.0,53.601,0.06,1.2696,1.78,-3.2,-1.64,4.668,-0.01048,-0.0767,8.51,8.51,-0.4963,0.4921,3.82,4.69,3.3,6.86
2751,45.85,7.0,53.612,0.06,1.2744,2.12,-2.72,-1.77,4.918,-0.00999,-0.07322,8.12,8.12,-0.49354,0.48982,5.17,5.69,1.99,6.83
2752,45.8667,7.0,53.622,0.06,1.2786,2.63,-2.27,-2.1,9.294,-0.00768,-0.06652,6.96,6.96,-0.49135,0.48994,8.16,6.38,15.72,6.91
2753,45.8833,7.0,53.632,0.06,1.2834,3.16,-2.11,-2.39,5.71,-0.00903,-0.06275,7.1,7.1,-0.49025,0.48749,6.67,5.99,3.59,6.58
2754,45.9,7.0,53.643,0.06,1.2873,3.75,-2.04,-2.63,7.236,-0.01143,-0.06101,7.7,7.7,-0.49245,0.48729,6.57,6.28,9.35,6.74
2755,45.9167,7.0,53.653,0.059,1.2895,4.36,-2.0,-2.82,10.661,-0.01352,-0.05959,8.23,8.23,-0.49478,0.48754,7.03,22.27,6.66,6.69
2756,45.9333,7.0,53.664,0.059,1.2899,4.85,-1.97,-2.95,3.555,-0.01795,-0.06418,9.88,9.88,-0.49443,0.48276,6.07,0.1,4.96,3.09
2757,45.95,7.0,53.676,0.056,1.2942,4.85,-1.72,-2.71,6.821,-0.0155,-0.06165,8.97,8.97,-0.48987,0.48063,6.49,6.27,5.73,8.79
2758,45.9667,7.0,53.688,0.054,1.2963,4.66,-1.52,-2.42,5.691,-0.009,-0.05323,6.43,6.43,-0.48714,0.48441,6.65,4.84,6.71,4.57
2759,45.9833,7.0,53.7,0.052,1.2973,4.54,-1.26,-2.19,6.045,-0.00169,-0.04067,3.35,3.43,-0.48239,0.48697,6.78,6.42,6.82,4.16
2760,46.0,7.0,53.714,0.05,1.2974,4.47,-0.96,-2.01,4.728,0.00339,-0.02301,0.59,0.43,-0.47945,0.48911,7.03,4.09,2.71,5.07
2761,46.0167,7.0,53.729,0.049,1.2977,4.33,-0.86,-1.89,7.641,0.01519,0.00714,-5.06,-2.57,-0.47168,0.49314,6.91,9.31,8.15,6.2
2762,46.0333,7.0,53.745,0.048,1.2983,4.43,-0.72,-1.8,6.184,0.01699,0.03766,-7.73,-5.57,-0.47216,0.49541,6.99,6.03,6.72,5.0
2763,46.05,7.0,53.762,0.046,1.2974,4.56,-0.61,-1.74,6.638,0.0166,0.06867,-9.79,-8.57,-0.47329,0.49616,7.06,6.84,5.97,6.68
2764,46.0667,7.0,53.778,0.045,1.2976,4.64,-0.79,-1.81,6.719,0.02074,0.09771,-13.06,-11.57,-0.4732,0.50021,6.5,6.88,6.95,6.53
2765,46.0833,7.0,53.793,0.044,1.2976,4.52,-0.79,-1.79,6.474,0.02092,0.11675,-14.45,-14.45,-0.47369,0.50088,6.14,6.76,7.35,5.65
2766,46.1,7.0,53.809,0.044,1.2978,4.56,-0.72,-1.69,6.742,0.01555,0.12047,-13.1,-13.1,-0.47639,0.4982,6.27,7.79,5.69,7.21
2767,46.1167,7.0,53.825,0.043,1.2972,4.6,-0.74,-1.63,6.909,0.01512,0.11808,-12.8,-12.8,-0.47925,0.50064,6.48,7.31,7.52,6.33
2768,46.1333,7.0,53.84,0.043,1.2972,4.5,-0.82,-1.63,6.391,0.01554,0.10426,-11.96,-11.96,-0.47872,0.50053,6.41,6.37,6.18,6.6
2769,46.15,7.0,53.856,0.043,1.2971,4.42,-0.74,-1.61,6.951,0.01312,0.08777,-10.08,-10.08,-0.48147,0.50086,6.33,6.52,9.45,5.5
2770,46.1667,7.0,53.872,0.043,1.2967,4.39,-0.57,-1.58,5.784,0.01157,0.07206,-8.52,-8.52,-0.48216,0.50001,6.48,6.15,3.74,6.77
2771,46.1833,7.0,53.888,0.043,1.2971,4.33,-0.73,-1.66,6.714,0.0079,0.05021,-5.89,-5.89,-0.48508,0.49926,6.55,6.88,6.75,6.67
2772,46.2,7.0,53.904,0.043,1.2968,4.26,-0.77,-1.72,6.637,0.00657,0.02944,-4.03,-4.03,-0.48759,0.50043,6.67,6.36,6.84,6.68
2773,46.2167,7.0,53.919,0.043,1.2969,4.39,-0.71,-1.78,6.918,0.00271,0.01271,-1.7,-1.03,-0.49039,0.49938,6.85,6.36,6.46,8.0
2774,46.2333,7.0,53.935,0.043,1.2962,4.48,-0.75,-1.87,6.987,0.00072,-0.00364,0.04,0.0,-0.49448,0.50147,6.96,7.01,7.08,6.9
2775,46.25,7.0,53.951,0.042,1.2967,4.38,-0.82,-1.97,6.858,0.00054,-0.01863,1.14,0.0,-0.49374,0.50055,6.91,6.87,7.78,5.88
2776,46.2667,7.0,53.966,0.043,1.2965,4.24,-0.76,-2.02,6.975,-0.00082,-0.03073,2.4,2.4,-0.4966,0.50204,6.69,7.61,9.96,3.64
2777,46.2833,7.0,53.982,0.043,1.2963,4.18,-0.59,-2.02,6.912,-0.00449,-0.04356,4.4,4.4,-0.49801,0.49979,6.94,6.44,7.52,6.75
2778,46.3,7.0,53.998,0.043,1.2965,4.06,-0.66,-2.08,7.231,-0.00695,-0.05361,5.84,5.84,-0.50002,0.49935,6.77,7.57,7.82,6.77
2779,46.3167,7.0,54.014,0.043,1.296,3.98,-0.77,-2.09,5.731,-0.00697,-0.06111,6.37,6.37,-0.50169,0.50099,6.66,4.15,5.31,6.8
2780,46.3333,7.0,54.029,0.043,1.2967,4.07,-0.67,-2.0,6.989,-0.00653,-0.06329,6.39,6.39,-0.49952,0.49925,6.61,6.4,8.25,6.7
2781,46.35,7.0,54.045,0.042,1.2958,4.18,-0.63,-2.01,6.765,-0.00852,-0.06519,7.12,7.12,-0.50272,0.50047,6.69,7.39,6.22,6.77
2782,46.3667,7.0,54.06,0.041,1.2962,4.18,-0.8,-2.02,6.358,-0.00551,-0.06359,6.1,6.1,-0.49962,0.50038,6.56,6.86,7.43,4.58
2783,46.3833,7.0,54.076,0.041,1.2962,4.06,-0.76,-1.9,6.52,-0.00619,-0.06148,6.16,6.16,-0.5,0.50008,6.68,5.97,6.28,7.16
2784,46.4,7.0,54.092,0.041,1.2962,4.13,-0.61,-1.85,6.462,-0.00696,-0.05664,6.05,6.05,-0.50021,0.49952,6.69,5.73,6.73,6.7
2785,46.4167,7.0,54.108,0.041,1.2966,4.07,-0.62,-1.85,6.974,-0.0057,-0.04856,5.11,5.11,-0.49935,0.49992,6.69,7.19,7.3,6.71
2786,46.4333,7.0,54.124,0.041,1.2962,4.06,-0.79,-1.82,6.416,-0.00492,-0.04062,4.32,4.32,-0.49981,0.50116,6.59,6.7,6.99,5.4
2787,46.45,7.0,54.14,0.041,1.2967,4.11,-0.71,-1.76,7.129,-0.00608,-0.03528,4.29,4.29,-0.49895,0.49913,6.83,7.49,7.31,6.89
2788,46.4667,7.0,54.156,0.04,1.296,4.2,-0.64,-1.69,6.279,-0.00824,-0.03076,4.63,4.63,-0.50097,0.499,6.77,5.8,5.82,6.73
2789,46.4833,7.0,54.171,0.04,1.2983,4.43,-0.63,-1.74,6.941,-0.00672,-0.02832,4.0,4.0,-0.49997,0.49952,6.78,6.98,7.27,6.74
2790,46.5,7.0,54.186,0.039,1.3008,4.89,-0.56,-1.7,6.638,-0.00704,-0.0258,3.92,3.92,-0.50011,0.49935,6.82,6.23,6.66,6.84
2791,46.5167,7.0,54.2,0.038,1.3021,5.26,-0.44,-1.61,2.571,-0.00919,-0.025,4.51,4.51,-0.4986,0.49567,6.71,3.22,-4.36,4.71
2792,46.5333,7.0,54.216,0.036,1.3041,5.11,-0.21,-1.6,6.133,-0.00435,-0.02061,2.75,1.51,-0.49316,0.49508,6.86,7.31,3.81,6.55
2793,46.55,7.0,54.231,0.034,1.305,5.12,-0.19,-1.62,6.921,0.00223,-0.01078,0.08,0.0,-0.48906,0.49756,6.73,6.32,6.78,7.85
2794,46.5667,7.0,54.247,0.033,1.3052,5.21,-0.09,-1.63,6.461,0.00643,0.00339,-2.17,-2.17,-0.48709,0.49979,6.98,6.24,5.63,6.99
2795,46.5833,7.0,54.263,0.032,1.3046,5.51,-0.07,-1.64,6.667,0.00365,0.01521,-2.16,0.0,-0.48935,0.49927,7.0,6.73,6.02,6.92
2796,46.6,7.0,54.28,0.03,1.305,5.38,0.13,-1.67,6.963,0.00468,0.02512,-3.16,0.0,-0.48905,0.5,7.03,7.03,7.21,6.59
2797,46.6167,7.0,54.296,0.029,1.3038,5.32,0.28,-1.65,6.661,0.0049,0.03438,-3.88,-3.0,-0.48956,0.50073,6.97,6.97,7.13,5.57
2798,46.6333,7.0,54.313,0.029,1.3012,5.23,0.45,-1.56,6.643,0.00452,0.04436,-4.46,-4.46,-0.48931,0.5001,6.94,4.15,6.65,8.83
2799,46.65,7.0,54.33,0.029,1.2988,5.28,0.83,-1.44,7.367,0.00593,0.04961,-5.25,-5.25,-0.48915,0.50135,6.65,6.72,10.61,5.49
2800,46.6667,7.0,54.346,0.03,1.2953,5.17,1.34,-1.3,6.602,0.00437,0.04585,-4.52,-4.52,-0.48949,0.50012,6.48,6.78,6.84,6.31
2801,46.6833,7.0,54.364,0.031,1.2903,5.15,1.87,-1.16,7.571,0.00255,0.03636,-3.31,-3.31,-0.49136,0.50018,6.69,5.68,6.89,11.03
2802,46.7,7.0,54.382,0.031,1.288,5.22,2.12,-1.22,6.385,-0.00181,0.02638,-1.3,-0.31,-0.49585,0.50031,6.69,6.7,6.21,5.93
2803,46.7167,7.0,54.399,0.032,1.2899,4.92,1.95,-1.19,7.036,-0.00291,0.01541,-0.21,0.0,-0.49518,0.49855,6.89,6.89,7.02,7.34
2804,46.7333,7.0,54.415,0.033,1.2882,4.58,1.96,-1.12,6.896,-0.00207,0.00639,0.17,0.0,-0.49487,0.49907,6.99,6.97,6.96,6.67
2805,46.75,7.0,54.432,0.034,1.2845,4.13,1.97,-1.08,6.355,0.0014,0.00241,-0.59,0.0,-0.49388,0.50155,6.96,6.94,6.48,5.04
2806,46.7667,7.0,54.447,0.036,1.2841,3.44,1.96,-1.11,6.563,-0.00123,-0.00524,0.73,0.0,-0.49443,0.49948,6.75,6.44,6.35,6.71
2807,46.7833,7.0,54.463,0.039,1.2824,2.83,1.95,-1.06,6.68,-0.00347,-0.01267,1.93,0.0,-0.49731,0.50011,6.75,6.69,6.79,6.48
2808,46.8,7.0,54.478,0.042,1.279,2.25,1.97,-0.96,7.445,-0.00671,-0.02068,3.46,3.0,-0.50053,0.50009,6.79,7.84,8.35,6.79
2809,46.8167,7.0,54.493,0.043,1.2763,1.56,1.9,-0.79,5.704,-0.00364,-0.02008,2.5,0.0,-0.50033,0.50296,6.57,3.07,7.21,5.97
2810,46.8333,7.0,54.507,0.046,1.2763,1.05,1.97,-0.59,7.023,-0.00852,-0.02344,4.2,3.0,-0.49921,0.49696,6.68,7.17,7.19,7.05
2811,46.85,7.0,54.522,0.048,1.2743,0.72,2.01,-0.4,6.78,-0.00622,-0.02489,3.61,3.61,-0.5001,0.50015,6.85,6.78,6.71,6.78
2812,46.8667,7.0,54.537,0.05,1.2722,0.4,2.12,-0.17,5.055,-0.00781,-0.03138,4.54,4.54,-0.49981,0.49827,6.79,7.42,-0.7,6.71
2813,46.8833,7.0,54.551,0.051,1.2713,0.03,1.97,-0.12,6.859,-0.00491,-0.0314,3.67,3.67,-0.49945,0.50081,9.28,6.22,5.49,6.45
2814,46.9,7.0,54.565,0.052,1.2709,-0.22,1.95,-0.03,8.067,-0.00643,-0.03067,4.08,4.08,-0.50046,0.5003,6.61,10.2,9.98,5.48
2815,46.9167,7.0,54.578,0.053,1.2701,-0.46,1.75,0.15,6.589,-0.00701,-0.0273,4.01,4.01,-0.50036,0.49962,7.13,4.41,6.7,8.12
2816,46.9333,7.0,54.592,0.051,1.2732,-0.29,1.98,0.29,7.162,-0.00149,-0.02182,1.98,1.01,-0.49522,0.49999,8.19,6.71,6.93,6.82
2817,46.95,7.0,54.606,0.05,1.2731,-0.03,1.82,0.23,7.099,-0.00263,-0.01315,1.71,0.0,-0.49626,0.4999,6.99,7.45,6.98,6.97
2818,46.9667,7.0,54.62,0.049,1.2718,0.02,1.91,0.18,6.406,-0.00211,-0.00734,1.15,0.0,-0.49603,0.50018,6.95,6.89,7.0,4.79
2819,46.9833,7.0,54.635,0.049,1.2705,0.19,1.99,0.19,6.719,-0.00637,-0.00498,2.26,2.26,-0.50029,0.50019,7.32,5.3,6.63,7.62
2820,47.0,7.0,54.65,0.048,1.2717,0.15,1.95,0.09,6.913,-0.00495,-0.00443,1.8,0.0,-0.49853,0.49985,6.96,7.53,6.96,6.21
2821,47.0167,7.0,54.666,0.048,1.2716,-0.0,1.95,0.12,6.754,-0.00323,-0.00061,1.01,0.0,-0.49791,0.50095,6.89,6.89,6.56,6.67
2822,47.0333,7.0,54.682,0.048,1.2708,-0.04,1.99,0.09,6.914,-0.00689,-0.00042,2.1,2.1,-0.50008,0.49945,7.74,7.37,5.7,6.84
2823,47.05,7.0,54.698,0.048,1.2713,0.12,1.97,0.05,6.788,-0.00724,-0.00628,2.61,2.61,-0.49994,0.49897,7.24,6.74,6.21,6.96
2824,47.0667,7.0,54.714,0.048,1.2717,0.04,1.94,-0.05,6.88,-0.00381,-0.00674,1.62,0.0,-0.49783,0.50028,6.94,7.12,6.72,6.73
2825,47.0833,7.0,54.73,0.048,1.2707,-0.17,1.98,-0.17,5.243,-0.00146,-0.00526,0.81,0.0,-0.496,0.50081,2.85,3.63,7.31,7.18
2826,47.1,7.0,54.745,0.048,1.2707,0.1,1.96,-0.01,6.221,-0.00789,-0.00619,2.8,2.8,-0.49996,0.49834,5.87,6.7,6.68,5.63
2827,47.1167,7.0,54.761,0.048,1.2713,0.16,2.0,-0.03,9.18,-0.00448,-0.00497,1.69,0.0,-0.49845,0.50023,9.2,11.55,9.47,6.49
2828,47.1333,7.0,54.777,0.048,1.2709,0.01,2.06,0.04,6.83,-0.00526,-0.00646,2.03,2.03,-0.4993,0.50031,6.8,6.83,6.75,6.94
2829,47.15,7.0,54.794,0.048,1.2691,-0.16,2.1,0.11,7.014,-0.00617,-0.00495,2.2,2.2,-0.49998,0.50008,6.96,6.89,6.94,7.27
2830,47.1667,7.0,54.81,0.048,1.2681,-0.03,2.46,0.17,5.729,-0.00534,-0.00239,1.77,1.77,-0.49883,0.49976,7.02,5.75,3.21,6.93
2831,47.1833,7.0,54.827,0.048,1.2657,-0.04,2.69,0.07,6.845,-0.00609,-0.00444,2.14,2.14,-0.50009,0.50027,7.3,6.83,6.98,6.26
2832,47.2,7.0,54.844,0.047,1.2616,-0.25,3.11,-0.2,7.711,-0.00741,-0.01003,2.93,2.93,-0.50002,0.49888,6.42,5.3,6.7,12.42
2833,47.2167,7.0,54.86,0.046,1.2577,-0.34,3.87,-0.43,7.071,-0.00855,-0.0095,3.23,3.23,-0.50028,0.498,9.7,5.23,6.62,6.74
2834,47.2333,7.0,54.877,0.043,1.2537,-0.41,4.48,-0.62,6.276,-0.01032,-0.01437,4.1,4.1,-0.50029,0.49624,6.59,5.48,6.47,6.57
2835,47.25,7.0,54.892,0.04,1.2464,-0.47,5.26,-1.01,6.777,-0.01017,-0.01769,4.29,4.29,-0.50032,0.49642,6.73,7.37,6.42,6.58
2836,47.2667,7.0,54.907,0.036,1.238,-0.36,6.25,-1.41,6.173,-0.0104,-0.01992,4.52,4.52,-0.50055,0.49641,6.87,4.72,6.47,6.64
2837,47.2833,7.0,54.921,0.032,1.2363,0.16,6.42,-1.39,7.592,-0.0034,-0.01554,2.11,1.52,-0.49759,0.50046,12.74,9.39,2.11,6.13
2838,47.3,7.0,54.937,0.028,1.2361,0.3,6.58,-1.47,7.15,-0.0022,-0.00967,1.34,0.0,-0.49675,0.50082,6.75,6.76,8.98,6.11
2839,47.3167,7.0,54.952,0.025,1.2362,0.57,6.65,-1.41,6.496,-0.00396,-0.00496,1.53,0.0,-0.49628,0.49859,5.91,7.01,7.01,6.06
2840,47.3333,7.0,54.968,0.022,1.2361,0.81,6.68,-1.28,6.283,-0.00236,0.002,0.57,0.0,-0.49668,0.50059,8.04,6.8,3.94,6.36
2841,47.35,7.0,54.983,0.019,1.2363,0.73,6.78,-1.35,7.007,-0.00283,0.00946,0.19,0.0,-0.49667,0.50011,6.98,6.99,7.47,6.58
2842,47.3667,7.0,54.999,0.017,1.2361,0.88,6.83,-1.38,8.296,0.00478,0.0237,-3.09,0.0,-0.49036,0.5014,8.13,7.22,10.49,7.35
2843,47.3833,7.0,55.015,0.016,1.2365,1.01,6.79,-1.31,7.04,0.00066,0.03224,-2.45,-2.45,-0.49305,0.49998,7.47,6.73,7.01,6.95
2844,47.4,7.0,55.03,0.014,1.2365,1.03,6.83,-1.24,6.293,-0.00184,0.02997,-1.55,0.0,-0.49493,0.49936,4.08,7.09,7.06,6.94
2845,47.4167,7.0,55.046,0.013,1.2362,0.96,6.94,-1.21,7.836,-0.00057,0.02805,-1.79,0.0,-0.49365,0.49935,6.95,6.9,11.58,5.91
2846,47.4333,7.0,55.061,0.012,1.236,1.06,6.93,-1.08,6.602,-0.00444,0.02418,-0.36,0.0,-0.49726,0.49909,5.79,6.9,7.07,6.66
2847,47.45,7.0,55.077,0.011,1.2352,1.11,6.79,-0.93,7.125,-0.005,0.01856,0.2,0.2,-0.49915,0.50042,7.29,6.87,7.06,7.27
2848,47.4667,7.0,55.092,0.01,1.2352,1.03,6.8,-0.86,5.438,-0.00234,0.01684,-0.48,0.0,-0.49567,0.4996,2.14,6.76,6.57,6.28
2849,47.4833,7.0,55.107,0.01,1.2348,0.91,6.83,-0.73,5.745,-0.00011,0.00979,-0.65,0.0,-0.49391,0.50007,2.38,6.86,6.93,6.82
2850,47.5,7.0,55.123,0.01,1.2347,1.05,6.7,-0.52,6.753,-0.00389,0.00394,0.89,0.0,-0.49765,0.50003,6.32,7.03,6.98,6.68
2851,47.5167,7.0,55.139,0.01,1.2337,0.95,6.46,-0.5,6.335,-0.00341,0.00185,0.89,0.0,-0.49746,0.50032,8.29,6.46,3.7,6.9
2852,47.5333,7.0,55.154,0.009,1.2338,0.74,6.5,-0.5,5.121,-0.00245,-0.0003,0.76,0.0,-0.49628,0.5001,0.34,6.95,6.86,6.34
2853,47.55,7.0,55.169,0.01,1.2338,0.73,6.48,-0.36,6.794,-0.00415,4e-05,1.24,0.0,-0.49763,0.49975,6.79,6.89,7.07,6.43
2854,47.5667,7.0,55.185,0.01,1.2331,0.78,6.31,-0.25,6.913,-0.0057,-0.00069,1.76,1.76,-0.49969,0.50025,6.83,6.97,6.98,6.87
2855,47.5833,7.0,55.201,0.01,1.2311,0.77,6.09,-0.22,7.283,-0.00723,-0.00564,2.56,2.56,-0.49841,0.49745,7.26,6.84,7.46,7.58
2856,47.6,7.0,55.216,0.01,1.2274,0.69,5.78,-0.25,6.832,-0.0038,-0.00876,1.75,0.0,-0.49751,0.49998,6.82,6.9,6.9,6.72
2857,47.6167,7.0,55.231,0.01,1.2222,0.49,5.41,-0.25,7.964,-0.00522,-0.00908,2.2,2.2,-0.50063,0.50168,6.35,9.07,9.41,7.02
2858,47.6333,7.0,55.245,0.009,1.2211,0.41,4.47,0.09,6.925,-0.00435,-0.00896,1.93,0.0,-0.49808,0.5,6.87,7.48,6.71,6.64
2859,47.65,7.0,55.259,0.009,1.2183,0.78,4.27,0.28,4.569,-0.01086,-0.01653,4.42,3.0,-0.49956,0.49496,6.27,5.32,5.36,1.33
2860,47.6667,7.0,55.274,0.007,1.2171,0.77,4.29,0.3,6.807,-0.00068,-0.01098,0.97,0.0,-0.49366,0.49925,8.49,4.9,7.1,6.74
2861,47.6833,7.0,55.29,0.006,1.2171,1.08,4.51,0.27,7.164,-0.00511,-0.00906,2.17,2.17,-0.49899,0.50014,6.68,8.03,7.02,6.93
2862,47.7,7.0,55.306,0.005,1.2159,1.28,4.52,0.38,6.86,-0.00341,-0.00404,1.31,0.0,-0.49964,0.5025,6.67,7.73,6.43,6.61
2863,47.7167,7.0,55.322,0.004,1.214,1.18,4.85,0.36,6.855,-0.00458,-0.00437,1.68,0.0,-0.49834,0.50002,7.05,7.01,6.87,6.49
2864,47.7333,7.0,55.339,0.003,1.2103,1.28,5.22,0.32,8.382,-0.00777,-0.00647,2.78,2.78,-0.50085,0.49935,10.34,5.82,6.86,10.51
2865,47.75,7.0,55.356,0.003,1.2058,1.55,5.67,0.37,6.884,-0.00703,-0.00845,2.7,2.7,-0.49938,0.49862,2.9,11.76,6.68,6.2
2866,47.7667,7.0,55.374,0.001,1.2018,1.36,6.25,0.3,6.564,-0.00511,-0.00152,1.64,1.64,-0.49896,0.50012,6.51,6.54,6.97,6.23
2867,47.7833,7.0,55.393,0.0,1.1965,1.3,6.89,0.19,6.433,-0.0068,-0.00763,2.57,2.57,-0.49917,0.49863,6.74,5.76,6.8,6.42
2868,47.8,7.0,55.412,-0.001,1.1903,1.55,7.61,0.24,6.571,-0.00921,-0.01093,3.53,3.53,-0.50001,0.49707,6.71,6.3,6.58,6.69
2869,47.8167,7.0,55.431,-0.002,1.1841,1.51,8.3,0.4,8.723,0.00745,0.00155,-2.34,0.53,-0.49047,0.50419,7.25,4.98,13.64,9.02
2870,47.8333,7.0,55.45,-0.001,1.1861,1.79,8.22,0.82,3.97,0.00072,0.00682,-0.69,0.0,-0.48714,0.49412,6.88,6.04,16.03,-13.08
2871,47.85,7.0,55.468,-0.002,1.187,1.66,8.24,0.78,7.066,0.00093,0.01495,-1.33,0.0,-0.48559,0.49279,6.92,7.9,6.69,6.75
2872,47.8667,7.0,55.486,-0.003,1.186,1.62,8.29,0.66,6.243,0.00277,0.02324,-2.46,0.0,-0.48348,0.49252,6.86,4.13,6.99,6.99
2873,47.8833,7.0,55.503,-0.003,1.1828,1.58,8.37,0.57,6.496,0.00529,0.03116,-3.77,-3.0,-0.48212,0.49368,6.89,6.21,6.46,6.42
2874,47.9,7.0,55.52,-0.004,1.1843,1.77,8.53,0.46,6.694,0.00318,0.03769,-3.59,-3.59,-0.48252,0.49197,6.18,6.89,6.9,6.81
2875,47.9167,7.0,55.537,-0.006,1.1849,1.77,8.45,0.36,6.757,0.00337,0.04611,-4.24,-4.24,-0.48245,0.49209,6.7,6.76,6.69,6.87
2876,47.9333,7.0,55.553,-0.007,1.1834,1.85,8.39,0.27,6.735,0.00489,0.03795,-4.12,-4.12,-0.48144,0.4926,6.7,6.57,6.7,6.97
2877,47.95,7.0,55.569,-0.008,1.1831,2.04,8.5,0.31,8.366,0.00604,0.03887,-4.53,-4.53,-0.47906,0.49138,9.84,7.25,6.57,9.8
2878,47.9667,7.0,55.586,-0.01,1.1838,2.2,8.4,0.07,6.688,0.0066,0.04004,-4.78,-4.78,-0.48021,0.49308,6.7,6.8,6.54,6.71
2879,47.9833,7.0,55.602,-0.012,1.1829,2.3,8.35,-0.12,6.01,0.00767,0.04027,-5.12,-5.12,-0.4781,0.49205,6.69,4.06,6.86,6.43
2880,48.0,7.0,55.618,-0.014,1.1823,2.27,8.49,-0.0,7.294,0.01868,0.04921,-9.05,-8.12,-0.47078,0.49573,8.15,6.61,6.92,7.5
2881,48.0167,7.0,55.634,-0.016,1.182,2.55,8.5,0.19,5.568,0.01658,0.05709,-8.97,-8.97,-0.47149,0.49434,4.66,4.97,6.08,6.57
2882,48.0333,7.0,55.65,-0.018,1.1826,2.76,8.34,-0.05,5.993,0.01793,0.0652,-9.94,-9.94,-0.47047,0.49466,6.43,6.88,6.57,4.09
2883,48.05,7.0,55.666,-0.02,1.1816,2.75,8.43,0.08,6.533,0.0226,0.07559,-12.07,-12.07,-0.46991,0.49878,6.45,6.42,6.68,6.58
2884,48.0667,7.0,55.682,-0.022,1.1801,2.88,8.46,0.18,6.935,0.02478,0.0858,-13.44,-13.44,-0.46868,0.49973,9.76,6.41,5.51,6.07
2885,48.0833,7.0,55.698,-0.024,1.1786,2.8,8.18,0.06,9.687,0.02352,0.0929,-13.56,-13.56,-0.46969,0.49949,6.72,14.03,10.26,7.74
2886,48.1,7.0,55.714,-0.024,1.1772,3.0,7.88,0.02,6.055,0.02483,0.0994,-14.41,-14.41,-0.46928,0.50038,6.1,6.08,6.35,5.69
2887,48.1167,7.0,55.729,-0.025,1.1735,3.21,7.61,-0.06,6.648,0.0239,0.09284,-13.67,-13.67,-0.46996,0.50013,6.1,6.08,6.62,7.8
2888,48.1333,7.0,55.745,-0.025,1.1689,3.23,7.07,-0.18,6.642,0.02367,0.08899,-13.33,-13.33,-0.4702,0.50014,6.23,6.2,7.71,6.42
2889,48.15,7.0,55.76,-0.025,1.1636,3.05,6.27,-0.33,5.977,0.02132,0.0818,-12.12,-12.12,-0.47055,0.49815,7.81,6.01,3.55,6.55
2890,48.1667,7.0,55.774,-0.025,1.1564,2.97,5.46,-0.41,6.984,0.02515,0.07461,-12.77,-12.77,-0.46793,0.49935,7.25,6.1,7.98,6.61
2891,48.1833,7.0,55.787,-0.025,1.1485,2.99,4.53,-0.49,6.986,0.02437,0.06524,-11.88,-11.88,-0.46885,0.4995,7.66,5.91,7.78,6.59
2892,48.2,7.0,55.799,-0.025,1.1466,2.78,4.44,-0.54,6.283,0.02521,0.05914,-11.7,-11.7,-0.46891,0.50039,5.22,9.29,6.13,4.5
2893,48.2167,7.0,55.813,-0.023,1.1444,2.73,4.59,-0.72,5.621,0.01844,0.04547,-8.71,-8.71,-0.47452,0.49923,6.47,4.29,6.46,5.26
2894,48.2333,7.0,55.828,-0.023,1.1425,2.37,4.81,-0.74,3.912,0.01956,0.03556,-8.36,-8.36,-0.47443,0.50026,2.6,0.82,6.61,5.62
2895,48.25,7.0,55.844,-0.023,1.1409,2.37,5.19,-0.77,6.579,0.01161,0.01889,-4.8,-5.36,-0.47833,0.49621,6.7,5.7,6.7,7.21
2896,48.2667,7.0,55.861,-0.023,1.1375,2.5,5.59,-0.79,6.661,0.00607,0.00093,-1.89,-2.36,-0.4811,0.49344,6.68,6.19,6.76,7.02
2897,48.2833,7.0,55.877,-0.024,1.1328,2.46,6.08,-0.73,7.295,0.00872,-0.01608,-1.49,-1.49,-0.47916,0.49415,6.9,9.43,6.95,5.9
2898,48.3,7.0,55.895,-0.024,1.1275,2.43,6.78,-0.67,6.09,0.01046,-0.02846,-1.15,-1.15,-0.4769,0.49363,6.73,5.42,6.87,5.35
2899,48.3167,7.0,55.913,-0.025,1.1249,2.77,7.1,-0.36,6.545,0.00176,-0.04917,2.91,1.85,-0.48563,0.49365,5.33,6.48,6.62,7.75
2900,48.3333,7.0,55.931,-0.027,1.1225,2.98,7.1,-0.13,7.244,0.00129,-0.0609,3.87,3.87,-0.48477,0.49234,7.43,6.69,7.97,6.88
2901,48.35,7.0,55.948,-0.029,1.1226,3.13,7.12,0.17,6.59,0.00448,-0.06911,3.49,3.49,-0.48628,0.49703,5.75,6.8,6.9,6.91
2902,48.3667,7.0,55.964,-0.032,1.1234,3.19,6.96,0.16,8.414,0.01361,-0.05875,0.03,0.49,-0.47772,0.49761,8.29,11.67,6.78,6.92
2903,48.3833,7.0,55.98,-0.034,1.1233,3.34,6.92,0.13,7.412,0.01251,-0.04508,-0.6,-0.6,-0.47892,0.4977,6.57,9.22,6.92,6.94
2904,48.4,7.0,55.995,-0.036,1.1208,3.63,6.89,0.06,6.525,0.01279,-0.03548,-1.35,-1.35,-0.47816,0.49722,7.07,9.08,6.89,3.06
2905,48.4167,7.0,56.011,-0.039,1.1216,3.62,6.95,0.08,7.851,0.02196,-0.0194,-5.23,-4.35,-0.47091,0.49913,10.39,7.58,6.82,6.61
2906,48.4333,7.0,56.027,-0.041,1.1217,3.93,6.9,0.1,6.769,0.02052,0.00223,-6.31,-6.31,-0.47121,0.498,6.87,6.89,6.61,6.7
2907,48.45,7.0,56.043,-0.043,1.1198,4.2,6.89,0.08,6.747,0.02281,0.0241,-8.53,-8.53,-0.47065,0.49973,6.7,6.92,6.73,6.64
2908,48.4667,7.0,56.059,-0.045,1.1196,3.97,6.9,0.14,6.622,0.02321,0.04047,-9.8,-9.8,-0.47105,0.50053,6.63,6.65,6.91,6.3
2909,48.4833,7.0,56.075,-0.045,1.1204,4.06,6.9,0.15,6.543,0.0186,0.04075,-8.43,-8.43,-0.47277,0.49764,6.57,6.75,6.18,6.67
2910,48.5,7.0,56.091,-0.046,1.1195,4.28,6.93,0.11,5.266,0.01855,0.04207,-8.51,-8.51,-0.4719,0.49672,6.72,6.58,0.84,6.92
2911,48.5167,7.0,56.108,-0.047,1.1177,4.38,6.91,0.09,7.049,0.02145,0.04593,-9.65,-9.65,-0.47003,0.49775,6.63,6.89,7.41,7.27
2912,48.5333,7.0,56.124,-0.049,1.1193,4.21,6.92,0.11,6.729,0.02768,0.04631,-11.55,-11.55,-0.46423,0.49818,7.04,6.58,6.57,6.73
2913,48.55,7.0,56.141,-0.05,1.1194,4.43,6.96,0.1,6.506,0.02371,0.04402,-10.19,-10.19,-0.46673,0.49671,6.43,6.49,6.5,6.6
2914,48.5667,7.0,56.158,-0.051,1.1174,4.68,6.94,0.09,6.357,0.02466,0.04064,-10.24,-10.24,-0.46607,0.49701,6.52,6.23,6.01,6.66
2915,48.5833,7.0,56.174,-0.054,1.1171,4.63,6.83,0.07,6.415,0.03375,0.0466,-13.39,-13.24,-0.46012,0.50014,5.57,6.88,6.97,6.24
2916,48.6,7.0,56.19,-0.055,1.1159,4.75,6.67,-0.02,6.869,0.03801,0.06097,-15.67,-15.67,-0.45694,0.50122,10.46,3.41,6.36,7.25
2917,48.6167,7.0,56.206,-0.057,1.1139,4.97,6.46,-0.04,6.544,0.03621,0.07182,-15.89,-15.89,-0.45772,0.5002,6.22,6.22,7.39,6.36
2918,48.6333,7.0,56.221,-0.058,1.1102,5.07,6.0,-0.09,6.876,0.03603,0.0782,-16.28,-16.28,-0.45803,0.50034,6.2,6.19,8.67,6.44
2919,48.65,7.0,56.236,-0.059,1.1055,5.07,5.32,-0.13,9.15,0.03483,0.07617,-15.78,-15.78,-0.45947,0.50058,5.94,16.31,8.0,6.34
2920,48.6667,7.0,56.25,-0.061,1.1002,5.05,4.73,-0.13,6.325,0.03252,0.0761,-15.08,-15.08,-0.46112,0.49991,6.43,6.14,6.24,6.49
2921,48.6833,7.0,56.264,-0.062,1.0926,5.19,4.08,-0.06,7.536,0.03253,0.07506,-15.01,-15.01,-0.46058,0.49938,7.52,5.97,9.95,6.71
2922,48.7,7.0,56.277,-0.063,1.085,5.15,3.02,-0.01,6.982,0.03248,0.06475,-14.28,-14.28,-0.46079,0.49954,6.33,5.98,8.84,6.77
2923,48.7167,7.0,56.291,-0.063,1.0834,5.12,3.1,-0.06,5.048,0.0329,0.05173,-13.49,-13.49,-0.4612,0.50037,4.45,5.34,5.06,5.34
2924,48.7333,7.0,56.305,-0.063,1.0825,5.19,3.25,0.0,6.555,0.02947,0.03858,-11.54,-11.54,-0.46319,0.49893,6.34,6.42,7.55,5.91
2925,48.75,7.0,56.321,-0.063,1.0801,5.3,3.37,0.11,6.608,0.0311,0.02888,-11.35,-11.35,-0.46306,0.50043,6.42,6.79,6.55,6.66
2926,48.7667,7.0,56.338,-0.063,1.0774,5.23,3.71,0.1,8.607,0.028,0.01839,-9.69,-9.69,-0.46158,0.49585,6.42,4.81,7.43,15.77
2927,48.7833,7.0,56.353,-0.065,1.0793,5.16,3.69,-0.23,6.789,0.02855,0.0121,-9.41,-9.41,-0.46559,0.50042,6.48,7.35,6.56,6.76
2928,48.8,7.0,56.368,-0.066,1.0796,5.25,3.5,-0.38,6.618,0.02649,0.00443,-8.26,-8.26,-0.4672,0.49996,6.57,6.75,6.5,6.66
2929,48.8167,7.0,56.383,-0.068,1.0797,5.27,3.2,-0.54,6.287,0.02725,-0.00149,-8.07,-8.07,-0.46705,0.50057,6.54,5.54,6.73,6.34
2930,48.8333,7.0,56.399,-0.068,1.0808,5.2,3.39,-0.38,6.244,0.02917,-0.00514,-8.39,-8.39,-0.46412,0.49956,6.4,5.94,5.95,6.68
2931,48.85,7.0,56.416,-0.069,1.0804,5.35,3.44,-0.35,5.651,0.02603,-0.00806,-7.25,-7.25,-0.4653,0.4976,6.55,6.11,3.26,6.68
2932,48.8667,7.0,56.432,-0.07,1.0804,5.41,3.31,-0.5,6.936,0.02846,-0.00981,-7.85,-7.85,-0.46536,0.50009,6.56,7.04,7.38,6.76
2933,48.8833,7.0,56.448,-0.071,1.0804,5.21,3.35,-0.61,6.645,0.03012,-0.00645,-8.59,-8.59,-0.46403,0.50042,6.65,6.48,6.71,6.74
2934,48.9,7.0,56.464,-0.071,1.0811,5.37,3.36,-0.45,8.689,0.02522,-0.00911,-6.93,-6.93,-0.46547,0.49696,7.08,9.74,11.04,6.9
2935,48.9167,7.0,56.479,-0.072,1.0803,5.48,3.32,-0.39,8.768,0.02686,-0.00763,-7.52,-7.52,-0.46603,0.49916,6.86,12.94,9.16,6.11
2936,48.9333,7.0,56.494,-0.073,1.0798,5.64,3.04,-0.3,6.644,0.0271,-0.00687,-7.65,-7.65,-0.46613,0.4995,6.51,6.3,7.16,6.6
2937,48.95,7.0,56.509,-0.074,1.0802,5.6,3.14,-0.21,6.901,0.03026,-0.00493,-8.73,-8.73,-0.46314,0.49967,6.52,6.2,8.42,6.46
2938,48.9667,7.0,56.525,-0.075,1.08,5.77,3.18,-0.19,7.249,0.02591,-0.00446,-7.46,-7.46,-0.46593,0.49811,6.55,7.26,8.31,6.87
2939,48.9833,7.0,56.541,-0.076,1.0799,5.91,3.04,-0.28,6.914,0.02681,-0.00561,-7.65,-7.65,-0.46683,0.49992,6.49,7.24,7.28,6.65
2940,49.0,7.0,56.557,-0.077,1.0802,5.76,3.06,-0.3,6.699,0.02768,-0.00745,-7.78,-7.78,-0.4667,0.50065,6.57,6.54,7.27,6.41
2941,49.0167,7.0,56.573,-0.077,1.0802,5.83,3.12,-0.29,8.91,0.02496,-0.00682,-7.01,-7.01,-0.46896,0.50019,6.5,6.8,10.27,12.06
2942,49.0333,7.0,56.589,-0.078,1.0789,6.0,3.12,-0.3,6.602,0.02395,-0.009,-6.55,-6.55,-0.47125,0.50146,6.73,6.21,6.58,6.89
2943,49.05,7.0,56.604,-0.079,1.0795,5.9,2.96,-0.41,6.567,0.02299,-0.01214,-6.05,-6.05,-0.47075,0.50002,6.65,6.66,6.61,6.35
2944,49.0667,7.0,56.62,-0.079,1.0801,5.83,2.98,-0.32,6.429,0.0238,-0.01733,-5.93,-5.93,-0.46918,0.49925,6.53,6.27,6.52,6.4
2945,49.0833,7.0,56.635,-0.08,1.0802,6.01,3.0,-0.32,6.689,0.02083,-0.02048,-4.81,-4.81,-0.47095,0.49805,6.71,6.46,6.79,6.79
2946,49.1,7.0,56.651,-0.081,1.0795,6.14,2.93,-0.39,7.179,0.02145,-0.02354,-4.79,-4.79,-0.47326,0.50098,6.78,7.49,7.59,6.85
2947,49.1167,7.0,56.667,-0.081,1.0792,6.06,2.79,-0.42,6.712,0.02116,-0.02742,-4.43,-4.43,-0.4729,0.50033,6.69,6.63,6.82,6.7
2948,49.1333,7.0,56.682,-0.081,1.0777,6.01,2.69,-0.43,6.576,0.02099,-0.02822,-4.32,-4.32,-0.47356,0.50083,6.73,6.71,6.41,6.45
2949,49.15,7.0,56.698,-0.081,1.0746,5.94,2.57,-0.53,6.153,0.02066,-0.02821,-4.22,-4.22,-0.47403,0.50096,6.89,6.88,3.88,6.96
2950,49.1667,7.0,56.714,-0.079,1.0724,5.71,2.08,-0.79,7.116,0.0195,-0.02842,-3.86,-3.86,-0.47468,0.50045,6.8,6.74,7.61,7.31
2951,49.1833,7.0,56.728,-0.077,1.0689,5.52,1.65,-1.08,6.788,0.01853,-0.03043,-3.43,-3.43,-0.47528,0.50008,6.84,6.59,6.88,6.84
2952,49.2,7.0,56.743,-0.075,1.063,5.28,1.1,-1.35,6.825,0.01816,-0.02952,-3.38,-3.38,-0.4755,0.49993,6.84,6.62,7.01,6.84
2953,49.2167,7.0,56.757,-0.073,1.0575,4.86,0.66,-1.74,3.014,0.01069,-0.03705,-0.61,-0.61,-0.48344,0.5004,6.41,6.84,-5.16,3.97
2954,49.2333,7.0,56.766,-0.071,1.0604,4.2,0.34,-2.34,7.335,0.00102,-0.05332,3.43,2.39,-0.49251,0.4998,8.62,4.7,5.28,10.75
2955,49.25,7.0,56.776,-0.07,1.0641,3.74,-0.19,-2.46,10.977,-0.00591,-0.07459,7.0,5.39,-0.49397,0.49432,7.24,13.5,17.39,5.78
2956,49.2667,7.0,56.786,-0.07,1.0686,3.74,-0.37,-2.77,6.368,-0.01325,-0.10052,11.01,8.39,-0.49933,0.49235,5.57,5.53,7.68,6.69
2957,49.2833,7.0,56.796,-0.071,1.0718,3.53,-0.65,-2.96,6.191,-0.01423,-0.12315,12.89,11.39,-0.49965,0.49169,6.46,4.98,6.65,6.68
2958,49.3,7.0,56.807,-0.072,1.0739,3.41,-1.0,-3.21,6.516,-0.01422,-0.14206,14.21,14.21,-0.49995,0.492,6.36,6.86,6.32,6.52
2959,49.3167,7.0,56.819,-0.074,1.0753,3.41,-1.31,-3.43,5.997,-0.01413,-0.15823,15.32,15.32,-0.50079,0.49293,6.22,6.47,4.86,6.45
2960,49.3333,7.0,56.83,-0.076,1.0779,3.5,-1.49,-3.58,7.058,-0.01137,-0.16193,14.75,14.75,-0.4993,0.4942,6.3,5.81,9.87,6.25
2961,49.35,7.0,56.843,-0.079,1.079,3.64,-1.64,-3.68,6.564,-0.01095,-0.15481,14.12,14.12,-0.49964,0.49496,6.36,5.83,7.66,6.41
2962,49.3667,7.0,56.855,-0.082,1.0793,3.93,-1.92,-3.77,6.66,-0.00808,-0.13846,12.12,12.12,-0.49994,0.49813,6.3,6.68,7.19,6.48
2963,49.3833,7.0,56.869,-0.085,1.0786,4.3,-2.24,-3.83,6.213,-0.00824,-0.11668,10.64,10.64,-0.50139,0.49942,6.24,6.49,4.99,7.12
2964,49.4,7.0,56.882,-0.089,1.0792,4.78,-2.36,-3.78,6.502,-0.00586,-0.09407,8.34,8.34,-0.49961,0.50003,6.35,5.6,7.47,6.58
2965,49.4167,7.0,56.896,-0.092,1.0794,5.05,-2.22,-3.78,7.371,-0.00473,-0.07301,6.53,6.53,-0.49864,0.50018,6.36,6.49,11.43,5.21
2966,49.4333,7.0,56.91,-0.095,1.0798,5.18,-2.36,-3.81,6.893,-0.00271,-0.05251,4.49,4.49,-0.49792,0.50147,6.6,6.6,7.75,6.63
2967,49.45,7.0,56.925,-0.096,1.0797,5.39,-2.57,-3.82,6.885,-0.00259,-0.03718,3.38,3.38,-0.49807,0.50175,6.7,6.71,7.7,6.44
2968,49.4667,7.0,56.941,-0.097,1.0791,5.6,-2.68,-3.78,6.904,-0.00343,-0.02499,2.78,0.38,-0.49754,0.50038,6.76,6.76,7.52,6.58
2969,49.4833,7.0,56.956,-0.098,1.079,5.38,-2.45,-3.66,7.152,-0.00195,-0.01569,1.68,0.0,-0.49624,0.50056,6.98,7.01,7.34,7.27
2970,49.5,7.0,56.972,-0.099,1.0777,5.16,-2.68,-3.6,6.243,-0.0,-0.00534,0.37,0.0,-0.4972,0.50347,6.86,3.08,8.55,6.48
2971,49.5167,7.0,56.988,-0.099,1.0793,5.29,-2.65,-3.42,6.565,-0.00785,-0.00675,2.83,2.83,-0.49919,0.49761,6.98,6.22,6.41,6.65
2972,49.5333,7.0,57.004,-0.1,1.0785,5.4,-2.6,-3.28,6.496,-0.00864,-0.00996,3.29,3.29,-0.50029,0.49792,6.88,5.53,6.69,6.87
2973,49.55,7.0,57.02,-0.102,1.078,5.42,-2.73,-3.25,7.111,-0.00524,-0.01137,2.37,2.37,-0.49928,0.50031,6.78,7.44,8.14,6.08
2974,49.5667,7.0,57.035,-0.102,1.0787,5.51,-2.85,-3.16,6.783,-0.00872,-0.0163,3.76,3.76,-0.50037,0.49793,6.8,7.01,6.42,6.91
2975,49.5833,7.0,57.05,-0.104,1.0797,5.64,-2.8,-3.09,6.831,-0.00564,-0.01661,2.85,2.85,-0.49944,0.50007,6.86,6.87,6.87,6.72
2976,49.6,7.0,57.065,-0.105,1.0789,5.63,-2.7,-3.02,6.695,-0.00495,-0.01771,2.73,0.0,-0.49883,0.50014,6.86,6.87,6.81,6.24
2977,49.6167,7.0,57.081,-0.105,1.0779,5.49,-2.83,-2.91,6.312,-0.00409,-0.01978,2.61,0.0,-0.49851,0.5007,6.83,4.81,6.47,7.14
2978,49.6333,7.0,57.096,-0.106,1.0788,5.65,-2.79,-2.78,7.752,-0.00432,-0.01377,2.26,0.0,-0.49836,0.50032,6.93,10.07,8.07,5.95
2979,49.65,7.0,57.111,-0.106,1.0782,5.52,-2.62,-2.71,7.298,-0.00625,-0.00967,2.55,2.55,-0.50014,0.50016,6.92,7.76,7.88,6.63
2980,49.6667,7.0,57.127,-0.106,1.0783,5.38,-2.7,-2.69,7.161,-0.00619,-0.00948,2.52,2.52,-0.49983,0.4999,6.78,6.86,8.13,6.87
2981,49.6833,7.0,57.142,-0.107,1.0775,5.3,-2.88,-2.55,7.053,-0.00642,-0.00599,2.35,2.35,-0.50073,0.50057,6.83,7.0,7.48,6.91
2982,49.7,7.0,57.158,-0.107,1.0765,5.34,-2.93,-2.49,6.69,-0.00636,-0.00601,2.33,2.33,-0.49999,0.4999,7.02,7.01,6.05,6.69
2983,49.7167,7.0,57.174,-0.107,1.0744,5.33,-3.02,-2.45,7.523,-0.00398,-0.00429,1.49,0.0,-0.49877,0.50106,7.05,7.05,7.55,8.44
2984,49.7333,7.0,57.189,-0.106,1.0725,5.2,-3.4,-2.6,5.615,-0.00496,-0.00468,1.82,0.0,-0.49836,0.49967,6.64,6.63,6.76,2.42
2985,49.75,7.0,57.203,-0.104,1.0737,4.82,-3.15,-2.34,6.403,-0.00022,9e-05,0.06,0.0,-0.49165,0.4977,6.87,3.96,8.01,6.77
2986,49.7667,7.0,57.219,-0.103,1.0739,4.62,-2.92,-2.14,10.309,-0.00116,0.00532,-0.02,0.0,-0.49061,0.49572,7.09,20.61,6.98,6.56
2987,49.7833,7.0,57.235,-0.103,1.0736,4.51,-2.89,-2.13,6.919,0.00437,0.01555,-2.4,0.0,-0.48967,0.50031,6.87,6.65,7.3,6.86
2988,49.8,7.0,57.245,-0.102,1.0779,3.75,-3.36,-2.67,6.831,-0.0022,0.01803,-0.6,0.0,-0.49594,0.50002,6.93,6.06,7.39,6.94
2989,49.8167,7.0,57.255,-0.101,1.0825,3.45,-3.59,-3.01,7.598,-0.00641,0.01582,0.81,0.81,-0.49973,0.49959,6.59,5.98,10.78,7.04
2990,49.8333,7.0,57.265,-0.101,1.0867,3.03,-3.81,-3.22,6.358,-0.00539,0.01248,0.74,0.74,-0.49908,0.49996,6.83,5.66,5.96,6.98
2991,49.85,7.0,57.276,-0.102,1.0902,2.73,-4.12,-3.39,6.172,-0.00569,0.01024,0.99,0.99,-0.49921,0.49979,6.86,5.23,5.63,6.96
2992,49.8667,7.0,57.288,-0.104,1.0926,2.52,-4.51,-3.57,6.638,-0.00614,0.00292,1.64,1.64,-0.49993,0.50005,6.79,6.66,6.18,6.91
2993,49.8833,7.0,57.299,-0.105,1.0954,2.5,-4.81,-3.69,6.375,-0.00624,-0.00265,2.06,2.06,-0.49986,0.49989,6.87,6.4,5.36,6.87
2994,49.9,7.0,57.311,-0.107,1.0979,2.56,-5.06,-3.69,7.12,-0.00629,-0.01331,2.82,2.82,-0.49993,0.49991,6.96,5.78,8.8,6.94
2995,49.9167,7.0,57.324,-0.11,1.0994,2.66,-5.34,-3.65,7.114,-0.00612,-0.01575,2.94,2.94,-0.49986,0.50001,6.92,5.8,8.86,6.88
2996,49.9333,7.0,57.337,-0.113,1.0997,2.89,-5.71,-3.6,6.764,-0.00618,-0.01363,2.81,2.81,-0.49986,0.49995,6.87,6.66,6.62,6.9
2997,49.95,7.0,57.35,-0.116,1.1001,3.31,-5.99,-3.55,6.902,-0.00597,-0.0126,2.67,2.67,-0.49979,0.50008,6.86,7.28,6.64,6.83
2998,49.9667,7.0,57.363,-0.119,1.1007,3.75,-6.19,-3.38,6.688,-0.00583,-0.01123,2.54,2.54,-0.50022,0.50065,6.65,6.53,6.91,6.66
2999,49.9833,7.0,57.376,-0.123,1.1013,4.21,-6.51,-3.23,6.562,-0.00665,-0.01041,2.72,2.72,-0.5003,0.49993,6.66,5.68,7.14,6.76
3000,50.0,7.0,57.39,-0.127,1.1011,4.49,-6.62,-3.1,6.968,-0.00293,-0.00575,1.28,0.0,-0.49936,0.5027,6.5,6.67,9.35,5.36
3001,50.0167,7.0,57.404,-0.129,1.1021,4.8,-6.53,-3.1,7.345,-0.00682,-0.0056,2.44,2.44,-0.49954,0.499,6.9,6.91,9.85,5.72
3002,50.0333,7.0,57.419,-0.131,1.1016,4.87,-6.62,-3.09,7.246,-0.004,-0.00274,1.39,0.0,-0.49875,0.50102,6.9,6.9,7.54,7.64
3003,50.05,7.0,57.434,-0.132,1.1019,4.72,-6.67,-2.97,7.184,-0.00378,5e-05,1.13,0.0,-0.49885,0.50133,6.9,6.88,7.88,7.07
3004,50.0667,7.0,57.449,-0.131,1.1022,4.65,-6.6,-2.84,6.971,-0.00535,0.00069,1.56,1.56,-0.49912,0.50003,7.0,7.0,7.76,6.13
3005,50.0833,7.0,57.464,-0.131,1.1009,4.55,-6.53,-2.75,6.679,-0.0059,0.00053,1.73,1.73,-0.49935,0.49972,7.01,7.01,6.89,5.8
3006,50.1,7.0,57.479,-0.13,1.1013,4.34,-6.56,-2.63,6.718,-0.00618,0.00095,1.79,1.79,-0.49966,0.49974,6.95,6.15,6.85,6.91
3007,50.1167,7.0,57.495,-0.13,1.1005,4.22,-6.62,-2.43,6.567,-0.00616,-0.00249,2.02,2.02,-0.50006,0.50017,6.8,6.89,7.3,5.27
3008,50.1333,7.0,57.511,-0.13,1.1004,4.27,-6.47,-2.22,7.063,-0.00521,-0.00053,1.6,1.6,-0.49899,0.50005,6.95,6.95,7.35,7.0
3009,50.15,7.0,57.526,-0.131,1.1012,4.33,-6.49,-2.03,7.358,-0.00422,-0.0007,1.31,0.0,-0.49798,0.50003,7.14,7.86,7.63,6.81
3010,50.1667,7.0,57.542,-0.131,1.1011,4.44,-6.67,-1.79,6.815,-0.00695,-0.00387,2.36,2.36,-0.5006,0.49992,6.81,5.31,7.46,7.68
3011,50.1833,7.0,57.558,-0.131,1.101,4.39,-6.58,-1.61,7.011,-0.00543,-0.00349,1.87,1.87,-0.50001,0.50085,6.82,6.81,7.99,6.42
3012,50.2,7.0,57.574,-0.131,1.1001,4.41,-6.5,-1.47,7.352,-0.00779,-0.00502,2.69,2.69,-0.50144,0.49992,7.25,4.29,5.77,12.09
3013,50.2167,7.0,57.59,-0.131,1.1014,4.4,-6.57,-1.25,6.757,-0.00587,-0.00409,2.05,2.05,-0.49923,0.49964,6.83,6.42,7.0,6.77
3014,50.2333,7.0,57.606,-0.131,1.101,4.38,-6.61,-1.07,6.695,-0.0042,-0.00158,1.37,0.0,-0.4988,0.50087,7.04,6.97,5.95,6.82
3015,50.25,7.0,57.619,-0.131,1.1025,3.48,-5.85,-0.76,6.899,-0.0036,0.00027,1.06,0.0,-0.49729,0.49997,6.93,6.9,7.28,6.49
3016,50.2667,7.0,57.632,-0.13,1.1038,2.65,-5.32,-0.39,7.403,-0.00223,0.00228,0.51,0.0,-0.49706,0.50111,6.03,6.12,9.92,7.53
3017,50.2833,7.0,57.646,-0.127,1.1065,2.03,-4.88,-0.12,6.486,0.00156,0.01076,-1.22,0.0,-0.49099,0.49882,6.47,5.82,8.22,5.43
3018,50.3,7.0,57.66,-0.124,1.1101,1.96,-4.45,0.04,6.02,5e-05,0.0151,-1.07,0.0,-0.48958,0.4959,6.69,3.95,7.18,6.27
3019,50.3167,7.0,57.675,-0.121,1.1123,1.89,-4.05,0.18,5.02,-0.00554,0.01561,0.57,0.57,-0.48975,0.49048,6.87,4.59,2.21,6.42
3020,50.3333,7.0,57.691,-0.118,1.1153,1.82,-3.82,0.2,6.459,-0.00652,0.01306,1.04,1.04,-0.49129,0.49104,6.92,6.23,5.84,6.84
3021,50.35,7.0,57.707,-0.115,1.1167,1.85,-3.69,0.24,6.734,-0.01002,0.0055,2.62,2.62,-0.49527,0.49152,6.93,6.15,6.9,6.96
3022,50.3667,7.0,57.719,-0.114,1.1207,1.22,-3.76,-0.32,6.698,-0.00408,0.00435,0.92,0.0,-0.49844,0.50064,6.88,4.95,8.05,6.91
3023,50.3833,7.0,57.728,-0.112,1.1262,0.57,-3.99,-0.79,6.242,-0.00657,-0.00064,2.02,2.02,-0.50051,0.50021,6.08,5.18,6.9,6.81
3024,50.4,7.0,57.738,-0.111,1.1315,-0.05,-4.28,-1.03,6.29,-0.00543,-0.00775,2.17,2.17,-0.49918,0.50002,6.46,5.24,6.57,6.89
3025,50.4167,7.0,57.748,-0.111,1.1359,-0.56,-4.63,-1.12,6.758,-0.00663,-0.01369,2.95,2.95,-0.49868,0.49832,6.85,7.12,6.03,7.03
3026,50.4333,7.0,57.757,-0.11,1.1407,-0.85,-5.21,-1.06,8.599,-0.00703,-0.01358,3.06,3.06,-0.49514,0.49438,9.41,11.4,6.87,6.7
3027,50.45,7.0,57.767,-0.108,1.1434,-0.89,-5.7,-1.02,6.474,-0.01197,-0.01755,4.82,4.82,-0.49939,0.49369,6.67,5.77,6.78,6.68
3028,50.4667,7.0,57.776,-0.108,1.1458,-0.86,-5.91,-0.9,6.054,-0.01491,-0.02048,5.91,5.91,-0.50003,0.49139,6.75,4.72,5.9,6.84
3029,50.4833,7.0,57.787,-0.109,1.1481,-0.84,-6.15,-0.91,10.069,-0.01663,-0.03093,7.15,7.15,-0.50042,0.49007,6.68,5.17,21.77,6.65
3030,50.5,7.0,57.799,-0.111,1.1497,-0.88,-6.39,-0.95,5.147,-0.01703,-0.03798,7.77,7.77,-0.50003,0.48927,6.69,5.5,1.59,6.81
3031,50.5167,7.0,57.811,-0.113,1.1502,-0.89,-6.66,-1.0,6.254,-0.01738,-0.04571,8.41,8.41,-0.50026,0.48916,6.59,5.14,6.65,6.63
3032,50.5333,7.0,57.824,-0.116,1.1499,-0.93,-7.01,-1.01,6.467,-0.01493,-0.04877,7.89,7.89,-0.50027,0.4916,6.54,5.89,6.78,6.64
3033,50.55,7.0,57.837,-0.12,1.1531,-0.64,-6.82,-0.87,7.93,-0.00725,-0.04314,5.19,5.19,-0.49453,0.49356,6.34,6.11,12.32,6.94
3034,50.5667,7.0,57.851,-0.123,1.1525,-0.19,-7.07,-0.82,6.538,-0.00951,-0.03543,5.33,5.33,-0.49674,0.4935,6.63,6.48,6.34,6.7
3035,50.5833,7.0,57.866,-0.127,1.1519,0.14,-7.5,-0.81,6.207,-0.00897,-0.02507,4.44,4.44,-0.50008,0.49739,6.53,4.85,6.79,6.66
3036,50.6,7.0,57.879,-0.13,1.1527,0.71,-7.66,-0.71,6.656,-0.00573,-0.01085,2.48,2.48,-0.49935,0.49989,6.7,6.35,6.81,6.77
3037,50.6167,7.0,57.893,-0.134,1.1523,1.33,-7.86,-0.56,7.074,-0.00635,0.00144,1.8,1.8,-0.50047,0.5004,6.53,5.88,9.2,6.68
3038,50.6333,7.0,57.908,-0.137,1.1505,1.95,-8.05,-0.3,6.526,-0.00635,0.01262,1.02,1.02,-0.50027,0.5002,6.51,5.38,7.49,6.72
3039,50.65,7.0,57.922,-0.14,1.1516,2.31,-8.52,-0.22,6.391,-0.00195,0.02446,-1.13,0.0,-0.49838,0.50271,6.47,6.68,6.59,5.82
3040,50.6667,7.0,57.935,-0.141,1.1526,2.6,-8.55,-0.25,6.888,-0.00491,0.02393,-0.2,0.0,-0.49835,0.49971,6.95,6.94,7.59,6.07
3041,50.6833,7.0,57.949,-0.141,1.1522,2.82,-8.62,-0.24,7.287,-0.00393,0.02681,-0.7,0.0,-0.49774,0.50008,6.95,6.95,6.98,8.27
3042,50.7,7.0,57.964,-0.141,1.1518,2.65,-8.51,-0.15,6.683,-0.00019,0.03261,-2.22,-2.22,-0.49635,0.50243,6.75,6.75,6.96,6.27
3043,50.7167,7.0,57.979,-0.139,1.1525,2.49,-8.51,-0.12,6.945,-0.0026,0.03191,-1.45,-1.45,-0.4962,0.49986,6.91,6.89,7.56,6.42
3044,50.7333,7.0,57.994,-0.137,1.1519,2.42,-8.48,-0.04,6.663,-0.00735,0.02705,0.31,0.31,-0.5011,0.50002,6.91,5.79,6.93,7.02
3045,50.75,7.0,58.01,-0.136,1.1509,2.33,-8.33,0.26,6.011,-0.0059,0.02426,0.07,0.07,-0.49977,0.50014,7.09,5.58,4.31,7.06
3046,50.7667,7.0,58.025,-0.136,1.1511,2.2,-8.49,0.38,7.013,-0.00489,0.01833,0.18,0.0,-0.49989,0.50127,6.83,6.62,7.34,7.26
3047,50.7833,7.0,58.04,-0.135,1.1524,2.21,-8.43,0.6,7.276,-0.00554,0.01548,0.58,0.58,-0.4982,0.49894,7.04,7.45,7.53,7.08
3048,50.8,7.0,58.056,-0.135,1.152,2.32,-8.38,0.77,7.014,-0.00695,0.01052,1.35,1.35,-0.50021,0.49954,6.93,6.18,7.91,7.03
3049,50.8167,7.0,58.072,-0.136,1.1515,2.44,-8.5,0.88,7.01,-0.00592,0.00337,1.54,1.54,-0.49965,0.5,6.71,7.62,7.63,6.08
3050,50.8333,7.0,58.086,-0.136,1.1527,2.02,-8.23,1.0,7.374,-0.00118,0.00443,0.04,0.0,-0.49722,0.50231,6.95,6.98,6.95,8.6
3051,50.85,7.0,58.097,-0.135,1.1548,1.28,-7.62,1.17,9.773,-0.0041,0.00724,0.72,0.0,-0.4969,0.49907,6.42,6.61,7.03,19.03
3052,50.8667,7.0,58.109,-0.135,1.1548,0.34,-7.09,1.32,6.357,-0.0019,0.01049,-0.16,0.0,-0.49603,0.5004,6.54,6.66,6.96,5.27
3053,50.8833,7.0,58.12,-0.133,1.1552,-0.53,-6.66,1.6,7.099,8e-05,0.01433,-1.03,0.0,-0.49579,0.50214,6.33,6.57,8.45,7.05
3054,50.9,7.0,58.132,-0.129,1.1574,-1.04,-6.22,1.82,5.534,-0.00047,0.01782,-1.11,0.0,-0.49274,0.49854,6.53,4.45,6.84,4.32
3055,50.9167,7.0,58.145,-0.125,1.161,-1.03,-5.79,1.94,3.784,-0.00255,0.02021,-0.65,0.0,-0.49311,0.49683,6.6,-5.12,6.87,6.79
3056,50.9333,7.0,58.158,-0.121,1.1638,-1.02,-5.38,2.06,5.884,-0.01065,0.01291,2.29,2.29,-0.49402,0.48964,7.02,5.88,4.87,5.75
3057,50.95,7.0,58.172,-0.117,1.1676,-0.97,-5.17,1.96,7.163,-0.01585,-0.00373,5.02,5.02,-0.49796,0.48838,6.87,5.76,9.19,6.83
3058,50.9667,7.0,58.186,-0.114,1.1698,-0.92,-4.97,1.89,6.377,-0.01823,-0.01781,6.71,6.71,-0.50076,0.4888,6.87,4.95,6.86,6.84
3059,50.9833,7.0,58.201,-0.112,1.1709,-0.94,-4.68,1.92,6.136,-0.01733,-0.03154,7.41,7.41,-0.50025,0.48919,6.7,4.33,6.77,6.75
3060,51.0,7.0,58.214,-0.112,1.1744,-1.43,-4.62,1.43,6.76,-0.00568,-0.03368,4.06,4.41,-0.49993,0.50052,6.74,4.93,8.74,6.63
3061,51.0167,7.0,58.223,-0.11,1.1798,-2.1,-4.94,0.97,6.352,-0.00647,-0.0358,4.45,4.45,-0.50049,0.50029,6.08,4.92,7.61,6.8
3062,51.0333,7.0,58.233,-0.109,1.1846,-2.6,-5.28,0.75,6.12,-0.00609,-0.03515,4.29,4.29,-0.50003,0.5002,6.51,8.78,2.19,7.0
3063,51.05,7.0,58.243,-0.108,1.1893,-2.97,-5.5,0.54,5.451,-0.00586,-0.02601,3.58,3.58,-0.49959,0.5,6.62,5.32,2.91,6.95
3064,51.0667,7.0,58.253,-0.108,1.1936,-3.29,-5.9,0.52,6.228,-0.00647,-0.01324,2.87,2.87,-0.49668,0.49648,5.5,5.37,7.19,6.85
3065,51.0833,7.0,58.264,-0.106,1.1971,-3.38,-6.45,0.69,6.65,-0.00829,-0.00143,2.59,2.59,-0.4972,0.49517,6.79,6.57,6.72,6.51
3066,51.1,7.0,58.275,-0.105,1.199,-3.41,-6.92,0.76,5.758,-0.01827,-0.00223,5.64,5.59,-0.49983,0.48783,6.65,6.27,3.74,6.37
3067,51.1167,7.0,58.285,-0.106,1.2026,-3.54,-7.11,0.51,6.521,-0.01997,-0.01666,7.16,7.16,-0.50014,0.48644,6.62,6.24,6.62,6.61
3068,51.1333,7.0,58.296,-0.107,1.2045,-3.66,-7.25,0.33,6.007,-0.01964,-0.0282,7.87,7.87,-0.50011,0.48674,5.71,4.78,6.78,6.76
3069,51.15,7.0,58.308,-0.108,1.2055,-3.66,-7.45,0.31,6.484,-0.01962,-0.03874,8.6,8.6,-0.50024,0.48688,7.36,5.14,6.72,6.71
3070,51.1667,7.0,58.32,-0.11,1.2051,-3.52,-7.68,0.38,5.712,-0.01917,-0.04778,9.1,9.1,-0.5,0.4871,6.57,3.02,6.64,6.62
3071,51.1833,7.0,58.333,-0.112,1.2063,-3.24,-7.74,0.44,6.428,-0.01581,-0.05165,8.36,8.36,-0.49789,0.48835,6.58,6.69,5.68,6.75
3072,51.2,7.0,58.346,-0.114,1.2072,-2.89,-7.97,0.52,6.73,-0.0175,-0.05491,9.09,9.09,-0.50018,0.48895,6.58,6.16,7.52,6.67
3073,51.2167,7.0,58.36,-0.116,1.2068,-2.58,-8.16,0.68,6.14,-0.01726,-0.04729,8.49,8.49,-0.50024,0.48925,6.56,5.29,6.12,6.59
3074,51.2333,7.0,58.374,-0.119,1.2047,-2.18,-8.34,0.82,6.553,-0.01622,-0.03775,7.51,7.51,-0.50019,0.49025,6.6,6.34,6.63,6.63
3075,51.25,7.0,58.388,-0.121,1.206,-1.71,-8.5,0.86,6.451,-0.00933,-0.02262,4.38,4.51,-0.49902,0.49596,6.62,5.95,6.63,6.61
3076,51.2667,7.0,58.402,-0.124,1.2067,-1.22,-8.76,0.98,6.877,-0.00855,-0.00851,3.16,3.16,-0.49996,0.49768,6.66,7.17,6.94,6.73
3077,51.2833,7.0,58.416,-0.127,1.206,-0.78,-8.98,1.15,6.482,-0.00759,0.00443,1.97,1.97,-0.50012,0.49881,6.68,5.7,6.81,6.74
3078,51.3,7.0,58.431,-0.13,1.2042,-0.35,-9.21,1.3,6.391,-0.00498,0.01504,0.44,0.0,-0.50029,0.50158,6.8,5.73,6.21,6.82
3079,51.3167,7.0,58.445,-0.132,1.2062,0.12,-9.38,1.2,6.497,-0.00282,0.02832,-1.14,0.0,-0.49654,0.49999,7.04,7.13,5.49,6.33
3080,51.3333,7.0,58.459,-0.133,1.2064,0.28,-9.48,1.25,6.756,-0.00345,0.03913,-1.7,-1.7,-0.49745,0.50027,6.94,5.83,7.2,7.05
3081,51.35,7.0,58.474,-0.133,1.2059,0.28,-9.37,1.23,7.031,-0.00313,0.0479,-2.42,-2.42,-0.49723,0.50038,6.94,6.93,8.49,5.76
3082,51.3667,7.0,58.489,-0.132,1.2058,0.15,-9.3,1.22,6.762,-0.00158,0.05012,-3.04,-3.04,-0.49694,0.50164,6.76,6.76,7.28,6.25
3083,51.3833,7.0,58.504,-0.13,1.2062,0.05,-9.38,1.22,6.866,-0.00688,0.04582,-1.14,-1.14,-0.50086,0.50025,6.74,6.32,7.41,7.0
3084,51.4,7.0,58.519,-0.129,1.2062,-0.05,-9.37,1.51,6.532,-0.00711,0.04081,-0.72,-0.72,-0.50017,0.49932,6.96,5.28,6.96,6.93
3085,51.4167,7.0,58.535,-0.128,1.2045,-0.04,-9.29,1.72,5.718,-0.00384,0.03708,-1.44,-1.44,-0.49919,0.50162,6.96,7.0,3.08,5.82
3086,51.4333,7.0,58.55,-0.125,1.2061,-0.15,-9.34,1.82,6.585,-0.00945,0.02582,1.03,1.03,-0.50036,0.49718,6.61,6.25,6.83,6.65
3087,51.45,7.0,58.565,-0.124,1.2068,-0.4,-9.19,1.88,1.8,-0.00857,0.01745,1.35,1.35,-0.49891,0.49661,5.9,15.52,5.52,-19.74
3088,51.4667,7.0,58.576,-0.126,1.2073,-1.67,-8.28,1.86,5.757,-0.00743,0.01093,1.46,1.46,-0.49813,0.49697,5.16,6.03,6.28,5.55
3089,51.4833,7.0,58.588,-0.127,1.2062,-2.58,-7.9,2.05,4.701,0.00095,0.01221,-1.14,0.0,-0.49761,0.50483,4.78,5.24,14.85,-6.07
3090,51.5,7.0,58.598,-0.123,1.2083,-3.42,-7.23,2.5,5.863,-0.00383,0.01389,0.18,0.0,-0.4975,0.49994,6.75,6.31,2.85,7.55
3091,51.5167,7.0,58.607,-0.119,1.2122,-3.58,-6.86,2.66,7.597,-0.01249,0.00669,3.28,3.0,-0.50101,0.49479,12.79,3.34,5.2,9.07
3092,51.5333,7.0,58.615,-0.114,1.2158,-3.55,-6.46,2.83,4.125,-0.01265,-0.00318,4.02,4.02,-0.49904,0.49265,6.56,0.55,6.88,2.51
3093,51.55,7.0,58.624,-0.11,1.2188,-3.46,-5.97,2.95,7.48,-0.01862,-0.01223,6.44,6.44,-0.49954,0.4872,7.11,7.38,8.64,6.79
3094,51.5667,7.0,58.633,-0.106,1.2223,-3.42,-5.75,2.93,5.373,-0.02533,-0.028,9.56,9.44,-0.50009,0.48103,6.63,4.91,3.13,6.82
3095,51.5833,7.0,58.643,-0.104,1.2265,-3.32,-5.52,2.88,5.809,-0.0278,-0.04559,11.53,11.53,-0.49929,0.47776,6.58,3.02,7.92,5.71
3096,51.6,7.0,58.654,-0.101,1.2294,-3.17,-5.25,2.86,5.492,-0.03068,-0.07265,14.29,14.29,-0.49979,0.47537,6.48,3.1,6.58,5.81
3097,51.6167,7.0,58.665,-0.099,1.2317,-3.03,-4.94,2.89,5.544,-0.03285,-0.09378,16.42,16.42,-0.49949,0.47291,6.34,3.34,6.45,6.05
3098,51.6333,7.0,58.678,-0.097,1.2346,-2.87,-4.75,2.86,5.664,-0.03495,-0.10563,17.88,17.88,-0.49986,0.47118,6.18,4.89,4.96,6.63
3099,51.65,7.0,58.692,-0.095,1.2372,-2.69,-4.63,2.88,6.185,-0.03574,-0.1167,18.89,18.89,-0.49997,0.4705,6.14,4.71,7.45,6.45
3100,51.6667,7.0,58.706,-0.093,1.2379,-2.47,-4.52,2.92,5.454,-0.0357,-0.12027,19.13,19.13,-0.49999,0.47057,6.05,4.38,6.3,5.09
3101,51.6833,7.0,58.721,-0.093,1.2392,-2.33,-4.42,2.91,6.459,-0.03478,-0.11556,18.52,18.52,-0.50036,0.47184,6.15,7.32,6.15,6.21
3102,51.7,7.0,58.736,-0.092,1.2405,-2.19,-4.42,2.96,6.423,-0.03166,-0.10566,16.89,16.89,-0.49991,0.47452,6.13,6.94,6.2,6.42
3103,51.7167,7.0,58.752,-0.091,1.2404,-1.98,-4.45,3.06,6.29,-0.03044,-0.09274,15.62,15.62,-0.49974,0.47557,6.31,6.16,6.33,6.36
3104,51.7333,7.0,58.766,-0.092,1.2424,-2.15,-4.73,2.82,6.464,-0.02507,-0.0736,12.67,12.67,-0.49929,0.48049,6.33,6.1,7.07,6.35
3105,51.75,7.0,58.78,-0.092,1.2438,-2.36,-5.08,2.6,6.031,-0.02323,-0.05272,10.66,10.66,-0.50039,0.48342,6.16,6.82,4.8,6.34
3106,51.7667,7.0,58.793,-0.092,1.2466,-2.36,-5.21,2.44,7.224,-0.02261,-0.03288,9.08,9.08,-0.50006,0.48373,6.31,6.43,9.6,6.55
3107,51.7833,7.0,58.806,-0.093,1.2484,-2.3,-5.39,2.33,6.683,-0.0215,-0.01433,7.45,7.45,-0.49969,0.48447,6.64,6.9,6.6,6.6
3108,51.8,7.0,58.82,-0.093,1.2488,-2.14,-5.62,2.23,6.467,-0.02155,0.001,6.4,6.4,-0.49993,0.48464,6.78,7.08,5.31,6.7
3109,51.8167,7.0,58.834,-0.094,1.2492,-1.95,-5.87,2.16,6.687,-0.02184,0.01098,5.78,5.78,-0.50129,0.48571,6.88,6.66,6.42,6.78
3110,51.8333,7.0,58.848,-0.095,1.2502,-1.68,-5.95,2.24,6.308,-0.01896,0.02147,4.19,4.19,-0.49919,0.4865,6.7,6.62,8.91,3.01
3111,51.85,7.0,58.862,-0.096,1.25,-1.5,-5.97,2.27,6.862,-0.01507,0.02917,2.48,2.48,-0.49967,0.49087,6.84,7.12,7.05,6.43
3112,51.8667,7.0,58.877,-0.097,1.2482,-1.41,-6.0,2.27,5.965,-0.01073,0.03853,0.52,0.52,-0.49894,0.49447,7.07,3.53,5.15,8.11
3113,51.8833,7.0,58.892,-0.098,1.2486,-1.48,-6.01,2.18,6.563,-0.00756,0.04938,-1.19,-1.19,-0.50044,0.49915,7.03,6.13,6.12,6.98
3114,51.9,7.0,58.908,-0.098,1.2494,-1.36,-5.96,2.21,7.724,-0.00424,0.0612,-3.01,-3.01,-0.49895,0.50098,6.93,9.2,8.9,5.87
3115,51.9167,7.0,58.924,-0.097,1.2486,-1.34,-5.9,2.09,6.837,-0.00706,0.06877,-2.7,-2.7,-0.50072,0.49993,6.85,7.02,7.0,6.47
3116,51.9333,7.0,58.939,-0.096,1.2483,-1.4,-6.06,2.01,5.608,-0.0064,0.0764,-3.43,-3.43,-0.49953,0.4994,6.66,4.1,6.97,4.7
3117,51.95,7.0,58.955,-0.095,1.2493,-1.44,-5.97,2.0,6.59,-0.00712,0.07941,-3.42,-3.42,-0.49974,0.49888,6.83,6.55,6.33,6.65
3118,51.9667,7.0,58.97,-0.094,1.2491,-1.47,-5.88,2.08,6.562,-0.0076,0.07757,-3.15,-3.15,-0.50017,0.49885,6.77,5.8,6.76,6.92
3119,51.9833,7.0,58.987,-0.093,1.2478,-1.49,-5.86,2.13,7.324,-0.0061,0.07303,-3.28,-3.28,-0.5004,0.50058,7.08,8.3,7.26,6.65
3120,52.0,7.0,59.002,-0.093,1.2481,-1.57,-6.0,2.18,6.248,-0.00731,0.06453,-2.32,-2.32,-0.50153,0.50049,7.02,5.11,6.0,6.87
3121,52.0167,7.0,59.017,-0.092,1.2493,-1.49,-5.96,2.29,6.624,-0.006,0.05497,-2.05,-2.05,-0.49973,0.5,6.87,5.73,6.94,6.96
3122,52.0333,7.0,59.032,-0.092,1.2487,-1.36,-5.93,2.39,7.048,-0.00738,0.04804,-1.15,-1.15,-0.50058,0.49946,6.97,5.07,6.8,9.35
3123,52.05,7.0,59.048,-0.092,1.2485,-1.34,-6.05,2.46,6.977,-0.0068,0.04186,-0.89,-0.89,-0.50024,0.49971,6.92,6.69,7.35,6.95
3124,52.0667,7.0,59.063,-0.091,1.249,-1.46,-5.98,2.45,6.965,-0.00558,0.03843,-1.02,-1.02,-0.50001,0.50071,6.91,6.95,7.21,6.8
3125,52.0833,7.0,59.079,-0.089,1.2489,-1.5,-5.86,2.53,6.896,-0.00635,0.0351,-0.55,-0.55,-0.5001,0.50002,6.89,6.13,7.59,6.97
3126,52.1,7.0,59.091,-0.088,1.2509,-2.43,-4.89,2.65,6.93,-0.00011,0.03704,-2.56,-2.56,-0.49773,0.50388,6.82,6.82,7.58,6.5
3127,52.1167,7.0,59.103,-0.085,1.2539,-3.36,-4.25,3.09,7.071,-0.00743,0.03247,-0.04,-0.04,-0.4979,0.49674,5.36,5.97,10.08,6.88
3128,52.1333,7.0,59.114,-0.082,1.2553,-4.34,-3.76,3.39,7.696,-0.00622,0.02835,-0.12,-0.12,-0.49738,0.49743,6.22,6.32,7.08,11.16
3129,52.15,7.0,59.125,-0.079,1.2575,-5.15,-3.48,3.61,5.762,-0.00328,0.02918,-1.06,0.0,-0.49587,0.49887,3.66,6.49,6.89,6.01
3130,52.1667,7.0,59.137,-0.075,1.2605,-5.81,-3.28,3.72,10.147,-0.00293,0.02966,-1.2,0.0,-0.49291,0.49626,19.76,7.72,6.75,6.35
3131,52.1833,7.0,59.147,-0.07,1.2632,-5.77,-2.68,3.88,6.875,-0.00602,0.02564,0.01,0.01,-0.49076,0.49101,6.68,7.55,6.79,6.48
3132,52.2,7.0,59.159,-0.066,1.2677,-5.54,-2.47,3.83,5.821,-0.01407,0.01462,3.2,3.01,-0.49429,0.48648,5.5,6.06,6.7,5.02
3133,52.2167,7.0,59.171,-0.061,1.2695,-5.3,-2.08,3.68,6.335,-0.01978,-0.00735,6.45,6.01,-0.49738,0.48387,6.87,4.3,6.75,7.42
3134,52.2333,7.0,59.184,-0.057,1.2701,-5.02,-1.7,3.54,4.235,-0.02447,-0.024,9.02,9.01,-0.50169,0.48349,5.3,3.19,6.59,1.86
3135,52.25,7.0,59.198,-0.056,1.2727,-4.89,-1.43,3.27,5.95,-0.02348,-0.03888,9.77,9.77,-0.5001,0.48288,5.02,5.73,6.47,6.58
3136,52.2667,7.0,59.212,-0.055,1.274,-4.72,-1.17,3.11,6.702,-0.02326,-0.05477,10.81,10.81,-0.50013,0.48314,6.59,6.94,6.64,6.64
3137,52.2833,7.0,59.227,-0.054,1.2735,-4.43,-0.94,2.94,6.475,-0.02289,-0.06873,11.68,11.68,-0.50015,0.48353,6.52,6.13,6.57,6.69
3138,52.3,7.0,59.242,-0.053,1.273,-4.02,-0.95,2.82,4.919,-0.02425,-0.07923,12.82,12.82,-0.50102,0.48305,6.33,6.57,6.53,0.25
3139,52.3167,7.0,59.257,-0.054,1.2733,-3.76,-0.88,2.75,6.512,-0.02213,-0.07801,12.1,12.1,-0.49996,0.4841,6.75,6.06,6.4,6.83
3140,52.3333,7.0,59.273,-0.055,1.2721,-3.46,-0.78,2.7,6.896,-0.02182,-0.07074,11.5,11.5,-0.49994,0.48439,6.43,6.46,6.55,8.14
3141,52.35,7.0,59.289,-0.056,1.2723,-3.29,-0.67,2.77,6.844,-0.01562,-0.05315,8.4,8.5,-0.50019,0.49084,8.02,6.59,6.54,6.23
3142,52.3667,7.0,59.305,-0.058,1.2731,-3.18,-0.66,2.66,6.575,-0.01084,-0.03377,5.62,5.62,-0.49983,0.49525,6.7,6.62,6.72,6.26
3143,52.3833,7.0,59.32,-0.059,1.2724,-3.16,-0.67,2.54,6.694,-0.00742,-0.01342,3.17,3.17,-0.49929,0.49814,6.54,6.77,6.78,6.68
3144,52.4,7.0,59.337,-0.059,1.2702,-3.13,-0.65,2.47,5.54,-0.0035,0.00813,0.48,0.17,-0.49783,0.5006,3.38,7.62,6.55,4.61
3145,52.4167,7.0,59.352,-0.059,1.2722,-2.97,-0.54,2.57,7.019,-0.00609,0.02583,0.02,0.02,-0.49947,0.49964,6.83,6.93,6.88,7.43
3146,52.4333,7.0,59.368,-0.059,1.2728,-2.87,-0.53,2.58,6.855,-0.00625,0.03906,-0.86,-0.86,-0.49975,0.49977,6.79,6.97,6.99,6.67
3147,52.45,7.0,59.384,-0.058,1.2717,-2.87,-0.56,2.58,6.828,-0.00624,0.05039,-1.65,-1.65,-0.5001,0.50013,6.53,6.93,6.95,6.91
3148,52.4667,7.0,59.399,-0.057,1.2714,-2.88,-0.53,2.6,6.809,-0.00942,0.05071,-0.72,-0.72,-0.50228,0.49913,6.47,7.01,7.0,6.75
3149,52.4833,7.0,59.414,-0.057,1.2726,-3.05,-0.62,2.57,6.964,-0.00628,0.04933,-1.57,-1.57,-0.50017,0.50016,6.76,6.92,6.93,7.25
3150,52.5,7.0,59.429,-0.056,1.2725,-3.21,-0.69,2.48,6.784,-0.00613,0.04473,-1.29,-1.29,-0.49997,0.50011,6.98,6.99,7.02,6.15
3151,52.5167,7.0,59.445,-0.055,1.2708,-3.34,-0.73,2.38,7.036,-0.00666,0.03611,-0.53,-0.53,-0.49978,0.49939,7.9,6.23,7.04,6.97
3152,52.5333,7.0,59.46,-0.054,1.2721,-3.35,-0.78,2.43,6.823,-0.00558,0.03231,-0.59,-0.59,-0.49866,0.49935,6.92,6.97,6.85,6.55
3153,52.55,7.0,59.475,-0.053,1.2727,-3.47,-0.84,2.36,6.848,-0.00629,0.02839,-0.1,-0.1,-0.50006,0.50003,6.81,6.97,6.94,6.68
3154,52.5667,7.0,59.49,-0.052,1.2723,-3.48,-0.83,2.34,6.661,-0.00666,0.02455,0.28,0.28,-0.5003,0.49991,6.98,5.66,7.0,7.0
3155,52.5833,7.0,59.506,-0.051,1.2704,-3.4,-0.81,2.37,6.521,-0.0076,0.02348,0.64,0.64,-0.50033,0.49899,4.59,9.51,6.51,5.47
3156,52.6,7.0,59.52,-0.05,1.2723,-3.58,-0.89,2.43,6.451,-0.00603,0.02091,0.35,0.35,-0.49958,0.49981,7.54,5.05,6.95,6.26
3157,52.6167,7.0,59.535,-0.049,1.2727,-3.55,-0.84,2.4,7.04,-0.00738,0.01711,1.02,1.02,-0.50028,0.49917,7.67,6.63,6.92,6.93
3158,52.6333,7.0,59.551,-0.049,1.2715,-3.46,-0.76,2.4,6.636,-0.00704,0.01467,1.08,1.08,-0.50003,0.49926,6.97,5.61,6.98,6.98
3159,52.65,7.0,59.566,-0.049,1.2717,-3.36,-0.74,2.5,7.781,-0.00666,0.01179,1.17,1.17,-0.50087,0.50048,9.11,7.2,7.08,7.72
3160,52.6667,7.0,59.581,-0.048,1.2727,-3.35,-0.76,2.45,6.952,-0.00713,0.0095,1.48,1.48,-0.4998,0.49893,7.31,6.99,6.97,6.54
3161,52.6833,7.0,59.597,-0.048,1.2722,-3.38,-0.82,2.38,6.177,-0.00514,0.00993,0.85,0.85,-0.49918,0.50031,6.32,5.56,6.93,5.9
3162,52.7,7.0,59.613,-0.047,1.2702,-3.31,-0.81,2.35,5.891,-0.00623,0.01015,1.16,1.16,-0.49997,0.50001,6.84,7.06,6.85,2.82
3163,52.7167,7.0,59.628,-0.046,1.2722,-3.34,-0.78,2.38,6.698,-0.00672,0.00822,1.44,1.44,-0.49897,0.49851,6.42,7.02,6.92,6.44
3164,52.7333,7.0,59.643,-0.045,1.2726,-3.46,-0.83,2.43,6.733,-0.00529,0.00939,0.93,0.93,-0.49917,0.50016,8.12,4.4,6.92,7.49
3165,52.75,7.0,59.658,-0.044,1.2731,-3.62,-0.71,2.52,7.558,-0.00513,0.01023,0.82,0.82,-0.49967,0.50082,7.94,7.06,6.96,8.27
3166,52.7667,7.0,59.672,-0.044,1.2759,-4.06,-0.52,2.55,6.791,-0.00025,0.0156,-1.02,0.0,-0.49425,0.50027,8.31,6.01,6.76,6.09
3167,52.7833,7.0,59.686,-0.042,1.2788,-4.4,-0.48,2.63,5.447,-0.00248,0.01852,-0.55,0.0,-0.49609,0.49989,5.28,6.5,6.84,3.17
3168,52.8,7.0,59.7,-0.041,1.2805,-4.68,-0.45,2.64,5.073,-0.00141,0.02014,-0.99,0.0,-0.49415,0.49901,5.03,4.4,6.81,4.05
3169,52.8167,7.0,59.715,-0.038,1.2818,-4.47,-0.24,2.52,6.027,-0.00431,0.0197,-0.09,0.0,-0.49513,0.49709,6.87,5.83,6.78,4.63
3170,52.8333,7.0,59.73,-0.036,1.2818,-4.4,-0.01,2.46,4.74,-0.01149,0.01243,2.58,2.58,-0.49647,0.49125,2.99,5.56,6.73,3.67
3171,52.85,7.0,59.746,-0.035,1.2833,-4.5,0.07,2.49,6.726,-0.01234,0.00368,3.45,3.45,-0.49849,0.49242,6.67,6.88,6.76,6.59
3172,52.8667,7.0,59.763,-0.033,1.2826,-4.56,0.04,2.47,6.727,-0.0117,-0.00353,3.76,3.76,-0.49887,0.49344,6.14,7.34,6.85,6.58
3173,52.8833,7.0,59.779,-0.032,1.2806,-4.6,0.08,2.41,6.096,-0.0148,-0.01807,5.7,5.7,-0.50059,0.49206,4.73,6.87,7.02,5.76
3174,52.9,7.0,59.795,-0.031,1.2808,-4.63,0.29,2.33,6.963,-0.0136,-0.02734,5.99,5.99,-0.50033,0.49301,7.41,6.35,6.79,7.31
3175,52.9167,7.0,59.812,-0.031,1.2793,-4.63,0.5,2.18,6.83,-0.0131,-0.03609,6.46,6.46,-0.50007,0.49324,6.77,6.96,6.79,6.79
3176,52.9333,7.0,59.828,-0.03,1.2757,-4.55,0.74,2.02,6.782,-0.01293,-0.04062,6.72,6.72,-0.5001,0.49344,6.75,6.85,6.76,6.77
3177,52.95,7.0,59.845,-0.031,1.2726,-4.62,1.2,1.81,6.039,-0.0117,-0.03597,6.03,6.03,-0.50079,0.49536,5.29,6.27,6.92,5.67
3178,52.9667,7.0,59.863,-0.031,1.2699,-4.46,1.72,1.71,9.141,-0.0063,-0.02543,3.67,3.67,-0.4971,0.49707,7.01,15.63,6.51,7.41
3179,52.9833,7.0,59.881,-0.031,1.2688,-4.25,1.8,1.85,6.892,-0.00725,-0.0178,3.42,3.42,-0.50034,0.49936,7.46,6.69,6.67,6.74
3180,53.0,7.0,59.899,-0.03,1.2656,-4.18,1.81,1.89,6.982,-0.00748,-0.00814,2.81,2.81,-0.50097,0.49976,7.5,6.8,6.82,6.81
3181,53.0167,7.0,59.915,-0.032,1.267,-3.63,1.67,1.87,7.049,-0.00594,0.00071,1.73,1.73,-0.49905,0.49938,7.2,7.15,6.93,6.91
3182,53.0333,7.0,59.932,-0.035,1.2666,-3.22,1.67,1.79,6.946,-0.00488,0.00909,0.83,0.0,-0.49873,0.50012,6.92,6.89,6.96,7.01
3183,53.05,7.0,59.948,-0.037,1.2638,-2.77,1.68,1.59,6.781,-0.00526,0.01589,0.47,0.47,-0.49902,0.50003,6.93,6.8,6.92,6.48
3184,53.0667,7.0,59.964,-0.039,1.2608,-2.13,1.65,1.45,7.42,-0.00858,0.01719,1.37,1.37,-0.50158,0.49927,6.45,7.59,6.9,8.73
3185,53.0833,7.0,59.98,-0.042,1.2588,-1.47,1.68,1.36,6.368,-0.00617,0.01525,0.78,0.78,-0.5009,0.50099,6.88,6.78,6.7,5.11
3186,53.1,7.0,59.996,-0.045,1.2552,-0.73,1.75,1.16,6.677,-0.00643,0.01427,0.93,0.93,-0.50008,0.49992,6.31,6.72,6.81,6.86
3187,53.1167,7.0,60.011,-0.048,1.2515,-0.09,1.6,0.9,5.307,-0.00421,0.01592,0.15,0.0,-0.49976,0.50182,7.57,6.29,7.67,-0.3
3188,53.1333,7.0,60.025,-0.049,1.2535,0.14,1.63,0.8,7.139,-0.00457,0.01542,0.29,0.0,-0.49849,0.50019,7.07,7.04,7.4,7.04
3189,53.15,7.0,60.039,-0.05,1.2532,0.1,1.67,0.66,7.346,-0.00421,0.01426,0.26,0.0,-0.49853,0.50059,6.87,6.87,8.49,7.15
3190,53.1667,7.0,60.054,-0.051,1.2513,-0.01,1.69,0.5,7.874,-0.00266,0.01522,-0.27,0.0,-0.49791,0.50152,7.08,6.42,6.5,11.5
3191,53.1833,7.0,60.068,-0.05,1.253,0.11,1.61,0.46,6.69,-0.00536,0.01671,0.44,0.44,-0.49849,0.4994,6.87,7.13,7.67,5.08
3192,53.2,7.0,60.083,-0.05,1.2537,0.11,1.64,0.49,6.961,-0.00415,0.01679,0.07,0.0,-0.49797,0.50009,6.93,6.95,7.23,6.73
3193,53.2167,7.0,60.098,-0.05,1.2527,0.02,1.7,0.49,6.126,-0.00343,0.01786,-0.22,0.0,-0.49712,0.49996,6.95,3.76,6.98,6.81
3194,53.2333,7.0,60.114,-0.049,1.2519,0.06,1.61,0.54,6.276,-0.00603,0.01385,0.84,0.84,-0.49923,0.49947,8.06,4.46,5.82,6.77
3195,53.25,7.0,60.129,-0.049,1.2533,0.11,1.62,0.52,6.873,-0.00456,0.0122,0.52,0.0,-0.499,0.5007,6.95,7.24,7.45,5.86
3196,53.2667,7.0,60.145,-0.048,1.2531,0.03,1.67,0.45,7.265,-0.00529,0.00962,0.91,0.91,-0.49914,0.50012,6.98,7.51,7.53,7.04
3197,53.2833,7.0,60.161,-0.048,1.2514,-0.1,1.71,0.43,6.485,-0.00613,0.0049,1.49,1.49,-0.49979,0.49993,7.0,6.23,2.42,10.29
3198,53.3,7.0,60.177,-0.048,1.253,0.06,1.63,0.42,6.728,-0.0035,0.00623,0.61,0.0,-0.49767,0.50044,6.0,7.62,6.29,7.0
3199,53.3167,7.0,60.192,-0.047,1.2536,0.11,1.64,0.41,6.942,-0.00464,0.00498,1.04,0.0,-0.49856,0.5002,6.9,7.25,7.38,6.24
3200,53.3333,7.0,60.208,-0.047,1.2526,0.02,1.72,0.41,6.897,-0.00494,0.00283,1.28,0.0,-0.49869,0.50002,7.0,6.88,6.98,6.73
3201,53.35,7.0,60.224,-0.047,1.2519,0.05,1.62,0.49,6.415,-0.00645,0.00206,1.79,1.79,-0.49946,0.49928,7.82,3.85,6.26,7.74
3202,53.3667,7.0,60.239,-0.047,1.2533,0.11,1.62,0.43,6.889,-0.00464,0.00173,1.27,0.0,-0.49908,0.50072,6.91,7.13,7.81,5.69
3203,53.3833,7.0,60.255,-0.046,1.2532,0.05,1.67,0.35,7.057,-0.0047,0.00212,1.26,0.0,-0.49867,0.50024,6.95,6.95,7.4,6.92
3204,53.4,7.0,60.271,-0.045,1.2516,-0.08,1.7,0.35,6.54,-0.0053,0.00272,1.4,1.4,-0.499,0.49997,3.75,10.02,6.99,5.41
3205,53.4167,7.0,60.287,-0.044,1.251,0.01,1.84,0.38,6.998,-0.00569,0.00014,1.7,1.7,-0.4996,0.50017,7.06,7.47,6.43,7.02
3206,53.4333,7.0,60.304,-0.044,1.2499,0.03,2.1,0.51,7.164,-0.0068,-0.0021,2.19,2.19,-0.50057,0.50003,3.95,10.38,8.05,6.28
3207,53.45,7.0,60.321,-0.044,1.2479,-0.07,2.31,0.39,6.977,-0.00635,-0.00331,2.14,2.14,-0.50006,0.49998,6.57,7.15,6.92,7.27
3208,53.4667,7.0,60.338,-0.044,1.2442,-0.23,2.55,0.24,6.65,-0.00661,-0.00308,2.2,2.2,-0.50035,0.50001,6.79,5.94,6.91,6.97
3209,53.4833,7.0,60.355,-0.045,1.2407,0.02,3.3,0.24,7.099,-0.00371,-0.00175,1.24,0.0,-0.4982,0.50076,7.91,6.19,7.37,6.93
3210,53.5,7.0,60.371,-0.045,1.2356,0.28,3.99,0.26,6.321,-0.00629,-0.00317,2.11,2.11,-0.50099,0.50097,6.69,6.78,7.32,4.49
3211,53.5167,7.0,60.387,-0.044,1.2301,0.57,4.67,0.53,6.71,-0.00574,-0.00324,1.95,1.95,-0.5,0.50054,6.64,6.44,7.94,5.83
3212,53.5333,7.0,60.401,-0.041,1.2239,0.75,5.53,0.97,6.024,-0.00594,-0.0031,2.0,2.0,-0.49993,0.50026,6.58,6.44,6.93,4.15
3213,53.55,7.0,60.416,-0.038,1.222,0.09,5.64,0.91,6.144,-0.00142,0.00281,0.23,0.0,-0.49466,0.49952,6.14,4.47,6.53,7.44
3214,53.5667,7.0,60.432,-0.034,1.2212,-0.08,5.66,0.98,6.372,-0.00707,0.00173,2.0,2.0,-0.5,0.4992,6.59,6.95,5.55,6.39
3215,53.5833,7.0,60.447,-0.031,1.2212,-0.35,5.32,1.09,6.472,-0.00942,-0.00137,2.92,2.92,-0.50105,0.4979,7.05,6.11,6.73,6.0
3216,53.6,7.0,60.462,-0.03,1.2228,-0.31,5.7,1.45,6.703,-0.00633,-0.0039,2.17,2.17,-0.4949,0.49484,6.75,6.59,6.55,6.93
3217,53.6167,7.0,60.478,-0.028,1.2223,-0.23,5.73,1.5,6.857,-0.0072,-0.00437,2.47,2.47,-0.49538,0.49446,6.9,6.71,6.9,6.91
3218,53.6333,7.0,60.494,-0.026,1.2213,-0.34,5.61,1.39,5.993,-0.00618,-0.0043,2.15,2.15,-0.49668,0.49677,6.75,4.88,5.44,6.9
3219,53.65,7.0,60.509,-0.025,1.2221,-0.28,5.65,1.21,6.511,-0.00862,-0.00654,3.04,3.04,-0.50027,0.49792,6.87,6.11,6.13,6.93
3220,53.6667,7.0,60.525,-0.024,1.2223,-0.23,5.73,1.1,9.345,-0.00868,-0.01323,3.53,3.53,-0.49903,0.49662,7.02,8.66,14.64,7.06
3221,53.6833,7.0,60.54,-0.024,1.2209,-0.17,5.71,0.91,6.704,-0.0086,-0.01321,3.5,3.5,-0.50043,0.4981,6.8,6.3,6.96,6.76
3222,53.7,7.0,60.555,-0.023,1.2217,-0.2,5.62,0.68,7.095,-0.00618,-0.0083,2.44,2.44,-0.50003,0.50011,6.93,6.93,7.6,6.92
3223,53.7167,7.0,60.57,-0.023,1.2225,-0.07,5.61,0.55,6.863,-0.00607,-0.00703,2.31,2.31,-0.4999,0.5001,6.91,6.58,7.07,6.9
3224,53.7333,7.0,60.585,-0.023,1.2219,0.04,5.6,0.49,6.485,-0.00524,-0.00418,1.86,1.86,-0.49927,0.5003,6.93,6.1,6.95,5.96
3225,53.75,7.0,60.601,-0.023,1.221,-0.0,5.5,0.37,7.396,-0.00613,-0.00363,2.09,2.09,-0.49963,0.49977,6.93,7.98,7.82,6.85
3226,53.7667,7.0,60.616,-0.023,1.2208,-0.22,5.49,0.28,6.654,-0.00464,0.0009,1.33,0.0,-0.5002,0.50183,6.69,6.6,8.01,5.31
3227,53.7833,7.0,60.632,-0.022,1.2218,-0.18,5.65,0.19,6.858,-0.00664,0.0029,1.79,1.79,-0.49972,0.49936,6.94,6.33,7.26,6.9
3228,53.8,7.0,60.648,-0.021,1.2205,-0.13,5.68,0.13,4.736,-0.00756,0.00362,2.01,2.01,-0.50028,0.49899,8.21,6.64,0.48,3.62
3229,53.8167,7.0,60.664,-0.021,1.2204,-0.23,5.44,0.11,6.917,-0.00682,0.00253,1.87,1.87,-0.50004,0.49949,6.76,7.28,7.05,6.58
3230,53.8333,7.0,60.68,-0.021,1.22,-0.22,5.33,0.09,6.923,-0.0063,0.00199,1.75,1.75,-0.49982,0.4998,6.9,6.86,7.02,6.92
3231,53.85,7.0,60.696,-0.021,1.2178,-0.21,5.15,0.05,7.015,-0.00642,0.00054,1.89,1.89,-0.50044,0.50028,6.93,7.09,6.96,7.08
3232,53.8667,7.0,60.712,-0.022,1.2159,-0.08,4.86,-0.0,7.703,-0.00522,0.00141,1.47,1.47,-0.49863,0.49968,8.37,6.95,7.8,7.69
3233,53.8833,7.0,60.727,-0.021,1.2132,-0.04,4.36,-0.2,6.827,-0.00367,0.00224,0.95,0.0,-0.49784,0.50043,6.75,6.78,6.74,7.04
3234,53.9,7.0,60.742,-0.02,1.2093,-0.15,3.9,-0.37,7.094,-0.00585,0.00277,1.56,1.56,-0.49633,0.49674,6.91,6.8,6.39,8.27
3235,53.9167,7.0,60.756,-0.02,1.2089,-0.4,3.74,-0.28,6.408,-0.00088,0.00931,-0.39,0.0,-0.49408,0.49947,6.74,6.26,6.55,6.08
3236,53.9333,7.0,60.771,-0.019,1.2084,-0.44,3.56,-0.25,6.708,-0.00472,0.01035,0.69,0.0,-0.49684,0.49839,7.02,6.33,6.97,6.51
3237,53.95,7.0,60.786,-0.018,1.2082,-0.47,3.86,-0.24,6.457,-0.00207,0.01345,-0.32,0.0,-0.49502,0.49922,7.04,5.93,7.02,5.85
3238,53.9667,7.0,60.802,-0.017,1.2067,-0.48,4.08,-0.3,7.532,-0.00386,0.01448,0.14,0.0,-0.49728,0.4997,9.4,6.68,6.86,7.18
3239,53.9833,7.0,60.82,-0.017,1.2043,-0.54,4.21,-0.34,7.339,-0.0073,0.0106,1.45,1.45,-0.49998,0.49895,7.98,7.35,6.92,7.11
3240,54.0,7.0,60.837,-0.017,1.2012,-0.8,4.47,-0.42,6.819,-0.00537,0.00759,1.08,1.08,-0.49986,0.50077,7.01,6.7,7.1,6.46
3241,54.0167,7.0,60.854,-0.016,1.1994,-0.77,5.02,-0.57,6.723,-0.00598,0.00655,1.33,1.33,-0.49971,0.5,6.9,6.12,6.96,6.91
3242,54.0333,7.0,60.872,-0.016,1.1954,-0.8,5.47,-0.64,6.727,-0.00665,-0.00017,2.01,2.01,-0.50025,0.49987,6.86,6.23,6.89,6.93
3243,54.05,7.0,60.89,-0.017,1.1895,-0.79,5.91,-0.67,7.543,-0.00523,-0.00068,1.62,1.62,-0.49874,0.49978,6.95,9.33,6.89,6.99
3244,54.0667,7.0,60.908,-0.017,1.1836,-0.75,6.84,-0.73,6.142,-0.00367,-0.00224,1.26,0.0,-0.49635,0.49896,6.96,5.75,6.9,4.96
3245,54.0833,7.0,60.927,-0.017,1.1766,-0.7,7.68,-0.79,6.288,-0.00369,-0.0018,1.23,0.0,-0.49676,0.49934,6.47,6.22,6.54,5.92
3246,54.1,7.0,60.947,-0.017,1.1683,-0.72,8.49,-0.81,5.769,-0.00661,-0.00088,2.04,2.04,-0.4972,0.49687,6.36,4.3,6.53,5.89
3247,54.1167,7.0,60.967,-0.017,1.1666,-0.55,9.07,-0.6,6.447,-0.00961,-0.00514,3.24,3.24,-0.5008,0.49746,5.04,6.87,6.45,7.43
3248,54.1333,7.0,60.985,-0.017,1.1673,-0.21,9.16,-0.48,6.821,-0.00925,-0.00788,3.33,3.33,-0.49987,0.49689,7.16,6.44,6.76,6.93
3249,54.15,7.0,61.003,-0.019,1.1672,-0.2,8.99,-0.47,6.075,-0.005,-0.00524,1.87,1.87,-0.49857,0.49984,6.81,6.75,4.05,6.7
3250,54.1667,7.0,61.02,-0.02,1.1669,-0.31,9.07,-0.46,6.747,0.00023,0.00101,-0.14,0.0,-0.49342,0.49992,6.45,6.91,6.81,6.81
3251,54.1833,7.0,61.037,-0.02,1.1655,-0.48,9.21,-0.44,5.442,0.00205,0.00676,-1.09,0.0,-0.49169,0.5,6.59,4.06,3.76,7.35
3252,54.2,7.0,61.054,-0.019,1.1672,-0.32,9.01,-0.29,6.898,-0.00124,0.00847,-0.22,0.0,-0.48993,0.49496,8.57,6.78,5.43,6.81
3253,54.2167,7.0,61.07,-0.019,1.1668,-0.45,8.94,-0.28,6.261,0.00593,0.02036,-3.21,-3.0,-0.48511,0.49732,5.23,6.47,6.9,6.45
3254,54.2333,7.0,61.085,-0.019,1.1657,-0.67,9.08,-0.25,5.515,0.00902,0.03708,-5.3,-5.3,-0.48419,0.49948,2.66,6.79,6.77,5.84
3255,54.25,7.0,61.101,-0.018,1.1664,-0.5,9.08,-0.2,6.784,0.00588,0.04818,-5.14,-5.14,-0.48533,0.49748,6.62,6.82,6.74,6.95
3256,54.2667,7.0,61.117,-0.017,1.1659,-0.49,8.94,-0.21,6.951,0.00512,0.05281,-5.23,-5.23,-0.48623,0.49762,6.73,6.86,7.6,6.62
3257,54.2833,7.0,61.133,-0.017,1.1659,-0.71,9.0,-0.21,6.583,0.01086,0.05741,-7.28,-7.28,-0.48274,0.49987,6.08,6.82,6.79,6.65
3258,54.3,7.0,61.149,-0.016,1.165,-0.66,9.2,-0.24,6.634,0.00882,0.05749,-6.67,-6.67,-0.48289,0.49798,6.71,6.12,6.74,6.96
3259,54.3167,7.0,61.165,-0.015,1.1661,-0.63,8.98,-0.15,6.302,0.00656,0.05862,-6.07,-6.07,-0.48072,0.49355,6.41,5.5,6.31,6.99
3260,54.3333,7.0,61.18,-0.014,1.1649,-0.69,8.89,-0.06,6.786,0.0068,0.05247,-5.71,-5.71,-0.48007,0.49315,6.69,6.06,8.1,6.29
3261,54.35,7.0,61.196,-0.013,1.1623,-0.82,8.88,-0.05,6.677,0.00602,0.04309,-4.82,-4.82,-0.48074,0.49304,6.65,6.53,6.78,6.75
3262,54.3667,7.0,61.212,-0.012,1.1621,-0.91,8.58,0.08,7.451,0.00563,0.03767,-4.33,-4.33,-0.47847,0.49037,8.65,6.88,7.49,6.78
3263,54.3833,7.0,61.227,-0.011,1.1602,-0.96,8.13,0.22,6.959,0.00402,0.03201,-3.45,-3.45,-0.47968,0.48996,6.7,7.47,6.76,6.91
3264,54.4,7.0,61.242,-0.01,1.1559,-0.97,7.71,0.37,6.855,0.0031,0.0202,-2.35,-0.45,-0.48063,0.49001,6.87,6.82,6.82,6.91
3265,54.4167,7.0,61.256,-0.01,1.1501,-1.25,7.21,0.37,7.501,-0.00065,0.00803,-0.37,0.0,-0.48733,0.49295,7.12,8.32,7.73,6.84
3266,54.4333,7.0,61.27,-0.009,1.1464,-1.11,6.45,0.54,6.758,-0.00167,-0.0014,0.6,0.0,-0.48773,0.49233,6.64,6.81,6.69,6.9
3267,54.45,7.0,61.283,-0.009,1.1401,-1.17,5.73,0.65,5.96,0.00044,-0.00777,0.41,0.0,-0.48826,0.49497,3.45,6.76,6.88,6.75
3268,54.4667,7.0,61.296,-0.009,1.1371,-1.04,5.43,0.54,5.912,-0.01118,-0.02454,5.07,3.0,-0.49748,0.49257,6.68,5.53,4.66,6.78
3269,54.4833,7.0,61.309,-0.009,1.136,-0.71,5.44,0.44,3.506,-0.01214,-0.03988,6.43,6.0,-0.49817,0.49229,6.99,5.41,6.85,-5.23
3270,54.5,7.0,61.324,-0.01,1.1339,-0.55,5.58,0.53,6.848,-0.00971,-0.04921,6.36,6.36,-0.49583,0.49239,6.68,5.67,13.61,1.43
3271,54.5167,7.0,61.34,-0.011,1.1304,-0.68,5.92,0.57,7.328,0.00046,-0.04602,3.08,3.36,-0.49208,0.49881,6.76,10.09,6.78,5.69
3272,54.5333,7.0,61.356,-0.011,1.1267,-0.57,6.49,0.53,5.65,0.0063,-0.03335,0.44,0.44,-0.4889,0.50147,7.05,6.31,-1.8,11.04
3273,54.55,7.0,61.374,-0.01,1.1237,-0.42,6.88,0.69,8.939,0.00607,-0.02138,-0.32,-0.32,-0.48765,0.49999,6.96,15.15,6.77,6.88
3274,54.5667,7.0,61.392,-0.009,1.1187,-0.46,7.32,0.83,8.205,0.00951,-0.00949,-2.19,-2.19,-0.48501,0.50079,7.08,11.23,7.19,7.32
3275,54.5833,7.0,61.409,-0.008,1.1131,-0.88,8.04,0.79,6.417,0.00894,0.01234,-3.54,-3.54,-0.48406,0.49926,6.48,6.71,6.81,5.67
3276,54.6,7.0,61.427,-0.006,1.1067,-0.79,8.93,0.71,6.143,0.00571,0.02922,-3.76,-3.76,-0.48536,0.49734,6.37,5.67,6.81,5.72
3277,54.6167,7.0,61.446,-0.006,1.103,-1.09,9.35,0.37,7.055,0.00801,0.04393,-5.48,-5.48,-0.48685,0.50112,7.01,7.82,6.93,6.46
3278,54.6333,7.0,61.465,-0.004,1.1004,-1.34,9.35,0.28,9.104,0.00606,0.04443,-4.93,-4.93,-0.48692,0.49925,6.5,12.03,7.49,10.39
3279,54.65,7.0,61.482,-0.001,1.1019,-1.22,9.39,0.25,6.925,-0.00203,0.03053,-1.53,-1.93,-0.48716,0.4914,7.55,6.42,6.49,7.25
3280,54.6667,7.0,61.499,0.0,1.1023,-1.38,9.23,0.13,6.861,-0.00301,0.01753,-0.33,0.0,-0.48905,0.49232,6.85,6.9,6.7,6.99
3281,54.6833,7.0,61.515,0.001,1.1006,-1.65,9.24,0.07,7.076,-0.00159,0.00401,0.2,0.0,-0.4876,0.49228,7.25,5.96,7.3,7.78
3282,54.7,7.0,61.532,0.003,1.1013,-1.63,9.3,0.06,6.794,-0.00411,-0.00989,1.92,0.0,-0.48763,0.48979,6.83,7.01,6.82,6.52
3283,54.7167,7.0,61.548,0.005,1.1014,-1.69,9.22,-0.1,6.429,-0.00658,-0.02135,3.47,3.0,-0.48967,0.48936,6.8,6.49,5.48,6.95
3284,54.7333,7.0,61.564,0.006,1.1003,-1.86,9.14,-0.23,6.071,-0.01326,-0.04066,6.82,6.0,-0.49228,0.4853,6.67,5.48,6.82,5.32
3285,54.75,7.0,61.58,0.007,1.0997,-2.13,9.25,-0.21,6.561,-0.00919,-0.05146,6.36,6.36,-0.49056,0.48764,5.97,6.71,6.79,6.77
3286,54.7667,7.0,61.596,0.009,1.1015,-1.99,9.17,-0.17,6.895,-0.01266,-0.05622,7.73,7.73,-0.49036,0.48397,6.99,6.82,6.71,7.07
3287,54.7833,7.0,61.613,0.01,1.1004,-2.0,9.08,-0.2,6.661,-0.01524,-0.06206,8.92,8.92,-0.49305,0.48408,6.63,6.63,6.68,6.7
3288,54.8,7.0,61.629,0.011,1.0989,-2.28,9.2,-0.19,6.622,-0.01247,-0.0658,8.35,8.35,-0.49217,0.48597,4.64,6.65,7.1,8.11
3289,54.8167,7.0,61.645,0.013,1.1002,-2.26,9.18,-0.11,6.785,-0.01284,-0.06689,8.53,8.53,-0.49219,0.48562,6.69,6.82,6.66,6.97
3290,54.8333,7.0,61.661,0.014,1.0999,-2.23,9.14,-0.1,6.382,-0.01408,-0.06657,8.88,8.88,-0.49356,0.48575,6.57,6.42,6.51,6.02
3291,54.85,7.0,61.677,0.016,1.0982,-2.36,9.11,-0.16,6.693,-0.01985,-0.06537,10.53,10.53,-0.49536,0.48178,6.84,6.99,6.44,6.5
3292,54.8667,7.0,61.694,0.017,1.0959,-2.46,9.15,-0.2,6.437,-0.02226,-0.07097,11.65,11.65,-0.4962,0.48021,6.33,6.63,6.96,5.83
3293,54.8833,7.0,61.71,0.018,1.0963,-2.42,8.73,-0.17,6.791,-0.02112,-0.07115,11.32,11.32,-0.49172,0.47687,7.55,6.4,7.71,5.5
3294,54.9,7.0,61.725,0.019,1.0931,-2.54,8.34,-0.19,6.33,-0.01743,-0.06487,9.77,9.77,-0.49058,0.47942,6.48,6.52,6.56,5.75
3295,54.9167,7.0,61.741,0.02,1.0877,-2.59,7.96,-0.25,6.764,-0.01582,-0.06053,8.98,8.98,-0.49206,0.48251,7.12,6.51,6.51,6.92
3296,54.9333,7.0,61.755,0.021,1.0838,-2.52,7.2,-0.24,6.204,-0.01859,-0.05918,9.72,9.72,-0.49078,0.47846,7.29,6.51,4.42,6.59
3297,54.95,7.0,61.768,0.023,1.0785,-2.66,6.46,-0.26,6.97,-0.01448,-0.05248,8.02,8.02,-0.48851,0.48031,7.83,6.61,7.04,6.39
3298,54.9667,7.0,61.781,0.024,1.0712,-2.88,5.69,-0.28,6.591,-0.01265,-0.03878,6.51,6.51,-0.4878,0.48142,6.34,6.62,6.95,6.45
3299,54.9833,7.0,61.793,0.026,1.0628,-2.86,4.73,-0.24,6.932,-0.01808,-0.02982,7.51,7.51,-0.49249,0.48069,7.96,6.6,6.67,6.5
3300,55.0,7.0,61.805,0.027,1.0571,-3.03,4.36,-0.07,5.085,-0.02806,-0.03338,10.76,10.51,-0.50024,0.47845,5.68,5.64,5.23,3.79
3301,55.0167,7.0,61.819,0.028,1.0551,-3.01,4.53,-0.19,13.2,-0.02769,-0.03994,11.1,11.1,-0.50218,0.48076,6.26,13.47,26.38,6.69
3302,55.0333,7.0,61.834,0.028,1.0515,-2.99,4.66,-0.33,7.717,-0.02757,-0.04723,11.58,11.58,-0.5024,0.48109,6.33,6.73,11.37,6.43
3303,55.05,7.0,61.849,0.028,1.0487,-3.33,5.12,-0.27,6.238,-0.02036,-0.04338,9.14,9.14,-0.5,0.48591,6.39,6.39,6.55,5.61
3304,55.0667,7.0,61.866,0.028,1.045,-3.1,5.75,-0.31,6.382,-0.02038,-0.04424,9.21,9.21,-0.49993,0.48583,6.64,5.56,6.63,6.7
3305,55.0833,7.0,61.883,0.028,1.0396,-2.95,6.31,-0.26,4.699,-0.02041,-0.04692,9.41,9.41,-0.49944,0.4853,6.69,5.18,6.54,0.38
3306,55.1,7.0,61.9,0.027,1.0381,-2.96,6.61,-0.18,7.562,-0.01643,-0.03959,7.7,7.7,-0.50139,0.49124,8.76,6.53,6.97,7.99
3307,55.1167,7.0,61.917,0.026,1.0382,-2.86,6.59,-0.25,6.745,-0.01358,-0.01995,5.47,5.47,-0.49941,0.4921,7.05,6.81,6.73,6.39
3308,55.1333,7.0,61.934,0.025,1.0367,-2.68,6.65,-0.38,7.281,-0.01084,-0.00022,3.27,3.27,-0.49952,0.49494,7.44,8.08,6.83,6.78
3309,55.15,7.0,61.95,0.025,1.0358,-2.79,6.78,-0.45,6.692,-0.00568,0.02233,0.14,0.27,-0.49656,0.49715,5.48,7.22,6.9,7.17
3310,55.1667,7.0,61.967,0.025,1.0374,-2.57,6.79,-0.28,6.837,-0.00563,0.0348,-0.75,-0.75,-0.49874,0.49938,6.37,6.95,6.92,7.1
3311,55.1833,7.0,61.983,0.026,1.0367,-2.67,6.69,-0.25,6.952,-0.00417,0.04729,-2.06,-2.06,-0.49749,0.4996,6.93,6.63,7.0,7.24
3312,55.2,7.0,61.999,0.026,1.0357,-2.77,6.7,-0.37,7.414,-0.00639,0.05604,-2.01,-2.01,-0.4985,0.49838,6.74,5.43,11.61,5.88
3313,55.2167,7.0,62.014,0.027,1.037,-2.77,6.7,-0.2,6.45,-0.00575,0.06029,-2.49,-2.49,-0.49985,0.50036,6.32,6.89,7.01,5.58
3314,55.2333,7.0,62.03,0.029,1.0366,-2.83,6.67,-0.13,6.879,-0.00502,0.06187,-2.82,-2.82,-0.49887,0.50012,7.67,6.07,6.91,6.87
3315,55.25,7.0,62.046,0.03,1.0357,-2.84,6.72,-0.16,6.94,-0.00591,0.05952,-2.39,-2.39,-0.5002,0.50056,6.97,6.35,7.6,6.85
3316,55.2667,7.0,62.062,0.03,1.0339,-3.06,6.85,-0.14,4.907,-0.00584,0.05221,-1.9,-1.9,-0.4997,0.50013,-0.45,7.69,6.95,5.45
3317,55.2833,7.0,62.078,0.032,1.0358,-3.07,6.7,-0.01,6.739,-0.00495,0.04664,-1.78,-1.78,-0.49879,0.50011,6.57,6.84,6.88,6.66
3318,55.3,7.0,62.095,0.034,1.0354,-3.09,6.7,-0.02,7.447,-0.00921,0.03585,0.25,0.25,-0.5001,0.49715,6.82,7.8,7.82,7.34
3319,55.3167,7.0,62.111,0.035,1.0344,-3.01,6.69,-0.14,6.224,-0.0075,0.0304,0.12,0.12,-0.50005,0.49882,6.99,6.97,4.35,6.59
3320,55.3333,7.0,62.127,0.037,1.0345,-3.24,6.76,-0.12,6.86,-0.00625,0.02625,0.04,0.04,-0.50032,0.50034,6.71,7.0,6.94,6.79
3321,55.35,7.0,62.142,0.039,1.0339,-3.38,6.69,-0.17,6.902,-0.00636,0.02172,0.39,0.39,-0.50034,0.50024,7.07,6.98,6.97,6.6
3322,55.3667,7.0,62.159,0.041,1.0324,-3.51,6.67,-0.18,6.716,-0.00598,0.01904,0.46,0.46,-0.49966,0.49995,6.97,6.39,6.53,6.98
3323,55.3833,7.0,62.175,0.042,1.031,-3.53,6.64,-0.04,8.395,-0.00675,0.01582,0.92,0.92,-0.50106,0.50058,8.86,9.58,7.04,8.1
3324,55.4,7.0,62.19,0.044,1.0302,-3.57,6.42,0.04,7.134,-0.00657,0.01225,1.11,1.11,-0.50024,0.49993,7.25,6.93,7.01,7.35
3325,55.4167,7.0,62.206,0.045,1.028,-3.68,6.12,0.03,6.536,-0.00535,0.01476,0.57,0.57,-0.49974,0.50066,6.89,6.91,5.42,6.92
3326,55.4333,7.0,62.221,0.046,1.0239,-3.85,5.82,-0.12,7.024,-0.00512,0.01544,0.45,0.45,-0.49923,0.50038,6.94,6.95,7.32,6.89
3327,55.45,7.0,62.235,0.048,1.0221,-3.73,5.18,-0.21,7.303,-0.00465,0.01523,0.33,0.0,-0.49834,0.49996,7.92,6.95,6.85,7.49
3328,55.4667,7.0,62.249,0.049,1.0177,-3.61,4.68,-0.28,6.858,-0.00494,0.01487,0.44,0.0,-0.49811,0.49944,6.91,6.87,6.7,6.96
3329,55.4833,7.0,62.262,0.05,1.0117,-3.8,4.01,-0.41,5.198,-0.00423,0.01489,0.23,0.0,-0.49634,0.49838,0.77,6.45,6.87,6.7
3330,55.5,7.0,62.276,0.052,1.0042,-3.71,3.16,-0.46,6.922,-0.00877,0.01102,1.86,1.86,-0.50027,0.49777,7.59,6.58,6.68,6.84
3331,55.5167,7.0,62.288,0.052,1.0006,-4.1,2.64,-0.34,6.238,-0.00435,0.01198,0.47,0.0,-0.4993,0.50122,7.3,6.13,6.36,5.17
3332,55.5333,7.0,62.301,0.053,1.0012,-4.03,2.54,-0.18,7.19,-0.00757,0.00826,1.69,1.69,-0.50077,0.49947,8.24,6.29,6.92,7.3
3333,55.55,7.0,62.313,0.054,1.0034,-3.79,2.16,0.12,6.685,-0.00648,0.00587,1.53,1.53,-0.50009,0.49989,6.71,6.52,6.79,6.72
3334,55.5667,7.0,62.326,0.056,1.0063,-3.8,2.09,0.33,6.513,-0.00728,0.00246,2.01,2.01,-0.49955,0.49854,5.87,6.93,6.86,6.39
3335,55.5833,7.0,62.34,0.057,1.0079,-3.89,1.84,0.57,6.778,-0.00617,0.0009,1.79,1.79,-0.49972,0.49982,6.5,6.94,6.96,6.72
3336,55.6,7.0,62.354,0.058,1.0082,-3.93,1.63,0.79,7.044,-0.00737,-0.00244,2.38,2.38,-0.50054,0.49945,7.54,6.59,6.97,7.08
3337,55.6167,7.0,62.368,0.059,1.008,-3.93,1.56,0.92,6.069,-0.00571,0.001,1.64,1.64,-0.50041,0.50097,6.3,5.39,6.96,5.63
3338,55.6333,7.0,62.382,0.06,1.01,-4.09,1.44,0.96,7.084,-0.00666,-0.00149,2.1,2.1,-0.49948,0.49909,6.93,6.97,6.99,7.45
3339,55.65,7.0,62.396,0.062,1.0104,-4.1,1.41,0.99,6.924,-0.00757,-0.00131,2.36,2.36,-0.50045,0.49916,7.74,6.16,6.89,6.9
3340,55.6667,7.0,62.411,0.063,1.0096,-3.96,1.48,1.07,7.023,-0.00735,-0.00205,2.35,2.35,-0.50027,0.49919,9.0,5.28,6.9,6.91
3341,55.6833,7.0,62.426,0.063,1.0091,-3.97,1.54,1.13,7.296,-0.00611,-0.00061,1.88,1.88,-0.50073,0.50089,7.95,6.67,7.0,7.56
3342,55.7,7.0,62.441,0.064,1.0107,-3.98,1.44,1.16,6.774,-0.00657,-0.00094,2.04,2.04,-0.49991,0.49962,6.93,6.97,6.92,6.27
3343,55.7167,7.0,62.456,0.065,1.0104,-3.97,1.39,1.2,7.38,-0.00722,-0.00068,2.21,2.21,-0.50022,0.49927,6.97,6.39,6.9,9.26
3344,55.7333,7.0,62.471,0.065,1.0086,-3.8,1.47,1.28,6.467,-0.00743,-0.00236,2.39,2.39,-0.5003,0.49914,6.96,5.02,6.96,6.93
3345,55.75,7.0,62.486,0.066,1.0099,-3.79,1.59,1.39,6.776,-0.00678,-0.00221,2.19,2.19,-0.49947,0.49896,6.61,6.87,6.87,6.75
3346,55.7667,7.0,62.502,0.066,1.0105,-3.84,1.53,1.45,6.92,-0.00643,-0.00077,1.98,1.98,-0.5001,0.49994,7.04,6.92,6.92,6.8
3347,55.7833,7.0,62.517,0.067,1.0097,-3.86,1.46,1.43,7.602,-0.00372,0.00306,0.9,0.0,-0.49743,0.49998,10.23,7.7,6.77,5.7
3348,55.8,7.0,62.533,0.067,1.0089,-3.83,1.6,1.37,5.84,-0.00556,0.00326,1.44,1.44,-0.49938,0.5001,4.09,6.64,6.9,5.73
3349,55.8167,7.0,62.548,0.068,1.0103,-3.88,1.53,1.39,6.811,-0.00594,0.00351,1.54,1.54,-0.49956,0.49989,6.72,6.79,6.96,6.77
3350,55.8333,7.0,62.564,0.069,1.0101,-3.98,1.45,1.34,6.241,-0.00664,0.00369,1.73,1.73,-0.50017,0.49981,7.37,4.53,6.86,6.21
3351,55.85,7.0,62.58,0.07,1.0086,-3.93,1.5,1.33,6.432,-0.00753,0.00315,2.04,2.04,-0.50038,0.49912,5.96,5.94,6.94,6.89
3352,55.8667,7.0,62.595,0.07,1.0095,-3.95,1.54,1.46,6.927,-0.00596,0.00362,1.53,1.53,-0.49915,0.49947,6.99,6.89,6.93,6.9
3353,55.8833,7.0,62.61,0.071,1.0104,-4.02,1.47,1.54,6.845,-0.00616,0.00346,1.61,1.61,-0.50008,0.50019,6.85,6.93,6.93,6.67
3354,55.9,7.0,62.625,0.072,1.0099,-3.98,1.45,1.62,6.788,-0.00642,0.00026,1.91,1.91,-0.49998,0.49982,6.93,6.38,6.94,6.9
3355,55.9167,7.0,62.64,0.072,1.008,-3.98,1.48,1.62,6.031,-0.00682,-0.00106,2.12,2.12,-0.50086,0.50031,8.82,2.33,6.83,6.15
3356,55.9333,7.0,62.656,0.072,1.0063,-4.0,1.65,1.36,6.694,-0.00661,-0.00162,2.1,2.1,-0.50026,0.49992,6.83,6.15,6.86,6.93
3357,55.95,7.0,62.672,0.071,1.0083,-3.81,1.22,1.32,6.84,-0.00361,0.00168,0.97,0.0,-0.49675,0.49941,7.28,6.2,6.94,6.94
3358,55.9667,7.0,62.687,0.07,1.0055,-3.45,1.15,1.35,6.597,-0.00238,0.00678,0.24,0.0,-0.49744,0.50133,6.93,6.92,6.88,5.66
3359,55.9833,7.0,62.703,0.071,1.0026,-3.0,1.06,1.3,7.473,-0.00676,0.00514,1.67,1.67,-0.50066,0.50018,8.98,6.74,6.89,7.28
3360,56.0,7.0,62.718,0.071,0.9999,-2.55,0.71,1.37,6.81,-0.00628,0.00441,1.57,1.57,-0.5,0.49999,6.71,6.89,6.88,6.76
3361,56.0167,7.0,62.733,0.071,0.9944,-2.21,0.29,1.39,6.895,-0.00786,0.0024,2.19,2.19,-0.50159,0.5,7.22,6.79,6.83,6.74
3362,56.0333,7.0,62.744,0.071,0.9911,-1.35,-0.37,1.9,5.942,-0.00656,0.00237,1.8,1.8,-0.50193,0.50163,8.41,6.96,6.69,1.7
3363,56.05,7.0,62.749,0.07,0.9971,-0.89,-0.62,1.9,6.422,-0.00754,0.00113,2.18,2.18,-0.49819,0.49692,3.62,6.77,11.16,4.14
3364,56.0667,7.0,62.754,0.068,1.001,-0.8,-1.04,1.85,15.0,-0.00566,-0.00111,1.78,1.78,-0.49816,0.49877,6.84,7.16,27.95,18.06
3365,56.0833,7.0,62.76,0.068,1.0038,-0.84,-1.37,1.74,4.967,-0.00263,-0.00124,0.88,0.0,-0.49674,0.50038,0.86,6.8,7.38,4.83
3366,56.1,7.0,62.767,0.069,1.0052,-0.74,-1.53,1.82,6.16,-0.00177,0.00404,0.25,0.0,-0.49547,0.49997,6.77,6.84,6.82,4.21
3367,56.1167,7.0,62.775,0.07,1.0081,-0.72,-2.01,2.03,6.474,-0.00055,0.00944,-0.49,0.0,-0.49389,0.4996,5.39,6.98,7.19,6.33
3368,56.1333,7.0,62.784,0.071,1.0102,-0.82,-2.55,2.22,4.899,0.0042,0.02071,-2.71,0.0,-0.492,0.50247,0.68,6.54,6.31,6.07
3369,56.15,7.0,62.793,0.074,1.0133,-0.99,-2.79,2.33,4.645,0.00071,0.0257,-2.01,0.0,-0.49102,0.498,-0.59,6.98,6.78,5.41
3370,56.1667,7.0,62.803,0.077,1.0161,-1.21,-3.17,2.51,6.469,0.0031,0.03356,-3.28,-3.0,-0.49104,0.50041,6.48,6.84,6.79,5.77
3371,56.1833,7.0,62.814,0.08,1.018,-1.44,-3.56,2.54,6.397,0.0022,0.03762,-3.29,-3.29,-0.49109,0.49956,6.12,6.69,6.76,6.01
3372,56.2,7.0,62.826,0.084,1.0188,-1.77,-4.01,2.58,6.659,0.0018,0.03766,-3.18,-3.18,-0.4918,0.49987,6.31,6.67,6.76,6.89
3373,56.2167,7.0,62.838,0.087,1.0199,-2.23,-4.33,2.6,6.484,9e-05,0.03506,-2.48,-2.48,-0.49233,0.49869,5.45,6.67,6.77,7.04
3374,56.2333,7.0,62.851,0.091,1.0206,-2.75,-4.61,2.57,6.791,0.00109,0.03254,-2.6,-2.6,-0.49299,0.50035,7.97,6.65,6.74,5.81
3375,56.25,7.0,62.864,0.096,1.02,-3.28,-4.86,2.46,6.722,-0.00087,0.02342,-1.38,0.0,-0.49479,0.50019,6.87,6.69,6.76,6.57
3376,56.2667,7.0,62.878,0.1,1.0201,-3.5,-5.19,2.4,6.471,-0.00951,0.01009,2.15,2.15,-0.50251,0.49926,7.08,5.15,6.58,7.07
3377,56.2833,7.0,62.892,0.101,1.0207,-3.92,-5.3,2.33,6.493,-0.00636,-0.00085,1.97,1.97,-0.50009,0.5,6.01,6.22,6.87,6.88
3378,56.3,7.0,62.907,0.102,1.022,-3.95,-5.15,2.52,6.518,-0.00633,-0.00952,2.57,2.57,-0.49994,0.49988,6.99,5.43,6.92,6.73
3379,56.3167,7.0,62.922,0.102,1.0216,-3.92,-5.11,2.63,7.396,-0.00865,-0.01913,3.93,3.93,-0.50237,0.5,7.92,8.2,6.75,6.72
3380,56.3333,7.0,62.938,0.101,1.0212,-3.81,-5.23,2.5,6.902,-0.00583,-0.02292,3.35,3.35,-0.49956,0.5,6.81,7.12,6.86,6.82
3381,56.35,7.0,62.953,0.101,1.0204,-3.73,-5.15,2.32,6.115,-0.00644,-0.02791,3.89,3.89,-0.50004,0.49986,6.31,5.02,6.95,6.18
3382,56.3667,7.0,62.969,0.101,1.0198,-3.56,-5.0,2.12,7.186,-0.00611,-0.02994,3.93,3.93,-0.50064,0.5008,6.96,7.63,6.77,7.39
3383,56.3833,7.0,62.985,0.1,1.0202,-3.41,-5.13,2.13,6.93,-0.0064,-0.02315,3.54,3.54,-0.50013,0.5,7.37,6.7,6.83,6.82
3384,56.4,7.0,63.001,0.099,1.0206,-3.35,-5.06,2.04,6.621,-0.00606,-0.02006,3.22,3.22,-0.49963,0.49984,6.14,6.94,6.91,6.48
3385,56.4167,7.0,63.017,0.099,1.0205,-3.39,-4.94,1.84,6.573,-0.00481,-0.01609,2.57,0.22,-0.49891,0.50037,6.9,6.89,6.89,5.61
3386,56.4333,7.0,63.034,0.1,1.0186,-3.47,-4.79,1.59,6.6,-0.00498,-0.01038,2.22,0.0,-0.49898,0.50028,7.01,7.0,6.99,5.4
3387,56.45,7.0,63.05,0.099,1.0202,-3.41,-5.22,1.35,6.606,-0.00207,-0.00526,0.99,0.0,-0.49629,0.50049,7.88,6.72,6.91,4.91
3388,56.4667,7.0,63.066,0.1,1.0205,-3.54,-5.08,1.15,7.282,-0.00293,-0.00102,0.95,0.0,-0.49577,0.4991,7.74,6.8,6.96,7.64
3389,56.4833,7.0,63.082,0.101,1.0204,-3.57,-5.04,1.01,7.192,-0.00687,-0.00169,2.18,2.18,-0.50101,0.50041,6.95,7.18,7.04,7.61
3390,56.5,7.0,63.097,0.101,1.0209,-3.64,-5.16,0.98,6.809,-0.00688,-0.00198,2.2,2.2,-0.50063,0.50002,6.88,6.68,6.84,6.83
3391,56.5167,7.0,63.113,0.101,1.02,-3.65,-5.25,0.96,6.597,-0.0071,-0.00281,2.33,2.33,-0.50083,0.5,6.87,5.71,6.9,6.92
3392,56.5333,7.0,63.128,0.1,1.0185,-3.45,-5.09,0.98,6.604,-0.00492,-0.00258,1.66,0.0,-0.50002,0.50138,2.98,10.51,7.21,5.71
3393,56.55,7.0,63.144,0.1,1.019,-3.22,-5.21,0.84,6.981,-0.00621,-0.00354,2.11,2.11,-0.49919,0.49925,7.27,6.81,6.96,6.88
3394,56.5667,7.0,63.159,0.101,1.018,-2.63,-5.07,0.64,7.078,-0.00947,-0.01073,3.59,3.59,-0.50125,0.49805,6.06,8.07,7.02,7.16
3395,56.5833,7.0,63.173,0.101,1.0167,-1.92,-4.68,0.45,7.677,-0.01034,-0.01707,4.3,4.3,-0.50275,0.49868,12.25,6.28,5.92,6.26
3396,56.6,7.0,63.188,0.099,1.0167,-1.36,-4.44,0.38,6.366,-0.00881,-0.01701,3.83,3.83,-0.50118,0.49864,6.21,5.91,6.55,6.8
3397,56.6167,7.0,63.203,0.095,1.0182,-1.03,-4.31,0.41,7.017,-0.005,-0.01303,2.41,2.41,-0.50004,0.5013,7.67,6.8,7.07,6.52
3398,56.6333,7.0,63.215,0.093,1.0218,-0.23,-4.19,0.82,6.861,-0.0067,-0.01106,2.78,2.78,-0.50087,0.50044,8.14,7.0,6.66,5.64
3399,56.65,7.0,63.224,0.091,1.0278,0.68,-4.38,1.26,6.517,-0.00612,-0.01097,2.6,2.6,-0.50009,0.50024,6.73,6.5,6.23,6.61
3400,56.6667,7.0,63.234,0.089,1.0331,1.43,-4.64,1.5,1.331,-0.00737,-0.01085,2.97,2.97,-0.5,0.4989,3.01,6.77,-8.58,4.13
3401,56.6833,7.0,63.243,0.087,1.0385,1.86,-5.1,1.47,6.788,-0.00742,-0.00743,2.74,2.74,-0.49864,0.49749,5.83,6.94,7.6,6.78
3402,56.7,7.0,63.251,0.084,1.0419,2.11,-5.69,1.38,9.432,-0.00585,-0.00192,1.89,1.89,-0.49721,0.49763,6.69,6.93,9.28,14.83
3403,56.7167,7.0,63.26,0.082,1.0453,2.29,-5.97,1.35,6.052,0.00049,0.00787,-0.7,0.0,-0.49085,0.49761,3.08,7.04,8.48,5.61
3404,56.7333,7.0,63.269,0.081,1.0489,2.45,-6.29,1.35,6.295,0.0037,0.01588,-2.22,0.0,-0.4903,0.50027,6.8,6.84,6.9,4.63
3405,56.75,7.0,63.279,0.081,1.0513,2.6,-6.57,1.27,7.302,0.00409,0.02507,-2.98,0.0,-0.49017,0.50053,6.94,6.94,6.98,8.35
3406,56.7667,7.0,63.29,0.081,1.0523,2.61,-6.87,1.22,3.261,0.00615,0.03468,-4.27,-3.0,-0.48805,0.50047,-5.69,6.98,6.98,4.77
3407,56.7833,7.0,63.302,0.082,1.0538,2.61,-7.14,1.28,5.733,0.00562,0.04388,-4.76,-4.76,-0.4882,0.50009,3.53,6.34,6.63,6.44
3408,56.8,7.0,63.314,0.083,1.0565,2.5,-7.35,1.26,7.252,0.00603,0.05244,-5.48,-5.48,-0.48795,0.50024,9.91,6.77,6.77,5.56
3409,56.8167,7.0,63.326,0.085,1.0576,2.37,-7.51,1.17,6.395,0.00534,0.05767,-5.64,-5.64,-0.48839,0.50001,6.77,6.79,6.83,5.2
3410,56.8333,7.0,63.34,0.087,1.0571,2.06,-7.69,1.1,4.364,0.00545,0.05585,-5.54,-5.54,-0.48841,0.50013,-1.22,6.8,6.84,5.03
3411,56.85,7.0,63.353,0.089,1.0562,1.72,-7.91,1.02,5.973,0.00476,0.05023,-4.94,-4.94,-0.48972,0.50075,4.65,6.75,6.59,5.91
3412,56.8667,7.0,63.367,0.091,1.0583,1.42,-8.1,0.9,6.65,0.00123,0.04126,-3.26,-3.26,-0.49191,0.49941,7.03,6.69,6.79,6.09
3413,56.8833,7.0,63.381,0.094,1.0585,1.05,-8.32,0.75,6.548,0.00215,0.03219,-2.9,-2.9,-0.49169,0.50011,6.52,6.77,6.85,6.04
3414,56.9,7.0,63.395,0.096,1.0572,0.6,-8.55,0.61,6.823,0.00082,0.02339,-1.88,0.0,-0.49304,0.50012,6.87,6.75,6.84,6.83
3415,56.9167,7.0,63.41,0.099,1.0555,0.02,-8.68,0.45,6.488,-0.00014,0.01425,-0.96,0.0,-0.49432,0.50045,5.69,6.79,6.81,6.66
3416,56.9333,7.0,63.424,0.102,1.0579,-0.36,-9.01,0.38,6.545,-0.00307,0.00388,0.65,0.0,-0.49683,0.50003,6.57,6.78,6.75,6.08
3417,56.95,7.0,63.438,0.105,1.0575,-0.82,-9.2,0.24,6.615,-0.00374,-0.00603,1.54,0.0,-0.4976,0.50013,6.95,6.84,6.84,5.83
3418,56.9667,7.0,63.453,0.108,1.0564,-1.13,-9.17,0.21,5.967,-0.00842,-0.01887,3.85,3.0,-0.50161,0.49945,4.53,5.54,6.83,6.96
3419,56.9833,7.0,63.468,0.109,1.0571,-1.23,-9.39,0.1,7.181,-0.00703,-0.0251,3.87,3.87,-0.49988,0.49911,7.44,7.62,6.84,6.83
3420,57.0,7.0,63.482,0.109,1.0576,-1.2,-9.38,0.01,7.325,-0.00827,-0.03281,4.78,4.78,-0.50098,0.49898,7.89,5.7,6.78,8.94
3421,57.0167,7.0,63.496,0.107,1.0573,-1.13,-9.28,-0.02,6.759,-0.00783,-0.03776,4.99,4.99,-0.50041,0.49885,8.13,5.33,6.78,6.8
3422,57.0333,7.0,63.512,0.106,1.0556,-1.04,-9.15,-0.02,6.366,-0.00788,-0.0412,5.25,5.25,-0.50036,0.49875,6.73,5.09,6.81,6.84
3423,57.05,7.0,63.526,0.104,1.0576,-0.83,-9.24,-0.16,7.427,-0.00356,-0.03676,3.64,3.64,-0.49774,0.50045,7.48,6.86,6.96,8.42
3424,57.0667,7.0,63.541,0.103,1.0576,-0.65,-9.11,-0.4,6.756,-0.00626,-0.03494,4.32,4.32,-0.49871,0.49872,7.12,6.99,6.94,5.97
3425,57.0833,7.0,63.557,0.102,1.0562,-0.65,-9.08,-0.61,6.762,-0.0042,-0.0264,3.11,1.32,-0.49795,0.50002,6.79,6.84,6.81,6.6
3426,57.1,7.0,63.572,0.102,1.0568,-0.63,-9.11,-0.68,6.875,-0.00724,-0.02344,3.81,3.81,-0.49954,0.49857,6.71,7.07,6.95,6.77
3427,57.1167,7.0,63.585,0.101,1.0596,0.07,-8.51,-0.95,6.941,-0.00902,-0.0214,4.21,4.21,-0.50041,0.49766,7.6,6.62,6.79,6.75
3428,57.1333,7.0,63.597,0.1,1.0618,0.84,-7.97,-1.22,4.778,-0.0094,-0.02045,4.25,4.25,-0.50059,0.49746,6.61,-0.15,6.16,6.49
3429,57.15,7.0,63.608,0.099,1.0623,1.68,-7.46,-1.4,6.339,-0.00876,-0.0189,3.95,3.95,-0.49998,0.49749,6.79,5.92,6.11,6.53
3430,57.1667,7.0,63.619,0.096,1.064,1.97,-6.98,-1.58,5.46,-0.0098,-0.02306,4.56,4.56,-0.49887,0.49534,4.75,6.18,6.2,4.71
3431,57.1833,7.0,63.629,0.093,1.0684,1.83,-6.67,-1.57,8.363,-0.00449,-0.01847,2.64,1.56,-0.49316,0.49494,14.63,7.74,6.85,4.23
3432,57.2,7.0,63.639,0.09,1.0709,1.74,-6.29,-1.57,6.423,0.00134,-0.01056,0.34,0.0,-0.48798,0.49559,6.84,9.31,6.84,2.7
3433,57.2167,7.0,63.651,0.088,1.0742,1.71,-6.01,-1.59,5.194,0.00588,0.00419,-2.06,-2.06,-0.48312,0.49527,4.42,4.87,6.84,4.64
3434,57.2333,7.0,63.663,0.085,1.078,1.67,-5.81,-1.71,6.943,0.00863,0.02185,-4.12,-4.12,-0.47813,0.49304,8.04,7.78,6.96,5.0
3435,57.25,7.0,63.676,0.083,1.0808,1.6,-5.61,-1.79,6.328,0.01356,0.04284,-7.07,-7.07,-0.47346,0.49329,6.84,6.94,6.88,4.65
3436,57.2667,7.0,63.691,0.08,1.0824,1.52,-5.39,-1.85,6.528,0.01774,0.06496,-9.87,-9.87,-0.47057,0.49458,6.67,7.16,6.74,5.54
3437,57.2833,7.0,63.706,0.078,1.0837,1.45,-5.29,-1.81,6.408,0.01958,0.08739,-11.99,-11.99,-0.47176,0.49762,5.97,6.55,6.63,6.48
3438,57.3,7.0,63.718,0.077,1.0876,1.85,-5.4,-1.29,6.523,0.01358,0.09549,-10.76,-10.76,-0.48087,0.50072,7.07,6.39,6.48,6.14
3439,57.3167,7.0,63.729,0.076,1.093,2.45,-5.68,-0.88,6.271,0.00855,0.09146,-8.97,-8.97,-0.4842,0.49903,6.59,6.68,6.31,5.5
3440,57.3333,7.0,63.74,0.075,1.0975,2.99,-6.0,-0.6,6.383,0.00823,0.08291,-8.27,-8.27,-0.48509,0.4996,6.5,6.64,6.46,5.94
3441,57.35,7.0,63.751,0.074,1.1007,3.44,-6.38,-0.35,6.605,0.0082,0.07252,-7.54,-7.54,-0.48557,0.50005,6.19,6.58,6.55,7.1
3442,57.3667,7.0,63.762,0.073,1.1038,3.76,-6.65,-0.12,6.089,0.00737,0.05745,-6.23,-6.23,-0.48565,0.49929,4.73,6.64,6.62,6.37
3443,57.3833,7.0,63.774,0.073,1.1072,4.04,-6.83,-0.02,6.953,0.00741,0.03993,-5.02,-5.02,-0.4855,0.49918,8.38,6.68,6.79,5.96
3444,57.4,7.0,63.787,0.073,1.1095,4.3,-7.05,0.04,6.733,0.008,0.02323,-4.03,-4.03,-0.48557,0.49984,7.5,6.74,6.81,5.88
3445,57.4167,7.0,63.8,0.073,1.1107,4.47,-7.32,0.08,6.715,0.00813,0.01483,-3.48,-3.48,-0.48567,0.50007,6.01,6.77,6.86,7.22
3446,57.4333,7.0,63.814,0.072,1.1123,4.51,-7.48,0.1,6.353,0.0081,0.01259,-3.31,-3.31,-0.48496,0.49934,4.86,6.83,7.11,6.61
3447,57.45,7.0,63.828,0.073,1.1137,4.46,-7.54,0.05,7.209,0.0099,0.01279,-3.87,-3.87,-0.48394,0.50012,8.92,6.84,6.89,6.18
3448,57.4667,7.0,63.842,0.073,1.114,4.42,-7.59,-0.09,6.749,0.01011,0.01322,-3.96,-3.96,-0.48369,0.50007,7.58,6.84,6.87,5.71
3449,57.4833,7.0,63.857,0.074,1.1145,4.48,-7.82,-0.2,6.755,0.00887,0.01318,-3.58,-3.58,-0.48514,0.50028,6.76,6.81,6.78,6.67
3450,57.5,7.0,63.872,0.075,1.1146,4.33,-7.84,-0.38,6.707,0.00737,0.01155,-3.02,-3.02,-0.48617,0.49981,6.82,6.73,6.86,6.42
3451,57.5167,7.0,63.887,0.075,1.1142,4.06,-7.8,-0.62,6.055,0.00901,0.01121,-3.49,-3.49,-0.48526,0.50055,4.99,7.18,6.98,5.07
3452,57.5333,7.0,63.903,0.077,1.1149,4.06,-7.95,-0.72,6.766,0.00636,0.00804,-2.47,-2.47,-0.48725,0.49988,6.77,6.48,6.83,6.99
3453,57.55,7.0,63.918,0.078,1.1138,3.97,-8.13,-0.87,6.696,0.00465,0.00353,-1.64,0.0,-0.48929,0.50021,6.69,6.9,6.93,6.26
3454,57.5667,7.0,63.933,0.08,1.1143,3.67,-8.07,-1.01,7.45,0.00333,-0.00366,-0.74,0.0,-0.48878,0.49838,8.95,6.96,6.82,7.07
3455,57.5833,7.0,63.949,0.081,1.1145,3.42,-8.12,-1.11,7.279,-0.00015,-0.01377,1.01,0.0,-0.49301,0.49913,7.48,7.03,6.96,7.65
3456,57.6,7.0,63.964,0.083,1.1147,3.24,-8.34,-1.26,6.89,-0.00139,-0.02267,2.01,0.0,-0.49473,0.49961,6.94,7.03,6.96,6.63
3457,57.6167,7.0,63.979,0.084,1.1138,2.96,-8.56,-1.4,5.945,0.00034,-0.02719,1.8,0.0,-0.49553,0.50214,6.06,6.93,6.96,3.83
3458,57.6333,7.0,63.994,0.086,1.1139,2.6,-8.51,-1.6,6.639,-0.00247,-0.03574,3.24,3.0,-0.49505,0.49885,6.46,6.96,6.95,6.19
3459,57.65,7.0,64.009,0.088,1.1146,2.3,-8.71,-1.67,6.969,-0.00622,-0.04439,4.97,4.97,-0.49921,0.49926,6.95,6.85,6.89,7.18
3460,57.6667,7.0,64.025,0.089,1.1139,1.95,-9.01,-1.75,6.947,-0.00658,-0.05062,5.52,5.52,-0.50041,0.50009,7.35,6.78,6.8,6.85
3461,57.6833,7.0,64.039,0.091,1.1134,1.52,-9.15,-1.84,6.987,-0.00644,-0.0546,5.76,5.76,-0.49997,0.4998,5.86,6.99,6.95,8.14
3462,57.7,7.0,64.054,0.093,1.1135,1.11,-9.24,-2.02,6.744,-0.00669,-0.05478,5.84,5.84,-0.5005,0.50008,7.16,6.69,6.48,6.64
3463,57.7167,7.0,64.067,0.094,1.1164,1.27,-8.92,-2.06,6.193,-0.00986,-0.05691,6.94,6.94,-0.50184,0.49825,5.13,6.44,6.61,6.59
3464,57.7333,7.0,64.076,0.094,1.1206,1.81,-8.29,-2.26,10.173,-0.00748,-0.05812,6.31,6.31,-0.49928,0.49807,10.26,17.31,6.35,6.77
3465,57.75,7.0,64.085,0.094,1.1226,2.46,-7.75,-2.43,7.039,-0.00902,-0.05788,6.76,6.76,-0.5005,0.49776,6.82,7.96,6.53,6.84
3466,57.7667,7.0,64.094,0.094,1.1232,3.17,-7.23,-2.55,6.39,-0.0084,-0.05318,6.24,6.24,-0.49974,0.4976,3.52,9.14,6.29,6.6
3467,57.7833,7.0,64.104,0.093,1.1236,3.97,-6.74,-2.73,6.491,-0.01012,-0.05044,6.57,6.57,-0.50116,0.49731,7.96,4.86,6.43,6.71
3468,57.8,7.0,64.114,0.09,1.1234,4.69,-6.29,-2.85,2.805,-0.0091,-0.04711,6.03,6.03,-0.49968,0.49685,6.68,3.03,6.4,-4.89
3469,57.8167,7.0,64.123,0.087,1.1257,4.94,-5.61,-2.93,0.702,-0.00406,-0.03875,3.93,3.93,-0.49465,0.49685,3.0,-17.93,13.7,4.03
3470,57.8333,7.0,64.133,0.083,1.1305,5.03,-5.25,-2.94,7.548,-0.00265,-0.02669,2.66,0.93,-0.48995,0.49357,9.93,8.99,6.52,4.75
3471,57.85,7.0,64.144,0.079,1.1351,4.9,-4.98,-2.79,8.402,0.00347,-0.01222,-0.19,0.0,-0.48379,0.49353,13.28,7.09,7.05,6.19
3472,57.8667,7.0,64.155,0.075,1.1377,4.58,-4.8,-2.62,6.616,0.00842,0.00718,-3.03,-3.0,-0.48443,0.49912,6.8,6.82,6.97,5.87
3473,57.8833,7.0,64.167,0.072,1.1396,4.36,-4.56,-2.55,5.222,0.0123,0.02761,-5.62,-5.62,-0.48198,0.50055,2.25,6.77,6.76,5.1
3474,57.9,7.0,64.181,0.07,1.143,4.26,-4.38,-2.47,6.912,0.01243,0.0475,-7.05,-7.05,-0.48148,0.50018,8.71,6.67,6.83,5.44
3475,57.9167,7.0,64.195,0.068,1.1451,4.11,-4.25,-2.44,6.359,0.01236,0.06386,-8.18,-8.18,-0.48179,0.50041,6.71,6.71,6.74,5.27
3476,57.9333,7.0,64.209,0.068,1.1459,3.95,-4.08,-2.44,6.186,0.01204,0.07276,-8.71,-8.71,-0.48205,0.50036,6.65,6.64,6.69,4.76
3477,57.95,7.0,64.225,0.067,1.1466,3.85,-4.01,-2.4,6.608,0.00778,0.07476,-7.57,-7.57,-0.48597,0.50002,7.0,6.56,6.69,6.18
3478,57.9667,7.0,64.241,0.067,1.1471,3.77,-4.11,-2.42,6.645,0.00622,0.06862,-6.67,-6.67,-0.48778,0.50027,6.96,6.64,6.68,6.3
3479,57.9833,7.0,64.257,0.067,1.1461,3.73,-4.19,-2.49,6.542,0.00615,0.05805,-5.91,-5.91,-0.48793,0.50035,6.69,6.65,6.69,6.13
3480,58.0,7.0,64.273,0.068,1.1435,3.85,-4.17,-2.55,6.171,-0.00063,0.03778,-2.45,-2.91,-0.49317,0.49881,5.45,6.89,6.9,5.44
3481,58.0167,7.0,64.29,0.068,1.1452,3.88,-3.69,-2.58,7.442,-0.0084,0.01182,1.69,0.09,-0.49722,0.49509,6.95,6.78,6.71,9.33
3482,58.0333,7.0,64.306,0.068,1.1465,4.09,-3.85,-2.4,6.795,-0.01203,-0.01468,4.64,3.09,-0.50015,0.49439,5.69,7.03,7.0,7.46
3483,58.05,7.0,64.322,0.068,1.1468,4.2,-4.04,-2.28,6.586,-0.00773,-0.03325,4.65,4.65,-0.50031,0.49885,4.96,6.77,6.81,7.8
3484,58.0667,7.0,64.336,0.067,1.1483,4.22,-4.08,-2.19,6.528,-0.00619,-0.04363,4.91,4.91,-0.50012,0.50021,6.18,6.67,6.84,6.42
3485,58.0833,7.0,64.351,0.066,1.149,4.25,-4.13,-2.19,6.757,-0.00671,-0.0517,5.63,5.63,-0.49998,0.49954,7.02,6.78,6.84,6.39
3486,58.1,7.0,64.366,0.065,1.1483,4.17,-4.23,-2.19,6.728,-0.00601,-0.058,5.86,5.86,-0.49988,0.50014,6.78,6.71,6.75,6.67
3487,58.1167,7.0,64.381,0.064,1.1478,4.02,-4.18,-2.24,6.859,-0.0044,-0.05492,5.17,5.17,-0.49812,0.49999,5.95,6.77,6.92,7.8
3488,58.1333,7.0,64.397,0.064,1.1471,3.82,-4.07,-2.35,7.354,-0.00343,-0.04322,4.05,4.05,-0.49751,0.50035,10.39,6.69,6.68,5.65
3489,58.15,7.0,64.413,0.064,1.1449,3.61,-3.92,-2.5,6.474,-0.00378,-0.02955,3.2,1.05,-0.49702,0.49951,6.82,6.81,6.82,5.45
3490,58.1667,7.0,64.429,0.064,1.1416,3.34,-3.84,-2.64,7.28,-0.00504,-0.02323,3.14,3.14,-0.49871,0.49994,8.46,6.92,6.92,6.82
3491,58.1833,7.0,64.446,0.063,1.1393,3.33,-3.32,-2.77,6.666,-0.00626,-0.02052,3.32,3.32,-0.50018,0.50019,7.46,6.24,6.84,6.12
3492,58.2,7.0,64.463,0.061,1.1362,3.18,-2.93,-2.95,6.262,-0.00598,-0.01731,3.01,3.01,-0.50075,0.50103,7.3,3.96,3.6,10.18
3493,58.2167,7.0,64.48,0.062,1.138,3.02,-3.29,-2.86,6.51,-0.00766,-0.01692,3.48,3.48,-0.49964,0.49825,6.69,8.21,6.45,4.69
3494,58.2333,7.0,64.496,0.062,1.1385,3.12,-3.14,-2.76,7.259,-0.00892,-0.01954,4.04,4.04,-0.49866,0.496,6.79,6.4,8.99,6.87
3495,58.25,7.0,64.512,0.061,1.1385,3.14,-3.07,-2.73,7.119,-0.00443,-0.01822,2.6,1.04,-0.49862,0.50046,6.89,7.55,7.15,6.89
3496,58.2667,7.0,64.527,0.06,1.1385,3.22,-3.28,-2.63,7.053,-0.005,-0.01729,2.71,2.71,-0.49956,0.50083,6.91,7.81,7.07,6.42
3497,58.2833,7.0,64.543,0.06,1.1383,3.32,-3.34,-2.5,6.933,-0.00652,-0.01674,3.13,3.13,-0.49983,0.49958,6.05,7.6,7.06,7.02
3498,58.3,7.0,64.558,0.059,1.1385,3.38,-3.17,-2.49,6.851,-0.00603,-0.01449,2.82,2.82,-0.49977,0.50002,7.14,6.92,6.87,6.48
3499,58.3167,7.0,64.573,0.059,1.1386,3.21,-3.21,-2.52,6.536,-0.00468,-0.01141,2.2,0.0,-0.49916,0.50075,6.8,6.84,6.51,5.99
3500,58.3333,7.0,64.589,0.059,1.1377,3.05,-3.3,-2.54,6.18,-0.00429,-0.00658,1.75,0.0,-0.49885,0.50082,6.94,4.04,6.31,7.43
3501,58.35,7.0,64.6,0.059,1.1422,3.11,-2.71,-2.34,4.923,-0.00793,-0.00477,2.71,2.71,-0.49778,0.49613,6.05,3.71,2.93,7.0
3502,58.3667,7.0,64.61,0.059,1.1471,3.36,-2.07,-2.49,7.231,-0.0068,-0.00663,2.5,2.5,-0.49622,0.49569,5.14,5.74,11.08,6.96
3503,58.3833,7.0,64.621,0.059,1.1515,3.73,-1.57,-2.85,5.732,-0.00262,-0.00339,1.02,0.0,-0.49376,0.49741,7.69,5.87,2.96,6.41
3504,58.4,7.0,64.631,0.06,1.1565,4.19,-1.37,-3.16,8.28,-0.00231,0.00135,0.6,0.0,-0.49366,0.49762,6.74,6.01,13.92,6.45
3505,58.4167,7.0,64.641,0.06,1.1599,4.72,-1.26,-3.43,7.015,-0.00785,-0.00069,2.4,2.4,-0.49778,0.4962,7.02,5.94,8.41,6.7
3506,58.4333,7.0,64.651,0.06,1.1626,5.27,-1.21,-3.65,6.707,-0.00742,-0.00342,2.47,2.47,-0.49783,0.49668,6.82,6.59,6.72,6.69
3507,58.45,7.0,64.661,0.06,1.1629,5.81,-1.17,-3.85,0.137,-0.00882,-0.00766,3.18,3.18,-0.4995,0.49695,6.95,-8.12,-4.86,6.58
3508,58.4667,7.0,64.673,0.059,1.1657,6.29,-1.12,-3.98,5.846,-0.0093,-0.00816,3.36,3.36,-0.50038,0.49735,6.94,4.4,5.26,6.78
3509,58.4833,7.0,64.685,0.056,1.1677,6.31,-0.97,-3.87,3.981,-0.00646,-0.00684,2.42,2.42,-0.49756,0.49737,6.53,-2.88,6.09,6.18
3510,58.5,7.0,64.697,0.053,1.1682,6.09,-0.65,-3.79,7.686,-0.00298,-0.00638,1.34,0.0,-0.49569,0.49899,6.88,4.61,6.98,12.26
3511,58.5167,7.0,64.71,0.05,1.169,6.0,-0.36,-3.71,5.059,0.00627,0.0032,-2.1,-2.1,-0.48765,0.50018,6.89,4.52,5.78,3.05
3512,58.5333,7.0,64.725,0.049,1.171,5.86,-0.26,-3.54,6.948,0.01139,0.02261,-5.0,-5.0,-0.48237,0.50003,6.65,7.12,7.6,6.42
3513,58.55,7.0,64.74,0.047,1.1719,5.82,-0.16,-3.45,7.586,0.01323,0.04114,-6.85,-6.85,-0.48066,0.50016,6.86,9.37,7.31,6.8
3514,58.5667,7.0,64.756,0.046,1.1709,5.79,-0.06,-3.42,6.476,0.013,0.05864,-8.0,-8.0,-0.48075,0.50002,6.69,6.37,6.27,6.57
3515,58.5833,7.0,64.772,0.044,1.171,5.47,-0.04,-3.35,7.094,0.0143,0.07588,-9.6,-9.6,-0.48009,0.50066,6.6,6.65,7.57,7.56
3516,58.6,7.0,64.788,0.045,1.1716,5.4,-0.04,-3.24,6.785,0.00911,0.0828,-8.53,-8.53,-0.48416,0.49954,6.41,6.43,7.9,6.4
3517,58.6167,7.0,64.803,0.045,1.1714,5.5,-0.02,-3.15,6.169,0.00344,0.07946,-6.59,-6.59,-0.48671,0.49642,6.53,7.0,4.69,6.45
3518,58.6333,7.0,64.82,0.044,1.1705,5.52,-0.03,-3.18,6.304,0.00208,0.06563,-5.22,-5.22,-0.48926,0.49761,6.6,6.51,5.7,6.4
3519,58.65,7.0,64.836,0.042,1.1703,5.18,-0.03,-3.18,6.927,0.00589,0.05209,-5.41,-5.41,-0.48856,0.50072,6.72,6.71,7.42,6.86
3520,58.6667,7.0,64.852,0.042,1.1715,5.25,0.05,-3.11,6.682,-0.00012,0.03211,-2.21,-2.41,-0.49342,0.49957,6.81,6.14,6.96,6.82
3521,58.6833,7.0,64.868,0.042,1.1706,5.28,0.09,-3.0,6.505,-0.00389,0.01089,0.4,0.0,-0.49573,0.49811,6.91,6.94,5.43,6.74
3522,58.7,7.0,64.884,0.041,1.1702,5.19,-0.03,-3.03,6.581,-0.00224,-0.00743,1.19,0.0,-0.49659,0.50063,6.96,7.04,7.23,5.11
3523,58.7167,7.0,64.9,0.041,1.171,5.15,-0.03,-2.97,6.839,-0.00903,-0.0252,4.47,3.0,-0.50042,0.49766,6.89,6.72,6.7,7.04
3524,58.7333,7.0,64.915,0.04,1.1711,5.2,0.05,-2.93,6.606,-0.00973,-0.03572,5.42,5.42,-0.50025,0.49679,6.84,5.82,6.9,6.87
3525,58.75,7.0,64.931,0.039,1.17,5.22,0.11,-2.87,6.863,-0.00567,-0.03941,4.46,4.46,-0.49973,0.50033,6.76,6.51,7.46,6.72
3526,58.7667,7.0,64.947,0.038,1.1701,5.12,-0.02,-2.96,6.135,-0.00448,-0.04535,4.52,4.52,-0.49922,0.50101,6.82,5.01,5.92,6.8
3527,58.7833,7.0,64.962,0.037,1.171,5.26,-0.0,-2.96,6.824,-0.00662,-0.0466,5.25,5.25,-0.49999,0.49964,6.69,6.67,7.1,6.84
3528,58.8,7.0,64.978,0.036,1.1703,5.37,0.05,-2.88,5.826,-0.00664,-0.04384,5.06,5.06,-0.49976,0.49938,6.81,5.59,4.07,6.83
3529,58.8167,7.0,64.993,0.035,1.1703,5.21,-0.02,-2.9,6.895,-0.00341,-0.03979,3.81,3.81,-0.49804,0.5009,6.85,4.65,7.96,8.11
3530,58.8333,7.0,65.009,0.034,1.1706,5.13,-0.03,-2.83,6.782,-0.00674,-0.03267,4.31,4.31,-0.49947,0.499,6.71,6.51,6.83,7.07
3531,58.85,7.0,65.025,0.034,1.171,5.2,0.06,-2.82,6.538,-0.00802,-0.02699,4.3,4.3,-0.50008,0.49833,6.78,5.73,6.85,6.79
3532,58.8667,7.0,65.041,0.033,1.1701,5.23,0.14,-2.76,6.655,-0.00602,-0.02411,3.49,3.49,-0.50021,0.50046,6.88,6.28,6.73,6.73
3533,58.8833,7.0,65.057,0.032,1.1703,5.12,-0.01,-2.84,6.891,-0.00495,-0.0217,3.0,0.49,-0.49897,0.50029,6.88,6.84,7.15,6.69
3534,58.9,7.0,65.072,0.032,1.1711,5.19,-0.01,-2.86,6.798,-0.00805,-0.02056,3.85,3.49,-0.49972,0.49794,6.89,7.04,6.34,6.92
3535,58.9167,7.0,65.088,0.031,1.1709,5.24,0.06,-2.91,6.622,-0.00894,-0.02046,4.11,4.11,-0.49995,0.49728,6.87,5.97,6.83,6.83
3536,58.9333,7.0,65.103,0.029,1.1704,5.26,-0.01,-2.98,6.741,-0.00547,-0.02011,3.05,3.05,-0.49964,0.50044,6.65,7.15,7.84,5.32
3537,58.95,7.0,65.119,0.028,1.1702,5.16,-0.06,-2.95,6.301,-0.00482,-0.01572,2.55,0.05,-0.50014,0.50159,6.69,5.07,7.03,6.41
3538,58.9667,7.0,65.135,0.029,1.1706,5.32,0.01,-2.79,6.875,-0.00636,-0.01212,2.75,2.75,-0.50006,0.49997,6.95,6.27,7.33,6.95
3539,58.9833,7.0,65.15,0.028,1.1701,5.36,0.06,-2.64,7.446,-0.00873,-0.01345,3.56,3.56,-0.50018,0.49772,7.37,5.77,7.15,9.49
3540,59.0,7.0,65.166,0.027,1.1711,5.36,-0.01,-2.68,6.93,-0.00456,-0.01144,2.17,0.56,-0.49834,0.50005,6.9,6.92,7.07,6.82
3541,59.0167,7.0,65.181,0.026,1.1706,5.31,-0.07,-2.72,5.886,-0.005,-0.00693,1.99,1.99,-0.50025,0.50152,6.76,6.11,6.36,4.32
3542,59.0333,7.0,65.197,0.025,1.1706,5.49,-0.03,-2.62,6.945,-0.00567,-0.00273,1.89,1.89,-0.49892,0.49952,6.88,6.03,7.95,6.92
3543,59.05,7.0,65.213,0.024,1.1717,5.7,0.01,-2.68,5.977,-0.00571,-0.00265,1.9,1.9,-0.50035,0.50091,6.84,7.03,8.7,1.33
3544,59.0667,7.0,65.228,0.023,1.1726,5.77,-0.06,-2.62,6.818,-0.00648,-0.00404,2.23,2.23,-0.49961,0.4994,6.94,7.0,8.0,5.33
3545,59.0833,7.0,65.244,0.022,1.173,6.05,-0.03,-2.5,6.842,-0.0057,-0.00288,1.91,1.91,-0.49959,0.50016,6.9,6.51,7.06,6.89
3546,59.1,7.0,65.26,0.021,1.1726,6.19,0.07,-2.37,7.31,-0.00349,0.00286,0.85,0.0,-0.49768,0.50046,6.87,9.65,6.86,5.86
3547,59.1167,7.0,65.276,0.02,1.1724,6.08,0.13,-2.28,6.663,-0.00281,0.00432,0.54,0.0,-0.49757,0.50103,6.89,6.86,6.66,6.25
3548,59.1333,7.0,65.292,0.02,1.1713,6.07,0.18,-2.22,6.243,-0.00402,0.0048,0.87,0.0,-0.49818,0.50042,6.97,4.81,5.53,7.66
3549,59.15,7.0,65.308,0.02,1.1694,6.05,0.32,-2.1,6.671,-0.00265,0.00733,0.28,0.0,-0.49785,0.50147,7.08,7.03,7.07,5.5
3550,59.1667,7.0,65.324,0.021,1.1673,5.89,0.72,-1.95,6.992,-0.00398,0.00822,0.62,0.0,-0.49749,0.49978,6.97,6.92,7.75,6.33
3551,59.1833,7.0,65.341,0.022,1.1637,5.7,1.09,-1.81,6.588,-0.00319,0.01061,0.22,0.0,-0.49724,0.50032,6.85,6.83,7.02,5.66
3552,59.2,7.0,65.358,0.023,1.1583,5.48,1.47,-1.68,6.851,-0.00327,0.01184,0.15,0.0,-0.49689,0.49989,6.9,6.89,6.91,6.71
3553,59.2167,7.0,65.375,0.024,1.1522,4.98,2.19,-1.6,6.577,-0.00219,0.01175,-0.16,0.0,-0.49575,0.49982,6.88,6.88,6.96,5.6
3554,59.2333,7.0,65.393,0.025,1.1452,4.44,2.95,-1.62,6.101,-0.00156,0.01163,-0.35,0.0,-0.49541,0.50012,6.36,6.59,6.72,4.74
3555,59.25,7.0,65.412,0.027,1.1372,3.89,3.65,-1.64,4.653,-0.00054,0.01382,-0.81,0.0,-0.4952,0.50094,7.26,7.09,-2.37,6.63
3556,59.2667,7.0,65.431,0.03,1.1324,3.28,3.69,-1.55,6.93,-0.00646,0.00824,1.36,1.36,-0.50149,0.5013,6.79,6.16,7.26,7.51
3557,59.2833,7.0,65.448,0.035,1.1334,2.33,3.61,-1.26,8.233,-0.01233,-0.00134,3.79,3.79,-0.49973,0.49367,6.68,8.12,10.56,7.57
3558,59.3,7.0,65.465,0.038,1.1307,1.75,3.65,-0.96,6.693,-0.01165,-0.00988,4.19,4.19,-0.49981,0.49443,6.83,6.71,7.58,5.66
3559,59.3167,7.0,65.481,0.04,1.1281,1.13,3.83,-0.82,6.616,-0.00882,-0.0144,3.65,3.65,-0.49895,0.49641,6.59,5.61,7.63,6.63
3560,59.3333,7.0,65.496,0.042,1.1258,0.43,3.71,-0.75,6.788,-0.00626,-0.01685,3.06,3.06,-0.50008,0.5001,6.64,6.89,6.88,6.74
3561,59.35,7.0,65.511,0.044,1.1231,-0.22,3.67,-0.51,3.938,-0.00562,-0.01901,3.02,3.02,-0.49949,0.50014,6.51,-3.14,5.57,6.81
3562,59.3667,7.0,65.525,0.044,1.1241,-0.19,3.64,-0.4,6.107,-0.00584,-0.02218,3.3,3.3,-0.49957,0.5,5.66,5.02,6.86,6.88
3563,59.3833,7.0,65.539,0.043,1.1242,-0.24,3.66,-0.34,6.898,-0.00493,-0.01794,2.74,0.3,-0.49866,0.5,6.89,6.97,6.86,6.88
3564,59.4,7.0,65.553,0.042,1.1227,-0.17,3.61,-0.33,9.492,-0.00306,-0.00625,1.36,0.0,-0.49812,0.50133,7.32,16.32,9.81,4.51
3565,59.4167,7.0,65.568,0.042,1.1231,-0.08,3.6,-0.35,7.602,-0.00859,-0.00235,2.74,2.74,-0.50022,0.4979,8.74,6.39,6.87,8.41
3566,59.4333,7.0,65.583,0.041,1.1228,0.19,3.63,-0.41,6.933,-0.0104,-0.00369,3.38,3.38,-0.50009,0.49596,11.71,6.17,3.02,6.84
3567,59.45,7.0,65.598,0.039,1.1234,0.1,3.59,-0.43,6.8,-0.00458,-0.00153,1.48,0.38,-0.49869,0.50037,6.88,6.76,7.02,6.54
3568,59.4667,7.0,65.613,0.039,1.123,-0.11,3.61,-0.54,3.593,-0.00376,0.00057,1.09,0.0,-0.49817,0.50069,0.39,-0.05,8.06,5.98
3569,59.4833,7.0,65.629,0.039,1.1232,0.09,3.64,-0.51,7.207,-0.00689,-0.00058,2.11,2.11,-0.49961,0.49899,7.93,6.84,7.02,7.04
3570,59.5,7.0,65.645,0.039,1.1233,0.15,3.63,-0.58,7.038,-0.00333,0.00114,0.92,0.0,-0.49796,0.50091,7.05,7.75,6.39,6.96
3571,59.5167,7.0,65.661,0.039,1.1233,-0.07,3.61,-0.6,6.897,-0.0032,0.00085,0.9,0.0,-0.49698,0.50004,7.0,7.01,7.06,6.52
3572,59.5333,7.0,65.677,0.04,1.1233,-0.11,3.57,-0.58,7.313,-0.0073,0.00208,2.04,2.04,-0.49946,0.49843,8.25,6.33,6.86,7.81
3573,59.55,7.0,65.693,0.04,1.1229,0.12,3.63,-0.65,6.829,-0.00961,0.00263,2.7,2.7,-0.50136,0.49801,6.59,7.05,6.82,6.85
3574,59.5667,7.0,65.708,0.039,1.1233,0.07,3.6,-0.74,6.569,-0.00456,0.00234,1.2,0.0,-0.49856,0.50027,6.89,6.31,7.18,5.9
3575,59.5833,7.0,65.724,0.039,1.1234,-0.05,3.62,-0.77,7.845,-0.0011,0.00479,-0.0,0.0,-0.49512,0.50028,8.02,5.83,10.54,6.99
3576,59.6,7.0,65.74,0.039,1.1236,-0.03,3.63,-0.83,6.783,-0.00707,0.00403,1.84,1.84,-0.49995,0.49915,6.8,6.33,7.01,6.99
3577,59.6167,7.0,65.756,0.039,1.1231,0.02,3.67,-0.89,6.796,-0.00584,0.00096,1.69,1.69,-0.50009,0.50052,6.89,6.78,6.61,6.9
3578,59.6333,7.0,65.772,0.039,1.1231,-0.09,3.62,-1.01,6.77,-0.00467,-0.00067,1.45,0.0,-0.49871,0.5003,6.93,6.85,6.95,6.36
3579,59.65,7.0,65.787,0.039,1.1227,-0.14,3.67,-1.07,6.331,-0.0082,-0.00151,2.57,2.57,-0.5015,0.49957,6.96,5.44,5.86,7.06
3580,59.6667,7.0,65.803,0.039,1.1222,-0.07,3.82,-1.03,6.437,-0.00898,-0.00068,2.74,2.74,-0.50026,0.49755,6.9,6.87,5.28,6.69
3581,59.6833,7.0,65.82,0.038,1.1207,0.0,3.95,-1.0,6.696,-0.00734,-0.00345,2.44,2.44,-0.49968,0.49862,6.8,7.75,6.74,5.49
3582,59.7,7.0,65.836,0.038,1.1177,-0.19,4.26,-1.03,6.542,-0.00355,-0.00556,1.46,0.0,-0.49717,0.49989,6.83,5.27,6.88,7.19
3583,59.7167,7.0,65.853,0.038,1.1139,0.1,4.76,-1.05,5.425,-0.00579,-0.00358,1.99,1.99,-0.50016,0.50064,6.98,4.06,3.67,6.99
3584,59.7333,7.0,65.87,0.038,1.1106,0.2,5.25,-0.92,6.86,-0.00486,-0.00213,1.61,0.0,-0.49908,0.50049,6.9,7.58,6.86,6.09
3585,59.75,7.0,65.887,0.038,1.106,-0.01,5.82,-0.87,6.748,-0.00503,-0.00224,1.67,1.67,-0.49894,0.50018,6.68,7.12,6.77,6.42
3586,59.7667,7.0,65.905,0.038,1.1,-0.01,6.5,-0.84,7.431,-0.00876,-0.00254,2.81,2.81,-0.50056,0.49807,6.72,6.13,6.84,10.04
3587,59.7833,7.0,65.921,0.037,1.0927,-0.03,7.5,-0.84,6.05,-0.00829,-0.00153,2.59,2.59,-0.50011,0.49809,7.56,3.28,6.59,6.77
3588,59.8,7.0,65.937,0.034,1.0839,-0.2,8.62,-1.12,6.066,-0.00886,-0.00291,2.86,2.86,-0.50023,0.49764,6.69,4.93,6.28,6.36
3589,59.8167,7.0,65.953,0.031,1.0838,0.21,8.64,-1.01,6.487,-0.00759,-0.00671,2.75,2.75,-0.49879,0.49747,6.97,6.66,6.58,5.74
3590,59.8333,7.0,65.969,0.027,1.0819,0.48,8.66,-1.06,7.042,-0.00096,-0.00094,0.35,0.0,-0.49496,0.50027,7.78,7.47,7.01,5.91
3591,59.85,7.0,65.986,0.025,1.0838,0.41,8.76,-1.04,6.785,-0.00033,0.00383,-0.17,0.0,-0.49408,0.50003,6.83,6.85,6.7,6.76
3592,59.8667,7.0,66.002,0.024,1.084,0.43,8.72,-0.98,7.077,0.00067,0.00923,-0.85,0.0,-0.49334,0.50028,7.1,7.13,6.91,7.17
3593,59.8833,7.0,66.018,0.023,1.083,0.46,8.64,-0.91,6.728,-0.00137,0.01573,-0.69,0.0,-0.49498,0.49988,5.67,6.8,6.95,7.49
3594,59.9,7.0,66.033,0.022,1.0828,0.46,8.82,-0.85,6.263,-0.00042,0.02194,-1.41,0.0,-0.4935,0.49935,5.19,7.02,6.93,5.92
3595,59.9167,7.0,66.049,0.021,1.0841,0.49,8.82,-0.82,6.469,-0.00181,0.02656,-1.32,0.0,-0.49325,0.49771,5.95,6.96,6.66,6.31
3596,59.9333,7.0,66.065,0.021,1.084,0.52,8.75,-0.78,6.913,-0.00142,0.02972,-1.65,0.0,-0.4942,0.49905,6.81,7.0,6.98,6.87
3597,59.95,7.0,66.081,0.02,1.083,0.53,8.69,-0.63,7.195,0.00306,0.03029,-3.04,-3.0,-0.49049,0.49982,6.78,6.78,7.16,8.05
3598,59.9667,7.0,66.096,0.02,1.0832,0.37,8.77,-0.5,7.174,0.00588,0.03304,-4.08,-4.08,-0.48609,0.49824,7.21,6.69,8.88,5.92
3599,59.9833,7.0,66.111,0.02,1.0844,0.32,8.64,-0.35,6.821,0.00058,0.02898,-2.2,-1.08,-0.48946,0.49631,6.81,6.76,6.85,6.86
