f,t,cmd_vel,x,y,z,roll,pitch,yaw,wheel_mean,e,edot_f,tau_pd_raw,tau,qL,qR,wvFL,wvRL,wvFR,wvRR
0,0.0,0.5,19.967,-0.0,0.4468,0.06,-1.15,-0.0,-0.033,0.0,0.0,-0.0,0.0,0.0,0.0,-0.03,-0.03,-0.04,-0.02
1,0.0167,0.502,19.968,-0.001,0.4468,0.07,-1.15,-0.0,0.208,0.0,0.0,-0.0,0.0,0.0,0.0,0.15,0.24,0.33,0.11
2,0.0333,0.503,19.968,-0.001,0.4468,0.09,-1.16,-0.0,0.278,0.0,0.0,-0.0,0.0,0.0,0.0,0.3,0.31,0.21,0.29
3,0.05,0.505,19.969,-0.001,0.447,0.09,-1.15,-0.0,0.458,0.0,0.0,-0.0,0.0,0.0,0.0,0.71,0.4,0.39,0.34
4,0.0667,0.507,19.97,-0.001,0.4471,0.09,-1.15,-0.0,0.408,0.0,0.0,-0.0,0.0,0.0,0.0,0.39,0.46,0.4,0.38
5,0.0833,0.508,19.971,-0.001,0.4472,0.09,-1.15,-0.0,0.408,0.0,0.0,-0.0,0.0,0.0,0.0,0.37,0.48,0.45,0.34
6,0.1,0.51,19.971,-0.001,0.4474,0.08,-1.15,-0.0,0.462,0.0,0.0,-0.0,0.0,0.0,0.0,0.54,0.45,0.44,0.42
7,0.1167,0.512,19.972,-0.001,0.4475,0.08,-1.15,-0.0,0.429,0.0,0.0,-0.0,0.0,0.0,0.0,0.47,0.42,0.42,0.41
8,0.1333,0.513,19.973,-0.001,0.4476,0.08,-1.15,-0.0,0.419,0.0,0.0,-0.0,0.0,0.0,0.0,0.41,0.45,0.41,0.41
9,0.15,0.515,19.974,-0.001,0.4477,0.08,-1.15,-0.0,0.399,0.0,0.0,-0.0,0.0,0.0,0.0,0.41,0.44,0.35,0.41
10,0.1667,0.517,19.975,-0.001,0.4479,0.08,-1.15,-0.0,0.417,0.0,0.0,-0.0,0.0,0.0,0.0,0.42,0.41,0.41,0.42
11,0.1833,0.518,19.976,-0.001,0.448,0.08,-1.15,-0.0,0.445,0.0,0.0,-0.0,0.0,0.0,0.0,0.51,0.4,0.44,0.42
12,0.2,0.52,19.977,-0.001,0.4481,0.08,-1.15,-0.0,0.464,0.0,0.0,-0.0,0.0,0.0,0.0,0.44,0.43,0.56,0.42
13,0.2167,0.522,19.978,-0.001,0.4482,0.07,-1.15,-0.0,0.397,0.0,0.0,-0.0,0.0,0.0,0.0,0.42,0.41,0.31,0.46
14,0.2333,0.523,19.979,-0.0,0.4483,0.07,-1.15,-0.0,0.45,0.0,0.0,-0.0,0.0,0.0,0.0,0.43,0.43,0.45,0.48
15,0.25,0.525,19.98,-0.0,0.4484,0.07,-1.15,-0.0,0.444,0.0,0.0,-0.0,0.0,0.0,0.0,0.44,0.45,0.44,0.45
16,0.2667,0.527,19.981,-0.0,0.4485,0.07,-1.15,-0.0,0.424,0.0,0.0,-0.0,0.0,0.0,0.0,0.35,0.47,0.45,0.43
17,0.2833,0.528,19.982,-0.0,0.4486,0.06,-1.15,-0.0,0.445,0.0,0.0,-0.0,0.0,0.0,0.0,0.47,0.41,0.48,0.43
18,0.3,0.53,19.983,-0.0,0.4486,0.06,-1.15,-0.0,0.465,0.0,0.0,-0.0,0.0,0.0,0.0,0.45,0.46,0.51,0.42
19,0.3167,0.532,19.984,-0.0,0.4487,0.06,-1.15,-0.0,0.568,0.0,0.0,-0.0,0.0,0.0,0.0,0.39,0.96,0.53,0.4
20,0.3333,0.533,19.985,-0.0,0.4488,0.06,-1.15,-0.0,0.458,0.0,0.0,-0.0,0.0,0.0,0.0,0.44,0.47,0.46,0.46
21,0.35,0.535,19.986,-0.0,0.4489,0.06,-1.15,-0.0,0.508,0.0,0.0,-0.0,0.0,0.0,0.0,0.5,0.52,0.53,0.48
22,0.3667,0.537,19.987,-0.0,0.4489,0.05,-1.15,-0.0,0.498,0.0,0.0,-0.0,0.0,0.0,0.0,0.5,0.54,0.47,0.49
23,0.3833,0.538,19.988,-0.0,0.449,0.05,-1.15,-0.0,0.427,0.0,0.0,-0.0,0.0,0.0,0.0,0.47,0.27,0.46,0.51
24,0.4,0.54,19.989,-0.0,0.449,0.05,-1.15,-0.0,0.488,0.0,0.0,-0.0,0.0,0.0,0.0,0.47,0.47,0.5,0.52
25,0.4167,0.542,19.99,-0.0,0.449,0.05,-1.15,-0.0,0.527,0.0,0.0,-0.0,0.0,0.0,0.0,0.51,0.59,0.5,0.51
26,0.4333,0.543,19.991,-0.0,0.4491,0.04,-1.15,-0.0,0.492,0.0,0.0,-0.0,0.0,0.0,0.0,0.49,0.43,0.55,0.5
27,0.45,0.545,19.992,-0.0,0.4491,0.04,-1.15,-0.0,0.481,0.0,0.0,-0.0,0.0,0.0,0.0,0.4,0.52,0.49,0.51
28,0.4667,0.547,19.994,-0.0,0.4491,0.04,-1.15,-0.0,0.442,0.0,0.0,-0.0,0.0,0.0,0.0,0.56,0.13,0.53,0.54
29,0.4833,0.548,19.995,-0.0,0.4491,0.04,-1.15,-0.0,0.507,0.0,0.0,-0.0,0.0,0.0,0.0,0.44,0.54,0.53,0.51
30,0.5,0.55,19.996,-0.0,0.449,0.03,-1.15,-0.0,0.509,0.0,0.0,-0.0,0.0,0.0,0.0,0.52,0.44,0.52,0.55
31,0.5167,0.552,19.997,-0.0,0.449,0.03,-1.15,-0.0,0.464,0.0,0.0,-0.0,0.0,0.0,0.0,0.5,0.31,0.52,0.52
32,0.5333,0.553,19.999,-0.0,0.449,0.03,-1.15,-0.0,0.496,0.0,0.0,-0.0,0.0,0.0,0.0,0.53,0.38,0.53,0.55
33,0.55,0.555,20.0,-0.0,0.449,0.03,-1.15,-0.0,0.476,0.0,0.0,-0.0,0.0,0.0,0.0,0.41,0.43,0.54,0.52
34,0.5667,0.557,20.001,-0.0,0.449,0.03,-1.15,-0.0,0.5,0.0,0.0,-0.0,0.0,0.0,0.0,0.54,0.35,0.55,0.57
35,0.5833,0.558,20.003,-0.0,0.4489,0.04,-1.15,-0.0,0.529,0.0,0.0,-0.0,0.0,0.0,0.0,0.54,0.5,0.54,0.54
36,0.6,0.56,20.004,-0.0,0.4488,0.04,-1.15,-0.0,0.445,0.0,0.0,-0.0,0.0,0.0,0.0,0.13,0.52,0.57,0.56
37,0.6167,0.562,20.005,-0.0,0.4488,0.04,-1.15,-0.0,0.58,0.0,0.0,-0.0,0.0,0.0,0.0,0.57,0.62,0.55,0.57
38,0.6333,0.563,20.007,-0.0,0.4488,0.04,-1.14,-0.0,0.595,0.0,0.0,-0.0,0.0,0.0,0.0,0.55,0.78,0.54,0.5
39,0.65,0.565,20.008,-0.0,0.4488,0.03,-1.14,-0.0,0.507,0.0,0.0,-0.0,0.0,0.0,0.0,0.45,0.54,0.51,0.53
40,0.6667,0.567,20.009,-0.0,0.4488,0.02,-1.14,-0.0,0.581,0.0,0.0,-0.0,0.0,0.0,0.0,0.55,0.72,0.52,0.53
41,0.6833,0.568,20.01,-0.0,0.4488,0.01,-1.14,-0.0,0.552,0.0,0.0,-0.0,0.0,0.0,0.0,0.55,0.59,0.53,0.54
42,0.7,0.57,20.012,0.0,0.4487,-0.01,-1.14,-0.0,0.568,0.0,0.0,-0.0,0.0,0.0,0.0,0.55,0.63,0.54,0.56
43,0.7167,0.572,20.013,0.0,0.4487,-0.02,-1.14,-0.0,0.587,0.0,0.0,-0.0,0.0,0.0,0.0,0.57,0.7,0.54,0.54
44,0.7333,0.573,20.015,0.0,0.4487,-0.03,-1.14,-0.0,0.596,0.0,0.0,-0.0,0.0,0.0,0.0,0.63,0.61,0.57,0.57
45,0.75,0.575,20.016,0.0,0.4486,-0.05,-1.13,-0.0,0.555,0.0,0.0,-0.0,0.0,0.0,0.0,0.56,0.63,0.48,0.56
46,0.7667,0.577,20.017,0.0,0.4485,-0.06,-1.13,-0.0,0.554,0.0,0.0,-0.0,0.0,0.0,0.0,0.57,0.45,0.62,0.57
47,0.7833,0.578,20.019,0.001,0.4485,-0.08,-1.13,-0.0,0.572,0.0,0.0,-0.0,0.0,0.0,0.0,0.59,0.51,0.6,0.59
48,0.8,0.58,20.02,0.001,0.4484,-0.09,-1.13,-0.0,0.563,0.0,0.0,-0.0,0.0,0.0,0.0,0.61,0.61,0.42,0.61
49,0.8167,0.582,20.022,0.001,0.4482,-0.11,-1.13,-0.0,0.588,0.0,0.0,-0.0,0.0,0.0,0.0,0.63,0.55,0.58,0.59
50,0.8333,0.583,20.023,0.001,0.4481,-0.12,-1.13,-0.0,0.545,0.0,0.0,-0.0,0.0,0.0,0.0,0.59,0.5,0.55,0.54
51,0.85,0.585,20.024,0.001,0.4482,-0.1,-1.14,-0.0,0.507,0.0,0.0,-0.0,0.0,0.0,0.0,0.52,0.51,0.48,0.52
52,0.8667,0.587,20.026,0.001,0.4483,-0.07,-1.13,-0.0,0.544,0.0,0.0,-0.0,0.0,0.0,0.0,0.53,0.53,0.6,0.51
53,0.8833,0.588,20.027,0.0,0.4483,-0.04,-1.12,-0.0,0.542,0.0,0.0,-0.0,0.0,0.0,0.0,0.54,0.53,0.55,0.55
54,0.9,0.59,20.028,0.0,0.4484,-0.01,-1.12,-0.0,0.576,0.0,0.0,-0.0,0.0,0.0,0.0,0.59,0.6,0.55,0.56
55,0.9167,0.592,20.03,-0.0,0.4484,0.01,-1.12,-0.0,0.567,0.0,0.0,-0.0,0.0,0.0,0.0,0.55,0.54,0.62,0.57
56,0.9333,0.593,20.031,-0.0,0.4484,0.04,-1.12,-0.0,0.57,0.0,0.0,-0.0,0.0,0.0,0.0,0.58,0.58,0.56,0.56
57,0.95,0.595,20.032,-0.0,0.4485,0.06,-1.13,-0.0,0.601,0.0,0.0,-0.0,0.0,0.0,0.0,0.62,0.61,0.6,0.59
58,0.9667,0.597,20.033,-0.0,0.4485,0.06,-1.15,-0.0,0.503,0.0,0.0,-0.0,0.0,0.0,0.0,0.47,0.57,0.56,0.41
59,0.9833,0.598,20.035,-0.0,0.4486,0.06,-1.15,-0.0,0.575,0.0,0.0,-0.0,0.0,0.0,0.0,0.49,0.8,0.5,0.51
60,1.0,0.6,20.036,-0.0,0.4487,0.06,-1.15,-0.0,0.499,0.0,0.0,-0.0,0.0,0.0,0.0,0.53,0.49,0.44,0.52
61,1.0167,0.602,20.037,-0.0,0.4488,0.06,-1.15,-0.0,0.53,0.0,0.0,-0.0,0.0,0.0,0.0,0.54,0.52,0.52,0.55
62,1.0333,0.603,20.038,-0.0,0.449,0.06,-1.15,-0.0,0.499,0.0,0.0,-0.0,0.0,0.0,0.0,0.46,0.54,0.51,0.49
63,1.05,0.605,20.039,-0.0,0.4491,0.06,-1.15,-0.0,0.54,0.0,0.0,-0.0,0.0,0.0,0.0,0.52,0.59,0.53,0.52
64,1.0667,0.607,20.04,-0.0,0.4491,0.06,-1.15,-0.0,0.38,0.0,0.0,-0.0,0.0,0.0,0.0,0.41,0.21,0.38,0.52
65,1.0833,0.608,20.042,-0.0,0.4492,0.07,-1.15,-0.0,0.54,0.0,0.0,-0.0,0.0,0.0,0.0,0.57,0.56,0.49,0.54
66,1.1,0.61,20.043,-0.0,0.4493,0.07,-1.15,-0.0,0.559,0.0,0.0,-0.0,0.0,0.0,0.0,0.59,0.53,0.57,0.54
67,1.1167,0.612,20.044,-0.0,0.4494,0.07,-1.15,-0.0,0.481,0.0,0.0,-0.0,0.0,0.0,0.0,0.57,0.2,0.58,0.57
68,1.1333,0.613,20.045,-0.0,0.4494,0.07,-1.15,-0.0,0.537,0.0,0.0,-0.0,0.0,0.0,0.0,0.46,0.56,0.56,0.57
69,1.15,0.615,20.047,-0.0,0.4495,0.07,-1.15,-0.0,0.704,0.0,0.0,-0.0,0.0,0.0,0.0,0.5,1.15,0.65,0.52
70,1.1667,0.617,20.048,-0.0,0.4495,0.07,-1.15,-0.0,0.523,0.0,0.0,-0.0,0.0,0.0,0.0,0.41,0.61,0.48,0.59
71,1.1833,0.618,20.049,-0.0,0.4495,0.07,-1.15,-0.0,0.555,0.0,0.0,-0.0,0.0,0.0,0.0,0.52,0.59,0.55,0.56
72,1.2,0.62,20.051,-0.0,0.4495,0.07,-1.15,-0.0,0.58,0.0,0.0,-0.0,0.0,0.0,0.0,0.59,0.56,0.59,0.59
73,1.2167,0.622,20.052,-0.0,0.4495,0.07,-1.15,-0.0,0.641,0.0,0.0,-0.0,0.0,0.0,0.0,0.6,0.8,0.57,0.59
74,1.2333,0.623,20.053,-0.0,0.4495,0.07,-1.15,-0.0,0.681,0.0,0.0,-0.0,0.0,0.0,0.0,0.82,0.63,0.69,0.58
75,1.25,0.625,20.055,-0.0,0.4495,0.07,-1.15,-0.0,0.508,0.0,0.0,-0.0,0.0,0.0,0.0,0.32,0.46,0.64,0.61
76,1.2667,0.627,20.056,-0.0,0.4494,0.07,-1.15,-0.0,0.595,0.0,0.0,-0.0,0.0,0.0,0.0,0.58,0.62,0.61,0.56
77,1.2833,0.628,20.058,-0.0,0.4494,0.07,-1.15,-0.0,0.583,0.0,0.0,-0.0,0.0,0.0,0.0,0.58,0.54,0.61,0.6
78,1.3,0.63,20.059,-0.0,0.4493,0.08,-1.15,-0.0,0.632,0.0,0.0,-0.0,0.0,0.0,0.0,0.64,0.65,0.63,0.6
79,1.3167,0.632,20.061,-0.0,0.4492,0.07,-1.15,-0.0,0.64,0.0,0.0,-0.0,0.0,0.0,0.0,0.65,0.68,0.59,0.63
80,1.3333,0.633,20.062,-0.0,0.4491,0.06,-1.16,-0.0,0.639,0.0,0.0,-0.0,0.0,0.0,0.0,0.63,0.66,0.63,0.64
81,1.35,0.635,20.064,-0.0,0.449,0.06,-1.15,-0.0,0.652,0.0,0.0,-0.0,0.0,0.0,0.0,0.7,0.65,0.61,0.65
82,1.3667,0.637,20.065,-0.0,0.4489,0.05,-1.16,-0.0,0.573,0.0,0.0,-0.0,0.0,0.0,0.0,0.68,0.33,0.62,0.66
83,1.3833,0.638,20.067,-0.0,0.4487,0.05,-1.16,0.0,0.625,0.0,0.0,-0.0,0.0,0.0,0.0,0.62,0.59,0.63,0.66
84,1.4,0.64,20.069,-0.0,0.4486,0.05,-1.16,0.0,0.701,0.0,0.0,-0.0,0.0,0.0,0.0,0.79,0.68,0.66,0.67
85,1.4167,0.642,20.07,-0.0,0.4483,0.04,-1.16,0.0,0.703,0.0,0.0,-0.0,0.0,0.0,0.0,0.75,0.67,0.69,0.7
86,1.4333,0.643,20.072,-0.0,0.4481,0.04,-1.16,0.0,0.732,0.0,0.0,-0.0,0.0,0.0,0.0,0.81,0.74,0.66,0.72
87,1.45,0.645,20.074,-0.0,0.4479,0.03,-1.16,0.0,0.703,0.0,0.0,-0.0,0.0,0.0,0.0,0.71,0.69,0.67,0.73
88,1.4667,0.647,20.076,-0.0,0.4476,0.03,-1.16,0.0,0.72,0.0,0.0,-0.0,0.0,0.0,0.0,0.72,0.73,0.68,0.75
89,1.4833,0.648,20.078,-0.0,0.4473,0.03,-1.16,0.0,0.638,0.0,0.0,-0.0,0.0,0.0,0.0,0.7,0.62,0.53,0.7
90,1.5,0.65,20.079,-0.0,0.4471,0.08,-1.14,0.0,0.652,0.0,0.0,-0.0,0.0,0.0,0.0,0.75,0.51,0.7,0.65
91,1.5167,0.652,20.081,-0.001,0.4471,0.13,-1.15,0.0,0.674,0.0,0.0,-0.0,0.0,0.0,0.0,0.71,0.68,0.66,0.64
92,1.5333,0.653,20.082,-0.001,0.4474,0.13,-1.16,0.0,0.569,0.0,0.0,-0.0,0.0,0.0,0.0,0.64,0.54,0.52,0.57
93,1.55,0.655,20.083,-0.001,0.4476,0.13,-1.15,0.0,0.552,0.0,0.0,-0.0,0.0,0.0,0.0,0.6,0.57,0.55,0.49
94,1.5667,0.657,20.084,-0.001,0.4477,0.13,-1.15,0.0,0.579,0.0,0.0,-0.0,0.0,0.0,0.0,0.64,0.59,0.57,0.52
95,1.5833,0.658,20.086,-0.001,0.4479,0.13,-1.15,0.0,0.57,0.0,0.0,-0.0,0.0,0.0,0.0,0.54,0.57,0.57,0.6
96,1.6,0.66,20.087,-0.001,0.4481,0.12,-1.15,0.0,0.583,0.0,0.0,-0.0,0.0,0.0,0.0,0.73,0.57,0.54,0.49
97,1.6167,0.662,20.088,-0.001,0.4483,0.12,-1.15,0.0,0.569,0.0,0.0,-0.0,0.0,0.0,0.0,0.58,0.57,0.56,0.57
98,1.6333,0.663,20.089,-0.001,0.4484,0.12,-1.15,0.0,0.577,0.0,0.0,-0.0,0.0,0.0,0.0,0.57,0.58,0.59,0.57
99,1.65,0.665,20.091,-0.001,0.4486,0.11,-1.15,0.0,0.524,0.0,0.0,-0.0,0.0,0.0,0.0,0.57,0.36,0.58,0.58
100,1.6667,0.667,20.092,-0.001,0.4487,0.11,-1.15,0.0,0.552,0.0,0.0,-0.0,0.0,0.0,0.0,0.4,0.53,0.71,0.57
101,1.6833,0.668,20.093,-0.001,0.4488,0.11,-1.15,0.0,0.592,0.0,0.0,-0.0,0.0,0.0,0.0,0.53,0.63,0.61,0.6
102,1.7,0.67,20.094,-0.001,0.449,0.1,-1.15,0.0,0.597,0.0,0.0,-0.0,0.0,0.0,0.0,0.62,0.62,0.57,0.58
103,1.7167,0.672,20.096,-0.001,0.4491,0.1,-1.15,0.0,0.649,0.0,0.0,-0.0,0.0,0.0,0.0,0.68,0.59,0.79,0.54
104,1.7333,0.673,20.097,-0.001,0.4492,0.1,-1.15,0.0,0.682,0.0,0.0,-0.0,0.0,0.0,0.0,0.52,1.03,0.59,0.59
105,1.75,0.675,20.098,-0.001,0.4492,0.09,-1.15,0.0,0.649,0.0,0.0,-0.0,0.0,0.0,0.0,0.58,0.82,0.63,0.56
106,1.7667,0.677,20.1,-0.0,0.4493,0.09,-1.15,0.0,0.601,0.0,0.0,-0.0,0.0,0.0,0.0,0.6,0.57,0.62,0.61
107,1.7833,0.678,20.101,-0.0,0.4494,0.09,-1.15,0.0,0.589,0.0,0.0,-0.0,0.0,0.0,0.0,0.6,0.68,0.51,0.57
108,1.8,0.68,20.103,-0.0,0.4494,0.08,-1.15,0.0,0.541,0.0,0.0,-0.0,0.0,0.0,0.0,0.62,0.22,0.71,0.62
109,1.8167,0.682,20.104,-0.0,0.4495,0.08,-1.15,0.0,0.602,0.0,0.0,-0.0,0.0,0.0,0.0,0.5,0.62,0.68,0.61
110,1.8333,0.683,20.105,-0.0,0.4495,0.08,-1.15,0.0,0.825,0.0,0.0,-0.0,0.0,0.0,0.0,0.67,1.35,0.67,0.61
111,1.85,0.685,20.107,-0.0,0.4495,0.07,-1.15,0.0,0.583,0.0,0.0,-0.0,0.0,0.0,0.0,0.61,0.56,0.58,0.58
112,1.8667,0.687,20.108,-0.0,0.4495,0.07,-1.15,0.0,0.659,0.0,0.0,-0.0,0.0,0.0,0.0,0.73,0.62,0.68,0.62
113,1.8833,0.688,20.11,-0.0,0.4494,0.07,-1.15,0.0,0.641,0.0,0.0,-0.0,0.0,0.0,0.0,0.61,0.61,0.71,0.64
114,1.9,0.69,20.111,-0.0,0.4494,0.06,-1.15,0.0,0.748,0.0,0.0,-0.0,0.0,0.0,0.0,0.47,1.14,0.77,0.6
115,1.9167,0.692,20.113,-0.0,0.4494,0.06,-1.15,0.0,0.594,0.0,0.0,-0.0,0.0,0.0,0.0,0.56,0.74,0.68,0.39
116,1.9333,0.693,20.114,-0.0,0.4493,0.06,-1.15,0.0,0.631,0.0,0.0,-0.0,0.0,0.0,0.0,0.51,0.69,0.66,0.66
117,1.95,0.695,20.116,-0.0,0.4492,0.06,-1.16,0.0,0.63,0.0,0.0,-0.0,0.0,0.0,0.0,0.64,0.64,0.58,0.66
118,1.9667,0.697,20.118,-0.0,0.4492,0.06,-1.15,0.0,0.622,0.0,0.0,-0.0,0.0,0.0,0.0,0.71,0.49,0.6,0.69
119,1.9833,0.698,20.119,-0.0,0.449,0.06,-1.16,0.0,0.704,0.0,0.0,-0.0,0.0,0.0,0.0,0.7,0.85,0.57,0.7
120,2.0,0.7,20.121,-0.0,0.4489,0.06,-1.15,0.0,0.66,0.0,0.0,-0.0,0.0,0.0,0.0,0.68,0.77,0.47,0.72
121,2.0167,0.702,20.123,-0.0,0.4487,0.06,-1.16,0.0,0.712,0.0,0.0,-0.0,0.0,0.0,0.0,0.71,0.73,0.68,0.74
122,2.0333,0.703,20.125,-0.0,0.4486,0.06,-1.16,0.01,0.76,0.0,0.0,-0.0,0.0,0.0,0.0,0.73,0.87,0.7,0.75
123,2.05,0.705,20.127,-0.0,0.4483,0.06,-1.16,0.01,0.741,0.0,0.0,-0.0,0.0,0.0,0.0,0.67,0.82,0.71,0.77
124,2.0667,0.707,20.128,-0.0,0.4481,0.06,-1.16,0.01,0.758,0.0,0.0,-0.0,0.0,0.0,0.0,0.77,0.72,0.76,0.78
125,2.0833,0.708,20.13,-0.0,0.4478,0.06,-1.16,0.01,0.711,0.0,0.0,-0.0,0.0,0.0,0.0,0.74,0.79,0.54,0.78
126,2.1,0.71,20.132,-0.0,0.4475,0.06,-1.16,0.01,0.759,0.0,0.0,-0.0,0.0,0.0,0.0,0.77,0.7,0.78,0.79
127,2.1167,0.712,20.134,-0.0,0.4472,0.06,-1.16,0.01,0.815,0.0,0.0,-0.0,0.0,0.0,0.0,0.88,0.81,0.78,0.79
128,2.1333,0.713,20.136,-0.0,0.447,0.06,-1.16,0.01,0.667,0.0,0.0,-0.0,0.0,0.0,0.0,0.4,1.0,0.66,0.61
129,2.15,0.715,20.137,-0.0,0.4472,0.05,-1.14,0.01,0.575,0.0,0.0,-0.0,0.0,0.0,0.0,0.54,0.59,0.49,0.68
130,2.1667,0.717,20.138,-0.0,0.4475,0.06,-1.15,0.01,0.58,0.0,0.0,-0.0,0.0,0.0,0.0,0.81,0.56,0.59,0.36
131,2.1833,0.718,20.14,-0.0,0.4476,0.06,-1.15,0.01,0.607,0.0,0.0,-0.0,0.0,0.0,0.0,0.58,0.62,0.6,0.62
132,2.2,0.72,20.141,-0.0,0.4478,0.06,-1.15,0.01,0.558,0.0,0.0,-0.0,0.0,0.0,0.0,0.58,0.67,0.61,0.36
133,2.2167,0.722,20.142,-0.0,0.448,0.06,-1.15,0.01,0.626,0.0,0.0,-0.0,0.0,0.0,0.0,0.64,0.65,0.6,0.61
134,2.2333,0.723,20.144,-0.0,0.4482,0.06,-1.15,0.01,0.612,0.0,0.0,-0.0,0.0,0.0,0.0,0.58,0.64,0.61,0.62
135,2.25,0.725,20.145,-0.0,0.4484,0.06,-1.15,0.01,0.653,0.0,0.0,-0.0,0.0,0.0,0.0,0.62,0.62,0.77,0.61
136,2.2667,0.727,20.147,-0.0,0.4486,0.06,-1.15,0.01,0.642,0.0,0.0,-0.0,0.0,0.0,0.0,0.62,0.62,0.73,0.61
137,2.2833,0.728,20.148,-0.0,0.4487,0.06,-1.15,0.01,0.623,0.0,0.0,-0.0,0.0,0.0,0.0,0.66,0.6,0.6,0.63
138,2.3,0.73,20.149,-0.0,0.4489,0.06,-1.15,0.01,0.654,0.0,0.0,-0.0,0.0,0.0,0.0,0.61,0.65,0.73,0.63
139,2.3167,0.732,20.151,-0.0,0.449,0.07,-1.15,0.01,0.636,0.0,0.0,-0.0,0.0,0.0,0.0,0.59,0.65,0.67,0.64
140,2.3333,0.733,20.152,-0.0,0.4491,0.07,-1.15,0.01,0.676,0.0,0.0,-0.0,0.0,0.0,0.0,0.63,0.84,0.59,0.64
141,2.35,0.735,20.154,-0.0,0.4492,0.07,-1.15,0.01,0.623,0.0,0.0,-0.0,0.0,0.0,0.0,0.5,0.65,0.71,0.64
142,2.3667,0.737,20.155,-0.0,0.4493,0.07,-1.15,0.01,0.712,0.0,0.0,-0.0,0.0,0.0,0.0,0.65,0.81,0.72,0.66
143,2.3833,0.738,20.157,-0.0,0.4494,0.07,-1.15,0.01,0.69,0.0,0.0,-0.0,0.0,0.0,0.0,0.69,0.69,0.74,0.64
144,2.4,0.74,20.158,-0.0,0.4495,0.07,-1.15,0.01,0.581,0.0,0.0,-0.0,0.0,0.0,0.0,0.67,0.34,0.66,0.65
145,2.4167,0.742,20.16,-0.0,0.4495,0.07,-1.15,0.01,0.696,0.0,0.0,-0.0,0.0,0.0,0.0,0.67,0.7,0.73,0.68
146,2.4333,0.743,20.161,-0.0,0.4495,0.07,-1.15,0.01,0.632,0.0,0.0,-0.0,0.0,0.0,0.0,0.66,0.66,0.76,0.46
147,2.45,0.745,20.163,-0.0,0.4495,0.07,-1.15,0.01,0.67,0.0,0.0,-0.0,0.0,0.0,0.0,0.79,0.45,0.78,0.66
148,2.4667,0.747,20.165,-0.0,0.4495,0.07,-1.15,0.01,0.704,0.0,0.0,-0.0,0.0,0.0,0.0,0.7,0.66,0.73,0.73
149,2.4833,0.748,20.166,-0.0,0.4495,0.07,-1.15,0.01,0.714,0.0,0.0,-0.0,0.0,0.0,0.0,0.7,0.64,0.83,0.69
150,2.5,0.75,20.168,-0.0,0.4495,0.07,-1.15,0.01,0.491,0.0,0.0,-0.0,0.0,0.0,0.0,0.69,0.8,0.65,-0.18
151,2.5167,0.752,20.17,-0.0,0.4494,0.07,-1.15,0.01,0.757,0.0,0.0,-0.0,0.0,0.0,0.0,0.76,0.82,0.68,0.77
152,2.5333,0.753,20.171,-0.0,0.4493,0.07,-1.16,0.01,0.744,0.0,0.0,-0.0,0.0,0.0,0.0,0.69,0.73,0.77,0.78
153,2.55,0.755,20.173,-0.0,0.4492,0.06,-1.16,0.01,0.76,0.0,0.0,-0.0,0.0,0.0,0.0,0.76,0.8,0.71,0.78
154,2.5667,0.757,20.175,-0.0,0.4491,0.06,-1.16,0.01,0.819,0.0,0.0,-0.0,0.0,0.0,0.0,0.72,0.86,0.88,0.81
155,2.5833,0.758,20.177,-0.0,0.4489,0.06,-1.15,0.0,0.782,0.0,0.0,-0.0,0.0,0.0,0.0,0.78,0.76,0.76,0.82
156,2.6,0.76,20.179,-0.0,0.4488,0.05,-1.16,0.0,0.854,0.0,0.0,-0.0,0.0,0.0,0.0,1.03,0.79,0.77,0.83
157,2.6167,0.762,20.181,0.0,0.4486,0.05,-1.16,0.0,0.765,0.0,0.0,-0.0,0.0,0.0,0.0,0.74,0.94,0.73,0.65
158,2.6333,0.763,20.183,-0.0,0.4483,0.05,-1.15,0.0,0.816,0.0,0.0,-0.0,0.0,0.0,0.0,0.85,0.81,0.77,0.84
159,2.65,0.765,20.185,-0.0,0.448,0.05,-1.15,0.0,0.84,0.0,0.0,-0.0,0.0,0.0,0.0,0.82,0.88,0.82,0.84
160,2.6667,0.767,20.187,-0.0,0.4477,0.05,-1.15,0.0,0.844,0.0,0.0,-0.0,0.0,0.0,0.0,1.01,0.9,0.61,0.85
161,2.6833,0.768,20.189,-0.001,0.4477,0.13,-1.13,0.0,0.821,0.0,0.0,-0.0,0.0,0.0,0.0,0.7,1.21,0.72,0.66
162,2.7,0.77,20.19,-0.001,0.448,0.18,-1.07,0.0,0.599,0.0,0.0,-0.0,0.0,0.0,0.0,0.55,0.64,0.65,0.56
163,2.7167,0.772,20.192,-0.001,0.4483,0.19,-1.05,0.0,0.645,0.0,0.0,-0.0,0.0,0.0,0.0,0.61,0.71,0.67,0.59
164,2.7333,0.773,20.193,-0.001,0.4485,0.17,-1.05,0.0,0.611,0.0,0.0,-0.0,0.0,0.0,0.0,0.59,0.52,0.76,0.58
165,2.75,0.775,20.194,-0.001,0.4488,0.13,-1.06,0.0,0.502,0.0,0.0,-0.0,0.0,0.0,0.0,0.39,0.44,0.66,0.52
166,2.7667,0.777,20.195,-0.001,0.449,0.14,-1.04,0.0,0.612,0.0,0.0,-0.0,0.0,0.0,0.0,0.52,0.57,0.72,0.63
167,2.7833,0.778,20.197,-0.001,0.4493,0.14,-1.03,0.0,0.576,0.0,0.0,-0.0,0.0,0.0,0.0,0.52,0.5,0.74,0.54
168,2.8,0.78,20.198,-0.001,0.4495,0.14,-1.01,0.0,0.599,0.0,0.0,-0.0,0.0,0.0,0.0,0.58,0.52,0.72,0.58
169,2.8167,0.782,20.199,-0.001,0.4497,0.14,-1.0,0.0,0.618,0.0,0.0,-0.0,0.0,0.0,0.0,0.55,0.59,0.75,0.58
170,2.8333,0.783,20.201,-0.001,0.4499,0.14,-0.98,0.0,0.635,0.0,0.0,-0.0,0.0,0.0,0.0,0.56,0.61,0.79,0.58
171,2.85,0.785,20.202,-0.001,0.4502,0.14,-0.96,0.0,0.63,0.0,0.0,-0.0,0.0,0.0,0.0,0.63,0.64,0.61,0.64
172,2.8667,0.787,20.204,-0.001,0.4504,0.13,-0.95,0.0,0.623,0.0,0.0,-0.0,0.0,0.0,0.0,0.55,0.69,0.65,0.59
173,2.8833,0.788,20.205,-0.001,0.4507,0.14,-0.94,0.0,0.709,0.0,0.0,-0.0,0.0,0.0,0.0,0.89,0.66,0.61,0.68
174,2.9,0.79,20.207,-0.001,0.4509,0.14,-0.92,0.0,0.638,0.0,0.0,-0.0,0.0,0.0,0.0,0.61,0.66,0.62,0.66
175,2.9167,0.792,20.208,-0.001,0.4511,0.14,-0.91,0.0,0.637,0.0,0.0,-0.0,0.0,0.0,0.0,0.53,0.67,0.67,0.68
176,2.9333,0.793,20.21,-0.001,0.4513,0.14,-0.89,0.0,0.679,0.0,0.0,-0.0,0.0,0.0,0.0,0.67,0.69,0.67,0.69
177,2.95,0.795,20.211,-0.001,0.4515,0.14,-0.88,0.0,0.689,0.0,0.0,-0.0,0.0,0.0,0.0,0.7,0.69,0.68,0.69
178,2.9667,0.797,20.213,-0.001,0.4517,0.14,-0.86,0.01,0.684,0.0,0.0,-0.0,0.0,0.0,0.0,0.68,0.69,0.68,0.68
179,2.9833,0.798,20.215,-0.001,0.4518,0.14,-0.85,0.01,0.69,0.0,0.0,-0.0,0.0,0.0,0.0,0.68,0.69,0.69,0.7
180,3.0,0.8,20.217,-0.001,0.452,0.14,-0.83,0.01,0.759,0.0,0.0,-0.0,0.0,0.0,0.0,0.9,0.71,0.71,0.72
181,3.0167,0.802,20.218,-0.001,0.4521,0.14,-0.82,0.01,0.746,0.0,0.0,-0.0,0.0,0.0,0.0,0.93,0.71,0.72,0.62
182,3.0333,0.803,20.22,-0.001,0.4522,0.14,-0.8,0.01,0.766,0.0,0.0,-0.0,0.0,0.0,0.0,0.93,0.72,0.7,0.72
183,3.05,0.805,20.222,-0.001,0.4523,0.14,-0.78,0.01,0.756,0.0,0.0,-0.0,0.0,0.0,0.0,0.78,0.77,0.73,0.75
184,3.0667,0.807,20.224,-0.001,0.4523,0.14,-0.77,0.01,0.761,0.0,0.0,-0.0,0.0,0.0,0.0,0.73,0.81,0.74,0.76
185,3.0833,0.808,20.226,-0.001,0.4524,0.14,-0.75,0.01,0.766,0.0,0.0,-0.0,0.0,0.0,0.0,0.76,0.77,0.77,0.76
186,3.1,0.81,20.228,-0.001,0.4524,0.14,-0.73,0.01,0.798,0.0,0.0,-0.0,0.0,0.0,0.0,0.86,0.79,0.78,0.77
187,3.1167,0.812,20.23,-0.001,0.4524,0.14,-0.71,0.01,0.807,0.0,0.0,-0.0,0.0,0.0,0.0,0.84,0.81,0.79,0.79
188,3.1333,0.813,20.232,-0.001,0.4523,0.14,-0.69,0.01,0.781,0.0,0.0,-0.0,0.0,0.0,0.0,0.65,0.82,0.79,0.86
189,3.15,0.815,20.234,-0.001,0.4523,0.14,-0.67,0.01,0.808,0.0,0.0,-0.0,0.0,0.0,0.0,0.76,0.82,0.83,0.82
190,3.1667,0.817,20.236,-0.001,0.4522,0.14,-0.66,0.01,0.648,0.0,0.0,-0.0,0.0,0.0,0.0,0.72,0.78,0.29,0.8
191,3.1833,0.818,20.238,-0.001,0.4521,0.14,-0.64,0.01,0.834,0.0,0.0,-0.0,0.0,0.0,0.0,0.69,0.88,0.87,0.89
192,3.2,0.82,20.24,-0.001,0.452,0.14,-0.62,0.01,0.859,0.0,0.0,-0.0,0.0,0.0,0.0,0.85,0.85,0.87,0.86
193,3.2167,0.822,20.243,-0.001,0.4518,0.15,-0.6,0.01,0.792,0.0,0.0,-0.0,0.0,0.0,0.0,0.68,0.74,0.96,0.79
194,3.2333,0.823,20.245,-0.001,0.4518,0.18,-0.59,0.01,0.854,0.0,0.0,-0.0,0.0,0.0,0.0,0.88,0.84,0.86,0.84
195,3.25,0.825,20.246,-0.001,0.452,0.19,-0.6,0.01,0.731,0.0,0.0,-0.0,0.0,0.0,0.0,0.63,0.94,0.84,0.51
196,3.2667,0.827,20.248,-0.001,0.4523,0.18,-0.59,0.01,0.74,0.0,0.0,-0.0,0.0,0.0,0.0,0.75,0.71,0.69,0.82
197,3.2833,0.828,20.25,-0.001,0.4525,0.17,-0.6,0.01,0.71,0.0,0.0,-0.0,0.0,0.0,0.0,0.72,0.77,0.71,0.64
198,3.3,0.83,20.251,-0.001,0.4527,0.17,-0.6,0.01,0.793,0.0,0.0,-0.0,0.0,0.0,0.0,0.8,0.75,0.73,0.9
199,3.3167,0.832,20.253,-0.001,0.4529,0.16,-0.6,0.01,0.785,0.0,0.0,-0.0,0.0,0.0,0.0,0.78,0.76,0.72,0.88
200,3.3333,0.833,20.255,-0.001,0.453,0.15,-0.6,0.01,0.798,0.0,0.0,-0.0,0.0,0.0,0.0,0.73,0.82,0.74,0.91
201,3.35,0.835,20.256,-0.001,0.4532,0.14,-0.6,0.01,0.758,0.0,0.0,-0.0,0.0,0.0,0.0,0.7,0.75,0.72,0.87
202,3.3667,0.837,20.258,-0.001,0.4533,0.13,-0.6,0.01,0.805,0.0,0.0,-0.0,0.0,0.0,0.0,0.94,0.73,0.76,0.79
203,3.3833,0.838,20.26,-0.001,0.4534,0.13,-0.6,0.01,0.797,0.0,0.0,-0.0,0.0,0.0,0.0,0.87,0.77,0.76,0.78
204,3.4,0.84,20.262,-0.0,0.4535,0.12,-0.6,0.01,0.823,0.0,0.0,-0.0,0.0,0.0,0.0,0.85,0.81,0.79,0.85
205,3.4167,0.842,20.264,-0.0,0.4536,0.11,-0.6,0.01,0.824,0.0,0.0,-0.0,0.0,0.0,0.0,0.81,0.76,0.76,0.97
206,3.4333,0.843,20.266,-0.0,0.4536,0.1,-0.6,0.01,0.821,0.0,0.0,-0.0,0.0,0.0,0.0,0.9,0.8,0.77,0.83
207,3.45,0.845,20.267,-0.0,0.4536,0.1,-0.6,0.01,0.77,0.0,0.0,-0.0,0.0,0.0,0.0,0.75,0.76,0.8,0.77
208,3.4667,0.847,20.269,-0.0,0.4537,0.08,-0.6,0.01,0.794,0.0,0.0,-0.0,0.0,0.0,0.0,0.75,0.79,0.88,0.75
209,3.4833,0.848,20.271,-0.0,0.4536,0.07,-0.6,0.01,0.633,0.0,0.0,-0.0,0.0,0.0,0.0,0.85,0.08,0.81,0.79
210,3.5,0.85,20.273,-0.0,0.4536,0.07,-0.6,0.01,0.72,0.0,0.0,-0.0,0.0,0.0,0.0,0.7,0.73,0.83,0.62
211,3.5167,0.852,20.275,-0.0,0.4537,0.07,-0.6,0.01,0.705,0.0,0.0,-0.0,0.0,0.0,0.0,0.75,0.5,0.86,0.72
212,3.5333,0.853,20.277,-0.0,0.4537,0.07,-0.6,0.01,0.823,0.0,0.0,-0.0,0.0,0.0,0.0,0.84,0.86,0.8,0.8
213,3.55,0.855,20.279,-0.0,0.4537,0.07,-0.6,0.01,0.801,0.0,0.0,-0.0,0.0,0.0,0.0,0.79,0.93,0.71,0.78
214,3.5667,0.857,20.281,-0.0,0.4536,0.08,-0.6,0.01,0.833,0.0,0.0,-0.0,0.0,0.0,0.0,0.83,0.88,0.72,0.91
215,3.5833,0.858,20.283,-0.0,0.4536,0.08,-0.6,0.01,0.866,0.0,0.0,-0.0,0.0,0.0,0.0,0.86,0.87,0.82,0.91
216,3.6,0.86,20.285,-0.0,0.4535,0.09,-0.59,0.01,0.897,0.0,0.0,-0.0,0.0,0.0,0.0,0.83,0.91,0.86,0.99
217,3.6167,0.862,20.287,-0.0,0.4534,0.11,-0.58,0.01,0.92,0.0,0.0,-0.0,0.0,0.0,0.0,0.97,0.96,0.87,0.89
218,3.6333,0.863,20.289,-0.0,0.4532,0.11,-0.57,0.0,0.933,0.0,0.0,-0.0,0.0,0.0,0.0,0.83,0.91,0.99,1.0
219,3.65,0.865,20.291,-0.0,0.453,0.11,-0.57,0.0,0.863,0.0,0.0,-0.0,0.0,0.0,0.0,0.91,0.78,0.88,0.88
220,3.6667,0.867,20.294,-0.0,0.4528,0.11,-0.57,0.0,0.947,0.0,0.0,-0.0,0.0,0.0,0.0,1.04,0.86,0.94,0.95
221,3.6833,0.868,20.296,-0.0,0.4526,0.11,-0.57,0.0,0.895,0.0,0.0,-0.0,0.0,0.0,0.0,1.01,0.77,0.94,0.87
222,3.7,0.87,20.298,-0.0,0.4523,0.12,-0.56,0.0,0.856,0.0,0.0,-0.0,0.0,0.0,0.0,0.95,0.95,0.58,0.94
223,3.7167,0.872,20.301,-0.0,0.452,0.12,-0.56,0.0,0.935,0.0,0.0,-0.0,0.0,0.0,0.0,0.87,0.91,1.0,0.96
224,3.7333,0.873,20.303,-0.0,0.4519,0.13,-0.59,0.0,0.858,0.0,0.0,-0.0,0.0,0.0,0.0,1.01,0.82,0.75,0.85
225,3.75,0.875,20.305,-0.001,0.452,0.17,-0.61,0.0,0.832,0.0,0.0,-0.0,0.0,0.0,0.0,0.92,0.9,0.92,0.59
226,3.7667,0.877,20.306,-0.001,0.4524,0.16,-0.62,0.0,0.728,0.0,0.0,-0.0,0.0,0.0,0.0,0.72,0.67,0.66,0.86
227,3.7833,0.878,20.307,-0.001,0.4527,0.17,-0.64,0.0,0.797,0.0,0.0,-0.0,0.0,0.0,0.0,0.81,0.73,0.76,0.88
228,3.8,0.88,20.308,-0.001,0.453,0.18,-0.68,0.0,0.799,0.0,0.0,-0.0,0.0,0.0,0.0,0.85,0.74,0.75,0.85
229,3.8167,0.882,20.31,-0.001,0.4534,0.18,-0.7,0.0,0.703,0.0,0.0,-0.0,0.0,0.0,0.0,0.63,0.74,0.73,0.72
230,3.8333,0.883,20.311,-0.001,0.4537,0.17,-0.71,0.0,0.815,0.0,0.0,-0.0,0.0,0.0,0.0,0.83,0.77,0.81,0.85
231,3.85,0.885,20.313,-0.001,0.454,0.16,-0.74,0.0,0.784,0.0,0.0,-0.0,0.0,0.0,0.0,0.89,0.67,0.79,0.78
232,3.8667,0.887,20.314,-0.001,0.4543,0.15,-0.75,0.0,0.781,0.0,0.0,-0.0,0.0,0.0,0.0,0.81,0.77,0.8,0.74
233,3.8833,0.888,20.316,-0.001,0.4546,0.14,-0.77,0.0,0.813,0.0,0.0,-0.0,0.0,0.0,0.0,0.83,0.65,0.8,0.97
234,3.9,0.89,20.318,-0.0,0.4548,0.13,-0.79,0.0,0.815,0.0,0.0,-0.0,0.0,0.0,0.0,0.85,0.81,0.81,0.79
235,3.9167,0.892,20.319,-0.0,0.4551,0.12,-0.81,-0.0,0.788,0.0,0.0,-0.0,0.0,0.0,0.0,0.8,0.75,0.82,0.79
236,3.9333,0.893,20.321,-0.0,0.4553,0.11,-0.83,-0.0,0.825,0.0,0.0,-0.0,0.0,0.0,0.0,0.83,0.8,0.84,0.83
237,3.95,0.895,20.323,-0.0,0.4555,0.1,-0.85,-0.0,0.789,0.0,0.0,-0.0,0.0,0.0,0.0,0.76,0.78,0.79,0.83
238,3.9667,0.897,20.324,-0.0,0.4558,0.09,-0.88,-0.0,0.797,0.0,0.0,-0.0,0.0,0.0,0.0,0.81,0.86,0.76,0.76
239,3.9833,0.898,20.326,-0.0,0.456,0.08,-0.91,-0.0,0.824,0.0,0.0,-0.0,0.0,0.0,0.0,0.87,0.84,0.8,0.79
240,4.0,0.9,20.327,-0.0,0.4562,0.07,-0.93,-0.0,0.883,0.0,0.0,-0.0,0.0,0.0,0.0,0.8,1.02,0.97,0.75
241,4.0167,0.902,20.329,0.0,0.4564,0.06,-0.96,-0.0,0.82,0.0,0.0,-0.0,0.0,0.0,0.0,0.79,0.82,0.94,0.74
242,4.0333,0.903,20.331,-0.0,0.4565,0.07,-0.98,-0.0,0.868,0.0,0.0,-0.0,0.0,0.0,0.0,0.82,1.14,0.75,0.76
243,4.05,0.905,20.332,-0.0,0.4567,0.07,-0.99,-0.0,0.857,0.0,0.0,-0.0,0.0,0.0,0.0,0.84,1.01,0.8,0.77
244,4.0667,0.907,20.334,-0.0,0.4568,0.07,-1.01,-0.0,0.87,0.0,0.0,-0.0,0.0,0.0,0.0,0.8,1.11,0.76,0.8
245,4.0833,0.908,20.336,-0.0,0.4569,0.08,-1.03,-0.0,0.916,0.0,0.0,-0.0,0.0,0.0,0.0,0.83,1.24,0.79,0.81
246,4.1,0.91,20.338,-0.0,0.457,0.08,-1.05,-0.0,0.822,0.0,0.0,-0.0,0.0,0.0,0.0,0.85,0.66,0.83,0.95
247,4.1167,0.912,20.34,-0.0,0.457,0.08,-1.07,-0.0,0.904,0.0,0.0,-0.0,0.0,0.0,0.0,0.86,1.06,0.83,0.86
248,4.1333,0.913,20.342,-0.0,0.4571,0.08,-1.09,-0.0,0.897,0.0,0.0,-0.0,0.0,0.0,0.0,0.87,1.01,0.86,0.85
249,4.15,0.915,20.344,-0.0,0.4571,0.09,-1.11,-0.0,0.891,0.0,0.0,-0.0,0.0,0.0,0.0,0.87,0.98,0.88,0.83
250,4.1667,0.917,20.346,-0.0,0.457,0.09,-1.13,-0.01,0.88,0.0,0.0,-0.0,0.0,0.0,0.0,0.89,0.87,0.89,0.87
251,4.1833,0.918,20.348,-0.0,0.457,0.09,-1.15,-0.01,0.921,0.0,0.0,-0.0,0.0,0.0,0.0,0.89,1.11,0.95,0.73
252,4.2,0.92,20.35,-0.0,0.4569,0.1,-1.17,-0.01,0.921,0.0,0.0,-0.0,0.0,0.0,0.0,0.91,0.93,0.92,0.92
253,4.2167,0.922,20.352,-0.0,0.4567,0.1,-1.19,-0.01,0.974,0.0,0.0,-0.0,0.0,0.0,0.0,0.91,1.11,0.95,0.92
254,4.2333,0.923,20.354,-0.0,0.4565,0.1,-1.21,-0.01,0.879,0.0,0.0,-0.0,0.0,0.0,0.0,0.91,0.7,0.95,0.95
255,4.25,0.925,20.356,-0.0,0.4565,0.1,-1.25,-0.01,0.939,0.0,0.0,-0.0,0.0,0.0,0.0,0.9,0.92,0.98,0.96
256,4.2667,0.927,20.358,-0.0,0.4565,0.08,-1.27,-0.0,0.796,0.0,0.0,-0.0,0.0,0.0,0.0,0.86,0.75,0.8,0.77
257,4.2833,0.928,20.36,0.0,0.4565,0.03,-1.27,-0.0,0.816,0.0,0.0,-0.0,0.0,0.0,0.0,0.71,0.72,0.86,0.97
258,4.3,0.93,20.362,0.0,0.4568,0.03,-1.26,-0.0,0.819,0.0,0.0,-0.0,0.0,0.0,0.0,0.81,0.81,0.79,0.87
259,4.3167,0.932,20.364,0.0,0.4571,0.04,-1.26,-0.0,0.812,0.0,0.0,-0.0,0.0,0.0,0.0,0.83,0.81,0.78,0.82
260,4.3333,0.933,20.366,0.0,0.4574,0.04,-1.26,-0.0,0.847,0.0,0.0,-0.0,0.0,0.0,0.0,0.81,0.86,0.81,0.91
261,4.35,0.935,20.368,0.0,0.4576,0.05,-1.26,-0.0,0.857,0.0,0.0,-0.0,0.0,0.0,0.0,0.94,0.85,0.84,0.79
262,4.3667,0.937,20.37,0.0,0.4578,0.05,-1.26,-0.0,0.883,0.0,0.0,-0.0,0.0,0.0,0.0,0.84,1.08,0.77,0.84
263,4.3833,0.938,20.372,0.0,0.4581,0.05,-1.26,-0.0,0.829,0.0,0.0,-0.0,0.0,0.0,0.0,0.84,0.81,0.83,0.84
264,4.4,0.94,20.374,0.0,0.4583,0.06,-1.26,-0.0,0.843,0.0,0.0,-0.0,0.0,0.0,0.0,0.83,0.78,0.89,0.86
265,4.4167,0.942,20.376,0.0,0.4584,0.06,-1.26,-0.0,0.857,0.0,0.0,-0.0,0.0,0.0,0.0,0.86,0.84,0.86,0.86
266,4.4333,0.943,20.378,0.0,0.4585,0.07,-1.26,-0.0,0.907,0.0,0.0,-0.0,0.0,0.0,0.0,0.87,0.94,0.92,0.9
267,4.45,0.945,20.38,-0.0,0.4587,0.07,-1.26,-0.0,0.864,0.0,0.0,-0.0,0.0,0.0,0.0,0.88,0.81,0.89,0.87
268,4.4667,0.947,20.382,-0.0,0.4587,0.08,-1.26,-0.01,0.851,0.0,0.0,-0.0,0.0,0.0,0.0,0.92,1.16,0.94,0.38
269,4.4833,0.948,20.384,-0.0,0.4588,0.08,-1.26,-0.01,0.893,0.0,0.0,-0.0,0.0,0.0,0.0,0.89,0.91,0.91,0.86
270,4.5,0.95,20.386,-0.0,0.4588,0.08,-1.26,-0.01,0.733,0.0,0.0,-0.0,0.0,0.0,0.0,0.88,0.15,0.93,0.98
271,4.5167,0.952,20.388,-0.0,0.4588,0.09,-1.26,-0.01,0.831,0.0,0.0,-0.0,0.0,0.0,0.0,0.89,0.69,0.91,0.84
272,4.5333,0.953,20.39,-0.0,0.4587,0.09,-1.26,-0.01,0.892,0.0,0.0,-0.0,0.0,0.0,0.0,0.93,0.65,1.18,0.81
273,4.55,0.955,20.392,-0.0,0.4587,0.1,-1.26,-0.01,0.948,0.0,0.0,-0.0,0.0,0.0,0.0,0.95,0.94,0.97,0.94
274,4.5667,0.957,20.395,-0.0,0.4586,0.09,-1.27,-0.01,1.088,0.0,0.0,-0.0,0.0,0.0,0.0,0.92,0.91,0.93,1.59
275,4.5833,0.958,20.397,-0.0,0.4584,0.09,-1.27,-0.01,0.943,0.0,0.0,-0.0,0.0,0.0,0.0,0.9,1.0,0.93,0.93
276,4.6,0.96,20.399,-0.0,0.4583,0.09,-1.27,-0.01,0.982,0.0,0.0,-0.0,0.0,0.0,0.0,0.98,1.02,0.93,1.01
277,4.6167,0.962,20.402,-0.0,0.4581,0.09,-1.27,-0.01,0.988,0.0,0.0,-0.0,0.0,0.0,0.0,0.97,1.07,0.93,0.98
278,4.6333,0.963,20.404,-0.0,0.4578,0.09,-1.27,-0.01,0.999,0.0,0.0,-0.0,0.0,0.0,0.0,1.02,1.03,0.96,0.99
279,4.65,0.965,20.407,-0.0,0.4575,0.08,-1.27,-0.01,0.996,0.0,0.0,-0.0,0.0,0.0,0.0,1.02,1.05,0.94,0.98
280,4.6667,0.967,20.409,-0.0,0.4571,0.09,-1.27,-0.01,1.015,0.0,0.0,-0.0,0.0,0.0,0.0,1.04,1.02,0.98,1.02
281,4.6833,0.968,20.412,-0.0,0.4567,0.08,-1.27,-0.01,1.047,0.0,0.0,-0.0,0.0,0.0,0.0,1.07,1.08,0.97,1.07
282,4.7,0.97,20.414,0.0,0.4562,0.08,-1.27,-0.01,1.065,0.0,0.0,-0.0,0.0,0.0,0.0,1.08,1.13,0.98,1.07
283,4.7167,0.972,20.417,-0.0,0.4562,0.1,-1.26,-0.01,0.775,0.0,0.0,-0.0,0.0,0.0,0.0,0.79,0.69,0.82,0.81
284,4.7333,0.973,20.419,-0.0,0.4565,0.1,-1.26,-0.01,0.817,0.0,0.0,-0.0,0.0,0.0,0.0,0.79,0.82,0.79,0.86
285,4.75,0.975,20.421,-0.0,0.4568,0.1,-1.26,-0.01,0.874,0.0,0.0,-0.0,0.0,0.0,0.0,0.88,0.92,0.87,0.83
286,4.7667,0.977,20.423,-0.0,0.457,0.1,-1.26,-0.01,0.884,0.0,0.0,-0.0,0.0,0.0,0.0,0.96,0.84,0.89,0.85
287,4.7833,0.978,20.425,-0.0,0.4573,0.1,-1.26,-0.01,0.905,0.0,0.0,-0.0,0.0,0.0,0.0,0.95,0.9,0.89,0.89
288,4.8,0.98,20.427,-0.0,0.4575,0.09,-1.26,-0.01,0.923,0.0,0.0,-0.0,0.0,0.0,0.0,0.9,0.93,0.89,0.97
289,4.8167,0.982,20.429,-0.0,0.4577,0.09,-1.26,-0.01,0.806,0.0,0.0,-0.0,0.0,0.0,0.0,0.92,0.67,0.75,0.88
290,4.8333,0.983,20.431,-0.0,0.4579,0.09,-1.26,-0.01,0.877,0.0,0.0,-0.0,0.0,0.0,0.0,0.91,0.73,0.95,0.91
291,4.85,0.985,20.433,-0.0,0.458,0.08,-1.26,-0.01,0.92,0.0,0.0,-0.0,0.0,0.0,0.0,0.93,0.91,0.93,0.92
292,4.8667,0.987,20.435,-0.0,0.4581,0.09,-1.26,-0.01,0.906,0.0,0.0,-0.0,0.0,0.0,0.0,0.99,0.74,0.98,0.92
293,4.8833,0.988,20.437,-0.0,0.4583,0.09,-1.26,-0.01,0.909,0.0,0.0,-0.0,0.0,0.0,0.0,0.9,0.94,0.89,0.9
294,4.9,0.99,20.439,-0.0,0.4584,0.09,-1.26,-0.01,0.973,0.0,0.0,-0.0,0.0,0.0,0.0,0.96,0.85,1.14,0.94
295,4.9167,0.992,20.442,-0.0,0.4584,0.1,-1.26,-0.01,1.029,0.0,0.0,-0.0,0.0,0.0,0.0,0.9,1.27,1.02,0.93
296,4.9333,0.993,20.444,-0.0,0.4585,0.1,-1.26,-0.01,0.823,0.0,0.0,-0.0,0.0,0.0,0.0,0.92,0.54,0.93,0.9
297,4.95,0.995,20.446,-0.0,0.4585,0.1,-1.26,-0.01,0.942,0.0,0.0,-0.0,0.0,0.0,0.0,0.97,0.85,0.96,0.98
298,4.9667,0.997,20.449,-0.0,0.4584,0.1,-1.26,-0.01,0.962,0.0,0.0,-0.0,0.0,0.0,0.0,1.0,0.93,0.96,0.96
299,4.9833,0.998,20.451,-0.0,0.4583,0.11,-1.26,-0.01,0.97,0.0,0.0,-0.0,0.0,0.0,0.0,0.99,0.97,0.96,0.97
300,5.0,1.0,20.453,-0.0,0.4583,0.11,-1.25,-0.01,0.745,0.0,0.0,-0.0,0.0,0.0,0.0,0.82,0.24,0.95,0.98
301,5.0167,1.002,20.456,-0.0,0.4583,0.09,-1.25,-0.01,0.976,0.0,0.0,-0.0,0.0,0.0,0.0,0.98,1.01,0.96,0.95
302,5.0333,1.003,20.458,0.0,0.4583,0.07,-1.25,-0.01,0.962,0.0,0.0,-0.0,0.0,0.0,0.0,0.93,1.0,0.95,0.96
303,5.05,1.005,20.46,0.0,0.4583,0.05,-1.25,-0.01,0.964,0.0,0.0,-0.0,0.0,0.0,0.0,0.98,1.01,0.9,0.97
304,5.0667,1.007,20.463,0.0,0.4582,0.02,-1.24,-0.01,0.962,0.0,0.0,-0.0,0.0,0.0,0.0,0.97,0.93,0.96,0.99
305,5.0833,1.008,20.465,0.001,0.4581,0.0,-1.24,-0.01,0.997,0.0,0.0,-0.0,0.0,0.0,0.0,1.03,1.05,0.9,1.01
306,5.1,1.01,20.468,0.001,0.4579,-0.02,-1.24,-0.01,1.035,0.0,0.0,-0.0,0.0,0.0,0.0,1.09,1.0,1.03,1.03
307,5.1167,1.012,20.47,0.001,0.4577,-0.04,-1.23,-0.01,1.024,0.0,0.0,-0.0,0.0,0.0,0.0,1.07,0.97,1.02,1.04
308,5.1333,1.013,20.473,0.001,0.4574,-0.07,-1.23,-0.01,1.075,0.0,0.0,-0.0,0.0,0.0,0.0,1.08,1.07,1.08,1.07
309,5.15,1.015,20.475,0.001,0.4575,-0.05,-1.25,-0.01,0.958,0.0,0.0,-0.0,0.0,0.0,0.0,0.93,1.05,0.94,0.91
310,5.1667,1.017,20.478,0.0,0.4576,0.02,-1.23,-0.01,0.976,0.0,0.0,-0.0,0.0,0.0,0.0,0.97,0.97,0.98,0.99
311,5.1833,1.018,20.48,0.0,0.4576,0.05,-1.25,-0.01,1.005,0.0,0.0,-0.0,0.0,0.0,0.0,1.06,0.95,1.0,1.01
312,5.2,1.02,20.482,0.0,0.4579,0.06,-1.26,-0.01,0.94,0.0,0.0,-0.0,0.0,0.0,0.0,1.06,0.89,0.9,0.91
313,5.2167,1.022,20.484,0.0,0.4581,0.06,-1.25,-0.01,0.937,0.0,0.0,-0.0,0.0,0.0,0.0,0.93,0.96,0.93,0.93
314,5.2333,1.023,20.486,0.0,0.4583,0.07,-1.25,-0.01,0.957,0.0,0.0,-0.0,0.0,0.0,0.0,1.01,0.88,0.96,0.98
315,5.25,1.025,20.489,0.0,0.4585,0.07,-1.26,-0.01,0.926,0.0,0.0,-0.0,0.0,0.0,0.0,0.94,0.89,0.95,0.93
316,5.2667,1.027,20.491,0.0,0.4586,0.07,-1.26,-0.01,0.841,0.0,0.0,-0.0,0.0,0.0,0.0,0.88,0.57,0.95,0.96
317,5.2833,1.028,20.493,0.0,0.4587,0.08,-1.26,-0.01,0.974,0.0,0.0,-0.0,0.0,0.0,0.0,0.96,1.02,0.99,0.92
318,5.3,1.03,20.496,0.0,0.4588,0.08,-1.26,-0.01,0.999,0.0,0.0,-0.0,0.0,0.0,0.0,1.0,0.91,1.09,1.0
319,5.3167,1.032,20.498,0.0,0.4588,0.08,-1.26,-0.01,1.025,0.0,0.0,-0.0,0.0,0.0,0.0,1.02,1.02,1.04,1.02
320,5.3333,1.033,20.5,0.0,0.4588,0.09,-1.26,-0.01,1.02,0.0,0.0,-0.0,0.0,0.0,0.0,1.01,1.0,1.04,1.03
321,5.35,1.035,20.503,0.0,0.4588,0.09,-1.26,-0.01,1.041,0.0,0.0,-0.0,0.0,0.0,0.0,1.04,0.93,1.1,1.09
322,5.3667,1.037,20.505,0.0,0.4587,0.09,-1.26,-0.01,1.002,0.0,0.0,-0.0,0.0,0.0,0.0,1.06,0.85,1.08,1.01
323,5.3833,1.038,20.508,0.0,0.4586,0.09,-1.27,-0.01,1.032,0.0,0.0,-0.0,0.0,0.0,0.0,1.11,0.89,1.17,0.96
324,5.4,1.04,20.51,0.0,0.4584,0.08,-1.27,-0.01,1.21,0.0,0.0,-0.0,0.0,0.0,0.0,1.96,0.98,0.82,1.09
325,5.4167,1.042,20.513,0.0,0.4582,0.08,-1.27,-0.01,1.029,0.0,0.0,-0.0,0.0,0.0,0.0,1.05,1.07,0.99,1.01
326,5.4333,1.043,20.515,0.0,0.458,0.07,-1.27,-0.01,1.085,0.0,0.0,-0.0,0.0,0.0,0.0,1.08,1.13,1.06,1.07
327,5.45,1.045,20.518,0.0,0.4577,0.07,-1.27,-0.01,1.075,0.0,0.0,-0.0,0.0,0.0,0.0,1.11,1.05,1.09,1.04
328,5.4667,1.047,20.521,0.0,0.4573,0.07,-1.27,-0.01,1.054,0.0,0.0,-0.0,0.0,0.0,0.0,1.1,0.99,1.06,1.07
329,5.4833,1.048,20.523,0.0,0.4569,0.07,-1.27,-0.01,1.115,0.0,0.0,-0.0,0.0,0.0,0.0,1.15,1.13,1.07,1.12
330,5.5,1.05,20.526,0.0,0.4564,0.06,-1.27,-0.01,1.029,0.0,0.0,-0.0,0.0,0.0,0.0,1.05,1.17,0.88,1.02
331,5.5167,1.052,20.529,-0.0,0.4565,0.12,-1.26,-0.01,0.938,0.0,0.0,-0.0,0.0,0.0,0.0,1.07,0.99,0.94,0.76
332,5.5333,1.053,20.531,-0.0,0.4568,0.12,-1.26,-0.01,0.932,0.0,0.0,-0.0,0.0,0.0,0.0,1.04,0.94,0.91,0.84
333,5.55,1.055,20.533,-0.0,0.4571,0.12,-1.26,-0.01,0.858,0.0,0.0,-0.0,0.0,0.0,0.0,1.06,0.93,0.89,0.55
334,5.5667,1.057,20.535,-0.0,0.4574,0.11,-1.26,-0.01,0.967,0.0,0.0,-0.0,0.0,0.0,0.0,0.97,0.99,0.96,0.95
335,5.5833,1.058,20.537,-0.0,0.4577,0.11,-1.26,-0.01,0.959,0.0,0.0,-0.0,0.0,0.0,0.0,1.0,0.98,0.97,0.88
336,5.6,1.06,20.539,-0.0,0.4579,0.11,-1.26,-0.01,0.981,0.0,0.0,-0.0,0.0,0.0,0.0,0.98,0.96,0.99,1.0
337,5.6167,1.062,20.542,-0.0,0.4582,0.11,-1.25,-0.01,0.923,0.0,0.0,-0.0,0.0,0.0,0.0,1.03,0.76,0.92,0.98
338,5.6333,1.063,20.544,-0.0,0.4584,0.1,-1.26,-0.01,0.972,0.0,0.0,-0.0,0.0,0.0,0.0,0.98,0.99,0.98,0.95
339,5.65,1.065,20.546,-0.0,0.4585,0.1,-1.26,-0.01,1.024,0.0,0.0,-0.0,0.0,0.0,0.0,0.94,1.13,1.02,1.0
340,5.6667,1.067,20.549,0.0,0.4586,0.1,-1.26,-0.01,0.988,0.0,0.0,-0.0,0.0,0.0,0.0,1.0,0.88,1.05,1.02
341,5.6833,1.068,20.551,0.0,0.4587,0.09,-1.26,-0.01,1.003,0.0,0.0,-0.0,0.0,0.0,0.0,1.02,0.86,1.13,1.01
342,5.7,1.07,20.553,0.0,0.4588,0.09,-1.26,-0.01,1.151,0.0,0.0,-0.0,0.0,0.0,0.0,1.02,1.36,1.16,1.07
343,5.7167,1.072,20.556,0.0,0.4588,0.08,-1.26,-0.01,1.077,0.0,0.0,-0.0,0.0,0.0,0.0,1.07,1.2,1.08,0.96
344,5.7333,1.073,20.558,0.0,0.4587,0.08,-1.26,-0.01,0.608,0.0,0.0,-0.0,0.0,0.0,0.0,0.09,0.87,0.98,0.49
345,5.75,1.075,20.561,0.0,0.4586,0.07,-1.27,-0.01,1.032,0.0,0.0,-0.0,0.0,0.0,0.0,1.08,0.96,1.03,1.06
346,5.7667,1.077,20.563,0.0,0.4585,0.07,-1.26,-0.01,1.083,0.0,0.0,-0.0,0.0,0.0,0.0,1.08,1.17,1.02,1.06
347,5.7833,1.078,20.566,0.0,0.4584,0.07,-1.27,-0.01,0.839,0.0,0.0,-0.0,0.0,0.0,0.0,0.97,0.78,1.06,0.54
348,5.8,1.08,20.569,0.0,0.4582,0.07,-1.27,-0.01,1.086,0.0,0.0,-0.0,0.0,0.0,0.0,1.09,1.12,1.06,1.07
349,5.8167,1.082,20.571,0.0,0.458,0.08,-1.27,-0.01,1.06,0.0,0.0,-0.0,0.0,0.0,0.0,1.11,0.98,1.06,1.09
350,5.8333,1.083,20.574,0.0,0.4577,0.08,-1.27,-0.01,1.111,0.0,0.0,-0.0,0.0,0.0,0.0,1.11,1.16,1.1,1.08
351,5.85,1.085,20.577,0.0,0.4573,0.08,-1.27,-0.01,1.12,0.0,0.0,-0.0,0.0,0.0,0.0,1.15,1.11,1.13,1.09
352,5.8667,1.087,20.58,0.0,0.4569,0.08,-1.28,-0.01,1.084,0.0,0.0,-0.0,0.0,0.0,0.0,1.17,1.07,1.08,1.01
353,5.8833,1.088,20.583,0.0,0.4564,0.09,-1.28,-0.01,1.042,0.0,0.0,-0.0,0.0,0.0,0.0,1.13,1.11,1.05,0.87
354,5.9,1.09,20.585,0.0,0.4565,0.05,-1.26,-0.0,1.141,0.0,0.0,-0.0,0.0,0.0,0.0,1.38,1.25,1.09,0.84
355,5.9167,1.092,20.587,0.0,0.4569,0.04,-1.25,-0.01,0.982,0.0,0.0,-0.0,0.0,0.0,0.0,0.99,1.01,0.97,0.96
356,5.9333,1.093,20.589,0.0,0.4572,0.06,-1.26,-0.01,0.951,0.0,0.0,-0.0,0.0,0.0,0.0,0.95,0.95,0.93,0.97
357,5.95,1.095,20.592,0.0,0.4575,0.05,-1.25,-0.01,0.959,0.0,0.0,-0.0,0.0,0.0,0.0,0.88,1.0,0.97,0.98
358,5.9667,1.097,20.594,0.0,0.4578,0.06,-1.25,-0.01,1.0,0.0,0.0,-0.0,0.0,0.0,0.0,1.03,1.07,0.98,0.91
359,5.9833,1.098,20.596,0.0,0.458,0.07,-1.25,-0.01,1.019,0.0,0.0,-0.0,0.0,0.0,0.0,1.03,1.04,0.99,1.01
360,6.0,1.1,20.599,0.0,0.4583,0.07,-1.25,-0.01,1.008,0.0,0.0,-0.0,0.0,0.0,0.0,1.08,0.98,0.93,1.03
361,6.0167,1.102,20.601,0.0,0.4585,0.07,-1.26,-0.01,0.957,0.0,0.0,-0.0,0.0,0.0,0.0,1.0,0.8,1.0,1.03
362,6.0333,1.103,20.603,0.0,0.4586,0.07,-1.26,-0.01,1.046,0.0,0.0,-0.0,0.0,0.0,0.0,1.01,1.05,1.08,1.04
363,6.05,1.105,20.606,0.0,0.4587,0.08,-1.26,-0.01,1.068,0.0,0.0,-0.0,0.0,0.0,0.0,1.03,1.05,1.14,1.05
364,6.0667,1.107,20.608,0.0,0.4588,0.08,-1.26,-0.01,0.878,0.0,0.0,-0.0,0.0,0.0,0.0,1.07,0.51,0.93,1.01
365,6.0833,1.108,20.611,0.0,0.4588,0.08,-1.26,-0.01,1.131,0.0,0.0,-0.0,0.0,0.0,0.0,1.12,1.12,1.2,1.09
366,6.1,1.11,20.613,0.0,0.4588,0.09,-1.26,-0.01,1.025,0.0,0.0,-0.0,0.0,0.0,0.0,1.04,1.06,1.1,0.89
367,6.1167,1.112,20.616,0.0,0.4587,0.09,-1.26,-0.01,0.436,0.0,0.0,-0.0,0.0,0.0,0.0,-0.91,0.94,0.66,1.06
368,6.1333,1.113,20.619,0.0,0.4586,0.09,-1.27,-0.01,1.085,0.0,0.0,-0.0,0.0,0.0,0.0,1.11,1.04,1.09,1.1
369,6.15,1.115,20.621,0.0,0.4585,0.08,-1.27,-0.01,0.905,0.0,0.0,-0.0,0.0,0.0,0.0,1.05,0.81,1.09,0.66
370,6.1667,1.117,20.624,0.0,0.4583,0.08,-1.27,-0.01,1.115,0.0,0.0,-0.0,0.0,0.0,0.0,1.08,1.06,1.14,1.18
371,6.1833,1.118,20.627,0.0,0.4581,0.08,-1.27,-0.01,1.155,0.0,0.0,-0.0,0.0,0.0,0.0,1.16,1.15,1.14,1.18
372,6.2,1.12,20.63,0.0,0.4578,0.07,-1.27,-0.01,1.148,0.0,0.0,-0.0,0.0,0.0,0.0,1.13,1.17,1.13,1.16
373,6.2167,1.122,20.632,0.0,0.4574,0.07,-1.28,-0.01,1.137,0.0,0.0,-0.0,0.0,0.0,0.0,1.16,1.1,1.11,1.18
374,6.2333,1.123,20.635,0.0,0.457,0.08,-1.27,-0.0,1.086,0.0,0.0,-0.0,0.0,0.0,0.0,0.92,1.14,1.15,1.14
375,6.25,1.125,20.638,-0.0,0.4568,0.17,-1.24,-0.01,1.101,0.0,0.0,-0.0,0.0,0.0,0.0,1.07,1.11,1.07,1.15
376,6.2667,1.127,20.641,-0.001,0.4569,0.22,-1.27,-0.0,1.094,0.0,0.0,-0.0,0.0,0.0,0.0,0.86,1.46,1.03,1.02
377,6.2833,1.128,20.643,-0.001,0.4572,0.21,-1.26,-0.01,0.962,0.0,0.0,-0.0,0.0,0.0,0.0,1.13,0.89,0.91,0.92
378,6.3,1.13,20.645,-0.001,0.4575,0.19,-1.26,-0.01,0.965,0.0,0.0,-0.0,0.0,0.0,0.0,0.98,0.96,0.95,0.97
379,6.3167,1.132,20.647,-0.0,0.4577,0.18,-1.26,-0.01,1.041,0.0,0.0,-0.0,0.0,0.0,0.0,1.03,1.09,1.03,1.02
380,6.3333,1.133,20.65,-0.0,0.458,0.16,-1.26,-0.01,0.977,0.0,0.0,-0.0,0.0,0.0,0.0,1.0,0.69,1.14,1.08
381,6.35,1.135,20.652,-0.0,0.4582,0.14,-1.26,-0.01,1.008,0.0,0.0,-0.0,0.0,0.0,0.0,1.04,0.9,1.04,1.05
382,6.3667,1.137,20.655,-0.0,0.4583,0.12,-1.26,-0.0,1.068,0.0,0.0,-0.0,0.0,0.0,0.0,1.06,1.06,1.08,1.07
383,6.3833,1.138,20.657,0.0,0.4584,0.11,-1.26,-0.0,1.051,0.0,0.0,-0.0,0.0,0.0,0.0,1.02,1.1,1.04,1.05
384,6.4,1.14,20.66,0.0,0.4585,0.09,-1.26,-0.0,1.058,0.0,0.0,-0.0,0.0,0.0,0.0,1.05,1.09,1.11,0.99
385,6.4167,1.142,20.662,0.0,0.4586,0.1,-1.25,-0.0,1.12,0.0,0.0,-0.0,0.0,0.0,0.0,1.08,1.06,1.25,1.08
386,6.4333,1.143,20.665,0.0,0.4587,0.1,-1.25,-0.0,1.12,0.0,0.0,-0.0,0.0,0.0,0.0,1.09,1.08,1.2,1.11
387,6.45,1.145,20.668,0.0,0.4587,0.1,-1.25,-0.0,1.112,0.0,0.0,-0.0,0.0,0.0,0.0,1.11,1.12,1.1,1.12
388,6.4667,1.147,20.67,0.0,0.4587,0.1,-1.25,-0.0,1.137,0.0,0.0,-0.0,0.0,0.0,0.0,1.15,1.12,1.13,1.15
389,6.4833,1.148,20.673,0.0,0.4586,0.1,-1.26,-0.01,1.134,0.0,0.0,-0.0,0.0,0.0,0.0,1.11,1.15,1.14,1.13
390,6.5,1.15,20.676,0.0,0.4585,0.1,-1.26,-0.01,1.182,0.0,0.0,-0.0,0.0,0.0,0.0,1.18,1.15,1.22,1.18
391,6.5167,1.152,20.678,0.0,0.4583,0.1,-1.26,-0.01,1.171,0.0,0.0,-0.0,0.0,0.0,0.0,1.15,1.18,1.16,1.2
392,6.5333,1.153,20.681,0.0,0.4581,0.1,-1.26,-0.01,1.199,0.0,0.0,-0.0,0.0,0.0,0.0,1.37,1.09,1.17,1.17
393,6.55,1.155,20.684,0.0,0.4578,0.1,-1.26,-0.01,1.15,0.0,0.0,-0.0,0.0,0.0,0.0,1.14,1.11,1.16,1.2
394,6.5667,1.157,20.687,0.0,0.4575,0.11,-1.23,-0.01,0.557,0.0,0.0,-0.0,0.0,0.0,0.0,0.64,0.24,0.37,0.97
395,6.5833,1.158,20.69,0.0,0.4578,0.12,-1.16,-0.01,1.0,0.0,0.0,-0.0,0.0,0.0,0.0,0.8,1.16,1.16,0.87
396,6.6,1.16,20.692,0.0,0.4583,0.11,-1.13,-0.01,1.013,0.0,0.0,-0.0,0.0,0.0,0.0,0.96,1.0,1.16,0.93
397,6.6167,1.162,20.694,0.0,0.4587,0.1,-1.11,-0.01,0.946,0.0,0.0,-0.0,0.0,0.0,0.0,0.9,0.88,1.16,0.85
398,6.6333,1.163,20.696,0.0,0.4592,0.11,-1.08,-0.01,1.025,0.0,0.0,-0.0,0.0,0.0,0.0,0.99,1.04,1.15,0.91
399,6.65,1.165,20.698,0.0,0.4596,0.1,-1.06,-0.01,0.942,0.0,0.0,-0.0,0.0,0.0,0.0,0.87,0.89,1.16,0.85
400,6.6667,1.167,20.701,0.0,0.4599,0.11,-1.03,-0.01,1.085,0.0,0.0,-0.0,0.0,0.0,0.0,0.95,1.31,1.15,0.94
401,6.6833,1.168,20.703,0.0,0.4603,0.1,-1.01,-0.01,0.979,0.0,0.0,-0.0,0.0,0.0,0.0,0.91,0.92,1.15,0.93
402,6.7,1.17,20.705,0.0,0.4606,0.11,-0.98,-0.01,1.094,0.0,0.0,-0.0,0.0,0.0,0.0,0.97,1.27,1.13,1.0
403,6.7167,1.172,20.708,0.0,0.4609,0.1,-0.96,-0.01,0.995,0.0,0.0,-0.0,0.0,0.0,0.0,0.94,0.96,1.11,0.97
404,6.7333,1.173,20.71,0.0,0.4612,0.1,-0.93,-0.0,1.078,0.0,0.0,-0.0,0.0,0.0,0.0,1.11,1.1,1.06,1.04
405,6.75,1.175,20.713,0.0,0.4615,0.1,-0.91,-0.0,1.021,0.0,0.0,-0.0,0.0,0.0,0.0,1.02,1.02,1.03,1.02
406,6.7667,1.177,20.716,0.0,0.4617,0.1,-0.88,-0.0,1.047,0.0,0.0,-0.0,0.0,0.0,0.0,1.02,1.04,1.09,1.04
407,6.7833,1.178,20.718,0.0,0.4618,0.1,-0.85,-0.0,1.232,0.0,0.0,-0.0,0.0,0.0,0.0,1.73,1.1,1.04,1.05
408,6.8,1.18,20.721,0.0,0.462,0.1,-0.82,0.0,1.098,0.0,0.0,-0.0,0.0,0.0,0.0,1.11,1.11,1.06,1.11
409,6.8167,1.182,20.724,0.0,0.4621,0.1,-0.8,0.0,1.104,0.0,0.0,-0.0,0.0,0.0,0.0,1.16,1.09,1.07,1.09
410,6.8333,1.183,20.727,0.0,0.4622,0.11,-0.78,0.0,1.19,0.0,0.0,-0.0,0.0,0.0,0.0,1.18,1.27,1.2,1.11
411,6.85,1.185,20.729,0.0,0.4623,0.12,-0.76,0.0,1.087,0.0,0.0,-0.0,0.0,0.0,0.0,1.07,1.05,1.12,1.11
412,6.8667,1.187,20.732,-0.0,0.4623,0.13,-0.74,0.0,0.95,0.0,0.0,-0.0,0.0,0.0,0.0,0.44,1.17,1.08,1.11
413,6.8833,1.188,20.735,-0.0,0.4623,0.14,-0.71,-0.0,1.168,0.0,0.0,-0.0,0.0,0.0,0.0,1.11,1.15,1.26,1.16
414,6.9,1.19,20.738,-0.0,0.4622,0.15,-0.69,-0.0,1.17,0.0,0.0,-0.0,0.0,0.0,0.0,1.19,1.15,1.19,1.15
415,6.9167,1.192,20.741,-0.0,0.462,0.15,-0.67,-0.0,1.216,0.0,0.0,-0.0,0.0,0.0,0.0,1.22,1.19,1.29,1.17
416,6.9333,1.193,20.744,-0.0,0.4618,0.16,-0.65,-0.0,1.246,0.0,0.0,-0.0,0.0,0.0,0.0,1.27,1.25,1.26,1.21
417,6.95,1.195,20.747,-0.0,0.4616,0.17,-0.62,-0.0,1.238,0.0,0.0,-0.0,0.0,0.0,0.0,1.27,1.2,1.25,1.23
418,6.9667,1.197,20.75,-0.0,0.4614,0.15,-0.64,-0.0,1.287,0.0,0.0,-0.0,0.0,0.0,0.0,1.56,1.37,1.09,1.13
419,6.9833,1.198,20.752,-0.0,0.4618,0.19,-0.68,-0.0,1.122,0.0,0.0,-0.0,0.0,0.0,0.0,1.26,1.06,1.05,1.11
420,7.0,1.2,20.755,-0.001,0.4622,0.23,-0.72,-0.0,1.082,0.0,0.0,-0.0,0.0,0.0,0.0,1.22,1.07,1.01,1.02
421,7.0167,1.202,20.757,-0.001,0.4624,0.22,-0.71,-0.0,1.043,0.0,0.0,-0.0,0.0,0.0,0.0,1.16,1.01,1.0,1.0
422,7.0333,1.203,20.759,-0.0,0.4627,0.19,-0.7,-0.0,1.105,0.0,0.0,-0.0,0.0,0.0,0.0,1.18,1.08,1.06,1.1
423,7.05,1.205,20.762,-0.0,0.4629,0.18,-0.7,-0.0,1.103,0.0,0.0,-0.0,0.0,0.0,0.0,1.1,1.17,1.14,1.0
424,7.0667,1.207,20.765,-0.0,0.4631,0.16,-0.69,-0.0,1.172,0.0,0.0,-0.0,0.0,0.0,0.0,1.17,1.14,1.15,1.23
425,7.0833,1.208,20.768,-0.0,0.4632,0.15,-0.68,-0.0,1.203,0.0,0.0,-0.0,0.0,0.0,0.0,1.21,1.28,1.16,1.17
426,7.1,1.21,20.77,0.0,0.4633,0.13,-0.67,-0.0,1.183,0.0,0.0,-0.0,0.0,0.0,0.0,1.22,1.15,1.17,1.19
427,7.1167,1.212,20.773,0.0,0.4633,0.1,-0.66,-0.0,1.218,0.0,0.0,-0.0,0.0,0.0,0.0,1.25,1.19,1.19,1.24
428,7.1333,1.213,20.776,0.0,0.4633,0.09,-0.66,-0.0,1.134,0.0,0.0,-0.0,0.0,0.0,0.0,1.15,1.04,1.18,1.17
429,7.15,1.215,20.779,0.0,0.4633,0.08,-0.66,-0.0,1.101,0.0,0.0,-0.0,0.0,0.0,0.0,1.1,0.99,1.17,1.15
430,7.1667,1.217,20.782,0.0,0.4633,0.08,-0.66,0.0,1.144,0.0,0.0,-0.0,0.0,0.0,0.0,1.18,0.99,1.22,1.18
431,7.1833,1.218,20.785,0.0,0.4633,0.08,-0.66,0.0,1.17,0.0,0.0,-0.0,0.0,0.0,0.0,1.17,1.16,1.2,1.14
432,7.2,1.22,20.787,0.0,0.4633,0.08,-0.66,-0.0,1.224,0.0,0.0,-0.0,0.0,0.0,0.0,1.2,1.34,1.2,1.15
433,7.2167,1.222,20.79,0.0,0.4632,0.09,-0.66,-0.0,0.984,0.0,0.0,-0.0,0.0,0.0,0.0,1.15,1.21,1.11,0.47
434,7.2333,1.223,20.793,0.0,0.463,0.09,-0.66,-0.0,1.229,0.0,0.0,-0.0,0.0,0.0,0.0,1.21,1.33,1.18,1.19
435,7.25,1.225,20.796,0.0,0.4628,0.09,-0.66,-0.0,1.239,0.0,0.0,-0.0,0.0,0.0,0.0,1.26,1.27,1.21,1.21
436,7.2667,1.227,20.799,0.0,0.4624,0.09,-0.67,-0.0,1.222,0.0,0.0,-0.0,0.0,0.0,0.0,1.24,1.23,1.19,1.22
437,7.2833,1.228,20.802,0.0,0.4621,0.09,-0.67,-0.0,1.209,0.0,0.0,-0.0,0.0,0.0,0.0,1.33,0.99,1.23,1.29
438,7.3,1.23,20.805,0.0,0.4621,0.11,-0.71,0.0,1.191,0.0,0.0,-0.0,0.0,0.0,0.0,1.14,1.18,1.26,1.17
439,7.3167,1.232,20.807,0.0,0.4623,0.1,-0.81,0.0,1.209,0.0,0.0,-0.0,0.0,0.0,0.0,1.26,1.16,1.23,1.19
440,7.3333,1.233,20.809,0.0,0.4626,0.09,-0.89,-0.0,0.816,0.0,0.0,-0.0,0.0,0.0,0.0,0.77,0.75,0.6,1.14
441,7.35,1.235,20.811,0.001,0.4632,0.07,-0.93,-0.0,0.993,0.0,0.0,-0.0,0.0,0.0,0.0,1.12,0.97,1.16,0.72
442,7.3667,1.237,20.813,0.0,0.4635,0.07,-0.93,-0.01,1.03,0.0,0.0,-0.0,0.0,0.0,0.0,0.99,0.93,1.28,0.92
443,7.3833,1.238,20.815,0.0,0.464,0.08,-0.95,-0.01,1.114,0.0,0.0,-0.0,0.0,0.0,0.0,1.07,1.08,1.36,0.94
444,7.4,1.24,20.817,0.0,0.4646,0.08,-0.98,-0.01,1.039,0.0,0.0,-0.0,0.0,0.0,0.0,1.06,0.95,1.34,0.8
445,7.4167,1.242,20.819,0.0,0.4651,0.08,-1.01,-0.01,1.115,0.0,0.0,-0.0,0.0,0.0,0.0,1.05,1.08,1.38,0.95
446,7.4333,1.243,20.821,0.0,0.4654,0.08,-1.01,-0.01,1.249,0.0,0.0,-0.0,0.0,0.0,0.0,1.16,1.53,1.27,1.03
447,7.45,1.245,20.824,0.0,0.4658,0.09,-1.03,-0.01,1.148,0.0,0.0,-0.0,0.0,0.0,0.0,1.14,1.13,1.33,1.0
448,7.4667,1.247,20.826,0.0,0.4661,0.09,-1.06,-0.01,1.202,0.0,0.0,-0.0,0.0,0.0,0.0,1.04,1.26,1.38,1.13
449,7.4833,1.248,20.828,0.0,0.4665,0.09,-1.09,-0.01,1.222,0.0,0.0,-0.0,0.0,0.0,0.0,1.16,1.36,1.33,1.05
450,7.5,1.25,20.831,0.0,0.4667,0.09,-1.1,-0.01,1.234,0.0,0.0,-0.0,0.0,0.0,0.0,1.33,1.2,1.33,1.08
451,7.5167,1.252,20.833,0.0,0.4669,0.09,-1.12,-0.01,1.132,0.0,0.0,-0.0,0.0,0.0,0.0,1.16,1.13,1.11,1.14
452,7.5333,1.253,20.836,0.0,0.4671,0.1,-1.15,-0.01,1.202,0.0,0.0,-0.0,0.0,0.0,0.0,1.2,1.65,1.31,0.66
453,7.55,1.255,20.838,0.0,0.4674,0.1,-1.18,-0.02,1.212,0.0,0.0,-0.0,0.0,0.0,0.0,1.19,1.34,1.21,1.1
454,7.5667,1.257,20.841,0.0,0.4673,0.1,-1.19,-0.02,1.358,0.0,0.0,-0.0,0.0,0.0,0.0,1.24,1.27,1.43,1.48
455,7.5833,1.258,20.844,0.0,0.4674,0.1,-1.21,-0.02,1.011,0.0,0.0,-0.0,0.0,0.0,0.0,1.19,1.05,1.19,0.61
456,7.6,1.26,20.847,0.0,0.4674,0.09,-1.25,-0.02,1.253,0.0,0.0,-0.0,0.0,0.0,0.0,1.22,1.27,1.24,1.27
457,7.6167,1.262,20.849,0.0,0.4673,0.08,-1.26,-0.02,1.184,0.0,0.0,-0.0,0.0,0.0,0.0,1.25,1.17,1.27,1.04
458,7.6333,1.263,20.852,0.0,0.4673,0.08,-1.29,-0.02,1.178,0.0,0.0,-0.0,0.0,0.0,0.0,1.24,1.06,1.29,1.13
459,7.65,1.265,20.855,0.001,0.4671,0.07,-1.32,-0.03,1.28,0.0,0.0,-0.0,0.0,0.0,0.0,1.26,1.29,1.27,1.29
460,7.6667,1.267,20.858,0.001,0.4668,0.06,-1.35,-0.03,1.298,0.0,0.0,-0.0,0.0,0.0,0.0,1.27,1.33,1.31,1.28
461,7.6833,1.268,20.861,0.001,0.4665,0.06,-1.37,-0.03,1.299,0.0,0.0,-0.0,0.0,0.0,0.0,1.32,1.3,1.23,1.34
462,7.7,1.27,20.864,0.001,0.4667,0.04,-1.39,-0.03,0.991,0.0,0.0,-0.0,0.0,0.0,0.0,1.04,0.95,0.99,0.97
463,7.7167,1.272,20.866,0.001,0.467,0.04,-1.38,-0.03,1.17,0.0,0.0,-0.0,0.0,0.0,0.0,1.21,1.12,1.1,1.24
464,7.7333,1.273,20.869,0.001,0.4674,0.05,-1.38,-0.03,1.22,0.0,0.0,-0.0,0.0,0.0,0.0,1.36,1.13,1.12,1.27
465,7.75,1.275,20.872,0.001,0.4677,0.06,-1.38,-0.03,1.19,0.0,0.0,-0.0,0.0,0.0,0.0,1.16,1.18,1.15,1.27
466,7.7667,1.277,20.874,0.001,0.4679,0.07,-1.39,-0.03,1.184,0.0,0.0,-0.0,0.0,0.0,0.0,1.17,1.17,1.19,1.2
467,7.7833,1.278,20.877,0.001,0.4681,0.08,-1.39,-0.03,1.227,0.0,0.0,-0.0,0.0,0.0,0.0,1.24,1.23,1.2,1.24
468,7.8,1.28,20.88,0.0,0.4682,0.08,-1.39,-0.03,1.141,0.0,0.0,-0.0,0.0,0.0,0.0,1.16,1.25,1.19,0.96
469,7.8167,1.282,20.883,0.001,0.4683,0.08,-1.38,-0.03,1.195,0.0,0.0,-0.0,0.0,0.0,0.0,1.23,1.16,1.2,1.19
470,7.8333,1.283,20.886,0.001,0.4684,0.07,-1.38,-0.03,1.133,0.0,0.0,-0.0,0.0,0.0,0.0,1.25,0.76,1.26,1.25
471,7.85,1.285,20.889,0.001,0.4685,0.06,-1.38,-0.03,1.267,0.0,0.0,-0.0,0.0,0.0,0.0,1.28,1.31,1.25,1.22
472,7.8667,1.287,20.892,0.001,0.4684,0.06,-1.38,-0.03,1.264,0.0,0.0,-0.0,0.0,0.0,0.0,1.27,1.27,1.28,1.24
473,7.8833,1.288,20.895,0.001,0.4684,0.05,-1.38,-0.03,1.211,0.0,0.0,-0.0,0.0,0.0,0.0,1.22,1.13,1.26,1.24
474,7.9,1.29,20.898,0.001,0.4683,0.06,-1.38,-0.03,1.282,0.0,0.0,-0.0,0.0,0.0,0.0,1.28,1.34,1.27,1.24
475,7.9167,1.292,20.901,0.001,0.4682,0.06,-1.38,-0.02,1.335,0.0,0.0,-0.0,0.0,0.0,0.0,1.34,1.36,1.35,1.29
476,7.9333,1.293,20.904,0.001,0.4681,0.03,-1.38,-0.02,1.101,0.0,0.0,-0.0,0.0,0.0,0.0,1.25,0.74,1.22,1.2
477,7.95,1.295,20.907,0.001,0.4681,0.02,-1.37,-0.02,1.398,0.0,0.0,-0.0,0.0,0.0,0.0,1.55,1.27,1.55,1.22
478,7.9667,1.297,20.91,0.001,0.468,-0.0,-1.36,-0.02,1.293,0.0,0.0,-0.0,0.0,0.0,0.0,1.25,1.33,1.32,1.28
479,7.9833,1.298,20.913,0.001,0.4678,-0.02,-1.34,-0.02,1.316,0.0,0.0,-0.0,0.0,0.0,0.0,1.32,1.38,1.29,1.28
480,8.0,1.3,20.917,0.001,0.4676,-0.04,-1.33,-0.02,1.307,0.0,0.0,-0.0,0.0,0.0,0.0,1.3,1.29,1.33,1.31
481,8.0167,1.302,20.92,0.002,0.4674,-0.06,-1.33,-0.02,1.605,0.0,0.0,-0.0,0.0,0.0,0.0,2.41,1.35,1.37,1.28
482,8.0333,1.303,20.923,0.001,0.4677,-0.03,-1.37,-0.02,1.223,0.0,0.0,-0.0,0.0,0.0,0.0,1.21,1.22,1.25,1.21
483,8.05,1.305,20.925,0.001,0.4678,0.01,-1.38,-0.02,1.144,0.0,0.0,-0.0,0.0,0.0,0.0,1.14,1.18,1.12,1.14
484,8.0667,1.307,20.928,0.001,0.468,0.06,-1.39,-0.02,1.173,0.0,0.0,-0.0,0.0,0.0,0.0,1.37,1.53,1.08,0.71
485,8.0833,1.308,20.931,0.001,0.4683,0.09,-1.4,-0.02,1.144,0.0,0.0,-0.0,0.0,0.0,0.0,1.21,1.17,1.05,1.14
486,8.1,1.31,20.934,0.001,0.4685,0.08,-1.38,-0.02,1.212,0.0,0.0,-0.0,0.0,0.0,0.0,1.27,1.15,1.22,1.22
487,8.1167,1.312,20.937,0.001,0.4686,0.09,-1.38,-0.02,1.264,0.0,0.0,-0.0,0.0,0.0,0.0,1.25,1.34,1.25,1.21
488,8.1333,1.313,20.94,0.001,0.4688,0.09,-1.38,-0.02,1.243,0.0,0.0,-0.0,0.0,0.0,0.0,1.2,1.29,1.26,1.23
489,8.15,1.315,20.943,0.001,0.4689,0.09,-1.38,-0.02,1.269,0.0,0.0,-0.0,0.0,0.0,0.0,1.27,1.31,1.26,1.25
490,8.1667,1.317,20.946,0.001,0.4689,0.09,-1.38,-0.02,1.292,0.0,0.0,-0.0,0.0,0.0,0.0,1.36,1.23,1.32,1.26
491,8.1833,1.318,20.949,0.001,0.4689,0.1,-1.38,-0.02,1.269,0.0,0.0,-0.0,0.0,0.0,0.0,1.34,1.13,1.38,1.23
492,8.2,1.32,20.952,0.001,0.4688,0.1,-1.38,-0.02,1.266,0.0,0.0,-0.0,0.0,0.0,0.0,1.22,1.27,1.33,1.25
493,8.2167,1.322,20.955,0.001,0.4687,0.1,-1.38,-0.02,1.331,0.0,0.0,-0.0,0.0,0.0,0.0,1.35,1.37,1.31,1.29
494,8.2333,1.323,20.958,0.001,0.4685,0.09,-1.38,-0.02,1.299,0.0,0.0,-0.0,0.0,0.0,0.0,1.32,1.35,1.26,1.27
495,8.25,1.325,20.961,0.001,0.4682,0.08,-1.38,-0.02,1.092,0.0,0.0,-0.0,0.0,0.0,0.0,0.5,1.23,1.37,1.27
496,8.2667,1.327,20.965,0.001,0.4679,0.07,-1.38,-0.02,1.371,0.0,0.0,-0.0,0.0,0.0,0.0,1.3,1.46,1.36,1.35
497,8.2833,1.328,20.968,0.001,0.4675,0.07,-1.38,-0.02,1.374,0.0,0.0,-0.0,0.0,0.0,0.0,1.41,1.34,1.33,1.42
498,8.3,1.33,20.971,0.001,0.4669,0.05,-1.38,-0.02,1.39,0.0,0.0,-0.0,0.0,0.0,0.0,1.34,1.45,1.34,1.43
499,8.3167,1.332,20.975,0.001,0.4667,0.07,-1.39,-0.02,0.974,0.0,0.0,-0.0,0.0,0.0,0.0,0.8,1.2,0.88,1.01
500,8.3333,1.333,20.977,0.001,0.4671,0.09,-1.39,-0.02,1.211,0.0,0.0,-0.0,0.0,0.0,0.0,1.23,1.17,1.12,1.32
501,8.35,1.335,20.98,0.0,0.4675,0.11,-1.41,-0.02,1.246,0.0,0.0,-0.0,0.0,0.0,0.0,1.33,1.17,1.15,1.33
502,8.3667,1.337,20.982,0.0,0.4679,0.14,-1.43,-0.02,1.082,0.0,0.0,-0.0,0.0,0.0,0.0,1.28,1.19,1.13,0.73
503,8.3833,1.338,20.985,0.0,0.4682,0.13,-1.41,-0.02,1.232,0.0,0.0,-0.0,0.0,0.0,0.0,1.34,1.2,1.19,1.2
504,8.4,1.34,20.988,0.0,0.4684,0.12,-1.4,-0.02,1.245,0.0,0.0,-0.0,0.0,0.0,0.0,1.27,1.25,1.22,1.24
505,8.4167,1.342,20.991,0.001,0.4686,0.11,-1.38,-0.02,1.256,0.0,0.0,-0.0,0.0,0.0,0.0,1.22,1.25,1.25,1.3
506,8.4333,1.343,20.994,0.0,0.4687,0.11,-1.38,-0.02,1.227,0.0,0.0,-0.0,0.0,0.0,0.0,1.18,1.24,1.27,1.21
507,8.45,1.345,20.997,0.001,0.4688,0.11,-1.38,-0.02,1.078,0.0,0.0,-0.0,0.0,0.0,0.0,1.27,0.57,1.21,1.27
508,8.4667,1.347,21.0,0.001,0.4689,0.1,-1.38,-0.02,0.783,0.0,0.0,-0.0,0.0,0.0,0.0,0.14,1.49,1.08,0.41
509,8.4833,1.348,21.003,0.001,0.4689,0.09,-1.38,-0.02,1.401,0.0,0.0,-0.0,0.0,0.0,0.0,1.32,1.57,1.38,1.34
510,8.5,1.35,21.007,0.001,0.4688,0.09,-1.38,-0.02,1.268,0.0,0.0,-0.0,0.0,0.0,0.0,1.21,1.16,1.39,1.31
511,8.5167,1.352,21.01,0.001,0.4687,0.08,-1.38,-0.02,1.063,0.0,0.0,-0.0,0.0,0.0,0.0,0.97,1.25,1.31,0.73
512,8.5333,1.353,21.013,0.001,0.4685,0.08,-1.38,-0.02,1.322,0.0,0.0,-0.0,0.0,0.0,0.0,1.3,1.33,1.35,1.31
513,8.55,1.355,21.016,0.001,0.4683,0.09,-1.38,-0.02,1.372,0.0,0.0,-0.0,0.0,0.0,0.0,1.33,1.49,1.34,1.33
514,8.5667,1.357,21.019,0.001,0.468,0.09,-1.38,-0.02,1.194,0.0,0.0,-0.0,0.0,0.0,0.0,1.26,1.37,1.3,0.84
515,8.5833,1.358,21.023,0.001,0.4676,0.09,-1.38,-0.02,1.4,0.0,0.0,-0.0,0.0,0.0,0.0,1.37,1.46,1.35,1.42
516,8.6,1.36,21.026,0.001,0.4671,0.09,-1.38,-0.02,1.412,0.0,0.0,-0.0,0.0,0.0,0.0,1.4,1.44,1.38,1.43
517,8.6167,1.362,21.03,0.001,0.4669,0.07,-1.41,-0.02,1.424,0.0,0.0,-0.0,0.0,0.0,0.0,1.43,1.42,1.43,1.41
518,8.6333,1.363,21.032,0.001,0.467,0.07,-1.43,-0.02,1.101,0.0,0.0,-0.0,0.0,0.0,0.0,1.48,1.12,0.95,0.86
519,8.65,1.365,21.035,0.001,0.4674,0.06,-1.41,-0.02,1.218,0.0,0.0,-0.0,0.0,0.0,0.0,1.24,1.15,1.11,1.37
520,8.6667,1.367,21.038,0.001,0.4677,0.06,-1.4,-0.02,1.271,0.0,0.0,-0.0,0.0,0.0,0.0,1.32,1.2,1.2,1.36
521,8.6833,1.368,21.041,0.001,0.468,0.06,-1.39,-0.02,1.284,0.0,0.0,-0.0,0.0,0.0,0.0,1.26,1.26,1.25,1.36
522,8.7,1.37,21.044,0.001,0.4683,0.08,-1.39,-0.02,1.291,0.0,0.0,-0.0,0.0,0.0,0.0,1.34,1.28,1.26,1.29
523,8.7167,1.372,21.047,0.001,0.4685,0.09,-1.38,-0.02,1.24,0.0,0.0,-0.0,0.0,0.0,0.0,1.29,1.24,1.24,1.2
524,8.7333,1.373,21.05,0.001,0.4687,0.09,-1.38,-0.01,1.233,0.0,0.0,-0.0,0.0,0.0,0.0,1.28,1.1,1.32,1.24
525,8.75,1.375,21.053,0.001,0.4689,0.09,-1.38,-0.01,1.379,0.0,0.0,-0.0,0.0,0.0,0.0,1.26,1.6,1.35,1.3
526,8.7667,1.377,21.056,0.001,0.4689,0.09,-1.38,-0.01,1.306,0.0,0.0,-0.0,0.0,0.0,0.0,1.32,1.31,1.31,1.28
527,8.7833,1.378,21.059,0.001,0.4689,0.1,-1.38,-0.01,1.325,0.0,0.0,-0.0,0.0,0.0,0.0,1.31,1.33,1.37,1.29
528,8.8,1.38,21.062,0.001,0.4689,0.1,-1.38,-0.01,1.635,0.0,0.0,-0.0,0.0,0.0,0.0,2.23,1.38,1.52,1.41
529,8.8167,1.382,21.065,0.001,0.4687,0.1,-1.38,-0.02,1.379,0.0,0.0,-0.0,0.0,0.0,0.0,1.42,1.28,1.44,1.37
530,8.8333,1.383,21.069,0.001,0.4685,0.09,-1.38,-0.02,1.367,0.0,0.0,-0.0,0.0,0.0,0.0,1.35,1.33,1.38,1.41
531,8.85,1.385,21.072,0.001,0.4683,0.09,-1.38,-0.02,1.392,0.0,0.0,-0.0,0.0,0.0,0.0,1.39,1.39,1.35,1.44
532,8.8667,1.387,21.075,0.001,0.4679,0.08,-1.38,-0.02,1.433,0.0,0.0,-0.0,0.0,0.0,0.0,1.38,1.44,1.46,1.45
533,8.8833,1.388,21.079,0.001,0.4675,0.08,-1.37,-0.02,1.427,0.0,0.0,-0.0,0.0,0.0,0.0,1.44,1.4,1.38,1.49
534,8.9,1.39,21.082,0.001,0.4671,0.08,-1.39,-0.02,1.43,0.0,0.0,-0.0,0.0,0.0,0.0,1.56,1.48,1.37,1.31
535,8.9167,1.392,21.085,0.0,0.4671,0.18,-1.39,-0.01,1.214,0.0,0.0,-0.0,0.0,0.0,0.0,1.34,1.36,0.83,1.32
536,8.9333,1.393,21.088,-0.0,0.4675,0.26,-1.45,-0.02,1.16,0.0,0.0,-0.0,0.0,0.0,0.0,1.29,1.23,0.98,1.14
537,8.95,1.395,21.091,-0.0,0.4678,0.22,-1.43,-0.02,1.281,0.0,0.0,-0.0,0.0,0.0,0.0,1.48,1.27,1.17,1.2
538,8.9667,1.397,21.094,0.0,0.4681,0.2,-1.42,-0.02,1.283,0.0,0.0,-0.0,0.0,0.0,0.0,1.31,1.27,1.28,1.27
539,8.9833,1.398,21.097,0.0,0.4683,0.17,-1.41,-0.02,1.295,0.0,0.0,-0.0,0.0,0.0,0.0,1.3,1.31,1.29,1.29
540,9.0,1.4,21.1,0.0,0.4684,0.15,-1.4,-0.01,1.342,0.0,0.0,-0.0,0.0,0.0,0.0,1.33,1.34,1.35,1.35
541,9.0167,1.402,21.104,0.001,0.4685,0.13,-1.39,-0.01,1.347,0.0,0.0,-0.0,0.0,0.0,0.0,1.34,1.33,1.37,1.35
542,9.0333,1.403,21.107,0.001,0.4686,0.11,-1.38,-0.02,1.251,0.0,0.0,-0.0,0.0,0.0,0.0,1.33,1.02,1.12,1.53
543,9.05,1.405,21.11,0.001,0.4688,0.11,-1.38,-0.02,1.339,0.0,0.0,-0.0,0.0,0.0,0.0,1.3,1.32,1.39,1.34
544,9.0667,1.407,21.113,0.001,0.4688,0.1,-1.38,-0.02,1.328,0.0,0.0,-0.0,0.0,0.0,0.0,1.32,1.31,1.37,1.32
545,9.0833,1.408,21.117,0.001,0.4688,0.11,-1.38,-0.02,1.146,0.0,0.0,-0.0,0.0,0.0,0.0,1.35,1.35,1.48,0.4
546,9.1,1.41,21.12,0.001,0.4687,0.1,-1.38,-0.02,1.404,0.0,0.0,-0.0,0.0,0.0,0.0,1.4,1.45,1.35,1.41
547,9.1167,1.412,21.123,0.001,0.4685,0.1,-1.38,-0.02,1.424,0.0,0.0,-0.0,0.0,0.0,0.0,1.4,1.42,1.43,1.45
548,9.1333,1.413,21.127,0.001,0.4683,0.1,-1.37,-0.02,1.419,0.0,0.0,-0.0,0.0,0.0,0.0,1.42,1.41,1.4,1.44
549,9.15,1.415,21.13,0.001,0.4679,0.1,-1.37,-0.02,1.434,0.0,0.0,-0.0,0.0,0.0,0.0,1.37,1.46,1.44,1.46
550,9.1667,1.417,21.134,0.001,0.4675,0.11,-1.37,-0.02,1.448,0.0,0.0,-0.0,0.0,0.0,0.0,1.46,1.47,1.39,1.47
551,9.1833,1.418,21.137,0.001,0.4673,0.13,-1.4,-0.02,1.274,0.0,0.0,-0.0,0.0,0.0,0.0,1.16,1.38,1.22,1.34
552,9.2,1.42,21.14,0.0,0.4674,0.19,-1.41,-0.01,1.457,0.0,0.0,-0.0,0.0,0.0,0.0,1.29,1.52,1.75,1.27
553,9.2167,1.422,21.143,-0.0,0.4679,0.23,-1.44,-0.02,1.167,0.0,0.0,-0.0,0.0,0.0,0.0,1.41,1.09,1.07,1.09
554,9.2333,1.423,21.146,0.0,0.4681,0.19,-1.42,-0.02,1.289,0.0,0.0,-0.0,0.0,0.0,0.0,1.36,1.22,1.19,1.38
555,9.25,1.425,21.149,0.0,0.4684,0.17,-1.41,-0.02,1.365,0.0,0.0,-0.0,0.0,0.0,0.0,1.43,1.3,1.31,1.42
556,9.2667,1.427,21.152,0.0,0.4686,0.16,-1.4,-0.02,1.309,0.0,0.0,-0.0,0.0,0.0,0.0,1.36,1.32,1.33,1.22
557,9.2833,1.428,21.156,0.001,0.4687,0.13,-1.38,-0.02,1.366,0.0,0.0,-0.0,0.0,0.0,0.0,1.38,1.36,1.36,1.36
558,9.3,1.43,21.159,0.001,0.4688,0.12,-1.38,-0.02,1.331,0.0,0.0,-0.0,0.0,0.0,0.0,1.36,1.38,1.36,1.23
559,9.3167,1.432,21.162,0.001,0.4688,0.1,-1.38,-0.02,1.358,0.0,0.0,-0.0,0.0,0.0,0.0,1.38,1.18,1.52,1.35
560,9.3333,1.433,21.165,0.001,0.4688,0.08,-1.39,-0.01,1.386,0.0,0.0,-0.0,0.0,0.0,0.0,1.41,1.25,1.48,1.41
561,9.35,1.435,21.169,0.001,0.4688,0.08,-1.38,-0.01,1.338,0.0,0.0,-0.0,0.0,0.0,0.0,1.33,1.27,1.42,1.33
562,9.3667,1.437,21.172,0.001,0.4688,0.09,-1.38,-0.02,1.42,0.0,0.0,-0.0,0.0,0.0,0.0,1.45,1.47,1.4,1.36
563,9.3833,1.438,21.175,0.001,0.4687,0.09,-1.38,-0.02,1.383,0.0,0.0,-0.0,0.0,0.0,0.0,1.34,1.45,1.35,1.4
564,9.4,1.44,21.179,0.001,0.4685,0.1,-1.37,-0.02,1.432,0.0,0.0,-0.0,0.0,0.0,0.0,1.36,1.48,1.44,1.45
565,9.4167,1.442,21.182,0.001,0.4683,0.12,-1.34,-0.02,1.386,0.0,0.0,-0.0,0.0,0.0,0.0,1.36,1.32,1.38,1.48
566,9.4333,1.443,21.186,0.001,0.4681,0.14,-1.29,-0.03,1.019,0.0,0.0,-0.0,0.0,0.0,0.0,0.88,1.57,0.72,0.9
567,9.45,1.445,21.189,0.001,0.4685,0.14,-1.2,-0.03,1.235,0.0,0.0,-0.0,0.0,0.0,0.0,1.14,1.13,1.57,1.1
568,9.4667,1.447,21.193,0.001,0.4688,0.14,-1.11,-0.03,1.217,0.0,0.0,-0.0,0.0,0.0,0.0,1.05,0.9,1.55,1.36
569,9.4833,1.448,21.196,0.001,0.4695,0.13,-1.09,-0.03,1.178,0.0,0.0,-0.0,0.0,0.0,0.0,1.15,1.16,1.21,1.2
570,9.5,1.45,21.199,0.001,0.4701,0.13,-1.07,-0.03,1.261,0.0,0.0,-0.0,0.0,0.0,0.0,1.27,1.04,1.48,1.26
571,9.5167,1.452,21.202,0.001,0.4706,0.13,-1.04,-0.03,1.28,0.0,0.0,-0.0,0.0,0.0,0.0,1.29,1.11,1.49,1.23
572,9.5333,1.453,21.205,0.001,0.4711,0.13,-1.01,-0.03,1.303,0.0,0.0,-0.0,0.0,0.0,0.0,1.26,1.13,1.59,1.24
573,9.55,1.455,21.208,0.001,0.4716,0.13,-0.98,-0.03,1.228,0.0,0.0,-0.0,0.0,0.0,0.0,1.22,1.17,1.27,1.25
574,9.5667,1.457,21.211,0.001,0.472,0.13,-0.95,-0.03,1.318,0.0,0.0,-0.0,0.0,0.0,0.0,1.32,1.26,1.38,1.32
575,9.5833,1.458,21.214,0.001,0.4723,0.12,-0.92,-0.03,1.352,0.0,0.0,-0.0,0.0,0.0,0.0,1.53,1.17,1.36,1.35
576,9.6,1.46,21.218,0.001,0.4726,0.13,-0.9,-0.03,1.43,0.0,0.0,-0.0,0.0,0.0,0.0,1.49,1.39,1.34,1.5
577,9.6167,1.462,21.221,0.001,0.4728,0.13,-0.87,-0.03,1.418,0.0,0.0,-0.0,0.0,0.0,0.0,1.46,1.35,1.39,1.48
578,9.6333,1.463,21.225,0.001,0.473,0.13,-0.84,-0.02,1.432,0.0,0.0,-0.0,0.0,0.0,0.0,1.52,1.33,1.43,1.45
579,9.65,1.465,21.228,0.001,0.473,0.12,-0.81,-0.02,1.465,0.0,0.0,-0.0,0.0,0.0,0.0,1.5,1.38,1.42,1.56
580,9.6667,1.467,21.232,0.001,0.473,0.13,-0.79,-0.02,1.324,0.0,0.0,-0.0,0.0,0.0,0.0,1.23,1.51,1.16,1.39
581,9.6833,1.468,21.235,0.001,0.4731,0.12,-0.78,-0.02,1.447,0.0,0.0,-0.0,0.0,0.0,0.0,1.39,1.46,1.56,1.39
582,9.7,1.47,21.239,0.001,0.473,0.12,-0.77,-0.02,1.5,0.0,0.0,-0.0,0.0,0.0,0.0,1.49,1.49,1.55,1.47
583,9.7167,1.472,21.242,0.001,0.4728,0.12,-0.75,-0.02,1.477,0.0,0.0,-0.0,0.0,0.0,0.0,1.51,1.44,1.5,1.45
584,9.7333,1.473,21.246,0.001,0.4726,0.12,-0.74,-0.02,1.502,0.0,0.0,-0.0,0.0,0.0,0.0,1.51,1.53,1.49,1.47
585,9.75,1.475,21.25,0.001,0.4722,0.12,-0.72,-0.02,1.49,0.0,0.0,-0.0,0.0,0.0,0.0,1.5,1.49,1.49,1.48
586,9.7667,1.477,21.254,0.001,0.4721,0.11,-0.74,-0.02,1.479,0.0,0.0,-0.0,0.0,0.0,0.0,1.44,1.55,1.56,1.37
587,9.7833,1.478,21.257,0.001,0.4721,0.1,-0.79,-0.02,1.489,0.0,0.0,-0.0,0.0,0.0,0.0,1.48,1.49,1.5,1.48
588,9.8,1.48,21.26,0.001,0.4722,0.05,-0.78,-0.02,1.292,0.0,0.0,-0.0,0.0,0.0,0.0,1.24,1.52,1.26,1.14
589,9.8167,1.482,21.263,0.001,0.4727,0.07,-0.77,-0.02,1.347,0.0,0.0,-0.0,0.0,0.0,0.0,1.43,1.32,1.35,1.29
590,9.8333,1.483,21.266,0.001,0.473,0.06,-0.75,-0.02,1.389,0.0,0.0,-0.0,0.0,0.0,0.0,1.38,1.35,1.34,1.49
591,9.85,1.485,21.27,0.001,0.4733,0.07,-0.74,-0.02,1.314,0.0,0.0,-0.0,0.0,0.0,0.0,1.43,1.4,1.38,1.05
592,9.8667,1.487,21.273,0.001,0.4736,0.08,-0.74,-0.02,1.382,0.0,0.0,-0.0,0.0,0.0,0.0,1.41,1.26,1.46,1.39
593,9.8833,1.488,21.276,0.001,0.4738,0.09,-0.73,-0.02,1.441,0.0,0.0,-0.0,0.0,0.0,0.0,1.39,1.39,1.6,1.39
594,9.9,1.49,21.28,0.001,0.474,0.1,-0.73,-0.02,1.522,0.0,0.0,-0.0,0.0,0.0,0.0,1.53,1.54,1.58,1.44
595,9.9167,1.492,21.283,0.001,0.474,0.1,-0.72,-0.02,1.102,0.0,0.0,-0.0,0.0,0.0,0.0,1.43,0.25,1.32,1.4
596,9.9333,1.493,21.286,0.001,0.474,0.11,-0.72,-0.02,1.518,0.0,0.0,-0.0,0.0,0.0,0.0,1.42,1.62,1.59,1.44
597,9.95,1.495,21.29,0.001,0.4739,0.12,-0.71,-0.02,1.434,0.0,0.0,-0.0,0.0,0.0,0.0,1.44,1.48,1.35,1.47
598,9.9667,1.497,21.293,0.001,0.4737,0.12,-0.71,-0.02,1.498,0.0,0.0,-0.0,0.0,0.0,0.0,1.52,1.5,1.47,1.5
599,9.9833,1.498,21.297,0.001,0.4734,0.12,-0.7,-0.02,1.58,0.0,0.0,-0.0,0.0,0.0,0.0,1.34,1.44,1.62,1.93
600,10.0,1.5,21.3,0.001,0.4737,0.09,-0.76,-0.04,1.519,0.0,0.0,-0.0,0.0,0.0,0.0,1.52,1.5,1.6,1.46
601,10.0167,1.502,21.303,0.001,0.4741,0.07,-0.85,-0.04,1.478,0.0,0.0,-0.0,0.0,0.0,0.0,1.45,1.39,1.6,1.48
602,10.0333,1.503,21.306,0.001,0.4745,0.07,-0.95,-0.04,1.489,0.0,0.0,-0.0,0.0,0.0,0.0,1.52,1.41,1.55,1.47
603,10.05,1.505,21.308,0.001,0.4748,0.08,-1.06,-0.04,1.477,0.0,0.0,-0.0,0.0,0.0,0.0,1.55,1.4,1.52,1.44
604,10.0667,1.507,21.311,0.001,0.475,0.11,-1.18,-0.04,1.439,0.0,0.0,-0.0,0.0,0.0,0.0,1.48,1.36,1.48,1.44
605,10.0833,1.508,21.313,0.001,0.4754,0.13,-1.26,-0.03,1.139,0.0,0.0,-0.0,0.0,0.0,0.0,1.69,1.18,1.23,0.46
606,10.1,1.51,21.316,0.001,0.4759,0.13,-1.27,-0.03,1.298,0.0,0.0,-0.0,0.0,0.0,0.0,1.52,1.15,1.3,1.23
607,10.1167,1.512,21.318,0.001,0.4765,0.12,-1.29,-0.03,1.366,0.0,0.0,-0.0,0.0,0.0,0.0,1.57,1.28,1.32,1.3
608,10.1333,1.513,21.321,0.001,0.477,0.12,-1.31,-0.03,1.39,0.0,0.0,-0.0,0.0,0.0,0.0,1.47,1.36,1.38,1.35
609,10.15,1.515,21.324,0.001,0.4775,0.11,-1.33,-0.03,1.402,0.0,0.0,-0.0,0.0,0.0,0.0,1.42,1.4,1.41,1.38
610,10.1667,1.517,21.328,0.001,0.4779,0.11,-1.35,-0.03,1.474,0.0,0.0,-0.0,0.0,0.0,0.0,1.43,1.45,1.43,1.59
611,10.1833,1.518,21.331,0.001,0.4783,0.1,-1.37,-0.03,1.444,0.0,0.0,-0.0,0.0,0.0,0.0,1.55,1.4,1.36,1.47
612,10.2,1.52,21.334,0.001,0.4786,0.11,-1.4,-0.03,1.438,0.0,0.0,-0.0,0.0,0.0,0.0,1.5,1.47,1.42,1.35
613,10.2167,1.522,21.337,0.001,0.4789,0.11,-1.42,-0.03,1.467,0.0,0.0,-0.0,0.0,0.0,0.0,1.5,1.54,1.4,1.44
614,10.2333,1.523,21.341,0.001,0.4791,0.12,-1.44,-0.03,1.443,0.0,0.0,-0.0,0.0,0.0,0.0,1.47,1.49,1.43,1.38
615,10.25,1.525,21.344,0.001,0.4792,0.12,-1.46,-0.03,1.518,0.0,0.0,-0.0,0.0,0.0,0.0,1.5,1.67,1.44,1.45
616,10.2667,1.527,21.347,0.001,0.4793,0.13,-1.48,-0.03,1.5,0.0,0.0,-0.0,0.0,0.0,0.0,1.5,1.53,1.49,1.48
617,10.2833,1.528,21.351,0.001,0.4792,0.1,-1.48,-0.03,1.399,0.0,0.0,-0.0,0.0,0.0,0.0,1.42,1.38,1.39,1.41
618,10.3,1.53,21.355,0.001,0.4791,0.06,-1.46,-0.03,1.701,0.0,0.0,-0.0,0.0,0.0,0.0,1.49,2.41,1.48,1.43
619,10.3167,1.532,21.358,0.001,0.4789,0.02,-1.45,-0.03,1.528,0.0,0.0,-0.0,0.0,0.0,0.0,1.56,1.5,1.53,1.53
620,10.3333,1.533,21.362,0.002,0.4786,-0.02,-1.44,-0.02,1.555,0.0,0.0,-0.0,0.0,0.0,0.0,1.55,1.54,1.55,1.57
621,10.35,1.535,21.366,0.002,0.4788,-0.0,-1.46,-0.03,1.5,0.0,0.0,-0.0,0.0,0.0,0.0,1.54,1.46,1.49,1.5
622,10.3667,1.537,21.369,0.001,0.4789,0.03,-1.48,-0.02,1.559,0.0,0.0,-0.0,0.0,0.0,0.0,1.52,1.57,1.62,1.51
623,10.3833,1.538,21.373,0.001,0.479,0.05,-1.51,-0.02,1.535,0.0,0.0,-0.0,0.0,0.0,0.0,1.55,1.55,1.52,1.52
624,10.4,1.54,21.376,0.001,0.4791,0.08,-1.53,-0.02,1.14,0.0,0.0,-0.0,0.0,0.0,0.0,1.17,1.36,1.02,1.01
625,10.4167,1.542,21.379,0.001,0.4794,0.08,-1.52,-0.02,1.455,0.0,0.0,-0.0,0.0,0.0,0.0,1.44,1.45,1.55,1.39
626,10.4333,1.543,21.383,0.001,0.4796,0.09,-1.51,-0.02,1.451,0.0,0.0,-0.0,0.0,0.0,0.0,1.43,1.45,1.53,1.4
627,10.45,1.545,21.386,0.001,0.4798,0.09,-1.5,-0.02,1.371,0.0,0.0,-0.0,0.0,0.0,0.0,1.47,1.07,1.47,1.47
628,10.4667,1.547,21.39,0.001,0.4798,0.1,-1.49,-0.02,1.536,0.0,0.0,-0.0,0.0,0.0,0.0,1.5,1.53,1.6,1.5
629,10.4833,1.548,21.394,0.001,0.4798,0.11,-1.48,-0.02,1.542,0.0,0.0,-0.0,0.0,0.0,0.0,1.57,1.56,1.55,1.49
630,10.5,1.55,21.397,0.001,0.4797,0.11,-1.47,-0.02,1.811,0.0,0.0,-0.0,0.0,0.0,0.0,1.59,2.41,1.7,1.54
631,10.5167,1.552,21.401,0.001,0.4795,0.12,-1.46,-0.02,1.59,0.0,0.0,-0.0,0.0,0.0,0.0,1.66,1.6,1.59,1.5
632,10.5333,1.553,21.405,0.001,0.4792,0.12,-1.44,-0.03,1.439,0.0,0.0,-0.0,0.0,0.0,0.0,1.51,1.18,1.53,1.54
633,10.55,1.555,21.409,0.001,0.4788,0.11,-1.43,-0.02,1.549,0.0,0.0,-0.0,0.0,0.0,0.0,1.63,1.21,1.5,1.86
634,10.5667,1.557,21.413,0.001,0.4783,0.11,-1.42,-0.02,1.623,0.0,0.0,-0.0,0.0,0.0,0.0,1.61,1.65,1.6,1.63
635,10.5833,1.558,21.417,0.001,0.4778,0.1,-1.42,-0.02,1.486,0.0,0.0,-0.0,0.0,0.0,0.0,1.57,1.43,1.53,1.42
636,10.6,1.56,21.42,0.001,0.4779,0.14,-1.48,-0.02,1.6,0.0,0.0,-0.0,0.0,0.0,0.0,1.57,1.64,1.61,1.58
637,10.6167,1.562,21.423,0.001,0.4778,0.13,-1.56,-0.02,1.346,0.0,0.0,-0.0,0.0,0.0,0.0,1.29,1.37,1.4,1.33
638,10.6333,1.563,21.426,0.001,0.4783,0.14,-1.55,-0.02,1.37,0.0,0.0,-0.0,0.0,0.0,0.0,1.6,1.34,1.28,1.27
639,10.65,1.565,21.43,0.001,0.4787,0.14,-1.54,-0.02,1.474,0.0,0.0,-0.0,0.0,0.0,0.0,1.35,1.42,1.74,1.38
640,10.6667,1.567,21.433,0.001,0.4791,0.13,-1.53,-0.02,1.401,0.0,0.0,-0.0,0.0,0.0,0.0,1.46,1.3,1.4,1.45
641,10.6833,1.568,21.436,0.001,0.4793,0.13,-1.52,-0.02,1.446,0.0,0.0,-0.0,0.0,0.0,0.0,1.44,1.45,1.48,1.42
642,10.7,1.57,21.44,0.001,0.4796,0.12,-1.5,-0.02,1.445,0.0,0.0,-0.0,0.0,0.0,0.0,1.54,1.16,1.61,1.46
643,10.7167,1.572,21.444,0.001,0.4797,0.12,-1.49,-0.02,1.503,0.0,0.0,-0.0,0.0,0.0,0.0,1.52,1.35,1.63,1.52
644,10.7333,1.573,21.447,0.001,0.4797,0.11,-1.48,-0.02,1.652,0.0,0.0,-0.0,0.0,0.0,0.0,1.61,1.73,1.71,1.56
645,10.75,1.575,21.451,0.001,0.4797,0.11,-1.47,-0.02,1.606,0.0,0.0,-0.0,0.0,0.0,0.0,1.58,1.84,1.5,1.51
646,10.7667,1.577,21.455,0.001,0.4795,0.11,-1.46,-0.02,1.403,0.0,0.0,-0.0,0.0,0.0,0.0,1.9,1.13,1.81,0.77
647,10.7833,1.578,21.459,0.001,0.4793,0.1,-1.45,-0.02,1.498,0.0,0.0,-0.0,0.0,0.0,0.0,1.58,1.26,1.6,1.55
648,10.8,1.58,21.462,0.001,0.4791,0.1,-1.45,-0.02,1.535,0.0,0.0,-0.0,0.0,0.0,0.0,1.59,1.46,1.53,1.56
649,10.8167,1.582,21.466,0.001,0.4787,0.1,-1.44,-0.02,1.531,0.0,0.0,-0.0,0.0,0.0,0.0,1.58,1.35,1.59,1.6
650,10.8333,1.583,21.47,0.001,0.4781,0.11,-1.42,-0.02,1.591,0.0,0.0,-0.0,0.0,0.0,0.0,1.62,1.45,1.64,1.65
651,10.85,1.585,21.474,0.001,0.478,0.09,-1.45,-0.02,1.649,0.0,0.0,-0.0,0.0,0.0,0.0,1.64,1.8,1.54,1.62
652,10.8667,1.587,21.478,0.001,0.4779,0.08,-1.52,-0.02,1.586,0.0,0.0,-0.0,0.0,0.0,0.0,1.55,1.6,1.59,1.6
653,10.8833,1.588,21.481,0.001,0.4781,0.07,-1.55,-0.02,1.166,0.0,0.0,-0.0,0.0,0.0,0.0,1.66,1.11,0.65,1.25
654,10.9,1.59,21.484,0.001,0.4785,0.08,-1.55,-0.02,1.345,0.0,0.0,-0.0,0.0,0.0,0.0,1.22,1.34,1.64,1.18
655,10.9167,1.592,21.487,0.001,0.4789,0.08,-1.54,-0.02,1.434,0.0,0.0,-0.0,0.0,0.0,0.0,1.34,1.41,1.67,1.31
656,10.9333,1.593,21.491,0.001,0.4793,0.09,-1.53,-0.02,1.438,0.0,0.0,-0.0,0.0,0.0,0.0,1.44,1.46,1.45,1.41
657,10.95,1.595,21.494,0.001,0.4795,0.09,-1.52,-0.02,1.554,0.0,0.0,-0.0,0.0,0.0,0.0,1.46,1.75,1.56,1.44
658,10.9667,1.597,21.498,0.001,0.4797,0.1,-1.5,-0.02,1.54,0.0,0.0,-0.0,0.0,0.0,0.0,1.53,1.49,1.65,1.49
659,10.9833,1.598,21.501,0.001,0.4798,0.1,-1.49,-0.01,1.282,0.0,0.0,-0.0,0.0,0.0,0.0,1.56,0.58,1.48,1.51
660,11.0,1.6,21.505,0.001,0.4798,0.11,-1.48,-0.01,1.668,0.0,0.0,-0.0,0.0,0.0,0.0,1.59,1.86,1.64,1.59
661,11.0167,1.602,21.509,0.001,0.4797,0.11,-1.47,-0.02,1.557,0.0,0.0,-0.0,0.0,0.0,0.0,1.57,1.57,1.54,1.54
662,11.0333,1.603,21.513,0.001,0.4795,0.12,-1.46,-0.02,1.424,0.0,0.0,-0.0,0.0,0.0,0.0,1.6,1.15,1.51,1.43
663,11.05,1.605,21.517,0.001,0.4792,0.12,-1.45,-0.02,1.522,0.0,0.0,-0.0,0.0,0.0,0.0,1.63,1.23,1.53,1.69
664,11.0667,1.607,21.521,0.001,0.4788,0.11,-1.43,-0.02,1.574,0.0,0.0,-0.0,0.0,0.0,0.0,1.51,1.58,1.58,1.62
665,11.0833,1.608,21.525,0.001,0.4784,0.11,-1.42,-0.02,1.65,0.0,0.0,-0.0,0.0,0.0,0.0,1.44,1.67,1.72,1.77
666,11.1,1.61,21.529,0.001,0.4784,0.13,-1.48,-0.02,1.668,0.0,0.0,-0.0,0.0,0.0,0.0,1.65,1.71,1.6,1.72
667,11.1167,1.612,21.532,0.001,0.4783,0.13,-1.54,-0.03,1.552,0.0,0.0,-0.0,0.0,0.0,0.0,1.58,1.51,1.57,1.55
668,11.1333,1.613,21.536,0.0,0.4784,0.21,-1.55,-0.02,1.43,0.0,0.0,-0.0,0.0,0.0,0.0,1.61,1.94,1.47,0.71
669,11.15,1.615,21.539,0.0,0.4788,0.23,-1.56,-0.02,1.397,0.0,0.0,-0.0,0.0,0.0,0.0,1.51,1.27,1.43,1.38
670,11.1667,1.617,21.542,0.0,0.4791,0.21,-1.54,-0.02,1.461,0.0,0.0,-0.0,0.0,0.0,0.0,1.5,1.48,1.43,1.43
671,11.1833,1.618,21.546,0.0,0.4793,0.18,-1.52,-0.02,1.532,0.0,0.0,-0.0,0.0,0.0,0.0,1.58,1.5,1.53,1.52
672,11.2,1.62,21.55,0.001,0.4794,0.16,-1.5,-0.02,1.568,0.0,0.0,-0.0,0.0,0.0,0.0,1.59,1.56,1.57,1.56
673,11.2167,1.622,21.554,0.001,0.4795,0.14,-1.48,-0.02,1.839,0.0,0.0,-0.0,0.0,0.0,0.0,1.51,1.37,2.93,1.55
674,11.2333,1.623,21.558,0.001,0.4796,0.12,-1.49,-0.02,1.561,0.0,0.0,-0.0,0.0,0.0,0.0,1.58,1.58,1.51,1.57
675,11.25,1.625,21.561,0.001,0.4797,0.12,-1.48,-0.02,1.56,0.0,0.0,-0.0,0.0,0.0,0.0,1.55,1.54,1.62,1.53
676,11.2667,1.627,21.565,0.001,0.4796,0.13,-1.46,-0.02,1.626,0.0,0.0,-0.0,0.0,0.0,0.0,1.59,1.62,1.68,1.62
677,11.2833,1.628,21.569,0.001,0.4794,0.13,-1.45,-0.03,1.615,0.0,0.0,-0.0,0.0,0.0,0.0,1.61,1.61,1.59,1.65
678,11.3,1.63,21.573,0.001,0.4791,0.12,-1.44,-0.03,1.982,0.0,0.0,-0.0,0.0,0.0,0.0,1.6,1.58,1.62,3.13
679,11.3167,1.632,21.577,0.001,0.4787,0.12,-1.42,-0.03,1.648,0.0,0.0,-0.0,0.0,0.0,0.0,1.67,1.62,1.63,1.67
680,11.3333,1.633,21.581,0.001,0.4786,0.14,-1.46,-0.03,1.661,0.0,0.0,-0.0,0.0,0.0,0.0,1.69,1.63,1.62,1.69
681,11.35,1.635,21.585,0.001,0.4785,0.15,-1.52,-0.03,1.624,0.0,0.0,-0.0,0.0,0.0,0.0,1.6,1.62,1.63,1.65
682,11.3667,1.637,21.588,0.0,0.4785,0.2,-1.54,-0.03,1.541,0.0,0.0,-0.0,0.0,0.0,0.0,1.72,1.36,1.6,1.48
683,11.3833,1.638,21.592,0.0,0.4789,0.2,-1.54,-0.02,1.517,0.0,0.0,-0.0,0.0,0.0,0.0,1.61,1.48,1.51,1.47
684,11.4,1.64,21.595,0.0,0.4793,0.2,-1.54,-0.02,1.489,0.0,0.0,-0.0,0.0,0.0,0.0,1.61,1.48,1.42,1.45
685,11.4167,1.642,21.599,0.0,0.4795,0.18,-1.52,-0.02,1.558,0.0,0.0,-0.0,0.0,0.0,0.0,1.6,1.52,1.52,1.6
686,11.4333,1.643,21.603,0.001,0.4796,0.16,-1.51,-0.02,1.575,0.0,0.0,-0.0,0.0,0.0,0.0,1.6,1.58,1.56,1.56
687,11.45,1.645,21.607,0.001,0.4797,0.14,-1.49,-0.02,1.626,0.0,0.0,-0.0,0.0,0.0,0.0,1.65,1.58,1.61,1.66
688,11.4667,1.647,21.611,0.001,0.4797,0.12,-1.47,-0.02,1.53,0.0,0.0,-0.0,0.0,0.0,0.0,1.56,1.5,1.63,1.44
689,11.4833,1.648,21.615,0.001,0.4797,0.11,-1.47,-0.02,1.637,0.0,0.0,-0.0,0.0,0.0,0.0,1.62,1.68,1.63,1.62
690,11.5,1.65,21.618,0.001,0.4797,0.09,-1.48,-0.02,1.512,0.0,0.0,-0.0,0.0,0.0,0.0,1.52,1.57,1.46,1.5
691,11.5167,1.652,21.622,0.001,0.4795,0.1,-1.46,-0.03,1.603,0.0,0.0,-0.0,0.0,0.0,0.0,1.68,1.65,1.47,1.62
692,11.5333,1.653,21.626,0.001,0.4793,0.1,-1.45,-0.03,1.63,0.0,0.0,-0.0,0.0,0.0,0.0,1.65,1.7,1.52,1.66
693,11.55,1.655,21.63,0.001,0.479,0.13,-1.41,-0.03,1.889,0.0,0.0,-0.0,0.0,0.0,0.0,1.66,1.73,1.69,2.48
694,11.5667,1.657,21.635,0.001,0.4785,0.15,-1.38,-0.03,1.66,0.0,0.0,-0.0,0.0,0.0,0.0,1.77,1.62,1.55,1.7
695,11.5833,1.658,21.639,0.001,0.4785,0.16,-1.43,-0.03,1.682,0.0,0.0,-0.0,0.0,0.0,0.0,1.71,1.64,1.64,1.74
696,11.6,1.66,21.642,0.0,0.4785,0.18,-1.48,-0.03,1.655,0.0,0.0,-0.0,0.0,0.0,0.0,1.64,1.65,1.64,1.69
697,11.6167,1.662,21.646,0.0,0.4784,0.2,-1.54,-0.04,1.64,0.0,0.0,-0.0,0.0,0.0,0.0,1.65,1.66,1.58,1.67
698,11.6333,1.663,21.649,0.0,0.4788,0.22,-1.56,-0.03,1.373,0.0,0.0,-0.0,0.0,0.0,0.0,1.5,1.41,1.38,1.21
699,11.65,1.665,21.653,0.0,0.4791,0.2,-1.54,-0.03,1.498,0.0,0.0,-0.0,0.0,0.0,0.0,1.59,1.43,1.48,1.49
700,11.6667,1.667,21.657,0.0,0.4794,0.17,-1.52,-0.03,1.594,0.0,0.0,-0.0,0.0,0.0,0.0,1.64,1.56,1.57,1.61
701,11.6833,1.668,21.66,0.001,0.4796,0.16,-1.51,-0.03,1.609,0.0,0.0,-0.0,0.0,0.0,0.0,1.63,1.62,1.6,1.59
702,11.7,1.67,21.664,0.001,0.4797,0.14,-1.49,-0.03,1.648,0.0,0.0,-0.0,0.0,0.0,0.0,1.76,1.58,1.62,1.64
703,11.7167,1.672,21.668,0.001,0.4797,0.12,-1.47,-0.03,1.549,0.0,0.0,-0.0,0.0,0.0,0.0,1.6,1.59,1.93,1.08
704,11.7333,1.673,21.672,0.001,0.4797,0.11,-1.47,-0.03,1.644,0.0,0.0,-0.0,0.0,0.0,0.0,1.62,1.63,1.71,1.62
705,11.75,1.675,21.676,0.001,0.4797,0.09,-1.48,-0.03,1.666,0.0,0.0,-0.0,0.0,0.0,0.0,1.65,1.66,1.7,1.65
706,11.7667,1.677,21.68,0.001,0.4796,0.11,-1.46,-0.02,1.538,0.0,0.0,-0.0,0.0,0.0,0.0,1.85,1.05,1.7,1.55
707,11.7833,1.678,21.684,0.001,0.4799,0.15,-1.34,-0.03,1.657,0.0,0.0,-0.0,0.0,0.0,0.0,2.03,1.92,1.27,1.4
708,11.8,1.68,21.688,0.001,0.4803,0.16,-1.22,-0.03,1.605,0.0,0.0,-0.0,0.0,0.0,0.0,1.32,1.34,2.42,1.35
709,11.8167,1.682,21.692,0.001,0.4807,0.16,-1.1,-0.03,1.499,0.0,0.0,-0.0,0.0,0.0,0.0,1.55,1.36,1.41,1.67
710,11.8333,1.683,21.696,0.001,0.481,0.13,-1.01,-0.03,1.389,0.0,0.0,-0.0,0.0,0.0,0.0,1.41,0.59,1.7,1.86
711,11.85,1.685,21.7,0.001,0.4818,0.08,-0.94,-0.03,1.664,0.0,0.0,-0.0,0.0,0.0,0.0,1.74,1.68,1.62,1.62
712,11.8667,1.687,21.704,0.001,0.4826,0.11,-0.93,-0.03,1.59,0.0,0.0,-0.0,0.0,0.0,0.0,1.55,1.52,1.58,1.71
713,11.8833,1.688,21.708,0.001,0.4832,0.12,-0.93,-0.03,1.589,0.0,0.0,-0.0,0.0,0.0,0.0,1.57,1.48,1.53,1.77
714,11.9,1.69,21.711,0.001,0.4838,0.14,-0.91,-0.03,1.568,0.0,0.0,-0.0,0.0,0.0,0.0,1.54,1.43,1.57,1.73
715,11.9167,1.692,21.715,0.001,0.4843,0.16,-0.89,-0.03,1.673,0.0,0.0,-0.0,0.0,0.0,0.0,1.82,1.58,1.62,1.67
716,11.9333,1.693,21.719,0.001,0.4845,0.15,-0.87,-0.03,1.587,0.0,0.0,-0.0,0.0,0.0,0.0,1.71,1.6,1.59,1.45
717,11.95,1.695,21.723,0.001,0.4848,0.15,-0.84,-0.03,1.716,0.0,0.0,-0.0,0.0,0.0,0.0,1.72,1.72,1.67,1.75
718,11.9667,1.697,21.727,0.001,0.4849,0.14,-0.81,-0.02,1.655,0.0,0.0,-0.0,0.0,0.0,0.0,1.75,1.59,1.67,1.61
719,11.9833,1.698,21.731,0.001,0.485,0.15,-0.78,-0.02,1.689,0.0,0.0,-0.0,0.0,0.0,0.0,1.74,1.62,1.74,1.65
720,12.0,1.7,21.735,0.001,0.485,0.16,-0.75,-0.02,1.717,0.0,0.0,-0.0,0.0,0.0,0.0,1.86,1.64,1.71,1.66
721,12.0167,1.702,21.739,0.001,0.4848,0.15,-0.74,-0.02,1.717,0.0,0.0,-0.0,0.0,0.0,0.0,1.77,1.64,1.78,1.67
722,12.0333,1.703,21.744,0.001,0.4846,0.16,-0.72,-0.02,1.737,0.0,0.0,-0.0,0.0,0.0,0.0,1.73,1.7,1.76,1.76
723,12.05,1.705,21.748,0.001,0.4841,0.15,-0.7,-0.02,1.6,0.0,0.0,-0.0,0.0,0.0,0.0,1.35,1.6,1.74,1.72
724,12.0667,1.707,21.752,0.001,0.4836,0.16,-0.67,-0.02,1.778,0.0,0.0,-0.0,0.0,0.0,0.0,1.86,1.76,1.75,1.75
725,12.0833,1.708,21.757,0.001,0.4834,0.14,-0.7,-0.02,1.522,0.0,0.0,-0.0,0.0,0.0,0.0,1.49,1.44,1.73,1.43
726,12.1,1.71,21.76,0.001,0.4835,0.13,-0.77,-0.02,1.781,0.0,0.0,-0.0,0.0,0.0,0.0,1.77,1.77,1.78,1.81
727,12.1167,1.712,21.764,0.001,0.4833,0.13,-0.85,-0.02,1.512,0.0,0.0,-0.0,0.0,0.0,0.0,1.52,1.43,1.57,1.53
728,12.1333,1.713,21.767,0.001,0.4837,0.07,-0.88,-0.02,1.557,0.0,0.0,-0.0,0.0,0.0,0.0,1.55,1.48,1.69,1.52
729,12.15,1.715,21.771,0.001,0.4841,0.1,-0.83,-0.02,1.636,0.0,0.0,-0.0,0.0,0.0,0.0,1.62,1.58,1.77,1.58
730,12.1667,1.717,21.775,0.001,0.4844,0.1,-0.81,-0.02,1.567,0.0,0.0,-0.0,0.0,0.0,0.0,1.56,1.58,1.57,1.56
731,12.1833,1.718,21.779,0.001,0.4847,0.1,-0.79,-0.02,1.552,0.0,0.0,-0.0,0.0,0.0,0.0,1.55,1.46,1.61,1.58
732,12.2,1.72,21.783,0.001,0.4848,0.09,-0.77,-0.02,1.644,0.0,0.0,-0.0,0.0,0.0,0.0,1.65,1.66,1.65,1.62
733,12.2167,1.722,21.787,0.001,0.4848,0.09,-0.75,-0.02,1.675,0.0,0.0,-0.0,0.0,0.0,0.0,1.65,1.58,1.83,1.64
734,12.2333,1.723,21.791,0.001,0.4848,0.09,-0.74,-0.01,1.681,0.0,0.0,-0.0,0.0,0.0,0.0,1.71,1.63,1.7,1.68
735,12.25,1.725,21.795,0.001,0.4847,0.08,-0.75,-0.01,1.817,0.0,0.0,-0.0,0.0,0.0,0.0,1.86,1.98,1.86,1.57
736,12.2667,1.727,21.799,0.001,0.4847,0.08,-0.77,-0.02,1.718,0.0,0.0,-0.0,0.0,0.0,0.0,1.8,1.73,1.67,1.67
737,12.2833,1.728,21.803,0.001,0.4851,0.11,-0.82,-0.0,1.596,0.0,0.0,-0.0,0.0,0.0,0.0,1.35,1.71,1.7,1.63
738,12.3,1.73,21.806,0.001,0.4859,0.12,-0.89,-0.0,1.615,0.0,0.0,-0.0,0.0,0.0,0.0,1.72,1.59,1.66,1.49
739,12.3167,1.732,21.809,0.001,0.4867,0.11,-0.97,-0.0,1.639,0.0,0.0,-0.0,0.0,0.0,0.0,1.69,1.74,1.65,1.48
740,12.3333,1.733,21.812,0.001,0.4871,0.07,-1.05,-0.01,1.69,0.0,0.0,-0.0,0.0,0.0,0.0,1.73,1.75,1.73,1.55
741,12.35,1.735,21.815,0.002,0.4876,0.03,-1.15,-0.01,1.684,0.0,0.0,-0.0,0.0,0.0,0.0,1.69,1.78,1.71,1.56
742,12.3667,1.737,21.818,0.002,0.4881,-0.02,-1.27,-0.01,1.661,0.0,0.0,-0.0,0.0,0.0,0.0,1.68,1.69,1.72,1.56
743,12.3833,1.738,21.821,0.002,0.4883,-0.03,-1.33,-0.0,1.451,0.0,0.0,-0.0,0.0,0.0,0.0,1.39,1.44,1.74,1.23
744,12.4,1.74,21.825,0.002,0.4885,0.05,-1.33,-0.01,1.688,0.0,0.0,-0.0,0.0,0.0,0.0,1.48,2.01,1.68,1.58
745,12.4167,1.742,21.828,0.001,0.4889,0.09,-1.35,-0.01,1.508,0.0,0.0,-0.0,0.0,0.0,0.0,1.35,1.51,1.66,1.51
746,12.4333,1.743,21.832,0.001,0.4893,0.1,-1.36,-0.01,1.569,0.0,0.0,-0.0,0.0,0.0,0.0,1.56,1.57,1.62,1.52
747,12.45,1.745,21.835,0.001,0.4897,0.1,-1.37,-0.01,1.557,0.0,0.0,-0.0,0.0,0.0,0.0,1.69,1.08,1.85,1.61
748,12.4667,1.747,21.839,0.001,0.49,0.11,-1.39,-0.01,1.702,0.0,0.0,-0.0,0.0,0.0,0.0,1.67,1.69,1.81,1.64
749,12.4833,1.748,21.843,0.001,0.4902,0.12,-1.4,-0.01,1.697,0.0,0.0,-0.0,0.0,0.0,0.0,1.71,1.65,1.75,1.68
750,12.5,1.75,21.847,0.001,0.4903,0.12,-1.41,-0.01,1.613,0.0,0.0,-0.0,0.0,0.0,0.0,1.69,1.32,1.74,1.7
751,12.5167,1.752,21.851,0.001,0.4903,0.13,-1.43,-0.01,1.667,0.0,0.0,-0.0,0.0,0.0,0.0,1.72,1.48,1.74,1.72
752,12.5333,1.753,21.855,0.001,0.4902,0.14,-1.44,-0.01,1.673,0.0,0.0,-0.0,0.0,0.0,0.0,1.75,1.48,1.77,1.69
753,12.55,1.755,21.859,0.001,0.49,0.13,-1.46,-0.02,1.755,0.0,0.0,-0.0,0.0,0.0,0.0,1.74,1.83,1.72,1.73
754,12.5667,1.757,21.863,0.001,0.4897,0.12,-1.49,-0.02,1.911,0.0,0.0,-0.0,0.0,0.0,0.0,2.37,1.85,1.89,1.54
755,12.5833,1.758,21.867,0.001,0.4898,0.12,-1.57,-0.02,1.793,0.0,0.0,-0.0,0.0,0.0,0.0,1.84,1.82,1.77,1.75
756,12.6,1.76,21.871,0.001,0.4898,0.12,-1.65,-0.02,1.747,0.0,0.0,-0.0,0.0,0.0,0.0,1.73,1.76,1.74,1.76
757,12.6167,1.762,21.874,0.001,0.49,0.15,-1.68,-0.02,1.369,0.0,0.0,-0.0,0.0,0.0,0.0,1.44,1.44,1.27,1.33
758,12.6333,1.763,21.878,0.001,0.4904,0.15,-1.66,-0.02,1.553,0.0,0.0,-0.0,0.0,0.0,0.0,1.63,1.51,1.52,1.56
759,12.65,1.765,21.882,0.001,0.4908,0.15,-1.63,-0.02,1.606,0.0,0.0,-0.0,0.0,0.0,0.0,1.62,1.61,1.61,1.58
760,12.6667,1.767,21.886,0.001,0.4911,0.14,-1.61,-0.02,1.67,0.0,0.0,-0.0,0.0,0.0,0.0,1.64,1.71,1.67,1.66
761,12.6833,1.768,21.89,0.001,0.4913,0.14,-1.59,-0.02,1.694,0.0,0.0,-0.0,0.0,0.0,0.0,1.68,1.68,1.72,1.7
762,12.7,1.77,21.894,0.001,0.4913,0.13,-1.57,-0.01,1.666,0.0,0.0,-0.0,0.0,0.0,0.0,1.73,1.39,1.86,1.69
763,12.7167,1.772,21.898,0.001,0.4913,0.13,-1.55,-0.01,1.916,0.0,0.0,-0.0,0.0,0.0,0.0,1.76,2.44,1.7,1.76
764,12.7333,1.773,21.902,0.001,0.4912,0.12,-1.54,-0.02,1.734,0.0,0.0,-0.0,0.0,0.0,0.0,1.64,1.57,1.96,1.76
765,12.75,1.775,21.907,0.001,0.491,0.11,-1.53,-0.02,1.817,0.0,0.0,-0.0,0.0,0.0,0.0,1.69,2.13,1.71,1.74
766,12.7667,1.777,21.911,0.001,0.4906,0.11,-1.51,-0.02,1.92,0.0,0.0,-0.0,0.0,0.0,0.0,1.82,2.25,1.74,1.87
767,12.7833,1.778,21.915,0.001,0.4902,0.12,-1.49,-0.02,1.737,0.0,0.0,-0.0,0.0,0.0,0.0,1.79,1.62,1.77,1.77
768,12.8,1.78,21.92,0.001,0.49,0.1,-1.51,-0.02,1.869,0.0,0.0,-0.0,0.0,0.0,0.0,1.84,2.06,1.79,1.79
769,12.8167,1.782,21.924,0.001,0.49,0.1,-1.58,-0.02,1.785,0.0,0.0,-0.0,0.0,0.0,0.0,1.79,1.77,1.8,1.78
770,12.8333,1.783,21.927,0.001,0.4899,0.11,-1.67,-0.02,1.832,0.0,0.0,-0.0,0.0,0.0,0.0,1.78,1.94,1.81,1.8
771,12.85,1.785,21.931,0.001,0.4901,0.09,-1.67,-0.02,1.481,0.0,0.0,-0.0,0.0,0.0,0.0,1.33,1.44,1.64,1.51
772,12.8667,1.787,21.935,0.001,0.4906,0.09,-1.66,-0.02,1.583,0.0,0.0,-0.0,0.0,0.0,0.0,1.58,1.59,1.68,1.48
773,12.8833,1.788,21.939,0.001,0.4909,0.1,-1.64,-0.02,1.628,0.0,0.0,-0.0,0.0,0.0,0.0,1.64,1.65,1.67,1.55
774,12.9,1.79,21.943,0.001,0.4912,0.1,-1.62,-0.02,1.665,0.0,0.0,-0.0,0.0,0.0,0.0,1.66,1.69,1.71,1.6
775,12.9167,1.792,21.947,0.001,0.4914,0.11,-1.6,-0.02,1.707,0.0,0.0,-0.0,0.0,0.0,0.0,1.72,1.72,1.7,1.68
776,12.9333,1.793,21.951,0.001,0.4915,0.11,-1.58,-0.02,1.094,0.0,0.0,-0.0,0.0,0.0,0.0,-0.4,1.49,1.56,1.72
777,12.95,1.795,21.955,0.001,0.4914,0.12,-1.56,-0.02,1.783,0.0,0.0,-0.0,0.0,0.0,0.0,1.76,1.76,1.85,1.76
778,12.9667,1.797,21.959,0.001,0.4912,0.12,-1.54,-0.02,1.596,0.0,0.0,-0.0,0.0,0.0,0.0,1.68,1.47,1.78,1.46
779,12.9833,1.798,21.964,0.001,0.4909,0.13,-1.52,-0.02,1.781,0.0,0.0,-0.0,0.0,0.0,0.0,1.77,1.72,1.8,1.83
780,13.0,1.8,21.968,0.001,0.4905,0.13,-1.49,-0.02,1.695,0.0,0.0,-0.0,0.0,0.0,0.0,1.84,1.84,1.83,1.27
781,13.0167,1.802,21.973,0.001,0.4903,0.13,-1.52,-0.02,1.826,0.0,0.0,-0.0,0.0,0.0,0.0,1.8,1.86,1.79,1.86
782,13.0333,1.803,21.977,0.001,0.4903,0.14,-1.57,-0.02,1.798,0.0,0.0,-0.0,0.0,0.0,0.0,1.79,1.77,1.82,1.82
783,13.05,1.805,21.98,0.001,0.4902,0.13,-1.64,-0.02,1.804,0.0,0.0,-0.0,0.0,0.0,0.0,1.78,1.81,1.8,1.82
784,13.0667,1.807,21.984,0.001,0.4903,0.21,-1.65,-0.02,1.523,0.0,0.0,-0.0,0.0,0.0,0.0,1.5,1.65,1.53,1.41
785,13.0833,1.808,21.988,0.0,0.4907,0.27,-1.68,-0.02,1.77,0.0,0.0,-0.0,0.0,0.0,0.0,2.63,1.63,1.37,1.45
786,13.1,1.81,21.992,0.0,0.4909,0.23,-1.64,-0.02,1.675,0.0,0.0,-0.0,0.0,0.0,0.0,1.84,1.61,1.62,1.64
787,13.1167,1.812,21.996,0.001,0.4911,0.2,-1.62,-0.02,1.741,0.0,0.0,-0.0,0.0,0.0,0.0,1.82,1.72,1.7,1.71
788,13.1333,1.813,22.001,0.001,0.4911,0.17,-1.58,-0.02,1.808,0.0,0.0,-0.0,0.0,0.0,0.0,1.86,1.74,1.87,1.76
789,13.15,1.815,22.005,0.001,0.4913,0.15,-1.57,-0.02,1.804,0.0,0.0,-0.0,0.0,0.0,0.0,1.75,1.79,1.88,1.79
790,13.1667,1.817,22.009,0.001,0.4913,0.13,-1.56,-0.02,1.782,0.0,0.0,-0.0,0.0,0.0,0.0,1.72,1.79,1.83,1.79
791,13.1833,1.818,22.014,0.001,0.4912,0.13,-1.54,-0.02,1.76,0.0,0.0,-0.0,0.0,0.0,0.0,1.72,1.72,1.81,1.79
792,13.2,1.82,22.018,0.001,0.4909,0.14,-1.52,-0.02,1.806,0.0,0.0,-0.0,0.0,0.0,0.0,1.74,1.87,1.78,1.83
793,13.2167,1.822,22.022,0.001,0.4906,0.14,-1.5,-0.02,1.822,0.0,0.0,-0.0,0.0,0.0,0.0,1.84,1.81,1.8,1.83
794,13.2333,1.823,22.027,0.001,0.4905,0.15,-1.52,-0.02,2.002,0.0,0.0,-0.0,0.0,0.0,0.0,1.78,1.82,1.8,2.61
795,13.25,1.825,22.031,0.001,0.4905,0.16,-1.58,-0.02,1.791,0.0,0.0,-0.0,0.0,0.0,0.0,1.79,1.76,1.81,1.8
796,13.2667,1.827,22.035,0.001,0.4904,0.16,-1.65,-0.02,1.829,0.0,0.0,-0.0,0.0,0.0,0.0,1.81,1.84,1.82,1.84
797,13.2833,1.828,22.039,0.001,0.4906,0.2,-1.65,-0.02,1.756,0.0,0.0,-0.0,0.0,0.0,0.0,1.77,1.64,1.62,2.0
798,13.3,1.83,22.043,0.0,0.491,0.22,-1.66,-0.02,1.748,0.0,0.0,-0.0,0.0,0.0,0.0,1.82,1.69,1.72,1.76
799,13.3167,1.832,22.047,0.001,0.4912,0.21,-1.64,-0.02,1.673,0.0,0.0,-0.0,0.0,0.0,0.0,1.77,1.66,1.65,1.61
800,13.3333,1.833,22.051,0.001,0.4914,0.18,-1.61,-0.02,1.73,0.0,0.0,-0.0,0.0,0.0,0.0,1.75,1.74,1.72,1.7
801,13.35,1.835,22.055,0.001,0.4914,0.15,-1.58,-0.02,1.788,0.0,0.0,-0.0,0.0,0.0,0.0,1.81,1.74,1.8,1.8
802,13.3667,1.837,22.06,0.001,0.4913,0.14,-1.55,-0.02,1.869,0.0,0.0,-0.0,0.0,0.0,0.0,1.74,2.17,1.63,1.95
803,13.3833,1.838,22.064,0.001,0.4914,0.11,-1.57,-0.02,1.803,0.0,0.0,-0.0,0.0,0.0,0.0,1.8,1.76,1.82,1.83
804,13.4,1.84,22.068,0.001,0.4912,0.1,-1.55,-0.02,1.726,0.0,0.0,-0.0,0.0,0.0,0.0,1.72,1.63,1.82,1.74
805,13.4167,1.842,22.073,0.001,0.491,0.11,-1.53,-0.02,1.697,0.0,0.0,-0.0,0.0,0.0,0.0,1.73,1.66,1.88,1.52
806,13.4333,1.843,22.077,0.001,0.4906,0.11,-1.5,-0.03,1.821,0.0,0.0,-0.0,0.0,0.0,0.0,1.82,1.77,1.84,1.85
807,13.45,1.845,22.082,0.001,0.4903,0.13,-1.48,-0.03,2.298,0.0,0.0,-0.0,0.0,0.0,0.0,3.04,2.15,1.83,2.17
808,13.4667,1.847,22.086,0.001,0.4905,0.15,-1.54,-0.03,1.832,0.0,0.0,-0.0,0.0,0.0,0.0,1.81,1.83,1.83,1.85
809,13.4833,1.848,22.09,0.001,0.4904,0.15,-1.6,-0.03,1.839,0.0,0.0,-0.0,0.0,0.0,0.0,1.82,1.83,1.84,1.86
810,13.5,1.85,22.094,0.001,0.4903,0.16,-1.66,-0.03,1.643,0.0,0.0,-0.0,0.0,0.0,0.0,1.52,1.79,1.84,1.41
811,13.5167,1.852,22.098,0.0,0.4907,0.24,-1.69,-0.03,1.731,0.0,0.0,-0.0,0.0,0.0,0.0,1.85,1.72,1.67,1.68
812,13.5333,1.853,22.102,0.001,0.491,0.22,-1.67,-0.02,1.658,0.0,0.0,-0.0,0.0,0.0,0.0,1.86,1.61,1.55,1.61
813,13.55,1.855,22.106,0.001,0.4912,0.2,-1.64,-0.02,1.729,0.0,0.0,-0.0,0.0,0.0,0.0,1.78,1.69,1.71,1.74
814,13.5667,1.857,22.11,0.001,0.4913,0.17,-1.6,-0.02,1.78,0.0,0.0,-0.0,0.0,0.0,0.0,1.84,1.73,1.78,1.77
815,13.5833,1.858,22.115,0.001,0.4913,0.14,-1.57,-0.02,1.818,0.0,0.0,-0.0,0.0,0.0,0.0,1.9,1.78,1.79,1.81
816,13.6,1.86,22.119,0.001,0.4914,0.13,-1.56,-0.02,1.789,0.0,0.0,-0.0,0.0,0.0,0.0,1.81,1.47,1.99,1.88
817,13.6167,1.862,22.123,0.001,0.4913,0.1,-1.57,-0.02,1.764,0.0,0.0,-0.0,0.0,0.0,0.0,1.79,1.25,2.24,1.77
818,13.6333,1.863,22.128,0.001,0.4912,0.11,-1.54,-0.02,1.795,0.0,0.0,-0.0,0.0,0.0,0.0,1.78,1.69,1.88,1.84
819,13.65,1.865,22.132,0.001,0.4909,0.11,-1.51,-0.02,1.669,0.0,0.0,-0.0,0.0,0.0,0.0,1.77,1.63,1.83,1.44
820,13.6667,1.867,22.137,0.001,0.4904,0.12,-1.48,-0.03,1.839,0.0,0.0,-0.0,0.0,0.0,0.0,1.83,1.82,1.85,1.85
821,13.6833,1.868,22.142,0.001,0.49,0.11,-1.48,-0.03,2.158,0.0,0.0,-0.0,0.0,0.0,0.0,2.33,1.68,2.67,1.94
822,13.7,1.87,22.146,0.001,0.4902,0.11,-1.55,-0.03,1.883,0.0,0.0,-0.0,0.0,0.0,0.0,1.86,1.9,1.9,1.87
823,13.7167,1.872,22.15,0.001,0.4901,0.11,-1.63,-0.03,1.905,0.0,0.0,-0.0,0.0,0.0,0.0,1.89,1.92,1.9,1.91
824,13.7333,1.873,22.154,0.001,0.4899,0.1,-1.68,-0.03,1.373,0.0,0.0,-0.0,0.0,0.0,0.0,1.44,1.86,0.68,1.51
825,13.75,1.875,22.158,0.001,0.4904,0.09,-1.68,-0.03,1.669,0.0,0.0,-0.0,0.0,0.0,0.0,1.66,1.63,1.84,1.56
826,13.7667,1.877,22.162,0.001,0.4908,0.09,-1.66,-0.03,1.667,0.0,0.0,-0.0,0.0,0.0,0.0,1.59,1.66,1.81,1.62
827,13.7833,1.878,22.166,0.001,0.4912,0.1,-1.63,-0.03,1.755,0.0,0.0,-0.0,0.0,0.0,0.0,1.75,1.74,1.85,1.69
828,13.8,1.88,22.17,0.001,0.4914,0.1,-1.61,-0.03,1.798,0.0,0.0,-0.0,0.0,0.0,0.0,1.87,1.79,1.77,1.76
829,13.8167,1.882,22.175,0.001,0.4915,0.11,-1.58,-0.03,1.556,0.0,0.0,-0.0,0.0,0.0,0.0,0.8,1.84,1.79,1.79
830,13.8333,1.883,22.179,0.001,0.4914,0.12,-1.55,-0.02,1.434,0.0,0.0,-0.0,0.0,0.0,0.0,1.73,0.57,1.8,1.64
831,13.85,1.885,22.183,0.001,0.4917,0.18,-1.43,-0.03,1.262,0.0,0.0,-0.0,0.0,0.0,0.0,0.79,0.65,1.88,1.72
832,13.8667,1.887,22.188,0.001,0.4922,0.18,-1.31,-0.03,1.68,0.0,0.0,-0.0,0.0,0.0,0.0,1.57,1.68,1.91,1.56
833,13.8833,1.888,22.192,0.001,0.4927,0.18,-1.19,-0.03,1.681,0.0,0.0,-0.0,0.0,0.0,0.0,1.61,1.7,1.79,1.63
834,13.9,1.89,22.197,0.001,0.493,0.17,-1.06,-0.03,1.641,0.0,0.0,-0.0,0.0,0.0,0.0,1.59,1.82,1.24,1.91
835,13.9167,1.892,22.202,0.001,0.4938,0.13,-0.99,-0.03,1.787,0.0,0.0,-0.0,0.0,0.0,0.0,1.73,1.79,1.66,1.97
836,13.9333,1.893,22.206,0.001,0.4946,0.1,-0.95,-0.03,1.826,0.0,0.0,-0.0,0.0,0.0,0.0,1.87,1.79,1.81,1.83
837,13.95,1.895,22.21,0.001,0.4952,0.12,-0.93,-0.03,1.776,0.0,0.0,-0.0,0.0,0.0,0.0,1.7,1.8,1.72,1.89
838,13.9667,1.897,22.215,0.001,0.4958,0.13,-0.9,-0.03,1.819,0.0,0.0,-0.0,0.0,0.0,0.0,1.77,1.79,1.76,1.95
839,13.9833,1.898,22.219,0.001,0.4962,0.13,-0.88,-0.03,1.815,0.0,0.0,-0.0,0.0,0.0,0.0,1.86,1.78,1.8,1.82
840,14.0,1.9,22.223,0.001,0.4964,0.14,-0.86,-0.03,1.838,0.0,0.0,-0.0,0.0,0.0,0.0,1.91,1.8,1.79,1.85
841,14.0167,1.902,22.228,0.001,0.4967,0.14,-0.84,-0.02,1.852,0.0,0.0,-0.0,0.0,0.0,0.0,1.87,1.88,1.83,1.83
842,14.0333,1.903,22.232,0.001,0.4969,0.13,-0.84,-0.02,1.723,0.0,0.0,-0.0,0.0,0.0,0.0,1.49,1.83,1.8,1.77
843,14.05,1.905,22.237,0.001,0.497,0.13,-0.81,-0.02,1.841,0.0,0.0,-0.0,0.0,0.0,0.0,1.87,1.82,1.85,1.82
844,14.0667,1.907,22.242,0.001,0.497,0.14,-0.81,-0.02,1.913,0.0,0.0,-0.0,0.0,0.0,0.0,2.03,1.82,1.9,1.9
845,14.0833,1.908,22.246,0.001,0.497,0.15,-0.81,-0.02,1.842,0.0,0.0,-0.0,0.0,0.0,0.0,1.7,1.91,1.88,1.88
846,14.1,1.91,22.251,0.001,0.4969,0.15,-0.82,-0.02,1.876,0.0,0.0,-0.0,0.0,0.0,0.0,1.94,2.01,1.83,1.72
847,14.1167,1.912,22.255,0.001,0.4966,0.1,-0.78,-0.02,1.906,0.0,0.0,-0.0,0.0,0.0,0.0,1.9,2.14,1.79,1.79
848,14.1333,1.913,22.26,0.002,0.4963,0.05,-0.74,-0.02,1.895,0.0,0.0,-0.0,0.0,0.0,0.0,1.9,1.91,1.83,1.94
849,14.15,1.915,22.265,0.002,0.4966,0.04,-0.79,-0.02,1.932,0.0,0.0,-0.0,0.0,0.0,0.0,1.98,1.88,1.91,1.95
850,14.1667,1.917,22.269,0.002,0.4968,0.03,-0.85,-0.02,1.909,0.0,0.0,-0.0,0.0,0.0,0.0,1.87,1.97,1.89,1.9
851,14.1833,1.918,22.273,0.002,0.4969,0.01,-0.9,-0.02,1.913,0.0,0.0,-0.0,0.0,0.0,0.0,1.91,1.94,1.9,1.9
852,14.2,1.92,22.277,0.002,0.4968,0.09,-0.89,-0.02,1.88,0.0,0.0,-0.0,0.0,0.0,0.0,2.07,1.75,2.0,1.7
853,14.2167,1.922,22.281,0.001,0.4971,0.12,-0.85,-0.02,1.834,0.0,0.0,-0.0,0.0,0.0,0.0,1.8,1.96,1.8,1.78
854,14.2333,1.923,22.286,0.001,0.4973,0.12,-0.84,-0.01,1.839,0.0,0.0,-0.0,0.0,0.0,0.0,1.85,1.82,1.9,1.79
855,14.25,1.925,22.29,0.001,0.4973,0.12,-0.81,-0.01,1.879,0.0,0.0,-0.0,0.0,0.0,0.0,1.94,1.8,1.96,1.81
856,14.2667,1.927,22.295,0.001,0.4972,0.13,-0.78,-0.01,1.811,0.0,0.0,-0.0,0.0,0.0,0.0,1.8,1.59,1.98,1.88
857,14.2833,1.928,22.3,0.001,0.4972,0.15,-0.78,-0.01,1.828,0.0,0.0,-0.0,0.0,0.0,0.0,2.04,1.48,1.87,1.93
858,14.3,1.93,22.303,0.001,0.498,0.18,-0.87,-0.01,1.898,0.0,0.0,-0.0,0.0,0.0,0.0,1.98,1.92,1.9,1.79
859,14.3167,1.932,22.307,0.001,0.4985,0.18,-0.98,-0.01,1.887,0.0,0.0,-0.0,0.0,0.0,0.0,1.92,1.89,1.93,1.81
860,14.3333,1.933,22.31,0.001,0.499,0.17,-1.1,-0.01,1.802,0.0,0.0,-0.0,0.0,0.0,0.0,1.85,1.78,1.84,1.74
861,14.35,1.935,22.314,0.001,0.4994,0.17,-1.21,-0.01,1.87,0.0,0.0,-0.0,0.0,0.0,0.0,1.83,1.92,1.92,1.8
862,14.3667,1.937,22.317,0.001,0.4997,0.17,-1.32,-0.01,1.975,0.0,0.0,-0.0,0.0,0.0,0.0,1.9,2.13,1.99,1.88
863,14.3833,1.938,22.321,0.001,0.4998,0.17,-1.43,-0.01,1.97,0.0,0.0,-0.0,0.0,0.0,0.0,1.85,2.12,1.97,1.94
864,14.4,1.94,22.325,0.001,0.5003,0.17,-1.47,-0.01,1.594,0.0,0.0,-0.0,0.0,0.0,0.0,1.22,1.51,1.95,1.69
865,14.4167,1.942,22.328,0.001,0.5009,0.16,-1.48,-0.01,1.689,0.0,0.0,-0.0,0.0,0.0,0.0,1.64,1.61,1.95,1.56
866,14.4333,1.943,22.332,0.001,0.5015,0.16,-1.49,-0.01,1.759,0.0,0.0,-0.0,0.0,0.0,0.0,1.71,1.7,1.96,1.68
867,14.45,1.945,22.336,0.001,0.502,0.15,-1.5,-0.01,1.804,0.0,0.0,-0.0,0.0,0.0,0.0,1.85,1.68,1.94,1.76
868,14.4667,1.947,22.341,0.001,0.5024,0.15,-1.51,-0.01,1.843,0.0,0.0,-0.0,0.0,0.0,0.0,1.87,1.84,1.9,1.77
869,14.4833,1.948,22.345,0.001,0.5027,0.14,-1.52,-0.01,1.798,0.0,0.0,-0.0,0.0,0.0,0.0,1.89,1.64,1.83,1.82
870,14.5,1.95,22.349,0.001,0.5028,0.14,-1.52,-0.01,1.798,0.0,0.0,-0.0,0.0,0.0,0.0,1.9,1.44,1.97,1.88
871,14.5167,1.952,22.354,0.001,0.5028,0.13,-1.53,-0.01,1.971,0.0,0.0,-0.0,0.0,0.0,0.0,1.88,2.16,1.92,1.93
872,14.5333,1.953,22.358,0.001,0.5027,0.12,-1.55,-0.01,1.9,0.0,0.0,-0.0,0.0,0.0,0.0,1.92,2.04,1.94,1.7
873,14.55,1.955,22.363,0.001,0.5028,0.11,-1.58,-0.01,1.966,0.0,0.0,-0.0,0.0,0.0,0.0,1.97,1.99,1.94,1.96
874,14.5667,1.957,22.367,0.001,0.5028,0.12,-1.65,-0.01,1.958,0.0,0.0,-0.0,0.0,0.0,0.0,1.96,1.97,1.95,1.96
875,14.5833,1.958,22.371,0.001,0.5027,0.13,-1.73,-0.01,1.965,0.0,0.0,-0.0,0.0,0.0,0.0,1.97,1.95,1.94,1.99
876,14.6,1.96,22.376,0.001,0.5025,0.14,-1.8,-0.01,1.949,0.0,0.0,-0.0,0.0,0.0,0.0,1.86,1.96,2.0,1.99
877,14.6167,1.962,22.38,0.002,0.5027,0.1,-1.78,-0.01,1.612,0.0,0.0,-0.0,0.0,0.0,0.0,1.5,1.56,1.71,1.68
878,14.6333,1.963,22.384,0.001,0.5031,0.11,-1.76,-0.01,1.761,0.0,0.0,-0.0,0.0,0.0,0.0,1.74,1.74,1.91,1.66
879,14.65,1.965,22.388,0.001,0.5035,0.11,-1.73,-0.01,1.823,0.0,0.0,-0.0,0.0,0.0,0.0,1.79,1.81,1.92,1.76
880,14.6667,1.967,22.393,0.001,0.5037,0.12,-1.7,-0.01,1.859,0.0,0.0,-0.0,0.0,0.0,0.0,1.87,1.87,1.9,1.8
881,14.6833,1.968,22.398,0.001,0.5039,0.13,-1.68,-0.01,1.96,0.0,0.0,-0.0,0.0,0.0,0.0,1.87,2.14,1.96,1.86
882,14.7,1.97,22.402,0.001,0.5038,0.13,-1.65,-0.01,1.921,0.0,0.0,-0.0,0.0,0.0,0.0,1.98,1.9,1.89,1.92
883,14.7167,1.972,22.407,0.001,0.5036,0.14,-1.62,-0.01,1.881,0.0,0.0,-0.0,0.0,0.0,0.0,1.98,1.93,1.98,1.64
884,14.7333,1.973,22.412,0.001,0.5033,0.14,-1.59,-0.01,1.948,0.0,0.0,-0.0,0.0,0.0,0.0,1.99,1.87,1.96,1.97
885,14.75,1.975,22.417,0.001,0.5027,0.15,-1.57,-0.01,2.037,0.0,0.0,-0.0,0.0,0.0,0.0,1.89,2.19,2.01,2.05
886,14.7667,1.977,22.422,0.001,0.5029,0.16,-1.62,-0.02,2.046,0.0,0.0,-0.0,0.0,0.0,0.0,2.0,1.98,2.11,2.09
887,14.7833,1.978,22.426,0.001,0.5029,0.17,-1.68,-0.02,1.994,0.0,0.0,-0.0,0.0,0.0,0.0,1.98,1.97,1.96,2.07
888,14.8,1.98,22.43,0.001,0.5027,0.15,-1.75,-0.02,1.841,0.0,0.0,-0.0,0.0,0.0,0.0,1.79,1.75,2.04,1.78
889,14.8167,1.982,22.434,0.001,0.503,0.24,-1.78,-0.01,1.84,0.0,0.0,-0.0,0.0,0.0,0.0,1.76,1.83,1.86,1.92
890,14.8333,1.983,22.439,0.001,0.5033,0.25,-1.77,-0.01,1.696,0.0,0.0,-0.0,0.0,0.0,0.0,1.99,1.7,1.45,1.64
891,14.85,1.985,22.443,0.001,0.5034,0.23,-1.72,-0.01,1.875,0.0,0.0,-0.0,0.0,0.0,0.0,2.03,1.76,1.88,1.83
892,14.8667,1.987,22.448,0.001,0.5034,0.2,-1.67,-0.01,1.854,0.0,0.0,-0.0,0.0,0.0,0.0,1.84,1.98,1.78,1.81
893,14.8833,1.988,22.453,0.001,0.5036,0.2,-1.64,-0.01,1.997,0.0,0.0,-0.0,0.0,0.0,0.0,1.94,1.98,2.11,1.96
894,14.9,1.99,22.458,0.001,0.5036,0.19,-1.62,-0.01,1.968,0.0,0.0,-0.0,0.0,0.0,0.0,1.95,2.01,1.94,1.98
895,14.9167,1.992,22.463,0.001,0.5035,0.18,-1.6,-0.01,1.967,0.0,0.0,-0.0,0.0,0.0,0.0,1.96,1.96,1.95,1.99
896,14.9333,1.993,22.467,0.001,0.5032,0.16,-1.58,-0.01,1.979,0.0,0.0,-0.0,0.0,0.0,0.0,1.98,1.95,1.96,2.02
897,14.95,1.995,22.472,0.001,0.503,0.15,-1.6,-0.01,2.066,0.0,0.0,-0.0,0.0,0.0,0.0,2.28,2.02,1.93,2.02
898,14.9667,1.997,22.477,0.001,0.503,0.16,-1.65,-0.01,1.946,0.0,0.0,-0.0,0.0,0.0,0.0,1.94,1.95,1.9,1.99
899,14.9833,1.998,22.481,0.001,0.503,0.15,-1.72,-0.01,1.952,0.0,0.0,-0.0,0.0,0.0,0.0,1.95,1.91,1.96,1.99
900,15.0,2.0,22.485,0.001,0.503,0.18,-1.76,-0.01,1.566,0.0,0.0,-0.0,0.0,0.0,0.0,1.39,2.22,1.61,1.04
901,15.0167,2.0,22.489,0.001,0.5034,0.2,-1.75,-0.01,2.209,0.0,0.0,-0.0,0.0,0.0,0.0,2.0,1.75,3.06,2.02
902,15.0333,2.0,22.494,0.001,0.5036,0.23,-1.75,-0.01,1.717,0.0,0.0,-0.0,0.0,0.0,0.0,1.76,1.84,1.69,1.58
903,15.05,2.0,22.498,0.001,0.5037,0.2,-1.71,-0.01,2.315,0.0,0.0,-0.0,0.0,0.0,0.0,1.86,1.81,3.57,2.02
904,15.0667,2.0,22.503,0.001,0.5037,0.17,-1.66,-0.01,1.964,0.0,0.0,-0.0,0.0,0.0,0.0,1.99,1.88,1.95,2.03
905,15.0833,2.0,22.508,0.001,0.5037,0.16,-1.64,-0.01,2.009,0.0,0.0,-0.0,0.0,0.0,0.0,2.03,2.01,2.02,1.98
906,15.1,2.0,22.513,0.002,0.5037,0.12,-1.65,-0.01,2.015,0.0,0.0,-0.0,0.0,0.0,0.0,2.01,2.09,1.98,1.98
907,15.1167,2.0,22.517,0.002,0.5035,0.12,-1.63,-0.01,2.012,0.0,0.0,-0.0,0.0,0.0,0.0,1.95,2.24,1.92,1.93
908,15.1333,2.0,22.522,0.002,0.5032,0.12,-1.6,-0.01,1.919,0.0,0.0,-0.0,0.0,0.0,0.0,1.93,1.97,2.01,1.77
909,15.15,2.0,22.527,0.001,0.5028,0.13,-1.57,-0.02,1.935,0.0,0.0,-0.0,0.0,0.0,0.0,1.79,1.82,2.0,2.13
910,15.1667,2.0,22.532,0.001,0.503,0.15,-1.62,-0.02,2.192,0.0,0.0,-0.0,0.0,0.0,0.0,1.98,2.01,2.05,2.72
911,15.1833,2.0,22.536,0.001,0.503,0.16,-1.68,-0.02,1.981,0.0,0.0,-0.0,0.0,0.0,0.0,1.95,1.99,1.99,2.0
912,15.2,2.0,22.54,0.001,0.5029,0.15,-1.75,-0.02,1.998,0.0,0.0,-0.0,0.0,0.0,0.0,2.0,2.01,1.94,2.05
913,15.2167,2.0,22.545,0.001,0.5031,0.19,-1.76,-0.02,1.808,0.0,0.0,-0.0,0.0,0.0,0.0,2.04,1.67,1.75,1.77
914,15.2333,2.0,22.549,0.001,0.5034,0.22,-1.76,-0.02,2.202,0.0,0.0,-0.0,0.0,0.0,0.0,1.98,1.84,2.94,2.03
915,15.25,2.0,22.554,0.001,0.5036,0.21,-1.74,-0.02,1.852,0.0,0.0,-0.0,0.0,0.0,0.0,2.05,1.81,1.78,1.77
916,15.2667,2.0,22.558,0.001,0.5037,0.19,-1.69,-0.02,1.708,0.0,0.0,-0.0,0.0,0.0,0.0,1.83,1.9,0.73,2.38
917,15.2833,2.0,22.563,0.001,0.5036,0.16,-1.64,-0.02,1.82,0.0,0.0,-0.0,0.0,0.0,0.0,1.86,1.94,1.62,1.86
918,15.3,2.0,22.568,0.001,0.5037,0.16,-1.63,-0.02,1.995,0.0,0.0,-0.0,0.0,0.0,0.0,1.96,2.07,1.99,1.96
919,15.3167,2.0,22.573,0.002,0.5037,0.14,-1.62,-0.02,2.022,0.0,0.0,-0.0,0.0,0.0,0.0,1.99,2.15,1.98,1.97
920,15.3333,2.0,22.578,0.002,0.5034,0.12,-1.61,-0.02,1.962,0.0,0.0,-0.0,0.0,0.0,0.0,2.13,2.0,1.92,1.8
921,15.35,2.0,22.583,0.002,0.503,0.13,-1.58,-0.02,1.977,0.0,0.0,-0.0,0.0,0.0,0.0,1.99,2.02,1.94,1.95
922,15.3667,2.0,22.588,0.002,0.5029,0.12,-1.59,-0.02,2.126,0.0,0.0,-0.0,0.0,0.0,0.0,2.07,2.22,2.18,2.04
923,15.3833,2.0,22.592,0.002,0.5029,0.12,-1.65,-0.02,2.008,0.0,0.0,-0.0,0.0,0.0,0.0,1.98,2.03,1.99,2.03
924,15.4,2.0,22.596,0.002,0.5028,0.14,-1.73,-0.02,2.015,0.0,0.0,-0.0,0.0,0.0,0.0,2.0,2.03,2.01,2.02
925,15.4167,2.0,22.601,0.001,0.5026,0.15,-1.81,-0.02,1.732,0.0,0.0,-0.0,0.0,0.0,0.0,1.73,1.79,1.79,1.61
926,15.4333,2.0,22.605,0.002,0.5028,0.08,-1.8,-0.02,1.669,0.0,0.0,-0.0,0.0,0.0,0.0,1.6,1.86,1.62,1.59
927,15.45,2.0,22.609,0.002,0.5032,0.1,-1.76,-0.02,1.813,0.0,0.0,-0.0,0.0,0.0,0.0,1.72,1.83,2.05,1.65
928,15.4667,2.0,22.614,0.002,0.5036,0.11,-1.73,-0.02,1.835,0.0,0.0,-0.0,0.0,0.0,0.0,1.82,1.87,1.87,1.79
929,15.4833,2.0,22.618,0.002,0.5038,0.11,-1.7,-0.02,1.894,0.0,0.0,-0.0,0.0,0.0,0.0,1.9,1.88,1.95,1.85
930,15.5,2.0,22.623,0.002,0.5038,0.12,-1.67,-0.02,1.994,0.0,0.0,-0.0,0.0,0.0,0.0,1.99,2.1,1.97,1.91
931,15.5167,2.0,22.628,0.002,0.5038,0.13,-1.64,-0.02,1.954,0.0,0.0,-0.0,0.0,0.0,0.0,2.0,1.94,1.95,1.93
932,15.5333,2.0,22.633,0.002,0.5035,0.14,-1.61,-0.02,2.01,0.0,0.0,-0.0,0.0,0.0,0.0,2.07,2.12,1.97,1.87
933,15.55,2.0,22.638,0.002,0.5031,0.15,-1.57,-0.02,2.069,0.0,0.0,-0.0,0.0,0.0,0.0,1.95,2.34,1.94,2.05
934,15.5667,2.0,22.643,0.002,0.5025,0.14,-1.56,-0.02,2.204,0.0,0.0,-0.0,0.0,0.0,0.0,2.54,2.17,2.66,1.44
935,15.5833,2.0,22.647,0.002,0.5027,0.09,-1.59,-0.02,1.979,0.0,0.0,-0.0,0.0,0.0,0.0,1.99,2.01,1.96,1.95
936,15.6,2.0,22.652,0.002,0.5026,0.09,-1.66,-0.02,2.025,0.0,0.0,-0.0,0.0,0.0,0.0,1.98,2.05,2.05,2.01
937,15.6167,2.0,22.656,0.002,0.5024,0.1,-1.74,-0.02,2.06,0.0,0.0,-0.0,0.0,0.0,0.0,2.14,2.03,2.03,2.04
938,15.6333,2.0,22.66,0.002,0.5024,0.13,-1.78,-0.02,1.483,0.0,0.0,-0.0,0.0,0.0,0.0,1.43,1.7,1.41,1.39
939,15.65,2.0,22.665,0.002,0.5027,0.14,-1.76,-0.02,1.723,0.0,0.0,-0.0,0.0,0.0,0.0,1.76,1.66,1.7,1.78
940,15.6667,2.0,22.669,0.002,0.503,0.13,-1.71,-0.02,1.851,0.0,0.0,-0.0,0.0,0.0,0.0,1.84,1.9,1.87,1.8
941,15.6833,2.0,22.674,0.002,0.5032,0.12,-1.68,-0.02,2.057,0.0,0.0,-0.0,0.0,0.0,0.0,1.91,2.54,1.93,1.85
942,15.7,2.0,22.679,0.002,0.5037,0.09,-1.61,-0.02,1.756,0.0,0.0,-0.0,0.0,0.0,0.0,1.55,1.77,1.94,1.77
943,15.7167,2.0,22.683,0.002,0.5045,0.08,-1.51,-0.02,1.673,0.0,0.0,-0.0,0.0,0.0,0.0,1.52,1.68,1.91,1.58
944,15.7333,2.0,22.687,0.002,0.5051,0.07,-1.4,-0.02,1.766,0.0,0.0,-0.0,0.0,0.0,0.0,1.68,1.82,1.67,1.89
945,15.75,2.0,22.692,0.002,0.5058,0.08,-1.3,-0.02,1.799,0.0,0.0,-0.0,0.0,0.0,0.0,1.85,1.89,1.72,1.73
946,15.7667,2.0,22.697,0.002,0.5064,0.08,-1.2,-0.02,1.832,0.0,0.0,-0.0,0.0,0.0,0.0,1.78,1.88,1.79,1.87
947,15.7833,2.0,22.702,0.002,0.5068,0.08,-1.09,-0.02,1.877,0.0,0.0,-0.0,0.0,0.0,0.0,1.86,1.93,1.79,1.93
948,15.8,2.0,22.707,0.002,0.5075,0.05,-1.03,-0.02,2.025,0.0,0.0,-0.0,0.0,0.0,0.0,2.05,2.05,1.92,2.07
949,15.8167,2.0,22.712,0.002,0.5081,0.08,-1.01,-0.02,1.885,0.0,0.0,-0.0,0.0,0.0,0.0,1.81,2.01,1.85,1.88
950,15.8333,2.0,22.717,0.002,0.5088,0.08,-1.0,-0.02,1.936,0.0,0.0,-0.0,0.0,0.0,0.0,1.92,1.87,2.08,1.87
951,15.85,2.0,22.721,0.002,0.5092,0.1,-0.97,-0.02,1.864,0.0,0.0,-0.0,0.0,0.0,0.0,1.82,1.86,1.97,1.8
952,15.8667,2.0,22.726,0.002,0.5096,0.12,-0.94,-0.02,1.865,0.0,0.0,-0.0,0.0,0.0,0.0,1.86,1.89,1.89,1.82
953,15.8833,2.0,22.73,0.002,0.5099,0.13,-0.91,-0.02,1.855,0.0,0.0,-0.0,0.0,0.0,0.0,1.87,1.89,1.84,1.82
954,15.9,2.0,22.735,0.002,0.51,0.13,-0.88,-0.02,1.937,0.0,0.0,-0.0,0.0,0.0,0.0,1.99,1.89,2.0,1.88
955,15.9167,2.0,22.74,0.002,0.51,0.14,-0.85,-0.02,1.576,0.0,0.0,-0.0,0.0,0.0,0.0,0.56,2.0,1.85,1.89
956,15.9333,2.0,22.745,0.002,0.5098,0.15,-0.81,-0.02,1.948,0.0,0.0,-0.0,0.0,0.0,0.0,2.07,1.76,2.0,1.97
957,15.95,2.0,22.75,0.002,0.5095,0.15,-0.78,-0.02,1.998,0.0,0.0,-0.0,0.0,0.0,0.0,2.05,1.98,1.97,1.99
958,15.9667,2.0,22.755,0.002,0.509,0.16,-0.74,-0.02,2.051,0.0,0.0,-0.0,0.0,0.0,0.0,2.04,2.08,1.98,2.11
959,15.9833,2.0,22.76,0.002,0.5091,0.11,-0.77,-0.02,2.029,0.0,0.0,-0.0,0.0,0.0,0.0,2.0,2.07,2.03,2.02
960,16.0,2.0,22.765,0.002,0.5091,0.11,-0.84,-0.02,2.113,0.0,0.0,-0.0,0.0,0.0,0.0,2.05,2.19,2.11,2.1
961,16.0167,2.0,22.769,0.002,0.5089,0.12,-0.92,-0.02,1.988,0.0,0.0,-0.0,0.0,0.0,0.0,1.98,2.0,2.02,1.95
962,16.0333,2.0,22.773,0.002,0.5087,0.14,-1.0,-0.02,1.82,0.0,0.0,-0.0,0.0,0.0,0.0,1.76,1.88,1.83,1.82
963,16.05,2.0,22.777,0.001,0.5092,0.18,-0.99,-0.02,1.916,0.0,0.0,-0.0,0.0,0.0,0.0,1.97,1.73,2.28,1.7
964,16.0667,2.0,22.782,0.001,0.5095,0.18,-0.94,-0.02,1.779,0.0,0.0,-0.0,0.0,0.0,0.0,1.9,1.71,1.77,1.74
965,16.0833,2.0,22.786,0.001,0.5097,0.18,-0.89,-0.02,2.409,0.0,0.0,-0.0,0.0,0.0,0.0,2.01,1.75,4.14,1.74
966,16.1,2.0,22.791,0.002,0.5098,0.16,-0.87,-0.02,1.915,0.0,0.0,-0.0,0.0,0.0,0.0,1.89,1.99,1.99,1.79
967,16.1167,2.0,22.796,0.002,0.5098,0.16,-0.83,-0.01,2.055,0.0,0.0,-0.0,0.0,0.0,0.0,1.9,2.52,1.93,1.86
968,16.1333,2.0,22.8,0.002,0.5107,0.18,-0.91,-0.01,2.03,0.0,0.0,-0.0,0.0,0.0,0.0,2.22,2.05,2.0,1.84
969,16.15,2.0,22.803,0.002,0.5115,0.17,-1.02,-0.01,1.953,0.0,0.0,-0.0,0.0,0.0,0.0,2.02,1.98,1.99,1.82
970,16.1667,2.0,22.807,0.002,0.5121,0.14,-1.14,-0.01,1.935,0.0,0.0,-0.0,0.0,0.0,0.0,1.92,2.26,1.87,1.7
971,16.1833,2.0,22.81,0.002,0.5127,0.14,-1.24,-0.01,1.747,0.0,0.0,-0.0,0.0,0.0,0.0,1.99,2.01,2.04,0.95
972,16.2,2.0,22.814,0.002,0.5131,0.14,-1.34,-0.01,1.916,0.0,0.0,-0.0,0.0,0.0,0.0,1.97,1.85,1.98,1.87
973,16.2167,2.0,22.818,0.002,0.5134,0.14,-1.44,-0.01,1.943,0.0,0.0,-0.0,0.0,0.0,0.0,2.01,1.91,1.94,1.9
974,16.2333,2.0,22.821,0.002,0.5136,0.15,-1.55,-0.01,1.981,0.0,0.0,-0.0,0.0,0.0,0.0,1.98,2.02,1.99,1.94
975,16.25,2.0,22.825,0.002,0.5137,0.15,-1.65,-0.01,1.916,0.0,0.0,-0.0,0.0,0.0,0.0,1.98,1.95,2.02,1.71
976,16.2667,2.0,22.829,0.002,0.5143,0.12,-1.68,-0.01,1.715,0.0,0.0,-0.0,0.0,0.0,0.0,1.65,1.71,2.03,1.46
977,16.2833,2.0,22.833,0.002,0.5149,0.12,-1.68,-0.01,1.791,0.0,0.0,-0.0,0.0,0.0,0.0,1.75,1.72,2.0,1.69
978,16.3,2.0,22.837,0.002,0.5154,0.13,-1.67,-0.01,1.875,0.0,0.0,-0.0,0.0,0.0,0.0,1.84,1.9,2.01,1.75
979,16.3167,2.0,22.842,0.002,0.5158,0.13,-1.67,-0.01,1.911,0.0,0.0,-0.0,0.0,0.0,0.0,1.87,1.98,1.99,1.81
980,16.3333,2.0,22.846,0.002,0.5161,0.14,-1.66,-0.02,1.93,0.0,0.0,-0.0,0.0,0.0,0.0,1.89,1.97,1.99,1.87
981,16.35,2.0,22.851,0.002,0.5162,0.15,-1.66,-0.02,1.748,0.0,0.0,-0.0,0.0,0.0,0.0,1.91,1.93,1.97,1.18
982,16.3667,2.0,22.855,0.002,0.5162,0.15,-1.65,-0.02,1.966,0.0,0.0,-0.0,0.0,0.0,0.0,1.93,1.96,2.01,1.95
983,16.3833,2.0,22.86,0.002,0.516,0.16,-1.65,-0.02,1.871,0.0,0.0,-0.0,0.0,0.0,0.0,1.99,2.23,1.86,1.4
984,16.4,2.0,22.865,0.002,0.516,0.16,-1.69,-0.03,1.761,0.0,0.0,-0.0,0.0,0.0,0.0,2.05,1.37,1.71,1.91
985,16.4167,2.0,22.869,0.002,0.5161,0.15,-1.75,-0.03,1.998,0.0,0.0,-0.0,0.0,0.0,0.0,2.02,1.91,1.97,2.09
986,16.4333,2.0,22.873,0.002,0.5161,0.14,-1.81,-0.03,1.976,0.0,0.0,-0.0,0.0,0.0,0.0,1.95,1.98,1.96,2.02
987,16.45,2.0,22.878,0.002,0.5159,0.15,-1.87,-0.03,1.676,0.0,0.0,-0.0,0.0,0.0,0.0,1.48,1.8,1.89,1.54
988,16.4667,2.0,22.882,0.001,0.5161,0.27,-1.89,-0.02,1.971,0.0,0.0,-0.0,0.0,0.0,0.0,2.01,1.94,1.91,2.02
989,16.4833,2.0,22.886,0.001,0.5163,0.28,-1.88,-0.02,1.67,0.0,0.0,-0.0,0.0,0.0,0.0,2.02,1.59,1.41,1.66
990,16.5,2.0,22.891,0.001,0.5164,0.25,-1.81,-0.02,1.857,0.0,0.0,-0.0,0.0,0.0,0.0,1.92,1.83,1.84,1.84
991,16.5167,2.0,22.896,0.001,0.5164,0.23,-1.76,-0.02,1.862,0.0,0.0,-0.0,0.0,0.0,0.0,1.74,1.57,1.78,2.36
992,16.5333,2.0,22.9,0.001,0.5166,0.2,-1.74,-0.02,1.992,0.0,0.0,-0.0,0.0,0.0,0.0,1.92,2.12,1.99,1.94
993,16.55,2.0,22.905,0.002,0.5166,0.17,-1.73,-0.02,1.983,0.0,0.0,-0.0,0.0,0.0,0.0,1.93,1.96,2.08,1.96
994,16.5667,2.0,22.91,0.002,0.5164,0.16,-1.7,-0.02,1.655,0.0,0.0,-0.0,0.0,0.0,0.0,1.87,1.9,1.98,0.87
995,16.5833,2.0,22.915,0.002,0.5161,0.16,-1.66,-0.02,2.021,0.0,0.0,-0.0,0.0,0.0,0.0,1.97,1.9,2.03,2.18
996,16.6,2.0,22.92,0.002,0.5163,0.16,-1.72,-0.02,2.011,0.0,0.0,-0.0,0.0,0.0,0.0,1.97,2.13,1.98,1.97
997,16.6167,2.0,22.924,0.002,0.5163,0.17,-1.77,-0.03,1.983,0.0,0.0,-0.0,0.0,0.0,0.0,1.96,1.98,2.0,1.99
998,16.6333,2.0,22.928,0.002,0.5162,0.16,-1.83,-0.03,1.963,0.0,0.0,-0.0,0.0,0.0,0.0,1.94,1.97,1.97,1.97
999,16.65,2.0,22.933,0.002,0.5161,0.18,-1.87,-0.02,1.597,0.0,0.0,-0.0,0.0,0.0,0.0,1.3,2.26,1.57,1.26
1000,16.6667,2.0,22.937,0.001,0.5165,0.2,-1.85,-0.02,2.061,0.0,0.0,-0.0,0.0,0.0,0.0,2.12,1.72,2.39,2.02
1001,16.6833,2.0,22.941,0.001,0.5167,0.23,-1.84,-0.02,1.915,0.0,0.0,-0.0,0.0,0.0,0.0,1.95,1.85,1.87,2.0
1002,16.7,2.0,22.946,0.001,0.5167,0.21,-1.79,-0.01,1.788,0.0,0.0,-0.0,0.0,0.0,0.0,1.89,1.85,1.65,1.76
1003,16.7167,2.0,22.951,0.002,0.5166,0.19,-1.73,-0.02,1.857,0.0,0.0,-0.0,0.0,0.0,0.0,1.79,1.15,2.71,1.78
1004,16.7333,2.0,22.956,0.002,0.5167,0.19,-1.71,-0.01,1.967,0.0,0.0,-0.0,0.0,0.0,0.0,1.95,1.97,1.99,1.95
1005,16.75,2.0,22.96,0.002,0.5167,0.17,-1.7,-0.01,2.006,0.0,0.0,-0.0,0.0,0.0,0.0,1.96,2.14,1.97,1.95
1006,16.7667,2.0,22.965,0.002,0.5165,0.13,-1.7,-0.02,1.985,0.0,0.0,-0.0,0.0,0.0,0.0,1.98,2.02,1.94,2.0
1007,16.7833,2.0,22.97,0.002,0.5161,0.14,-1.66,-0.02,2.235,0.0,0.0,-0.0,0.0,0.0,0.0,1.84,1.35,1.99,3.75
1008,16.8,2.0,22.975,0.002,0.5162,0.14,-1.7,-0.01,2.062,0.0,0.0,-0.0,0.0,0.0,0.0,1.98,2.09,2.07,2.1
1009,16.8167,2.0,22.979,0.002,0.5163,0.16,-1.75,-0.02,1.747,0.0,0.0,-0.0,0.0,0.0,0.0,1.94,2.01,2.04,1.0
1010,16.8333,2.0,22.983,0.002,0.5162,0.15,-1.81,-0.02,1.963,0.0,0.0,-0.0,0.0,0.0,0.0,1.97,1.99,1.88,2.02
1011,16.85,2.0,22.988,0.002,0.5161,0.14,-1.87,-0.03,1.977,0.0,0.0,-0.0,0.0,0.0,0.0,1.98,1.96,1.99,1.98
1012,16.8667,2.0,22.992,0.002,0.5162,0.19,-1.87,-0.03,1.819,0.0,0.0,-0.0,0.0,0.0,0.0,1.99,1.75,1.82,1.72
1013,16.8833,2.0,22.997,0.001,0.5165,0.22,-1.86,-0.02,2.32,0.0,0.0,-0.0,0.0,0.0,0.0,2.12,1.74,3.61,1.8
1014,16.9,2.0,23.001,0.001,0.5167,0.23,-1.83,-0.03,1.782,0.0,0.0,-0.0,0.0,0.0,0.0,1.93,1.71,1.71,1.79
1015,16.9167,2.0,23.006,0.002,0.5166,0.19,-1.76,-0.02,2.431,0.0,0.0,-0.0,0.0,0.0,0.0,1.95,1.91,3.72,2.14
1016,16.9333,2.0,23.011,0.002,0.5167,0.19,-1.73,-0.02,2.002,0.0,0.0,-0.0,0.0,0.0,0.0,1.96,2.08,2.08,1.89
1017,16.95,2.0,23.015,0.002,0.5167,0.15,-1.73,-0.02,1.971,0.0,0.0,-0.0,0.0,0.0,0.0,1.97,1.97,2.0,1.94
1018,16.9667,2.0,23.02,0.002,0.5166,0.13,-1.72,-0.03,2.019,0.0,0.0,-0.0,0.0,0.0,0.0,1.95,2.18,2.02,1.92
1019,16.9833,2.0,23.025,0.002,0.5163,0.13,-1.68,-0.03,1.655,0.0,0.0,-0.0,0.0,0.0,0.0,1.89,1.07,2.0,1.66
1020,17.0,2.0,23.03,0.002,0.5161,0.13,-1.67,-0.03,2.189,0.0,0.0,-0.0,0.0,0.0,0.0,1.95,2.41,2.25,2.15
1021,17.0167,2.0,23.034,0.002,0.5163,0.13,-1.72,-0.03,1.979,0.0,0.0,-0.0,0.0,0.0,0.0,1.96,2.0,1.96,2.0
1022,17.0333,2.0,23.039,0.002,0.5163,0.15,-1.79,-0.03,2.119,0.0,0.0,-0.0,0.0,0.0,0.0,2.01,2.29,1.99,2.18
1023,17.05,2.0,23.043,0.002,0.5161,0.16,-1.85,-0.03,2.06,0.0,0.0,-0.0,0.0,0.0,0.0,1.93,1.93,2.0,2.38
1024,17.0667,2.0,23.048,0.002,0.5158,0.17,-1.9,-0.03,2.027,0.0,0.0,-0.0,0.0,0.0,0.0,1.98,2.0,2.04,2.09
1025,17.0833,2.0,23.052,0.002,0.516,0.11,-1.91,-0.03,1.891,0.0,0.0,-0.0,0.0,0.0,0.0,1.8,1.97,2.03,1.76
1026,17.1,2.0,23.056,0.002,0.5163,0.1,-1.88,-0.03,1.786,0.0,0.0,-0.0,0.0,0.0,0.0,1.75,1.74,1.94,1.71
1027,17.1167,2.0,23.061,0.002,0.5166,0.11,-1.84,-0.03,1.856,0.0,0.0,-0.0,0.0,0.0,0.0,1.84,1.85,1.98,1.76
1028,17.1333,2.0,23.065,0.002,0.5168,0.12,-1.8,-0.03,1.909,0.0,0.0,-0.0,0.0,0.0,0.0,1.9,1.9,1.99,1.84
1029,17.15,2.0,23.07,0.002,0.5168,0.13,-1.76,-0.02,1.994,0.0,0.0,-0.0,0.0,0.0,0.0,1.99,2.13,1.99,1.87
1030,17.1667,2.0,23.075,0.002,0.5167,0.14,-1.72,-0.02,1.994,0.0,0.0,-0.0,0.0,0.0,0.0,2.37,1.69,2.23,1.68
1031,17.1833,2.0,23.08,0.002,0.5164,0.15,-1.67,-0.03,1.989,0.0,0.0,-0.0,0.0,0.0,0.0,2.0,2.03,1.98,1.95
1032,17.2,2.0,23.085,0.002,0.5159,0.16,-1.63,-0.03,1.712,0.0,0.0,-0.0,0.0,0.0,0.0,2.02,1.09,1.96,1.77
1033,17.2167,2.0,23.09,0.002,0.516,0.12,-1.66,-0.03,2.111,0.0,0.0,-0.0,0.0,0.0,0.0,2.0,2.48,1.97,1.99
1034,17.2333,2.0,23.094,0.002,0.516,0.09,-1.69,-0.04,2.161,0.0,0.0,-0.0,0.0,0.0,0.0,2.28,2.08,2.1,2.18
1035,17.25,2.0,23.099,0.002,0.5159,0.13,-1.77,-0.03,2.038,0.0,0.0,-0.0,0.0,0.0,0.0,1.99,2.07,2.04,2.05
1036,17.2667,2.0,23.103,0.002,0.5156,0.14,-1.84,-0.03,2.01,0.0,0.0,-0.0,0.0,0.0,0.0,2.03,2.01,2.0,1.99
1037,17.2833,2.0,23.108,0.002,0.5152,0.16,-1.9,-0.03,1.6,0.0,0.0,-0.0,0.0,0.0,0.0,1.57,1.67,1.63,1.53
1038,17.3,2.0,23.112,0.002,0.5156,0.17,-1.85,-0.03,1.727,0.0,0.0,-0.0,0.0,0.0,0.0,1.77,1.77,1.67,1.69
1039,17.3167,2.0,23.117,0.002,0.516,0.17,-1.83,-0.03,1.907,0.0,0.0,-0.0,0.0,0.0,0.0,1.87,2.0,1.87,1.88
1040,17.3333,2.0,23.121,0.002,0.5163,0.15,-1.81,-0.03,1.889,0.0,0.0,-0.0,0.0,0.0,0.0,1.9,1.89,1.95,1.82
1041,17.35,2.0,23.126,0.002,0.5164,0.15,-1.78,-0.03,1.704,0.0,0.0,-0.0,0.0,0.0,0.0,1.76,1.33,1.87,1.85
1042,17.3667,2.0,23.131,0.002,0.5165,0.15,-1.76,-0.03,1.924,0.0,0.0,-0.0,0.0,0.0,0.0,1.98,1.94,1.89,1.9
1043,17.3833,2.0,23.135,0.002,0.5165,0.15,-1.74,-0.03,2.001,0.0,0.0,-0.0,0.0,0.0,0.0,2.0,2.14,1.94,1.92
1044,17.4,2.0,23.14,0.002,0.5163,0.16,-1.72,-0.03,2.082,0.0,0.0,-0.0,0.0,0.0,0.0,2.04,2.1,1.92,2.26
1045,17.4167,2.0,23.145,0.002,0.5163,0.16,-1.74,-0.03,2.009,0.0,0.0,-0.0,0.0,0.0,0.0,1.98,2.03,2.01,2.02
1046,17.4333,2.0,23.15,0.002,0.5163,0.11,-1.75,-0.03,1.881,0.0,0.0,-0.0,0.0,0.0,0.0,1.98,1.82,1.91,1.81
1047,17.45,2.0,23.154,0.003,0.5163,0.07,-1.75,-0.03,1.98,0.0,0.0,-0.0,0.0,0.0,0.0,2.0,1.84,1.99,2.09
1048,17.4667,2.0,23.159,0.003,0.5166,0.06,-1.8,-0.03,1.957,0.0,0.0,-0.0,0.0,0.0,0.0,1.96,1.95,1.99,1.94
1049,17.4833,2.0,23.163,0.003,0.5167,0.02,-1.86,-0.03,2.022,0.0,0.0,-0.0,0.0,0.0,0.0,1.97,2.16,1.99,1.97
1050,17.5,2.0,23.167,0.003,0.5167,0.02,-1.89,-0.02,1.615,0.0,0.0,-0.0,0.0,0.0,0.0,1.15,1.7,2.03,1.58
1051,17.5167,2.0,23.172,0.002,0.5165,0.12,-1.85,-0.02,1.693,0.0,0.0,-0.0,0.0,0.0,0.0,1.58,2.15,1.66,1.38
1052,17.5333,2.0,23.177,0.002,0.5168,0.16,-1.78,-0.01,2.218,0.0,0.0,-0.0,0.0,0.0,0.0,4.06,1.55,1.99,1.28
1053,17.55,2.0,23.181,0.002,0.5174,0.23,-1.63,-0.02,1.753,0.0,0.0,-0.0,0.0,0.0,0.0,1.47,1.88,2.01,1.66
1054,17.5667,2.0,23.185,0.002,0.518,0.23,-1.51,-0.01,1.812,0.0,0.0,-0.0,0.0,0.0,0.0,1.6,1.97,1.98,1.69
1055,17.5833,2.0,23.19,0.002,0.5185,0.2,-1.42,-0.01,1.752,0.0,0.0,-0.0,0.0,0.0,0.0,1.64,1.77,2.0,1.6
1056,17.6,2.0,23.195,0.002,0.519,0.19,-1.3,-0.0,2.561,0.0,0.0,-0.0,0.0,0.0,0.0,4.66,1.84,1.73,2.01
1057,17.6167,2.0,23.199,0.002,0.5198,0.12,-1.21,-0.01,1.822,0.0,0.0,-0.0,0.0,0.0,0.0,1.92,1.77,1.61,1.99
1058,17.6333,2.0,23.204,0.003,0.5205,0.06,-1.12,-0.0,1.832,0.0,0.0,-0.0,0.0,0.0,0.0,1.82,1.8,1.71,2.0
1059,17.65,2.0,23.209,0.003,0.5212,0.09,-1.1,-0.0,2.034,0.0,0.0,-0.0,0.0,0.0,0.0,1.72,1.98,2.51,1.93
1060,17.6667,2.0,23.213,0.002,0.5217,0.12,-1.08,-0.0,1.901,0.0,0.0,-0.0,0.0,0.0,0.0,1.89,1.89,1.83,2.0
1061,17.6833,2.0,23.218,0.002,0.5221,0.15,-1.07,-0.0,2.114,0.0,0.0,-0.0,0.0,0.0,0.0,2.22,1.88,2.32,2.03
1062,17.7,2.0,23.222,0.002,0.5224,0.18,-1.04,-0.0,1.807,0.0,0.0,-0.0,0.0,0.0,0.0,1.85,1.97,1.74,1.67
1063,17.7167,2.0,23.227,0.002,0.5228,0.17,-1.0,0.0,1.86,0.0,0.0,-0.0,0.0,0.0,0.0,1.84,1.86,1.92,1.82
1064,17.7333,2.0,23.232,0.002,0.5231,0.17,-0.96,0.0,1.862,0.0,0.0,-0.0,0.0,0.0,0.0,1.96,1.88,1.79,1.81
1065,17.75,2.0,23.236,0.002,0.5233,0.17,-0.92,0.0,1.93,0.0,0.0,-0.0,0.0,0.0,0.0,1.98,1.92,1.93,1.89
1066,17.7667,2.0,23.241,0.002,0.5233,0.17,-0.88,0.0,2.485,0.0,0.0,-0.0,0.0,0.0,0.0,3.97,2.0,2.04,1.94
1067,17.7833,2.0,23.246,0.002,0.5232,0.17,-0.84,0.01,1.977,0.0,0.0,-0.0,0.0,0.0,0.0,1.97,1.94,2.0,2.0
1068,17.8,2.0,23.251,0.002,0.5229,0.16,-0.81,-0.0,1.942,0.0,0.0,-0.0,0.0,0.0,0.0,1.95,1.96,1.73,2.13
1069,17.8167,2.0,23.256,0.003,0.523,0.11,-0.82,-0.0,2.023,0.0,0.0,-0.0,0.0,0.0,0.0,1.99,2.13,2.01,1.97
1070,17.8333,2.0,23.261,0.003,0.5231,0.06,-0.82,-0.0,1.992,0.0,0.0,-0.0,0.0,0.0,0.0,1.98,2.02,1.96,2.01
1071,17.85,2.0,23.265,0.003,0.5231,0.05,-0.85,-0.0,2.104,0.0,0.0,-0.0,0.0,0.0,0.0,1.94,2.51,2.01,1.95
1072,17.8667,2.0,23.27,0.003,0.5229,0.09,-0.93,-0.0,2.104,0.0,0.0,-0.0,0.0,0.0,0.0,2.08,2.12,2.14,2.08
1073,17.8833,2.0,23.274,0.002,0.5225,0.16,-1.04,0.0,2.047,0.0,0.0,-0.0,0.0,0.0,0.0,1.97,2.06,2.09,2.07
1074,17.9,2.0,23.278,0.002,0.5225,0.13,-1.04,0.0,1.759,0.0,0.0,-0.0,0.0,0.0,0.0,1.63,1.84,1.95,1.62
1075,17.9167,2.0,23.283,0.003,0.5229,0.12,-1.02,0.0,1.976,0.0,0.0,-0.0,0.0,0.0,0.0,2.6,1.68,1.98,1.65
1076,17.9333,2.0,23.287,0.002,0.5232,0.13,-0.99,0.0,1.813,0.0,0.0,-0.0,0.0,0.0,0.0,1.74,1.81,1.97,1.74
1077,17.95,2.0,23.292,0.002,0.5234,0.14,-0.95,0.0,1.31,0.0,0.0,-0.0,0.0,0.0,0.0,-0.3,1.93,1.78,1.83
1078,17.9667,2.0,23.296,0.002,0.5238,0.16,-0.94,0.02,2.028,0.0,0.0,-0.0,0.0,0.0,0.0,2.14,2.04,2.04,1.89
1079,17.9833,2.0,23.3,0.002,0.5247,0.17,-1.04,0.02,1.961,0.0,0.0,-0.0,0.0,0.0,0.0,2.04,1.92,2.05,1.83
1080,18.0,2.0,23.303,0.002,0.5255,0.16,-1.15,0.02,1.944,0.0,0.0,-0.0,0.0,0.0,0.0,1.98,2.16,1.96,1.68
1081,18.0167,2.0,23.307,0.002,0.5261,0.17,-1.24,0.01,1.956,0.0,0.0,-0.0,0.0,0.0,0.0,1.93,2.06,2.08,1.75
1082,18.0333,2.0,23.311,0.002,0.5267,0.18,-1.33,0.01,1.887,0.0,0.0,-0.0,0.0,0.0,0.0,1.96,1.7,2.08,1.8
1083,18.05,2.0,23.314,0.002,0.5271,0.19,-1.42,0.01,1.846,0.0,0.0,-0.0,0.0,0.0,0.0,2.12,1.88,2.13,1.25
1084,18.0667,2.0,23.318,0.002,0.5275,0.18,-1.52,0.01,1.952,0.0,0.0,-0.0,0.0,0.0,0.0,1.93,1.9,2.06,1.92
1085,18.0833,2.0,23.322,0.002,0.5277,0.18,-1.62,0.01,1.995,0.0,0.0,-0.0,0.0,0.0,0.0,1.92,2.03,2.09,1.94
1086,18.1,2.0,23.326,0.002,0.5278,0.18,-1.71,0.0,1.988,0.0,0.0,-0.0,0.0,0.0,0.0,1.98,1.95,2.06,1.96
1087,18.1167,2.0,23.33,0.002,0.5278,0.28,-1.74,0.01,2.532,0.0,0.0,-0.0,0.0,0.0,0.0,3.48,2.1,1.7,2.85
1088,18.1333,2.0,23.334,0.002,0.5284,0.28,-1.73,0.0,1.747,0.0,0.0,-0.0,0.0,0.0,0.0,1.9,1.65,1.69,1.75
1089,18.15,2.0,23.338,0.002,0.5289,0.25,-1.73,0.0,1.928,0.0,0.0,-0.0,0.0,0.0,0.0,1.94,1.78,2.2,1.8
1090,18.1667,2.0,23.342,0.002,0.5294,0.22,-1.74,0.0,1.858,0.0,0.0,-0.0,0.0,0.0,0.0,1.85,1.86,1.92,1.8
1091,18.1833,2.0,23.347,0.002,0.5297,0.21,-1.75,0.0,1.937,0.0,0.0,-0.0,0.0,0.0,0.0,1.94,1.92,1.96,1.93
1092,18.2,2.0,23.351,0.002,0.5299,0.17,-1.76,0.0,1.889,0.0,0.0,-0.0,0.0,0.0,0.0,1.88,1.82,1.95,1.9
1093,18.2167,2.0,23.356,0.002,0.5299,0.17,-1.75,0.0,1.735,0.0,0.0,-0.0,0.0,0.0,0.0,1.99,2.05,1.97,0.93
1094,18.2333,2.0,23.361,0.003,0.5302,0.15,-1.77,0.0,1.956,0.0,0.0,-0.0,0.0,0.0,0.0,1.96,1.95,1.97,1.94
1095,18.25,2.0,23.365,0.003,0.5303,0.14,-1.8,0.0,2.036,0.0,0.0,-0.0,0.0,0.0,0.0,2.1,2.01,2.05,1.99
1096,18.2667,2.0,23.37,0.002,0.5303,0.17,-1.87,0.0,2.008,0.0,0.0,-0.0,0.0,0.0,0.0,1.94,2.02,2.03,2.04
1097,18.2833,2.0,23.374,0.002,0.5301,0.19,-1.92,0.01,1.911,0.0,0.0,-0.0,0.0,0.0,0.0,1.95,1.96,2.01,1.73
1098,18.3,2.0,23.379,0.002,0.5298,0.19,-1.96,0.01,1.901,0.0,0.0,-0.0,0.0,0.0,0.0,1.85,1.84,2.0,1.91
1099,18.3167,2.0,23.383,0.002,0.53,0.22,-1.93,0.01,1.913,0.0,0.0,-0.0,0.0,0.0,0.0,2.03,1.81,1.9,1.91
1100,18.3333,2.0,23.388,0.002,0.5302,0.25,-1.9,0.01,1.571,0.0,0.0,-0.0,0.0,0.0,0.0,1.68,1.75,1.82,1.03
1101,18.35,2.0,23.393,0.002,0.5301,0.23,-1.83,0.01,1.777,0.0,0.0,-0.0,0.0,0.0,0.0,1.65,1.8,1.87,1.78
1102,18.3667,2.0,23.398,0.002,0.5303,0.23,-1.79,0.01,1.96,0.0,0.0,-0.0,0.0,0.0,0.0,1.95,1.98,2.0,1.91
1103,18.3833,2.0,23.402,0.002,0.5304,0.22,-1.77,0.01,1.987,0.0,0.0,-0.0,0.0,0.0,0.0,1.97,2.07,1.98,1.93
1104,18.4,2.0,23.407,0.002,0.5304,0.19,-1.76,0.01,2.031,0.0,0.0,-0.0,0.0,0.0,0.0,2.01,2.19,1.98,1.94
1105,18.4167,2.0,23.412,0.003,0.5301,0.15,-1.77,0.0,2.035,0.0,0.0,-0.0,0.0,0.0,0.0,2.05,2.11,1.99,1.99
1106,18.4333,2.0,23.417,0.003,0.53,0.13,-1.75,0.01,2.083,0.0,0.0,-0.0,0.0,0.0,0.0,2.12,2.26,2.17,1.78
1107,18.45,2.0,23.421,0.003,0.5302,0.13,-1.79,-0.0,1.844,0.0,0.0,-0.0,0.0,0.0,0.0,1.96,1.75,1.87,1.8
1108,18.4667,2.0,23.426,0.003,0.5302,0.15,-1.85,-0.0,1.993,0.0,0.0,-0.0,0.0,0.0,0.0,1.97,1.99,1.99,2.02
1109,18.4833,2.0,23.43,0.003,0.53,0.16,-1.9,-0.0,1.953,0.0,0.0,-0.0,0.0,0.0,0.0,1.83,2.02,1.97,2.0
1110,18.5,2.0,23.435,0.003,0.5298,0.16,-1.95,-0.0,1.989,0.0,0.0,-0.0,0.0,0.0,0.0,1.99,1.97,1.97,2.03
1111,18.5167,2.0,23.439,0.002,0.5299,0.2,-1.95,-0.0,1.843,0.0,0.0,-0.0,0.0,0.0,0.0,1.92,1.68,1.8,1.98
1112,18.5333,2.0,23.444,0.002,0.5301,0.24,-1.93,-0.0,2.105,0.0,0.0,-0.0,0.0,0.0,0.0,2.13,1.84,2.5,1.94
1113,18.55,2.0,23.448,0.002,0.5301,0.23,-1.87,0.0,1.756,0.0,0.0,-0.0,0.0,0.0,0.0,1.77,1.72,1.8,1.74
1114,18.5667,2.0,23.453,0.002,0.5302,0.23,-1.82,0.0,1.857,0.0,0.0,-0.0,0.0,0.0,0.0,1.79,1.56,1.97,2.1
1115,18.5833,2.0,23.458,0.002,0.5304,0.2,-1.81,0.0,1.966,0.0,0.0,-0.0,0.0,0.0,0.0,1.95,1.99,1.97,1.95
1116,18.6,2.0,23.463,0.003,0.5304,0.17,-1.81,0.0,1.986,0.0,0.0,-0.0,0.0,0.0,0.0,1.91,2.23,1.96,1.85
1117,18.6167,2.0,23.467,0.003,0.5303,0.14,-1.79,-0.0,2.0,0.0,0.0,-0.0,0.0,0.0,0.0,1.95,2.13,1.98,1.94
1118,18.6333,2.0,23.472,0.003,0.53,0.14,-1.77,-0.0,2.573,0.0,0.0,-0.0,0.0,0.0,0.0,3.53,2.23,2.01,2.52
1119,18.65,2.0,23.477,0.003,0.5303,0.11,-1.77,-0.0,1.955,0.0,0.0,-0.0,0.0,0.0,0.0,1.98,1.94,1.87,2.03
1120,18.6667,2.0,23.481,0.003,0.5303,0.11,-1.8,-0.01,1.986,0.0,0.0,-0.0,0.0,0.0,0.0,2.0,1.98,1.95,2.01
1121,18.6833,2.0,23.486,0.003,0.5302,0.12,-1.85,-0.0,2.124,0.0,0.0,-0.0,0.0,0.0,0.0,2.0,2.54,2.0,1.95
1122,18.7,2.0,23.49,0.003,0.5299,0.16,-1.91,-0.0,2.016,0.0,0.0,-0.0,0.0,0.0,0.0,1.96,2.02,2.08,2.01
1123,18.7167,2.0,23.495,0.003,0.5295,0.18,-1.97,-0.0,1.984,0.0,0.0,-0.0,0.0,0.0,0.0,1.98,2.05,1.85,2.06
1124,18.7333,2.0,23.499,0.003,0.5297,0.14,-1.97,-0.0,1.9,0.0,0.0,-0.0,0.0,0.0,0.0,1.77,1.96,2.05,1.82
1125,18.75,2.0,23.503,0.003,0.5301,0.11,-1.96,0.0,1.746,0.0,0.0,-0.0,0.0,0.0,0.0,1.73,1.76,1.89,1.61
1126,18.7667,2.0,23.508,0.003,0.5304,0.12,-1.92,0.0,1.835,0.0,0.0,-0.0,0.0,0.0,0.0,1.78,1.83,2.01,1.72
1127,18.7833,2.0,23.512,0.003,0.5305,0.13,-1.88,0.0,1.975,0.0,0.0,-0.0,0.0,0.0,0.0,1.85,2.26,1.99,1.8
1128,18.8,2.0,23.517,0.003,0.5305,0.14,-1.84,0.0,2.043,0.0,0.0,-0.0,0.0,0.0,0.0,1.98,2.33,1.99,1.87
1129,18.8167,2.0,23.522,0.003,0.5304,0.16,-1.79,0.0,2.11,0.0,0.0,-0.0,0.0,0.0,0.0,2.39,2.13,1.99,1.93
1130,18.8333,2.0,23.527,0.003,0.5301,0.17,-1.75,0.0,1.864,0.0,0.0,-0.0,0.0,0.0,0.0,2.01,1.92,1.99,1.54
1131,18.85,2.0,23.532,0.003,0.5302,0.14,-1.75,0.0,2.008,0.0,0.0,-0.0,0.0,0.0,0.0,2.0,2.05,1.99,1.99
1132,18.8667,2.0,23.537,0.003,0.5302,0.09,-1.76,-0.0,1.681,0.0,0.0,-0.0,0.0,0.0,0.0,1.96,0.82,1.94,2.01
1133,18.8833,2.0,23.541,0.004,0.5301,0.06,-1.77,-0.0,2.124,0.0,0.0,-0.0,0.0,0.0,0.0,2.22,2.14,2.1,2.03
1134,18.9,2.0,23.546,0.003,0.5299,0.1,-1.85,-0.0,2.074,0.0,0.0,-0.0,0.0,0.0,0.0,2.09,2.16,2.08,1.97
1135,18.9167,2.0,23.55,0.003,0.5295,0.15,-1.93,-0.0,2.027,0.0,0.0,-0.0,0.0,0.0,0.0,1.99,2.08,2.05,1.99
1136,18.9333,2.0,23.555,0.003,0.529,0.16,-1.97,-0.01,1.534,0.0,0.0,-0.0,0.0,0.0,0.0,1.29,1.86,1.18,1.8
1137,18.95,2.0,23.559,0.003,0.5294,0.16,-1.94,-0.0,1.842,0.0,0.0,-0.0,0.0,0.0,0.0,1.97,1.83,1.96,1.61
1138,18.9667,2.0,23.563,0.003,0.5297,0.15,-1.9,-0.0,1.45,0.0,0.0,-0.0,0.0,0.0,0.0,1.78,1.75,0.44,1.83
1139,18.9833,2.0,23.568,0.003,0.53,0.15,-1.87,-0.0,1.955,0.0,0.0,-0.0,0.0,0.0,0.0,2.05,1.74,1.85,2.18
1140,19.0,2.0,23.573,0.003,0.5301,0.14,-1.83,-0.0,1.998,0.0,0.0,-0.0,0.0,0.0,0.0,2.19,1.91,1.89,2.01
1141,19.0167,2.0,23.578,0.003,0.53,0.13,-1.8,-0.01,2.089,0.0,0.0,-0.0,0.0,0.0,0.0,2.3,1.97,1.92,2.17
1142,19.0333,2.0,23.583,0.003,0.5298,0.12,-1.77,-0.01,2.178,0.0,0.0,-0.0,0.0,0.0,0.0,2.16,2.08,2.55,1.93
1143,19.05,2.0,23.588,0.003,0.53,0.08,-1.78,-0.02,1.971,0.0,0.0,-0.0,0.0,0.0,0.0,2.0,1.99,1.89,2.0
1144,19.0667,2.0,23.592,0.004,0.5301,0.07,-1.8,-0.02,2.021,0.0,0.0,-0.0,0.0,0.0,0.0,2.05,1.8,1.91,2.33
1145,19.0833,2.0,23.597,0.003,0.53,0.09,-1.85,-0.02,1.851,0.0,0.0,-0.0,0.0,0.0,0.0,1.83,1.9,1.92,1.75
1146,19.1,2.0,23.601,0.004,0.5301,0.07,-1.86,-0.02,1.857,0.0,0.0,-0.0,0.0,0.0,0.0,1.76,2.01,1.85,1.81
1147,19.1167,2.0,23.606,0.004,0.5304,0.06,-1.89,-0.02,1.945,0.0,0.0,-0.0,0.0,0.0,0.0,1.95,2.0,1.95,1.88
1148,19.1333,2.0,23.61,0.004,0.5305,0.04,-1.94,-0.02,1.972,0.0,0.0,-0.0,0.0,0.0,0.0,1.98,2.0,1.97,1.93
1149,19.15,2.0,23.614,0.004,0.5304,0.03,-1.98,-0.01,1.966,0.0,0.0,-0.0,0.0,0.0,0.0,2.06,1.77,2.07,1.97
1150,19.1667,2.0,23.619,0.003,0.5303,0.13,-1.93,-0.01,1.749,0.0,0.0,-0.0,0.0,0.0,0.0,1.61,1.94,1.95,1.5
1151,19.1833,2.0,23.624,0.003,0.5305,0.16,-1.87,-0.01,1.906,0.0,0.0,-0.0,0.0,0.0,0.0,1.86,1.97,2.0,1.8
1152,19.2,2.0,23.628,0.003,0.5305,0.15,-1.85,-0.0,1.903,0.0,0.0,-0.0,0.0,0.0,0.0,1.88,1.88,2.0,1.84
1153,19.2167,2.0,23.633,0.003,0.5304,0.15,-1.8,-0.0,1.917,0.0,0.0,-0.0,0.0,0.0,0.0,1.94,1.85,2.0,1.87
1154,19.2333,2.0,23.638,0.003,0.5302,0.16,-1.76,-0.0,1.863,0.0,0.0,-0.0,0.0,0.0,0.0,2.03,1.46,2.01,1.95
1155,19.25,2.0,23.643,0.003,0.5303,0.13,-1.76,-0.0,2.074,0.0,0.0,-0.0,0.0,0.0,0.0,2.0,2.09,1.99,2.22
1156,19.2667,2.0,23.648,0.004,0.5303,0.09,-1.76,-0.01,1.847,0.0,0.0,-0.0,0.0,0.0,0.0,1.97,1.54,1.9,1.98
1157,19.2833,2.0,23.652,0.004,0.5302,0.07,-1.78,-0.01,2.142,0.0,0.0,-0.0,0.0,0.0,0.0,2.31,2.02,2.13,2.11
1158,19.3,2.0,23.657,0.003,0.53,0.13,-1.87,-0.01,2.031,0.0,0.0,-0.0,0.0,0.0,0.0,1.98,2.06,2.04,2.05
1159,19.3167,2.0,23.661,0.003,0.5297,0.16,-1.93,-0.01,1.934,0.0,0.0,-0.0,0.0,0.0,0.0,1.92,1.96,1.93,1.92
1160,19.3333,2.0,23.666,0.003,0.5294,0.16,-2.0,-0.01,1.778,0.0,0.0,-0.0,0.0,0.0,0.0,1.57,1.89,1.97,1.68
1161,19.35,2.0,23.67,0.003,0.5296,0.21,-1.95,-0.0,1.834,0.0,0.0,-0.0,0.0,0.0,0.0,1.86,1.75,2.02,1.72
1162,19.3667,2.0,23.674,0.003,0.5303,0.15,-1.91,-0.01,1.172,0.0,0.0,-0.0,0.0,0.0,0.0,1.42,-0.42,1.99,1.7
1163,19.3833,2.0,23.678,0.003,0.531,0.15,-1.81,-0.0,1.603,0.0,0.0,-0.0,0.0,0.0,0.0,1.27,1.56,2.01,1.58
1164,19.4,2.0,23.682,0.003,0.5317,0.15,-1.69,-0.0,1.679,0.0,0.0,-0.0,0.0,0.0,0.0,1.48,1.59,2.01,1.64
1165,19.4167,2.0,23.687,0.003,0.5323,0.15,-1.58,-0.0,1.74,0.0,0.0,-0.0,0.0,0.0,0.0,1.61,1.67,2.0,1.68
1166,19.4333,2.0,23.692,0.003,0.5329,0.15,-1.46,-0.0,1.715,0.0,0.0,-0.0,0.0,0.0,0.0,1.65,1.34,2.01,1.86
1167,19.45,2.0,23.696,0.003,0.5336,0.13,-1.37,-0.0,1.96,0.0,0.0,-0.0,0.0,0.0,0.0,2.02,1.97,1.75,2.1
1168,19.4667,2.0,23.701,0.003,0.5343,0.13,-1.31,0.0,1.903,0.0,0.0,-0.0,0.0,0.0,0.0,1.99,1.84,1.77,2.01
1169,19.4833,2.0,23.706,0.003,0.5349,0.13,-1.26,-0.0,1.895,0.0,0.0,-0.0,0.0,0.0,0.0,2.0,1.81,1.77,1.99
1170,19.5,2.0,23.71,0.003,0.5353,0.14,-1.21,0.0,2.198,0.0,0.0,-0.0,0.0,0.0,0.0,2.02,1.72,3.31,1.75
1171,19.5167,2.0,23.715,0.003,0.5356,0.13,-1.14,-0.01,1.906,0.0,0.0,-0.0,0.0,0.0,0.0,1.99,1.87,1.76,2.01
1172,19.5333,2.0,23.72,0.003,0.536,0.15,-1.11,-0.01,1.943,0.0,0.0,-0.0,0.0,0.0,0.0,1.95,1.83,1.87,2.13
1173,19.55,2.0,23.724,0.003,0.5364,0.14,-1.11,-0.01,1.874,0.0,0.0,-0.0,0.0,0.0,0.0,1.92,1.82,1.91,1.85
1174,19.5667,2.0,23.728,0.003,0.5369,0.13,-1.08,-0.0,1.793,0.0,0.0,-0.0,0.0,0.0,0.0,1.83,1.76,1.93,1.65
1175,19.5833,2.0,23.733,0.003,0.5373,0.14,-1.03,-0.0,1.849,0.0,0.0,-0.0,0.0,0.0,0.0,1.83,1.78,2.01,1.76
1176,19.6,2.0,23.738,0.003,0.5374,0.15,-0.99,-0.0,1.866,0.0,0.0,-0.0,0.0,0.0,0.0,1.82,1.85,2.0,1.8
1177,19.6167,2.0,23.742,0.003,0.5375,0.15,-0.94,-0.0,1.916,0.0,0.0,-0.0,0.0,0.0,0.0,1.93,1.87,2.0,1.87
1178,19.6333,2.0,23.747,0.003,0.5374,0.16,-0.9,-0.01,1.972,0.0,0.0,-0.0,0.0,0.0,0.0,1.88,1.92,2.15,1.94
1179,19.65,2.0,23.753,0.003,0.5372,0.16,-0.87,-0.0,2.502,0.0,0.0,-0.0,0.0,0.0,0.0,2.64,2.46,2.67,2.24
1180,19.6667,2.0,23.757,0.003,0.5375,0.18,-0.9,-0.01,1.995,0.0,0.0,-0.0,0.0,0.0,0.0,1.99,1.99,2.01,1.99
1181,19.6833,2.0,23.762,0.003,0.5375,0.19,-0.93,-0.01,1.971,0.0,0.0,-0.0,0.0,0.0,0.0,1.93,2.0,1.97,1.99
1182,19.7,2.0,23.766,0.003,0.5373,0.2,-0.96,-0.0,1.79,0.0,0.0,-0.0,0.0,0.0,0.0,2.0,1.96,0.97,2.23
1183,19.7167,2.0,23.771,0.003,0.537,0.19,-0.98,-0.0,2.012,0.0,0.0,-0.0,0.0,0.0,0.0,1.98,2.0,2.05,2.02
1184,19.7333,2.0,23.775,0.003,0.5367,0.2,-1.02,-0.0,2.061,0.0,0.0,-0.0,0.0,0.0,0.0,2.03,2.07,2.04,2.1
1185,19.75,2.0,23.78,0.003,0.5364,0.26,-1.03,0.0,1.918,0.0,0.0,-0.0,0.0,0.0,0.0,1.88,1.87,1.81,2.11
1186,19.7667,2.0,23.785,0.002,0.5365,0.3,-0.99,-0.0,2.084,0.0,0.0,-0.0,0.0,0.0,0.0,2.29,1.79,3.4,0.85
1187,19.7833,2.0,23.789,0.002,0.5369,0.32,-0.93,-0.0,1.91,0.0,0.0,-0.0,0.0,0.0,0.0,1.89,1.99,1.9,1.86
1188,19.8,2.0,23.794,0.002,0.5371,0.28,-0.93,-0.01,2.319,0.0,0.0,-0.0,0.0,0.0,0.0,2.4,2.05,2.79,2.03
1189,19.8167,2.0,23.798,0.003,0.5382,0.22,-1.06,-0.0,1.895,0.0,0.0,-0.0,0.0,0.0,0.0,1.99,1.87,1.9,1.83
1190,19.8333,2.0,23.801,0.003,0.5391,0.19,-1.16,-0.0,1.847,0.0,0.0,-0.0,0.0,0.0,0.0,1.93,1.75,2.01,1.7
1191,19.85,2.0,23.804,0.003,0.5399,0.19,-1.25,-0.0,1.829,0.0,0.0,-0.0,0.0,0.0,0.0,1.84,1.7,2.06,1.72
1192,19.8667,2.0,23.808,0.003,0.5406,0.2,-1.33,-0.01,1.911,0.0,0.0,-0.0,0.0,0.0,0.0,1.93,1.94,1.99,1.78
1193,19.8833,2.0,23.811,0.003,0.5412,0.2,-1.41,-0.01,1.929,0.0,0.0,-0.0,0.0,0.0,0.0,1.87,2.01,2.03,1.8
1194,19.9,2.0,23.815,0.003,0.5416,0.19,-1.5,-0.01,1.922,0.0,0.0,-0.0,0.0,0.0,0.0,1.9,1.97,2.0,1.81
1195,19.9167,2.0,23.819,0.003,0.542,0.19,-1.59,-0.01,2.281,0.0,0.0,-0.0,0.0,0.0,0.0,2.12,2.09,2.0,2.91
1196,19.9333,2.0,23.823,0.003,0.5422,0.19,-1.68,-0.01,1.963,0.0,0.0,-0.0,0.0,0.0,0.0,1.95,1.92,2.08,1.91
1197,19.95,2.0,23.827,0.003,0.5424,0.19,-1.77,-0.01,1.919,0.0,0.0,-0.0,0.0,0.0,0.0,1.92,1.79,2.02,1.94
1198,19.9667,2.0,23.831,0.002,0.5425,0.27,-1.79,-0.0,2.044,0.0,0.0,-0.0,0.0,0.0,0.0,2.09,2.28,1.79,2.01
1199,19.9833,2.0,23.835,0.002,0.5431,0.29,-1.8,-0.01,1.704,0.0,0.0,-0.0,0.0,0.0,0.0,1.85,1.58,1.67,1.71
1200,20.0,2.0,23.839,0.003,0.5434,0.25,-1.78,-0.01,1.72,0.0,0.0,-0.0,0.0,0.0,0.0,1.82,1.82,1.89,1.35
1201,20.0167,2.0,23.844,0.003,0.5439,0.23,-1.79,-0.01,1.911,0.0,0.0,-0.0,0.0,0.0,0.0,1.92,1.91,1.89,1.92
1202,20.0333,2.0,23.848,0.003,0.5442,0.2,-1.8,-0.01,1.888,0.0,0.0,-0.0,0.0,0.0,0.0,1.86,1.92,1.86,1.91
1203,20.05,2.0,23.853,0.003,0.5444,0.16,-1.81,-0.02,1.936,0.0,0.0,-0.0,0.0,0.0,0.0,1.97,1.9,1.87,2.0
1204,20.0667,2.0,23.857,0.003,0.5446,0.12,-1.83,-0.02,1.922,0.0,0.0,-0.0,0.0,0.0,0.0,2.1,1.79,1.84,1.96
1205,20.0833,2.0,23.862,0.004,0.5448,0.11,-1.84,-0.02,1.93,0.0,0.0,-0.0,0.0,0.0,0.0,1.98,1.99,1.86,1.89
1206,20.1,2.0,23.866,0.003,0.5449,0.13,-1.87,-0.02,1.981,0.0,0.0,-0.0,0.0,0.0,0.0,1.99,1.98,1.95,2.01
1207,20.1167,2.0,23.87,0.003,0.5448,0.16,-1.93,-0.02,1.988,0.0,0.0,-0.0,0.0,0.0,0.0,1.98,2.01,2.0,1.96
1208,20.1333,2.0,23.875,0.003,0.5445,0.17,-1.95,-0.02,1.945,0.0,0.0,-0.0,0.0,0.0,0.0,1.97,1.92,1.93,1.95
1209,20.15,2.0,23.88,0.003,0.5444,0.17,-2.0,-0.02,1.995,0.0,0.0,-0.0,0.0,0.0,0.0,2.04,2.01,1.86,2.07
1210,20.1667,2.0,23.884,0.003,0.5441,0.19,-2.03,-0.01,2.029,0.0,0.0,-0.0,0.0,0.0,0.0,2.49,1.99,1.64,2.0
1211,20.1833,2.0,23.889,0.002,0.544,0.29,-1.99,-0.02,1.744,0.0,0.0,-0.0,0.0,0.0,0.0,2.48,1.48,1.48,1.54
1212,20.2,2.0,23.893,0.003,0.5442,0.26,-1.94,-0.02,1.839,0.0,0.0,-0.0,0.0,0.0,0.0,1.88,1.8,1.87,1.8
1213,20.2167,2.0,23.898,0.003,0.5444,0.24,-1.9,-0.01,2.078,0.0,0.0,-0.0,0.0,0.0,0.0,2.05,2.33,1.92,2.0
1214,20.2333,2.0,23.903,0.003,0.5447,0.22,-1.89,-0.01,1.983,0.0,0.0,-0.0,0.0,0.0,0.0,1.91,2.22,2.0,1.8
1215,20.25,2.0,23.907,0.003,0.5447,0.19,-1.87,-0.01,1.808,0.0,0.0,-0.0,0.0,0.0,0.0,1.67,1.78,1.89,1.89
1216,20.2667,2.0,23.912,0.003,0.5447,0.16,-1.86,-0.01,1.95,0.0,0.0,-0.0,0.0,0.0,0.0,2.69,1.89,2.13,1.09
1217,20.2833,2.0,23.917,0.004,0.5447,0.11,-1.85,-0.01,1.993,0.0,0.0,-0.0,0.0,0.0,0.0,1.91,2.14,1.91,2.01
1218,20.3,2.0,23.921,0.004,0.5449,0.11,-1.85,-0.02,1.981,0.0,0.0,-0.0,0.0,0.0,0.0,2.02,2.06,1.87,1.98
1219,20.3167,2.0,23.926,0.004,0.5449,0.13,-1.88,-0.02,1.754,0.0,0.0,-0.0,0.0,0.0,0.0,2.0,1.97,1.05,1.99
1220,20.3333,2.0,23.93,0.003,0.5447,0.16,-1.92,-0.01,2.065,0.0,0.0,-0.0,0.0,0.0,0.0,2.0,2.38,2.04,1.84
1221,20.35,2.0,23.935,0.003,0.5443,0.19,-1.95,-0.01,2.037,0.0,0.0,-0.0,0.0,0.0,0.0,2.02,1.96,1.91,2.26
1222,20.3667,2.0,23.94,0.003,0.5439,0.2,-1.98,-0.01,2.11,0.0,0.0,-0.0,0.0,0.0,0.0,2.1,1.7,2.58,2.06
1223,20.3833,2.0,23.944,0.003,0.5439,0.18,-2.04,-0.02,1.541,0.0,0.0,-0.0,0.0,0.0,0.0,1.01,1.33,1.87,1.95
1224,20.4,2.0,23.948,0.004,0.5443,0.1,-2.06,-0.01,1.971,0.0,0.0,-0.0,0.0,0.0,0.0,2.65,1.69,2.04,1.51
1225,20.4167,2.0,23.952,0.004,0.5446,0.12,-2.02,-0.01,1.747,0.0,0.0,-0.0,0.0,0.0,0.0,1.67,1.71,2.0,1.61
1226,20.4333,2.0,23.957,0.004,0.5448,0.13,-1.97,-0.01,1.835,0.0,0.0,-0.0,0.0,0.0,0.0,1.8,1.8,2.0,1.74
1227,20.45,2.0,23.961,0.004,0.5449,0.14,-1.93,-0.0,1.91,0.0,0.0,-0.0,0.0,0.0,0.0,1.94,1.85,2.0,1.85
1228,20.4667,2.0,23.966,0.003,0.5448,0.16,-1.88,-0.0,1.8,0.0,0.0,-0.0,0.0,0.0,0.0,2.05,1.91,2.0,1.23
1229,20.4833,2.0,23.971,0.003,0.5446,0.16,-1.84,-0.0,2.12,0.0,0.0,-0.0,0.0,0.0,0.0,2.39,2.16,2.17,1.76
1230,20.5,2.0,23.976,0.004,0.5448,0.12,-1.82,-0.01,1.949,0.0,0.0,-0.0,0.0,0.0,0.0,1.9,1.98,1.9,2.01
1231,20.5167,2.0,23.981,0.004,0.5447,0.08,-1.8,-0.01,1.985,0.0,0.0,-0.0,0.0,0.0,0.0,1.98,1.96,1.87,2.13
1232,20.5333,2.0,23.986,0.004,0.5445,0.07,-1.81,-0.01,2.291,0.0,0.0,-0.0,0.0,0.0,0.0,2.35,2.3,2.43,2.09
1233,20.55,2.0,23.99,0.004,0.5443,0.16,-1.89,-0.01,2.078,0.0,0.0,-0.0,0.0,0.0,0.0,1.99,2.14,2.06,2.12
1234,20.5667,2.0,23.995,0.003,0.5441,0.22,-1.98,-0.01,2.005,0.0,0.0,-0.0,0.0,0.0,0.0,2.07,1.99,1.93,2.03
1235,20.5833,2.0,23.999,0.003,0.5437,0.21,-2.04,-0.01,1.987,0.0,0.0,-0.0,0.0,0.0,0.0,2.13,2.05,1.99,1.78
1236,20.6,2.0,24.003,0.003,0.5436,0.17,-2.05,-0.01,1.699,0.0,0.0,-0.0,0.0,0.0,0.0,1.74,2.08,1.61,1.38
1237,20.6167,2.0,24.008,0.003,0.5439,0.18,-2.0,-0.01,2.474,0.0,0.0,-0.0,0.0,0.0,0.0,1.84,2.73,3.59,1.74
1238,20.6333,2.0,24.012,0.003,0.5443,0.17,-1.98,-0.01,1.806,0.0,0.0,-0.0,0.0,0.0,0.0,1.67,1.85,1.96,1.75
1239,20.65,2.0,24.017,0.003,0.5444,0.17,-1.94,-0.01,1.794,0.0,0.0,-0.0,0.0,0.0,0.0,1.82,1.61,1.91,1.84
1240,20.6667,2.0,24.022,0.004,0.5445,0.16,-1.9,-0.01,2.144,0.0,0.0,-0.0,0.0,0.0,0.0,2.89,1.9,1.87,1.92
1241,20.6833,2.0,24.026,0.004,0.5447,0.16,-1.9,-0.01,2.053,0.0,0.0,-0.0,0.0,0.0,0.0,2.08,2.14,1.83,2.17
1242,20.7,2.0,24.031,0.003,0.5449,0.18,-1.92,-0.01,2.042,0.0,0.0,-0.0,0.0,0.0,0.0,2.01,2.02,1.95,2.18
1243,20.7167,2.0,24.036,0.003,0.5449,0.19,-1.94,-0.01,1.922,0.0,0.0,-0.0,0.0,0.0,0.0,1.99,1.8,1.9,2.0
1244,20.7333,2.0,24.04,0.003,0.5447,0.18,-1.93,-0.01,1.887,0.0,0.0,-0.0,0.0,0.0,0.0,2.0,1.76,1.94,1.85
1245,20.75,2.0,24.045,0.004,0.5444,0.13,-1.89,-0.0,1.69,0.0,0.0,-0.0,0.0,0.0,0.0,1.15,2.14,1.96,1.52
1246,20.7667,2.0,24.05,0.004,0.5447,0.12,-1.92,-0.0,1.985,0.0,0.0,-0.0,0.0,0.0,0.0,2.01,1.96,1.99,1.98
1247,20.7833,2.0,24.055,0.004,0.5448,0.11,-1.96,-0.0,1.963,0.0,0.0,-0.0,0.0,0.0,0.0,1.98,1.97,1.94,1.97
1248,20.8,2.0,24.059,0.004,0.5448,0.09,-2.0,-0.0,1.988,0.0,0.0,-0.0,0.0,0.0,0.0,2.0,1.99,2.0,1.97
1249,20.8167,2.0,24.063,0.004,0.5447,0.08,-2.04,0.01,1.822,0.0,0.0,-0.0,0.0,0.0,0.0,1.77,1.79,2.06,1.66
1250,20.8333,2.0,24.068,0.004,0.5448,0.15,-1.97,0.01,1.824,0.0,0.0,-0.0,0.0,0.0,0.0,1.65,1.98,2.01,1.65
1251,20.85,2.0,24.072,0.004,0.5448,0.15,-1.94,0.01,1.923,0.0,0.0,-0.0,0.0,0.0,0.0,2.17,1.75,1.98,1.79
1252,20.8667,2.0,24.077,0.004,0.5448,0.16,-1.89,0.01,1.831,0.0,0.0,-0.0,0.0,0.0,0.0,1.99,1.43,2.01,1.89
1253,20.8833,2.0,24.082,0.004,0.5448,0.15,-1.86,0.01,1.954,0.0,0.0,-0.0,0.0,0.0,0.0,1.78,2.21,1.88,1.95
1254,20.9,2.0,24.087,0.004,0.545,0.12,-1.84,0.01,1.968,0.0,0.0,-0.0,0.0,0.0,0.0,1.97,1.94,1.94,2.03
1255,20.9167,2.0,24.092,0.004,0.5449,0.09,-1.83,0.01,1.997,0.0,0.0,-0.0,0.0,0.0,0.0,2.0,2.01,1.97,2.01
1256,20.9333,2.0,24.097,0.004,0.5448,0.06,-1.82,0.01,2.495,0.0,0.0,-0.0,0.0,0.0,0.0,2.28,3.76,1.66,2.28
1257,20.95,2.0,24.101,0.004,0.5445,0.14,-1.9,0.01,2.074,0.0,0.0,-0.0,0.0,0.0,0.0,1.98,2.09,2.17,2.06
1258,20.9667,2.0,24.106,0.004,0.5441,0.2,-1.96,0.0,2.316,0.0,0.0,-0.0,0.0,0.0,0.0,2.12,2.63,2.54,1.98
1259,20.9833,2.0,24.11,0.004,0.5439,0.19,-2.03,0.01,2.04,0.0,0.0,-0.0,0.0,0.0,0.0,2.08,2.01,2.05,2.02
1260,21.0,2.0,24.114,0.004,0.5439,0.2,-2.05,0.01,1.564,0.0,0.0,-0.0,0.0,0.0,0.0,1.58,1.13,1.72,1.82
1261,21.0167,2.0,24.118,0.004,0.5442,0.19,-2.02,0.01,1.79,0.0,0.0,-0.0,0.0,0.0,0.0,1.9,1.65,2.0,1.61
1262,21.0333,2.0,24.123,0.004,0.5445,0.19,-1.97,0.01,1.807,0.0,0.0,-0.0,0.0,0.0,0.0,1.74,1.77,2.0,1.72
1263,21.05,2.0,24.127,0.004,0.5446,0.18,-1.92,0.01,1.843,0.0,0.0,-0.0,0.0,0.0,0.0,1.51,2.13,1.96,1.77
1264,21.0667,2.0,24.132,0.004,0.5446,0.17,-1.88,0.02,2.47,0.0,0.0,-0.0,0.0,0.0,0.0,3.0,2.2,2.14,2.54
1265,21.0833,2.0,24.137,0.004,0.5449,0.15,-1.87,0.01,1.965,0.0,0.0,-0.0,0.0,0.0,0.0,2.03,1.89,1.93,2.01
1266,21.1,2.0,24.142,0.004,0.545,0.12,-1.86,0.01,1.981,0.0,0.0,-0.0,0.0,0.0,0.0,2.0,1.95,1.93,2.05
1267,21.1167,2.0,24.146,0.004,0.5449,0.1,-1.84,0.01,1.727,0.0,0.0,-0.0,0.0,0.0,0.0,2.01,2.0,0.92,1.98
1268,21.1333,2.0,24.151,0.005,0.5447,0.08,-1.83,0.01,2.016,0.0,0.0,-0.0,0.0,0.0,0.0,2.01,2.02,2.03,2.01
1269,21.15,2.0,24.156,0.004,0.5445,0.11,-1.86,0.02,2.266,0.0,0.0,-0.0,0.0,0.0,0.0,2.4,3.53,1.21,1.92
1270,21.1667,2.0,24.161,0.004,0.544,0.18,-1.94,0.01,2.041,0.0,0.0,-0.0,0.0,0.0,0.0,1.96,1.69,2.45,2.06
1271,21.1833,2.0,24.165,0.004,0.5439,0.19,-2.01,0.0,1.965,0.0,0.0,-0.0,0.0,0.0,0.0,2.01,1.86,1.99,2.0
1272,21.2,2.0,24.169,0.004,0.544,0.21,-2.02,0.01,1.474,0.0,0.0,-0.0,0.0,0.0,0.0,1.3,1.08,2.03,1.48
1273,21.2167,2.0,24.173,0.003,0.5445,0.3,-1.91,0.01,1.546,0.0,0.0,-0.0,0.0,0.0,0.0,1.1,1.72,1.89,1.48
1274,21.2333,2.0,24.177,0.003,0.5453,0.34,-1.78,0.01,1.721,0.0,0.0,-0.0,0.0,0.0,0.0,1.38,2.01,2.02,1.47
1275,21.25,2.0,24.182,0.003,0.5461,0.33,-1.68,0.02,1.669,0.0,0.0,-0.0,0.0,0.0,0.0,1.72,1.91,1.34,1.71
1276,21.2667,2.0,24.186,0.003,0.5469,0.29,-1.6,0.01,1.76,0.0,0.0,-0.0,0.0,0.0,0.0,1.75,1.79,1.49,2.01
1277,21.2833,2.0,24.19,0.003,0.5478,0.3,-1.54,0.01,1.786,0.0,0.0,-0.0,0.0,0.0,0.0,2.08,1.8,1.55,1.7
1278,21.3,2.0,24.195,0.003,0.5486,0.3,-1.48,0.01,1.819,0.0,0.0,-0.0,0.0,0.0,0.0,2.0,1.78,1.64,1.85
1279,21.3167,2.0,24.199,0.003,0.5492,0.29,-1.41,0.02,1.857,0.0,0.0,-0.0,0.0,0.0,0.0,2.0,1.78,1.65,2.0
1280,21.3333,2.0,24.204,0.003,0.5498,0.29,-1.34,0.02,2.075,0.0,0.0,-0.0,0.0,0.0,0.0,2.03,1.68,2.56,2.04
1281,21.35,2.0,24.208,0.003,0.5502,0.29,-1.28,0.02,1.906,0.0,0.0,-0.0,0.0,0.0,0.0,2.0,1.84,1.77,2.02
1282,21.3667,2.0,24.213,0.003,0.5505,0.29,-1.21,0.02,2.027,0.0,0.0,-0.0,0.0,0.0,0.0,2.09,1.79,2.4,1.83
1283,21.3833,2.0,24.218,0.003,0.5506,0.28,-1.14,0.02,1.976,0.0,0.0,-0.0,0.0,0.0,0.0,1.99,1.91,1.9,2.1
1284,21.4,2.0,24.223,0.003,0.5507,0.3,-1.07,0.02,1.708,0.0,0.0,-0.0,0.0,0.0,0.0,1.87,1.63,1.12,2.21
1285,21.4167,2.0,24.228,0.003,0.551,0.31,-1.03,0.02,1.778,0.0,0.0,-0.0,0.0,0.0,0.0,1.56,1.71,1.51,2.33
1286,21.4333,2.0,24.232,0.003,0.5514,0.31,-0.99,0.02,1.938,0.0,0.0,-0.0,0.0,0.0,0.0,1.84,1.99,2.09,1.83
1287,21.45,2.0,24.237,0.003,0.5517,0.28,-0.97,0.02,2.004,0.0,0.0,-0.0,0.0,0.0,0.0,1.96,2.16,1.97,1.92
1288,21.4667,2.0,24.242,0.004,0.5518,0.22,-0.97,0.02,2.169,0.0,0.0,-0.0,0.0,0.0,0.0,2.96,2.04,2.01,1.67
1289,21.4833,2.0,24.247,0.004,0.552,0.16,-0.94,0.02,1.912,0.0,0.0,-0.0,0.0,0.0,0.0,1.89,1.88,1.92,1.96
1290,21.5,2.0,24.251,0.004,0.5522,0.11,-0.91,0.02,1.945,0.0,0.0,-0.0,0.0,0.0,0.0,1.96,1.88,1.89,2.04
1291,21.5167,2.0,24.256,0.005,0.5523,0.08,-0.89,0.02,2.085,0.0,0.0,-0.0,0.0,0.0,0.0,2.13,2.06,2.07,2.08
1292,21.5333,2.0,24.261,0.004,0.5523,0.13,-0.93,0.02,1.807,0.0,0.0,-0.0,0.0,0.0,0.0,2.07,2.07,1.07,2.02
1293,21.55,2.0,24.265,0.004,0.5521,0.19,-0.98,0.02,2.015,0.0,0.0,-0.0,0.0,0.0,0.0,1.98,1.96,2.12,2.0
1294,21.5667,2.0,24.27,0.004,0.5517,0.22,-1.01,0.02,1.807,0.0,0.0,-0.0,0.0,0.0,0.0,1.78,2.03,1.5,1.92
1295,21.5833,2.0,24.275,0.004,0.5515,0.23,-1.06,0.02,2.028,0.0,0.0,-0.0,0.0,0.0,0.0,1.98,2.09,1.99,2.05
1296,21.6,2.0,24.279,0.003,0.5511,0.29,-1.06,0.02,1.582,0.0,0.0,-0.0,0.0,0.0,0.0,1.52,1.82,1.52,1.47
1297,21.6167,2.0,24.284,0.003,0.5514,0.32,-0.97,0.02,1.881,0.0,0.0,-0.0,0.0,0.0,0.0,1.74,2.02,1.99,1.77
1298,21.6333,2.0,24.288,0.003,0.5516,0.3,-0.93,0.02,1.912,0.0,0.0,-0.0,0.0,0.0,0.0,1.82,2.05,1.92,1.86
1299,21.65,2.0,24.293,0.004,0.5522,0.21,-0.98,0.02,1.923,0.0,0.0,-0.0,0.0,0.0,0.0,1.89,1.91,2.02,1.87
1300,21.6667,2.0,24.296,0.004,0.5531,0.19,-1.07,0.03,1.957,0.0,0.0,-0.0,0.0,0.0,0.0,1.96,1.86,2.01,2.0
1301,21.6833,2.0,24.3,0.004,0.5539,0.19,-1.18,0.02,1.79,0.0,0.0,-0.0,0.0,0.0,0.0,1.94,1.86,1.97,1.39
1302,21.7,2.0,24.303,0.004,0.5547,0.17,-1.28,0.02,1.956,0.0,0.0,-0.0,0.0,0.0,0.0,1.96,2.11,2.0,1.76
1303,21.7167,2.0,24.307,0.004,0.5554,0.16,-1.39,0.02,1.687,0.0,0.0,-0.0,0.0,0.0,0.0,1.87,1.66,2.05,1.17
1304,21.7333,2.0,24.31,0.004,0.556,0.17,-1.47,0.02,1.902,0.0,0.0,-0.0,0.0,0.0,0.0,1.9,1.98,1.99,1.73
1305,21.75,2.0,24.314,0.004,0.5565,0.18,-1.55,0.02,1.675,0.0,0.0,-0.0,0.0,0.0,0.0,1.92,1.87,1.98,0.92
1306,21.7667,2.0,24.318,0.004,0.5568,0.19,-1.64,0.01,1.977,0.0,0.0,-0.0,0.0,0.0,0.0,1.97,2.13,1.93,1.88
1307,21.7833,2.0,24.322,0.004,0.5571,0.19,-1.72,0.01,1.825,0.0,0.0,-0.0,0.0,0.0,0.0,1.87,1.85,1.95,1.63
1308,21.8,2.0,24.326,0.004,0.5573,0.19,-1.81,0.01,2.002,0.0,0.0,-0.0,0.0,0.0,0.0,1.97,2.11,1.96,1.97
1309,21.8167,2.0,24.33,0.004,0.5574,0.19,-1.9,0.01,1.776,0.0,0.0,-0.0,0.0,0.0,0.0,1.84,1.56,1.76,1.95
1310,21.8333,2.0,24.334,0.004,0.558,0.23,-1.92,0.01,1.861,0.0,0.0,-0.0,0.0,0.0,0.0,1.98,1.79,1.72,1.96
1311,21.85,2.0,24.338,0.004,0.5586,0.26,-1.95,0.01,1.839,0.0,0.0,-0.0,0.0,0.0,0.0,1.59,1.77,2.12,1.87
1312,21.8667,2.0,24.342,0.004,0.5591,0.23,-1.95,0.01,1.888,0.0,0.0,-0.0,0.0,0.0,0.0,2.0,1.77,1.76,2.02
1313,21.8833,2.0,24.346,0.004,0.5595,0.22,-1.96,0.01,1.94,0.0,0.0,-0.0,0.0,0.0,0.0,2.0,1.83,1.82,2.1
1314,21.9,2.0,24.351,0.004,0.5598,0.2,-1.96,0.01,1.904,0.0,0.0,-0.0,0.0,0.0,0.0,2.05,1.93,1.89,1.75
1315,21.9167,2.0,24.355,0.004,0.5599,0.18,-1.96,0.01,1.983,0.0,0.0,-0.0,0.0,0.0,0.0,2.01,1.96,1.92,2.04
1316,21.9333,2.0,24.36,0.004,0.5599,0.16,-1.97,0.0,2.052,0.0,0.0,-0.0,0.0,0.0,0.0,2.17,2.0,1.92,2.12
1317,21.95,2.0,24.365,0.004,0.5599,0.16,-1.97,0.0,1.983,0.0,0.0,-0.0,0.0,0.0,0.0,2.04,1.94,1.94,2.01
1318,21.9667,2.0,24.369,0.004,0.5598,0.18,-1.99,-0.0,1.999,0.0,0.0,-0.0,0.0,0.0,0.0,1.99,2.18,1.92,1.91
1319,21.9833,2.0,24.374,0.004,0.5596,0.19,-1.99,-0.0,1.937,0.0,0.0,-0.0,0.0,0.0,0.0,2.0,1.86,1.98,1.91
1320,22.0,2.0,24.379,0.004,0.5591,0.21,-2.0,0.0,2.159,0.0,0.0,-0.0,0.0,0.0,0.0,2.0,2.42,2.12,2.1
1321,22.0167,2.0,24.383,0.004,0.5589,0.22,-2.06,0.0,2.075,0.0,0.0,-0.0,0.0,0.0,0.0,2.05,2.12,2.02,2.11
1322,22.0333,2.0,24.388,0.004,0.5589,0.21,-2.1,-0.0,1.513,0.0,0.0,-0.0,0.0,0.0,0.0,1.32,1.2,1.51,2.02
1323,22.05,2.0,24.392,0.005,0.5592,0.13,-2.13,-0.0,1.859,0.0,0.0,-0.0,0.0,0.0,0.0,1.66,2.0,2.01,1.77
1324,22.0667,2.0,24.396,0.005,0.5595,0.12,-2.11,0.0,1.847,0.0,0.0,-0.0,0.0,0.0,0.0,2.12,1.68,1.98,1.6
1325,22.0833,2.0,24.4,0.005,0.5597,0.13,-2.06,0.0,1.861,0.0,0.0,-0.0,0.0,0.0,0.0,1.87,1.87,2.0,1.7
1326,22.1,2.0,24.405,0.004,0.5598,0.14,-2.01,0.0,1.792,0.0,0.0,-0.0,0.0,0.0,0.0,1.43,1.99,1.93,1.81
1327,22.1167,2.0,24.41,0.004,0.5597,0.16,-1.95,-0.0,1.947,0.0,0.0,-0.0,0.0,0.0,0.0,1.98,1.9,1.99,1.92
1328,22.1333,2.0,24.415,0.004,0.5599,0.15,-1.93,-0.0,2.003,0.0,0.0,-0.0,0.0,0.0,0.0,2.0,2.02,1.98,2.02
1329,22.15,2.0,24.419,0.005,0.5599,0.13,-1.92,-0.0,1.701,0.0,0.0,-0.0,0.0,0.0,0.0,1.99,1.95,1.01,1.86
1330,22.1667,2.0,24.424,0.005,0.5598,0.12,-1.91,-0.0,1.99,0.0,0.0,-0.0,0.0,0.0,0.0,2.01,2.02,1.94,2.0
1331,22.1833,2.0,24.429,0.005,0.5596,0.11,-1.9,-0.0,1.998,0.0,0.0,-0.0,0.0,0.0,0.0,2.01,2.08,1.94,1.96
1332,22.2,2.0,24.434,0.005,0.5594,0.13,-1.95,-0.01,2.002,0.0,0.0,-0.0,0.0,0.0,0.0,2.05,2.08,1.97,1.91
1333,22.2167,2.0,24.439,0.005,0.5592,0.15,-2.01,-0.01,2.065,0.0,0.0,-0.0,0.0,0.0,0.0,1.96,2.2,2.01,2.09
1334,22.2333,2.0,24.443,0.004,0.5589,0.19,-2.09,-0.01,2.028,0.0,0.0,-0.0,0.0,0.0,0.0,2.01,2.06,2.04,1.99
1335,22.25,2.0,24.447,0.004,0.5585,0.16,-2.12,-0.02,1.852,0.0,0.0,-0.0,0.0,0.0,0.0,1.41,1.27,2.85,1.87
1336,22.2667,2.0,24.452,0.005,0.5589,0.16,-2.08,-0.0,1.78,0.0,0.0,-0.0,0.0,0.0,0.0,1.79,1.72,1.98,1.62
1337,22.2833,2.0,24.456,0.005,0.559,0.16,-2.02,-0.0,1.822,0.0,0.0,-0.0,0.0,0.0,0.0,1.81,1.85,1.89,1.74
1338,22.3,2.0,24.461,0.005,0.5592,0.15,-1.99,0.0,2.236,0.0,0.0,-0.0,0.0,0.0,0.0,2.62,2.01,1.94,2.38
1339,22.3167,2.0,24.466,0.005,0.5595,0.11,-1.95,-0.0,1.914,0.0,0.0,-0.0,0.0,0.0,0.0,1.95,1.87,1.84,2.0
1340,22.3333,2.0,24.47,0.005,0.5596,0.07,-1.93,-0.0,1.969,0.0,0.0,-0.0,0.0,0.0,0.0,1.99,1.97,1.88,2.03
1341,22.35,2.0,24.475,0.005,0.5596,0.04,-1.9,-0.01,1.938,0.0,0.0,-0.0,0.0,0.0,0.0,1.99,1.83,1.91,2.02
1342,22.3667,2.0,24.48,0.006,0.5595,0.03,-1.89,-0.01,1.984,0.0,0.0,-0.0,0.0,0.0,0.0,1.95,2.04,1.95,2.0
1343,22.3833,2.0,24.485,0.005,0.5593,0.09,-1.94,-0.01,2.206,0.0,0.0,-0.0,0.0,0.0,0.0,2.07,2.69,2.08,1.99
1344,22.4,2.0,24.489,0.005,0.5594,0.16,-1.97,-0.01,1.742,0.0,0.0,-0.0,0.0,0.0,0.0,1.73,1.88,1.81,1.56
1345,22.4167,2.0,24.493,0.005,0.5597,0.18,-1.97,-0.01,1.898,0.0,0.0,-0.0,0.0,0.0,0.0,1.87,1.98,1.93,1.81
1346,22.4333,2.0,24.498,0.004,0.5598,0.19,-1.98,-0.01,1.974,0.0,0.0,-0.0,0.0,0.0,0.0,2.08,1.99,1.92,1.9
1347,22.45,2.0,24.502,0.004,0.5598,0.19,-2.01,-0.01,1.983,0.0,0.0,-0.0,0.0,0.0,0.0,2.01,2.0,1.98,1.94
1348,22.4667,2.0,24.507,0.005,0.5597,0.18,-2.04,-0.01,1.82,0.0,0.0,-0.0,0.0,0.0,0.0,1.3,2.01,2.0,1.97
1349,22.4833,2.0,24.511,0.005,0.5597,0.13,-2.07,-0.0,1.785,0.0,0.0,-0.0,0.0,0.0,0.0,1.75,1.67,1.99,1.73
1350,22.5,2.0,24.516,0.005,0.5597,0.14,-2.02,-0.0,1.82,0.0,0.0,-0.0,0.0,0.0,0.0,1.81,1.78,2.0,1.69
1351,22.5167,2.0,24.521,0.005,0.5597,0.16,-1.96,-0.0,1.925,0.0,0.0,-0.0,0.0,0.0,0.0,1.96,1.92,1.97,1.85
1352,22.5333,2.0,24.526,0.005,0.5599,0.15,-1.94,-0.0,1.943,0.0,0.0,-0.0,0.0,0.0,0.0,1.95,1.96,1.96,1.91
1353,22.55,2.0,24.53,0.005,0.56,0.13,-1.93,-0.0,1.669,0.0,0.0,-0.0,0.0,0.0,0.0,1.99,1.96,0.87,1.85
1354,22.5667,2.0,24.535,0.005,0.5599,0.12,-1.91,-0.0,1.968,0.0,0.0,-0.0,0.0,0.0,0.0,1.99,1.93,1.97,1.98
1355,22.5833,2.0,24.54,0.005,0.5597,0.1,-1.9,-0.01,1.969,0.0,0.0,-0.0,0.0,0.0,0.0,2.15,2.21,1.5,2.02
1356,22.6,2.0,24.545,0.005,0.5594,0.18,-1.97,-0.01,2.13,0.0,0.0,-0.0,0.0,0.0,0.0,2.21,2.15,2.1,2.07
1357,22.6167,2.0,24.549,0.004,0.5592,0.24,-2.01,-0.01,1.912,0.0,0.0,-0.0,0.0,0.0,0.0,1.99,1.86,1.94,1.86
1358,22.6333,2.0,24.554,0.004,0.559,0.28,-2.05,-0.01,1.998,0.0,0.0,-0.0,0.0,0.0,0.0,1.98,2.04,1.99,1.98
1359,22.65,2.0,24.558,0.004,0.5588,0.29,-2.07,-0.01,1.485,0.0,0.0,-0.0,0.0,0.0,0.0,1.12,1.26,1.2,2.36
1360,22.6667,2.0,24.562,0.004,0.5591,0.22,-2.08,-0.0,1.905,0.0,0.0,-0.0,0.0,0.0,0.0,1.89,2.01,2.03,1.7
1361,22.6833,2.0,24.566,0.005,0.5593,0.2,-2.05,-0.0,1.769,0.0,0.0,-0.0,0.0,0.0,0.0,1.73,1.68,1.99,1.67
1362,22.7,2.0,24.571,0.005,0.5595,0.19,-2.0,-0.0,1.178,0.0,0.0,-0.0,0.0,0.0,0.0,0.33,1.69,0.94,1.75
1363,22.7167,2.0,24.575,0.005,0.5598,0.17,-1.97,-0.0,1.928,0.0,0.0,-0.0,0.0,0.0,0.0,2.0,1.88,1.89,1.95
1364,22.7333,2.0,24.58,0.005,0.56,0.15,-1.95,-0.0,1.928,0.0,0.0,-0.0,0.0,0.0,0.0,1.97,1.91,1.9,1.93
1365,22.75,2.0,24.585,0.005,0.56,0.13,-1.93,-0.0,1.958,0.0,0.0,-0.0,0.0,0.0,0.0,1.99,1.91,1.93,2.0
1366,22.7667,2.0,24.59,0.005,0.5599,0.11,-1.91,-0.0,1.834,0.0,0.0,-0.0,0.0,0.0,0.0,1.85,1.96,1.54,1.99
1367,22.7833,2.0,24.594,0.005,0.5596,0.1,-1.9,-0.0,1.983,0.0,0.0,-0.0,0.0,0.0,0.0,1.99,1.93,2.04,1.97
1368,22.8,2.0,24.599,0.005,0.5593,0.16,-1.95,-0.01,2.281,0.0,0.0,-0.0,0.0,0.0,0.0,2.03,2.4,2.78,1.91
1369,22.8167,2.0,24.603,0.005,0.5592,0.21,-2.0,-0.01,1.936,0.0,0.0,-0.0,0.0,0.0,0.0,1.96,1.93,1.94,1.92
1370,22.8333,2.0,24.608,0.005,0.559,0.21,-2.07,-0.01,2.037,0.0,0.0,-0.0,0.0,0.0,0.0,2.03,2.09,2.0,2.03
1371,22.85,2.0,24.612,0.005,0.5588,0.2,-2.13,-0.01,1.906,0.0,0.0,-0.0,0.0,0.0,0.0,1.82,1.54,1.76,2.5
1372,22.8667,2.0,24.616,0.005,0.5592,0.12,-2.15,-0.0,1.605,0.0,0.0,-0.0,0.0,0.0,0.0,1.29,1.71,2.06,1.36
1373,22.8833,2.0,24.62,0.005,0.5595,0.13,-2.1,-0.0,1.859,0.0,0.0,-0.0,0.0,0.0,0.0,2.27,1.6,2.02,1.54
1374,22.9,2.0,24.625,0.005,0.5596,0.14,-2.05,-0.01,1.839,0.0,0.0,-0.0,0.0,0.0,0.0,1.78,1.83,2.03,1.72
1375,22.9167,2.0,24.629,0.005,0.5597,0.16,-1.99,-0.0,1.854,0.0,0.0,-0.0,0.0,0.0,0.0,1.86,1.8,1.91,1.85
1376,22.9333,2.0,24.634,0.005,0.5597,0.16,-1.95,-0.0,2.198,0.0,0.0,-0.0,0.0,0.0,0.0,1.78,2.52,2.07,2.42
1377,22.95,2.0,24.639,0.005,0.5599,0.18,-1.95,-0.0,1.982,0.0,0.0,-0.0,0.0,0.0,0.0,2.08,1.99,1.92,1.94
1378,22.9667,2.0,24.644,0.005,0.5599,0.19,-1.95,-0.0,2.123,0.0,0.0,-0.0,0.0,0.0,0.0,1.91,2.03,1.89,2.67
1379,22.9833,2.0,24.648,0.005,0.5597,0.2,-1.95,-0.01,1.754,0.0,0.0,-0.0,0.0,0.0,0.0,1.92,1.3,1.77,2.03
1380,23.0,2.0,24.653,0.005,0.5595,0.22,-1.96,-0.01,2.055,0.0,0.0,-0.0,0.0,0.0,0.0,1.96,2.31,1.8,2.15
1381,23.0167,2.0,24.658,0.005,0.5594,0.22,-2.01,-0.01,2.037,0.0,0.0,-0.0,0.0,0.0,0.0,1.98,1.94,2.15,2.08
1382,23.0333,2.0,24.662,0.005,0.5591,0.22,-2.05,-0.01,1.96,0.0,0.0,-0.0,0.0,0.0,0.0,1.98,1.86,2.0,2.0
1383,23.05,2.0,24.667,0.005,0.5588,0.24,-2.09,-0.0,1.732,0.0,0.0,-0.0,0.0,0.0,0.0,1.15,1.09,1.83,2.85
1384,23.0667,2.0,24.671,0.004,0.5593,0.31,-1.97,-0.01,1.658,0.0,0.0,-0.0,0.0,0.0,0.0,1.44,2.07,1.46,1.65
1385,23.0833,2.0,24.675,0.004,0.5603,0.28,-1.88,-0.01,1.591,0.0,0.0,-0.0,0.0,0.0,0.0,1.32,1.69,1.33,2.02
1386,23.1,2.0,24.679,0.004,0.5613,0.25,-1.78,-0.01,1.732,0.0,0.0,-0.0,0.0,0.0,0.0,1.99,1.59,1.37,1.99
1387,23.1167,2.0,24.683,0.004,0.5622,0.24,-1.7,-0.01,1.785,0.0,0.0,-0.0,0.0,0.0,0.0,1.99,1.7,1.47,1.99
1388,23.1333,2.0,24.687,0.004,0.5631,0.24,-1.62,-0.01,1.81,0.0,0.0,-0.0,0.0,0.0,0.0,2.0,1.72,1.53,1.99
1389,23.15,2.0,24.691,0.004,0.5638,0.25,-1.56,-0.01,1.83,0.0,0.0,-0.0,0.0,0.0,0.0,2.0,1.73,1.59,2.0
1390,23.1667,2.0,24.696,0.004,0.5645,0.27,-1.49,-0.01,2.052,0.0,0.0,-0.0,0.0,0.0,0.0,1.98,1.65,2.94,1.64
1391,23.1833,2.0,24.7,0.004,0.565,0.25,-1.4,-0.01,1.855,0.0,0.0,-0.0,0.0,0.0,0.0,2.01,1.77,1.65,2.0
1392,23.2,2.0,24.705,0.004,0.5653,0.26,-1.32,-0.0,1.858,0.0,0.0,-0.0,0.0,0.0,0.0,1.95,1.68,2.55,1.25
1393,23.2167,2.0,24.71,0.004,0.5656,0.25,-1.24,-0.01,1.914,0.0,0.0,-0.0,0.0,0.0,0.0,2.02,1.83,1.8,2.0
1394,23.2333,2.0,24.714,0.004,0.566,0.25,-1.19,-0.0,1.892,0.0,0.0,-0.0,0.0,0.0,0.0,1.82,1.89,1.97,1.89
1395,23.25,2.0,24.719,0.004,0.5662,0.25,-1.14,-0.0,1.937,0.0,0.0,-0.0,0.0,0.0,0.0,1.91,1.92,2.02,1.89
1396,23.2667,2.0,24.724,0.005,0.5665,0.24,-1.08,-0.0,1.865,0.0,0.0,-0.0,0.0,0.0,0.0,1.69,1.86,2.08,1.82
1397,23.2833,2.0,24.729,0.005,0.5668,0.24,-1.03,-0.0,1.952,0.0,0.0,-0.0,0.0,0.0,0.0,1.86,1.92,2.13,1.89
1398,23.3,2.0,24.734,0.005,0.567,0.22,-1.01,0.0,1.893,0.0,0.0,-0.0,0.0,0.0,0.0,1.83,1.9,1.99,1.85
1399,23.3167,2.0,24.738,0.005,0.5671,0.2,-0.98,0.0,2.025,0.0,0.0,-0.0,0.0,0.0,0.0,2.26,1.89,2.04,1.91
1400,23.3333,2.0,24.743,0.005,0.5674,0.14,-0.95,-0.0,1.879,0.0,0.0,-0.0,0.0,0.0,0.0,1.75,1.9,1.9,1.97
1401,23.35,2.0,24.748,0.006,0.5675,0.09,-0.92,0.0,1.964,0.0,0.0,-0.0,0.0,0.0,0.0,1.99,1.92,1.95,2.0
1402,23.3667,2.0,24.753,0.006,0.5675,0.07,-0.93,-0.0,2.141,0.0,0.0,-0.0,0.0,0.0,0.0,2.24,2.14,2.07,2.11
1403,23.3833,2.0,24.757,0.005,0.5675,0.17,-1.01,0.0,2.027,0.0,0.0,-0.0,0.0,0.0,0.0,1.95,1.99,2.13,2.04
1404,23.4,2.0,24.762,0.005,0.5673,0.2,-1.03,0.0,1.837,0.0,0.0,-0.0,0.0,0.0,0.0,1.89,1.78,1.78,1.89
1405,23.4167,2.0,24.766,0.005,0.5671,0.23,-1.04,0.0,2.02,0.0,0.0,-0.0,0.0,0.0,0.0,1.98,1.99,1.99,2.12
1406,23.4333,2.0,24.771,0.005,0.5669,0.25,-1.07,0.0,2.02,0.0,0.0,-0.0,0.0,0.0,0.0,2.05,1.98,2.02,2.03
1407,23.45,2.0,24.776,0.005,0.5665,0.26,-1.1,0.0,2.042,0.0,0.0,-0.0,0.0,0.0,0.0,2.05,2.05,2.02,2.05
1408,23.4667,2.0,24.78,0.005,0.5663,0.24,-1.11,0.0,1.565,0.0,0.0,-0.0,0.0,0.0,0.0,1.07,1.54,1.6,2.04
1409,23.4833,2.0,24.785,0.005,0.5666,0.22,-1.08,0.01,2.139,0.0,0.0,-0.0,0.0,0.0,0.0,3.01,1.77,1.98,1.8
1410,23.5,2.0,24.789,0.005,0.5669,0.21,-1.04,0.0,1.843,0.0,0.0,-0.0,0.0,0.0,0.0,1.83,1.82,2.02,1.7
1411,23.5167,2.0,24.793,0.005,0.5677,0.17,-1.07,0.0,2.002,0.0,0.0,-0.0,0.0,0.0,0.0,1.98,1.89,2.13,2.01
1412,23.5333,2.0,24.797,0.005,0.5687,0.15,-1.15,0.0,1.929,0.0,0.0,-0.0,0.0,0.0,0.0,1.94,1.77,2.01,2.0
1413,23.55,2.0,24.8,0.005,0.5696,0.16,-1.26,-0.0,1.933,0.0,0.0,-0.0,0.0,0.0,0.0,2.07,1.75,1.91,1.99
1414,23.5667,2.0,24.804,0.005,0.5703,0.19,-1.37,-0.0,1.849,0.0,0.0,-0.0,0.0,0.0,0.0,1.91,1.98,1.82,1.7
1415,23.5833,2.0,24.807,0.005,0.571,0.18,-1.46,-0.0,1.909,0.0,0.0,-0.0,0.0,0.0,0.0,1.97,1.83,1.9,1.94
1416,23.6,2.0,24.811,0.005,0.5715,0.18,-1.55,-0.0,1.843,0.0,0.0,-0.0,0.0,0.0,0.0,1.96,1.8,1.89,1.72
1417,23.6167,2.0,24.815,0.005,0.5721,0.2,-1.65,-0.01,1.799,0.0,0.0,-0.0,0.0,0.0,0.0,1.92,1.81,1.8,1.67
1418,23.6333,2.0,24.818,0.005,0.5725,0.22,-1.74,-0.01,1.948,0.0,0.0,-0.0,0.0,0.0,0.0,2.02,1.87,1.86,2.04
1419,23.65,2.0,24.822,0.005,0.5729,0.25,-1.84,-0.01,2.021,0.0,0.0,-0.0,0.0,0.0,0.0,2.03,2.2,1.93,1.93
1420,23.6667,2.0,24.826,0.004,0.5731,0.27,-1.94,-0.01,1.896,0.0,0.0,-0.0,0.0,0.0,0.0,1.99,1.83,1.93,1.83
1421,23.6833,2.0,24.83,0.005,0.5732,0.24,-1.98,-0.02,1.614,0.0,0.0,-0.0,0.0,0.0,0.0,1.64,1.63,1.55,1.63
1422,23.7,2.0,24.834,0.005,0.5732,0.15,-1.98,-0.02,1.919,0.0,0.0,-0.0,0.0,0.0,0.0,1.88,1.92,2.06,1.81
1423,23.7167,2.0,24.839,0.006,0.5737,0.07,-2.04,-0.02,1.993,0.0,0.0,-0.0,0.0,0.0,0.0,1.98,2.04,1.98,1.98
1424,23.7333,2.0,24.843,0.006,0.574,0.07,-2.03,-0.02,1.81,0.0,0.0,-0.0,0.0,0.0,0.0,1.82,1.75,2.0,1.67
1425,23.75,2.0,24.847,0.006,0.5744,0.09,-2.01,-0.02,1.838,0.0,0.0,-0.0,0.0,0.0,0.0,1.76,2.34,1.94,1.31
1426,23.7667,2.0,24.852,0.005,0.5749,0.11,-2.01,-0.02,1.919,0.0,0.0,-0.0,0.0,0.0,0.0,1.93,1.89,1.86,2.0
1427,23.7833,2.0,24.856,0.005,0.5752,0.14,-2.02,-0.02,1.971,0.0,0.0,-0.0,0.0,0.0,0.0,2.05,1.9,1.89,2.05
1428,23.8,2.0,24.861,0.005,0.5754,0.17,-2.03,-0.02,1.955,0.0,0.0,-0.0,0.0,0.0,0.0,2.01,1.96,1.92,1.92
1429,23.8167,2.0,24.865,0.005,0.5754,0.2,-2.04,-0.02,1.977,0.0,0.0,-0.0,0.0,0.0,0.0,2.0,1.97,1.91,2.03
1430,23.8333,2.0,24.87,0.005,0.5753,0.23,-2.05,-0.02,1.915,0.0,0.0,-0.0,0.0,0.0,0.0,1.98,2.04,1.93,1.71
1431,23.85,2.0,24.875,0.005,0.5753,0.26,-2.1,-0.03,2.007,0.0,0.0,-0.0,0.0,0.0,0.0,2.02,2.13,1.96,1.92
1432,23.8667,2.0,24.879,0.004,0.5752,0.31,-2.16,-0.03,2.019,0.0,0.0,-0.0,0.0,0.0,0.0,2.01,2.1,1.97,2.0
1433,23.8833,2.0,24.884,0.004,0.5749,0.34,-2.22,-0.03,2.065,0.0,0.0,-0.0,0.0,0.0,0.0,1.99,2.23,1.99,2.06
1434,23.9,2.0,24.888,0.005,0.5745,0.26,-2.19,-0.03,1.789,0.0,0.0,-0.0,0.0,0.0,0.0,2.01,1.78,1.73,1.64
1435,23.9167,2.0,24.893,0.005,0.5745,0.17,-2.18,-0.03,1.996,0.0,0.0,-0.0,0.0,0.0,0.0,2.01,2.06,2.03,1.88
1436,23.9333,2.0,24.897,0.006,0.5747,0.11,-2.19,-0.03,1.803,0.0,0.0,-0.0,0.0,0.0,0.0,1.65,1.85,1.85,1.86
1437,23.95,2.0,24.902,0.005,0.5748,0.13,-2.13,-0.03,1.86,0.0,0.0,-0.0,0.0,0.0,0.0,1.89,1.77,1.96,1.83
1438,23.9667,2.0,24.907,0.005,0.575,0.13,-2.08,-0.03,1.982,0.0,0.0,-0.0,0.0,0.0,0.0,2.01,2.06,1.67,2.2
1439,23.9833,2.0,24.912,0.006,0.5752,0.11,-2.06,-0.03,1.942,0.0,0.0,-0.0,0.0,0.0,0.0,1.97,1.91,1.9,1.99
1440,24.0,2.0,24.916,0.006,0.5753,0.12,-2.04,-0.03,2.053,0.0,0.0,-0.0,0.0,0.0,0.0,1.93,2.28,1.81,2.19
1441,24.0167,2.0,24.921,0.005,0.5753,0.15,-2.05,-0.03,1.983,0.0,0.0,-0.0,0.0,0.0,0.0,1.95,2.01,1.98,1.99
1442,24.0333,2.0,24.926,0.005,0.5752,0.21,-2.07,-0.03,1.784,0.0,0.0,-0.0,0.0,0.0,0.0,1.71,1.98,1.64,1.81
1443,24.05,2.0,24.931,0.005,0.575,0.19,-2.04,-0.03,2.232,0.0,0.0,-0.0,0.0,0.0,0.0,2.42,1.93,2.42,2.16
1444,24.0667,2.0,24.935,0.005,0.5753,0.18,-2.07,-0.03,1.839,0.0,0.0,-0.0,0.0,0.0,0.0,1.5,2.02,1.95,1.89
1445,24.0833,2.0,24.939,0.005,0.5754,0.16,-2.11,-0.03,1.955,0.0,0.0,-0.0,0.0,0.0,0.0,1.97,1.89,2.0,1.97
1446,24.1,2.0,24.944,0.005,0.5753,0.12,-2.16,-0.03,2.0,0.0,0.0,-0.0,0.0,0.0,0.0,1.99,2.04,2.0,1.98
1447,24.1167,2.0,24.948,0.006,0.5751,0.08,-2.21,-0.03,1.959,0.0,0.0,-0.0,0.0,0.0,0.0,1.98,1.92,1.99,1.94
1448,24.1333,2.0,24.953,0.006,0.5751,0.05,-2.2,-0.02,2.155,0.0,0.0,-0.0,0.0,0.0,0.0,3.68,1.54,2.04,1.36
1449,24.15,2.0,24.957,0.006,0.5752,0.09,-2.13,-0.03,1.821,0.0,0.0,-0.0,0.0,0.0,0.0,1.83,1.79,2.03,1.63
1450,24.1667,2.0,24.962,0.006,0.575,0.12,-2.06,-0.01,1.895,0.0,0.0,-0.0,0.0,0.0,0.0,1.91,1.86,1.98,1.83
1451,24.1833,2.0,24.967,0.006,0.5753,0.11,-2.03,-0.01,1.988,0.0,0.0,-0.0,0.0,0.0,0.0,1.99,1.97,1.97,2.03
1452,24.2,2.0,24.972,0.006,0.5755,0.11,-2.01,-0.01,2.158,0.0,0.0,-0.0,0.0,0.0,0.0,1.75,1.95,2.93,2.0
1453,24.2167,2.0,24.977,0.006,0.5755,0.09,-1.98,-0.01,1.967,0.0,0.0,-0.0,0.0,0.0,0.0,1.96,1.95,1.98,1.99
1454,24.2333,2.0,24.982,0.005,0.5754,0.14,-2.0,-0.02,2.259,0.0,0.0,-0.0,0.0,0.0,0.0,2.02,2.37,2.7,1.95
1455,24.25,2.0,24.986,0.005,0.5752,0.22,-2.04,-0.02,2.047,0.0,0.0,-0.0,0.0,0.0,0.0,2.11,2.06,2.04,1.97
1456,24.2667,2.0,24.991,0.004,0.5748,0.3,-2.09,-0.02,2.012,0.0,0.0,-0.0,0.0,0.0,0.0,2.0,2.06,2.02,1.97
1457,24.2833,2.0,24.995,0.004,0.5744,0.35,-2.11,-0.02,2.002,0.0,0.0,-0.0,0.0,0.0,0.0,1.98,2.07,1.95,2.01
1458,24.3,2.0,25.0,0.004,0.5746,0.34,-2.1,-0.02,1.873,0.0,0.0,-0.0,0.0,0.0,0.0,1.77,2.03,2.03,1.66
1459,24.3167,2.0,25.004,0.005,0.5748,0.26,-2.11,-0.02,1.922,0.0,0.0,-0.0,0.0,0.0,0.0,1.81,2.0,2.0,1.89
1460,24.3333,2.0,25.009,0.006,0.5749,0.14,-2.15,-0.02,1.973,0.0,0.0,-0.0,0.0,0.0,0.0,1.96,1.97,2.0,1.96
1461,24.35,2.0,25.013,0.005,0.5749,0.14,-2.1,-0.02,2.001,0.0,0.0,-0.0,0.0,0.0,0.0,2.51,1.69,2.01,1.79
1462,24.3667,2.0,25.018,0.006,0.5752,0.13,-2.06,-0.02,1.85,0.0,0.0,-0.0,0.0,0.0,0.0,1.84,1.76,1.82,1.98
1463,24.3833,2.0,25.023,0.006,0.5754,0.12,-2.03,-0.02,1.951,0.0,0.0,-0.0,0.0,0.0,0.0,2.0,1.89,1.92,1.99
1464,24.4,2.0,25.027,0.006,0.5755,0.11,-2.01,-0.02,1.98,0.0,0.0,-0.0,0.0,0.0,0.0,2.01,1.91,1.94,2.06
1465,24.4167,2.0,25.032,0.006,0.5755,0.1,-1.98,-0.01,2.319,0.0,0.0,-0.0,0.0,0.0,0.0,1.91,1.87,3.45,2.04
1466,24.4333,2.0,25.037,0.006,0.5753,0.11,-1.98,-0.01,2.456,0.0,0.0,-0.0,0.0,0.0,0.0,2.01,3.87,2.01,1.93
1467,24.45,2.0,25.042,0.005,0.575,0.21,-2.03,-0.02,2.28,0.0,0.0,-0.0,0.0,0.0,0.0,2.15,3.15,1.78,2.04
1468,24.4667,2.0,25.046,0.005,0.5748,0.27,-2.08,-0.02,1.981,0.0,0.0,-0.0,0.0,0.0,0.0,1.93,1.96,2.08,1.95
1469,24.4833,2.0,25.05,0.005,0.5745,0.28,-2.14,-0.01,1.931,0.0,0.0,-0.0,0.0,0.0,0.0,1.96,1.79,1.98,1.99
1470,24.5,2.0,25.055,0.005,0.5747,0.26,-2.14,-0.01,1.847,0.0,0.0,-0.0,0.0,0.0,0.0,1.79,1.93,2.0,1.67
1471,24.5167,2.0,25.059,0.005,0.5749,0.16,-2.18,-0.01,1.914,0.0,0.0,-0.0,0.0,0.0,0.0,1.86,1.95,2.0,1.85
1472,24.5333,2.0,25.063,0.006,0.575,0.04,-2.23,-0.01,1.728,0.0,0.0,-0.0,0.0,0.0,0.0,1.63,1.58,2.04,1.65
1473,24.55,2.0,25.067,0.006,0.5751,0.08,-2.16,-0.01,1.752,0.0,0.0,-0.0,0.0,0.0,0.0,1.7,1.68,2.01,1.62
1474,24.5667,2.0,25.072,0.006,0.5751,0.11,-2.09,-0.01,1.883,0.0,0.0,-0.0,0.0,0.0,0.0,1.85,1.86,2.03,1.79
1475,24.5833,2.0,25.077,0.006,0.5752,0.13,-2.04,-0.01,2.025,0.0,0.0,-0.0,0.0,0.0,0.0,2.18,2.07,1.9,1.95
1476,24.6,2.0,25.082,0.005,0.5754,0.17,-2.05,-0.01,1.959,0.0,0.0,-0.0,0.0,0.0,0.0,1.97,2.0,1.97,1.89
1477,24.6167,2.0,25.087,0.005,0.5754,0.2,-2.05,-0.01,1.965,0.0,0.0,-0.0,0.0,0.0,0.0,1.98,1.99,1.99,1.9
1478,24.6333,2.0,25.091,0.005,0.5753,0.23,-2.04,-0.01,2.638,0.0,0.0,-0.0,0.0,0.0,0.0,1.99,2.18,4.02,2.37
1479,24.65,2.0,25.096,0.005,0.5751,0.26,-2.05,-0.01,1.82,0.0,0.0,-0.0,0.0,0.0,0.0,1.91,1.02,2.03,2.32
1480,24.6667,2.0,25.101,0.005,0.5748,0.29,-2.07,-0.01,2.017,0.0,0.0,-0.0,0.0,0.0,0.0,1.99,2.0,2.02,2.06
1481,24.6833,2.0,25.106,0.004,0.5745,0.32,-2.09,-0.01,1.995,0.0,0.0,-0.0,0.0,0.0,0.0,1.99,1.87,2.03,2.09
1482,24.7,2.0,25.11,0.004,0.5741,0.34,-2.15,-0.01,1.921,0.0,0.0,-0.0,0.0,0.0,0.0,1.9,2.06,2.15,1.57
1483,24.7167,2.0,25.114,0.005,0.5745,0.24,-2.16,-0.01,1.896,0.0,0.0,-0.0,0.0,0.0,0.0,1.8,1.98,1.99,1.81
1484,24.7333,2.0,25.119,0.005,0.5747,0.21,-2.14,-0.01,1.819,0.0,0.0,-0.0,0.0,0.0,0.0,1.89,1.78,1.98,1.62
1485,24.75,2.0,25.123,0.005,0.5751,0.2,-2.11,-0.01,1.952,0.0,0.0,-0.0,0.0,0.0,0.0,2.01,2.11,1.81,1.87
1486,24.7667,2.0,25.128,0.005,0.5754,0.2,-2.1,-0.01,1.949,0.0,0.0,-0.0,0.0,0.0,0.0,1.98,1.92,1.93,1.97
1487,24.7833,2.0,25.133,0.005,0.5755,0.2,-2.1,-0.01,1.967,0.0,0.0,-0.0,0.0,0.0,0.0,2.04,1.91,1.93,1.99
1488,24.8,2.0,25.137,0.005,0.5755,0.19,-2.08,-0.01,2.283,0.0,0.0,-0.0,0.0,0.0,0.0,2.02,1.92,3.1,2.09
1489,24.8167,2.0,25.142,0.005,0.5754,0.19,-2.06,-0.01,1.953,0.0,0.0,-0.0,0.0,0.0,0.0,1.96,2.0,1.95,1.9
1490,24.8333,2.0,25.147,0.005,0.5753,0.22,-2.05,-0.01,1.959,0.0,0.0,-0.0,0.0,0.0,0.0,2.08,2.03,1.76,1.96
1491,24.85,2.0,25.152,0.005,0.5752,0.26,-2.07,-0.01,2.005,0.0,0.0,-0.0,0.0,0.0,0.0,2.03,1.84,2.07,2.08
1492,24.8667,2.0,25.156,0.005,0.5749,0.28,-2.1,-0.01,2.006,0.0,0.0,-0.0,0.0,0.0,0.0,2.01,2.02,2.0,2.0
1493,24.8833,2.0,25.161,0.005,0.5746,0.31,-2.11,-0.01,2.216,0.0,0.0,-0.0,0.0,0.0,0.0,2.07,2.74,2.02,2.04
1494,24.9,2.0,25.166,0.005,0.5745,0.3,-2.1,-0.01,1.873,0.0,0.0,-0.0,0.0,0.0,0.0,1.71,2.07,2.08,1.64
1495,24.9167,2.0,25.17,0.005,0.575,0.24,-2.07,-0.01,1.703,0.0,0.0,-0.0,0.0,0.0,0.0,1.48,1.31,2.24,1.79
1496,24.9333,2.0,25.174,0.005,0.5757,0.23,-1.97,-0.01,1.46,0.0,0.0,-0.0,0.0,0.0,0.0,1.49,1.57,1.36,1.42
1497,24.95,2.0,25.178,0.005,0.5767,0.22,-1.89,-0.01,1.499,0.0,0.0,-0.0,0.0,0.0,0.0,1.99,1.65,1.42,0.94
1498,24.9667,2.0,25.182,0.005,0.5776,0.22,-1.81,-0.0,1.674,0.0,0.0,-0.0,0.0,0.0,0.0,2.01,1.76,1.54,1.4
1499,24.9833,2.0,25.186,0.005,0.5785,0.22,-1.72,-0.0,1.749,0.0,0.0,-0.0,0.0,0.0,0.0,1.99,1.78,1.59,1.64
1500,25.0,2.0,25.191,0.005,0.5792,0.22,-1.64,0.0,2.016,0.0,0.0,-0.0,0.0,0.0,0.0,2.02,1.63,2.93,1.48
1501,25.0167,2.0,25.195,0.005,0.5799,0.22,-1.55,-0.0,1.681,0.0,0.0,-0.0,0.0,0.0,0.0,1.99,1.82,1.63,1.29
1502,25.0333,2.0,25.2,0.005,0.5803,0.21,-1.47,0.01,1.881,0.0,0.0,-0.0,0.0,0.0,0.0,2.1,1.71,1.92,1.79
1503,25.05,2.0,25.205,0.005,0.5807,0.21,-1.37,0.0,1.43,0.0,0.0,-0.0,0.0,0.0,0.0,1.24,1.94,1.77,0.78
1504,25.0667,2.0,25.209,0.005,0.5813,0.22,-1.32,0.0,1.923,0.0,0.0,-0.0,0.0,0.0,0.0,1.86,1.93,1.98,1.92
1505,25.0833,2.0,25.214,0.005,0.5817,0.21,-1.28,0.0,1.892,0.0,0.0,-0.0,0.0,0.0,0.0,1.85,1.9,1.95,1.87
1506,25.1,2.0,25.219,0.005,0.5819,0.21,-1.23,0.0,1.909,0.0,0.0,-0.0,0.0,0.0,0.0,1.9,1.9,1.97,1.86
1507,25.1167,2.0,25.224,0.005,0.5821,0.21,-1.18,0.0,1.872,0.0,0.0,-0.0,0.0,0.0,0.0,1.7,1.81,1.82,2.16
1508,25.1333,2.0,25.228,0.006,0.5825,0.17,-1.16,0.0,1.88,0.0,0.0,-0.0,0.0,0.0,0.0,1.74,1.9,1.99,1.89
1509,25.15,2.0,25.233,0.006,0.5828,0.17,-1.11,0.01,1.873,0.0,0.0,-0.0,0.0,0.0,0.0,1.85,1.89,1.98,1.77
1510,25.1667,2.0,25.238,0.006,0.583,0.16,-1.08,0.01,1.773,0.0,0.0,-0.0,0.0,0.0,0.0,1.56,2.29,1.87,1.37
1511,25.1833,2.0,25.242,0.006,0.5833,0.16,-1.06,0.01,1.956,0.0,0.0,-0.0,0.0,0.0,0.0,1.96,1.93,1.94,2.0
1512,25.2,2.0,25.247,0.006,0.5835,0.16,-1.04,0.01,1.971,0.0,0.0,-0.0,0.0,0.0,0.0,2.01,1.95,1.98,1.94
1513,25.2167,2.0,25.252,0.006,0.5835,0.16,-1.03,0.01,2.244,0.0,0.0,-0.0,0.0,0.0,0.0,2.0,2.07,2.82,2.08
1514,25.2333,2.0,25.257,0.006,0.5833,0.16,-1.01,0.01,1.992,0.0,0.0,-0.0,0.0,0.0,0.0,2.0,1.95,2.02,2.0
1515,25.25,2.0,25.262,0.006,0.583,0.17,-1.01,0.01,2.034,0.0,0.0,-0.0,0.0,0.0,0.0,1.88,1.89,2.33,2.03
1516,25.2667,2.0,25.266,0.005,0.5828,0.23,-1.03,0.01,1.936,0.0,0.0,-0.0,0.0,0.0,0.0,1.99,1.83,1.96,1.96
1517,25.2833,2.0,25.271,0.005,0.5827,0.26,-1.07,0.01,2.018,0.0,0.0,-0.0,0.0,0.0,0.0,1.87,2.12,2.06,2.02
1518,25.3,2.0,25.275,0.005,0.5825,0.3,-1.11,0.01,2.043,0.0,0.0,-0.0,0.0,0.0,0.0,2.05,2.12,2.0,2.0
1519,25.3167,2.0,25.28,0.005,0.5826,0.29,-1.11,0.01,1.839,0.0,0.0,-0.0,0.0,0.0,0.0,1.56,2.16,2.09,1.55
1520,25.3333,2.0,25.284,0.006,0.5828,0.21,-1.13,0.01,1.922,0.0,0.0,-0.0,0.0,0.0,0.0,1.86,1.97,2.01,1.85
1521,25.35,2.0,25.288,0.006,0.5829,0.09,-1.18,0.01,1.671,0.0,0.0,-0.0,0.0,0.0,0.0,0.62,2.02,2.05,2.0
1522,25.3667,2.0,25.292,0.007,0.5836,-0.02,-1.26,0.02,1.838,0.0,0.0,-0.0,0.0,0.0,0.0,1.65,1.81,1.87,2.03
1523,25.3833,2.0,25.295,0.007,0.5848,-0.02,-1.3,0.02,1.83,0.0,0.0,-0.0,0.0,0.0,0.0,1.87,1.73,1.74,1.98
1524,25.4,2.0,25.299,0.007,0.5858,0.0,-1.39,0.02,1.876,0.0,0.0,-0.0,0.0,0.0,0.0,1.96,1.75,1.8,2.0
1525,25.4167,2.0,25.302,0.007,0.5868,0.06,-1.5,0.02,1.849,0.0,0.0,-0.0,0.0,0.0,0.0,1.92,1.74,1.74,2.0
1526,25.4333,2.0,25.305,0.006,0.5876,0.11,-1.6,0.02,1.901,0.0,0.0,-0.0,0.0,0.0,0.0,2.11,1.74,1.77,1.98
1527,25.45,2.0,25.309,0.006,0.5884,0.18,-1.72,0.01,1.883,0.0,0.0,-0.0,0.0,0.0,0.0,2.0,1.75,1.78,2.0
1528,25.4667,2.0,25.312,0.005,0.5891,0.25,-1.84,0.01,1.581,0.0,0.0,-0.0,0.0,0.0,0.0,1.96,1.79,1.76,0.81
1529,25.4833,2.0,25.315,0.005,0.5897,0.29,-1.94,0.01,1.861,0.0,0.0,-0.0,0.0,0.0,0.0,2.0,1.81,1.88,1.76
1530,25.5,2.0,25.319,0.005,0.5902,0.34,-2.04,0.0,1.923,0.0,0.0,-0.0,0.0,0.0,0.0,2.0,1.87,1.83,2.0
1531,25.5167,2.0,25.323,0.004,0.5906,0.38,-2.14,0.0,2.086,0.0,0.0,-0.0,0.0,0.0,0.0,2.01,2.12,1.85,2.36
1532,25.5333,2.0,25.327,0.004,0.5908,0.39,-2.21,-0.01,1.541,0.0,0.0,-0.0,0.0,0.0,0.0,2.0,1.06,1.39,1.72
1533,25.55,2.0,25.331,0.005,0.5908,0.29,-2.2,-0.0,1.802,0.0,0.0,-0.0,0.0,0.0,0.0,1.98,1.75,1.73,1.75
1534,25.5667,2.0,25.335,0.006,0.5907,0.19,-2.19,-0.0,1.927,0.0,0.0,-0.0,0.0,0.0,0.0,1.99,1.88,1.83,2.0
1535,25.5833,2.0,25.34,0.006,0.5904,0.08,-2.18,-0.0,2.004,0.0,0.0,-0.0,0.0,0.0,0.0,1.98,2.06,1.97,2.01
1536,25.6,2.0,25.345,0.007,0.5905,-0.02,-2.13,-0.0,1.492,0.0,0.0,-0.0,0.0,0.0,0.0,1.55,1.66,1.46,1.29
1537,25.6167,2.0,25.35,0.007,0.5908,-0.03,-2.09,-0.0,1.9,0.0,0.0,-0.0,0.0,0.0,0.0,1.93,1.87,1.8,2.01
1538,25.6333,2.0,25.354,0.007,0.5911,-0.04,-2.05,-0.0,1.932,0.0,0.0,-0.0,0.0,0.0,0.0,1.98,1.9,1.86,1.99
1539,25.65,2.0,25.359,0.007,0.5913,0.02,-2.07,-0.0,2.023,0.0,0.0,-0.0,0.0,0.0,0.0,2.01,2.1,1.98,2.01
1540,25.6667,2.0,25.364,0.006,0.5914,0.11,-2.11,-0.01,2.004,0.0,0.0,-0.0,0.0,0.0,0.0,2.04,2.0,1.98,1.99
1541,25.6833,2.0,25.368,0.006,0.5913,0.19,-2.14,-0.01,1.862,0.0,0.0,-0.0,0.0,0.0,0.0,1.88,2.32,1.53,1.72
1542,25.7,2.0,25.373,0.006,0.5915,0.17,-2.16,-0.01,1.966,0.0,0.0,-0.0,0.0,0.0,0.0,1.91,2.1,1.99,1.86
1543,25.7167,2.0,25.377,0.006,0.5916,0.14,-2.2,-0.01,1.965,0.0,0.0,-0.0,0.0,0.0,0.0,1.95,1.98,2.0,1.94
1544,25.7333,2.0,25.381,0.006,0.5916,0.13,-2.22,-0.01,1.846,0.0,0.0,-0.0,0.0,0.0,0.0,2.01,1.45,1.99,1.94
1545,25.75,2.0,25.386,0.006,0.5915,0.13,-2.24,-0.01,2.077,0.0,0.0,-0.0,0.0,0.0,0.0,1.96,2.45,2.0,1.89
1546,25.7667,2.0,25.391,0.006,0.5912,0.11,-2.26,-0.01,1.956,0.0,0.0,-0.0,0.0,0.0,0.0,1.89,2.34,1.97,1.62
1547,25.7833,2.0,25.395,0.007,0.5912,0.04,-2.27,-0.01,1.684,0.0,0.0,-0.0,0.0,0.0,0.0,1.02,2.01,1.91,1.81
1548,25.8,2.0,25.4,0.007,0.5911,0.01,-2.25,-0.01,1.575,0.0,0.0,-0.0,0.0,0.0,0.0,1.54,1.83,2.07,0.87
1549,25.8167,2.0,25.405,0.007,0.5909,0.06,-2.16,-0.01,1.825,0.0,0.0,-0.0,0.0,0.0,0.0,1.84,1.78,1.93,1.75
1550,25.8333,2.0,25.409,0.006,0.5913,0.08,-2.13,-0.01,1.917,0.0,0.0,-0.0,0.0,0.0,0.0,1.85,1.96,1.98,1.88
1551,25.85,2.0,25.414,0.006,0.5915,0.09,-2.11,-0.01,1.71,0.0,0.0,-0.0,0.0,0.0,0.0,1.61,1.95,1.46,1.82
1552,25.8667,2.0,25.419,0.006,0.5916,0.11,-2.09,-0.01,1.949,0.0,0.0,-0.0,0.0,0.0,0.0,1.7,2.07,1.92,2.11
1553,25.8833,2.0,25.424,0.006,0.5916,0.18,-2.11,-0.01,2.019,0.0,0.0,-0.0,0.0,0.0,0.0,2.16,1.99,1.94,1.99
1554,25.9,2.0,25.428,0.005,0.5914,0.25,-2.13,-0.01,2.016,0.0,0.0,-0.0,0.0,0.0,0.0,2.02,2.0,1.98,2.06
1555,25.9167,2.0,25.433,0.005,0.5911,0.32,-2.16,-0.01,2.006,0.0,0.0,-0.0,0.0,0.0,0.0,2.0,2.04,1.99,1.98
1556,25.9333,2.0,25.438,0.004,0.5906,0.39,-2.18,-0.02,1.789,0.0,0.0,-0.0,0.0,0.0,0.0,1.91,1.87,1.73,1.64
1557,25.95,2.0,25.442,0.005,0.5908,0.3,-2.19,-0.02,1.834,0.0,0.0,-0.0,0.0,0.0,0.0,1.65,2.27,1.48,1.93
1558,25.9667,2.0,25.446,0.006,0.591,0.19,-2.22,-0.02,1.942,0.0,0.0,-0.0,0.0,0.0,0.0,1.89,1.94,2.06,1.88
1559,25.9833,2.0,25.451,0.006,0.591,0.09,-2.25,-0.02,2.023,0.0,0.0,-0.0,0.0,0.0,0.0,2.08,2.05,1.97,2.0
1560,26.0,2.0,25.455,0.007,0.5911,0.05,-2.24,-0.01,1.472,0.0,0.0,-0.0,0.0,0.0,0.0,0.25,1.77,2.07,1.8
1561,26.0167,2.0,25.46,0.007,0.591,0.08,-2.17,-0.0,2.168,0.0,0.0,-0.0,0.0,0.0,0.0,2.54,2.18,2.18,1.78
1562,26.0333,2.0,25.465,0.007,0.5914,0.08,-2.13,-0.0,2.236,0.0,0.0,-0.0,0.0,0.0,0.0,1.98,1.84,3.35,1.77
1563,26.05,2.0,25.469,0.007,0.5916,0.08,-2.09,-0.01,1.906,0.0,0.0,-0.0,0.0,0.0,0.0,1.99,1.84,1.86,1.94
1564,26.0667,2.0,25.474,0.007,0.5916,0.1,-2.07,0.0,1.843,0.0,0.0,-0.0,0.0,0.0,0.0,1.93,1.95,1.49,2.0
1565,26.0833,2.0,25.478,0.006,0.5916,0.16,-2.09,0.0,2.003,0.0,0.0,-0.0,0.0,0.0,0.0,1.93,1.91,2.13,2.03
1566,26.1,2.0,25.483,0.005,0.5913,0.27,-2.14,0.0,2.147,0.0,0.0,-0.0,0.0,0.0,0.0,2.11,2.01,2.61,1.87
1567,26.1167,2.0,25.488,0.005,0.591,0.32,-2.15,0.0,1.892,0.0,0.0,-0.0,0.0,0.0,0.0,1.93,1.3,2.36,1.98
1568,26.1333,2.0,25.492,0.005,0.5907,0.36,-2.18,0.0,1.791,0.0,0.0,-0.0,0.0,0.0,0.0,1.88,1.58,2.04,1.66
1569,26.15,2.0,25.497,0.005,0.5911,0.32,-2.16,0.0,1.94,0.0,0.0,-0.0,0.0,0.0,0.0,1.88,2.06,1.96,1.86
1570,26.1667,2.0,25.501,0.006,0.5912,0.22,-2.19,0.0,1.96,0.0,0.0,-0.0,0.0,0.0,0.0,1.93,2.01,1.98,1.92
1571,26.1833,2.0,25.505,0.006,0.5912,0.11,-2.23,0.0,1.873,0.0,0.0,-0.0,0.0,0.0,0.0,1.78,1.93,2.02,1.77
1572,26.2,2.0,25.51,0.007,0.5911,0.03,-2.24,-0.0,1.969,0.0,0.0,-0.0,0.0,0.0,0.0,1.95,1.97,2.02,1.94
1573,26.2167,2.0,25.515,0.007,0.5909,0.03,-2.19,-0.0,1.841,0.0,0.0,-0.0,0.0,0.0,0.0,2.07,1.68,2.0,1.62
1574,26.2333,2.0,25.519,0.007,0.5911,0.07,-2.14,-0.0,2.005,0.0,0.0,-0.0,0.0,0.0,0.0,2.2,1.8,2.01,2.01
1575,26.25,2.0,25.524,0.006,0.5913,0.13,-2.15,-0.0,1.767,0.0,0.0,-0.0,0.0,0.0,0.0,1.96,1.93,1.11,2.07
1576,26.2667,2.0,25.529,0.006,0.5915,0.19,-2.14,-0.0,1.941,0.0,0.0,-0.0,0.0,0.0,0.0,1.94,2.03,1.94,1.86
1577,26.2833,2.0,25.533,0.006,0.5915,0.24,-2.14,-0.01,2.479,0.0,0.0,-0.0,0.0,0.0,0.0,1.94,2.09,3.44,2.44
1578,26.3,2.0,25.538,0.005,0.5914,0.28,-2.14,-0.01,1.969,0.0,0.0,-0.0,0.0,0.0,0.0,2.0,1.98,1.93,1.96
1579,26.3167,2.0,25.543,0.005,0.5911,0.33,-2.15,-0.01,1.961,0.0,0.0,-0.0,0.0,0.0,0.0,2.0,2.03,2.03,1.8
1580,26.3333,2.0,25.548,0.005,0.5906,0.38,-2.15,-0.01,1.96,0.0,0.0,-0.0,0.0,0.0,0.0,1.87,2.14,1.74,2.1
1581,26.35,2.0,25.552,0.005,0.5909,0.37,-2.22,-0.01,1.773,0.0,0.0,-0.0,0.0,0.0,0.0,1.64,1.89,1.73,1.84
1582,26.3667,2.0,25.557,0.005,0.5908,0.26,-2.21,-0.01,1.835,0.0,0.0,-0.0,0.0,0.0,0.0,1.91,1.81,1.78,1.84
1583,26.3833,2.0,25.561,0.006,0.591,0.16,-2.22,-0.01,1.969,0.0,0.0,-0.0,0.0,0.0,0.0,1.95,1.95,2.0,1.97
1584,26.4,2.0,25.566,0.006,0.591,0.12,-2.19,-0.01,1.531,0.0,0.0,-0.0,0.0,0.0,0.0,1.83,1.75,0.82,1.73
1585,26.4167,2.0,25.57,0.006,0.5914,0.13,-2.17,-0.01,1.952,0.0,0.0,-0.0,0.0,0.0,0.0,1.94,1.92,1.95,2.0
1586,26.4333,2.0,25.575,0.006,0.5916,0.15,-2.16,-0.01,1.702,0.0,0.0,-0.0,0.0,0.0,0.0,2.0,1.88,0.85,2.08
1587,26.45,2.0,25.58,0.006,0.5917,0.16,-2.15,-0.01,1.968,0.0,0.0,-0.0,0.0,0.0,0.0,1.99,1.9,2.0,1.99
1588,26.4667,2.0,25.584,0.006,0.5917,0.18,-2.14,-0.01,1.907,0.0,0.0,-0.0,0.0,0.0,0.0,1.89,1.97,1.78,1.99
1589,26.4833,2.0,25.589,0.006,0.5915,0.24,-2.17,-0.01,1.97,0.0,0.0,-0.0,0.0,0.0,0.0,1.95,1.88,2.05,2.0
1590,26.5,2.0,25.594,0.005,0.5913,0.29,-2.16,-0.01,1.986,0.0,0.0,-0.0,0.0,0.0,0.0,1.75,1.93,2.01,2.25
1591,26.5167,2.0,25.599,0.005,0.5909,0.33,-2.16,-0.01,2.004,0.0,0.0,-0.0,0.0,0.0,0.0,2.01,1.96,2.04,2.01
1592,26.5333,2.0,25.604,0.005,0.5905,0.37,-2.15,-0.01,2.027,0.0,0.0,-0.0,0.0,0.0,0.0,2.4,2.12,1.54,2.05
1593,26.55,2.0,25.608,0.005,0.5908,0.31,-2.14,-0.0,1.939,0.0,0.0,-0.0,0.0,0.0,0.0,1.98,1.94,1.96,1.88
1594,26.5667,2.0,25.613,0.006,0.591,0.23,-2.16,-0.0,1.939,0.0,0.0,-0.0,0.0,0.0,0.0,1.88,1.95,2.01,1.92
1595,26.5833,2.0,25.617,0.006,0.5911,0.14,-2.19,-0.0,2.003,0.0,0.0,-0.0,0.0,0.0,0.0,1.96,2.09,2.0,1.96
1596,26.6,2.0,25.622,0.006,0.5911,0.13,-2.15,-0.0,1.477,0.0,0.0,-0.0,0.0,0.0,0.0,1.78,1.83,0.76,1.54
1597,26.6167,2.0,25.626,0.006,0.5915,0.11,-2.12,-0.0,1.922,0.0,0.0,-0.0,0.0,0.0,0.0,1.93,1.87,1.89,2.01
1598,26.6333,2.0,25.631,0.007,0.5917,0.09,-2.09,-0.0,1.956,0.0,0.0,-0.0,0.0,0.0,0.0,2.0,1.9,1.92,2.0
1599,26.65,2.0,25.636,0.007,0.5918,0.1,-2.09,-0.01,2.043,0.0,0.0,-0.0,0.0,0.0,0.0,2.04,2.01,2.2,1.92
1600,26.6667,2.0,25.64,0.006,0.5918,0.17,-2.13,-0.0,2.021,0.0,0.0,-0.0,0.0,0.0,0.0,1.99,2.02,2.04,2.04
1601,26.6833,2.0,25.645,0.006,0.5917,0.22,-2.16,-0.01,1.902,0.0,0.0,-0.0,0.0,0.0,0.0,2.25,1.97,1.58,1.81
1602,26.7,2.0,25.65,0.006,0.5913,0.26,-2.18,-0.01,2.103,0.0,0.0,-0.0,0.0,0.0,0.0,2.0,1.98,1.95,2.48
1603,26.7167,2.0,25.654,0.005,0.591,0.3,-2.18,-0.01,1.989,0.0,0.0,-0.0,0.0,0.0,0.0,2.03,1.86,2.06,2.01
1604,26.7333,2.0,25.659,0.005,0.5905,0.35,-2.19,-0.01,1.877,0.0,0.0,-0.0,0.0,0.0,0.0,1.32,2.07,2.11,2.01
1605,26.75,2.0,25.664,0.005,0.5906,0.29,-2.18,-0.01,1.731,0.0,0.0,-0.0,0.0,0.0,0.0,2.03,1.85,1.96,1.09
1606,26.7667,2.0,25.668,0.006,0.5915,0.2,-2.14,-0.02,1.771,0.0,0.0,-0.0,0.0,0.0,0.0,1.51,1.65,2.0,1.92
1607,26.7833,2.0,25.672,0.007,0.5923,0.09,-2.12,-0.02,1.362,0.0,0.0,-0.0,0.0,0.0,0.0,0.98,0.58,2.02,1.88
1608,26.8,2.0,25.676,0.007,0.593,0.09,-1.99,-0.02,1.601,0.0,0.0,-0.0,0.0,0.0,0.0,1.43,1.43,2.01,1.53
1609,26.8167,2.0,25.68,0.007,0.5937,0.09,-1.86,-0.02,1.698,0.0,0.0,-0.0,0.0,0.0,0.0,1.52,1.51,2.0,1.76
1610,26.8333,2.0,25.685,0.007,0.5944,0.09,-1.74,-0.01,1.812,0.0,0.0,-0.0,0.0,0.0,0.0,1.69,1.97,1.49,2.1
1611,26.85,2.0,25.69,0.007,0.5951,0.08,-1.65,-0.0,1.855,0.0,0.0,-0.0,0.0,0.0,0.0,2.18,1.74,1.74,1.75
1612,26.8667,2.0,25.694,0.007,0.5957,0.08,-1.54,-0.0,1.922,0.0,0.0,-0.0,0.0,0.0,0.0,2.01,1.77,1.79,2.11
1613,26.8833,2.0,25.699,0.007,0.5962,0.09,-1.45,-0.0,1.78,0.0,0.0,-0.0,0.0,0.0,0.0,1.76,1.89,2.06,1.42
1614,26.9,2.0,25.704,0.007,0.5971,0.09,-1.43,-0.0,1.888,0.0,0.0,-0.0,0.0,0.0,0.0,1.86,1.87,1.9,1.92
1615,26.9167,2.0,25.708,0.007,0.5977,0.09,-1.4,-0.01,1.853,0.0,0.0,-0.0,0.0,0.0,0.0,1.82,1.81,2.0,1.78
1616,26.9333,2.0,25.713,0.007,0.5983,0.09,-1.37,-0.0,1.89,0.0,0.0,-0.0,0.0,0.0,0.0,1.77,2.02,2.0,1.76
1617,26.95,2.0,25.717,0.007,0.5987,0.09,-1.34,-0.0,1.927,0.0,0.0,-0.0,0.0,0.0,0.0,2.0,1.93,2.01,1.77
1618,26.9667,2.0,25.722,0.007,0.5991,0.07,-1.31,-0.0,1.85,0.0,0.0,-0.0,0.0,0.0,0.0,1.8,1.82,2.01,1.77
1619,26.9833,2.0,25.726,0.007,0.5993,0.05,-1.28,-0.0,1.907,0.0,0.0,-0.0,0.0,0.0,0.0,1.9,1.89,2.01,1.83
1620,27.0,2.0,25.731,0.007,0.5995,0.03,-1.24,0.0,2.03,0.0,0.0,-0.0,0.0,0.0,0.0,2.17,2.08,2.01,1.86
1621,27.0167,2.0,25.736,0.007,0.5994,0.01,-1.21,0.0,1.956,0.0,0.0,-0.0,0.0,0.0,0.0,2.01,1.9,2.02,1.9
1622,27.0333,2.0,25.741,0.007,0.5992,-0.01,-1.17,0.0,1.828,0.0,0.0,-0.0,0.0,0.0,0.0,1.6,1.84,2.02,1.85
1623,27.05,2.0,25.746,0.007,0.599,0.05,-1.07,0.0,1.859,0.0,0.0,-0.0,0.0,0.0,0.0,1.79,1.94,1.6,2.1
1624,27.0667,2.0,25.751,0.007,0.5992,0.06,-1.02,0.0,1.943,0.0,0.0,-0.0,0.0,0.0,0.0,1.94,1.95,1.94,1.94
1625,27.0833,2.0,25.756,0.007,0.5996,0.06,-1.01,-0.0,2.017,0.0,0.0,-0.0,0.0,0.0,0.0,2.06,2.03,2.0,1.99
1626,27.1,2.0,25.76,0.007,0.5999,0.11,-1.03,-0.0,1.982,0.0,0.0,-0.0,0.0,0.0,0.0,1.99,2.0,1.96,1.98
1627,27.1167,2.0,25.765,0.006,0.6,0.16,-1.06,-0.0,1.96,0.0,0.0,-0.0,0.0,0.0,0.0,2.04,1.83,1.98,2.0
1628,27.1333,2.0,25.77,0.006,0.6,0.22,-1.1,-0.01,2.005,0.0,0.0,-0.0,0.0,0.0,0.0,2.02,2.05,1.97,1.99
1629,27.15,2.0,25.774,0.005,0.5998,0.3,-1.15,-0.01,1.998,0.0,0.0,-0.0,0.0,0.0,0.0,2.02,2.03,1.98,1.96
1630,27.1667,2.0,25.779,0.005,0.5996,0.38,-1.21,-0.02,1.878,0.0,0.0,-0.0,0.0,0.0,0.0,1.84,1.68,2.15,1.85
1631,27.1833,2.0,25.783,0.005,0.5995,0.29,-1.2,-0.02,1.92,0.0,0.0,-0.0,0.0,0.0,0.0,2.01,1.85,1.74,2.09
1632,27.2,2.0,25.787,0.006,0.6001,0.15,-1.25,-0.02,1.846,0.0,0.0,-0.0,0.0,0.0,0.0,1.57,1.85,2.01,1.96
1633,27.2167,2.0,25.791,0.007,0.6007,0.01,-1.32,-0.03,1.971,0.0,0.0,-0.0,0.0,0.0,0.0,1.84,1.94,2.1,2.01
1634,27.2333,2.0,25.795,0.008,0.6014,-0.06,-1.45,-0.03,1.818,0.0,0.0,-0.0,0.0,0.0,0.0,1.69,1.52,2.16,1.89
1635,27.25,2.0,25.798,0.007,0.6023,-0.02,-1.52,-0.04,1.841,0.0,0.0,-0.0,0.0,0.0,0.0,1.83,1.67,1.86,2.0
1636,27.2667,2.0,25.801,0.007,0.6033,0.03,-1.62,-0.04,1.915,0.0,0.0,-0.0,0.0,0.0,0.0,2.04,1.78,1.83,2.0
1637,27.2833,2.0,25.804,0.006,0.6042,0.1,-1.74,-0.04,1.948,0.0,0.0,-0.0,0.0,0.0,0.0,2.22,1.79,1.78,2.0
1638,27.3,2.0,25.808,0.006,0.605,0.17,-1.85,-0.04,1.818,0.0,0.0,-0.0,0.0,0.0,0.0,2.0,1.75,1.85,1.67
1639,27.3167,2.0,25.811,0.006,0.6057,0.18,-1.92,-0.04,1.77,0.0,0.0,-0.0,0.0,0.0,0.0,1.98,1.73,1.77,1.6
1640,27.3333,2.0,25.815,0.006,0.6063,0.17,-1.98,-0.04,1.771,0.0,0.0,-0.0,0.0,0.0,0.0,2.0,1.84,1.87,1.37
1641,27.35,2.0,25.819,0.006,0.6069,0.18,-2.04,-0.04,1.897,0.0,0.0,-0.0,0.0,0.0,0.0,1.99,1.86,1.82,1.91
1642,27.3667,2.0,25.823,0.006,0.6073,0.19,-2.1,-0.05,1.895,0.0,0.0,-0.0,0.0,0.0,0.0,1.99,1.9,1.86,1.83
1643,27.3833,2.0,25.827,0.006,0.6077,0.19,-2.16,-0.05,1.824,0.0,0.0,-0.0,0.0,0.0,0.0,2.0,1.54,1.91,1.85
1644,27.4,2.0,25.831,0.006,0.6079,0.19,-2.22,-0.05,1.965,0.0,0.0,-0.0,0.0,0.0,0.0,2.0,1.83,1.9,2.13
1645,27.4167,2.0,25.836,0.006,0.6079,0.17,-2.26,-0.05,1.873,0.0,0.0,-0.0,0.0,0.0,0.0,1.99,2.2,1.61,1.69
1646,27.4333,2.0,25.84,0.006,0.6078,0.1,-2.25,-0.05,1.845,0.0,0.0,-0.0,0.0,0.0,0.0,1.51,2.12,1.89,1.86
1647,27.45,2.0,25.845,0.007,0.6076,0.03,-2.25,-0.05,2.004,0.0,0.0,-0.0,0.0,0.0,0.0,2.01,2.05,1.98,1.98
1648,27.4667,2.0,25.85,0.007,0.6076,-0.03,-2.22,-0.05,1.496,0.0,0.0,-0.0,0.0,0.0,0.0,1.64,2.04,1.35,0.96
1649,27.4833,2.0,25.854,0.007,0.6079,0.01,-2.2,-0.05,2.021,0.0,0.0,-0.0,0.0,0.0,0.0,2.01,2.0,2.12,1.96
1650,27.5,2.0,25.859,0.006,0.6082,0.12,-2.23,-0.05,1.957,0.0,0.0,-0.0,0.0,0.0,0.0,1.96,1.92,1.98,1.97
1651,27.5167,2.0,25.863,0.006,0.6083,0.19,-2.24,-0.05,2.339,0.0,0.0,-0.0,0.0,0.0,0.0,1.94,1.86,3.67,1.88
1652,27.5333,2.0,25.868,0.005,0.6083,0.25,-2.24,-0.04,1.96,0.0,0.0,-0.0,0.0,0.0,0.0,2.01,1.91,1.92,2.0
1653,27.55,2.0,25.873,0.005,0.6081,0.31,-2.23,-0.05,2.023,0.0,0.0,-0.0,0.0,0.0,0.0,2.0,2.04,1.94,2.11
1654,27.5667,2.0,25.878,0.005,0.6078,0.37,-2.23,-0.05,1.946,0.0,0.0,-0.0,0.0,0.0,0.0,2.2,2.08,1.75,1.76
1655,27.5833,2.0,25.882,0.005,0.6081,0.37,-2.3,-0.06,1.707,0.0,0.0,-0.0,0.0,0.0,0.0,1.96,0.92,1.98,1.97
1656,27.6,2.0,25.886,0.005,0.6082,0.31,-2.31,-0.06,1.821,0.0,0.0,-0.0,0.0,0.0,0.0,1.93,1.82,1.8,1.73
1657,27.6167,2.0,25.891,0.006,0.6082,0.22,-2.3,-0.06,1.959,0.0,0.0,-0.0,0.0,0.0,0.0,1.95,2.09,1.86,1.94
1658,27.6333,2.0,25.896,0.006,0.6079,0.12,-2.28,-0.06,2.018,0.0,0.0,-0.0,0.0,0.0,0.0,2.08,2.0,1.97,2.02
1659,27.65,2.0,25.9,0.007,0.6076,0.04,-2.27,-0.07,2.038,0.0,0.0,-0.0,0.0,0.0,0.0,1.66,1.48,2.86,2.16
1660,27.6667,2.0,25.905,0.007,0.6077,0.01,-2.23,-0.06,1.778,0.0,0.0,-0.0,0.0,0.0,0.0,2.06,2.18,1.27,1.61
1661,27.6833,2.0,25.91,0.007,0.6081,-0.03,-2.16,-0.07,1.959,0.0,0.0,-0.0,0.0,0.0,0.0,1.47,1.77,2.53,2.07
1662,27.7,2.0,25.914,0.007,0.6083,0.05,-2.17,-0.07,2.006,0.0,0.0,-0.0,0.0,0.0,0.0,1.99,2.03,2.04,1.96
1663,27.7167,2.0,25.919,0.006,0.6083,0.17,-2.21,-0.06,1.944,0.0,0.0,-0.0,0.0,0.0,0.0,1.97,1.94,1.95,1.91
1664,27.7333,2.0,25.923,0.006,0.6082,0.24,-2.22,-0.06,1.909,0.0,0.0,-0.0,0.0,0.0,0.0,1.86,1.97,1.9,1.91
1665,27.75,2.0,25.928,0.005,0.608,0.3,-2.21,-0.06,1.912,0.0,0.0,-0.0,0.0,0.0,0.0,2.05,2.15,1.59,1.86
1666,27.7667,2.0,25.933,0.005,0.6078,0.36,-2.23,-0.06,2.167,0.0,0.0,-0.0,0.0,0.0,0.0,2.1,2.59,1.94,2.04
1667,27.7833,2.0,25.937,0.005,0.6078,0.37,-2.22,-0.06,1.492,0.0,0.0,-0.0,0.0,0.0,0.0,1.49,0.9,1.7,1.89
1668,27.8,2.0,25.942,0.005,0.608,0.3,-2.23,-0.06,1.904,0.0,0.0,-0.0,0.0,0.0,0.0,1.72,1.95,2.06,1.89
1669,27.8167,2.0,25.946,0.006,0.6081,0.18,-2.27,-0.06,1.951,0.0,0.0,-0.0,0.0,0.0,0.0,1.92,1.96,2.0,1.93
1670,27.8333,2.0,25.951,0.006,0.608,0.12,-2.27,-0.06,2.093,0.0,0.0,-0.0,0.0,0.0,0.0,1.88,2.54,2.12,1.83
1671,27.85,2.0,25.955,0.007,0.6078,0.05,-2.27,-0.06,2.007,0.0,0.0,-0.0,0.0,0.0,0.0,1.98,2.03,2.05,1.97
1672,27.8667,2.0,25.96,0.007,0.6076,-0.02,-2.27,-0.06,1.813,0.0,0.0,-0.0,0.0,0.0,0.0,1.81,1.66,1.89,1.9
1673,27.8833,2.0,25.964,0.007,0.608,0.05,-2.27,-0.06,2.154,0.0,0.0,-0.0,0.0,0.0,0.0,1.78,1.92,1.95,2.97
1674,27.9,2.0,25.969,0.006,0.6082,0.11,-2.25,-0.06,1.879,0.0,0.0,-0.0,0.0,0.0,0.0,1.76,1.97,1.93,1.87
1675,27.9167,2.0,25.973,0.006,0.6083,0.17,-2.24,-0.06,1.835,0.0,0.0,-0.0,0.0,0.0,0.0,1.93,1.91,1.94,1.56
1676,27.9333,2.0,25.978,0.006,0.6082,0.24,-2.23,-0.07,2.03,0.0,0.0,-0.0,0.0,0.0,0.0,2.01,1.91,2.17,2.03
1677,27.95,2.0,25.983,0.005,0.608,0.3,-2.22,-0.07,1.885,0.0,0.0,-0.0,0.0,0.0,0.0,2.07,1.88,1.98,1.61
1678,27.9667,2.0,25.988,0.005,0.6077,0.36,-2.21,-0.07,1.879,0.0,0.0,-0.0,0.0,0.0,0.0,1.53,2.1,1.85,2.03
1679,27.9833,2.0,25.992,0.005,0.6081,0.36,-2.28,-0.07,1.452,0.0,0.0,-0.0,0.0,0.0,0.0,1.96,-0.19,2.03,2.0
1680,28.0,2.0,25.996,0.005,0.6083,0.36,-2.33,-0.07,1.973,0.0,0.0,-0.0,0.0,0.0,0.0,1.99,1.96,1.95,1.99
1681,28.0167,2.0,26.001,0.005,0.6083,0.28,-2.33,-0.07,1.854,0.0,0.0,-0.0,0.0,0.0,0.0,2.0,1.96,1.72,1.73
1682,28.0333,2.0,26.005,0.006,0.6081,0.18,-2.31,-0.07,1.93,0.0,0.0,-0.0,0.0,0.0,0.0,2.01,2.0,1.88,1.83
1683,28.05,2.0,26.01,0.007,0.6078,0.07,-2.28,-0.07,1.8,0.0,0.0,-0.0,0.0,0.0,0.0,1.78,1.59,1.84,1.99
1684,28.0667,2.0,26.015,0.007,0.6081,0.06,-2.23,-0.07,1.764,0.0,0.0,-0.0,0.0,0.0,0.0,2.08,2.05,1.1,1.83
1685,28.0833,2.0,26.02,0.006,0.6084,0.13,-2.25,-0.07,2.031,0.0,0.0,-0.0,0.0,0.0,0.0,1.99,1.99,2.02,2.13
1686,28.1,2.0,26.024,0.006,0.6085,0.18,-2.26,-0.06,1.868,0.0,0.0,-0.0,0.0,0.0,0.0,1.96,1.79,1.99,1.73
1687,28.1167,2.0,26.029,0.006,0.6084,0.22,-2.24,-0.06,1.944,0.0,0.0,-0.0,0.0,0.0,0.0,2.24,1.93,1.39,2.21
1688,28.1333,2.0,26.034,0.006,0.6083,0.25,-2.25,-0.06,2.086,0.0,0.0,-0.0,0.0,0.0,0.0,2.13,1.94,2.21,2.07
1689,28.15,2.0,26.039,0.005,0.608,0.29,-2.24,-0.06,1.942,0.0,0.0,-0.0,0.0,0.0,0.0,1.94,1.91,1.99,1.93
1690,28.1667,2.0,26.044,0.005,0.6077,0.34,-2.22,-0.06,2.001,0.0,0.0,-0.0,0.0,0.0,0.0,2.06,1.94,1.99,2.02
1691,28.1833,2.0,26.048,0.005,0.6078,0.35,-2.27,-0.06,2.019,0.0,0.0,-0.0,0.0,0.0,0.0,2.04,2.04,1.98,2.02
1692,28.2,2.0,26.053,0.005,0.608,0.29,-2.27,-0.06,1.86,0.0,0.0,-0.0,0.0,0.0,0.0,1.94,1.83,1.84,1.83
1693,28.2167,2.0,26.057,0.006,0.6081,0.21,-2.27,-0.06,1.919,0.0,0.0,-0.0,0.0,0.0,0.0,1.96,1.91,1.91,1.89
1694,28.2333,2.0,26.062,0.006,0.608,0.13,-2.26,-0.06,2.008,0.0,0.0,-0.0,0.0,0.0,0.0,1.99,2.17,1.95,1.92
1695,28.25,2.0,26.067,0.007,0.608,0.06,-2.23,-0.06,1.494,0.0,0.0,-0.0,0.0,0.0,0.0,1.54,1.81,1.38,1.25
1696,28.2667,2.0,26.071,0.007,0.6083,0.02,-2.17,-0.06,2.08,0.0,0.0,-0.0,0.0,0.0,0.0,1.92,1.9,2.45,2.05
1697,28.2833,2.0,26.076,0.007,0.6086,0.07,-2.19,-0.06,1.996,0.0,0.0,-0.0,0.0,0.0,0.0,1.96,1.95,2.02,2.05
1698,28.3,2.0,26.081,0.006,0.6087,0.14,-2.21,-0.05,1.984,0.0,0.0,-0.0,0.0,0.0,0.0,1.99,1.94,2.07,1.93
1699,28.3167,2.0,26.085,0.006,0.6087,0.2,-2.23,-0.05,1.991,0.0,0.0,-0.0,0.0,0.0,0.0,2.0,1.97,2.0,1.99
1700,28.3333,2.0,26.09,0.006,0.6085,0.25,-2.24,-0.05,2.026,0.0,0.0,-0.0,0.0,0.0,0.0,2.02,1.95,1.9,2.23
1701,28.35,2.0,26.095,0.005,0.6081,0.29,-2.24,-0.06,2.071,0.0,0.0,-0.0,0.0,0.0,0.0,2.13,1.88,2.02,2.25
1702,28.3667,2.0,26.1,0.005,0.6077,0.32,-2.25,-0.05,2.03,0.0,0.0,-0.0,0.0,0.0,0.0,2.03,2.0,2.02,2.06
1703,28.3833,2.0,26.104,0.005,0.6078,0.34,-2.3,-0.05,1.927,0.0,0.0,-0.0,0.0,0.0,0.0,1.83,2.02,1.93,1.94
1704,28.4,2.0,26.108,0.005,0.608,0.29,-2.31,-0.05,1.919,0.0,0.0,-0.0,0.0,0.0,0.0,1.74,2.53,1.69,1.7
1705,28.4167,2.0,26.113,0.006,0.6081,0.22,-2.3,-0.05,1.891,0.0,0.0,-0.0,0.0,0.0,0.0,1.96,1.88,1.87,1.85
1706,28.4333,2.0,26.118,0.006,0.608,0.15,-2.28,-0.05,1.951,0.0,0.0,-0.0,0.0,0.0,0.0,1.94,1.97,1.97,1.93
1707,28.45,2.0,26.122,0.007,0.6078,0.07,-2.27,-0.05,1.891,0.0,0.0,-0.0,0.0,0.0,0.0,1.85,1.81,1.91,2.0
1708,28.4667,2.0,26.127,0.007,0.6081,0.04,-2.21,-0.05,2.311,0.0,0.0,-0.0,0.0,0.0,0.0,1.98,1.77,3.79,1.7
1709,28.4833,2.0,26.132,0.007,0.6083,-0.0,-2.14,-0.05,1.899,0.0,0.0,-0.0,0.0,0.0,0.0,1.87,1.84,1.86,2.02
1710,28.5,2.0,26.137,0.007,0.6085,0.02,-2.13,-0.05,2.933,0.0,0.0,-0.0,0.0,0.0,0.0,2.28,1.91,5.61,1.95
1711,28.5167,2.0,26.141,0.006,0.6085,0.15,-2.19,-0.06,2.028,0.0,0.0,-0.0,0.0,0.0,0.0,2.0,2.08,2.02,2.01
1712,28.5333,2.0,26.146,0.006,0.6083,0.23,-2.22,-0.05,1.927,0.0,0.0,-0.0,0.0,0.0,0.0,1.97,1.86,1.96,1.91
1713,28.55,2.0,26.15,0.006,0.6081,0.27,-2.21,-0.05,2.073,0.0,0.0,-0.0,0.0,0.0,0.0,1.71,2.11,2.61,1.86
1714,28.5667,2.0,26.155,0.005,0.6079,0.31,-2.25,-0.05,1.981,0.0,0.0,-0.0,0.0,0.0,0.0,1.9,1.96,2.09,1.97
1715,28.5833,2.0,26.16,0.005,0.6076,0.35,-2.27,-0.05,1.774,0.0,0.0,-0.0,0.0,0.0,0.0,1.55,1.79,1.91,1.85
1716,28.6,2.0,26.164,0.005,0.6079,0.31,-2.25,-0.04,1.826,0.0,0.0,-0.0,0.0,0.0,0.0,1.71,1.83,1.95,1.82
1717,28.6167,2.0,26.168,0.006,0.6086,0.21,-2.2,-0.05,1.759,0.0,0.0,-0.0,0.0,0.0,0.0,1.55,1.63,2.01,1.84
1718,28.6333,2.0,26.172,0.007,0.6093,0.14,-2.13,-0.05,1.677,0.0,0.0,-0.0,0.0,0.0,0.0,0.76,1.66,1.98,2.31
1719,28.65,2.0,26.176,0.007,0.61,0.13,-2.0,-0.04,2.908,0.0,0.0,-0.0,0.0,0.0,0.0,6.75,1.53,1.68,1.68
1720,28.6667,2.0,26.181,0.007,0.6109,0.1,-1.88,-0.04,1.781,0.0,0.0,-0.0,0.0,0.0,0.0,1.98,1.69,1.46,1.99
1721,28.6833,2.0,26.185,0.007,0.6117,0.1,-1.78,-0.04,1.818,0.0,0.0,-0.0,0.0,0.0,0.0,1.97,1.78,1.53,2.0
1722,28.7,2.0,26.189,0.007,0.6123,0.1,-1.7,-0.04,1.842,0.0,0.0,-0.0,0.0,0.0,0.0,2.0,1.79,1.58,2.0
1723,28.7167,2.0,26.194,0.007,0.613,0.12,-1.61,-0.03,1.716,0.0,0.0,-0.0,0.0,0.0,0.0,2.01,1.83,1.67,1.36
1724,28.7333,2.0,26.199,0.007,0.6135,0.12,-1.51,-0.04,1.953,0.0,0.0,-0.0,0.0,0.0,0.0,1.73,1.93,2.18,1.98
1725,28.75,2.0,26.204,0.006,0.6143,0.13,-1.47,-0.04,1.888,0.0,0.0,-0.0,0.0,0.0,0.0,1.94,1.91,1.78,1.92
1726,28.7667,2.0,26.208,0.007,0.6148,0.11,-1.43,-0.04,1.831,0.0,0.0,-0.0,0.0,0.0,0.0,1.84,1.86,1.79,1.84
1727,28.7833,2.0,26.213,0.007,0.6152,0.12,-1.37,-0.04,1.89,0.0,0.0,-0.0,0.0,0.0,0.0,1.87,1.87,2.0,1.83
1728,28.8,2.0,26.218,0.007,0.6155,0.11,-1.33,-0.03,1.862,0.0,0.0,-0.0,0.0,0.0,0.0,1.84,1.84,1.95,1.82
1729,28.8167,2.0,26.222,0.007,0.6158,0.1,-1.28,-0.03,1.975,0.0,0.0,-0.0,0.0,0.0,0.0,1.91,1.98,2.17,1.84
1730,28.8333,2.0,26.227,0.007,0.616,0.07,-1.25,-0.03,1.929,0.0,0.0,-0.0,0.0,0.0,0.0,1.9,1.92,2.0,1.89
1731,28.85,2.0,26.232,0.007,0.6161,0.04,-1.22,-0.03,1.848,0.0,0.0,-0.0,0.0,0.0,0.0,1.95,1.95,1.62,1.87
1732,28.8667,2.0,26.237,0.007,0.616,0.02,-1.18,-0.03,1.954,0.0,0.0,-0.0,0.0,0.0,0.0,1.95,1.96,1.97,1.93
1733,28.8833,2.0,26.242,0.008,0.6159,-0.02,-1.16,-0.03,1.924,0.0,0.0,-0.0,0.0,0.0,0.0,2.11,1.84,1.88,1.86
1734,28.9,2.0,26.247,0.008,0.6159,-0.03,-1.16,-0.03,2.019,0.0,0.0,-0.0,0.0,0.0,0.0,2.01,1.86,2.07,2.13
1735,28.9167,2.0,26.251,0.007,0.6164,0.07,-1.15,-0.03,1.983,0.0,0.0,-0.0,0.0,0.0,0.0,2.05,1.9,1.97,2.01
1736,28.9333,2.0,26.256,0.007,0.6165,0.13,-1.15,-0.03,1.697,0.0,0.0,-0.0,0.0,0.0,0.0,1.87,1.92,1.11,1.89
1737,28.95,2.0,26.261,0.006,0.6168,0.18,-1.13,-0.03,1.94,0.0,0.0,-0.0,0.0,0.0,0.0,1.93,1.98,1.98,1.87
1738,28.9667,2.0,26.265,0.006,0.6171,0.21,-1.12,-0.03,1.941,0.0,0.0,-0.0,0.0,0.0,0.0,1.97,1.96,1.96,1.88
1739,28.9833,2.0,26.27,0.006,0.6172,0.23,-1.12,-0.03,1.962,0.0,0.0,-0.0,0.0,0.0,0.0,1.97,1.99,1.98,1.9
1740,29.0,2.0,26.274,0.006,0.6171,0.24,-1.12,-0.02,1.974,0.0,0.0,-0.0,0.0,0.0,0.0,2.01,1.96,1.99,1.94
1741,29.0167,2.0,26.279,0.006,0.6169,0.24,-1.14,-0.02,1.91,0.0,0.0,-0.0,0.0,0.0,0.0,1.53,2.1,2.02,1.98
1742,29.0333,2.0,26.283,0.006,0.6171,0.15,-1.24,-0.02,1.691,0.0,0.0,-0.0,0.0,0.0,0.0,1.82,1.72,1.53,1.69
1743,29.05,2.0,26.287,0.007,0.6179,0.11,-1.35,-0.02,1.863,0.0,0.0,-0.0,0.0,0.0,0.0,2.02,1.82,1.93,1.69
1744,29.0667,2.0,26.29,0.007,0.6187,0.06,-1.46,-0.02,1.866,0.0,0.0,-0.0,0.0,0.0,0.0,1.94,1.82,1.94,1.77
1745,29.0833,2.0,26.294,0.007,0.6193,0.01,-1.57,-0.03,1.961,0.0,0.0,-0.0,0.0,0.0,0.0,1.97,1.83,2.07,1.98
1746,29.1,2.0,26.297,0.008,0.6199,-0.04,-1.68,-0.03,1.924,0.0,0.0,-0.0,0.0,0.0,0.0,2.01,1.78,2.11,1.79
1747,29.1167,2.0,26.301,0.008,0.6209,-0.02,-1.75,-0.03,1.868,0.0,0.0,-0.0,0.0,0.0,0.0,1.91,1.8,1.78,1.98
1748,29.1333,2.0,26.304,0.007,0.6218,0.05,-1.85,-0.03,1.847,0.0,0.0,-0.0,0.0,0.0,0.0,1.95,1.7,1.76,1.97
1749,29.15,2.0,26.307,0.007,0.6227,0.13,-1.96,-0.03,1.9,0.0,0.0,-0.0,0.0,0.0,0.0,2.07,1.77,1.79,1.97
1750,29.1667,2.0,26.311,0.006,0.6235,0.2,-2.06,-0.03,1.865,0.0,0.0,-0.0,0.0,0.0,0.0,2.0,1.78,1.89,1.8
1751,29.1833,2.0,26.314,0.006,0.6243,0.27,-2.16,-0.03,1.874,0.0,0.0,-0.0,0.0,0.0,0.0,2.0,1.84,1.85,1.81
1752,29.2,2.0,26.318,0.005,0.6249,0.34,-2.26,-0.03,1.895,0.0,0.0,-0.0,0.0,0.0,0.0,2.0,1.84,1.91,1.84
1753,29.2167,2.0,26.321,0.005,0.6254,0.41,-2.37,-0.03,1.938,0.0,0.0,-0.0,0.0,0.0,0.0,2.0,1.88,1.87,2.0
1754,29.2333,2.0,26.325,0.005,0.6257,0.37,-2.38,-0.03,1.708,0.0,0.0,-0.0,0.0,0.0,0.0,2.01,1.62,1.58,1.62
1755,29.25,2.0,26.329,0.005,0.6259,0.31,-2.38,-0.03,1.857,0.0,0.0,-0.0,0.0,0.0,0.0,2.0,1.76,1.75,1.92
1756,29.2667,2.0,26.334,0.006,0.626,0.24,-2.38,-0.04,1.918,0.0,0.0,-0.0,0.0,0.0,0.0,2.0,1.95,1.85,1.87
1757,29.2833,2.0,26.339,0.006,0.626,0.16,-2.38,-0.04,1.984,0.0,0.0,-0.0,0.0,0.0,0.0,1.98,1.91,1.91,2.12
1758,29.3,2.0,26.343,0.007,0.6258,0.09,-2.38,-0.04,1.983,0.0,0.0,-0.0,0.0,0.0,0.0,2.0,2.05,1.95,1.93
1759,29.3167,2.0,26.348,0.007,0.6254,-0.0,-2.37,-0.04,1.935,0.0,0.0,-0.0,0.0,0.0,0.0,2.03,2.03,1.93,1.76
1760,29.3333,2.0,26.353,0.007,0.6255,0.02,-2.38,-0.04,1.697,0.0,0.0,-0.0,0.0,0.0,0.0,1.81,1.85,1.42,1.71
1761,29.35,2.0,26.357,0.007,0.6258,0.09,-2.37,-0.04,1.916,0.0,0.0,-0.0,0.0,0.0,0.0,1.81,2.12,1.89,1.84
1762,29.3667,2.0,26.362,0.006,0.626,0.15,-2.36,-0.04,1.907,0.0,0.0,-0.0,0.0,0.0,0.0,1.89,1.89,1.98,1.86
1763,29.3833,2.0,26.366,0.006,0.626,0.22,-2.36,-0.04,1.922,0.0,0.0,-0.0,0.0,0.0,0.0,2.11,2.41,1.88,1.29
1764,29.4,2.0,26.371,0.006,0.6258,0.29,-2.35,-0.05,1.949,0.0,0.0,-0.0,0.0,0.0,0.0,1.92,2.02,1.91,1.95
1765,29.4167,2.0,26.376,0.005,0.6255,0.35,-2.34,-0.04,2.007,0.0,0.0,-0.0,0.0,0.0,0.0,1.92,2.21,1.95,1.94
1766,29.4333,2.0,26.381,0.005,0.6255,0.37,-2.32,-0.04,1.835,0.0,0.0,-0.0,0.0,0.0,0.0,1.92,1.84,1.95,1.63
1767,29.45,2.0,26.385,0.006,0.6256,0.27,-2.33,-0.05,1.866,0.0,0.0,-0.0,0.0,0.0,0.0,1.89,1.92,1.76,1.89
1768,29.4667,2.0,26.39,0.006,0.6258,0.2,-2.34,-0.05,2.287,0.0,0.0,-0.0,0.0,0.0,0.0,1.98,3.71,1.79,1.67
1769,29.4833,2.0,26.394,0.007,0.6258,0.14,-2.35,-0.05,2.099,0.0,0.0,-0.0,0.0,0.0,0.0,1.95,1.96,1.96,2.53
1770,29.5,2.0,26.399,0.007,0.6258,0.08,-2.36,-0.04,1.894,0.0,0.0,-0.0,0.0,0.0,0.0,1.99,1.94,1.98,1.66
1771,29.5167,2.0,26.404,0.007,0.6257,0.04,-2.38,-0.05,2.198,0.0,0.0,-0.0,0.0,0.0,0.0,1.98,1.96,2.43,2.43
1772,29.5333,2.0,26.408,0.008,0.6259,-0.02,-2.46,-0.05,1.349,0.0,0.0,-0.0,0.0,0.0,0.0,1.68,1.64,1.91,0.17
1773,29.55,2.0,26.412,0.007,0.626,0.04,-2.43,-0.05,1.842,0.0,0.0,-0.0,0.0,0.0,0.0,1.81,1.79,2.04,1.73
1774,29.5667,2.0,26.416,0.007,0.6261,0.12,-2.4,-0.05,1.878,0.0,0.0,-0.0,0.0,0.0,0.0,1.84,1.89,2.03,1.76
1775,29.5833,2.0,26.421,0.006,0.6259,0.2,-2.37,-0.05,1.944,0.0,0.0,-0.0,0.0,0.0,0.0,1.87,1.98,2.01,1.93
1776,29.6,2.0,26.426,0.006,0.6257,0.28,-2.35,-0.05,2.03,0.0,0.0,-0.0,0.0,0.0,0.0,1.98,2.08,2.04,2.03
1777,29.6167,2.0,26.431,0.005,0.6255,0.34,-2.34,-0.06,2.009,0.0,0.0,-0.0,0.0,0.0,0.0,1.98,2.03,2.0,2.02
1778,29.6333,2.0,26.436,0.005,0.6259,0.36,-2.39,-0.06,2.019,0.0,0.0,-0.0,0.0,0.0,0.0,2.04,2.12,1.99,1.93
1779,29.65,2.0,26.44,0.005,0.6262,0.36,-2.44,-0.06,1.763,0.0,0.0,-0.0,0.0,0.0,0.0,1.97,1.25,1.89,1.94
1780,29.6667,2.0,26.444,0.005,0.6262,0.3,-2.44,-0.06,1.815,0.0,0.0,-0.0,0.0,0.0,0.0,1.99,1.89,1.75,1.63
1781,29.6833,2.0,26.449,0.006,0.6262,0.21,-2.42,-0.07,2.061,0.0,0.0,-0.0,0.0,0.0,0.0,1.91,1.89,1.89,2.56
1782,29.7,2.0,26.454,0.007,0.6259,0.12,-2.4,-0.07,1.998,0.0,0.0,-0.0,0.0,0.0,0.0,2.03,1.99,1.97,2.0
1783,29.7167,2.0,26.458,0.007,0.6259,0.05,-2.41,-0.07,2.08,0.0,0.0,-0.0,0.0,0.0,0.0,2.17,2.07,2.03,2.05
1784,29.7333,2.0,26.463,0.007,0.6261,0.09,-2.41,-0.07,1.816,0.0,0.0,-0.0,0.0,0.0,0.0,1.81,1.83,1.99,1.64
1785,29.75,2.0,26.467,0.007,0.6262,0.14,-2.39,-0.07,1.885,0.0,0.0,-0.0,0.0,0.0,0.0,1.86,1.88,1.96,1.84
1786,29.7667,2.0,26.472,0.006,0.6262,0.19,-2.37,-0.07,1.813,0.0,0.0,-0.0,0.0,0.0,0.0,1.85,1.8,2.07,1.53
1787,29.7833,2.0,26.477,0.006,0.626,0.24,-2.36,-0.07,1.914,0.0,0.0,-0.0,0.0,0.0,0.0,1.89,1.9,1.96,1.91
1788,29.8,2.0,26.482,0.006,0.6258,0.28,-2.35,-0.07,2.045,0.0,0.0,-0.0,0.0,0.0,0.0,2.27,1.98,1.96,1.98
1789,29.8167,2.0,26.486,0.005,0.6254,0.33,-2.34,-0.07,2.094,0.0,0.0,-0.0,0.0,0.0,0.0,2.29,2.09,1.96,2.04
1790,29.8333,2.0,26.491,0.005,0.6256,0.36,-2.39,-0.07,1.693,0.0,0.0,-0.0,0.0,0.0,0.0,1.78,1.73,1.5,1.76
1791,29.85,2.0,26.495,0.005,0.6259,0.3,-2.38,-0.08,1.857,0.0,0.0,-0.0,0.0,0.0,0.0,1.94,1.86,1.79,1.84
1792,29.8667,2.0,26.5,0.006,0.626,0.23,-2.38,-0.08,1.892,0.0,0.0,-0.0,0.0,0.0,0.0,1.94,1.83,1.89,1.91
1793,29.8833,2.0,26.505,0.006,0.626,0.17,-2.38,-0.08,1.917,0.0,0.0,-0.0,0.0,0.0,0.0,1.96,1.93,1.94,1.83
1794,29.9,2.0,26.51,0.007,0.6259,0.1,-2.38,-0.08,1.894,0.0,0.0,-0.0,0.0,0.0,0.0,2.01,1.73,1.99,1.85
1795,29.9167,2.0,26.514,0.007,0.6259,0.06,-2.37,-0.08,1.838,0.0,0.0,-0.0,0.0,0.0,0.0,1.82,1.87,1.58,2.09
1796,29.9333,2.0,26.519,0.007,0.6262,0.11,-2.37,-0.08,1.912,0.0,0.0,-0.0,0.0,0.0,0.0,1.95,1.81,1.86,2.03
1797,29.95,2.0,26.523,0.006,0.6264,0.14,-2.37,-0.08,1.93,0.0,0.0,-0.0,0.0,0.0,0.0,1.96,1.86,1.91,1.99
1798,29.9667,2.0,26.528,0.006,0.6264,0.19,-2.36,-0.08,2.044,0.0,0.0,-0.0,0.0,0.0,0.0,1.8,1.87,2.39,2.12
1799,29.9833,2.0,26.532,0.006,0.6263,0.23,-2.36,-0.08,1.978,0.0,0.0,-0.0,0.0,0.0,0.0,1.99,1.96,1.98,1.98
1800,30.0,2.0,26.537,0.006,0.6261,0.28,-2.36,-0.08,1.94,0.0,0.0,-0.0,0.0,0.0,0.0,2.01,2.05,2.01,1.7
1801,30.0167,2.0,26.542,0.005,0.6256,0.32,-2.36,-0.08,1.996,0.0,0.0,-0.0,0.0,0.0,0.0,2.02,2.05,2.01,1.9
1802,30.0333,2.0,26.547,0.005,0.6256,0.33,-2.4,-0.09,1.832,0.0,0.0,-0.0,0.0,0.0,0.0,1.83,1.86,1.75,1.89
1803,30.05,2.0,26.551,0.005,0.6258,0.3,-2.42,-0.09,1.943,0.0,0.0,-0.0,0.0,0.0,0.0,1.91,2.41,1.75,1.7
1804,30.0667,2.0,26.556,0.006,0.626,0.24,-2.41,-0.09,1.9,0.0,0.0,-0.0,0.0,0.0,0.0,2.04,1.86,1.86,1.84
1805,30.0833,2.0,26.56,0.006,0.626,0.17,-2.4,-0.09,1.95,0.0,0.0,-0.0,0.0,0.0,0.0,2.02,1.93,1.94,1.91
1806,30.1,2.0,26.565,0.007,0.6259,0.11,-2.39,-0.09,1.976,0.0,0.0,-0.0,0.0,0.0,0.0,1.97,1.95,2.0,1.98
1807,30.1167,2.0,26.57,0.007,0.6256,0.04,-2.38,-0.08,2.025,0.0,0.0,-0.0,0.0,0.0,0.0,1.94,1.71,1.99,2.46
1808,30.1333,2.0,26.575,0.007,0.6259,0.01,-2.31,-0.08,2.221,0.0,0.0,-0.0,0.0,0.0,0.0,1.81,1.66,3.35,2.06
1809,30.15,2.0,26.579,0.007,0.6261,0.07,-2.32,-0.08,1.99,0.0,0.0,-0.0,0.0,0.0,0.0,1.97,1.95,2.04,2.0
1810,30.1667,2.0,26.584,0.006,0.6262,0.16,-2.34,-0.08,2.041,0.0,0.0,-0.0,0.0,0.0,0.0,2.18,1.95,2.01,2.03
1811,30.1833,2.0,26.589,0.006,0.6261,0.22,-2.34,-0.08,2.073,0.0,0.0,-0.0,0.0,0.0,0.0,1.79,1.97,2.61,1.93
1812,30.2,2.0,26.593,0.006,0.626,0.26,-2.34,-0.08,1.939,0.0,0.0,-0.0,0.0,0.0,0.0,2.01,1.88,1.82,2.05
1813,30.2167,2.0,26.598,0.005,0.6257,0.31,-2.35,-0.07,2.53,0.0,0.0,-0.0,0.0,0.0,0.0,3.49,2.53,2.04,2.05
1814,30.2333,2.0,26.603,0.005,0.6253,0.36,-2.35,-0.08,1.871,0.0,0.0,-0.0,0.0,0.0,0.0,2.19,1.62,1.89,1.78
1815,30.25,2.0,26.607,0.005,0.6255,0.28,-2.34,-0.07,1.692,0.0,0.0,-0.0,0.0,0.0,0.0,0.77,2.11,2.03,1.86
1816,30.2667,2.0,26.612,0.006,0.6257,0.22,-2.34,-0.07,1.931,0.0,0.0,-0.0,0.0,0.0,0.0,1.92,2.16,1.89,1.76
1817,30.2833,2.0,26.617,0.006,0.6258,0.17,-2.34,-0.07,1.949,0.0,0.0,-0.0,0.0,0.0,0.0,1.98,1.93,1.92,1.96
1818,30.3,2.0,26.621,0.006,0.6258,0.12,-2.34,-0.07,1.954,0.0,0.0,-0.0,0.0,0.0,0.0,1.87,1.95,1.98,2.02
1819,30.3167,2.0,26.626,0.007,0.6256,0.06,-2.34,-0.07,2.019,0.0,0.0,-0.0,0.0,0.0,0.0,1.99,1.93,2.01,2.15
1820,30.3333,2.0,26.631,0.007,0.6253,0.02,-2.34,-0.07,1.819,0.0,0.0,-0.0,0.0,0.0,0.0,2.26,1.31,1.82,1.87
1821,30.35,2.0,26.635,0.007,0.6256,0.01,-2.4,-0.07,1.657,0.0,0.0,-0.0,0.0,0.0,0.0,1.43,1.91,1.64,1.65
1822,30.3667,2.0,26.639,0.007,0.6257,0.08,-2.38,-0.07,1.839,0.0,0.0,-0.0,0.0,0.0,0.0,1.79,1.83,1.95,1.78
1823,30.3833,2.0,26.644,0.006,0.626,0.15,-2.38,-0.07,2.024,0.0,0.0,-0.0,0.0,0.0,0.0,2.22,1.96,1.86,2.05
1824,30.4,2.0,26.648,0.006,0.6263,0.25,-2.43,-0.07,1.861,0.0,0.0,-0.0,0.0,0.0,0.0,2.04,1.82,1.92,1.66
1825,30.4167,2.0,26.653,0.005,0.6264,0.33,-2.47,-0.07,1.943,0.0,0.0,-0.0,0.0,0.0,0.0,1.99,1.91,1.93,1.94
1826,30.4333,2.0,26.657,0.005,0.6264,0.41,-2.5,-0.08,1.969,0.0,0.0,-0.0,0.0,0.0,0.0,1.99,2.08,1.93,1.87
1827,30.45,2.0,26.661,0.005,0.6264,0.28,-2.39,-0.07,1.666,0.0,0.0,-0.0,0.0,0.0,0.0,2.0,1.94,1.23,1.49
1828,30.4667,2.0,26.666,0.007,0.6264,0.13,-2.27,-0.11,2.041,0.0,0.0,-0.0,0.0,0.0,0.0,2.21,2.02,2.2,1.73
1829,30.4833,2.0,26.67,0.007,0.6271,0.08,-2.18,-0.11,1.512,0.0,0.0,-0.0,0.0,0.0,0.0,2.18,1.59,1.88,0.4
1830,30.5,2.0,26.674,0.007,0.6281,0.07,-2.07,-0.09,1.727,0.0,0.0,-0.0,0.0,0.0,0.0,2.12,2.0,1.34,1.45
1831,30.5167,2.0,26.678,0.007,0.629,0.06,-1.97,-0.09,1.744,0.0,0.0,-0.0,0.0,0.0,0.0,1.99,1.79,1.5,1.69
1832,30.5333,2.0,26.683,0.007,0.6298,0.06,-1.87,-0.09,1.653,0.0,0.0,-0.0,0.0,0.0,0.0,2.03,1.77,1.61,1.2
1833,30.55,2.0,26.688,0.007,0.6306,0.06,-1.76,-0.09,1.832,0.0,0.0,-0.0,0.0,0.0,0.0,2.08,1.77,1.68,1.8
1834,30.5667,2.0,26.692,0.007,0.6314,0.06,-1.69,-0.09,1.95,0.0,0.0,-0.0,0.0,0.0,0.0,1.81,1.99,1.96,2.03
1835,30.5833,2.0,26.697,0.007,0.6322,0.06,-1.64,-0.09,1.82,0.0,0.0,-0.0,0.0,0.0,0.0,1.76,1.75,2.0,1.77
1836,30.6,2.0,26.701,0.007,0.6329,0.06,-1.58,-0.09,1.871,0.0,0.0,-0.0,0.0,0.0,0.0,1.68,2.03,1.97,1.81
1837,30.6167,2.0,26.706,0.007,0.6335,0.06,-1.53,-0.09,1.818,0.0,0.0,-0.0,0.0,0.0,0.0,1.78,1.74,2.0,1.75
1838,30.6333,2.0,26.71,0.007,0.6339,0.05,-1.48,-0.08,1.935,0.0,0.0,-0.0,0.0,0.0,0.0,1.75,2.13,2.01,1.85
1839,30.65,2.0,26.715,0.007,0.6342,0.05,-1.42,-0.08,1.866,0.0,0.0,-0.0,0.0,0.0,0.0,1.85,1.81,2.0,1.8
1840,30.6667,2.0,26.72,0.007,0.6343,0.05,-1.37,-0.08,1.909,0.0,0.0,-0.0,0.0,0.0,0.0,1.9,1.85,2.0,1.88
1841,30.6833,2.0,26.725,0.007,0.6343,0.05,-1.31,-0.08,1.782,0.0,0.0,-0.0,0.0,0.0,0.0,1.32,2.02,1.91,1.88
1842,30.7,2.0,26.73,0.007,0.6342,0.04,-1.25,-0.08,2.054,0.0,0.0,-0.0,0.0,0.0,0.0,1.73,2.25,1.9,2.34
1843,30.7167,2.0,26.735,0.007,0.6343,0.01,-1.23,-0.07,2.002,0.0,0.0,-0.0,0.0,0.0,0.0,1.94,1.97,2.1,2.0
1844,30.7333,2.0,26.74,0.007,0.6344,-0.0,-1.23,-0.08,1.996,0.0,0.0,-0.0,0.0,0.0,0.0,2.0,2.01,2.0,1.96
1845,30.75,2.0,26.744,0.007,0.6347,-0.02,-1.28,-0.08,2.015,0.0,0.0,-0.0,0.0,0.0,0.0,2.06,1.99,2.01,2.0
1846,30.7667,2.0,26.749,0.007,0.6349,-0.02,-1.31,-0.07,1.72,0.0,0.0,-0.0,0.0,0.0,0.0,1.68,2.0,1.7,1.5
1847,30.7833,2.0,26.753,0.007,0.6351,0.05,-1.29,-0.07,1.896,0.0,0.0,-0.0,0.0,0.0,0.0,1.9,1.83,2.03,1.83
1848,30.8,2.0,26.758,0.006,0.6351,0.13,-1.26,-0.07,1.927,0.0,0.0,-0.0,0.0,0.0,0.0,1.95,1.91,1.97,1.87
1849,30.8167,2.0,26.763,0.006,0.6349,0.21,-1.24,-0.07,1.965,0.0,0.0,-0.0,0.0,0.0,0.0,1.93,2.02,1.95,1.96
1850,30.8333,2.0,26.768,0.005,0.6346,0.29,-1.21,-0.07,1.714,0.0,0.0,-0.0,0.0,0.0,0.0,0.87,1.99,2.01,1.99
1851,30.85,2.0,26.772,0.005,0.6349,0.33,-1.25,-0.07,1.997,0.0,0.0,-0.0,0.0,0.0,0.0,2.01,2.02,1.97,1.99
1852,30.8667,2.0,26.777,0.005,0.6352,0.34,-1.3,-0.07,1.978,0.0,0.0,-0.0,0.0,0.0,0.0,2.0,1.97,1.94,2.0
1853,30.8833,2.0,26.781,0.005,0.6354,0.29,-1.31,-0.07,1.65,0.0,0.0,-0.0,0.0,0.0,0.0,2.11,2.1,0.7,1.7
1854,30.9,2.0,26.784,0.006,0.6364,0.21,-1.41,-0.08,1.931,0.0,0.0,-0.0,0.0,0.0,0.0,1.92,1.83,1.98,2.0
1855,30.9167,2.0,26.788,0.006,0.6371,0.16,-1.52,-0.08,1.75,0.0,0.0,-0.0,0.0,0.0,0.0,2.15,2.9,1.86,0.09
1856,30.9333,2.0,26.791,0.007,0.6378,0.1,-1.63,-0.09,1.908,0.0,0.0,-0.0,0.0,0.0,0.0,1.77,1.87,2.06,1.93
1857,30.95,2.0,26.795,0.007,0.6386,0.04,-1.77,-0.08,1.958,0.0,0.0,-0.0,0.0,0.0,0.0,1.91,2.1,2.08,1.73
1858,30.9667,2.0,26.798,0.007,0.6394,-0.03,-1.9,-0.08,1.973,0.0,0.0,-0.0,0.0,0.0,0.0,1.93,1.98,2.25,1.73
1859,30.9833,2.0,26.801,0.007,0.64,-0.01,-1.97,-0.07,0.932,0.0,0.0,-0.0,0.0,0.0,0.0,1.87,1.69,1.97,-1.8
1860,31.0,2.0,26.805,0.007,0.6406,0.06,-2.02,-0.07,1.903,0.0,0.0,-0.0,0.0,0.0,0.0,1.92,1.8,2.18,1.71
1861,31.0167,2.0,26.809,0.006,0.6413,0.11,-2.08,-0.08,2.385,0.0,0.0,-0.0,0.0,0.0,0.0,2.5,1.83,1.7,3.51
1862,31.0333,2.0,26.812,0.006,0.6422,0.18,-2.18,-0.07,1.89,0.0,0.0,-0.0,0.0,0.0,0.0,1.89,1.82,1.86,1.98
1863,31.05,2.0,26.816,0.006,0.6429,0.24,-2.28,-0.07,1.936,0.0,0.0,-0.0,0.0,0.0,0.0,1.96,1.85,1.9,2.03
1864,31.0667,2.0,26.819,0.005,0.6435,0.31,-2.38,-0.08,1.972,0.0,0.0,-0.0,0.0,0.0,0.0,2.0,1.88,1.91,2.1
1865,31.0833,2.0,26.823,0.005,0.644,0.37,-2.48,-0.08,1.615,0.0,0.0,-0.0,0.0,0.0,0.0,1.93,1.61,1.56,1.37
1866,31.1,2.0,26.827,0.005,0.6442,0.31,-2.47,-0.07,1.62,0.0,0.0,-0.0,0.0,0.0,0.0,2.0,1.03,1.72,1.72
1867,31.1167,2.0,26.831,0.006,0.6444,0.24,-2.47,-0.07,2.012,0.0,0.0,-0.0,0.0,0.0,0.0,1.95,1.9,1.86,2.34
1868,31.1333,2.0,26.836,0.006,0.6444,0.17,-2.47,-0.07,2.011,0.0,0.0,-0.0,0.0,0.0,0.0,1.93,2.06,1.94,2.11
1869,31.15,2.0,26.84,0.007,0.6444,0.12,-2.48,-0.08,2.19,0.0,0.0,-0.0,0.0,0.0,0.0,1.95,2.76,2.21,1.83
1870,31.1667,2.0,26.845,0.007,0.6448,0.07,-2.54,-0.08,2.054,0.0,0.0,-0.0,0.0,0.0,0.0,1.93,2.46,1.96,1.87
1871,31.1833,2.0,26.849,0.007,0.6449,0.02,-2.6,-0.08,1.964,0.0,0.0,-0.0,0.0,0.0,0.0,1.93,1.98,1.99,1.96
1872,31.2,2.0,26.853,0.008,0.645,-0.03,-2.65,-0.08,1.921,0.0,0.0,-0.0,0.0,0.0,0.0,1.9,1.83,1.96,2.0
1873,31.2167,2.0,26.857,0.007,0.645,0.02,-2.62,-0.08,1.903,0.0,0.0,-0.0,0.0,0.0,0.0,1.59,1.69,2.01,2.33
1874,31.2333,2.0,26.862,0.007,0.6449,0.1,-2.58,-0.09,2.002,0.0,0.0,-0.0,0.0,0.0,0.0,1.85,2.26,2.02,1.88
1875,31.25,2.0,26.867,0.006,0.6448,0.19,-2.55,-0.09,1.894,0.0,0.0,-0.0,0.0,0.0,0.0,1.86,1.87,1.9,1.94
1876,31.2667,2.0,26.872,0.006,0.6445,0.27,-2.51,-0.09,1.971,0.0,0.0,-0.0,0.0,0.0,0.0,1.95,1.92,2.0,2.01
1877,31.2833,2.0,26.876,0.005,0.6449,0.31,-2.56,-0.09,1.992,0.0,0.0,-0.0,0.0,0.0,0.0,1.98,2.04,2.02,1.93
1878,31.3,2.0,26.881,0.005,0.6452,0.33,-2.61,-0.09,1.955,0.0,0.0,-0.0,0.0,0.0,0.0,2.0,1.92,1.89,2.0
1879,31.3167,2.0,26.885,0.005,0.6454,0.34,-2.66,-0.09,1.724,0.0,0.0,-0.0,0.0,0.0,0.0,1.93,1.77,1.63,1.57
1880,31.3333,2.0,26.889,0.006,0.6454,0.27,-2.63,-0.09,1.736,0.0,0.0,-0.0,0.0,0.0,0.0,1.99,1.34,1.79,1.82
1881,31.35,2.0,26.894,0.006,0.6452,0.19,-2.6,-0.09,1.957,0.0,0.0,-0.0,0.0,0.0,0.0,2.01,1.93,1.91,1.98
1882,31.3667,2.0,26.899,0.007,0.6449,0.1,-2.56,-0.09,1.776,0.0,0.0,-0.0,0.0,0.0,0.0,2.0,2.22,0.97,1.91
1883,31.3833,2.0,26.904,0.007,0.6451,0.07,-2.58,-0.09,2.029,0.0,0.0,-0.0,0.0,0.0,0.0,2.01,1.98,2.08,2.04
1884,31.4,2.0,26.909,0.007,0.6452,0.06,-2.6,-0.08,1.87,0.0,0.0,-0.0,0.0,0.0,0.0,1.7,2.06,1.97,1.75
1885,31.4167,2.0,26.913,0.007,0.6451,0.12,-2.56,-0.08,1.934,0.0,0.0,-0.0,0.0,0.0,0.0,1.88,1.96,1.95,1.95
1886,31.4333,2.0,26.918,0.006,0.6448,0.18,-2.53,-0.08,1.83,0.0,0.0,-0.0,0.0,0.0,0.0,1.81,2.25,1.96,1.3
1887,31.45,2.0,26.923,0.006,0.6446,0.23,-2.5,-0.08,1.999,0.0,0.0,-0.0,0.0,0.0,0.0,2.0,1.92,1.97,2.11
1888,31.4667,2.0,26.928,0.006,0.6443,0.28,-2.49,-0.08,2.019,0.0,0.0,-0.0,0.0,0.0,0.0,1.99,2.04,2.01,2.03
1889,31.4833,2.0,26.933,0.005,0.6446,0.29,-2.54,-0.08,1.968,0.0,0.0,-0.0,0.0,0.0,0.0,1.95,1.94,2.01,1.97
1890,31.5,2.0,26.937,0.005,0.645,0.31,-2.59,-0.08,1.957,0.0,0.0,-0.0,0.0,0.0,0.0,2.0,1.92,1.92,1.99
1891,31.5167,2.0,26.941,0.006,0.6451,0.26,-2.59,-0.08,1.824,0.0,0.0,-0.0,0.0,0.0,0.0,2.0,1.78,1.76,1.76
1892,31.5333,2.0,26.946,0.006,0.6452,0.2,-2.57,-0.08,1.899,0.0,0.0,-0.0,0.0,0.0,0.0,2.0,1.88,1.87,1.85
1893,31.55,2.0,26.95,0.006,0.6451,0.14,-2.56,-0.07,1.964,0.0,0.0,-0.0,0.0,0.0,0.0,2.0,1.88,1.97,2.0
1894,31.5667,2.0,26.955,0.007,0.6449,0.08,-2.55,-0.07,1.687,0.0,0.0,-0.0,0.0,0.0,0.0,1.97,2.1,0.68,2.0
1895,31.5833,2.0,26.96,0.007,0.6451,0.04,-2.59,-0.07,1.715,0.0,0.0,-0.0,0.0,0.0,0.0,1.88,2.12,1.94,0.91
1896,31.6,2.0,26.965,0.007,0.6452,0.09,-2.56,-0.07,1.928,0.0,0.0,-0.0,0.0,0.0,0.0,1.93,1.85,2.03,1.9
1897,31.6167,2.0,26.969,0.007,0.6452,0.14,-2.54,-0.08,1.849,0.0,0.0,-0.0,0.0,0.0,0.0,1.91,1.8,2.08,1.61
1898,31.6333,2.0,26.974,0.006,0.645,0.19,-2.51,-0.08,2.009,0.0,0.0,-0.0,0.0,0.0,0.0,2.02,1.9,2.07,2.04
1899,31.65,2.0,26.979,0.006,0.6446,0.24,-2.48,-0.08,1.755,0.0,0.0,-0.0,0.0,0.0,0.0,1.06,1.96,2.01,1.99
1900,31.6667,2.0,26.984,0.006,0.6444,0.28,-2.49,-0.08,2.057,0.0,0.0,-0.0,0.0,0.0,0.0,2.73,2.16,2.29,1.04
1901,31.6833,2.0,26.988,0.006,0.6447,0.25,-2.52,-0.08,1.955,0.0,0.0,-0.0,0.0,0.0,0.0,2.01,1.94,1.87,2.0
1902,31.7,2.0,26.993,0.006,0.6449,0.23,-2.56,-0.08,1.954,0.0,0.0,-0.0,0.0,0.0,0.0,1.92,2.2,1.83,1.87
1903,31.7167,2.0,26.997,0.006,0.6451,0.26,-2.62,-0.08,1.929,0.0,0.0,-0.0,0.0,0.0,0.0,2.0,1.93,1.91,1.88
1904,31.7333,2.0,27.001,0.006,0.6452,0.21,-2.6,-0.08,1.83,0.0,0.0,-0.0,0.0,0.0,0.0,1.99,1.82,1.75,1.76
1905,31.75,2.0,27.006,0.007,0.6451,0.15,-2.58,-0.08,1.927,0.0,0.0,-0.0,0.0,0.0,0.0,2.0,1.96,1.91,1.83
1906,31.7667,2.0,27.011,0.007,0.6449,0.09,-2.56,-0.08,1.979,0.0,0.0,-0.0,0.0,0.0,0.0,2.0,1.91,2.0,2.02
1907,31.7833,2.0,27.016,0.007,0.6445,0.03,-2.53,-0.08,2.19,0.0,0.0,-0.0,0.0,0.0,0.0,1.97,1.71,3.26,1.83
1908,31.8,2.0,27.02,0.007,0.6449,0.06,-2.56,-0.08,1.776,0.0,0.0,-0.0,0.0,0.0,0.0,1.84,1.84,1.96,1.47
1909,31.8167,2.0,27.025,0.007,0.6451,0.1,-2.54,-0.08,1.907,0.0,0.0,-0.0,0.0,0.0,0.0,1.85,1.93,1.95,1.89
1910,31.8333,2.0,27.029,0.007,0.6451,0.15,-2.53,-0.08,1.9,0.0,0.0,-0.0,0.0,0.0,0.0,1.87,1.84,1.96,1.93
1911,31.85,2.0,27.034,0.006,0.645,0.2,-2.52,-0.08,1.89,0.0,0.0,-0.0,0.0,0.0,0.0,1.97,1.61,2.01,1.97
1912,31.8667,2.0,27.039,0.006,0.6448,0.26,-2.51,-0.08,1.941,0.0,0.0,-0.0,0.0,0.0,0.0,1.85,1.94,1.98,1.99
1913,31.8833,2.0,27.044,0.005,0.6444,0.3,-2.51,-0.08,1.755,0.0,0.0,-0.0,0.0,0.0,0.0,1.09,2.09,1.92,1.93
1914,31.9,2.0,27.048,0.006,0.6447,0.27,-2.54,-0.08,1.964,0.0,0.0,-0.0,0.0,0.0,0.0,2.0,1.93,1.92,2.01
1915,31.9167,2.0,27.053,0.006,0.6449,0.25,-2.57,-0.08,1.93,0.0,0.0,-0.0,0.0,0.0,0.0,1.88,2.04,1.79,2.01
1916,31.9333,2.0,27.057,0.006,0.645,0.21,-2.56,-0.09,1.865,0.0,0.0,-0.0,0.0,0.0,0.0,2.0,1.86,1.8,1.8
1917,31.95,2.0,27.062,0.006,0.645,0.16,-2.55,-0.09,1.958,0.0,0.0,-0.0,0.0,0.0,0.0,2.02,2.05,1.86,1.9
1918,31.9667,2.0,27.066,0.007,0.6449,0.11,-2.54,-0.08,1.982,0.0,0.0,-0.0,0.0,0.0,0.0,2.0,2.05,1.98,1.9
1919,31.9833,2.0,27.071,0.007,0.6447,0.06,-2.52,-0.08,2.019,0.0,0.0,-0.0,0.0,0.0,0.0,2.02,2.02,1.99,2.04
1920,32.0,2.0,27.076,0.007,0.6447,0.02,-2.56,-0.08,2.011,0.0,0.0,-0.0,0.0,0.0,0.0,2.11,1.94,1.93,2.06
1921,32.0167,2.0,27.08,0.008,0.6448,-0.03,-2.62,-0.08,1.625,0.0,0.0,-0.0,0.0,0.0,0.0,1.72,1.83,2.1,0.85
1922,32.0333,2.0,27.085,0.007,0.6447,0.05,-2.58,-0.08,1.839,0.0,0.0,-0.0,0.0,0.0,0.0,1.73,1.9,1.99,1.73
1923,32.05,2.0,27.089,0.007,0.6448,0.12,-2.56,-0.08,1.969,0.0,0.0,-0.0,0.0,0.0,0.0,1.82,2.41,1.65,2.0
1924,32.0667,2.0,27.094,0.006,0.6451,0.22,-2.59,-0.08,1.904,0.0,0.0,-0.0,0.0,0.0,0.0,1.95,1.89,1.99,1.79
1925,32.0833,2.0,27.098,0.005,0.6451,0.31,-2.62,-0.08,1.99,0.0,0.0,-0.0,0.0,0.0,0.0,2.0,1.94,1.94,2.07
1926,32.1,2.0,27.103,0.005,0.6451,0.4,-2.65,-0.09,2.044,0.0,0.0,-0.0,0.0,0.0,0.0,1.97,2.21,2.2,1.8
1927,32.1167,2.0,27.107,0.005,0.6453,0.36,-2.65,-0.09,1.771,0.0,0.0,-0.0,0.0,0.0,0.0,2.01,1.86,1.61,1.61
1928,32.1333,2.0,27.112,0.006,0.6454,0.3,-2.63,-0.09,1.907,0.0,0.0,-0.0,0.0,0.0,0.0,2.0,1.92,1.75,1.96
1929,32.15,2.0,27.116,0.006,0.6454,0.23,-2.61,-0.09,1.939,0.0,0.0,-0.0,0.0,0.0,0.0,2.0,2.0,1.86,1.89
1930,32.1667,2.0,27.121,0.007,0.6452,0.16,-2.58,-0.09,2.207,0.0,0.0,-0.0,0.0,0.0,0.0,2.01,2.94,1.92,1.96
1931,32.1833,2.0,27.126,0.007,0.6448,0.09,-2.56,-0.09,2.073,0.0,0.0,-0.0,0.0,0.0,0.0,1.97,2.04,1.97,2.31
1932,32.2,2.0,27.131,0.007,0.6448,0.03,-2.59,-0.09,2.079,0.0,0.0,-0.0,0.0,0.0,0.0,2.0,2.19,2.06,2.07
1933,32.2167,2.0,27.135,0.008,0.6449,-0.04,-2.68,-0.09,1.749,0.0,0.0,-0.0,0.0,0.0,0.0,1.51,1.88,1.96,1.65
1934,32.2333,2.0,27.14,0.007,0.6449,0.03,-2.64,-0.09,1.786,0.0,0.0,-0.0,0.0,0.0,0.0,1.7,1.75,1.99,1.7
1935,32.25,2.0,27.144,0.007,0.6449,0.1,-2.6,-0.09,1.986,0.0,0.0,-0.0,0.0,0.0,0.0,1.81,2.16,2.05,1.92
1936,32.2667,2.0,27.149,0.007,0.6451,0.13,-2.55,-0.09,1.919,0.0,0.0,-0.0,0.0,0.0,0.0,1.94,1.91,2.0,1.83
1937,32.2833,2.0,27.154,0.007,0.645,0.14,-2.52,-0.09,2.164,0.0,0.0,-0.0,0.0,0.0,0.0,2.73,2.03,2.02,1.88
1938,32.3,2.0,27.159,0.007,0.6448,0.14,-2.5,-0.09,1.981,0.0,0.0,-0.0,0.0,0.0,0.0,2.01,1.97,1.98,1.97
1939,32.3167,2.0,27.163,0.007,0.6451,0.15,-2.44,-0.1,1.391,0.0,0.0,-0.0,0.0,0.0,0.0,1.16,1.51,1.01,1.88
1940,32.3333,2.0,27.167,0.007,0.6461,0.14,-2.35,-0.1,1.696,0.0,0.0,-0.0,0.0,0.0,0.0,1.99,1.54,1.28,1.98
1941,32.35,2.0,27.171,0.007,0.6471,0.15,-2.27,-0.11,1.727,0.0,0.0,-0.0,0.0,0.0,0.0,1.99,1.57,1.36,1.98
1942,32.3667,2.0,27.175,0.007,0.6481,0.17,-2.19,-0.1,1.622,0.0,0.0,-0.0,0.0,0.0,0.0,1.99,1.62,1.44,1.43
1943,32.3833,2.0,27.179,0.007,0.6489,0.16,-2.09,-0.1,1.781,0.0,0.0,-0.0,0.0,0.0,0.0,1.99,1.7,1.52,1.9
1944,32.4,2.0,27.184,0.007,0.6497,0.16,-1.99,-0.1,1.964,0.0,0.0,-0.0,0.0,0.0,0.0,2.13,1.63,2.35,1.75
1945,32.4167,2.0,27.188,0.007,0.6504,0.15,-1.89,-0.1,1.79,0.0,0.0,-0.0,0.0,0.0,0.0,2.0,1.78,1.65,1.73
1946,32.4333,2.0,27.193,0.007,0.6509,0.16,-1.79,-0.1,1.885,0.0,0.0,-0.0,0.0,0.0,0.0,1.79,1.83,2.1,1.83
1947,32.45,2.0,27.198,0.007,0.6516,0.15,-1.71,-0.1,1.874,0.0,0.0,-0.0,0.0,0.0,0.0,1.78,1.9,1.99,1.83
1948,32.4667,2.0,27.202,0.007,0.6521,0.14,-1.64,-0.1,1.859,0.0,0.0,-0.0,0.0,0.0,0.0,1.81,1.85,1.98,1.8
1949,32.4833,2.0,27.207,0.007,0.6524,0.14,-1.56,-0.1,1.814,0.0,0.0,-0.0,0.0,0.0,0.0,1.73,1.67,2.06,1.79
1950,32.5,2.0,27.212,0.007,0.6527,0.14,-1.48,-0.1,1.922,0.0,0.0,-0.0,0.0,0.0,0.0,1.89,1.94,1.98,1.88
1951,32.5167,2.0,27.217,0.007,0.6528,0.14,-1.41,-0.1,1.776,0.0,0.0,-0.0,0.0,0.0,0.0,1.92,1.92,1.3,1.95
1952,32.5333,2.0,27.222,0.007,0.6533,0.1,-1.38,-0.1,1.963,0.0,0.0,-0.0,0.0,0.0,0.0,1.98,1.99,1.95,1.94
1953,32.55,2.0,27.227,0.007,0.6537,0.06,-1.36,-0.1,1.955,0.0,0.0,-0.0,0.0,0.0,0.0,1.98,1.93,1.95,1.96
1954,32.5667,2.0,27.232,0.007,0.6539,0.02,-1.33,-0.1,1.951,0.0,0.0,-0.0,0.0,0.0,0.0,1.99,1.93,1.97,1.92
1955,32.5833,2.0,27.236,0.007,0.654,0.03,-1.34,-0.1,1.684,0.0,0.0,-0.0,0.0,0.0,0.0,1.95,1.86,1.05,1.88
1956,32.6,2.0,27.241,0.007,0.6544,0.05,-1.34,-0.1,1.931,0.0,0.0,-0.0,0.0,0.0,0.0,1.92,1.96,1.97,1.87
1957,32.6167,2.0,27.245,0.007,0.6546,0.05,-1.36,-0.1,1.965,0.0,0.0,-0.0,0.0,0.0,0.0,1.98,1.96,2.01,1.92
1958,32.6333,2.0,27.25,0.007,0.6547,0.03,-1.4,-0.1,1.981,0.0,0.0,-0.0,0.0,0.0,0.0,1.99,1.98,2.03,1.92
1959,32.65,2.0,27.254,0.008,0.6546,0.02,-1.43,-0.09,1.889,0.0,0.0,-0.0,0.0,0.0,0.0,2.04,1.91,2.04,1.57
1960,32.6667,2.0,27.259,0.007,0.6545,0.1,-1.38,-0.09,1.868,0.0,0.0,-0.0,0.0,0.0,0.0,1.81,1.88,1.99,1.8
1961,32.6833,2.0,27.264,0.006,0.6542,0.18,-1.33,-0.09,1.933,0.0,0.0,-0.0,0.0,0.0,0.0,1.91,1.9,1.99,1.93
1962,32.7,2.0,27.269,0.006,0.6538,0.27,-1.28,-0.1,1.93,0.0,0.0,-0.0,0.0,0.0,0.0,2.04,1.79,1.86,2.03
1963,32.7167,2.0,27.274,0.005,0.654,0.32,-1.32,-0.1,2.056,0.0,0.0,-0.0,0.0,0.0,0.0,2.0,2.1,2.04,2.09
1964,32.7333,2.0,27.278,0.006,0.6546,0.27,-1.36,-0.13,1.903,0.0,0.0,-0.0,0.0,0.0,0.0,2.25,1.91,2.04,1.41
1965,32.75,2.0,27.281,0.006,0.6557,0.24,-1.48,-0.12,1.863,0.0,0.0,-0.0,0.0,0.0,0.0,1.72,1.97,2.05,1.71
1966,32.7667,2.0,27.284,0.006,0.6568,0.18,-1.62,-0.11,1.864,0.0,0.0,-0.0,0.0,0.0,0.0,2.07,1.74,2.02,1.63
1967,32.7833,2.0,27.287,0.007,0.6578,0.13,-1.75,-0.12,1.57,0.0,0.0,-0.0,0.0,0.0,0.0,1.89,0.59,2.14,1.66
1968,32.8,2.0,27.29,0.007,0.6587,0.1,-1.88,-0.12,1.904,0.0,0.0,-0.0,0.0,0.0,0.0,1.99,1.82,2.13,1.67
1969,32.8167,2.0,27.293,0.007,0.6596,0.07,-2.0,-0.12,2.029,0.0,0.0,-0.0,0.0,0.0,0.0,1.97,2.44,2.05,1.66
1970,32.8333,2.0,27.296,0.007,0.6603,0.03,-2.13,-0.13,2.102,0.0,0.0,-0.0,0.0,0.0,0.0,1.94,2.79,2.03,1.65
1971,32.85,2.0,27.299,0.007,0.6609,-0.0,-2.25,-0.13,2.349,0.0,0.0,-0.0,0.0,0.0,0.0,1.89,3.96,1.99,1.55
1972,32.8667,2.0,27.303,0.008,0.6616,-0.06,-2.37,-0.13,2.055,0.0,0.0,-0.0,0.0,0.0,0.0,1.85,2.94,1.99,1.44
1973,32.8833,2.0,27.306,0.007,0.6621,-0.0,-2.42,-0.13,1.768,0.0,0.0,-0.0,0.0,0.0,0.0,1.82,1.71,2.0,1.54
1974,32.9,2.0,27.31,0.007,0.6625,0.08,-2.45,-0.13,1.832,0.0,0.0,-0.0,0.0,0.0,0.0,1.81,1.78,2.03,1.7
1975,32.9167,2.0,27.314,0.006,0.6628,0.16,-2.49,-0.13,1.886,0.0,0.0,-0.0,0.0,0.0,0.0,1.84,1.86,2.04,1.81
1976,32.9333,2.0,27.318,0.006,0.663,0.25,-2.52,-0.13,1.883,0.0,0.0,-0.0,0.0,0.0,0.0,1.94,1.93,1.68,1.98
1977,32.95,2.0,27.322,0.005,0.6636,0.34,-2.62,-0.13,1.976,0.0,0.0,-0.0,0.0,0.0,0.0,2.04,1.96,1.94,1.97
1978,32.9667,2.0,27.326,0.005,0.664,0.38,-2.68,-0.13,1.564,0.0,0.0,-0.0,0.0,0.0,0.0,1.64,1.35,1.54,1.74
1979,32.9833,2.0,27.33,0.005,0.6643,0.32,-2.68,-0.13,1.841,0.0,0.0,-0.0,0.0,0.0,0.0,2.02,1.92,1.76,1.66
1980,33.0,2.0,27.334,0.006,0.6645,0.25,-2.67,-0.13,1.769,0.0,0.0,-0.0,0.0,0.0,0.0,1.87,1.46,1.86,1.88
1981,33.0167,2.0,27.339,0.006,0.6648,0.2,-2.69,-0.13,1.963,0.0,0.0,-0.0,0.0,0.0,0.0,1.95,1.99,2.02,1.89
1982,33.0333,2.0,27.343,0.006,0.6651,0.12,-2.74,-0.13,1.949,0.0,0.0,-0.0,0.0,0.0,0.0,1.93,1.97,1.97,1.92
1983,33.05,2.0,27.348,0.007,0.6652,0.04,-2.78,-0.13,1.951,0.0,0.0,-0.0,0.0,0.0,0.0,1.9,1.98,1.99,1.93
1984,33.0667,2.0,27.352,0.007,0.6652,-0.02,-2.82,-0.13,1.765,0.0,0.0,-0.0,0.0,0.0,0.0,1.61,1.72,2.03,1.69
1985,33.0833,2.0,27.356,0.007,0.6652,0.05,-2.78,-0.13,1.644,0.0,0.0,-0.0,0.0,0.0,0.0,1.64,2.07,2.01,0.86
1986,33.1,2.0,27.361,0.006,0.665,0.13,-2.73,-0.13,1.947,0.0,0.0,-0.0,0.0,0.0,0.0,1.9,2.0,1.99,1.9
1987,33.1167,2.0,27.366,0.006,0.6647,0.2,-2.69,-0.13,1.977,0.0,0.0,-0.0,0.0,0.0,0.0,2.02,1.93,1.98,1.98
1988,33.1333,2.0,27.371,0.006,0.6645,0.23,-2.69,-0.13,2.325,0.0,0.0,-0.0,0.0,0.0,0.0,1.77,2.57,2.56,2.4
1989,33.15,2.0,27.375,0.006,0.6649,0.22,-2.72,-0.14,1.945,0.0,0.0,-0.0,0.0,0.0,0.0,2.0,1.91,1.89,1.98
1990,33.1667,2.0,27.38,0.006,0.6652,0.22,-2.76,-0.14,1.933,0.0,0.0,-0.0,0.0,0.0,0.0,2.0,1.9,1.83,2.0
1991,33.1833,2.0,27.384,0.006,0.6654,0.25,-2.8,-0.14,1.93,0.0,0.0,-0.0,0.0,0.0,0.0,2.0,1.79,1.91,2.02
1992,33.2,2.0,27.388,0.006,0.6655,0.21,-2.78,-0.14,1.845,0.0,0.0,-0.0,0.0,0.0,0.0,2.0,1.82,1.78,1.78
1993,33.2167,2.0,27.393,0.006,0.6654,0.15,-2.76,-0.14,2.092,0.0,0.0,-0.0,0.0,0.0,0.0,2.06,1.88,1.91,2.52
1994,33.2333,2.0,27.398,0.007,0.6652,0.1,-2.73,-0.13,1.712,0.0,0.0,-0.0,0.0,0.0,0.0,1.63,1.67,1.99,1.55
1995,33.25,2.0,27.402,0.007,0.6653,0.06,-2.76,-0.14,1.997,0.0,0.0,-0.0,0.0,0.0,0.0,2.01,1.99,1.97,2.02
1996,33.2667,2.0,27.407,0.007,0.6653,0.02,-2.8,-0.13,1.414,0.0,0.0,-0.0,0.0,0.0,0.0,1.38,1.9,1.75,0.62
1997,33.2833,2.0,27.412,0.007,0.6651,0.08,-2.74,-0.13,1.988,0.0,0.0,-0.0,0.0,0.0,0.0,1.83,2.29,2.04,1.79
1998,33.3,2.0,27.416,0.006,0.6651,0.15,-2.71,-0.14,2.113,0.0,0.0,-0.0,0.0,0.0,0.0,1.89,1.9,2.11,2.55
1999,33.3167,2.0,27.421,0.006,0.6649,0.21,-2.67,-0.13,1.93,0.0,0.0,-0.0,0.0,0.0,0.0,1.86,1.95,1.99,1.91
2000,33.3333,2.0,27.426,0.006,0.6648,0.23,-2.68,-0.13,2.105,0.0,0.0,-0.0,0.0,0.0,0.0,1.84,2.31,2.19,2.08
2001,33.35,2.0,27.43,0.006,0.6651,0.23,-2.72,-0.13,1.948,0.0,0.0,-0.0,0.0,0.0,0.0,1.99,1.92,1.89,1.99
2002,33.3667,2.0,27.434,0.006,0.6652,0.22,-2.76,-0.13,1.962,0.0,0.0,-0.0,0.0,0.0,0.0,1.99,1.94,1.89,2.02
2003,33.3833,2.0,27.439,0.006,0.6653,0.23,-2.8,-0.13,1.912,0.0,0.0,-0.0,0.0,0.0,0.0,2.02,1.79,1.88,1.96
2004,33.4,2.0,27.443,0.006,0.6654,0.22,-2.81,-0.13,1.746,0.0,0.0,-0.0,0.0,0.0,0.0,2.0,1.64,1.7,1.65
2005,33.4167,2.0,27.447,0.006,0.6654,0.17,-2.78,-0.13,1.781,0.0,0.0,-0.0,0.0,0.0,0.0,2.01,1.82,1.12,2.18
2006,33.4333,2.0,27.452,0.007,0.6652,0.12,-2.75,-0.13,1.994,0.0,0.0,-0.0,0.0,0.0,0.0,2.0,2.0,1.96,2.01
2007,33.45,2.0,27.457,0.007,0.665,0.07,-2.73,-0.13,2.126,0.0,0.0,-0.0,0.0,0.0,0.0,2.19,1.75,2.05,2.52
2008,33.4667,2.0,27.462,0.007,0.6652,0.02,-2.8,-0.13,1.968,0.0,0.0,-0.0,0.0,0.0,0.0,1.95,1.93,1.99,2.01
2009,33.4833,2.0,27.466,0.007,0.6653,0.03,-2.8,-0.13,1.928,0.0,0.0,-0.0,0.0,0.0,0.0,1.89,1.69,1.99,2.14
2010,33.5,2.0,27.47,0.007,0.6653,0.08,-2.77,-0.13,1.87,0.0,0.0,-0.0,0.0,0.0,0.0,1.87,1.8,2.0,1.81
2011,33.5167,2.0,27.475,0.006,0.6651,0.14,-2.73,-0.13,2.0,0.0,0.0,-0.0,0.0,0.0,0.0,2.03,1.99,2.04,1.94
2012,33.5333,2.0,27.48,0.006,0.6648,0.2,-2.69,-0.13,1.949,0.0,0.0,-0.0,0.0,0.0,0.0,2.01,1.97,1.84,1.97
2013,33.55,2.0,27.485,0.006,0.6646,0.24,-2.68,-0.12,2.315,0.0,0.0,-0.0,0.0,0.0,0.0,2.0,2.28,2.51,2.47
2014,33.5667,2.0,27.489,0.006,0.6649,0.23,-2.7,-0.13,1.974,0.0,0.0,-0.0,0.0,0.0,0.0,2.0,1.95,1.89,2.06
2015,33.5833,2.0,27.494,0.006,0.665,0.21,-2.73,-0.13,1.956,0.0,0.0,-0.0,0.0,0.0,0.0,2.0,1.94,1.88,2.0
2016,33.6,2.0,27.498,0.006,0.6651,0.21,-2.76,-0.13,1.772,0.0,0.0,-0.0,0.0,0.0,0.0,1.96,1.97,1.74,1.42
2017,33.6167,2.0,27.503,0.006,0.6652,0.17,-2.74,-0.13,1.76,0.0,0.0,-0.0,0.0,0.0,0.0,2.0,1.52,1.76,1.76
2018,33.6333,2.0,27.507,0.006,0.6651,0.13,-2.72,-0.13,1.89,0.0,0.0,-0.0,0.0,0.0,0.0,1.99,1.83,1.85,1.88
2019,33.65,2.0,27.512,0.007,0.6649,0.09,-2.69,-0.13,1.933,0.0,0.0,-0.0,0.0,0.0,0.0,1.59,2.06,1.93,2.15
2020,33.6667,2.0,27.517,0.007,0.6651,0.08,-2.72,-0.13,2.017,0.0,0.0,-0.0,0.0,0.0,0.0,1.97,2.08,2.06,1.95
2021,33.6833,2.0,27.521,0.007,0.6652,0.06,-2.76,-0.13,1.967,0.0,0.0,-0.0,0.0,0.0,0.0,1.98,1.95,1.97,1.97
2022,33.7,2.0,27.526,0.007,0.6652,0.04,-2.78,-0.13,1.666,0.0,0.0,-0.0,0.0,0.0,0.0,1.88,2.0,2.01,0.77
2023,33.7167,2.0,27.53,0.007,0.665,0.03,-2.81,-0.13,1.976,0.0,0.0,-0.0,0.0,0.0,0.0,1.95,1.98,1.99,1.99
2024,33.7333,2.0,27.535,0.007,0.6647,0.11,-2.76,-0.13,2.602,0.0,0.0,-0.0,0.0,0.0,0.0,2.98,2.08,1.68,3.67
2025,33.75,2.0,27.539,0.006,0.6649,0.18,-2.74,-0.13,1.95,0.0,0.0,-0.0,0.0,0.0,0.0,1.99,1.91,1.89,2.01
2026,33.7667,2.0,27.544,0.006,0.6651,0.24,-2.77,-0.13,2.046,0.0,0.0,-0.0,0.0,0.0,0.0,1.86,2.23,1.97,2.12
2027,33.7833,2.0,27.548,0.006,0.6654,0.27,-2.8,-0.14,1.929,0.0,0.0,-0.0,0.0,0.0,0.0,2.0,1.89,1.85,1.98
2028,33.8,2.0,27.553,0.005,0.6656,0.29,-2.84,-0.14,1.953,0.0,0.0,-0.0,0.0,0.0,0.0,2.0,1.95,1.86,2.0
2029,33.8167,2.0,27.557,0.006,0.6657,0.26,-2.83,-0.14,1.781,0.0,0.0,-0.0,0.0,0.0,0.0,2.0,1.71,1.71,1.69
2030,33.8333,2.0,27.562,0.006,0.6655,0.21,-2.79,-0.14,2.021,0.0,0.0,-0.0,0.0,0.0,0.0,1.98,2.0,1.88,2.23
2031,33.85,2.0,27.567,0.006,0.6652,0.15,-2.76,-0.14,1.966,0.0,0.0,-0.0,0.0,0.0,0.0,2.03,2.0,1.94,1.89
2032,33.8667,2.0,27.572,0.007,0.6651,0.1,-2.76,-0.13,2.134,0.0,0.0,-0.0,0.0,0.0,0.0,2.18,2.22,2.05,2.09
2033,33.8833,2.0,27.576,0.007,0.6651,0.03,-2.83,-0.13,2.03,0.0,0.0,-0.0,0.0,0.0,0.0,1.93,2.12,2.06,2.01
2034,33.9,2.0,27.581,0.008,0.665,-0.03,-2.89,-0.13,1.981,0.0,0.0,-0.0,0.0,0.0,0.0,1.98,1.95,1.99,2.0
2035,33.9167,2.0,27.585,0.007,0.665,0.01,-2.83,-0.13,2.174,0.0,0.0,-0.0,0.0,0.0,0.0,3.34,1.61,1.99,1.76
2036,33.9333,2.0,27.59,0.007,0.665,0.04,-2.78,-0.13,1.895,0.0,0.0,-0.0,0.0,0.0,0.0,2.04,1.82,2.0,1.72
2037,33.95,2.0,27.595,0.007,0.6648,0.06,-2.72,-0.13,1.926,0.0,0.0,-0.0,0.0,0.0,0.0,1.96,1.92,2.01,1.82
2038,33.9667,2.0,27.6,0.007,0.6645,0.09,-2.65,-0.13,1.919,0.0,0.0,-0.0,0.0,0.0,0.0,1.81,1.93,1.81,2.13
2039,33.9833,2.0,27.605,0.007,0.665,0.11,-2.68,-0.13,2.023,0.0,0.0,-0.0,0.0,0.0,0.0,2.0,2.19,1.96,1.94
2040,34.0,2.0,27.609,0.006,0.6653,0.13,-2.72,-0.13,1.975,0.0,0.0,-0.0,0.0,0.0,0.0,2.0,1.97,1.94,1.99
2041,34.0167,2.0,27.613,0.006,0.6654,0.18,-2.77,-0.13,1.739,0.0,0.0,-0.0,0.0,0.0,0.0,1.92,1.55,1.86,1.62
2042,34.0333,2.0,27.618,0.006,0.6653,0.14,-2.75,-0.13,1.869,0.0,0.0,-0.0,0.0,0.0,0.0,2.0,1.79,1.9,1.79
2043,34.05,2.0,27.623,0.007,0.6652,0.1,-2.72,-0.13,1.689,0.0,0.0,-0.0,0.0,0.0,0.0,1.62,2.14,1.19,1.81
2044,34.0667,2.0,27.628,0.007,0.6653,0.08,-2.75,-0.13,2.007,0.0,0.0,-0.0,0.0,0.0,0.0,2.0,2.0,2.02,2.0
2045,34.0833,2.0,27.632,0.007,0.6653,0.02,-2.8,-0.12,2.043,0.0,0.0,-0.0,0.0,0.0,0.0,1.91,2.35,1.98,1.93
2046,34.1,2.0,27.637,0.008,0.6652,-0.02,-2.83,-0.12,1.958,0.0,0.0,-0.0,0.0,0.0,0.0,1.96,1.96,1.99,1.92
2047,34.1167,2.0,27.641,0.008,0.6651,-0.01,-2.83,-0.12,1.732,0.0,0.0,-0.0,0.0,0.0,0.0,1.64,1.72,2.02,1.55
2048,34.1333,2.0,27.646,0.007,0.6647,0.08,-2.76,-0.12,1.848,0.0,0.0,-0.0,0.0,0.0,0.0,1.81,1.77,2.01,1.81
2049,34.15,2.0,27.651,0.006,0.6643,0.17,-2.71,-0.11,2.341,0.0,0.0,-0.0,0.0,0.0,0.0,2.04,2.58,2.82,1.93
2050,34.1667,2.0,27.655,0.006,0.665,0.18,-2.73,-0.11,1.923,0.0,0.0,-0.0,0.0,0.0,0.0,2.01,1.86,1.86,1.97
2051,34.1833,2.0,27.659,0.006,0.6657,0.18,-2.68,-0.1,1.394,0.0,0.0,-0.0,0.0,0.0,0.0,1.98,1.48,0.9,1.21
2052,34.2,2.0,27.663,0.006,0.6668,0.18,-2.57,-0.1,1.606,0.0,0.0,-0.0,0.0,0.0,0.0,1.99,1.67,1.32,1.44
2053,34.2167,2.0,27.667,0.006,0.6678,0.17,-2.46,-0.1,1.695,0.0,0.0,-0.0,0.0,0.0,0.0,2.0,1.88,1.4,1.5
2054,34.2333,2.0,27.672,0.006,0.6687,0.17,-2.35,-0.09,1.782,0.0,0.0,-0.0,0.0,0.0,0.0,2.06,1.96,1.65,1.45
2055,34.25,2.0,27.676,0.006,0.6696,0.16,-2.23,-0.09,1.595,0.0,0.0,-0.0,0.0,0.0,0.0,2.02,1.97,1.55,0.84
2056,34.2667,2.0,27.681,0.006,0.6703,0.16,-2.12,-0.09,1.812,0.0,0.0,-0.0,0.0,0.0,0.0,1.96,1.8,1.78,1.7
2057,34.2833,2.0,27.685,0.006,0.6709,0.16,-1.99,-0.08,1.756,0.0,0.0,-0.0,0.0,0.0,0.0,0.97,2.05,2.58,1.42
2058,34.3,2.0,27.69,0.006,0.6716,0.16,-1.9,-0.09,1.844,0.0,0.0,-0.0,0.0,0.0,0.0,1.69,1.8,2.06,1.83
2059,34.3167,2.0,27.695,0.006,0.6722,0.16,-1.8,-0.09,1.859,0.0,0.0,-0.0,0.0,0.0,0.0,1.78,1.77,2.1,1.79
2060,34.3333,2.0,27.7,0.006,0.6726,0.16,-1.7,-0.09,1.866,0.0,0.0,-0.0,0.0,0.0,0.0,1.75,1.82,2.09,1.8
2061,34.35,2.0,27.705,0.006,0.6729,0.16,-1.61,-0.09,1.899,0.0,0.0,-0.0,0.0,0.0,0.0,1.8,1.87,2.09,1.84
2062,34.3667,2.0,27.71,0.006,0.6731,0.15,-1.51,-0.09,1.959,0.0,0.0,-0.0,0.0,0.0,0.0,1.91,1.73,1.94,2.25
2063,34.3833,2.0,27.715,0.007,0.6738,0.13,-1.49,-0.09,1.948,0.0,0.0,-0.0,0.0,0.0,0.0,1.94,1.97,1.92,1.96
2064,34.4,2.0,27.719,0.006,0.6744,0.14,-1.5,-0.09,1.904,0.0,0.0,-0.0,0.0,0.0,0.0,1.87,2.04,1.81,1.9
2065,34.4167,2.0,27.724,0.007,0.6747,0.11,-1.48,-0.09,1.962,0.0,0.0,-0.0,0.0,0.0,0.0,2.16,1.84,1.9,1.95
2066,34.4333,2.0,27.729,0.007,0.6751,0.09,-1.46,-0.09,1.991,0.0,0.0,-0.0,0.0,0.0,0.0,1.96,1.76,2.07,2.17
2067,34.45,2.0,27.733,0.007,0.6753,0.07,-1.46,-0.09,1.937,0.0,0.0,-0.0,0.0,0.0,0.0,1.9,1.91,2.02,1.92
2068,34.4667,2.0,27.738,0.007,0.6755,0.05,-1.46,-0.1,1.993,0.0,0.0,-0.0,0.0,0.0,0.0,2.02,1.88,1.93,2.14
2069,34.4833,2.0,27.742,0.007,0.6756,0.02,-1.48,-0.09,1.947,0.0,0.0,-0.0,0.0,0.0,0.0,1.82,1.98,2.0,1.98
2070,34.5,2.0,27.747,0.007,0.6756,0.0,-1.5,-0.1,1.999,0.0,0.0,-0.0,0.0,0.0,0.0,2.01,1.94,2.02,2.02
2071,34.5167,2.0,27.752,0.008,0.6755,-0.04,-1.52,-0.1,2.004,0.0,0.0,-0.0,0.0,0.0,0.0,2.03,1.98,2.0,2.01
2072,34.5333,2.0,27.756,0.008,0.6753,-0.05,-1.52,-0.09,1.671,0.0,0.0,-0.0,0.0,0.0,0.0,1.31,2.19,2.08,1.1
2073,34.55,2.0,27.761,0.007,0.6749,0.05,-1.44,-0.1,1.933,0.0,0.0,-0.0,0.0,0.0,0.0,1.84,1.99,2.0,1.9
2074,34.5667,2.0,27.766,0.006,0.6745,0.13,-1.38,-0.09,2.554,0.0,0.0,-0.0,0.0,0.0,0.0,2.19,3.33,2.38,2.32
2075,34.5833,2.0,27.771,0.006,0.6751,0.14,-1.39,-0.1,1.93,0.0,0.0,-0.0,0.0,0.0,0.0,2.0,1.9,1.83,1.99
2076,34.6,2.0,27.775,0.006,0.6756,0.21,-1.46,-0.09,1.937,0.0,0.0,-0.0,0.0,0.0,0.0,2.61,1.79,1.45,1.9
2077,34.6167,2.0,27.778,0.005,0.6765,0.35,-1.65,-0.09,1.617,0.0,0.0,-0.0,0.0,0.0,0.0,2.02,1.5,1.62,1.33
2078,34.6333,2.0,27.781,0.005,0.6773,0.3,-1.72,-0.09,1.731,0.0,0.0,-0.0,0.0,0.0,0.0,2.05,1.57,1.76,1.54
2079,34.65,2.0,27.784,0.006,0.6783,0.26,-1.82,-0.09,1.966,0.0,0.0,-0.0,0.0,0.0,0.0,1.87,2.1,2.04,1.85
2080,34.6667,2.0,27.787,0.006,0.6794,0.21,-1.94,-0.09,1.875,0.0,0.0,-0.0,0.0,0.0,0.0,1.82,1.98,2.05,1.65
2081,34.6833,2.0,27.79,0.006,0.6804,0.15,-2.08,-0.09,1.883,0.0,0.0,-0.0,0.0,0.0,0.0,1.86,1.9,2.12,1.65
2082,34.7,2.0,27.792,0.007,0.6813,0.1,-2.21,-0.09,1.824,0.0,0.0,-0.0,0.0,0.0,0.0,1.89,1.73,2.01,1.67
2083,34.7167,2.0,27.796,0.007,0.6821,0.06,-2.32,-0.1,1.86,0.0,0.0,-0.0,0.0,0.0,0.0,1.89,1.84,2.0,1.71
2084,34.7333,2.0,27.799,0.007,0.6828,0.0,-2.46,-0.1,1.901,0.0,0.0,-0.0,0.0,0.0,0.0,1.88,1.97,2.0,1.75
2085,34.75,2.0,27.802,0.007,0.6834,-0.0,-2.54,-0.09,1.451,0.0,0.0,-0.0,0.0,0.0,0.0,1.51,1.51,2.03,0.74
2086,34.7667,2.0,27.806,0.007,0.6839,0.08,-2.57,-0.1,1.846,0.0,0.0,-0.0,0.0,0.0,0.0,1.8,1.86,2.0,1.73
2087,34.7833,2.0,27.81,0.007,0.6842,0.13,-2.62,-0.1,1.837,0.0,0.0,-0.0,0.0,0.0,0.0,1.84,1.67,1.99,1.84
2088,34.8,2.0,27.814,0.006,0.6845,0.2,-2.67,-0.1,1.902,0.0,0.0,-0.0,0.0,0.0,0.0,1.9,1.82,2.03,1.86
2089,34.8167,2.0,27.818,0.006,0.6848,0.25,-2.72,-0.1,1.898,0.0,0.0,-0.0,0.0,0.0,0.0,1.88,1.89,1.86,1.97
2090,34.8333,2.0,27.822,0.005,0.6851,0.29,-2.79,-0.1,1.93,0.0,0.0,-0.0,0.0,0.0,0.0,2.08,1.97,2.0,1.67
2091,34.85,2.0,27.826,0.006,0.6855,0.28,-2.83,-0.1,1.718,0.0,0.0,-0.0,0.0,0.0,0.0,1.85,1.66,1.66,1.69
2092,34.8667,2.0,27.83,0.006,0.6859,0.24,-2.84,-0.1,1.939,0.0,0.0,-0.0,0.0,0.0,0.0,1.96,1.55,2.03,2.22
2093,34.8833,2.0,27.834,0.006,0.6864,0.19,-2.88,-0.09,2.045,0.0,0.0,-0.0,0.0,0.0,0.0,1.84,2.56,1.98,1.8
2094,34.9,2.0,27.839,0.006,0.6868,0.14,-2.91,-0.09,2.04,0.0,0.0,-0.0,0.0,0.0,0.0,1.75,2.63,2.0,1.79
2095,34.9167,2.0,27.843,0.007,0.687,0.09,-2.95,-0.1,1.914,0.0,0.0,-0.0,0.0,0.0,0.0,1.88,1.89,2.03,1.86
2096,34.9333,2.0,27.847,0.007,0.6871,0.05,-2.99,-0.1,1.96,0.0,0.0,-0.0,0.0,0.0,0.0,1.91,1.99,2.0,1.93
2097,34.95,2.0,27.852,0.007,0.6871,-0.0,-3.03,-0.1,1.8,0.0,0.0,-0.0,0.0,0.0,0.0,1.89,1.52,1.99,1.8
2098,34.9667,2.0,27.856,0.007,0.687,0.06,-2.98,-0.1,1.867,0.0,0.0,-0.0,0.0,0.0,0.0,1.8,1.81,2.01,1.84
2099,34.9833,2.0,27.861,0.007,0.6867,0.12,-2.92,-0.1,1.965,0.0,0.0,-0.0,0.0,0.0,0.0,1.9,2.02,1.99,1.95
2100,35.0,2.0,27.866,0.006,0.6867,0.14,-2.89,-0.1,2.126,0.0,0.0,-0.0,0.0,0.0,0.0,1.9,2.36,1.9,2.34
2101,35.0167,2.0,27.87,0.006,0.687,0.14,-2.91,-0.1,1.957,0.0,0.0,-0.0,0.0,0.0,0.0,2.0,1.94,1.9,1.99
2102,35.0333,2.0,27.875,0.006,0.6872,0.15,-2.94,-0.1,1.967,0.0,0.0,-0.0,0.0,0.0,0.0,2.0,1.93,1.93,2.01
2103,35.05,2.0,27.879,0.006,0.6873,0.16,-2.97,-0.11,1.981,0.0,0.0,-0.0,0.0,0.0,0.0,2.0,1.96,1.95,2.01
2104,35.0667,2.0,27.884,0.006,0.6872,0.17,-3.0,-0.1,2.004,0.0,0.0,-0.0,0.0,0.0,0.0,2.02,2.04,1.96,1.99
2105,35.0833,2.0,27.888,0.006,0.6872,0.22,-3.03,-0.11,1.664,0.0,0.0,-0.0,0.0,0.0,0.0,1.99,2.02,0.91,1.74
2106,35.1,2.0,27.893,0.006,0.687,0.16,-2.97,-0.1,1.903,0.0,0.0,-0.0,0.0,0.0,0.0,2.04,1.85,1.86,1.86
2107,35.1167,2.0,27.898,0.006,0.687,0.12,-2.96,-0.1,2.051,0.0,0.0,-0.0,0.0,0.0,0.0,1.83,1.92,2.39,2.06
2108,35.1333,2.0,27.902,0.007,0.6871,0.06,-2.99,-0.1,1.748,0.0,0.0,-0.0,0.0,0.0,0.0,1.72,1.86,2.12,1.29
2109,35.15,2.0,27.907,0.007,0.6871,0.01,-3.02,-0.1,2.05,0.0,0.0,-0.0,0.0,0.0,0.0,2.05,2.15,1.99,2.0
2110,35.1667,2.0,27.911,0.007,0.687,0.0,-3.01,-0.08,1.33,0.0,0.0,-0.0,0.0,0.0,0.0,-0.01,1.65,2.06,1.61
2111,35.1833,2.0,27.916,0.007,0.6868,0.06,-2.95,-0.08,1.888,0.0,0.0,-0.0,0.0,0.0,0.0,1.89,1.86,2.0,1.8
2112,35.2,2.0,27.921,0.007,0.6864,0.12,-2.88,-0.08,2.234,0.0,0.0,-0.0,0.0,0.0,0.0,1.83,1.83,2.06,3.22
2113,35.2167,2.0,27.926,0.007,0.6867,0.13,-2.88,-0.08,2.003,0.0,0.0,-0.0,0.0,0.0,0.0,1.98,2.03,2.01,2.0
2114,35.2333,2.0,27.93,0.007,0.687,0.13,-2.9,-0.08,1.957,0.0,0.0,-0.0,0.0,0.0,0.0,2.0,1.93,1.93,1.97
2115,35.25,2.0,27.935,0.007,0.6871,0.12,-2.91,-0.08,1.974,0.0,0.0,-0.0,0.0,0.0,0.0,2.0,1.95,1.94,2.0
2116,35.2667,2.0,27.939,0.007,0.6871,0.12,-2.93,-0.08,1.982,0.0,0.0,-0.0,0.0,0.0,0.0,2.01,1.96,1.96,2.0
2117,35.2833,2.0,27.944,0.007,0.6871,0.14,-2.95,-0.09,2.019,0.0,0.0,-0.0,0.0,0.0,0.0,2.05,2.05,1.96,2.02
2118,35.3,2.0,27.948,0.006,0.6871,0.16,-2.96,-0.08,1.734,0.0,0.0,-0.0,0.0,0.0,0.0,2.05,1.38,1.72,1.79
2119,35.3167,2.0,27.953,0.007,0.6868,0.12,-2.92,-0.08,1.905,0.0,0.0,-0.0,0.0,0.0,0.0,2.0,1.98,1.74,1.9
2120,35.3333,2.0,27.958,0.007,0.6869,0.08,-2.93,-0.08,1.77,0.0,0.0,-0.0,0.0,0.0,0.0,1.77,1.61,2.02,1.68
2121,35.35,2.0,27.963,0.007,0.6868,0.04,-2.95,-0.08,1.893,0.0,0.0,-0.0,0.0,0.0,0.0,1.84,1.89,1.85,2.0
2122,35.3667,2.0,27.967,0.007,0.6867,0.01,-2.98,-0.09,1.888,0.0,0.0,-0.0,0.0,0.0,0.0,1.71,1.98,1.91,1.95
2123,35.3833,2.0,27.972,0.008,0.6865,-0.01,-2.97,-0.09,1.978,0.0,0.0,-0.0,0.0,0.0,0.0,1.96,2.0,1.98,1.98
2124,35.4,2.0,27.977,0.008,0.6861,0.01,-2.95,-0.09,1.909,0.0,0.0,-0.0,0.0,0.0,0.0,2.33,1.67,2.22,1.41
2125,35.4167,2.0,27.981,0.007,0.6863,0.08,-2.93,-0.09,1.988,0.0,0.0,-0.0,0.0,0.0,0.0,1.77,2.01,2.26,1.91
2126,35.4333,2.0,27.985,0.007,0.6868,0.12,-2.95,-0.09,1.908,0.0,0.0,-0.0,0.0,0.0,0.0,2.0,1.86,1.79,1.99
2127,35.45,2.0,27.99,0.006,0.6871,0.16,-2.98,-0.09,1.93,0.0,0.0,-0.0,0.0,0.0,0.0,2.0,1.89,1.84,1.99
2128,35.4667,2.0,27.994,0.006,0.6874,0.21,-3.02,-0.09,1.954,0.0,0.0,-0.0,0.0,0.0,0.0,2.0,1.92,1.89,2.0
2129,35.4833,2.0,27.999,0.006,0.6875,0.27,-3.05,-0.1,1.842,0.0,0.0,-0.0,0.0,0.0,0.0,1.97,1.87,1.86,1.66
2130,35.5,2.0,28.003,0.006,0.6873,0.23,-3.01,-0.1,1.826,0.0,0.0,-0.0,0.0,0.0,0.0,2.0,1.82,1.73,1.76
2131,35.5167,2.0,28.008,0.006,0.687,0.17,-2.96,-0.1,1.918,0.0,0.0,-0.0,0.0,0.0,0.0,1.98,1.95,1.87,1.87
2132,35.5333,2.0,28.013,0.007,0.687,0.12,-2.96,-0.1,2.039,0.0,0.0,-0.0,0.0,0.0,0.0,2.08,2.05,1.97,2.06
2133,35.55,2.0,28.017,0.007,0.687,0.06,-2.99,-0.1,1.755,0.0,0.0,-0.0,0.0,0.0,0.0,1.93,2.11,1.86,1.12
2134,35.5667,2.0,28.022,0.008,0.6868,0.01,-3.01,-0.1,1.992,0.0,0.0,-0.0,0.0,0.0,0.0,2.06,1.96,1.99,1.96
2135,35.5833,2.0,28.027,0.008,0.6865,-0.05,-3.04,-0.1,1.996,0.0,0.0,-0.0,0.0,0.0,0.0,2.13,1.91,1.99,1.95
2136,35.6,2.0,28.031,0.008,0.6862,-0.01,-2.98,-0.1,1.824,0.0,0.0,-0.0,0.0,0.0,0.0,1.76,1.64,1.97,1.93
2137,35.6167,2.0,28.036,0.008,0.686,0.01,-2.89,-0.1,1.856,0.0,0.0,-0.0,0.0,0.0,0.0,1.81,1.87,1.98,1.76
2138,35.6333,2.0,28.041,0.007,0.6864,0.03,-2.89,-0.1,2.025,0.0,0.0,-0.0,0.0,0.0,0.0,2.02,2.06,2.02,2.0
2139,35.65,2.0,28.046,0.007,0.6867,0.07,-2.92,-0.1,1.986,0.0,0.0,-0.0,0.0,0.0,0.0,1.98,2.01,2.0,1.96
2140,35.6667,2.0,28.05,0.007,0.6869,0.1,-2.95,-0.1,1.971,0.0,0.0,-0.0,0.0,0.0,0.0,1.99,1.9,1.94,2.05
2141,35.6833,2.0,28.055,0.007,0.687,0.14,-2.98,-0.1,1.733,0.0,0.0,-0.0,0.0,0.0,0.0,1.99,1.93,1.09,1.93
2142,35.7,2.0,28.059,0.007,0.6869,0.13,-2.98,-0.1,1.825,0.0,0.0,-0.0,0.0,0.0,0.0,2.0,1.68,1.84,1.77
2143,35.7167,2.0,28.064,0.007,0.687,0.09,-2.98,-0.09,2.056,0.0,0.0,-0.0,0.0,0.0,0.0,1.85,2.74,1.82,1.81
2144,35.7333,2.0,28.068,0.007,0.6871,0.05,-2.99,-0.09,1.923,0.0,0.0,-0.0,0.0,0.0,0.0,1.93,1.96,1.98,1.82
2145,35.75,2.0,28.073,0.008,0.6871,0.02,-3.01,-0.09,1.997,0.0,0.0,-0.0,0.0,0.0,0.0,1.96,2.01,2.03,1.99
2146,35.7667,2.0,28.077,0.008,0.687,-0.02,-3.03,-0.09,2.011,0.0,0.0,-0.0,0.0,0.0,0.0,2.16,1.97,1.99,1.92
2147,35.7833,2.0,28.082,0.008,0.6868,-0.05,-3.03,-0.09,1.957,0.0,0.0,-0.0,0.0,0.0,0.0,1.95,1.97,2.0,1.9
2148,35.8,2.0,28.086,0.008,0.6865,-0.03,-3.0,-0.09,1.594,0.0,0.0,-0.0,0.0,0.0,0.0,1.09,1.82,2.03,1.44
2149,35.8167,2.0,28.092,0.007,0.686,0.05,-2.92,-0.09,2.526,0.0,0.0,-0.0,0.0,0.0,0.0,3.52,2.24,2.26,2.09
2150,35.8333,2.0,28.096,0.007,0.6866,0.07,-2.92,-0.09,1.91,0.0,0.0,-0.0,0.0,0.0,0.0,2.01,1.85,1.82,1.96
2151,35.85,2.0,28.1,0.007,0.687,0.07,-2.91,-0.09,1.917,0.0,0.0,-0.0,0.0,0.0,0.0,2.0,1.83,1.85,1.99
2152,35.8667,2.0,28.105,0.007,0.6872,0.08,-2.91,-0.09,1.93,0.0,0.0,-0.0,0.0,0.0,0.0,2.0,1.85,1.87,2.0
2153,35.8833,2.0,28.109,0.007,0.6873,0.1,-2.91,-0.09,1.947,0.0,0.0,-0.0,0.0,0.0,0.0,1.99,1.9,1.91,2.0
2154,35.9,2.0,28.114,0.007,0.6873,0.11,-2.92,-0.09,1.812,0.0,0.0,-0.0,0.0,0.0,0.0,1.84,1.95,1.46,2.0
2155,35.9167,2.0,28.118,0.007,0.6871,0.14,-2.93,-0.09,1.705,0.0,0.0,-0.0,0.0,0.0,0.0,2.02,0.77,2.02,2.0
2156,35.9333,2.0,28.123,0.007,0.6871,0.15,-2.94,-0.08,1.853,0.0,0.0,-0.0,0.0,0.0,0.0,1.81,1.91,1.94,1.76
2157,35.95,2.0,28.127,0.007,0.6871,0.09,-2.96,-0.08,1.444,0.0,0.0,-0.0,0.0,0.0,0.0,0.03,2.04,1.78,1.93
2158,35.9667,2.0,28.132,0.008,0.687,0.02,-2.99,-0.08,1.888,0.0,0.0,-0.0,0.0,0.0,0.0,1.85,1.75,1.98,1.96
2159,35.9833,2.0,28.136,0.008,0.6868,-0.04,-3.02,-0.09,1.629,0.0,0.0,-0.0,0.0,0.0,0.0,1.79,1.83,2.0,0.9
2160,36.0,2.0,28.141,0.008,0.6864,-0.04,-2.99,-0.09,1.644,0.0,0.0,-0.0,0.0,0.0,0.0,1.27,1.91,2.05,1.35
2161,36.0167,2.0,28.146,0.007,0.6859,0.07,-2.89,-0.09,1.476,0.0,0.0,-0.0,0.0,0.0,0.0,1.67,1.65,0.55,2.03
2162,36.0333,2.0,28.151,0.007,0.6864,0.14,-2.94,-0.09,2.028,0.0,0.0,-0.0,0.0,0.0,0.0,1.98,2.04,2.04,2.05
2163,36.05,2.0,28.154,0.006,0.6873,0.24,-2.94,-0.1,1.688,0.0,0.0,-0.0,0.0,0.0,0.0,2.0,1.62,1.46,1.68
2164,36.0667,2.0,28.158,0.006,0.6883,0.27,-2.85,-0.08,2.201,0.0,0.0,-0.0,0.0,0.0,0.0,2.01,3.96,1.18,1.66
2165,36.0833,2.0,28.162,0.006,0.6892,0.23,-2.74,-0.08,1.628,0.0,0.0,-0.0,0.0,0.0,0.0,2.01,1.3,1.2,2.0
2166,36.1,2.0,28.166,0.006,0.6901,0.23,-2.63,-0.08,1.68,0.0,0.0,-0.0,0.0,0.0,0.0,2.16,1.47,1.49,1.6
2167,36.1167,2.0,28.17,0.006,0.691,0.23,-2.51,-0.08,1.668,0.0,0.0,-0.0,0.0,0.0,0.0,2.01,1.58,1.43,1.66
2168,36.1333,2.0,28.174,0.006,0.6918,0.22,-2.39,-0.07,1.63,0.0,0.0,-0.0,0.0,0.0,0.0,1.84,1.63,1.29,1.76
2169,36.15,2.0,28.179,0.006,0.6924,0.21,-2.26,-0.08,2.037,0.0,0.0,-0.0,0.0,0.0,0.0,1.99,1.75,1.6,2.81
2170,36.1667,2.0,28.183,0.006,0.6931,0.21,-2.13,-0.08,1.971,0.0,0.0,-0.0,0.0,0.0,0.0,1.94,1.78,3.24,0.93
2171,36.1833,2.0,28.188,0.006,0.6935,0.2,-2.0,-0.08,1.954,0.0,0.0,-0.0,0.0,0.0,0.0,2.0,1.85,1.73,2.23
2172,36.2,2.0,28.193,0.006,0.6939,0.2,-1.86,-0.08,1.763,0.0,0.0,-0.0,0.0,0.0,0.0,1.52,1.87,1.77,1.88
2173,36.2167,2.0,28.198,0.006,0.6947,0.19,-1.8,-0.08,1.926,0.0,0.0,-0.0,0.0,0.0,0.0,1.98,1.94,1.92,1.86
2174,36.2333,2.0,28.203,0.006,0.6955,0.18,-1.76,-0.08,1.904,0.0,0.0,-0.0,0.0,0.0,0.0,1.91,1.85,1.82,2.03
2175,36.25,2.0,28.207,0.007,0.6962,0.17,-1.74,-0.08,1.911,0.0,0.0,-0.0,0.0,0.0,0.0,2.01,1.85,1.78,2.0
2176,36.2667,2.0,28.212,0.007,0.6968,0.16,-1.71,-0.07,1.905,0.0,0.0,-0.0,0.0,0.0,0.0,1.94,1.86,1.83,1.99
2177,36.2833,2.0,28.217,0.007,0.6973,0.15,-1.68,-0.07,1.92,0.0,0.0,-0.0,0.0,0.0,0.0,1.96,1.9,1.89,1.93
2178,36.3,2.0,28.221,0.007,0.6976,0.15,-1.66,-0.07,1.693,0.0,0.0,-0.0,0.0,0.0,0.0,1.97,1.88,1.15,1.78
2179,36.3167,2.0,28.226,0.007,0.6977,0.12,-1.61,-0.07,1.936,0.0,0.0,-0.0,0.0,0.0,0.0,2.08,1.92,1.96,1.79
2180,36.3333,2.0,28.231,0.007,0.6978,0.1,-1.57,-0.07,2.24,0.0,0.0,-0.0,0.0,0.0,0.0,1.89,2.39,2.68,2.0
2181,36.35,2.0,28.236,0.007,0.6979,0.11,-1.54,-0.07,1.886,0.0,0.0,-0.0,0.0,0.0,0.0,1.67,2.0,1.99,1.88
2182,36.3667,2.0,28.24,0.007,0.6979,0.11,-1.5,-0.07,1.967,0.0,0.0,-0.0,0.0,0.0,0.0,1.97,1.95,2.04,1.91
2183,36.3833,2.0,28.245,0.007,0.6977,0.12,-1.46,-0.07,1.973,0.0,0.0,-0.0,0.0,0.0,0.0,1.98,2.07,1.89,1.96
2184,36.4,2.0,28.251,0.007,0.6973,0.13,-1.42,-0.07,2.021,0.0,0.0,-0.0,0.0,0.0,0.0,2.07,1.98,2.0,2.03
2185,36.4167,2.0,28.255,0.007,0.6973,0.15,-1.45,-0.07,2.004,0.0,0.0,-0.0,0.0,0.0,0.0,2.12,2.59,1.65,1.66
2186,36.4333,2.0,28.26,0.006,0.6973,0.18,-1.5,-0.07,2.015,0.0,0.0,-0.0,0.0,0.0,0.0,2.01,2.01,2.01,2.03
2187,36.45,2.0,28.264,0.006,0.6976,0.19,-1.55,-0.08,1.794,0.0,0.0,-0.0,0.0,0.0,0.0,2.14,1.8,1.85,1.38
2188,36.4667,2.0,28.269,0.006,0.6979,0.21,-1.58,-0.08,1.952,0.0,0.0,-0.0,0.0,0.0,0.0,2.02,1.89,1.87,2.02
2189,36.4833,2.0,28.273,0.006,0.6983,0.24,-1.66,-0.08,2.323,0.0,0.0,-0.0,0.0,0.0,0.0,3.31,2.34,1.78,1.86
2190,36.5,2.0,28.276,0.006,0.6995,0.22,-1.79,-0.07,1.587,0.0,0.0,-0.0,0.0,0.0,0.0,1.57,0.91,2.24,1.63
2191,36.5167,2.0,28.278,0.006,0.7006,0.19,-1.91,-0.05,1.861,0.0,0.0,-0.0,0.0,0.0,0.0,2.09,1.76,2.02,1.58
2192,36.5333,2.0,28.281,0.007,0.7018,0.17,-2.03,-0.06,1.885,0.0,0.0,-0.0,0.0,0.0,0.0,2.2,1.78,1.89,1.67
2193,36.55,2.0,28.284,0.007,0.7028,0.14,-2.16,-0.05,1.852,0.0,0.0,-0.0,0.0,0.0,0.0,2.06,1.71,1.94,1.7
2194,36.5667,2.0,28.288,0.007,0.7038,0.11,-2.28,-0.06,2.012,0.0,0.0,-0.0,0.0,0.0,0.0,2.0,2.28,2.08,1.69
2195,36.5833,2.0,28.291,0.007,0.7047,0.08,-2.41,-0.06,1.862,0.0,0.0,-0.0,0.0,0.0,0.0,1.97,1.7,2.06,1.71
2196,36.6,2.0,28.294,0.007,0.7054,0.05,-2.53,-0.06,2.536,0.0,0.0,-0.0,0.0,0.0,0.0,1.99,4.46,2.06,1.64
2197,36.6167,2.0,28.297,0.007,0.7061,0.02,-2.66,-0.07,2.08,0.0,0.0,-0.0,0.0,0.0,0.0,1.75,3.51,1.98,1.08
2198,36.6333,2.0,28.3,0.008,0.7067,-0.0,-2.77,-0.07,1.553,0.0,0.0,-0.0,0.0,0.0,0.0,1.3,1.61,2.02,1.29
2199,36.65,2.0,28.304,0.007,0.7072,0.06,-2.81,-0.07,1.798,0.0,0.0,-0.0,0.0,0.0,0.0,1.82,1.66,2.01,1.7
2200,36.6667,2.0,28.308,0.007,0.7077,0.13,-2.86,-0.06,1.87,0.0,0.0,-0.0,0.0,0.0,0.0,1.99,1.84,1.83,1.81
2201,36.6833,2.0,28.312,0.006,0.708,0.2,-2.91,-0.06,1.904,0.0,0.0,-0.0,0.0,0.0,0.0,2.11,1.88,1.75,1.88
2202,36.7,2.0,28.316,0.006,0.7085,0.26,-2.99,-0.07,2.007,0.0,0.0,-0.0,0.0,0.0,0.0,2.04,2.03,1.94,2.02
2203,36.7167,2.0,28.32,0.005,0.7089,0.34,-3.1,-0.07,1.987,0.0,0.0,-0.0,0.0,0.0,0.0,2.02,1.95,1.9,2.08
2204,36.7333,2.0,28.323,0.006,0.7092,0.29,-3.11,-0.08,1.704,0.0,0.0,-0.0,0.0,0.0,0.0,1.99,1.68,1.51,1.64
2205,36.75,2.0,28.328,0.006,0.7094,0.22,-3.11,-0.08,1.761,0.0,0.0,-0.0,0.0,0.0,0.0,1.64,1.9,1.81,1.69
2206,36.7667,2.0,28.332,0.006,0.7099,0.17,-3.15,-0.08,1.905,0.0,0.0,-0.0,0.0,0.0,0.0,1.92,1.82,2.04,1.83
2207,36.7833,2.0,28.336,0.007,0.7103,0.14,-3.17,-0.08,1.933,0.0,0.0,-0.0,0.0,0.0,0.0,1.88,2.01,1.95,1.89
2208,36.8,2.0,28.341,0.007,0.7105,0.1,-3.2,-0.08,1.919,0.0,0.0,-0.0,0.0,0.0,0.0,1.9,1.85,1.98,1.95
2209,36.8167,2.0,28.345,0.007,0.7106,0.06,-3.22,-0.08,1.956,0.0,0.0,-0.0,0.0,0.0,0.0,2.0,1.89,1.98,1.96
2210,36.8333,2.0,28.349,0.007,0.7106,0.02,-3.25,-0.09,1.987,0.0,0.0,-0.0,0.0,0.0,0.0,2.0,2.01,2.01,1.92
2211,36.85,2.0,28.354,0.008,0.7104,-0.01,-3.27,-0.09,1.868,0.0,0.0,-0.0,0.0,0.0,0.0,1.98,1.91,1.99,1.59
2212,36.8667,2.0,28.359,0.007,0.7102,0.04,-3.22,-0.09,1.994,0.0,0.0,-0.0,0.0,0.0,0.0,1.89,1.73,2.0,2.36
2213,36.8833,2.0,28.363,0.007,0.7104,0.11,-3.23,-0.09,2.042,0.0,0.0,-0.0,0.0,0.0,0.0,2.07,1.91,2.07,2.11
2214,36.9,2.0,28.368,0.006,0.7108,0.15,-3.26,-0.09,1.938,0.0,0.0,-0.0,0.0,0.0,0.0,1.96,1.91,1.92,1.96
2215,36.9167,2.0,28.372,0.006,0.7112,0.18,-3.3,-0.09,1.956,0.0,0.0,-0.0,0.0,0.0,0.0,2.0,1.94,1.92,1.97
2216,36.9333,2.0,28.376,0.006,0.7113,0.22,-3.33,-0.09,1.972,0.0,0.0,-0.0,0.0,0.0,0.0,2.0,1.94,1.95,2.0
2217,36.95,2.0,28.381,0.006,0.7114,0.24,-3.35,-0.09,1.705,0.0,0.0,-0.0,0.0,0.0,0.0,1.87,1.57,1.61,1.78
2218,36.9667,2.0,28.386,0.006,0.7111,0.17,-3.3,-0.09,1.465,0.0,0.0,-0.0,0.0,0.0,0.0,1.61,2.07,1.98,0.2
2219,36.9833,2.0,28.39,0.007,0.7114,0.15,-3.3,-0.09,1.9,0.0,0.0,-0.0,0.0,0.0,0.0,1.94,1.87,1.84,1.96
2220,37.0,2.0,28.395,0.007,0.7115,0.11,-3.31,-0.09,1.912,0.0,0.0,-0.0,0.0,0.0,0.0,1.9,1.92,1.92,1.92
2221,37.0167,2.0,28.4,0.007,0.7114,0.08,-3.31,-0.09,2.113,0.0,0.0,-0.0,0.0,0.0,0.0,2.78,2.16,1.58,1.93
2222,37.0333,2.0,28.404,0.007,0.7112,0.05,-3.31,-0.09,1.728,0.0,0.0,-0.0,0.0,0.0,0.0,2.01,1.89,2.02,0.99
2223,37.05,2.0,28.409,0.007,0.7109,0.02,-3.3,-0.1,1.904,0.0,0.0,-0.0,0.0,0.0,0.0,1.68,1.93,1.97,2.04
2224,37.0667,2.0,28.414,0.008,0.7105,-0.01,-3.28,-0.1,1.997,0.0,0.0,-0.0,0.0,0.0,0.0,2.06,1.98,1.97,1.98
2225,37.0833,2.0,28.419,0.008,0.7104,-0.0,-3.32,-0.1,1.817,0.0,0.0,-0.0,0.0,0.0,0.0,1.96,1.54,1.83,1.93
2226,37.1,2.0,28.423,0.007,0.7105,0.09,-3.33,-0.1,1.991,0.0,0.0,-0.0,0.0,0.0,0.0,2.08,1.9,1.64,2.35
2227,37.1167,2.0,28.428,0.007,0.711,0.15,-3.36,-0.1,1.914,0.0,0.0,-0.0,0.0,0.0,0.0,1.95,1.88,1.86,1.96
2228,37.1333,2.0,28.432,0.006,0.7113,0.21,-3.39,-0.1,1.948,0.0,0.0,-0.0,0.0,0.0,0.0,2.0,1.93,1.91,1.96
2229,37.15,2.0,28.436,0.006,0.7115,0.28,-3.42,-0.1,1.96,0.0,0.0,-0.0,0.0,0.0,0.0,2.0,1.94,1.91,1.99
2230,37.1667,2.0,28.441,0.006,0.7115,0.26,-3.39,-0.1,1.795,0.0,0.0,-0.0,0.0,0.0,0.0,1.99,1.84,1.68,1.67
2231,37.1833,2.0,28.446,0.006,0.7114,0.22,-3.34,-0.1,2.003,0.0,0.0,-0.0,0.0,0.0,0.0,2.16,1.79,1.9,2.16
2232,37.2,2.0,28.451,0.006,0.7113,0.17,-3.31,-0.1,2.096,0.0,0.0,-0.0,0.0,0.0,0.0,2.14,2.22,1.9,2.13
2233,37.2167,2.0,28.455,0.007,0.7112,0.13,-3.3,-0.1,1.93,0.0,0.0,-0.0,0.0,0.0,0.0,1.67,2.14,1.96,1.95
2234,37.2333,2.0,28.46,0.007,0.7109,0.08,-3.3,-0.1,2.026,0.0,0.0,-0.0,0.0,0.0,0.0,2.1,2.05,1.96,2.0
2235,37.25,2.0,28.465,0.007,0.7105,0.03,-3.29,-0.1,2.09,0.0,0.0,-0.0,0.0,0.0,0.0,2.05,2.38,1.97,1.96
2236,37.2667,2.0,28.47,0.008,0.71,-0.01,-3.29,-0.11,2.292,0.0,0.0,-0.0,0.0,0.0,0.0,2.56,2.16,1.91,2.54
2237,37.2833,2.0,28.474,0.008,0.7107,-0.05,-3.36,-0.11,1.832,0.0,0.0,-0.0,0.0,0.0,0.0,1.87,1.68,2.0,1.78
2238,37.3,2.0,28.478,0.008,0.7111,-0.03,-3.36,-0.11,1.788,0.0,0.0,-0.0,0.0,0.0,0.0,1.71,1.73,1.99,1.72
2239,37.3167,2.0,28.482,0.007,0.7114,0.01,-3.36,-0.11,1.848,0.0,0.0,-0.0,0.0,0.0,0.0,1.81,1.85,1.97,1.76
2240,37.3333,2.0,28.487,0.007,0.7115,0.05,-3.36,-0.11,1.886,0.0,0.0,-0.0,0.0,0.0,0.0,1.83,1.9,1.95,1.85
2241,37.35,2.0,28.491,0.007,0.7115,0.1,-3.35,-0.11,1.823,0.0,0.0,-0.0,0.0,0.0,0.0,1.85,1.65,1.92,1.87
2242,37.3667,2.0,28.496,0.006,0.7114,0.15,-3.35,-0.11,1.879,0.0,0.0,-0.0,0.0,0.0,0.0,1.9,1.71,1.97,1.93
2243,37.3833,2.0,28.501,0.006,0.7114,0.16,-3.32,-0.11,1.892,0.0,0.0,-0.0,0.0,0.0,0.0,1.92,2.08,1.77,1.8
2244,37.4,2.0,28.506,0.007,0.7114,0.11,-3.31,-0.11,1.732,0.0,0.0,-0.0,0.0,0.0,0.0,1.92,1.23,1.94,1.85
2245,37.4167,2.0,28.51,0.007,0.7114,0.09,-3.3,-0.11,1.872,0.0,0.0,-0.0,0.0,0.0,0.0,1.94,1.65,1.96,1.94
2246,37.4333,2.0,28.515,0.007,0.7112,0.06,-3.3,-0.11,1.988,0.0,0.0,-0.0,0.0,0.0,0.0,2.01,1.99,2.0,1.94
2247,37.45,2.0,28.52,0.007,0.7109,0.02,-3.3,-0.11,1.92,0.0,0.0,-0.0,0.0,0.0,0.0,1.97,1.73,1.99,1.99
2248,37.4667,2.0,28.525,0.007,0.7105,-0.0,-3.27,-0.11,1.981,0.0,0.0,-0.0,0.0,0.0,0.0,2.03,1.9,2.0,1.99
2249,37.4833,2.0,28.53,0.008,0.7105,-0.02,-3.31,-0.12,1.966,0.0,0.0,-0.0,0.0,0.0,0.0,1.96,1.96,1.92,2.02
2250,37.5,2.0,28.534,0.007,0.7106,0.05,-3.33,-0.12,1.812,0.0,0.0,-0.0,0.0,0.0,0.0,1.83,1.73,1.96,1.73
2251,37.5167,2.0,28.538,0.007,0.7109,0.13,-3.35,-0.12,2.02,0.0,0.0,-0.0,0.0,0.0,0.0,1.99,1.89,1.81,2.4
2252,37.5333,2.0,28.543,0.006,0.7113,0.19,-3.38,-0.12,1.942,0.0,0.0,-0.0,0.0,0.0,0.0,1.99,1.86,1.91,2.0
2253,37.55,2.0,28.547,0.006,0.7115,0.26,-3.42,-0.11,1.969,0.0,0.0,-0.0,0.0,0.0,0.0,2.01,1.92,1.93,2.02
2254,37.5667,2.0,28.551,0.006,0.7115,0.25,-3.39,-0.11,1.738,0.0,0.0,-0.0,0.0,0.0,0.0,2.01,1.79,1.52,1.64
2255,37.5833,2.0,28.556,0.006,0.7114,0.21,-3.33,-0.11,1.947,0.0,0.0,-0.0,0.0,0.0,0.0,2.0,1.74,1.91,2.13
2256,37.6,2.0,28.561,0.006,0.7114,0.16,-3.31,-0.11,1.983,0.0,0.0,-0.0,0.0,0.0,0.0,1.99,2.06,1.95,1.93
2257,37.6167,2.0,28.566,0.007,0.7114,0.11,-3.3,-0.11,1.918,0.0,0.0,-0.0,0.0,0.0,0.0,1.95,1.75,2.0,1.97
2258,37.6333,2.0,28.571,0.007,0.7111,0.06,-3.29,-0.11,1.982,0.0,0.0,-0.0,0.0,0.0,0.0,1.88,2.02,2.03,1.99
2259,37.65,2.0,28.576,0.007,0.7108,0.01,-3.29,-0.12,1.684,0.0,0.0,-0.0,0.0,0.0,0.0,2.07,1.77,1.97,0.93
2260,37.6667,2.0,28.58,0.008,0.7109,-0.02,-3.34,-0.12,2.016,0.0,0.0,-0.0,0.0,0.0,0.0,2.01,1.99,2.0,2.06
2261,37.6833,2.0,28.585,0.008,0.711,-0.04,-3.41,-0.11,1.836,0.0,0.0,-0.0,0.0,0.0,0.0,1.45,1.89,2.08,1.92
2262,37.7,2.0,28.589,0.007,0.711,0.07,-3.38,-0.12,1.937,0.0,0.0,-0.0,0.0,0.0,0.0,1.93,1.96,1.99,1.87
2263,37.7167,2.0,28.593,0.006,0.7109,0.16,-3.36,-0.11,1.915,0.0,0.0,-0.0,0.0,0.0,0.0,1.9,1.86,1.99,1.9
2264,37.7333,2.0,28.598,0.006,0.7111,0.24,-3.38,-0.11,2.016,0.0,0.0,-0.0,0.0,0.0,0.0,1.98,2.08,2.03,1.98
2265,37.75,2.0,28.602,0.006,0.7113,0.27,-3.39,-0.12,1.711,0.0,0.0,-0.0,0.0,0.0,0.0,1.71,1.48,1.89,1.76
2266,37.7667,2.0,28.607,0.006,0.7114,0.23,-3.34,-0.11,1.977,0.0,0.0,-0.0,0.0,0.0,0.0,1.98,1.87,1.87,2.19
2267,37.7833,2.0,28.612,0.006,0.7113,0.19,-3.3,-0.12,2.044,0.0,0.0,-0.0,0.0,0.0,0.0,1.81,2.69,1.77,1.91
2268,37.8,2.0,28.617,0.007,0.7115,0.14,-3.31,-0.12,2.027,0.0,0.0,-0.0,0.0,0.0,0.0,2.06,2.07,2.04,1.95
2269,37.8167,2.0,28.621,0.007,0.7114,0.09,-3.31,-0.12,1.963,0.0,0.0,-0.0,0.0,0.0,0.0,1.93,1.94,2.02,1.96
2270,37.8333,2.0,28.626,0.007,0.7112,0.06,-3.29,-0.12,1.945,0.0,0.0,-0.0,0.0,0.0,0.0,1.95,1.88,1.99,1.95
2271,37.85,2.0,28.631,0.007,0.7108,0.03,-3.28,-0.12,1.933,0.0,0.0,-0.0,0.0,0.0,0.0,1.94,1.74,1.98,2.07
2272,37.8667,2.0,28.635,0.008,0.7112,0.0,-3.35,-0.13,1.991,0.0,0.0,-0.0,0.0,0.0,0.0,2.03,1.93,1.99,2.02
2273,37.8833,2.0,28.64,0.008,0.7113,-0.04,-3.42,-0.13,1.998,0.0,0.0,-0.0,0.0,0.0,0.0,1.96,1.99,2.0,2.05
2274,37.9,2.0,28.644,0.007,0.7112,0.01,-3.43,-0.13,1.904,0.0,0.0,-0.0,0.0,0.0,0.0,1.78,1.83,1.97,2.03
2275,37.9167,2.0,28.648,0.006,0.7113,0.19,-3.34,-0.12,1.451,0.0,0.0,-0.0,0.0,0.0,0.0,0.92,1.62,0.91,2.35
2276,37.9333,2.0,28.651,0.006,0.7125,0.23,-3.25,-0.13,1.603,0.0,0.0,-0.0,0.0,0.0,0.0,1.98,1.43,1.52,1.48
2277,37.95,2.0,28.655,0.006,0.7135,0.22,-3.12,-0.14,1.501,0.0,0.0,-0.0,0.0,0.0,0.0,2.17,1.5,1.58,0.76
2278,37.9667,2.0,28.659,0.006,0.7145,0.21,-2.99,-0.13,1.738,0.0,0.0,-0.0,0.0,0.0,0.0,2.12,1.47,1.75,1.61
2279,37.9833,2.0,28.664,0.006,0.7154,0.2,-2.85,-0.13,1.68,0.0,0.0,-0.0,0.0,0.0,0.0,2.31,1.56,1.18,1.68
2280,38.0,2.0,28.668,0.006,0.7162,0.2,-2.71,-0.12,1.705,0.0,0.0,-0.0,0.0,0.0,0.0,1.92,1.69,1.47,1.74
2281,38.0167,2.0,28.673,0.006,0.717,0.19,-2.56,-0.12,1.75,0.0,0.0,-0.0,0.0,0.0,0.0,2.01,1.73,1.6,1.66
2282,38.0333,2.0,28.678,0.006,0.7177,0.18,-2.43,-0.12,1.879,0.0,0.0,-0.0,0.0,0.0,0.0,2.02,1.74,1.94,1.82
2283,38.05,2.0,28.683,0.006,0.7182,0.18,-2.29,-0.12,1.83,0.0,0.0,-0.0,0.0,0.0,0.0,2.0,1.81,1.68,1.83
2284,38.0667,2.0,28.688,0.006,0.719,0.19,-2.19,-0.13,1.869,0.0,0.0,-0.0,0.0,0.0,0.0,1.78,1.69,1.92,2.08
2285,38.0833,2.0,28.692,0.006,0.7199,0.17,-2.15,-0.13,1.811,0.0,0.0,-0.0,0.0,0.0,0.0,1.71,1.77,2.01,1.76
2286,38.1,2.0,28.696,0.007,0.7207,0.17,-2.1,-0.13,1.772,0.0,0.0,-0.0,0.0,0.0,0.0,1.65,1.7,2.0,1.73
2287,38.1167,2.0,28.701,0.007,0.7213,0.16,-2.05,-0.13,1.803,0.0,0.0,-0.0,0.0,0.0,0.0,1.74,1.75,2.01,1.72
2288,38.1333,2.0,28.705,0.007,0.7219,0.16,-2.0,-0.12,1.811,0.0,0.0,-0.0,0.0,0.0,0.0,1.77,1.77,1.95,1.76
2289,38.15,2.0,28.71,0.007,0.7223,0.15,-1.95,-0.12,1.837,0.0,0.0,-0.0,0.0,0.0,0.0,1.82,1.81,1.94,1.78
2290,38.1667,2.0,28.715,0.007,0.7226,0.14,-1.9,-0.12,1.78,0.0,0.0,-0.0,0.0,0.0,0.0,2.06,1.73,1.65,1.68
2291,38.1833,2.0,28.72,0.007,0.7229,0.13,-1.86,-0.12,2.217,0.0,0.0,-0.0,0.0,0.0,0.0,2.02,1.97,2.7,2.18
2292,38.2,2.0,28.724,0.007,0.7232,0.1,-1.84,-0.12,1.98,0.0,0.0,-0.0,0.0,0.0,0.0,2.35,1.77,2.0,1.8
2293,38.2167,2.0,28.729,0.007,0.7234,0.08,-1.82,-0.11,1.995,0.0,0.0,-0.0,0.0,0.0,0.0,1.91,2.15,2.01,1.91
2294,38.2333,2.0,28.734,0.007,0.7233,0.06,-1.79,-0.11,2.018,0.0,0.0,-0.0,0.0,0.0,0.0,2.36,1.84,2.02,1.86
2295,38.25,2.0,28.739,0.007,0.7232,0.04,-1.76,-0.11,1.957,0.0,0.0,-0.0,0.0,0.0,0.0,1.97,1.96,2.0,1.91
2296,38.2667,2.0,28.744,0.007,0.7228,0.02,-1.74,-0.11,1.996,0.0,0.0,-0.0,0.0,0.0,0.0,2.04,1.97,2.02,1.97
2297,38.2833,2.0,28.749,0.007,0.7224,0.02,-1.69,-0.11,1.879,0.0,0.0,-0.0,0.0,0.0,0.0,1.79,1.83,1.92,1.97
2298,38.3,2.0,28.753,0.007,0.7228,0.08,-1.73,-0.11,1.927,0.0,0.0,-0.0,0.0,0.0,0.0,1.88,1.91,1.93,1.99
2299,38.3167,2.0,28.757,0.007,0.7235,0.17,-1.79,-0.09,1.91,0.0,0.0,-0.0,0.0,0.0,0.0,2.43,1.87,1.93,1.4
2300,38.3333,2.0,28.759,0.006,0.7245,0.3,-1.88,-0.08,1.872,0.0,0.0,-0.0,0.0,0.0,0.0,1.97,2.01,2.0,1.51
2301,38.35,2.0,28.762,0.006,0.7255,0.31,-2.06,-0.09,1.939,0.0,0.0,-0.0,0.0,0.0,0.0,2.09,2.0,2.06,1.61
2302,38.3667,2.0,28.764,0.006,0.7264,0.3,-2.25,-0.08,1.901,0.0,0.0,-0.0,0.0,0.0,0.0,2.06,2.0,2.01,1.54
2303,38.3833,2.0,28.767,0.006,0.7273,0.32,-2.41,-0.09,1.661,0.0,0.0,-0.0,0.0,0.0,0.0,1.86,1.73,1.28,1.77
2304,38.4,2.0,28.769,0.006,0.7284,0.32,-2.51,-0.09,1.763,0.0,0.0,-0.0,0.0,0.0,0.0,1.66,2.1,1.95,1.34
2305,38.4167,2.0,28.771,0.006,0.7295,0.26,-2.66,-0.09,1.839,0.0,0.0,-0.0,0.0,0.0,0.0,1.86,2.01,2.01,1.48
2306,38.4333,2.0,28.774,0.006,0.7306,0.2,-2.8,-0.09,1.721,0.0,0.0,-0.0,0.0,0.0,0.0,1.89,1.54,1.97,1.48
2307,38.45,2.0,28.776,0.007,0.7317,0.16,-2.92,-0.09,1.878,0.0,0.0,-0.0,0.0,0.0,0.0,1.95,1.98,2.0,1.58
2308,38.4667,2.0,28.779,0.007,0.7328,0.13,-3.04,-0.1,1.795,0.0,0.0,-0.0,0.0,0.0,0.0,1.95,1.58,2.0,1.64
2309,38.4833,2.0,28.782,0.007,0.7337,0.1,-3.17,-0.1,2.008,0.0,0.0,-0.0,0.0,0.0,0.0,1.85,2.54,2.02,1.62
2310,38.5,2.0,28.785,0.007,0.7346,0.06,-3.3,-0.11,1.783,0.0,0.0,-0.0,0.0,0.0,0.0,1.65,1.77,2.01,1.7
2311,38.5167,2.0,28.788,0.007,0.7355,0.02,-3.43,-0.11,1.747,0.0,0.0,-0.0,0.0,0.0,0.0,1.9,1.35,2.01,1.73
2312,38.5333,2.0,28.791,0.008,0.7362,-0.02,-3.57,-0.11,2.167,0.0,0.0,-0.0,0.0,0.0,0.0,2.02,2.95,2.0,1.7
2313,38.55,2.0,28.795,0.008,0.7368,0.0,-3.64,-0.11,1.716,0.0,0.0,-0.0,0.0,0.0,0.0,1.76,1.68,1.99,1.44
2314,38.5667,2.0,28.798,0.007,0.7374,0.05,-3.68,-0.11,1.813,0.0,0.0,-0.0,0.0,0.0,0.0,1.84,1.68,2.01,1.72
2315,38.5833,2.0,28.802,0.007,0.7378,0.11,-3.74,-0.11,1.85,0.0,0.0,-0.0,0.0,0.0,0.0,1.85,1.76,2.0,1.78
2316,38.6,2.0,28.806,0.006,0.7382,0.17,-3.79,-0.11,1.896,0.0,0.0,-0.0,0.0,0.0,0.0,1.96,1.79,2.0,1.83
2317,38.6167,2.0,28.81,0.006,0.7385,0.23,-3.84,-0.11,1.947,0.0,0.0,-0.0,0.0,0.0,0.0,1.97,1.9,2.03,1.89
2318,38.6333,2.0,28.814,0.006,0.7386,0.29,-3.9,-0.11,1.959,0.0,0.0,-0.0,0.0,0.0,0.0,1.98,1.84,2.07,1.95
2319,38.65,2.0,28.818,0.005,0.7391,0.32,-3.91,-0.11,1.761,0.0,0.0,-0.0,0.0,0.0,0.0,1.82,1.78,1.88,1.57
2320,38.6667,2.0,28.822,0.006,0.7398,0.28,-3.94,-0.11,1.891,0.0,0.0,-0.0,0.0,0.0,0.0,1.85,1.99,1.94,1.79
2321,38.6833,2.0,28.826,0.006,0.7403,0.21,-4.01,-0.11,1.905,0.0,0.0,-0.0,0.0,0.0,0.0,1.9,1.89,1.96,1.87
2322,38.7,2.0,28.83,0.007,0.7406,0.13,-4.09,-0.11,1.793,0.0,0.0,-0.0,0.0,0.0,0.0,1.74,1.81,2.04,1.58
2323,38.7167,2.0,28.834,0.007,0.7409,0.09,-4.12,-0.11,1.885,0.0,0.0,-0.0,0.0,0.0,0.0,1.86,1.91,2.01,1.76
2324,38.7333,2.0,28.838,0.007,0.741,0.06,-4.15,-0.11,1.922,0.0,0.0,-0.0,0.0,0.0,0.0,1.91,1.93,2.0,1.85
2325,38.75,2.0,28.843,0.007,0.7412,0.02,-4.2,-0.11,1.963,0.0,0.0,-0.0,0.0,0.0,0.0,2.13,1.64,1.93,2.16
2326,38.7667,2.0,28.846,0.008,0.7416,-0.02,-4.29,-0.12,1.913,0.0,0.0,-0.0,0.0,0.0,0.0,1.8,2.04,2.0,1.81
2327,38.7833,2.0,28.85,0.008,0.7418,-0.06,-4.37,-0.12,1.939,0.0,0.0,-0.0,0.0,0.0,0.0,1.88,1.98,2.0,1.9
2328,38.8,2.0,28.854,0.008,0.7419,-0.01,-4.37,-0.12,1.778,0.0,0.0,-0.0,0.0,0.0,0.0,1.66,1.65,2.01,1.79
2329,38.8167,2.0,28.859,0.007,0.7419,0.08,-4.35,-0.12,1.84,0.0,0.0,-0.0,0.0,0.0,0.0,1.75,1.8,2.0,1.81
2330,38.8333,2.0,28.863,0.006,0.7418,0.18,-4.33,-0.12,1.934,0.0,0.0,-0.0,0.0,0.0,0.0,1.84,1.98,2.0,1.91
2331,38.85,2.0,28.868,0.006,0.7415,0.29,-4.31,-0.12,1.936,0.0,0.0,-0.0,0.0,0.0,0.0,1.91,1.82,2.01,2.01
2332,38.8667,2.0,28.873,0.005,0.7414,0.36,-4.26,-0.12,1.638,0.0,0.0,-0.0,0.0,0.0,0.0,1.35,1.59,1.85,1.76
2333,38.8833,2.0,28.878,0.005,0.7417,0.35,-4.22,-0.12,1.902,0.0,0.0,-0.0,0.0,0.0,0.0,1.81,2.01,2.01,1.78
2334,38.9,2.0,28.882,0.006,0.7418,0.28,-4.21,-0.12,1.942,0.0,0.0,-0.0,0.0,0.0,0.0,1.94,1.95,2.0,1.88
2335,38.9167,2.0,28.887,0.006,0.7417,0.17,-4.23,-0.12,1.987,0.0,0.0,-0.0,0.0,0.0,0.0,1.99,2.01,2.0,1.94
2336,38.9333,2.0,28.891,0.007,0.7414,0.1,-4.22,-0.13,1.96,0.0,0.0,-0.0,0.0,0.0,0.0,1.95,2.0,2.0,1.89
2337,38.95,2.0,28.896,0.007,0.7411,0.04,-4.2,-0.13,1.871,0.0,0.0,-0.0,0.0,0.0,0.0,1.93,1.76,2.01,1.79
2338,38.9667,2.0,28.901,0.008,0.7414,-0.02,-4.31,-0.13,2.058,0.0,0.0,-0.0,0.0,0.0,0.0,2.1,2.01,2.0,2.12
2339,38.9833,2.0,28.905,0.008,0.7416,-0.08,-4.39,-0.13,1.96,0.0,0.0,-0.0,0.0,0.0,0.0,1.98,1.93,2.0,1.93
2340,39.0,2.0,28.909,0.008,0.7418,-0.01,-4.39,-0.13,1.785,0.0,0.0,-0.0,0.0,0.0,0.0,1.68,1.73,1.99,1.74
2341,39.0167,2.0,28.913,0.007,0.7421,0.02,-4.37,-0.13,1.884,0.0,0.0,-0.0,0.0,0.0,0.0,1.79,2.0,2.0,1.75
2342,39.0333,2.0,28.918,0.007,0.7423,0.03,-4.36,-0.13,1.907,0.0,0.0,-0.0,0.0,0.0,0.0,1.95,1.94,2.01,1.73
2343,39.05,2.0,28.922,0.007,0.7424,0.06,-4.34,-0.13,1.92,0.0,0.0,-0.0,0.0,0.0,0.0,1.85,1.97,2.01,1.86
2344,39.0667,2.0,28.927,0.007,0.7424,0.08,-4.33,-0.13,2.237,0.0,0.0,-0.0,0.0,0.0,0.0,2.94,2.11,2.0,1.89
2345,39.0833,2.0,28.932,0.007,0.7421,0.11,-4.32,-0.13,1.91,0.0,0.0,-0.0,0.0,0.0,0.0,1.97,1.77,2.0,1.9
2346,39.1,2.0,28.937,0.007,0.7418,0.14,-4.3,-0.13,1.973,0.0,0.0,-0.0,0.0,0.0,0.0,2.11,2.09,1.97,1.73
2347,39.1167,2.0,28.941,0.007,0.7418,0.13,-4.25,-0.13,1.928,0.0,0.0,-0.0,0.0,0.0,0.0,1.93,1.93,2.0,1.86
2348,39.1333,2.0,28.946,0.007,0.7417,0.1,-4.23,-0.13,2.006,0.0,0.0,-0.0,0.0,0.0,0.0,2.03,2.06,2.0,1.94
2349,39.15,2.0,28.951,0.007,0.7415,0.05,-4.21,-0.13,1.999,0.0,0.0,-0.0,0.0,0.0,0.0,2.0,2.02,2.0,1.97
2350,39.1667,2.0,28.956,0.008,0.7412,-0.02,-4.23,-0.13,2.543,0.0,0.0,-0.0,0.0,0.0,0.0,3.64,2.43,1.94,2.16
2351,39.1833,2.0,28.96,0.008,0.7417,-0.05,-4.32,-0.13,1.946,0.0,0.0,-0.0,0.0,0.0,0.0,1.89,2.04,2.0,1.86
2352,39.2,2.0,28.964,0.008,0.7419,-0.05,-4.37,-0.13,1.697,0.0,0.0,-0.0,0.0,0.0,0.0,1.55,1.76,2.04,1.45
2353,39.2167,2.0,28.969,0.007,0.7419,0.04,-4.34,-0.13,1.902,0.0,0.0,-0.0,0.0,0.0,0.0,1.86,1.91,2.0,1.83
2354,39.2333,2.0,28.973,0.007,0.7419,0.13,-4.33,-0.13,1.816,0.0,0.0,-0.0,0.0,0.0,0.0,1.95,1.82,1.99,1.51
2355,39.25,2.0,28.978,0.006,0.7417,0.22,-4.32,-0.12,1.88,0.0,0.0,-0.0,0.0,0.0,0.0,1.94,1.65,2.0,1.92
2356,39.2667,2.0,28.983,0.005,0.7414,0.32,-4.3,-0.12,1.956,0.0,0.0,-0.0,0.0,0.0,0.0,2.23,1.55,2.01,2.03
2357,39.2833,2.0,28.987,0.005,0.7416,0.36,-4.24,-0.12,1.815,0.0,0.0,-0.0,0.0,0.0,0.0,1.75,1.85,2.01,1.65
2358,39.3,2.0,28.992,0.005,0.7418,0.33,-4.2,-0.12,1.936,0.0,0.0,-0.0,0.0,0.0,0.0,1.88,2.0,2.01,1.86
2359,39.3167,2.0,28.997,0.006,0.7418,0.24,-4.21,-0.12,1.966,0.0,0.0,-0.0,0.0,0.0,0.0,1.93,2.03,2.01,1.91
2360,39.3333,2.0,29.001,0.007,0.7416,0.12,-4.24,-0.12,2.001,0.0,0.0,-0.0,0.0,0.0,0.0,2.03,1.99,2.0,1.98
2361,39.35,2.0,29.006,0.007,0.7414,0.06,-4.23,-0.12,2.005,0.0,0.0,-0.0,0.0,0.0,0.0,1.85,2.22,1.99,1.96
2362,39.3667,2.0,29.01,0.007,0.7418,0.01,-4.3,-0.12,1.974,0.0,0.0,-0.0,0.0,0.0,0.0,1.96,1.98,2.0,1.96
2363,39.3833,2.0,29.014,0.008,0.742,-0.06,-4.37,-0.13,1.95,0.0,0.0,-0.0,0.0,0.0,0.0,1.9,1.97,2.0,1.93
2364,39.4,2.0,29.018,0.008,0.7421,-0.05,-4.39,-0.12,1.607,0.0,0.0,-0.0,0.0,0.0,0.0,1.16,1.58,2.0,1.68
2365,39.4167,2.0,29.023,0.007,0.742,0.04,-4.36,-0.12,1.799,0.0,0.0,-0.0,0.0,0.0,0.0,1.73,1.71,2.01,1.75
2366,39.4333,2.0,29.027,0.007,0.742,0.11,-4.33,-0.12,1.918,0.0,0.0,-0.0,0.0,0.0,0.0,1.88,1.89,2.0,1.91
2367,39.45,2.0,29.032,0.006,0.7418,0.19,-4.3,-0.12,1.946,0.0,0.0,-0.0,0.0,0.0,0.0,1.97,1.82,1.99,2.01
2368,39.4667,2.0,29.037,0.006,0.7415,0.28,-4.29,-0.12,1.9,0.0,0.0,-0.0,0.0,0.0,0.0,1.99,1.59,2.0,2.02
2369,39.4833,2.0,29.042,0.005,0.7416,0.32,-4.24,-0.12,1.881,0.0,0.0,-0.0,0.0,0.0,0.0,1.81,2.1,2.1,1.52
2370,39.5,2.0,29.047,0.005,0.7418,0.3,-4.21,-0.12,1.908,0.0,0.0,-0.0,0.0,0.0,0.0,1.79,1.98,2.01,1.86
2371,39.5167,2.0,29.051,0.006,0.7419,0.23,-4.2,-0.12,1.938,0.0,0.0,-0.0,0.0,0.0,0.0,1.91,1.9,2.0,1.94
2372,39.5333,2.0,29.056,0.006,0.7418,0.13,-4.23,-0.12,1.978,0.0,0.0,-0.0,0.0,0.0,0.0,1.99,1.94,2.0,1.98
2373,39.55,2.0,29.061,0.007,0.7416,0.06,-4.23,-0.12,1.972,0.0,0.0,-0.0,0.0,0.0,0.0,1.94,2.08,2.0,1.87
2374,39.5667,2.0,29.065,0.007,0.7419,0.02,-4.31,-0.13,1.692,0.0,0.0,-0.0,0.0,0.0,0.0,1.93,1.77,2.0,1.07
2375,39.5833,2.0,29.069,0.008,0.7421,-0.02,-4.37,-0.13,1.925,0.0,0.0,-0.0,0.0,0.0,0.0,1.9,1.91,2.01,1.88
2376,39.6,2.0,29.073,0.008,0.7423,-0.09,-4.43,-0.13,1.837,0.0,0.0,-0.0,0.0,0.0,0.0,1.89,1.92,1.99,1.54
2377,39.6167,2.0,29.077,0.007,0.7423,-0.02,-4.41,-0.13,1.745,0.0,0.0,-0.0,0.0,0.0,0.0,1.73,1.5,1.99,1.76
2378,39.6333,2.0,29.082,0.007,0.7421,0.06,-4.37,-0.13,1.867,0.0,0.0,-0.0,0.0,0.0,0.0,1.85,1.81,2.0,1.81
2379,39.65,2.0,29.087,0.006,0.7419,0.16,-4.33,-0.13,1.934,0.0,0.0,-0.0,0.0,0.0,0.0,1.88,1.94,2.0,1.91
2380,39.6667,2.0,29.092,0.006,0.7414,0.26,-4.29,-0.12,1.871,0.0,0.0,-0.0,0.0,0.0,0.0,1.97,1.53,2.01,1.98
2381,39.6833,2.0,29.097,0.005,0.7409,0.36,-4.25,-0.12,2.04,0.0,0.0,-0.0,0.0,0.0,0.0,2.01,2.11,2.0,2.04
2382,39.7,2.0,29.102,0.004,0.7412,0.42,-4.14,-0.12,1.889,0.0,0.0,-0.0,0.0,0.0,0.0,1.74,2.0,1.99,1.82
2383,39.7167,2.0,29.107,0.004,0.7414,0.45,-4.06,-0.12,1.921,0.0,0.0,-0.0,0.0,0.0,0.0,1.86,2.0,2.01,1.82
2384,39.7333,2.0,29.112,0.004,0.7415,0.44,-4.0,-0.12,1.978,0.0,0.0,-0.0,0.0,0.0,0.0,1.96,2.05,1.83,2.08
2385,39.75,2.0,29.117,0.005,0.7414,0.36,-4.0,-0.12,1.994,0.0,0.0,-0.0,0.0,0.0,0.0,2.07,1.99,1.89,2.02
2386,39.7667,2.0,29.121,0.005,0.7417,0.27,-4.1,-0.12,2.028,0.0,0.0,-0.0,0.0,0.0,0.0,2.03,1.99,1.98,2.11
2387,39.7833,2.0,29.125,0.006,0.742,0.18,-4.2,-0.12,1.961,0.0,0.0,-0.0,0.0,0.0,0.0,1.92,1.99,2.0,1.95
2388,39.8,2.0,29.129,0.007,0.7421,0.07,-4.3,-0.12,1.963,0.0,0.0,-0.0,0.0,0.0,0.0,1.93,1.99,2.0,1.94
2389,39.8167,2.0,29.133,0.007,0.7422,0.07,-4.34,-0.12,1.699,0.0,0.0,-0.0,0.0,0.0,0.0,1.39,1.54,2.0,1.86
2390,39.8333,2.0,29.137,0.006,0.7421,0.14,-4.33,-0.12,1.832,0.0,0.0,-0.0,0.0,0.0,0.0,1.75,1.8,2.01,1.77
2391,39.85,2.0,29.141,0.006,0.7425,0.25,-4.2,-0.14,1.475,0.0,0.0,-0.0,0.0,0.0,0.0,1.05,1.26,2.02,1.56
2392,39.8667,2.0,29.145,0.006,0.7436,0.21,-4.08,-0.12,1.555,0.0,0.0,-0.0,0.0,0.0,0.0,1.34,1.32,2.0,1.56
2393,39.8833,2.0,29.149,0.006,0.7446,0.21,-3.94,-0.12,1.569,0.0,0.0,-0.0,0.0,0.0,0.0,1.32,1.41,2.0,1.53
2394,39.9,2.0,29.153,0.006,0.7456,0.2,-3.8,-0.12,1.596,0.0,0.0,-0.0,0.0,0.0,0.0,1.29,1.52,2.0,1.57
2395,39.9167,2.0,29.157,0.006,0.7466,0.21,-3.67,-0.12,1.755,0.0,0.0,-0.0,0.0,0.0,0.0,1.55,1.75,2.0,1.72
2396,39.9333,2.0,29.161,0.006,0.7476,0.19,-3.56,-0.12,1.528,0.0,0.0,-0.0,0.0,0.0,0.0,1.33,1.15,2.02,1.61
2397,39.95,2.0,29.165,0.006,0.7484,0.19,-3.42,-0.12,1.765,0.0,0.0,-0.0,0.0,0.0,0.0,1.51,1.84,2.01,1.71
2398,39.9667,2.0,29.17,0.006,0.7491,0.18,-3.3,-0.12,1.929,0.0,0.0,-0.0,0.0,0.0,0.0,2.58,1.57,2.01,1.56
2399,39.9833,2.0,29.175,0.006,0.7498,0.18,-3.17,-0.12,1.832,0.0,0.0,-0.0,0.0,0.0,0.0,1.6,1.97,2.01,1.74
2400,40.0,2.0,29.179,0.006,0.7503,0.18,-3.03,-0.12,1.754,0.0,0.0,-0.0,0.0,0.0,0.0,1.64,1.76,2.01,1.61
2401,40.0167,2.0,29.184,0.006,0.7507,0.17,-2.89,-0.12,1.799,0.0,0.0,-0.0,0.0,0.0,0.0,1.6,1.73,2.03,1.84
2402,40.0333,2.0,29.189,0.006,0.7517,0.17,-2.84,-0.12,1.893,0.0,0.0,-0.0,0.0,0.0,0.0,1.79,1.96,1.97,1.85
2403,40.05,2.0,29.193,0.006,0.7526,0.16,-2.81,-0.12,1.835,0.0,0.0,-0.0,0.0,0.0,0.0,1.81,1.77,2.0,1.76
2404,40.0667,2.0,29.198,0.006,0.7534,0.16,-2.78,-0.12,1.818,0.0,0.0,-0.0,0.0,0.0,0.0,1.74,1.81,2.0,1.72
2405,40.0833,2.0,29.202,0.006,0.7541,0.16,-2.75,-0.11,1.825,0.0,0.0,-0.0,0.0,0.0,0.0,1.72,1.84,2.0,1.74
2406,40.1,2.0,29.206,0.006,0.7546,0.15,-2.72,-0.11,1.837,0.0,0.0,-0.0,0.0,0.0,0.0,1.79,1.79,2.0,1.76
2407,40.1167,2.0,29.211,0.006,0.755,0.15,-2.69,-0.11,1.911,0.0,0.0,-0.0,0.0,0.0,0.0,1.85,1.97,2.0,1.82
2408,40.1333,2.0,29.215,0.006,0.7554,0.13,-2.66,-0.11,1.845,0.0,0.0,-0.0,0.0,0.0,0.0,1.81,1.82,2.01,1.75
2409,40.15,2.0,29.22,0.007,0.7557,0.1,-2.63,-0.11,2.069,0.0,0.0,-0.0,0.0,0.0,0.0,1.94,2.48,2.0,1.85
2410,40.1667,2.0,29.225,0.007,0.7558,0.08,-2.59,-0.11,1.951,0.0,0.0,-0.0,0.0,0.0,0.0,2.04,1.93,2.0,1.83
2411,40.1833,2.0,29.229,0.007,0.7558,0.06,-2.56,-0.11,2.015,0.0,0.0,-0.0,0.0,0.0,0.0,2.03,2.1,2.0,1.92
2412,40.2,2.0,29.234,0.007,0.7556,0.03,-2.52,-0.11,1.961,0.0,0.0,-0.0,0.0,0.0,0.0,1.97,1.91,1.99,1.98
2413,40.2167,2.0,29.237,0.007,0.7567,0.13,-2.56,0.01,1.852,0.0,0.0,-0.0,0.0,0.0,0.0,1.92,1.99,2.01,1.48
2414,40.2333,2.0,29.239,0.007,0.7581,0.19,-2.69,0.01,1.842,0.0,0.0,-0.0,0.0,0.0,0.0,2.32,2.01,2.01,1.04
2415,40.25,2.0,29.241,0.007,0.7594,0.2,-2.86,-0.01,1.821,0.0,0.0,-0.0,0.0,0.0,0.0,2.13,2.01,2.01,1.15
2416,40.2667,2.0,29.242,0.007,0.7606,0.16,-3.06,-0.02,1.829,0.0,0.0,-0.0,0.0,0.0,0.0,2.11,2.0,2.0,1.2
2417,40.2833,2.0,29.244,0.007,0.7617,0.16,-3.23,-0.02,1.736,0.0,0.0,-0.0,0.0,0.0,0.0,2.31,1.45,2.01,1.18
2418,40.3,2.0,29.246,0.006,0.763,0.18,-3.41,-0.03,1.917,0.0,0.0,-0.0,0.0,0.0,0.0,2.22,2.05,1.99,1.4
2419,40.3167,2.0,29.248,0.006,0.7642,0.2,-3.58,-0.04,1.863,0.0,0.0,-0.0,0.0,0.0,0.0,2.32,1.64,2.01,1.47
2420,40.3333,2.0,29.251,0.006,0.7653,0.23,-3.75,-0.04,2.196,0.0,0.0,-0.0,0.0,0.0,0.0,2.28,2.99,2.02,1.5
2421,40.35,2.0,29.253,0.006,0.7664,0.26,-3.92,-0.05,1.884,0.0,0.0,-0.0,0.0,0.0,0.0,2.24,1.71,2.01,1.58
2422,40.3667,2.0,29.256,0.006,0.7674,0.28,-4.09,-0.05,2.294,0.0,0.0,-0.0,0.0,0.0,0.0,2.33,3.23,2.03,1.59
2423,40.3833,2.0,29.258,0.005,0.7682,0.31,-4.26,-0.05,1.886,0.0,0.0,-0.0,0.0,0.0,0.0,2.12,1.74,2.0,1.68
2424,40.4,2.0,29.261,0.005,0.7694,0.29,-4.39,-0.06,1.835,0.0,0.0,-0.0,0.0,0.0,0.0,1.9,2.01,2.0,1.43
2425,40.4167,2.0,29.263,0.006,0.7705,0.24,-4.53,-0.07,1.817,0.0,0.0,-0.0,0.0,0.0,0.0,2.08,1.67,2.0,1.52
2426,40.4333,2.0,29.266,0.006,0.7716,0.2,-4.66,-0.07,2.008,0.0,0.0,-0.0,0.0,0.0,0.0,2.05,2.31,2.03,1.64
2427,40.45,2.0,29.269,0.006,0.7727,0.15,-4.8,-0.08,1.874,0.0,0.0,-0.0,0.0,0.0,0.0,2.08,1.77,2.0,1.65
2428,40.4667,2.0,29.271,0.006,0.7737,0.1,-4.95,-0.08,2.174,0.0,0.0,-0.0,0.0,0.0,0.0,2.08,2.89,2.03,1.7
2429,40.4833,2.0,29.274,0.007,0.7747,0.05,-5.09,-0.08,1.886,0.0,0.0,-0.0,0.0,0.0,0.0,2.03,1.83,2.0,1.69
2430,40.5,2.0,29.277,0.007,0.7755,0.0,-5.23,-0.09,2.115,0.0,0.0,-0.0,0.0,0.0,0.0,2.04,2.73,1.99,1.7
2431,40.5167,2.0,29.28,0.007,0.7763,-0.04,-5.37,-0.08,1.483,0.0,0.0,-0.0,0.0,0.0,0.0,1.13,1.84,2.02,0.95
2432,40.5333,2.0,29.283,0.007,0.777,0.01,-5.42,-0.09,1.797,0.0,0.0,-0.0,0.0,0.0,0.0,1.84,1.8,2.0,1.56
2433,40.55,2.0,29.287,0.007,0.7776,0.07,-5.48,-0.09,1.778,0.0,0.0,-0.0,0.0,0.0,0.0,1.74,1.69,2.0,1.67
2434,40.5667,2.0,29.29,0.006,0.7783,0.12,-5.53,-0.09,1.86,0.0,0.0,-0.0,0.0,0.0,0.0,1.84,1.86,2.0,1.74
2435,40.5833,2.0,29.294,0.006,0.7788,0.18,-5.59,-0.09,1.827,0.0,0.0,-0.0,0.0,0.0,0.0,1.93,2.0,2.02,1.35
2436,40.6,2.0,29.298,0.005,0.7791,0.24,-5.66,-0.09,2.077,0.0,0.0,-0.0,0.0,0.0,0.0,1.85,2.64,2.0,1.82
2437,40.6167,2.0,29.302,0.005,0.7794,0.31,-5.72,-0.09,1.893,0.0,0.0,-0.0,0.0,0.0,0.0,1.86,1.84,2.0,1.87
2438,40.6333,2.0,29.306,0.005,0.7795,0.37,-5.78,-0.09,1.966,0.0,0.0,-0.0,0.0,0.0,0.0,1.88,2.06,2.01,1.92
2439,40.65,2.0,29.31,0.004,0.7797,0.41,-5.83,-0.1,1.776,0.0,0.0,-0.0,0.0,0.0,0.0,1.36,1.68,1.9,2.16
2440,40.6667,2.0,29.314,0.005,0.7804,0.35,-5.87,-0.09,1.824,0.0,0.0,-0.0,0.0,0.0,0.0,1.63,2.0,2.0,1.67
2441,40.6833,2.0,29.317,0.005,0.7808,0.24,-5.97,-0.1,1.73,0.0,0.0,-0.0,0.0,0.0,0.0,1.58,1.65,1.99,1.7
2442,40.7,2.0,29.321,0.006,0.7812,0.16,-6.03,-0.1,1.879,0.0,0.0,-0.0,0.0,0.0,0.0,1.85,1.87,2.0,1.8
2443,40.7167,2.0,29.325,0.006,0.7815,0.08,-6.09,-0.1,1.962,0.0,0.0,-0.0,0.0,0.0,0.0,1.83,2.17,2.01,1.84
2444,40.7333,2.0,29.329,0.007,0.7819,-0.01,-6.19,-0.1,1.926,0.0,0.0,-0.0,0.0,0.0,0.0,1.87,1.93,1.99,1.91
2445,40.75,2.0,29.333,0.007,0.7822,0.02,-6.2,-0.1,1.914,0.0,0.0,-0.0,0.0,0.0,0.0,1.67,1.59,1.98,2.41
2446,40.7667,2.0,29.337,0.007,0.7825,0.06,-6.2,-0.1,1.815,0.0,0.0,-0.0,0.0,0.0,0.0,1.75,1.76,2.0,1.76
2447,40.7833,2.0,29.342,0.006,0.7827,0.11,-6.19,-0.1,1.903,0.0,0.0,-0.0,0.0,0.0,0.0,1.87,1.87,1.99,1.89
2448,40.8,2.0,29.346,0.006,0.7828,0.16,-6.18,-0.1,1.994,0.0,0.0,-0.0,0.0,0.0,0.0,1.84,2.23,1.98,1.93
2449,40.8167,2.0,29.351,0.006,0.783,0.16,-6.17,-0.1,1.924,0.0,0.0,-0.0,0.0,0.0,0.0,1.87,1.97,2.0,1.86
2450,40.8333,2.0,29.355,0.006,0.7831,0.15,-6.16,-0.1,1.908,0.0,0.0,-0.0,0.0,0.0,0.0,1.87,1.95,2.01,1.79
2451,40.85,2.0,29.36,0.006,0.783,0.15,-6.15,-0.09,1.973,0.0,0.0,-0.0,0.0,0.0,0.0,1.92,2.06,2.0,1.91
2452,40.8667,2.0,29.365,0.006,0.7828,0.16,-6.13,-0.09,1.96,0.0,0.0,-0.0,0.0,0.0,0.0,2.0,1.89,2.0,1.95
2453,40.8833,2.0,29.37,0.006,0.7824,0.17,-6.12,-0.09,1.957,0.0,0.0,-0.0,0.0,0.0,0.0,2.49,1.36,1.98,1.99
2454,40.9,2.0,29.375,0.006,0.7822,0.17,-6.09,-0.09,1.858,0.0,0.0,-0.0,0.0,0.0,0.0,1.62,1.91,2.02,1.88
2455,40.9167,2.0,29.38,0.006,0.782,0.11,-6.07,-0.09,1.981,0.0,0.0,-0.0,0.0,0.0,0.0,2.0,2.02,2.0,1.9
2456,40.9333,2.0,29.385,0.007,0.7818,0.03,-6.08,-0.08,2.137,0.0,0.0,-0.0,0.0,0.0,0.0,2.65,1.95,2.02,1.93
2457,40.95,2.0,29.389,0.007,0.7823,-0.02,-6.18,-0.08,1.628,0.0,0.0,-0.0,0.0,0.0,0.0,1.45,1.76,2.02,1.27
2458,40.9667,2.0,29.393,0.007,0.7826,0.03,-6.17,-0.08,1.752,0.0,0.0,-0.0,0.0,0.0,0.0,1.67,1.7,2.01,1.62
2459,40.9833,2.0,29.397,0.006,0.7828,0.09,-6.16,-0.09,1.911,0.0,0.0,-0.0,0.0,0.0,0.0,1.86,1.96,2.0,1.83
2460,41.0,2.0,29.402,0.006,0.7829,0.16,-6.16,-0.09,1.946,0.0,0.0,-0.0,0.0,0.0,0.0,1.93,1.96,2.0,1.89
2461,41.0167,2.0,29.406,0.006,0.7829,0.22,-6.15,-0.09,1.99,0.0,0.0,-0.0,0.0,0.0,0.0,1.93,2.1,1.99,1.94
2462,41.0333,2.0,29.411,0.005,0.7827,0.28,-6.14,-0.09,1.998,0.0,0.0,-0.0,0.0,0.0,0.0,1.94,2.07,2.0,1.98
2463,41.05,2.0,29.416,0.005,0.7823,0.34,-6.13,-0.08,2.027,0.0,0.0,-0.0,0.0,0.0,0.0,2.07,2.0,2.0,2.03
2464,41.0667,2.0,29.421,0.004,0.7818,0.39,-6.12,-0.08,1.918,0.0,0.0,-0.0,0.0,0.0,0.0,1.53,2.02,1.89,2.23
2465,41.0833,2.0,29.425,0.005,0.782,0.33,-6.09,-0.08,1.869,0.0,0.0,-0.0,0.0,0.0,0.0,1.75,1.93,2.0,1.79
2466,41.1,2.0,29.43,0.006,0.782,0.21,-6.11,-0.08,1.924,0.0,0.0,-0.0,0.0,0.0,0.0,1.95,1.87,2.0,1.88
2467,41.1167,2.0,29.434,0.006,0.7818,0.11,-6.11,-0.08,1.934,0.0,0.0,-0.0,0.0,0.0,0.0,1.64,2.07,2.05,1.98
2468,41.1333,2.0,29.438,0.007,0.7823,0.03,-6.19,-0.08,1.973,0.0,0.0,-0.0,0.0,0.0,0.0,1.99,1.94,2.01,1.95
2469,41.15,2.0,29.443,0.007,0.7826,-0.01,-6.22,-0.08,1.64,0.0,0.0,-0.0,0.0,0.0,0.0,1.56,1.77,2.04,1.2
2470,41.1667,2.0,29.447,0.007,0.7829,0.06,-6.19,-0.08,1.885,0.0,0.0,-0.0,0.0,0.0,0.0,1.75,2.0,2.0,1.79
2471,41.1833,2.0,29.451,0.006,0.783,0.1,-6.17,-0.08,1.72,0.0,0.0,-0.0,0.0,0.0,0.0,1.83,1.8,2.0,1.24
2472,41.2,2.0,29.456,0.006,0.783,0.14,-6.15,-0.09,1.985,0.0,0.0,-0.0,0.0,0.0,0.0,1.85,2.16,1.99,1.94
2473,41.2167,2.0,29.461,0.006,0.7829,0.19,-6.13,-0.09,1.822,0.0,0.0,-0.0,0.0,0.0,0.0,2.0,2.11,2.01,1.17
2474,41.2333,2.0,29.466,0.005,0.7828,0.24,-6.13,-0.09,2.091,0.0,0.0,-0.0,0.0,0.0,0.0,2.0,2.36,2.0,2.01
2475,41.25,2.0,29.47,0.005,0.7824,0.3,-6.13,-0.09,1.872,0.0,0.0,-0.0,0.0,0.0,0.0,2.02,1.43,2.0,2.04
2476,41.2667,2.0,29.475,0.005,0.7819,0.35,-6.12,-0.09,1.826,0.0,0.0,-0.0,0.0,0.0,0.0,1.95,1.58,1.95,1.82
2477,41.2833,2.0,29.48,0.005,0.7822,0.3,-6.09,-0.09,1.878,0.0,0.0,-0.0,0.0,0.0,0.0,1.84,1.81,2.01,1.85
2478,41.3,2.0,29.485,0.006,0.7822,0.21,-6.09,-0.09,1.947,0.0,0.0,-0.0,0.0,0.0,0.0,1.97,1.9,2.0,1.92
2479,41.3167,2.0,29.489,0.006,0.7821,0.1,-6.12,-0.08,1.828,0.0,0.0,-0.0,0.0,0.0,0.0,1.92,1.7,2.0,1.7
2480,41.3333,2.0,29.493,0.007,0.7825,0.03,-6.19,-0.08,1.97,0.0,0.0,-0.0,0.0,0.0,0.0,1.9,2.05,2.0,1.93
2481,41.35,2.0,29.497,0.007,0.7827,-0.04,-6.27,-0.08,1.775,0.0,0.0,-0.0,0.0,0.0,0.0,1.85,1.33,1.98,1.94
2482,41.3667,2.0,29.502,0.007,0.783,0.01,-6.24,-0.08,1.784,0.0,0.0,-0.0,0.0,0.0,0.0,1.74,1.7,2.0,1.7
2483,41.3833,2.0,29.506,0.007,0.7831,0.07,-6.22,-0.09,1.85,0.0,0.0,-0.0,0.0,0.0,0.0,1.8,1.77,2.0,1.82
2484,41.4,2.0,29.511,0.006,0.7831,0.13,-6.18,-0.09,1.929,0.0,0.0,-0.0,0.0,0.0,0.0,1.92,1.82,1.99,1.99
2485,41.4167,2.0,29.516,0.006,0.7829,0.19,-6.15,-0.09,1.955,0.0,0.0,-0.0,0.0,0.0,0.0,1.95,1.91,2.01,1.95
2486,41.4333,2.0,29.521,0.006,0.7826,0.25,-6.12,-0.09,1.89,0.0,0.0,-0.0,0.0,0.0,0.0,1.97,1.56,2.0,2.03
2487,41.45,2.0,29.526,0.005,0.7822,0.32,-6.1,-0.09,2.0,0.0,0.0,-0.0,0.0,0.0,0.0,2.01,1.9,2.0,2.09
2488,41.4667,2.0,29.531,0.005,0.7817,0.4,-6.07,-0.08,2.069,0.0,0.0,-0.0,0.0,0.0,0.0,2.4,1.79,1.99,2.1
2489,41.4833,2.0,29.536,0.004,0.7816,0.45,-6.0,-0.08,1.801,0.0,0.0,-0.0,0.0,0.0,0.0,1.69,1.87,2.08,1.57
2490,41.5,2.0,29.54,0.004,0.7817,0.44,-5.93,-0.08,1.918,0.0,0.0,-0.0,0.0,0.0,0.0,1.84,2.02,2.01,1.8
2491,41.5167,2.0,29.545,0.004,0.7818,0.4,-5.89,-0.08,1.912,0.0,0.0,-0.0,0.0,0.0,0.0,1.64,2.03,2.03,1.96
2492,41.5333,2.0,29.55,0.005,0.7823,0.35,-5.95,-0.08,1.987,0.0,0.0,-0.0,0.0,0.0,0.0,1.96,2.0,2.0,1.99
2493,41.55,2.0,29.554,0.005,0.7826,0.27,-6.03,-0.09,1.969,0.0,0.0,-0.0,0.0,0.0,0.0,1.92,2.0,2.0,1.96
2494,41.5667,2.0,29.558,0.006,0.7829,0.17,-6.12,-0.09,1.961,0.0,0.0,-0.0,0.0,0.0,0.0,1.91,2.02,2.0,1.92
2495,41.5833,2.0,29.562,0.006,0.783,0.14,-6.16,-0.09,1.484,0.0,0.0,-0.0,0.0,0.0,0.0,1.54,1.61,1.98,0.8
2496,41.6,2.0,29.566,0.006,0.783,0.17,-6.16,-0.09,1.886,0.0,0.0,-0.0,0.0,0.0,0.0,1.77,1.95,2.0,1.82
2497,41.6167,2.0,29.571,0.006,0.7829,0.21,-6.15,-0.09,1.984,0.0,0.0,-0.0,0.0,0.0,0.0,1.89,1.72,2.0,2.33
2498,41.6333,2.0,29.575,0.006,0.7827,0.24,-6.15,-0.09,1.928,0.0,0.0,-0.0,0.0,0.0,0.0,1.87,1.94,2.0,1.9
2499,41.65,2.0,29.58,0.005,0.7823,0.29,-6.12,-0.08,1.979,0.0,0.0,-0.0,0.0,0.0,0.0,1.99,1.93,1.99,2.02
2500,41.6667,2.0,29.585,0.005,0.7819,0.34,-6.12,-0.08,2.011,0.0,0.0,-0.0,0.0,0.0,0.0,2.01,1.91,2.0,2.12
2501,41.6833,2.0,29.59,0.005,0.7821,0.36,-6.06,-0.07,1.867,0.0,0.0,-0.0,0.0,0.0,0.0,1.78,1.84,1.98,1.86
2502,41.7,2.0,29.595,0.005,0.7823,0.32,-6.02,-0.08,1.937,0.0,0.0,-0.0,0.0,0.0,0.0,1.89,2.02,2.0,1.84
2503,41.7167,2.0,29.599,0.005,0.7823,0.27,-6.01,-0.08,1.964,0.0,0.0,-0.0,0.0,0.0,0.0,1.99,1.95,2.0,1.91
2504,41.7333,2.0,29.604,0.006,0.7822,0.19,-6.01,-0.08,1.983,0.0,0.0,-0.0,0.0,0.0,0.0,2.02,1.95,2.0,1.96
2505,41.75,2.0,29.609,0.007,0.782,0.09,-6.03,-0.08,1.647,0.0,0.0,-0.0,0.0,0.0,0.0,1.61,1.76,2.01,1.21
2506,41.7667,2.0,29.613,0.006,0.7823,0.12,-6.04,-0.08,1.958,0.0,0.0,-0.0,0.0,0.0,0.0,1.92,2.0,2.0,1.91
2507,41.7833,2.0,29.618,0.006,0.7826,0.15,-6.07,-0.08,1.871,0.0,0.0,-0.0,0.0,0.0,0.0,1.87,1.96,1.99,1.67
2508,41.8,2.0,29.621,0.005,0.783,0.32,-5.95,-0.08,1.152,0.0,0.0,-0.0,0.0,0.0,0.0,0.8,1.74,2.0,0.07
2509,41.8167,2.0,29.625,0.004,0.7841,0.48,-5.75,-0.11,1.485,0.0,0.0,-0.0,0.0,0.0,0.0,0.92,1.7,2.01,1.31
2510,41.8333,2.0,29.628,0.004,0.7853,0.52,-5.61,-0.12,2.126,0.0,0.0,-0.0,0.0,0.0,0.0,2.89,2.01,1.98,1.62
2511,41.85,2.0,29.631,0.004,0.7864,0.49,-5.51,-0.12,1.616,0.0,0.0,-0.0,0.0,0.0,0.0,0.83,2.0,1.99,1.65
2512,41.8667,2.0,29.634,0.005,0.7874,0.41,-5.46,-0.12,1.674,0.0,0.0,-0.0,0.0,0.0,0.0,0.98,2.09,1.99,1.63
2513,41.8833,2.0,29.637,0.005,0.7884,0.37,-5.36,-0.11,1.562,0.0,0.0,-0.0,0.0,0.0,0.0,1.52,1.16,1.94,1.63
2514,41.9,2.0,29.641,0.005,0.7894,0.37,-5.24,-0.11,1.479,0.0,0.0,-0.0,0.0,0.0,0.0,1.08,1.32,2.01,1.49
2515,41.9167,2.0,29.645,0.005,0.7903,0.37,-5.11,-0.11,1.542,0.0,0.0,-0.0,0.0,0.0,0.0,1.1,1.51,2.02,1.54
2516,41.9333,2.0,29.649,0.005,0.7913,0.37,-4.98,-0.1,1.6,0.0,0.0,-0.0,0.0,0.0,0.0,1.27,1.6,2.02,1.51
2517,41.95,2.0,29.653,0.005,0.7921,0.36,-4.83,-0.1,1.621,0.0,0.0,-0.0,0.0,0.0,0.0,1.17,1.7,2.06,1.56
2518,41.9667,2.0,29.657,0.005,0.7929,0.36,-4.69,-0.1,1.648,0.0,0.0,-0.0,0.0,0.0,0.0,1.46,1.48,2.03,1.62
2519,41.9833,2.0,29.662,0.005,0.7936,0.36,-4.54,-0.1,1.695,0.0,0.0,-0.0,0.0,0.0,0.0,1.48,1.69,2.02,1.58
2520,42.0,2.0,29.666,0.005,0.7942,0.36,-4.38,-0.09,1.758,0.0,0.0,-0.0,0.0,0.0,0.0,1.56,1.8,2.02,1.65
2521,42.0167,2.0,29.671,0.005,0.7947,0.36,-4.23,-0.09,1.824,0.0,0.0,-0.0,0.0,0.0,0.0,1.67,1.88,1.97,1.77
2522,42.0333,2.0,29.676,0.005,0.7959,0.37,-4.18,-0.08,1.856,0.0,0.0,-0.0,0.0,0.0,0.0,1.53,2.03,1.99,1.87
2523,42.05,2.0,29.68,0.005,0.7968,0.35,-4.14,-0.08,1.715,0.0,0.0,-0.0,0.0,0.0,0.0,1.55,1.71,2.0,1.6
2524,42.0667,2.0,29.684,0.005,0.7976,0.35,-4.09,-0.08,1.725,0.0,0.0,-0.0,0.0,0.0,0.0,1.54,1.69,2.01,1.66
2525,42.0833,2.0,29.688,0.005,0.7983,0.35,-4.04,-0.08,1.743,0.0,0.0,-0.0,0.0,0.0,0.0,1.6,1.7,2.01,1.66
2526,42.1,2.0,29.692,0.005,0.7989,0.35,-3.99,-0.07,1.782,0.0,0.0,-0.0,0.0,0.0,0.0,1.67,1.76,2.01,1.69
2527,42.1167,2.0,29.697,0.005,0.7994,0.35,-3.93,-0.07,1.835,0.0,0.0,-0.0,0.0,0.0,0.0,1.71,1.93,2.0,1.71
2528,42.1333,2.0,29.701,0.005,0.7998,0.34,-3.88,-0.07,1.877,0.0,0.0,-0.0,0.0,0.0,0.0,1.77,1.97,2.01,1.76
2529,42.15,2.0,29.706,0.005,0.8,0.34,-3.82,-0.06,1.964,0.0,0.0,-0.0,0.0,0.0,0.0,1.75,2.14,1.99,1.97
2530,42.1667,2.0,29.711,0.005,0.8002,0.32,-3.77,-0.06,1.867,0.0,0.0,-0.0,0.0,0.0,0.0,1.87,1.84,2.0,1.76
2531,42.1833,2.0,29.716,0.005,0.8003,0.31,-3.71,-0.06,1.899,0.0,0.0,-0.0,0.0,0.0,0.0,1.59,2.09,1.98,1.93
2532,42.2,2.0,29.719,0.006,0.801,0.4,-3.66,0.08,1.599,0.0,0.0,-0.0,0.0,0.0,0.0,0.87,2.0,2.0,1.52
2533,42.2167,2.0,29.72,0.005,0.8026,0.53,-3.74,0.11,1.824,0.0,0.0,-0.0,0.0,0.0,0.0,2.0,2.03,2.02,1.24
2534,42.2333,2.0,29.722,0.004,0.8039,0.58,-3.87,0.04,1.76,0.0,0.0,-0.0,0.0,0.0,0.0,2.04,2.0,1.99,1.01
2535,42.25,2.0,29.723,0.004,0.8051,0.58,-4.02,0.06,1.755,0.0,0.0,-0.0,0.0,0.0,0.0,2.02,2.01,2.01,0.98
2536,42.2667,2.0,29.724,0.005,0.8064,0.54,-4.21,0.05,1.753,0.0,0.0,-0.0,0.0,0.0,0.0,2.08,2.01,2.01,0.92
2537,42.2833,2.0,29.725,0.005,0.8076,0.47,-4.45,0.03,1.756,0.0,0.0,-0.0,0.0,0.0,0.0,2.4,1.42,2.02,1.19
2538,42.3,2.0,29.726,0.005,0.8091,0.47,-4.64,0.03,1.769,0.0,0.0,-0.0,0.0,0.0,0.0,2.33,1.43,2.0,1.32
2539,42.3167,2.0,29.728,0.005,0.8105,0.48,-4.83,0.03,1.827,0.0,0.0,-0.0,0.0,0.0,0.0,2.39,1.57,2.0,1.34
2540,42.3333,2.0,29.73,0.005,0.8119,0.49,-5.02,0.03,1.871,0.0,0.0,-0.0,0.0,0.0,0.0,2.38,1.69,2.0,1.42
2541,42.35,2.0,29.732,0.005,0.8132,0.5,-5.21,0.03,1.841,0.0,0.0,-0.0,0.0,0.0,0.0,2.4,1.51,2.0,1.45
2542,42.3667,2.0,29.734,0.005,0.8145,0.51,-5.41,0.03,1.82,0.0,0.0,-0.0,0.0,0.0,0.0,2.31,1.52,2.0,1.46
2543,42.3833,2.0,29.736,0.005,0.8157,0.51,-5.6,0.02,1.459,0.0,0.0,-0.0,0.0,0.0,0.0,2.24,1.73,1.99,-0.12
2544,42.4,2.0,29.738,0.004,0.8168,0.53,-5.8,0.01,1.902,0.0,0.0,-0.0,0.0,0.0,0.0,2.17,1.89,2.01,1.54
2545,42.4167,2.0,29.74,0.004,0.8178,0.54,-6.0,0.01,2.114,0.0,0.0,-0.0,0.0,0.0,0.0,2.13,2.7,2.01,1.62
2546,42.4333,2.0,29.742,0.004,0.8188,0.54,-6.2,0.0,1.905,0.0,0.0,-0.0,0.0,0.0,0.0,2.23,1.7,2.01,1.67
2547,42.45,2.0,29.745,0.004,0.8197,0.55,-6.4,-0.0,1.906,0.0,0.0,-0.0,0.0,0.0,0.0,2.15,1.75,2.02,1.7
2548,42.4667,2.0,29.747,0.004,0.8206,0.54,-6.58,-0.02,1.839,0.0,0.0,-0.0,0.0,0.0,0.0,2.26,1.7,2.0,1.39
2549,42.4833,2.0,29.749,0.005,0.8217,0.47,-6.73,-0.03,1.693,0.0,0.0,-0.0,0.0,0.0,0.0,1.83,1.57,2.04,1.34
2550,42.5,2.0,29.751,0.005,0.8229,0.47,-6.83,-0.03,1.719,0.0,0.0,-0.0,0.0,0.0,0.0,1.86,1.62,2.01,1.38
2551,42.5167,2.0,29.754,0.004,0.8241,0.47,-6.93,-0.03,1.788,0.0,0.0,-0.0,0.0,0.0,0.0,1.94,1.69,2.01,1.51
2552,42.5333,2.0,29.757,0.005,0.8253,0.46,-7.04,-0.03,1.802,0.0,0.0,-0.0,0.0,0.0,0.0,1.93,1.72,2.01,1.55
2553,42.55,2.0,29.76,0.005,0.8264,0.46,-7.14,-0.04,1.821,0.0,0.0,-0.0,0.0,0.0,0.0,1.94,1.74,2.01,1.6
2554,42.5667,2.0,29.763,0.005,0.8274,0.46,-7.25,-0.04,1.836,0.0,0.0,-0.0,0.0,0.0,0.0,1.95,1.76,2.0,1.63
2555,42.5833,2.0,29.766,0.005,0.8283,0.45,-7.36,-0.04,1.907,0.0,0.0,-0.0,0.0,0.0,0.0,1.95,2.03,2.0,1.65
2556,42.6,2.0,29.769,0.005,0.8292,0.45,-7.47,-0.04,2.076,0.0,0.0,-0.0,0.0,0.0,0.0,1.99,2.67,1.99,1.65
2557,42.6167,2.0,29.773,0.005,0.8299,0.45,-7.58,-0.05,1.864,0.0,0.0,-0.0,0.0,0.0,0.0,1.96,1.76,2.0,1.73
2558,42.6333,2.0,29.776,0.005,0.8306,0.44,-7.7,-0.05,1.918,0.0,0.0,-0.0,0.0,0.0,0.0,2.03,1.9,2.0,1.75
2559,42.65,2.0,29.779,0.005,0.8311,0.44,-7.82,-0.05,1.742,0.0,0.0,-0.0,0.0,0.0,0.0,2.02,1.14,1.99,1.81
2560,42.6667,2.0,29.783,0.005,0.8316,0.43,-7.94,-0.05,1.924,0.0,0.0,-0.0,0.0,0.0,0.0,1.95,1.93,2.0,1.82
2561,42.6833,2.0,29.786,0.005,0.8322,0.4,-8.03,-0.05,1.871,0.0,0.0,-0.0,0.0,0.0,0.0,1.85,1.91,2.0,1.73
2562,42.7,2.0,29.79,0.005,0.8327,0.34,-8.15,-0.05,1.905,0.0,0.0,-0.0,0.0,0.0,0.0,1.86,1.96,2.0,1.8
2563,42.7167,2.0,29.793,0.006,0.8332,0.28,-8.26,-0.05,1.9,0.0,0.0,-0.0,0.0,0.0,0.0,1.88,1.91,2.0,1.81
2564,42.7333,2.0,29.797,0.005,0.8335,0.36,-8.28,-0.05,1.743,0.0,0.0,-0.0,0.0,0.0,0.0,1.69,1.6,1.99,1.69
2565,42.75,2.0,29.801,0.005,0.8338,0.45,-8.29,-0.05,1.652,0.0,0.0,-0.0,0.0,0.0,0.0,1.58,1.7,1.98,1.35
2566,42.7667,2.0,29.805,0.004,0.8345,0.48,-8.28,-0.05,1.905,0.0,0.0,-0.0,0.0,0.0,0.0,1.82,2.02,2.0,1.78
2567,42.7833,2.0,29.809,0.004,0.835,0.47,-8.31,-0.05,1.801,0.0,0.0,-0.0,0.0,0.0,0.0,1.72,1.76,2.0,1.72
2568,42.8,2.0,29.813,0.004,0.8354,0.47,-8.33,-0.05,1.75,0.0,0.0,-0.0,0.0,0.0,0.0,1.81,1.36,2.0,1.83
2569,42.8167,2.0,29.818,0.004,0.8357,0.48,-8.34,-0.05,1.889,0.0,0.0,-0.0,0.0,0.0,0.0,1.84,1.87,2.0,1.86
2570,42.8333,2.0,29.822,0.004,0.8359,0.48,-8.36,-0.06,1.905,0.0,0.0,-0.0,0.0,0.0,0.0,1.86,1.87,2.0,1.89
2571,42.85,2.0,29.827,0.004,0.8359,0.49,-8.37,-0.06,1.984,0.0,0.0,-0.0,0.0,0.0,0.0,1.95,2.06,2.0,1.93
2572,42.8667,2.0,29.831,0.004,0.8358,0.5,-8.39,-0.06,1.976,0.0,0.0,-0.0,0.0,0.0,0.0,1.96,1.99,2.0,1.95
2573,42.8833,2.0,29.836,0.004,0.8355,0.5,-8.41,-0.06,1.822,0.0,0.0,-0.0,0.0,0.0,0.0,1.99,1.38,2.0,1.92
2574,42.9,2.0,29.841,0.004,0.8351,0.5,-8.43,-0.06,1.862,0.0,0.0,-0.0,0.0,0.0,0.0,2.01,1.44,2.0,2.0
2575,42.9167,2.0,29.846,0.004,0.8344,0.51,-8.45,-0.06,2.28,0.0,0.0,-0.0,0.0,0.0,0.0,2.04,2.04,1.99,3.06
2576,42.9333,2.0,29.85,0.004,0.8338,0.54,-8.43,-0.06,1.693,0.0,0.0,-0.0,0.0,0.0,0.0,1.19,1.76,1.95,1.87
2577,42.95,2.0,29.855,0.004,0.834,0.58,-8.31,-0.06,1.782,0.0,0.0,-0.0,0.0,0.0,0.0,1.47,1.97,1.99,1.7
2578,42.9667,2.0,29.859,0.004,0.8347,0.58,-8.31,-0.06,1.941,0.0,0.0,-0.0,0.0,0.0,0.0,1.84,2.06,2.0,1.85
2579,42.9833,2.0,29.864,0.004,0.8352,0.53,-8.34,-0.06,1.94,0.0,0.0,-0.0,0.0,0.0,0.0,1.88,1.99,2.0,1.89
2580,43.0,2.0,29.868,0.004,0.8355,0.51,-8.35,-0.06,1.848,0.0,0.0,-0.0,0.0,0.0,0.0,1.78,1.8,2.0,1.81
2581,43.0167,2.0,29.872,0.004,0.8357,0.5,-8.36,-0.06,2.021,0.0,0.0,-0.0,0.0,0.0,0.0,1.76,2.53,1.99,1.8
2582,43.0333,2.0,29.877,0.004,0.8358,0.49,-8.36,-0.07,1.905,0.0,0.0,-0.0,0.0,0.0,0.0,1.83,1.91,2.0,1.88
2583,43.05,2.0,29.881,0.004,0.8358,0.48,-8.37,-0.07,1.791,0.0,0.0,-0.0,0.0,0.0,0.0,1.86,1.88,2.0,1.43
2584,43.0667,2.0,29.886,0.004,0.8357,0.46,-8.39,-0.07,1.981,0.0,0.0,-0.0,0.0,0.0,0.0,1.92,1.99,2.0,2.02
2585,43.0833,2.0,29.89,0.005,0.8355,0.45,-8.41,-0.07,2.342,0.0,0.0,-0.0,0.0,0.0,0.0,2.0,2.77,2.0,2.6
2586,43.1,2.0,29.895,0.005,0.8352,0.44,-8.44,-0.07,2.104,0.0,0.0,-0.0,0.0,0.0,0.0,1.98,2.46,2.02,1.96
2587,43.1167,2.0,29.9,0.005,0.8347,0.42,-8.47,-0.07,2.061,0.0,0.0,-0.0,0.0,0.0,0.0,1.98,2.24,2.0,2.03
2588,43.1333,2.0,29.905,0.005,0.834,0.44,-8.47,-0.07,1.787,0.0,0.0,-0.0,0.0,0.0,0.0,1.42,2.14,2.08,1.51
2589,43.15,2.0,29.909,0.004,0.8341,0.53,-8.35,-0.07,1.825,0.0,0.0,-0.0,0.0,0.0,0.0,1.84,1.88,1.94,1.64
2590,43.1667,2.0,29.913,0.004,0.8348,0.55,-8.34,-0.07,1.887,0.0,0.0,-0.0,0.0,0.0,0.0,1.76,2.02,2.01,1.76
2591,43.1833,2.0,29.918,0.004,0.8353,0.51,-8.37,-0.07,1.904,0.0,0.0,-0.0,0.0,0.0,0.0,1.84,1.92,2.0,1.85
2592,43.2,2.0,29.922,0.004,0.8356,0.49,-8.38,-0.07,1.844,0.0,0.0,-0.0,0.0,0.0,0.0,1.79,1.81,2.0,1.78
2593,43.2167,2.0,29.926,0.004,0.8359,0.49,-8.37,-0.07,1.824,0.0,0.0,-0.0,0.0,0.0,0.0,1.85,0.53,2.0,2.92
2594,43.2333,2.0,29.931,0.004,0.836,0.48,-8.37,-0.06,1.861,0.0,0.0,-0.0,0.0,0.0,0.0,1.91,1.47,2.01,2.05
2595,43.25,2.0,29.935,0.004,0.8359,0.48,-8.37,-0.07,2.132,0.0,0.0,-0.0,0.0,0.0,0.0,2.23,2.2,2.03,2.06
2596,43.2667,2.0,29.94,0.004,0.8357,0.48,-8.37,-0.07,1.96,0.0,0.0,-0.0,0.0,0.0,0.0,1.94,2.04,1.99,1.87
2597,43.2833,2.0,29.944,0.004,0.8354,0.47,-8.36,-0.07,1.801,0.0,0.0,-0.0,0.0,0.0,0.0,1.77,1.36,2.01,2.07
2598,43.3,2.0,29.949,0.005,0.8351,0.47,-8.39,-0.07,2.041,0.0,0.0,-0.0,0.0,0.0,0.0,2.03,2.05,2.0,2.09
2599,43.3167,2.0,29.954,0.005,0.8346,0.46,-8.41,-0.07,2.223,0.0,0.0,-0.0,0.0,0.0,0.0,2.85,1.92,2.0,2.13
2600,43.3333,2.0,29.959,0.004,0.834,0.55,-8.35,-0.07,1.825,0.0,0.0,-0.0,0.0,0.0,0.0,1.82,1.71,2.01,1.77
2601,43.35,2.0,29.964,0.003,0.8333,0.68,-8.27,-0.06,1.636,0.0,0.0,-0.0,0.0,0.0,0.0,1.71,1.48,1.95,1.4
2602,43.3667,2.0,29.969,0.003,0.8342,0.72,-8.23,-0.06,1.886,0.0,0.0,-0.0,0.0,0.0,0.0,1.76,1.97,2.0,1.81
2603,43.3833,2.0,29.973,0.003,0.8348,0.71,-8.24,-0.06,1.932,0.0,0.0,-0.0,0.0,0.0,0.0,1.84,2.03,2.0,1.86
2604,43.4,2.0,29.977,0.003,0.8352,0.65,-8.28,-0.06,1.966,0.0,0.0,-0.0,0.0,0.0,0.0,1.88,2.08,2.0,1.91
2605,43.4167,2.0,29.981,0.004,0.8355,0.55,-8.36,-0.06,1.958,0.0,0.0,-0.0,0.0,0.0,0.0,1.91,1.99,2.0,1.93
2606,43.4333,2.0,29.985,0.004,0.8356,0.51,-8.39,-0.06,1.746,0.0,0.0,-0.0,0.0,0.0,0.0,1.71,1.75,1.99,1.53
2607,43.45,2.0,29.99,0.004,0.8357,0.49,-8.39,-0.06,1.896,0.0,0.0,-0.0,0.0,0.0,0.0,1.84,1.89,2.0,1.85
2608,43.4667,2.0,29.994,0.004,0.8357,0.48,-8.4,-0.06,1.928,0.0,0.0,-0.0,0.0,0.0,0.0,1.91,1.87,2.0,1.94
2609,43.4833,2.0,29.999,0.004,0.8355,0.47,-8.4,-0.06,1.935,0.0,0.0,-0.0,0.0,0.0,0.0,2.01,1.75,2.01,1.97
2610,43.5,2.0,30.004,0.005,0.8351,0.45,-8.41,-0.06,2.141,0.0,0.0,-0.0,0.0,0.0,0.0,1.81,1.89,1.96,2.9
2611,43.5167,2.0,30.008,0.005,0.8348,0.45,-8.43,-0.05,1.803,0.0,0.0,-0.0,0.0,0.0,0.0,1.41,1.93,2.03,1.84
2612,43.5333,2.0,30.013,0.004,0.8344,0.56,-8.36,-0.05,1.883,0.0,0.0,-0.0,0.0,0.0,0.0,1.82,1.8,2.01,1.91
2613,43.55,2.0,30.019,0.003,0.8338,0.66,-8.28,-0.05,1.837,0.0,0.0,-0.0,0.0,0.0,0.0,1.77,1.84,2.0,1.74
2614,43.5667,2.0,30.024,0.003,0.834,0.69,-8.15,-0.05,1.919,0.0,0.0,-0.0,0.0,0.0,0.0,1.85,2.01,2.01,1.81
2615,43.5833,2.0,30.029,0.003,0.8341,0.69,-8.06,-0.05,1.999,0.0,0.0,-0.0,0.0,0.0,0.0,2.03,2.08,1.96,1.92
2616,43.6,2.0,30.033,0.003,0.8349,0.67,-8.11,-0.04,1.958,0.0,0.0,-0.0,0.0,0.0,0.0,1.9,1.99,2.0,1.94
2617,43.6167,2.0,30.037,0.003,0.8353,0.61,-8.19,-0.05,1.955,0.0,0.0,-0.0,0.0,0.0,0.0,1.9,1.98,2.0,1.94
2618,43.6333,2.0,30.041,0.004,0.8355,0.5,-8.3,-0.05,1.97,0.0,0.0,-0.0,0.0,0.0,0.0,1.91,2.02,2.0,1.95
2619,43.65,2.0,30.045,0.005,0.8356,0.42,-8.39,-0.05,1.747,0.0,0.0,-0.0,0.0,0.0,0.0,1.7,1.56,1.99,1.74
2620,43.6667,2.0,30.049,0.005,0.8358,0.41,-8.42,-0.05,1.845,0.0,0.0,-0.0,0.0,0.0,0.0,1.74,1.88,1.98,1.78
2621,43.6833,2.0,30.053,0.005,0.8357,0.41,-8.45,-0.05,1.908,0.0,0.0,-0.0,0.0,0.0,0.0,1.92,1.78,2.0,1.93
2622,43.7,2.0,30.058,0.005,0.8356,0.4,-8.48,-0.05,1.964,0.0,0.0,-0.0,0.0,0.0,0.0,1.97,1.91,2.01,1.97
2623,43.7167,2.0,30.062,0.005,0.8352,0.4,-8.51,-0.05,2.206,0.0,0.0,-0.0,0.0,0.0,0.0,2.82,1.97,2.01,2.02
2624,43.7333,2.0,30.067,0.004,0.8349,0.49,-8.46,-0.05,1.826,0.0,0.0,-0.0,0.0,0.0,0.0,1.92,1.61,2.0,1.77
2625,43.75,2.0,30.072,0.004,0.8345,0.6,-8.39,-0.04,1.929,0.0,0.0,-0.0,0.0,0.0,0.0,2.12,1.7,1.99,1.9
2626,43.7667,2.0,30.077,0.003,0.8342,0.68,-8.3,-0.04,1.861,0.0,0.0,-0.0,0.0,0.0,0.0,1.4,2.02,2.02,2.01
2627,43.7833,2.0,30.082,0.003,0.8343,0.63,-8.24,-0.04,1.948,0.0,0.0,-0.0,0.0,0.0,0.0,1.9,2.02,2.0,1.87
2628,43.8,2.0,30.087,0.004,0.8342,0.57,-8.19,-0.04,2.22,0.0,0.0,-0.0,0.0,0.0,0.0,2.97,1.94,2.03,1.94
2629,43.8167,2.0,30.091,0.004,0.8349,0.64,-8.16,-0.01,1.262,0.0,0.0,-0.0,0.0,0.0,0.0,0.85,1.06,2.0,1.14
2630,43.8333,2.0,30.094,0.002,0.8355,0.84,-8.0,-0.01,1.37,0.0,0.0,-0.0,0.0,0.0,0.0,0.89,1.58,2.0,1.0
2631,43.85,2.0,30.099,0.001,0.8361,1.06,-7.83,-0.0,1.468,0.0,0.0,-0.0,0.0,0.0,0.0,1.11,1.68,2.0,1.08
2632,43.8667,2.0,30.103,-0.001,0.8368,1.29,-7.62,-0.03,1.807,0.0,0.0,-0.0,0.0,0.0,0.0,3.16,1.62,1.88,0.56
2633,43.8833,2.0,30.106,-0.001,0.8381,1.41,-7.41,-0.07,1.466,0.0,0.0,-0.0,0.0,0.0,0.0,0.52,1.96,1.98,1.4
2634,43.9,2.0,30.11,-0.001,0.8394,1.42,-7.25,-0.06,1.574,0.0,0.0,-0.0,0.0,0.0,0.0,0.65,1.98,1.98,1.69
2635,43.9167,2.0,30.113,-0.001,0.8406,1.37,-7.14,-0.06,1.624,0.0,0.0,-0.0,0.0,0.0,0.0,0.8,1.99,1.99,1.72
2636,43.9333,2.0,30.116,-0.0,0.8418,1.25,-7.08,-0.06,1.714,0.0,0.0,-0.0,0.0,0.0,0.0,1.03,2.01,2.0,1.82
2637,43.95,2.0,30.119,-0.0,0.8428,1.23,-6.95,-0.07,2.744,0.0,0.0,-0.0,0.0,0.0,0.0,5.51,0.76,2.03,2.68
2638,43.9667,2.0,30.122,-0.0,0.8438,1.24,-6.82,-0.06,1.455,0.0,0.0,-0.0,0.0,0.0,0.0,0.91,1.27,2.06,1.59
2639,43.9833,2.0,30.126,-0.0,0.8448,1.24,-6.66,-0.06,1.729,0.0,0.0,-0.0,0.0,0.0,0.0,1.14,2.1,1.99,1.68
2640,44.0,2.0,30.13,-0.0,0.8458,1.23,-6.51,-0.05,0.714,0.0,0.0,-0.0,0.0,0.0,0.0,-2.15,1.54,2.06,1.4
2641,44.0167,2.0,30.134,-0.0,0.8467,1.23,-6.34,-0.04,1.154,0.0,0.0,-0.0,0.0,0.0,0.0,1.32,-0.39,2.02,1.66
2642,44.0333,2.0,30.138,-0.0,0.8476,1.24,-6.16,-0.04,1.62,0.0,0.0,-0.0,0.0,0.0,0.0,1.33,1.55,2.03,1.57
2643,44.05,2.0,30.143,-0.001,0.8484,1.25,-5.97,-0.04,1.661,0.0,0.0,-0.0,0.0,0.0,0.0,1.45,1.64,2.04,1.51
2644,44.0667,2.0,30.148,-0.001,0.8495,1.26,-5.83,-0.04,2.016,0.0,0.0,-0.0,0.0,0.0,0.0,1.7,2.41,1.92,2.03
2645,44.0833,2.0,30.151,-0.001,0.8508,1.26,-5.76,-0.04,1.644,0.0,0.0,-0.0,0.0,0.0,0.0,1.52,1.61,2.03,1.42
2646,44.1,2.0,30.155,-0.001,0.852,1.26,-5.68,-0.04,1.56,0.0,0.0,-0.0,0.0,0.0,0.0,1.51,1.16,2.02,1.55
2647,44.1167,2.0,30.159,-0.001,0.8531,1.26,-5.61,-0.03,1.622,0.0,0.0,-0.0,0.0,0.0,0.0,1.42,1.61,2.02,1.44
2648,44.1333,2.0,30.163,-0.001,0.8541,1.26,-5.54,-0.03,1.278,0.0,0.0,-0.0,0.0,0.0,0.0,1.47,0.04,1.99,1.61
2649,44.15,2.0,30.168,-0.001,0.855,1.26,-5.47,-0.02,1.671,0.0,0.0,-0.0,0.0,0.0,0.0,1.5,1.65,2.01,1.52
2650,44.1667,2.0,30.172,-0.001,0.8558,1.27,-5.4,-0.02,1.598,0.0,0.0,-0.0,0.0,0.0,0.0,1.42,1.48,2.03,1.46
2651,44.1833,2.0,30.176,-0.001,0.8565,1.27,-5.32,-0.01,1.738,0.0,0.0,-0.0,0.0,0.0,0.0,1.63,1.76,2.03,1.53
2652,44.2,2.0,30.181,-0.001,0.8572,1.27,-5.24,-0.01,1.689,0.0,0.0,-0.0,0.0,0.0,0.0,1.52,1.73,2.03,1.48
2653,44.2167,2.0,30.185,-0.001,0.8576,1.27,-5.16,-0.01,2.034,0.0,0.0,-0.0,0.0,0.0,0.0,1.75,2.69,2.04,1.65
2654,44.2333,2.0,30.19,-0.001,0.858,1.28,-5.08,-0.01,1.817,0.0,0.0,-0.0,0.0,0.0,0.0,1.81,1.82,2.02,1.62
2655,44.25,2.0,30.195,-0.001,0.8582,1.28,-5.0,-0.01,1.902,0.0,0.0,-0.0,0.0,0.0,0.0,1.84,2.02,2.02,1.72
2656,44.2667,2.0,30.2,-0.001,0.8584,1.27,-4.92,-0.01,1.93,0.0,0.0,-0.0,0.0,0.0,0.0,1.89,2.04,2.02,1.77
2657,44.2833,2.0,30.205,-0.001,0.8584,1.26,-4.83,-0.01,1.895,0.0,0.0,-0.0,0.0,0.0,0.0,1.94,1.86,2.01,1.78
2658,44.3,2.0,30.209,-0.001,0.8587,1.34,-4.74,0.1,1.412,0.0,0.0,-0.0,0.0,0.0,0.0,0.43,2.02,2.03,1.18
2659,44.3167,2.0,30.211,-0.001,0.8595,1.46,-4.7,0.2,1.598,0.0,0.0,-0.0,0.0,0.0,0.0,1.68,2.02,2.03,0.66
2660,44.3333,2.0,30.211,-0.002,0.8606,1.53,-4.79,0.15,1.617,0.0,0.0,-0.0,0.0,0.0,0.0,1.87,2.02,2.02,0.55
2661,44.35,2.0,30.211,-0.002,0.8618,1.53,-4.95,0.11,1.665,0.0,0.0,-0.0,0.0,0.0,0.0,1.96,2.02,2.02,0.66
2662,44.3667,2.0,30.211,-0.002,0.8629,1.46,-5.15,0.09,1.656,0.0,0.0,-0.0,0.0,0.0,0.0,1.89,2.01,2.01,0.7
2663,44.3833,2.0,30.212,-0.001,0.8639,1.35,-5.38,0.09,1.664,0.0,0.0,-0.0,0.0,0.0,0.0,1.91,2.01,2.01,0.73
2664,44.4,2.0,30.212,-0.0,0.8649,1.23,-5.62,0.09,3.583,0.0,0.0,-0.0,0.0,0.0,0.0,2.48,1.63,2.05,8.18
2665,44.4167,2.0,30.213,-0.0,0.8662,1.28,-5.75,0.08,1.904,0.0,0.0,-0.0,0.0,0.0,0.0,2.2,2.21,2.03,1.18
2666,44.4333,2.0,30.214,-0.001,0.8676,1.31,-5.89,0.08,1.592,0.0,0.0,-0.0,0.0,0.0,0.0,2.22,1.28,2.0,0.87
2667,44.45,2.0,30.215,-0.001,0.869,1.34,-6.06,0.08,2.026,0.0,0.0,-0.0,0.0,0.0,0.0,2.43,2.61,2.02,1.05
2668,44.4667,2.0,30.217,-0.001,0.8705,1.37,-6.24,0.06,1.702,0.0,0.0,-0.0,0.0,0.0,0.0,2.38,1.36,2.01,1.06
2669,44.4833,2.0,30.218,-0.001,0.8719,1.4,-6.42,0.05,1.741,0.0,0.0,-0.0,0.0,0.0,0.0,2.4,1.42,2.01,1.13
2670,44.5,2.0,30.22,-0.002,0.8733,1.42,-6.6,0.04,1.76,0.0,0.0,-0.0,0.0,0.0,0.0,2.39,1.46,2.01,1.19
2671,44.5167,2.0,30.221,-0.002,0.8747,1.45,-6.78,0.03,1.779,0.0,0.0,-0.0,0.0,0.0,0.0,2.38,1.5,2.01,1.23
2672,44.5333,2.0,30.223,-0.002,0.876,1.49,-6.97,0.02,1.809,0.0,0.0,-0.0,0.0,0.0,0.0,2.37,1.56,2.0,1.3
2673,44.55,2.0,30.225,-0.003,0.8773,1.52,-7.15,0.01,1.829,0.0,0.0,-0.0,0.0,0.0,0.0,2.36,1.59,2.0,1.37
2674,44.5667,2.0,30.227,-0.003,0.8785,1.55,-7.33,-0.0,1.833,0.0,0.0,-0.0,0.0,0.0,0.0,2.32,1.6,2.0,1.4
2675,44.5833,2.0,30.229,-0.003,0.8797,1.59,-7.51,-0.01,1.871,0.0,0.0,-0.0,0.0,0.0,0.0,2.33,1.64,2.0,1.51
2676,44.6,2.0,30.231,-0.003,0.8808,1.62,-7.69,-0.02,1.893,0.0,0.0,-0.0,0.0,0.0,0.0,2.32,1.68,2.0,1.57
2677,44.6167,2.0,30.234,-0.004,0.8818,1.65,-7.87,-0.03,2.343,0.0,0.0,-0.0,0.0,0.0,0.0,2.07,3.74,1.96,1.61
2678,44.6333,2.0,30.235,-0.004,0.8829,1.61,-8.0,-0.05,1.777,0.0,0.0,-0.0,0.0,0.0,0.0,1.82,2.03,2.01,1.26
2679,44.65,2.0,30.237,-0.003,0.8841,1.54,-8.17,-0.06,1.809,0.0,0.0,-0.0,0.0,0.0,0.0,2.13,1.69,2.02,1.39
2680,44.6667,2.0,30.239,-0.003,0.8852,1.47,-8.34,-0.07,1.845,0.0,0.0,-0.0,0.0,0.0,0.0,1.95,2.02,2.01,1.4
2681,44.6833,2.0,30.241,-0.002,0.8863,1.41,-8.52,-0.07,1.864,0.0,0.0,-0.0,0.0,0.0,0.0,2.13,1.78,2.0,1.56
2682,44.7,2.0,30.243,-0.002,0.8874,1.34,-8.69,-0.08,2.604,0.0,0.0,-0.0,0.0,0.0,0.0,2.11,4.81,1.98,1.51
2683,44.7167,2.0,30.246,-0.002,0.8885,1.27,-8.88,-0.09,1.662,0.0,0.0,-0.0,0.0,0.0,0.0,1.89,1.33,1.96,1.46
2684,44.7333,2.0,30.248,-0.002,0.8895,1.3,-8.96,-0.09,1.74,0.0,0.0,-0.0,0.0,0.0,0.0,1.88,1.65,2.0,1.43
2685,44.75,2.0,30.251,-0.002,0.8905,1.33,-9.06,-0.09,1.781,0.0,0.0,-0.0,0.0,0.0,0.0,1.91,1.65,2.01,1.56
2686,44.7667,2.0,30.254,-0.002,0.8915,1.36,-9.16,-0.09,1.908,0.0,0.0,-0.0,0.0,0.0,0.0,1.91,2.1,2.0,1.63
2687,44.7833,2.0,30.257,-0.002,0.8924,1.4,-9.25,-0.1,1.844,0.0,0.0,-0.0,0.0,0.0,0.0,1.96,1.73,2.0,1.68
2688,44.8,2.0,30.261,-0.003,0.8932,1.43,-9.35,-0.1,2.0,0.0,0.0,-0.0,0.0,0.0,0.0,1.93,2.36,1.99,1.72
2689,44.8167,2.0,30.264,-0.003,0.8939,1.47,-9.46,-0.1,1.87,0.0,0.0,-0.0,0.0,0.0,0.0,1.93,1.81,2.0,1.74
2690,44.8333,2.0,30.267,-0.003,0.8945,1.51,-9.56,-0.11,1.914,0.0,0.0,-0.0,0.0,0.0,0.0,1.85,2.05,2.0,1.75
2691,44.85,2.0,30.271,-0.003,0.895,1.55,-9.66,-0.11,1.902,0.0,0.0,-0.0,0.0,0.0,0.0,1.95,1.8,2.0,1.87
2692,44.8667,2.0,30.275,-0.004,0.8954,1.59,-9.77,-0.11,1.884,0.0,0.0,-0.0,0.0,0.0,0.0,1.86,1.79,1.99,1.9
2693,44.8833,2.0,30.278,-0.004,0.8957,1.63,-9.88,-0.11,1.919,0.0,0.0,-0.0,0.0,0.0,0.0,1.87,1.91,1.99,1.91
2694,44.9,2.0,30.282,-0.004,0.8962,1.64,-9.95,-0.11,1.664,0.0,0.0,-0.0,0.0,0.0,0.0,1.28,1.84,2.04,1.5
2695,44.9167,2.0,30.285,-0.004,0.8969,1.57,-10.04,-0.11,1.797,0.0,0.0,-0.0,0.0,0.0,0.0,1.58,2.0,2.0,1.61
2696,44.9333,2.0,30.288,-0.003,0.8975,1.45,-10.17,-0.12,1.844,0.0,0.0,-0.0,0.0,0.0,0.0,1.67,1.99,2.0,1.72
2697,44.95,2.0,30.291,-0.002,0.898,1.31,-10.31,-0.12,1.81,0.0,0.0,-0.0,0.0,0.0,0.0,1.76,1.81,2.01,1.66
2698,44.9667,2.0,30.294,-0.002,0.8985,1.3,-10.35,-0.12,1.518,0.0,0.0,-0.0,0.0,0.0,0.0,1.64,1.38,1.99,1.06
2699,44.9833,2.0,30.298,-0.002,0.8991,1.33,-10.35,-0.12,1.742,0.0,0.0,-0.0,0.0,0.0,0.0,1.65,1.67,1.99,1.66
2700,45.0,2.0,30.302,-0.002,0.8995,1.36,-10.35,-0.12,1.766,0.0,0.0,-0.0,0.0,0.0,0.0,1.69,1.79,1.99,1.59
2701,45.0167,2.0,30.306,-0.003,0.8999,1.4,-10.36,-0.13,1.861,0.0,0.0,-0.0,0.0,0.0,0.0,1.77,1.84,2.0,1.84
2702,45.0333,2.0,30.311,-0.003,0.9001,1.43,-10.36,-0.13,2.069,0.0,0.0,-0.0,0.0,0.0,0.0,1.74,2.18,1.95,2.41
2703,45.05,2.0,30.315,-0.003,0.9002,1.47,-10.36,-0.12,1.854,0.0,0.0,-0.0,0.0,0.0,0.0,1.79,1.69,1.99,1.95
2704,45.0667,2.0,30.32,-0.003,0.9004,1.5,-10.4,-0.12,1.952,0.0,0.0,-0.0,0.0,0.0,0.0,1.79,1.95,2.01,2.06
2705,45.0833,2.0,30.324,-0.004,0.9004,1.55,-10.44,-0.12,2.139,0.0,0.0,-0.0,0.0,0.0,0.0,1.8,2.76,1.98,2.01
2706,45.1,2.0,30.329,-0.004,0.9003,1.58,-10.48,-0.12,2.09,0.0,0.0,-0.0,0.0,0.0,0.0,1.79,2.52,1.99,2.05
2707,45.1167,2.0,30.333,-0.004,0.9001,1.61,-10.52,-0.11,1.772,0.0,0.0,-0.0,0.0,0.0,0.0,1.91,1.51,1.93,1.73
2708,45.1333,2.0,30.337,-0.004,0.9005,1.55,-10.53,-0.11,1.86,0.0,0.0,-0.0,0.0,0.0,0.0,1.67,2.0,2.0,1.77
2709,45.15,2.0,30.341,-0.003,0.9007,1.43,-10.59,-0.11,1.907,0.0,0.0,-0.0,0.0,0.0,0.0,1.8,2.01,2.0,1.81
2710,45.1667,2.0,30.345,-0.002,0.9008,1.37,-10.6,-0.1,1.555,0.0,0.0,-0.0,0.0,0.0,0.0,1.27,1.56,2.01,1.38
2711,45.1833,2.0,30.349,-0.003,0.9009,1.39,-10.56,-0.1,1.775,0.0,0.0,-0.0,0.0,0.0,0.0,1.71,1.7,2.0,1.68
2712,45.2,2.0,30.354,-0.003,0.9009,1.4,-10.5,-0.09,2.044,0.0,0.0,-0.0,0.0,0.0,0.0,1.85,1.69,2.01,2.62
2713,45.2167,2.0,30.359,-0.003,0.9008,1.42,-10.45,-0.09,1.937,0.0,0.0,-0.0,0.0,0.0,0.0,1.96,1.94,2.0,1.85
2714,45.2333,2.0,30.364,-0.003,0.9004,1.44,-10.39,-0.1,1.847,0.0,0.0,-0.0,0.0,0.0,0.0,1.99,1.91,1.98,1.51
2715,45.25,2.0,30.369,-0.003,0.8999,1.45,-10.33,-0.1,1.983,0.0,0.0,-0.0,0.0,0.0,0.0,2.02,1.83,1.99,2.09
2716,45.2667,2.0,30.374,-0.003,0.9,1.47,-10.37,-0.09,2.064,0.0,0.0,-0.0,0.0,0.0,0.0,1.95,2.02,2.01,2.27
2717,45.2833,2.0,30.379,-0.003,0.9,1.49,-10.44,-0.09,1.95,0.0,0.0,-0.0,0.0,0.0,0.0,1.9,1.82,2.0,2.09
2718,45.3,2.0,30.383,-0.003,0.8999,1.51,-10.51,-0.09,1.856,0.0,0.0,-0.0,0.0,0.0,0.0,1.75,1.76,1.99,1.92
2719,45.3167,2.0,30.387,-0.004,0.8997,1.56,-10.56,-0.08,1.888,0.0,0.0,-0.0,0.0,0.0,0.0,1.56,1.92,2.01,2.07
2720,45.3333,2.0,30.391,-0.004,0.8998,1.56,-10.59,-0.08,1.723,0.0,0.0,-0.0,0.0,0.0,0.0,1.42,1.84,2.06,1.58
2721,45.35,2.0,30.395,-0.003,0.9001,1.47,-10.62,-0.08,1.461,0.0,0.0,-0.0,0.0,0.0,0.0,1.6,0.51,1.99,1.75
2722,45.3667,2.0,30.399,-0.003,0.9005,1.47,-10.59,-0.07,1.843,0.0,0.0,-0.0,0.0,0.0,0.0,1.85,1.64,2.0,1.88
2723,45.3833,2.0,30.403,-0.003,0.9007,1.48,-10.55,-0.07,1.807,0.0,0.0,-0.0,0.0,0.0,0.0,1.77,1.74,2.0,1.71
2724,45.4,2.0,30.408,-0.003,0.9008,1.48,-10.51,-0.07,1.858,0.0,0.0,-0.0,0.0,0.0,0.0,1.47,2.07,1.99,1.9
2725,45.4167,2.0,30.413,-0.003,0.9008,1.48,-10.47,-0.07,1.918,0.0,0.0,-0.0,0.0,0.0,0.0,1.9,1.91,2.0,1.87
2726,45.4333,2.0,30.418,-0.003,0.9007,1.48,-10.43,-0.07,2.011,0.0,0.0,-0.0,0.0,0.0,0.0,1.71,2.2,1.95,2.18
2727,45.45,2.0,30.423,-0.003,0.9003,1.48,-10.39,-0.07,2.162,0.0,0.0,-0.0,0.0,0.0,0.0,2.01,2.64,1.98,2.01
2728,45.4667,2.0,30.428,-0.003,0.8998,1.49,-10.34,-0.07,1.971,0.0,0.0,-0.0,0.0,0.0,0.0,2.04,1.85,1.99,2.0
2729,45.4833,2.0,30.433,-0.003,0.8991,1.49,-10.29,-0.07,2.075,0.0,0.0,-0.0,0.0,0.0,0.0,1.99,2.19,1.98,2.14
2730,45.5,2.0,30.438,-0.003,0.8991,1.5,-10.37,-0.07,2.075,0.0,0.0,-0.0,0.0,0.0,0.0,1.99,2.08,2.0,2.24
2731,45.5167,2.0,30.442,-0.003,0.8991,1.5,-10.47,-0.07,1.97,0.0,0.0,-0.0,0.0,0.0,0.0,1.93,1.97,2.02,1.95
2732,45.5333,2.0,30.446,-0.003,0.8995,1.46,-10.54,-0.07,1.804,0.0,0.0,-0.0,0.0,0.0,0.0,1.55,2.04,2.06,1.56
2733,45.55,2.0,30.449,-0.002,0.8999,1.34,-10.63,-0.07,1.67,0.0,0.0,-0.0,0.0,0.0,0.0,1.51,1.76,2.05,1.36
2734,45.5667,2.0,30.453,-0.002,0.9003,1.37,-10.61,-0.07,1.627,0.0,0.0,-0.0,0.0,0.0,0.0,1.6,1.46,1.99,1.45
2735,45.5833,2.0,30.457,-0.003,0.9007,1.38,-10.59,-0.07,1.777,0.0,0.0,-0.0,0.0,0.0,0.0,1.65,1.7,2.0,1.75
2736,45.6,2.0,30.461,-0.003,0.9011,1.4,-10.56,-0.07,1.837,0.0,0.0,-0.0,0.0,0.0,0.0,1.82,1.79,1.99,1.74
2737,45.6167,2.0,30.466,-0.003,0.9013,1.41,-10.54,-0.07,1.884,0.0,0.0,-0.0,0.0,0.0,0.0,1.83,1.87,2.01,1.83
2738,45.6333,2.0,30.471,-0.003,0.9013,1.43,-10.52,-0.07,2.047,0.0,0.0,-0.0,0.0,0.0,0.0,2.33,2.0,1.99,1.86
2739,45.65,2.0,30.475,-0.003,0.9012,1.45,-10.49,-0.08,1.707,0.0,0.0,-0.0,0.0,0.0,0.0,2.1,1.34,2.02,1.37
2740,45.6667,2.0,30.48,-0.003,0.901,1.47,-10.47,-0.08,1.962,0.0,0.0,-0.0,0.0,0.0,0.0,2.01,1.85,2.0,1.99
2741,45.6833,2.0,30.485,-0.003,0.9006,1.49,-10.44,-0.07,1.764,0.0,0.0,-0.0,0.0,0.0,0.0,1.95,1.71,2.0,1.41
2742,45.7,2.0,30.49,-0.003,0.9,1.51,-10.42,-0.07,1.879,0.0,0.0,-0.0,0.0,0.0,0.0,2.05,1.99,2.0,1.48
2743,45.7167,2.0,30.495,-0.004,0.8992,1.53,-10.39,-0.07,1.988,0.0,0.0,-0.0,0.0,0.0,0.0,2.04,1.87,1.99,2.05
2744,45.7333,2.0,30.5,-0.004,0.899,1.56,-10.47,-0.07,2.036,0.0,0.0,-0.0,0.0,0.0,0.0,2.09,1.98,1.98,2.1
2745,45.75,2.0,30.504,-0.004,0.8995,1.51,-10.5,-0.07,1.876,0.0,0.0,-0.0,0.0,0.0,0.0,1.8,1.89,1.99,1.83
2746,45.7667,2.0,30.508,-0.003,0.9,1.41,-10.57,-0.07,1.919,0.0,0.0,-0.0,0.0,0.0,0.0,1.87,2.02,2.0,1.79
2747,45.7833,2.0,30.512,-0.002,0.9002,1.25,-10.68,-0.06,1.933,0.0,0.0,-0.0,0.0,0.0,0.0,1.84,2.04,2.0,1.85
2748,45.8,2.0,30.516,-0.002,0.9005,1.25,-10.66,-0.05,1.691,0.0,0.0,-0.0,0.0,0.0,0.0,1.51,1.51,2.0,1.74
2749,45.8167,2.0,30.52,-0.002,0.9007,1.29,-10.61,-0.04,1.747,0.0,0.0,-0.0,0.0,0.0,0.0,1.68,1.69,2.0,1.62
2750,45.8333,2.0,30.524,-0.002,0.9008,1.33,-10.56,-0.04,1.743,0.0,0.0,-0.0,0.0,0.0,0.0,1.59,1.61,1.99,1.78
2751,45.85,2.0,30.529,-0.003,0.9008,1.37,-10.51,-0.04,1.902,0.0,0.0,-0.0,0.0,0.0,0.0,1.9,1.82,2.0,1.88
2752,45.8667,2.0,30.534,-0.003,0.9007,1.42,-10.46,-0.04,1.971,0.0,0.0,-0.0,0.0,0.0,0.0,1.96,2.04,2.0,1.87
2753,45.8833,2.0,30.539,-0.003,0.9004,1.46,-10.4,-0.05,1.916,0.0,0.0,-0.0,0.0,0.0,0.0,2.04,1.58,2.0,2.04
2754,45.9,2.0,30.545,-0.003,0.8999,1.51,-10.34,-0.04,2.071,0.0,0.0,-0.0,0.0,0.0,0.0,2.02,2.24,2.0,2.02
2755,45.9167,2.0,30.55,-0.004,0.8992,1.56,-10.28,-0.04,2.014,0.0,0.0,-0.0,0.0,0.0,0.0,2.03,2.01,1.97,2.05
2756,45.9333,2.0,30.555,-0.004,0.8994,1.62,-10.36,-0.04,2.07,0.0,0.0,-0.0,0.0,0.0,0.0,2.06,1.97,2.01,2.24
2757,45.95,2.0,30.559,-0.004,0.8998,1.62,-10.4,-0.04,1.814,0.0,0.0,-0.0,0.0,0.0,0.0,1.58,2.01,2.06,1.61
2758,45.9667,2.0,30.563,-0.004,0.9002,1.55,-10.45,-0.04,1.858,0.0,0.0,-0.0,0.0,0.0,0.0,1.66,1.92,2.01,1.84
2759,45.9833,2.0,30.566,-0.003,0.9007,1.56,-10.44,-0.03,2.459,0.0,0.0,-0.0,0.0,0.0,0.0,1.05,0.83,2.15,5.81
2760,46.0,2.0,30.569,-0.004,0.9011,1.75,-10.27,-0.02,1.424,0.0,0.0,-0.0,0.0,0.0,0.0,2.36,1.16,2.02,0.16
2761,46.0167,2.0,30.572,-0.006,0.9017,1.98,-10.08,0.01,1.713,0.0,0.0,-0.0,0.0,0.0,0.0,2.42,1.37,2.02,1.04
2762,46.0333,2.0,30.576,-0.008,0.9022,2.24,-9.86,0.03,2.053,0.0,0.0,-0.0,0.0,0.0,0.0,1.93,1.49,1.99,2.81
2763,46.05,2.0,30.58,-0.009,0.9027,2.52,-9.63,0.05,1.29,0.0,0.0,-0.0,0.0,0.0,0.0,0.78,1.65,2.03,0.71
2764,46.0667,2.0,30.584,-0.011,0.9037,2.8,-9.31,0.01,1.545,0.0,0.0,-0.0,0.0,0.0,0.0,0.41,1.8,2.02,1.94
2765,46.0833,2.0,30.587,-0.012,0.905,2.94,-9.05,0.02,1.416,0.0,0.0,-0.0,0.0,0.0,0.0,0.62,1.97,1.98,1.09
2766,46.1,2.0,30.59,-0.012,0.9063,3.01,-8.84,0.02,1.367,0.0,0.0,-0.0,0.0,0.0,0.0,0.52,1.99,2.0,0.95
2767,46.1167,2.0,30.593,-0.012,0.9076,3.0,-8.68,0.03,1.608,0.0,0.0,-0.0,0.0,0.0,0.0,1.0,1.97,1.98,1.48
2768,46.1333,2.0,30.597,-0.012,0.9087,2.92,-8.56,0.03,1.548,0.0,0.0,-0.0,0.0,0.0,0.0,0.71,2.0,2.0,1.49
2769,46.15,2.0,30.6,-0.011,0.9097,2.79,-8.49,0.02,1.573,0.0,0.0,-0.0,0.0,0.0,0.0,0.8,1.99,1.99,1.51
2770,46.1667,2.0,30.603,-0.01,0.9106,2.61,-8.47,0.02,1.628,0.0,0.0,-0.0,0.0,0.0,0.0,0.95,1.99,1.99,1.58
2771,46.1833,2.0,30.605,-0.009,0.9113,2.59,-8.34,-0.01,1.474,0.0,0.0,-0.0,0.0,0.0,0.0,1.52,0.4,2.0,1.97
2772,46.2,2.0,30.608,-0.009,0.9119,2.61,-8.19,-0.01,0.164,0.0,0.0,-0.0,0.0,0.0,0.0,0.7,-3.39,2.01,1.33
2773,46.2167,2.0,30.612,-0.01,0.9128,2.65,-8.01,-0.02,0.623,0.0,0.0,-0.0,0.0,0.0,0.0,-1.14,1.74,2.06,-0.17
2774,46.2333,2.0,30.615,-0.01,0.9142,2.64,-7.88,0.0,1.02,0.0,0.0,-0.0,0.0,0.0,0.0,1.72,-1.2,1.99,1.57
2775,46.25,2.0,30.619,-0.01,0.9156,2.65,-7.76,0.02,0.341,0.0,0.0,-0.0,0.0,0.0,0.0,1.07,-3.18,1.96,1.51
2776,46.2667,2.0,30.622,-0.01,0.917,2.67,-7.64,0.02,1.534,0.0,0.0,-0.0,0.0,0.0,0.0,1.32,1.37,1.99,1.46
2777,46.2833,2.0,30.626,-0.01,0.9182,2.68,-7.53,0.03,1.474,0.0,0.0,-0.0,0.0,0.0,0.0,1.06,1.35,2.01,1.47
2778,46.3,2.0,30.63,-0.01,0.9195,2.69,-7.41,0.03,0.808,0.0,0.0,-0.0,0.0,0.0,0.0,1.24,-1.44,1.99,1.44
2779,46.3167,2.0,30.634,-0.01,0.9206,2.69,-7.29,0.04,0.162,0.0,0.0,-0.0,0.0,0.0,0.0,1.22,-4.07,1.95,1.54
2780,46.3333,2.0,30.638,-0.011,0.9217,2.71,-7.17,0.05,1.567,0.0,0.0,-0.0,0.0,0.0,0.0,1.29,1.43,2.0,1.55
2781,46.35,2.0,30.642,-0.011,0.9227,2.72,-7.04,0.05,1.623,0.0,0.0,-0.0,0.0,0.0,0.0,1.39,1.6,2.03,1.47
2782,46.3667,2.0,30.646,-0.011,0.9236,2.73,-6.91,0.06,1.772,0.0,0.0,-0.0,0.0,0.0,0.0,1.44,2.01,2.0,1.65
2783,46.3833,2.0,30.651,-0.011,0.9245,2.74,-6.79,0.07,1.67,0.0,0.0,-0.0,0.0,0.0,0.0,1.52,1.66,2.01,1.49
2784,46.4,2.0,30.655,-0.011,0.9252,2.75,-6.66,0.07,1.027,0.0,0.0,-0.0,0.0,0.0,0.0,1.66,-1.07,1.97,1.55
2785,46.4167,2.0,30.66,-0.011,0.9258,2.76,-6.52,0.08,1.764,0.0,0.0,-0.0,0.0,0.0,0.0,1.69,1.72,2.02,1.62
2786,46.4333,2.0,30.665,-0.011,0.9263,2.78,-6.38,0.08,1.505,0.0,0.0,-0.0,0.0,0.0,0.0,2.25,0.32,2.0,1.46
2787,46.45,2.0,30.67,-0.011,0.9267,2.79,-6.23,0.09,1.91,0.0,0.0,-0.0,0.0,0.0,0.0,2.47,1.65,2.01,1.52
2788,46.4667,2.0,30.675,-0.011,0.9269,2.8,-6.09,0.09,2.073,0.0,0.0,-0.0,0.0,0.0,0.0,1.81,2.92,2.0,1.56
2789,46.4833,2.0,30.68,-0.012,0.928,2.84,-6.06,0.09,1.875,0.0,0.0,-0.0,0.0,0.0,0.0,1.82,1.89,2.01,1.79
2790,46.5,2.0,30.684,-0.012,0.9288,2.83,-6.06,0.09,1.71,0.0,0.0,-0.0,0.0,0.0,0.0,1.93,1.24,2.01,1.66
2791,46.5167,2.0,30.688,-0.012,0.9294,2.84,-6.03,0.09,1.685,0.0,0.0,-0.0,0.0,0.0,0.0,1.84,1.19,2.02,1.69
2792,46.5333,2.0,30.693,-0.012,0.9299,2.85,-6.01,0.1,1.863,0.0,0.0,-0.0,0.0,0.0,0.0,1.75,1.96,2.03,1.71
2793,46.55,2.0,30.697,-0.012,0.9304,2.86,-5.98,0.11,1.862,0.0,0.0,-0.0,0.0,0.0,0.0,1.74,1.91,2.03,1.77
2794,46.5667,2.0,30.702,-0.012,0.9306,2.87,-5.96,0.12,1.988,0.0,0.0,-0.0,0.0,0.0,0.0,1.85,2.23,2.02,1.86
2795,46.5833,2.0,30.706,-0.012,0.9308,2.89,-5.93,0.11,1.982,0.0,0.0,-0.0,0.0,0.0,0.0,1.91,2.14,2.01,1.86
2796,46.6,2.0,30.711,-0.012,0.9308,2.9,-5.91,0.11,1.958,0.0,0.0,-0.0,0.0,0.0,0.0,1.98,1.93,2.0,1.91
2797,46.6167,2.0,30.716,-0.012,0.9306,2.92,-5.88,0.11,2.094,0.0,0.0,-0.0,0.0,0.0,0.0,2.28,2.18,2.01,1.91
2798,46.6333,2.0,30.72,-0.012,0.931,3.0,-5.88,0.2,1.696,0.0,0.0,-0.0,0.0,0.0,0.0,1.09,2.06,2.04,1.59
2799,46.65,2.0,30.722,-0.013,0.9323,3.09,-6.01,0.24,1.938,0.0,0.0,-0.0,0.0,0.0,0.0,2.41,2.0,2.0,1.34
2800,46.6667,2.0,30.724,-0.013,0.9336,3.12,-6.2,0.2,1.999,0.0,0.0,-0.0,0.0,0.0,0.0,2.73,2.0,2.0,1.26
2801,46.6833,2.0,30.725,-0.013,0.9349,3.11,-6.42,0.17,1.911,0.0,0.0,-0.0,0.0,0.0,0.0,2.47,2.01,2.01,1.16
2802,46.7,2.0,30.726,-0.013,0.9362,3.08,-6.67,0.14,1.595,0.0,0.0,-0.0,0.0,0.0,0.0,2.55,1.66,2.03,0.14
2803,46.7167,2.0,30.727,-0.014,0.9374,3.09,-6.76,0.09,1.187,0.0,0.0,-0.0,0.0,0.0,0.0,1.96,-0.29,2.02,1.06
2804,46.7333,2.0,30.729,-0.014,0.9388,3.08,-6.91,0.07,1.763,0.0,0.0,-0.0,0.0,0.0,0.0,2.2,1.55,2.03,1.27
2805,46.75,2.0,30.731,-0.014,0.9403,3.07,-7.07,0.06,1.841,0.0,0.0,-0.0,0.0,0.0,0.0,2.3,1.64,2.02,1.41
2806,46.7667,2.0,30.733,-0.014,0.9416,3.06,-7.21,0.05,1.801,0.0,0.0,-0.0,0.0,0.0,0.0,2.14,1.54,2.02,1.5
2807,46.7833,2.0,30.735,-0.014,0.943,3.04,-7.37,0.04,1.945,0.0,0.0,-0.0,0.0,0.0,0.0,2.33,1.84,2.02,1.59
2808,46.8,2.0,30.737,-0.014,0.9444,3.03,-7.54,0.03,2.034,0.0,0.0,-0.0,0.0,0.0,0.0,2.2,2.54,2.0,1.39
2809,46.8167,2.0,30.74,-0.014,0.9455,3.02,-7.67,0.02,1.778,0.0,0.0,-0.0,0.0,0.0,0.0,1.9,1.69,2.01,1.52
2810,46.8333,2.0,30.742,-0.014,0.9467,3.0,-7.83,0.01,1.83,0.0,0.0,-0.0,0.0,0.0,0.0,2.0,1.78,2.01,1.53
2811,46.85,2.0,30.744,-0.013,0.9479,2.98,-8.0,0.0,1.474,0.0,0.0,-0.0,0.0,0.0,0.0,2.07,0.31,2.02,1.49
2812,46.8667,2.0,30.747,-0.013,0.9488,2.97,-8.14,-0.01,2.145,0.0,0.0,-0.0,0.0,0.0,0.0,1.74,3.36,1.99,1.49
2813,46.8833,2.0,30.749,-0.013,0.9499,2.94,-8.31,-0.01,1.89,0.0,0.0,-0.0,0.0,0.0,0.0,2.04,1.85,2.02,1.64
2814,46.9,2.0,30.752,-0.013,0.9508,2.92,-8.49,-0.02,1.57,0.0,0.0,-0.0,0.0,0.0,0.0,2.14,0.46,1.99,1.7
2815,46.9167,2.0,30.755,-0.013,0.9515,2.9,-8.63,-0.02,1.909,0.0,0.0,-0.0,0.0,0.0,0.0,1.99,1.79,2.03,1.82
2816,46.9333,2.0,30.758,-0.013,0.9523,2.89,-8.8,-0.02,1.741,0.0,0.0,-0.0,0.0,0.0,0.0,1.69,1.7,2.03,1.54
2817,46.95,2.0,30.761,-0.014,0.953,2.96,-8.88,-0.02,1.756,0.0,0.0,-0.0,0.0,0.0,0.0,1.67,1.71,2.0,1.64
2818,46.9667,2.0,30.764,-0.014,0.9537,3.04,-8.98,-0.03,1.818,0.0,0.0,-0.0,0.0,0.0,0.0,1.76,1.84,2.0,1.67
2819,46.9833,2.0,30.768,-0.015,0.9541,3.13,-9.06,-0.03,1.806,0.0,0.0,-0.0,0.0,0.0,0.0,1.7,1.77,2.0,1.75
2820,47.0,2.0,30.771,-0.015,0.9551,3.17,-9.13,-0.03,1.765,0.0,0.0,-0.0,0.0,0.0,0.0,1.49,2.12,2.02,1.43
2821,47.0167,2.0,30.774,-0.015,0.9559,3.14,-9.2,-0.03,1.864,0.0,0.0,-0.0,0.0,0.0,0.0,1.77,2.02,2.0,1.67
2822,47.0333,2.0,30.777,-0.014,0.9568,3.05,-9.33,-0.03,1.507,0.0,0.0,-0.0,0.0,0.0,0.0,1.7,0.64,1.99,1.69
2823,47.05,2.0,30.781,-0.014,0.9575,3.02,-9.41,-0.04,1.849,0.0,0.0,-0.0,0.0,0.0,0.0,1.87,1.72,2.02,1.79
2824,47.0667,2.0,30.784,-0.014,0.9582,2.97,-9.52,-0.04,1.906,0.0,0.0,-0.0,0.0,0.0,0.0,1.77,1.91,1.98,1.97
2825,47.0833,2.0,30.787,-0.014,0.9589,2.93,-9.63,-0.04,1.809,0.0,0.0,-0.0,0.0,0.0,0.0,1.72,1.81,1.99,1.72
2826,47.1,2.0,30.791,-0.013,0.9592,2.89,-9.71,-0.05,2.169,0.0,0.0,-0.0,0.0,0.0,0.0,1.83,3.1,1.99,1.75
2827,47.1167,2.0,30.795,-0.013,0.9597,2.84,-9.82,-0.05,2.036,0.0,0.0,-0.0,0.0,0.0,0.0,1.75,2.7,2.0,1.69
2828,47.1333,2.0,30.799,-0.013,0.9599,2.8,-9.92,-0.05,1.76,0.0,0.0,-0.0,0.0,0.0,0.0,1.46,1.91,2.01,1.66
2829,47.15,2.0,30.802,-0.013,0.9602,2.88,-9.92,-0.04,1.642,0.0,0.0,-0.0,0.0,0.0,0.0,1.47,1.49,2.0,1.62
2830,47.1667,2.0,30.807,-0.014,0.9604,2.96,-9.92,-0.04,1.818,0.0,0.0,-0.0,0.0,0.0,0.0,1.7,1.76,1.99,1.82
2831,47.1833,2.0,30.811,-0.014,0.9605,3.04,-9.93,-0.03,1.901,0.0,0.0,-0.0,0.0,0.0,0.0,1.84,1.89,2.0,1.88
2832,47.2,2.0,30.816,-0.015,0.9604,3.14,-9.94,-0.03,1.939,0.0,0.0,-0.0,0.0,0.0,0.0,1.92,1.88,2.0,1.95
2833,47.2167,2.0,30.821,-0.016,0.9602,3.23,-9.95,-0.03,1.974,0.0,0.0,-0.0,0.0,0.0,0.0,1.97,1.94,2.0,1.99
2834,47.2333,2.0,30.825,-0.016,0.9605,3.27,-9.91,-0.02,1.843,0.0,0.0,-0.0,0.0,0.0,0.0,1.77,1.96,1.99,1.65
2835,47.25,2.0,30.83,-0.015,0.9609,3.22,-9.91,-0.02,2.07,0.0,0.0,-0.0,0.0,0.0,0.0,1.84,2.4,1.98,2.06
2836,47.2667,2.0,30.834,-0.015,0.9611,3.13,-9.95,-0.02,1.969,0.0,0.0,-0.0,0.0,0.0,0.0,1.94,2.02,2.0,1.92
2837,47.2833,2.0,30.839,-0.014,0.9612,3.02,-9.99,-0.01,1.803,0.0,0.0,-0.0,0.0,0.0,0.0,1.92,1.57,2.0,1.72
2838,47.3,2.0,30.843,-0.014,0.9611,2.95,-10.01,-0.01,1.939,0.0,0.0,-0.0,0.0,0.0,0.0,1.93,1.92,2.0,1.9
2839,47.3167,2.0,30.848,-0.013,0.9609,2.89,-10.02,-0.02,2.028,0.0,0.0,-0.0,0.0,0.0,0.0,2.04,2.18,2.0,1.88
2840,47.3333,2.0,30.853,-0.013,0.9605,2.82,-10.03,-0.03,2.008,0.0,0.0,-0.0,0.0,0.0,0.0,2.11,2.02,2.0,1.9
2841,47.35,2.0,30.857,-0.013,0.9601,2.84,-9.97,-0.03,1.559,0.0,0.0,-0.0,0.0,0.0,0.0,1.52,1.71,1.97,1.03
2842,47.3667,2.0,30.863,-0.013,0.9596,2.92,-9.85,-0.03,1.944,0.0,0.0,-0.0,0.0,0.0,0.0,2.62,1.63,1.98,1.55
2843,47.3833,2.0,30.868,-0.014,0.9596,3.02,-9.82,-0.01,2.004,0.0,0.0,-0.0,0.0,0.0,0.0,1.82,2.02,2.02,2.15
2844,47.4,2.0,30.872,-0.015,0.9598,3.1,-9.86,-0.02,1.972,0.0,0.0,-0.0,0.0,0.0,0.0,2.03,1.75,2.0,2.1
2845,47.4167,2.0,30.877,-0.015,0.9598,3.19,-9.88,-0.02,1.768,0.0,0.0,-0.0,0.0,0.0,0.0,1.97,1.87,1.98,1.25
2846,47.4333,2.0,30.881,-0.015,0.9605,3.21,-9.86,-0.01,1.931,0.0,0.0,-0.0,0.0,0.0,0.0,1.77,2.1,2.0,1.85
2847,47.45,2.0,30.885,-0.015,0.961,3.15,-9.89,-0.01,2.067,0.0,0.0,-0.0,0.0,0.0,0.0,1.96,2.34,2.07,1.9
2848,47.4667,2.0,30.89,-0.014,0.9613,3.07,-9.95,-0.02,1.935,0.0,0.0,-0.0,0.0,0.0,0.0,1.88,2.01,2.01,1.85
2849,47.4833,2.0,30.894,-0.014,0.9616,3.0,-9.99,-0.01,1.841,0.0,0.0,-0.0,0.0,0.0,0.0,1.61,1.92,1.98,1.85
2850,47.5,2.0,30.898,-0.014,0.9616,2.95,-10.02,-0.01,1.864,0.0,0.0,-0.0,0.0,0.0,0.0,1.87,1.72,1.99,1.87
2851,47.5167,2.0,30.902,-0.013,0.9616,2.9,-10.05,-0.02,1.931,0.0,0.0,-0.0,0.0,0.0,0.0,1.93,1.77,2.0,2.03
2852,47.5333,2.0,30.907,-0.013,0.9614,2.84,-10.08,-0.02,1.983,0.0,0.0,-0.0,0.0,0.0,0.0,2.06,1.94,2.0,1.93
2853,47.55,2.0,30.912,-0.012,0.9611,2.78,-10.11,-0.03,2.011,0.0,0.0,-0.0,0.0,0.0,0.0,2.1,1.98,2.0,1.97
2854,47.5667,2.0,30.916,-0.012,0.9606,2.72,-10.15,-0.03,1.897,0.0,0.0,-0.0,0.0,0.0,0.0,1.99,1.67,1.97,1.96
2855,47.5833,2.0,30.921,-0.013,0.9601,2.83,-10.04,-0.02,2.193,0.0,0.0,-0.0,0.0,0.0,0.0,1.57,1.63,2.03,3.54
2856,47.6,2.0,30.926,-0.014,0.9595,2.96,-9.93,-0.02,1.819,0.0,0.0,-0.0,0.0,0.0,0.0,1.56,1.81,1.97,1.93
2857,47.6167,2.0,30.931,-0.015,0.9596,3.08,-9.94,-0.0,2.045,0.0,0.0,-0.0,0.0,0.0,0.0,1.69,2.27,1.98,2.23
2858,47.6333,2.0,30.936,-0.015,0.96,3.17,-9.9,0.01,1.876,0.0,0.0,-0.0,0.0,0.0,0.0,1.83,2.08,2.1,1.49
2859,47.65,2.0,30.941,-0.015,0.9605,3.15,-9.89,0.02,1.95,0.0,0.0,-0.0,0.0,0.0,0.0,1.74,2.07,2.03,1.96
2860,47.6667,2.0,30.945,-0.015,0.961,3.09,-9.92,0.01,1.924,0.0,0.0,-0.0,0.0,0.0,0.0,1.97,1.86,2.0,1.86
2861,47.6833,2.0,30.949,-0.014,0.9612,3.05,-9.93,0.01,1.851,0.0,0.0,-0.0,0.0,0.0,0.0,1.77,1.78,2.0,1.86
2862,47.7,2.0,30.954,-0.014,0.9614,3.02,-9.93,0.01,1.903,0.0,0.0,-0.0,0.0,0.0,0.0,1.85,1.88,2.0,1.88
2863,47.7167,2.0,30.958,-0.014,0.9614,2.99,-9.93,0.0,1.889,0.0,0.0,-0.0,0.0,0.0,0.0,2.05,1.52,1.98,2.01
2864,47.7333,2.0,30.963,-0.014,0.9613,2.96,-9.93,0.0,2.023,0.0,0.0,-0.0,0.0,0.0,0.0,1.98,2.18,2.0,1.94
2865,47.75,2.0,30.968,-0.014,0.961,2.93,-9.93,-0.01,2.008,0.0,0.0,-0.0,0.0,0.0,0.0,2.1,2.01,1.99,1.93
2866,47.7667,2.0,30.973,-0.013,0.9605,2.89,-9.93,-0.01,2.132,0.0,0.0,-0.0,0.0,0.0,0.0,2.67,2.06,1.99,1.82
2867,47.7833,2.0,30.978,-0.013,0.9599,2.86,-9.93,-0.01,2.163,0.0,0.0,-0.0,0.0,0.0,0.0,2.72,2.08,1.97,1.88
2868,47.8,2.0,30.982,-0.014,0.9597,2.92,-9.94,0.01,1.758,0.0,0.0,-0.0,0.0,0.0,0.0,1.67,1.54,1.98,1.83
2869,47.8167,2.0,30.987,-0.014,0.9598,3.02,-9.95,0.01,1.848,0.0,0.0,-0.0,0.0,0.0,0.0,1.67,1.78,2.0,1.95
2870,47.8333,2.0,30.991,-0.015,0.9599,3.1,-9.95,0.02,2.252,0.0,0.0,-0.0,0.0,0.0,0.0,1.74,2.95,1.88,2.45
2871,47.85,2.0,30.995,-0.015,0.9606,3.08,-9.96,0.01,1.846,0.0,0.0,-0.0,0.0,0.0,0.0,1.81,2.02,2.01,1.55
2872,47.8667,2.0,30.999,-0.014,0.961,3.03,-9.98,0.01,1.826,0.0,0.0,-0.0,0.0,0.0,0.0,1.76,1.82,2.0,1.72
2873,47.8833,2.0,31.004,-0.014,0.9613,3.0,-10.0,0.0,1.817,0.0,0.0,-0.0,0.0,0.0,0.0,1.65,1.61,2.07,1.93
2874,47.9,2.0,31.008,-0.014,0.9615,2.97,-10.01,0.0,1.892,0.0,0.0,-0.0,0.0,0.0,0.0,1.82,1.88,1.99,1.87
2875,47.9167,2.0,31.012,-0.014,0.9616,2.94,-10.02,0.0,1.989,0.0,0.0,-0.0,0.0,0.0,0.0,1.86,1.99,2.03,2.07
2876,47.9333,2.0,31.017,-0.013,0.9616,2.9,-10.04,-0.0,2.003,0.0,0.0,-0.0,0.0,0.0,0.0,2.08,1.88,1.98,2.07
2877,47.95,2.0,31.022,-0.013,0.9614,2.86,-10.06,-0.01,1.991,0.0,0.0,-0.0,0.0,0.0,0.0,2.02,2.04,2.0,1.91
2878,47.9667,2.0,31.026,-0.013,0.961,2.82,-10.07,-0.01,2.006,0.0,0.0,-0.0,0.0,0.0,0.0,1.99,2.01,1.99,2.03
2879,47.9833,2.0,31.031,-0.013,0.9605,2.78,-10.09,-0.01,2.19,0.0,0.0,-0.0,0.0,0.0,0.0,2.53,2.34,1.98,1.9
2880,48.0,2.0,31.036,-0.013,0.96,2.88,-9.99,0.0,2.011,0.0,0.0,-0.0,0.0,0.0,0.0,3.48,1.39,1.94,1.23
2881,48.0167,2.0,31.041,-0.014,0.9598,3.0,-9.95,0.02,1.914,0.0,0.0,-0.0,0.0,0.0,0.0,1.74,1.77,1.99,2.16
2882,48.0333,2.0,31.046,-0.015,0.9598,3.13,-9.96,0.02,1.93,0.0,0.0,-0.0,0.0,0.0,0.0,1.94,1.82,1.99,1.97
2883,48.05,2.0,31.05,-0.015,0.9601,3.21,-9.93,0.03,1.852,0.0,0.0,-0.0,0.0,0.0,0.0,1.76,2.03,2.08,1.54
2884,48.0667,2.0,31.054,-0.015,0.9606,3.19,-9.92,0.04,1.911,0.0,0.0,-0.0,0.0,0.0,0.0,1.67,2.08,2.02,1.87
2885,48.0833,2.0,31.058,-0.015,0.961,3.11,-9.96,0.04,1.798,0.0,0.0,-0.0,0.0,0.0,0.0,1.8,1.66,2.01,1.73
2886,48.1,2.0,31.063,-0.015,0.9613,3.08,-9.97,0.04,1.836,0.0,0.0,-0.0,0.0,0.0,0.0,1.84,1.85,1.96,1.7
2887,48.1167,2.0,31.065,-0.016,0.9617,3.29,-9.78,0.02,1.254,0.0,0.0,-0.0,0.0,0.0,0.0,0.61,1.16,1.98,1.26
2888,48.1333,2.0,31.068,-0.017,0.962,3.53,-9.57,0.05,1.667,0.0,0.0,-0.0,0.0,0.0,0.0,2.91,1.13,1.99,0.63
2889,48.15,2.0,31.072,-0.019,0.9623,3.8,-9.33,0.08,2.163,0.0,0.0,-0.0,0.0,0.0,0.0,4.96,1.36,1.99,0.34
2890,48.1667,2.0,31.076,-0.021,0.9625,4.09,-9.07,0.1,2.333,0.0,0.0,-0.0,0.0,0.0,0.0,8.51,1.21,1.85,-2.24
2891,48.1833,2.0,31.079,-0.022,0.9634,4.36,-8.72,0.1,1.279,0.0,0.0,-0.0,0.0,0.0,0.0,0.14,1.93,1.95,1.11
2892,48.2,2.0,31.083,-0.023,0.9647,4.46,-8.48,0.05,1.772,0.0,0.0,-0.0,0.0,0.0,0.0,1.44,2.0,1.98,1.66
2893,48.2167,2.0,31.086,-0.023,0.9658,4.52,-8.26,0.03,1.524,0.0,0.0,-0.0,0.0,0.0,0.0,0.55,2.02,2.01,1.52
2894,48.2333,2.0,31.089,-0.023,0.9669,4.49,-8.09,0.04,1.615,0.0,0.0,-0.0,0.0,0.0,0.0,0.72,2.0,2.0,1.73
2895,48.25,2.0,31.092,-0.022,0.968,4.4,-7.96,0.05,1.649,0.0,0.0,-0.0,0.0,0.0,0.0,0.86,2.0,2.0,1.74
2896,48.2667,2.0,31.095,-0.022,0.969,4.35,-7.8,0.05,4.42,0.0,0.0,-0.0,0.0,0.0,0.0,12.67,0.3,1.9,2.81
2897,48.2833,2.0,31.097,-0.022,0.9698,4.4,-7.63,0.07,1.568,0.0,0.0,-0.0,0.0,0.0,0.0,0.82,1.99,1.97,1.49
2898,48.3,2.0,31.099,-0.022,0.971,4.44,-7.54,0.03,1.433,0.0,0.0,-0.0,0.0,0.0,0.0,0.34,0.89,1.95,2.55
2899,48.3167,2.0,31.102,-0.022,0.9722,4.46,-7.43,0.03,1.42,0.0,0.0,-0.0,0.0,0.0,0.0,1.19,1.13,2.06,1.3
2900,48.3333,2.0,31.105,-0.023,0.9734,4.47,-7.3,0.06,1.529,0.0,0.0,-0.0,0.0,0.0,0.0,0.62,1.99,1.97,1.53
2901,48.35,2.0,31.107,-0.023,0.9747,4.48,-7.19,0.07,1.28,0.0,0.0,-0.0,0.0,0.0,0.0,0.54,1.3,1.99,1.3
2902,48.3667,2.0,31.11,-0.023,0.9759,4.5,-7.06,0.08,1.012,0.0,0.0,-0.0,0.0,0.0,0.0,0.6,-0.03,2.02,1.46
2903,48.3833,2.0,31.113,-0.023,0.9772,4.51,-6.93,0.09,0.411,0.0,0.0,-0.0,0.0,0.0,0.0,0.69,-2.59,1.98,1.57
2904,48.4,2.0,31.117,-0.023,0.9785,4.53,-6.79,0.11,1.397,0.0,0.0,-0.0,0.0,0.0,0.0,0.74,1.42,2.01,1.42
2905,48.4167,2.0,31.12,-0.024,0.9797,4.55,-6.65,0.12,1.627,0.0,0.0,-0.0,0.0,0.0,0.0,0.77,2.1,1.99,1.65
2906,48.4333,2.0,31.124,-0.024,0.9809,4.57,-6.51,0.14,1.442,0.0,0.0,-0.0,0.0,0.0,0.0,0.87,1.53,2.02,1.35
2907,48.45,2.0,31.127,-0.024,0.982,4.59,-6.36,0.15,1.67,0.0,0.0,-0.0,0.0,0.0,0.0,0.88,2.13,1.99,1.67
2908,48.4667,2.0,31.131,-0.024,0.9831,4.61,-6.22,0.17,1.487,0.0,0.0,-0.0,0.0,0.0,0.0,0.99,1.59,2.02,1.36
2909,48.4833,2.0,31.135,-0.024,0.9841,4.63,-6.07,0.18,1.614,0.0,0.0,-0.0,0.0,0.0,0.0,0.99,1.8,2.0,1.66
2910,48.5,2.0,31.139,-0.025,0.9851,4.64,-5.92,0.2,1.539,0.0,0.0,-0.0,0.0,0.0,0.0,1.11,1.63,2.02,1.4
2911,48.5167,2.0,31.143,-0.025,0.986,4.66,-5.76,0.22,0.845,0.0,0.0,-0.0,0.0,0.0,0.0,1.28,-1.4,2.01,1.49
2912,48.5333,2.0,31.147,-0.025,0.9868,4.69,-5.6,0.22,1.604,0.0,0.0,-0.0,0.0,0.0,0.0,1.3,1.7,2.02,1.39
2913,48.55,2.0,31.152,-0.025,0.9876,4.72,-5.42,0.24,1.826,0.0,0.0,-0.0,0.0,0.0,0.0,1.48,2.1,2.01,1.72
2914,48.5667,2.0,31.156,-0.026,0.9882,4.74,-5.26,0.24,1.615,0.0,0.0,-0.0,0.0,0.0,0.0,1.3,1.76,2.01,1.39
2915,48.5833,2.0,31.161,-0.026,0.9892,4.79,-5.14,0.26,1.856,0.0,0.0,-0.0,0.0,0.0,0.0,1.52,2.14,1.99,1.77
2916,48.6,2.0,31.165,-0.026,0.9902,4.8,-5.06,0.26,1.83,0.0,0.0,-0.0,0.0,0.0,0.0,1.55,2.09,2.0,1.67
2917,48.6167,2.0,31.169,-0.026,0.9911,4.79,-5.0,0.27,1.79,0.0,0.0,-0.0,0.0,0.0,0.0,2.03,1.61,2.02,1.51
2918,48.6333,2.0,31.173,-0.026,0.9919,4.82,-4.92,0.28,1.686,0.0,0.0,-0.0,0.0,0.0,0.0,1.52,1.66,2.01,1.55
2919,48.65,2.0,31.178,-0.026,0.9926,4.84,-4.84,0.28,1.804,0.0,0.0,-0.0,0.0,0.0,0.0,1.52,2.07,2.01,1.62
2920,48.6667,2.0,31.182,-0.027,0.9931,4.86,-4.76,0.29,1.838,0.0,0.0,-0.0,0.0,0.0,0.0,1.66,2.04,2.01,1.64
2921,48.6833,2.0,31.187,-0.027,0.9936,4.88,-4.67,0.3,1.871,0.0,0.0,-0.0,0.0,0.0,0.0,1.64,2.12,2.0,1.71
2922,48.7,2.0,31.192,-0.027,0.9939,4.9,-4.59,0.3,1.828,0.0,0.0,-0.0,0.0,0.0,0.0,1.74,1.85,2.0,1.72
2923,48.7167,2.0,31.197,-0.027,0.9941,4.93,-4.5,0.31,1.828,0.0,0.0,-0.0,0.0,0.0,0.0,1.56,1.95,2.0,1.8
2924,48.7333,2.0,31.202,-0.027,0.9942,4.95,-4.4,0.31,1.909,0.0,0.0,-0.0,0.0,0.0,0.0,2.02,1.88,2.0,1.74
2925,48.75,2.0,31.207,-0.027,0.994,4.97,-4.31,0.31,1.915,0.0,0.0,-0.0,0.0,0.0,0.0,1.99,1.88,2.0,1.79
2926,48.7667,2.0,31.212,-0.028,0.9943,5.01,-4.27,0.32,1.896,0.0,0.0,-0.0,0.0,0.0,0.0,1.73,1.97,1.99,1.9
2927,48.7833,2.0,31.217,-0.028,0.9946,5.04,-4.28,0.31,1.98,0.0,0.0,-0.0,0.0,0.0,0.0,2.26,1.73,2.0,1.93
2928,48.8,2.0,31.221,-0.028,0.995,5.04,-4.3,0.31,1.778,0.0,0.0,-0.0,0.0,0.0,0.0,1.47,1.65,1.94,2.05
2929,48.8167,2.0,31.225,-0.028,0.9955,5.01,-4.3,0.32,1.82,0.0,0.0,-0.0,0.0,0.0,0.0,1.6,2.0,2.0,1.69
2930,48.8333,2.0,31.229,-0.027,0.9959,4.98,-4.31,0.32,1.829,0.0,0.0,-0.0,0.0,0.0,0.0,2.25,1.59,2.01,1.47
2931,48.85,2.0,31.233,-0.027,0.9963,5.0,-4.28,0.33,1.795,0.0,0.0,-0.0,0.0,0.0,0.0,1.7,1.8,2.0,1.67
2932,48.8667,2.0,31.237,-0.028,0.9965,5.01,-4.25,0.32,1.829,0.0,0.0,-0.0,0.0,0.0,0.0,1.76,1.83,2.0,1.73
2933,48.8833,2.0,31.242,-0.028,0.9966,5.02,-4.22,0.33,1.921,0.0,0.0,-0.0,0.0,0.0,0.0,1.88,1.98,2.01,1.82
2934,48.9,2.0,31.247,-0.028,0.9965,5.04,-4.18,0.32,1.947,0.0,0.0,-0.0,0.0,0.0,0.0,1.9,1.99,2.0,1.9
2935,48.9167,2.0,31.252,-0.028,0.9963,5.05,-4.15,0.32,1.962,0.0,0.0,-0.0,0.0,0.0,0.0,2.01,1.89,2.0,1.95
2936,48.9333,2.0,31.257,-0.028,0.9959,5.07,-4.12,0.32,1.965,0.0,0.0,-0.0,0.0,0.0,0.0,1.9,1.96,2.0,2.0
2937,48.95,2.0,31.262,-0.028,0.9954,5.09,-4.1,0.33,1.569,0.0,0.0,-0.0,0.0,0.0,0.0,0.97,1.38,1.91,2.02
2938,48.9667,2.0,31.265,-0.028,0.9962,5.17,-4.19,0.37,1.917,0.0,0.0,-0.0,0.0,0.0,0.0,2.23,2.01,2.0,1.43
2939,48.9833,2.0,31.268,-0.029,0.9971,5.21,-4.34,0.34,1.875,0.0,0.0,-0.0,0.0,0.0,0.0,2.06,2.01,2.0,1.43
2940,49.0,2.0,31.27,-0.029,0.9977,5.21,-4.5,0.33,2.241,0.0,0.0,-0.0,0.0,0.0,0.0,2.05,2.25,2.05,2.61
2941,49.0167,2.0,31.273,-0.029,0.9983,5.2,-4.68,0.3,1.917,0.0,0.0,-0.0,0.0,0.0,0.0,2.04,2.03,2.0,1.6
2942,49.0333,2.0,31.275,-0.029,0.9988,5.13,-4.88,0.29,1.744,0.0,0.0,-0.0,0.0,0.0,0.0,1.42,1.78,1.95,1.84
2943,49.05,2.0,31.277,-0.029,0.9998,5.07,-4.97,0.28,1.533,0.0,0.0,-0.0,0.0,0.0,0.0,1.52,1.39,2.02,1.2
2944,49.0667,2.0,31.279,-0.029,1.0007,5.08,-5.03,0.27,1.677,0.0,0.0,-0.0,0.0,0.0,0.0,1.7,1.6,2.0,1.41
2945,49.0833,2.0,31.282,-0.029,1.0017,5.08,-5.1,0.26,3.173,0.0,0.0,-0.0,0.0,0.0,0.0,3.43,5.37,2.02,1.87
2946,49.1,2.0,31.285,-0.029,1.0026,5.08,-5.17,0.25,1.69,0.0,0.0,-0.0,0.0,0.0,0.0,1.7,1.61,2.01,1.44
2947,49.1167,2.0,31.289,-0.029,1.0035,5.09,-5.23,0.25,1.721,0.0,0.0,-0.0,0.0,0.0,0.0,1.72,1.61,2.0,1.55
2948,49.1333,2.0,31.292,-0.029,1.0043,5.1,-5.3,0.25,1.762,0.0,0.0,-0.0,0.0,0.0,0.0,1.8,1.6,2.0,1.64
2949,49.15,2.0,31.295,-0.029,1.005,5.09,-5.38,0.24,1.796,0.0,0.0,-0.0,0.0,0.0,0.0,1.78,1.75,1.99,1.66
2950,49.1667,2.0,31.299,-0.029,1.0057,5.09,-5.45,0.24,1.79,0.0,0.0,-0.0,0.0,0.0,0.0,1.85,1.58,2.0,1.72
2951,49.1833,2.0,31.303,-0.029,1.0063,5.11,-5.52,0.24,2.013,0.0,0.0,-0.0,0.0,0.0,0.0,1.89,2.35,2.01,1.8
2952,49.2,2.0,31.306,-0.029,1.0067,5.09,-5.62,0.23,1.881,0.0,0.0,-0.0,0.0,0.0,0.0,1.81,1.84,1.98,1.9
2953,49.2167,2.0,31.31,-0.029,1.007,5.1,-5.69,0.23,1.804,0.0,0.0,-0.0,0.0,0.0,0.0,1.83,1.66,2.0,1.73
2954,49.2333,2.0,31.314,-0.029,1.0072,5.09,-5.78,0.23,1.863,0.0,0.0,-0.0,0.0,0.0,0.0,2.03,1.74,1.99,1.69
2955,49.25,2.0,31.318,-0.029,1.0072,5.1,-5.85,0.22,1.831,0.0,0.0,-0.0,0.0,0.0,0.0,1.83,1.66,1.99,1.84
2956,49.2667,2.0,31.322,-0.029,1.0073,5.1,-5.96,0.22,2.003,0.0,0.0,-0.0,0.0,0.0,0.0,1.62,2.34,1.99,2.07
2957,49.2833,2.0,31.326,-0.029,1.0078,5.06,-6.02,0.22,1.674,0.0,0.0,-0.0,0.0,0.0,0.0,1.48,1.77,1.98,1.47
2958,49.3,2.0,31.329,-0.028,1.0083,4.96,-6.11,0.21,2.001,0.0,0.0,-0.0,0.0,0.0,0.0,1.71,2.34,1.99,1.96
2959,49.3167,2.0,31.332,-0.027,1.0088,4.82,-6.22,0.21,1.791,0.0,0.0,-0.0,0.0,0.0,0.0,1.75,1.85,2.0,1.57
2960,49.3333,2.0,31.336,-0.028,1.0093,4.9,-6.16,0.21,1.744,0.0,0.0,-0.0,0.0,0.0,0.0,2.08,1.42,2.01,1.47
2961,49.35,2.0,31.34,-0.028,1.0096,4.94,-6.14,0.21,1.727,0.0,0.0,-0.0,0.0,0.0,0.0,1.62,1.65,2.0,1.64
2962,49.3667,2.0,31.344,-0.028,1.0099,4.97,-6.12,0.22,1.894,0.0,0.0,-0.0,0.0,0.0,0.0,1.75,2.09,2.0,1.73
2963,49.3833,2.0,31.349,-0.028,1.0101,5.0,-6.09,0.22,1.921,0.0,0.0,-0.0,0.0,0.0,0.0,1.81,2.05,2.0,1.83
2964,49.4,2.0,31.354,-0.029,1.0101,5.04,-6.07,0.22,1.952,0.0,0.0,-0.0,0.0,0.0,0.0,1.88,2.06,2.0,1.88
2965,49.4167,2.0,31.359,-0.029,1.01,5.08,-6.04,0.23,1.959,0.0,0.0,-0.0,0.0,0.0,0.0,1.88,1.95,2.01,2.0
2966,49.4333,2.0,31.363,-0.029,1.0097,5.12,-6.02,0.23,1.996,0.0,0.0,-0.0,0.0,0.0,0.0,1.88,2.04,1.99,2.07
2967,49.45,2.0,31.368,-0.029,1.0092,5.16,-6.0,0.23,1.942,0.0,0.0,-0.0,0.0,0.0,0.0,2.02,1.99,1.96,1.8
2968,49.4667,2.0,31.373,-0.03,1.0086,5.2,-5.97,0.23,1.925,0.0,0.0,-0.0,0.0,0.0,0.0,2.2,1.65,1.99,1.86
2969,49.4833,2.0,31.379,-0.03,1.0077,5.23,-5.94,0.22,2.075,0.0,0.0,-0.0,0.0,0.0,0.0,2.53,1.96,1.99,1.82
2970,49.5,2.0,31.383,-0.03,1.0079,5.25,-5.89,0.23,1.768,0.0,0.0,-0.0,0.0,0.0,0.0,1.54,1.8,1.94,1.79
2971,49.5167,2.0,31.387,-0.03,1.0086,5.23,-5.9,0.23,1.936,0.0,0.0,-0.0,0.0,0.0,0.0,1.84,2.01,2.02,1.87
2972,49.5333,2.0,31.391,-0.03,1.009,5.18,-5.94,0.22,1.906,0.0,0.0,-0.0,0.0,0.0,0.0,2.02,1.99,1.99,1.62
2973,49.55,2.0,31.395,-0.029,1.0094,5.1,-5.99,0.22,1.858,0.0,0.0,-0.0,0.0,0.0,0.0,1.72,2.0,2.0,1.72
2974,49.5667,2.0,31.399,-0.028,1.0096,4.99,-6.08,0.21,1.902,0.0,0.0,-0.0,0.0,0.0,0.0,1.77,1.97,2.0,1.87
2975,49.5833,2.0,31.403,-0.028,1.0098,4.98,-6.08,0.21,1.578,0.0,0.0,-0.0,0.0,0.0,0.0,1.38,1.7,2.0,1.23
2976,49.6,2.0,31.407,-0.029,1.0099,5.0,-6.06,0.21,1.945,0.0,0.0,-0.0,0.0,0.0,0.0,1.75,2.21,2.01,1.82
2977,49.6167,2.0,31.412,-0.029,1.0098,5.02,-6.04,0.22,1.91,0.0,0.0,-0.0,0.0,0.0,0.0,1.87,1.87,2.0,1.9
2978,49.6333,2.0,31.417,-0.029,1.0096,5.04,-6.02,0.22,1.983,0.0,0.0,-0.0,0.0,0.0,0.0,1.96,1.99,1.98,2.0
2979,49.65,2.0,31.422,-0.029,1.0092,5.05,-6.0,0.22,2.031,0.0,0.0,-0.0,0.0,0.0,0.0,2.12,1.97,1.99,2.04
2980,49.6667,2.0,31.427,-0.029,1.0086,5.07,-5.97,0.23,1.895,0.0,0.0,-0.0,0.0,0.0,0.0,2.01,1.57,1.99,2.0
2981,49.6833,2.0,31.432,-0.029,1.0079,5.09,-5.95,0.22,2.044,0.0,0.0,-0.0,0.0,0.0,0.0,2.27,2.11,1.99,1.8
2982,49.7,2.0,31.437,-0.029,1.0075,5.12,-5.98,0.22,1.813,0.0,0.0,-0.0,0.0,0.0,0.0,2.14,1.91,1.97,1.23
2983,49.7167,2.0,31.441,-0.029,1.0082,5.11,-5.99,0.2,1.899,0.0,0.0,-0.0,0.0,0.0,0.0,1.91,1.98,2.01,1.7
2984,49.7333,2.0,31.444,-0.029,1.0088,5.04,-6.04,0.21,1.912,0.0,0.0,-0.0,0.0,0.0,0.0,1.62,2.05,2.03,1.95
2985,49.75,2.0,31.448,-0.028,1.0092,4.95,-6.12,0.21,1.625,0.0,0.0,-0.0,0.0,0.0,0.0,1.68,1.09,1.98,1.74
2986,49.7667,2.0,31.452,-0.028,1.0096,4.97,-6.11,0.21,1.826,0.0,0.0,-0.0,0.0,0.0,0.0,1.96,1.6,1.99,1.75
2987,49.7833,2.0,31.456,-0.029,1.0099,5.0,-6.09,0.21,1.783,0.0,0.0,-0.0,0.0,0.0,0.0,1.65,1.81,2.0,1.67
2988,49.8,2.0,31.461,-0.029,1.0101,5.02,-6.08,0.21,1.844,0.0,0.0,-0.0,0.0,0.0,0.0,1.76,1.81,2.01,1.79
2989,49.8167,2.0,31.465,-0.029,1.0101,5.04,-6.06,0.21,1.92,0.0,0.0,-0.0,0.0,0.0,0.0,1.85,1.95,2.01,1.88
2990,49.8333,2.0,31.47,-0.029,1.0101,5.07,-6.04,0.22,1.947,0.0,0.0,-0.0,0.0,0.0,0.0,1.93,1.91,2.0,1.95
2991,49.85,2.0,31.475,-0.029,1.0098,5.1,-6.03,0.22,1.981,0.0,0.0,-0.0,0.0,0.0,0.0,1.95,1.94,2.0,2.04
2992,49.8667,2.0,31.48,-0.029,1.0094,5.13,-6.01,0.22,2.107,0.0,0.0,-0.0,0.0,0.0,0.0,2.22,2.3,2.0,1.9
2993,49.8833,2.0,31.485,-0.03,1.0088,5.16,-5.99,0.22,2.088,0.0,0.0,-0.0,0.0,0.0,0.0,2.28,2.27,1.99,1.81
2994,49.9,2.0,31.49,-0.03,1.008,5.19,-5.97,0.22,2.128,0.0,0.0,-0.0,0.0,0.0,0.0,2.56,2.27,1.98,1.71
2995,49.9167,2.0,31.495,-0.03,1.0076,5.22,-5.96,0.22,1.828,0.0,0.0,-0.0,0.0,0.0,0.0,1.0,1.67,1.89,2.76
2996,49.9333,2.0,31.499,-0.03,1.0084,5.19,-5.97,0.25,1.922,0.0,0.0,-0.0,0.0,0.0,0.0,1.82,1.99,2.01,1.87
2997,49.95,2.0,31.502,-0.03,1.0089,5.14,-6.01,0.25,1.972,0.0,0.0,-0.0,0.0,0.0,0.0,2.37,1.99,1.98,1.55
2998,49.9667,2.0,31.506,-0.029,1.0093,5.05,-6.08,0.25,1.907,0.0,0.0,-0.0,0.0,0.0,0.0,1.7,2.07,2.0,1.86
2999,49.9833,2.0,31.51,-0.029,1.0096,5.04,-6.08,0.25,1.718,0.0,0.0,-0.0,0.0,0.0,0.0,1.68,1.37,2.0,1.82
3000,50.0,2.0,31.514,-0.029,1.0099,5.06,-6.07,0.25,1.857,0.0,0.0,-0.0,0.0,0.0,0.0,1.71,2.01,2.0,1.72
3001,50.0167,2.0,31.519,-0.029,1.01,5.06,-6.06,0.25,1.91,0.0,0.0,-0.0,0.0,0.0,0.0,1.83,2.05,1.99,1.78
3002,50.0333,2.0,31.524,-0.029,1.01,5.07,-6.04,0.26,1.973,0.0,0.0,-0.0,0.0,0.0,0.0,1.89,2.01,2.01,1.98
3003,50.05,2.0,31.529,-0.029,1.0099,5.08,-6.03,0.26,1.966,0.0,0.0,-0.0,0.0,0.0,0.0,1.93,1.93,2.0,2.0
3004,50.0667,2.0,31.534,-0.029,1.0096,5.09,-6.02,0.26,2.053,0.0,0.0,-0.0,0.0,0.0,0.0,2.05,2.15,2.0,2.02
3005,50.0833,2.0,31.539,-0.029,1.0091,5.1,-6.0,0.25,2.08,0.0,0.0,-0.0,0.0,0.0,0.0,2.39,2.03,2.0,1.9
3006,50.1,2.0,31.544,-0.029,1.0084,5.12,-5.99,0.25,2.099,0.0,0.0,-0.0,0.0,0.0,0.0,2.29,2.28,2.01,1.82
3007,50.1167,2.0,31.549,-0.029,1.0075,5.12,-5.97,0.25,2.036,0.0,0.0,-0.0,0.0,0.0,0.0,2.17,1.97,2.0,2.01
3008,50.1333,2.0,31.553,-0.029,1.0081,5.14,-5.96,0.26,2.088,0.0,0.0,-0.0,0.0,0.0,0.0,2.36,2.36,1.97,1.66
3009,50.15,2.0,31.558,-0.029,1.0088,5.11,-5.99,0.24,1.968,0.0,0.0,-0.0,0.0,0.0,0.0,2.04,2.0,2.0,1.83
3010,50.1667,2.0,31.562,-0.029,1.0093,5.04,-6.04,0.24,1.956,0.0,0.0,-0.0,0.0,0.0,0.0,1.87,2.0,2.0,1.96
3011,50.1833,2.0,31.566,-0.029,1.0097,5.0,-6.09,0.24,1.674,0.0,0.0,-0.0,0.0,0.0,0.0,1.65,1.59,2.0,1.45
3012,50.2,2.0,31.57,-0.029,1.0099,5.02,-6.07,0.25,1.752,0.0,0.0,-0.0,0.0,0.0,0.0,1.74,1.57,2.01,1.68
3013,50.2167,2.0,31.574,-0.029,1.0101,5.04,-6.06,0.25,1.928,0.0,0.0,-0.0,0.0,0.0,0.0,2.04,2.14,2.0,1.53
3014,50.2333,2.0,31.579,-0.029,1.0101,5.06,-6.05,0.25,1.96,0.0,0.0,-0.0,0.0,0.0,0.0,1.97,1.91,2.0,1.95
3015,50.25,2.0,31.584,-0.029,1.01,5.08,-6.04,0.25,1.973,0.0,0.0,-0.0,0.0,0.0,0.0,1.98,1.94,2.0,1.97
3016,50.2667,2.0,31.589,-0.029,1.0098,5.1,-6.03,0.25,2.017,0.0,0.0,-0.0,0.0,0.0,0.0,2.08,2.0,2.0,1.99
3017,50.2833,2.0,31.594,-0.029,1.0093,5.12,-6.02,0.25,2.019,0.0,0.0,-0.0,0.0,0.0,0.0,2.02,2.01,2.0,2.05
3018,50.3,2.0,31.599,-0.029,1.0087,5.2,-5.96,0.27,1.316,0.0,0.0,-0.0,0.0,0.0,0.0,-0.18,1.69,2.04,1.72
3019,50.3167,2.0,31.603,-0.031,1.0084,5.54,-5.7,0.26,5.418,0.0,0.0,-0.0,0.0,0.0,0.0,5.39,1.43,2.09,12.77
3020,50.3333,2.0,31.606,-0.033,1.0087,5.84,-5.44,0.23,0.947,0.0,0.0,-0.0,0.0,0.0,0.0,-0.09,1.92,2.02,-0.07
3021,50.35,2.0,31.608,-0.034,1.0095,6.0,-5.25,0.22,1.583,0.0,0.0,-0.0,0.0,0.0,0.0,0.45,1.96,1.96,1.96
3022,50.3667,2.0,31.611,-0.035,1.0106,6.07,-5.09,0.23,1.491,0.0,0.0,-0.0,0.0,0.0,0.0,0.63,1.97,1.97,1.4
3023,50.3833,2.0,31.613,-0.035,1.0118,6.08,-4.97,0.24,1.562,0.0,0.0,-0.0,0.0,0.0,0.0,0.75,1.99,2.0,1.51
3024,50.4,2.0,31.616,-0.034,1.0129,6.03,-4.89,0.25,1.571,0.0,0.0,-0.0,0.0,0.0,0.0,0.78,1.96,1.98,1.57
3025,50.4167,2.0,31.618,-0.034,1.014,5.93,-4.84,0.26,1.533,0.0,0.0,-0.0,0.0,0.0,0.0,0.62,1.98,1.98,1.56
3026,50.4333,2.0,31.621,-0.034,1.0152,5.89,-4.75,0.26,2.174,0.0,0.0,-0.0,0.0,0.0,0.0,3.16,1.27,2.05,2.22
3027,50.45,2.0,31.623,-0.034,1.0161,5.92,-4.64,0.25,1.495,0.0,0.0,-0.0,0.0,0.0,0.0,0.7,1.95,1.99,1.34
3028,50.4667,2.0,31.626,-0.034,1.0172,5.88,-4.53,0.28,1.732,0.0,0.0,-0.0,0.0,0.0,0.0,2.62,0.78,2.08,1.45
3029,50.4833,2.0,31.629,-0.034,1.0182,5.93,-4.37,0.3,1.579,0.0,0.0,-0.0,0.0,0.0,0.0,0.6,1.98,1.97,1.76
3030,50.5,2.0,31.633,-0.034,1.0192,5.91,-4.24,0.32,1.624,0.0,0.0,-0.0,0.0,0.0,0.0,0.98,1.1,2.1,2.32
3031,50.5167,2.0,31.636,-0.034,1.0202,5.96,-4.07,0.33,1.624,0.0,0.0,-0.0,0.0,0.0,0.0,0.89,1.98,1.99,1.63
3032,50.5333,2.0,31.64,-0.034,1.0212,5.95,-3.92,0.34,1.435,0.0,0.0,-0.0,0.0,0.0,0.0,1.07,1.23,2.12,1.33
3033,50.55,2.0,31.644,-0.035,1.0221,5.99,-3.74,0.36,1.738,0.0,0.0,-0.0,0.0,0.0,0.0,1.2,2.0,1.99,1.76
3034,50.5667,2.0,31.648,-0.035,1.023,6.0,-3.58,0.37,1.391,0.0,0.0,-0.0,0.0,0.0,0.0,0.66,1.35,2.1,1.46
3035,50.5833,2.0,31.652,-0.035,1.0237,6.03,-3.39,0.38,1.735,0.0,0.0,-0.0,0.0,0.0,0.0,1.16,2.02,1.99,1.76
3036,50.6,2.0,31.657,-0.035,1.0244,6.04,-3.21,0.4,1.559,0.0,0.0,-0.0,0.0,0.0,0.0,1.14,1.55,2.06,1.49
3037,50.6167,2.0,31.661,-0.036,1.0255,6.12,-3.05,0.42,1.746,0.0,0.0,-0.0,0.0,0.0,0.0,1.08,2.15,2.01,1.74
3038,50.6333,2.0,31.665,-0.036,1.0267,6.15,-2.95,0.43,1.821,0.0,0.0,-0.0,0.0,0.0,0.0,1.59,2.0,1.99,1.7
3039,50.65,2.0,31.669,-0.036,1.0277,6.17,-2.86,0.45,1.823,0.0,0.0,-0.0,0.0,0.0,0.0,1.52,2.06,2.03,1.68
3040,50.6667,2.0,31.673,-0.036,1.0287,6.15,-2.81,0.46,1.825,0.0,0.0,-0.0,0.0,0.0,0.0,1.63,2.01,1.99,1.67
3041,50.6833,2.0,31.677,-0.036,1.0295,6.11,-2.77,0.47,0.542,0.0,0.0,-0.0,0.0,0.0,0.0,1.72,-3.08,1.96,1.57
3042,50.7,2.0,31.681,-0.036,1.0303,6.12,-2.69,0.49,0.305,0.0,0.0,-0.0,0.0,0.0,0.0,1.26,-3.49,1.96,1.49
3043,50.7167,2.0,31.686,-0.036,1.031,6.15,-2.61,0.5,1.615,0.0,0.0,-0.0,0.0,0.0,0.0,1.32,1.52,2.02,1.6
3044,50.7333,2.0,31.69,-0.037,1.0315,6.17,-2.51,0.51,1.496,0.0,0.0,-0.0,0.0,0.0,0.0,1.42,0.87,2.0,1.7
3045,50.75,2.0,31.695,-0.037,1.0321,6.19,-2.43,0.52,1.723,0.0,0.0,-0.0,0.0,0.0,0.0,1.51,1.74,2.01,1.63
3046,50.7667,2.0,31.7,-0.037,1.0324,6.22,-2.32,0.53,1.888,0.0,0.0,-0.0,0.0,0.0,0.0,1.6,2.13,2.01,1.82
3047,50.7833,2.0,31.705,-0.037,1.0326,6.24,-2.24,0.54,1.813,0.0,0.0,-0.0,0.0,0.0,0.0,1.7,1.83,2.01,1.71
3048,50.8,2.0,31.71,-0.037,1.0326,6.27,-2.13,0.56,1.859,0.0,0.0,-0.0,0.0,0.0,0.0,1.78,1.84,2.02,1.8
3049,50.8167,2.0,31.715,-0.037,1.0326,6.29,-2.03,0.57,1.925,0.0,0.0,-0.0,0.0,0.0,0.0,1.89,2.02,2.01,1.79
3050,50.8333,2.0,31.72,-0.037,1.0323,6.32,-1.92,0.58,2.016,0.0,0.0,-0.0,0.0,0.0,0.0,2.0,2.04,2.0,2.01
3051,50.85,2.0,31.726,-0.037,1.0321,6.34,-1.8,0.59,1.792,0.0,0.0,-0.0,0.0,0.0,0.0,1.42,1.8,2.07,1.88
3052,50.8667,2.0,31.73,-0.038,1.0338,6.41,-1.86,0.6,1.892,0.0,0.0,-0.0,0.0,0.0,0.0,1.69,1.99,1.9,1.99
3053,50.8833,2.0,31.735,-0.038,1.0344,6.43,-1.84,0.6,1.858,0.0,0.0,-0.0,0.0,0.0,0.0,1.62,2.01,2.0,1.81
3054,50.9,2.0,31.739,-0.038,1.0348,6.42,-1.84,0.59,2.006,0.0,0.0,-0.0,0.0,0.0,0.0,2.08,1.99,2.0,1.96
3055,50.9167,2.0,31.744,-0.038,1.0352,6.4,-1.87,0.59,1.932,0.0,0.0,-0.0,0.0,0.0,0.0,1.91,2.0,2.0,1.82
3056,50.9333,2.0,31.748,-0.037,1.0353,6.35,-1.9,0.59,1.974,0.0,0.0,-0.0,0.0,0.0,0.0,1.92,2.0,2.0,1.99
3057,50.95,2.0,31.753,-0.037,1.0353,6.29,-1.95,0.58,1.964,0.0,0.0,-0.0,0.0,0.0,0.0,1.91,2.0,2.0,1.94
3058,50.9667,2.0,31.757,-0.036,1.0351,6.2,-2.01,0.58,2.003,0.0,0.0,-0.0,0.0,0.0,0.0,2.01,2.03,2.0,1.97
3059,50.9833,2.0,31.762,-0.037,1.0349,6.26,-1.97,0.58,1.46,0.0,0.0,-0.0,0.0,0.0,0.0,1.47,0.7,2.0,1.66
3060,51.0,2.0,31.766,-0.037,1.0345,6.35,-1.89,0.6,1.869,0.0,0.0,-0.0,0.0,0.0,0.0,1.7,1.9,2.0,1.88
3061,51.0167,2.0,31.772,-0.038,1.034,6.45,-1.82,0.61,2.08,0.0,0.0,-0.0,0.0,0.0,0.0,1.93,2.33,2.0,2.07
3062,51.0333,2.0,31.777,-0.038,1.0331,6.56,-1.71,0.62,1.964,0.0,0.0,-0.0,0.0,0.0,0.0,1.57,2.19,2.03,2.07
3063,51.05,2.0,31.782,-0.038,1.0334,6.53,-1.7,0.59,2.373,0.0,0.0,-0.0,0.0,0.0,0.0,1.97,2.36,2.52,2.63
3064,51.0667,2.0,31.787,-0.038,1.0335,6.5,-1.65,0.59,1.848,0.0,0.0,-0.0,0.0,0.0,0.0,1.92,1.71,1.76,1.99
3065,51.0833,2.0,31.792,-0.038,1.0339,6.47,-1.66,0.58,2.001,0.0,0.0,-0.0,0.0,0.0,0.0,2.19,1.95,2.03,1.84
3066,51.1,2.0,31.796,-0.037,1.0345,6.44,-1.71,0.58,1.928,0.0,0.0,-0.0,0.0,0.0,0.0,1.95,1.57,1.98,2.22
3067,51.1167,2.0,31.801,-0.037,1.0349,6.38,-1.77,0.57,1.621,0.0,0.0,-0.0,0.0,0.0,0.0,0.44,2.01,2.0,2.03
3068,51.1333,2.0,31.805,-0.037,1.0352,6.32,-1.86,0.56,1.955,0.0,0.0,-0.0,0.0,0.0,0.0,2.06,1.89,2.0,1.87
3069,51.15,2.0,31.809,-0.036,1.0354,6.25,-1.93,0.55,1.859,0.0,0.0,-0.0,0.0,0.0,0.0,1.9,1.76,2.0,1.78
3070,51.1667,2.0,31.813,-0.036,1.0354,6.23,-1.99,0.54,1.964,0.0,0.0,-0.0,0.0,0.0,0.0,1.95,2.0,2.0,1.9
3071,51.1833,2.0,31.817,-0.035,1.0352,6.16,-2.05,0.54,1.985,0.0,0.0,-0.0,0.0,0.0,0.0,1.97,2.01,2.01,1.96
3072,51.2,2.0,31.822,-0.036,1.035,6.32,-1.96,0.54,2.006,0.0,0.0,-0.0,0.0,0.0,0.0,1.85,1.59,1.99,2.6
3073,51.2167,2.0,31.827,-0.037,1.0347,6.4,-1.91,0.55,1.937,0.0,0.0,-0.0,0.0,0.0,0.0,1.76,1.98,1.99,2.02
3074,51.2333,2.0,31.832,-0.037,1.0341,6.51,-1.87,0.55,2.048,0.0,0.0,-0.0,0.0,0.0,0.0,2.01,2.1,2.01,2.08
3075,51.25,2.0,31.837,-0.038,1.0334,6.61,-1.8,0.56,2.121,0.0,0.0,-0.0,0.0,0.0,0.0,2.11,2.13,2.02,2.22
3076,51.2667,2.0,31.843,-0.038,1.0338,6.61,-1.67,0.56,2.532,0.0,0.0,-0.0,0.0,0.0,0.0,3.69,1.97,2.63,1.83
3077,51.2833,2.0,31.848,-0.037,1.0336,6.49,-1.65,0.57,1.956,0.0,0.0,-0.0,0.0,0.0,0.0,2.02,2.0,2.05,1.75
3078,51.3,2.0,31.853,-0.036,1.0334,6.39,-1.63,0.56,2.247,0.0,0.0,-0.0,0.0,0.0,0.0,2.26,2.35,2.06,2.32
3079,51.3167,2.0,31.857,-0.036,1.0349,6.36,-1.78,0.56,1.92,0.0,0.0,-0.0,0.0,0.0,0.0,1.78,1.91,1.88,2.12
3080,51.3333,2.0,31.862,-0.036,1.035,6.3,-1.86,0.56,1.954,0.0,0.0,-0.0,0.0,0.0,0.0,1.94,1.95,2.0,1.93
3081,51.35,2.0,31.866,-0.035,1.0353,6.23,-1.93,0.55,1.956,0.0,0.0,-0.0,0.0,0.0,0.0,1.92,1.98,2.0,1.93
3082,51.3667,2.0,31.87,-0.034,1.0351,6.13,-2.02,0.54,1.973,0.0,0.0,-0.0,0.0,0.0,0.0,1.94,1.98,2.0,1.97
3083,51.3833,2.0,31.874,-0.034,1.0351,6.08,-2.08,0.53,1.954,0.0,0.0,-0.0,0.0,0.0,0.0,1.92,1.97,2.0,1.93
3084,51.4,2.0,31.879,-0.035,1.0349,6.27,-1.92,0.54,1.741,0.0,0.0,-0.0,0.0,0.0,0.0,1.38,1.56,2.01,2.02
3085,51.4167,2.0,31.884,-0.036,1.0344,6.41,-1.86,0.55,1.915,0.0,0.0,-0.0,0.0,0.0,0.0,1.85,1.9,1.99,1.92
3086,51.4333,2.0,31.889,-0.036,1.0338,6.5,-1.79,0.55,1.987,0.0,0.0,-0.0,0.0,0.0,0.0,1.9,2.07,1.99,1.99
3087,51.45,2.0,31.894,-0.037,1.0336,6.59,-1.7,0.56,2.275,0.0,0.0,-0.0,0.0,0.0,0.0,3.5,2.12,1.7,1.78
3088,51.4667,2.0,31.899,-0.036,1.0335,6.48,-1.66,0.57,2.291,0.0,0.0,-0.0,0.0,0.0,0.0,1.63,2.22,2.33,2.99
3089,51.4833,2.0,31.904,-0.036,1.0333,6.45,-1.61,0.58,1.845,0.0,0.0,-0.0,0.0,0.0,0.0,1.76,1.04,2.25,2.33
3090,51.5,2.0,31.909,-0.036,1.0343,6.49,-1.65,0.58,1.861,0.0,0.0,-0.0,0.0,0.0,0.0,1.69,1.92,1.85,1.98
3091,51.5167,2.0,31.913,-0.036,1.0349,6.49,-1.67,0.58,1.9,0.0,0.0,-0.0,0.0,0.0,0.0,1.67,2.01,2.01,1.92
3092,51.5333,2.0,31.918,-0.036,1.0351,6.48,-1.72,0.57,1.935,0.0,0.0,-0.0,0.0,0.0,0.0,1.99,2.01,2.0,1.75
3093,51.55,2.0,31.922,-0.036,1.0354,6.45,-1.77,0.57,1.937,0.0,0.0,-0.0,0.0,0.0,0.0,2.0,1.86,2.0,1.89
3094,51.5667,2.0,31.926,-0.036,1.0353,6.4,-1.84,0.56,1.967,0.0,0.0,-0.0,0.0,0.0,0.0,1.97,1.98,2.0,1.92
3095,51.5833,2.0,31.931,-0.035,1.0354,6.34,-1.92,0.55,1.998,0.0,0.0,-0.0,0.0,0.0,0.0,2.0,2.0,2.0,1.99
3096,51.6,2.0,31.935,-0.035,1.035,6.34,-1.94,0.55,1.485,0.0,0.0,-0.0,0.0,0.0,0.0,1.52,1.56,2.0,0.87
3097,51.6167,2.0,31.94,-0.035,1.0348,6.43,-1.9,0.55,1.817,0.0,0.0,-0.0,0.0,0.0,0.0,1.83,1.64,2.01,1.79
3098,51.6333,2.0,31.945,-0.036,1.0341,6.53,-1.84,0.56,1.957,0.0,0.0,-0.0,0.0,0.0,0.0,1.85,1.99,2.01,1.97
3099,51.65,2.0,31.95,-0.037,1.0335,6.64,-1.79,0.57,2.059,0.0,0.0,-0.0,0.0,0.0,0.0,2.06,2.05,2.0,2.13
3100,51.6667,2.0,31.955,-0.036,1.0336,6.6,-1.71,0.57,1.988,0.0,0.0,-0.0,0.0,0.0,0.0,2.07,2.1,1.94,1.84
3101,51.6833,2.0,31.96,-0.036,1.0336,6.51,-1.69,0.57,1.92,0.0,0.0,-0.0,0.0,0.0,0.0,2.06,1.97,1.95,1.7
3102,51.7,2.0,31.966,-0.035,1.0333,6.47,-1.62,0.57,2.051,0.0,0.0,-0.0,0.0,0.0,0.0,2.06,2.0,1.98,2.16
3103,51.7167,2.0,31.97,-0.035,1.0347,6.48,-1.72,0.58,1.775,0.0,0.0,-0.0,0.0,0.0,0.0,1.81,1.9,1.32,2.07
3104,51.7333,2.0,31.974,-0.035,1.035,6.45,-1.78,0.58,1.9,0.0,0.0,-0.0,0.0,0.0,0.0,1.69,1.99,2.0,1.92
3105,51.75,2.0,31.978,-0.035,1.0352,6.39,-1.83,0.56,2.028,0.0,0.0,-0.0,0.0,0.0,0.0,2.25,2.0,1.98,1.88
3106,51.7667,2.0,31.983,-0.034,1.0353,6.33,-1.92,0.56,1.945,0.0,0.0,-0.0,0.0,0.0,0.0,1.95,1.93,2.0,1.9
3107,51.7833,2.0,31.987,-0.034,1.0352,6.24,-1.99,0.55,1.996,0.0,0.0,-0.0,0.0,0.0,0.0,1.99,2.01,2.0,1.98
3108,51.8,2.0,31.991,-0.034,1.035,6.31,-1.98,0.55,1.589,0.0,0.0,-0.0,0.0,0.0,0.0,1.4,1.44,1.99,1.53
3109,51.8167,2.0,31.996,-0.034,1.0347,6.39,-1.91,0.55,1.818,0.0,0.0,-0.0,0.0,0.0,0.0,1.61,1.95,2.0,1.71
3110,51.8333,2.0,32.001,-0.035,1.0342,6.49,-1.86,0.56,1.94,0.0,0.0,-0.0,0.0,0.0,0.0,1.82,2.02,2.0,1.92
3111,51.85,2.0,32.006,-0.035,1.0336,6.59,-1.78,0.57,2.057,0.0,0.0,-0.0,0.0,0.0,0.0,2.02,2.09,2.02,2.1
3112,51.8667,2.0,32.012,-0.035,1.0339,6.6,-1.67,0.57,2.004,0.0,0.0,-0.0,0.0,0.0,0.0,2.56,1.66,1.94,1.86
3113,51.8833,2.0,32.017,-0.035,1.0337,6.48,-1.65,0.58,2.004,0.0,0.0,-0.0,0.0,0.0,0.0,2.12,2.0,2.05,1.84
3114,51.9,2.0,32.022,-0.034,1.0334,6.42,-1.61,0.58,1.76,0.0,0.0,-0.0,0.0,0.0,0.0,2.07,1.74,1.86,1.37
3115,51.9167,2.0,32.026,-0.034,1.0347,6.44,-1.71,0.57,1.805,0.0,0.0,-0.0,0.0,0.0,0.0,1.89,1.9,1.19,2.24
3116,51.9333,2.0,32.031,-0.034,1.0351,6.41,-1.75,0.57,1.927,0.0,0.0,-0.0,0.0,0.0,0.0,1.75,1.99,2.0,1.97
3117,51.95,2.0,32.035,-0.034,1.0352,6.37,-1.82,0.56,1.984,0.0,0.0,-0.0,0.0,0.0,0.0,2.15,2.0,1.98,1.81
3118,51.9667,2.0,32.039,-0.033,1.0354,6.31,-1.9,0.55,1.961,0.0,0.0,-0.0,0.0,0.0,0.0,1.95,1.97,2.0,1.92
3119,51.9833,2.0,32.043,-0.033,1.0352,6.24,-1.99,0.54,1.997,0.0,0.0,-0.0,0.0,0.0,0.0,2.0,2.0,2.0,1.99
3120,52.0,2.0,32.047,-0.033,1.0352,6.37,-1.91,0.55,2.198,0.0,0.0,-0.0,0.0,0.0,0.0,1.94,1.7,1.99,3.16
3121,52.0167,2.0,32.052,-0.034,1.0348,6.46,-1.87,0.55,1.976,0.0,0.0,-0.0,0.0,0.0,0.0,1.89,1.99,2.01,2.01
3122,52.0333,2.0,32.057,-0.034,1.0344,6.53,-1.85,0.55,2.03,0.0,0.0,-0.0,0.0,0.0,0.0,2.07,2.01,2.0,2.05
3123,52.05,2.0,32.063,-0.035,1.0336,6.62,-1.8,0.56,2.089,0.0,0.0,-0.0,0.0,0.0,0.0,2.08,1.97,2.02,2.29
3124,52.0667,2.0,32.068,-0.035,1.0339,6.66,-1.68,0.57,1.771,0.0,0.0,-0.0,0.0,0.0,0.0,1.62,2.21,1.49,1.77
3125,52.0833,2.0,32.073,-0.034,1.0338,6.58,-1.64,0.57,1.924,0.0,0.0,-0.0,0.0,0.0,0.0,1.91,2.08,1.98,1.72
3126,52.1,2.0,32.078,-0.034,1.0346,6.57,-1.67,0.57,1.833,0.0,0.0,-0.0,0.0,0.0,0.0,1.72,1.98,1.9,1.73
3127,52.1167,2.0,32.082,-0.034,1.0351,6.54,-1.69,0.58,1.934,0.0,0.0,-0.0,0.0,0.0,0.0,1.76,2.0,2.01,1.96
3128,52.1333,2.0,32.086,-0.034,1.0353,6.51,-1.73,0.57,1.959,0.0,0.0,-0.0,0.0,0.0,0.0,1.99,2.0,2.0,1.83
3129,52.15,2.0,32.091,-0.033,1.0355,6.45,-1.77,0.56,1.927,0.0,0.0,-0.0,0.0,0.0,0.0,1.88,2.0,2.0,1.83
3130,52.1667,2.0,32.095,-0.033,1.0354,6.38,-1.84,0.55,1.959,0.0,0.0,-0.0,0.0,0.0,0.0,1.94,2.0,2.0,1.89
3131,52.1833,2.0,32.099,-0.032,1.0353,6.32,-1.89,0.55,1.693,0.0,0.0,-0.0,0.0,0.0,0.0,1.54,1.9,2.07,1.26
3132,52.2,2.0,32.104,-0.033,1.035,6.39,-1.84,0.55,1.88,0.0,0.0,-0.0,0.0,0.0,0.0,1.85,1.93,2.0,1.75
3133,52.2167,2.0,32.109,-0.033,1.0346,6.44,-1.8,0.56,1.926,0.0,0.0,-0.0,0.0,0.0,0.0,1.91,1.97,2.01,1.81
3134,52.2333,2.0,32.114,-0.033,1.034,6.51,-1.75,0.56,2.115,0.0,0.0,-0.0,0.0,0.0,0.0,2.55,1.97,2.01,1.93
3135,52.25,2.0,32.119,-0.034,1.0334,6.56,-1.71,0.55,2.172,0.0,0.0,-0.0,0.0,0.0,0.0,0.54,2.62,2.99,2.54
3136,52.2667,2.0,32.124,-0.034,1.0334,6.6,-1.74,0.55,2.071,0.0,0.0,-0.0,0.0,0.0,0.0,2.06,2.08,2.05,2.1
3137,52.2833,2.0,32.129,-0.034,1.0342,6.56,-1.69,0.54,1.884,0.0,0.0,-0.0,0.0,0.0,0.0,1.88,1.84,2.01,1.8
3138,52.3,2.0,32.133,-0.033,1.0348,6.53,-1.71,0.53,1.931,0.0,0.0,-0.0,0.0,0.0,0.0,2.05,2.0,1.99,1.69
3139,52.3167,2.0,32.137,-0.033,1.0351,6.49,-1.75,0.53,2.017,0.0,0.0,-0.0,0.0,0.0,0.0,1.97,2.03,2.0,2.06
3140,52.3333,2.0,32.141,-0.033,1.0354,6.43,-1.79,0.52,1.939,0.0,0.0,-0.0,0.0,0.0,0.0,2.02,1.99,1.98,1.76
3141,52.35,2.0,32.145,-0.032,1.0355,6.36,-1.86,0.52,1.924,0.0,0.0,-0.0,0.0,0.0,0.0,1.84,2.0,2.0,1.86
3142,52.3667,2.0,32.15,-0.032,1.0356,6.27,-1.94,0.51,1.957,0.0,0.0,-0.0,0.0,0.0,0.0,1.91,1.99,2.0,1.92
3143,52.3833,2.0,32.153,-0.032,1.0355,6.44,-1.79,0.51,1.623,0.0,0.0,-0.0,0.0,0.0,0.0,1.37,1.29,2.0,1.83
3144,52.4,2.0,32.156,-0.033,1.0361,6.56,-1.6,0.52,1.498,0.0,0.0,-0.0,0.0,0.0,0.0,0.6,2.0,2.0,1.38
3145,52.4167,2.0,32.16,-0.033,1.0368,6.6,-1.44,0.53,1.571,0.0,0.0,-0.0,0.0,0.0,0.0,0.7,1.97,2.01,1.61
3146,52.4333,2.0,32.164,-0.033,1.0376,6.59,-1.31,0.55,1.658,0.0,0.0,-0.0,0.0,0.0,0.0,0.82,2.01,2.01,1.78
3147,52.45,2.0,32.168,-0.033,1.0384,6.54,-1.21,0.55,1.715,0.0,0.0,-0.0,0.0,0.0,0.0,1.04,2.02,2.02,1.78
3148,52.4667,2.0,32.173,-0.033,1.0389,6.52,-1.07,0.57,1.829,0.0,0.0,-0.0,0.0,0.0,0.0,1.43,1.55,1.97,2.36
3149,52.4833,2.0,32.177,-0.033,1.0395,6.54,-0.9,0.59,1.741,0.0,0.0,-0.0,0.0,0.0,0.0,1.27,2.1,1.71,1.89
3150,52.5,2.0,32.182,-0.033,1.0403,6.54,-0.77,0.6,1.662,0.0,0.0,-0.0,0.0,0.0,0.0,1.8,1.63,1.27,1.95
3151,52.5167,2.0,32.186,-0.033,1.0413,6.59,-0.68,0.62,1.733,0.0,0.0,-0.0,0.0,0.0,0.0,1.39,1.79,1.91,1.84
3152,52.5333,2.0,32.19,-0.033,1.0422,6.6,-0.62,0.62,1.814,0.0,0.0,-0.0,0.0,0.0,0.0,1.4,2.06,2.03,1.77
3153,52.55,2.0,32.195,-0.033,1.0431,6.61,-0.57,0.63,1.829,0.0,0.0,-0.0,0.0,0.0,0.0,2.19,1.56,1.99,1.58
3154,52.5667,2.0,32.199,-0.034,1.0438,6.63,-0.5,0.64,1.865,0.0,0.0,-0.0,0.0,0.0,0.0,1.8,2.01,1.99,1.65
3155,52.5833,2.0,32.203,-0.034,1.0445,6.63,-0.46,0.65,0.951,0.0,0.0,-0.0,0.0,0.0,0.0,1.48,-1.16,1.97,1.52
3156,52.6,2.0,32.207,-0.034,1.0451,6.65,-0.41,0.65,1.837,0.0,0.0,-0.0,0.0,0.0,0.0,1.57,2.04,2.0,1.74
3157,52.6167,2.0,32.212,-0.034,1.0454,6.67,-0.34,0.66,1.755,0.0,0.0,-0.0,0.0,0.0,0.0,1.55,1.76,1.99,1.72
3158,52.6333,2.0,32.217,-0.034,1.0458,6.7,-0.28,0.67,1.881,0.0,0.0,-0.0,0.0,0.0,0.0,1.68,2.01,1.97,1.86
3159,52.65,2.0,32.222,-0.034,1.0459,6.71,-0.22,0.67,2.54,0.0,0.0,-0.0,0.0,0.0,0.0,3.0,1.99,1.98,3.19
3160,52.6667,2.0,32.226,-0.034,1.0464,6.73,-0.19,0.67,1.939,0.0,0.0,-0.0,0.0,0.0,0.0,2.01,1.91,1.83,2.01
3161,52.6833,2.0,32.231,-0.034,1.0465,6.76,-0.16,0.68,1.927,0.0,0.0,-0.0,0.0,0.0,0.0,2.0,1.97,1.8,1.94
3162,52.7,2.0,32.236,-0.034,1.0465,6.74,-0.11,0.68,1.757,0.0,0.0,-0.0,0.0,0.0,0.0,2.01,1.66,1.75,1.6
3163,52.7167,2.0,32.241,-0.034,1.0463,6.7,-0.02,0.7,1.906,0.0,0.0,-0.0,0.0,0.0,0.0,2.0,1.91,1.83,1.89
3164,52.7333,2.0,32.246,-0.034,1.0461,6.66,0.06,0.7,1.957,0.0,0.0,-0.0,0.0,0.0,0.0,1.98,1.96,1.92,1.96
3165,52.75,2.0,32.252,-0.033,1.0457,6.63,0.13,0.69,2.313,0.0,0.0,-0.0,0.0,0.0,0.0,3.03,1.29,2.54,2.4
3166,52.7667,2.0,32.256,-0.033,1.0461,6.62,0.11,0.7,1.874,0.0,0.0,-0.0,0.0,0.0,0.0,1.65,1.93,2.0,1.91
3167,52.7833,2.0,32.261,-0.033,1.0462,6.6,0.09,0.69,2.038,0.0,0.0,-0.0,0.0,0.0,0.0,2.39,2.0,1.86,1.9
3168,52.8,2.0,32.265,-0.033,1.0462,6.56,0.05,0.69,1.942,0.0,0.0,-0.0,0.0,0.0,0.0,1.92,2.01,2.01,1.83
3169,52.8167,2.0,32.27,-0.033,1.0461,6.59,0.06,0.7,1.699,0.0,0.0,-0.0,0.0,0.0,0.0,1.85,1.21,2.01,1.72
3170,52.8333,2.0,32.274,-0.033,1.0458,6.66,0.12,0.7,1.486,0.0,0.0,-0.0,0.0,0.0,0.0,1.9,1.8,0.16,2.08
3171,52.85,2.0,32.279,-0.034,1.0462,6.72,0.08,0.69,1.965,0.0,0.0,-0.0,0.0,0.0,0.0,1.99,1.81,2.05,2.0
3172,52.8667,2.0,32.284,-0.034,1.0463,6.8,0.04,0.68,2.02,0.0,0.0,-0.0,0.0,0.0,0.0,2.01,2.04,2.0,2.04
3173,52.8833,2.0,32.288,-0.035,1.0465,6.89,-0.02,0.68,2.021,0.0,0.0,-0.0,0.0,0.0,0.0,2.0,2.12,1.95,2.01
3174,52.9,2.0,32.293,-0.035,1.0462,6.91,-0.01,0.67,1.704,0.0,0.0,-0.0,0.0,0.0,0.0,2.03,1.44,1.71,1.63
3175,52.9167,2.0,32.297,-0.034,1.046,6.83,0.07,0.68,1.723,0.0,0.0,-0.0,0.0,0.0,0.0,2.0,1.76,1.61,1.52
3176,52.9333,2.0,32.302,-0.034,1.0455,6.73,0.14,0.69,1.836,0.0,0.0,-0.0,0.0,0.0,0.0,2.02,1.83,1.54,1.96
3177,52.95,2.0,32.308,-0.033,1.0449,6.66,0.23,0.7,1.959,0.0,0.0,-0.0,0.0,0.0,0.0,1.99,1.94,1.87,2.03
3178,52.9667,2.0,32.313,-0.032,1.044,6.55,0.32,0.71,2.005,0.0,0.0,-0.0,0.0,0.0,0.0,2.0,2.06,1.91,2.05
3179,52.9833,2.0,32.318,-0.031,1.0446,6.4,0.27,0.72,2.003,0.0,0.0,-0.0,0.0,0.0,0.0,2.0,2.06,1.99,1.96
3180,53.0,2.0,32.323,-0.03,1.0442,6.28,0.25,0.71,1.972,0.0,0.0,-0.0,0.0,0.0,0.0,2.0,2.05,1.79,2.05
3181,53.0167,2.0,32.328,-0.03,1.0456,6.25,0.41,0.72,2.014,0.0,0.0,-0.0,0.0,0.0,0.0,1.98,1.97,2.09,2.01
3182,53.0333,2.0,32.333,-0.029,1.0461,6.19,0.48,0.73,1.902,0.0,0.0,-0.0,0.0,0.0,0.0,2.0,1.75,1.86,2.0
3183,53.05,2.0,32.338,-0.029,1.0463,6.16,0.54,0.73,1.916,0.0,0.0,-0.0,0.0,0.0,0.0,1.85,1.94,1.87,2.0
3184,53.0667,2.0,32.343,-0.029,1.0466,6.16,0.57,0.74,2.007,0.0,0.0,-0.0,0.0,0.0,0.0,2.14,1.99,1.9,2.0
3185,53.0833,2.0,32.348,-0.029,1.0465,6.16,0.59,0.74,1.987,0.0,0.0,-0.0,0.0,0.0,0.0,1.96,2.02,1.97,2.0
3186,53.1,2.0,32.353,-0.029,1.0465,6.19,0.6,0.74,2.016,0.0,0.0,-0.0,0.0,0.0,0.0,2.01,2.07,1.98,2.0
3187,53.1167,2.0,32.358,-0.029,1.046,6.22,0.6,0.74,2.053,0.0,0.0,-0.0,0.0,0.0,0.0,1.99,2.15,2.08,2.0
3188,53.1333,2.0,32.363,-0.029,1.0456,6.27,0.59,0.73,2.078,0.0,0.0,-0.0,0.0,0.0,0.0,1.98,2.2,2.13,2.0
3189,53.15,2.0,32.368,-0.03,1.0447,6.34,0.57,0.73,2.116,0.0,0.0,-0.0,0.0,0.0,0.0,2.0,2.25,2.22,2.0
3190,53.1667,2.0,32.374,-0.03,1.044,6.41,0.54,0.72,2.147,0.0,0.0,-0.0,0.0,0.0,0.0,1.99,2.33,2.28,2.0
3191,53.1833,2.0,32.378,-0.03,1.0448,6.37,0.32,0.72,1.907,0.0,0.0,-0.0,0.0,0.0,0.0,1.95,1.95,1.86,1.86
3192,53.2,2.0,32.382,-0.03,1.0447,6.38,0.23,0.7,2.05,0.0,0.0,-0.0,0.0,0.0,0.0,2.0,2.09,2.11,2.0
3193,53.2167,2.0,32.387,-0.03,1.046,6.46,0.27,0.69,1.956,0.0,0.0,-0.0,0.0,0.0,0.0,1.99,1.87,1.86,2.11
3194,53.2333,2.0,32.391,-0.031,1.0463,6.54,0.23,0.68,1.884,0.0,0.0,-0.0,0.0,0.0,0.0,2.0,1.68,1.86,2.0
3195,53.25,2.0,32.395,-0.031,1.0466,6.62,0.17,0.68,1.951,0.0,0.0,-0.0,0.0,0.0,0.0,2.0,1.94,1.88,1.99
3196,53.2667,2.0,32.4,-0.032,1.0468,6.74,0.11,0.67,2.0,0.0,0.0,-0.0,0.0,0.0,0.0,2.0,2.04,1.96,2.01
3197,53.2833,2.0,32.404,-0.033,1.0467,6.86,0.01,0.66,1.972,0.0,0.0,-0.0,0.0,0.0,0.0,2.0,2.01,1.93,1.95
3198,53.3,2.0,32.408,-0.034,1.0466,7.01,-0.08,0.65,2.03,0.0,0.0,-0.0,0.0,0.0,0.0,2.0,2.04,2.05,2.03
3199,53.3167,2.0,32.413,-0.033,1.0466,6.93,0.04,0.65,1.775,0.0,0.0,-0.0,0.0,0.0,0.0,2.0,1.95,1.6,1.55
3200,53.3333,2.0,32.418,-0.032,1.0457,6.77,0.14,0.68,1.757,0.0,0.0,-0.0,0.0,0.0,0.0,2.04,1.66,2.06,1.26
3201,53.35,2.0,32.423,-0.031,1.0452,6.7,0.21,0.68,1.983,0.0,0.0,-0.0,0.0,0.0,0.0,2.0,1.9,2.03,2.01
3202,53.3667,2.0,32.429,-0.03,1.0441,6.58,0.33,0.69,2.007,0.0,0.0,-0.0,0.0,0.0,0.0,2.0,2.09,1.85,2.09
3203,53.3833,2.0,32.434,-0.029,1.0448,6.42,0.25,0.7,1.984,0.0,0.0,-0.0,0.0,0.0,0.0,2.0,2.01,1.97,1.96
3204,53.4,2.0,32.439,-0.029,1.0453,6.31,0.35,0.7,1.777,0.0,0.0,-0.0,0.0,0.0,0.0,1.99,1.58,1.56,1.98
3205,53.4167,2.0,32.443,-0.028,1.0459,6.23,0.42,0.71,1.791,0.0,0.0,-0.0,0.0,0.0,0.0,1.96,1.54,1.67,2.0
3206,53.4333,2.0,32.448,-0.028,1.0462,6.19,0.5,0.71,1.868,0.0,0.0,-0.0,0.0,0.0,0.0,1.97,1.75,1.75,2.01
3207,53.45,2.0,32.453,-0.027,1.0465,6.17,0.53,0.7,2.009,0.0,0.0,-0.0,0.0,0.0,0.0,1.97,2.38,1.68,1.99
3208,53.4667,2.0,32.458,-0.027,1.0466,6.17,0.58,0.71,1.986,0.0,0.0,-0.0,0.0,0.0,0.0,1.96,2.09,1.9,2.0
3209,53.4833,2.0,32.463,-0.027,1.0466,6.17,0.58,0.71,1.972,0.0,0.0,-0.0,0.0,0.0,0.0,1.94,2.04,1.91,1.99
3210,53.5,2.0,32.468,-0.027,1.0463,6.2,0.6,0.71,2.047,0.0,0.0,-0.0,0.0,0.0,0.0,2.04,2.14,2.02,2.0
3211,53.5167,2.0,32.473,-0.028,1.0459,6.23,0.58,0.71,2.017,0.0,0.0,-0.0,0.0,0.0,0.0,1.89,2.14,2.05,2.0
3212,53.5333,2.0,32.478,-0.028,1.0454,6.29,0.59,0.71,2.11,0.0,0.0,-0.0,0.0,0.0,0.0,2.0,2.27,2.17,2.0
3213,53.55,2.0,32.484,-0.028,1.0446,6.35,0.54,0.7,2.119,0.0,0.0,-0.0,0.0,0.0,0.0,1.99,2.28,2.21,2.0
3214,53.5667,2.0,32.489,-0.029,1.0436,6.43,0.53,0.7,2.174,0.0,0.0,-0.0,0.0,0.0,0.0,2.0,2.39,2.31,2.0
3215,53.5833,2.0,32.493,-0.028,1.0453,6.42,0.39,0.7,1.81,0.0,0.0,-0.0,0.0,0.0,0.0,1.95,1.75,1.62,1.92
3216,53.6,2.0,32.497,-0.029,1.0458,6.46,0.36,0.69,1.898,0.0,0.0,-0.0,0.0,0.0,0.0,2.01,1.78,1.79,2.01
3217,53.6167,2.0,32.501,-0.029,1.0462,6.52,0.29,0.67,1.948,0.0,0.0,-0.0,0.0,0.0,0.0,2.0,2.05,1.74,2.0
3218,53.6333,2.0,32.505,-0.03,1.0464,6.6,0.23,0.67,1.937,0.0,0.0,-0.0,0.0,0.0,0.0,2.0,1.88,1.88,1.99
3219,53.65,2.0,32.51,-0.03,1.0466,6.7,0.14,0.66,1.959,0.0,0.0,-0.0,0.0,0.0,0.0,2.03,1.94,1.91,1.95
3220,53.6667,2.0,32.514,-0.031,1.0465,6.82,0.05,0.65,1.997,0.0,0.0,-0.0,0.0,0.0,0.0,2.0,2.0,1.98,2.01
3221,53.6833,2.0,32.518,-0.032,1.0464,6.92,-0.04,0.64,1.865,0.0,0.0,-0.0,0.0,0.0,0.0,2.01,1.88,1.9,1.68
3222,53.7,2.0,32.523,-0.032,1.0459,6.96,-0.07,0.64,2.023,0.0,0.0,-0.0,0.0,0.0,0.0,2.0,1.94,2.04,2.12
3223,53.7167,2.0,32.527,-0.031,1.0458,6.8,0.08,0.64,1.865,0.0,0.0,-0.0,0.0,0.0,0.0,2.0,2.01,1.74,1.71
3224,53.7333,2.0,32.533,-0.029,1.0447,6.63,0.19,0.66,1.94,0.0,0.0,-0.0,0.0,0.0,0.0,1.96,1.82,2.01,1.97
3225,53.75,2.0,32.538,-0.029,1.0444,6.55,0.29,0.7,1.788,0.0,0.0,-0.0,0.0,0.0,0.0,2.07,2.24,0.94,1.91
3226,53.7667,2.0,32.543,-0.028,1.0451,6.48,0.33,0.7,1.942,0.0,0.0,-0.0,0.0,0.0,0.0,1.96,2.07,1.75,1.99
3227,53.7833,2.0,32.548,-0.028,1.0457,6.42,0.38,0.7,1.941,0.0,0.0,-0.0,0.0,0.0,0.0,2.0,2.13,1.65,1.99
3228,53.8,2.0,32.553,-0.027,1.0461,6.39,0.4,0.69,1.892,0.0,0.0,-0.0,0.0,0.0,0.0,1.98,2.01,1.59,1.98
3229,53.8167,2.0,32.557,-0.027,1.0465,6.35,0.41,0.68,1.941,0.0,0.0,-0.0,0.0,0.0,0.0,2.0,2.05,1.72,1.99
3230,53.8333,2.0,32.562,-0.027,1.0466,6.35,0.43,0.68,1.942,0.0,0.0,-0.0,0.0,0.0,0.0,2.0,1.94,1.83,2.0
3231,53.85,2.0,32.566,-0.027,1.0468,6.35,0.42,0.68,1.971,0.0,0.0,-0.0,0.0,0.0,0.0,2.0,1.98,1.91,2.0
3232,53.8667,2.0,32.571,-0.027,1.0466,6.38,0.39,0.67,2.003,0.0,0.0,-0.0,0.0,0.0,0.0,2.0,2.04,1.98,2.0
3233,53.8833,2.0,32.576,-0.027,1.0464,6.42,0.35,0.67,2.039,0.0,0.0,-0.0,0.0,0.0,0.0,2.0,2.12,2.03,2.0
3234,53.9,2.0,32.581,-0.028,1.0458,6.48,0.3,0.66,2.095,0.0,0.0,-0.0,0.0,0.0,0.0,2.0,2.22,2.16,2.0
3235,53.9167,2.0,32.586,-0.028,1.0454,6.55,0.23,0.65,2.114,0.0,0.0,-0.0,0.0,0.0,0.0,2.0,2.27,2.19,2.0
3236,53.9333,2.0,32.59,-0.028,1.0444,6.57,0.22,0.65,1.764,0.0,0.0,-0.0,0.0,0.0,0.0,2.01,1.78,1.76,1.5
3237,53.95,2.0,32.596,-0.027,1.0436,6.47,0.3,0.66,1.962,0.0,0.0,-0.0,0.0,0.0,0.0,2.0,1.98,1.84,2.03
3238,53.9667,2.0,32.601,-0.027,1.0445,6.42,0.42,0.66,1.872,0.0,0.0,-0.0,0.0,0.0,0.0,1.95,1.82,1.71,2.01
3239,53.9833,2.0,32.605,-0.026,1.0454,6.34,0.45,0.67,1.828,0.0,0.0,-0.0,0.0,0.0,0.0,1.96,1.68,1.67,2.0
3240,54.0,2.0,32.61,-0.026,1.0459,6.3,0.48,0.67,1.539,0.0,0.0,-0.0,0.0,0.0,0.0,1.5,2.11,0.59,1.96
3241,54.0167,2.0,32.615,-0.026,1.0464,6.25,0.5,0.67,1.913,0.0,0.0,-0.0,0.0,0.0,0.0,2.0,1.88,1.78,2.0
3242,54.0333,2.0,32.619,-0.026,1.0466,6.23,0.53,0.67,1.95,0.0,0.0,-0.0,0.0,0.0,0.0,2.02,1.92,1.85,2.0
3243,54.05,2.0,32.624,-0.026,1.0467,6.22,0.52,0.67,1.954,0.0,0.0,-0.0,0.0,0.0,0.0,1.99,1.92,1.9,2.0
3244,54.0667,2.0,32.629,-0.026,1.0467,6.24,0.51,0.66,2.001,0.0,0.0,-0.0,0.0,0.0,0.0,2.0,2.02,1.98,2.0
3245,54.0833,2.0,32.633,-0.026,1.0465,6.27,0.47,0.66,2.021,0.0,0.0,-0.0,0.0,0.0,0.0,2.0,2.07,2.02,2.0
3246,54.1,2.0,32.638,-0.026,1.0461,6.32,0.44,0.65,2.071,0.0,0.0,-0.0,0.0,0.0,0.0,2.0,2.17,2.12,2.0
3247,54.1167,2.0,32.643,-0.026,1.0456,6.37,0.37,0.65,2.09,0.0,0.0,-0.0,0.0,0.0,0.0,2.0,2.21,2.15,2.0
3248,54.1333,2.0,32.648,-0.027,1.0448,6.45,0.33,0.64,2.134,0.0,0.0,-0.0,0.0,0.0,0.0,2.0,2.29,2.25,2.0
3249,54.15,2.0,32.653,-0.027,1.0439,6.52,0.24,0.63,2.128,0.0,0.0,-0.0,0.0,0.0,0.0,2.0,2.26,2.28,1.98
3250,54.1667,2.0,32.658,-0.026,1.0439,6.44,0.19,0.63,1.931,0.0,0.0,-0.0,0.0,0.0,0.0,2.0,1.97,1.75,2.0
3251,54.1833,2.0,32.662,-0.026,1.0447,6.38,0.29,0.63,1.843,0.0,0.0,-0.0,0.0,0.0,0.0,2.13,1.54,1.62,2.09
3252,54.2,2.0,32.666,-0.026,1.0453,6.35,0.34,0.64,1.943,0.0,0.0,-0.0,0.0,0.0,0.0,1.93,1.63,2.17,2.04
3253,54.2167,2.0,32.671,-0.026,1.0458,6.34,0.36,0.64,1.818,0.0,0.0,-0.0,0.0,0.0,0.0,2.06,1.47,1.74,2.0
3254,54.2333,2.0,32.675,-0.026,1.0463,6.35,0.37,0.63,2.026,0.0,0.0,-0.0,0.0,0.0,0.0,2.01,2.32,1.76,2.01
3255,54.25,2.0,32.68,-0.026,1.0466,6.38,0.38,0.63,1.941,0.0,0.0,-0.0,0.0,0.0,0.0,2.0,2.02,1.76,2.0
3256,54.2667,2.0,32.684,-0.026,1.0467,6.42,0.35,0.64,1.945,0.0,0.0,-0.0,0.0,0.0,0.0,2.0,1.95,1.83,2.0
3257,54.2833,2.0,32.689,-0.027,1.0467,6.49,0.33,0.63,1.991,0.0,0.0,-0.0,0.0,0.0,0.0,2.0,2.03,1.93,2.0
3258,54.3,2.0,32.693,-0.027,1.0465,6.57,0.27,0.63,2.005,0.0,0.0,-0.0,0.0,0.0,0.0,2.0,2.05,1.97,2.0
3259,54.3167,2.0,32.698,-0.028,1.0462,6.68,0.22,0.62,2.068,0.0,0.0,-0.0,0.0,0.0,0.0,2.0,2.16,2.11,2.0
3260,54.3333,2.0,32.703,-0.028,1.0456,6.72,0.2,0.63,2.005,0.0,0.0,-0.0,0.0,0.0,0.0,2.02,1.79,1.84,2.36
3261,54.35,2.0,32.708,-0.028,1.045,6.67,0.29,0.64,1.806,0.0,0.0,-0.0,0.0,0.0,0.0,2.0,1.78,1.67,1.77
3262,54.3667,2.0,32.713,-0.027,1.0441,6.57,0.37,0.65,1.879,0.0,0.0,-0.0,0.0,0.0,0.0,2.01,1.99,1.66,1.85
3263,54.3833,2.0,32.718,-0.026,1.0447,6.45,0.3,0.65,1.998,0.0,0.0,-0.0,0.0,0.0,0.0,1.99,2.0,2.0,2.01
3264,54.4,2.0,32.723,-0.025,1.0444,6.34,0.27,0.65,1.879,0.0,0.0,-0.0,0.0,0.0,0.0,1.99,2.12,1.84,1.56
3265,54.4167,2.0,32.728,-0.025,1.0456,6.32,0.39,0.65,2.038,0.0,0.0,-0.0,0.0,0.0,0.0,2.1,1.72,2.3,2.03
3266,54.4333,2.0,32.732,-0.025,1.046,6.28,0.43,0.65,1.892,0.0,0.0,-0.0,0.0,0.0,0.0,2.01,1.66,1.9,2.0
3267,54.45,2.0,32.737,-0.025,1.0462,6.26,0.46,0.65,1.966,0.0,0.0,-0.0,0.0,0.0,0.0,2.05,1.93,1.89,2.0
3268,54.4667,2.0,32.742,-0.024,1.0465,6.26,0.47,0.65,1.971,0.0,0.0,-0.0,0.0,0.0,0.0,2.0,1.97,1.92,2.0
3269,54.4833,2.0,32.747,-0.024,1.0463,6.28,0.47,0.65,1.985,0.0,0.0,-0.0,0.0,0.0,0.0,2.0,1.99,1.95,2.0
3270,54.5,2.0,32.752,-0.025,1.0462,6.3,0.46,0.65,2.034,0.0,0.0,-0.0,0.0,0.0,0.0,2.0,2.11,2.03,2.0
3271,54.5167,2.0,32.757,-0.025,1.0457,6.35,0.43,0.64,2.061,0.0,0.0,-0.0,0.0,0.0,0.0,2.0,2.15,2.09,2.0
3272,54.5333,2.0,32.762,-0.025,1.0453,6.4,0.4,0.64,2.094,0.0,0.0,-0.0,0.0,0.0,0.0,2.0,2.21,2.17,2.0
3273,54.55,2.0,32.767,-0.025,1.0443,6.46,0.36,0.63,2.124,0.0,0.0,-0.0,0.0,0.0,0.0,2.0,2.26,2.24,2.0
3274,54.5667,2.0,32.772,-0.026,1.0436,6.5,0.34,0.63,1.687,0.0,0.0,-0.0,0.0,0.0,0.0,2.01,1.36,1.29,2.09
3275,54.5833,2.0,32.777,-0.025,1.0428,6.38,0.37,0.63,2.196,0.0,0.0,-0.0,0.0,0.0,0.0,1.96,2.13,2.61,2.09
3276,54.6,2.0,32.782,-0.025,1.0436,6.39,0.55,0.64,2.216,0.0,0.0,-0.0,0.0,0.0,0.0,2.02,2.05,3.14,1.66
3277,54.6167,2.0,32.787,-0.025,1.0435,6.39,0.65,0.65,2.006,0.0,0.0,-0.0,0.0,0.0,0.0,2.0,2.11,1.91,2.0
3278,54.6333,2.0,32.793,-0.025,1.0432,6.41,0.74,0.66,2.034,0.0,0.0,-0.0,0.0,0.0,0.0,2.06,2.02,2.05,2.0
3279,54.65,2.0,32.798,-0.025,1.0428,6.46,0.83,0.67,2.048,0.0,0.0,-0.0,0.0,0.0,0.0,2.0,2.08,2.11,2.0
3280,54.6667,2.0,32.804,-0.025,1.0421,6.51,0.9,0.67,2.09,0.0,0.0,-0.0,0.0,0.0,0.0,2.0,2.18,2.18,2.0
3281,54.6833,2.0,32.81,-0.025,1.0413,6.57,0.98,0.68,2.126,0.0,0.0,-0.0,0.0,0.0,0.0,2.0,2.23,2.27,2.0
3282,54.7,2.0,32.816,-0.026,1.04,6.64,1.03,0.68,2.161,0.0,0.0,-0.0,0.0,0.0,0.0,2.0,2.32,2.33,2.0
3283,54.7167,2.0,32.821,-0.026,1.0387,6.73,1.1,0.68,2.495,0.0,0.0,-0.0,0.0,0.0,0.0,1.92,2.08,2.19,3.78
3284,54.7333,2.0,32.827,-0.025,1.0371,6.64,1.29,0.72,1.957,0.0,0.0,-0.0,0.0,0.0,0.0,2.0,1.82,2.21,1.79
3285,54.75,2.0,32.834,-0.025,1.0352,6.58,1.49,0.74,2.095,0.0,0.0,-0.0,0.0,0.0,0.0,2.0,2.03,2.38,1.97
3286,54.7667,2.0,32.84,-0.024,1.0329,6.47,1.71,0.76,2.227,0.0,0.0,-0.0,0.0,0.0,0.0,2.02,2.23,2.55,2.1
3287,54.7833,2.0,32.847,-0.023,1.032,6.48,2.04,0.78,1.924,0.0,0.0,-0.0,0.0,0.0,0.0,2.24,2.06,2.09,1.31
3288,54.8,2.0,32.853,-0.023,1.0321,6.39,2.19,0.78,2.1,0.0,0.0,-0.0,0.0,0.0,0.0,1.99,2.08,2.33,2.0
3289,54.8167,2.0,32.859,-0.022,1.0323,6.26,2.3,0.8,2.134,0.0,0.0,-0.0,0.0,0.0,0.0,2.0,2.38,2.16,2.0
3290,54.8333,2.0,32.865,-0.021,1.0323,6.16,2.44,0.82,2.055,0.0,0.0,-0.0,0.0,0.0,0.0,2.0,2.16,2.06,2.0
3291,54.85,2.0,32.871,-0.02,1.0321,6.04,2.53,0.83,2.014,0.0,0.0,-0.0,0.0,0.0,0.0,2.0,2.07,1.99,2.0
3292,54.8667,2.0,32.876,-0.02,1.0317,5.96,2.65,0.83,2.066,0.0,0.0,-0.0,0.0,0.0,0.0,2.0,2.16,2.11,2.0
3293,54.8833,2.0,32.882,-0.019,1.0311,5.86,2.73,0.84,2.071,0.0,0.0,-0.0,0.0,0.0,0.0,2.0,2.16,2.13,2.0
3294,54.9,2.0,32.888,-0.018,1.0303,5.79,2.84,0.85,2.115,0.0,0.0,-0.0,0.0,0.0,0.0,2.0,2.26,2.2,2.0
3295,54.9167,2.0,32.894,-0.017,1.0304,5.65,2.81,0.85,2.065,0.0,0.0,-0.0,0.0,0.0,0.0,2.0,2.2,2.05,2.0
3296,54.9333,2.0,32.899,-0.016,1.0303,5.52,2.83,0.85,2.021,0.0,0.0,-0.0,0.0,0.0,0.0,2.0,2.15,1.94,2.0
3297,54.95,2.0,32.904,-0.015,1.0298,5.37,2.82,0.84,2.032,0.0,0.0,-0.0,0.0,0.0,0.0,2.33,1.88,1.93,1.99
3298,54.9667,2.0,32.909,-0.015,1.0312,5.34,3.01,0.84,1.936,0.0,0.0,-0.0,0.0,0.0,0.0,1.66,2.14,1.95,2.0
3299,54.9833,2.0,32.914,-0.015,1.0316,5.34,3.04,0.84,2.007,0.0,0.0,-0.0,0.0,0.0,0.0,2.01,2.06,1.96,1.99
3300,55.0,2.0,32.919,-0.015,1.0318,5.35,3.06,0.83,2.006,0.0,0.0,-0.0,0.0,0.0,0.0,2.01,2.06,1.96,2.0
3301,55.0167,2.0,32.924,-0.015,1.0318,5.36,3.09,0.83,1.996,0.0,0.0,-0.0,0.0,0.0,0.0,1.99,2.04,1.95,2.0
3302,55.0333,2.0,32.929,-0.015,1.0317,5.37,3.1,0.82,2.009,0.0,0.0,-0.0,0.0,0.0,0.0,1.98,2.04,2.01,2.0
3303,55.05,2.0,32.934,-0.015,1.0314,5.4,3.12,0.81,2.026,0.0,0.0,-0.0,0.0,0.0,0.0,1.99,2.15,1.97,2.0
3304,55.0667,2.0,32.94,-0.016,1.0309,5.42,3.13,0.8,1.949,0.0,0.0,-0.0,0.0,0.0,0.0,1.99,1.84,1.98,1.99
3305,55.0833,2.0,32.945,-0.016,1.0302,5.45,3.13,0.8,2.048,0.0,0.0,-0.0,0.0,0.0,0.0,1.86,2.56,1.78,1.99
3306,55.1,2.0,32.95,-0.016,1.03,5.45,3.09,0.8,1.948,0.0,0.0,-0.0,0.0,0.0,0.0,1.93,2.56,1.34,1.96
3307,55.1167,2.0,32.954,-0.015,1.0301,5.41,3.04,0.81,1.946,0.0,0.0,-0.0,0.0,0.0,0.0,1.84,2.52,1.44,1.98
3308,55.1333,2.0,32.958,-0.015,1.0306,5.4,3.05,0.8,1.684,0.0,0.0,-0.0,0.0,0.0,0.0,1.96,1.64,1.15,1.99
3309,55.15,2.0,32.962,-0.015,1.031,5.4,3.05,0.79,1.851,0.0,0.0,-0.0,0.0,0.0,0.0,1.97,1.77,1.66,2.0
3310,55.1667,2.0,32.966,-0.015,1.0314,5.42,3.04,0.78,1.956,0.0,0.0,-0.0,0.0,0.0,0.0,2.0,2.17,1.67,1.99
3311,55.1833,2.0,32.971,-0.016,1.0316,5.45,3.01,0.77,1.923,0.0,0.0,-0.0,0.0,0.0,0.0,2.0,1.88,1.81,2.0
3312,55.2,2.0,32.975,-0.016,1.0317,5.49,2.98,0.76,1.941,0.0,0.0,-0.0,0.0,0.0,0.0,2.0,1.92,1.86,1.99
3313,55.2167,2.0,32.98,-0.016,1.0317,5.55,2.93,0.75,2.007,0.0,0.0,-0.0,0.0,0.0,0.0,1.99,1.96,2.07,2.0
3314,55.2333,2.0,32.984,-0.017,1.0315,5.61,2.88,0.75,1.987,0.0,0.0,-0.0,0.0,0.0,0.0,2.01,2.08,1.84,2.01
3315,55.25,2.0,32.989,-0.017,1.0311,5.69,2.82,0.74,2.041,0.0,0.0,-0.0,0.0,0.0,0.0,1.99,2.12,2.07,1.98
3316,55.2667,2.0,32.994,-0.018,1.0305,5.77,2.75,0.72,1.936,0.0,0.0,-0.0,0.0,0.0,0.0,1.98,1.84,1.89,2.03
3317,55.2833,2.0,32.999,-0.018,1.0298,5.86,2.68,0.71,2.012,0.0,0.0,-0.0,0.0,0.0,0.0,1.92,2.38,1.83,1.92
3318,55.3,2.0,33.003,-0.019,1.0302,5.93,2.6,0.71,1.742,0.0,0.0,-0.0,0.0,0.0,0.0,1.98,1.45,1.56,1.98
3319,55.3167,2.0,33.007,-0.019,1.0308,5.97,2.56,0.68,1.914,0.0,0.0,-0.0,0.0,0.0,0.0,1.97,2.03,1.69,1.97
3320,55.3333,2.0,33.01,-0.02,1.0313,6.05,2.5,0.66,1.913,0.0,0.0,-0.0,0.0,0.0,0.0,2.01,2.1,1.53,2.01
3321,55.35,2.0,33.014,-0.02,1.0318,6.14,2.43,0.63,1.884,0.0,0.0,-0.0,0.0,0.0,0.0,1.98,1.9,1.68,1.98
3322,55.3667,2.0,33.018,-0.021,1.0321,6.24,2.34,0.61,1.904,0.0,0.0,-0.0,0.0,0.0,0.0,2.0,1.91,1.71,2.0
3323,55.3833,2.0,33.022,-0.022,1.0323,6.36,2.25,0.59,1.881,0.0,0.0,-0.0,0.0,0.0,0.0,2.0,1.86,1.67,2.0
3324,55.4,2.0,33.025,-0.023,1.0325,6.49,2.15,0.58,1.939,0.0,0.0,-0.0,0.0,0.0,0.0,1.99,1.92,1.85,2.0
3325,55.4167,2.0,33.029,-0.024,1.0324,6.64,2.03,0.56,1.979,0.0,0.0,-0.0,0.0,0.0,0.0,2.0,1.96,1.96,2.0
3326,55.4333,2.0,33.033,-0.025,1.0323,6.8,1.89,0.54,2.007,0.0,0.0,-0.0,0.0,0.0,0.0,2.0,2.01,2.03,2.0
3327,55.45,2.0,33.038,-0.025,1.0319,6.89,1.81,0.54,1.882,0.0,0.0,-0.0,0.0,0.0,0.0,1.98,2.11,1.92,1.52
3328,55.4667,2.0,33.042,-0.024,1.0315,6.77,1.91,0.55,1.72,0.0,0.0,-0.0,0.0,0.0,0.0,2.0,1.64,1.65,1.59
3329,55.4833,2.0,33.047,-0.024,1.0306,6.66,2.01,0.56,1.868,0.0,0.0,-0.0,0.0,0.0,0.0,2.0,1.89,1.73,1.85
3330,55.5,2.0,33.053,-0.023,1.0299,6.56,2.09,0.57,2.014,0.0,0.0,-0.0,0.0,0.0,0.0,2.0,2.0,1.99,2.07
3331,55.5167,2.0,33.059,-0.022,1.0285,6.41,2.21,0.58,2.044,0.0,0.0,-0.0,0.0,0.0,0.0,2.0,2.23,2.12,1.82
3332,55.5333,2.0,33.064,-0.021,1.0308,6.3,2.3,0.59,1.983,0.0,0.0,-0.0,0.0,0.0,0.0,1.98,2.11,1.87,1.97
3333,55.55,2.0,33.069,-0.02,1.0314,6.19,2.39,0.6,1.827,0.0,0.0,-0.0,0.0,0.0,0.0,2.0,1.71,1.59,2.0
3334,55.5667,2.0,33.074,-0.019,1.0318,6.1,2.46,0.61,2.055,0.0,0.0,-0.0,0.0,0.0,0.0,2.0,2.03,2.26,1.92
3335,55.5833,2.0,33.079,-0.019,1.0322,6.01,2.53,0.61,1.925,0.0,0.0,-0.0,0.0,0.0,0.0,2.0,1.89,1.82,2.0
3336,55.6,2.0,33.084,-0.018,1.0323,5.94,2.6,0.62,1.938,0.0,0.0,-0.0,0.0,0.0,0.0,2.0,1.9,1.85,2.0
3337,55.6167,2.0,33.089,-0.018,1.0323,5.88,2.64,0.62,1.947,0.0,0.0,-0.0,0.0,0.0,0.0,2.0,1.91,1.88,2.0
3338,55.6333,2.0,33.094,-0.018,1.0321,5.85,2.69,0.62,2.007,0.0,0.0,-0.0,0.0,0.0,0.0,2.0,2.04,1.98,2.0
3339,55.65,2.0,33.099,-0.017,1.0317,5.81,2.69,0.62,2.042,0.0,0.0,-0.0,0.0,0.0,0.0,2.0,2.1,2.06,2.0
3340,55.6667,2.0,33.104,-0.017,1.0312,5.8,2.73,0.62,2.09,0.0,0.0,-0.0,0.0,0.0,0.0,2.0,2.2,2.16,2.0
3341,55.6833,2.0,33.11,-0.017,1.0304,5.78,2.72,0.62,2.116,0.0,0.0,-0.0,0.0,0.0,0.0,2.0,2.28,2.18,2.0
3342,55.7,2.0,33.115,-0.017,1.0294,5.77,2.74,0.63,2.091,0.0,0.0,-0.0,0.0,0.0,0.0,2.01,2.19,2.16,2.0
3343,55.7167,2.0,33.12,-0.016,1.0295,5.69,2.65,0.63,2.135,0.0,0.0,-0.0,0.0,0.0,0.0,1.99,2.28,2.25,2.01
3344,55.7333,2.0,33.124,-0.016,1.0301,5.64,2.7,0.64,1.777,0.0,0.0,-0.0,0.0,0.0,0.0,1.97,1.74,1.4,1.99
3345,55.75,2.0,33.129,-0.016,1.0306,5.6,2.75,0.64,1.802,0.0,0.0,-0.0,0.0,0.0,0.0,2.0,1.71,1.5,2.0
3346,55.7667,2.0,33.133,-0.016,1.0311,5.59,2.79,0.63,1.718,0.0,0.0,-0.0,0.0,0.0,0.0,2.0,1.26,1.61,2.0
3347,55.7833,2.0,33.137,-0.016,1.0315,5.59,2.82,0.64,1.895,0.0,0.0,-0.0,0.0,0.0,0.0,2.01,1.85,1.72,2.0
3348,55.8,2.0,33.142,-0.016,1.0318,5.61,2.83,0.64,1.926,0.0,0.0,-0.0,0.0,0.0,0.0,2.01,1.87,1.83,2.0
3349,55.8167,2.0,33.146,-0.016,1.0319,5.65,2.83,0.64,1.943,0.0,0.0,-0.0,0.0,0.0,0.0,2.0,1.88,1.89,2.0
3350,55.8333,2.0,33.151,-0.016,1.0319,5.7,2.82,0.64,1.998,0.0,0.0,-0.0,0.0,0.0,0.0,2.0,2.06,1.93,2.0
3351,55.85,2.0,33.156,-0.017,1.0319,5.76,2.8,0.64,2.008,0.0,0.0,-0.0,0.0,0.0,0.0,2.0,2.0,2.03,2.0
3352,55.8667,2.0,33.161,-0.017,1.0314,5.83,2.76,0.62,2.028,0.0,0.0,-0.0,0.0,0.0,0.0,2.0,2.06,2.05,2.0
3353,55.8833,2.0,33.166,-0.018,1.031,5.91,2.73,0.61,2.041,0.0,0.0,-0.0,0.0,0.0,0.0,2.0,2.08,2.08,2.0
3354,55.9,2.0,33.171,-0.018,1.0303,6.01,2.69,0.6,2.012,0.0,0.0,-0.0,0.0,0.0,0.0,1.99,2.1,1.96,2.0
3355,55.9167,2.0,33.175,-0.019,1.0302,6.05,2.57,0.59,2.022,0.0,0.0,-0.0,0.0,0.0,0.0,2.01,2.01,2.07,2.0
3356,55.9333,2.0,33.179,-0.019,1.0302,6.07,2.46,0.56,2.152,0.0,0.0,-0.0,0.0,0.0,0.0,1.99,2.2,2.43,1.99
3357,55.95,2.0,33.184,-0.019,1.0301,6.1,2.34,0.54,2.053,0.0,0.0,-0.0,0.0,0.0,0.0,2.0,2.15,2.06,2.0
3358,55.9667,2.0,33.188,-0.019,1.0298,6.14,2.2,0.52,2.066,0.0,0.0,-0.0,0.0,0.0,0.0,2.0,2.19,2.08,2.0
3359,55.9833,2.0,33.192,-0.02,1.0294,6.17,2.06,0.49,2.098,0.0,0.0,-0.0,0.0,0.0,0.0,1.99,2.19,2.22,2.0
3360,56.0,2.0,33.196,-0.02,1.0287,6.23,1.92,0.48,2.117,0.0,0.0,-0.0,0.0,0.0,0.0,1.99,2.2,2.28,2.0
3361,56.0167,2.0,33.201,-0.02,1.0279,6.28,1.77,0.46,2.081,0.0,0.0,-0.0,0.0,0.0,0.0,2.0,2.09,2.27,1.97
3362,56.0333,2.0,33.205,-0.021,1.0274,6.33,1.69,0.46,1.824,0.0,0.0,-0.0,0.0,0.0,0.0,1.99,1.91,1.7,1.7
3363,56.05,2.0,33.209,-0.021,1.0273,6.4,1.65,0.45,1.918,0.0,0.0,-0.0,0.0,0.0,0.0,2.0,1.9,1.92,1.85
3364,56.0667,2.0,33.214,-0.02,1.027,6.26,1.81,0.46,1.843,0.0,0.0,-0.0,0.0,0.0,0.0,1.99,2.03,1.65,1.69
3365,56.0833,2.0,33.219,-0.019,1.0262,6.12,1.9,0.46,1.923,0.0,0.0,-0.0,0.0,0.0,0.0,2.01,2.02,1.65,2.01
3366,56.1,2.0,33.225,-0.018,1.0255,6.05,1.98,0.47,2.001,0.0,0.0,-0.0,0.0,0.0,0.0,2.0,2.03,1.88,2.09
3367,56.1167,2.0,33.23,-0.017,1.0256,5.87,1.98,0.48,2.024,0.0,0.0,-0.0,0.0,0.0,0.0,2.01,1.96,2.14,1.99
3368,56.1333,2.0,33.235,-0.016,1.0254,5.73,2.0,0.48,2.002,0.0,0.0,-0.0,0.0,0.0,0.0,1.99,2.19,2.11,1.73
3369,56.15,2.0,33.24,-0.015,1.0264,5.65,2.14,0.48,1.864,0.0,0.0,-0.0,0.0,0.0,0.0,1.98,1.75,1.73,1.99
3370,56.1667,2.0,33.245,-0.015,1.0269,5.57,2.24,0.49,1.931,0.0,0.0,-0.0,0.0,0.0,0.0,2.0,1.68,1.99,2.05
3371,56.1833,2.0,33.25,-0.014,1.0272,5.5,2.31,0.49,1.848,0.0,0.0,-0.0,0.0,0.0,0.0,2.0,1.6,1.79,2.0
3372,56.2,2.0,33.255,-0.014,1.0274,5.45,2.38,0.5,1.939,0.0,0.0,-0.0,0.0,0.0,0.0,2.01,1.9,1.84,2.0
3373,56.2167,2.0,33.26,-0.014,1.0275,5.42,2.43,0.51,1.959,0.0,0.0,-0.0,0.0,0.0,0.0,1.95,1.97,1.91,2.0
3374,56.2333,2.0,33.265,-0.014,1.0274,5.4,2.48,0.51,2.012,0.0,0.0,-0.0,0.0,0.0,0.0,2.02,2.03,1.99,2.0
3375,56.25,2.0,33.27,-0.014,1.0271,5.4,2.51,0.51,2.024,0.0,0.0,-0.0,0.0,0.0,0.0,2.0,2.03,2.06,2.0
3376,56.2667,2.0,33.275,-0.014,1.0267,5.39,2.54,0.52,2.049,0.0,0.0,-0.0,0.0,0.0,0.0,2.0,2.12,2.06,2.01
3377,56.2833,2.0,33.281,-0.014,1.026,5.4,2.56,0.52,2.064,0.0,0.0,-0.0,0.0,0.0,0.0,2.02,2.18,2.06,1.99
3378,56.3,2.0,33.286,-0.014,1.0252,5.41,2.57,0.52,2.151,0.0,0.0,-0.0,0.0,0.0,0.0,2.04,2.09,2.44,2.04
3379,56.3167,2.0,33.291,-0.014,1.0245,5.41,2.56,0.51,1.977,0.0,0.0,-0.0,0.0,0.0,0.0,1.98,1.85,2.11,1.97
3380,56.3333,2.0,33.296,-0.014,1.0241,5.42,2.62,0.51,1.693,0.0,0.0,-0.0,0.0,0.0,0.0,1.94,0.87,1.95,2.01
3381,56.35,2.0,33.301,-0.014,1.0239,5.45,2.7,0.51,1.893,0.0,0.0,-0.0,0.0,0.0,0.0,2.0,1.77,1.82,1.98
3382,56.3667,2.0,33.307,-0.014,1.0236,5.49,2.78,0.52,1.945,0.0,0.0,-0.0,0.0,0.0,0.0,1.93,1.76,2.08,2.0
3383,56.3833,2.0,33.312,-0.014,1.0231,5.55,2.85,0.53,2.011,0.0,0.0,-0.0,0.0,0.0,0.0,2.01,1.89,2.14,2.01
3384,56.4,2.0,33.318,-0.015,1.0225,5.62,2.92,0.54,2.079,0.0,0.0,-0.0,0.0,0.0,0.0,2.0,2.06,2.24,2.0
3385,56.4167,2.0,33.323,-0.015,1.0215,5.7,2.99,0.55,2.112,0.0,0.0,-0.0,0.0,0.0,0.0,2.0,2.13,2.32,2.0
3386,56.4333,2.0,33.329,-0.016,1.0204,5.79,3.05,0.56,2.125,0.0,0.0,-0.0,0.0,0.0,0.0,2.0,2.13,2.37,2.0
3387,56.45,2.0,33.335,-0.016,1.0189,5.89,3.11,0.56,2.21,0.0,0.0,-0.0,0.0,0.0,0.0,2.0,2.42,2.42,2.01
3388,56.4667,2.0,33.341,-0.017,1.0172,5.98,3.18,0.57,2.137,0.0,0.0,-0.0,0.0,0.0,0.0,1.97,2.12,2.47,1.99
3389,56.4833,2.0,33.347,-0.017,1.0152,6.06,3.27,0.58,1.939,0.0,0.0,-0.0,0.0,0.0,0.0,2.03,1.12,2.12,2.49
3390,56.5,2.0,33.353,-0.016,1.0131,5.94,3.5,0.6,2.031,0.0,0.0,-0.0,0.0,0.0,0.0,2.0,1.9,2.33,1.89
3391,56.5167,2.0,33.358,-0.015,1.0129,5.82,3.72,0.6,1.882,0.0,0.0,-0.0,0.0,0.0,0.0,1.97,1.8,1.65,2.11
3392,56.5333,2.0,33.364,-0.015,1.0134,5.66,3.87,0.61,1.92,0.0,0.0,-0.0,0.0,0.0,0.0,2.0,1.96,1.73,2.0
3393,56.55,2.0,33.369,-0.014,1.0136,5.53,4.02,0.63,1.929,0.0,0.0,-0.0,0.0,0.0,0.0,2.0,1.94,1.77,2.0
3394,56.5667,2.0,33.375,-0.013,1.0138,5.41,4.14,0.65,1.972,0.0,0.0,-0.0,0.0,0.0,0.0,2.0,2.02,1.86,2.01
3395,56.5833,2.0,33.38,-0.012,1.0137,5.31,4.26,0.66,2.001,0.0,0.0,-0.0,0.0,0.0,0.0,2.01,2.04,1.95,2.0
3396,56.6,2.0,33.386,-0.012,1.0136,5.22,4.36,0.67,2.017,0.0,0.0,-0.0,0.0,0.0,0.0,1.98,2.07,2.01,2.01
3397,56.6167,2.0,33.391,-0.012,1.0131,5.22,4.41,0.67,2.103,0.0,0.0,-0.0,0.0,0.0,0.0,2.08,2.14,2.19,2.0
3398,56.6333,2.0,33.397,-0.011,1.0127,5.21,4.44,0.67,2.043,0.0,0.0,-0.0,0.0,0.0,0.0,1.98,2.02,2.18,2.0
3399,56.65,2.0,33.402,-0.011,1.0118,5.23,4.47,0.67,2.354,0.0,0.0,-0.0,0.0,0.0,0.0,3.41,1.99,1.95,2.07
3400,56.6667,2.0,33.407,-0.013,1.0111,5.4,4.34,0.65,2.182,0.0,0.0,-0.0,0.0,0.0,0.0,2.43,2.1,2.2,2.0
3401,56.6833,2.0,33.411,-0.013,1.0122,5.48,4.12,0.64,1.83,0.0,0.0,-0.0,0.0,0.0,0.0,1.99,2.0,1.33,2.0
3402,56.7,2.0,33.414,-0.014,1.0127,5.59,4.04,0.62,1.809,0.0,0.0,-0.0,0.0,0.0,0.0,2.0,1.67,1.57,1.99
3403,56.7167,2.0,33.418,-0.015,1.0132,5.71,3.94,0.6,1.8,0.0,0.0,-0.0,0.0,0.0,0.0,2.0,1.5,1.7,2.0
3404,56.7333,2.0,33.422,-0.016,1.0136,5.85,3.82,0.58,1.954,0.0,0.0,-0.0,0.0,0.0,0.0,1.96,2.19,1.7,1.98
3405,56.75,2.0,33.425,-0.017,1.0138,6.0,3.7,0.57,1.908,0.0,0.0,-0.0,0.0,0.0,0.0,2.0,1.85,1.78,2.01
3406,56.7667,2.0,33.429,-0.018,1.014,6.16,3.57,0.55,1.932,0.0,0.0,-0.0,0.0,0.0,0.0,2.0,1.87,1.84,2.02
3407,56.7833,2.0,33.433,-0.019,1.014,6.26,3.48,0.55,1.749,0.0,0.0,-0.0,0.0,0.0,0.0,2.01,1.65,1.8,1.53
3408,56.8,2.0,33.437,-0.019,1.0138,6.29,3.46,0.54,1.927,0.0,0.0,-0.0,0.0,0.0,0.0,2.0,1.85,1.93,1.93
3409,56.8167,2.0,33.442,-0.019,1.0135,6.34,3.42,0.53,1.919,0.0,0.0,-0.0,0.0,0.0,0.0,2.02,1.89,1.91,1.86
3410,56.8333,2.0,33.446,-0.019,1.0129,6.37,3.4,0.52,2.084,0.0,0.0,-0.0,0.0,0.0,0.0,2.01,2.11,2.27,1.94
3411,56.85,2.0,33.451,-0.018,1.0126,6.2,3.59,0.49,2.587,0.0,0.0,-0.0,0.0,0.0,0.0,1.95,1.98,5.01,1.41
3412,56.8667,2.0,33.456,-0.017,1.0116,5.99,3.7,0.49,1.97,0.0,0.0,-0.0,0.0,0.0,0.0,2.05,2.14,2.17,1.52
3413,56.8833,2.0,33.46,-0.016,1.0123,5.89,3.79,0.51,1.779,0.0,0.0,-0.0,0.0,0.0,0.0,1.97,1.57,1.59,1.98
3414,56.9,2.0,33.465,-0.016,1.0129,5.81,3.85,0.52,1.793,0.0,0.0,-0.0,0.0,0.0,0.0,2.02,1.53,1.61,2.02
3415,56.9167,2.0,33.469,-0.015,1.0133,5.75,3.9,0.52,2.007,0.0,0.0,-0.0,0.0,0.0,0.0,1.94,1.76,2.32,2.02
3416,56.9333,2.0,33.474,-0.015,1.0137,5.7,3.94,0.52,1.938,0.0,0.0,-0.0,0.0,0.0,0.0,2.01,2.02,1.71,2.0
3417,56.95,2.0,33.478,-0.015,1.0139,5.66,3.97,0.51,1.901,0.0,0.0,-0.0,0.0,0.0,0.0,2.0,1.82,1.79,2.0
3418,56.9667,2.0,33.483,-0.015,1.0141,5.64,3.99,0.51,1.939,0.0,0.0,-0.0,0.0,0.0,0.0,2.0,1.89,1.87,2.0
3419,56.9833,2.0,33.487,-0.015,1.014,5.63,3.99,0.51,1.963,0.0,0.0,-0.0,0.0,0.0,0.0,2.0,1.96,1.9,2.0
3420,57.0,2.0,33.492,-0.015,1.0138,5.63,3.99,0.5,2.003,0.0,0.0,-0.0,0.0,0.0,0.0,2.0,1.96,2.05,2.0
3421,57.0167,2.0,33.497,-0.015,1.0134,5.63,3.98,0.5,1.987,0.0,0.0,-0.0,0.0,0.0,0.0,2.0,1.96,2.0,2.0
3422,57.0333,2.0,33.502,-0.015,1.013,5.65,3.98,0.48,2.013,0.0,0.0,-0.0,0.0,0.0,0.0,2.0,2.03,2.03,2.0
3423,57.05,2.0,33.507,-0.015,1.0122,5.65,3.96,0.47,2.05,0.0,0.0,-0.0,0.0,0.0,0.0,2.01,2.16,2.04,1.99
3424,57.0667,2.0,33.512,-0.015,1.0113,5.67,3.95,0.45,2.065,0.0,0.0,-0.0,0.0,0.0,0.0,1.96,2.29,2.04,1.96
3425,57.0833,2.0,33.517,-0.015,1.0109,5.65,3.86,0.45,1.927,0.0,0.0,-0.0,0.0,0.0,0.0,1.6,2.04,2.08,1.98
3426,57.1,2.0,33.521,-0.015,1.0123,5.67,3.96,0.44,1.873,0.0,0.0,-0.0,0.0,0.0,0.0,2.0,1.88,1.59,2.02
3427,57.1167,2.0,33.525,-0.015,1.0129,5.68,3.96,0.43,1.812,0.0,0.0,-0.0,0.0,0.0,0.0,1.98,1.69,1.6,1.98
3428,57.1333,2.0,33.529,-0.015,1.0134,5.69,3.95,0.42,1.8,0.0,0.0,-0.0,0.0,0.0,0.0,2.0,1.56,1.64,2.0
3429,57.15,2.0,33.533,-0.015,1.0137,5.71,3.93,0.41,1.824,0.0,0.0,-0.0,0.0,0.0,0.0,2.0,1.53,1.76,2.0
3430,57.1667,2.0,33.537,-0.016,1.014,5.74,3.91,0.41,1.921,0.0,0.0,-0.0,0.0,0.0,0.0,2.0,1.87,1.82,2.0
3431,57.1833,2.0,33.542,-0.016,1.0141,5.78,3.86,0.4,1.92,0.0,0.0,-0.0,0.0,0.0,0.0,2.0,1.89,1.79,2.0
3432,57.2,2.0,33.546,-0.016,1.0141,5.84,3.82,0.39,1.961,0.0,0.0,-0.0,0.0,0.0,0.0,2.0,1.96,1.89,2.0
3433,57.2167,2.0,33.551,-0.017,1.0139,5.91,3.76,0.38,1.988,0.0,0.0,-0.0,0.0,0.0,0.0,2.0,2.0,1.96,2.0
3434,57.2333,2.0,33.555,-0.017,1.0136,5.98,3.7,0.37,2.034,0.0,0.0,-0.0,0.0,0.0,0.0,2.0,2.03,2.11,2.0
3435,57.25,2.0,33.56,-0.018,1.0131,6.05,3.63,0.35,2.024,0.0,0.0,-0.0,0.0,0.0,0.0,1.98,2.08,2.02,2.01
3436,57.2667,2.0,33.564,-0.018,1.0125,6.11,3.59,0.33,1.631,0.0,0.0,-0.0,0.0,0.0,0.0,2.04,1.36,2.01,1.1
3437,57.2833,2.0,33.569,-0.018,1.0115,5.98,3.68,0.33,1.773,0.0,0.0,-0.0,0.0,0.0,0.0,2.01,1.77,1.69,1.62
3438,57.3,2.0,33.574,-0.017,1.0114,5.88,3.66,0.33,2.117,0.0,0.0,-0.0,0.0,0.0,0.0,1.99,2.1,2.26,2.11
3439,57.3167,2.0,33.579,-0.016,1.011,5.75,3.62,0.32,2.042,0.0,0.0,-0.0,0.0,0.0,0.0,1.97,2.06,2.0,2.13
3440,57.3333,2.0,33.583,-0.016,1.0126,5.72,3.82,0.31,1.948,0.0,0.0,-0.0,0.0,0.0,0.0,1.97,1.98,1.9,1.95
3441,57.35,2.0,33.588,-0.015,1.0132,5.67,3.88,0.31,1.853,0.0,0.0,-0.0,0.0,0.0,0.0,2.0,1.68,1.74,2.0
3442,57.3667,2.0,33.593,-0.015,1.0136,5.63,3.94,0.32,1.914,0.0,0.0,-0.0,0.0,0.0,0.0,2.0,1.88,1.78,2.0
3443,57.3833,2.0,33.598,-0.015,1.0139,5.6,3.98,0.32,1.912,0.0,0.0,-0.0,0.0,0.0,0.0,2.0,1.85,1.8,2.0
3444,57.4,2.0,33.603,-0.015,1.0139,5.59,4.02,0.33,1.949,0.0,0.0,-0.0,0.0,0.0,0.0,2.0,1.91,1.88,2.0
3445,57.4167,2.0,33.608,-0.015,1.0139,5.58,4.04,0.33,1.983,0.0,0.0,-0.0,0.0,0.0,0.0,2.0,1.98,1.95,2.0
3446,57.4333,2.0,33.613,-0.015,1.0136,5.59,4.06,0.33,2.014,0.0,0.0,-0.0,0.0,0.0,0.0,2.0,2.03,2.02,2.0
3447,57.45,2.0,33.618,-0.015,1.0133,5.61,4.07,0.33,2.042,0.0,0.0,-0.0,0.0,0.0,0.0,2.0,2.09,2.08,2.0
3448,57.4667,2.0,33.623,-0.015,1.0127,5.63,4.08,0.34,2.083,0.0,0.0,-0.0,0.0,0.0,0.0,2.01,2.18,2.14,2.01
3449,57.4833,2.0,33.629,-0.015,1.012,5.65,4.08,0.34,2.088,0.0,0.0,-0.0,0.0,0.0,0.0,2.0,2.32,2.04,1.99
3450,57.5,2.0,33.634,-0.016,1.0109,5.68,4.09,0.34,2.107,0.0,0.0,-0.0,0.0,0.0,0.0,2.0,2.21,2.22,2.0
3451,57.5167,2.0,33.639,-0.015,1.012,5.59,3.94,0.36,1.796,0.0,0.0,-0.0,0.0,0.0,0.0,1.93,1.63,1.63,2.0
3452,57.5333,2.0,33.643,-0.015,1.0124,5.55,3.97,0.35,1.818,0.0,0.0,-0.0,0.0,0.0,0.0,2.0,1.68,1.6,2.0
3453,57.55,2.0,33.647,-0.015,1.0128,5.54,3.99,0.35,1.815,0.0,0.0,-0.0,0.0,0.0,0.0,2.0,1.59,1.68,2.0
3454,57.5667,2.0,33.651,-0.015,1.013,5.53,3.99,0.34,1.838,0.0,0.0,-0.0,0.0,0.0,0.0,2.0,1.57,1.78,2.0
3455,57.5833,2.0,33.656,-0.015,1.0132,5.54,3.98,0.34,2.005,0.0,0.0,-0.0,0.0,0.0,0.0,1.99,2.29,1.75,1.99
3456,57.6,2.0,33.66,-0.015,1.0132,5.56,3.96,0.33,1.921,0.0,0.0,-0.0,0.0,0.0,0.0,2.0,1.79,1.9,2.0
3457,57.6167,2.0,33.665,-0.015,1.0131,5.59,3.94,0.34,1.961,0.0,0.0,-0.0,0.0,0.0,0.0,2.0,1.83,2.02,2.0
3458,57.6333,2.0,33.67,-0.015,1.0128,5.62,3.91,0.33,1.988,0.0,0.0,-0.0,0.0,0.0,0.0,2.0,1.93,2.03,2.0
3459,57.65,2.0,33.675,-0.016,1.0123,5.66,3.88,0.33,2.017,0.0,0.0,-0.0,0.0,0.0,0.0,1.99,1.98,2.1,1.99
3460,57.6667,2.0,33.68,-0.016,1.0116,5.7,3.84,0.32,2.065,0.0,0.0,-0.0,0.0,0.0,0.0,2.0,2.17,2.09,2.0
3461,57.6833,2.0,33.685,-0.016,1.0107,5.74,3.79,0.31,1.875,0.0,0.0,-0.0,0.0,0.0,0.0,2.0,2.23,1.31,1.96
3462,57.7,2.0,33.689,-0.016,1.0107,5.73,3.68,0.29,2.048,0.0,0.0,-0.0,0.0,0.0,0.0,2.0,2.11,2.08,2.0
3463,57.7167,2.0,33.693,-0.016,1.0104,5.7,3.57,0.28,2.063,0.0,0.0,-0.0,0.0,0.0,0.0,1.99,2.1,2.17,2.0
3464,57.7333,2.0,33.698,-0.016,1.01,5.68,3.47,0.26,1.983,0.0,0.0,-0.0,0.0,0.0,0.0,1.97,2.1,1.9,1.96
3465,57.75,2.0,33.702,-0.016,1.0094,5.66,3.36,0.25,2.05,0.0,0.0,-0.0,0.0,0.0,0.0,2.0,2.11,2.09,2.0
3466,57.7667,2.0,33.707,-0.016,1.0086,5.65,3.24,0.23,2.079,0.0,0.0,-0.0,0.0,0.0,0.0,2.0,2.16,2.16,2.0
3467,57.7833,2.0,33.711,-0.015,1.0076,5.63,3.12,0.21,2.095,0.0,0.0,-0.0,0.0,0.0,0.0,2.0,2.19,2.19,2.0
3468,57.8,2.0,33.716,-0.015,1.0064,5.62,2.99,0.2,2.099,0.0,0.0,-0.0,0.0,0.0,0.0,2.0,2.19,2.21,2.0
3469,57.8167,2.0,33.721,-0.015,1.0049,5.6,2.86,0.18,2.118,0.0,0.0,-0.0,0.0,0.0,0.0,2.0,2.25,2.23,2.0
3470,57.8333,2.0,33.725,-0.015,1.0032,5.58,2.72,0.17,2.144,0.0,0.0,-0.0,0.0,0.0,0.0,2.0,2.32,2.26,2.0
3471,57.85,2.0,33.73,-0.014,1.0012,5.55,2.58,0.15,2.171,0.0,0.0,-0.0,0.0,0.0,0.0,1.99,2.39,2.31,1.99
3472,57.8667,2.0,33.735,-0.014,0.9989,5.5,2.45,0.13,2.217,0.0,0.0,-0.0,0.0,0.0,0.0,1.99,2.53,2.36,1.99
3473,57.8833,2.0,33.74,-0.013,0.9972,5.39,2.24,0.11,2.139,0.0,0.0,-0.0,0.0,0.0,0.0,1.82,2.43,2.31,2.0
3474,57.9,2.0,33.744,-0.012,0.9956,5.29,2.02,0.09,1.959,0.0,0.0,-0.0,0.0,0.0,0.0,1.8,2.6,1.44,1.99
3475,57.9167,2.0,33.747,-0.012,0.9943,5.28,1.78,0.09,1.509,0.0,0.0,-0.0,0.0,0.0,0.0,0.65,3.12,0.81,1.47
3476,57.9333,2.0,33.75,-0.012,0.9946,5.3,1.76,0.08,1.793,0.0,0.0,-0.0,0.0,0.0,0.0,2.08,1.76,1.52,1.8
3477,57.95,2.0,33.754,-0.013,0.995,5.36,1.71,0.08,1.578,0.0,0.0,-0.0,0.0,0.0,0.0,1.98,1.71,1.73,0.9
3478,57.9667,2.0,33.759,-0.013,0.9951,5.37,1.69,0.07,1.786,0.0,0.0,-0.0,0.0,0.0,0.0,2.05,1.96,1.89,1.25
3479,57.9833,2.0,33.763,-0.013,0.9951,5.42,1.65,0.07,1.964,0.0,0.0,-0.0,0.0,0.0,0.0,2.0,1.97,1.95,1.94
3480,58.0,2.0,33.768,-0.014,0.995,5.44,1.62,0.07,2.01,0.0,0.0,-0.0,0.0,0.0,0.0,2.0,2.01,2.01,2.02
3481,58.0167,2.0,33.772,-0.014,0.9947,5.48,1.58,0.06,2.06,0.0,0.0,-0.0,0.0,0.0,0.0,2.0,2.13,2.06,2.05
3482,58.0333,2.0,33.777,-0.014,0.9943,5.53,1.54,0.06,2.067,0.0,0.0,-0.0,0.0,0.0,0.0,2.0,2.16,2.1,2.01
3483,58.05,2.0,33.782,-0.013,0.9936,5.37,1.66,0.06,1.847,0.0,0.0,-0.0,0.0,0.0,0.0,2.0,2.02,1.75,1.62
3484,58.0667,2.0,33.787,-0.012,0.9927,5.24,1.75,0.08,2.012,0.0,0.0,-0.0,0.0,0.0,0.0,2.0,1.93,1.95,2.17
3485,58.0833,2.0,33.793,-0.011,0.9924,5.13,1.92,0.1,1.871,0.0,0.0,-0.0,0.0,0.0,0.0,1.97,1.08,2.05,2.38
3486,58.1,2.0,33.798,-0.011,0.9923,5.1,2.05,0.1,1.983,0.0,0.0,-0.0,0.0,0.0,0.0,1.94,1.99,2.03,1.98
3487,58.1167,2.0,33.804,-0.011,0.992,5.12,2.15,0.12,2.103,0.0,0.0,-0.0,0.0,0.0,0.0,2.04,2.41,1.96,2.0
3488,58.1333,2.0,33.809,-0.011,0.9922,5.11,2.2,0.13,2.342,0.0,0.0,-0.0,0.0,0.0,0.0,1.91,1.86,3.58,2.01
3489,58.15,2.0,33.813,-0.011,0.9932,5.01,2.18,0.14,1.872,0.0,0.0,-0.0,0.0,0.0,0.0,2.0,1.64,1.84,2.0
3490,58.1667,2.0,33.816,-0.01,0.994,4.91,2.17,0.14,1.855,0.0,0.0,-0.0,0.0,0.0,0.0,2.0,1.64,1.78,2.0
3491,58.1833,2.0,33.82,-0.01,0.9947,4.84,2.14,0.14,1.857,0.0,0.0,-0.0,0.0,0.0,0.0,2.0,1.64,1.78,2.0
3492,58.2,2.0,33.824,-0.01,0.9954,4.78,2.1,0.14,1.86,0.0,0.0,-0.0,0.0,0.0,0.0,2.0,1.67,1.77,2.0
3493,58.2167,2.0,33.827,-0.009,0.9959,4.74,2.05,0.14,1.872,0.0,0.0,-0.0,0.0,0.0,0.0,2.0,1.69,1.8,2.0
3494,58.2333,2.0,33.831,-0.009,0.9963,4.7,1.99,0.14,1.888,0.0,0.0,-0.0,0.0,0.0,0.0,2.01,1.72,1.83,2.0
3495,58.25,2.0,33.835,-0.009,0.9967,4.69,1.92,0.13,1.868,0.0,0.0,-0.0,0.0,0.0,0.0,2.01,1.61,1.85,2.0
3496,58.2667,2.0,33.839,-0.009,0.9969,4.68,1.83,0.13,1.898,0.0,0.0,-0.0,0.0,0.0,0.0,1.99,1.72,1.89,1.99
3497,58.2833,2.0,33.842,-0.009,0.997,4.68,1.74,0.12,1.965,0.0,0.0,-0.0,0.0,0.0,0.0,2.0,1.89,1.98,2.0
3498,58.3,2.0,33.846,-0.009,0.9975,4.7,1.7,0.12,1.808,0.0,0.0,-0.0,0.0,0.0,0.0,1.99,1.68,1.57,1.99
3499,58.3167,2.0,33.85,-0.01,0.9981,4.74,1.66,0.11,1.8,0.0,0.0,-0.0,0.0,0.0,0.0,2.0,1.57,1.63,2.0
3500,58.3333,2.0,33.853,-0.01,0.9986,4.79,1.6,0.1,1.873,0.0,0.0,-0.0,0.0,0.0,0.0,2.0,1.83,1.66,2.0
3501,58.35,2.0,33.857,-0.01,0.9991,4.85,1.53,0.09,1.835,0.0,0.0,-0.0,0.0,0.0,0.0,1.99,1.68,1.67,1.99
3502,58.3667,2.0,33.861,-0.011,0.9994,4.92,1.46,0.09,1.896,0.0,0.0,-0.0,0.0,0.0,0.0,2.0,1.79,1.8,2.0
3503,58.3833,2.0,33.865,-0.011,0.9996,5.0,1.37,0.08,1.927,0.0,0.0,-0.0,0.0,0.0,0.0,2.0,1.85,1.85,2.0
3504,58.4,2.0,33.869,-0.012,0.9997,5.1,1.27,0.08,1.944,0.0,0.0,-0.0,0.0,0.0,0.0,2.0,1.93,1.84,2.01
3505,58.4167,2.0,33.873,-0.013,0.9997,5.21,1.16,0.07,1.991,0.0,0.0,-0.0,0.0,0.0,0.0,2.0,1.97,1.99,2.0
3506,58.4333,2.0,33.877,-0.014,0.9995,5.33,1.04,0.06,1.959,0.0,0.0,-0.0,0.0,0.0,0.0,1.99,1.97,1.9,1.97
3507,58.45,2.0,33.881,-0.014,0.9992,5.37,1.0,0.04,1.68,0.0,0.0,-0.0,0.0,0.0,0.0,2.0,1.41,1.81,1.49
3508,58.4667,2.0,33.885,-0.013,0.9986,5.27,1.06,0.05,1.812,0.0,0.0,-0.0,0.0,0.0,0.0,2.0,1.67,1.74,1.84
3509,58.4833,2.0,33.89,-0.013,0.998,5.17,1.14,0.06,1.839,0.0,0.0,-0.0,0.0,0.0,0.0,2.0,2.48,1.06,1.82
3510,58.5,2.0,33.895,-0.013,0.9981,5.12,1.28,0.07,1.829,0.0,0.0,-0.0,0.0,0.0,0.0,2.0,1.62,1.7,2.0
3511,58.5167,2.0,33.9,-0.012,0.9982,5.09,1.36,0.07,2.205,0.0,0.0,-0.0,0.0,0.0,0.0,1.95,1.89,3.01,1.97
3512,58.5333,2.0,33.905,-0.012,0.9989,5.03,1.39,0.08,1.903,0.0,0.0,-0.0,0.0,0.0,0.0,1.98,1.97,1.67,1.99
3513,58.55,2.0,33.909,-0.012,0.9993,4.98,1.41,0.08,1.89,0.0,0.0,-0.0,0.0,0.0,0.0,1.99,1.95,1.65,1.98
3514,58.5667,2.0,33.914,-0.011,0.9996,4.95,1.42,0.08,1.943,0.0,0.0,-0.0,0.0,0.0,0.0,2.0,1.93,1.85,2.0
3515,58.5833,2.0,33.918,-0.011,0.9998,4.93,1.42,0.08,1.907,0.0,0.0,-0.0,0.0,0.0,0.0,1.99,1.79,1.85,2.0
3516,58.6,2.0,33.923,-0.011,0.9999,4.92,1.41,0.08,1.965,0.0,0.0,-0.0,0.0,0.0,0.0,2.0,1.94,1.92,2.0
3517,58.6167,2.0,33.927,-0.011,0.9998,4.93,1.38,0.07,1.952,0.0,0.0,-0.0,0.0,0.0,0.0,1.98,1.84,1.99,2.0
3518,58.6333,2.0,33.932,-0.012,0.9996,4.95,1.35,0.07,2.036,0.0,0.0,-0.0,0.0,0.0,0.0,2.0,2.13,2.01,2.0
3519,58.65,2.0,33.937,-0.012,0.9992,4.97,1.31,0.07,1.987,0.0,0.0,-0.0,0.0,0.0,0.0,2.0,1.96,2.0,1.99
3520,58.6667,2.0,33.942,-0.012,0.9986,5.0,1.26,0.07,2.067,0.0,0.0,-0.0,0.0,0.0,0.0,2.01,2.16,2.09,2.01
3521,58.6833,2.0,33.947,-0.012,0.9978,5.04,1.21,0.06,1.912,0.0,0.0,-0.0,0.0,0.0,0.0,1.96,1.76,2.04,1.88
3522,58.7,2.0,33.951,-0.013,0.9978,5.1,1.26,0.06,1.909,0.0,0.0,-0.0,0.0,0.0,0.0,2.0,2.02,1.68,1.94
3523,58.7167,2.0,33.956,-0.013,0.9978,5.18,1.29,0.06,1.713,0.0,0.0,-0.0,0.0,0.0,0.0,1.98,2.0,1.38,1.49
3524,58.7333,2.0,33.961,-0.014,0.9986,5.22,1.24,0.07,1.954,0.0,0.0,-0.0,0.0,0.0,0.0,2.02,2.02,1.93,1.84
3525,58.75,2.0,33.965,-0.014,0.9992,5.26,1.19,0.07,1.936,0.0,0.0,-0.0,0.0,0.0,0.0,2.01,1.92,1.83,1.99
3526,58.7667,2.0,33.969,-0.015,0.9997,5.32,1.14,0.06,1.935,0.0,0.0,-0.0,0.0,0.0,0.0,2.0,1.96,1.9,1.88
3527,58.7833,2.0,33.973,-0.015,0.9999,5.38,1.06,0.05,1.949,0.0,0.0,-0.0,0.0,0.0,0.0,2.0,1.96,1.93,1.91
3528,58.8,2.0,33.977,-0.016,1.0002,5.47,0.98,0.04,2.075,0.0,0.0,-0.0,0.0,0.0,0.0,2.01,2.13,1.96,2.21
3529,58.8167,2.0,33.982,-0.016,1.0002,5.5,0.93,0.04,2.076,0.0,0.0,-0.0,0.0,0.0,0.0,1.99,2.04,2.46,1.82
3530,58.8333,2.0,33.986,-0.016,1.0001,5.56,0.87,0.03,2.043,0.0,0.0,-0.0,0.0,0.0,0.0,2.0,2.04,2.04,2.09
3531,58.85,2.0,33.991,-0.015,0.9997,5.43,0.94,0.03,1.69,0.0,0.0,-0.0,0.0,0.0,0.0,2.01,1.44,1.69,1.61
3532,58.8667,2.0,33.996,-0.015,0.9993,5.36,0.99,0.03,1.821,0.0,0.0,-0.0,0.0,0.0,0.0,2.0,1.74,1.92,1.63
3533,58.8833,2.0,34.001,-0.014,0.9986,5.24,1.06,0.03,1.978,0.0,0.0,-0.0,0.0,0.0,0.0,1.99,2.03,2.09,1.79
3534,58.9,2.0,34.006,-0.014,0.9978,5.14,1.13,0.03,1.97,0.0,0.0,-0.0,0.0,0.0,0.0,1.99,2.21,2.03,1.65
3535,58.9167,2.0,34.012,-0.013,0.9966,5.01,1.21,0.02,2.083,0.0,0.0,-0.0,0.0,0.0,0.0,2.0,2.44,1.99,1.89
3536,58.9333,2.0,34.017,-0.012,0.9977,4.92,1.36,0.03,2.006,0.0,0.0,-0.0,0.0,0.0,0.0,1.98,1.89,2.08,2.08
3537,58.95,2.0,34.022,-0.011,0.9985,4.83,1.44,0.05,1.86,0.0,0.0,-0.0,0.0,0.0,0.0,1.99,1.81,1.64,1.99
3538,58.9667,2.0,34.027,-0.011,0.9989,4.73,1.53,0.06,1.969,0.0,0.0,-0.0,0.0,0.0,0.0,2.01,2.08,1.79,2.0
3539,58.9833,2.0,34.032,-0.011,0.9994,4.66,1.6,0.06,1.957,0.0,0.0,-0.0,0.0,0.0,0.0,2.02,1.83,1.96,2.02
3540,59.0,2.0,34.037,-0.01,0.9996,4.6,1.66,0.07,1.928,0.0,0.0,-0.0,0.0,0.0,0.0,2.0,1.85,1.85,2.0
3541,59.0167,2.0,34.042,-0.01,0.9998,4.55,1.71,0.07,1.96,0.0,0.0,-0.0,0.0,0.0,0.0,2.0,1.92,1.91,2.0
3542,59.0333,2.0,34.047,-0.01,0.9998,4.52,1.74,0.07,1.983,0.0,0.0,-0.0,0.0,0.0,0.0,2.0,1.96,1.97,2.0
3543,59.05,2.0,34.052,-0.01,0.9996,4.5,1.77,0.08,1.999,0.0,0.0,-0.0,0.0,0.0,0.0,2.0,2.0,1.99,2.0
3544,59.0667,2.0,34.057,-0.01,0.9992,4.49,1.79,0.07,2.026,0.0,0.0,-0.0,0.0,0.0,0.0,1.98,2.04,2.09,2.0
3545,59.0833,2.0,34.062,-0.01,0.9987,4.48,1.81,0.07,2.043,0.0,0.0,-0.0,0.0,0.0,0.0,1.98,2.13,2.06,2.0
3546,59.1,2.0,34.067,-0.01,0.998,4.54,1.77,0.07,2.15,0.0,0.0,-0.0,0.0,0.0,0.0,2.24,2.27,2.08,2.0
3547,59.1167,2.0,34.072,-0.011,0.9971,4.64,1.7,0.06,2.076,0.0,0.0,-0.0,0.0,0.0,0.0,2.01,2.16,2.13,2.0
3548,59.1333,2.0,34.076,-0.011,0.9975,4.68,1.62,0.06,1.257,0.0,0.0,-0.0,0.0,0.0,0.0,1.91,0.64,0.45,2.03
3549,59.15,2.0,34.08,-0.011,0.998,4.72,1.58,0.06,1.839,0.0,0.0,-0.0,0.0,0.0,0.0,2.0,1.71,1.65,2.0
3550,59.1667,2.0,34.084,-0.012,0.9986,4.76,1.54,0.04,2.022,0.0,0.0,-0.0,0.0,0.0,0.0,2.04,2.23,1.8,2.02
3551,59.1833,2.0,34.088,-0.012,0.999,4.83,1.49,0.04,1.888,0.0,0.0,-0.0,0.0,0.0,0.0,2.01,1.8,1.74,2.0
3552,59.2,2.0,34.092,-0.013,0.9993,4.9,1.42,0.03,1.911,0.0,0.0,-0.0,0.0,0.0,0.0,2.0,1.81,1.82,2.0
3553,59.2167,2.0,34.096,-0.014,0.9995,4.99,1.34,0.03,1.951,0.0,0.0,-0.0,0.0,0.0,0.0,2.0,1.86,1.94,2.0
3554,59.2333,2.0,34.1,-0.014,0.9996,5.1,1.25,0.02,1.848,0.0,0.0,-0.0,0.0,0.0,0.0,2.01,1.92,1.45,2.01
3555,59.25,2.0,34.105,-0.015,0.9995,5.22,1.15,0.01,1.992,0.0,0.0,-0.0,0.0,0.0,0.0,2.0,1.96,2.0,2.0
3556,59.2667,2.0,34.109,-0.016,0.9993,5.33,1.06,0.0,1.376,0.0,0.0,-0.0,0.0,0.0,0.0,1.91,2.21,0.49,0.89
3557,59.2833,2.0,34.113,-0.016,0.9989,5.24,1.12,0.01,1.856,0.0,0.0,-0.0,0.0,0.0,0.0,2.01,2.01,1.64,1.76
3558,59.3,2.0,34.118,-0.015,0.9983,5.18,1.17,0.01,1.89,0.0,0.0,-0.0,0.0,0.0,0.0,1.99,1.97,1.71,1.88
3559,59.3167,2.0,34.124,-0.015,0.9975,5.1,1.23,0.01,2.094,0.0,0.0,-0.0,0.0,0.0,0.0,1.97,1.98,2.4,2.02
3560,59.3333,2.0,34.129,-0.014,0.9974,5.0,1.28,0.02,1.687,0.0,0.0,-0.0,0.0,0.0,0.0,1.96,2.01,1.13,1.65
3561,59.35,2.0,34.133,-0.013,0.9979,4.9,1.35,0.02,1.882,0.0,0.0,-0.0,0.0,0.0,0.0,2.02,1.51,2.03,1.97
3562,59.3667,2.0,34.138,-0.013,0.9983,4.82,1.41,0.02,1.856,0.0,0.0,-0.0,0.0,0.0,0.0,2.0,1.76,1.66,2.0
3563,59.3833,2.0,34.142,-0.012,0.9986,4.76,1.44,0.02,1.869,0.0,0.0,-0.0,0.0,0.0,0.0,2.0,1.81,1.67,2.0
3564,59.4,2.0,34.147,-0.012,0.9988,4.7,1.47,0.03,1.894,0.0,0.0,-0.0,0.0,0.0,0.0,2.0,1.74,1.84,2.0
3565,59.4167,2.0,34.152,-0.012,0.9988,4.66,1.49,0.03,1.946,0.0,0.0,-0.0,0.0,0.0,0.0,2.0,1.82,1.97,2.0
3566,59.4333,2.0,34.157,-0.012,0.9987,4.63,1.5,0.03,1.968,0.0,0.0,-0.0,0.0,0.0,0.0,2.0,1.9,1.98,2.0
3567,59.45,2.0,34.162,-0.012,0.9985,4.61,1.5,0.03,1.996,0.0,0.0,-0.0,0.0,0.0,0.0,2.0,1.97,2.02,2.0
3568,59.4667,2.0,34.167,-0.012,0.998,4.6,1.5,0.03,2.038,0.0,0.0,-0.0,0.0,0.0,0.0,2.0,2.09,2.07,2.0
3569,59.4833,2.0,34.172,-0.011,0.9974,4.59,1.48,0.02,2.054,0.0,0.0,-0.0,0.0,0.0,0.0,2.0,2.14,2.07,2.0
3570,59.5,2.0,34.177,-0.011,0.9965,4.59,1.46,0.02,2.089,0.0,0.0,-0.0,0.0,0.0,0.0,2.06,2.13,2.17,2.0
3571,59.5167,2.0,34.182,-0.011,0.9955,4.59,1.45,0.01,2.147,0.0,0.0,-0.0,0.0,0.0,0.0,2.01,2.31,2.21,2.05
3572,59.5333,2.0,34.187,-0.012,0.9948,4.63,1.32,0.0,1.679,0.0,0.0,-0.0,0.0,0.0,0.0,0.43,2.1,2.19,2.0
3573,59.55,2.0,34.191,-0.011,0.9944,4.57,1.22,-0.02,2.084,0.0,0.0,-0.0,0.0,0.0,0.0,2.0,2.12,2.23,1.99
3574,59.5667,2.0,34.195,-0.011,0.9939,4.52,1.11,-0.03,1.944,0.0,0.0,-0.0,0.0,0.0,0.0,1.82,2.08,1.88,2.0
3575,59.5833,2.0,34.199,-0.011,0.9933,4.47,1.0,-0.04,2.017,0.0,0.0,-0.0,0.0,0.0,0.0,1.99,2.06,2.02,2.0
3576,59.6,2.0,34.204,-0.01,0.9924,4.42,0.88,-0.05,2.038,0.0,0.0,-0.0,0.0,0.0,0.0,1.98,2.11,2.06,2.0
3577,59.6167,2.0,34.208,-0.01,0.9913,4.38,0.76,-0.07,2.054,0.0,0.0,-0.0,0.0,0.0,0.0,1.99,2.14,2.09,2.0
3578,59.6333,2.0,34.213,-0.009,0.99,4.33,0.62,-0.08,2.07,0.0,0.0,-0.0,0.0,0.0,0.0,1.98,2.19,2.11,2.0
3579,59.65,2.0,34.217,-0.009,0.9885,4.3,0.47,-0.09,1.962,0.0,0.0,-0.0,0.0,0.0,0.0,2.54,2.42,0.91,1.97
3580,59.6667,2.0,34.221,-0.01,0.9868,4.4,0.21,-0.11,2.152,0.0,0.0,-0.0,0.0,0.0,0.0,1.96,2.32,2.32,2.0
3581,59.6833,2.0,34.225,-0.01,0.9849,4.45,-0.03,-0.14,2.105,0.0,0.0,-0.0,0.0,0.0,0.0,1.87,2.47,2.11,1.97
3582,59.7,2.0,34.229,-0.011,0.9836,4.53,-0.18,-0.15,2.132,0.0,0.0,-0.0,0.0,0.0,0.0,1.98,2.27,2.29,1.99
3583,59.7167,2.0,34.233,-0.011,0.9828,4.65,-0.29,-0.15,2.016,0.0,0.0,-0.0,0.0,0.0,0.0,2.02,2.1,1.95,2.0
3584,59.7333,2.0,34.237,-0.012,0.9843,4.81,-0.29,-0.16,1.926,0.0,0.0,-0.0,0.0,0.0,0.0,2.01,1.75,1.92,2.02
3585,59.75,2.0,34.24,-0.013,0.9852,4.83,-0.37,-0.25,1.478,0.0,0.0,-0.0,0.0,0.0,0.0,2.07,0.82,0.98,2.04
3586,59.7667,2.0,34.241,-0.014,0.986,4.8,-0.42,-0.34,1.717,0.0,0.0,-0.0,0.0,0.0,0.0,2.02,0.83,2.01,2.01
3587,59.7833,2.0,34.242,-0.014,0.9867,4.79,-0.47,-0.42,2.063,0.0,0.0,-0.0,0.0,0.0,0.0,2.0,0.85,3.41,1.99
3588,59.8,2.0,34.243,-0.015,0.9878,4.86,-0.66,-0.43,1.683,0.0,0.0,-0.0,0.0,0.0,0.0,2.01,0.92,1.8,2.0
3589,59.8167,2.0,34.244,-0.015,0.989,4.95,-0.87,-0.42,1.696,0.0,0.0,-0.0,0.0,0.0,0.0,2.01,0.94,1.83,2.0
3590,59.8333,2.0,34.245,-0.016,0.9901,5.08,-1.09,-0.43,1.151,0.0,0.0,-0.0,0.0,0.0,0.0,2.04,0.94,-0.39,2.01
3591,59.85,2.0,34.245,-0.017,0.9912,5.22,-1.34,-0.44,1.735,0.0,0.0,-0.0,0.0,0.0,0.0,2.0,1.14,1.8,1.99
3592,59.8667,2.0,34.246,-0.018,0.9923,5.33,-1.56,-0.47,3.23,0.0,0.0,-0.0,0.0,0.0,0.0,1.99,7.38,2.78,0.77
3593,59.8833,2.0,34.248,-0.019,0.9935,5.29,-1.64,-0.48,2.343,0.0,0.0,-0.0,0.0,0.0,0.0,1.89,0.94,5.58,0.96
3594,59.9,2.0,34.25,-0.018,0.9944,5.25,-1.78,-0.52,1.718,0.0,0.0,-0.0,0.0,0.0,0.0,2.05,1.7,2.3,0.82
3595,59.9167,2.0,34.252,-0.018,0.9957,5.24,-1.93,-0.49,1.735,0.0,0.0,-0.0,0.0,0.0,0.0,2.01,1.61,2.21,1.11
3596,59.9333,2.0,34.254,-0.018,0.9969,5.22,-2.08,-0.5,1.623,0.0,0.0,-0.0,0.0,0.0,0.0,2.01,1.58,2.19,0.71
3597,59.95,2.0,34.256,-0.018,0.9981,5.19,-2.24,-0.5,1.599,0.0,0.0,-0.0,0.0,0.0,0.0,2.02,1.66,2.15,0.57
3598,59.9667,2.0,34.258,-0.018,0.9992,5.17,-2.41,-0.51,1.535,0.0,0.0,-0.0,0.0,0.0,0.0,2.02,1.87,2.14,0.11
3599,59.9833,2.0,34.261,-0.018,1.0002,5.15,-2.57,-0.52,1.579,0.0,0.0,-0.0,0.0,0.0,0.0,2.01,1.3,2.0,1.01
